"","date","hour","minute","total_load","count_occ","NA_sum","pct_NA_points","mean_EVSE","mean_imputed","pct_imputed","max_load","max_occ","max_pct_NA_pts","NA_max","max_imputed","max_pct_imputed"
"1",2023-09-01,0,0,4703.7,183,0,0,25.7032786885246,0,0,4703.7,183,0,0,0,0
"2",2023-09-01,0,5,4085.7,175,0,0,25.7032786885246,0,0,4703.7,183,0,0,0,0
"3",2023-09-01,0,10,4107.7,176,0,0,25.7032786885246,0,0,4703.7,183,0,0,0,0
"4",2023-09-01,0,15,4407.7,177,0,0,25.7032786885246,0,0,4703.7,183,0,0,0,0
"5",2023-09-01,0,20,4429.7,178,0,0,25.7032786885246,0,0,4703.7,183,0,0,0,0
"6",2023-09-01,0,25,4451.7,179,0,0,25.7032786885246,0,0,4703.7,183,0,0,0,0
"7",2023-09-01,0,30,4429.7,178,0,0,25.7032786885246,0,0,4703.7,183,0,0,0,0
"8",2023-09-01,0,35,4211.7,174,0,0,25.7032786885246,0,0,4703.7,183,0,0,0,0
"9",2023-09-01,0,40,4211.7,174,0,0,25.7032786885246,0,0,4703.7,183,0,0,0,0
"10",2023-09-01,0,45,4211.7,174,0,0,25.7032786885246,0,0,4703.7,183,0,0,0,0
"11",2023-09-01,0,50,4211.7,174,0,0,25.7032786885246,0,0,4703.7,183,0,0,0,0
"12",2023-09-01,0,55,4211.7,174,0,0,25.7032786885246,0,0,4703.7,183,0,0,0,0
"13",2023-09-01,1,0,4211.7,174,0,0,25.8042424242424,0,0,4257.7,174,0,0,0,0
"14",2023-09-01,1,5,4184.7,173,0,0,25.8042424242424,0,0,4257.7,174,0,0,0,0
"15",2023-09-01,1,10,4162.7,172,0,0,25.8042424242424,0,0,4257.7,174,0,0,0,0
"16",2023-09-01,1,15,4162.7,172,0,0,25.8042424242424,0,0,4257.7,174,0,0,0,0
"17",2023-09-01,1,20,4140.7,171,0,0,25.8042424242424,0,0,4257.7,174,0,0,0,0
"18",2023-09-01,1,25,4162.7,172,0,0,25.8042424242424,0,0,4257.7,174,0,0,0,0
"19",2023-09-01,1,30,4162.7,172,0,0,25.8042424242424,0,0,4257.7,174,0,0,0,0
"20",2023-09-01,1,35,3935.7,163,0,0,25.8042424242424,0,0,4257.7,174,0,0,0,0
"21",2023-09-01,1,40,4257.7,165,0,0,25.8042424242424,0,0,4257.7,174,0,0,0,0
"22",2023-09-01,1,45,4257.7,165,0,0,25.8042424242424,0,0,4257.7,174,0,0,0,0
"23",2023-09-01,1,50,4257.7,165,0,0,25.8042424242424,0,0,4257.7,174,0,0,0,0
"24",2023-09-01,1,55,4257.7,165,0,0,25.8042424242424,0,0,4257.7,174,0,0,0,0
"25",2023-09-01,2,0,4767.4,217,0,0,21.9695852534562,0,0,4767.4,217,0,0,0,0
"26",2023-09-01,2,5,4374.4,214,0,0,21.9695852534562,0,0,4767.4,217,0,0,0,0
"27",2023-09-01,2,10,4374.4,214,0,0,21.9695852534562,0,0,4767.4,217,0,0,0,0
"28",2023-09-01,2,15,4374.4,214,0,0,21.9695852534562,0,0,4767.4,217,0,0,0,0
"29",2023-09-01,2,20,4330.4,212,0,0,21.9695852534562,0,0,4767.4,217,0,0,0,0
"30",2023-09-01,2,25,4352.4,213,0,0,21.9695852534562,0,0,4767.4,217,0,0,0,0
"31",2023-09-01,2,30,4330.4,212,0,0,21.9695852534562,0,0,4767.4,217,0,0,0,0
"32",2023-09-01,2,35,4575.4,211,0,0,21.9695852534562,0,0,4767.4,217,0,0,0,0
"33",2023-09-01,2,40,4575.4,211,0,0,21.9695852534562,0,0,4767.4,217,0,0,0,0
"34",2023-09-01,2,45,4597.4,212,0,0,21.9695852534562,0,0,4767.4,217,0,0,0,0
"35",2023-09-01,2,50,4597.4,212,0,0,21.9695852534562,0,0,4767.4,217,0,0,0,0
"36",2023-09-01,2,55,4597.4,212,0,0,21.9695852534562,0,0,4767.4,217,0,0,0,0
"37",2023-09-01,3,0,4597.4,212,0,0,23.63961352657,0,0,4959.4,212,0,0,0,0
"38",2023-09-01,3,5,4414.4,209,0,0,23.63961352657,0,0,4959.4,212,0,0,0,0
"39",2023-09-01,3,10,4403.4,208,0,0,23.63961352657,0,0,4959.4,212,0,0,0,0
"40",2023-09-01,3,15,4403.4,208,0,0,23.63961352657,0,0,4959.4,212,0,0,0,0
"41",2023-09-01,3,20,4403.4,208,0,0,23.63961352657,0,0,4959.4,212,0,0,0,0
"42",2023-09-01,3,25,4359.4,206,0,0,23.63961352657,0,0,4959.4,212,0,0,0,0
"43",2023-09-01,3,30,4337.4,205,0,0,23.63961352657,0,0,4959.4,212,0,0,0,0
"44",2023-09-01,3,35,4659.4,208,0,0,23.63961352657,0,0,4959.4,212,0,0,0,0
"45",2023-09-01,3,40,4839.4,209,0,0,23.63961352657,0,0,4959.4,212,0,0,0,0
"46",2023-09-01,3,45,4959.4,210,0,0,23.63961352657,0,0,4959.4,212,0,0,0,0
"47",2023-09-01,3,50,4915.4,208,0,0,23.63961352657,0,0,4959.4,212,0,0,0,0
"48",2023-09-01,3,55,4893.4,207,0,0,23.63961352657,0,0,4959.4,212,0,0,0,0
"49",2023-09-01,4,0,4893.4,207,0,0,23.63961352657,0,0,4893.4,207,0,0,0,0
"50",2023-09-01,4,5,4571.4,204,0,0,23.63961352657,0,0,4893.4,207,0,0,0,0
"51",2023-09-01,4,10,4391.4,203,0,0,23.63961352657,0,0,4893.4,207,0,0,0,0
"52",2023-09-01,4,15,4391.4,203,0,0,23.63961352657,0,0,4893.4,207,0,0,0,0
"53",2023-09-01,4,20,4549.4,203,0,0,23.63961352657,0,0,4893.4,207,0,0,0,0
"54",2023-09-01,4,25,4549.4,203,0,0,23.63961352657,0,0,4893.4,207,0,0,0,0
"55",2023-09-01,4,30,4549.4,203,0,0,23.63961352657,0,0,4893.4,207,0,0,0,0
"56",2023-09-01,4,35,4549.4,203,0,0,23.63961352657,0,0,4893.4,207,0,0,0,0
"57",2023-09-01,4,40,4549.4,203,0,0,23.63961352657,0,0,4893.4,207,0,0,0,0
"58",2023-09-01,4,45,4549.4,203,0,0,23.63961352657,0,0,4893.4,207,0,0,0,0
"59",2023-09-01,4,50,4358.4,201,0,0,23.63961352657,0,0,4893.4,207,0,0,0,0
"60",2023-09-01,4,55,4238.4,200,0,0,23.63961352657,0,0,4893.4,207,0,0,0,0
"61",2023-09-01,5,0,4238.4,200,0,0,21.3438775510204,0,0,4238.4,200,0,0,0,0
"62",2023-09-01,5,5,4033.4,196,0,0,21.3438775510204,0,0,4238.4,200,0,0,0,0
"63",2023-09-01,5,10,4033.4,196,0,0,21.3438775510204,0,0,4238.4,200,0,0,0,0
"64",2023-09-01,5,15,4033.4,196,0,0,21.3438775510204,0,0,4238.4,200,0,0,0,0
"65",2023-09-01,5,20,4033.4,196,0,0,21.3438775510204,0,0,4238.4,200,0,0,0,0
"66",2023-09-01,5,25,4033.4,195,0,0,21.3438775510204,0,0,4238.4,200,0,0,0,0
"67",2023-09-01,5,30,4033.4,195,0,0,21.3438775510204,0,0,4238.4,200,0,0,0,0
"68",2023-09-01,5,35,4183.4,196,0,0,21.3438775510204,0,0,4238.4,200,0,0,0,0
"69",2023-09-01,5,40,4183.4,196,0,0,21.3438775510204,0,0,4238.4,200,0,0,0,0
"70",2023-09-01,5,45,4183.4,196,0,0,21.3438775510204,0,0,4238.4,200,0,0,0,0
"71",2023-09-01,5,50,4183.4,196,0,0,21.3438775510204,0,0,4238.4,200,0,0,0,0
"72",2023-09-01,5,55,4161.4,195,0,0,21.3438775510204,0,0,4238.4,200,0,0,0,0
"73",2023-09-01,6,0,4161.4,195,0,0,22.7622448979592,0,0,4461.4,196,0,0,0,0
"74",2023-09-01,6,5,4161.4,195,0,0,22.7622448979592,0,0,4461.4,196,0,0,0,0
"75",2023-09-01,6,10,4161.4,195,0,0,22.7622448979592,0,0,4461.4,196,0,0,0,0
"76",2023-09-01,6,15,4161.4,195,0,0,22.7622448979592,0,0,4461.4,196,0,0,0,0
"77",2023-09-01,6,20,4161.4,195,0,0,22.7622448979592,0,0,4461.4,196,0,0,0,0
"78",2023-09-01,6,25,4183.4,196,0,0,22.7622448979592,0,0,4461.4,196,0,0,0,0
"79",2023-09-01,6,30,4161.4,195,0,0,22.7622448979592,0,0,4461.4,196,0,0,0,0
"80",2023-09-01,6,35,4161.4,195,0,0,22.7622448979592,0,0,4461.4,196,0,0,0,0
"81",2023-09-01,6,40,4161.4,195,0,0,22.7622448979592,0,0,4461.4,196,0,0,0,0
"82",2023-09-01,6,45,4161.4,195,0,0,22.7622448979592,0,0,4461.4,196,0,0,0,0
"83",2023-09-01,6,50,4161.4,195,0,0,22.7622448979592,0,0,4461.4,196,0,0,0,0
"84",2023-09-01,6,55,4461.4,196,0,0,22.7622448979592,0,0,4461.4,196,0,0,0,0
"85",2023-09-01,7,0,4461.4,196,0,0,22.7622448979592,0,0,4461.4,196,0,0,0,0
"86",2023-09-01,7,5,4161.4,195,0,0,22.7622448979592,0,0,4461.4,196,0,0,0,0
"87",2023-09-01,7,10,4161.4,195,0,0,22.7622448979592,0,0,4461.4,196,0,0,0,0
"88",2023-09-01,7,15,4183.4,196,0,0,22.7622448979592,0,0,4461.4,196,0,0,0,0
"89",2023-09-01,7,20,4179.7,195,0,0,22.7622448979592,0,0,4461.4,196,0,0,0,0
"90",2023-09-01,7,25,4157.7,194,0,0,22.7622448979592,0,0,4461.4,196,0,0,0,0
"91",2023-09-01,7,30,4146.7,193,0,0,22.7622448979592,0,0,4461.4,196,0,0,0,0
"92",2023-09-01,7,35,4414.7,194,0,0,22.7622448979592,0,0,4461.4,196,0,0,0,0
"93",2023-09-01,7,40,4414.7,194,0,0,22.7622448979592,0,0,4461.4,196,0,0,0,0
"94",2023-09-01,7,45,4403.7,194,0,0,22.7622448979592,0,0,4461.4,196,0,0,0,0
"95",2023-09-01,7,50,4458.7,196,0,0,22.7622448979592,0,0,4461.4,196,0,0,0,0
"96",2023-09-01,7,55,4458.7,196,0,0,22.7622448979592,0,0,4461.4,196,0,0,0,0
"97",2023-09-01,8,0,4502.7,198,0,0,23.9231092436975,0,0,5693.7,240,0,0,0,0
"98",2023-09-01,8,5,4598,202,0,0,23.9231092436975,0,0,5693.7,240,0,0,0,0
"99",2023-09-01,8,10,4631,203,0,0,23.9231092436975,0,0,5693.7,240,0,0,0,0
"100",2023-09-01,8,15,4686,206,0,0,23.9231092436975,0,0,5693.7,240,0,0,0,0
"101",2023-09-01,8,20,4774,209,0,0,23.9231092436975,0,0,5693.7,240,0,0,0,0
"102",2023-09-01,8,25,4862,214,0,0,23.9231092436975,0,0,5693.7,240,0,0,0,0
"103",2023-09-01,8,30,4873,216,0,0,23.9231092436975,0,0,5693.7,240,0,0,0,0
"104",2023-09-01,8,35,5073.7,225,0,0,23.9231092436975,0,0,5693.7,240,0,0,0,0
"105",2023-09-01,8,40,5128.7,228,0,0,23.9231092436975,0,0,5693.7,240,0,0,0,0
"106",2023-09-01,8,45,5316.7,233,0,0,23.9231092436975,0,0,5693.7,240,0,0,0,0
"107",2023-09-01,8,50,5693.7,238,0,0,23.9231092436975,0,0,5693.7,240,0,0,0,0
"108",2023-09-01,8,55,5470.7,240,0,0,23.9231092436975,0,0,5693.7,240,0,0,0,0
"109",2023-09-01,9,0,5514.7,241,0,0,25.2526515151515,0,0,6879,298,0,0,0,0
"110",2023-09-01,9,5,6334.7,256,0,0,25.2526515151515,0,0,6879,298,0,0,0,0
"111",2023-09-01,9,10,6666.7,264,0,0,25.2526515151515,0,0,6879,298,0,0,0,0
"112",2023-09-01,9,15,6732.7,268,0,0,25.2526515151515,0,0,6879,298,0,0,0,0
"113",2023-09-01,9,20,6687.7,270,0,0,25.2526515151515,0,0,6879,298,0,0,0,0
"114",2023-09-01,9,25,6753.7,273,0,0,25.2526515151515,0,0,6879,298,0,0,0,0
"115",2023-09-01,9,30,6830.7,277,0,0,25.2526515151515,0,0,6879,298,0,0,0,0
"116",2023-09-01,9,35,6483.7,282,0,0,25.2526515151515,0,0,6879,298,0,0,0,0
"117",2023-09-01,9,40,6407.7,284,0,0,25.2526515151515,0,0,6879,298,0,0,0,0
"118",2023-09-01,9,45,6762.7,289,0,0,25.2526515151515,0,0,6879,298,0,0,0,0
"119",2023-09-01,9,50,6879,295,0,0,25.2526515151515,0,0,6879,298,0,0,0,0
"120",2023-09-01,9,55,6634,298,0,0,25.2526515151515,0,0,6879,298,0,0,0,0
"121",2023-09-01,10,0,6783,304,0,0,24.3472584856397,0,0,9325,385,0,0,0,0
"122",2023-09-01,10,5,7560,332,0,0,24.3472584856397,0,0,9325,385,0,0,0,0
"123",2023-09-01,10,10,7692,340,0,0,24.3472584856397,0,0,9325,385,0,0,0,0
"124",2023-09-01,10,15,7813,346,0,0,24.3472584856397,0,0,9325,385,0,0,0,0
"125",2023-09-01,10,20,8037,350,0,0,24.3472584856397,0,0,9325,385,0,0,0,0
"126",2023-09-01,10,25,8272,352,0,0,24.3472584856397,0,0,9325,385,0,0,0,0
"127",2023-09-01,10,30,8261,353,0,0,24.3472584856397,0,0,9325,385,0,0,0,0
"128",2023-09-01,10,35,8342,375,0,0,24.3472584856397,0,0,9325,385,0,0,0,0
"129",2023-09-01,10,40,8430,380,0,0,24.3472584856397,0,0,9325,385,0,0,0,0
"130",2023-09-01,10,45,8546,385,0,0,24.3472584856397,0,0,9325,385,0,0,0,0
"131",2023-09-01,10,50,8802,383,0,0,24.3472584856397,0,0,9325,385,0,0,0,0
"132",2023-09-01,10,55,9325,383,0,0,24.3472584856397,0,0,9325,385,0,0,0,0
"133",2023-09-01,11,0,9670,393,0,0,29.8433734939759,0,0,12385,415,0,0,0,0
"134",2023-09-01,11,5,10209,409,0,0,29.8433734939759,0,0,12385,415,0,0,0,0
"135",2023-09-01,11,10,10265,411,0,0,29.8433734939759,0,0,12385,415,0,0,0,0
"136",2023-09-01,11,15,10620,414,0,0,29.8433734939759,0,0,12385,415,0,0,0,0
"137",2023-09-01,11,20,10854,412,0,0,29.8433734939759,0,0,12385,415,0,0,0,0
"138",2023-09-01,11,25,11018,410,0,0,29.8433734939759,0,0,12385,415,0,0,0,0
"139",2023-09-01,11,30,11187,410,0,0,29.8433734939759,0,0,12385,415,0,0,0,0
"140",2023-09-01,11,35,11628,414,0,0,29.8433734939759,0,0,12385,415,0,0,0,0
"141",2023-09-01,11,40,11798,415,0,0,29.8433734939759,0,0,12385,415,0,0,0,0
"142",2023-09-01,11,45,12074,413,0,0,29.8433734939759,0,0,12385,415,0,0,0,0
"143",2023-09-01,11,50,12385,415,0,0,29.8433734939759,0,0,12385,415,0,0,0,0
"144",2023-09-01,11,55,11952,414,0,0,29.8433734939759,0,0,12385,415,0,0,0,0
"145",2023-09-01,12,0,11905.3,416,0,0,28.6185096153846,0,0,11905.3,425,0,0,0,0
"146",2023-09-01,12,5,11648,416,0,0,28.6185096153846,0,0,11905.3,425,0,0,0,0
"147",2023-09-01,12,10,11543,417,0,0,28.6185096153846,0,0,11905.3,425,0,0,0,0
"148",2023-09-01,12,15,11510,417,0,0,28.6185096153846,0,0,11905.3,425,0,0,0,0
"149",2023-09-01,12,20,11593,420,0,0,28.6185096153846,0,0,11905.3,425,0,0,0,0
"150",2023-09-01,12,25,11818,424,0,0,28.6185096153846,0,0,11905.3,425,0,0,0,0
"151",2023-09-01,12,30,11858.3,425,0,0,28.6185096153846,0,0,11905.3,425,0,0,0,0
"152",2023-09-01,12,35,11643,423,0,0,28.6185096153846,0,0,11905.3,425,0,0,0,0
"153",2023-09-01,12,40,10819,417,0,0,28.6185096153846,0,0,11905.3,425,0,0,0,0
"154",2023-09-01,12,45,10928,416,0,0,28.6185096153846,0,0,11905.3,425,0,0,0,0
"155",2023-09-01,12,50,11152,420,0,0,28.6185096153846,0,0,11905.3,425,0,0,0,0
"156",2023-09-01,12,55,11873,423,0,0,28.6185096153846,0,0,11905.3,425,0,0,0,0
"157",2023-09-01,13,0,11431,420,0,0,28.0837438423645,0,0,11431,420,0,0,0,0
"158",2023-09-01,13,5,10516,413,0,0,28.0837438423645,0,0,11431,420,0,0,0,0
"159",2023-09-01,13,10,10372,409,0,0,28.0837438423645,0,0,11431,420,0,0,0,0
"160",2023-09-01,13,15,10895,406,0,0,28.0837438423645,0,0,11431,420,0,0,0,0
"161",2023-09-01,13,20,11337,409,0,0,28.0837438423645,0,0,11431,420,0,0,0,0
"162",2023-09-01,13,25,11402,406,0,0,28.0837438423645,0,0,11431,420,0,0,0,0
"163",2023-09-01,13,30,11018.7,405,0,0,28.0837438423645,0,0,11431,420,0,0,0,0
"164",2023-09-01,13,35,10797.7,405,0,0,28.0837438423645,0,0,11431,420,0,0,0,0
"165",2023-09-01,13,40,10164.7,397,0,0,28.0837438423645,0,0,11431,420,0,0,0,0
"166",2023-09-01,13,45,10376.7,393,0,0,28.0837438423645,0,0,11431,420,0,0,0,0
"167",2023-09-01,13,50,9955.7,385,0,0,28.0837438423645,0,0,11431,420,0,0,0,0
"168",2023-09-01,13,55,10502.7,379,0,0,28.0837438423645,0,0,11431,420,0,0,0,0
"169",2023-09-01,14,0,10627.7,381,0,0,30.4180203045685,0,0,11984.7,394,0,0,0,0
"170",2023-09-01,14,5,11212.7,389,0,0,30.4180203045685,0,0,11984.7,394,0,0,0,0
"171",2023-09-01,14,10,11326.7,386,0,0,30.4180203045685,0,0,11984.7,394,0,0,0,0
"172",2023-09-01,14,15,10342.7,375,0,0,30.4180203045685,0,0,11984.7,394,0,0,0,0
"173",2023-09-01,14,20,10642.7,377,0,0,30.4180203045685,0,0,11984.7,394,0,0,0,0
"174",2023-09-01,14,25,10489.7,374,0,0,30.4180203045685,0,0,11984.7,394,0,0,0,0
"175",2023-09-01,14,30,10800.7,375,0,0,30.4180203045685,0,0,11984.7,394,0,0,0,0
"176",2023-09-01,14,35,11984.7,394,0,0,30.4180203045685,0,0,11984.7,394,0,0,0,0
"177",2023-09-01,14,40,11558.7,389,0,0,30.4180203045685,0,0,11984.7,394,0,0,0,0
"178",2023-09-01,14,45,11068.7,386,0,0,30.4180203045685,0,0,11984.7,394,0,0,0,0
"179",2023-09-01,14,50,10812.7,388,0,0,30.4180203045685,0,0,11984.7,394,0,0,0,0
"180",2023-09-01,14,55,10383.7,385,0,0,30.4180203045685,0,0,11984.7,394,0,0,0,0
"181",2023-09-01,15,0,10702.7,391,0,0,30.5924939467312,0,0,12634.7,413,0,0,0,0
"182",2023-09-01,15,5,11900.7,401,0,0,30.5924939467312,0,0,12634.7,413,0,0,0,0
"183",2023-09-01,15,10,12030.7,400,0,0,30.5924939467312,0,0,12634.7,413,0,0,0,0
"184",2023-09-01,15,15,12279.7,408,0,0,30.5924939467312,0,0,12634.7,413,0,0,0,0
"185",2023-09-01,15,25,12634.7,413,0,0,30.5924939467312,0,0,12634.7,413,0,0,0,0
"186",2023-09-01,15,30,12634.7,413,0,0,30.5924939467312,0,0,12634.7,413,0,0,0,0
"187",2023-09-01,15,35,11089.7,392,0,0,30.5924939467312,0,0,12634.7,413,0,0,0,0
"188",2023-09-01,15,40,10729.7,396,0,0,30.5924939467312,0,0,12634.7,413,0,0,0,0
"189",2023-09-01,15,45,10992.7,401,0,0,30.5924939467312,0,0,12634.7,413,0,0,0,0
"190",2023-09-01,15,50,11669.7,408,0,0,30.5924939467312,0,0,12634.7,413,0,0,0,0
"191",2023-09-01,15,55,11752.7,407,0,0,30.5924939467312,0,0,12634.7,413,0,0,0,0
"192",2023-09-01,15,20,12081.7,399,0,0,30.5924939467312,0,0,12634.7,413,0,0,0,0
"193",2023-09-01,16,0,11809.7,406,0,0,29.0879310344828,0,0,11809.7,406,0,0,0,0
"194",2023-09-01,16,5,10773.7,392,0,0,29.0879310344828,0,0,11809.7,406,0,0,0,0
"195",2023-09-01,16,10,10735.7,392,0,0,29.0879310344828,0,0,11809.7,406,0,0,0,0
"196",2023-09-01,16,15,10702.7,391,0,0,29.0879310344828,0,0,11809.7,406,0,0,0,0
"197",2023-09-01,16,20,10522.7,390,0,0,29.0879310344828,0,0,11809.7,406,0,0,0,0
"198",2023-09-01,16,25,10025.7,384,0,0,29.0879310344828,0,0,11809.7,406,0,0,0,0
"199",2023-09-01,16,30,10217.7,386,0,0,29.0879310344828,0,0,11809.7,406,0,0,0,0
"200",2023-09-01,16,35,10589.7,387,0,0,29.0879310344828,0,0,11809.7,406,0,0,0,0
"201",2023-09-01,16,40,11005.7,388,0,0,29.0879310344828,0,0,11809.7,406,0,0,0,0
"202",2023-09-01,16,45,10563.7,385,0,0,29.0879310344828,0,0,11809.7,406,0,0,0,0
"203",2023-09-01,16,50,10683.7,386,0,0,29.0879310344828,0,0,11809.7,406,0,0,0,0
"204",2023-09-01,16,55,11388.7,392,0,0,29.0879310344828,0,0,11809.7,406,0,0,0,0
"205",2023-09-01,17,0,10586.7,388,0,0,34.7429906542056,0,0,10586.7,388,0,0,0,0
"206",2023-09-01,17,5,9687.7,374,0,0,34.7429906542056,0,0,10586.7,388,0,0,0,0
"207",2023-09-01,17,10,5655,188,0,0,34.7429906542056,0,0,10586.7,388,0,0,0,0
"208",2023-09-01,17,15,9827,368,0,0,34.7429906542056,0,0,10586.7,388,0,0,0,0
"209",2023-09-01,17,20,6847,224,0,0,34.7429906542056,0,0,10586.7,388,0,0,0,0
"210",2023-09-01,17,25,6847,224,0,0,34.7429906542056,0,0,10586.7,388,0,0,0,0
"211",2023-09-01,17,30,7493,226,0,0,34.7429906542056,0,0,10586.7,388,0,0,0,0
"212",2023-09-01,17,35,7435,214,0,0,34.7429906542056,0,0,10586.7,388,0,0,0,0
"213",2023-09-01,17,40,7124,213,0,0,34.7429906542056,0,0,10586.7,388,0,0,0,0
"214",2023-09-01,17,45,6731,211,0,0,34.7429906542056,0,0,10586.7,388,0,0,0,0
"215",2023-09-01,17,50,6431,210,0,0,34.7429906542056,0,0,10586.7,388,0,0,0,0
"216",2023-09-01,17,55,5920,206,0,0,34.7429906542056,0,0,10586.7,388,0,0,0,0
"217",2023-09-01,18,10,5369,199,0,0,30.1621621621622,0,0,6209,207,0,0,0,0
"218",2023-09-01,18,0,6209,207,0,0,30.1621621621622,0,0,6209,207,0,0,0,0
"219",2023-09-01,18,5,5691,201,0,0,30.1621621621622,0,0,6209,207,0,0,0,0
"220",2023-09-01,18,15,5075,197,0,0,30.1621621621622,0,0,6209,207,0,0,0,0
"221",2023-09-01,18,20,4703,194,0,0,30.1621621621622,0,0,6209,207,0,0,0,0
"222",2023-09-01,18,25,4709,193,0,0,30.1621621621622,0,0,6209,207,0,0,0,0
"223",2023-09-01,18,30,4759,194,0,0,30.1621621621622,0,0,6209,207,0,0,0,0
"224",2023-09-01,18,35,5249,189,0,0,30.1621621621622,0,0,6209,207,0,0,0,0
"225",2023-09-01,18,40,5483,187,0,0,30.1621621621622,0,0,6209,207,0,0,0,0
"226",2023-09-01,18,45,5483,187,0,0,30.1621621621622,0,0,6209,207,0,0,0,0
"227",2023-09-01,18,50,5635,188,0,0,30.1621621621622,0,0,6209,207,0,0,0,0
"228",2023-09-01,18,55,5580,185,0,0,30.1621621621622,0,0,6209,207,0,0,0,0
"229",2023-09-01,19,0,5324,186,0,0,33.9484536082474,0,0,6586,200,0,0,0,0
"230",2023-09-01,19,5,6505,200,0,0,33.9484536082474,0,0,6586,200,0,0,0,0
"231",2023-09-01,19,10,6194,198,0,0,33.9484536082474,0,0,6586,200,0,0,0,0
"232",2023-09-01,19,15,6067,192,0,0,33.9484536082474,0,0,6586,200,0,0,0,0
"233",2023-09-01,19,20,5861,194,0,0,33.9484536082474,0,0,6586,200,0,0,0,0
"234",2023-09-01,19,25,5852,193,0,0,33.9484536082474,0,0,6586,200,0,0,0,0
"235",2023-09-01,19,30,6252,196,0,0,33.9484536082474,0,0,6586,200,0,0,0,0
"236",2023-09-01,19,35,5953,190,0,0,33.9484536082474,0,0,6586,200,0,0,0,0
"237",2023-09-01,19,40,6203,190,0,0,33.9484536082474,0,0,6586,200,0,0,0,0
"238",2023-09-01,19,45,5964,191,0,0,33.9484536082474,0,0,6586,200,0,0,0,0
"239",2023-09-01,19,50,6264,192,0,0,33.9484536082474,0,0,6586,200,0,0,0,0
"240",2023-09-01,19,55,6586,194,0,0,33.9484536082474,0,0,6586,200,0,0,0,0
"241",2023-09-01,20,0,6203,190,0,0,32.6473684210526,0,0,6203,197,0,0,0,0
"242",2023-09-01,20,5,5313,186,0,0,32.6473684210526,0,0,6203,197,0,0,0,0
"243",2023-09-01,20,10,5635,188,0,0,32.6473684210526,0,0,6203,197,0,0,0,0
"244",2023-09-01,20,15,5656,188,0,0,32.6473684210526,0,0,6203,197,0,0,0,0
"245",2023-09-01,20,20,5234,184,0,0,32.6473684210526,0,0,6203,197,0,0,0,0
"246",2023-09-01,20,25,4612,181,0,0,32.6473684210526,0,0,6203,197,0,0,0,0
"247",2023-09-01,20,30,4351,181,0,0,32.6473684210526,0,0,6203,197,0,0,0,0
"248",2023-09-01,20,35,5260,194,0,0,32.6473684210526,0,0,6203,197,0,0,0,0
"249",2023-09-01,20,40,5232,194,0,0,32.6473684210526,0,0,6203,197,0,0,0,0
"250",2023-09-01,20,45,5249,193,0,0,32.6473684210526,0,0,6203,197,0,0,0,0
"251",2023-09-01,20,50,5304,196,0,0,32.6473684210526,0,0,6203,197,0,0,0,0
"252",2023-09-01,20,55,5604,197,0,0,32.6473684210526,0,0,6203,197,0,0,0,0
"253",2023-09-01,21,20,7266,225,0,0,32.2933333333333,0,0,7266,225,0,0,0,0
"254",2023-09-01,21,25,6988,225,0,0,32.2933333333333,0,0,7266,225,0,0,0,0
"255",2023-09-01,21,30,6988,225,0,0,32.2933333333333,0,0,7266,225,0,0,0,0
"256",2023-09-01,21,35,6545,217,0,0,32.2933333333333,0,0,7266,225,0,0,0,0
"257",2023-09-01,21,40,5829,210,0,0,32.2933333333333,0,0,7266,225,0,0,0,0
"258",2023-09-01,21,45,5851,211,0,0,32.2933333333333,0,0,7266,225,0,0,0,0
"259",2023-09-01,21,50,5496,207,0,0,32.2933333333333,0,0,7266,225,0,0,0,0
"260",2023-09-01,21,55,5146,205,0,0,32.2933333333333,0,0,7266,225,0,0,0,0
"261",2023-09-01,21,0,5604,198,0,0,32.2933333333333,0,0,7266,225,0,0,0,0
"262",2023-09-01,21,5,6158,216,0,0,32.2933333333333,0,0,7266,225,0,0,0,0
"263",2023-09-01,21,10,6546,221,0,0,32.2933333333333,0,0,7266,225,0,0,0,0
"264",2023-09-01,21,15,6813,221,0,0,32.2933333333333,0,0,7266,225,0,0,0,0
"265",2023-09-01,22,0,5102,203,0,0,27.2487804878049,0,0,5608,206,0,0,0,0
"266",2023-09-01,22,5,4924,201,0,0,27.2487804878049,0,0,5608,206,0,0,0,0
"267",2023-09-01,22,10,4924,203,0,0,27.2487804878049,0,0,5608,206,0,0,0,0
"268",2023-09-01,22,15,4902,202,0,0,27.2487804878049,0,0,5608,206,0,0,0,0
"269",2023-09-01,22,20,4869,200,0,0,27.2487804878049,0,0,5608,206,0,0,0,0
"270",2023-09-01,22,25,4919,201,0,0,27.2487804878049,0,0,5608,206,0,0,0,0
"271",2023-09-01,22,30,4897,200,0,0,27.2487804878049,0,0,5608,206,0,0,0,0
"272",2023-09-01,22,35,4931,200,0,0,27.2487804878049,0,0,5608,206,0,0,0,0
"273",2023-09-01,22,40,5242,202,0,0,27.2487804878049,0,0,5608,206,0,0,0,0
"274",2023-09-01,22,45,5264,203,0,0,27.2487804878049,0,0,5608,206,0,0,0,0
"275",2023-09-01,22,50,5586,205,0,0,27.2487804878049,0,0,5608,206,0,0,0,0
"276",2023-09-01,22,55,5608,206,0,0,27.2487804878049,0,0,5608,206,0,0,0,0
"277",2023-09-01,23,0,5608,206,0,0,27.3635,0,0,5608,206,0,0,0,0
"278",2023-09-01,23,5,5472.7,200,0,0,27.3635,0,0,5608,206,0,0,0,0
"279",2023-09-01,23,10,5000.7,193,0,0,27.3635,0,0,5608,206,0,0,0,0
"280",2023-09-01,23,15,5150.7,198,0,0,27.3635,0,0,5608,206,0,0,0,0
"281",2023-09-01,23,20,5106.7,196,0,0,27.3635,0,0,5608,206,0,0,0,0
"282",2023-09-01,23,25,5073.7,194,0,0,27.3635,0,0,5608,206,0,0,0,0
"283",2023-09-01,23,30,5062.7,193,0,0,27.3635,0,0,5608,206,0,0,0,0
"284",2023-09-01,23,35,4725.7,184,0,0,27.3635,0,0,5608,206,0,0,0,0
"285",2023-09-01,23,40,4725.7,184,0,0,27.3635,0,0,5608,206,0,0,0,0
"286",2023-09-01,23,45,4703.7,183,0,0,27.3635,0,0,5608,206,0,0,0,0
"287",2023-09-01,23,50,4703.7,183,0,0,27.3635,0,0,5608,206,0,0,0,0
"288",2023-09-01,23,55,4703.7,183,0,0,27.3635,0,0,5608,206,0,0,0,0
"289",2023-09-02,0,15,5767.7,240,0,0,24.8601731601732,0,0,5817.7,246,0,0,0,0
"290",2023-09-02,0,20,5745.7,239,0,0,24.8601731601732,0,0,5817.7,246,0,0,0,0
"291",2023-09-02,0,25,5631.7,241,0,0,24.8601731601732,0,0,5817.7,246,0,0,0,0
"292",2023-09-02,0,30,5817.7,246,0,0,24.8601731601732,0,0,5817.7,246,0,0,0,0
"293",2023-09-02,0,35,5808.7,236,0,0,24.8601731601732,0,0,5817.7,246,0,0,0,0
"294",2023-09-02,0,40,5775.7,234,0,0,24.8601731601732,0,0,5817.7,246,0,0,0,0
"295",2023-09-02,0,45,5742.7,232,0,0,24.8601731601732,0,0,5817.7,246,0,0,0,0
"296",2023-09-02,0,50,5764.7,232,0,0,24.8601731601732,0,0,5817.7,246,0,0,0,0
"297",2023-09-02,0,55,5742.7,231,0,0,24.8601731601732,0,0,5817.7,246,0,0,0,0
"298",2023-09-02,0,0,5079.7,241,0,0,24.8601731601732,0,0,5817.7,246,0,0,0,0
"299",2023-09-02,0,5,5568.7,238,0,0,24.8601731601732,0,0,5817.7,246,0,0,0,0
"300",2023-09-02,0,10,5595.7,237,0,0,24.8601731601732,0,0,5817.7,246,0,0,0,0
"301",2023-09-02,1,0,5720.7,230,0,0,24.8726086956522,0,0,5720.7,230,0,0,0,0
"302",2023-09-02,1,5,4638.7,215,0,0,24.8726086956522,0,0,5720.7,230,0,0,0,0
"303",2023-09-02,1,10,4780.7,218,0,0,24.8726086956522,0,0,5720.7,230,0,0,0,0
"304",2023-09-02,1,15,4802.7,219,0,0,24.8726086956522,0,0,5720.7,230,0,0,0,0
"305",2023-09-02,1,20,4660.7,217,0,0,24.8726086956522,0,0,5720.7,230,0,0,0,0
"306",2023-09-02,1,25,4294.7,213,0,0,24.8726086956522,0,0,5720.7,230,0,0,0,0
"307",2023-09-02,1,30,4283.7,212,0,0,24.8726086956522,0,0,5720.7,230,0,0,0,0
"308",2023-09-02,1,35,4363,211,0,0,24.8726086956522,0,0,5720.7,230,0,0,0,0
"309",2023-09-02,1,40,4291,209,0,0,24.8726086956522,0,0,5720.7,230,0,0,0,0
"310",2023-09-02,1,45,4247,207,0,0,24.8726086956522,0,0,5720.7,230,0,0,0,0
"311",2023-09-02,1,50,4159,203,0,0,24.8726086956522,0,0,5720.7,230,0,0,0,0
"312",2023-09-02,1,55,4137,202,0,0,24.8726086956522,0,0,5720.7,230,0,0,0,0
"313",2023-09-02,2,0,4257.7,165,0,0,27.1699386503067,0,0,4450.7,165,0,0,0,0
"314",2023-09-02,2,5,4117.7,161,0,0,27.1699386503067,0,0,4450.7,165,0,0,0,0
"315",2023-09-02,2,10,4117.7,161,0,0,27.1699386503067,0,0,4450.7,165,0,0,0,0
"316",2023-09-02,2,15,4117.7,161,0,0,27.1699386503067,0,0,4450.7,165,0,0,0,0
"317",2023-09-02,2,20,4428.7,163,0,0,27.1699386503067,0,0,4450.7,165,0,0,0,0
"318",2023-09-02,2,25,4428.7,163,0,0,27.1699386503067,0,0,4450.7,165,0,0,0,0
"319",2023-09-02,2,30,4450.7,164,0,0,27.1699386503067,0,0,4450.7,165,0,0,0,0
"320",2023-09-02,2,35,3465.7,159,0,0,27.1699386503067,0,0,4450.7,165,0,0,0,0
"321",2023-09-02,2,40,3465.7,159,0,0,27.1699386503067,0,0,4450.7,165,0,0,0,0
"322",2023-09-02,2,45,3465.7,159,0,0,27.1699386503067,0,0,4450.7,165,0,0,0,0
"323",2023-09-02,2,50,3465.7,159,0,0,27.1699386503067,0,0,4450.7,165,0,0,0,0
"324",2023-09-02,2,55,3465.7,159,0,0,27.1699386503067,0,0,4450.7,165,0,0,0,0
"325",2023-09-02,3,0,3443.7,158,0,0,23.7088050314465,0,0,3769.7,160,0,0,0,0
"326",2023-09-02,3,5,3441.7,159,0,0,23.7088050314465,0,0,3769.7,160,0,0,0,0
"327",2023-09-02,3,10,3463.7,160,0,0,23.7088050314465,0,0,3769.7,160,0,0,0,0
"328",2023-09-02,3,15,3463.7,160,0,0,23.7088050314465,0,0,3769.7,160,0,0,0,0
"329",2023-09-02,3,20,3463.7,160,0,0,23.7088050314465,0,0,3769.7,160,0,0,0,0
"330",2023-09-02,3,25,3463.7,160,0,0,23.7088050314465,0,0,3769.7,160,0,0,0,0
"331",2023-09-02,3,30,3441.7,158,0,0,23.7088050314465,0,0,3769.7,160,0,0,0,0
"332",2023-09-02,3,35,3491.7,159,0,0,23.7088050314465,0,0,3769.7,160,0,0,0,0
"333",2023-09-02,3,40,3491.7,159,0,0,23.7088050314465,0,0,3769.7,160,0,0,0,0
"334",2023-09-02,3,45,3491.7,159,0,0,23.7088050314465,0,0,3769.7,160,0,0,0,0
"335",2023-09-02,3,50,3469.7,158,0,0,23.7088050314465,0,0,3769.7,160,0,0,0,0
"336",2023-09-02,3,55,3769.7,159,0,0,23.7088050314465,0,0,3769.7,160,0,0,0,0
"337",2023-09-02,4,0,3769.7,159,0,0,24.2288461538462,0,0,3785.7,159,0,0,0,0
"338",2023-09-02,4,5,3785.7,158,0,0,24.2288461538462,0,0,3785.7,159,0,0,0,0
"339",2023-09-02,4,10,3785.7,158,0,0,24.2288461538462,0,0,3785.7,159,0,0,0,0
"340",2023-09-02,4,15,3785.7,158,0,0,24.2288461538462,0,0,3785.7,159,0,0,0,0
"341",2023-09-02,4,20,3785.7,158,0,0,24.2288461538462,0,0,3785.7,159,0,0,0,0
"342",2023-09-02,4,25,3785.7,158,0,0,24.2288461538462,0,0,3785.7,159,0,0,0,0
"343",2023-09-02,4,30,3785.7,158,0,0,24.2288461538462,0,0,3785.7,159,0,0,0,0
"344",2023-09-02,4,35,3501.7,156,0,0,24.2288461538462,0,0,3785.7,159,0,0,0,0
"345",2023-09-02,4,40,3501.7,156,0,0,24.2288461538462,0,0,3785.7,159,0,0,0,0
"346",2023-09-02,4,45,3479.7,155,0,0,24.2288461538462,0,0,3785.7,159,0,0,0,0
"347",2023-09-02,4,50,3479.7,155,0,0,24.2288461538462,0,0,3785.7,159,0,0,0,0
"348",2023-09-02,4,55,3779.7,156,0,0,24.2288461538462,0,0,3785.7,159,0,0,0,0
"349",2023-09-02,5,0,3779.7,156,0,0,24.4211538461538,0,0,3809.7,156,0,0,0,0
"350",2023-09-02,5,5,3809.7,156,0,0,24.4211538461538,0,0,3809.7,156,0,0,0,0
"351",2023-09-02,5,10,3809.7,156,0,0,24.4211538461538,0,0,3809.7,156,0,0,0,0
"352",2023-09-02,5,15,3809.7,156,0,0,24.4211538461538,0,0,3809.7,156,0,0,0,0
"353",2023-09-02,5,20,3809.7,156,0,0,24.4211538461538,0,0,3809.7,156,0,0,0,0
"354",2023-09-02,5,25,3329.7,154,0,0,24.4211538461538,0,0,3809.7,156,0,0,0,0
"355",2023-09-02,5,30,3329.7,154,0,0,24.4211538461538,0,0,3809.7,156,0,0,0,0
"356",2023-09-02,5,35,3329.7,154,0,0,24.4211538461538,0,0,3809.7,156,0,0,0,0
"357",2023-09-02,5,40,3329.7,154,0,0,24.4211538461538,0,0,3809.7,156,0,0,0,0
"358",2023-09-02,5,45,3329.7,154,0,0,24.4211538461538,0,0,3809.7,156,0,0,0,0
"359",2023-09-02,5,50,3329.7,154,0,0,24.4211538461538,0,0,3809.7,156,0,0,0,0
"360",2023-09-02,5,55,3329.7,154,0,0,24.4211538461538,0,0,3809.7,156,0,0,0,0
"361",2023-09-02,6,0,3329.7,154,0,0,22.0986577181208,0,0,3329.7,154,0,0,0,0
"362",2023-09-02,6,5,3182.7,151,0,0,22.0986577181208,0,0,3329.7,154,0,0,0,0
"363",2023-09-02,6,10,3182.7,151,0,0,22.0986577181208,0,0,3329.7,154,0,0,0,0
"364",2023-09-02,6,15,3160.7,150,0,0,22.0986577181208,0,0,3329.7,154,0,0,0,0
"365",2023-09-02,6,20,3149.7,149,0,0,22.0986577181208,0,0,3329.7,154,0,0,0,0
"366",2023-09-02,6,25,3149.7,149,0,0,22.0986577181208,0,0,3329.7,154,0,0,0,0
"367",2023-09-02,6,30,3149.7,149,0,0,22.0986577181208,0,0,3329.7,154,0,0,0,0
"368",2023-09-02,6,35,3292.7,149,0,0,22.0986577181208,0,0,3329.7,154,0,0,0,0
"369",2023-09-02,6,40,3292.7,149,0,0,22.0986577181208,0,0,3329.7,154,0,0,0,0
"370",2023-09-02,6,45,3292.7,149,0,0,22.0986577181208,0,0,3329.7,154,0,0,0,0
"371",2023-09-02,6,50,3292.7,149,0,0,22.0986577181208,0,0,3329.7,154,0,0,0,0
"372",2023-09-02,6,55,3292.7,149,0,0,22.0986577181208,0,0,3329.7,154,0,0,0,0
"373",2023-09-02,7,0,3292.7,149,0,0,24.3513333333333,0,0,3652.7,150,0,0,0,0
"374",2023-09-02,7,5,3292.7,149,0,0,24.3513333333333,0,0,3652.7,150,0,0,0,0
"375",2023-09-02,7,10,3292.7,149,0,0,24.3513333333333,0,0,3652.7,150,0,0,0,0
"376",2023-09-02,7,15,3292.7,149,0,0,24.3513333333333,0,0,3652.7,150,0,0,0,0
"377",2023-09-02,7,20,3652.7,150,0,0,24.3513333333333,0,0,3652.7,150,0,0,0,0
"378",2023-09-02,7,25,3652.7,150,0,0,24.3513333333333,0,0,3652.7,150,0,0,0,0
"379",2023-09-02,7,30,3652.7,150,0,0,24.3513333333333,0,0,3652.7,150,0,0,0,0
"380",2023-09-02,7,35,3454.7,148,0,0,24.3513333333333,0,0,3652.7,150,0,0,0,0
"381",2023-09-02,7,40,3454.7,148,0,0,24.3513333333333,0,0,3652.7,150,0,0,0,0
"382",2023-09-02,7,45,3454.7,148,0,0,24.3513333333333,0,0,3652.7,150,0,0,0,0
"383",2023-09-02,7,50,3454.7,148,0,0,24.3513333333333,0,0,3652.7,150,0,0,0,0
"384",2023-09-02,7,55,3454.7,148,0,0,24.3513333333333,0,0,3652.7,150,0,0,0,0
"385",2023-09-02,8,0,3454.7,148,0,0,23.3517006802721,0,0,3454.7,150,0,0,0,0
"386",2023-09-02,8,5,3432.7,147,0,0,23.3517006802721,0,0,3454.7,150,0,0,0,0
"387",2023-09-02,8,10,3432.7,147,0,0,23.3517006802721,0,0,3454.7,150,0,0,0,0
"388",2023-09-02,8,15,3432.7,147,0,0,23.3517006802721,0,0,3454.7,150,0,0,0,0
"389",2023-09-02,8,20,3432.7,147,0,0,23.3517006802721,0,0,3454.7,150,0,0,0,0
"390",2023-09-02,8,25,3432.7,147,0,0,23.3517006802721,0,0,3454.7,150,0,0,0,0
"391",2023-09-02,8,30,3072.7,146,0,0,23.3517006802721,0,0,3454.7,150,0,0,0,0
"392",2023-09-02,8,35,3254.7,150,0,0,23.3517006802721,0,0,3454.7,150,0,0,0,0
"393",2023-09-02,8,40,3232.7,149,0,0,23.3517006802721,0,0,3454.7,150,0,0,0,0
"394",2023-09-02,8,45,3232.7,149,0,0,23.3517006802721,0,0,3454.7,150,0,0,0,0
"395",2023-09-02,8,50,3232.7,149,0,0,23.3517006802721,0,0,3454.7,150,0,0,0,0
"396",2023-09-02,8,55,3232.7,149,0,0,23.3517006802721,0,0,3454.7,150,0,0,0,0
"397",2023-09-02,9,30,3424.7,148,0,0,25.8436241610738,0,0,3861.7,150,0,0,0,0
"398",2023-09-02,9,35,3861.7,150,0,0,25.8436241610738,0,0,3861.7,150,0,0,0,0
"399",2023-09-02,9,40,3850.7,149,0,0,25.8436241610738,0,0,3861.7,150,0,0,0,0
"400",2023-09-02,9,45,3850.7,149,0,0,25.8436241610738,0,0,3861.7,150,0,0,0,0
"401",2023-09-02,9,50,3550.7,148,0,0,25.8436241610738,0,0,3861.7,150,0,0,0,0
"402",2023-09-02,9,55,3850.7,149,0,0,25.8436241610738,0,0,3861.7,150,0,0,0,0
"403",2023-09-02,9,0,3510.7,149,0,0,25.8436241610738,0,0,3861.7,150,0,0,0,0
"404",2023-09-02,9,5,3380.7,146,0,0,25.8436241610738,0,0,3861.7,150,0,0,0,0
"405",2023-09-02,9,10,3402.7,147,0,0,25.8436241610738,0,0,3861.7,150,0,0,0,0
"406",2023-09-02,9,15,3424.7,148,0,0,25.8436241610738,0,0,3861.7,150,0,0,0,0
"407",2023-09-02,9,20,3102.7,146,0,0,25.8436241610738,0,0,3861.7,150,0,0,0,0
"408",2023-09-02,9,25,3402.7,147,0,0,25.8436241610738,0,0,3861.7,150,0,0,0,0
"409",2023-09-02,10,0,3817.7,148,0,0,26.7420731707317,0,0,4385.7,164,0,0,0,0
"410",2023-09-02,10,5,3378.7,149,0,0,26.7420731707317,0,0,4385.7,164,0,0,0,0
"411",2023-09-02,10,10,3367.7,148,0,0,26.7420731707317,0,0,4385.7,164,0,0,0,0
"412",2023-09-02,10,15,3389.7,149,0,0,26.7420731707317,0,0,4385.7,164,0,0,0,0
"413",2023-09-02,10,20,3367.7,148,0,0,26.7420731707317,0,0,4385.7,164,0,0,0,0
"414",2023-09-02,10,25,3411.7,150,0,0,26.7420731707317,0,0,4385.7,164,0,0,0,0
"415",2023-09-02,10,30,3411.7,150,0,0,26.7420731707317,0,0,4385.7,164,0,0,0,0
"416",2023-09-02,10,35,4046.7,162,0,0,26.7420731707317,0,0,4385.7,164,0,0,0,0
"417",2023-09-02,10,40,4046.7,162,0,0,26.7420731707317,0,0,4385.7,164,0,0,0,0
"418",2023-09-02,10,45,4324.7,162,0,0,26.7420731707317,0,0,4385.7,164,0,0,0,0
"419",2023-09-02,10,50,4324.7,162,0,0,26.7420731707317,0,0,4385.7,164,0,0,0,0
"420",2023-09-02,10,55,4385.7,164,0,0,26.7420731707317,0,0,4385.7,164,0,0,0,0
"421",2023-09-02,11,30,5406.7,169,0,0,32.3570588235294,0,0,5890.7,186,0,0,0,0
"422",2023-09-02,11,35,5568.7,184,0,0,32.3570588235294,0,0,5890.7,186,0,0,0,0
"423",2023-09-02,11,40,5890.7,186,0,0,32.3570588235294,0,0,5890.7,186,0,0,0,0
"424",2023-09-02,11,45,5729.7,186,0,0,32.3570588235294,0,0,5890.7,186,0,0,0,0
"425",2023-09-02,11,50,5407.7,184,0,0,32.3570588235294,0,0,5890.7,186,0,0,0,0
"426",2023-09-02,11,55,5307.7,183,0,0,32.3570588235294,0,0,5890.7,186,0,0,0,0
"427",2023-09-02,11,0,4381.7,162,0,0,32.3570588235294,0,0,5890.7,186,0,0,0,0
"428",2023-09-02,11,5,5378.7,168,0,0,32.3570588235294,0,0,5890.7,186,0,0,0,0
"429",2023-09-02,11,10,5500.7,170,0,0,32.3570588235294,0,0,5890.7,186,0,0,0,0
"430",2023-09-02,11,15,5500.7,170,0,0,32.3570588235294,0,0,5890.7,186,0,0,0,0
"431",2023-09-02,11,20,5167.7,168,0,0,32.3570588235294,0,0,5890.7,186,0,0,0,0
"432",2023-09-02,11,25,4834.7,165,0,0,32.3570588235294,0,0,5890.7,186,0,0,0,0
"433",2023-09-02,12,0,5257.7,182,0,0,31.6013698630137,0,0,6920.7,219,0,0,0,0
"434",2023-09-02,12,5,5711.7,197,0,0,31.6013698630137,0,0,6920.7,219,0,0,0,0
"435",2023-09-02,12,10,5667.7,195,0,0,31.6013698630137,0,0,6920.7,219,0,0,0,0
"436",2023-09-02,12,15,5531.7,196,0,0,31.6013698630137,0,0,6920.7,219,0,0,0,0
"437",2023-09-02,12,20,5275.7,197,0,0,31.6013698630137,0,0,6920.7,219,0,0,0,0
"438",2023-09-02,12,25,5275.7,197,0,0,31.6013698630137,0,0,6920.7,219,0,0,0,0
"439",2023-09-02,12,30,5341.7,200,0,0,31.6013698630137,0,0,6920.7,219,0,0,0,0
"440",2023-09-02,12,35,5760.7,209,0,0,31.6013698630137,0,0,6920.7,219,0,0,0,0
"441",2023-09-02,12,40,6126.7,214,0,0,31.6013698630137,0,0,6920.7,219,0,0,0,0
"442",2023-09-02,12,45,6726.7,216,0,0,31.6013698630137,0,0,6920.7,219,0,0,0,0
"443",2023-09-02,12,50,6746.7,217,0,0,31.6013698630137,0,0,6920.7,219,0,0,0,0
"444",2023-09-02,12,55,6920.7,219,0,0,31.6013698630137,0,0,6920.7,219,0,0,0,0
"445",2023-09-02,13,0,6484.7,219,0,0,31.9021929824561,0,0,7328.7,238,0,0,0,0
"446",2023-09-02,13,5,6657.7,227,0,0,31.9021929824561,0,0,7328.7,238,0,0,0,0
"447",2023-09-02,13,10,6701.7,229,0,0,31.9021929824561,0,0,7328.7,238,0,0,0,0
"448",2023-09-02,13,15,7017.7,229,0,0,31.9021929824561,0,0,7328.7,238,0,0,0,0
"449",2023-09-02,13,20,7273.7,228,0,0,31.9021929824561,0,0,7328.7,238,0,0,0,0
"450",2023-09-02,13,25,7273.7,229,0,0,31.9021929824561,0,0,7328.7,238,0,0,0,0
"451",2023-09-02,13,30,7328.7,232,0,0,31.9021929824561,0,0,7328.7,238,0,0,0,0
"452",2023-09-02,13,35,6832.7,236,0,0,31.9021929824561,0,0,7328.7,238,0,0,0,0
"453",2023-09-02,13,40,6309.7,238,0,0,31.9021929824561,0,0,7328.7,238,0,0,0,0
"454",2023-09-02,13,45,6587.7,238,0,0,31.9021929824561,0,0,7328.7,238,0,0,0,0
"455",2023-09-02,13,50,6194.7,235,0,0,31.9021929824561,0,0,7328.7,238,0,0,0,0
"456",2023-09-02,13,55,5894.7,235,0,0,31.9021929824561,0,0,7328.7,238,0,0,0,0
"457",2023-09-02,14,0,5666.7,236,0,0,30.0772727272727,0,0,7393.7,249,0,0,0,0
"458",2023-09-02,14,5,6362.7,245,0,0,30.0772727272727,0,0,7393.7,249,0,0,0,0
"459",2023-09-02,14,10,6018.7,242,0,0,30.0772727272727,0,0,7393.7,249,0,0,0,0
"460",2023-09-02,14,15,6018.7,242,0,0,30.0772727272727,0,0,7393.7,249,0,0,0,0
"461",2023-09-02,14,20,5996.7,241,0,0,30.0772727272727,0,0,7393.7,249,0,0,0,0
"462",2023-09-02,14,25,6771.7,246,0,0,30.0772727272727,0,0,7393.7,249,0,0,0,0
"463",2023-09-02,14,30,7393.7,249,0,0,30.0772727272727,0,0,7393.7,249,0,0,0,0
"464",2023-09-02,14,35,7278.7,242,0,0,30.0772727272727,0,0,7393.7,249,0,0,0,0
"465",2023-09-02,14,40,7272.7,244,0,0,30.0772727272727,0,0,7393.7,249,0,0,0,0
"466",2023-09-02,14,45,6416.7,243,0,0,30.0772727272727,0,0,7393.7,249,0,0,0,0
"467",2023-09-02,14,50,7136.7,246,0,0,30.0772727272727,0,0,7393.7,249,0,0,0,0
"468",2023-09-02,14,55,7092.7,244,0,0,30.0772727272727,0,0,7393.7,249,0,0,0,0
"469",2023-09-02,15,0,6481.7,241,0,0,26.895020746888,0,0,6481.7,254,0,0,0,0
"470",2023-09-02,15,5,5894.7,238,0,0,26.895020746888,0,0,6481.7,254,0,0,0,0
"471",2023-09-02,15,10,5982.7,242,0,0,26.895020746888,0,0,6481.7,254,0,0,0,0
"472",2023-09-02,15,45,6476.7,252,0,0,26.895020746888,0,0,6481.7,254,0,0,0,0
"473",2023-09-02,15,50,6478.7,253,0,0,26.895020746888,0,0,6481.7,254,0,0,0,0
"474",2023-09-02,15,55,6384.7,251,0,0,26.895020746888,0,0,6481.7,254,0,0,0,0
"475",2023-09-02,15,15,5916.7,239,0,0,26.895020746888,0,0,6481.7,254,0,0,0,0
"476",2023-09-02,15,20,5938.7,240,0,0,26.895020746888,0,0,6481.7,254,0,0,0,0
"477",2023-09-02,15,25,6080.7,242,0,0,26.895020746888,0,0,6481.7,254,0,0,0,0
"478",2023-09-02,15,30,6358.7,242,0,0,26.895020746888,0,0,6481.7,254,0,0,0,0
"479",2023-09-02,15,35,6300.7,254,0,0,26.895020746888,0,0,6481.7,254,0,0,0,0
"480",2023-09-02,15,40,6154.7,250,0,0,26.895020746888,0,0,6481.7,254,0,0,0,0
"481",2023-09-02,16,0,6472.7,255,0,0,29.0594696969697,0,0,7671.7,264,0,0,0,0
"482",2023-09-02,16,5,7671.7,264,0,0,29.0594696969697,0,0,7671.7,264,0,0,0,0
"483",2023-09-02,16,10,7332.7,262,0,0,29.0594696969697,0,0,7671.7,264,0,0,0,0
"484",2023-09-02,16,15,7054.7,262,0,0,29.0594696969697,0,0,7671.7,264,0,0,0,0
"485",2023-09-02,16,20,7054.7,262,0,0,29.0594696969697,0,0,7671.7,264,0,0,0,0
"486",2023-09-02,16,25,6934.7,261,0,0,29.0594696969697,0,0,7671.7,264,0,0,0,0
"487",2023-09-02,16,30,6956.7,262,0,0,29.0594696969697,0,0,7671.7,264,0,0,0,0
"488",2023-09-02,16,35,5911.7,249,0,0,29.0594696969697,0,0,7671.7,264,0,0,0,0
"489",2023-09-02,16,40,6189.7,249,0,0,29.0594696969697,0,0,7671.7,264,0,0,0,0
"490",2023-09-02,16,45,6467.7,249,0,0,29.0594696969697,0,0,7671.7,264,0,0,0,0
"491",2023-09-02,16,50,6507.7,249,0,0,29.0594696969697,0,0,7671.7,264,0,0,0,0
"492",2023-09-02,16,55,6494.7,248,0,0,29.0594696969697,0,0,7671.7,264,0,0,0,0
"493",2023-09-02,17,0,5872.7,245,0,0,25.3325,0,0,9119.7,360,0,0,0,0
"494",2023-09-02,17,5,5830.7,237,0,0,25.3325,0,0,9119.7,360,0,0,0,0
"495",2023-09-02,17,10,8708.7,360,0,0,25.3325,0,0,9119.7,360,0,0,0,0
"496",2023-09-02,17,15,8570.7,359,0,0,25.3325,0,0,9119.7,360,0,0,0,0
"497",2023-09-02,17,20,8376.7,356,0,0,25.3325,0,0,9119.7,360,0,0,0,0
"498",2023-09-02,17,25,8748.7,357,0,0,25.3325,0,0,9119.7,360,0,0,0,0
"499",2023-09-02,17,30,9119.7,360,0,0,25.3325,0,0,9119.7,360,0,0,0,0
"500",2023-09-02,17,35,8325.4,350,0,0,25.3325,0,0,9119.7,360,0,0,0,0
"501",2023-09-02,17,40,8600.4,353,0,0,25.3325,0,0,9119.7,360,0,0,0,0
"502",2023-09-02,17,45,8686.4,350,0,0,25.3325,0,0,9119.7,360,0,0,0,0
"503",2023-09-02,17,50,8419.4,345,0,0,25.3325,0,0,9119.7,360,0,0,0,0
"504",2023-09-02,17,55,8430.4,346,0,0,25.3325,0,0,9119.7,360,0,0,0,0
"505",2023-09-02,18,0,8782.4,347,0,0,26.5248387096774,0,0,8883.4,347,0,0,0,0
"506",2023-09-02,18,5,8138.4,343,0,0,26.5248387096774,0,0,8883.4,347,0,0,0,0
"507",2023-09-02,18,10,8588.4,346,0,0,26.5248387096774,0,0,8883.4,347,0,0,0,0
"508",2023-09-02,18,15,8883.4,345,0,0,26.5248387096774,0,0,8883.4,347,0,0,0,0
"509",2023-09-02,18,20,7819.4,339,0,0,26.5248387096774,0,0,8883.4,347,0,0,0,0
"510",2023-09-02,18,25,7358.4,333,0,0,26.5248387096774,0,0,8883.4,347,0,0,0,0
"511",2023-09-02,18,30,7368.4,333,0,0,26.5248387096774,0,0,8883.4,347,0,0,0,0
"512",2023-09-02,18,35,8352.4,323,0,0,26.5248387096774,0,0,8883.4,347,0,0,0,0
"513",2023-09-02,18,40,7680.4,313,0,0,26.5248387096774,0,0,8883.4,347,0,0,0,0
"514",2023-09-02,18,45,8035.7,312,0,0,26.5248387096774,0,0,8883.4,347,0,0,0,0
"515",2023-09-02,18,50,7710.7,308,0,0,26.5248387096774,0,0,8883.4,347,0,0,0,0
"516",2023-09-02,18,55,8222.7,310,0,0,26.5248387096774,0,0,8883.4,347,0,0,0,0
"517",2023-09-02,19,0,8468.7,314,0,0,27.6667731629393,0,0,8659.7,316,0,0,0,0
"518",2023-09-02,19,5,8394.7,308,0,0,27.6667731629393,0,0,8659.7,316,0,0,0,0
"519",2023-09-02,19,10,8420.7,306,0,0,27.6667731629393,0,0,8659.7,316,0,0,0,0
"520",2023-09-02,19,15,8146.7,308,0,0,27.6667731629393,0,0,8659.7,316,0,0,0,0
"521",2023-09-02,19,20,7655.7,305,0,0,27.6667731629393,0,0,8659.7,316,0,0,0,0
"522",2023-09-02,19,25,7605.7,304,0,0,27.6667731629393,0,0,8659.7,316,0,0,0,0
"523",2023-09-02,19,30,7556.7,305,0,0,27.6667731629393,0,0,8659.7,316,0,0,0,0
"524",2023-09-02,19,35,7589.7,313,0,0,27.6667731629393,0,0,8659.7,316,0,0,0,0
"525",2023-09-02,19,40,8064.7,316,0,0,27.6667731629393,0,0,8659.7,316,0,0,0,0
"526",2023-09-02,19,45,7679.7,313,0,0,27.6667731629393,0,0,8659.7,316,0,0,0,0
"527",2023-09-02,19,50,7902.7,310,0,0,27.6667731629393,0,0,8659.7,316,0,0,0,0
"528",2023-09-02,19,55,8659.7,313,0,0,27.6667731629393,0,0,8659.7,316,0,0,0,0
"529",2023-09-02,20,0,7846.7,308,0,0,25.4762987012987,0,0,7846.7,309,0,0,0,0
"530",2023-09-02,20,5,7703.7,305,0,0,25.4762987012987,0,0,7846.7,309,0,0,0,0
"531",2023-09-02,20,10,7730.7,306,0,0,25.4762987012987,0,0,7846.7,309,0,0,0,0
"532",2023-09-02,20,15,7818.7,309,0,0,25.4762987012987,0,0,7846.7,309,0,0,0,0
"533",2023-09-02,20,20,7754.7,306,0,0,25.4762987012987,0,0,7846.7,309,0,0,0,0
"534",2023-09-02,20,25,7480.7,301,0,0,25.4762987012987,0,0,7846.7,309,0,0,0,0
"535",2023-09-02,20,30,7322.7,303,0,0,25.4762987012987,0,0,7846.7,309,0,0,0,0
"536",2023-09-02,20,35,6727.7,292,0,0,25.4762987012987,0,0,7846.7,309,0,0,0,0
"537",2023-09-02,20,40,6798.7,294,0,0,25.4762987012987,0,0,7846.7,309,0,0,0,0
"538",2023-09-02,20,45,6995.7,294,0,0,25.4762987012987,0,0,7846.7,309,0,0,0,0
"539",2023-09-02,20,50,7342.7,298,0,0,25.4762987012987,0,0,7846.7,309,0,0,0,0
"540",2023-09-02,20,55,7186.7,301,0,0,25.4762987012987,0,0,7846.7,309,0,0,0,0
"541",2023-09-02,21,0,7368.7,300,0,0,26.0417763157895,0,0,7916.7,304,0,0,0,0
"542",2023-09-02,21,5,7162.7,300,0,0,26.0417763157895,0,0,7916.7,304,0,0,0,0
"543",2023-09-02,21,10,7031.7,298,0,0,26.0417763157895,0,0,7916.7,304,0,0,0,0
"544",2023-09-02,21,15,7209.7,298,0,0,26.0417763157895,0,0,7916.7,304,0,0,0,0
"545",2023-09-02,21,20,6793.7,293,0,0,26.0417763157895,0,0,7916.7,304,0,0,0,0
"546",2023-09-02,21,25,7519.7,299,0,0,26.0417763157895,0,0,7916.7,304,0,0,0,0
"547",2023-09-02,21,30,7530.7,300,0,0,26.0417763157895,0,0,7916.7,304,0,0,0,0
"548",2023-09-02,21,35,7916.7,304,0,0,26.0417763157895,0,0,7916.7,304,0,0,0,0
"549",2023-09-02,21,40,7332.7,298,0,0,26.0417763157895,0,0,7916.7,304,0,0,0,0
"550",2023-09-02,21,45,7223.7,298,0,0,26.0417763157895,0,0,7916.7,304,0,0,0,0
"551",2023-09-02,21,50,7343.7,298,0,0,26.0417763157895,0,0,7916.7,304,0,0,0,0
"552",2023-09-02,21,55,7309.7,300,0,0,26.0417763157895,0,0,7916.7,304,0,0,0,0
"553",2023-09-02,22,0,7325.7,299,0,0,25.319795221843,0,0,7418.7,299,0,0,0,0
"554",2023-09-02,22,5,7417.7,296,0,0,25.319795221843,0,0,7418.7,299,0,0,0,0
"555",2023-09-02,22,10,7051.7,292,0,0,25.319795221843,0,0,7418.7,299,0,0,0,0
"556",2023-09-02,22,15,7057.7,291,0,0,25.319795221843,0,0,7418.7,299,0,0,0,0
"557",2023-09-02,22,20,7112.7,293,0,0,25.319795221843,0,0,7418.7,299,0,0,0,0
"558",2023-09-02,22,25,7090.7,292,0,0,25.319795221843,0,0,7418.7,299,0,0,0,0
"559",2023-09-02,22,30,7418.7,293,0,0,25.319795221843,0,0,7418.7,299,0,0,0,0
"560",2023-09-02,22,35,6635.7,280,0,0,25.319795221843,0,0,7418.7,299,0,0,0,0
"561",2023-09-02,22,40,6488.7,274,0,0,25.319795221843,0,0,7418.7,299,0,0,0,0
"562",2023-09-02,22,45,6755.7,272,0,0,25.319795221843,0,0,7418.7,299,0,0,0,0
"563",2023-09-02,22,50,6837.7,273,0,0,25.319795221843,0,0,7418.7,299,0,0,0,0
"564",2023-09-02,22,55,6793.7,271,0,0,25.319795221843,0,0,7418.7,299,0,0,0,0
"565",2023-09-02,23,0,6837.7,273,0,0,25.0465201465201,0,0,6837.7,273,0,0,0,0
"566",2023-09-02,23,5,6178.7,266,0,0,25.0465201465201,0,0,6837.7,273,0,0,0,0
"567",2023-09-02,23,10,5653.7,257,0,0,25.0465201465201,0,0,6837.7,273,0,0,0,0
"568",2023-09-02,23,15,6071.7,264,0,0,25.0465201465201,0,0,6837.7,273,0,0,0,0
"569",2023-09-02,23,20,5799.7,262,0,0,25.0465201465201,0,0,6837.7,273,0,0,0,0
"570",2023-09-02,23,25,5655.7,259,0,0,25.0465201465201,0,0,6837.7,273,0,0,0,0
"571",2023-09-02,23,30,5381.7,255,0,0,25.0465201465201,0,0,6837.7,273,0,0,0,0
"572",2023-09-02,23,35,5367.7,253,0,0,25.0465201465201,0,0,6837.7,273,0,0,0,0
"573",2023-09-02,23,40,5401.7,250,0,0,25.0465201465201,0,0,6837.7,273,0,0,0,0
"574",2023-09-02,23,45,5516.7,249,0,0,25.0465201465201,0,0,6837.7,273,0,0,0,0
"575",2023-09-02,23,50,5183.7,245,0,0,25.0465201465201,0,0,6837.7,273,0,0,0,0
"576",2023-09-02,23,55,5123.7,243,0,0,25.0465201465201,0,0,6837.7,273,0,0,0,0
"577",2023-09-03,0,0,5193,191,0,0,27.1884816753927,0,0,5193,191,0,0,0,0
"578",2023-09-03,0,5,4872,187,0,0,27.1884816753927,0,0,5193,191,0,0,0,0
"579",2023-09-03,0,10,4517,183,0,0,27.1884816753927,0,0,5193,191,0,0,0,0
"580",2023-09-03,0,15,4517,183,0,0,27.1884816753927,0,0,5193,191,0,0,0,0
"581",2023-09-03,0,20,4495,181,0,0,27.1884816753927,0,0,5193,191,0,0,0,0
"582",2023-09-03,0,25,4495,181,0,0,27.1884816753927,0,0,5193,191,0,0,0,0
"583",2023-09-03,0,30,4418,178,0,0,27.1884816753927,0,0,5193,191,0,0,0,0
"584",2023-09-03,0,35,4160,172,0,0,27.1884816753927,0,0,5193,191,0,0,0,0
"585",2023-09-03,0,40,4010,171,0,0,27.1884816753927,0,0,5193,191,0,0,0,0
"586",2023-09-03,0,45,4049,171,0,0,27.1884816753927,0,0,5193,191,0,0,0,0
"587",2023-09-03,0,50,4027,170,0,0,27.1884816753927,0,0,5193,191,0,0,0,0
"588",2023-09-03,0,55,4060,171,0,0,27.1884816753927,0,0,5193,191,0,0,0,0
"589",2023-09-03,1,0,4105,167,0,0,25,0,0,4105,167,0,0,0,0
"590",2023-09-03,1,5,3671,159,0,0,25,0,0,4105,167,0,0,0,0
"591",2023-09-03,1,10,3873,161,0,0,25,0,0,4105,167,0,0,0,0
"592",2023-09-03,1,15,3862,160,0,0,25,0,0,4105,167,0,0,0,0
"593",2023-09-03,1,20,3818,158,0,0,25,0,0,4105,167,0,0,0,0
"594",2023-09-03,1,25,3818,158,0,0,25,0,0,4105,167,0,0,0,0
"595",2023-09-03,1,30,3796,157,0,0,25,0,0,4105,167,0,0,0,0
"596",2023-09-03,1,35,3628,150,0,0,25,0,0,4105,167,0,0,0,0
"597",2023-09-03,1,40,3650,151,0,0,25,0,0,4105,167,0,0,0,0
"598",2023-09-03,1,45,3628,150,0,0,25,0,0,4105,167,0,0,0,0
"599",2023-09-03,1,50,3800,152,0,0,25,0,0,4105,167,0,0,0,0
"600",2023-09-03,1,55,3800,152,0,0,25,0,0,4105,167,0,0,0,0
"601",2023-09-03,2,0,4137,202,0,0,22.3041237113402,0,0,4327,202,0,0,0,0
"602",2023-09-03,2,5,3901,195,0,0,22.3041237113402,0,0,4327,202,0,0,0,0
"603",2023-09-03,2,10,3890,195,0,0,22.3041237113402,0,0,4327,202,0,0,0,0
"604",2023-09-03,2,15,3868,194,0,0,22.3041237113402,0,0,4327,202,0,0,0,0
"605",2023-09-03,2,20,3824,192,0,0,22.3041237113402,0,0,4327,202,0,0,0,0
"606",2023-09-03,2,25,3824,192,0,0,22.3041237113402,0,0,4327,202,0,0,0,0
"607",2023-09-03,2,30,3846,193,0,0,22.3041237113402,0,0,4327,202,0,0,0,0
"608",2023-09-03,2,35,4060,195,0,0,22.3041237113402,0,0,4327,202,0,0,0,0
"609",2023-09-03,2,40,4327,194,0,0,22.3041237113402,0,0,4327,202,0,0,0,0
"610",2023-09-03,2,45,4027,193,0,0,22.3041237113402,0,0,4327,202,0,0,0,0
"611",2023-09-03,2,50,4027,193,0,0,22.3041237113402,0,0,4327,202,0,0,0,0
"612",2023-09-03,2,55,4027,193,0,0,22.3041237113402,0,0,4327,202,0,0,0,0
"613",2023-09-03,3,0,4027,193,0,0,20.8994708994709,0,0,4027,193,0,0,0,0
"614",2023-09-03,3,5,3950,189,0,0,20.8994708994709,0,0,4027,193,0,0,0,0
"615",2023-09-03,3,10,3928,188,0,0,20.8994708994709,0,0,4027,193,0,0,0,0
"616",2023-09-03,3,15,3906,187,0,0,20.8994708994709,0,0,4027,193,0,0,0,0
"617",2023-09-03,3,20,3884,186,0,0,20.8994708994709,0,0,4027,193,0,0,0,0
"618",2023-09-03,3,25,3884,186,0,0,20.8994708994709,0,0,4027,193,0,0,0,0
"619",2023-09-03,3,30,3873,186,0,0,20.8994708994709,0,0,4027,193,0,0,0,0
"620",2023-09-03,3,35,3801,184,0,0,20.8994708994709,0,0,4027,193,0,0,0,0
"621",2023-09-03,3,40,3790,183,0,0,20.8994708994709,0,0,4027,193,0,0,0,0
"622",2023-09-03,3,45,3790,183,0,0,20.8994708994709,0,0,4027,193,0,0,0,0
"623",2023-09-03,3,50,3790,183,0,0,20.8994708994709,0,0,4027,193,0,0,0,0
"624",2023-09-03,3,55,3790,183,0,0,20.8994708994709,0,0,4027,193,0,0,0,0
"625",2023-09-03,4,0,3790,183,0,0,24.0054644808743,0,0,4393,185,0,0,0,0
"626",2023-09-03,4,5,3829,184,0,0,24.0054644808743,0,0,4393,185,0,0,0,0
"627",2023-09-03,4,10,3829,184,0,0,24.0054644808743,0,0,4393,185,0,0,0,0
"628",2023-09-03,4,15,3807,183,0,0,24.0054644808743,0,0,4393,185,0,0,0,0
"629",2023-09-03,4,20,4047,185,0,0,24.0054644808743,0,0,4393,185,0,0,0,0
"630",2023-09-03,4,25,3965,183,0,0,24.0054644808743,0,0,4393,185,0,0,0,0
"631",2023-09-03,4,30,3965,182,0,0,24.0054644808743,0,0,4393,185,0,0,0,0
"632",2023-09-03,4,35,4273,183,0,0,24.0054644808743,0,0,4393,185,0,0,0,0
"633",2023-09-03,4,40,4273,183,0,0,24.0054644808743,0,0,4393,185,0,0,0,0
"634",2023-09-03,4,45,4393,183,0,0,24.0054644808743,0,0,4393,185,0,0,0,0
"635",2023-09-03,4,50,4311,181,0,0,24.0054644808743,0,0,4393,185,0,0,0,0
"636",2023-09-03,4,55,4311,181,0,0,24.0054644808743,0,0,4393,185,0,0,0,0
"637",2023-09-03,5,0,4011,180,0,0,22.2833333333333,0,0,4033,182,0,0,0,0
"638",2023-09-03,5,5,4011,180,0,0,22.2833333333333,0,0,4033,182,0,0,0,0
"639",2023-09-03,5,10,4011,180,0,0,22.2833333333333,0,0,4033,182,0,0,0,0
"640",2023-09-03,5,15,4011,180,0,0,22.2833333333333,0,0,4033,182,0,0,0,0
"641",2023-09-03,5,20,4033,181,0,0,22.2833333333333,0,0,4033,182,0,0,0,0
"642",2023-09-03,5,25,3733,180,0,0,22.2833333333333,0,0,4033,182,0,0,0,0
"643",2023-09-03,5,30,3793,181,0,0,22.2833333333333,0,0,4033,182,0,0,0,0
"644",2023-09-03,5,35,3943,182,0,0,22.2833333333333,0,0,4033,182,0,0,0,0
"645",2023-09-03,5,40,3943,182,0,0,22.2833333333333,0,0,4033,182,0,0,0,0
"646",2023-09-03,5,45,3943,182,0,0,22.2833333333333,0,0,4033,182,0,0,0,0
"647",2023-09-03,5,50,3943,182,0,0,22.2833333333333,0,0,4033,182,0,0,0,0
"648",2023-09-03,5,55,3943,182,0,0,22.2833333333333,0,0,4033,182,0,0,0,0
"649",2023-09-03,6,0,3943,182,0,0,22.3631284916201,0,0,4014,182,0,0,0,0
"650",2023-09-03,6,5,3943,182,0,0,22.3631284916201,0,0,4014,182,0,0,0,0
"651",2023-09-03,6,10,3872,180,0,0,22.3631284916201,0,0,4014,182,0,0,0,0
"652",2023-09-03,6,15,3872,180,0,0,22.3631284916201,0,0,4014,182,0,0,0,0
"653",2023-09-03,6,20,3850,179,0,0,22.3631284916201,0,0,4014,182,0,0,0,0
"654",2023-09-03,6,25,3850,179,0,0,22.3631284916201,0,0,4014,182,0,0,0,0
"655",2023-09-03,6,30,3850,179,0,0,22.3631284916201,0,0,4014,182,0,0,0,0
"656",2023-09-03,6,35,4003,179,0,0,22.3631284916201,0,0,4014,182,0,0,0,0
"657",2023-09-03,6,40,4003,179,0,0,22.3631284916201,0,0,4014,182,0,0,0,0
"658",2023-09-03,6,45,4014,180,0,0,22.3631284916201,0,0,4014,182,0,0,0,0
"659",2023-09-03,6,50,4014,180,0,0,22.3631284916201,0,0,4014,182,0,0,0,0
"660",2023-09-03,6,55,4014,180,0,0,22.3631284916201,0,0,4014,182,0,0,0,0
"661",2023-09-03,7,0,4014,180,0,0,23.15,0,0,4189,181,0,0,0,0
"662",2023-09-03,7,5,3839,179,0,0,23.15,0,0,4189,181,0,0,0,0
"663",2023-09-03,7,10,3839,179,0,0,23.15,0,0,4189,181,0,0,0,0
"664",2023-09-03,7,15,3839,179,0,0,23.15,0,0,4189,181,0,0,0,0
"665",2023-09-03,7,20,3839,179,0,0,23.15,0,0,4189,181,0,0,0,0
"666",2023-09-03,7,25,3839,179,0,0,23.15,0,0,4189,181,0,0,0,0
"667",2023-09-03,7,30,3839,179,0,0,23.15,0,0,4189,181,0,0,0,0
"668",2023-09-03,7,35,4167,180,0,0,23.15,0,0,4189,181,0,0,0,0
"669",2023-09-03,7,40,4167,180,0,0,23.15,0,0,4189,181,0,0,0,0
"670",2023-09-03,7,45,4189,181,0,0,23.15,0,0,4189,181,0,0,0,0
"671",2023-09-03,7,50,3889,180,0,0,23.15,0,0,4189,181,0,0,0,0
"672",2023-09-03,7,55,3889,180,0,0,23.15,0,0,4189,181,0,0,0,0
"673",2023-09-03,8,0,3889,180,0,0,23.0274725274725,0,0,4191,183,0,0,0,0
"674",2023-09-03,8,5,4044,183,0,0,23.0274725274725,0,0,4191,183,0,0,0,0
"675",2023-09-03,8,10,4033,182,0,0,23.0274725274725,0,0,4191,183,0,0,0,0
"676",2023-09-03,8,15,4033,182,0,0,23.0274725274725,0,0,4191,183,0,0,0,0
"677",2023-09-03,8,20,4033,182,0,0,23.0274725274725,0,0,4191,183,0,0,0,0
"678",2023-09-03,8,25,4191,182,0,0,23.0274725274725,0,0,4191,183,0,0,0,0
"679",2023-09-03,8,30,4191,182,0,0,23.0274725274725,0,0,4191,183,0,0,0,0
"680",2023-09-03,8,35,4019,180,0,0,23.0274725274725,0,0,4191,183,0,0,0,0
"681",2023-09-03,8,40,4039,181,0,0,23.0274725274725,0,0,4191,183,0,0,0,0
"682",2023-09-03,8,45,4039,181,0,0,23.0274725274725,0,0,4191,183,0,0,0,0
"683",2023-09-03,8,50,4089,182,0,0,23.0274725274725,0,0,4191,183,0,0,0,0
"684",2023-09-03,8,55,4089,182,0,0,23.0274725274725,0,0,4191,183,0,0,0,0
"685",2023-09-03,9,0,4089,182,0,0,26.2216216216216,0,0,4851,185,0,0,0,0
"686",2023-09-03,9,5,4211,185,0,0,26.2216216216216,0,0,4851,185,0,0,0,0
"687",2023-09-03,9,10,4500,185,0,0,26.2216216216216,0,0,4851,185,0,0,0,0
"688",2023-09-03,9,15,4478,184,0,0,26.2216216216216,0,0,4851,185,0,0,0,0
"689",2023-09-03,9,20,4756,184,0,0,26.2216216216216,0,0,4851,185,0,0,0,0
"690",2023-09-03,9,25,4756,184,0,0,26.2216216216216,0,0,4851,185,0,0,0,0
"691",2023-09-03,9,30,4576,183,0,0,26.2216216216216,0,0,4851,185,0,0,0,0
"692",2023-09-03,9,35,4573,185,0,0,26.2216216216216,0,0,4851,185,0,0,0,0
"693",2023-09-03,9,40,4573,185,0,0,26.2216216216216,0,0,4851,185,0,0,0,0
"694",2023-09-03,9,45,4573,185,0,0,26.2216216216216,0,0,4851,185,0,0,0,0
"695",2023-09-03,9,50,4851,185,0,0,26.2216216216216,0,0,4851,185,0,0,0,0
"696",2023-09-03,9,55,4851,185,0,0,26.2216216216216,0,0,4851,185,0,0,0,0
"697",2023-09-03,10,0,4945,188,0,0,27.7540106951872,0,0,5190,188,0,0,0,0
"698",2023-09-03,10,5,4890,186,0,0,27.7540106951872,0,0,5190,188,0,0,0,0
"699",2023-09-03,10,10,4890,186,0,0,27.7540106951872,0,0,5190,188,0,0,0,0
"700",2023-09-03,10,15,5190,187,0,0,27.7540106951872,0,0,5190,188,0,0,0,0
"701",2023-09-03,10,20,4901,186,0,0,27.7540106951872,0,0,5190,188,0,0,0,0
"702",2023-09-03,10,25,4901,186,0,0,27.7540106951872,0,0,5190,188,0,0,0,0
"703",2023-09-03,10,30,4846,183,0,0,27.7540106951872,0,0,5190,188,0,0,0,0
"704",2023-09-03,10,35,4706,184,0,0,27.7540106951872,0,0,5190,188,0,0,0,0
"705",2023-09-03,10,40,4652,182,0,0,27.7540106951872,0,0,5190,188,0,0,0,0
"706",2023-09-03,10,45,4554,183,0,0,27.7540106951872,0,0,5190,188,0,0,0,0
"707",2023-09-03,10,50,5008,187,0,0,27.7540106951872,0,0,5190,188,0,0,0,0
"708",2023-09-03,10,55,5025,188,0,0,27.7540106951872,0,0,5190,188,0,0,0,0
"709",2023-09-03,11,0,4997,188,0,0,29.9219512195122,0,0,6134,208,0,0,0,0
"710",2023-09-03,11,5,5219,191,0,0,29.9219512195122,0,0,6134,208,0,0,0,0
"711",2023-09-03,11,10,5497,191,0,0,29.9219512195122,0,0,6134,208,0,0,0,0
"712",2023-09-03,11,15,5519,192,0,0,29.9219512195122,0,0,6134,208,0,0,0,0
"713",2023-09-03,11,20,5475,190,0,0,29.9219512195122,0,0,6134,208,0,0,0,0
"714",2023-09-03,11,25,5558,194,0,0,29.9219512195122,0,0,6134,208,0,0,0,0
"715",2023-09-03,11,30,4991,194,0,0,29.9219512195122,0,0,6134,208,0,0,0,0
"716",2023-09-03,11,35,5567,204,0,0,29.9219512195122,0,0,6134,208,0,0,0,0
"717",2023-09-03,11,40,6134,205,0,0,29.9219512195122,0,0,6134,208,0,0,0,0
"718",2023-09-03,11,45,5534,203,0,0,29.9219512195122,0,0,6134,208,0,0,0,0
"719",2023-09-03,11,50,6031,208,0,0,29.9219512195122,0,0,6134,208,0,0,0,0
"720",2023-09-03,11,55,5709,206,0,0,29.9219512195122,0,0,6134,208,0,0,0,0
"721",2023-09-03,12,0,5731,207,0,0,28.7809917355372,0,0,6965,242,0,0,0,0
"722",2023-09-03,12,5,5357,213,0,0,28.7809917355372,0,0,6965,242,0,0,0,0
"723",2023-09-03,12,10,5673,214,0,0,28.7809917355372,0,0,6965,242,0,0,0,0
"724",2023-09-03,12,15,5580,216,0,0,28.7809917355372,0,0,6965,242,0,0,0,0
"725",2023-09-03,12,20,5585,216,0,0,28.7809917355372,0,0,6965,242,0,0,0,0
"726",2023-09-03,12,25,5717,219,0,0,28.7809917355372,0,0,6965,242,0,0,0,0
"727",2023-09-03,12,30,6039,223,0,0,28.7809917355372,0,0,6965,242,0,0,0,0
"728",2023-09-03,12,35,6404,233,0,0,28.7809917355372,0,0,6965,242,0,0,0,0
"729",2023-09-03,12,40,6444,233,0,0,28.7809917355372,0,0,6965,242,0,0,0,0
"730",2023-09-03,12,45,6649,237,0,0,28.7809917355372,0,0,6965,242,0,0,0,0
"731",2023-09-03,12,50,6965,242,0,0,28.7809917355372,0,0,6965,242,0,0,0,0
"732",2023-09-03,12,55,6761,239,0,0,28.7809917355372,0,0,6965,242,0,0,0,0
"733",2023-09-03,13,25,7355,254,0,0,30.7905138339921,0,0,8252,277,0,0,0,0
"734",2023-09-03,13,0,7043,243,0,0,30.7905138339921,0,0,8252,277,0,0,0,0
"735",2023-09-03,13,5,7163,249,0,0,30.7905138339921,0,0,8252,277,0,0,0,0
"736",2023-09-03,13,10,7605,252,0,0,30.7905138339921,0,0,8252,277,0,0,0,0
"737",2023-09-03,13,15,7790,253,0,0,30.7905138339921,0,0,8252,277,0,0,0,0
"738",2023-09-03,13,20,7387,250,0,0,30.7905138339921,0,0,8252,277,0,0,0,0
"739",2023-09-03,13,30,7283,251,0,0,30.7905138339921,0,0,8252,277,0,0,0,0
"740",2023-09-03,13,35,7725,271,0,0,30.7905138339921,0,0,8252,277,0,0,0,0
"741",2023-09-03,13,40,7747,272,0,0,30.7905138339921,0,0,8252,277,0,0,0,0
"742",2023-09-03,13,45,8088,274,0,0,30.7905138339921,0,0,8252,277,0,0,0,0
"743",2023-09-03,13,50,8252,277,0,0,30.7905138339921,0,0,8252,277,0,0,0,0
"744",2023-09-03,13,55,8019,271,0,0,30.7905138339921,0,0,8252,277,0,0,0,0
"745",2023-09-03,14,45,7706,282,0,0,30.9255319148936,0,0,8876,294,0,0,0,0
"746",2023-09-03,14,50,7550,280,0,0,30.9255319148936,0,0,8876,294,0,0,0,0
"747",2023-09-03,14,55,7694,282,0,0,30.9255319148936,0,0,8876,294,0,0,0,0
"748",2023-09-03,14,5,8315,287,0,0,30.9255319148936,0,0,8876,294,0,0,0,0
"749",2023-09-03,14,10,8070,287,0,0,30.9255319148936,0,0,8876,294,0,0,0,0
"750",2023-09-03,14,15,8784,292,0,0,30.9255319148936,0,0,8876,294,0,0,0,0
"751",2023-09-03,14,20,8876,294,0,0,30.9255319148936,0,0,8876,294,0,0,0,0
"752",2023-09-03,14,25,8483,277,0,0,30.9255319148936,0,0,8876,294,0,0,0,0
"753",2023-09-03,14,30,8721,282,0,0,30.9255319148936,0,0,8876,294,0,0,0,0
"754",2023-09-03,14,35,7473,269,0,0,30.9255319148936,0,0,8876,294,0,0,0,0
"755",2023-09-03,14,40,7837,280,0,0,30.9255319148936,0,0,8876,294,0,0,0,0
"756",2023-09-03,14,0,8112,271,0,0,30.9255319148936,0,0,8876,294,0,0,0,0
"757",2023-09-03,15,0,7943,280,0,0,30.0894039735099,0,0,9087,302,0,0,0,0
"758",2023-09-03,15,5,8529,295,0,0,30.0894039735099,0,0,9087,302,0,0,0,0
"759",2023-09-03,15,10,9087,302,0,0,30.0894039735099,0,0,9087,302,0,0,0,0
"760",2023-09-03,15,15,8661,301,0,0,30.0894039735099,0,0,9087,302,0,0,0,0
"761",2023-09-03,15,20,8557,298,0,0,30.0894039735099,0,0,9087,302,0,0,0,0
"762",2023-09-03,15,25,8110,299,0,0,30.0894039735099,0,0,9087,302,0,0,0,0
"763",2023-09-03,15,30,7944,302,0,0,30.0894039735099,0,0,9087,302,0,0,0,0
"764",2023-09-03,15,35,8150,301,0,0,30.0894039735099,0,0,9087,302,0,0,0,0
"765",2023-09-03,15,40,7817,298,0,0,30.0894039735099,0,0,9087,302,0,0,0,0
"766",2023-09-03,15,45,7734,295,0,0,30.0894039735099,0,0,9087,302,0,0,0,0
"767",2023-09-03,15,50,8122,300,0,0,30.0894039735099,0,0,9087,302,0,0,0,0
"768",2023-09-03,15,55,7596,299,0,0,30.0894039735099,0,0,9087,302,0,0,0,0
"769",2023-09-03,16,0,7972,307,0,0,30.9488817891374,0,0,9687,317,0,0,0,0
"770",2023-09-03,16,5,8790,310,0,0,30.9488817891374,0,0,9687,317,0,0,0,0
"771",2023-09-03,16,10,8916,310,0,0,30.9488817891374,0,0,9687,317,0,0,0,0
"772",2023-09-03,16,15,9303,315,0,0,30.9488817891374,0,0,9687,317,0,0,0,0
"773",2023-09-03,16,20,9042,314,0,0,30.9488817891374,0,0,9687,317,0,0,0,0
"774",2023-09-03,16,25,9687,313,0,0,30.9488817891374,0,0,9687,317,0,0,0,0
"775",2023-09-03,16,30,9338,317,0,0,30.9488817891374,0,0,9687,317,0,0,0,0
"776",2023-09-03,16,35,9574,311,0,0,30.9488817891374,0,0,9687,317,0,0,0,0
"777",2023-09-03,16,40,9011,306,0,0,30.9488817891374,0,0,9687,317,0,0,0,0
"778",2023-09-03,16,45,8345,301,0,0,30.9488817891374,0,0,9687,317,0,0,0,0
"779",2023-09-03,16,50,8915,303,0,0,30.9488817891374,0,0,9687,317,0,0,0,0
"780",2023-09-03,16,55,9008,305,0,0,30.9488817891374,0,0,9687,317,0,0,0,0
"781",2023-09-03,17,40,8176,273,0,0,30.0074626865672,0,0,8609,301,0,0,0,0
"782",2023-09-03,17,45,7617,270,0,0,30.0074626865672,0,0,8609,301,0,0,0,0
"783",2023-09-03,17,50,8042,268,0,0,30.0074626865672,0,0,8609,301,0,0,0,0
"784",2023-09-03,17,55,7497,268,0,0,30.0074626865672,0,0,8609,301,0,0,0,0
"785",2023-09-03,17,0,8609,301,0,0,30.0074626865672,0,0,8609,301,0,0,0,0
"786",2023-09-03,17,5,7956,289,0,0,30.0074626865672,0,0,8609,301,0,0,0,0
"787",2023-09-03,17,10,5438,186,0,0,30.0074626865672,0,0,8609,301,0,0,0,0
"788",2023-09-03,17,15,8152,283,0,0,30.0074626865672,0,0,8609,301,0,0,0,0
"789",2023-09-03,17,20,7672,275,0,0,30.0074626865672,0,0,8609,301,0,0,0,0
"790",2023-09-03,17,25,7751,277,0,0,30.0074626865672,0,0,8609,301,0,0,0,0
"791",2023-09-03,17,30,7751,276,0,0,30.0074626865672,0,0,8609,301,0,0,0,0
"792",2023-09-03,17,35,7793,271,0,0,30.0074626865672,0,0,8609,301,0,0,0,0
"793",2023-09-03,18,10,6696,255,0,0,28.884,0,0,7459,265,0,0,0,0
"794",2023-09-03,18,15,6324,253,0,0,28.884,0,0,7459,265,0,0,0,0
"795",2023-09-03,18,20,6302,252,0,0,28.884,0,0,7459,265,0,0,0,0
"796",2023-09-03,18,25,5963,247,0,0,28.884,0,0,7459,265,0,0,0,0
"797",2023-09-03,18,30,6567,247,0,0,28.884,0,0,7459,265,0,0,0,0
"798",2023-09-03,18,35,7221,250,0,0,28.884,0,0,7459,265,0,0,0,0
"799",2023-09-03,18,40,6873,248,0,0,28.884,0,0,7459,265,0,0,0,0
"800",2023-09-03,18,45,6715,248,0,0,28.884,0,0,7459,265,0,0,0,0
"801",2023-09-03,18,50,6785,250,0,0,28.884,0,0,7459,265,0,0,0,0
"802",2023-09-03,18,55,6828,246,0,0,28.884,0,0,7459,265,0,0,0,0
"803",2023-09-03,18,0,7459,265,0,0,28.884,0,0,7459,265,0,0,0,0
"804",2023-09-03,18,5,6646,253,0,0,28.884,0,0,7459,265,0,0,0,0
"805",2023-09-03,19,0,7211,247,0,0,29.8888888888889,0,0,7211,247,0,0,0,0
"806",2023-09-03,19,5,6175,236,0,0,29.8888888888889,0,0,7211,247,0,0,0,0
"807",2023-09-03,19,10,6453,235,0,0,29.8888888888889,0,0,7211,247,0,0,0,0
"808",2023-09-03,19,15,6519,238,0,0,29.8888888888889,0,0,7211,247,0,0,0,0
"809",2023-09-03,19,20,6716,235,0,0,29.8888888888889,0,0,7211,247,0,0,0,0
"810",2023-09-03,19,25,6994,234,0,0,29.8888888888889,0,0,7211,247,0,0,0,0
"811",2023-09-03,19,30,6900,231,0,0,29.8888888888889,0,0,7211,247,0,0,0,0
"812",2023-09-03,19,35,6593,230,0,0,29.8888888888889,0,0,7211,247,0,0,0,0
"813",2023-09-03,19,40,6246,227,0,0,29.8888888888889,0,0,7211,247,0,0,0,0
"814",2023-09-03,19,45,6047,227,0,0,29.8888888888889,0,0,7211,247,0,0,0,0
"815",2023-09-03,19,50,5534,223,0,0,29.8888888888889,0,0,7211,247,0,0,0,0
"816",2023-09-03,19,55,5485,222,0,0,29.8888888888889,0,0,7211,247,0,0,0,0
"817",2023-09-03,20,0,6331,228,0,0,32.9082969432314,0,0,7536,234,0,0,0,0
"818",2023-09-03,20,5,7217,229,0,0,32.9082969432314,0,0,7536,234,0,0,0,0
"819",2023-09-03,20,10,7455,231,0,0,32.9082969432314,0,0,7536,234,0,0,0,0
"820",2023-09-03,20,15,7181,226,0,0,32.9082969432314,0,0,7536,234,0,0,0,0
"821",2023-09-03,20,20,7345,227,0,0,32.9082969432314,0,0,7536,234,0,0,0,0
"822",2023-09-03,20,25,7536,229,0,0,32.9082969432314,0,0,7536,234,0,0,0,0
"823",2023-09-03,20,30,7192,225,0,0,32.9082969432314,0,0,7536,234,0,0,0,0
"824",2023-09-03,20,35,7189,234,0,0,32.9082969432314,0,0,7536,234,0,0,0,0
"825",2023-09-03,20,40,7155,232,0,0,32.9082969432314,0,0,7536,234,0,0,0,0
"826",2023-09-03,20,45,7068,230,0,0,32.9082969432314,0,0,7536,234,0,0,0,0
"827",2023-09-03,20,50,6990,230,0,0,32.9082969432314,0,0,7536,234,0,0,0,0
"828",2023-09-03,20,55,6302,228,0,0,32.9082969432314,0,0,7536,234,0,0,0,0
"829",2023-09-03,21,0,6324,229,0,0,30.7654867256637,0,0,6953,229,0,0,0,0
"830",2023-09-03,21,5,6530,228,0,0,30.7654867256637,0,0,6953,229,0,0,0,0
"831",2023-09-03,21,10,6191,226,0,0,30.7654867256637,0,0,6953,229,0,0,0,0
"832",2023-09-03,21,15,6692,226,0,0,30.7654867256637,0,0,6953,229,0,0,0,0
"833",2023-09-03,21,20,6832,227,0,0,30.7654867256637,0,0,6953,229,0,0,0,0
"834",2023-09-03,21,25,6675,226,0,0,30.7654867256637,0,0,6953,229,0,0,0,0
"835",2023-09-03,21,30,6953,226,0,0,30.7654867256637,0,0,6953,229,0,0,0,0
"836",2023-09-03,21,35,6205,221,0,0,30.7654867256637,0,0,6953,229,0,0,0,0
"837",2023-09-03,21,40,6133,219,0,0,30.7654867256637,0,0,6953,229,0,0,0,0
"838",2023-09-03,21,45,6253,220,0,0,30.7654867256637,0,0,6953,229,0,0,0,0
"839",2023-09-03,21,50,5718,215,0,0,30.7654867256637,0,0,6953,229,0,0,0,0
"840",2023-09-03,21,55,5876,215,0,0,30.7654867256637,0,0,6953,229,0,0,0,0
"841",2023-09-03,22,55,6195,217,0,0,29.6267281105991,0,0,6429,217,0,0,0,0
"842",2023-09-03,22,0,5816,215,0,0,29.6267281105991,0,0,6429,217,0,0,0,0
"843",2023-09-03,22,5,6083,217,0,0,29.6267281105991,0,0,6429,217,0,0,0,0
"844",2023-09-03,22,10,6158,213,0,0,29.6267281105991,0,0,6429,217,0,0,0,0
"845",2023-09-03,22,15,6225,211,0,0,29.6267281105991,0,0,6429,217,0,0,0,0
"846",2023-09-03,22,20,5941,209,0,0,29.6267281105991,0,0,6429,217,0,0,0,0
"847",2023-09-03,22,25,5985,211,0,0,29.6267281105991,0,0,6429,217,0,0,0,0
"848",2023-09-03,22,30,5974,210,0,0,29.6267281105991,0,0,6429,217,0,0,0,0
"849",2023-09-03,22,35,6429,217,0,0,29.6267281105991,0,0,6429,217,0,0,0,0
"850",2023-09-03,22,40,5954,211,0,0,29.6267281105991,0,0,6429,217,0,0,0,0
"851",2023-09-03,22,45,5660,212,0,0,29.6267281105991,0,0,6429,217,0,0,0,0
"852",2023-09-03,22,50,5704,214,0,0,29.6267281105991,0,0,6429,217,0,0,0,0
"853",2023-09-03,23,0,6238,220,0,0,30.415,0,0,6238,220,0,0,0,0
"854",2023-09-03,23,5,6095,208,0,0,30.415,0,0,6238,220,0,0,0,0
"855",2023-09-03,23,10,5618,204,0,0,30.415,0,0,6238,220,0,0,0,0
"856",2023-09-03,23,15,6035,209,0,0,30.415,0,0,6238,220,0,0,0,0
"857",2023-09-03,23,20,5871,205,0,0,30.415,0,0,6238,220,0,0,0,0
"858",2023-09-03,23,25,6008,205,0,0,30.415,0,0,6238,220,0,0,0,0
"859",2023-09-03,23,30,6181,209,0,0,30.415,0,0,6238,220,0,0,0,0
"860",2023-09-03,23,35,6083,200,0,0,30.415,0,0,6238,220,0,0,0,0
"861",2023-09-03,23,40,6149,203,0,0,30.415,0,0,6238,220,0,0,0,0
"862",2023-09-03,23,45,5805,199,0,0,30.415,0,0,6238,220,0,0,0,0
"863",2023-09-03,23,50,5559,195,0,0,30.415,0,0,6238,220,0,0,0,0
"864",2023-09-03,23,55,5537,194,0,0,30.415,0,0,6238,220,0,0,0,0
"865",2023-09-04,0,0,5375.7,229,0,0,25.6508695652174,0,0,5899.7,230,0,0,0,0
"866",2023-09-04,0,5,5715.7,229,0,0,25.6508695652174,0,0,5899.7,230,0,0,0,0
"867",2023-09-04,0,10,5899.7,230,0,0,25.6508695652174,0,0,5899.7,230,0,0,0,0
"868",2023-09-04,0,15,5727.7,228,0,0,25.6508695652174,0,0,5899.7,230,0,0,0,0
"869",2023-09-04,0,20,5329.7,227,0,0,25.6508695652174,0,0,5899.7,230,0,0,0,0
"870",2023-09-04,0,25,5296.7,225,0,0,25.6508695652174,0,0,5899.7,230,0,0,0,0
"871",2023-09-04,0,30,5230.7,222,0,0,25.6508695652174,0,0,5899.7,230,0,0,0,0
"872",2023-09-04,0,35,5121.7,209,0,0,25.6508695652174,0,0,5899.7,230,0,0,0,0
"873",2023-09-04,0,40,4772.7,209,0,0,25.6508695652174,0,0,5899.7,230,0,0,0,0
"874",2023-09-04,0,45,4728.7,207,0,0,25.6508695652174,0,0,5899.7,230,0,0,0,0
"875",2023-09-04,0,50,4728.7,207,0,0,25.6508695652174,0,0,5899.7,230,0,0,0,0
"876",2023-09-04,0,55,4450.7,207,0,0,25.6508695652174,0,0,5899.7,230,0,0,0,0
"877",2023-09-04,1,0,4266.7,206,0,0,20.7420512820513,0,0,4266.7,206,0,0,0,0
"878",2023-09-04,1,5,4044.7,195,0,0,20.7420512820513,0,0,4266.7,206,0,0,0,0
"879",2023-09-04,1,10,4001.7,194,0,0,20.7420512820513,0,0,4266.7,206,0,0,0,0
"880",2023-09-04,1,15,4001.7,194,0,0,20.7420512820513,0,0,4266.7,206,0,0,0,0
"881",2023-09-04,1,20,3979.7,193,0,0,20.7420512820513,0,0,4266.7,206,0,0,0,0
"882",2023-09-04,1,25,3979.7,193,0,0,20.7420512820513,0,0,4266.7,206,0,0,0,0
"883",2023-09-04,1,30,3979.7,193,0,0,20.7420512820513,0,0,4266.7,206,0,0,0,0
"884",2023-09-04,1,35,3807.7,187,0,0,20.7420512820513,0,0,4266.7,206,0,0,0,0
"885",2023-09-04,1,40,3807.7,187,0,0,20.7420512820513,0,0,4266.7,206,0,0,0,0
"886",2023-09-04,1,45,3774.7,185,0,0,20.7420512820513,0,0,4266.7,206,0,0,0,0
"887",2023-09-04,1,50,3763.7,184,0,0,20.7420512820513,0,0,4266.7,206,0,0,0,0
"888",2023-09-04,1,55,3785.7,185,0,0,20.7420512820513,0,0,4266.7,206,0,0,0,0
"889",2023-09-04,2,0,3778,151,0,0,26.2551724137931,0,0,3807,151,0,0,0,0
"890",2023-09-04,2,5,3679,145,0,0,26.2551724137931,0,0,3807,151,0,0,0,0
"891",2023-09-04,2,10,3679,145,0,0,26.2551724137931,0,0,3807,151,0,0,0,0
"892",2023-09-04,2,15,3657,144,0,0,26.2551724137931,0,0,3807,151,0,0,0,0
"893",2023-09-04,2,20,3657,144,0,0,26.2551724137931,0,0,3807,151,0,0,0,0
"894",2023-09-04,2,25,3657,144,0,0,26.2551724137931,0,0,3807,151,0,0,0,0
"895",2023-09-04,2,30,3657,144,0,0,26.2551724137931,0,0,3807,151,0,0,0,0
"896",2023-09-04,2,35,3807,145,0,0,26.2551724137931,0,0,3807,151,0,0,0,0
"897",2023-09-04,2,40,3657,144,0,0,26.2551724137931,0,0,3807,151,0,0,0,0
"898",2023-09-04,2,45,3635,143,0,0,26.2551724137931,0,0,3807,151,0,0,0,0
"899",2023-09-04,2,50,3635,143,0,0,26.2551724137931,0,0,3807,151,0,0,0,0
"900",2023-09-04,2,55,3635,143,0,0,26.2551724137931,0,0,3807,151,0,0,0,0
"901",2023-09-04,3,0,3335,142,0,0,26.695652173913,0,0,3739,142,0,0,0,0
"902",2023-09-04,3,5,3396,142,0,0,26.695652173913,0,0,3739,142,0,0,0,0
"903",2023-09-04,3,10,3385,141,0,0,26.695652173913,0,0,3739,142,0,0,0,0
"904",2023-09-04,3,15,3385,141,0,0,26.695652173913,0,0,3739,142,0,0,0,0
"905",2023-09-04,3,20,3385,141,0,0,26.695652173913,0,0,3739,142,0,0,0,0
"906",2023-09-04,3,25,3363,140,0,0,26.695652173913,0,0,3739,142,0,0,0,0
"907",2023-09-04,3,30,3363,140,0,0,26.695652173913,0,0,3739,142,0,0,0,0
"908",2023-09-04,3,35,3717,140,0,0,26.695652173913,0,0,3739,142,0,0,0,0
"909",2023-09-04,3,40,3739,141,0,0,26.695652173913,0,0,3739,142,0,0,0,0
"910",2023-09-04,3,45,3706,139,0,0,26.695652173913,0,0,3739,142,0,0,0,0
"911",2023-09-04,3,50,3684,138,0,0,26.695652173913,0,0,3739,142,0,0,0,0
"912",2023-09-04,3,55,3684,138,0,0,26.695652173913,0,0,3739,142,0,0,0,0
"913",2023-09-04,4,0,3684,138,0,0,26.9179104477612,0,0,3684,138,0,0,0,0
"914",2023-09-04,4,5,3640,137,0,0,26.9179104477612,0,0,3684,138,0,0,0,0
"915",2023-09-04,4,10,3618,136,0,0,26.9179104477612,0,0,3684,138,0,0,0,0
"916",2023-09-04,4,15,3618,136,0,0,26.9179104477612,0,0,3684,138,0,0,0,0
"917",2023-09-04,4,20,3678,137,0,0,26.9179104477612,0,0,3684,138,0,0,0,0
"918",2023-09-04,4,25,3618,136,0,0,26.9179104477612,0,0,3684,138,0,0,0,0
"919",2023-09-04,4,30,3607,134,0,0,26.9179104477612,0,0,3684,138,0,0,0,0
"920",2023-09-04,4,35,3435,132,0,0,26.9179104477612,0,0,3684,138,0,0,0,0
"921",2023-09-04,4,40,3435,132,0,0,26.9179104477612,0,0,3684,138,0,0,0,0
"922",2023-09-04,4,45,3435,132,0,0,26.9179104477612,0,0,3684,138,0,0,0,0
"923",2023-09-04,4,50,3413,131,0,0,26.9179104477612,0,0,3684,138,0,0,0,0
"924",2023-09-04,4,55,3369,129,0,0,26.9179104477612,0,0,3684,138,0,0,0,0
"925",2023-09-04,5,0,3369,129,0,0,26.3888888888889,0,0,3369,129,0,0,0,0
"926",2023-09-04,5,5,3219,128,0,0,26.3888888888889,0,0,3369,129,0,0,0,0
"927",2023-09-04,5,10,3219,128,0,0,26.3888888888889,0,0,3369,129,0,0,0,0
"928",2023-09-04,5,15,3219,128,0,0,26.3888888888889,0,0,3369,129,0,0,0,0
"929",2023-09-04,5,20,3219,128,0,0,26.3888888888889,0,0,3369,129,0,0,0,0
"930",2023-09-04,5,25,3219,128,0,0,26.3888888888889,0,0,3369,129,0,0,0,0
"931",2023-09-04,5,30,3219,128,0,0,26.3888888888889,0,0,3369,129,0,0,0,0
"932",2023-09-04,5,35,3336,127,0,0,26.3888888888889,0,0,3369,129,0,0,0,0
"933",2023-09-04,5,40,3336,127,0,0,26.3888888888889,0,0,3369,129,0,0,0,0
"934",2023-09-04,5,45,3336,127,0,0,26.3888888888889,0,0,3369,129,0,0,0,0
"935",2023-09-04,5,50,3325,126,0,0,26.3888888888889,0,0,3369,129,0,0,0,0
"936",2023-09-04,5,55,3325,126,0,0,26.3888888888889,0,0,3369,129,0,0,0,0
"937",2023-09-04,6,0,3325,126,0,0,26.5327868852459,0,0,3325,126,0,0,0,0
"938",2023-09-04,6,5,3259,123,0,0,26.5327868852459,0,0,3325,126,0,0,0,0
"939",2023-09-04,6,10,3259,123,0,0,26.5327868852459,0,0,3325,126,0,0,0,0
"940",2023-09-04,6,15,3259,123,0,0,26.5327868852459,0,0,3325,126,0,0,0,0
"941",2023-09-04,6,20,3259,123,0,0,26.5327868852459,0,0,3325,126,0,0,0,0
"942",2023-09-04,6,25,3237,122,0,0,26.5327868852459,0,0,3325,126,0,0,0,0
"943",2023-09-04,6,30,3259,123,0,0,26.5327868852459,0,0,3325,126,0,0,0,0
"944",2023-09-04,6,35,3303,125,0,0,26.5327868852459,0,0,3325,126,0,0,0,0
"945",2023-09-04,6,40,3303,125,0,0,26.5327868852459,0,0,3325,126,0,0,0,0
"946",2023-09-04,6,45,3303,125,0,0,26.5327868852459,0,0,3325,126,0,0,0,0
"947",2023-09-04,6,50,3303,125,0,0,26.5327868852459,0,0,3325,126,0,0,0,0
"948",2023-09-04,6,55,3303,125,0,0,26.5327868852459,0,0,3325,126,0,0,0,0
"949",2023-09-04,7,0,3220,122,0,0,27.5967741935484,0,0,3444,127,0,0,0,0
"950",2023-09-04,7,5,3242,123,0,0,27.5967741935484,0,0,3444,127,0,0,0,0
"951",2023-09-04,7,10,3242,123,0,0,27.5967741935484,0,0,3444,127,0,0,0,0
"952",2023-09-04,7,15,3422,124,0,0,27.5967741935484,0,0,3444,127,0,0,0,0
"953",2023-09-04,7,20,3422,124,0,0,27.5967741935484,0,0,3444,127,0,0,0,0
"954",2023-09-04,7,25,3444,125,0,0,27.5967741935484,0,0,3444,127,0,0,0,0
"955",2023-09-04,7,30,3264,124,0,0,27.5967741935484,0,0,3444,127,0,0,0,0
"956",2023-09-04,7,35,3319,127,0,0,27.5967741935484,0,0,3444,127,0,0,0,0
"957",2023-09-04,7,40,3297,126,0,0,27.5967741935484,0,0,3444,127,0,0,0,0
"958",2023-09-04,7,45,3297,126,0,0,27.5967741935484,0,0,3444,127,0,0,0,0
"959",2023-09-04,7,50,3319,127,0,0,27.5967741935484,0,0,3444,127,0,0,0,0
"960",2023-09-04,7,55,3319,127,0,0,27.5967741935484,0,0,3444,127,0,0,0,0
"961",2023-09-04,8,0,3331,128,0,0,28.9822485207101,0,0,4898,169,0,0,0,0
"962",2023-09-04,8,5,3353,130,0,0,28.9822485207101,0,0,4898,169,0,0,0,0
"963",2023-09-04,8,10,3364,131,0,0,28.9822485207101,0,0,4898,169,0,0,0,0
"964",2023-09-04,8,15,3452,135,0,0,28.9822485207101,0,0,4898,169,0,0,0,0
"965",2023-09-04,8,20,3518,138,0,0,28.9822485207101,0,0,4898,169,0,0,0,0
"966",2023-09-04,8,25,3660,140,0,0,28.9822485207101,0,0,4898,169,0,0,0,0
"967",2023-09-04,8,30,3726,143,0,0,28.9822485207101,0,0,4898,169,0,0,0,0
"968",2023-09-04,8,35,4045,151,0,0,28.9822485207101,0,0,4898,169,0,0,0,0
"969",2023-09-04,8,40,4280,155,0,0,28.9822485207101,0,0,4898,169,0,0,0,0
"970",2023-09-04,8,45,4412,162,0,0,28.9822485207101,0,0,4898,169,0,0,0,0
"971",2023-09-04,8,50,4609,167,0,0,28.9822485207101,0,0,4898,169,0,0,0,0
"972",2023-09-04,8,55,4898,169,0,0,28.9822485207101,0,0,4898,169,0,0,0,0
"973",2023-09-04,9,15,7186,211,0,0,34.0568720379147,0,0,7190,252,0,0,0,0
"974",2023-09-04,9,20,7190,216,0,0,34.0568720379147,0,0,7190,252,0,0,0,0
"975",2023-09-04,9,25,6989,221,0,0,34.0568720379147,0,0,7190,252,0,0,0,0
"976",2023-09-04,9,30,6626,219,0,0,34.0568720379147,0,0,7190,252,0,0,0,0
"977",2023-09-04,9,35,6988,235,0,0,34.0568720379147,0,0,7190,252,0,0,0,0
"978",2023-09-04,9,40,6805,236,0,0,34.0568720379147,0,0,7190,252,0,0,0,0
"979",2023-09-04,9,45,7029,239,0,0,34.0568720379147,0,0,7190,252,0,0,0,0
"980",2023-09-04,9,50,6664,240,0,0,34.0568720379147,0,0,7190,252,0,0,0,0
"981",2023-09-04,9,55,6840,252,0,0,34.0568720379147,0,0,7190,252,0,0,0,0
"982",2023-09-04,9,0,5128,177,0,0,34.0568720379147,0,0,7190,252,0,0,0,0
"983",2023-09-04,9,5,5847,191,0,0,34.0568720379147,0,0,7190,252,0,0,0,0
"984",2023-09-04,9,10,6677,199,0,0,34.0568720379147,0,0,7190,252,0,0,0,0
"985",2023-09-04,10,0,7027,262,0,0,29.3856209150327,0,0,9155,342,0,0,0,0
"986",2023-09-04,10,5,7757,288,0,0,29.3856209150327,0,0,9155,342,0,0,0,0
"987",2023-09-04,10,10,8380,297,0,0,29.3856209150327,0,0,9155,342,0,0,0,0
"988",2023-09-04,10,15,8992,306,0,0,29.3856209150327,0,0,9155,342,0,0,0,0
"989",2023-09-04,10,20,9155,315,0,0,29.3856209150327,0,0,9155,342,0,0,0,0
"990",2023-09-04,10,25,8697,315,0,0,29.3856209150327,0,0,9155,342,0,0,0,0
"991",2023-09-04,10,30,8218,318,0,0,29.3856209150327,0,0,9155,342,0,0,0,0
"992",2023-09-04,10,35,8158,327,0,0,29.3856209150327,0,0,9155,342,0,0,0,0
"993",2023-09-04,10,40,8410,334,0,0,29.3856209150327,0,0,9155,342,0,0,0,0
"994",2023-09-04,10,45,8563,337,0,0,29.3856209150327,0,0,9155,342,0,0,0,0
"995",2023-09-04,10,50,8553,341,0,0,29.3856209150327,0,0,9155,342,0,0,0,0
"996",2023-09-04,10,55,8833,342,0,0,29.3856209150327,0,0,9155,342,0,0,0,0
"997",2023-09-04,11,0,8871,341,0,0,26.576,0,0,10118,399,0,0,0,0
"998",2023-09-04,11,5,9388,367,0,0,26.576,0,0,10118,399,0,0,0,0
"999",2023-09-04,11,10,9754,371,0,0,26.576,0,0,10118,399,0,0,0,0
"1000",2023-09-04,11,15,9062,371,0,0,26.576,0,0,10118,399,0,0,0,0
"1001",2023-09-04,11,20,9018,369,0,0,26.576,0,0,10118,399,0,0,0,0
"1002",2023-09-04,11,25,9318,370,0,0,26.576,0,0,10118,399,0,0,0,0
"1003",2023-09-04,11,30,9966,375,0,0,26.576,0,0,10118,399,0,0,0,0
"1004",2023-09-04,11,35,9696,386,0,0,26.576,0,0,10118,399,0,0,0,0
"1005",2023-09-04,11,40,9645,394,0,0,26.576,0,0,10118,399,0,0,0,0
"1006",2023-09-04,11,45,9708,397,0,0,26.576,0,0,10118,399,0,0,0,0
"1007",2023-09-04,11,50,10073,396,0,0,26.576,0,0,10118,399,0,0,0,0
"1008",2023-09-04,11,55,10118,399,0,0,26.576,0,0,10118,399,0,0,0,0
"1009",2023-09-04,12,0,9551,395,0,0,25.0596618357488,0,0,10374.7,418,0,0,0,0
"1010",2023-09-04,12,5,9164,406,0,0,25.0596618357488,0,0,10374.7,418,0,0,0,0
"1011",2023-09-04,12,10,9164,406,0,0,25.0596618357488,0,0,10374.7,418,0,0,0,0
"1012",2023-09-04,12,15,9279,414,0,0,25.0596618357488,0,0,10374.7,418,0,0,0,0
"1013",2023-09-04,12,20,9170,414,0,0,25.0596618357488,0,0,10374.7,418,0,0,0,0
"1014",2023-09-04,12,25,9462,416,0,0,25.0596618357488,0,0,10374.7,418,0,0,0,0
"1015",2023-09-04,12,30,9786,418,0,0,25.0596618357488,0,0,10374.7,418,0,0,0,0
"1016",2023-09-04,12,35,10218,416,0,0,25.0596618357488,0,0,10374.7,418,0,0,0,0
"1017",2023-09-04,12,40,10326,415,0,0,25.0596618357488,0,0,10374.7,418,0,0,0,0
"1018",2023-09-04,12,45,10374.7,414,0,0,25.0596618357488,0,0,10374.7,418,0,0,0,0
"1019",2023-09-04,12,50,10319.7,412,0,0,25.0596618357488,0,0,10374.7,418,0,0,0,0
"1020",2023-09-04,12,55,10051.7,406,0,0,25.0596618357488,0,0,10374.7,418,0,0,0,0
"1021",2023-09-04,13,0,10160.7,402,0,0,28.3460759493671,0,0,11196.7,402,0,0,0,0
"1022",2023-09-04,13,5,10973.7,399,0,0,28.3460759493671,0,0,11196.7,402,0,0,0,0
"1023",2023-09-04,13,10,10973.7,399,0,0,28.3460759493671,0,0,11196.7,402,0,0,0,0
"1024",2023-09-04,13,15,11196.7,395,0,0,28.3460759493671,0,0,11196.7,402,0,0,0,0
"1025",2023-09-04,13,20,10789.7,389,0,0,28.3460759493671,0,0,11196.7,402,0,0,0,0
"1026",2023-09-04,13,25,10577.7,393,0,0,28.3460759493671,0,0,11196.7,402,0,0,0,0
"1027",2023-09-04,13,30,9886.7,390,0,0,28.3460759493671,0,0,11196.7,402,0,0,0,0
"1028",2023-09-04,13,35,8602.7,382,0,0,28.3460759493671,0,0,11196.7,402,0,0,0,0
"1029",2023-09-04,13,40,8492.7,377,0,0,28.3460759493671,0,0,11196.7,402,0,0,0,0
"1030",2023-09-04,13,45,8278.7,369,0,0,28.3460759493671,0,0,11196.7,402,0,0,0,0
"1031",2023-09-04,13,50,8136.7,367,0,0,28.3460759493671,0,0,11196.7,402,0,0,0,0
"1032",2023-09-04,13,55,8258.7,366,0,0,28.3460759493671,0,0,11196.7,402,0,0,0,0
"1033",2023-09-04,14,0,8360.7,356,0,0,26.5795977011494,0,0,9364.7,356,0,0,0,0
"1034",2023-09-04,14,5,8492.7,343,0,0,26.5795977011494,0,0,9364.7,356,0,0,0,0
"1035",2023-09-04,14,10,8443.7,339,0,0,26.5795977011494,0,0,9364.7,356,0,0,0,0
"1036",2023-09-04,14,15,8277.7,334,0,0,26.5795977011494,0,0,9364.7,356,0,0,0,0
"1037",2023-09-04,14,20,8974.7,342,0,0,26.5795977011494,0,0,9364.7,356,0,0,0,0
"1038",2023-09-04,14,25,8891.7,343,0,0,26.5795977011494,0,0,9364.7,356,0,0,0,0
"1039",2023-09-04,14,30,8994.7,343,0,0,26.5795977011494,0,0,9364.7,356,0,0,0,0
"1040",2023-09-04,14,35,9364.7,354,0,0,26.5795977011494,0,0,9364.7,356,0,0,0,0
"1041",2023-09-04,14,40,9265.7,350,0,0,26.5795977011494,0,0,9364.7,356,0,0,0,0
"1042",2023-09-04,14,45,9249.7,348,0,0,26.5795977011494,0,0,9364.7,356,0,0,0,0
"1043",2023-09-04,14,50,9220.7,353,0,0,26.5795977011494,0,0,9364.7,356,0,0,0,0
"1044",2023-09-04,14,55,9165.7,350,0,0,26.5795977011494,0,0,9364.7,356,0,0,0,0
"1045",2023-09-04,15,0,8832.7,348,0,0,27.289367816092,0,0,9497.7,352,0,0,0,0
"1046",2023-09-04,15,5,8975.7,347,0,0,27.289367816092,0,0,9497.7,352,0,0,0,0
"1047",2023-09-04,15,10,8989.7,349,0,0,27.289367816092,0,0,9497.7,352,0,0,0,0
"1048",2023-09-04,15,15,8869.7,349,0,0,27.289367816092,0,0,9497.7,352,0,0,0,0
"1049",2023-09-04,15,20,9497.7,352,0,0,27.289367816092,0,0,9497.7,352,0,0,0,0
"1050",2023-09-04,15,25,9387.7,347,0,0,27.289367816092,0,0,9497.7,352,0,0,0,0
"1051",2023-09-04,15,30,9496.7,348,0,0,27.289367816092,0,0,9497.7,352,0,0,0,0
"1052",2023-09-04,15,35,8835.7,351,0,0,27.289367816092,0,0,9497.7,352,0,0,0,0
"1053",2023-09-04,15,40,8813.7,351,0,0,27.289367816092,0,0,9497.7,352,0,0,0,0
"1054",2023-09-04,15,45,8747.7,348,0,0,27.289367816092,0,0,9497.7,352,0,0,0,0
"1055",2023-09-04,15,50,8604.7,347,0,0,27.289367816092,0,0,9497.7,352,0,0,0,0
"1056",2023-09-04,15,55,8348.7,348,0,0,27.289367816092,0,0,9497.7,352,0,0,0,0
"1057",2023-09-04,16,0,8872.7,351,0,0,25.8168508287293,0,0,9345.7,368,0,0,0,0
"1058",2023-09-04,16,5,9345.7,362,0,0,25.8168508287293,0,0,9345.7,368,0,0,0,0
"1059",2023-09-04,16,10,9086.7,366,0,0,25.8168508287293,0,0,9345.7,368,0,0,0,0
"1060",2023-09-04,16,15,9009.7,362,0,0,25.8168508287293,0,0,9345.7,368,0,0,0,0
"1061",2023-09-04,16,20,8281.7,360,0,0,25.8168508287293,0,0,9345.7,368,0,0,0,0
"1062",2023-09-04,16,25,8445.7,361,0,0,25.8168508287293,0,0,9345.7,368,0,0,0,0
"1063",2023-09-04,16,30,8184.7,360,0,0,25.8168508287293,0,0,9345.7,368,0,0,0,0
"1064",2023-09-04,16,35,8240.7,360,0,0,25.8168508287293,0,0,9345.7,368,0,0,0,0
"1065",2023-09-04,16,40,8809.7,363,0,0,25.8168508287293,0,0,9345.7,368,0,0,0,0
"1066",2023-09-04,16,45,9342.7,368,0,0,25.8168508287293,0,0,9345.7,368,0,0,0,0
"1067",2023-09-04,16,50,8898.7,363,0,0,25.8168508287293,0,0,9345.7,368,0,0,0,0
"1068",2023-09-04,16,55,8878.7,362,0,0,25.8168508287293,0,0,9345.7,368,0,0,0,0
"1069",2023-09-04,17,0,8745.7,359,0,0,27.572972972973,0,0,8745.7,359,0,0,0,0
"1070",2023-09-04,17,5,8219.7,336,0,0,27.572972972973,0,0,8745.7,359,0,0,0,0
"1071",2023-09-04,17,10,5101,185,0,0,27.572972972973,0,0,8745.7,359,0,0,0,0
"1072",2023-09-04,17,15,8064.7,332,0,0,27.572972972973,0,0,8745.7,359,0,0,0,0
"1073",2023-09-04,17,20,6894.7,281,0,0,27.572972972973,0,0,8745.7,359,0,0,0,0
"1074",2023-09-04,17,25,7361.7,334,0,0,27.572972972973,0,0,8745.7,359,0,0,0,0
"1075",2023-09-04,17,30,7116.7,336,0,0,27.572972972973,0,0,8745.7,359,0,0,0,0
"1076",2023-09-04,17,35,7499.7,339,0,0,27.572972972973,0,0,8745.7,359,0,0,0,0
"1077",2023-09-04,17,40,7919.7,341,0,0,27.572972972973,0,0,8745.7,359,0,0,0,0
"1078",2023-09-04,17,45,8537.7,343,0,0,27.572972972973,0,0,8745.7,359,0,0,0,0
"1079",2023-09-04,17,50,8371.7,342,0,0,27.572972972973,0,0,8745.7,359,0,0,0,0
"1080",2023-09-04,17,55,8174.7,339,0,0,27.572972972973,0,0,8745.7,359,0,0,0,0
"1081",2023-09-04,18,0,8065.7,338,0,0,27.4303125,0,0,8815.7,338,0,0,0,0
"1082",2023-09-04,18,5,8168.7,337,0,0,27.4303125,0,0,8815.7,338,0,0,0,0
"1083",2023-09-04,18,10,8076.7,336,0,0,27.4303125,0,0,8815.7,338,0,0,0,0
"1084",2023-09-04,18,15,7977.7,331,0,0,27.4303125,0,0,8815.7,338,0,0,0,0
"1085",2023-09-04,18,20,7955.7,329,0,0,27.4303125,0,0,8815.7,338,0,0,0,0
"1086",2023-09-04,18,25,8466.7,330,0,0,27.4303125,0,0,8815.7,338,0,0,0,0
"1087",2023-09-04,18,30,8388.7,327,0,0,27.4303125,0,0,8815.7,338,0,0,0,0
"1088",2023-09-04,18,35,8260.7,323,0,0,27.4303125,0,0,8815.7,338,0,0,0,0
"1089",2023-09-04,18,40,7952.7,319,0,0,27.4303125,0,0,8815.7,338,0,0,0,0
"1090",2023-09-04,18,45,8052.7,320,0,0,27.4303125,0,0,8815.7,338,0,0,0,0
"1091",2023-09-04,18,50,8777.7,320,0,0,27.4303125,0,0,8815.7,338,0,0,0,0
"1092",2023-09-04,18,55,8815.7,324,0,0,27.4303125,0,0,8815.7,338,0,0,0,0
"1093",2023-09-04,19,0,8561.7,319,0,0,28.1,0,0,8878.7,319,0,0,0,0
"1094",2023-09-04,19,5,8413.7,312,0,0,28.1,0,0,8878.7,319,0,0,0,0
"1095",2023-09-04,19,10,8777.7,316,0,0,28.1,0,0,8878.7,319,0,0,0,0
"1096",2023-09-04,19,15,8878.7,319,0,0,28.1,0,0,8878.7,319,0,0,0,0
"1097",2023-09-04,19,55,8214.7,297,0,0,28.1,0,0,8878.7,319,0,0,0,0
"1098",2023-09-04,19,20,7894.7,307,0,0,28.1,0,0,8878.7,319,0,0,0,0
"1099",2023-09-04,19,25,8449.7,311,0,0,28.1,0,0,8878.7,319,0,0,0,0
"1100",2023-09-04,19,30,8405.7,308,0,0,28.1,0,0,8878.7,319,0,0,0,0
"1101",2023-09-04,19,35,8065.7,300,0,0,28.1,0,0,8878.7,319,0,0,0,0
"1102",2023-09-04,19,40,8422.7,304,0,0,28.1,0,0,8878.7,319,0,0,0,0
"1103",2023-09-04,19,45,8345.7,297,0,0,28.1,0,0,8878.7,319,0,0,0,0
"1104",2023-09-04,19,50,8247.7,298,0,0,28.1,0,0,8878.7,319,0,0,0,0
"1105",2023-09-04,20,0,8355.7,297,0,0,29.8098591549296,0,0,8466,297,0,0,0,0
"1106",2023-09-04,20,5,7763.7,293,0,0,29.8098591549296,0,0,8466,297,0,0,0,0
"1107",2023-09-04,20,10,7855,289,0,0,29.8098591549296,0,0,8466,297,0,0,0,0
"1108",2023-09-04,20,15,7916,290,0,0,29.8098591549296,0,0,8466,297,0,0,0,0
"1109",2023-09-04,20,20,7610,292,0,0,29.8098591549296,0,0,8466,297,0,0,0,0
"1110",2023-09-04,20,25,7642,291,0,0,29.8098591549296,0,0,8466,297,0,0,0,0
"1111",2023-09-04,20,30,7548,287,0,0,29.8098591549296,0,0,8466,297,0,0,0,0
"1112",2023-09-04,20,35,8090,284,0,0,29.8098591549296,0,0,8466,297,0,0,0,0
"1113",2023-09-04,20,40,8466,284,0,0,29.8098591549296,0,0,8466,297,0,0,0,0
"1114",2023-09-04,20,45,8044,281,0,0,29.8098591549296,0,0,8466,297,0,0,0,0
"1115",2023-09-04,20,50,7933.7,280,0,0,29.8098591549296,0,0,8466,297,0,0,0,0
"1116",2023-09-04,20,55,7736.7,275,0,0,29.8098591549296,0,0,8466,297,0,0,0,0
"1117",2023-09-04,21,0,7725.7,274,0,0,28.1959854014599,0,0,7763.7,279,0,0,0,0
"1118",2023-09-04,21,5,7708.7,279,0,0,28.1959854014599,0,0,7763.7,279,0,0,0,0
"1119",2023-09-04,21,10,7686.7,278,0,0,28.1959854014599,0,0,7763.7,279,0,0,0,0
"1120",2023-09-04,21,15,7369.7,274,0,0,28.1959854014599,0,0,7763.7,279,0,0,0,0
"1121",2023-09-04,21,20,7763.7,278,0,0,28.1959854014599,0,0,7763.7,279,0,0,0,0
"1122",2023-09-04,21,25,7152.7,275,0,0,28.1959854014599,0,0,7763.7,279,0,0,0,0
"1123",2023-09-04,21,30,6829.7,272,0,0,28.1959854014599,0,0,7763.7,279,0,0,0,0
"1124",2023-09-04,21,35,7098.7,279,0,0,28.1959854014599,0,0,7763.7,279,0,0,0,0
"1125",2023-09-04,21,40,6699.7,273,0,0,28.1959854014599,0,0,7763.7,279,0,0,0,0
"1126",2023-09-04,21,45,6911.7,269,0,0,28.1959854014599,0,0,7763.7,279,0,0,0,0
"1127",2023-09-04,21,50,7005.7,272,0,0,28.1959854014599,0,0,7763.7,279,0,0,0,0
"1128",2023-09-04,21,55,6749.7,273,0,0,28.1959854014599,0,0,7763.7,279,0,0,0,0
"1129",2023-09-04,22,50,6640.7,266,0,0,25.7414179104478,0,0,6898.7,271,0,0,0,0
"1130",2023-09-04,22,55,6651.7,267,0,0,25.7414179104478,0,0,6898.7,271,0,0,0,0
"1131",2023-09-04,22,0,6767.7,271,0,0,25.7414179104478,0,0,6898.7,271,0,0,0,0
"1132",2023-09-04,22,5,6579.7,266,0,0,25.7414179104478,0,0,6898.7,271,0,0,0,0
"1133",2023-09-04,22,10,6628.7,266,0,0,25.7414179104478,0,0,6898.7,271,0,0,0,0
"1134",2023-09-04,22,15,6898.7,268,0,0,25.7414179104478,0,0,6898.7,271,0,0,0,0
"1135",2023-09-04,22,20,6759.7,269,0,0,25.7414179104478,0,0,6898.7,271,0,0,0,0
"1136",2023-09-04,22,25,6617.7,267,0,0,25.7414179104478,0,0,6898.7,271,0,0,0,0
"1137",2023-09-04,22,30,6590.7,264,0,0,25.7414179104478,0,0,6898.7,271,0,0,0,0
"1138",2023-09-04,22,35,6425.7,265,0,0,25.7414179104478,0,0,6898.7,271,0,0,0,0
"1139",2023-09-04,22,40,6786.7,266,0,0,25.7414179104478,0,0,6898.7,271,0,0,0,0
"1140",2023-09-04,22,45,6608.7,265,0,0,25.7414179104478,0,0,6898.7,271,0,0,0,0
"1141",2023-09-04,23,0,6624.7,268,0,0,25.0029914529915,0,0,6624.7,268,0,0,0,0
"1142",2023-09-04,23,5,5653.7,251,0,0,25.0029914529915,0,0,6624.7,268,0,0,0,0
"1143",2023-09-04,23,10,5650.7,248,0,0,25.0029914529915,0,0,6624.7,268,0,0,0,0
"1144",2023-09-04,23,15,5734.7,250,0,0,25.0029914529915,0,0,6624.7,268,0,0,0,0
"1145",2023-09-04,23,20,5384.7,249,0,0,25.0029914529915,0,0,6624.7,268,0,0,0,0
"1146",2023-09-04,23,25,5411.7,248,0,0,25.0029914529915,0,0,6624.7,268,0,0,0,0
"1147",2023-09-04,23,30,5367.7,244,0,0,25.0029914529915,0,0,6624.7,268,0,0,0,0
"1148",2023-09-04,23,35,5178.7,236,0,0,25.0029914529915,0,0,6624.7,268,0,0,0,0
"1149",2023-09-04,23,40,5305.7,235,0,0,25.0029914529915,0,0,6624.7,268,0,0,0,0
"1150",2023-09-04,23,45,5572.7,234,0,0,25.0029914529915,0,0,6624.7,268,0,0,0,0
"1151",2023-09-04,23,50,5850.7,234,0,0,25.0029914529915,0,0,6624.7,268,0,0,0,0
"1152",2023-09-04,23,55,5397.7,230,0,0,25.0029914529915,0,0,6624.7,268,0,0,0,0
"1153",2023-09-05,0,0,5945.1,244,0,0,25.0495535714286,0,0,5945.1,244,0,0,0,0
"1154",2023-09-05,0,5,5839.1,235,0,0,25.0495535714286,0,0,5945.1,244,0,0,0,0
"1155",2023-09-05,0,10,5615.1,231,0,0,25.0495535714286,0,0,5945.1,244,0,0,0,0
"1156",2023-09-05,0,15,5549.1,228,0,0,25.0495535714286,0,0,5945.1,244,0,0,0,0
"1157",2023-09-05,0,20,5688.1,228,0,0,25.0495535714286,0,0,5945.1,244,0,0,0,0
"1158",2023-09-05,0,25,5611.1,224,0,0,25.0495535714286,0,0,5945.1,244,0,0,0,0
"1159",2023-09-05,0,30,5409.1,222,0,0,25.0495535714286,0,0,5945.1,244,0,0,0,0
"1160",2023-09-05,0,35,5168.1,210,0,0,25.0495535714286,0,0,5945.1,244,0,0,0,0
"1161",2023-09-05,0,40,4780.1,205,0,0,25.0495535714286,0,0,5945.1,244,0,0,0,0
"1162",2023-09-05,0,45,4780.1,205,0,0,25.0495535714286,0,0,5945.1,244,0,0,0,0
"1163",2023-09-05,0,50,5091.1,206,0,0,25.0495535714286,0,0,5945.1,244,0,0,0,0
"1164",2023-09-05,0,55,4791.1,205,0,0,25.0495535714286,0,0,5945.1,244,0,0,0,0
"1165",2023-09-05,1,0,4791.1,205,0,0,23.3893939393939,0,0,4791.1,205,0,0,0,0
"1166",2023-09-05,1,5,4675.1,201,0,0,23.3893939393939,0,0,4791.1,205,0,0,0,0
"1167",2023-09-05,1,10,4675.1,201,0,0,23.3893939393939,0,0,4791.1,205,0,0,0,0
"1168",2023-09-05,1,15,4664.1,200,0,0,23.3893939393939,0,0,4791.1,205,0,0,0,0
"1169",2023-09-05,1,20,4631.1,198,0,0,23.3893939393939,0,0,4791.1,205,0,0,0,0
"1170",2023-09-05,1,25,4331.1,197,0,0,23.3893939393939,0,0,4791.1,205,0,0,0,0
"1171",2023-09-05,1,30,4309.1,196,0,0,23.3893939393939,0,0,4791.1,205,0,0,0,0
"1172",2023-09-05,1,35,4218.1,195,0,0,23.3893939393939,0,0,4791.1,205,0,0,0,0
"1173",2023-09-05,1,40,4196.1,194,0,0,23.3893939393939,0,0,4791.1,205,0,0,0,0
"1174",2023-09-05,1,45,4174.1,193,0,0,23.3893939393939,0,0,4791.1,205,0,0,0,0
"1175",2023-09-05,1,50,4185.1,193,0,0,23.3893939393939,0,0,4791.1,205,0,0,0,0
"1176",2023-09-05,1,55,4235.1,194,0,0,23.3893939393939,0,0,4791.1,205,0,0,0,0
"1177",2023-09-05,2,0,3785.7,185,0,0,20.4632432432432,0,0,3785.7,185,0,0,0,0
"1178",2023-09-05,2,5,3763.7,184,0,0,20.4632432432432,0,0,3785.7,185,0,0,0,0
"1179",2023-09-05,2,10,3763.7,184,0,0,20.4632432432432,0,0,3785.7,185,0,0,0,0
"1180",2023-09-05,2,15,3763.7,184,0,0,20.4632432432432,0,0,3785.7,185,0,0,0,0
"1181",2023-09-05,2,20,3763.7,184,0,0,20.4632432432432,0,0,3785.7,185,0,0,0,0
"1182",2023-09-05,2,25,3719.7,182,0,0,20.4632432432432,0,0,3785.7,185,0,0,0,0
"1183",2023-09-05,2,30,3697.7,181,0,0,20.4632432432432,0,0,3785.7,185,0,0,0,0
"1184",2023-09-05,2,35,3576.7,179,0,0,20.4632432432432,0,0,3785.7,185,0,0,0,0
"1185",2023-09-05,2,40,3576.7,179,0,0,20.4632432432432,0,0,3785.7,185,0,0,0,0
"1186",2023-09-05,2,45,3598.7,180,0,0,20.4632432432432,0,0,3785.7,185,0,0,0,0
"1187",2023-09-05,2,50,3598.7,180,0,0,20.4632432432432,0,0,3785.7,185,0,0,0,0
"1188",2023-09-05,2,55,3598.7,180,0,0,20.4632432432432,0,0,3785.7,185,0,0,0,0
"1189",2023-09-05,3,0,3598.7,180,0,0,21.0268571428571,0,0,3712.7,180,0,0,0,0
"1190",2023-09-05,3,5,3532.7,177,0,0,21.0268571428571,0,0,3712.7,180,0,0,0,0
"1191",2023-09-05,3,10,3521.7,176,0,0,21.0268571428571,0,0,3712.7,180,0,0,0,0
"1192",2023-09-05,3,15,3521.7,176,0,0,21.0268571428571,0,0,3712.7,180,0,0,0,0
"1193",2023-09-05,3,20,3521.7,176,0,0,21.0268571428571,0,0,3712.7,180,0,0,0,0
"1194",2023-09-05,3,25,3521.7,176,0,0,21.0268571428571,0,0,3712.7,180,0,0,0,0
"1195",2023-09-05,3,30,3521.7,176,0,0,21.0268571428571,0,0,3712.7,180,0,0,0,0
"1196",2023-09-05,3,35,3712.7,177,0,0,21.0268571428571,0,0,3712.7,180,0,0,0,0
"1197",2023-09-05,3,40,3679.7,175,0,0,21.0268571428571,0,0,3712.7,180,0,0,0,0
"1198",2023-09-05,3,45,3679.7,175,0,0,21.0268571428571,0,0,3712.7,180,0,0,0,0
"1199",2023-09-05,3,50,3679.7,175,0,0,21.0268571428571,0,0,3712.7,180,0,0,0,0
"1200",2023-09-05,3,55,3679.7,175,0,0,21.0268571428571,0,0,3712.7,180,0,0,0,0
"1201",2023-09-05,4,0,3477.7,173,0,0,20.1658959537572,0,0,3499.7,174,0,0,0,0
"1202",2023-09-05,4,5,3499.7,174,0,0,20.1658959537572,0,0,3499.7,174,0,0,0,0
"1203",2023-09-05,4,10,3499.7,174,0,0,20.1658959537572,0,0,3499.7,174,0,0,0,0
"1204",2023-09-05,4,15,3499.7,174,0,0,20.1658959537572,0,0,3499.7,174,0,0,0,0
"1205",2023-09-05,4,20,3477.7,173,0,0,20.1658959537572,0,0,3499.7,174,0,0,0,0
"1206",2023-09-05,4,25,3499.7,174,0,0,20.1658959537572,0,0,3499.7,174,0,0,0,0
"1207",2023-09-05,4,30,3499.7,174,0,0,20.1658959537572,0,0,3499.7,174,0,0,0,0
"1208",2023-09-05,4,35,3499.7,174,0,0,20.1658959537572,0,0,3499.7,174,0,0,0,0
"1209",2023-09-05,4,40,3488.7,173,0,0,20.1658959537572,0,0,3499.7,174,0,0,0,0
"1210",2023-09-05,4,45,3466.7,172,0,0,20.1658959537572,0,0,3499.7,174,0,0,0,0
"1211",2023-09-05,4,50,3466.7,172,0,0,20.1658959537572,0,0,3499.7,174,0,0,0,0
"1212",2023-09-05,4,55,3466.7,172,0,0,20.1658959537572,0,0,3499.7,174,0,0,0,0
"1213",2023-09-05,5,0,3466.7,172,0,0,20.8286549707602,0,0,3561.7,172,0,0,0,0
"1214",2023-09-05,5,5,3466.7,172,0,0,20.8286549707602,0,0,3561.7,172,0,0,0,0
"1215",2023-09-05,5,10,3444.7,171,0,0,20.8286549707602,0,0,3561.7,172,0,0,0,0
"1216",2023-09-05,5,15,3433.7,170,0,0,20.8286549707602,0,0,3561.7,172,0,0,0,0
"1217",2023-09-05,5,20,3411.7,169,0,0,20.8286549707602,0,0,3561.7,172,0,0,0,0
"1218",2023-09-05,5,25,3411.7,169,0,0,20.8286549707602,0,0,3561.7,172,0,0,0,0
"1219",2023-09-05,5,30,3411.7,169,0,0,20.8286549707602,0,0,3561.7,172,0,0,0,0
"1220",2023-09-05,5,35,3561.7,171,0,0,20.8286549707602,0,0,3561.7,172,0,0,0,0
"1221",2023-09-05,5,40,3539.7,170,0,0,20.8286549707602,0,0,3561.7,172,0,0,0,0
"1222",2023-09-05,5,45,3539.7,170,0,0,20.8286549707602,0,0,3561.7,172,0,0,0,0
"1223",2023-09-05,5,50,3539.7,170,0,0,20.8286549707602,0,0,3561.7,172,0,0,0,0
"1224",2023-09-05,5,55,3539.7,170,0,0,20.8286549707602,0,0,3561.7,172,0,0,0,0
"1225",2023-09-05,6,0,3517.7,169,0,0,20.9860606060606,0,0,3517.7,169,0,0,0,0
"1226",2023-09-05,6,5,3517.7,169,0,0,20.9860606060606,0,0,3517.7,169,0,0,0,0
"1227",2023-09-05,6,10,3517.7,169,0,0,20.9860606060606,0,0,3517.7,169,0,0,0,0
"1228",2023-09-05,6,15,3506.7,168,0,0,20.9860606060606,0,0,3517.7,169,0,0,0,0
"1229",2023-09-05,6,20,3506.7,168,0,0,20.9860606060606,0,0,3517.7,169,0,0,0,0
"1230",2023-09-05,6,25,3484.7,167,0,0,20.9860606060606,0,0,3517.7,169,0,0,0,0
"1231",2023-09-05,6,30,3484.7,167,0,0,20.9860606060606,0,0,3517.7,169,0,0,0,0
"1232",2023-09-05,6,35,3462.7,165,0,0,20.9860606060606,0,0,3517.7,169,0,0,0,0
"1233",2023-09-05,6,40,3462.7,165,0,0,20.9860606060606,0,0,3517.7,169,0,0,0,0
"1234",2023-09-05,6,45,3462.7,165,0,0,20.9860606060606,0,0,3517.7,169,0,0,0,0
"1235",2023-09-05,6,50,3462.7,165,0,0,20.9860606060606,0,0,3517.7,169,0,0,0,0
"1236",2023-09-05,6,55,3462.7,165,0,0,20.9860606060606,0,0,3517.7,169,0,0,0,0
"1237",2023-09-05,7,0,3451.7,164,0,0,22.7347305389222,0,0,3818.7,168,0,0,0,0
"1238",2023-09-05,7,5,3534.7,166,0,0,22.7347305389222,0,0,3818.7,168,0,0,0,0
"1239",2023-09-05,7,10,3534.7,166,0,0,22.7347305389222,0,0,3818.7,168,0,0,0,0
"1240",2023-09-05,7,15,3534.7,166,0,0,22.7347305389222,0,0,3818.7,168,0,0,0,0
"1241",2023-09-05,7,20,3512.7,165,0,0,22.7347305389222,0,0,3818.7,168,0,0,0,0
"1242",2023-09-05,7,25,3512.7,165,0,0,22.7347305389222,0,0,3818.7,168,0,0,0,0
"1243",2023-09-05,7,30,3534.7,166,0,0,22.7347305389222,0,0,3818.7,168,0,0,0,0
"1244",2023-09-05,7,35,3484.7,165,0,0,22.7347305389222,0,0,3818.7,168,0,0,0,0
"1245",2023-09-05,7,40,3796.7,167,0,0,22.7347305389222,0,0,3818.7,168,0,0,0,0
"1246",2023-09-05,7,45,3796.7,167,0,0,22.7347305389222,0,0,3818.7,168,0,0,0,0
"1247",2023-09-05,7,50,3818.7,168,0,0,22.7347305389222,0,0,3818.7,168,0,0,0,0
"1248",2023-09-05,7,55,3807.7,168,0,0,22.7347305389222,0,0,3818.7,168,0,0,0,0
"1249",2023-09-05,8,0,3818.7,169,0,0,25.0928961748634,0,0,5147,207,0,0,0,0
"1250",2023-09-05,8,5,3912.7,172,0,0,25.0928961748634,0,0,5147,207,0,0,0,0
"1251",2023-09-05,8,10,3909,171,0,0,25.0928961748634,0,0,5147,207,0,0,0,0
"1252",2023-09-05,8,15,4002,174,0,0,25.0928961748634,0,0,5147,207,0,0,0,0
"1253",2023-09-05,8,20,4079,179,0,0,25.0928961748634,0,0,5147,207,0,0,0,0
"1254",2023-09-05,8,25,4592,183,0,0,25.0928961748634,0,0,5147,207,0,0,0,0
"1255",2023-09-05,8,30,4047,184,0,0,25.0928961748634,0,0,5147,207,0,0,0,0
"1256",2023-09-05,8,35,4671,190,0,0,25.0928961748634,0,0,5147,207,0,0,0,0
"1257",2023-09-05,8,40,4787,198,0,0,25.0928961748634,0,0,5147,207,0,0,0,0
"1258",2023-09-05,8,45,4853,201,0,0,25.0928961748634,0,0,5147,207,0,0,0,0
"1259",2023-09-05,8,50,5147,207,0,0,25.0928961748634,0,0,5147,207,0,0,0,0
"1260",2023-09-05,8,55,5092,204,0,0,25.0928961748634,0,0,5147,207,0,0,0,0
"1261",2023-09-05,9,0,5114,204,0,0,25.8609865470852,0,0,6017,245,0,0,0,0
"1262",2023-09-05,9,5,5368,217,0,0,25.8609865470852,0,0,6017,245,0,0,0,0
"1263",2023-09-05,9,10,5767,223,0,0,25.8609865470852,0,0,6017,245,0,0,0,0
"1264",2023-09-05,9,15,5492,224,0,0,25.8609865470852,0,0,6017,245,0,0,0,0
"1265",2023-09-05,9,20,5635,233,0,0,25.8609865470852,0,0,6017,245,0,0,0,0
"1266",2023-09-05,9,25,5738,238,0,0,25.8609865470852,0,0,6017,245,0,0,0,0
"1267",2023-09-05,9,30,6017,245,0,0,25.8609865470852,0,0,6017,245,0,0,0,0
"1268",2023-09-05,9,35,5926,237,0,0,25.8609865470852,0,0,6017,245,0,0,0,0
"1269",2023-09-05,9,40,5937,237,0,0,25.8609865470852,0,0,6017,245,0,0,0,0
"1270",2023-09-05,9,45,5904,236,0,0,25.8609865470852,0,0,6017,245,0,0,0,0
"1271",2023-09-05,9,50,5637,237,0,0,25.8609865470852,0,0,6017,245,0,0,0,0
"1272",2023-09-05,9,55,5736,243,0,0,25.8609865470852,0,0,6017,245,0,0,0,0
"1273",2023-09-05,10,0,5388,248,0,0,23.9016611295681,0,0,7273.4,310,0,0,0,0
"1274",2023-09-05,10,5,5903.4,266,0,0,23.9016611295681,0,0,7273.4,310,0,0,0,0
"1275",2023-09-05,10,10,6105.4,268,0,0,23.9016611295681,0,0,7273.4,310,0,0,0,0
"1276",2023-09-05,10,15,6121.4,271,0,0,23.9016611295681,0,0,7273.4,310,0,0,0,0
"1277",2023-09-05,10,20,6187.4,273,0,0,23.9016611295681,0,0,7273.4,310,0,0,0,0
"1278",2023-09-05,10,25,5903.4,275,0,0,23.9016611295681,0,0,7273.4,310,0,0,0,0
"1279",2023-09-05,10,30,5870.4,273,0,0,23.9016611295681,0,0,7273.4,310,0,0,0,0
"1280",2023-09-05,10,35,7139.4,299,0,0,23.9016611295681,0,0,7273.4,310,0,0,0,0
"1281",2023-09-05,10,40,7117.4,298,0,0,23.9016611295681,0,0,7273.4,310,0,0,0,0
"1282",2023-09-05,10,45,7194.4,301,0,0,23.9016611295681,0,0,7273.4,310,0,0,0,0
"1283",2023-09-05,10,50,6883.4,301,0,0,23.9016611295681,0,0,7273.4,310,0,0,0,0
"1284",2023-09-05,10,55,7273.4,310,0,0,23.9016611295681,0,0,7273.4,310,0,0,0,0
"1285",2023-09-05,11,0,7289.4,308,0,0,26.7459459459459,0,0,9102.4,353,0,0,0,0
"1286",2023-09-05,11,5,8096.4,322,0,0,26.7459459459459,0,0,9102.4,353,0,0,0,0
"1287",2023-09-05,11,10,8390.4,325,0,0,26.7459459459459,0,0,9102.4,353,0,0,0,0
"1288",2023-09-05,11,15,8476.4,332,0,0,26.7459459459459,0,0,9102.4,353,0,0,0,0
"1289",2023-09-05,11,20,8498.4,333,0,0,26.7459459459459,0,0,9102.4,353,0,0,0,0
"1290",2023-09-05,11,25,8906.4,333,0,0,26.7459459459459,0,0,9102.4,353,0,0,0,0
"1291",2023-09-05,11,30,8972.4,338,0,0,26.7459459459459,0,0,9102.4,353,0,0,0,0
"1292",2023-09-05,11,35,8638.4,345,0,0,26.7459459459459,0,0,9102.4,353,0,0,0,0
"1293",2023-09-05,11,40,9102.4,349,0,0,26.7459459459459,0,0,9102.4,353,0,0,0,0
"1294",2023-09-05,11,45,8813.4,350,0,0,26.7459459459459,0,0,9102.4,353,0,0,0,0
"1295",2023-09-05,11,50,8813.4,349,0,0,26.7459459459459,0,0,9102.4,353,0,0,0,0
"1296",2023-09-05,11,55,8471.4,353,0,0,26.7459459459459,0,0,9102.4,353,0,0,0,0
"1297",2023-09-05,12,0,8182.4,352,0,0,23.6983333333333,0,0,8531.4,362,0,0,0,0
"1298",2023-09-05,12,5,8334.4,356,0,0,23.6983333333333,0,0,8531.4,362,0,0,0,0
"1299",2023-09-05,12,10,7901.4,352,0,0,23.6983333333333,0,0,8531.4,362,0,0,0,0
"1300",2023-09-05,12,15,7945.4,355,0,0,23.6983333333333,0,0,8531.4,362,0,0,0,0
"1301",2023-09-05,12,20,8176.1,361,0,0,23.6983333333333,0,0,8531.4,362,0,0,0,0
"1302",2023-09-05,12,25,8266.1,359,0,0,23.6983333333333,0,0,8531.4,362,0,0,0,0
"1303",2023-09-05,12,30,8117.1,354,0,0,23.6983333333333,0,0,8531.4,362,0,0,0,0
"1304",2023-09-05,12,35,8258.1,362,0,0,23.6983333333333,0,0,8531.4,362,0,0,0,0
"1305",2023-09-05,12,40,8172.1,358,0,0,23.6983333333333,0,0,8531.4,362,0,0,0,0
"1306",2023-09-05,12,45,8290.4,361,0,0,23.6983333333333,0,0,8531.4,362,0,0,0,0
"1307",2023-09-05,12,50,8496.4,362,0,0,23.6983333333333,0,0,8531.4,362,0,0,0,0
"1308",2023-09-05,12,55,8531.4,360,0,0,23.6983333333333,0,0,8531.4,362,0,0,0,0
"1309",2023-09-05,13,0,8458,356,0,0,23.7584269662921,0,0,8458,357,0,0,0,0
"1310",2023-09-05,13,5,7653,357,0,0,23.7584269662921,0,0,8458,357,0,0,0,0
"1311",2023-09-05,13,10,7382,350,0,0,23.7584269662921,0,0,8458,357,0,0,0,0
"1312",2023-09-05,13,15,7682,351,0,0,23.7584269662921,0,0,8458,357,0,0,0,0
"1313",2023-09-05,13,20,7444,345,0,0,23.7584269662921,0,0,8458,357,0,0,0,0
"1314",2023-09-05,13,25,7143,344,0,0,23.7584269662921,0,0,8458,357,0,0,0,0
"1315",2023-09-05,13,30,7093,343,0,0,23.7584269662921,0,0,8458,357,0,0,0,0
"1316",2023-09-05,13,35,7366,345,0,0,23.7584269662921,0,0,8458,357,0,0,0,0
"1317",2023-09-05,13,40,7604,342,0,0,23.7584269662921,0,0,8458,357,0,0,0,0
"1318",2023-09-05,13,45,7950,348,0,0,23.7584269662921,0,0,8458,357,0,0,0,0
"1319",2023-09-05,13,50,8059,348,0,0,23.7584269662921,0,0,8458,357,0,0,0,0
"1320",2023-09-05,13,55,8065,347,0,0,23.7584269662921,0,0,8458,357,0,0,0,0
"1321",2023-09-05,14,25,9272,340,0,0,27.2705882352941,0,0,9272,343,0,0,0,0
"1322",2023-09-05,14,30,9152,340,0,0,27.2705882352941,0,0,9272,343,0,0,0,0
"1323",2023-09-05,14,35,8945,337,0,0,27.2705882352941,0,0,9272,343,0,0,0,0
"1324",2023-09-05,14,40,8721,336,0,0,27.2705882352941,0,0,9272,343,0,0,0,0
"1325",2023-09-05,14,45,8940,341,0,0,27.2705882352941,0,0,9272,343,0,0,0,0
"1326",2023-09-05,14,50,8689,336,0,0,27.2705882352941,0,0,9272,343,0,0,0,0
"1327",2023-09-05,14,55,8438,335,0,0,27.2705882352941,0,0,9272,343,0,0,0,0
"1328",2023-09-05,14,0,8064,343,0,0,27.2705882352941,0,0,9272,343,0,0,0,0
"1329",2023-09-05,14,5,8381,342,0,0,27.2705882352941,0,0,9272,343,0,0,0,0
"1330",2023-09-05,14,10,8714,341,0,0,27.2705882352941,0,0,9272,343,0,0,0,0
"1331",2023-09-05,14,15,8725,341,0,0,27.2705882352941,0,0,9272,343,0,0,0,0
"1332",2023-09-05,14,20,8827,343,0,0,27.2705882352941,0,0,9272,343,0,0,0,0
"1333",2023-09-05,15,0,8741.7,337,0,0,26.7610119047619,0,0,8991.7,337,0,0,0,0
"1334",2023-09-05,15,5,8058.7,327,0,0,26.7610119047619,0,0,8991.7,337,0,0,0,0
"1335",2023-09-05,15,10,8153.7,327,0,0,26.7610119047619,0,0,8991.7,337,0,0,0,0
"1336",2023-09-05,15,15,8570.7,329,0,0,26.7610119047619,0,0,8991.7,337,0,0,0,0
"1337",2023-09-05,15,20,8270.7,328,0,0,26.7610119047619,0,0,8991.7,337,0,0,0,0
"1338",2023-09-05,15,25,8314.7,331,0,0,26.7610119047619,0,0,8991.7,337,0,0,0,0
"1339",2023-09-05,15,30,8991.7,336,0,0,26.7610119047619,0,0,8991.7,337,0,0,0,0
"1340",2023-09-05,15,35,8457.7,327,0,0,26.7610119047619,0,0,8991.7,337,0,0,0,0
"1341",2023-09-05,15,40,8192.7,329,0,0,26.7610119047619,0,0,8991.7,337,0,0,0,0
"1342",2023-09-05,15,45,7814.7,330,0,0,26.7610119047619,0,0,8991.7,337,0,0,0,0
"1343",2023-09-05,15,50,7991.1,334,0,0,26.7610119047619,0,0,8991.7,337,0,0,0,0
"1344",2023-09-05,15,55,7866.1,337,0,0,26.7610119047619,0,0,8991.7,337,0,0,0,0
"1345",2023-09-05,16,0,7888.1,338,0,0,24.7510385756677,0,0,8341.1,343,0,0,0,0
"1346",2023-09-05,16,5,8341.1,337,0,0,24.7510385756677,0,0,8341.1,343,0,0,0,0
"1347",2023-09-05,16,10,8241.1,335,0,0,24.7510385756677,0,0,8341.1,343,0,0,0,0
"1348",2023-09-05,16,15,7932.1,335,0,0,24.7510385756677,0,0,8341.1,343,0,0,0,0
"1349",2023-09-05,16,20,7932.1,335,0,0,24.7510385756677,0,0,8341.1,343,0,0,0,0
"1350",2023-09-05,16,25,8019.1,339,0,0,24.7510385756677,0,0,8341.1,343,0,0,0,0
"1351",2023-09-05,16,30,8264.1,337,0,0,24.7510385756677,0,0,8341.1,343,0,0,0,0
"1352",2023-09-05,16,35,7657.1,334,0,0,24.7510385756677,0,0,8341.1,343,0,0,0,0
"1353",2023-09-05,16,40,7613.1,332,0,0,24.7510385756677,0,0,8341.1,343,0,0,0,0
"1354",2023-09-05,16,45,7540.1,333,0,0,24.7510385756677,0,0,8341.1,343,0,0,0,0
"1355",2023-09-05,16,50,7649.1,338,0,0,24.7510385756677,0,0,8341.1,343,0,0,0,0
"1356",2023-09-05,16,55,7781.1,343,0,0,24.7510385756677,0,0,8341.1,343,0,0,0,0
"1357",2023-09-05,17,0,7565.1,343,0,0,27.6670682730924,0,0,9279.1,352,0,0,0,0
"1358",2023-09-05,17,5,8801.1,352,0,0,27.6670682730924,0,0,9279.1,352,0,0,0,0
"1359",2023-09-05,17,10,6889.1,249,0,0,27.6670682730924,0,0,9279.1,352,0,0,0,0
"1360",2023-09-05,17,15,6611.1,249,0,0,27.6670682730924,0,0,9279.1,352,0,0,0,0
"1361",2023-09-05,17,20,8867.1,350,0,0,27.6670682730924,0,0,9279.1,352,0,0,0,0
"1362",2023-09-05,17,25,9279.1,349,0,0,27.6670682730924,0,0,9279.1,352,0,0,0,0
"1363",2023-09-05,17,30,9085.1,345,0,0,27.6670682730924,0,0,9279.1,352,0,0,0,0
"1364",2023-09-05,17,35,8545.1,343,0,0,27.6670682730924,0,0,9279.1,352,0,0,0,0
"1365",2023-09-05,17,40,8322.1,343,0,0,27.6670682730924,0,0,9279.1,352,0,0,0,0
"1366",2023-09-05,17,45,8139.1,340,0,0,27.6670682730924,0,0,9279.1,352,0,0,0,0
"1367",2023-09-05,17,50,8343.1,338,0,0,27.6670682730924,0,0,9279.1,352,0,0,0,0
"1368",2023-09-05,17,55,8542.1,338,0,0,27.6670682730924,0,0,9279.1,352,0,0,0,0
"1369",2023-09-05,18,15,9252.1,336,0,0,28.0949704142012,0,0,9496.1,338,0,0,0,0
"1370",2023-09-05,18,20,8831.1,329,0,0,28.0949704142012,0,0,9496.1,338,0,0,0,0
"1371",2023-09-05,18,25,8984.1,330,0,0,28.0949704142012,0,0,9496.1,338,0,0,0,0
"1372",2023-09-05,18,30,8574.1,324,0,0,28.0949704142012,0,0,9496.1,338,0,0,0,0
"1373",2023-09-05,18,35,8309.1,310,0,0,28.0949704142012,0,0,9496.1,338,0,0,0,0
"1374",2023-09-05,18,40,8233.1,315,0,0,28.0949704142012,0,0,9496.1,338,0,0,0,0
"1375",2023-09-05,18,45,8035.1,316,0,0,28.0949704142012,0,0,9496.1,338,0,0,0,0
"1376",2023-09-05,18,50,8097.1,311,0,0,28.0949704142012,0,0,9496.1,338,0,0,0,0
"1377",2023-09-05,18,55,7840.1,306,0,0,28.0949704142012,0,0,9496.1,338,0,0,0,0
"1378",2023-09-05,18,10,9496.1,338,0,0,28.0949704142012,0,0,9496.1,338,0,0,0,0
"1379",2023-09-05,18,0,8542.1,336,0,0,28.0949704142012,0,0,9496.1,338,0,0,0,0
"1380",2023-09-05,18,5,9377.1,337,0,0,28.0949704142012,0,0,9496.1,338,0,0,0,0
"1381",2023-09-05,19,0,8012.4,311,0,0,26.95625,0,0,8161.4,311,0,0,0,0
"1382",2023-09-05,19,5,7060.4,301,0,0,26.95625,0,0,8161.4,311,0,0,0,0
"1383",2023-09-05,19,10,7758.4,303,0,0,26.95625,0,0,8161.4,311,0,0,0,0
"1384",2023-09-05,19,15,8161.4,306,0,0,26.95625,0,0,8161.4,311,0,0,0,0
"1385",2023-09-05,19,20,8156.4,303,0,0,26.95625,0,0,8161.4,311,0,0,0,0
"1386",2023-09-05,19,25,7845.4,301,0,0,26.95625,0,0,8161.4,311,0,0,0,0
"1387",2023-09-05,19,30,7834.4,301,0,0,26.95625,0,0,8161.4,311,0,0,0,0
"1388",2023-09-05,19,35,7746.4,289,0,0,26.95625,0,0,8161.4,311,0,0,0,0
"1389",2023-09-05,19,40,7763.4,288,0,0,26.95625,0,0,8161.4,311,0,0,0,0
"1390",2023-09-05,19,45,7890.4,294,0,0,26.95625,0,0,8161.4,311,0,0,0,0
"1391",2023-09-05,19,50,7928.4,297,0,0,26.95625,0,0,8161.4,311,0,0,0,0
"1392",2023-09-05,19,55,7665.4,294,0,0,26.95625,0,0,8161.4,311,0,0,0,0
"1393",2023-09-05,20,55,7246.8,284,0,0,25.895652173913,0,0,7742.8,299,0,0,0,0
"1394",2023-09-05,20,0,7202.4,292,0,0,25.895652173913,0,0,7742.8,299,0,0,0,0
"1395",2023-09-05,20,5,6799.4,288,0,0,25.895652173913,0,0,7742.8,299,0,0,0,0
"1396",2023-09-05,20,10,6806.4,289,0,0,25.895652173913,0,0,7742.8,299,0,0,0,0
"1397",2023-09-05,20,15,6670.4,291,0,0,25.895652173913,0,0,7742.8,299,0,0,0,0
"1398",2023-09-05,20,20,6648.4,290,0,0,25.895652173913,0,0,7742.8,299,0,0,0,0
"1399",2023-09-05,20,25,7162.1,298,0,0,25.895652173913,0,0,7742.8,299,0,0,0,0
"1400",2023-09-05,20,30,7112.1,298,0,0,25.895652173913,0,0,7742.8,299,0,0,0,0
"1401",2023-09-05,20,35,7742.8,299,0,0,25.895652173913,0,0,7742.8,299,0,0,0,0
"1402",2023-09-05,20,40,7109.8,294,0,0,25.895652173913,0,0,7742.8,299,0,0,0,0
"1403",2023-09-05,20,45,7159.8,292,0,0,25.895652173913,0,0,7742.8,299,0,0,0,0
"1404",2023-09-05,20,50,7132.8,289,0,0,25.895652173913,0,0,7742.8,299,0,0,0,0
"1405",2023-09-05,21,0,7375.8,284,0,0,29.4414035087719,0,0,8390.8,291,0,0,0,0
"1406",2023-09-05,21,5,8258.8,284,0,0,29.4414035087719,0,0,8390.8,291,0,0,0,0
"1407",2023-09-05,21,10,8386.8,285,0,0,29.4414035087719,0,0,8390.8,291,0,0,0,0
"1408",2023-09-05,21,15,8390.8,285,0,0,29.4414035087719,0,0,8390.8,291,0,0,0,0
"1409",2023-09-05,21,20,8035.8,279,0,0,29.4414035087719,0,0,8390.8,291,0,0,0,0
"1410",2023-09-05,21,25,7882.1,277,0,0,29.4414035087719,0,0,8390.8,291,0,0,0,0
"1411",2023-09-05,21,30,7539.1,275,0,0,29.4414035087719,0,0,8390.8,291,0,0,0,0
"1412",2023-09-05,21,35,7231.1,287,0,0,29.4414035087719,0,0,8390.8,291,0,0,0,0
"1413",2023-09-05,21,40,7593.1,289,0,0,29.4414035087719,0,0,8390.8,291,0,0,0,0
"1414",2023-09-05,21,45,7626.1,291,0,0,29.4414035087719,0,0,8390.8,291,0,0,0,0
"1415",2023-09-05,21,50,7414.1,291,0,0,29.4414035087719,0,0,8390.8,291,0,0,0,0
"1416",2023-09-05,21,55,7381.1,290,0,0,29.4414035087719,0,0,8390.8,291,0,0,0,0
"1417",2023-09-05,22,0,6887.1,287,0,0,26.0225925925926,0,0,7390.1,290,0,0,0,0
"1418",2023-09-05,22,5,6670.1,285,0,0,26.0225925925926,0,0,7390.1,290,0,0,0,0
"1419",2023-09-05,22,10,6664.1,286,0,0,26.0225925925926,0,0,7390.1,290,0,0,0,0
"1420",2023-09-05,22,15,6844.1,287,0,0,26.0225925925926,0,0,7390.1,290,0,0,0,0
"1421",2023-09-05,22,20,6855.1,287,0,0,26.0225925925926,0,0,7390.1,290,0,0,0,0
"1422",2023-09-05,22,25,7210.1,290,0,0,26.0225925925926,0,0,7390.1,290,0,0,0,0
"1423",2023-09-05,22,30,7390.1,290,0,0,26.0225925925926,0,0,7390.1,290,0,0,0,0
"1424",2023-09-05,22,35,7158.1,276,0,0,26.0225925925926,0,0,7390.1,290,0,0,0,0
"1425",2023-09-05,22,40,7136.1,275,0,0,26.0225925925926,0,0,7390.1,290,0,0,0,0
"1426",2023-09-05,22,45,7136.1,275,0,0,26.0225925925926,0,0,7390.1,290,0,0,0,0
"1427",2023-09-05,22,50,7026.1,270,0,0,26.0225925925926,0,0,7390.1,290,0,0,0,0
"1428",2023-09-05,22,55,7070.1,272,0,0,26.0225925925926,0,0,7390.1,290,0,0,0,0
"1429",2023-09-05,23,0,6445.1,269,0,0,25.925468164794,0,0,6922.1,269,0,0,0,0
"1430",2023-09-05,23,5,6718.1,265,0,0,25.925468164794,0,0,6922.1,269,0,0,0,0
"1431",2023-09-05,23,10,6656.1,264,0,0,25.925468164794,0,0,6922.1,269,0,0,0,0
"1432",2023-09-05,23,15,6718.1,264,0,0,25.925468164794,0,0,6922.1,269,0,0,0,0
"1433",2023-09-05,23,20,6707.1,263,0,0,25.925468164794,0,0,6922.1,269,0,0,0,0
"1434",2023-09-05,23,25,6794.1,267,0,0,25.925468164794,0,0,6922.1,269,0,0,0,0
"1435",2023-09-05,23,30,6922.1,267,0,0,25.925468164794,0,0,6922.1,269,0,0,0,0
"1436",2023-09-05,23,35,6047.1,252,0,0,25.925468164794,0,0,6922.1,269,0,0,0,0
"1437",2023-09-05,23,40,5733.1,247,0,0,25.925468164794,0,0,6922.1,269,0,0,0,0
"1438",2023-09-05,23,45,5700.1,245,0,0,25.925468164794,0,0,6922.1,269,0,0,0,0
"1439",2023-09-05,23,50,5689.1,245,0,0,25.925468164794,0,0,6922.1,269,0,0,0,0
"1440",2023-09-05,23,55,6033.1,248,0,0,25.925468164794,0,0,6922.1,269,0,0,0,0
"1441",2023-09-06,0,0,5997.7,251,0,0,24.7801619433198,0,0,6120.7,252,0,0,0,0
"1442",2023-09-06,0,5,5958.7,252,0,0,24.7801619433198,0,0,6120.7,252,0,0,0,0
"1443",2023-09-06,0,10,5969.7,252,0,0,24.7801619433198,0,0,6120.7,252,0,0,0,0
"1444",2023-09-06,0,15,5925.7,250,0,0,24.7801619433198,0,0,6120.7,252,0,0,0,0
"1445",2023-09-06,0,20,5820.7,246,0,0,24.7801619433198,0,0,6120.7,252,0,0,0,0
"1446",2023-09-06,0,25,5831.7,247,0,0,24.7801619433198,0,0,6120.7,252,0,0,0,0
"1447",2023-09-06,0,30,6120.7,247,0,0,24.7801619433198,0,0,6120.7,252,0,0,0,0
"1448",2023-09-06,0,35,5834.7,241,0,0,24.7801619433198,0,0,6120.7,252,0,0,0,0
"1449",2023-09-06,0,40,5823.7,241,0,0,24.7801619433198,0,0,6120.7,252,0,0,0,0
"1450",2023-09-06,0,45,5534.7,241,0,0,24.7801619433198,0,0,6120.7,252,0,0,0,0
"1451",2023-09-06,0,50,5490.7,239,0,0,24.7801619433198,0,0,6120.7,252,0,0,0,0
"1452",2023-09-06,0,55,5468.7,238,0,0,24.7801619433198,0,0,6120.7,252,0,0,0,0
"1453",2023-09-06,1,15,5327.7,229,0,0,24.2339366515837,0,0,5637.7,238,0,0,0,0
"1454",2023-09-06,1,20,5136.7,227,0,0,24.2339366515837,0,0,5637.7,238,0,0,0,0
"1455",2023-09-06,1,25,5092.7,225,0,0,24.2339366515837,0,0,5637.7,238,0,0,0,0
"1456",2023-09-06,1,30,5048.7,223,0,0,24.2339366515837,0,0,5637.7,238,0,0,0,0
"1457",2023-09-06,1,35,5355.7,221,0,0,24.2339366515837,0,0,5637.7,238,0,0,0,0
"1458",2023-09-06,1,40,4995.7,220,0,0,24.2339366515837,0,0,5637.7,238,0,0,0,0
"1459",2023-09-06,1,45,5005.7,219,0,0,24.2339366515837,0,0,5637.7,238,0,0,0,0
"1460",2023-09-06,1,50,5005.7,219,0,0,24.2339366515837,0,0,5637.7,238,0,0,0,0
"1461",2023-09-06,1,55,5005.7,219,0,0,24.2339366515837,0,0,5637.7,238,0,0,0,0
"1462",2023-09-06,1,0,5637.7,238,0,0,24.2339366515837,0,0,5637.7,238,0,0,0,0
"1463",2023-09-06,1,5,5338.7,230,0,0,24.2339366515837,0,0,5637.7,238,0,0,0,0
"1464",2023-09-06,1,10,5338.7,230,0,0,24.2339366515837,0,0,5637.7,238,0,0,0,0
"1465",2023-09-06,2,0,4385.1,195,0,0,23.2699481865285,0,0,4513.1,195,0,0,0,0
"1466",2023-09-06,2,5,4513.1,194,0,0,23.2699481865285,0,0,4513.1,195,0,0,0,0
"1467",2023-09-06,2,10,4513.1,194,0,0,23.2699481865285,0,0,4513.1,195,0,0,0,0
"1468",2023-09-06,2,15,4491.1,193,0,0,23.2699481865285,0,0,4513.1,195,0,0,0,0
"1469",2023-09-06,2,20,4491.1,193,0,0,23.2699481865285,0,0,4513.1,195,0,0,0,0
"1470",2023-09-06,2,25,4491.1,193,0,0,23.2699481865285,0,0,4513.1,195,0,0,0,0
"1471",2023-09-06,2,30,4341.1,192,0,0,23.2699481865285,0,0,4513.1,195,0,0,0,0
"1472",2023-09-06,2,35,4169.1,190,0,0,23.2699481865285,0,0,4513.1,195,0,0,0,0
"1473",2023-09-06,2,40,4191.1,191,0,0,23.2699481865285,0,0,4513.1,195,0,0,0,0
"1474",2023-09-06,2,45,4191.1,191,0,0,23.2699481865285,0,0,4513.1,195,0,0,0,0
"1475",2023-09-06,2,50,4169.1,190,0,0,23.2699481865285,0,0,4513.1,195,0,0,0,0
"1476",2023-09-06,2,55,4125.1,188,0,0,23.2699481865285,0,0,4513.1,195,0,0,0,0
"1477",2023-09-06,3,0,4392.1,187,0,0,25.3353591160221,0,0,4615.1,188,0,0,0,0
"1478",2023-09-06,3,5,4442.1,188,0,0,25.3353591160221,0,0,4615.1,188,0,0,0,0
"1479",2023-09-06,3,10,4442.1,188,0,0,25.3353591160221,0,0,4615.1,188,0,0,0,0
"1480",2023-09-06,3,15,4420.1,187,0,0,25.3353591160221,0,0,4615.1,188,0,0,0,0
"1481",2023-09-06,3,20,4420.1,187,0,0,25.3353591160221,0,0,4615.1,188,0,0,0,0
"1482",2023-09-06,3,25,4420.1,187,0,0,25.3353591160221,0,0,4615.1,188,0,0,0,0
"1483",2023-09-06,3,30,4359.1,185,0,0,25.3353591160221,0,0,4615.1,188,0,0,0,0
"1484",2023-09-06,3,35,4337.1,184,0,0,25.3353591160221,0,0,4615.1,188,0,0,0,0
"1485",2023-09-06,3,40,4615.1,184,0,0,25.3353591160221,0,0,4615.1,188,0,0,0,0
"1486",2023-09-06,3,45,4615.1,183,0,0,25.3353591160221,0,0,4615.1,188,0,0,0,0
"1487",2023-09-06,3,50,4585.7,181,0,0,25.3353591160221,0,0,4615.1,188,0,0,0,0
"1488",2023-09-06,3,55,3985.7,179,0,0,25.3353591160221,0,0,4615.1,188,0,0,0,0
"1489",2023-09-06,4,0,4121.7,178,0,0,23.1556179775281,0,0,4121.7,178,0,0,0,0
"1490",2023-09-06,4,5,4071.7,177,0,0,23.1556179775281,0,0,4121.7,178,0,0,0,0
"1491",2023-09-06,4,10,4071.7,177,0,0,23.1556179775281,0,0,4121.7,178,0,0,0,0
"1492",2023-09-06,4,15,3891.7,176,0,0,23.1556179775281,0,0,4121.7,178,0,0,0,0
"1493",2023-09-06,4,20,3847.7,174,0,0,23.1556179775281,0,0,4121.7,178,0,0,0,0
"1494",2023-09-06,4,25,3882,173,0,0,23.1556179775281,0,0,4121.7,178,0,0,0,0
"1495",2023-09-06,4,30,3838,171,0,0,23.1556179775281,0,0,4121.7,178,0,0,0,0
"1496",2023-09-06,4,35,3838,171,0,0,23.1556179775281,0,0,4121.7,178,0,0,0,0
"1497",2023-09-06,4,40,3827,170,0,0,23.1556179775281,0,0,4121.7,178,0,0,0,0
"1498",2023-09-06,4,45,3838,171,0,0,23.1556179775281,0,0,4121.7,178,0,0,0,0
"1499",2023-09-06,4,50,3827,170,0,0,23.1556179775281,0,0,4121.7,178,0,0,0,0
"1500",2023-09-06,4,55,3827,170,0,0,23.1556179775281,0,0,4121.7,178,0,0,0,0
"1501",2023-09-06,5,0,3849,171,0,0,22.5764705882353,0,0,3849,171,0,0,0,0
"1502",2023-09-06,5,5,3838,170,0,0,22.5764705882353,0,0,3849,171,0,0,0,0
"1503",2023-09-06,5,10,3778,169,0,0,22.5764705882353,0,0,3849,171,0,0,0,0
"1504",2023-09-06,5,15,3778,169,0,0,22.5764705882353,0,0,3849,171,0,0,0,0
"1505",2023-09-06,5,20,3778,169,0,0,22.5764705882353,0,0,3849,171,0,0,0,0
"1506",2023-09-06,5,25,3746,168,0,0,22.5764705882353,0,0,3849,171,0,0,0,0
"1507",2023-09-06,5,30,3746,168,0,0,22.5764705882353,0,0,3849,171,0,0,0,0
"1508",2023-09-06,5,35,3746,168,0,0,22.5764705882353,0,0,3849,171,0,0,0,0
"1509",2023-09-06,5,40,3746,168,0,0,22.5764705882353,0,0,3849,171,0,0,0,0
"1510",2023-09-06,5,45,3735,167,0,0,22.5764705882353,0,0,3849,171,0,0,0,0
"1511",2023-09-06,5,50,3735,167,0,0,22.5764705882353,0,0,3849,171,0,0,0,0
"1512",2023-09-06,5,55,3735,167,0,0,22.5764705882353,0,0,3849,171,0,0,0,0
"1513",2023-09-06,6,0,3735,167,0,0,22.369696969697,0,0,3735,167,0,0,0,0
"1514",2023-09-06,6,5,3735,167,0,0,22.369696969697,0,0,3735,167,0,0,0,0
"1515",2023-09-06,6,10,3713,166,0,0,22.369696969697,0,0,3735,167,0,0,0,0
"1516",2023-09-06,6,15,3691,165,0,0,22.369696969697,0,0,3735,167,0,0,0,0
"1517",2023-09-06,6,20,3691,165,0,0,22.369696969697,0,0,3735,167,0,0,0,0
"1518",2023-09-06,6,25,3691,165,0,0,22.369696969697,0,0,3735,167,0,0,0,0
"1519",2023-09-06,6,30,3691,165,0,0,22.369696969697,0,0,3735,167,0,0,0,0
"1520",2023-09-06,6,35,3713,166,0,0,22.369696969697,0,0,3735,167,0,0,0,0
"1521",2023-09-06,6,40,3713,166,0,0,22.369696969697,0,0,3735,167,0,0,0,0
"1522",2023-09-06,6,45,3713,166,0,0,22.369696969697,0,0,3735,167,0,0,0,0
"1523",2023-09-06,6,50,3713,166,0,0,22.369696969697,0,0,3735,167,0,0,0,0
"1524",2023-09-06,6,55,3713,166,0,0,22.369696969697,0,0,3735,167,0,0,0,0
"1525",2023-09-06,7,0,3713,166,0,0,27.4685714285714,0,0,4829,176,0,0,0,0
"1526",2023-09-06,7,5,3874,168,0,0,27.4685714285714,0,0,4829,176,0,0,0,0
"1527",2023-09-06,7,10,3852,167,0,0,27.4685714285714,0,0,4829,176,0,0,0,0
"1528",2023-09-06,7,15,3885,169,0,0,27.4685714285714,0,0,4829,176,0,0,0,0
"1529",2023-09-06,7,20,3863,168,0,0,27.4685714285714,0,0,4829,176,0,0,0,0
"1530",2023-09-06,7,25,3841,167,0,0,27.4685714285714,0,0,4829,176,0,0,0,0
"1531",2023-09-06,7,30,3841,167,0,0,27.4685714285714,0,0,4829,176,0,0,0,0
"1532",2023-09-06,7,35,4485,172,0,0,27.4685714285714,0,0,4829,176,0,0,0,0
"1533",2023-09-06,7,40,4357,173,0,0,27.4685714285714,0,0,4829,176,0,0,0,0
"1534",2023-09-06,7,45,4357,173,0,0,27.4685714285714,0,0,4829,176,0,0,0,0
"1535",2023-09-06,7,50,4807,175,0,0,27.4685714285714,0,0,4829,176,0,0,0,0
"1536",2023-09-06,7,55,4829,176,0,0,27.4685714285714,0,0,4829,176,0,0,0,0
"1537",2023-09-06,8,50,4533,196,0,0,27.5754189944134,0,0,5168,198,0,0,0,0
"1538",2023-09-06,8,55,4833,198,0,0,27.5754189944134,0,0,5168,198,0,0,0,0
"1539",2023-09-06,8,0,4851,177,0,0,27.5754189944134,0,0,5168,198,0,0,0,0
"1540",2023-09-06,8,5,4401,174,0,0,27.5754189944134,0,0,5168,198,0,0,0,0
"1541",2023-09-06,8,10,4412,175,0,0,27.5754189944134,0,0,5168,198,0,0,0,0
"1542",2023-09-06,8,15,4592,176,0,0,27.5754189944134,0,0,5168,198,0,0,0,0
"1543",2023-09-06,8,20,4936,179,0,0,27.5754189944134,0,0,5168,198,0,0,0,0
"1544",2023-09-06,8,25,4969,181,0,0,27.5754189944134,0,0,5168,198,0,0,0,0
"1545",2023-09-06,8,30,5041,184,0,0,27.5754189944134,0,0,5168,198,0,0,0,0
"1546",2023-09-06,8,35,5168,190,0,0,27.5754189944134,0,0,5168,198,0,0,0,0
"1547",2023-09-06,8,40,4614,191,0,0,27.5754189944134,0,0,5168,198,0,0,0,0
"1548",2023-09-06,8,45,4680,194,0,0,27.5754189944134,0,0,5168,198,0,0,0,0
"1549",2023-09-06,9,20,5388.7,222,0,0,25.9891509433962,0,0,6338.7,263,0,0,0,0
"1550",2023-09-06,9,25,5498.7,229,0,0,25.9891509433962,0,0,6338.7,263,0,0,0,0
"1551",2023-09-06,9,30,5685.7,239,0,0,25.9891509433962,0,0,6338.7,263,0,0,0,0
"1552",2023-09-06,9,35,5828.7,256,0,0,25.9891509433962,0,0,6338.7,263,0,0,0,0
"1553",2023-09-06,9,40,6113.7,261,0,0,25.9891509433962,0,0,6338.7,263,0,0,0,0
"1554",2023-09-06,9,45,6014.7,255,0,0,25.9891509433962,0,0,6338.7,263,0,0,0,0
"1555",2023-09-06,9,50,5966.7,260,0,0,25.9891509433962,0,0,6338.7,263,0,0,0,0
"1556",2023-09-06,9,55,6338.7,263,0,0,25.9891509433962,0,0,6338.7,263,0,0,0,0
"1557",2023-09-06,9,0,4719.7,199,0,0,25.9891509433962,0,0,6338.7,263,0,0,0,0
"1558",2023-09-06,9,5,5509.7,212,0,0,25.9891509433962,0,0,6338.7,263,0,0,0,0
"1559",2023-09-06,9,10,5317.7,218,0,0,25.9891509433962,0,0,6338.7,263,0,0,0,0
"1560",2023-09-06,9,15,5372.7,220,0,0,25.9891509433962,0,0,6338.7,263,0,0,0,0
"1561",2023-09-06,10,0,6404.7,268,0,0,26.636,0,0,8656.7,325,0,0,0,0
"1562",2023-09-06,10,5,7291.7,287,0,0,26.636,0,0,8656.7,325,0,0,0,0
"1563",2023-09-06,10,10,7668.7,298,0,0,26.636,0,0,8656.7,325,0,0,0,0
"1564",2023-09-06,10,15,7679.7,298,0,0,26.636,0,0,8656.7,325,0,0,0,0
"1565",2023-09-06,10,20,7811.7,304,0,0,26.636,0,0,8656.7,325,0,0,0,0
"1566",2023-09-06,10,25,7960.7,308,0,0,26.636,0,0,8656.7,325,0,0,0,0
"1567",2023-09-06,10,30,8037.7,313,0,0,26.636,0,0,8656.7,325,0,0,0,0
"1568",2023-09-06,10,35,8656.7,325,0,0,26.636,0,0,8656.7,325,0,0,0,0
"1569",2023-09-06,10,40,8324.7,324,0,0,26.636,0,0,8656.7,325,0,0,0,0
"1570",2023-09-06,10,45,8020.7,325,0,0,26.636,0,0,8656.7,325,0,0,0,0
"1571",2023-09-06,10,50,7654.7,321,0,0,26.636,0,0,8656.7,325,0,0,0,0
"1572",2023-09-06,10,55,7518.7,322,0,0,26.636,0,0,8656.7,325,0,0,0,0
"1573",2023-09-06,11,0,7639.7,328,0,0,27.9772602739726,0,0,10211.7,365,0,0,0,0
"1574",2023-09-06,11,5,7820.7,343,0,0,27.9772602739726,0,0,10211.7,365,0,0,0,0
"1575",2023-09-06,11,10,8114.7,346,0,0,27.9772602739726,0,0,10211.7,365,0,0,0,0
"1576",2023-09-06,11,15,8305.7,346,0,0,27.9772602739726,0,0,10211.7,365,0,0,0,0
"1577",2023-09-06,11,20,8424.7,338,0,0,27.9772602739726,0,0,10211.7,365,0,0,0,0
"1578",2023-09-06,11,25,8575.7,339,0,0,27.9772602739726,0,0,10211.7,365,0,0,0,0
"1579",2023-09-06,11,30,8601.7,339,0,0,27.9772602739726,0,0,10211.7,365,0,0,0,0
"1580",2023-09-06,11,35,10211.7,365,0,0,27.9772602739726,0,0,10211.7,365,0,0,0,0
"1581",2023-09-06,11,40,9310.7,355,0,0,27.9772602739726,0,0,10211.7,365,0,0,0,0
"1582",2023-09-06,11,45,9223.7,356,0,0,27.9772602739726,0,0,10211.7,365,0,0,0,0
"1583",2023-09-06,11,50,9256.7,358,0,0,27.9772602739726,0,0,10211.7,365,0,0,0,0
"1584",2023-09-06,11,55,9894.7,359,0,0,27.9772602739726,0,0,10211.7,365,0,0,0,0
"1585",2023-09-06,12,0,9616.7,360,0,0,26.7130555555556,0,0,10682.7,404,0,0,0,0
"1586",2023-09-06,12,5,9360.7,372,0,0,26.7130555555556,0,0,10682.7,404,0,0,0,0
"1587",2023-09-06,12,10,9442.7,374,0,0,26.7130555555556,0,0,10682.7,404,0,0,0,0
"1588",2023-09-06,12,15,9552.7,381,0,0,26.7130555555556,0,0,10682.7,404,0,0,0,0
"1589",2023-09-06,12,20,9776.7,389,0,0,26.7130555555556,0,0,10682.7,404,0,0,0,0
"1590",2023-09-06,12,25,9710.7,386,0,0,26.7130555555556,0,0,10682.7,404,0,0,0,0
"1591",2023-09-06,12,30,9573.7,379,0,0,26.7130555555556,0,0,10682.7,404,0,0,0,0
"1592",2023-09-06,12,35,10068.7,397,0,0,26.7130555555556,0,0,10682.7,404,0,0,0,0
"1593",2023-09-06,12,40,10396.7,398,0,0,26.7130555555556,0,0,10682.7,404,0,0,0,0
"1594",2023-09-06,12,45,10682.7,402,0,0,26.7130555555556,0,0,10682.7,404,0,0,0,0
"1595",2023-09-06,12,50,10682.7,403,0,0,26.7130555555556,0,0,10682.7,404,0,0,0,0
"1596",2023-09-06,12,55,10600.7,404,0,0,26.7130555555556,0,0,10682.7,404,0,0,0,0
"1597",2023-09-06,13,0,10633.7,406,0,0,26.1913793103448,0,0,10633.7,406,0,0,0,0
"1598",2023-09-06,13,5,10343.7,398,0,0,26.1913793103448,0,0,10633.7,406,0,0,0,0
"1599",2023-09-06,13,10,10127.7,400,0,0,26.1913793103448,0,0,10633.7,406,0,0,0,0
"1600",2023-09-06,13,15,10231.7,400,0,0,26.1913793103448,0,0,10633.7,406,0,0,0,0
"1601",2023-09-06,13,20,9982.7,394,0,0,26.1913793103448,0,0,10633.7,406,0,0,0,0
"1602",2023-09-06,13,25,10228.7,398,0,0,26.1913793103448,0,0,10633.7,406,0,0,0,0
"1603",2023-09-06,13,30,10106.7,394,0,0,26.1913793103448,0,0,10633.7,406,0,0,0,0
"1604",2023-09-06,13,35,9193.7,388,0,0,26.1913793103448,0,0,10633.7,406,0,0,0,0
"1605",2023-09-06,13,40,9454.7,387,0,0,26.1913793103448,0,0,10633.7,406,0,0,0,0
"1606",2023-09-06,13,45,9482.7,387,0,0,26.1913793103448,0,0,10633.7,406,0,0,0,0
"1607",2023-09-06,13,50,9424.7,380,0,0,26.1913793103448,0,0,10633.7,406,0,0,0,0
"1608",2023-09-06,13,55,9069.7,376,0,0,26.1913793103448,0,0,10633.7,406,0,0,0,0
"1609",2023-09-06,14,0,8926.7,369,0,0,28.3943113772455,0,0,9932.7,369,0,0,0,0
"1610",2023-09-06,14,5,9734.7,362,0,0,28.3943113772455,0,0,9932.7,369,0,0,0,0
"1611",2023-09-06,14,10,9247.7,352,0,0,28.3943113772455,0,0,9932.7,369,0,0,0,0
"1612",2023-09-06,14,15,9112.7,351,0,0,28.3943113772455,0,0,9932.7,369,0,0,0,0
"1613",2023-09-06,14,20,8854.7,353,0,0,28.3943113772455,0,0,9932.7,369,0,0,0,0
"1614",2023-09-06,14,25,8216.7,330,0,0,28.3943113772455,0,0,9932.7,369,0,0,0,0
"1615",2023-09-06,14,30,9030.7,336,0,0,28.3943113772455,0,0,9932.7,369,0,0,0,0
"1616",2023-09-06,14,35,9483.7,334,0,0,28.3943113772455,0,0,9932.7,369,0,0,0,0
"1617",2023-09-06,14,40,9932.7,352,0,0,28.3943113772455,0,0,9932.7,369,0,0,0,0
"1618",2023-09-06,14,45,9643.7,352,0,0,28.3943113772455,0,0,9932.7,369,0,0,0,0
"1619",2023-09-06,14,50,9493.7,350,0,0,28.3943113772455,0,0,9932.7,369,0,0,0,0
"1620",2023-09-06,14,55,9548.7,352,0,0,28.3943113772455,0,0,9932.7,369,0,0,0,0
"1621",2023-09-06,15,0,9209.7,351,0,0,29.6584487534626,0,0,10706.7,361,0,0,0,0
"1622",2023-09-06,15,5,7977.7,340,0,0,29.6584487534626,0,0,10706.7,361,0,0,0,0
"1623",2023-09-06,15,10,8997.7,344,0,0,29.6584487534626,0,0,10706.7,361,0,0,0,0
"1624",2023-09-06,15,15,8639.7,344,0,0,29.6584487534626,0,0,10706.7,361,0,0,0,0
"1625",2023-09-06,15,20,8806.7,342,0,0,29.6584487534626,0,0,10706.7,361,0,0,0,0
"1626",2023-09-06,15,25,8811.7,344,0,0,29.6584487534626,0,0,10706.7,361,0,0,0,0
"1627",2023-09-06,15,30,8883.7,347,0,0,29.6584487534626,0,0,10706.7,361,0,0,0,0
"1628",2023-09-06,15,35,9560.7,352,0,0,29.6584487534626,0,0,10706.7,361,0,0,0,0
"1629",2023-09-06,15,40,10133.7,355,0,0,29.6584487534626,0,0,10706.7,361,0,0,0,0
"1630",2023-09-06,15,45,10215.7,357,0,0,29.6584487534626,0,0,10706.7,361,0,0,0,0
"1631",2023-09-06,15,50,10706.7,361,0,0,29.6584487534626,0,0,10706.7,361,0,0,0,0
"1632",2023-09-06,15,55,9887.7,359,0,0,29.6584487534626,0,0,10706.7,361,0,0,0,0
"1633",2023-09-06,16,0,9576.7,356,0,0,26.9008426966292,0,0,9576.7,356,0,0,0,0
"1634",2023-09-06,16,5,8431.7,348,0,0,26.9008426966292,0,0,9576.7,356,0,0,0,0
"1635",2023-09-06,16,10,8416.7,351,0,0,26.9008426966292,0,0,9576.7,356,0,0,0,0
"1636",2023-09-06,16,15,8366.7,349,0,0,26.9008426966292,0,0,9576.7,356,0,0,0,0
"1637",2023-09-06,16,20,8317.7,347,0,0,26.9008426966292,0,0,9576.7,356,0,0,0,0
"1638",2023-09-06,16,25,8522.7,346,0,0,26.9008426966292,0,0,9576.7,356,0,0,0,0
"1639",2023-09-06,16,30,8456.7,343,0,0,26.9008426966292,0,0,9576.7,356,0,0,0,0
"1640",2023-09-06,16,35,8873.7,344,0,0,26.9008426966292,0,0,9576.7,356,0,0,0,0
"1641",2023-09-06,16,40,8845.7,343,0,0,26.9008426966292,0,0,9576.7,356,0,0,0,0
"1642",2023-09-06,16,45,8387.7,342,0,0,26.9008426966292,0,0,9576.7,356,0,0,0,0
"1643",2023-09-06,16,50,8343.7,345,0,0,26.9008426966292,0,0,9576.7,356,0,0,0,0
"1644",2023-09-06,16,55,8513.7,346,0,0,26.9008426966292,0,0,9576.7,356,0,0,0,0
"1645",2023-09-06,17,0,8907.7,349,0,0,33.5882352941176,0,0,9668.7,349,0,0,0,0
"1646",2023-09-06,17,5,9569.7,349,0,0,33.5882352941176,0,0,9668.7,349,0,0,0,0
"1647",2023-09-06,17,10,6281,187,0,0,33.5882352941176,0,0,9668.7,349,0,0,0,0
"1648",2023-09-06,17,15,9668.7,345,0,0,33.5882352941176,0,0,9668.7,349,0,0,0,0
"1649",2023-09-06,17,20,9390.7,344,0,0,33.5882352941176,0,0,9668.7,349,0,0,0,0
"1650",2023-09-06,17,25,9555.7,347,0,0,33.5882352941176,0,0,9668.7,349,0,0,0,0
"1651",2023-09-06,17,30,9157.7,347,0,0,33.5882352941176,0,0,9668.7,349,0,0,0,0
"1652",2023-09-06,17,35,9365.7,348,0,0,33.5882352941176,0,0,9668.7,349,0,0,0,0
"1653",2023-09-06,17,40,5834,184,0,0,33.5882352941176,0,0,9668.7,349,0,0,0,0
"1654",2023-09-06,17,45,6087,198,0,0,33.5882352941176,0,0,9668.7,349,0,0,0,0
"1655",2023-09-06,17,50,9341.7,347,0,0,33.5882352941176,0,0,9668.7,349,0,0,0,0
"1656",2023-09-06,17,55,9080.7,347,0,0,33.5882352941176,0,0,9668.7,349,0,0,0,0
"1657",2023-09-06,18,0,9249.7,347,0,0,26.6561959654179,0,0,9249.7,347,0,0,0,0
"1658",2023-09-06,18,5,8513.7,334,0,0,26.6561959654179,0,0,9249.7,347,0,0,0,0
"1659",2023-09-06,18,10,8196.7,329,0,0,26.6561959654179,0,0,9249.7,347,0,0,0,0
"1660",2023-09-06,18,15,8359.7,333,0,0,26.6561959654179,0,0,9249.7,347,0,0,0,0
"1661",2023-09-06,18,20,8326.7,331,0,0,26.6561959654179,0,0,9249.7,347,0,0,0,0
"1662",2023-09-06,18,25,8332.7,331,0,0,26.6561959654179,0,0,9249.7,347,0,0,0,0
"1663",2023-09-06,18,30,8032.7,330,0,0,26.6561959654179,0,0,9249.7,347,0,0,0,0
"1664",2023-09-06,18,35,7478.7,317,0,0,26.6561959654179,0,0,9249.7,347,0,0,0,0
"1665",2023-09-06,18,40,7504.7,310,0,0,26.6561959654179,0,0,9249.7,347,0,0,0,0
"1666",2023-09-06,18,45,7187.7,306,0,0,26.6561959654179,0,0,9249.7,347,0,0,0,0
"1667",2023-09-06,18,50,7882.7,306,0,0,26.6561959654179,0,0,9249.7,347,0,0,0,0
"1668",2023-09-06,18,55,7652.7,304,0,0,26.6561959654179,0,0,9249.7,347,0,0,0,0
"1669",2023-09-06,19,0,8273.7,308,0,0,27.7634812286689,0,0,8273.7,308,0,0,0,0
"1670",2023-09-06,19,5,7663.7,292,0,0,27.7634812286689,0,0,8273.7,308,0,0,0,0
"1671",2023-09-06,19,10,7802.7,295,0,0,27.7634812286689,0,0,8273.7,308,0,0,0,0
"1672",2023-09-06,19,15,8097.7,297,0,0,27.7634812286689,0,0,8273.7,308,0,0,0,0
"1673",2023-09-06,19,20,7569.7,299,0,0,27.7634812286689,0,0,8273.7,308,0,0,0,0
"1674",2023-09-06,19,25,7347.7,299,0,0,27.7634812286689,0,0,8273.7,308,0,0,0,0
"1675",2023-09-06,19,30,7249.7,297,0,0,27.7634812286689,0,0,8273.7,308,0,0,0,0
"1676",2023-09-06,19,35,7866.7,302,0,0,27.7634812286689,0,0,8273.7,308,0,0,0,0
"1677",2023-09-06,19,40,7590.7,294,0,0,27.7634812286689,0,0,8273.7,308,0,0,0,0
"1678",2023-09-06,19,45,7315.7,293,0,0,27.7634812286689,0,0,8273.7,308,0,0,0,0
"1679",2023-09-06,19,50,7763.7,297,0,0,27.7634812286689,0,0,8273.7,308,0,0,0,0
"1680",2023-09-06,19,55,8134.7,293,0,0,27.7634812286689,0,0,8273.7,308,0,0,0,0
"1681",2023-09-06,20,20,7426.7,290,0,0,27.8392361111111,0,0,8017.7,294,0,0,0,0
"1682",2023-09-06,20,25,7115.7,290,0,0,27.8392361111111,0,0,8017.7,294,0,0,0,0
"1683",2023-09-06,20,30,7481.7,294,0,0,27.8392361111111,0,0,8017.7,294,0,0,0,0
"1684",2023-09-06,20,35,7481.7,291,0,0,27.8392361111111,0,0,8017.7,294,0,0,0,0
"1685",2023-09-06,20,40,7459.7,290,0,0,27.8392361111111,0,0,8017.7,294,0,0,0,0
"1686",2023-09-06,20,45,7406.7,293,0,0,27.8392361111111,0,0,8017.7,294,0,0,0,0
"1687",2023-09-06,20,50,7673.7,294,0,0,27.8392361111111,0,0,8017.7,294,0,0,0,0
"1688",2023-09-06,20,55,7591.7,291,0,0,27.8392361111111,0,0,8017.7,294,0,0,0,0
"1689",2023-09-06,20,0,8017.7,288,0,0,27.8392361111111,0,0,8017.7,294,0,0,0,0
"1690",2023-09-06,20,5,7154.7,290,0,0,27.8392361111111,0,0,8017.7,294,0,0,0,0
"1691",2023-09-06,20,10,7634.7,292,0,0,27.8392361111111,0,0,8017.7,294,0,0,0,0
"1692",2023-09-06,20,15,7322.7,289,0,0,27.8392361111111,0,0,8017.7,294,0,0,0,0
"1693",2023-09-06,21,0,7923.7,294,0,0,28.7523333333333,0,0,8625.7,303,0,0,0,0
"1694",2023-09-06,21,5,8139.7,301,0,0,28.7523333333333,0,0,8625.7,303,0,0,0,0
"1695",2023-09-06,21,10,7933.7,301,0,0,28.7523333333333,0,0,8625.7,303,0,0,0,0
"1696",2023-09-06,21,15,8017.7,302,0,0,28.7523333333333,0,0,8625.7,303,0,0,0,0
"1697",2023-09-06,21,20,8415.7,302,0,0,28.7523333333333,0,0,8625.7,303,0,0,0,0
"1698",2023-09-06,21,25,8434.7,302,0,0,28.7523333333333,0,0,8625.7,303,0,0,0,0
"1699",2023-09-06,21,30,8456.7,303,0,0,28.7523333333333,0,0,8625.7,303,0,0,0,0
"1700",2023-09-06,21,35,8592.7,299,0,0,28.7523333333333,0,0,8625.7,303,0,0,0,0
"1701",2023-09-06,21,40,8625.7,300,0,0,28.7523333333333,0,0,8625.7,303,0,0,0,0
"1702",2023-09-06,21,45,8167.7,299,0,0,28.7523333333333,0,0,8625.7,303,0,0,0,0
"1703",2023-09-06,21,50,8167.7,300,0,0,28.7523333333333,0,0,8625.7,303,0,0,0,0
"1704",2023-09-06,21,55,8232.7,297,0,0,28.7523333333333,0,0,8625.7,303,0,0,0,0
"1705",2023-09-06,22,0,8064.7,297,0,0,29.6540069686411,0,0,8510.7,297,0,0,0,0
"1706",2023-09-06,22,5,7928.7,293,0,0,29.6540069686411,0,0,8510.7,297,0,0,0,0
"1707",2023-09-06,22,10,7807.7,290,0,0,29.6540069686411,0,0,8510.7,297,0,0,0,0
"1708",2023-09-06,22,15,8020.7,292,0,0,29.6540069686411,0,0,8510.7,297,0,0,0,0
"1709",2023-09-06,22,20,8265.7,290,0,0,29.6540069686411,0,0,8510.7,297,0,0,0,0
"1710",2023-09-06,22,25,8510.7,287,0,0,29.6540069686411,0,0,8510.7,297,0,0,0,0
"1711",2023-09-06,22,30,8210.7,285,0,0,29.6540069686411,0,0,8510.7,297,0,0,0,0
"1712",2023-09-06,22,35,7652.7,278,0,0,29.6540069686411,0,0,8510.7,297,0,0,0,0
"1713",2023-09-06,22,40,6986.7,273,0,0,29.6540069686411,0,0,8510.7,297,0,0,0,0
"1714",2023-09-06,22,45,7062.7,272,0,0,29.6540069686411,0,0,8510.7,297,0,0,0,0
"1715",2023-09-06,22,50,6674.7,266,0,0,29.6540069686411,0,0,8510.7,297,0,0,0,0
"1716",2023-09-06,22,55,6396.7,266,0,0,29.6540069686411,0,0,8510.7,297,0,0,0,0
"1717",2023-09-06,23,0,6641.7,265,0,0,26.2822834645669,0,0,6698.7,265,0,0,0,0
"1718",2023-09-06,23,5,6563.7,263,0,0,26.2822834645669,0,0,6698.7,265,0,0,0,0
"1719",2023-09-06,23,10,6486.7,259,0,0,26.2822834645669,0,0,6698.7,265,0,0,0,0
"1720",2023-09-06,23,15,6513.7,261,0,0,26.2822834645669,0,0,6698.7,265,0,0,0,0
"1721",2023-09-06,23,20,6518.7,259,0,0,26.2822834645669,0,0,6698.7,265,0,0,0,0
"1722",2023-09-06,23,25,6442.7,260,0,0,26.2822834645669,0,0,6698.7,265,0,0,0,0
"1723",2023-09-06,23,30,6698.7,259,0,0,26.2822834645669,0,0,6698.7,265,0,0,0,0
"1724",2023-09-06,23,35,6615.7,254,0,0,26.2822834645669,0,0,6698.7,265,0,0,0,0
"1725",2023-09-06,23,40,6675.7,254,0,0,26.2822834645669,0,0,6698.7,265,0,0,0,0
"1726",2023-09-06,23,45,6675.7,254,0,0,26.2822834645669,0,0,6698.7,265,0,0,0,0
"1727",2023-09-06,23,50,6195.7,252,0,0,26.2822834645669,0,0,6698.7,265,0,0,0,0
"1728",2023-09-06,23,55,6147.7,253,0,0,26.2822834645669,0,0,6698.7,265,0,0,0,0
"1729",2023-09-07,0,0,6587.7,288,0,0,22.8739583333333,0,0,6587.7,288,0,0,0,0
"1730",2023-09-07,0,5,6257.7,275,0,0,22.8739583333333,0,0,6587.7,288,0,0,0,0
"1731",2023-09-07,0,10,6137.7,274,0,0,22.8739583333333,0,0,6587.7,288,0,0,0,0
"1732",2023-09-07,0,15,5921.7,270,0,0,22.8739583333333,0,0,6587.7,288,0,0,0,0
"1733",2023-09-07,0,20,5686.7,266,0,0,22.8739583333333,0,0,6587.7,288,0,0,0,0
"1734",2023-09-07,0,25,5653.7,264,0,0,22.8739583333333,0,0,6587.7,288,0,0,0,0
"1735",2023-09-07,0,30,5548.7,260,0,0,22.8739583333333,0,0,6587.7,288,0,0,0,0
"1736",2023-09-07,0,35,5356.7,251,0,0,22.8739583333333,0,0,6587.7,288,0,0,0,0
"1737",2023-09-07,0,40,5367.7,251,0,0,22.8739583333333,0,0,6587.7,288,0,0,0,0
"1738",2023-09-07,0,45,5301.7,248,0,0,22.8739583333333,0,0,6587.7,288,0,0,0,0
"1739",2023-09-07,0,50,5279.7,247,0,0,22.8739583333333,0,0,6587.7,288,0,0,0,0
"1740",2023-09-07,0,55,5248.7,245,0,0,22.8739583333333,0,0,6587.7,288,0,0,0,0
"1741",2023-09-07,1,0,5248.7,245,0,0,24.4657024793388,0,0,5942.7,245,0,0,0,0
"1742",2023-09-07,1,5,5293.7,239,0,0,24.4657024793388,0,0,5942.7,245,0,0,0,0
"1743",2023-09-07,1,10,5514.7,241,0,0,24.4657024793388,0,0,5942.7,245,0,0,0,0
"1744",2023-09-07,1,15,5492.7,240,0,0,24.4657024793388,0,0,5942.7,245,0,0,0,0
"1745",2023-09-07,1,20,5920.7,242,0,0,24.4657024793388,0,0,5942.7,245,0,0,0,0
"1746",2023-09-07,1,25,5942.7,243,0,0,24.4657024793388,0,0,5942.7,245,0,0,0,0
"1747",2023-09-07,1,30,5920.7,242,0,0,24.4657024793388,0,0,5942.7,245,0,0,0,0
"1748",2023-09-07,1,35,5015.7,232,0,0,24.4657024793388,0,0,5942.7,245,0,0,0,0
"1749",2023-09-07,1,40,5015.7,232,0,0,24.4657024793388,0,0,5942.7,245,0,0,0,0
"1750",2023-09-07,1,45,4761.7,228,0,0,24.4657024793388,0,0,5942.7,245,0,0,0,0
"1751",2023-09-07,1,50,4761.7,228,0,0,24.4657024793388,0,0,5942.7,245,0,0,0,0
"1752",2023-09-07,1,55,4750.7,227,0,0,24.4657024793388,0,0,5942.7,245,0,0,0,0
"1753",2023-09-07,2,0,5027.7,220,0,0,24.6372093023256,0,0,5297,220,0,0,0,0
"1754",2023-09-07,2,5,4987.7,216,0,0,24.6372093023256,0,0,5297,220,0,0,0,0
"1755",2023-09-07,2,10,4987.7,216,0,0,24.6372093023256,0,0,5297,220,0,0,0,0
"1756",2023-09-07,2,15,4987.7,216,0,0,24.6372093023256,0,0,5297,220,0,0,0,0
"1757",2023-09-07,2,20,4987.7,216,0,0,24.6372093023256,0,0,5297,220,0,0,0,0
"1758",2023-09-07,2,25,4965.7,215,0,0,24.6372093023256,0,0,5297,220,0,0,0,0
"1759",2023-09-07,2,30,4965.7,215,0,0,24.6372093023256,0,0,5297,220,0,0,0,0
"1760",2023-09-07,2,35,4986,214,0,0,24.6372093023256,0,0,5297,220,0,0,0,0
"1761",2023-09-07,2,40,5008,215,0,0,24.6372093023256,0,0,5297,220,0,0,0,0
"1762",2023-09-07,2,45,5297,215,0,0,24.6372093023256,0,0,5297,220,0,0,0,0
"1763",2023-09-07,2,50,5297,215,0,0,24.6372093023256,0,0,5297,220,0,0,0,0
"1764",2023-09-07,2,55,5297,215,0,0,24.6372093023256,0,0,5297,220,0,0,0,0
"1765",2023-09-07,3,0,5297,215,0,0,24.6372093023256,0,0,5297,215,0,0,0,0
"1766",2023-09-07,3,5,5053,212,0,0,24.6372093023256,0,0,5297,215,0,0,0,0
"1767",2023-09-07,3,10,5031,211,0,0,24.6372093023256,0,0,5297,215,0,0,0,0
"1768",2023-09-07,3,15,5031,211,0,0,24.6372093023256,0,0,5297,215,0,0,0,0
"1769",2023-09-07,3,20,4709,209,0,0,24.6372093023256,0,0,5297,215,0,0,0,0
"1770",2023-09-07,3,25,4698,208,0,0,24.6372093023256,0,0,5297,215,0,0,0,0
"1771",2023-09-07,3,30,4676,207,0,0,24.6372093023256,0,0,5297,215,0,0,0,0
"1772",2023-09-07,3,35,4911,210,0,0,24.6372093023256,0,0,5297,215,0,0,0,0
"1773",2023-09-07,3,40,4922,210,0,0,24.6372093023256,0,0,5297,215,0,0,0,0
"1774",2023-09-07,3,45,4922,210,0,0,24.6372093023256,0,0,5297,215,0,0,0,0
"1775",2023-09-07,3,50,4911,209,0,0,24.6372093023256,0,0,5297,215,0,0,0,0
"1776",2023-09-07,3,55,4911,209,0,0,24.6372093023256,0,0,5297,215,0,0,0,0
"1777",2023-09-07,4,0,4709,207,0,0,23.3872549019608,0,0,4837,207,0,0,0,0
"1778",2023-09-07,4,5,4837,207,0,0,23.3872549019608,0,0,4837,207,0,0,0,0
"1779",2023-09-07,4,10,4815,206,0,0,23.3872549019608,0,0,4837,207,0,0,0,0
"1780",2023-09-07,4,15,4815,206,0,0,23.3872549019608,0,0,4837,207,0,0,0,0
"1781",2023-09-07,4,20,4815,206,0,0,23.3872549019608,0,0,4837,207,0,0,0,0
"1782",2023-09-07,4,25,4793,205,0,0,23.3872549019608,0,0,4837,207,0,0,0,0
"1783",2023-09-07,4,30,4793,205,0,0,23.3872549019608,0,0,4837,207,0,0,0,0
"1784",2023-09-07,4,35,4793,205,0,0,23.3872549019608,0,0,4837,207,0,0,0,0
"1785",2023-09-07,4,40,4771,204,0,0,23.3872549019608,0,0,4837,207,0,0,0,0
"1786",2023-09-07,4,45,4771,204,0,0,23.3872549019608,0,0,4837,207,0,0,0,0
"1787",2023-09-07,4,50,4771,204,0,0,23.3872549019608,0,0,4837,207,0,0,0,0
"1788",2023-09-07,4,55,4771,204,0,0,23.3872549019608,0,0,4837,207,0,0,0,0
"1789",2023-09-07,5,0,5060,204,0,0,24.8039215686275,0,0,5060,204,0,0,0,0
"1790",2023-09-07,5,5,5060,204,0,0,24.8039215686275,0,0,5060,204,0,0,0,0
"1791",2023-09-07,5,10,4760,203,0,0,24.8039215686275,0,0,5060,204,0,0,0,0
"1792",2023-09-07,5,15,4738,202,0,0,24.8039215686275,0,0,5060,204,0,0,0,0
"1793",2023-09-07,5,20,4738,202,0,0,24.8039215686275,0,0,5060,204,0,0,0,0
"1794",2023-09-07,5,25,4738,202,0,0,24.8039215686275,0,0,5060,204,0,0,0,0
"1795",2023-09-07,5,30,4716,201,0,0,24.8039215686275,0,0,5060,204,0,0,0,0
"1796",2023-09-07,5,35,4566,200,0,0,24.8039215686275,0,0,5060,204,0,0,0,0
"1797",2023-09-07,5,40,4566,200,0,0,24.8039215686275,0,0,5060,204,0,0,0,0
"1798",2023-09-07,5,45,4566,200,0,0,24.8039215686275,0,0,5060,204,0,0,0,0
"1799",2023-09-07,5,50,4544,199,0,0,24.8039215686275,0,0,5060,204,0,0,0,0
"1800",2023-09-07,5,55,4544,199,0,0,24.8039215686275,0,0,5060,204,0,0,0,0
"1801",2023-09-07,6,0,4500,197,0,0,22.8469387755102,0,0,4544,199,0,0,0,0
"1802",2023-09-07,6,5,4544,199,0,0,22.8469387755102,0,0,4544,199,0,0,0,0
"1803",2023-09-07,6,10,4544,199,0,0,22.8469387755102,0,0,4544,199,0,0,0,0
"1804",2023-09-07,6,15,4544,199,0,0,22.8469387755102,0,0,4544,199,0,0,0,0
"1805",2023-09-07,6,20,4522,198,0,0,22.8469387755102,0,0,4544,199,0,0,0,0
"1806",2023-09-07,6,25,4522,198,0,0,22.8469387755102,0,0,4544,199,0,0,0,0
"1807",2023-09-07,6,30,4522,198,0,0,22.8469387755102,0,0,4544,199,0,0,0,0
"1808",2023-09-07,6,35,4478,196,0,0,22.8469387755102,0,0,4544,199,0,0,0,0
"1809",2023-09-07,6,40,4478,196,0,0,22.8469387755102,0,0,4544,199,0,0,0,0
"1810",2023-09-07,6,45,4478,196,0,0,22.8469387755102,0,0,4544,199,0,0,0,0
"1811",2023-09-07,6,50,4478,196,0,0,22.8469387755102,0,0,4544,199,0,0,0,0
"1812",2023-09-07,6,55,4478,196,0,0,22.8469387755102,0,0,4544,199,0,0,0,0
"1813",2023-09-07,7,0,4522,198,0,0,26.6816831683168,0,0,5389.7,203,0,0,0,0
"1814",2023-09-07,7,5,4572,199,0,0,26.6816831683168,0,0,5389.7,203,0,0,0,0
"1815",2023-09-07,7,10,4550,198,0,0,26.6816831683168,0,0,5389.7,203,0,0,0,0
"1816",2023-09-07,7,15,4550,198,0,0,26.6816831683168,0,0,5389.7,203,0,0,0,0
"1817",2023-09-07,7,20,4550,198,0,0,26.6816831683168,0,0,5389.7,203,0,0,0,0
"1818",2023-09-07,7,25,4550,198,0,0,26.6816831683168,0,0,5389.7,203,0,0,0,0
"1819",2023-09-07,7,30,4850,199,0,0,26.6816831683168,0,0,5389.7,203,0,0,0,0
"1820",2023-09-07,7,35,5136.7,203,0,0,26.6816831683168,0,0,5389.7,203,0,0,0,0
"1821",2023-09-07,7,40,5092.7,201,0,0,26.6816831683168,0,0,5389.7,203,0,0,0,0
"1822",2023-09-07,7,45,5242.7,202,0,0,26.6816831683168,0,0,5389.7,203,0,0,0,0
"1823",2023-09-07,7,50,5220.7,201,0,0,26.6816831683168,0,0,5389.7,203,0,0,0,0
"1824",2023-09-07,7,55,5389.7,202,0,0,26.6816831683168,0,0,5389.7,203,0,0,0,0
"1825",2023-09-07,8,0,5261.7,202,0,0,27.340990990991,0,0,6070.7,227,0,0,0,0
"1826",2023-09-07,8,5,5141,202,0,0,27.340990990991,0,0,6070.7,227,0,0,0,0
"1827",2023-09-07,8,10,5485,204,0,0,27.340990990991,0,0,6070.7,227,0,0,0,0
"1828",2023-09-07,8,15,5551,206,0,0,27.340990990991,0,0,6070.7,227,0,0,0,0
"1829",2023-09-07,8,20,5606,209,0,0,27.340990990991,0,0,6070.7,227,0,0,0,0
"1830",2023-09-07,8,25,5415,208,0,0,27.340990990991,0,0,6070.7,227,0,0,0,0
"1831",2023-09-07,8,30,5415,208,0,0,27.340990990991,0,0,6070.7,227,0,0,0,0
"1832",2023-09-07,8,35,5692,218,0,0,27.340990990991,0,0,6070.7,227,0,0,0,0
"1833",2023-09-07,8,40,5681,217,0,0,27.340990990991,0,0,6070.7,227,0,0,0,0
"1834",2023-09-07,8,45,6069.7,222,0,0,27.340990990991,0,0,6070.7,227,0,0,0,0
"1835",2023-09-07,8,50,6004.7,224,0,0,27.340990990991,0,0,6070.7,227,0,0,0,0
"1836",2023-09-07,8,55,6070.7,227,0,0,27.340990990991,0,0,6070.7,227,0,0,0,0
"1837",2023-09-07,9,0,6070.7,226,0,0,26.8615044247788,0,0,6776.1,269,0,0,0,0
"1838",2023-09-07,9,5,5770.7,226,0,0,26.8615044247788,0,0,6776.1,269,0,0,0,0
"1839",2023-09-07,9,10,5770.7,226,0,0,26.8615044247788,0,0,6776.1,269,0,0,0,0
"1840",2023-09-07,9,15,5885.7,232,0,0,26.8615044247788,0,0,6776.1,269,0,0,0,0
"1841",2023-09-07,9,20,6131.7,237,0,0,26.8615044247788,0,0,6776.1,269,0,0,0,0
"1842",2023-09-07,9,25,6175.7,239,0,0,26.8615044247788,0,0,6776.1,269,0,0,0,0
"1843",2023-09-07,9,30,5849.7,245,0,0,26.8615044247788,0,0,6776.1,269,0,0,0,0
"1844",2023-09-07,9,35,6220.1,252,0,0,26.8615044247788,0,0,6776.1,269,0,0,0,0
"1845",2023-09-07,9,40,6553.1,256,0,0,26.8615044247788,0,0,6776.1,269,0,0,0,0
"1846",2023-09-07,9,45,6630.1,260,0,0,26.8615044247788,0,0,6776.1,269,0,0,0,0
"1847",2023-09-07,9,50,6721.1,265,0,0,26.8615044247788,0,0,6776.1,269,0,0,0,0
"1848",2023-09-07,9,55,6776.1,269,0,0,26.8615044247788,0,0,6776.1,269,0,0,0,0
"1849",2023-09-07,10,0,7088.1,278,0,0,27.4383685800604,0,0,9082.1,334,0,0,0,0
"1850",2023-09-07,10,5,7879.1,301,0,0,27.4383685800604,0,0,9082.1,334,0,0,0,0
"1851",2023-09-07,10,10,7989.1,307,0,0,27.4383685800604,0,0,9082.1,334,0,0,0,0
"1852",2023-09-07,10,15,8194.1,311,0,0,27.4383685800604,0,0,9082.1,334,0,0,0,0
"1853",2023-09-07,10,20,8332.1,317,0,0,27.4383685800604,0,0,9082.1,334,0,0,0,0
"1854",2023-09-07,10,25,8475.1,325,0,0,27.4383685800604,0,0,9082.1,334,0,0,0,0
"1855",2023-09-07,10,30,8380.1,326,0,0,27.4383685800604,0,0,9082.1,334,0,0,0,0
"1856",2023-09-07,10,35,8698.1,333,0,0,27.4383685800604,0,0,9082.1,334,0,0,0,0
"1857",2023-09-07,10,40,9082.1,331,0,0,27.4383685800604,0,0,9082.1,334,0,0,0,0
"1858",2023-09-07,10,45,8844.1,333,0,0,27.4383685800604,0,0,9082.1,334,0,0,0,0
"1859",2023-09-07,10,50,9000.1,333,0,0,27.4383685800604,0,0,9082.1,334,0,0,0,0
"1860",2023-09-07,10,55,9011.1,334,0,0,27.4383685800604,0,0,9082.1,334,0,0,0,0
"1861",2023-09-07,11,0,8875.1,335,0,0,26.4928358208955,0,0,8875.1,353,0,0,0,0
"1862",2023-09-07,11,5,8649.1,340,0,0,26.4928358208955,0,0,8875.1,353,0,0,0,0
"1863",2023-09-07,11,10,8247.1,338,0,0,26.4928358208955,0,0,8875.1,353,0,0,0,0
"1864",2023-09-07,11,15,8407.1,340,0,0,26.4928358208955,0,0,8875.1,353,0,0,0,0
"1865",2023-09-07,11,20,7942.1,346,0,0,26.4928358208955,0,0,8875.1,353,0,0,0,0
"1866",2023-09-07,11,25,8264.1,349,0,0,26.4928358208955,0,0,8875.1,353,0,0,0,0
"1867",2023-09-07,11,30,7928.1,343,0,0,26.4928358208955,0,0,8875.1,353,0,0,0,0
"1868",2023-09-07,11,35,8430.1,349,0,0,26.4928358208955,0,0,8875.1,353,0,0,0,0
"1869",2023-09-07,11,40,8464.1,351,0,0,26.4928358208955,0,0,8875.1,353,0,0,0,0
"1870",2023-09-07,11,45,8288.1,353,0,0,26.4928358208955,0,0,8875.1,353,0,0,0,0
"1871",2023-09-07,11,50,8233.1,353,0,0,26.4928358208955,0,0,8875.1,353,0,0,0,0
"1872",2023-09-07,11,55,8080.1,351,0,0,26.4928358208955,0,0,8875.1,353,0,0,0,0
"1873",2023-09-07,12,40,9133.1,377,0,0,24.2939153439153,0,0,9183.1,378,0,0,0,0
"1874",2023-09-07,12,45,9183.1,378,0,0,24.2939153439153,0,0,9183.1,378,0,0,0,0
"1875",2023-09-07,12,50,8872.1,377,0,0,24.2939153439153,0,0,9183.1,378,0,0,0,0
"1876",2023-09-07,12,55,8800.1,375,0,0,24.2939153439153,0,0,9183.1,378,0,0,0,0
"1877",2023-09-07,12,0,7992.1,347,0,0,24.2939153439153,0,0,9183.1,378,0,0,0,0
"1878",2023-09-07,12,5,8247.1,352,0,0,24.2939153439153,0,0,9183.1,378,0,0,0,0
"1879",2023-09-07,12,10,8344.1,357,0,0,24.2939153439153,0,0,9183.1,378,0,0,0,0
"1880",2023-09-07,12,15,8598.1,356,0,0,24.2939153439153,0,0,9183.1,378,0,0,0,0
"1881",2023-09-07,12,20,8255.1,355,0,0,24.2939153439153,0,0,9183.1,378,0,0,0,0
"1882",2023-09-07,12,25,8261.1,354,0,0,24.2939153439153,0,0,9183.1,378,0,0,0,0
"1883",2023-09-07,12,30,8333.1,356,0,0,24.2939153439153,0,0,9183.1,378,0,0,0,0
"1884",2023-09-07,12,35,8718.1,372,0,0,24.2939153439153,0,0,9183.1,378,0,0,0,0
"1885",2023-09-07,13,0,9135.1,379,0,0,30.6361344537815,0,0,11058.1,379,0,0,0,0
"1886",2023-09-07,13,5,9086.1,371,0,0,30.6361344537815,0,0,11058.1,379,0,0,0,0
"1887",2023-09-07,13,10,9376.1,373,0,0,30.6361344537815,0,0,11058.1,379,0,0,0,0
"1888",2023-09-07,13,15,9260.1,370,0,0,30.6361344537815,0,0,11058.1,379,0,0,0,0
"1889",2023-09-07,13,20,9823.1,369,0,0,30.6361344537815,0,0,11058.1,379,0,0,0,0
"1890",2023-09-07,13,25,9637.1,366,0,0,30.6361344537815,0,0,11058.1,379,0,0,0,0
"1891",2023-09-07,13,30,9687.1,367,0,0,30.6361344537815,0,0,11058.1,379,0,0,0,0
"1892",2023-09-07,13,35,9872.1,360,0,0,30.6361344537815,0,0,11058.1,379,0,0,0,0
"1893",2023-09-07,13,40,9905.1,361,0,0,30.6361344537815,0,0,11058.1,379,0,0,0,0
"1894",2023-09-07,13,45,10249.1,361,0,0,30.6361344537815,0,0,11058.1,379,0,0,0,0
"1895",2023-09-07,13,50,11058.1,364,0,0,30.6361344537815,0,0,11058.1,379,0,0,0,0
"1896",2023-09-07,13,55,10937.1,357,0,0,30.6361344537815,0,0,11058.1,379,0,0,0,0
"1897",2023-09-07,14,0,10566.1,348,0,0,30.3623563218391,0,0,10566.1,348,0,0,0,0
"1898",2023-09-07,14,5,9817.1,338,0,0,30.3623563218391,0,0,10566.1,348,0,0,0,0
"1899",2023-09-07,14,10,9587.1,335,0,0,30.3623563218391,0,0,10566.1,348,0,0,0,0
"1900",2023-09-07,14,15,9382.1,331,0,0,30.3623563218391,0,0,10566.1,348,0,0,0,0
"1901",2023-09-07,14,20,8737.1,326,0,0,30.3623563218391,0,0,10566.1,348,0,0,0,0
"1902",2023-09-07,14,25,8654.1,323,0,0,30.3623563218391,0,0,10566.1,348,0,0,0,0
"1903",2023-09-07,14,30,8567.1,316,0,0,30.3623563218391,0,0,10566.1,348,0,0,0,0
"1904",2023-09-07,14,35,9088.1,324,0,0,30.3623563218391,0,0,10566.1,348,0,0,0,0
"1905",2023-09-07,14,40,8940.1,319,0,0,30.3623563218391,0,0,10566.1,348,0,0,0,0
"1906",2023-09-07,14,45,8684.1,320,0,0,30.3623563218391,0,0,10566.1,348,0,0,0,0
"1907",2023-09-07,14,50,8601.1,318,0,0,30.3623563218391,0,0,10566.1,348,0,0,0,0
"1908",2023-09-07,14,55,8778.1,323,0,0,30.3623563218391,0,0,10566.1,348,0,0,0,0
"1909",2023-09-07,15,0,8910.1,330,0,0,27.000303030303,0,0,8910.1,341,0,0,0,0
"1910",2023-09-07,15,5,8088.1,325,0,0,27.000303030303,0,0,8910.1,341,0,0,0,0
"1911",2023-09-07,15,10,8199.1,325,0,0,27.000303030303,0,0,8910.1,341,0,0,0,0
"1912",2023-09-07,15,15,8218.1,325,0,0,27.000303030303,0,0,8910.1,341,0,0,0,0
"1913",2023-09-07,15,20,8356.1,327,0,0,27.000303030303,0,0,8910.1,341,0,0,0,0
"1914",2023-09-07,15,25,7996.1,326,0,0,27.000303030303,0,0,8910.1,341,0,0,0,0
"1915",2023-09-07,15,30,8012.1,329,0,0,27.000303030303,0,0,8910.1,341,0,0,0,0
"1916",2023-09-07,15,35,7407.1,328,0,0,27.000303030303,0,0,8910.1,341,0,0,0,0
"1917",2023-09-07,15,40,7615.1,334,0,0,27.000303030303,0,0,8910.1,341,0,0,0,0
"1918",2023-09-07,15,45,7911.1,339,0,0,27.000303030303,0,0,8910.1,341,0,0,0,0
"1919",2023-09-07,15,50,7772.1,338,0,0,27.000303030303,0,0,8910.1,341,0,0,0,0
"1920",2023-09-07,15,55,8811.1,341,0,0,27.000303030303,0,0,8910.1,341,0,0,0,0
"1921",2023-09-07,16,0,9120.1,343,0,0,27.7903790087464,0,0,9532.1,343,0,0,0,0
"1922",2023-09-07,16,5,9359.1,343,0,0,27.7903790087464,0,0,9532.1,343,0,0,0,0
"1923",2023-09-07,16,10,8848.1,341,0,0,27.7903790087464,0,0,9532.1,343,0,0,0,0
"1924",2023-09-07,16,15,9238.1,341,0,0,27.7903790087464,0,0,9532.1,343,0,0,0,0
"1925",2023-09-07,16,20,9532.1,343,0,0,27.7903790087464,0,0,9532.1,343,0,0,0,0
"1926",2023-09-07,16,25,9471.1,341,0,0,27.7903790087464,0,0,9532.1,343,0,0,0,0
"1927",2023-09-07,16,30,9024.1,337,0,0,27.7903790087464,0,0,9532.1,343,0,0,0,0
"1928",2023-09-07,16,35,8649.8,330,0,0,27.7903790087464,0,0,9532.1,343,0,0,0,0
"1929",2023-09-07,16,40,9120.8,338,0,0,27.7903790087464,0,0,9532.1,343,0,0,0,0
"1930",2023-09-07,16,45,8431.8,334,0,0,27.7903790087464,0,0,9532.1,343,0,0,0,0
"1931",2023-09-07,16,50,8466.8,335,0,0,27.7903790087464,0,0,9532.1,343,0,0,0,0
"1932",2023-09-07,16,55,8891.8,334,0,0,27.7903790087464,0,0,9532.1,343,0,0,0,0
"1933",2023-09-07,17,0,8459.8,331,0,0,28.0052325581395,0,0,9633.8,344,0,0,0,0
"1934",2023-09-07,17,5,9243.8,336,0,0,28.0052325581395,0,0,9633.8,344,0,0,0,0
"1935",2023-09-07,17,10,9287.8,338,0,0,28.0052325581395,0,0,9633.8,344,0,0,0,0
"1936",2023-09-07,17,15,9633.8,344,0,0,28.0052325581395,0,0,9633.8,344,0,0,0,0
"1937",2023-09-07,17,20,9299.8,344,0,0,28.0052325581395,0,0,9633.8,344,0,0,0,0
"1938",2023-09-07,17,25,8507.8,334,0,0,28.0052325581395,0,0,9633.8,344,0,0,0,0
"1939",2023-09-07,17,30,8690.8,337,0,0,28.0052325581395,0,0,9633.8,344,0,0,0,0
"1940",2023-09-07,17,35,7879.8,322,0,0,28.0052325581395,0,0,9633.8,344,0,0,0,0
"1941",2023-09-07,17,40,7870.8,317,0,0,28.0052325581395,0,0,9633.8,344,0,0,0,0
"1942",2023-09-07,17,45,6095.4,243,0,0,28.0052325581395,0,0,9633.8,344,0,0,0,0
"1943",2023-09-07,17,50,7497.8,319,0,0,28.0052325581395,0,0,9633.8,344,0,0,0,0
"1944",2023-09-07,17,55,7453.8,318,0,0,28.0052325581395,0,0,9633.8,344,0,0,0,0
"1945",2023-09-07,18,0,7475.8,319,0,0,27.0240740740741,0,0,8755.8,329,0,0,0,0
"1946",2023-09-07,18,5,8046.8,324,0,0,27.0240740740741,0,0,8755.8,329,0,0,0,0
"1947",2023-09-07,18,10,7991.8,319,0,0,27.0240740740741,0,0,8755.8,329,0,0,0,0
"1948",2023-09-07,18,15,8755.8,324,0,0,27.0240740740741,0,0,8755.8,329,0,0,0,0
"1949",2023-09-07,18,20,8719.8,323,0,0,27.0240740740741,0,0,8755.8,329,0,0,0,0
"1950",2023-09-07,18,25,8648.8,322,0,0,27.0240740740741,0,0,8755.8,329,0,0,0,0
"1951",2023-09-07,18,30,8256.8,324,0,0,27.0240740740741,0,0,8755.8,329,0,0,0,0
"1952",2023-09-07,18,35,8152.4,322,0,0,27.0240740740741,0,0,8755.8,329,0,0,0,0
"1953",2023-09-07,18,40,7834.4,324,0,0,27.0240740740741,0,0,8755.8,329,0,0,0,0
"1954",2023-09-07,18,45,7895.4,327,0,0,27.0240740740741,0,0,8755.8,329,0,0,0,0
"1955",2023-09-07,18,50,7799.4,328,0,0,27.0240740740741,0,0,8755.8,329,0,0,0,0
"1956",2023-09-07,18,55,7817.7,329,0,0,27.0240740740741,0,0,8755.8,329,0,0,0,0
"1957",2023-09-07,19,0,7904.7,330,0,0,26.3614886731392,0,0,8221.7,330,0,0,0,0
"1958",2023-09-07,19,5,8221.7,314,0,0,26.3614886731392,0,0,8221.7,330,0,0,0,0
"1959",2023-09-07,19,10,8133.7,310,0,0,26.3614886731392,0,0,8221.7,330,0,0,0,0
"1960",2023-09-07,19,15,8145.7,309,0,0,26.3614886731392,0,0,8221.7,330,0,0,0,0
"1961",2023-09-07,19,20,7866.7,303,0,0,26.3614886731392,0,0,8221.7,330,0,0,0,0
"1962",2023-09-07,19,25,7821.7,301,0,0,26.3614886731392,0,0,8221.7,330,0,0,0,0
"1963",2023-09-07,19,30,7367.7,292,0,0,26.3614886731392,0,0,8221.7,330,0,0,0,0
"1964",2023-09-07,19,35,6976.7,294,0,0,26.3614886731392,0,0,8221.7,330,0,0,0,0
"1965",2023-09-07,19,40,6978.7,293,0,0,26.3614886731392,0,0,8221.7,330,0,0,0,0
"1966",2023-09-07,19,45,6726.7,290,0,0,26.3614886731392,0,0,8221.7,330,0,0,0,0
"1967",2023-09-07,19,50,6498.7,289,0,0,26.3614886731392,0,0,8221.7,330,0,0,0,0
"1968",2023-09-07,19,55,6636.7,290,0,0,26.3614886731392,0,0,8221.7,330,0,0,0,0
"1969",2023-09-07,20,45,8709.7,293,0,0,29.7259385665529,0,0,8709.7,298,0,0,0,0
"1970",2023-09-07,20,50,8409.7,292,0,0,29.7259385665529,0,0,8709.7,298,0,0,0,0
"1971",2023-09-07,20,55,8442.7,294,0,0,29.7259385665529,0,0,8709.7,298,0,0,0,0
"1972",2023-09-07,20,0,6617.7,287,0,0,29.7259385665529,0,0,8709.7,298,0,0,0,0
"1973",2023-09-07,20,5,7893.7,298,0,0,29.7259385665529,0,0,8709.7,298,0,0,0,0
"1974",2023-09-07,20,10,7680.7,295,0,0,29.7259385665529,0,0,8709.7,298,0,0,0,0
"1975",2023-09-07,20,15,7641.7,292,0,0,29.7259385665529,0,0,8709.7,298,0,0,0,0
"1976",2023-09-07,20,20,7645.7,294,0,0,29.7259385665529,0,0,8709.7,298,0,0,0,0
"1977",2023-09-07,20,25,7839.7,297,0,0,29.7259385665529,0,0,8709.7,298,0,0,0,0
"1978",2023-09-07,20,30,8128.7,297,0,0,29.7259385665529,0,0,8709.7,298,0,0,0,0
"1979",2023-09-07,20,35,8426.7,296,0,0,29.7259385665529,0,0,8709.7,298,0,0,0,0
"1980",2023-09-07,20,40,8595.7,295,0,0,29.7259385665529,0,0,8709.7,298,0,0,0,0
"1981",2023-09-07,21,20,8521.7,302,0,0,28.7923333333333,0,0,8637.7,305,0,0,0,0
"1982",2023-09-07,21,25,8456.7,304,0,0,28.7923333333333,0,0,8637.7,305,0,0,0,0
"1983",2023-09-07,21,30,8145.7,303,0,0,28.7923333333333,0,0,8637.7,305,0,0,0,0
"1984",2023-09-07,21,35,7215.7,302,0,0,28.7923333333333,0,0,8637.7,305,0,0,0,0
"1985",2023-09-07,21,40,7640.7,304,0,0,28.7923333333333,0,0,8637.7,305,0,0,0,0
"1986",2023-09-07,21,45,7517,302,0,0,28.7923333333333,0,0,8637.7,305,0,0,0,0
"1987",2023-09-07,21,50,7700,305,0,0,28.7923333333333,0,0,8637.7,305,0,0,0,0
"1988",2023-09-07,21,55,7678,304,0,0,28.7923333333333,0,0,8637.7,305,0,0,0,0
"1989",2023-09-07,21,0,8456.7,295,0,0,28.7923333333333,0,0,8637.7,305,0,0,0,0
"1990",2023-09-07,21,5,8637.7,300,0,0,28.7923333333333,0,0,8637.7,305,0,0,0,0
"1991",2023-09-07,21,10,8441.7,301,0,0,28.7923333333333,0,0,8637.7,305,0,0,0,0
"1992",2023-09-07,21,15,8506.7,299,0,0,28.7923333333333,0,0,8637.7,305,0,0,0,0
"1993",2023-09-07,22,15,8592.7,304,0,0,28.2654605263158,0,0,8592.7,311,0,0,0,0
"1994",2023-09-07,22,20,7802.7,300,0,0,28.2654605263158,0,0,8592.7,311,0,0,0,0
"1995",2023-09-07,22,25,7978.7,302,0,0,28.2654605263158,0,0,8592.7,311,0,0,0,0
"1996",2023-09-07,22,30,7961.7,303,0,0,28.2654605263158,0,0,8592.7,311,0,0,0,0
"1997",2023-09-07,22,35,7873.7,303,0,0,28.2654605263158,0,0,8592.7,311,0,0,0,0
"1998",2023-09-07,22,40,7508.7,305,0,0,28.2654605263158,0,0,8592.7,311,0,0,0,0
"1999",2023-09-07,22,45,7536.7,305,0,0,28.2654605263158,0,0,8592.7,311,0,0,0,0
"2000",2023-09-07,22,50,7426.7,303,0,0,28.2654605263158,0,0,8592.7,311,0,0,0,0
"2001",2023-09-07,22,55,7274.7,301,0,0,28.2654605263158,0,0,8592.7,311,0,0,0,0
"2002",2023-09-07,22,0,8037,311,0,0,28.2654605263158,0,0,8592.7,311,0,0,0,0
"2003",2023-09-07,22,5,8408,308,0,0,28.2654605263158,0,0,8592.7,311,0,0,0,0
"2004",2023-09-07,22,10,8446.7,305,0,0,28.2654605263158,0,0,8592.7,311,0,0,0,0
"2005",2023-09-07,23,0,7186.7,301,0,0,23.8760797342193,0,0,7186.7,301,0,0,0,0
"2006",2023-09-07,23,5,7076.7,300,0,0,23.8760797342193,0,0,7186.7,301,0,0,0,0
"2007",2023-09-07,23,10,6987.7,296,0,0,23.8760797342193,0,0,7186.7,301,0,0,0,0
"2008",2023-09-07,23,15,7005.7,295,0,0,23.8760797342193,0,0,7186.7,301,0,0,0,0
"2009",2023-09-07,23,20,6829.7,294,0,0,23.8760797342193,0,0,7186.7,301,0,0,0,0
"2010",2023-09-07,23,25,6740.7,293,0,0,23.8760797342193,0,0,7186.7,301,0,0,0,0
"2011",2023-09-07,23,30,6715.7,297,0,0,23.8760797342193,0,0,7186.7,301,0,0,0,0
"2012",2023-09-07,23,35,6383.7,292,0,0,23.8760797342193,0,0,7186.7,301,0,0,0,0
"2013",2023-09-07,23,40,6325.7,290,0,0,23.8760797342193,0,0,7186.7,301,0,0,0,0
"2014",2023-09-07,23,45,6538.7,293,0,0,23.8760797342193,0,0,7186.7,301,0,0,0,0
"2015",2023-09-07,23,50,6821.7,291,0,0,23.8760797342193,0,0,7186.7,301,0,0,0,0
"2016",2023-09-07,23,55,6587.7,288,0,0,23.8760797342193,0,0,7186.7,301,0,0,0,0
"2017",2023-09-08,0,0,5960.7,258,0,0,24.5326693227092,0,0,6157.7,258,0,0,0,0
"2018",2023-09-08,0,5,5718.7,256,0,0,24.5326693227092,0,0,6157.7,258,0,0,0,0
"2019",2023-09-08,0,10,5635.7,253,0,0,24.5326693227092,0,0,6157.7,258,0,0,0,0
"2020",2023-09-08,0,15,5585.7,252,0,0,24.5326693227092,0,0,6157.7,258,0,0,0,0
"2021",2023-09-08,0,20,5819.7,250,0,0,24.5326693227092,0,0,6157.7,258,0,0,0,0
"2022",2023-09-08,0,25,5955.7,249,0,0,24.5326693227092,0,0,6157.7,258,0,0,0,0
"2023",2023-09-08,0,30,6157.7,251,0,0,24.5326693227092,0,0,6157.7,258,0,0,0,0
"2024",2023-09-08,0,35,5698.7,243,0,0,24.5326693227092,0,0,6157.7,258,0,0,0,0
"2025",2023-09-08,0,40,5698.7,243,0,0,24.5326693227092,0,0,6157.7,258,0,0,0,0
"2026",2023-09-08,0,45,5482,239,0,0,24.5326693227092,0,0,6157.7,258,0,0,0,0
"2027",2023-09-08,0,50,5449,237,0,0,24.5326693227092,0,0,6157.7,258,0,0,0,0
"2028",2023-09-08,0,55,5416,237,0,0,24.5326693227092,0,0,6157.7,258,0,0,0,0
"2029",2023-09-08,1,0,5383,235,0,0,24.8777292576419,0,0,5725,235,0,0,0,0
"2030",2023-09-08,1,5,5273,230,0,0,24.8777292576419,0,0,5725,235,0,0,0,0
"2031",2023-09-08,1,10,5049,226,0,0,24.8777292576419,0,0,5725,235,0,0,0,0
"2032",2023-09-08,1,15,5093,228,0,0,24.8777292576419,0,0,5725,235,0,0,0,0
"2033",2023-09-08,1,20,5126,230,0,0,24.8777292576419,0,0,5725,235,0,0,0,0
"2034",2023-09-08,1,25,5371,228,0,0,24.8777292576419,0,0,5725,235,0,0,0,0
"2035",2023-09-08,1,30,5295,229,0,0,24.8777292576419,0,0,5725,235,0,0,0,0
"2036",2023-09-08,1,35,5725,231,0,0,24.8777292576419,0,0,5725,235,0,0,0,0
"2037",2023-09-08,1,40,5697,229,0,0,24.8777292576419,0,0,5725,235,0,0,0,0
"2038",2023-09-08,1,45,5697,229,0,0,24.8777292576419,0,0,5725,235,0,0,0,0
"2039",2023-09-08,1,50,5119,228,0,0,24.8777292576419,0,0,5725,235,0,0,0,0
"2040",2023-09-08,1,55,5119,228,0,0,24.8777292576419,0,0,5725,235,0,0,0,0
"2041",2023-09-08,2,0,4728.7,226,0,0,22.2542600896861,0,0,4962.7,226,0,0,0,0
"2042",2023-09-08,2,5,4695.7,224,0,0,22.2542600896861,0,0,4962.7,226,0,0,0,0
"2043",2023-09-08,2,10,4695.7,224,0,0,22.2542600896861,0,0,4962.7,226,0,0,0,0
"2044",2023-09-08,2,15,4662.7,222,0,0,22.2542600896861,0,0,4962.7,226,0,0,0,0
"2045",2023-09-08,2,20,4662.7,222,0,0,22.2542600896861,0,0,4962.7,226,0,0,0,0
"2046",2023-09-08,2,25,4962.7,223,0,0,22.2542600896861,0,0,4962.7,226,0,0,0,0
"2047",2023-09-08,2,30,4662.7,222,0,0,22.2542600896861,0,0,4962.7,226,0,0,0,0
"2048",2023-09-08,2,35,4712.7,223,0,0,22.2542600896861,0,0,4962.7,226,0,0,0,0
"2049",2023-09-08,2,40,4712.7,223,0,0,22.2542600896861,0,0,4962.7,226,0,0,0,0
"2050",2023-09-08,2,45,4712.7,223,0,0,22.2542600896861,0,0,4962.7,226,0,0,0,0
"2051",2023-09-08,2,50,4690.7,222,0,0,22.2542600896861,0,0,4962.7,226,0,0,0,0
"2052",2023-09-08,2,55,4690.7,222,0,0,22.2542600896861,0,0,4962.7,226,0,0,0,0
"2053",2023-09-08,3,0,4690.7,222,0,0,23.0212669683258,0,0,5120.7,223,0,0,0,0
"2054",2023-09-08,3,5,4690.7,222,0,0,23.0212669683258,0,0,5120.7,223,0,0,0,0
"2055",2023-09-08,3,10,4690.7,222,0,0,23.0212669683258,0,0,5120.7,223,0,0,0,0
"2056",2023-09-08,3,15,4690.7,222,0,0,23.0212669683258,0,0,5120.7,223,0,0,0,0
"2057",2023-09-08,3,20,4690.7,222,0,0,23.0212669683258,0,0,5120.7,223,0,0,0,0
"2058",2023-09-08,3,25,4870.7,223,0,0,23.0212669683258,0,0,5120.7,223,0,0,0,0
"2059",2023-09-08,3,30,4870.7,223,0,0,23.0212669683258,0,0,5120.7,223,0,0,0,0
"2060",2023-09-08,3,35,5120.7,223,0,0,23.0212669683258,0,0,5120.7,223,0,0,0,0
"2061",2023-09-08,3,40,5120.7,223,0,0,23.0212669683258,0,0,5120.7,223,0,0,0,0
"2062",2023-09-08,3,45,5120.7,223,0,0,23.0212669683258,0,0,5120.7,223,0,0,0,0
"2063",2023-09-08,3,50,5087.7,221,0,0,23.0212669683258,0,0,5120.7,223,0,0,0,0
"2064",2023-09-08,3,55,4885.7,219,0,0,23.0212669683258,0,0,5120.7,223,0,0,0,0
"2065",2023-09-08,4,0,4863.7,218,0,0,23.0958333333333,0,0,5043.7,219,0,0,0,0
"2066",2023-09-08,4,5,5043.7,219,0,0,23.0958333333333,0,0,5043.7,219,0,0,0,0
"2067",2023-09-08,4,10,5010.7,217,0,0,23.0958333333333,0,0,5043.7,219,0,0,0,0
"2068",2023-09-08,4,15,4988.7,216,0,0,23.0958333333333,0,0,5043.7,219,0,0,0,0
"2069",2023-09-08,4,20,4808.7,215,0,0,23.0958333333333,0,0,5043.7,219,0,0,0,0
"2070",2023-09-08,4,25,4808.7,215,0,0,23.0958333333333,0,0,5043.7,219,0,0,0,0
"2071",2023-09-08,4,30,4508.7,214,0,0,23.0958333333333,0,0,5043.7,219,0,0,0,0
"2072",2023-09-08,4,35,4508.7,214,0,0,23.0958333333333,0,0,5043.7,219,0,0,0,0
"2073",2023-09-08,4,40,4508.7,214,0,0,23.0958333333333,0,0,5043.7,219,0,0,0,0
"2074",2023-09-08,4,45,4508.7,214,0,0,23.0958333333333,0,0,5043.7,219,0,0,0,0
"2075",2023-09-08,4,50,4486.7,213,0,0,23.0958333333333,0,0,5043.7,219,0,0,0,0
"2076",2023-09-08,4,55,4486.7,213,0,0,23.0958333333333,0,0,5043.7,219,0,0,0,0
"2077",2023-09-08,5,0,4786.7,214,0,0,22.5504716981132,0,0,4802.7,214,0,0,0,0
"2078",2023-09-08,5,5,4802.7,213,0,0,22.5504716981132,0,0,4802.7,214,0,0,0,0
"2079",2023-09-08,5,10,4802.7,213,0,0,22.5504716981132,0,0,4802.7,214,0,0,0,0
"2080",2023-09-08,5,15,4802.7,213,0,0,22.5504716981132,0,0,4802.7,214,0,0,0,0
"2081",2023-09-08,5,20,4802.7,213,0,0,22.5504716981132,0,0,4802.7,214,0,0,0,0
"2082",2023-09-08,5,25,4780.7,212,0,0,22.5504716981132,0,0,4802.7,214,0,0,0,0
"2083",2023-09-08,5,30,4458.7,210,0,0,22.5504716981132,0,0,4802.7,214,0,0,0,0
"2084",2023-09-08,5,35,4608.7,211,0,0,22.5504716981132,0,0,4802.7,214,0,0,0,0
"2085",2023-09-08,5,40,4586.7,210,0,0,22.5504716981132,0,0,4802.7,214,0,0,0,0
"2086",2023-09-08,5,45,4586.7,210,0,0,22.5504716981132,0,0,4802.7,214,0,0,0,0
"2087",2023-09-08,5,50,4586.7,210,0,0,22.5504716981132,0,0,4802.7,214,0,0,0,0
"2088",2023-09-08,5,55,4586.7,210,0,0,22.5504716981132,0,0,4802.7,214,0,0,0,0
"2089",2023-09-08,6,0,4586.7,210,0,0,22.515763546798,0,0,4658.7,210,0,0,0,0
"2090",2023-09-08,6,5,4658.7,208,0,0,22.515763546798,0,0,4658.7,210,0,0,0,0
"2091",2023-09-08,6,10,4658.7,208,0,0,22.515763546798,0,0,4658.7,210,0,0,0,0
"2092",2023-09-08,6,15,4658.7,208,0,0,22.515763546798,0,0,4658.7,210,0,0,0,0
"2093",2023-09-08,6,20,4614.7,206,0,0,22.515763546798,0,0,4658.7,210,0,0,0,0
"2094",2023-09-08,6,25,4636.7,207,0,0,22.515763546798,0,0,4658.7,210,0,0,0,0
"2095",2023-09-08,6,30,4592.7,205,0,0,22.515763546798,0,0,4658.7,210,0,0,0,0
"2096",2023-09-08,6,35,4592.7,204,0,0,22.515763546798,0,0,4658.7,210,0,0,0,0
"2097",2023-09-08,6,40,4592.7,204,0,0,22.515763546798,0,0,4658.7,210,0,0,0,0
"2098",2023-09-08,6,45,4570.7,203,0,0,22.515763546798,0,0,4658.7,210,0,0,0,0
"2099",2023-09-08,6,50,4570.7,203,0,0,22.515763546798,0,0,4658.7,210,0,0,0,0
"2100",2023-09-08,6,55,4570.7,203,0,0,22.515763546798,0,0,4658.7,210,0,0,0,0
"2101",2023-09-08,7,0,4548.7,202,0,0,22.5183168316832,0,0,4548.7,202,0,0,0,0
"2102",2023-09-08,7,5,4394.7,202,0,0,22.5183168316832,0,0,4548.7,202,0,0,0,0
"2103",2023-09-08,7,10,4372.7,201,0,0,22.5183168316832,0,0,4548.7,202,0,0,0,0
"2104",2023-09-08,7,15,4350.7,200,0,0,22.5183168316832,0,0,4548.7,202,0,0,0,0
"2105",2023-09-08,7,20,4372.7,201,0,0,22.5183168316832,0,0,4548.7,202,0,0,0,0
"2106",2023-09-08,7,25,4372.7,201,0,0,22.5183168316832,0,0,4548.7,202,0,0,0,0
"2107",2023-09-08,7,30,4383.7,202,0,0,22.5183168316832,0,0,4548.7,202,0,0,0,0
"2108",2023-09-08,7,35,4317.7,199,0,0,22.5183168316832,0,0,4548.7,202,0,0,0,0
"2109",2023-09-08,7,40,4317.7,199,0,0,22.5183168316832,0,0,4548.7,202,0,0,0,0
"2110",2023-09-08,7,45,4317.7,199,0,0,22.5183168316832,0,0,4548.7,202,0,0,0,0
"2111",2023-09-08,7,50,4317.7,199,0,0,22.5183168316832,0,0,4548.7,202,0,0,0,0
"2112",2023-09-08,7,55,4317.7,199,0,0,22.5183168316832,0,0,4548.7,202,0,0,0,0
"2113",2023-09-08,8,0,4339.7,201,0,0,25.8577092511013,0,0,5969.7,231,0,0,0,0
"2114",2023-09-08,8,5,4478.7,201,0,0,25.8577092511013,0,0,5969.7,231,0,0,0,0
"2115",2023-09-08,8,10,4625.7,201,0,0,25.8577092511013,0,0,5969.7,231,0,0,0,0
"2116",2023-09-08,8,15,4636.7,202,0,0,25.8577092511013,0,0,5969.7,231,0,0,0,0
"2117",2023-09-08,8,20,4658.7,203,0,0,25.8577092511013,0,0,5969.7,231,0,0,0,0
"2118",2023-09-08,8,25,4863.7,206,0,0,25.8577092511013,0,0,5969.7,231,0,0,0,0
"2119",2023-09-08,8,30,4962.7,211,0,0,25.8577092511013,0,0,5969.7,231,0,0,0,0
"2120",2023-09-08,8,35,5592.7,221,0,0,25.8577092511013,0,0,5969.7,231,0,0,0,0
"2121",2023-09-08,8,40,5836.7,226,0,0,25.8577092511013,0,0,5969.7,231,0,0,0,0
"2122",2023-09-08,8,45,5869.7,227,0,0,25.8577092511013,0,0,5969.7,231,0,0,0,0
"2123",2023-09-08,8,50,5957.7,231,0,0,25.8577092511013,0,0,5969.7,231,0,0,0,0
"2124",2023-09-08,8,55,5969.7,231,0,0,25.8577092511013,0,0,5969.7,231,0,0,0,0
"2125",2023-09-08,9,0,5967.7,240,0,0,25.5849122807018,0,0,7368.7,291,0,0,0,0
"2126",2023-09-08,9,5,5529.7,241,0,0,25.5849122807018,0,0,7368.7,291,0,0,0,0
"2127",2023-09-08,9,10,5496.7,239,0,0,25.5849122807018,0,0,7368.7,291,0,0,0,0
"2128",2023-09-08,9,15,5660.7,244,0,0,25.5849122807018,0,0,7368.7,291,0,0,0,0
"2129",2023-09-08,9,20,5682.7,247,0,0,25.5849122807018,0,0,7368.7,291,0,0,0,0
"2130",2023-09-08,9,25,5847.7,255,0,0,25.5849122807018,0,0,7368.7,291,0,0,0,0
"2131",2023-09-08,9,30,5891.7,259,0,0,25.5849122807018,0,0,7368.7,291,0,0,0,0
"2132",2023-09-08,9,35,6888.7,275,0,0,25.5849122807018,0,0,7368.7,291,0,0,0,0
"2133",2023-09-08,9,40,7115.7,280,0,0,25.5849122807018,0,0,7368.7,291,0,0,0,0
"2134",2023-09-08,9,45,7137.7,281,0,0,25.5849122807018,0,0,7368.7,291,0,0,0,0
"2135",2023-09-08,9,50,7291.7,285,0,0,25.5849122807018,0,0,7368.7,291,0,0,0,0
"2136",2023-09-08,9,55,7368.7,291,0,0,25.5849122807018,0,0,7368.7,291,0,0,0,0
"2137",2023-09-08,10,0,7566.7,303,0,0,24.9726072607261,0,0,8108.7,346,0,0,0,0
"2138",2023-09-08,10,5,7547.7,314,0,0,24.9726072607261,0,0,8108.7,346,0,0,0,0
"2139",2023-09-08,10,10,7508.7,315,0,0,24.9726072607261,0,0,8108.7,346,0,0,0,0
"2140",2023-09-08,10,15,7640.7,322,0,0,24.9726072607261,0,0,8108.7,346,0,0,0,0
"2141",2023-09-08,10,20,7831.7,324,0,0,24.9726072607261,0,0,8108.7,346,0,0,0,0
"2142",2023-09-08,10,25,7769.7,327,0,0,24.9726072607261,0,0,8108.7,346,0,0,0,0
"2143",2023-09-08,10,30,7835.7,331,0,0,24.9726072607261,0,0,8108.7,346,0,0,0,0
"2144",2023-09-08,10,35,7861.7,333,0,0,24.9726072607261,0,0,8108.7,346,0,0,0,0
"2145",2023-09-08,10,40,7927.7,337,0,0,24.9726072607261,0,0,8108.7,346,0,0,0,0
"2146",2023-09-08,10,45,7802.7,340,0,0,24.9726072607261,0,0,8108.7,346,0,0,0,0
"2147",2023-09-08,10,50,8026.7,344,0,0,24.9726072607261,0,0,8108.7,346,0,0,0,0
"2148",2023-09-08,10,55,8108.7,346,0,0,24.9726072607261,0,0,8108.7,346,0,0,0,0
"2149",2023-09-08,11,55,10155.7,391,0,0,25.9736572890026,0,0,10155.7,391,0,0,0,0
"2150",2023-09-08,11,0,8141.7,347,0,0,25.9736572890026,0,0,10155.7,391,0,0,0,0
"2151",2023-09-08,11,5,9185.7,371,0,0,25.9736572890026,0,0,10155.7,391,0,0,0,0
"2152",2023-09-08,11,10,9262.7,376,0,0,25.9736572890026,0,0,10155.7,391,0,0,0,0
"2153",2023-09-08,11,15,9424.7,375,0,0,25.9736572890026,0,0,10155.7,391,0,0,0,0
"2154",2023-09-08,11,20,9233.7,373,0,0,25.9736572890026,0,0,10155.7,391,0,0,0,0
"2155",2023-09-08,11,25,9255.7,374,0,0,25.9736572890026,0,0,10155.7,391,0,0,0,0
"2156",2023-09-08,11,30,9146.7,375,0,0,25.9736572890026,0,0,10155.7,391,0,0,0,0
"2157",2023-09-08,11,35,9272.7,391,0,0,25.9736572890026,0,0,10155.7,391,0,0,0,0
"2158",2023-09-08,11,40,9192.7,387,0,0,25.9736572890026,0,0,10155.7,391,0,0,0,0
"2159",2023-09-08,11,45,9503.7,388,0,0,25.9736572890026,0,0,10155.7,391,0,0,0,0
"2160",2023-09-08,11,50,9741.7,388,0,0,25.9736572890026,0,0,10155.7,391,0,0,0,0
"2161",2023-09-08,12,0,9728.7,384,0,0,26.804358974359,0,0,10453.7,391,0,0,0,0
"2162",2023-09-08,12,5,10381.7,389,0,0,26.804358974359,0,0,10453.7,391,0,0,0,0
"2163",2023-09-08,12,10,10348.7,387,0,0,26.804358974359,0,0,10453.7,391,0,0,0,0
"2164",2023-09-08,12,15,10453.7,390,0,0,26.804358974359,0,0,10453.7,391,0,0,0,0
"2165",2023-09-08,12,20,10224.7,391,0,0,26.804358974359,0,0,10453.7,391,0,0,0,0
"2166",2023-09-08,12,25,9875.7,389,0,0,26.804358974359,0,0,10453.7,391,0,0,0,0
"2167",2023-09-08,12,30,9809.7,386,0,0,26.804358974359,0,0,10453.7,391,0,0,0,0
"2168",2023-09-08,12,35,9149.7,375,0,0,26.804358974359,0,0,10453.7,391,0,0,0,0
"2169",2023-09-08,12,40,8721.7,370,0,0,26.804358974359,0,0,10453.7,391,0,0,0,0
"2170",2023-09-08,12,45,8542.7,371,0,0,26.804358974359,0,0,10453.7,391,0,0,0,0
"2171",2023-09-08,12,50,8567.7,376,0,0,26.804358974359,0,0,10453.7,391,0,0,0,0
"2172",2023-09-08,12,55,8861.7,378,0,0,26.804358974359,0,0,10453.7,391,0,0,0,0
"2173",2023-09-08,13,0,9081.7,380,0,0,27.5544943820225,0,0,9809.4,385,0,0,0,0
"2174",2023-09-08,13,5,9428.7,384,0,0,27.5544943820225,0,0,9809.4,385,0,0,0,0
"2175",2023-09-08,13,10,9608.7,385,0,0,27.5544943820225,0,0,9809.4,385,0,0,0,0
"2176",2023-09-08,13,15,9501.7,378,0,0,27.5544943820225,0,0,9809.4,385,0,0,0,0
"2177",2023-09-08,13,20,9098.7,375,0,0,27.5544943820225,0,0,9809.4,385,0,0,0,0
"2178",2023-09-08,13,25,9032.7,372,0,0,27.5544943820225,0,0,9809.4,385,0,0,0,0
"2179",2023-09-08,13,30,9354.7,373,0,0,27.5544943820225,0,0,9809.4,385,0,0,0,0
"2180",2023-09-08,13,35,9275.7,366,0,0,27.5544943820225,0,0,9809.4,385,0,0,0,0
"2181",2023-09-08,13,40,9157.4,365,0,0,27.5544943820225,0,0,9809.4,385,0,0,0,0
"2182",2023-09-08,13,45,9171.4,364,0,0,27.5544943820225,0,0,9809.4,385,0,0,0,0
"2183",2023-09-08,13,50,9265.4,359,0,0,27.5544943820225,0,0,9809.4,385,0,0,0,0
"2184",2023-09-08,13,55,9809.4,356,0,0,27.5544943820225,0,0,9809.4,385,0,0,0,0
"2185",2023-09-08,14,45,10226.4,341,0,0,30.5794871794872,0,0,10733.4,351,0,0,0,0
"2186",2023-09-08,14,50,10172.4,345,0,0,30.5794871794872,0,0,10733.4,351,0,0,0,0
"2187",2023-09-08,14,55,10733.4,351,0,0,30.5794871794872,0,0,10733.4,351,0,0,0,0
"2188",2023-09-08,14,0,9290.4,349,0,0,30.5794871794872,0,0,10733.4,351,0,0,0,0
"2189",2023-09-08,14,5,8879.4,348,0,0,30.5794871794872,0,0,10733.4,351,0,0,0,0
"2190",2023-09-08,14,10,8824.4,343,0,0,30.5794871794872,0,0,10733.4,351,0,0,0,0
"2191",2023-09-08,14,15,8813.4,342,0,0,30.5794871794872,0,0,10733.4,351,0,0,0,0
"2192",2023-09-08,14,20,9212.4,343,0,0,30.5794871794872,0,0,10733.4,351,0,0,0,0
"2193",2023-09-08,14,25,9566.4,341,0,0,30.5794871794872,0,0,10733.4,351,0,0,0,0
"2194",2023-09-08,14,30,9152.4,335,0,0,30.5794871794872,0,0,10733.4,351,0,0,0,0
"2195",2023-09-08,14,35,9642.4,340,0,0,30.5794871794872,0,0,10733.4,351,0,0,0,0
"2196",2023-09-08,14,40,9865.4,338,0,0,30.5794871794872,0,0,10733.4,351,0,0,0,0
"2197",2023-09-08,15,15,9616.4,344,0,0,31.3988472622478,0,0,10895.4,348,0,0,0,0
"2198",2023-09-08,15,20,9008.4,341,0,0,31.3988472622478,0,0,10895.4,348,0,0,0,0
"2199",2023-09-08,15,25,8908.4,345,0,0,31.3988472622478,0,0,10895.4,348,0,0,0,0
"2200",2023-09-08,15,30,8453.4,343,0,0,31.3988472622478,0,0,10895.4,348,0,0,0,0
"2201",2023-09-08,15,35,8338.4,343,0,0,31.3988472622478,0,0,10895.4,348,0,0,0,0
"2202",2023-09-08,15,40,8249.4,344,0,0,31.3988472622478,0,0,10895.4,348,0,0,0,0
"2203",2023-09-08,15,45,8173.4,346,0,0,31.3988472622478,0,0,10895.4,348,0,0,0,0
"2204",2023-09-08,15,50,8309.4,343,0,0,31.3988472622478,0,0,10895.4,348,0,0,0,0
"2205",2023-09-08,15,55,8442.4,344,0,0,31.3988472622478,0,0,10895.4,348,0,0,0,0
"2206",2023-09-08,15,0,10895.4,347,0,0,31.3988472622478,0,0,10895.4,348,0,0,0,0
"2207",2023-09-08,15,5,10698.4,348,0,0,31.3988472622478,0,0,10895.4,348,0,0,0,0
"2208",2023-09-08,15,10,10282.4,344,0,0,31.3988472622478,0,0,10895.4,348,0,0,0,0
"2209",2023-09-08,16,0,8276.4,343,0,0,24.1936781609195,0,0,8734.4,372,0,0,0,0
"2210",2023-09-08,16,5,8211.4,346,0,0,24.1936781609195,0,0,8734.4,372,0,0,0,0
"2211",2023-09-08,16,10,7891.4,345,0,0,24.1936781609195,0,0,8734.4,372,0,0,0,0
"2212",2023-09-08,16,15,8081.4,348,0,0,24.1936781609195,0,0,8734.4,372,0,0,0,0
"2213",2023-09-08,16,20,8419.4,348,0,0,24.1936781609195,0,0,8734.4,372,0,0,0,0
"2214",2023-09-08,16,25,8118.4,352,0,0,24.1936781609195,0,0,8734.4,372,0,0,0,0
"2215",2023-09-08,16,30,8089.4,358,0,0,24.1936781609195,0,0,8734.4,372,0,0,0,0
"2216",2023-09-08,16,35,8074.4,363,0,0,24.1936781609195,0,0,8734.4,372,0,0,0,0
"2217",2023-09-08,16,40,8734.4,366,0,0,24.1936781609195,0,0,8734.4,372,0,0,0,0
"2218",2023-09-08,16,45,8559.4,366,0,0,24.1936781609195,0,0,8734.4,372,0,0,0,0
"2219",2023-09-08,16,50,8724.4,371,0,0,24.1936781609195,0,0,8734.4,372,0,0,0,0
"2220",2023-09-08,16,55,8577.4,372,0,0,24.1936781609195,0,0,8734.4,372,0,0,0,0
"2221",2023-09-08,17,0,8707.4,372,0,0,24.2755434782609,0,0,8933.4,372,0,0,0,0
"2222",2023-09-08,17,5,7890.4,357,0,0,24.2755434782609,0,0,8933.4,372,0,0,0,0
"2223",2023-09-08,17,10,7851.4,357,0,0,24.2755434782609,0,0,8933.4,372,0,0,0,0
"2224",2023-09-08,17,15,7965.4,365,0,0,24.2755434782609,0,0,8933.4,372,0,0,0,0
"2225",2023-09-08,17,20,8262.4,365,0,0,24.2755434782609,0,0,8933.4,372,0,0,0,0
"2226",2023-09-08,17,25,8479.4,362,0,0,24.2755434782609,0,0,8933.4,372,0,0,0,0
"2227",2023-09-08,17,30,8670.4,365,0,0,24.2755434782609,0,0,8933.4,372,0,0,0,0
"2228",2023-09-08,17,35,8675.4,360,0,0,24.2755434782609,0,0,8933.4,372,0,0,0,0
"2229",2023-09-08,17,40,8230.4,357,0,0,24.2755434782609,0,0,8933.4,372,0,0,0,0
"2230",2023-09-08,17,45,5245,228,0,0,24.2755434782609,0,0,8933.4,372,0,0,0,0
"2231",2023-09-08,17,50,8722.4,366,0,0,24.2755434782609,0,0,8933.4,372,0,0,0,0
"2232",2023-09-08,17,55,8933.4,368,0,0,24.2755434782609,0,0,8933.4,372,0,0,0,0
"2233",2023-09-08,18,0,8436.4,366,0,0,25.5447447447447,0,0,8648.4,366,0,0,0,0
"2234",2023-09-08,18,5,8619.4,362,0,0,25.5447447447447,0,0,8648.4,366,0,0,0,0
"2235",2023-09-08,18,10,8558.4,361,0,0,25.5447447447447,0,0,8648.4,366,0,0,0,0
"2236",2023-09-08,18,15,8587.4,365,0,0,25.5447447447447,0,0,8648.4,366,0,0,0,0
"2237",2023-09-08,18,20,8648.4,362,0,0,25.5447447447447,0,0,8648.4,366,0,0,0,0
"2238",2023-09-08,18,25,8424.4,358,0,0,25.5447447447447,0,0,8648.4,366,0,0,0,0
"2239",2023-09-08,18,30,7987.4,357,0,0,25.5447447447447,0,0,8648.4,366,0,0,0,0
"2240",2023-09-08,18,35,8206.4,344,0,0,25.5447447447447,0,0,8648.4,366,0,0,0,0
"2241",2023-09-08,18,40,8342.4,344,0,0,25.5447447447447,0,0,8648.4,366,0,0,0,0
"2242",2023-09-08,18,45,8342.4,343,0,0,25.5447447447447,0,0,8648.4,366,0,0,0,0
"2243",2023-09-08,18,50,8235.4,339,0,0,25.5447447447447,0,0,8648.4,366,0,0,0,0
"2244",2023-09-08,18,55,8506.4,333,0,0,25.5447447447447,0,0,8648.4,366,0,0,0,0
"2245",2023-09-08,19,25,8276.4,320,0,0,27.7626911314985,0,0,9078.4,338,0,0,0,0
"2246",2023-09-08,19,30,7552.4,314,0,0,27.7626911314985,0,0,9078.4,338,0,0,0,0
"2247",2023-09-08,19,35,7687.7,301,0,0,27.7626911314985,0,0,9078.4,338,0,0,0,0
"2248",2023-09-08,19,40,8202.7,301,0,0,27.7626911314985,0,0,9078.4,338,0,0,0,0
"2249",2023-09-08,19,45,8097.7,298,0,0,27.7626911314985,0,0,9078.4,338,0,0,0,0
"2250",2023-09-08,19,50,8031.7,295,0,0,27.7626911314985,0,0,9078.4,338,0,0,0,0
"2251",2023-09-08,19,55,7928.7,299,0,0,27.7626911314985,0,0,9078.4,338,0,0,0,0
"2252",2023-09-08,19,0,8861.4,338,0,0,27.7626911314985,0,0,9078.4,338,0,0,0,0
"2253",2023-09-08,19,5,8536.4,335,0,0,27.7626911314985,0,0,9078.4,338,0,0,0,0
"2254",2023-09-08,19,10,8628.4,330,0,0,27.7626911314985,0,0,9078.4,338,0,0,0,0
"2255",2023-09-08,19,15,9078.4,327,0,0,27.7626911314985,0,0,9078.4,338,0,0,0,0
"2256",2023-09-08,19,20,8221.4,319,0,0,27.7626911314985,0,0,9078.4,338,0,0,0,0
"2257",2023-09-08,20,50,8532.7,301,0,0,29.6036544850498,0,0,8910.7,301,0,0,0,0
"2258",2023-09-08,20,55,8668.7,300,0,0,29.6036544850498,0,0,8910.7,301,0,0,0,0
"2259",2023-09-08,20,40,8446.7,297,0,0,29.6036544850498,0,0,8910.7,301,0,0,0,0
"2260",2023-09-08,20,0,7672.7,300,0,0,29.6036544850498,0,0,8910.7,301,0,0,0,0
"2261",2023-09-08,20,5,7384.7,299,0,0,29.6036544850498,0,0,8910.7,301,0,0,0,0
"2262",2023-09-08,20,10,7318.7,295,0,0,29.6036544850498,0,0,8910.7,301,0,0,0,0
"2263",2023-09-08,20,15,7460.7,297,0,0,29.6036544850498,0,0,8910.7,301,0,0,0,0
"2264",2023-09-08,20,20,7044.7,293,0,0,29.6036544850498,0,0,8910.7,301,0,0,0,0
"2265",2023-09-08,20,25,7432.7,298,0,0,29.6036544850498,0,0,8910.7,301,0,0,0,0
"2266",2023-09-08,20,30,7438.7,297,0,0,29.6036544850498,0,0,8910.7,301,0,0,0,0
"2267",2023-09-08,20,35,8063.7,295,0,0,29.6036544850498,0,0,8910.7,301,0,0,0,0
"2268",2023-09-08,20,45,8910.7,301,0,0,29.6036544850498,0,0,8910.7,301,0,0,0,0
"2269",2023-09-08,21,55,7523.7,296,0,0,29.124406779661,0,0,8702.7,304,0,0,0,0
"2270",2023-09-08,21,0,8591.7,295,0,0,29.124406779661,0,0,8702.7,304,0,0,0,0
"2271",2023-09-08,21,5,8440.7,299,0,0,29.124406779661,0,0,8702.7,304,0,0,0,0
"2272",2023-09-08,21,10,8702.7,303,0,0,29.124406779661,0,0,8702.7,304,0,0,0,0
"2273",2023-09-08,21,15,8511.7,303,0,0,29.124406779661,0,0,8702.7,304,0,0,0,0
"2274",2023-09-08,21,20,8572.7,304,0,0,29.124406779661,0,0,8702.7,304,0,0,0,0
"2275",2023-09-08,21,25,8430.7,304,0,0,29.124406779661,0,0,8702.7,304,0,0,0,0
"2276",2023-09-08,21,30,8393.7,304,0,0,29.124406779661,0,0,8702.7,304,0,0,0,0
"2277",2023-09-08,21,35,7634.7,302,0,0,29.124406779661,0,0,8702.7,304,0,0,0,0
"2278",2023-09-08,21,40,7582.7,302,0,0,29.124406779661,0,0,8702.7,304,0,0,0,0
"2279",2023-09-08,21,45,7260.7,300,0,0,29.124406779661,0,0,8702.7,304,0,0,0,0
"2280",2023-09-08,21,50,7366.7,297,0,0,29.124406779661,0,0,8702.7,304,0,0,0,0
"2281",2023-09-08,22,0,6923.7,294,0,0,25.7252396166134,0,0,8052,314,0,0,0,0
"2282",2023-09-08,22,5,7061.7,304,0,0,25.7252396166134,0,0,8052,314,0,0,0,0
"2283",2023-09-08,22,10,7091,304,0,0,25.7252396166134,0,0,8052,314,0,0,0,0
"2284",2023-09-08,22,15,7566,308,0,0,25.7252396166134,0,0,8052,314,0,0,0,0
"2285",2023-09-08,22,20,8052,313,0,0,25.7252396166134,0,0,8052,314,0,0,0,0
"2286",2023-09-08,22,25,7926,314,0,0,25.7252396166134,0,0,8052,314,0,0,0,0
"2287",2023-09-08,22,30,7402,310,0,0,25.7252396166134,0,0,8052,314,0,0,0,0
"2288",2023-09-08,22,35,6807,300,0,0,25.7252396166134,0,0,8052,314,0,0,0,0
"2289",2023-09-08,22,40,6661,298,0,0,25.7252396166134,0,0,8052,314,0,0,0,0
"2290",2023-09-08,22,45,6342,291,0,0,25.7252396166134,0,0,8052,314,0,0,0,0
"2291",2023-09-08,22,50,6298,288,0,0,25.7252396166134,0,0,8052,314,0,0,0,0
"2292",2023-09-08,22,55,6304,286,0,0,25.7252396166134,0,0,8052,314,0,0,0,0
"2293",2023-09-08,23,0,6482,286,0,0,24.0569395017794,0,0,6760,286,0,0,0,0
"2294",2023-09-08,23,5,6407,285,0,0,24.0569395017794,0,0,6760,286,0,0,0,0
"2295",2023-09-08,23,10,6243,282,0,0,24.0569395017794,0,0,6760,286,0,0,0,0
"2296",2023-09-08,23,15,6543,283,0,0,24.0569395017794,0,0,6760,286,0,0,0,0
"2297",2023-09-08,23,20,6760,281,0,0,24.0569395017794,0,0,6760,286,0,0,0,0
"2298",2023-09-08,23,25,6471,280,0,0,24.0569395017794,0,0,6760,286,0,0,0,0
"2299",2023-09-08,23,30,6432,278,0,0,24.0569395017794,0,0,6760,286,0,0,0,0
"2300",2023-09-08,23,35,6335,267,0,0,24.0569395017794,0,0,6760,286,0,0,0,0
"2301",2023-09-08,23,40,5952,264,0,0,24.0569395017794,0,0,6760,286,0,0,0,0
"2302",2023-09-08,23,45,5911.7,262,0,0,24.0569395017794,0,0,6760,286,0,0,0,0
"2303",2023-09-08,23,50,5878.7,260,0,0,24.0569395017794,0,0,6760,286,0,0,0,0
"2304",2023-09-08,23,55,6156.7,260,0,0,24.0569395017794,0,0,6760,286,0,0,0,0
"2305",2023-09-09,0,0,6217.7,229,0,0,29.9663594470046,0,0,6502.7,229,0,0,0,0
"2306",2023-09-09,0,5,6186.7,217,0,0,29.9663594470046,0,0,6502.7,229,0,0,0,0
"2307",2023-09-09,0,10,5886.7,216,0,0,29.9663594470046,0,0,6502.7,229,0,0,0,0
"2308",2023-09-09,0,15,5842.7,214,0,0,29.9663594470046,0,0,6502.7,229,0,0,0,0
"2309",2023-09-09,0,20,6013.7,215,0,0,29.9663594470046,0,0,6502.7,229,0,0,0,0
"2310",2023-09-09,0,25,6502.7,217,0,0,29.9663594470046,0,0,6502.7,229,0,0,0,0
"2311",2023-09-09,0,30,6180.7,215,0,0,29.9663594470046,0,0,6502.7,229,0,0,0,0
"2312",2023-09-09,0,35,5851.7,203,0,0,29.9663594470046,0,0,6502.7,229,0,0,0,0
"2313",2023-09-09,0,40,5540.7,202,0,0,29.9663594470046,0,0,6502.7,229,0,0,0,0
"2314",2023-09-09,0,45,5496.7,200,0,0,29.9663594470046,0,0,6502.7,229,0,0,0,0
"2315",2023-09-09,0,50,5020.7,195,0,0,29.9663594470046,0,0,6502.7,229,0,0,0,0
"2316",2023-09-09,0,55,5478.7,196,0,0,29.9663594470046,0,0,6502.7,229,0,0,0,0
"2317",2023-09-09,1,0,5728.7,196,0,0,29.2280612244898,0,0,5728.7,196,0,0,0,0
"2318",2023-09-09,1,5,5321.7,190,0,0,29.2280612244898,0,0,5728.7,196,0,0,0,0
"2319",2023-09-09,1,10,4988.7,187,0,0,29.2280612244898,0,0,5728.7,196,0,0,0,0
"2320",2023-09-09,1,15,4588.7,187,0,0,29.2280612244898,0,0,5728.7,196,0,0,0,0
"2321",2023-09-09,1,20,4926.7,187,0,0,29.2280612244898,0,0,5728.7,196,0,0,0,0
"2322",2023-09-09,1,25,4544.7,185,0,0,29.2280612244898,0,0,5728.7,196,0,0,0,0
"2323",2023-09-09,1,30,5001.7,184,0,0,29.2280612244898,0,0,5728.7,196,0,0,0,0
"2324",2023-09-09,1,35,4737.7,185,0,0,29.2280612244898,0,0,5728.7,196,0,0,0,0
"2325",2023-09-09,1,40,4715.7,184,0,0,29.2280612244898,0,0,5728.7,196,0,0,0,0
"2326",2023-09-09,1,45,4366.7,184,0,0,29.2280612244898,0,0,5728.7,196,0,0,0,0
"2327",2023-09-09,1,50,4748.7,186,0,0,29.2280612244898,0,0,5728.7,196,0,0,0,0
"2328",2023-09-09,1,55,4366.7,184,0,0,29.2280612244898,0,0,5728.7,196,0,0,0,0
"2329",2023-09-09,2,0,5119,228,0,0,22.4517543859649,0,0,5119,228,0,0,0,0
"2330",2023-09-09,2,5,4866,222,0,0,22.4517543859649,0,0,5119,228,0,0,0,0
"2331",2023-09-09,2,10,4566,221,0,0,22.4517543859649,0,0,5119,228,0,0,0,0
"2332",2023-09-09,2,15,4544,220,0,0,22.4517543859649,0,0,5119,228,0,0,0,0
"2333",2023-09-09,2,20,4544,220,0,0,22.4517543859649,0,0,5119,228,0,0,0,0
"2334",2023-09-09,2,25,4544,220,0,0,22.4517543859649,0,0,5119,228,0,0,0,0
"2335",2023-09-09,2,30,4544,220,0,0,22.4517543859649,0,0,5119,228,0,0,0,0
"2336",2023-09-09,2,35,4773,217,0,0,22.4517543859649,0,0,5119,228,0,0,0,0
"2337",2023-09-09,2,40,4773,217,0,0,22.4517543859649,0,0,5119,228,0,0,0,0
"2338",2023-09-09,2,45,4751,216,0,0,22.4517543859649,0,0,5119,228,0,0,0,0
"2339",2023-09-09,2,50,4751,216,0,0,22.4517543859649,0,0,5119,228,0,0,0,0
"2340",2023-09-09,2,55,4729,215,0,0,22.4517543859649,0,0,5119,228,0,0,0,0
"2341",2023-09-09,3,0,4729,215,0,0,22.6320754716981,0,0,4853,215,0,0,0,0
"2342",2023-09-09,3,5,4531,212,0,0,22.6320754716981,0,0,4853,215,0,0,0,0
"2343",2023-09-09,3,10,4531,212,0,0,22.6320754716981,0,0,4853,215,0,0,0,0
"2344",2023-09-09,3,15,4673,214,0,0,22.6320754716981,0,0,4853,215,0,0,0,0
"2345",2023-09-09,3,20,4673,214,0,0,22.6320754716981,0,0,4853,215,0,0,0,0
"2346",2023-09-09,3,25,4853,215,0,0,22.6320754716981,0,0,4853,215,0,0,0,0
"2347",2023-09-09,3,30,4853,215,0,0,22.6320754716981,0,0,4853,215,0,0,0,0
"2348",2023-09-09,3,35,4798,212,0,0,22.6320754716981,0,0,4853,215,0,0,0,0
"2349",2023-09-09,3,40,4640,212,0,0,22.6320754716981,0,0,4853,215,0,0,0,0
"2350",2023-09-09,3,45,4585,209,0,0,22.6320754716981,0,0,4853,215,0,0,0,0
"2351",2023-09-09,3,50,4585,209,0,0,22.6320754716981,0,0,4853,215,0,0,0,0
"2352",2023-09-09,3,55,4623,208,0,0,22.6320754716981,0,0,4853,215,0,0,0,0
"2353",2023-09-09,4,0,4623,208,0,0,23.1132075471698,0,0,4922,213,0,0,0,0
"2354",2023-09-09,4,5,4900,212,0,0,23.1132075471698,0,0,4922,213,0,0,0,0
"2355",2023-09-09,4,10,4922,213,0,0,23.1132075471698,0,0,4922,213,0,0,0,0
"2356",2023-09-09,4,15,4742,212,0,0,23.1132075471698,0,0,4922,213,0,0,0,0
"2357",2023-09-09,4,20,4742,212,0,0,23.1132075471698,0,0,4922,213,0,0,0,0
"2358",2023-09-09,4,25,4731,211,0,0,23.1132075471698,0,0,4922,213,0,0,0,0
"2359",2023-09-09,4,30,4720,210,0,0,23.1132075471698,0,0,4922,213,0,0,0,0
"2360",2023-09-09,4,35,4498,207,0,0,23.1132075471698,0,0,4922,213,0,0,0,0
"2361",2023-09-09,4,40,4498,207,0,0,23.1132075471698,0,0,4922,213,0,0,0,0
"2362",2023-09-09,4,45,4498,207,0,0,23.1132075471698,0,0,4922,213,0,0,0,0
"2363",2023-09-09,4,50,4476,206,0,0,23.1132075471698,0,0,4922,213,0,0,0,0
"2364",2023-09-09,4,55,4476,206,0,0,23.1132075471698,0,0,4922,213,0,0,0,0
"2365",2023-09-09,5,0,4476,206,0,0,22.5172413793103,0,0,4615,206,0,0,0,0
"2366",2023-09-09,5,5,4432,204,0,0,22.5172413793103,0,0,4615,206,0,0,0,0
"2367",2023-09-09,5,10,4432,204,0,0,22.5172413793103,0,0,4615,206,0,0,0,0
"2368",2023-09-09,5,15,4432,204,0,0,22.5172413793103,0,0,4615,206,0,0,0,0
"2369",2023-09-09,5,20,4421,203,0,0,22.5172413793103,0,0,4615,206,0,0,0,0
"2370",2023-09-09,5,25,4421,203,0,0,22.5172413793103,0,0,4615,206,0,0,0,0
"2371",2023-09-09,5,30,4443,204,0,0,22.5172413793103,0,0,4615,206,0,0,0,0
"2372",2023-09-09,5,35,4615,206,0,0,22.5172413793103,0,0,4615,206,0,0,0,0
"2373",2023-09-09,5,40,4615,206,0,0,22.5172413793103,0,0,4615,206,0,0,0,0
"2374",2023-09-09,5,45,4615,206,0,0,22.5172413793103,0,0,4615,206,0,0,0,0
"2375",2023-09-09,5,50,4593,205,0,0,22.5172413793103,0,0,4615,206,0,0,0,0
"2376",2023-09-09,5,55,4571,203,0,0,22.5172413793103,0,0,4615,206,0,0,0,0
"2377",2023-09-09,6,0,4571,203,0,0,22.8407960199005,0,0,4609,203,0,0,0,0
"2378",2023-09-09,6,5,4549,202,0,0,22.8407960199005,0,0,4609,203,0,0,0,0
"2379",2023-09-09,6,10,4527,201,0,0,22.8407960199005,0,0,4609,203,0,0,0,0
"2380",2023-09-09,6,15,4609,203,0,0,22.8407960199005,0,0,4609,203,0,0,0,0
"2381",2023-09-09,6,20,4609,203,0,0,22.8407960199005,0,0,4609,203,0,0,0,0
"2382",2023-09-09,6,25,4609,203,0,0,22.8407960199005,0,0,4609,203,0,0,0,0
"2383",2023-09-09,6,30,4565,201,0,0,22.8407960199005,0,0,4609,203,0,0,0,0
"2384",2023-09-09,6,35,4609,202,0,0,22.8407960199005,0,0,4609,203,0,0,0,0
"2385",2023-09-09,6,40,4609,202,0,0,22.8407960199005,0,0,4609,203,0,0,0,0
"2386",2023-09-09,6,45,4587,201,0,0,22.8407960199005,0,0,4609,203,0,0,0,0
"2387",2023-09-09,6,50,4602,202,0,0,22.8407960199005,0,0,4609,203,0,0,0,0
"2388",2023-09-09,6,55,4591,201,0,0,22.8407960199005,0,0,4609,203,0,0,0,0
"2389",2023-09-09,7,0,4591,201,0,0,23.6395939086294,0,0,4657,201,0,0,0,0
"2390",2023-09-09,7,5,4569,200,0,0,23.6395939086294,0,0,4657,201,0,0,0,0
"2391",2023-09-09,7,10,4547,199,0,0,23.6395939086294,0,0,4657,201,0,0,0,0
"2392",2023-09-09,7,15,4547,199,0,0,23.6395939086294,0,0,4657,201,0,0,0,0
"2393",2023-09-09,7,20,4547,199,0,0,23.6395939086294,0,0,4657,201,0,0,0,0
"2394",2023-09-09,7,25,4525,198,0,0,23.6395939086294,0,0,4657,201,0,0,0,0
"2395",2023-09-09,7,30,4443,196,0,0,23.6395939086294,0,0,4657,201,0,0,0,0
"2396",2023-09-09,7,35,4597,196,0,0,23.6395939086294,0,0,4657,201,0,0,0,0
"2397",2023-09-09,7,40,4657,197,0,0,23.6395939086294,0,0,4657,201,0,0,0,0
"2398",2023-09-09,7,45,4657,197,0,0,23.6395939086294,0,0,4657,201,0,0,0,0
"2399",2023-09-09,7,50,4657,197,0,0,23.6395939086294,0,0,4657,201,0,0,0,0
"2400",2023-09-09,7,55,4657,197,0,0,23.6395939086294,0,0,4657,201,0,0,0,0
"2401",2023-09-09,8,0,4679,198,0,0,25.765306122449,0,0,5050,198,0,0,0,0
"2402",2023-09-09,8,5,4503,197,0,0,25.765306122449,0,0,5050,198,0,0,0,0
"2403",2023-09-09,8,10,4503,197,0,0,25.765306122449,0,0,5050,198,0,0,0,0
"2404",2023-09-09,8,15,4481,196,0,0,25.765306122449,0,0,5050,198,0,0,0,0
"2405",2023-09-09,8,20,4481,196,0,0,25.765306122449,0,0,5050,198,0,0,0,0
"2406",2023-09-09,8,25,4481,196,0,0,25.765306122449,0,0,5050,198,0,0,0,0
"2407",2023-09-09,8,30,4448,194,0,0,25.765306122449,0,0,5050,198,0,0,0,0
"2408",2023-09-09,8,35,4633,195,0,0,25.765306122449,0,0,5050,198,0,0,0,0
"2409",2023-09-09,8,40,4633,196,0,0,25.765306122449,0,0,5050,198,0,0,0,0
"2410",2023-09-09,8,45,4655,197,0,0,25.765306122449,0,0,5050,198,0,0,0,0
"2411",2023-09-09,8,50,4772,196,0,0,25.765306122449,0,0,5050,198,0,0,0,0
"2412",2023-09-09,8,55,5050,196,0,0,25.765306122449,0,0,5050,198,0,0,0,0
"2413",2023-09-09,9,0,5050,196,0,0,25.8527918781726,0,0,5093,197,0,0,0,0
"2414",2023-09-09,9,5,4669,188,0,0,25.8527918781726,0,0,5093,197,0,0,0,0
"2415",2023-09-09,9,10,4713,190,0,0,25.8527918781726,0,0,5093,197,0,0,0,0
"2416",2023-09-09,9,15,4446,191,0,0,25.8527918781726,0,0,5093,197,0,0,0,0
"2417",2023-09-09,9,20,4285,190,0,0,25.8527918781726,0,0,5093,197,0,0,0,0
"2418",2023-09-09,9,25,4263,189,0,0,25.8527918781726,0,0,5093,197,0,0,0,0
"2419",2023-09-09,9,30,4285,190,0,0,25.8527918781726,0,0,5093,197,0,0,0,0
"2420",2023-09-09,9,35,4395,192,0,0,25.8527918781726,0,0,5093,197,0,0,0,0
"2421",2023-09-09,9,40,4417,193,0,0,25.8527918781726,0,0,5093,197,0,0,0,0
"2422",2023-09-09,9,45,4461,195,0,0,25.8527918781726,0,0,5093,197,0,0,0,0
"2423",2023-09-09,9,50,4667,197,0,0,25.8527918781726,0,0,5093,197,0,0,0,0
"2424",2023-09-09,9,55,5093,197,0,0,25.8527918781726,0,0,5093,197,0,0,0,0
"2425",2023-09-09,10,0,5584,200,0,0,28.6617647058824,0,0,6577,244,0,0,0,0
"2426",2023-09-09,10,5,5847,204,0,0,28.6617647058824,0,0,6577,244,0,0,0,0
"2427",2023-09-09,10,10,5740,207,0,0,28.6617647058824,0,0,6577,244,0,0,0,0
"2428",2023-09-09,10,15,5615,209,0,0,28.6617647058824,0,0,6577,244,0,0,0,0
"2429",2023-09-09,10,20,5398,210,0,0,28.6617647058824,0,0,6577,244,0,0,0,0
"2430",2023-09-09,10,25,6039,213,0,0,28.6617647058824,0,0,6577,244,0,0,0,0
"2431",2023-09-09,10,30,5875,211,0,0,28.6617647058824,0,0,6577,244,0,0,0,0
"2432",2023-09-09,10,35,6156,225,0,0,28.6617647058824,0,0,6577,244,0,0,0,0
"2433",2023-09-09,10,40,6026,225,0,0,28.6617647058824,0,0,6577,244,0,0,0,0
"2434",2023-09-09,10,45,6203,231,0,0,28.6617647058824,0,0,6577,244,0,0,0,0
"2435",2023-09-09,10,50,6577,234,0,0,28.6617647058824,0,0,6577,244,0,0,0,0
"2436",2023-09-09,10,55,6559,244,0,0,28.6617647058824,0,0,6577,244,0,0,0,0
"2437",2023-09-09,11,0,6699,250,0,0,27.7282608695652,0,0,7653,283,0,0,0,0
"2438",2023-09-09,11,5,6985,259,0,0,27.7282608695652,0,0,7653,283,0,0,0,0
"2439",2023-09-09,11,10,6818,261,0,0,27.7282608695652,0,0,7653,283,0,0,0,0
"2440",2023-09-09,11,15,7008,267,0,0,27.7282608695652,0,0,7653,283,0,0,0,0
"2441",2023-09-09,11,20,7213,267,0,0,27.7282608695652,0,0,7653,283,0,0,0,0
"2442",2023-09-09,11,25,7060,266,0,0,27.7282608695652,0,0,7653,283,0,0,0,0
"2443",2023-09-09,11,30,7056,273,0,0,27.7282608695652,0,0,7653,283,0,0,0,0
"2444",2023-09-09,11,35,7653,276,0,0,27.7282608695652,0,0,7653,283,0,0,0,0
"2445",2023-09-09,11,40,7338,274,0,0,27.7282608695652,0,0,7653,283,0,0,0,0
"2446",2023-09-09,11,45,7385,278,0,0,27.7282608695652,0,0,7653,283,0,0,0,0
"2447",2023-09-09,11,50,7402,280,0,0,27.7282608695652,0,0,7653,283,0,0,0,0
"2448",2023-09-09,11,55,7468,283,0,0,27.7282608695652,0,0,7653,283,0,0,0,0
"2449",2023-09-09,12,0,7376,287,0,0,29.1042345276873,0,0,8990,311,0,0,0,0
"2450",2023-09-09,12,5,7573,295,0,0,29.1042345276873,0,0,8990,311,0,0,0,0
"2451",2023-09-09,12,10,7350,291,0,0,29.1042345276873,0,0,8990,311,0,0,0,0
"2452",2023-09-09,12,15,7306,289,0,0,29.1042345276873,0,0,8990,311,0,0,0,0
"2453",2023-09-09,12,20,7818,286,0,0,29.1042345276873,0,0,8990,311,0,0,0,0
"2454",2023-09-09,12,25,7703,293,0,0,29.1042345276873,0,0,8990,311,0,0,0,0
"2455",2023-09-09,12,30,7819,297,0,0,29.1042345276873,0,0,8990,311,0,0,0,0
"2456",2023-09-09,12,35,8226,303,0,0,29.1042345276873,0,0,8990,311,0,0,0,0
"2457",2023-09-09,12,40,8935,307,0,0,29.1042345276873,0,0,8990,311,0,0,0,0
"2458",2023-09-09,12,45,8990,310,0,0,29.1042345276873,0,0,8990,311,0,0,0,0
"2459",2023-09-09,12,50,8701,309,0,0,29.1042345276873,0,0,8990,311,0,0,0,0
"2460",2023-09-09,12,55,8777,311,0,0,29.1042345276873,0,0,8990,311,0,0,0,0
"2461",2023-09-09,13,0,8488,309,0,0,27.4692556634304,0,0,8933.7,343,0,0,0,0
"2462",2023-09-09,13,5,7543.7,314,0,0,27.4692556634304,0,0,8933.7,343,0,0,0,0
"2463",2023-09-09,13,10,7199.7,316,0,0,27.4692556634304,0,0,8933.7,343,0,0,0,0
"2464",2023-09-09,13,15,7193.7,319,0,0,27.4692556634304,0,0,8933.7,343,0,0,0,0
"2465",2023-09-09,13,20,7373.7,322,0,0,27.4692556634304,0,0,8933.7,343,0,0,0,0
"2466",2023-09-09,13,25,7468.7,321,0,0,27.4692556634304,0,0,8933.7,343,0,0,0,0
"2467",2023-09-09,13,30,7190.7,321,0,0,27.4692556634304,0,0,8933.7,343,0,0,0,0
"2468",2023-09-09,13,35,8626.7,343,0,0,27.4692556634304,0,0,8933.7,343,0,0,0,0
"2469",2023-09-09,13,40,8615.7,342,0,0,27.4692556634304,0,0,8933.7,343,0,0,0,0
"2470",2023-09-09,13,45,8549.7,338,0,0,27.4692556634304,0,0,8933.7,343,0,0,0,0
"2471",2023-09-09,13,50,8615.7,341,0,0,27.4692556634304,0,0,8933.7,343,0,0,0,0
"2472",2023-09-09,13,55,8933.7,342,0,0,27.4692556634304,0,0,8933.7,343,0,0,0,0
"2473",2023-09-09,14,0,9277.7,346,0,0,28.313707165109,0,0,9914.7,353,0,0,0,0
"2474",2023-09-09,14,5,8414.7,340,0,0,28.313707165109,0,0,9914.7,353,0,0,0,0
"2475",2023-09-09,14,10,8132.7,339,0,0,28.313707165109,0,0,9914.7,353,0,0,0,0
"2476",2023-09-09,14,15,8618.7,337,0,0,28.313707165109,0,0,9914.7,353,0,0,0,0
"2477",2023-09-09,14,20,8639.7,336,0,0,28.313707165109,0,0,9914.7,353,0,0,0,0
"2478",2023-09-09,14,25,8596.7,318,0,0,28.313707165109,0,0,9914.7,353,0,0,0,0
"2479",2023-09-09,14,30,9088.7,321,0,0,28.313707165109,0,0,9914.7,353,0,0,0,0
"2480",2023-09-09,14,35,8795.7,326,0,0,28.313707165109,0,0,9914.7,353,0,0,0,0
"2481",2023-09-09,14,40,9881.7,353,0,0,28.313707165109,0,0,9914.7,353,0,0,0,0
"2482",2023-09-09,14,45,9914.7,353,0,0,28.313707165109,0,0,9914.7,353,0,0,0,0
"2483",2023-09-09,14,50,9326.7,350,0,0,28.313707165109,0,0,9914.7,353,0,0,0,0
"2484",2023-09-09,14,55,9578.7,353,0,0,28.313707165109,0,0,9914.7,353,0,0,0,0
"2485",2023-09-09,15,0,9471.7,352,0,0,29.841547277937,0,0,10435.7,356,0,0,0,0
"2486",2023-09-09,15,5,10383.7,356,0,0,29.841547277937,0,0,10435.7,356,0,0,0,0
"2487",2023-09-09,15,10,10147.7,351,0,0,29.841547277937,0,0,10435.7,356,0,0,0,0
"2488",2023-09-09,15,15,10169.7,351,0,0,29.841547277937,0,0,10435.7,356,0,0,0,0
"2489",2023-09-09,15,20,10414.7,349,0,0,29.841547277937,0,0,10435.7,356,0,0,0,0
"2490",2023-09-09,15,25,10135.7,349,0,0,29.841547277937,0,0,10435.7,356,0,0,0,0
"2491",2023-09-09,15,30,10435.7,351,0,0,29.841547277937,0,0,10435.7,356,0,0,0,0
"2492",2023-09-09,15,35,9604.7,352,0,0,29.841547277937,0,0,10435.7,356,0,0,0,0
"2493",2023-09-09,15,40,9498.7,353,0,0,29.841547277937,0,0,10435.7,356,0,0,0,0
"2494",2023-09-09,15,45,9139.7,353,0,0,29.841547277937,0,0,10435.7,356,0,0,0,0
"2495",2023-09-09,15,50,8948.7,352,0,0,29.841547277937,0,0,10435.7,356,0,0,0,0
"2496",2023-09-09,15,55,8998.7,353,0,0,29.841547277937,0,0,10435.7,356,0,0,0,0
"2497",2023-09-09,16,0,8750.7,350,0,0,32.1973372781065,0,0,10882.7,350,0,0,0,0
"2498",2023-09-09,16,5,8918.7,345,0,0,32.1973372781065,0,0,10882.7,350,0,0,0,0
"2499",2023-09-09,16,10,8842.7,344,0,0,32.1973372781065,0,0,10882.7,350,0,0,0,0
"2500",2023-09-09,16,15,8855.7,339,0,0,32.1973372781065,0,0,10882.7,350,0,0,0,0
"2501",2023-09-09,16,20,8963.7,337,0,0,32.1973372781065,0,0,10882.7,350,0,0,0,0
"2502",2023-09-09,16,25,9732.7,340,0,0,32.1973372781065,0,0,10882.7,350,0,0,0,0
"2503",2023-09-09,16,30,9798.7,337,0,0,32.1973372781065,0,0,10882.7,350,0,0,0,0
"2504",2023-09-09,16,35,10882.7,338,0,0,32.1973372781065,0,0,10882.7,350,0,0,0,0
"2505",2023-09-09,16,40,10469.7,333,0,0,32.1973372781065,0,0,10882.7,350,0,0,0,0
"2506",2023-09-09,16,45,10206.7,331,0,0,32.1973372781065,0,0,10882.7,350,0,0,0,0
"2507",2023-09-09,16,50,10444.4,329,0,0,32.1973372781065,0,0,10882.7,350,0,0,0,0
"2508",2023-09-09,16,55,10063.4,329,0,0,32.1973372781065,0,0,10882.7,350,0,0,0,0
"2509",2023-09-09,17,0,9712.4,328,0,0,31.4777777777778,0,0,9712.4,330,0,0,0,0
"2510",2023-09-09,17,5,9023.4,323,0,0,31.4777777777778,0,0,9712.4,330,0,0,0,0
"2511",2023-09-09,17,10,9386.4,329,0,0,31.4777777777778,0,0,9712.4,330,0,0,0,0
"2512",2023-09-09,17,15,9683.4,330,0,0,31.4777777777778,0,0,9712.4,330,0,0,0,0
"2513",2023-09-09,17,20,9361.4,328,0,0,31.4777777777778,0,0,9712.4,330,0,0,0,0
"2514",2023-09-09,17,25,9218.4,330,0,0,31.4777777777778,0,0,9712.4,330,0,0,0,0
"2515",2023-09-09,17,30,9163.4,327,0,0,31.4777777777778,0,0,9712.4,330,0,0,0,0
"2516",2023-09-09,17,35,8895.4,312,0,0,31.4777777777778,0,0,9712.4,330,0,0,0,0
"2517",2023-09-09,17,40,8632.4,310,0,0,31.4777777777778,0,0,9712.4,330,0,0,0,0
"2518",2023-09-09,17,45,5666,180,0,0,31.4777777777778,0,0,9712.4,330,0,0,0,0
"2519",2023-09-09,17,50,9607.4,315,0,0,31.4777777777778,0,0,9712.4,330,0,0,0,0
"2520",2023-09-09,17,55,8919.4,312,0,0,31.4777777777778,0,0,9712.4,330,0,0,0,0
"2521",2023-09-09,18,0,8618.4,310,0,0,30.3380952380952,0,0,8919.4,310,0,0,0,0
"2522",2023-09-09,18,5,8213.4,305,0,0,30.3380952380952,0,0,8919.4,310,0,0,0,0
"2523",2023-09-09,18,10,8211.4,302,0,0,30.3380952380952,0,0,8919.4,310,0,0,0,0
"2524",2023-09-09,18,15,7987.4,298,0,0,30.3380952380952,0,0,8919.4,310,0,0,0,0
"2525",2023-09-09,18,20,8041.4,292,0,0,30.3380952380952,0,0,8919.4,310,0,0,0,0
"2526",2023-09-09,18,25,8919.4,294,0,0,30.3380952380952,0,0,8919.4,310,0,0,0,0
"2527",2023-09-09,18,30,7896.4,282,0,0,30.3380952380952,0,0,8919.4,310,0,0,0,0
"2528",2023-09-09,18,35,8317.4,278,0,0,30.3380952380952,0,0,8919.4,310,0,0,0,0
"2529",2023-09-09,18,40,7751.4,274,0,0,30.3380952380952,0,0,8919.4,310,0,0,0,0
"2530",2023-09-09,18,45,7811.4,275,0,0,30.3380952380952,0,0,8919.4,310,0,0,0,0
"2531",2023-09-09,18,50,7640.4,276,0,0,30.3380952380952,0,0,8919.4,310,0,0,0,0
"2532",2023-09-09,18,55,7463.4,270,0,0,30.3380952380952,0,0,8919.4,310,0,0,0,0
"2533",2023-09-09,19,10,7477.4,262,0,0,29.3211895910781,0,0,7887.4,269,0,0,0,0
"2534",2023-09-09,19,15,7068.4,257,0,0,29.3211895910781,0,0,7887.4,269,0,0,0,0
"2535",2023-09-09,19,20,6533.4,252,0,0,29.3211895910781,0,0,7887.4,269,0,0,0,0
"2536",2023-09-09,19,25,6648.4,251,0,0,29.3211895910781,0,0,7887.4,269,0,0,0,0
"2537",2023-09-09,19,30,6773.4,250,0,0,29.3211895910781,0,0,7887.4,269,0,0,0,0
"2538",2023-09-09,19,35,6750.4,255,0,0,29.3211895910781,0,0,7887.4,269,0,0,0,0
"2539",2023-09-09,19,40,7335.4,261,0,0,29.3211895910781,0,0,7887.4,269,0,0,0,0
"2540",2023-09-09,19,45,7375.7,263,0,0,29.3211895910781,0,0,7887.4,269,0,0,0,0
"2541",2023-09-09,19,50,6960.7,262,0,0,29.3211895910781,0,0,7887.4,269,0,0,0,0
"2542",2023-09-09,19,55,6818.7,260,0,0,29.3211895910781,0,0,7887.4,269,0,0,0,0
"2543",2023-09-09,19,0,7434.4,269,0,0,29.3211895910781,0,0,7887.4,269,0,0,0,0
"2544",2023-09-09,19,5,7887.4,269,0,0,29.3211895910781,0,0,7887.4,269,0,0,0,0
"2545",2023-09-09,20,0,7353.7,264,0,0,30.5187725631769,0,0,8453.7,277,0,0,0,0
"2546",2023-09-09,20,5,7689.7,269,0,0,30.5187725631769,0,0,8453.7,277,0,0,0,0
"2547",2023-09-09,20,10,7268.7,262,0,0,30.5187725631769,0,0,8453.7,277,0,0,0,0
"2548",2023-09-09,20,15,7312.7,264,0,0,30.5187725631769,0,0,8453.7,277,0,0,0,0
"2549",2023-09-09,20,20,7712.7,266,0,0,30.5187725631769,0,0,8453.7,277,0,0,0,0
"2550",2023-09-09,20,25,7817.7,270,0,0,30.5187725631769,0,0,8453.7,277,0,0,0,0
"2551",2023-09-09,20,30,7935.7,275,0,0,30.5187725631769,0,0,8453.7,277,0,0,0,0
"2552",2023-09-09,20,35,7602.7,267,0,0,30.5187725631769,0,0,8453.7,277,0,0,0,0
"2553",2023-09-09,20,40,7503.7,262,0,0,30.5187725631769,0,0,8453.7,277,0,0,0,0
"2554",2023-09-09,20,45,7565.7,264,0,0,30.5187725631769,0,0,8453.7,277,0,0,0,0
"2555",2023-09-09,20,50,7975.7,270,0,0,30.5187725631769,0,0,8453.7,277,0,0,0,0
"2556",2023-09-09,20,55,8453.7,277,0,0,30.5187725631769,0,0,8453.7,277,0,0,0,0
"2557",2023-09-09,21,0,8836.7,280,0,0,31.5596428571429,0,0,8836.7,280,0,0,0,0
"2558",2023-09-09,21,5,7847,273,0,0,31.5596428571429,0,0,8836.7,280,0,0,0,0
"2559",2023-09-09,21,10,7962.7,272,0,0,31.5596428571429,0,0,8836.7,280,0,0,0,0
"2560",2023-09-09,21,15,7892.7,273,0,0,31.5596428571429,0,0,8836.7,280,0,0,0,0
"2561",2023-09-09,21,20,7903.7,273,0,0,31.5596428571429,0,0,8836.7,280,0,0,0,0
"2562",2023-09-09,21,25,7700.7,276,0,0,31.5596428571429,0,0,8836.7,280,0,0,0,0
"2563",2023-09-09,21,30,7678.7,275,0,0,31.5596428571429,0,0,8836.7,280,0,0,0,0
"2564",2023-09-09,21,35,7317.7,270,0,0,31.5596428571429,0,0,8836.7,280,0,0,0,0
"2565",2023-09-09,21,40,7125.7,263,0,0,31.5596428571429,0,0,8836.7,280,0,0,0,0
"2566",2023-09-09,21,45,6837.7,263,0,0,31.5596428571429,0,0,8836.7,280,0,0,0,0
"2567",2023-09-09,21,50,7437.7,265,0,0,31.5596428571429,0,0,8836.7,280,0,0,0,0
"2568",2023-09-09,21,55,7390.7,266,0,0,31.5596428571429,0,0,8836.7,280,0,0,0,0
"2569",2023-09-09,22,0,7112.7,266,0,0,27.3911538461538,0,0,7149.7,266,0,0,0,0
"2570",2023-09-09,22,5,6337.7,260,0,0,27.3911538461538,0,0,7149.7,266,0,0,0,0
"2571",2023-09-09,22,10,6608.7,257,0,0,27.3911538461538,0,0,7149.7,266,0,0,0,0
"2572",2023-09-09,22,15,6919.7,259,0,0,27.3911538461538,0,0,7149.7,266,0,0,0,0
"2573",2023-09-09,22,20,7121.7,260,0,0,27.3911538461538,0,0,7149.7,266,0,0,0,0
"2574",2023-09-09,22,25,7149.7,264,0,0,27.3911538461538,0,0,7149.7,266,0,0,0,0
"2575",2023-09-09,22,30,6751.7,263,0,0,27.3911538461538,0,0,7149.7,266,0,0,0,0
"2576",2023-09-09,22,35,6556.7,262,0,0,27.3911538461538,0,0,7149.7,266,0,0,0,0
"2577",2023-09-09,22,40,6312.7,258,0,0,27.3911538461538,0,0,7149.7,266,0,0,0,0
"2578",2023-09-09,22,45,6224.7,253,0,0,27.3911538461538,0,0,7149.7,266,0,0,0,0
"2579",2023-09-09,22,50,6136.7,249,0,0,27.3911538461538,0,0,7149.7,266,0,0,0,0
"2580",2023-09-09,22,55,6185.7,249,0,0,27.3911538461538,0,0,7149.7,266,0,0,0,0
"2581",2023-09-09,23,0,6163.7,248,0,0,27.8952586206897,0,0,6515.7,248,0,0,0,0
"2582",2023-09-09,23,5,5763.7,241,0,0,27.8952586206897,0,0,6515.7,248,0,0,0,0
"2583",2023-09-09,23,10,5997.7,239,0,0,27.8952586206897,0,0,6515.7,248,0,0,0,0
"2584",2023-09-09,23,15,6341.7,243,0,0,27.8952586206897,0,0,6515.7,248,0,0,0,0
"2585",2023-09-09,23,20,6363.7,244,0,0,27.8952586206897,0,0,6515.7,248,0,0,0,0
"2586",2023-09-09,23,25,6308.7,241,0,0,27.8952586206897,0,0,6515.7,248,0,0,0,0
"2587",2023-09-09,23,30,6319.7,242,0,0,27.8952586206897,0,0,6515.7,248,0,0,0,0
"2588",2023-09-09,23,35,6204.7,232,0,0,27.8952586206897,0,0,6515.7,248,0,0,0,0
"2589",2023-09-09,23,40,6515.7,234,0,0,27.8952586206897,0,0,6515.7,248,0,0,0,0
"2590",2023-09-09,23,45,6471.7,232,0,0,27.8952586206897,0,0,6515.7,248,0,0,0,0
"2591",2023-09-09,23,50,6228.7,230,0,0,27.8952586206897,0,0,6515.7,248,0,0,0,0
"2592",2023-09-09,23,55,6078.7,229,0,0,27.8952586206897,0,0,6515.7,248,0,0,0,0
"2593",2023-09-10,0,0,5492.7,195,0,0,28.1676923076923,0,0,5492.7,195,0,0,0,0
"2594",2023-09-10,0,5,4437.7,182,0,0,28.1676923076923,0,0,5492.7,195,0,0,0,0
"2595",2023-09-10,0,10,4546.7,182,0,0,28.1676923076923,0,0,5492.7,195,0,0,0,0
"2596",2023-09-10,0,15,4644.7,182,0,0,28.1676923076923,0,0,5492.7,195,0,0,0,0
"2597",2023-09-10,0,20,4644.7,182,0,0,28.1676923076923,0,0,5492.7,195,0,0,0,0
"2598",2023-09-10,0,25,4644.7,182,0,0,28.1676923076923,0,0,5492.7,195,0,0,0,0
"2599",2023-09-10,0,30,4944.7,183,0,0,28.1676923076923,0,0,5492.7,195,0,0,0,0
"2600",2023-09-10,0,35,5061.7,182,0,0,28.1676923076923,0,0,5492.7,195,0,0,0,0
"2601",2023-09-10,0,40,5143.7,183,0,0,28.1676923076923,0,0,5492.7,195,0,0,0,0
"2602",2023-09-10,0,45,4821.7,181,0,0,28.1676923076923,0,0,5492.7,195,0,0,0,0
"2603",2023-09-10,0,50,5143.7,183,0,0,28.1676923076923,0,0,5492.7,195,0,0,0,0
"2604",2023-09-10,0,55,5165.7,184,0,0,28.1676923076923,0,0,5492.7,195,0,0,0,0
"2605",2023-09-10,1,0,5367.7,186,0,0,28.8586021505376,0,0,5367.7,186,0,0,0,0
"2606",2023-09-10,1,5,4550.7,178,0,0,28.8586021505376,0,0,5367.7,186,0,0,0,0
"2607",2023-09-10,1,10,4594.7,180,0,0,28.8586021505376,0,0,5367.7,186,0,0,0,0
"2608",2023-09-10,1,15,4616.7,181,0,0,28.8586021505376,0,0,5367.7,186,0,0,0,0
"2609",2023-09-10,1,20,4616.7,181,0,0,28.8586021505376,0,0,5367.7,186,0,0,0,0
"2610",2023-09-10,1,25,4594.7,180,0,0,28.8586021505376,0,0,5367.7,186,0,0,0,0
"2611",2023-09-10,1,30,4605.7,181,0,0,28.8586021505376,0,0,5367.7,186,0,0,0,0
"2612",2023-09-10,1,35,4656.7,177,0,0,28.8586021505376,0,0,5367.7,186,0,0,0,0
"2613",2023-09-10,1,40,4590.7,174,0,0,28.8586021505376,0,0,5367.7,186,0,0,0,0
"2614",2023-09-10,1,45,4546.7,172,0,0,28.8586021505376,0,0,5367.7,186,0,0,0,0
"2615",2023-09-10,1,50,4366.7,171,0,0,28.8586021505376,0,0,5367.7,186,0,0,0,0
"2616",2023-09-10,1,55,4410.7,173,0,0,28.8586021505376,0,0,5367.7,186,0,0,0,0
"2617",2023-09-10,2,0,4366.7,184,0,0,23.7320652173913,0,0,4366.7,187,0,0,0,0
"2618",2023-09-10,2,5,4248.7,187,0,0,23.7320652173913,0,0,4366.7,187,0,0,0,0
"2619",2023-09-10,2,10,4248.7,187,0,0,23.7320652173913,0,0,4366.7,187,0,0,0,0
"2620",2023-09-10,2,15,4237.7,186,0,0,23.7320652173913,0,0,4366.7,187,0,0,0,0
"2621",2023-09-10,2,20,4248.7,187,0,0,23.7320652173913,0,0,4366.7,187,0,0,0,0
"2622",2023-09-10,2,25,4226.7,186,0,0,23.7320652173913,0,0,4366.7,187,0,0,0,0
"2623",2023-09-10,2,30,4024.7,185,0,0,23.7320652173913,0,0,4366.7,187,0,0,0,0
"2624",2023-09-10,2,35,3861.7,184,0,0,23.7320652173913,0,0,4366.7,187,0,0,0,0
"2625",2023-09-10,2,40,3975.7,182,0,0,23.7320652173913,0,0,4366.7,187,0,0,0,0
"2626",2023-09-10,2,45,3975.7,182,0,0,23.7320652173913,0,0,4366.7,187,0,0,0,0
"2627",2023-09-10,2,50,3997.7,183,0,0,23.7320652173913,0,0,4366.7,187,0,0,0,0
"2628",2023-09-10,2,55,3975.7,182,0,0,23.7320652173913,0,0,4366.7,187,0,0,0,0
"2629",2023-09-10,3,0,3953.7,181,0,0,22.6372781065089,0,0,3953.7,181,0,0,0,0
"2630",2023-09-10,3,5,3624.7,176,0,0,22.6372781065089,0,0,3953.7,181,0,0,0,0
"2631",2023-09-10,3,10,3624.7,176,0,0,22.6372781065089,0,0,3953.7,181,0,0,0,0
"2632",2023-09-10,3,15,3602.7,175,0,0,22.6372781065089,0,0,3953.7,181,0,0,0,0
"2633",2023-09-10,3,20,3422.7,174,0,0,22.6372781065089,0,0,3953.7,181,0,0,0,0
"2634",2023-09-10,3,25,3400.7,173,0,0,22.6372781065089,0,0,3953.7,181,0,0,0,0
"2635",2023-09-10,3,30,3400.7,173,0,0,22.6372781065089,0,0,3953.7,181,0,0,0,0
"2636",2023-09-10,3,35,3247.7,168,0,0,22.6372781065089,0,0,3953.7,181,0,0,0,0
"2637",2023-09-10,3,40,3525.7,168,0,0,22.6372781065089,0,0,3953.7,181,0,0,0,0
"2638",2023-09-10,3,45,3825.7,169,0,0,22.6372781065089,0,0,3953.7,181,0,0,0,0
"2639",2023-09-10,3,50,3742.7,166,0,0,22.6372781065089,0,0,3953.7,181,0,0,0,0
"2640",2023-09-10,3,55,3742.7,166,0,0,22.6372781065089,0,0,3953.7,181,0,0,0,0
"2641",2023-09-10,4,0,3764.7,167,0,0,24.0760479041916,0,0,4042.7,168,0,0,0,0
"2642",2023-09-10,4,5,3759.7,166,0,0,24.0760479041916,0,0,4042.7,168,0,0,0,0
"2643",2023-09-10,4,10,3759.7,166,0,0,24.0760479041916,0,0,4042.7,168,0,0,0,0
"2644",2023-09-10,4,15,3759.7,166,0,0,24.0760479041916,0,0,4042.7,168,0,0,0,0
"2645",2023-09-10,4,20,3726.7,164,0,0,24.0760479041916,0,0,4042.7,168,0,0,0,0
"2646",2023-09-10,4,25,3726.7,164,0,0,24.0760479041916,0,0,4042.7,168,0,0,0,0
"2647",2023-09-10,4,30,3726.7,164,0,0,24.0760479041916,0,0,4042.7,168,0,0,0,0
"2648",2023-09-10,4,35,3742.7,167,0,0,24.0760479041916,0,0,4042.7,168,0,0,0,0
"2649",2023-09-10,4,40,4042.7,168,0,0,24.0760479041916,0,0,4042.7,168,0,0,0,0
"2650",2023-09-10,4,45,4042.7,168,0,0,24.0760479041916,0,0,4042.7,168,0,0,0,0
"2651",2023-09-10,4,50,4020.7,167,0,0,24.0760479041916,0,0,4042.7,168,0,0,0,0
"2652",2023-09-10,4,55,3720.7,166,0,0,24.0760479041916,0,0,4042.7,168,0,0,0,0
"2653",2023-09-10,5,0,3742.7,167,0,0,24.2256097560976,0,0,4017,167,0,0,0,0
"2654",2023-09-10,5,5,3770.7,167,0,0,24.2256097560976,0,0,4017,167,0,0,0,0
"2655",2023-09-10,5,10,3789,167,0,0,24.2256097560976,0,0,4017,167,0,0,0,0
"2656",2023-09-10,5,15,3789,167,0,0,24.2256097560976,0,0,4017,167,0,0,0,0
"2657",2023-09-10,5,20,3789,167,0,0,24.2256097560976,0,0,4017,167,0,0,0,0
"2658",2023-09-10,5,25,3778,166,0,0,24.2256097560976,0,0,4017,167,0,0,0,0
"2659",2023-09-10,5,30,3778,166,0,0,24.2256097560976,0,0,4017,167,0,0,0,0
"2660",2023-09-10,5,35,3878,166,0,0,24.2256097560976,0,0,4017,167,0,0,0,0
"2661",2023-09-10,5,40,3878,166,0,0,24.2256097560976,0,0,4017,167,0,0,0,0
"2662",2023-09-10,5,45,4017,166,0,0,24.2256097560976,0,0,4017,167,0,0,0,0
"2663",2023-09-10,5,50,3995,165,0,0,24.2256097560976,0,0,4017,167,0,0,0,0
"2664",2023-09-10,5,55,3973,164,0,0,24.2256097560976,0,0,4017,167,0,0,0,0
"2665",2023-09-10,6,0,3973,164,0,0,25.2944785276074,0,0,4123,167,0,0,0,0
"2666",2023-09-10,6,5,3823,163,0,0,25.2944785276074,0,0,4123,167,0,0,0,0
"2667",2023-09-10,6,10,4123,164,0,0,25.2944785276074,0,0,4123,167,0,0,0,0
"2668",2023-09-10,6,15,4123,163,0,0,25.2944785276074,0,0,4123,167,0,0,0,0
"2669",2023-09-10,6,20,4123,163,0,0,25.2944785276074,0,0,4123,167,0,0,0,0
"2670",2023-09-10,6,25,4123,163,0,0,25.2944785276074,0,0,4123,167,0,0,0,0
"2671",2023-09-10,6,30,4123,163,0,0,25.2944785276074,0,0,4123,167,0,0,0,0
"2672",2023-09-10,6,35,4031,165,0,0,25.2944785276074,0,0,4123,167,0,0,0,0
"2673",2023-09-10,6,40,4031,165,0,0,25.2944785276074,0,0,4123,167,0,0,0,0
"2674",2023-09-10,6,45,4053,166,0,0,25.2944785276074,0,0,4123,167,0,0,0,0
"2675",2023-09-10,6,50,4075,167,0,0,25.2944785276074,0,0,4123,167,0,0,0,0
"2676",2023-09-10,6,55,4075,167,0,0,25.2944785276074,0,0,4123,167,0,0,0,0
"2677",2023-09-10,7,0,4075,167,0,0,25.8493975903614,0,0,4291,167,0,0,0,0
"2678",2023-09-10,7,5,3867,164,0,0,25.8493975903614,0,0,4291,167,0,0,0,0
"2679",2023-09-10,7,10,3867,164,0,0,25.8493975903614,0,0,4291,167,0,0,0,0
"2680",2023-09-10,7,15,3867,164,0,0,25.8493975903614,0,0,4291,167,0,0,0,0
"2681",2023-09-10,7,20,3889,165,0,0,25.8493975903614,0,0,4291,167,0,0,0,0
"2682",2023-09-10,7,25,3889,165,0,0,25.8493975903614,0,0,4291,167,0,0,0,0
"2683",2023-09-10,7,30,3889,165,0,0,25.8493975903614,0,0,4291,167,0,0,0,0
"2684",2023-09-10,7,35,3975,166,0,0,25.8493975903614,0,0,4291,167,0,0,0,0
"2685",2023-09-10,7,40,4275,167,0,0,25.8493975903614,0,0,4291,167,0,0,0,0
"2686",2023-09-10,7,45,4275,167,0,0,25.8493975903614,0,0,4291,167,0,0,0,0
"2687",2023-09-10,7,50,4231,165,0,0,25.8493975903614,0,0,4291,167,0,0,0,0
"2688",2023-09-10,7,55,4291,166,0,0,25.8493975903614,0,0,4291,167,0,0,0,0
"2689",2023-09-10,8,0,4291,166,0,0,25.8493975903614,0,0,4291,166,0,0,0,0
"2690",2023-09-10,8,5,4183,164,0,0,25.8493975903614,0,0,4291,166,0,0,0,0
"2691",2023-09-10,8,10,4183,164,0,0,25.8493975903614,0,0,4291,166,0,0,0,0
"2692",2023-09-10,8,15,4183,164,0,0,25.8493975903614,0,0,4291,166,0,0,0,0
"2693",2023-09-10,8,20,4161,163,0,0,25.8493975903614,0,0,4291,166,0,0,0,0
"2694",2023-09-10,8,25,4172,164,0,0,25.8493975903614,0,0,4291,166,0,0,0,0
"2695",2023-09-10,8,30,4183,165,0,0,25.8493975903614,0,0,4291,166,0,0,0,0
"2696",2023-09-10,8,35,4211,165,0,0,25.8493975903614,0,0,4291,166,0,0,0,0
"2697",2023-09-10,8,40,4200,164,0,0,25.8493975903614,0,0,4291,166,0,0,0,0
"2698",2023-09-10,8,45,3840,162,0,0,25.8493975903614,0,0,4291,166,0,0,0,0
"2699",2023-09-10,8,50,3840,162,0,0,25.8493975903614,0,0,4291,166,0,0,0,0
"2700",2023-09-10,8,55,3796,160,0,0,25.8493975903614,0,0,4291,166,0,0,0,0
"2701",2023-09-10,9,0,3796,160,0,0,27.3086419753086,0,0,4457,165,0,0,0,0
"2702",2023-09-10,9,5,4435,163,0,0,27.3086419753086,0,0,4457,165,0,0,0,0
"2703",2023-09-10,9,10,4457,164,0,0,27.3086419753086,0,0,4457,165,0,0,0,0
"2704",2023-09-10,9,15,4435,163,0,0,27.3086419753086,0,0,4457,165,0,0,0,0
"2705",2023-09-10,9,20,4435,163,0,0,27.3086419753086,0,0,4457,165,0,0,0,0
"2706",2023-09-10,9,25,4424,162,0,0,27.3086419753086,0,0,4457,165,0,0,0,0
"2707",2023-09-10,9,30,4435,163,0,0,27.3086419753086,0,0,4457,165,0,0,0,0
"2708",2023-09-10,9,35,4181,162,0,0,27.3086419753086,0,0,4457,165,0,0,0,0
"2709",2023-09-10,9,40,4170,161,0,0,27.3086419753086,0,0,4457,165,0,0,0,0
"2710",2023-09-10,9,45,4214,163,0,0,27.3086419753086,0,0,4457,165,0,0,0,0
"2711",2023-09-10,9,50,4236,164,0,0,27.3086419753086,0,0,4457,165,0,0,0,0
"2712",2023-09-10,9,55,4356,165,0,0,27.3086419753086,0,0,4457,165,0,0,0,0
"2713",2023-09-10,10,0,4378,166,0,0,28.1179775280899,0,0,5060,181,0,0,0,0
"2714",2023-09-10,10,5,4481,169,0,0,28.1179775280899,0,0,5060,181,0,0,0,0
"2715",2023-09-10,10,10,4459,168,0,0,28.1179775280899,0,0,5060,181,0,0,0,0
"2716",2023-09-10,10,15,4459,168,0,0,28.1179775280899,0,0,5060,181,0,0,0,0
"2717",2023-09-10,10,20,4448,166,0,0,28.1179775280899,0,0,5060,181,0,0,0,0
"2718",2023-09-10,10,25,4459,167,0,0,28.1179775280899,0,0,5060,181,0,0,0,0
"2719",2023-09-10,10,30,4156,164,0,0,28.1179775280899,0,0,5060,181,0,0,0,0
"2720",2023-09-10,10,35,4817,173,0,0,28.1179775280899,0,0,5060,181,0,0,0,0
"2721",2023-09-10,10,40,4883,176,0,0,28.1179775280899,0,0,5060,181,0,0,0,0
"2722",2023-09-10,10,45,5005,178,0,0,28.1179775280899,0,0,5060,181,0,0,0,0
"2723",2023-09-10,10,50,5060,181,0,0,28.1179775280899,0,0,5060,181,0,0,0,0
"2724",2023-09-10,10,55,5049,181,0,0,28.1179775280899,0,0,5060,181,0,0,0,0
"2725",2023-09-10,11,0,4821,182,0,0,28.7585,0,0,5751.7,200,0,0,0,0
"2726",2023-09-10,11,5,4907,187,0,0,28.7585,0,0,5751.7,200,0,0,0,0
"2727",2023-09-10,11,10,4779,187,0,0,28.7585,0,0,5751.7,200,0,0,0,0
"2728",2023-09-10,11,25,4831,188,0,0,28.7585,0,0,5751.7,200,0,0,0,0
"2729",2023-09-10,11,30,4875,190,0,0,28.7585,0,0,5751.7,200,0,0,0,0
"2730",2023-09-10,11,35,5119,192,0,0,28.7585,0,0,5751.7,200,0,0,0,0
"2731",2023-09-10,11,40,5141,193,0,0,28.7585,0,0,5751.7,200,0,0,0,0
"2732",2023-09-10,11,45,5174,195,0,0,28.7585,0,0,5751.7,200,0,0,0,0
"2733",2023-09-10,11,50,5549.7,199,0,0,28.7585,0,0,5751.7,200,0,0,0,0
"2734",2023-09-10,11,55,5751.7,200,0,0,28.7585,0,0,5751.7,200,0,0,0,0
"2735",2023-09-10,11,15,4735,184,0,0,28.7585,0,0,5751.7,200,0,0,0,0
"2736",2023-09-10,11,20,4917,189,0,0,28.7585,0,0,5751.7,200,0,0,0,0
"2737",2023-09-10,12,0,5795.7,203,0,0,34.1415966386555,0,0,8125.7,238,0,0,0,0
"2738",2023-09-10,12,5,6219.7,211,0,0,34.1415966386555,0,0,8125.7,238,0,0,0,0
"2739",2023-09-10,12,10,6767.7,214,0,0,34.1415966386555,0,0,8125.7,238,0,0,0,0
"2740",2023-09-10,12,15,6903.7,216,0,0,34.1415966386555,0,0,8125.7,238,0,0,0,0
"2741",2023-09-10,12,20,6625.7,216,0,0,34.1415966386555,0,0,8125.7,238,0,0,0,0
"2742",2023-09-10,12,25,6951.7,221,0,0,34.1415966386555,0,0,8125.7,238,0,0,0,0
"2743",2023-09-10,12,30,6956.7,222,0,0,34.1415966386555,0,0,8125.7,238,0,0,0,0
"2744",2023-09-10,12,35,7407.7,235,0,0,34.1415966386555,0,0,8125.7,238,0,0,0,0
"2745",2023-09-10,12,40,7652.7,233,0,0,34.1415966386555,0,0,8125.7,238,0,0,0,0
"2746",2023-09-10,12,45,7761.7,234,0,0,34.1415966386555,0,0,8125.7,238,0,0,0,0
"2747",2023-09-10,12,50,7885.7,238,0,0,34.1415966386555,0,0,8125.7,238,0,0,0,0
"2748",2023-09-10,12,55,8125.7,238,0,0,34.1415966386555,0,0,8125.7,238,0,0,0,0
"2749",2023-09-10,13,0,7908.7,242,0,0,33.4914814814815,0,0,9042.7,270,0,0,0,0
"2750",2023-09-10,13,5,8059.7,246,0,0,33.4914814814815,0,0,9042.7,270,0,0,0,0
"2751",2023-09-10,13,10,7600.7,244,0,0,33.4914814814815,0,0,9042.7,270,0,0,0,0
"2752",2023-09-10,13,15,7622.7,246,0,0,33.4914814814815,0,0,9042.7,270,0,0,0,0
"2753",2023-09-10,13,20,8017.7,251,0,0,33.4914814814815,0,0,9042.7,270,0,0,0,0
"2754",2023-09-10,13,25,8122.7,254,0,0,33.4914814814815,0,0,9042.7,270,0,0,0,0
"2755",2023-09-10,13,30,7984.7,256,0,0,33.4914814814815,0,0,9042.7,270,0,0,0,0
"2756",2023-09-10,13,35,8820.7,267,0,0,33.4914814814815,0,0,9042.7,270,0,0,0,0
"2757",2023-09-10,13,40,9042.7,270,0,0,33.4914814814815,0,0,9042.7,270,0,0,0,0
"2758",2023-09-10,13,45,8453.7,269,0,0,33.4914814814815,0,0,9042.7,270,0,0,0,0
"2759",2023-09-10,13,50,7973.7,267,0,0,33.4914814814815,0,0,9042.7,270,0,0,0,0
"2760",2023-09-10,13,55,7376.7,261,0,0,33.4914814814815,0,0,9042.7,270,0,0,0,0
"2761",2023-09-10,14,55,7630.7,264,0,0,29.323166023166,0,0,7630.7,264,0,0,0,0
"2762",2023-09-10,14,35,7421.7,259,0,0,29.323166023166,0,0,7630.7,264,0,0,0,0
"2763",2023-09-10,14,40,7408.7,261,0,0,29.323166023166,0,0,7630.7,264,0,0,0,0
"2764",2023-09-10,14,45,7042.7,257,0,0,29.323166023166,0,0,7630.7,264,0,0,0,0
"2765",2023-09-10,14,50,6903.7,257,0,0,29.323166023166,0,0,7630.7,264,0,0,0,0
"2766",2023-09-10,14,0,7594.7,259,0,0,29.323166023166,0,0,7630.7,264,0,0,0,0
"2767",2023-09-10,14,5,6952.7,256,0,0,29.323166023166,0,0,7630.7,264,0,0,0,0
"2768",2023-09-10,14,10,7143.7,254,0,0,29.323166023166,0,0,7630.7,264,0,0,0,0
"2769",2023-09-10,14,15,7305.7,257,0,0,29.323166023166,0,0,7630.7,264,0,0,0,0
"2770",2023-09-10,14,20,7237.7,256,0,0,29.323166023166,0,0,7630.7,264,0,0,0,0
"2771",2023-09-10,14,25,7243.7,254,0,0,29.323166023166,0,0,7630.7,264,0,0,0,0
"2772",2023-09-10,14,30,6730.7,251,0,0,29.323166023166,0,0,7630.7,264,0,0,0,0
"2773",2023-09-10,15,0,7680.7,265,0,0,31.3854609929078,0,0,8850.7,284,0,0,0,0
"2774",2023-09-10,15,5,8486.7,277,0,0,31.3854609929078,0,0,8850.7,284,0,0,0,0
"2775",2023-09-10,15,10,8520.7,284,0,0,31.3854609929078,0,0,8850.7,284,0,0,0,0
"2776",2023-09-10,15,15,8182.7,280,0,0,31.3854609929078,0,0,8850.7,284,0,0,0,0
"2777",2023-09-10,15,20,8366.7,277,0,0,31.3854609929078,0,0,8850.7,284,0,0,0,0
"2778",2023-09-10,15,25,8730.7,279,0,0,31.3854609929078,0,0,8850.7,284,0,0,0,0
"2779",2023-09-10,15,30,8850.7,282,0,0,31.3854609929078,0,0,8850.7,284,0,0,0,0
"2780",2023-09-10,15,35,8322.7,278,0,0,31.3854609929078,0,0,8850.7,284,0,0,0,0
"2781",2023-09-10,15,40,7984.7,278,0,0,31.3854609929078,0,0,8850.7,284,0,0,0,0
"2782",2023-09-10,15,45,7886.7,278,0,0,31.3854609929078,0,0,8850.7,284,0,0,0,0
"2783",2023-09-10,15,50,8028.7,280,0,0,31.3854609929078,0,0,8850.7,284,0,0,0,0
"2784",2023-09-10,15,55,8220.7,284,0,0,31.3854609929078,0,0,8850.7,284,0,0,0,0
"2785",2023-09-10,16,0,8105.7,285,0,0,35.5638596491228,0,0,10135.7,292,0,0,0,0
"2786",2023-09-10,16,5,8758.7,292,0,0,35.5638596491228,0,0,10135.7,292,0,0,0,0
"2787",2023-09-10,16,10,8758.7,292,0,0,35.5638596491228,0,0,10135.7,292,0,0,0,0
"2788",2023-09-10,16,15,8986.7,291,0,0,35.5638596491228,0,0,10135.7,292,0,0,0,0
"2789",2023-09-10,16,20,8604.7,289,0,0,35.5638596491228,0,0,10135.7,292,0,0,0,0
"2790",2023-09-10,16,25,9040.7,286,0,0,35.5638596491228,0,0,10135.7,292,0,0,0,0
"2791",2023-09-10,16,30,9384.7,289,0,0,35.5638596491228,0,0,10135.7,292,0,0,0,0
"2792",2023-09-10,16,35,9638.7,288,0,0,35.5638596491228,0,0,10135.7,292,0,0,0,0
"2793",2023-09-10,16,40,9977.7,289,0,0,35.5638596491228,0,0,10135.7,292,0,0,0,0
"2794",2023-09-10,16,45,9901.7,287,0,0,35.5638596491228,0,0,10135.7,292,0,0,0,0
"2795",2023-09-10,16,50,10135.7,285,0,0,35.5638596491228,0,0,10135.7,292,0,0,0,0
"2796",2023-09-10,16,55,9633.7,283,0,0,35.5638596491228,0,0,10135.7,292,0,0,0,0
"2797",2023-09-10,17,0,9697.7,280,0,0,36.2898058252427,0,0,9697.7,280,0,0,0,0
"2798",2023-09-10,17,5,8834.7,271,0,0,36.2898058252427,0,0,9697.7,280,0,0,0,0
"2799",2023-09-10,17,10,8392.7,269,0,0,36.2898058252427,0,0,9697.7,280,0,0,0,0
"2800",2023-09-10,17,15,7942.7,267,0,0,36.2898058252427,0,0,9697.7,280,0,0,0,0
"2801",2023-09-10,17,20,8114.7,269,0,0,36.2898058252427,0,0,9697.7,280,0,0,0,0
"2802",2023-09-10,17,25,7792.7,263,0,0,36.2898058252427,0,0,9697.7,280,0,0,0,0
"2803",2023-09-10,17,30,7956.7,267,0,0,36.2898058252427,0,0,9697.7,280,0,0,0,0
"2804",2023-09-10,17,35,8731.7,270,0,0,36.2898058252427,0,0,9697.7,280,0,0,0,0
"2805",2023-09-10,17,40,8850.7,270,0,0,36.2898058252427,0,0,9697.7,280,0,0,0,0
"2806",2023-09-10,17,45,7475.7,206,0,0,36.2898058252427,0,0,9697.7,280,0,0,0,0
"2807",2023-09-10,17,50,8059.7,266,0,0,36.2898058252427,0,0,9697.7,280,0,0,0,0
"2808",2023-09-10,17,55,8065.7,266,0,0,36.2898058252427,0,0,9697.7,280,0,0,0,0
"2809",2023-09-10,18,0,7775.7,259,0,0,34.288416988417,0,0,8880.7,259,0,0,0,0
"2810",2023-09-10,18,5,7558.7,252,0,0,34.288416988417,0,0,8880.7,259,0,0,0,0
"2811",2023-09-10,18,10,7557.7,252,0,0,34.288416988417,0,0,8880.7,259,0,0,0,0
"2812",2023-09-10,18,15,7886.7,253,0,0,34.288416988417,0,0,8880.7,259,0,0,0,0
"2813",2023-09-10,18,20,8471.7,252,0,0,34.288416988417,0,0,8880.7,259,0,0,0,0
"2814",2023-09-10,18,25,7944.7,247,0,0,34.288416988417,0,0,8880.7,259,0,0,0,0
"2815",2023-09-10,18,30,7775.7,246,0,0,34.288416988417,0,0,8880.7,259,0,0,0,0
"2816",2023-09-10,18,35,8503.7,255,0,0,34.288416988417,0,0,8880.7,259,0,0,0,0
"2817",2023-09-10,18,40,8880.7,259,0,0,34.288416988417,0,0,8880.7,259,0,0,0,0
"2818",2023-09-10,18,45,8398.4,254,0,0,34.288416988417,0,0,8880.7,259,0,0,0,0
"2819",2023-09-10,18,50,8865.4,259,0,0,34.288416988417,0,0,8880.7,259,0,0,0,0
"2820",2023-09-10,18,55,8619.4,257,0,0,34.288416988417,0,0,8880.7,259,0,0,0,0
"2821",2023-09-10,19,0,8491.4,251,0,0,37.7333333333333,0,0,9282.4,251,0,0,0,0
"2822",2023-09-10,19,5,8799.4,248,0,0,37.7333333333333,0,0,9282.4,251,0,0,0,0
"2823",2023-09-10,19,10,8591.4,242,0,0,37.7333333333333,0,0,9282.4,251,0,0,0,0
"2824",2023-09-10,19,15,8236.4,239,0,0,37.7333333333333,0,0,9282.4,251,0,0,0,0
"2825",2023-09-10,19,20,8636.4,242,0,0,37.7333333333333,0,0,9282.4,251,0,0,0,0
"2826",2023-09-10,19,25,9149.4,245,0,0,37.7333333333333,0,0,9282.4,251,0,0,0,0
"2827",2023-09-10,19,30,8647.4,243,0,0,37.7333333333333,0,0,9282.4,251,0,0,0,0
"2828",2023-09-10,19,35,8960.4,243,0,0,37.7333333333333,0,0,9282.4,251,0,0,0,0
"2829",2023-09-10,19,40,9282.4,246,0,0,37.7333333333333,0,0,9282.4,251,0,0,0,0
"2830",2023-09-10,19,45,7995.4,242,0,0,37.7333333333333,0,0,9282.4,251,0,0,0,0
"2831",2023-09-10,19,50,7994.4,240,0,0,37.7333333333333,0,0,9282.4,251,0,0,0,0
"2832",2023-09-10,19,55,8174.4,240,0,0,37.7333333333333,0,0,9282.4,251,0,0,0,0
"2833",2023-09-10,20,0,8482.4,241,0,0,35.1966804979253,0,0,8482.4,246,0,0,0,0
"2834",2023-09-10,20,5,8268.4,241,0,0,35.1966804979253,0,0,8482.4,246,0,0,0,0
"2835",2023-09-10,20,10,7881.4,241,0,0,35.1966804979253,0,0,8482.4,246,0,0,0,0
"2836",2023-09-10,20,15,8228.4,246,0,0,35.1966804979253,0,0,8482.4,246,0,0,0,0
"2837",2023-09-10,20,20,8246.4,245,0,0,35.1966804979253,0,0,8482.4,246,0,0,0,0
"2838",2023-09-10,20,25,8224.4,244,0,0,35.1966804979253,0,0,8482.4,246,0,0,0,0
"2839",2023-09-10,20,30,7779.4,242,0,0,35.1966804979253,0,0,8482.4,246,0,0,0,0
"2840",2023-09-10,20,35,8119.4,235,0,0,35.1966804979253,0,0,8482.4,246,0,0,0,0
"2841",2023-09-10,20,40,8311.4,242,0,0,35.1966804979253,0,0,8482.4,246,0,0,0,0
"2842",2023-09-10,20,45,8139.4,241,0,0,35.1966804979253,0,0,8482.4,246,0,0,0,0
"2843",2023-09-10,20,50,7772.4,242,0,0,35.1966804979253,0,0,8482.4,246,0,0,0,0
"2844",2023-09-10,20,55,7333.4,241,0,0,35.1966804979253,0,0,8482.4,246,0,0,0,0
"2845",2023-09-10,21,0,7052.4,240,0,0,29.385,0,0,7177.7,251,0,0,0,0
"2846",2023-09-10,21,5,7061.4,251,0,0,29.385,0,0,7177.7,251,0,0,0,0
"2847",2023-09-10,21,10,6417.4,246,0,0,29.385,0,0,7177.7,251,0,0,0,0
"2848",2023-09-10,21,15,6505.4,251,0,0,29.385,0,0,7177.7,251,0,0,0,0
"2849",2023-09-10,21,20,7045.4,251,0,0,29.385,0,0,7177.7,251,0,0,0,0
"2850",2023-09-10,21,25,7177.7,249,0,0,29.385,0,0,7177.7,251,0,0,0,0
"2851",2023-09-10,21,30,7159.4,248,0,0,29.385,0,0,7177.7,251,0,0,0,0
"2852",2023-09-10,21,35,6284.4,238,0,0,29.385,0,0,7177.7,251,0,0,0,0
"2853",2023-09-10,21,40,6120.4,239,0,0,29.385,0,0,7177.7,251,0,0,0,0
"2854",2023-09-10,21,45,6266.4,244,0,0,29.385,0,0,7177.7,251,0,0,0,0
"2855",2023-09-10,21,50,6563.4,244,0,0,29.385,0,0,7177.7,251,0,0,0,0
"2856",2023-09-10,21,55,6457.4,241,0,0,29.385,0,0,7177.7,251,0,0,0,0
"2857",2023-09-10,22,0,6702.4,239,0,0,31.4100917431193,0,0,6869.4,239,0,0,0,0
"2858",2023-09-10,22,5,6377.4,236,0,0,31.4100917431193,0,0,6869.4,239,0,0,0,0
"2859",2023-09-10,22,10,6077.4,235,0,0,31.4100917431193,0,0,6869.4,239,0,0,0,0
"2860",2023-09-10,22,15,6051.4,232,0,0,31.4100917431193,0,0,6869.4,239,0,0,0,0
"2861",2023-09-10,22,20,6029.4,231,0,0,31.4100917431193,0,0,6869.4,239,0,0,0,0
"2862",2023-09-10,22,25,6181.4,226,0,0,31.4100917431193,0,0,6869.4,239,0,0,0,0
"2863",2023-09-10,22,30,6849.4,228,0,0,31.4100917431193,0,0,6869.4,239,0,0,0,0
"2864",2023-09-10,22,35,6869.4,222,0,0,31.4100917431193,0,0,6869.4,239,0,0,0,0
"2865",2023-09-10,22,40,6825.4,218,0,0,31.4100917431193,0,0,6869.4,239,0,0,0,0
"2866",2023-09-10,22,45,6847.4,218,0,0,31.4100917431193,0,0,6869.4,239,0,0,0,0
"2867",2023-09-10,22,50,6185.4,216,0,0,31.4100917431193,0,0,6869.4,239,0,0,0,0
"2868",2023-09-10,22,55,5841.4,213,0,0,31.4100917431193,0,0,6869.4,239,0,0,0,0
"2869",2023-09-10,23,25,6200.4,221,0,0,32.8901785714286,0,0,7367.4,224,0,0,0,0
"2870",2023-09-10,23,30,6500.4,222,0,0,32.8901785714286,0,0,7367.4,224,0,0,0,0
"2871",2023-09-10,23,35,5813.4,208,0,0,32.8901785714286,0,0,7367.4,224,0,0,0,0
"2872",2023-09-10,23,40,5819.4,207,0,0,32.8901785714286,0,0,7367.4,224,0,0,0,0
"2873",2023-09-10,23,45,5943.4,207,0,0,32.8901785714286,0,0,7367.4,224,0,0,0,0
"2874",2023-09-10,23,50,5807.4,202,0,0,32.8901785714286,0,0,7367.4,224,0,0,0,0
"2875",2023-09-10,23,55,5229.4,197,0,0,32.8901785714286,0,0,7367.4,224,0,0,0,0
"2876",2023-09-10,23,0,5862.4,213,0,0,32.8901785714286,0,0,7367.4,224,0,0,0,0
"2877",2023-09-10,23,5,7367.4,224,0,0,32.8901785714286,0,0,7367.4,224,0,0,0,0
"2878",2023-09-10,23,10,6884.4,220,0,0,32.8901785714286,0,0,7367.4,224,0,0,0,0
"2879",2023-09-10,23,15,7086.4,221,0,0,32.8901785714286,0,0,7367.4,224,0,0,0,0
"2880",2023-09-10,23,20,6164.4,217,0,0,32.8901785714286,0,0,7367.4,224,0,0,0,0
"2881",2023-09-11,0,0,5486.4,218,0,0,25.2109090909091,0,0,5546.4,220,0,0,0,0
"2882",2023-09-11,0,5,5310.4,217,0,0,25.2109090909091,0,0,5546.4,220,0,0,0,0
"2883",2023-09-11,0,10,5364.4,219,0,0,25.2109090909091,0,0,5546.4,220,0,0,0,0
"2884",2023-09-11,0,15,5546.4,220,0,0,25.2109090909091,0,0,5546.4,220,0,0,0,0
"2885",2023-09-11,0,20,5213.4,217,0,0,25.2109090909091,0,0,5546.4,220,0,0,0,0
"2886",2023-09-11,0,25,4913.4,216,0,0,25.2109090909091,0,0,5546.4,220,0,0,0,0
"2887",2023-09-11,0,30,5071.4,216,0,0,25.2109090909091,0,0,5546.4,220,0,0,0,0
"2888",2023-09-11,0,35,4493.4,206,0,0,25.2109090909091,0,0,5546.4,220,0,0,0,0
"2889",2023-09-11,0,40,4471.4,204,0,0,25.2109090909091,0,0,5546.4,220,0,0,0,0
"2890",2023-09-11,0,45,4493.4,205,0,0,25.2109090909091,0,0,5546.4,220,0,0,0,0
"2891",2023-09-11,0,50,4471.4,203,0,0,25.2109090909091,0,0,5546.4,220,0,0,0,0
"2892",2023-09-11,0,55,4330.4,202,0,0,25.2109090909091,0,0,5546.4,220,0,0,0,0
"2893",2023-09-11,1,0,4319.4,201,0,0,23.3265957446809,0,0,4396.4,201,0,0,0,0
"2894",2023-09-11,1,5,4270.4,196,0,0,23.3265957446809,0,0,4396.4,201,0,0,0,0
"2895",2023-09-11,1,10,4340.4,196,0,0,23.3265957446809,0,0,4396.4,201,0,0,0,0
"2896",2023-09-11,1,15,4007.4,193,0,0,23.3265957446809,0,0,4396.4,201,0,0,0,0
"2897",2023-09-11,1,20,4007.4,193,0,0,23.3265957446809,0,0,4396.4,201,0,0,0,0
"2898",2023-09-11,1,25,3832.4,189,0,0,23.3265957446809,0,0,4396.4,201,0,0,0,0
"2899",2023-09-11,1,30,4132.4,190,0,0,23.3265957446809,0,0,4396.4,201,0,0,0,0
"2900",2023-09-11,1,35,4396.4,189,0,0,23.3265957446809,0,0,4396.4,201,0,0,0,0
"2901",2023-09-11,1,40,4385.4,188,0,0,23.3265957446809,0,0,4396.4,201,0,0,0,0
"2902",2023-09-11,1,45,4085.4,187,0,0,23.3265957446809,0,0,4396.4,201,0,0,0,0
"2903",2023-09-11,1,50,4254.4,188,0,0,23.3265957446809,0,0,4396.4,201,0,0,0,0
"2904",2023-09-11,1,55,4254.4,188,0,0,23.3265957446809,0,0,4396.4,201,0,0,0,0
"2905",2023-09-11,2,0,4208.7,171,0,0,24.6122807017544,0,0,4208.7,171,0,0,0,0
"2906",2023-09-11,2,5,3994.7,167,0,0,24.6122807017544,0,0,4208.7,171,0,0,0,0
"2907",2023-09-11,2,10,3994.7,167,0,0,24.6122807017544,0,0,4208.7,171,0,0,0,0
"2908",2023-09-11,2,15,3972.7,166,0,0,24.6122807017544,0,0,4208.7,171,0,0,0,0
"2909",2023-09-11,2,20,3950.7,165,0,0,24.6122807017544,0,0,4208.7,171,0,0,0,0
"2910",2023-09-11,2,25,3950.7,165,0,0,24.6122807017544,0,0,4208.7,171,0,0,0,0
"2911",2023-09-11,2,30,3961.7,166,0,0,24.6122807017544,0,0,4208.7,171,0,0,0,0
"2912",2023-09-11,2,35,3961.7,166,0,0,24.6122807017544,0,0,4208.7,171,0,0,0,0
"2913",2023-09-11,2,40,3895.7,163,0,0,24.6122807017544,0,0,4208.7,171,0,0,0,0
"2914",2023-09-11,2,45,3873.7,162,0,0,24.6122807017544,0,0,4208.7,171,0,0,0,0
"2915",2023-09-11,2,50,3873.7,162,0,0,24.6122807017544,0,0,4208.7,171,0,0,0,0
"2916",2023-09-11,2,55,3873.7,162,0,0,24.6122807017544,0,0,4208.7,171,0,0,0,0
"2917",2023-09-11,3,0,3873.7,162,0,0,25.7892405063291,0,0,4096.7,162,0,0,0,0
"2918",2023-09-11,3,5,3968.7,160,0,0,25.7892405063291,0,0,4096.7,162,0,0,0,0
"2919",2023-09-11,3,10,3968.7,160,0,0,25.7892405063291,0,0,4096.7,162,0,0,0,0
"2920",2023-09-11,3,15,3968.7,160,0,0,25.7892405063291,0,0,4096.7,162,0,0,0,0
"2921",2023-09-11,3,20,3968.7,160,0,0,25.7892405063291,0,0,4096.7,162,0,0,0,0
"2922",2023-09-11,3,25,3957.7,159,0,0,25.7892405063291,0,0,4096.7,162,0,0,0,0
"2923",2023-09-11,3,30,3924.7,157,0,0,25.7892405063291,0,0,4096.7,162,0,0,0,0
"2924",2023-09-11,3,35,4096.7,159,0,0,25.7892405063291,0,0,4096.7,162,0,0,0,0
"2925",2023-09-11,3,40,4074.7,158,0,0,25.7892405063291,0,0,4096.7,162,0,0,0,0
"2926",2023-09-11,3,45,4096.7,159,0,0,25.7892405063291,0,0,4096.7,162,0,0,0,0
"2927",2023-09-11,3,50,4074.7,158,0,0,25.7892405063291,0,0,4096.7,162,0,0,0,0
"2928",2023-09-11,3,55,4074.7,158,0,0,25.7892405063291,0,0,4096.7,162,0,0,0,0
"2929",2023-09-11,4,0,4074.7,158,0,0,25.7892405063291,0,0,4074.7,158,0,0,0,0
"2930",2023-09-11,4,5,3434.7,147,0,0,25.7892405063291,0,0,4074.7,158,0,0,0,0
"2931",2023-09-11,4,10,3401.7,145,0,0,25.7892405063291,0,0,4074.7,158,0,0,0,0
"2932",2023-09-11,4,15,3401.7,145,0,0,25.7892405063291,0,0,4074.7,158,0,0,0,0
"2933",2023-09-11,4,20,3379.7,144,0,0,25.7892405063291,0,0,4074.7,158,0,0,0,0
"2934",2023-09-11,4,25,3357.7,143,0,0,25.7892405063291,0,0,4074.7,158,0,0,0,0
"2935",2023-09-11,4,30,3357.7,143,0,0,25.7892405063291,0,0,4074.7,158,0,0,0,0
"2936",2023-09-11,4,35,3141.7,139,0,0,25.7892405063291,0,0,4074.7,158,0,0,0,0
"2937",2023-09-11,4,40,3141.7,139,0,0,25.7892405063291,0,0,4074.7,158,0,0,0,0
"2938",2023-09-11,4,45,3141.7,139,0,0,25.7892405063291,0,0,4074.7,158,0,0,0,0
"2939",2023-09-11,4,50,3141.7,139,0,0,25.7892405063291,0,0,4074.7,158,0,0,0,0
"2940",2023-09-11,4,55,3119.7,138,0,0,25.7892405063291,0,0,4074.7,158,0,0,0,0
"2941",2023-09-11,5,0,3119.7,138,0,0,23.8529411764706,0,0,3244,138,0,0,0,0
"2942",2023-09-11,5,5,3119.7,138,0,0,23.8529411764706,0,0,3244,138,0,0,0,0
"2943",2023-09-11,5,10,3097.7,137,0,0,23.8529411764706,0,0,3244,138,0,0,0,0
"2944",2023-09-11,5,15,3097.7,137,0,0,23.8529411764706,0,0,3244,138,0,0,0,0
"2945",2023-09-11,5,20,3097.7,137,0,0,23.8529411764706,0,0,3244,138,0,0,0,0
"2946",2023-09-11,5,25,3097.7,136,0,0,23.8529411764706,0,0,3244,138,0,0,0,0
"2947",2023-09-11,5,30,3094,135,0,0,23.8529411764706,0,0,3244,138,0,0,0,0
"2948",2023-09-11,5,35,3244,136,0,0,23.8529411764706,0,0,3244,138,0,0,0,0
"2949",2023-09-11,5,40,3244,136,0,0,23.8529411764706,0,0,3244,138,0,0,0,0
"2950",2023-09-11,5,45,3244,136,0,0,23.8529411764706,0,0,3244,138,0,0,0,0
"2951",2023-09-11,5,50,3244,136,0,0,23.8529411764706,0,0,3244,138,0,0,0,0
"2952",2023-09-11,5,55,3244,136,0,0,23.8529411764706,0,0,3244,138,0,0,0,0
"2953",2023-09-11,6,0,3244,136,0,0,23.9603174603175,0,0,3255,136,0,0,0,0
"2954",2023-09-11,6,5,3052,128,0,0,23.9603174603175,0,0,3255,136,0,0,0,0
"2955",2023-09-11,6,10,3052,128,0,0,23.9603174603175,0,0,3255,136,0,0,0,0
"2956",2023-09-11,6,15,3052,128,0,0,23.9603174603175,0,0,3255,136,0,0,0,0
"2957",2023-09-11,6,20,3052,128,0,0,23.9603174603175,0,0,3255,136,0,0,0,0
"2958",2023-09-11,6,25,3030,127,0,0,23.9603174603175,0,0,3255,136,0,0,0,0
"2959",2023-09-11,6,30,3019,126,0,0,23.9603174603175,0,0,3255,136,0,0,0,0
"2960",2023-09-11,6,35,3255,136,0,0,23.9603174603175,0,0,3255,136,0,0,0,0
"2961",2023-09-11,6,40,3255,136,0,0,23.9603174603175,0,0,3255,136,0,0,0,0
"2962",2023-09-11,6,45,3255,136,0,0,23.9603174603175,0,0,3255,136,0,0,0,0
"2963",2023-09-11,6,50,3255,136,0,0,23.9603174603175,0,0,3255,136,0,0,0,0
"2964",2023-09-11,6,55,3233,135,0,0,23.9603174603175,0,0,3255,136,0,0,0,0
"2965",2023-09-11,7,0,3233,135,0,0,24.0229007633588,0,0,3233,135,0,0,0,0
"2966",2023-09-11,7,5,3233,135,0,0,24.0229007633588,0,0,3233,135,0,0,0,0
"2967",2023-09-11,7,10,3233,135,0,0,24.0229007633588,0,0,3233,135,0,0,0,0
"2968",2023-09-11,7,15,3233,135,0,0,24.0229007633588,0,0,3233,135,0,0,0,0
"2969",2023-09-11,7,20,3211,134,0,0,24.0229007633588,0,0,3233,135,0,0,0,0
"2970",2023-09-11,7,25,3211,134,0,0,24.0229007633588,0,0,3233,135,0,0,0,0
"2971",2023-09-11,7,30,3233,135,0,0,24.0229007633588,0,0,3233,135,0,0,0,0
"2972",2023-09-11,7,35,3211,134,0,0,24.0229007633588,0,0,3233,135,0,0,0,0
"2973",2023-09-11,7,40,3169,132,0,0,24.0229007633588,0,0,3233,135,0,0,0,0
"2974",2023-09-11,7,45,3147,131,0,0,24.0229007633588,0,0,3233,135,0,0,0,0
"2975",2023-09-11,7,50,3191,133,0,0,24.0229007633588,0,0,3233,135,0,0,0,0
"2976",2023-09-11,7,55,3191,133,0,0,24.0229007633588,0,0,3233,135,0,0,0,0
"2977",2023-09-11,8,0,3213,134,0,0,28.145251396648,0,0,5038,183,0,0,0,0
"2978",2023-09-11,8,5,3398,136,0,0,28.145251396648,0,0,5038,183,0,0,0,0
"2979",2023-09-11,8,10,3409,136,0,0,28.145251396648,0,0,5038,183,0,0,0,0
"2980",2023-09-11,8,15,3306,139,0,0,28.145251396648,0,0,5038,183,0,0,0,0
"2981",2023-09-11,8,20,3339,141,0,0,28.145251396648,0,0,5038,183,0,0,0,0
"2982",2023-09-11,8,25,3400,143,0,0,28.145251396648,0,0,5038,183,0,0,0,0
"2983",2023-09-11,8,30,3766,147,0,0,28.145251396648,0,0,5038,183,0,0,0,0
"2984",2023-09-11,8,35,4041,160,0,0,28.145251396648,0,0,5038,183,0,0,0,0
"2985",2023-09-11,8,40,4085,163,0,0,28.145251396648,0,0,5038,183,0,0,0,0
"2986",2023-09-11,8,45,4472,174,0,0,28.145251396648,0,0,5038,183,0,0,0,0
"2987",2023-09-11,8,50,5038,179,0,0,28.145251396648,0,0,5038,183,0,0,0,0
"2988",2023-09-11,8,55,4954,183,0,0,28.145251396648,0,0,5038,183,0,0,0,0
"2989",2023-09-11,9,0,4820,185,0,0,26.0540540540541,0,0,6214.1,266,0,0,0,0
"2990",2023-09-11,9,5,5125,206,0,0,26.0540540540541,0,0,6214.1,266,0,0,0,0
"2991",2023-09-11,9,10,4819,207,0,0,26.0540540540541,0,0,6214.1,266,0,0,0,0
"2992",2023-09-11,9,15,4924,211,0,0,26.0540540540541,0,0,6214.1,266,0,0,0,0
"2993",2023-09-11,9,20,5036,215,0,0,26.0540540540541,0,0,6214.1,266,0,0,0,0
"2994",2023-09-11,9,25,5178,222,0,0,26.0540540540541,0,0,6214.1,266,0,0,0,0
"2995",2023-09-11,9,30,5288,228,0,0,26.0540540540541,0,0,6214.1,266,0,0,0,0
"2996",2023-09-11,9,35,5584.4,241,0,0,26.0540540540541,0,0,6214.1,266,0,0,0,0
"2997",2023-09-11,9,40,5517.4,241,0,0,26.0540540540541,0,0,6214.1,266,0,0,0,0
"2998",2023-09-11,9,45,5913.4,248,0,0,26.0540540540541,0,0,6214.1,266,0,0,0,0
"2999",2023-09-11,9,50,6045.4,256,0,0,26.0540540540541,0,0,6214.1,266,0,0,0,0
"3000",2023-09-11,9,55,6214.1,266,0,0,26.0540540540541,0,0,6214.1,266,0,0,0,0
"3001",2023-09-11,10,0,6548.1,275,0,0,23.8184848484849,0,0,8106.1,352,0,0,0,0
"3002",2023-09-11,10,5,6990.1,304,0,0,23.8184848484849,0,0,8106.1,352,0,0,0,0
"3003",2023-09-11,10,10,6963.1,311,0,0,23.8184848484849,0,0,8106.1,352,0,0,0,0
"3004",2023-09-11,10,15,7095.1,318,0,0,23.8184848484849,0,0,8106.1,352,0,0,0,0
"3005",2023-09-11,10,20,7183.1,324,0,0,23.8184848484849,0,0,8106.1,352,0,0,0,0
"3006",2023-09-11,10,25,7860.1,330,0,0,23.8184848484849,0,0,8106.1,352,0,0,0,0
"3007",2023-09-11,10,30,7703.1,334,0,0,23.8184848484849,0,0,8106.1,352,0,0,0,0
"3008",2023-09-11,10,35,7883.1,338,0,0,23.8184848484849,0,0,8106.1,352,0,0,0,0
"3009",2023-09-11,10,40,7906.1,342,0,0,23.8184848484849,0,0,8106.1,352,0,0,0,0
"3010",2023-09-11,10,45,7971.1,348,0,0,23.8184848484849,0,0,8106.1,352,0,0,0,0
"3011",2023-09-11,10,50,8106.1,352,0,0,23.8184848484849,0,0,8106.1,352,0,0,0,0
"3012",2023-09-11,10,55,8051.1,350,0,0,23.8184848484849,0,0,8106.1,352,0,0,0,0
"3013",2023-09-11,11,40,9413.7,395,0,0,24.1654731457801,0,0,9457.7,399,0,0,0,0
"3014",2023-09-11,11,45,9457.7,397,0,0,24.1654731457801,0,0,9457.7,399,0,0,0,0
"3015",2023-09-11,11,50,9339.7,397,0,0,24.1654731457801,0,0,9457.7,399,0,0,0,0
"3016",2023-09-11,11,55,9371.7,399,0,0,24.1654731457801,0,0,9457.7,399,0,0,0,0
"3017",2023-09-11,11,0,8292.1,357,0,0,24.1654731457801,0,0,9457.7,399,0,0,0,0
"3018",2023-09-11,11,5,8666.1,376,0,0,24.1654731457801,0,0,9457.7,399,0,0,0,0
"3019",2023-09-11,11,10,8999.1,378,0,0,24.1654731457801,0,0,9457.7,399,0,0,0,0
"3020",2023-09-11,11,15,9207.1,384,0,0,24.1654731457801,0,0,9457.7,399,0,0,0,0
"3021",2023-09-11,11,20,9208.1,387,0,0,24.1654731457801,0,0,9457.7,399,0,0,0,0
"3022",2023-09-11,11,25,8627.1,383,0,0,24.1654731457801,0,0,9457.7,399,0,0,0,0
"3023",2023-09-11,11,30,8949.1,385,0,0,24.1654731457801,0,0,9457.7,399,0,0,0,0
"3024",2023-09-11,11,35,9448.7,391,0,0,24.1654731457801,0,0,9457.7,399,0,0,0,0
"3025",2023-09-11,12,0,8984.7,398,0,0,23.16925,0,0,9267.7,406,0,0,0,0
"3026",2023-09-11,12,5,8027.7,387,0,0,23.16925,0,0,9267.7,406,0,0,0,0
"3027",2023-09-11,12,10,7994.7,386,0,0,23.16925,0,0,9267.7,406,0,0,0,0
"3028",2023-09-11,12,15,7967.7,387,0,0,23.16925,0,0,9267.7,406,0,0,0,0
"3029",2023-09-11,12,20,8337.7,388,0,0,23.16925,0,0,9267.7,406,0,0,0,0
"3030",2023-09-11,12,25,8937.7,390,0,0,23.16925,0,0,9267.7,406,0,0,0,0
"3031",2023-09-11,12,30,8404.7,389,0,0,23.16925,0,0,9267.7,406,0,0,0,0
"3032",2023-09-11,12,35,9247.7,402,0,0,23.16925,0,0,9267.7,406,0,0,0,0
"3033",2023-09-11,12,40,9197.7,405,0,0,23.16925,0,0,9267.7,406,0,0,0,0
"3034",2023-09-11,12,45,9230.7,406,0,0,23.16925,0,0,9267.7,406,0,0,0,0
"3035",2023-09-11,12,50,9109.7,401,0,0,23.16925,0,0,9267.7,406,0,0,0,0
"3036",2023-09-11,12,55,9267.7,400,0,0,23.16925,0,0,9267.7,406,0,0,0,0
"3037",2023-09-11,13,0,9295.7,401,0,0,24.7157216494845,0,0,9589.7,402,0,0,0,0
"3038",2023-09-11,13,5,8966.7,402,0,0,24.7157216494845,0,0,9589.7,402,0,0,0,0
"3039",2023-09-11,13,10,8780.7,397,0,0,24.7157216494845,0,0,9589.7,402,0,0,0,0
"3040",2023-09-11,13,15,8458.7,396,0,0,24.7157216494845,0,0,9589.7,402,0,0,0,0
"3041",2023-09-11,13,20,8337.7,392,0,0,24.7157216494845,0,0,9589.7,402,0,0,0,0
"3042",2023-09-11,13,25,8108.7,387,0,0,24.7157216494845,0,0,9589.7,402,0,0,0,0
"3043",2023-09-11,13,30,8294.7,391,0,0,24.7157216494845,0,0,9589.7,402,0,0,0,0
"3044",2023-09-11,13,35,9202.7,396,0,0,24.7157216494845,0,0,9589.7,402,0,0,0,0
"3045",2023-09-11,13,40,9502.7,396,0,0,24.7157216494845,0,0,9589.7,402,0,0,0,0
"3046",2023-09-11,13,45,9219.7,388,0,0,24.7157216494845,0,0,9589.7,402,0,0,0,0
"3047",2023-09-11,13,50,9589.7,388,0,0,24.7157216494845,0,0,9589.7,402,0,0,0,0
"3048",2023-09-11,13,55,9064.7,379,0,0,24.7157216494845,0,0,9589.7,402,0,0,0,0
"3049",2023-09-11,14,25,8335.7,354,0,0,25.7375,0,0,8910.7,372,0,0,0,0
"3050",2023-09-11,14,30,8335.7,355,0,0,25.7375,0,0,8910.7,372,0,0,0,0
"3051",2023-09-11,14,35,8581.7,344,0,0,25.7375,0,0,8910.7,372,0,0,0,0
"3052",2023-09-11,14,40,8853.7,344,0,0,25.7375,0,0,8910.7,372,0,0,0,0
"3053",2023-09-11,14,45,8411.7,342,0,0,25.7375,0,0,8910.7,372,0,0,0,0
"3054",2023-09-11,14,50,8350.7,339,0,0,25.7375,0,0,8910.7,372,0,0,0,0
"3055",2023-09-11,14,55,8218.7,333,0,0,25.7375,0,0,8910.7,372,0,0,0,0
"3056",2023-09-11,14,0,8910.7,372,0,0,25.7375,0,0,8910.7,372,0,0,0,0
"3057",2023-09-11,14,5,8778.7,366,0,0,25.7375,0,0,8910.7,372,0,0,0,0
"3058",2023-09-11,14,10,8800.7,363,0,0,25.7375,0,0,8910.7,372,0,0,0,0
"3059",2023-09-11,14,15,8697.7,362,0,0,25.7375,0,0,8910.7,372,0,0,0,0
"3060",2023-09-11,14,20,8870.7,358,0,0,25.7375,0,0,8910.7,372,0,0,0,0
"3061",2023-09-11,15,0,8464.7,338,0,0,27.2008771929825,0,0,9302.7,342,0,0,0,0
"3062",2023-09-11,15,30,7292.7,325,0,0,27.2008771929825,0,0,9302.7,342,0,0,0,0
"3063",2023-09-11,15,35,8433.7,334,0,0,27.2008771929825,0,0,9302.7,342,0,0,0,0
"3064",2023-09-11,15,40,8622.7,335,0,0,27.2008771929825,0,0,9302.7,342,0,0,0,0
"3065",2023-09-11,15,45,8985.7,338,0,0,27.2008771929825,0,0,9302.7,342,0,0,0,0
"3066",2023-09-11,15,50,9051.7,341,0,0,27.2008771929825,0,0,9302.7,342,0,0,0,0
"3067",2023-09-11,15,55,9302.7,342,0,0,27.2008771929825,0,0,9302.7,342,0,0,0,0
"3068",2023-09-11,15,5,7502.7,323,0,0,27.2008771929825,0,0,9302.7,342,0,0,0,0
"3069",2023-09-11,15,10,7362.7,317,0,0,27.2008771929825,0,0,9302.7,342,0,0,0,0
"3070",2023-09-11,15,15,7150.7,321,0,0,27.2008771929825,0,0,9302.7,342,0,0,0,0
"3071",2023-09-11,15,20,6855.7,317,0,0,27.2008771929825,0,0,9302.7,342,0,0,0,0
"3072",2023-09-11,15,25,6948.7,320,0,0,27.2008771929825,0,0,9302.7,342,0,0,0,0
"3073",2023-09-11,16,0,8500.7,339,0,0,25.0758112094395,0,0,8500.7,345,0,0,0,0
"3074",2023-09-11,16,5,8207.7,343,0,0,25.0758112094395,0,0,8500.7,345,0,0,0,0
"3075",2023-09-11,16,10,8257.7,345,0,0,25.0758112094395,0,0,8500.7,345,0,0,0,0
"3076",2023-09-11,16,15,7861.7,339,0,0,25.0758112094395,0,0,8500.7,345,0,0,0,0
"3077",2023-09-11,16,20,7752.7,338,0,0,25.0758112094395,0,0,8500.7,345,0,0,0,0
"3078",2023-09-11,16,25,7612.7,337,0,0,25.0758112094395,0,0,8500.7,345,0,0,0,0
"3079",2023-09-11,16,30,7573.7,337,0,0,25.0758112094395,0,0,8500.7,345,0,0,0,0
"3080",2023-09-11,16,35,7627.7,336,0,0,25.0758112094395,0,0,8500.7,345,0,0,0,0
"3081",2023-09-11,16,40,8140.7,339,0,0,25.0758112094395,0,0,8500.7,345,0,0,0,0
"3082",2023-09-11,16,45,8204.4,341,0,0,25.0758112094395,0,0,8500.7,345,0,0,0,0
"3083",2023-09-11,16,50,7900.4,338,0,0,25.0758112094395,0,0,8500.7,345,0,0,0,0
"3084",2023-09-11,16,55,7965.4,339,0,0,25.0758112094395,0,0,8500.7,345,0,0,0,0
"3085",2023-09-11,17,50,8405.7,337,0,0,27.1516245487365,0,0,8405.7,338,0,0,0,0
"3086",2023-09-11,17,55,8405.7,337,0,0,27.1516245487365,0,0,8405.7,338,0,0,0,0
"3087",2023-09-11,17,20,7656.4,334,0,0,27.1516245487365,0,0,8405.7,338,0,0,0,0
"3088",2023-09-11,17,0,7621.4,334,0,0,27.1516245487365,0,0,8405.7,338,0,0,0,0
"3089",2023-09-11,17,5,8011.7,331,0,0,27.1516245487365,0,0,8405.7,338,0,0,0,0
"3090",2023-09-11,17,10,7931.4,337,0,0,27.1516245487365,0,0,8405.7,338,0,0,0,0
"3091",2023-09-11,17,15,7733.4,338,0,0,27.1516245487365,0,0,8405.7,338,0,0,0,0
"3092",2023-09-11,17,25,7806.4,334,0,0,27.1516245487365,0,0,8405.7,338,0,0,0,0
"3093",2023-09-11,17,30,8089.4,335,0,0,27.1516245487365,0,0,8405.7,338,0,0,0,0
"3094",2023-09-11,17,35,8376.4,337,0,0,27.1516245487365,0,0,8405.7,338,0,0,0,0
"3095",2023-09-11,17,40,8311.7,334,0,0,27.1516245487365,0,0,8405.7,338,0,0,0,0
"3096",2023-09-11,17,45,7521,277,0,0,27.1516245487365,0,0,8405.7,338,0,0,0,0
"3097",2023-09-11,18,0,8033.7,341,0,0,27.18,0,0,8561.7,341,0,0,0,0
"3098",2023-09-11,18,5,7600.7,326,0,0,27.18,0,0,8561.7,341,0,0,0,0
"3099",2023-09-11,18,10,7606.7,325,0,0,27.18,0,0,8561.7,341,0,0,0,0
"3100",2023-09-11,18,15,7873.7,325,0,0,27.18,0,0,8561.7,341,0,0,0,0
"3101",2023-09-11,18,20,7749.7,322,0,0,27.18,0,0,8561.7,341,0,0,0,0
"3102",2023-09-11,18,25,7755.7,321,0,0,27.18,0,0,8561.7,341,0,0,0,0
"3103",2023-09-11,18,30,8349.7,320,0,0,27.18,0,0,8561.7,341,0,0,0,0
"3104",2023-09-11,18,35,8332.7,313,0,0,27.18,0,0,8561.7,341,0,0,0,0
"3105",2023-09-11,18,40,8288.7,311,0,0,27.18,0,0,8561.7,341,0,0,0,0
"3106",2023-09-11,18,45,8295.7,311,0,0,27.18,0,0,8561.7,341,0,0,0,0
"3107",2023-09-11,18,50,8561.7,315,0,0,27.18,0,0,8561.7,341,0,0,0,0
"3108",2023-09-11,18,55,8272.7,314,0,0,27.18,0,0,8561.7,341,0,0,0,0
"3109",2023-09-11,19,0,8510.7,309,0,0,28.0761565836299,0,0,8510.7,309,0,0,0,0
"3110",2023-09-11,19,5,8216.7,309,0,0,28.0761565836299,0,0,8510.7,309,0,0,0,0
"3111",2023-09-11,19,10,7855.4,305,0,0,28.0761565836299,0,0,8510.7,309,0,0,0,0
"3112",2023-09-11,19,15,7664.4,300,0,0,28.0761565836299,0,0,8510.7,309,0,0,0,0
"3113",2023-09-11,19,20,7795.4,298,0,0,28.0761565836299,0,0,8510.7,309,0,0,0,0
"3114",2023-09-11,19,25,8034.4,301,0,0,28.0761565836299,0,0,8510.7,309,0,0,0,0
"3115",2023-09-11,19,30,7981.4,298,0,0,28.0761565836299,0,0,8510.7,309,0,0,0,0
"3116",2023-09-11,19,35,7535.4,286,0,0,28.0761565836299,0,0,8510.7,309,0,0,0,0
"3117",2023-09-11,19,40,7397.4,281,0,0,28.0761565836299,0,0,8510.7,309,0,0,0,0
"3118",2023-09-11,19,45,7889.4,282,0,0,28.0761565836299,0,0,8510.7,309,0,0,0,0
"3119",2023-09-11,19,50,7889.4,281,0,0,28.0761565836299,0,0,8510.7,309,0,0,0,0
"3120",2023-09-11,19,55,7697.7,277,0,0,28.0761565836299,0,0,8510.7,309,0,0,0,0
"3121",2023-09-11,20,0,8075.7,279,0,0,28.9451612903226,0,0,8075.7,279,0,0,0,0
"3122",2023-09-11,20,5,6367.7,257,0,0,28.9451612903226,0,0,8075.7,279,0,0,0,0
"3123",2023-09-11,20,10,6081.7,257,0,0,28.9451612903226,0,0,8075.7,279,0,0,0,0
"3124",2023-09-11,20,15,6109.7,258,0,0,28.9451612903226,0,0,8075.7,279,0,0,0,0
"3125",2023-09-11,20,20,6723.7,264,0,0,28.9451612903226,0,0,8075.7,279,0,0,0,0
"3126",2023-09-11,20,25,6558,268,0,0,28.9451612903226,0,0,8075.7,279,0,0,0,0
"3127",2023-09-11,20,30,6506.7,267,0,0,28.9451612903226,0,0,8075.7,279,0,0,0,0
"3128",2023-09-11,20,35,6713.7,262,0,0,28.9451612903226,0,0,8075.7,279,0,0,0,0
"3129",2023-09-11,20,40,6630.7,261,0,0,28.9451612903226,0,0,8075.7,279,0,0,0,0
"3130",2023-09-11,20,45,6374.7,261,0,0,28.9451612903226,0,0,8075.7,279,0,0,0,0
"3131",2023-09-11,20,50,6145.7,266,0,0,28.9451612903226,0,0,8075.7,279,0,0,0,0
"3132",2023-09-11,20,55,5949.7,262,0,0,28.9451612903226,0,0,8075.7,279,0,0,0,0
"3133",2023-09-11,21,0,6374.7,260,0,0,28.2258964143426,0,0,7084.7,260,0,0,0,0
"3134",2023-09-11,21,5,7081.7,257,0,0,28.2258964143426,0,0,7084.7,260,0,0,0,0
"3135",2023-09-11,21,10,6792.7,255,0,0,28.2258964143426,0,0,7084.7,260,0,0,0,0
"3136",2023-09-11,21,15,6694.7,254,0,0,28.2258964143426,0,0,7084.7,260,0,0,0,0
"3137",2023-09-11,21,20,6628.7,251,0,0,28.2258964143426,0,0,7084.7,260,0,0,0,0
"3138",2023-09-11,21,25,6828.7,252,0,0,28.2258964143426,0,0,7084.7,260,0,0,0,0
"3139",2023-09-11,21,30,7084.7,251,0,0,28.2258964143426,0,0,7084.7,260,0,0,0,0
"3140",2023-09-11,21,35,6724.7,259,0,0,28.2258964143426,0,0,7084.7,260,0,0,0,0
"3141",2023-09-11,21,40,6474.7,259,0,0,28.2258964143426,0,0,7084.7,260,0,0,0,0
"3142",2023-09-11,21,45,6241.7,256,0,0,28.2258964143426,0,0,7084.7,260,0,0,0,0
"3143",2023-09-11,21,50,6208.7,254,0,0,28.2258964143426,0,0,7084.7,260,0,0,0,0
"3144",2023-09-11,21,55,6050.7,254,0,0,28.2258964143426,0,0,7084.7,260,0,0,0,0
"3145",2023-09-11,22,0,5967.7,252,0,0,24.638202247191,0,0,6578.4,268,0,0,0,0
"3146",2023-09-11,22,5,5619.7,259,0,0,24.638202247191,0,0,6578.4,268,0,0,0,0
"3147",2023-09-11,22,10,5824.7,262,0,0,24.638202247191,0,0,6578.4,268,0,0,0,0
"3148",2023-09-11,22,15,6150.4,265,0,0,24.638202247191,0,0,6578.4,268,0,0,0,0
"3149",2023-09-11,22,20,6578.4,267,0,0,24.638202247191,0,0,6578.4,268,0,0,0,0
"3150",2023-09-11,22,25,6572.4,268,0,0,24.638202247191,0,0,6578.4,268,0,0,0,0
"3151",2023-09-11,22,30,6228.4,265,0,0,24.638202247191,0,0,6578.4,268,0,0,0,0
"3152",2023-09-11,22,35,5792.4,255,0,0,24.638202247191,0,0,6578.4,268,0,0,0,0
"3153",2023-09-11,22,40,5709.4,254,0,0,24.638202247191,0,0,6578.4,268,0,0,0,0
"3154",2023-09-11,22,45,5687.4,253,0,0,24.638202247191,0,0,6578.4,268,0,0,0,0
"3155",2023-09-11,22,50,5698.4,254,0,0,24.638202247191,0,0,6578.4,268,0,0,0,0
"3156",2023-09-11,22,55,5504.4,251,0,0,24.638202247191,0,0,6578.4,268,0,0,0,0
"3157",2023-09-11,23,0,5406.4,251,0,0,25.0244343891403,0,0,5609.4,251,0,0,0,0
"3158",2023-09-11,23,5,5301.4,239,0,0,25.0244343891403,0,0,5609.4,251,0,0,0,0
"3159",2023-09-11,23,10,5440.4,234,0,0,25.0244343891403,0,0,5609.4,251,0,0,0,0
"3160",2023-09-11,23,15,5609.4,236,0,0,25.0244343891403,0,0,5609.4,251,0,0,0,0
"3161",2023-09-11,23,20,5287.4,234,0,0,25.0244343891403,0,0,5609.4,251,0,0,0,0
"3162",2023-09-11,23,25,5287.4,234,0,0,25.0244343891403,0,0,5609.4,251,0,0,0,0
"3163",2023-09-11,23,30,5277.4,234,0,0,25.0244343891403,0,0,5609.4,251,0,0,0,0
"3164",2023-09-11,23,35,5384.4,227,0,0,25.0244343891403,0,0,5609.4,251,0,0,0,0
"3165",2023-09-11,23,40,5329.4,224,0,0,25.0244343891403,0,0,5609.4,251,0,0,0,0
"3166",2023-09-11,23,45,5457.4,224,0,0,25.0244343891403,0,0,5609.4,251,0,0,0,0
"3167",2023-09-11,23,50,5607.4,225,0,0,25.0244343891403,0,0,5609.4,251,0,0,0,0
"3168",2023-09-11,23,55,5530.4,221,0,0,25.0244343891403,0,0,5609.4,251,0,0,0,0
"3169",2023-09-12,0,0,5865.7,242,0,0,24.4400900900901,0,0,5865.7,242,0,0,0,0
"3170",2023-09-12,0,5,4892.7,227,0,0,24.4400900900901,0,0,5865.7,242,0,0,0,0
"3171",2023-09-12,0,10,5246.7,226,0,0,24.4400900900901,0,0,5865.7,242,0,0,0,0
"3172",2023-09-12,0,15,5180.7,223,0,0,24.4400900900901,0,0,5865.7,242,0,0,0,0
"3173",2023-09-12,0,20,5469.7,224,0,0,24.4400900900901,0,0,5865.7,242,0,0,0,0
"3174",2023-09-12,0,25,5425.7,222,0,0,24.4400900900901,0,0,5865.7,242,0,0,0,0
"3175",2023-09-12,0,30,5425.7,222,0,0,24.4400900900901,0,0,5865.7,242,0,0,0,0
"3176",2023-09-12,0,35,4563.7,207,0,0,24.4400900900901,0,0,5865.7,242,0,0,0,0
"3177",2023-09-12,0,40,4563.7,207,0,0,24.4400900900901,0,0,5865.7,242,0,0,0,0
"3178",2023-09-12,0,45,4252.7,205,0,0,24.4400900900901,0,0,5865.7,242,0,0,0,0
"3179",2023-09-12,0,50,4148.7,202,0,0,24.4400900900901,0,0,5865.7,242,0,0,0,0
"3180",2023-09-12,0,55,4137.7,201,0,0,24.4400900900901,0,0,5865.7,242,0,0,0,0
"3181",2023-09-12,1,0,4137.7,201,0,0,22.2194736842105,0,0,4232.7,201,0,0,0,0
"3182",2023-09-12,1,5,4180.7,197,0,0,22.2194736842105,0,0,4232.7,201,0,0,0,0
"3183",2023-09-12,1,10,4158.7,196,0,0,22.2194736842105,0,0,4232.7,201,0,0,0,0
"3184",2023-09-12,1,15,4136.7,195,0,0,22.2194736842105,0,0,4232.7,201,0,0,0,0
"3185",2023-09-12,1,20,3803.7,192,0,0,22.2194736842105,0,0,4232.7,201,0,0,0,0
"3186",2023-09-12,1,25,3803.7,192,0,0,22.2194736842105,0,0,4232.7,201,0,0,0,0
"3187",2023-09-12,1,30,3803.7,192,0,0,22.2194736842105,0,0,4232.7,201,0,0,0,0
"3188",2023-09-12,1,35,4221.7,190,0,0,22.2194736842105,0,0,4232.7,201,0,0,0,0
"3189",2023-09-12,1,40,4232.7,191,0,0,22.2194736842105,0,0,4232.7,201,0,0,0,0
"3190",2023-09-12,1,45,4232.7,191,0,0,22.2194736842105,0,0,4232.7,201,0,0,0,0
"3191",2023-09-12,1,50,4232.7,191,0,0,22.2194736842105,0,0,4232.7,201,0,0,0,0
"3192",2023-09-12,1,55,4232.7,191,0,0,22.2194736842105,0,0,4232.7,201,0,0,0,0
"3193",2023-09-12,2,0,4276.4,189,0,0,22.626455026455,0,0,4276.4,189,0,0,0,0
"3194",2023-09-12,2,5,4263.4,189,0,0,22.626455026455,0,0,4276.4,189,0,0,0,0
"3195",2023-09-12,2,10,3881.4,186,0,0,22.626455026455,0,0,4276.4,189,0,0,0,0
"3196",2023-09-12,2,15,3837.4,184,0,0,22.626455026455,0,0,4276.4,189,0,0,0,0
"3197",2023-09-12,2,20,3837.4,184,0,0,22.626455026455,0,0,4276.4,189,0,0,0,0
"3198",2023-09-12,2,25,3837.4,184,0,0,22.626455026455,0,0,4276.4,189,0,0,0,0
"3199",2023-09-12,2,30,3865.4,184,0,0,22.626455026455,0,0,4276.4,189,0,0,0,0
"3200",2023-09-12,2,35,3627.4,179,0,0,22.626455026455,0,0,4276.4,189,0,0,0,0
"3201",2023-09-12,2,40,3605.4,178,0,0,22.626455026455,0,0,4276.4,189,0,0,0,0
"3202",2023-09-12,2,45,3605.4,178,0,0,22.626455026455,0,0,4276.4,189,0,0,0,0
"3203",2023-09-12,2,50,3627.4,179,0,0,22.626455026455,0,0,4276.4,189,0,0,0,0
"3204",2023-09-12,2,55,3627.4,179,0,0,22.626455026455,0,0,4276.4,189,0,0,0,0
"3205",2023-09-12,3,0,3627.4,179,0,0,21.8188888888889,0,0,3927.4,180,0,0,0,0
"3206",2023-09-12,3,5,3927.4,180,0,0,21.8188888888889,0,0,3927.4,180,0,0,0,0
"3207",2023-09-12,3,10,3905.4,179,0,0,21.8188888888889,0,0,3927.4,180,0,0,0,0
"3208",2023-09-12,3,15,3844.4,177,0,0,21.8188888888889,0,0,3927.4,180,0,0,0,0
"3209",2023-09-12,3,20,3811.4,175,0,0,21.8188888888889,0,0,3927.4,180,0,0,0,0
"3210",2023-09-12,3,25,3789.4,174,0,0,21.8188888888889,0,0,3927.4,180,0,0,0,0
"3211",2023-09-12,3,30,3789.4,174,0,0,21.8188888888889,0,0,3927.4,180,0,0,0,0
"3212",2023-09-12,3,35,3445.4,171,0,0,21.8188888888889,0,0,3927.4,180,0,0,0,0
"3213",2023-09-12,3,40,3423.4,170,0,0,21.8188888888889,0,0,3927.4,180,0,0,0,0
"3214",2023-09-12,3,45,3423.4,170,0,0,21.8188888888889,0,0,3927.4,180,0,0,0,0
"3215",2023-09-12,3,50,3423.4,170,0,0,21.8188888888889,0,0,3927.4,180,0,0,0,0
"3216",2023-09-12,3,55,3423.4,170,0,0,21.8188888888889,0,0,3927.4,180,0,0,0,0
"3217",2023-09-12,4,0,3423.4,170,0,0,20.3814371257485,0,0,3423.4,170,0,0,0,0
"3218",2023-09-12,4,5,3407.4,168,0,0,20.3814371257485,0,0,3423.4,170,0,0,0,0
"3219",2023-09-12,4,10,3407.4,168,0,0,20.3814371257485,0,0,3423.4,170,0,0,0,0
"3220",2023-09-12,4,15,3407.4,168,0,0,20.3814371257485,0,0,3423.4,170,0,0,0,0
"3221",2023-09-12,4,20,3407.4,168,0,0,20.3814371257485,0,0,3423.4,170,0,0,0,0
"3222",2023-09-12,4,25,3407.4,168,0,0,20.3814371257485,0,0,3423.4,170,0,0,0,0
"3223",2023-09-12,4,30,3403.7,167,0,0,20.3814371257485,0,0,3423.4,170,0,0,0,0
"3224",2023-09-12,4,35,3353.7,166,0,0,20.3814371257485,0,0,3423.4,170,0,0,0,0
"3225",2023-09-12,4,40,3353.7,166,0,0,20.3814371257485,0,0,3423.4,170,0,0,0,0
"3226",2023-09-12,4,45,3342.7,165,0,0,20.3814371257485,0,0,3423.4,170,0,0,0,0
"3227",2023-09-12,4,50,3342.7,165,0,0,20.3814371257485,0,0,3423.4,170,0,0,0,0
"3228",2023-09-12,4,55,3331.7,164,0,0,20.3814371257485,0,0,3423.4,170,0,0,0,0
"3229",2023-09-12,5,0,3331.7,164,0,0,21.8777108433735,0,0,3631.7,166,0,0,0,0
"3230",2023-09-12,5,5,3309.7,163,0,0,21.8777108433735,0,0,3631.7,166,0,0,0,0
"3231",2023-09-12,5,10,3309.7,163,0,0,21.8777108433735,0,0,3631.7,166,0,0,0,0
"3232",2023-09-12,5,15,3309.7,163,0,0,21.8777108433735,0,0,3631.7,166,0,0,0,0
"3233",2023-09-12,5,20,3309.7,163,0,0,21.8777108433735,0,0,3631.7,166,0,0,0,0
"3234",2023-09-12,5,25,3309.7,163,0,0,21.8777108433735,0,0,3631.7,166,0,0,0,0
"3235",2023-09-12,5,30,3309.7,163,0,0,21.8777108433735,0,0,3631.7,166,0,0,0,0
"3236",2023-09-12,5,35,3631.7,166,0,0,21.8777108433735,0,0,3631.7,166,0,0,0,0
"3237",2023-09-12,5,40,3631.7,166,0,0,21.8777108433735,0,0,3631.7,166,0,0,0,0
"3238",2023-09-12,5,45,3609.7,165,0,0,21.8777108433735,0,0,3631.7,166,0,0,0,0
"3239",2023-09-12,5,50,3609.7,165,0,0,21.8777108433735,0,0,3631.7,166,0,0,0,0
"3240",2023-09-12,5,55,3609.7,165,0,0,21.8777108433735,0,0,3631.7,166,0,0,0,0
"3241",2023-09-12,6,0,3609.7,165,0,0,21.9443113772455,0,0,3664.7,167,0,0,0,0
"3242",2023-09-12,6,5,3620.7,165,0,0,21.9443113772455,0,0,3664.7,167,0,0,0,0
"3243",2023-09-12,6,10,3620.7,165,0,0,21.9443113772455,0,0,3664.7,167,0,0,0,0
"3244",2023-09-12,6,15,3642.7,166,0,0,21.9443113772455,0,0,3664.7,167,0,0,0,0
"3245",2023-09-12,6,20,3642.7,166,0,0,21.9443113772455,0,0,3664.7,167,0,0,0,0
"3246",2023-09-12,6,25,3642.7,166,0,0,21.9443113772455,0,0,3664.7,167,0,0,0,0
"3247",2023-09-12,6,30,3642.7,166,0,0,21.9443113772455,0,0,3664.7,167,0,0,0,0
"3248",2023-09-12,6,35,3664.7,167,0,0,21.9443113772455,0,0,3664.7,167,0,0,0,0
"3249",2023-09-12,6,40,3664.7,167,0,0,21.9443113772455,0,0,3664.7,167,0,0,0,0
"3250",2023-09-12,6,45,3620.7,165,0,0,21.9443113772455,0,0,3664.7,167,0,0,0,0
"3251",2023-09-12,6,50,3620.7,165,0,0,21.9443113772455,0,0,3664.7,167,0,0,0,0
"3252",2023-09-12,6,55,3620.7,165,0,0,21.9443113772455,0,0,3664.7,167,0,0,0,0
"3253",2023-09-12,7,50,3664.7,163,0,0,22.6216049382716,0,0,3708.7,164,0,0,0,0
"3254",2023-09-12,7,0,3576.7,163,0,0,22.6216049382716,0,0,3708.7,164,0,0,0,0
"3255",2023-09-12,7,5,3437.7,162,0,0,22.6216049382716,0,0,3708.7,164,0,0,0,0
"3256",2023-09-12,7,10,3437.7,162,0,0,22.6216049382716,0,0,3708.7,164,0,0,0,0
"3257",2023-09-12,7,15,3437.7,162,0,0,22.6216049382716,0,0,3708.7,164,0,0,0,0
"3258",2023-09-12,7,20,3448.7,163,0,0,22.6216049382716,0,0,3708.7,164,0,0,0,0
"3259",2023-09-12,7,25,3448.7,163,0,0,22.6216049382716,0,0,3708.7,164,0,0,0,0
"3260",2023-09-12,7,30,3459.7,163,0,0,22.6216049382716,0,0,3708.7,164,0,0,0,0
"3261",2023-09-12,7,35,3708.7,164,0,0,22.6216049382716,0,0,3708.7,164,0,0,0,0
"3262",2023-09-12,7,40,3708.7,164,0,0,22.6216049382716,0,0,3708.7,164,0,0,0,0
"3263",2023-09-12,7,45,3664.7,162,0,0,22.6216049382716,0,0,3708.7,164,0,0,0,0
"3264",2023-09-12,7,55,3653.7,162,0,0,22.6216049382716,0,0,3708.7,164,0,0,0,0
"3265",2023-09-12,8,0,3686.7,164,0,0,24.2183246073298,0,0,4751.7,198,0,0,0,0
"3266",2023-09-12,8,5,3622.7,165,0,0,24.2183246073298,0,0,4751.7,198,0,0,0,0
"3267",2023-09-12,8,10,3677.7,168,0,0,24.2183246073298,0,0,4751.7,198,0,0,0,0
"3268",2023-09-12,8,15,3677.7,168,0,0,24.2183246073298,0,0,4751.7,198,0,0,0,0
"3269",2023-09-12,8,20,3710.7,169,0,0,24.2183246073298,0,0,4751.7,198,0,0,0,0
"3270",2023-09-12,8,25,3837.7,174,0,0,24.2183246073298,0,0,4751.7,198,0,0,0,0
"3271",2023-09-12,8,30,3853.7,176,0,0,24.2183246073298,0,0,4751.7,198,0,0,0,0
"3272",2023-09-12,8,35,4165.7,184,0,0,24.2183246073298,0,0,4751.7,198,0,0,0,0
"3273",2023-09-12,8,40,4292.7,189,0,0,24.2183246073298,0,0,4751.7,198,0,0,0,0
"3274",2023-09-12,8,45,4625.7,191,0,0,24.2183246073298,0,0,4751.7,198,0,0,0,0
"3275",2023-09-12,8,50,4674.7,194,0,0,24.2183246073298,0,0,4751.7,198,0,0,0,0
"3276",2023-09-12,8,55,4751.7,198,0,0,24.2183246073298,0,0,4751.7,198,0,0,0,0
"3277",2023-09-12,9,35,5760.7,239,0,0,27.1947368421053,0,0,6828.1,256,0,0,0,0
"3278",2023-09-12,9,40,6351.1,244,0,0,27.1947368421053,0,0,6828.1,256,0,0,0,0
"3279",2023-09-12,9,50,6827.1,253,0,0,27.1947368421053,0,0,6828.1,256,0,0,0,0
"3280",2023-09-12,9,45,6717.1,247,0,0,27.1947368421053,0,0,6828.1,256,0,0,0,0
"3281",2023-09-12,9,55,6828.1,256,0,0,27.1947368421053,0,0,6828.1,256,0,0,0,0
"3282",2023-09-12,9,0,4745.7,200,0,0,27.1947368421053,0,0,6828.1,256,0,0,0,0
"3283",2023-09-12,9,5,5265.7,209,0,0,27.1947368421053,0,0,6828.1,256,0,0,0,0
"3284",2023-09-12,9,10,5130.7,216,0,0,27.1947368421053,0,0,6828.1,256,0,0,0,0
"3285",2023-09-12,9,15,5174.7,218,0,0,27.1947368421053,0,0,6828.1,256,0,0,0,0
"3286",2023-09-12,9,20,5251.7,221,0,0,27.1947368421053,0,0,6828.1,256,0,0,0,0
"3287",2023-09-12,9,25,5350.7,226,0,0,27.1947368421053,0,0,6828.1,256,0,0,0,0
"3288",2023-09-12,9,30,5427.7,231,0,0,27.1947368421053,0,0,6828.1,256,0,0,0,0
"3289",2023-09-12,10,45,8608.4,323,0,0,29.2539285714286,0,0,9077.4,331,0,0,0,0
"3290",2023-09-12,10,50,9077.4,331,0,0,29.2539285714286,0,0,9077.4,331,0,0,0,0
"3291",2023-09-12,10,55,8577.4,330,0,0,29.2539285714286,0,0,9077.4,331,0,0,0,0
"3292",2023-09-12,10,0,7260.1,263,0,0,29.2539285714286,0,0,9077.4,331,0,0,0,0
"3293",2023-09-12,10,5,7847.1,277,0,0,29.2539285714286,0,0,9077.4,331,0,0,0,0
"3294",2023-09-12,10,10,8191.1,280,0,0,29.2539285714286,0,0,9077.4,331,0,0,0,0
"3295",2023-09-12,10,15,7912.4,287,0,0,29.2539285714286,0,0,9077.4,331,0,0,0,0
"3296",2023-09-12,10,20,7750.4,291,0,0,29.2539285714286,0,0,9077.4,331,0,0,0,0
"3297",2023-09-12,10,25,7872.4,292,0,0,29.2539285714286,0,0,9077.4,331,0,0,0,0
"3298",2023-09-12,10,30,7627.4,295,0,0,29.2539285714286,0,0,9077.4,331,0,0,0,0
"3299",2023-09-12,10,35,8541.4,318,0,0,29.2539285714286,0,0,9077.4,331,0,0,0,0
"3300",2023-09-12,10,40,8864.4,321,0,0,29.2539285714286,0,0,9077.4,331,0,0,0,0
"3301",2023-09-12,11,0,8781.4,339,0,0,25.9038348082596,0,0,8990.4,356,0,0,0,0
"3302",2023-09-12,11,5,8652.4,347,0,0,25.9038348082596,0,0,8990.4,356,0,0,0,0
"3303",2023-09-12,11,10,8974.4,349,0,0,25.9038348082596,0,0,8990.4,356,0,0,0,0
"3304",2023-09-12,11,15,8918.4,350,0,0,25.9038348082596,0,0,8990.4,356,0,0,0,0
"3305",2023-09-12,11,20,8558.4,349,0,0,25.9038348082596,0,0,8990.4,356,0,0,0,0
"3306",2023-09-12,11,25,8902.4,352,0,0,25.9038348082596,0,0,8990.4,356,0,0,0,0
"3307",2023-09-12,11,30,8990.4,356,0,0,25.9038348082596,0,0,8990.4,356,0,0,0,0
"3308",2023-09-12,11,35,8636.4,354,0,0,25.9038348082596,0,0,8990.4,356,0,0,0,0
"3309",2023-09-12,11,40,8962.4,354,0,0,25.9038348082596,0,0,8990.4,356,0,0,0,0
"3310",2023-09-12,11,45,8856.4,356,0,0,25.9038348082596,0,0,8990.4,356,0,0,0,0
"3311",2023-09-12,11,50,8532.4,353,0,0,25.9038348082596,0,0,8990.4,356,0,0,0,0
"3312",2023-09-12,11,55,8592.4,351,0,0,25.9038348082596,0,0,8990.4,356,0,0,0,0
"3313",2023-09-12,12,0,8848.4,355,0,0,26.6950819672131,0,0,9770.4,372,0,0,0,0
"3314",2023-09-12,12,5,9529.4,361,0,0,26.6950819672131,0,0,9770.4,372,0,0,0,0
"3315",2023-09-12,12,10,9595.4,365,0,0,26.6950819672131,0,0,9770.4,372,0,0,0,0
"3316",2023-09-12,12,15,9202.4,362,0,0,26.6950819672131,0,0,9770.4,372,0,0,0,0
"3317",2023-09-12,12,20,9134.4,361,0,0,26.6950819672131,0,0,9770.4,372,0,0,0,0
"3318",2023-09-12,12,25,9770.4,366,0,0,26.6950819672131,0,0,9770.4,372,0,0,0,0
"3319",2023-09-12,12,30,9688.4,365,0,0,26.6950819672131,0,0,9770.4,372,0,0,0,0
"3320",2023-09-12,12,35,8754.4,371,0,0,26.6950819672131,0,0,9770.4,372,0,0,0,0
"3321",2023-09-12,12,40,8885.4,372,0,0,26.6950819672131,0,0,9770.4,372,0,0,0,0
"3322",2023-09-12,12,45,8532.4,369,0,0,26.6950819672131,0,0,9770.4,372,0,0,0,0
"3323",2023-09-12,12,50,8726.4,371,0,0,26.6950819672131,0,0,9770.4,372,0,0,0,0
"3324",2023-09-12,12,55,8567.4,369,0,0,26.6950819672131,0,0,9770.4,372,0,0,0,0
"3325",2023-09-12,13,0,8256.4,367,0,0,26.4536312849162,0,0,9767.4,376,0,0,0,0
"3326",2023-09-12,13,5,8369.4,370,0,0,26.4536312849162,0,0,9767.4,376,0,0,0,0
"3327",2023-09-12,13,10,8397.4,370,0,0,26.4536312849162,0,0,9767.4,376,0,0,0,0
"3328",2023-09-12,13,15,8070.4,366,0,0,26.4536312849162,0,0,9767.4,376,0,0,0,0
"3329",2023-09-12,13,20,8320.4,366,0,0,26.4536312849162,0,0,9767.4,376,0,0,0,0
"3330",2023-09-12,13,25,8296.4,365,0,0,26.4536312849162,0,0,9767.4,376,0,0,0,0
"3331",2023-09-12,13,30,8268.4,365,0,0,26.4536312849162,0,0,9767.4,376,0,0,0,0
"3332",2023-09-12,13,35,9594.4,376,0,0,26.4536312849162,0,0,9767.4,376,0,0,0,0
"3333",2023-09-12,13,40,9767.4,373,0,0,26.4536312849162,0,0,9767.4,376,0,0,0,0
"3334",2023-09-12,13,45,9690.4,369,0,0,26.4536312849162,0,0,9767.4,376,0,0,0,0
"3335",2023-09-12,13,50,9470.4,358,0,0,26.4536312849162,0,0,9767.4,376,0,0,0,0
"3336",2023-09-12,13,55,9148.4,355,0,0,26.4536312849162,0,0,9767.4,376,0,0,0,0
"3337",2023-09-12,14,0,9376.4,349,0,0,27.9982808022923,0,0,9771.4,349,0,0,0,0
"3338",2023-09-12,14,5,9771.4,349,0,0,27.9982808022923,0,0,9771.4,349,0,0,0,0
"3339",2023-09-12,14,10,9725.4,348,0,0,27.9982808022923,0,0,9771.4,349,0,0,0,0
"3340",2023-09-12,14,15,9254.4,340,0,0,27.9982808022923,0,0,9771.4,349,0,0,0,0
"3341",2023-09-12,14,20,9390.4,340,0,0,27.9982808022923,0,0,9771.4,349,0,0,0,0
"3342",2023-09-12,14,25,8416.4,320,0,0,27.9982808022923,0,0,9771.4,349,0,0,0,0
"3343",2023-09-12,14,30,8504.4,324,0,0,27.9982808022923,0,0,9771.4,349,0,0,0,0
"3344",2023-09-12,14,35,7783.4,316,0,0,27.9982808022923,0,0,9771.4,349,0,0,0,0
"3345",2023-09-12,14,40,7816.4,317,0,0,27.9982808022923,0,0,9771.4,349,0,0,0,0
"3346",2023-09-12,14,45,8676.4,334,0,0,27.9982808022923,0,0,9771.4,349,0,0,0,0
"3347",2023-09-12,14,50,8792.4,338,0,0,27.9982808022923,0,0,9771.4,349,0,0,0,0
"3348",2023-09-12,14,55,9315.4,337,0,0,27.9982808022923,0,0,9771.4,349,0,0,0,0
"3349",2023-09-12,15,0,8996.4,333,0,0,27.0162162162162,0,0,8996.4,339,0,0,0,0
"3350",2023-09-12,15,5,8860.4,339,0,0,27.0162162162162,0,0,8996.4,339,0,0,0,0
"3351",2023-09-12,15,10,8719.4,339,0,0,27.0162162162162,0,0,8996.4,339,0,0,0,0
"3352",2023-09-12,15,15,8927.4,331,0,0,27.0162162162162,0,0,8996.4,339,0,0,0,0
"3353",2023-09-12,15,20,8795.4,326,0,0,27.0162162162162,0,0,8996.4,339,0,0,0,0
"3354",2023-09-12,15,25,8689.4,328,0,0,27.0162162162162,0,0,8996.4,339,0,0,0,0
"3355",2023-09-12,15,30,8574.4,326,0,0,27.0162162162162,0,0,8996.4,339,0,0,0,0
"3356",2023-09-12,15,35,8642.4,330,0,0,27.0162162162162,0,0,8996.4,339,0,0,0,0
"3357",2023-09-12,15,40,8292.4,327,0,0,27.0162162162162,0,0,8996.4,339,0,0,0,0
"3358",2023-09-12,15,45,8391.4,333,0,0,27.0162162162162,0,0,8996.4,339,0,0,0,0
"3359",2023-09-12,15,50,8507.4,337,0,0,27.0162162162162,0,0,8996.4,339,0,0,0,0
"3360",2023-09-12,15,55,8113.4,332,0,0,27.0162162162162,0,0,8996.4,339,0,0,0,0
"3361",2023-09-12,16,0,8052.4,331,0,0,26.7541176470588,0,0,9162.4,343,0,0,0,0
"3362",2023-09-12,16,5,8221.4,332,0,0,26.7541176470588,0,0,9162.4,343,0,0,0,0
"3363",2023-09-12,16,10,8151.4,330,0,0,26.7541176470588,0,0,9162.4,343,0,0,0,0
"3364",2023-09-12,16,15,8139.4,333,0,0,26.7541176470588,0,0,9162.4,343,0,0,0,0
"3365",2023-09-12,16,20,8052.4,334,0,0,26.7541176470588,0,0,9162.4,343,0,0,0,0
"3366",2023-09-12,16,25,7910.4,333,0,0,26.7541176470588,0,0,9162.4,343,0,0,0,0
"3367",2023-09-12,16,30,8185.4,332,0,0,26.7541176470588,0,0,9162.4,343,0,0,0,0
"3368",2023-09-12,16,35,8855.4,335,0,0,26.7541176470588,0,0,9162.4,343,0,0,0,0
"3369",2023-09-12,16,40,8753.4,335,0,0,26.7541176470588,0,0,9162.4,343,0,0,0,0
"3370",2023-09-12,16,45,9049.4,341,0,0,26.7541176470588,0,0,9162.4,343,0,0,0,0
"3371",2023-09-12,16,50,9162.4,343,0,0,26.7541176470588,0,0,9162.4,343,0,0,0,0
"3372",2023-09-12,16,55,9096.4,340,0,0,26.7541176470588,0,0,9162.4,343,0,0,0,0
"3373",2023-09-12,17,0,9162.4,345,0,0,27.7910931174089,0,0,9479.4,345,0,0,0,0
"3374",2023-09-12,17,5,8581.4,343,0,0,27.7910931174089,0,0,9479.4,345,0,0,0,0
"3375",2023-09-12,17,10,8643.4,337,0,0,27.7910931174089,0,0,9479.4,345,0,0,0,0
"3376",2023-09-12,17,15,8550.4,335,0,0,27.7910931174089,0,0,9479.4,345,0,0,0,0
"3377",2023-09-12,17,20,8462.4,335,0,0,27.7910931174089,0,0,9479.4,345,0,0,0,0
"3378",2023-09-12,17,25,8666.4,338,0,0,27.7910931174089,0,0,9479.4,345,0,0,0,0
"3379",2023-09-12,17,30,9479.4,343,0,0,27.7910931174089,0,0,9479.4,345,0,0,0,0
"3380",2023-09-12,17,35,9108.4,336,0,0,27.7910931174089,0,0,9479.4,345,0,0,0,0
"3381",2023-09-12,17,40,8398.4,333,0,0,27.7910931174089,0,0,9479.4,345,0,0,0,0
"3382",2023-09-12,17,45,6864.4,247,0,0,27.7910931174089,0,0,9479.4,345,0,0,0,0
"3383",2023-09-12,17,50,8629.4,330,0,0,27.7910931174089,0,0,9479.4,345,0,0,0,0
"3384",2023-09-12,17,55,7817.4,325,0,0,27.7910931174089,0,0,9479.4,345,0,0,0,0
"3385",2023-09-12,18,40,7274,305,0,0,25.4556666666667,0,0,7908.4,322,0,0,0,0
"3386",2023-09-12,18,45,7636.7,301,0,0,25.4556666666667,0,0,7908.4,322,0,0,0,0
"3387",2023-09-12,18,50,7636.7,300,0,0,25.4556666666667,0,0,7908.4,322,0,0,0,0
"3388",2023-09-12,18,55,6992.7,296,0,0,25.4556666666667,0,0,7908.4,322,0,0,0,0
"3389",2023-09-12,18,0,7819.4,322,0,0,25.4556666666667,0,0,7908.4,322,0,0,0,0
"3390",2023-09-12,18,5,7769.4,315,0,0,25.4556666666667,0,0,7908.4,322,0,0,0,0
"3391",2023-09-12,18,10,7436.4,312,0,0,25.4556666666667,0,0,7908.4,322,0,0,0,0
"3392",2023-09-12,18,15,7595.4,314,0,0,25.4556666666667,0,0,7908.4,322,0,0,0,0
"3393",2023-09-12,18,20,7645.4,316,0,0,25.4556666666667,0,0,7908.4,322,0,0,0,0
"3394",2023-09-12,18,25,7908.4,319,0,0,25.4556666666667,0,0,7908.4,322,0,0,0,0
"3395",2023-09-12,18,30,7764.4,321,0,0,25.4556666666667,0,0,7908.4,322,0,0,0,0
"3396",2023-09-12,18,35,7424,310,0,0,25.4556666666667,0,0,7908.4,322,0,0,0,0
"3397",2023-09-12,19,0,6668.7,290,0,0,27.9881294964029,0,0,7780.7,290,0,0,0,0
"3398",2023-09-12,19,5,7641.7,286,0,0,27.9881294964029,0,0,7780.7,290,0,0,0,0
"3399",2023-09-12,19,10,7434.7,283,0,0,27.9881294964029,0,0,7780.7,290,0,0,0,0
"3400",2023-09-12,19,15,7248.7,279,0,0,27.9881294964029,0,0,7780.7,290,0,0,0,0
"3401",2023-09-12,19,20,7013.7,275,0,0,27.9881294964029,0,0,7780.7,290,0,0,0,0
"3402",2023-09-12,19,25,7541.7,280,0,0,27.9881294964029,0,0,7780.7,290,0,0,0,0
"3403",2023-09-12,19,30,7567.7,277,0,0,27.9881294964029,0,0,7780.7,290,0,0,0,0
"3404",2023-09-12,19,35,7780.7,278,0,0,27.9881294964029,0,0,7780.7,290,0,0,0,0
"3405",2023-09-12,19,40,7571.7,277,0,0,27.9881294964029,0,0,7780.7,290,0,0,0,0
"3406",2023-09-12,19,45,7654.7,279,0,0,27.9881294964029,0,0,7780.7,290,0,0,0,0
"3407",2023-09-12,19,50,7431.7,280,0,0,27.9881294964029,0,0,7780.7,290,0,0,0,0
"3408",2023-09-12,19,55,7270.7,279,0,0,27.9881294964029,0,0,7780.7,290,0,0,0,0
"3409",2023-09-12,20,0,7210.7,283,0,0,26.111231884058,0,0,7210.7,283,0,0,0,0
"3410",2023-09-12,20,5,6437.7,279,0,0,26.111231884058,0,0,7210.7,283,0,0,0,0
"3411",2023-09-12,20,10,6448.7,279,0,0,26.111231884058,0,0,7210.7,283,0,0,0,0
"3412",2023-09-12,20,15,6481.7,280,0,0,26.111231884058,0,0,7210.7,283,0,0,0,0
"3413",2023-09-12,20,20,6525.7,280,0,0,26.111231884058,0,0,7210.7,283,0,0,0,0
"3414",2023-09-12,20,25,6456.7,274,0,0,26.111231884058,0,0,7210.7,283,0,0,0,0
"3415",2023-09-12,20,30,6320.7,276,0,0,26.111231884058,0,0,7210.7,283,0,0,0,0
"3416",2023-09-12,20,35,6858.7,276,0,0,26.111231884058,0,0,7210.7,283,0,0,0,0
"3417",2023-09-12,20,40,7206.7,276,0,0,26.111231884058,0,0,7210.7,283,0,0,0,0
"3418",2023-09-12,20,45,6994.7,279,0,0,26.111231884058,0,0,7210.7,283,0,0,0,0
"3419",2023-09-12,20,50,6598.7,275,0,0,26.111231884058,0,0,7210.7,283,0,0,0,0
"3420",2023-09-12,20,55,7017.7,278,0,0,26.111231884058,0,0,7210.7,283,0,0,0,0
"3421",2023-09-12,21,0,6864.7,275,0,0,29.6512544802867,0,0,8272.7,281,0,0,0,0
"3422",2023-09-12,21,5,6917.7,271,0,0,29.6512544802867,0,0,8272.7,281,0,0,0,0
"3423",2023-09-12,21,10,6781.7,277,0,0,29.6512544802867,0,0,8272.7,281,0,0,0,0
"3424",2023-09-12,21,15,6909.7,277,0,0,29.6512544802867,0,0,8272.7,281,0,0,0,0
"3425",2023-09-12,21,20,6953.7,278,0,0,29.6512544802867,0,0,8272.7,281,0,0,0,0
"3426",2023-09-12,21,25,7413.7,276,0,0,29.6512544802867,0,0,8272.7,281,0,0,0,0
"3427",2023-09-12,21,30,7538.7,275,0,0,29.6512544802867,0,0,8272.7,281,0,0,0,0
"3428",2023-09-12,21,35,7498.7,281,0,0,29.6512544802867,0,0,8272.7,281,0,0,0,0
"3429",2023-09-12,21,40,8272.7,279,0,0,29.6512544802867,0,0,8272.7,281,0,0,0,0
"3430",2023-09-12,21,45,8102.7,276,0,0,29.6512544802867,0,0,8272.7,281,0,0,0,0
"3431",2023-09-12,21,50,7824.7,276,0,0,29.6512544802867,0,0,8272.7,281,0,0,0,0
"3432",2023-09-12,21,55,7136.7,273,0,0,29.6512544802867,0,0,8272.7,281,0,0,0,0
"3433",2023-09-12,22,0,6970.7,270,0,0,26.1091911764706,0,0,7101.7,277,0,0,0,0
"3434",2023-09-12,22,5,7101.7,273,0,0,26.1091911764706,0,0,7101.7,277,0,0,0,0
"3435",2023-09-12,22,10,7101.7,272,0,0,26.1091911764706,0,0,7101.7,277,0,0,0,0
"3436",2023-09-12,22,15,7041.7,271,0,0,26.1091911764706,0,0,7101.7,277,0,0,0,0
"3437",2023-09-12,22,20,7041.7,271,0,0,26.1091911764706,0,0,7101.7,277,0,0,0,0
"3438",2023-09-12,22,25,7063.7,272,0,0,26.1091911764706,0,0,7101.7,277,0,0,0,0
"3439",2023-09-12,22,30,6943.7,271,0,0,26.1091911764706,0,0,7101.7,277,0,0,0,0
"3440",2023-09-12,22,35,6887.7,277,0,0,26.1091911764706,0,0,7101.7,277,0,0,0,0
"3441",2023-09-12,22,40,6957.7,277,0,0,26.1091911764706,0,0,7101.7,277,0,0,0,0
"3442",2023-09-12,22,45,6226.7,274,0,0,26.1091911764706,0,0,7101.7,277,0,0,0,0
"3443",2023-09-12,22,50,6248.7,275,0,0,26.1091911764706,0,0,7101.7,277,0,0,0,0
"3444",2023-09-12,22,55,6209.7,276,0,0,26.1091911764706,0,0,7101.7,277,0,0,0,0
"3445",2023-09-12,23,0,6198.7,274,0,0,25.7862204724409,0,0,6549.7,274,0,0,0,0
"3446",2023-09-12,23,5,5599.7,264,0,0,25.7862204724409,0,0,6549.7,274,0,0,0,0
"3447",2023-09-12,23,10,5533.7,261,0,0,25.7862204724409,0,0,6549.7,274,0,0,0,0
"3448",2023-09-12,23,15,5467.7,258,0,0,25.7862204724409,0,0,6549.7,274,0,0,0,0
"3449",2023-09-12,23,20,5417.7,257,0,0,25.7862204724409,0,0,6549.7,274,0,0,0,0
"3450",2023-09-12,23,25,5373.7,255,0,0,25.7862204724409,0,0,6549.7,274,0,0,0,0
"3451",2023-09-12,23,30,6164.7,258,0,0,25.7862204724409,0,0,6549.7,274,0,0,0,0
"3452",2023-09-12,23,35,6549.7,254,0,0,25.7862204724409,0,0,6549.7,274,0,0,0,0
"3453",2023-09-12,23,40,6106.7,250,0,0,25.7862204724409,0,0,6549.7,274,0,0,0,0
"3454",2023-09-12,23,45,6073.7,248,0,0,25.7862204724409,0,0,6549.7,274,0,0,0,0
"3455",2023-09-12,23,50,5587.7,243,0,0,25.7862204724409,0,0,6549.7,274,0,0,0,0
"3456",2023-09-12,23,55,5887.7,244,0,0,25.7862204724409,0,0,6549.7,274,0,0,0,0
"3457",2023-09-13,0,0,5288.7,231,0,0,23.3260089686099,0,0,5288.7,231,0,0,0,0
"3458",2023-09-13,0,5,5062.7,222,0,0,23.3260089686099,0,0,5288.7,231,0,0,0,0
"3459",2023-09-13,0,10,5201.7,223,0,0,23.3260089686099,0,0,5288.7,231,0,0,0,0
"3460",2023-09-13,0,15,4985.7,219,0,0,23.3260089686099,0,0,5288.7,231,0,0,0,0
"3461",2023-09-13,0,20,4881.7,216,0,0,23.3260089686099,0,0,5288.7,231,0,0,0,0
"3462",2023-09-13,0,25,4914.7,218,0,0,23.3260089686099,0,0,5288.7,231,0,0,0,0
"3463",2023-09-13,0,30,4958.7,220,0,0,23.3260089686099,0,0,5288.7,231,0,0,0,0
"3464",2023-09-13,0,35,4714.7,208,0,0,23.3260089686099,0,0,5288.7,231,0,0,0,0
"3465",2023-09-13,0,40,4747.7,209,0,0,23.3260089686099,0,0,5288.7,231,0,0,0,0
"3466",2023-09-13,0,45,4769.7,209,0,0,23.3260089686099,0,0,5288.7,231,0,0,0,0
"3467",2023-09-13,0,50,4725.7,207,0,0,23.3260089686099,0,0,5288.7,231,0,0,0,0
"3468",2023-09-13,0,55,4703.7,206,0,0,23.3260089686099,0,0,5288.7,231,0,0,0,0
"3469",2023-09-13,1,0,4703.7,206,0,0,25.0137055837563,0,0,4927.7,206,0,0,0,0
"3470",2023-09-13,1,5,4671.7,198,0,0,25.0137055837563,0,0,4927.7,206,0,0,0,0
"3471",2023-09-13,1,10,4671.7,198,0,0,25.0137055837563,0,0,4927.7,206,0,0,0,0
"3472",2023-09-13,1,15,4671.7,198,0,0,25.0137055837563,0,0,4927.7,206,0,0,0,0
"3473",2023-09-13,1,20,4769.7,198,0,0,25.0137055837563,0,0,4927.7,206,0,0,0,0
"3474",2023-09-13,1,25,4927.7,197,0,0,25.0137055837563,0,0,4927.7,206,0,0,0,0
"3475",2023-09-13,1,30,4638.7,197,0,0,25.0137055837563,0,0,4927.7,206,0,0,0,0
"3476",2023-09-13,1,35,4722.7,194,0,0,25.0137055837563,0,0,4927.7,206,0,0,0,0
"3477",2023-09-13,1,40,4722.7,194,0,0,25.0137055837563,0,0,4927.7,206,0,0,0,0
"3478",2023-09-13,1,45,4744.7,195,0,0,25.0137055837563,0,0,4927.7,206,0,0,0,0
"3479",2023-09-13,1,50,4722.7,194,0,0,25.0137055837563,0,0,4927.7,206,0,0,0,0
"3480",2023-09-13,1,55,4722.7,194,0,0,25.0137055837563,0,0,4927.7,206,0,0,0,0
"3481",2023-09-13,2,0,4232.7,191,0,0,22.4846994535519,0,0,4232.7,191,0,0,0,0
"3482",2023-09-13,2,5,4016.7,187,0,0,22.4846994535519,0,0,4232.7,191,0,0,0,0
"3483",2023-09-13,2,10,4016.7,187,0,0,22.4846994535519,0,0,4232.7,191,0,0,0,0
"3484",2023-09-13,2,15,3994.7,186,0,0,22.4846994535519,0,0,4232.7,191,0,0,0,0
"3485",2023-09-13,2,20,3944.7,185,0,0,22.4846994535519,0,0,4232.7,191,0,0,0,0
"3486",2023-09-13,2,25,3933.7,184,0,0,22.4846994535519,0,0,4232.7,191,0,0,0,0
"3487",2023-09-13,2,30,3983.7,185,0,0,22.4846994535519,0,0,4232.7,191,0,0,0,0
"3488",2023-09-13,2,35,4114.7,183,0,0,22.4846994535519,0,0,4232.7,191,0,0,0,0
"3489",2023-09-13,2,40,4114.7,184,0,0,22.4846994535519,0,0,4232.7,191,0,0,0,0
"3490",2023-09-13,2,45,4042.7,182,0,0,22.4846994535519,0,0,4232.7,191,0,0,0,0
"3491",2023-09-13,2,50,4039,181,0,0,22.4846994535519,0,0,4232.7,191,0,0,0,0
"3492",2023-09-13,2,55,4039,181,0,0,22.4846994535519,0,0,4232.7,191,0,0,0,0
"3493",2023-09-13,3,0,4039,181,0,0,22.3149171270718,0,0,4039,181,0,0,0,0
"3494",2023-09-13,3,5,3967,179,0,0,22.3149171270718,0,0,4039,181,0,0,0,0
"3495",2023-09-13,3,10,3817,178,0,0,22.3149171270718,0,0,4039,181,0,0,0,0
"3496",2023-09-13,3,15,3817,178,0,0,22.3149171270718,0,0,4039,181,0,0,0,0
"3497",2023-09-13,3,20,3795,177,0,0,22.3149171270718,0,0,4039,181,0,0,0,0
"3498",2023-09-13,3,25,3795,177,0,0,22.3149171270718,0,0,4039,181,0,0,0,0
"3499",2023-09-13,3,30,3806,178,0,0,22.3149171270718,0,0,4039,181,0,0,0,0
"3500",2023-09-13,3,35,3762,176,0,0,22.3149171270718,0,0,4039,181,0,0,0,0
"3501",2023-09-13,3,40,3800,176,0,0,22.3149171270718,0,0,4039,181,0,0,0,0
"3502",2023-09-13,3,45,3822,177,0,0,22.3149171270718,0,0,4039,181,0,0,0,0
"3503",2023-09-13,3,50,3822,177,0,0,22.3149171270718,0,0,4039,181,0,0,0,0
"3504",2023-09-13,3,55,3800,176,0,0,22.3149171270718,0,0,4039,181,0,0,0,0
"3505",2023-09-13,4,0,3778,175,0,0,21.7586206896552,0,0,3786,175,0,0,0,0
"3506",2023-09-13,4,5,3606,173,0,0,21.7586206896552,0,0,3786,175,0,0,0,0
"3507",2023-09-13,4,10,3606,173,0,0,21.7586206896552,0,0,3786,175,0,0,0,0
"3508",2023-09-13,4,15,3786,174,0,0,21.7586206896552,0,0,3786,175,0,0,0,0
"3509",2023-09-13,4,20,3786,174,0,0,21.7586206896552,0,0,3786,175,0,0,0,0
"3510",2023-09-13,4,25,3606,173,0,0,21.7586206896552,0,0,3786,175,0,0,0,0
"3511",2023-09-13,4,30,3606,173,0,0,21.7586206896552,0,0,3786,175,0,0,0,0
"3512",2023-09-13,4,35,3431,172,0,0,21.7586206896552,0,0,3786,175,0,0,0,0
"3513",2023-09-13,4,40,3431,172,0,0,21.7586206896552,0,0,3786,175,0,0,0,0
"3514",2023-09-13,4,45,3349,170,0,0,21.7586206896552,0,0,3786,175,0,0,0,0
"3515",2023-09-13,4,50,3327,169,0,0,21.7586206896552,0,0,3786,175,0,0,0,0
"3516",2023-09-13,4,55,3305,168,0,0,21.7586206896552,0,0,3786,175,0,0,0,0
"3517",2023-09-13,5,0,3294,167,0,0,20.5393939393939,0,0,3400,167,0,0,0,0
"3518",2023-09-13,5,5,3228,164,0,0,20.5393939393939,0,0,3400,167,0,0,0,0
"3519",2023-09-13,5,10,3184,162,0,0,20.5393939393939,0,0,3400,167,0,0,0,0
"3520",2023-09-13,5,15,3184,162,0,0,20.5393939393939,0,0,3400,167,0,0,0,0
"3521",2023-09-13,5,20,3184,162,0,0,20.5393939393939,0,0,3400,167,0,0,0,0
"3522",2023-09-13,5,25,3184,162,0,0,20.5393939393939,0,0,3400,167,0,0,0,0
"3523",2023-09-13,5,30,3184,162,0,0,20.5393939393939,0,0,3400,167,0,0,0,0
"3524",2023-09-13,5,35,3400,166,0,0,20.5393939393939,0,0,3400,167,0,0,0,0
"3525",2023-09-13,5,40,3389,165,0,0,20.5393939393939,0,0,3400,167,0,0,0,0
"3526",2023-09-13,5,45,3367,164,0,0,20.5393939393939,0,0,3400,167,0,0,0,0
"3527",2023-09-13,5,50,3367,164,0,0,20.5393939393939,0,0,3400,167,0,0,0,0
"3528",2023-09-13,5,55,3367,164,0,0,20.5393939393939,0,0,3400,167,0,0,0,0
"3529",2023-09-13,6,0,3367,164,0,0,20.530487804878,0,0,3378,165,0,0,0,0
"3530",2023-09-13,6,5,3323,162,0,0,20.530487804878,0,0,3378,165,0,0,0,0
"3531",2023-09-13,6,10,3323,162,0,0,20.530487804878,0,0,3378,165,0,0,0,0
"3532",2023-09-13,6,15,3345,163,0,0,20.530487804878,0,0,3378,165,0,0,0,0
"3533",2023-09-13,6,20,3334,163,0,0,20.530487804878,0,0,3378,165,0,0,0,0
"3534",2023-09-13,6,25,3334,163,0,0,20.530487804878,0,0,3378,165,0,0,0,0
"3535",2023-09-13,6,30,3334,163,0,0,20.530487804878,0,0,3378,165,0,0,0,0
"3536",2023-09-13,6,35,3356,164,0,0,20.530487804878,0,0,3378,165,0,0,0,0
"3537",2023-09-13,6,40,3378,165,0,0,20.530487804878,0,0,3378,165,0,0,0,0
"3538",2023-09-13,6,45,3378,165,0,0,20.530487804878,0,0,3378,165,0,0,0,0
"3539",2023-09-13,6,50,3345,164,0,0,20.530487804878,0,0,3378,165,0,0,0,0
"3540",2023-09-13,6,55,3367,165,0,0,20.530487804878,0,0,3378,165,0,0,0,0
"3541",2023-09-13,7,0,3367,165,0,0,20.7337278106509,0,0,3504,169,0,0,0,0
"3542",2023-09-13,7,5,3411,167,0,0,20.7337278106509,0,0,3504,169,0,0,0,0
"3543",2023-09-13,7,10,3471,168,0,0,20.7337278106509,0,0,3504,169,0,0,0,0
"3544",2023-09-13,7,15,3471,168,0,0,20.7337278106509,0,0,3504,169,0,0,0,0
"3545",2023-09-13,7,20,3460,167,0,0,20.7337278106509,0,0,3504,169,0,0,0,0
"3546",2023-09-13,7,25,3460,167,0,0,20.7337278106509,0,0,3504,169,0,0,0,0
"3547",2023-09-13,7,30,3438,166,0,0,20.7337278106509,0,0,3504,169,0,0,0,0
"3548",2023-09-13,7,35,3504,169,0,0,20.7337278106509,0,0,3504,169,0,0,0,0
"3549",2023-09-13,7,40,3504,169,0,0,20.7337278106509,0,0,3504,169,0,0,0,0
"3550",2023-09-13,7,45,3460,167,0,0,20.7337278106509,0,0,3504,169,0,0,0,0
"3551",2023-09-13,7,50,3460,167,0,0,20.7337278106509,0,0,3504,169,0,0,0,0
"3552",2023-09-13,7,55,3400,166,0,0,20.7337278106509,0,0,3504,169,0,0,0,0
"3553",2023-09-13,8,35,4535,194,0,0,23.9644670050761,0,0,4721,201,0,0,0,0
"3554",2023-09-13,8,40,4377,194,0,0,23.9644670050761,0,0,4721,201,0,0,0,0
"3555",2023-09-13,8,45,4721,197,0,0,23.9644670050761,0,0,4721,201,0,0,0,0
"3556",2023-09-13,8,50,4378,197,0,0,23.9644670050761,0,0,4721,201,0,0,0,0
"3557",2023-09-13,8,55,4436.7,201,0,0,23.9644670050761,0,0,4721,201,0,0,0,0
"3558",2023-09-13,8,0,3444,168,0,0,23.9644670050761,0,0,4721,201,0,0,0,0
"3559",2023-09-13,8,5,3982,174,0,0,23.9644670050761,0,0,4721,201,0,0,0,0
"3560",2023-09-13,8,10,4256,178,0,0,23.9644670050761,0,0,4721,201,0,0,0,0
"3561",2023-09-13,8,15,4311,181,0,0,23.9644670050761,0,0,4721,201,0,0,0,0
"3562",2023-09-13,8,20,4066,183,0,0,23.9644670050761,0,0,4721,201,0,0,0,0
"3563",2023-09-13,8,25,4066,183,0,0,23.9644670050761,0,0,4721,201,0,0,0,0
"3564",2023-09-13,8,30,4241,187,0,0,23.9644670050761,0,0,4721,201,0,0,0,0
"3565",2023-09-13,9,15,5031.7,217,0,0,24.0362549800797,0,0,6033.1,251,0,0,0,0
"3566",2023-09-13,9,20,4830.7,222,0,0,24.0362549800797,0,0,6033.1,251,0,0,0,0
"3567",2023-09-13,9,25,4997.7,224,0,0,24.0362549800797,0,0,6033.1,251,0,0,0,0
"3568",2023-09-13,9,30,5063.7,228,0,0,24.0362549800797,0,0,6033.1,251,0,0,0,0
"3569",2023-09-13,9,35,5310.7,235,0,0,24.0362549800797,0,0,6033.1,251,0,0,0,0
"3570",2023-09-13,9,40,5362.1,240,0,0,24.0362549800797,0,0,6033.1,251,0,0,0,0
"3571",2023-09-13,9,45,5391.1,239,0,0,24.0362549800797,0,0,6033.1,251,0,0,0,0
"3572",2023-09-13,9,50,5490.1,244,0,0,24.0362549800797,0,0,6033.1,251,0,0,0,0
"3573",2023-09-13,9,55,6033.1,251,0,0,24.0362549800797,0,0,6033.1,251,0,0,0,0
"3574",2023-09-13,9,10,4932.7,213,0,0,24.0362549800797,0,0,6033.1,251,0,0,0,0
"3575",2023-09-13,9,0,4502.7,204,0,0,24.0362549800797,0,0,6033.1,251,0,0,0,0
"3576",2023-09-13,9,5,4599.7,211,0,0,24.0362549800797,0,0,6033.1,251,0,0,0,0
"3577",2023-09-13,10,0,6237.1,263,0,0,25.8122112211221,0,0,7821.1,322,0,0,0,0
"3578",2023-09-13,10,5,6892.1,284,0,0,25.8122112211221,0,0,7821.1,322,0,0,0,0
"3579",2023-09-13,10,10,6925.1,286,0,0,25.8122112211221,0,0,7821.1,322,0,0,0,0
"3580",2023-09-13,10,15,7258.1,289,0,0,25.8122112211221,0,0,7821.1,322,0,0,0,0
"3581",2023-09-13,10,20,7507.1,296,0,0,25.8122112211221,0,0,7821.1,322,0,0,0,0
"3582",2023-09-13,10,25,7583.1,298,0,0,25.8122112211221,0,0,7821.1,322,0,0,0,0
"3583",2023-09-13,10,30,7821.1,303,0,0,25.8122112211221,0,0,7821.1,322,0,0,0,0
"3584",2023-09-13,10,35,7098.1,310,0,0,25.8122112211221,0,0,7821.1,322,0,0,0,0
"3585",2023-09-13,10,40,7242.1,312,0,0,25.8122112211221,0,0,7821.1,322,0,0,0,0
"3586",2023-09-13,10,45,7150.1,315,0,0,25.8122112211221,0,0,7821.1,322,0,0,0,0
"3587",2023-09-13,10,50,7532.1,318,0,0,25.8122112211221,0,0,7821.1,322,0,0,0,0
"3588",2023-09-13,10,55,7603.1,322,0,0,25.8122112211221,0,0,7821.1,322,0,0,0,0
"3589",2023-09-13,11,0,7706.1,326,0,0,26.4508720930233,0,0,9099.1,363,0,0,0,0
"3590",2023-09-13,11,5,8591.1,338,0,0,26.4508720930233,0,0,9099.1,363,0,0,0,0
"3591",2023-09-13,11,10,8542.1,338,0,0,26.4508720930233,0,0,9099.1,363,0,0,0,0
"3592",2023-09-13,11,15,8542.1,338,0,0,26.4508720930233,0,0,9099.1,363,0,0,0,0
"3593",2023-09-13,11,20,8488.1,340,0,0,26.4508720930233,0,0,9099.1,363,0,0,0,0
"3594",2023-09-13,11,25,9099.1,344,0,0,26.4508720930233,0,0,9099.1,363,0,0,0,0
"3595",2023-09-13,11,30,8744.1,341,0,0,26.4508720930233,0,0,9099.1,363,0,0,0,0
"3596",2023-09-13,11,35,8111.1,354,0,0,26.4508720930233,0,0,9099.1,363,0,0,0,0
"3597",2023-09-13,11,40,8280.1,353,0,0,26.4508720930233,0,0,9099.1,363,0,0,0,0
"3598",2023-09-13,11,45,8177.1,357,0,0,26.4508720930233,0,0,9099.1,363,0,0,0,0
"3599",2023-09-13,11,50,8126.1,357,0,0,26.4508720930233,0,0,9099.1,363,0,0,0,0
"3600",2023-09-13,11,55,8781.1,363,0,0,26.4508720930233,0,0,9099.1,363,0,0,0,0
"3601",2023-09-13,12,0,8912.1,365,0,0,24.5838356164384,0,0,8973.1,374,0,0,0,0
"3602",2023-09-13,12,5,8747.1,372,0,0,24.5838356164384,0,0,8973.1,374,0,0,0,0
"3603",2023-09-13,12,10,8557.1,374,0,0,24.5838356164384,0,0,8973.1,374,0,0,0,0
"3604",2023-09-13,12,15,8824.1,373,0,0,24.5838356164384,0,0,8973.1,374,0,0,0,0
"3605",2023-09-13,12,20,8852.1,372,0,0,24.5838356164384,0,0,8973.1,374,0,0,0,0
"3606",2023-09-13,12,25,8868.1,371,0,0,24.5838356164384,0,0,8973.1,374,0,0,0,0
"3607",2023-09-13,12,30,8297.1,362,0,0,24.5838356164384,0,0,8973.1,374,0,0,0,0
"3608",2023-09-13,12,35,8437.1,363,0,0,24.5838356164384,0,0,8973.1,374,0,0,0,0
"3609",2023-09-13,12,40,8371.1,359,0,0,24.5838356164384,0,0,8973.1,374,0,0,0,0
"3610",2023-09-13,12,45,8513.1,362,0,0,24.5838356164384,0,0,8973.1,374,0,0,0,0
"3611",2023-09-13,12,50,8743.1,363,0,0,24.5838356164384,0,0,8973.1,374,0,0,0,0
"3612",2023-09-13,12,55,8973.1,365,0,0,24.5838356164384,0,0,8973.1,374,0,0,0,0
"3613",2023-09-13,13,0,9132.1,372,0,0,27.1019230769231,0,0,9886.1,376,0,0,0,0
"3614",2023-09-13,13,5,9739.1,376,0,0,27.1019230769231,0,0,9886.1,376,0,0,0,0
"3615",2023-09-13,13,10,9886.1,376,0,0,27.1019230769231,0,0,9886.1,376,0,0,0,0
"3616",2023-09-13,13,15,9482.1,371,0,0,27.1019230769231,0,0,9886.1,376,0,0,0,0
"3617",2023-09-13,13,20,9411.1,368,0,0,27.1019230769231,0,0,9886.1,376,0,0,0,0
"3618",2023-09-13,13,25,8887.1,364,0,0,27.1019230769231,0,0,9886.1,376,0,0,0,0
"3619",2023-09-13,13,30,9431.1,368,0,0,27.1019230769231,0,0,9886.1,376,0,0,0,0
"3620",2023-09-13,13,35,9865.1,364,0,0,27.1019230769231,0,0,9886.1,376,0,0,0,0
"3621",2023-09-13,13,40,9225.1,363,0,0,27.1019230769231,0,0,9886.1,376,0,0,0,0
"3622",2023-09-13,13,45,9020.1,362,0,0,27.1019230769231,0,0,9886.1,376,0,0,0,0
"3623",2023-09-13,13,50,9355.1,361,0,0,27.1019230769231,0,0,9886.1,376,0,0,0,0
"3624",2023-09-13,13,55,9563.1,361,0,0,27.1019230769231,0,0,9886.1,376,0,0,0,0
"3625",2023-09-13,14,0,9292.1,351,0,0,28.9372492836676,0,0,10099.1,351,0,0,0,0
"3626",2023-09-13,14,5,8980.1,343,0,0,28.9372492836676,0,0,10099.1,351,0,0,0,0
"3627",2023-09-13,14,10,8914.1,339,0,0,28.9372492836676,0,0,10099.1,351,0,0,0,0
"3628",2023-09-13,14,15,8650.1,339,0,0,28.9372492836676,0,0,10099.1,351,0,0,0,0
"3629",2023-09-13,14,20,8645.1,343,0,0,28.9372492836676,0,0,10099.1,351,0,0,0,0
"3630",2023-09-13,14,25,8578.1,343,0,0,28.9372492836676,0,0,10099.1,351,0,0,0,0
"3631",2023-09-13,14,30,8269.1,342,0,0,28.9372492836676,0,0,10099.1,351,0,0,0,0
"3632",2023-09-13,14,35,9742.1,351,0,0,28.9372492836676,0,0,10099.1,351,0,0,0,0
"3633",2023-09-13,14,40,9676.1,348,0,0,28.9372492836676,0,0,10099.1,351,0,0,0,0
"3634",2023-09-13,14,45,9678.1,348,0,0,28.9372492836676,0,0,10099.1,351,0,0,0,0
"3635",2023-09-13,14,50,9607.1,346,0,0,28.9372492836676,0,0,10099.1,351,0,0,0,0
"3636",2023-09-13,14,55,10099.1,349,0,0,28.9372492836676,0,0,10099.1,351,0,0,0,0
"3637",2023-09-13,15,0,10115.1,351,0,0,28.8179487179487,0,0,10115.1,361,0,0,0,0
"3638",2023-09-13,15,5,9100.1,358,0,0,28.8179487179487,0,0,10115.1,361,0,0,0,0
"3639",2023-09-13,15,15,9062.1,356,0,0,28.8179487179487,0,0,10115.1,361,0,0,0,0
"3640",2023-09-13,15,20,8510.1,349,0,0,28.8179487179487,0,0,10115.1,361,0,0,0,0
"3641",2023-09-13,15,25,8444.1,346,0,0,28.8179487179487,0,0,10115.1,361,0,0,0,0
"3642",2023-09-13,15,30,8507.1,348,0,0,28.8179487179487,0,0,10115.1,361,0,0,0,0
"3643",2023-09-13,15,35,8557.1,342,0,0,28.8179487179487,0,0,10115.1,361,0,0,0,0
"3644",2023-09-13,15,40,8824.1,343,0,0,28.8179487179487,0,0,10115.1,361,0,0,0,0
"3645",2023-09-13,15,45,8792.1,342,0,0,28.8179487179487,0,0,10115.1,361,0,0,0,0
"3646",2023-09-13,15,50,8899.1,345,0,0,28.8179487179487,0,0,10115.1,361,0,0,0,0
"3647",2023-09-13,15,55,9085.1,349,0,0,28.8179487179487,0,0,10115.1,361,0,0,0,0
"3648",2023-09-13,15,10,9500.1,361,0,0,28.8179487179487,0,0,10115.1,361,0,0,0,0
"3649",2023-09-13,16,0,8893.1,346,0,0,28.7409221902017,0,0,9973.1,354,0,0,0,0
"3650",2023-09-13,16,5,8665.1,342,0,0,28.7409221902017,0,0,9973.1,354,0,0,0,0
"3651",2023-09-13,16,10,8951.1,343,0,0,28.7409221902017,0,0,9973.1,354,0,0,0,0
"3652",2023-09-13,16,15,9229.1,343,0,0,28.7409221902017,0,0,9973.1,354,0,0,0,0
"3653",2023-09-13,16,20,9251.1,343,0,0,28.7409221902017,0,0,9973.1,354,0,0,0,0
"3654",2023-09-13,16,25,9973.1,347,0,0,28.7409221902017,0,0,9973.1,354,0,0,0,0
"3655",2023-09-13,16,30,9602.1,346,0,0,28.7409221902017,0,0,9973.1,354,0,0,0,0
"3656",2023-09-13,16,35,9510.1,354,0,0,28.7409221902017,0,0,9973.1,354,0,0,0,0
"3657",2023-09-13,16,40,9502.1,354,0,0,28.7409221902017,0,0,9973.1,354,0,0,0,0
"3658",2023-09-13,16,45,9229.1,351,0,0,28.7409221902017,0,0,9973.1,354,0,0,0,0
"3659",2023-09-13,16,50,9326.1,352,0,0,28.7409221902017,0,0,9973.1,354,0,0,0,0
"3660",2023-09-13,16,55,9396.1,352,0,0,28.7409221902017,0,0,9973.1,354,0,0,0,0
"3661",2023-09-13,17,0,9441.1,350,0,0,26.9745714285714,0,0,9441.1,350,0,0,0,0
"3662",2023-09-13,17,5,8095.1,338,0,0,26.9745714285714,0,0,9441.1,350,0,0,0,0
"3663",2023-09-13,17,10,8434.1,339,0,0,26.9745714285714,0,0,9441.1,350,0,0,0,0
"3664",2023-09-13,17,15,8320.1,338,0,0,26.9745714285714,0,0,9441.1,350,0,0,0,0
"3665",2023-09-13,17,20,8276.1,336,0,0,26.9745714285714,0,0,9441.1,350,0,0,0,0
"3666",2023-09-13,17,25,7868.1,339,0,0,26.9745714285714,0,0,9441.1,350,0,0,0,0
"3667",2023-09-13,17,30,7879.1,340,0,0,26.9745714285714,0,0,9441.1,350,0,0,0,0
"3668",2023-09-13,17,35,8114.1,341,0,0,26.9745714285714,0,0,9441.1,350,0,0,0,0
"3669",2023-09-13,17,40,8420.1,340,0,0,26.9745714285714,0,0,9441.1,350,0,0,0,0
"3670",2023-09-13,17,45,7970.1,311,0,0,26.9745714285714,0,0,9441.1,350,0,0,0,0
"3671",2023-09-13,17,50,8048.1,340,0,0,26.9745714285714,0,0,9441.1,350,0,0,0,0
"3672",2023-09-13,17,55,7694.1,341,0,0,26.9745714285714,0,0,9441.1,350,0,0,0,0
"3673",2023-09-13,18,0,8054.1,342,0,0,27.8336538461538,0,0,8879.1,342,0,0,0,0
"3674",2023-09-13,18,5,8567.1,330,0,0,27.8336538461538,0,0,8879.1,342,0,0,0,0
"3675",2023-09-13,18,10,8651.1,328,0,0,27.8336538461538,0,0,8879.1,342,0,0,0,0
"3676",2023-09-13,18,15,8718.1,326,0,0,27.8336538461538,0,0,8879.1,342,0,0,0,0
"3677",2023-09-13,18,20,8765.1,327,0,0,27.8336538461538,0,0,8879.1,342,0,0,0,0
"3678",2023-09-13,18,25,8568.1,323,0,0,27.8336538461538,0,0,8879.1,342,0,0,0,0
"3679",2023-09-13,18,30,8879.1,325,0,0,27.8336538461538,0,0,8879.1,342,0,0,0,0
"3680",2023-09-13,18,35,8378.1,312,0,0,27.8336538461538,0,0,8879.1,342,0,0,0,0
"3681",2023-09-13,18,40,8684.1,312,0,0,27.8336538461538,0,0,8879.1,342,0,0,0,0
"3682",2023-09-13,18,45,8279.1,311,0,0,27.8336538461538,0,0,8879.1,342,0,0,0,0
"3683",2023-09-13,18,50,8409.1,314,0,0,27.8336538461538,0,0,8879.1,342,0,0,0,0
"3684",2023-09-13,18,55,8006.1,311,0,0,27.8336538461538,0,0,8879.1,342,0,0,0,0
"3685",2023-09-13,19,0,8361.1,314,0,0,30.6601374570447,0,0,8922.1,314,0,0,0,0
"3686",2023-09-13,19,5,8395.1,308,0,0,30.6601374570447,0,0,8922.1,314,0,0,0,0
"3687",2023-09-13,19,10,8257.1,302,0,0,30.6601374570447,0,0,8922.1,314,0,0,0,0
"3688",2023-09-13,19,15,8394.1,301,0,0,30.6601374570447,0,0,8922.1,314,0,0,0,0
"3689",2023-09-13,19,20,8717.1,299,0,0,30.6601374570447,0,0,8922.1,314,0,0,0,0
"3690",2023-09-13,19,25,8591.1,295,0,0,30.6601374570447,0,0,8922.1,314,0,0,0,0
"3691",2023-09-13,19,30,8922.1,291,0,0,30.6601374570447,0,0,8922.1,314,0,0,0,0
"3692",2023-09-13,19,35,7474.1,280,0,0,30.6601374570447,0,0,8922.1,314,0,0,0,0
"3693",2023-09-13,19,40,7305.1,281,0,0,30.6601374570447,0,0,8922.1,314,0,0,0,0
"3694",2023-09-13,19,45,6848.1,275,0,0,30.6601374570447,0,0,8922.1,314,0,0,0,0
"3695",2023-09-13,19,50,6654.7,270,0,0,30.6601374570447,0,0,8922.1,314,0,0,0,0
"3696",2023-09-13,19,55,7143.7,271,0,0,30.6601374570447,0,0,8922.1,314,0,0,0,0
"3697",2023-09-13,20,0,7044.7,266,0,0,31.3888086642599,0,0,8694.7,281,0,0,0,0
"3698",2023-09-13,20,5,7587.7,266,0,0,31.3888086642599,0,0,8694.7,281,0,0,0,0
"3699",2023-09-13,20,10,7243.7,263,0,0,31.3888086642599,0,0,8694.7,281,0,0,0,0
"3700",2023-09-13,20,15,7068.7,261,0,0,31.3888086642599,0,0,8694.7,281,0,0,0,0
"3701",2023-09-13,20,20,6839.7,260,0,0,31.3888086642599,0,0,8694.7,281,0,0,0,0
"3702",2023-09-13,20,25,7350.7,261,0,0,31.3888086642599,0,0,8694.7,281,0,0,0,0
"3703",2023-09-13,20,30,7516.7,264,0,0,31.3888086642599,0,0,8694.7,281,0,0,0,0
"3704",2023-09-13,20,35,7358.7,268,0,0,31.3888086642599,0,0,8694.7,281,0,0,0,0
"3705",2023-09-13,20,40,7862.7,275,0,0,31.3888086642599,0,0,8694.7,281,0,0,0,0
"3706",2023-09-13,20,45,7949.7,275,0,0,31.3888086642599,0,0,8694.7,281,0,0,0,0
"3707",2023-09-13,20,50,8694.7,277,0,0,31.3888086642599,0,0,8694.7,281,0,0,0,0
"3708",2023-09-13,20,55,8515.7,281,0,0,31.3888086642599,0,0,8694.7,281,0,0,0,0
"3709",2023-09-13,21,0,8471.7,279,0,0,30.3645161290323,0,0,8471.7,279,0,0,0,0
"3710",2023-09-13,21,5,7942.7,271,0,0,30.3645161290323,0,0,8471.7,279,0,0,0,0
"3711",2023-09-13,21,10,7281.7,267,0,0,30.3645161290323,0,0,8471.7,279,0,0,0,0
"3712",2023-09-13,21,15,6797.7,261,0,0,30.3645161290323,0,0,8471.7,279,0,0,0,0
"3713",2023-09-13,21,20,6758.7,261,0,0,30.3645161290323,0,0,8471.7,279,0,0,0,0
"3714",2023-09-13,21,25,6813.7,263,0,0,30.3645161290323,0,0,8471.7,279,0,0,0,0
"3715",2023-09-13,21,30,6514.7,256,0,0,30.3645161290323,0,0,8471.7,279,0,0,0,0
"3716",2023-09-13,21,35,6892.7,260,0,0,30.3645161290323,0,0,8471.7,279,0,0,0,0
"3717",2023-09-13,21,40,6892.7,259,0,0,30.3645161290323,0,0,8471.7,279,0,0,0,0
"3718",2023-09-13,21,45,7280.7,264,0,0,30.3645161290323,0,0,8471.7,279,0,0,0,0
"3719",2023-09-13,21,50,7386.7,264,0,0,30.3645161290323,0,0,8471.7,279,0,0,0,0
"3720",2023-09-13,21,55,7239.7,265,0,0,30.3645161290323,0,0,8471.7,279,0,0,0,0
"3721",2023-09-13,22,0,7250.7,265,0,0,27.3611320754717,0,0,7250.7,269,0,0,0,0
"3722",2023-09-13,22,5,7182.7,269,0,0,27.3611320754717,0,0,7250.7,269,0,0,0,0
"3723",2023-09-13,22,10,6816.7,265,0,0,27.3611320754717,0,0,7250.7,269,0,0,0,0
"3724",2023-09-13,22,15,6952.7,264,0,0,27.3611320754717,0,0,7250.7,269,0,0,0,0
"3725",2023-09-13,22,20,6846.7,265,0,0,27.3611320754717,0,0,7250.7,269,0,0,0,0
"3726",2023-09-13,22,25,6535.7,263,0,0,27.3611320754717,0,0,7250.7,269,0,0,0,0
"3727",2023-09-13,22,30,6535.7,263,0,0,27.3611320754717,0,0,7250.7,269,0,0,0,0
"3728",2023-09-13,22,35,6937.7,266,0,0,27.3611320754717,0,0,7250.7,269,0,0,0,0
"3729",2023-09-13,22,40,6937.7,266,0,0,27.3611320754717,0,0,7250.7,269,0,0,0,0
"3730",2023-09-13,22,45,6744.4,262,0,0,27.3611320754717,0,0,7250.7,269,0,0,0,0
"3731",2023-09-13,22,50,6788.4,264,0,0,27.3611320754717,0,0,7250.7,269,0,0,0,0
"3732",2023-09-13,22,55,6788.4,263,0,0,27.3611320754717,0,0,7250.7,269,0,0,0,0
"3733",2023-09-13,23,0,7063.4,260,0,0,28.2653543307087,0,0,7179.4,260,0,0,0,0
"3734",2023-09-13,23,5,7179.4,254,0,0,28.2653543307087,0,0,7179.4,260,0,0,0,0
"3735",2023-09-13,23,10,6407.4,247,0,0,28.2653543307087,0,0,7179.4,260,0,0,0,0
"3736",2023-09-13,23,15,6235.4,250,0,0,28.2653543307087,0,0,7179.4,260,0,0,0,0
"3737",2023-09-13,23,20,6224.4,249,0,0,28.2653543307087,0,0,7179.4,260,0,0,0,0
"3738",2023-09-13,23,25,6180.4,247,0,0,28.2653543307087,0,0,7179.4,260,0,0,0,0
"3739",2023-09-13,23,30,6202.4,246,0,0,28.2653543307087,0,0,7179.4,260,0,0,0,0
"3740",2023-09-13,23,35,5424.4,238,0,0,28.2653543307087,0,0,7179.4,260,0,0,0,0
"3741",2023-09-13,23,40,5552.4,238,0,0,28.2653543307087,0,0,7179.4,260,0,0,0,0
"3742",2023-09-13,23,45,5504.7,235,0,0,28.2653543307087,0,0,7179.4,260,0,0,0,0
"3743",2023-09-13,23,50,5460.7,233,0,0,28.2653543307087,0,0,7179.4,260,0,0,0,0
"3744",2023-09-13,23,55,5288.7,231,0,0,28.2653543307087,0,0,7179.4,260,0,0,0,0
"3745",2023-09-14,0,0,6157.7,260,0,0,25.7477732793522,0,0,6431.7,260,0,0,0,0
"3746",2023-09-14,0,5,5907.7,250,0,0,25.7477732793522,0,0,6431.7,260,0,0,0,0
"3747",2023-09-14,0,10,5863.7,247,0,0,25.7477732793522,0,0,6431.7,260,0,0,0,0
"3748",2023-09-14,0,15,5977.7,245,0,0,25.7477732793522,0,0,6431.7,260,0,0,0,0
"3749",2023-09-14,0,20,6099.7,247,0,0,25.7477732793522,0,0,6431.7,260,0,0,0,0
"3750",2023-09-14,0,25,6116.7,249,0,0,25.7477732793522,0,0,6431.7,260,0,0,0,0
"3751",2023-09-14,0,30,6188.7,251,0,0,25.7477732793522,0,0,6431.7,260,0,0,0,0
"3752",2023-09-14,0,35,6431.7,250,0,0,25.7477732793522,0,0,6431.7,260,0,0,0,0
"3753",2023-09-14,0,40,6359.7,247,0,0,25.7477732793522,0,0,6431.7,260,0,0,0,0
"3754",2023-09-14,0,45,6269.7,246,0,0,25.7477732793522,0,0,6431.7,260,0,0,0,0
"3755",2023-09-14,0,50,6089.7,245,0,0,25.7477732793522,0,0,6431.7,260,0,0,0,0
"3756",2023-09-14,0,55,6078.7,244,0,0,25.7477732793522,0,0,6431.7,260,0,0,0,0
"3757",2023-09-14,1,0,6100.7,245,0,0,25.6709543568465,0,0,6208.7,245,0,0,0,0
"3758",2023-09-14,1,5,5900.7,242,0,0,25.6709543568465,0,0,6208.7,245,0,0,0,0
"3759",2023-09-14,1,10,6178.7,242,0,0,25.6709543568465,0,0,6208.7,245,0,0,0,0
"3760",2023-09-14,1,15,6178.7,242,0,0,25.6709543568465,0,0,6208.7,245,0,0,0,0
"3761",2023-09-14,1,20,6050.7,244,0,0,25.6709543568465,0,0,6208.7,245,0,0,0,0
"3762",2023-09-14,1,25,6050.7,244,0,0,25.6709543568465,0,0,6208.7,245,0,0,0,0
"3763",2023-09-14,1,30,6028.7,243,0,0,25.6709543568465,0,0,6208.7,245,0,0,0,0
"3764",2023-09-14,1,35,5804.7,239,0,0,25.6709543568465,0,0,6208.7,245,0,0,0,0
"3765",2023-09-14,1,40,5782.7,238,0,0,25.6709543568465,0,0,6208.7,245,0,0,0,0
"3766",2023-09-14,1,45,6186.7,241,0,0,25.6709543568465,0,0,6208.7,245,0,0,0,0
"3767",2023-09-14,1,50,6208.7,242,0,0,25.6709543568465,0,0,6208.7,245,0,0,0,0
"3768",2023-09-14,1,55,6186.7,241,0,0,25.6709543568465,0,0,6208.7,245,0,0,0,0
"3769",2023-09-14,2,0,4853.7,196,0,0,24.8208121827411,0,0,4889.7,197,0,0,0,0
"3770",2023-09-14,2,5,4889.7,197,0,0,24.8208121827411,0,0,4889.7,197,0,0,0,0
"3771",2023-09-14,2,10,4889.7,197,0,0,24.8208121827411,0,0,4889.7,197,0,0,0,0
"3772",2023-09-14,2,15,4889.7,197,0,0,24.8208121827411,0,0,4889.7,197,0,0,0,0
"3773",2023-09-14,2,20,4889.7,197,0,0,24.8208121827411,0,0,4889.7,197,0,0,0,0
"3774",2023-09-14,2,25,4769.7,196,0,0,24.8208121827411,0,0,4889.7,197,0,0,0,0
"3775",2023-09-14,2,30,4769.7,196,0,0,24.8208121827411,0,0,4889.7,197,0,0,0,0
"3776",2023-09-14,2,35,4769.7,196,0,0,24.8208121827411,0,0,4889.7,197,0,0,0,0
"3777",2023-09-14,2,40,4747.7,195,0,0,24.8208121827411,0,0,4889.7,197,0,0,0,0
"3778",2023-09-14,2,45,4747.7,195,0,0,24.8208121827411,0,0,4889.7,197,0,0,0,0
"3779",2023-09-14,2,50,4747.7,195,0,0,24.8208121827411,0,0,4889.7,197,0,0,0,0
"3780",2023-09-14,2,55,4747.7,195,0,0,24.8208121827411,0,0,4889.7,197,0,0,0,0
"3781",2023-09-14,3,0,4747.7,195,0,0,25.3182741116751,0,0,5009.7,198,0,0,0,0
"3782",2023-09-14,3,5,4747.7,195,0,0,25.3182741116751,0,0,5009.7,198,0,0,0,0
"3783",2023-09-14,3,10,4747.7,195,0,0,25.3182741116751,0,0,5009.7,198,0,0,0,0
"3784",2023-09-14,3,15,4747.7,195,0,0,25.3182741116751,0,0,5009.7,198,0,0,0,0
"3785",2023-09-14,3,20,4747.7,195,0,0,25.3182741116751,0,0,5009.7,198,0,0,0,0
"3786",2023-09-14,3,25,4725.7,194,0,0,25.3182741116751,0,0,5009.7,198,0,0,0,0
"3787",2023-09-14,3,30,4725.7,194,0,0,25.3182741116751,0,0,5009.7,198,0,0,0,0
"3788",2023-09-14,3,35,4785.7,195,0,0,25.3182741116751,0,0,5009.7,198,0,0,0,0
"3789",2023-09-14,3,40,4807.7,196,0,0,25.3182741116751,0,0,5009.7,198,0,0,0,0
"3790",2023-09-14,3,45,4987.7,197,0,0,25.3182741116751,0,0,5009.7,198,0,0,0,0
"3791",2023-09-14,3,50,4987.7,197,0,0,25.3182741116751,0,0,5009.7,198,0,0,0,0
"3792",2023-09-14,3,55,5009.7,198,0,0,25.3182741116751,0,0,5009.7,198,0,0,0,0
"3793",2023-09-14,4,0,5009.7,198,0,0,25.3523076923077,0,0,5009.7,198,0,0,0,0
"3794",2023-09-14,4,5,4965.7,196,0,0,25.3523076923077,0,0,5009.7,198,0,0,0,0
"3795",2023-09-14,4,10,4943.7,195,0,0,25.3523076923077,0,0,5009.7,198,0,0,0,0
"3796",2023-09-14,4,15,4763.7,194,0,0,25.3523076923077,0,0,5009.7,198,0,0,0,0
"3797",2023-09-14,4,20,4763.7,194,0,0,25.3523076923077,0,0,5009.7,198,0,0,0,0
"3798",2023-09-14,4,25,4752.7,193,0,0,25.3523076923077,0,0,5009.7,198,0,0,0,0
"3799",2023-09-14,4,30,4670.7,191,0,0,25.3523076923077,0,0,5009.7,198,0,0,0,0
"3800",2023-09-14,4,35,4604.7,188,0,0,25.3523076923077,0,0,5009.7,198,0,0,0,0
"3801",2023-09-14,4,40,4582.7,187,0,0,25.3523076923077,0,0,5009.7,198,0,0,0,0
"3802",2023-09-14,4,45,4538.7,185,0,0,25.3523076923077,0,0,5009.7,198,0,0,0,0
"3803",2023-09-14,4,50,4538.7,185,0,0,25.3523076923077,0,0,5009.7,198,0,0,0,0
"3804",2023-09-14,4,55,4516.7,184,0,0,25.3523076923077,0,0,5009.7,198,0,0,0,0
"3805",2023-09-14,5,0,4516.7,184,0,0,24.8396341463415,0,0,4516.7,184,0,0,0,0
"3806",2023-09-14,5,5,4516.7,184,0,0,24.8396341463415,0,0,4516.7,184,0,0,0,0
"3807",2023-09-14,5,10,4516.7,184,0,0,24.8396341463415,0,0,4516.7,184,0,0,0,0
"3808",2023-09-14,5,15,4516.7,184,0,0,24.8396341463415,0,0,4516.7,184,0,0,0,0
"3809",2023-09-14,5,20,4494.7,183,0,0,24.8396341463415,0,0,4516.7,184,0,0,0,0
"3810",2023-09-14,5,25,4494.7,183,0,0,24.8396341463415,0,0,4516.7,184,0,0,0,0
"3811",2023-09-14,5,30,4483.7,182,0,0,24.8396341463415,0,0,4516.7,184,0,0,0,0
"3812",2023-09-14,5,35,4436.7,181,0,0,24.8396341463415,0,0,4516.7,184,0,0,0,0
"3813",2023-09-14,5,40,4436.7,181,0,0,24.8396341463415,0,0,4516.7,184,0,0,0,0
"3814",2023-09-14,5,45,4436.7,181,0,0,24.8396341463415,0,0,4516.7,184,0,0,0,0
"3815",2023-09-14,5,50,4073.7,164,0,0,24.8396341463415,0,0,4516.7,184,0,0,0,0
"3816",2023-09-14,5,55,4414.7,179,0,0,24.8396341463415,0,0,4516.7,184,0,0,0,0
"3817",2023-09-14,6,0,4414.7,179,0,0,25.5793296089385,0,0,4578.7,179,0,0,0,0
"3818",2023-09-14,6,5,4289.7,179,0,0,25.5793296089385,0,0,4578.7,179,0,0,0,0
"3819",2023-09-14,6,10,4278.7,178,0,0,25.5793296089385,0,0,4578.7,179,0,0,0,0
"3820",2023-09-14,6,15,4278.7,178,0,0,25.5793296089385,0,0,4578.7,179,0,0,0,0
"3821",2023-09-14,6,20,4278.7,178,0,0,25.5793296089385,0,0,4578.7,179,0,0,0,0
"3822",2023-09-14,6,25,4278.7,178,0,0,25.5793296089385,0,0,4578.7,179,0,0,0,0
"3823",2023-09-14,6,30,4578.7,179,0,0,25.5793296089385,0,0,4578.7,179,0,0,0,0
"3824",2023-09-14,6,35,4506.7,177,0,0,25.5793296089385,0,0,4578.7,179,0,0,0,0
"3825",2023-09-14,6,40,4206.7,176,0,0,25.5793296089385,0,0,4578.7,179,0,0,0,0
"3826",2023-09-14,6,45,4225,176,0,0,25.5793296089385,0,0,4578.7,179,0,0,0,0
"3827",2023-09-14,6,50,4225,176,0,0,25.5793296089385,0,0,4578.7,179,0,0,0,0
"3828",2023-09-14,6,55,4225,176,0,0,25.5793296089385,0,0,4578.7,179,0,0,0,0
"3829",2023-09-14,7,0,4225,176,0,0,25.796511627907,0,0,4525,177,0,0,0,0
"3830",2023-09-14,7,5,4214,175,0,0,25.796511627907,0,0,4525,177,0,0,0,0
"3831",2023-09-14,7,10,4214,175,0,0,25.796511627907,0,0,4525,177,0,0,0,0
"3832",2023-09-14,7,15,4192,174,0,0,25.796511627907,0,0,4525,177,0,0,0,0
"3833",2023-09-14,7,20,4492,175,0,0,25.796511627907,0,0,4525,177,0,0,0,0
"3834",2023-09-14,7,25,4514,176,0,0,25.796511627907,0,0,4525,177,0,0,0,0
"3835",2023-09-14,7,30,4525,177,0,0,25.796511627907,0,0,4525,177,0,0,0,0
"3836",2023-09-14,7,35,4470,174,0,0,25.796511627907,0,0,4525,177,0,0,0,0
"3837",2023-09-14,7,40,4459,174,0,0,25.796511627907,0,0,4525,177,0,0,0,0
"3838",2023-09-14,7,45,4459,174,0,0,25.796511627907,0,0,4525,177,0,0,0,0
"3839",2023-09-14,7,50,4459,173,0,0,25.796511627907,0,0,4525,177,0,0,0,0
"3840",2023-09-14,7,55,4437,172,0,0,25.796511627907,0,0,4525,177,0,0,0,0
"3841",2023-09-14,8,0,4459,173,0,0,27.3363636363636,0,0,6091,225,0,0,0,0
"3842",2023-09-14,8,5,4481,174,0,0,27.3363636363636,0,0,6091,225,0,0,0,0
"3843",2023-09-14,8,10,4525,176,0,0,27.3363636363636,0,0,6091,225,0,0,0,0
"3844",2023-09-14,8,15,4591,180,0,0,27.3363636363636,0,0,6091,225,0,0,0,0
"3845",2023-09-14,8,20,4613,182,0,0,27.3363636363636,0,0,6091,225,0,0,0,0
"3846",2023-09-14,8,25,4712,187,0,0,27.3363636363636,0,0,6091,225,0,0,0,0
"3847",2023-09-14,8,30,4767,191,0,0,27.3363636363636,0,0,6091,225,0,0,0,0
"3848",2023-09-14,8,35,5549,211,0,0,27.3363636363636,0,0,6091,225,0,0,0,0
"3849",2023-09-14,8,40,5670,217,0,0,27.3363636363636,0,0,6091,225,0,0,0,0
"3850",2023-09-14,8,45,6014,220,0,0,27.3363636363636,0,0,6091,225,0,0,0,0
"3851",2023-09-14,8,50,6091,225,0,0,27.3363636363636,0,0,6091,225,0,0,0,0
"3852",2023-09-14,8,55,6047,223,0,0,27.3363636363636,0,0,6091,225,0,0,0,0
"3853",2023-09-14,9,0,6196,230,0,0,26.9391304347826,0,0,7385.7,297,0,0,0,0
"3854",2023-09-14,9,5,6299.7,243,0,0,26.9391304347826,0,0,7385.7,297,0,0,0,0
"3855",2023-09-14,9,10,6288.7,242,0,0,26.9391304347826,0,0,7385.7,297,0,0,0,0
"3856",2023-09-14,9,15,6288.7,241,0,0,26.9391304347826,0,0,7385.7,297,0,0,0,0
"3857",2023-09-14,9,20,6376.7,244,0,0,26.9391304347826,0,0,7385.7,297,0,0,0,0
"3858",2023-09-14,9,25,6440.7,254,0,0,26.9391304347826,0,0,7385.7,297,0,0,0,0
"3859",2023-09-14,9,30,6305.7,263,0,0,26.9391304347826,0,0,7385.7,297,0,0,0,0
"3860",2023-09-14,9,35,7083.7,286,0,0,26.9391304347826,0,0,7385.7,297,0,0,0,0
"3861",2023-09-14,9,40,6898.7,288,0,0,26.9391304347826,0,0,7385.7,297,0,0,0,0
"3862",2023-09-14,9,45,7230.7,289,0,0,26.9391304347826,0,0,7385.7,297,0,0,0,0
"3863",2023-09-14,9,50,7280.7,290,0,0,26.9391304347826,0,0,7385.7,297,0,0,0,0
"3864",2023-09-14,9,55,7385.7,297,0,0,26.9391304347826,0,0,7385.7,297,0,0,0,0
"3865",2023-09-14,10,0,8120.7,308,0,0,26.3659090909091,0,0,9381.7,370,0,0,0,0
"3866",2023-09-14,10,5,8295.7,328,0,0,26.3659090909091,0,0,9381.7,370,0,0,0,0
"3867",2023-09-14,10,10,8295.7,329,0,0,26.3659090909091,0,0,9381.7,370,0,0,0,0
"3868",2023-09-14,10,15,8322.7,337,0,0,26.3659090909091,0,0,9381.7,370,0,0,0,0
"3869",2023-09-14,10,20,8224.7,337,0,0,26.3659090909091,0,0,9381.7,370,0,0,0,0
"3870",2023-09-14,10,25,8722.7,348,0,0,26.3659090909091,0,0,9381.7,370,0,0,0,0
"3871",2023-09-14,10,30,8832.7,349,0,0,26.3659090909091,0,0,9381.7,370,0,0,0,0
"3872",2023-09-14,10,35,9020.7,364,0,0,26.3659090909091,0,0,9381.7,370,0,0,0,0
"3873",2023-09-14,10,40,8843.7,363,0,0,26.3659090909091,0,0,9381.7,370,0,0,0,0
"3874",2023-09-14,10,45,9381.7,370,0,0,26.3659090909091,0,0,9381.7,370,0,0,0,0
"3875",2023-09-14,10,50,9253.7,370,0,0,26.3659090909091,0,0,9381.7,370,0,0,0,0
"3876",2023-09-14,10,55,9180.7,369,0,0,26.3659090909091,0,0,9381.7,370,0,0,0,0
"3877",2023-09-14,11,0,9213.7,371,0,0,24.8347708894879,0,0,9682.7,414,0,0,0,0
"3878",2023-09-14,11,5,9316.7,390,0,0,24.8347708894879,0,0,9682.7,414,0,0,0,0
"3879",2023-09-14,11,10,9338.7,391,0,0,24.8347708894879,0,0,9682.7,414,0,0,0,0
"3880",2023-09-14,11,15,9682.7,395,0,0,24.8347708894879,0,0,9682.7,414,0,0,0,0
"3881",2023-09-14,11,20,9377.7,396,0,0,24.8347708894879,0,0,9682.7,414,0,0,0,0
"3882",2023-09-14,11,25,9399.7,397,0,0,24.8347708894879,0,0,9682.7,414,0,0,0,0
"3883",2023-09-14,11,30,9349.7,396,0,0,24.8347708894879,0,0,9682.7,414,0,0,0,0
"3884",2023-09-14,11,35,9362.7,409,0,0,24.8347708894879,0,0,9682.7,414,0,0,0,0
"3885",2023-09-14,11,40,9084.7,409,0,0,24.8347708894879,0,0,9682.7,414,0,0,0,0
"3886",2023-09-14,11,45,8826.7,408,0,0,24.8347708894879,0,0,9682.7,414,0,0,0,0
"3887",2023-09-14,11,50,9192.7,413,0,0,24.8347708894879,0,0,9682.7,414,0,0,0,0
"3888",2023-09-14,11,55,8925.7,414,0,0,24.8347708894879,0,0,9682.7,414,0,0,0,0
"3889",2023-09-14,12,0,8936.7,414,0,0,26.3646370023419,0,0,11257.7,427,0,0,0,0
"3890",2023-09-14,12,5,10139.7,419,0,0,26.3646370023419,0,0,11257.7,427,0,0,0,0
"3891",2023-09-14,12,10,10017.7,418,0,0,26.3646370023419,0,0,11257.7,427,0,0,0,0
"3892",2023-09-14,12,15,10471.7,424,0,0,26.3646370023419,0,0,11257.7,427,0,0,0,0
"3893",2023-09-14,12,20,10247.7,421,0,0,26.3646370023419,0,0,11257.7,427,0,0,0,0
"3894",2023-09-14,12,25,10034.7,419,0,0,26.3646370023419,0,0,11257.7,427,0,0,0,0
"3895",2023-09-14,12,30,9966.7,414,0,0,26.3646370023419,0,0,11257.7,427,0,0,0,0
"3896",2023-09-14,12,35,10591.7,421,0,0,26.3646370023419,0,0,11257.7,427,0,0,0,0
"3897",2023-09-14,12,40,10551.7,425,0,0,26.3646370023419,0,0,11257.7,427,0,0,0,0
"3898",2023-09-14,12,45,11257.7,427,0,0,26.3646370023419,0,0,11257.7,427,0,0,0,0
"3899",2023-09-14,12,50,11176.7,427,0,0,26.3646370023419,0,0,11257.7,427,0,0,0,0
"3900",2023-09-14,12,55,10865.7,425,0,0,26.3646370023419,0,0,11257.7,427,0,0,0,0
"3901",2023-09-14,13,0,10713.7,423,0,0,30.6480487804878,0,0,12565.7,423,0,0,0,0
"3902",2023-09-14,13,5,10537.7,422,0,0,30.6480487804878,0,0,12565.7,423,0,0,0,0
"3903",2023-09-14,13,10,10549.7,420,0,0,30.6480487804878,0,0,12565.7,423,0,0,0,0
"3904",2023-09-14,13,15,11038.7,419,0,0,30.6480487804878,0,0,12565.7,423,0,0,0,0
"3905",2023-09-14,13,20,10428.7,418,0,0,30.6480487804878,0,0,12565.7,423,0,0,0,0
"3906",2023-09-14,13,25,10806.7,419,0,0,30.6480487804878,0,0,12565.7,423,0,0,0,0
"3907",2023-09-14,13,30,11078.7,418,0,0,30.6480487804878,0,0,12565.7,423,0,0,0,0
"3908",2023-09-14,13,35,11554.7,412,0,0,30.6480487804878,0,0,12565.7,423,0,0,0,0
"3909",2023-09-14,13,40,12063.7,413,0,0,30.6480487804878,0,0,12565.7,423,0,0,0,0
"3910",2023-09-14,13,45,11882.7,412,0,0,30.6480487804878,0,0,12565.7,423,0,0,0,0
"3911",2023-09-14,13,50,11832.7,407,0,0,30.6480487804878,0,0,12565.7,423,0,0,0,0
"3912",2023-09-14,13,55,12565.7,410,0,0,30.6480487804878,0,0,12565.7,423,0,0,0,0
"3913",2023-09-14,14,55,8357.7,369,0,0,30.8145320197044,0,0,12510.7,406,0,0,0,0
"3914",2023-09-14,14,0,12510.7,406,0,0,30.8145320197044,0,0,12510.7,406,0,0,0,0
"3915",2023-09-14,14,5,11999.7,398,0,0,30.8145320197044,0,0,12510.7,406,0,0,0,0
"3916",2023-09-14,14,10,11515.7,394,0,0,30.8145320197044,0,0,12510.7,406,0,0,0,0
"3917",2023-09-14,14,15,11053.7,391,0,0,30.8145320197044,0,0,12510.7,406,0,0,0,0
"3918",2023-09-14,14,20,11374.7,389,0,0,30.8145320197044,0,0,12510.7,406,0,0,0,0
"3919",2023-09-14,14,25,11066.7,387,0,0,30.8145320197044,0,0,12510.7,406,0,0,0,0
"3920",2023-09-14,14,30,10076.7,383,0,0,30.8145320197044,0,0,12510.7,406,0,0,0,0
"3921",2023-09-14,14,35,9665.7,372,0,0,30.8145320197044,0,0,12510.7,406,0,0,0,0
"3922",2023-09-14,14,40,9365.7,371,0,0,30.8145320197044,0,0,12510.7,406,0,0,0,0
"3923",2023-09-14,14,45,8787.7,370,0,0,30.8145320197044,0,0,12510.7,406,0,0,0,0
"3924",2023-09-14,14,50,8341.7,367,0,0,30.8145320197044,0,0,12510.7,406,0,0,0,0
"3925",2023-09-14,15,0,8539.7,376,0,0,27.79609375,0,0,10673.7,384,0,0,0,0
"3926",2023-09-14,15,5,9518.7,375,0,0,27.79609375,0,0,10673.7,384,0,0,0,0
"3927",2023-09-14,15,10,9658.7,375,0,0,27.79609375,0,0,10673.7,384,0,0,0,0
"3928",2023-09-14,15,15,9969.7,377,0,0,27.79609375,0,0,10673.7,384,0,0,0,0
"3929",2023-09-14,15,20,10460.7,381,0,0,27.79609375,0,0,10673.7,384,0,0,0,0
"3930",2023-09-14,15,25,10366.7,377,0,0,27.79609375,0,0,10673.7,384,0,0,0,0
"3931",2023-09-14,15,30,10673.7,384,0,0,27.79609375,0,0,10673.7,384,0,0,0,0
"3932",2023-09-14,15,35,10601.7,382,0,0,27.79609375,0,0,10673.7,384,0,0,0,0
"3933",2023-09-14,15,40,10366.7,377,0,0,27.79609375,0,0,10673.7,384,0,0,0,0
"3934",2023-09-14,15,45,9990.7,375,0,0,27.79609375,0,0,10673.7,384,0,0,0,0
"3935",2023-09-14,15,50,10279.7,375,0,0,27.79609375,0,0,10673.7,384,0,0,0,0
"3936",2023-09-14,15,55,9704.7,375,0,0,27.79609375,0,0,10673.7,384,0,0,0,0
"3937",2023-09-14,16,0,9920.7,379,0,0,27.7997409326425,0,0,10730.7,386,0,0,0,0
"3938",2023-09-14,16,5,10134.7,380,0,0,27.7997409326425,0,0,10730.7,386,0,0,0,0
"3939",2023-09-14,16,10,9790.7,377,0,0,27.7997409326425,0,0,10730.7,386,0,0,0,0
"3940",2023-09-14,16,15,10194.7,381,0,0,27.7997409326425,0,0,10730.7,386,0,0,0,0
"3941",2023-09-14,16,20,9992.7,379,0,0,27.7997409326425,0,0,10730.7,386,0,0,0,0
"3942",2023-09-14,16,25,10636.7,385,0,0,27.7997409326425,0,0,10730.7,386,0,0,0,0
"3943",2023-09-14,16,30,10730.7,386,0,0,27.7997409326425,0,0,10730.7,386,0,0,0,0
"3944",2023-09-14,16,35,9266.7,367,0,0,27.7997409326425,0,0,10730.7,386,0,0,0,0
"3945",2023-09-14,16,40,10137.7,371,0,0,27.7997409326425,0,0,10730.7,386,0,0,0,0
"3946",2023-09-14,16,45,10331.7,374,0,0,27.7997409326425,0,0,10730.7,386,0,0,0,0
"3947",2023-09-14,16,50,10042.7,373,0,0,27.7997409326425,0,0,10730.7,386,0,0,0,0
"3948",2023-09-14,16,55,9387.7,369,0,0,27.7997409326425,0,0,10730.7,386,0,0,0,0
"3949",2023-09-14,17,0,9376.7,369,0,0,29.1722222222222,0,0,10964.7,377,0,0,0,0
"3950",2023-09-14,17,5,10094.7,372,0,0,29.1722222222222,0,0,10964.7,377,0,0,0,0
"3951",2023-09-14,17,10,9255.7,371,0,0,29.1722222222222,0,0,10964.7,377,0,0,0,0
"3952",2023-09-14,17,15,9513.7,369,0,0,29.1722222222222,0,0,10964.7,377,0,0,0,0
"3953",2023-09-14,17,20,9737.7,370,0,0,29.1722222222222,0,0,10964.7,377,0,0,0,0
"3954",2023-09-14,17,25,9698.7,370,0,0,29.1722222222222,0,0,10964.7,377,0,0,0,0
"3955",2023-09-14,17,30,9712.7,370,0,0,29.1722222222222,0,0,10964.7,377,0,0,0,0
"3956",2023-09-14,17,35,10964.7,377,0,0,29.1722222222222,0,0,10964.7,377,0,0,0,0
"3957",2023-09-14,17,40,8926.7,306,0,0,29.1722222222222,0,0,10964.7,377,0,0,0,0
"3958",2023-09-14,17,45,10469.7,375,0,0,29.1722222222222,0,0,10964.7,377,0,0,0,0
"3959",2023-09-14,17,50,9848.7,372,0,0,29.1722222222222,0,0,10964.7,377,0,0,0,0
"3960",2023-09-14,17,55,10541.7,375,0,0,29.1722222222222,0,0,10964.7,377,0,0,0,0
"3961",2023-09-14,18,0,10760.7,377,0,0,28.5429708222812,0,0,10760.7,377,0,0,0,0
"3962",2023-09-14,18,5,9875.7,362,0,0,28.5429708222812,0,0,10760.7,377,0,0,0,0
"3963",2023-09-14,18,10,10213.7,361,0,0,28.5429708222812,0,0,10760.7,377,0,0,0,0
"3964",2023-09-14,18,15,10369.7,365,0,0,28.5429708222812,0,0,10760.7,377,0,0,0,0
"3965",2023-09-14,18,20,10347.7,364,0,0,28.5429708222812,0,0,10760.7,377,0,0,0,0
"3966",2023-09-14,18,25,10217.7,363,0,0,28.5429708222812,0,0,10760.7,377,0,0,0,0
"3967",2023-09-14,18,30,10300.7,365,0,0,28.5429708222812,0,0,10760.7,377,0,0,0,0
"3968",2023-09-14,18,35,9703.7,354,0,0,28.5429708222812,0,0,10760.7,377,0,0,0,0
"3969",2023-09-14,18,40,9397.4,353,0,0,28.5429708222812,0,0,10760.7,377,0,0,0,0
"3970",2023-09-14,18,45,9610.4,355,0,0,28.5429708222812,0,0,10760.7,377,0,0,0,0
"3971",2023-09-14,18,50,10068.4,357,0,0,28.5429708222812,0,0,10760.7,377,0,0,0,0
"3972",2023-09-14,18,55,9992.4,357,0,0,28.5429708222812,0,0,10760.7,377,0,0,0,0
"3973",2023-09-14,19,0,9476.4,356,0,0,30.1762376237624,0,0,9656.4,356,0,0,0,0
"3974",2023-09-14,19,5,9143.4,339,0,0,30.1762376237624,0,0,9656.4,356,0,0,0,0
"3975",2023-09-14,19,10,9272.4,337,0,0,30.1762376237624,0,0,9656.4,356,0,0,0,0
"3976",2023-09-14,19,15,8845.4,331,0,0,30.1762376237624,0,0,9656.4,356,0,0,0,0
"3977",2023-09-14,19,20,8961.4,337,0,0,30.1762376237624,0,0,9656.4,356,0,0,0,0
"3978",2023-09-14,19,25,9350.4,338,0,0,30.1762376237624,0,0,9656.4,356,0,0,0,0
"3979",2023-09-14,19,30,9656.4,338,0,0,30.1762376237624,0,0,9656.4,356,0,0,0,0
"3980",2023-09-14,19,35,9283.4,318,0,0,30.1762376237624,0,0,9656.4,356,0,0,0,0
"3981",2023-09-14,19,40,9064.4,312,0,0,30.1762376237624,0,0,9656.4,356,0,0,0,0
"3982",2023-09-14,19,45,9242.4,310,0,0,30.1762376237624,0,0,9656.4,356,0,0,0,0
"3983",2023-09-14,19,50,9020.4,307,0,0,30.1762376237624,0,0,9656.4,356,0,0,0,0
"3984",2023-09-14,19,55,9143.4,303,0,0,30.1762376237624,0,0,9656.4,356,0,0,0,0
"3985",2023-09-14,20,0,8482.4,299,0,0,29.5453571428571,0,0,8482.4,299,0,0,0,0
"3986",2023-09-14,20,5,7582.4,288,0,0,29.5453571428571,0,0,8482.4,299,0,0,0,0
"3987",2023-09-14,20,10,8362.4,290,0,0,29.5453571428571,0,0,8482.4,299,0,0,0,0
"3988",2023-09-14,20,15,7538.4,285,0,0,29.5453571428571,0,0,8482.4,299,0,0,0,0
"3989",2023-09-14,20,20,7699.4,287,0,0,29.5453571428571,0,0,8482.4,299,0,0,0,0
"3990",2023-09-14,20,25,7688.4,287,0,0,29.5453571428571,0,0,8482.4,299,0,0,0,0
"3991",2023-09-14,20,30,7601.4,287,0,0,29.5453571428571,0,0,8482.4,299,0,0,0,0
"3992",2023-09-14,20,35,7851.7,292,0,0,29.5453571428571,0,0,8482.4,299,0,0,0,0
"3993",2023-09-14,20,40,7381.7,282,0,0,29.5453571428571,0,0,8482.4,299,0,0,0,0
"3994",2023-09-14,20,45,7626.7,279,0,0,29.5453571428571,0,0,8482.4,299,0,0,0,0
"3995",2023-09-14,20,50,8272.7,280,0,0,29.5453571428571,0,0,8482.4,299,0,0,0,0
"3996",2023-09-14,20,55,8052.7,280,0,0,29.5453571428571,0,0,8482.4,299,0,0,0,0
"3997",2023-09-14,21,35,7839.7,295,0,0,30.4751700680272,0,0,8959.7,297,0,0,0,0
"3998",2023-09-14,21,40,7810.7,292,0,0,30.4751700680272,0,0,8959.7,297,0,0,0,0
"3999",2023-09-14,21,45,7417.7,290,0,0,30.4751700680272,0,0,8959.7,297,0,0,0,0
"4000",2023-09-14,21,50,7400.7,289,0,0,30.4751700680272,0,0,8959.7,297,0,0,0,0
"4001",2023-09-14,21,55,7272.7,290,0,0,30.4751700680272,0,0,8959.7,297,0,0,0,0
"4002",2023-09-14,21,0,8087.7,283,0,0,30.4751700680272,0,0,8959.7,297,0,0,0,0
"4003",2023-09-14,21,5,8959.7,294,0,0,30.4751700680272,0,0,8959.7,297,0,0,0,0
"4004",2023-09-14,21,10,8724.7,291,0,0,30.4751700680272,0,0,8959.7,297,0,0,0,0
"4005",2023-09-14,21,15,8790.7,294,0,0,30.4751700680272,0,0,8959.7,297,0,0,0,0
"4006",2023-09-14,21,20,8934.7,297,0,0,30.4751700680272,0,0,8959.7,297,0,0,0,0
"4007",2023-09-14,21,25,8672.7,296,0,0,30.4751700680272,0,0,8959.7,297,0,0,0,0
"4008",2023-09-14,21,30,8299.7,297,0,0,30.4751700680272,0,0,8959.7,297,0,0,0,0
"4009",2023-09-14,22,0,7654.7,292,0,0,26.4388316151203,0,0,7803.7,296,0,0,0,0
"4010",2023-09-14,22,5,7693.7,291,0,0,26.4388316151203,0,0,7803.7,296,0,0,0,0
"4011",2023-09-14,22,10,7803.7,296,0,0,26.4388316151203,0,0,7803.7,296,0,0,0,0
"4012",2023-09-14,22,15,7595.7,295,0,0,26.4388316151203,0,0,7803.7,296,0,0,0,0
"4013",2023-09-14,22,20,7649.7,292,0,0,26.4388316151203,0,0,7803.7,296,0,0,0,0
"4014",2023-09-14,22,25,7660.7,292,0,0,26.4388316151203,0,0,7803.7,296,0,0,0,0
"4015",2023-09-14,22,30,7338.7,289,0,0,26.4388316151203,0,0,7803.7,296,0,0,0,0
"4016",2023-09-14,22,35,7019.7,287,0,0,26.4388316151203,0,0,7803.7,296,0,0,0,0
"4017",2023-09-14,22,40,6980.7,285,0,0,26.4388316151203,0,0,7803.7,296,0,0,0,0
"4018",2023-09-14,22,45,6908.7,283,0,0,26.4388316151203,0,0,7803.7,296,0,0,0,0
"4019",2023-09-14,22,50,7230.7,285,0,0,26.4388316151203,0,0,7803.7,296,0,0,0,0
"4020",2023-09-14,22,55,7186.7,283,0,0,26.4388316151203,0,0,7803.7,296,0,0,0,0
"4021",2023-09-14,23,0,6871.7,281,0,0,25.4507407407407,0,0,6959.7,281,0,0,0,0
"4022",2023-09-14,23,5,6959.7,274,0,0,25.4507407407407,0,0,6959.7,281,0,0,0,0
"4023",2023-09-14,23,10,6871.7,270,0,0,25.4507407407407,0,0,6959.7,281,0,0,0,0
"4024",2023-09-14,23,15,6790.7,269,0,0,25.4507407407407,0,0,6959.7,281,0,0,0,0
"4025",2023-09-14,23,20,6626.7,266,0,0,25.4507407407407,0,0,6959.7,281,0,0,0,0
"4026",2023-09-14,23,25,6598.7,266,0,0,25.4507407407407,0,0,6959.7,281,0,0,0,0
"4027",2023-09-14,23,30,6653.7,268,0,0,25.4507407407407,0,0,6959.7,281,0,0,0,0
"4028",2023-09-14,23,35,6025.7,254,0,0,25.4507407407407,0,0,6959.7,281,0,0,0,0
"4029",2023-09-14,23,40,6025.7,254,0,0,25.4507407407407,0,0,6959.7,281,0,0,0,0
"4030",2023-09-14,23,45,5981.7,252,0,0,25.4507407407407,0,0,6959.7,281,0,0,0,0
"4031",2023-09-14,23,50,6025.7,254,0,0,25.4507407407407,0,0,6959.7,281,0,0,0,0
"4032",2023-09-14,23,55,6025.7,254,0,0,25.4507407407407,0,0,6959.7,281,0,0,0,0
"4033",2023-09-15,0,0,6077,279,0,0,24.6850980392157,0,0,6430.7,279,0,0,0,0
"4034",2023-09-15,0,5,5857.7,265,0,0,24.6850980392157,0,0,6430.7,279,0,0,0,0
"4035",2023-09-15,0,10,5868.7,266,0,0,24.6850980392157,0,0,6430.7,279,0,0,0,0
"4036",2023-09-15,0,15,5896.7,266,0,0,24.6850980392157,0,0,6430.7,279,0,0,0,0
"4037",2023-09-15,0,20,6321.7,266,0,0,24.6850980392157,0,0,6430.7,279,0,0,0,0
"4038",2023-09-15,0,25,6408.7,263,0,0,24.6850980392157,0,0,6430.7,279,0,0,0,0
"4039",2023-09-15,0,30,6430.7,264,0,0,24.6850980392157,0,0,6430.7,279,0,0,0,0
"4040",2023-09-15,0,35,6360.7,258,0,0,24.6850980392157,0,0,6430.7,279,0,0,0,0
"4041",2023-09-15,0,40,6294.7,255,0,0,24.6850980392157,0,0,6430.7,279,0,0,0,0
"4042",2023-09-15,0,45,6060.7,257,0,0,24.6850980392157,0,0,6430.7,279,0,0,0,0
"4043",2023-09-15,0,50,5988.7,255,0,0,24.6850980392157,0,0,6430.7,279,0,0,0,0
"4044",2023-09-15,0,55,5999.7,255,0,0,24.6850980392157,0,0,6430.7,279,0,0,0,0
"4045",2023-09-15,1,0,5977.7,254,0,0,23.5342519685039,0,0,5977.7,254,0,0,0,0
"4046",2023-09-15,1,5,5502.7,252,0,0,23.5342519685039,0,0,5977.7,254,0,0,0,0
"4047",2023-09-15,1,10,5752.7,252,0,0,23.5342519685039,0,0,5977.7,254,0,0,0,0
"4048",2023-09-15,1,15,5463.7,251,0,0,23.5342519685039,0,0,5977.7,254,0,0,0,0
"4049",2023-09-15,1,20,5228.7,247,0,0,23.5342519685039,0,0,5977.7,254,0,0,0,0
"4050",2023-09-15,1,25,5228.7,247,0,0,23.5342519685039,0,0,5977.7,254,0,0,0,0
"4051",2023-09-15,1,30,5528.7,248,0,0,23.5342519685039,0,0,5977.7,254,0,0,0,0
"4052",2023-09-15,1,35,5441.7,242,0,0,23.5342519685039,0,0,5977.7,254,0,0,0,0
"4053",2023-09-15,1,40,5419.7,241,0,0,23.5342519685039,0,0,5977.7,254,0,0,0,0
"4054",2023-09-15,1,45,5430.7,242,0,0,23.5342519685039,0,0,5977.7,254,0,0,0,0
"4055",2023-09-15,1,50,5430.7,242,0,0,23.5342519685039,0,0,5977.7,254,0,0,0,0
"4056",2023-09-15,1,55,5430.7,242,0,0,23.5342519685039,0,0,5977.7,254,0,0,0,0
"4057",2023-09-15,2,0,6036.7,240,0,0,25.1529166666667,0,0,6036.7,240,0,0,0,0
"4058",2023-09-15,2,5,5792.7,235,0,0,25.1529166666667,0,0,6036.7,240,0,0,0,0
"4059",2023-09-15,2,10,5792.7,235,0,0,25.1529166666667,0,0,6036.7,240,0,0,0,0
"4060",2023-09-15,2,15,5514.7,235,0,0,25.1529166666667,0,0,6036.7,240,0,0,0,0
"4061",2023-09-15,2,20,5492.7,234,0,0,25.1529166666667,0,0,6036.7,240,0,0,0,0
"4062",2023-09-15,2,25,5481.7,233,0,0,25.1529166666667,0,0,6036.7,240,0,0,0,0
"4063",2023-09-15,2,30,5121.7,232,0,0,25.1529166666667,0,0,6036.7,240,0,0,0,0
"4064",2023-09-15,2,35,4861.7,226,0,0,25.1529166666667,0,0,6036.7,240,0,0,0,0
"4065",2023-09-15,2,40,4861.7,226,0,0,25.1529166666667,0,0,6036.7,240,0,0,0,0
"4066",2023-09-15,2,45,4861.7,226,0,0,25.1529166666667,0,0,6036.7,240,0,0,0,0
"4067",2023-09-15,2,50,4839.7,225,0,0,25.1529166666667,0,0,6036.7,240,0,0,0,0
"4068",2023-09-15,2,55,4861.7,226,0,0,25.1529166666667,0,0,6036.7,240,0,0,0,0
"4069",2023-09-15,3,0,4861.7,226,0,0,21.7418918918919,0,0,4861.7,226,0,0,0,0
"4070",2023-09-15,3,5,4641.7,223,0,0,21.7418918918919,0,0,4861.7,226,0,0,0,0
"4071",2023-09-15,3,10,4641.7,223,0,0,21.7418918918919,0,0,4861.7,226,0,0,0,0
"4072",2023-09-15,3,15,4837.7,223,0,0,21.7418918918919,0,0,4861.7,226,0,0,0,0
"4073",2023-09-15,3,20,4837.7,223,0,0,21.7418918918919,0,0,4861.7,226,0,0,0,0
"4074",2023-09-15,3,25,4826.7,222,0,0,21.7418918918919,0,0,4861.7,226,0,0,0,0
"4075",2023-09-15,3,30,4646.7,221,0,0,21.7418918918919,0,0,4861.7,226,0,0,0,0
"4076",2023-09-15,3,35,4602.7,219,0,0,21.7418918918919,0,0,4861.7,226,0,0,0,0
"4077",2023-09-15,3,40,4624.7,220,0,0,21.7418918918919,0,0,4861.7,226,0,0,0,0
"4078",2023-09-15,3,45,4564.7,219,0,0,21.7418918918919,0,0,4861.7,226,0,0,0,0
"4079",2023-09-15,3,50,4564.7,219,0,0,21.7418918918919,0,0,4861.7,226,0,0,0,0
"4080",2023-09-15,3,55,4564.7,219,0,0,21.7418918918919,0,0,4861.7,226,0,0,0,0
"4081",2023-09-15,4,0,4542.7,218,0,0,22.012676056338,0,0,4710.7,219,0,0,0,0
"4082",2023-09-15,4,5,4542.7,218,0,0,22.012676056338,0,0,4710.7,219,0,0,0,0
"4083",2023-09-15,4,10,4542.7,219,0,0,22.012676056338,0,0,4710.7,219,0,0,0,0
"4084",2023-09-15,4,15,4476.7,216,0,0,22.012676056338,0,0,4710.7,219,0,0,0,0
"4085",2023-09-15,4,20,4432.7,214,0,0,22.012676056338,0,0,4710.7,219,0,0,0,0
"4086",2023-09-15,4,25,4710.7,214,0,0,22.012676056338,0,0,4710.7,219,0,0,0,0
"4087",2023-09-15,4,30,4688.7,213,0,0,22.012676056338,0,0,4710.7,219,0,0,0,0
"4088",2023-09-15,4,35,4541.7,212,0,0,22.012676056338,0,0,4710.7,219,0,0,0,0
"4089",2023-09-15,4,40,4541.7,212,0,0,22.012676056338,0,0,4710.7,219,0,0,0,0
"4090",2023-09-15,4,45,4541.7,212,0,0,22.012676056338,0,0,4710.7,219,0,0,0,0
"4091",2023-09-15,4,50,4541.7,212,0,0,22.012676056338,0,0,4710.7,219,0,0,0,0
"4092",2023-09-15,4,55,4541.7,212,0,0,22.012676056338,0,0,4710.7,219,0,0,0,0
"4093",2023-09-15,5,0,4541.7,212,0,0,22.4120192307692,0,0,4661.7,212,0,0,0,0
"4094",2023-09-15,5,5,4333.7,209,0,0,22.4120192307692,0,0,4661.7,212,0,0,0,0
"4095",2023-09-15,5,10,4333.7,209,0,0,22.4120192307692,0,0,4661.7,212,0,0,0,0
"4096",2023-09-15,5,15,4311.7,208,0,0,22.4120192307692,0,0,4661.7,212,0,0,0,0
"4097",2023-09-15,5,20,4311.7,208,0,0,22.4120192307692,0,0,4661.7,212,0,0,0,0
"4098",2023-09-15,5,25,4311.7,208,0,0,22.4120192307692,0,0,4661.7,212,0,0,0,0
"4099",2023-09-15,5,30,4311.7,208,0,0,22.4120192307692,0,0,4661.7,212,0,0,0,0
"4100",2023-09-15,5,35,4461.7,209,0,0,22.4120192307692,0,0,4661.7,212,0,0,0,0
"4101",2023-09-15,5,40,4521.7,210,0,0,22.4120192307692,0,0,4661.7,212,0,0,0,0
"4102",2023-09-15,5,45,4510.7,209,0,0,22.4120192307692,0,0,4661.7,212,0,0,0,0
"4103",2023-09-15,5,50,4661.7,208,0,0,22.4120192307692,0,0,4661.7,212,0,0,0,0
"4104",2023-09-15,5,55,4661.7,208,0,0,22.4120192307692,0,0,4661.7,212,0,0,0,0
"4105",2023-09-15,6,0,4683.7,209,0,0,22.4160194174757,0,0,4683.7,209,0,0,0,0
"4106",2023-09-15,6,5,4683.7,209,0,0,22.4160194174757,0,0,4683.7,209,0,0,0,0
"4107",2023-09-15,6,10,4661.7,208,0,0,22.4160194174757,0,0,4683.7,209,0,0,0,0
"4108",2023-09-15,6,15,4639.7,207,0,0,22.4160194174757,0,0,4683.7,209,0,0,0,0
"4109",2023-09-15,6,20,4617.7,206,0,0,22.4160194174757,0,0,4683.7,209,0,0,0,0
"4110",2023-09-15,6,25,4351.7,203,0,0,22.4160194174757,0,0,4683.7,209,0,0,0,0
"4111",2023-09-15,6,30,4329.7,202,0,0,22.4160194174757,0,0,4683.7,209,0,0,0,0
"4112",2023-09-15,6,35,4329.7,202,0,0,22.4160194174757,0,0,4683.7,209,0,0,0,0
"4113",2023-09-15,6,40,4307.7,201,0,0,22.4160194174757,0,0,4683.7,209,0,0,0,0
"4114",2023-09-15,6,45,4263.7,199,0,0,22.4160194174757,0,0,4683.7,209,0,0,0,0
"4115",2023-09-15,6,50,4263.7,199,0,0,22.4160194174757,0,0,4683.7,209,0,0,0,0
"4116",2023-09-15,6,55,4263.7,199,0,0,22.4160194174757,0,0,4683.7,209,0,0,0,0
"4117",2023-09-15,7,0,4263.7,199,0,0,22.9051813471503,0,0,4596.7,202,0,0,0,0
"4118",2023-09-15,7,5,4263.7,199,0,0,22.9051813471503,0,0,4596.7,202,0,0,0,0
"4119",2023-09-15,7,10,4263.7,199,0,0,22.9051813471503,0,0,4596.7,202,0,0,0,0
"4120",2023-09-15,7,15,4296.7,201,0,0,22.9051813471503,0,0,4596.7,202,0,0,0,0
"4121",2023-09-15,7,20,4596.7,202,0,0,22.9051813471503,0,0,4596.7,202,0,0,0,0
"4122",2023-09-15,7,25,4585.7,201,0,0,22.9051813471503,0,0,4596.7,202,0,0,0,0
"4123",2023-09-15,7,30,4541.7,199,0,0,22.9051813471503,0,0,4596.7,202,0,0,0,0
"4124",2023-09-15,7,35,4442.7,194,0,0,22.9051813471503,0,0,4596.7,202,0,0,0,0
"4125",2023-09-15,7,40,4420.7,193,0,0,22.9051813471503,0,0,4596.7,202,0,0,0,0
"4126",2023-09-15,7,45,4388.7,192,0,0,22.9051813471503,0,0,4596.7,202,0,0,0,0
"4127",2023-09-15,7,50,4388.7,192,0,0,22.9051813471503,0,0,4596.7,202,0,0,0,0
"4128",2023-09-15,7,55,4121.7,193,0,0,22.9051813471503,0,0,4596.7,202,0,0,0,0
"4129",2023-09-15,8,0,4187.7,196,0,0,23.3495145631068,0,0,5248,235,0,0,0,0
"4130",2023-09-15,8,5,4630.7,205,0,0,23.3495145631068,0,0,5248,235,0,0,0,0
"4131",2023-09-15,8,10,4832,207,0,0,23.3495145631068,0,0,5248,235,0,0,0,0
"4132",2023-09-15,8,15,4876,209,0,0,23.3495145631068,0,0,5248,235,0,0,0,0
"4133",2023-09-15,8,20,4810,206,0,0,23.3495145631068,0,0,5248,235,0,0,0,0
"4134",2023-09-15,8,25,4726,209,0,0,23.3495145631068,0,0,5248,235,0,0,0,0
"4135",2023-09-15,8,30,4836,214,0,0,23.3495145631068,0,0,5248,235,0,0,0,0
"4136",2023-09-15,8,35,4889,219,0,0,23.3495145631068,0,0,5248,235,0,0,0,0
"4137",2023-09-15,8,40,4933,220,0,0,23.3495145631068,0,0,5248,235,0,0,0,0
"4138",2023-09-15,8,45,5043,227,0,0,23.3495145631068,0,0,5248,235,0,0,0,0
"4139",2023-09-15,8,50,5248,233,0,0,23.3495145631068,0,0,5248,235,0,0,0,0
"4140",2023-09-15,8,55,5232,235,0,0,23.3495145631068,0,0,5248,235,0,0,0,0
"4141",2023-09-15,9,0,5227,237,0,0,27.8146853146853,0,0,7955,286,0,0,0,0
"4142",2023-09-15,9,5,5997,253,0,0,27.8146853146853,0,0,7955,286,0,0,0,0
"4143",2023-09-15,9,10,6297,254,0,0,27.8146853146853,0,0,7955,286,0,0,0,0
"4144",2023-09-15,9,15,5997,254,0,0,27.8146853146853,0,0,7955,286,0,0,0,0
"4145",2023-09-15,9,20,6186,258,0,0,27.8146853146853,0,0,7955,286,0,0,0,0
"4146",2023-09-15,9,25,6296,263,0,0,27.8146853146853,0,0,7955,286,0,0,0,0
"4147",2023-09-15,9,30,6618,267,0,0,27.8146853146853,0,0,7955,286,0,0,0,0
"4148",2023-09-15,9,45,7143,273,0,0,27.8146853146853,0,0,7955,286,0,0,0,0
"4149",2023-09-15,9,50,7348,277,0,0,27.8146853146853,0,0,7955,286,0,0,0,0
"4150",2023-09-15,9,55,7955,286,0,0,27.8146853146853,0,0,7955,286,0,0,0,0
"4151",2023-09-15,9,35,6964,267,0,0,27.8146853146853,0,0,7955,286,0,0,0,0
"4152",2023-09-15,9,40,6968,269,0,0,27.8146853146853,0,0,7955,286,0,0,0,0
"4153",2023-09-15,10,5,9009,319,0,0,28.8899082568807,0,0,9447,362,0,0,0,0
"4154",2023-09-15,10,10,9447,327,0,0,28.8899082568807,0,0,9447,362,0,0,0,0
"4155",2023-09-15,10,15,9426,331,0,0,28.8899082568807,0,0,9447,362,0,0,0,0
"4156",2023-09-15,10,20,9361,333,0,0,28.8899082568807,0,0,9447,362,0,0,0,0
"4157",2023-09-15,10,25,8463,324,0,0,28.8899082568807,0,0,9447,362,0,0,0,0
"4158",2023-09-15,10,30,8500,326,0,0,28.8899082568807,0,0,9447,362,0,0,0,0
"4159",2023-09-15,10,35,8530,349,0,0,28.8899082568807,0,0,9447,362,0,0,0,0
"4160",2023-09-15,10,40,8689,359,0,0,28.8899082568807,0,0,9447,362,0,0,0,0
"4161",2023-09-15,10,45,8640.7,358,0,0,28.8899082568807,0,0,9447,362,0,0,0,0
"4162",2023-09-15,10,50,8575.7,361,0,0,28.8899082568807,0,0,9447,362,0,0,0,0
"4163",2023-09-15,10,55,8598.7,362,0,0,28.8899082568807,0,0,9447,362,0,0,0,0
"4164",2023-09-15,10,0,8093,293,0,0,28.8899082568807,0,0,9447,362,0,0,0,0
"4165",2023-09-15,11,0,8298.7,361,0,0,26.6978468899522,0,0,11159.7,420,0,0,0,0
"4166",2023-09-15,11,5,8910.7,377,0,0,26.6978468899522,0,0,11159.7,420,0,0,0,0
"4167",2023-09-15,11,10,9415.7,382,0,0,26.6978468899522,0,0,11159.7,420,0,0,0,0
"4168",2023-09-15,11,15,9412.7,380,0,0,26.6978468899522,0,0,11159.7,420,0,0,0,0
"4169",2023-09-15,11,20,10056.7,383,0,0,26.6978468899522,0,0,11159.7,420,0,0,0,0
"4170",2023-09-15,11,25,10078.7,385,0,0,26.6978468899522,0,0,11159.7,420,0,0,0,0
"4171",2023-09-15,11,30,10131.7,386,0,0,26.6978468899522,0,0,11159.7,420,0,0,0,0
"4172",2023-09-15,11,35,11159.7,418,0,0,26.6978468899522,0,0,11159.7,420,0,0,0,0
"4173",2023-09-15,11,40,10787.7,417,0,0,26.6978468899522,0,0,11159.7,420,0,0,0,0
"4174",2023-09-15,11,45,10670.7,418,0,0,26.6978468899522,0,0,11159.7,420,0,0,0,0
"4175",2023-09-15,11,50,10586.7,415,0,0,26.6978468899522,0,0,11159.7,420,0,0,0,0
"4176",2023-09-15,11,55,10785.7,420,0,0,26.6978468899522,0,0,11159.7,420,0,0,0,0
"4177",2023-09-15,12,0,10591.7,417,0,0,26.161716937355,0,0,11458.7,443,0,0,0,0
"4178",2023-09-15,12,5,11275.7,431,0,0,26.161716937355,0,0,11458.7,443,0,0,0,0
"4179",2023-09-15,12,10,11297.7,432,0,0,26.161716937355,0,0,11458.7,443,0,0,0,0
"4180",2023-09-15,12,15,10844.7,429,0,0,26.161716937355,0,0,11458.7,443,0,0,0,0
"4181",2023-09-15,12,20,11037.7,431,0,0,26.161716937355,0,0,11458.7,443,0,0,0,0
"4182",2023-09-15,12,25,11372.7,436,0,0,26.161716937355,0,0,11458.7,443,0,0,0,0
"4183",2023-09-15,12,30,11458.7,439,0,0,26.161716937355,0,0,11458.7,443,0,0,0,0
"4184",2023-09-15,12,35,10408.7,437,0,0,26.161716937355,0,0,11458.7,443,0,0,0,0
"4185",2023-09-15,12,40,10299.7,437,0,0,26.161716937355,0,0,11458.7,443,0,0,0,0
"4186",2023-09-15,12,45,10153.7,440,0,0,26.161716937355,0,0,11458.7,443,0,0,0,0
"4187",2023-09-15,12,50,10197.7,443,0,0,26.161716937355,0,0,11458.7,443,0,0,0,0
"4188",2023-09-15,12,55,10244.7,440,0,0,26.161716937355,0,0,11458.7,443,0,0,0,0
"4189",2023-09-15,13,0,10382.7,444,0,0,25.9970114942529,0,0,11469.7,450,0,0,0,0
"4190",2023-09-15,13,5,10221.7,448,0,0,25.9970114942529,0,0,11469.7,450,0,0,0,0
"4191",2023-09-15,13,10,10380.7,450,0,0,25.9970114942529,0,0,11469.7,450,0,0,0,0
"4192",2023-09-15,13,15,10169.7,449,0,0,25.9970114942529,0,0,11469.7,450,0,0,0,0
"4193",2023-09-15,13,20,10169.7,449,0,0,25.9970114942529,0,0,11469.7,450,0,0,0,0
"4194",2023-09-15,13,25,10464.7,449,0,0,25.9970114942529,0,0,11469.7,450,0,0,0,0
"4195",2023-09-15,13,30,10315.7,443,0,0,25.9970114942529,0,0,11469.7,450,0,0,0,0
"4196",2023-09-15,13,35,11469.7,446,0,0,25.9970114942529,0,0,11469.7,450,0,0,0,0
"4197",2023-09-15,13,40,11211.7,439,0,0,25.9970114942529,0,0,11469.7,450,0,0,0,0
"4198",2023-09-15,13,45,11102.7,438,0,0,25.9970114942529,0,0,11469.7,450,0,0,0,0
"4199",2023-09-15,13,50,11143.7,437,0,0,25.9970114942529,0,0,11469.7,450,0,0,0,0
"4200",2023-09-15,13,55,11308.7,435,0,0,25.9970114942529,0,0,11469.7,450,0,0,0,0
"4201",2023-09-15,14,0,11567.7,434,0,0,27.6675810473815,0,0,11567.7,434,0,0,0,0
"4202",2023-09-15,14,5,10936.7,422,0,0,27.6675810473815,0,0,11567.7,434,0,0,0,0
"4203",2023-09-15,14,10,10719.7,416,0,0,27.6675810473815,0,0,11567.7,434,0,0,0,0
"4204",2023-09-15,14,15,10686.7,414,0,0,27.6675810473815,0,0,11567.7,434,0,0,0,0
"4205",2023-09-15,14,20,10426.7,412,0,0,27.6675810473815,0,0,11567.7,434,0,0,0,0
"4206",2023-09-15,14,25,10331.7,399,0,0,27.6675810473815,0,0,11567.7,434,0,0,0,0
"4207",2023-09-15,14,30,10658.7,400,0,0,27.6675810473815,0,0,11567.7,434,0,0,0,0
"4208",2023-09-15,14,35,11083.7,401,0,0,27.6675810473815,0,0,11567.7,434,0,0,0,0
"4209",2023-09-15,14,40,11094.7,401,0,0,27.6675810473815,0,0,11567.7,434,0,0,0,0
"4210",2023-09-15,14,45,10884.7,416,0,0,27.6675810473815,0,0,11567.7,434,0,0,0,0
"4211",2023-09-15,14,50,10772.7,417,0,0,27.6675810473815,0,0,11567.7,434,0,0,0,0
"4212",2023-09-15,14,55,10247.7,417,0,0,27.6675810473815,0,0,11567.7,434,0,0,0,0
"4213",2023-09-15,15,20,10309.7,419,0,0,25.9011682242991,0,0,11085.7,428,0,0,0,0
"4214",2023-09-15,15,25,10665.7,426,0,0,25.9011682242991,0,0,11085.7,428,0,0,0,0
"4215",2023-09-15,15,30,11085.7,428,0,0,25.9011682242991,0,0,11085.7,428,0,0,0,0
"4216",2023-09-15,15,35,10090.7,422,0,0,25.9011682242991,0,0,11085.7,428,0,0,0,0
"4217",2023-09-15,15,40,10620.7,425,0,0,25.9011682242991,0,0,11085.7,428,0,0,0,0
"4218",2023-09-15,15,45,10379.7,425,0,0,25.9011682242991,0,0,11085.7,428,0,0,0,0
"4219",2023-09-15,15,50,10001.7,425,0,0,25.9011682242991,0,0,11085.7,428,0,0,0,0
"4220",2023-09-15,15,55,10484.7,428,0,0,25.9011682242991,0,0,11085.7,428,0,0,0,0
"4221",2023-09-15,15,10,10419.7,415,0,0,25.9011682242991,0,0,11085.7,428,0,0,0,0
"4222",2023-09-15,15,15,10707.7,419,0,0,25.9011682242991,0,0,11085.7,428,0,0,0,0
"4223",2023-09-15,15,0,10927.7,426,0,0,25.9011682242991,0,0,11085.7,428,0,0,0,0
"4224",2023-09-15,15,5,10246.7,412,0,0,25.9011682242991,0,0,11085.7,428,0,0,0,0
"4225",2023-09-15,16,0,10356.7,424,0,0,28.2187066974596,0,0,12218.7,433,0,0,0,0
"4226",2023-09-15,16,5,10295.7,424,0,0,28.2187066974596,0,0,12218.7,433,0,0,0,0
"4227",2023-09-15,16,10,10477.7,429,0,0,28.2187066974596,0,0,12218.7,433,0,0,0,0
"4228",2023-09-15,16,15,10863.7,428,0,0,28.2187066974596,0,0,12218.7,433,0,0,0,0
"4229",2023-09-15,16,20,10604.7,423,0,0,28.2187066974596,0,0,12218.7,433,0,0,0,0
"4230",2023-09-15,16,25,10380.7,420,0,0,28.2187066974596,0,0,12218.7,433,0,0,0,0
"4231",2023-09-15,16,30,10947.7,422,0,0,28.2187066974596,0,0,12218.7,433,0,0,0,0
"4232",2023-09-15,16,35,11469.7,433,0,0,28.2187066974596,0,0,12218.7,433,0,0,0,0
"4233",2023-09-15,16,40,11520.7,433,0,0,28.2187066974596,0,0,12218.7,433,0,0,0,0
"4234",2023-09-15,16,45,12054.7,432,0,0,28.2187066974596,0,0,12218.7,433,0,0,0,0
"4235",2023-09-15,16,50,12218.7,433,0,0,28.2187066974596,0,0,12218.7,433,0,0,0,0
"4236",2023-09-15,16,55,11393.7,425,0,0,28.2187066974596,0,0,12218.7,433,0,0,0,0
"4237",2023-09-15,17,0,10950.7,421,0,0,30.932,0,0,11365.7,421,0,0,0,0
"4238",2023-09-15,17,5,11153.7,409,0,0,30.932,0,0,11365.7,421,0,0,0,0
"4239",2023-09-15,17,10,11262.7,410,0,0,30.932,0,0,11365.7,421,0,0,0,0
"4240",2023-09-15,17,15,11365.7,407,0,0,30.932,0,0,11365.7,421,0,0,0,0
"4241",2023-09-15,17,20,10746.7,406,0,0,30.932,0,0,11365.7,421,0,0,0,0
"4242",2023-09-15,17,25,11091.7,408,0,0,30.932,0,0,11365.7,421,0,0,0,0
"4243",2023-09-15,17,30,10686.7,403,0,0,30.932,0,0,11365.7,421,0,0,0,0
"4244",2023-09-15,17,35,10960.7,396,0,0,30.932,0,0,11365.7,421,0,0,0,0
"4245",2023-09-15,17,40,7733,250,0,0,30.932,0,0,11365.7,421,0,0,0,0
"4246",2023-09-15,17,45,8979.7,307,0,0,30.932,0,0,11365.7,421,0,0,0,0
"4247",2023-09-15,17,50,10888.7,393,0,0,30.932,0,0,11365.7,421,0,0,0,0
"4248",2023-09-15,17,55,10706.7,391,0,0,30.932,0,0,11365.7,421,0,0,0,0
"4249",2023-09-15,18,0,10338.7,385,0,0,31.03046875,0,0,11915.7,388,0,0,0,0
"4250",2023-09-15,18,5,10165.7,383,0,0,31.03046875,0,0,11915.7,388,0,0,0,0
"4251",2023-09-15,18,10,10612.7,382,0,0,31.03046875,0,0,11915.7,388,0,0,0,0
"4252",2023-09-15,18,15,10730.7,382,0,0,31.03046875,0,0,11915.7,388,0,0,0,0
"4253",2023-09-15,18,20,11517.7,388,0,0,31.03046875,0,0,11915.7,388,0,0,0,0
"4254",2023-09-15,18,25,11490.7,386,0,0,31.03046875,0,0,11915.7,388,0,0,0,0
"4255",2023-09-15,18,30,11915.7,384,0,0,31.03046875,0,0,11915.7,388,0,0,0,0
"4256",2023-09-15,18,35,10978.7,366,0,0,31.03046875,0,0,11915.7,388,0,0,0,0
"4257",2023-09-15,18,40,11344.7,369,0,0,31.03046875,0,0,11915.7,388,0,0,0,0
"4258",2023-09-15,18,45,11165,361,0,0,31.03046875,0,0,11915.7,388,0,0,0,0
"4259",2023-09-15,18,50,10554,359,0,0,31.03046875,0,0,11915.7,388,0,0,0,0
"4260",2023-09-15,18,55,9886,355,0,0,31.03046875,0,0,11915.7,388,0,0,0,0
"4261",2023-09-15,19,0,9864,355,0,0,27.7859154929577,0,0,9864,355,0,0,0,0
"4262",2023-09-15,19,5,9313,347,0,0,27.7859154929577,0,0,9864,355,0,0,0,0
"4263",2023-09-15,19,10,8958,343,0,0,27.7859154929577,0,0,9864,355,0,0,0,0
"4264",2023-09-15,19,15,8924,345,0,0,27.7859154929577,0,0,9864,355,0,0,0,0
"4265",2023-09-15,19,20,8582,342,0,0,27.7859154929577,0,0,9864,355,0,0,0,0
"4266",2023-09-15,19,25,8743,344,0,0,27.7859154929577,0,0,9864,355,0,0,0,0
"4267",2023-09-15,19,30,8360,340,0,0,27.7859154929577,0,0,9864,355,0,0,0,0
"4268",2023-09-15,19,35,8359,330,0,0,27.7859154929577,0,0,9864,355,0,0,0,0
"4269",2023-09-15,19,40,8876,329,0,0,27.7859154929577,0,0,9864,355,0,0,0,0
"4270",2023-09-15,19,45,8174,327,0,0,27.7859154929577,0,0,9864,355,0,0,0,0
"4271",2023-09-15,19,50,8396,327,0,0,27.7859154929577,0,0,9864,355,0,0,0,0
"4272",2023-09-15,19,55,8567,330,0,0,27.7859154929577,0,0,9864,355,0,0,0,0
"4273",2023-09-15,20,0,8481,331,0,0,26.719512195122,0,0,8764,331,0,0,0,0
"4274",2023-09-15,20,5,8755,328,0,0,26.719512195122,0,0,8764,331,0,0,0,0
"4275",2023-09-15,20,10,8764,328,0,0,26.719512195122,0,0,8764,331,0,0,0,0
"4276",2023-09-15,20,15,8326,327,0,0,26.719512195122,0,0,8764,331,0,0,0,0
"4277",2023-09-15,20,20,8070,327,0,0,26.719512195122,0,0,8764,331,0,0,0,0
"4278",2023-09-15,20,25,7857,326,0,0,26.719512195122,0,0,8764,331,0,0,0,0
"4279",2023-09-15,20,30,8007,325,0,0,26.719512195122,0,0,8764,331,0,0,0,0
"4280",2023-09-15,20,35,8303,321,0,0,26.719512195122,0,0,8764,331,0,0,0,0
"4281",2023-09-15,20,40,8270,318,0,0,26.719512195122,0,0,8764,331,0,0,0,0
"4282",2023-09-15,20,45,8004,314,0,0,26.719512195122,0,0,8764,331,0,0,0,0
"4283",2023-09-15,20,50,8113,314,0,0,26.719512195122,0,0,8764,331,0,0,0,0
"4284",2023-09-15,20,55,8091,313,0,0,26.719512195122,0,0,8764,331,0,0,0,0
"4285",2023-09-15,21,0,8344,311,0,0,26.8295819935691,0,0,8344,317,0,0,0,0
"4286",2023-09-15,21,5,7664,304,0,0,26.8295819935691,0,0,8344,317,0,0,0,0
"4287",2023-09-15,21,10,7350,305,0,0,26.8295819935691,0,0,8344,317,0,0,0,0
"4288",2023-09-15,21,15,7446,306,0,0,26.8295819935691,0,0,8344,317,0,0,0,0
"4289",2023-09-15,21,20,7635,305,0,0,26.8295819935691,0,0,8344,317,0,0,0,0
"4290",2023-09-15,21,25,7679,307,0,0,26.8295819935691,0,0,8344,317,0,0,0,0
"4291",2023-09-15,21,30,7375,309,0,0,26.8295819935691,0,0,8344,317,0,0,0,0
"4292",2023-09-15,21,35,7394,315,0,0,26.8295819935691,0,0,8344,317,0,0,0,0
"4293",2023-09-15,21,40,7623,317,0,0,26.8295819935691,0,0,8344,317,0,0,0,0
"4294",2023-09-15,21,45,7720,312,0,0,26.8295819935691,0,0,8344,317,0,0,0,0
"4295",2023-09-15,21,50,8042,317,0,0,26.8295819935691,0,0,8344,317,0,0,0,0
"4296",2023-09-15,21,55,8233,317,0,0,26.8295819935691,0,0,8344,317,0,0,0,0
"4297",2023-09-15,22,0,8126,317,0,0,25.6340694006309,0,0,8126,318,0,0,0,0
"4298",2023-09-15,22,5,7573,318,0,0,25.6340694006309,0,0,8126,318,0,0,0,0
"4299",2023-09-15,22,10,7551,317,0,0,25.6340694006309,0,0,8126,318,0,0,0,0
"4300",2023-09-15,22,15,7185,313,0,0,25.6340694006309,0,0,8126,318,0,0,0,0
"4301",2023-09-15,22,20,7038,309,0,0,25.6340694006309,0,0,8126,318,0,0,0,0
"4302",2023-09-15,22,25,7032,310,0,0,25.6340694006309,0,0,8126,318,0,0,0,0
"4303",2023-09-15,22,30,7032,310,0,0,25.6340694006309,0,0,8126,318,0,0,0,0
"4304",2023-09-15,22,35,6523,309,0,0,25.6340694006309,0,0,8126,318,0,0,0,0
"4305",2023-09-15,22,40,6812,309,0,0,25.6340694006309,0,0,8126,318,0,0,0,0
"4306",2023-09-15,22,45,6779,308,0,0,25.6340694006309,0,0,8126,318,0,0,0,0
"4307",2023-09-15,22,50,7351,311,0,0,25.6340694006309,0,0,8126,318,0,0,0,0
"4308",2023-09-15,22,55,7523,314,0,0,25.6340694006309,0,0,8126,318,0,0,0,0
"4309",2023-09-15,23,0,7878,316,0,0,25.7916666666667,0,0,8047,316,0,0,0,0
"4310",2023-09-15,23,5,8047,312,0,0,25.7916666666667,0,0,8047,316,0,0,0,0
"4311",2023-09-15,23,10,7476,304,0,0,25.7916666666667,0,0,8047,316,0,0,0,0
"4312",2023-09-15,23,15,6820,303,0,0,25.7916666666667,0,0,8047,316,0,0,0,0
"4313",2023-09-15,23,20,6715,298,0,0,25.7916666666667,0,0,8047,316,0,0,0,0
"4314",2023-09-15,23,25,6262,294,0,0,25.7916666666667,0,0,8047,316,0,0,0,0
"4315",2023-09-15,23,30,6218,292,0,0,25.7916666666667,0,0,8047,316,0,0,0,0
"4316",2023-09-15,23,35,6192,283,0,0,25.7916666666667,0,0,8047,316,0,0,0,0
"4317",2023-09-15,23,40,6265,281,0,0,25.7916666666667,0,0,8047,316,0,0,0,0
"4318",2023-09-15,23,45,6674,282,0,0,25.7916666666667,0,0,8047,316,0,0,0,0
"4319",2023-09-15,23,50,6658,283,0,0,25.7916666666667,0,0,8047,316,0,0,0,0
"4320",2023-09-15,23,55,6636,282,0,0,25.7916666666667,0,0,8047,316,0,0,0,0
"4321",2023-09-16,0,0,7156,269,0,0,27.2330508474576,0,0,7156,269,0,0,0,0
"4322",2023-09-16,0,5,6699,259,0,0,27.2330508474576,0,0,7156,269,0,0,0,0
"4323",2023-09-16,0,10,5885,222,0,0,27.2330508474576,0,0,7156,269,0,0,0,0
"4324",2023-09-16,0,15,6388,256,0,0,27.2330508474576,0,0,7156,269,0,0,0,0
"4325",2023-09-16,0,20,6267,250,0,0,27.2330508474576,0,0,7156,269,0,0,0,0
"4326",2023-09-16,0,25,6256,249,0,0,27.2330508474576,0,0,7156,269,0,0,0,0
"4327",2023-09-16,0,30,6384,249,0,0,27.2330508474576,0,0,7156,269,0,0,0,0
"4328",2023-09-16,0,35,6101,236,0,0,27.2330508474576,0,0,7156,269,0,0,0,0
"4329",2023-09-16,0,40,6401,237,0,0,27.2330508474576,0,0,7156,269,0,0,0,0
"4330",2023-09-16,0,45,6427,236,0,0,27.2330508474576,0,0,7156,269,0,0,0,0
"4331",2023-09-16,0,50,6471,238,0,0,27.2330508474576,0,0,7156,269,0,0,0,0
"4332",2023-09-16,0,55,5999,235,0,0,27.2330508474576,0,0,7156,269,0,0,0,0
"4333",2023-09-16,1,0,6037,235,0,0,28.296943231441,0,0,6524,235,0,0,0,0
"4334",2023-09-16,1,5,6102,229,0,0,28.296943231441,0,0,6524,235,0,0,0,0
"4335",2023-09-16,1,10,6102,229,0,0,28.296943231441,0,0,6524,235,0,0,0,0
"4336",2023-09-16,1,15,6502,230,0,0,28.296943231441,0,0,6524,235,0,0,0,0
"4337",2023-09-16,1,20,6480,229,0,0,28.296943231441,0,0,6524,235,0,0,0,0
"4338",2023-09-16,1,25,6524,231,0,0,28.296943231441,0,0,6524,235,0,0,0,0
"4339",2023-09-16,1,30,5902,228,0,0,28.296943231441,0,0,6524,235,0,0,0,0
"4340",2023-09-16,1,35,5496,227,0,0,28.296943231441,0,0,6524,235,0,0,0,0
"4341",2023-09-16,1,40,5496,227,0,0,28.296943231441,0,0,6524,235,0,0,0,0
"4342",2023-09-16,1,45,5430,224,0,0,28.296943231441,0,0,6524,235,0,0,0,0
"4343",2023-09-16,1,50,5430,224,0,0,28.296943231441,0,0,6524,235,0,0,0,0
"4344",2023-09-16,1,55,5342,220,0,0,28.296943231441,0,0,6524,235,0,0,0,0
"4345",2023-09-16,2,0,5408.7,241,0,0,23.24875,0,0,5612.7,242,0,0,0,0
"4346",2023-09-16,2,5,5601.7,241,0,0,23.24875,0,0,5612.7,242,0,0,0,0
"4347",2023-09-16,2,10,5579.7,240,0,0,23.24875,0,0,5612.7,242,0,0,0,0
"4348",2023-09-16,2,15,5612.7,242,0,0,23.24875,0,0,5612.7,242,0,0,0,0
"4349",2023-09-16,2,20,5590.7,241,0,0,23.24875,0,0,5612.7,242,0,0,0,0
"4350",2023-09-16,2,25,5290.7,240,0,0,23.24875,0,0,5612.7,242,0,0,0,0
"4351",2023-09-16,2,30,5190.7,239,0,0,23.24875,0,0,5612.7,242,0,0,0,0
"4352",2023-09-16,2,35,5006.7,237,0,0,23.24875,0,0,5612.7,242,0,0,0,0
"4353",2023-09-16,2,40,4995.7,236,0,0,23.24875,0,0,5612.7,242,0,0,0,0
"4354",2023-09-16,2,45,4918.7,232,0,0,23.24875,0,0,5612.7,242,0,0,0,0
"4355",2023-09-16,2,50,4918.7,232,0,0,23.24875,0,0,5612.7,242,0,0,0,0
"4356",2023-09-16,2,55,4885.7,230,0,0,23.24875,0,0,5612.7,242,0,0,0,0
"4357",2023-09-16,3,0,4874.7,229,0,0,22.878125,0,0,5124.7,230,0,0,0,0
"4358",2023-09-16,3,5,4935.7,230,0,0,22.878125,0,0,5124.7,230,0,0,0,0
"4359",2023-09-16,3,10,4924.7,229,0,0,22.878125,0,0,5124.7,230,0,0,0,0
"4360",2023-09-16,3,15,4902.7,228,0,0,22.878125,0,0,5124.7,230,0,0,0,0
"4361",2023-09-16,3,20,4880.7,227,0,0,22.878125,0,0,5124.7,230,0,0,0,0
"4362",2023-09-16,3,25,4869.7,226,0,0,22.878125,0,0,5124.7,230,0,0,0,0
"4363",2023-09-16,3,30,4869.7,226,0,0,22.878125,0,0,5124.7,230,0,0,0,0
"4364",2023-09-16,3,35,4803.7,223,0,0,22.878125,0,0,5124.7,230,0,0,0,0
"4365",2023-09-16,3,40,4824.7,223,0,0,22.878125,0,0,5124.7,230,0,0,0,0
"4366",2023-09-16,3,45,4824.7,223,0,0,22.878125,0,0,5124.7,230,0,0,0,0
"4367",2023-09-16,3,50,5124.7,224,0,0,22.878125,0,0,5124.7,230,0,0,0,0
"4368",2023-09-16,3,55,4824.7,223,0,0,22.878125,0,0,5124.7,230,0,0,0,0
"4369",2023-09-16,4,0,4824.7,223,0,0,23.2158371040724,0,0,5163.7,223,0,0,0,0
"4370",2023-09-16,4,5,5163.7,223,0,0,23.2158371040724,0,0,5163.7,223,0,0,0,0
"4371",2023-09-16,4,10,5163.7,223,0,0,23.2158371040724,0,0,5163.7,223,0,0,0,0
"4372",2023-09-16,4,15,5152.7,222,0,0,23.2158371040724,0,0,5163.7,223,0,0,0,0
"4373",2023-09-16,4,20,5152.7,222,0,0,23.2158371040724,0,0,5163.7,223,0,0,0,0
"4374",2023-09-16,4,25,5130.7,221,0,0,23.2158371040724,0,0,5163.7,223,0,0,0,0
"4375",2023-09-16,4,30,5130.7,221,0,0,23.2158371040724,0,0,5163.7,223,0,0,0,0
"4376",2023-09-16,4,35,4569.7,217,0,0,23.2158371040724,0,0,5163.7,223,0,0,0,0
"4377",2023-09-16,4,40,4543.7,209,0,0,23.2158371040724,0,0,5163.7,223,0,0,0,0
"4378",2023-09-16,4,45,4653.7,215,0,0,23.2158371040724,0,0,5163.7,223,0,0,0,0
"4379",2023-09-16,4,50,4653.7,215,0,0,23.2158371040724,0,0,5163.7,223,0,0,0,0
"4380",2023-09-16,4,55,4503.7,214,0,0,23.2158371040724,0,0,5163.7,223,0,0,0,0
"4381",2023-09-16,5,0,4459.7,212,0,0,21.7414285714286,0,0,4576.7,212,0,0,0,0
"4382",2023-09-16,5,5,4448.7,211,0,0,21.7414285714286,0,0,4576.7,212,0,0,0,0
"4383",2023-09-16,5,10,4448.7,211,0,0,21.7414285714286,0,0,4576.7,212,0,0,0,0
"4384",2023-09-16,5,15,4437.7,210,0,0,21.7414285714286,0,0,4576.7,212,0,0,0,0
"4385",2023-09-16,5,20,4437.7,210,0,0,21.7414285714286,0,0,4576.7,212,0,0,0,0
"4386",2023-09-16,5,25,4437.7,210,0,0,21.7414285714286,0,0,4576.7,212,0,0,0,0
"4387",2023-09-16,5,30,4415.7,209,0,0,21.7414285714286,0,0,4576.7,212,0,0,0,0
"4388",2023-09-16,5,35,4576.7,211,0,0,21.7414285714286,0,0,4576.7,212,0,0,0,0
"4389",2023-09-16,5,40,4576.7,211,0,0,21.7414285714286,0,0,4576.7,212,0,0,0,0
"4390",2023-09-16,5,45,4565.7,210,0,0,21.7414285714286,0,0,4576.7,212,0,0,0,0
"4391",2023-09-16,5,50,4565.7,210,0,0,21.7414285714286,0,0,4576.7,212,0,0,0,0
"4392",2023-09-16,5,55,4565.7,210,0,0,21.7414285714286,0,0,4576.7,212,0,0,0,0
"4393",2023-09-16,6,35,4510.7,208,0,0,21.7898058252427,0,0,4565.7,210,0,0,0,0
"4394",2023-09-16,6,0,4565.7,210,0,0,21.7898058252427,0,0,4565.7,210,0,0,0,0
"4395",2023-09-16,6,5,4543.7,209,0,0,21.7898058252427,0,0,4565.7,210,0,0,0,0
"4396",2023-09-16,6,10,4543.7,209,0,0,21.7898058252427,0,0,4565.7,210,0,0,0,0
"4397",2023-09-16,6,15,4499.7,207,0,0,21.7898058252427,0,0,4565.7,210,0,0,0,0
"4398",2023-09-16,6,20,4499.7,207,0,0,21.7898058252427,0,0,4565.7,210,0,0,0,0
"4399",2023-09-16,6,25,4521.7,208,0,0,21.7898058252427,0,0,4565.7,210,0,0,0,0
"4400",2023-09-16,6,30,4499.7,207,0,0,21.7898058252427,0,0,4565.7,210,0,0,0,0
"4401",2023-09-16,6,40,4499.7,207,0,0,21.7898058252427,0,0,4565.7,210,0,0,0,0
"4402",2023-09-16,6,45,4499.7,207,0,0,21.7898058252427,0,0,4565.7,210,0,0,0,0
"4403",2023-09-16,6,50,4488.7,206,0,0,21.7898058252427,0,0,4565.7,210,0,0,0,0
"4404",2023-09-16,6,55,4466.7,205,0,0,21.7898058252427,0,0,4565.7,210,0,0,0,0
"4405",2023-09-16,7,0,4444.7,204,0,0,23.0375609756098,0,0,4766.7,207,0,0,0,0
"4406",2023-09-16,7,5,4766.7,207,0,0,23.0375609756098,0,0,4766.7,207,0,0,0,0
"4407",2023-09-16,7,10,4766.7,207,0,0,23.0375609756098,0,0,4766.7,207,0,0,0,0
"4408",2023-09-16,7,15,4766.7,207,0,0,23.0375609756098,0,0,4766.7,207,0,0,0,0
"4409",2023-09-16,7,20,4744.7,206,0,0,23.0375609756098,0,0,4766.7,207,0,0,0,0
"4410",2023-09-16,7,25,4744.7,206,0,0,23.0375609756098,0,0,4766.7,207,0,0,0,0
"4411",2023-09-16,7,30,4722.7,205,0,0,23.0375609756098,0,0,4766.7,207,0,0,0,0
"4412",2023-09-16,7,35,4466.7,205,0,0,23.0375609756098,0,0,4766.7,207,0,0,0,0
"4413",2023-09-16,7,40,4444.7,204,0,0,23.0375609756098,0,0,4766.7,207,0,0,0,0
"4414",2023-09-16,7,45,4444.7,204,0,0,23.0375609756098,0,0,4766.7,207,0,0,0,0
"4415",2023-09-16,7,50,4433.7,203,0,0,23.0375609756098,0,0,4766.7,207,0,0,0,0
"4416",2023-09-16,7,55,4433.7,203,0,0,23.0375609756098,0,0,4766.7,207,0,0,0,0
"4417",2023-09-16,8,0,4389.7,201,0,0,23.8423645320197,0,0,4840,203,0,0,0,0
"4418",2023-09-16,8,5,4408,201,0,0,23.8423645320197,0,0,4840,203,0,0,0,0
"4419",2023-09-16,8,10,4364,199,0,0,23.8423645320197,0,0,4840,203,0,0,0,0
"4420",2023-09-16,8,15,4506,202,0,0,23.8423645320197,0,0,4840,203,0,0,0,0
"4421",2023-09-16,8,20,4484,201,0,0,23.8423645320197,0,0,4840,203,0,0,0,0
"4422",2023-09-16,8,25,4504,202,0,0,23.8423645320197,0,0,4840,203,0,0,0,0
"4423",2023-09-16,8,30,4613,202,0,0,23.8423645320197,0,0,4840,203,0,0,0,0
"4424",2023-09-16,8,35,4741,202,0,0,23.8423645320197,0,0,4840,203,0,0,0,0
"4425",2023-09-16,8,40,4720,202,0,0,23.8423645320197,0,0,4840,203,0,0,0,0
"4426",2023-09-16,8,45,4720,202,0,0,23.8423645320197,0,0,4840,203,0,0,0,0
"4427",2023-09-16,8,50,4742,203,0,0,23.8423645320197,0,0,4840,203,0,0,0,0
"4428",2023-09-16,8,55,4840,203,0,0,23.8423645320197,0,0,4840,203,0,0,0,0
"4429",2023-09-16,9,0,4829,202,0,0,25.4075829383886,0,0,5408,213,0,0,0,0
"4430",2023-09-16,9,5,4616,204,0,0,25.4075829383886,0,0,5408,213,0,0,0,0
"4431",2023-09-16,9,10,4627,205,0,0,25.4075829383886,0,0,5408,213,0,0,0,0
"4432",2023-09-16,9,15,4627,205,0,0,25.4075829383886,0,0,5408,213,0,0,0,0
"4433",2023-09-16,9,20,4627,205,0,0,25.4075829383886,0,0,5408,213,0,0,0,0
"4434",2023-09-16,9,25,4529,205,0,0,25.4075829383886,0,0,5408,213,0,0,0,0
"4435",2023-09-16,9,30,4529,205,0,0,25.4075829383886,0,0,5408,213,0,0,0,0
"4436",2023-09-16,9,35,4725,207,0,0,25.4075829383886,0,0,5408,213,0,0,0,0
"4437",2023-09-16,9,40,4761,209,0,0,25.4075829383886,0,0,5408,213,0,0,0,0
"4438",2023-09-16,9,45,5361,211,0,0,25.4075829383886,0,0,5408,213,0,0,0,0
"4439",2023-09-16,9,50,5328,211,0,0,25.4075829383886,0,0,5408,213,0,0,0,0
"4440",2023-09-16,9,55,5408,213,0,0,25.4075829383886,0,0,5408,213,0,0,0,0
"4441",2023-09-16,10,0,5485,217,0,0,27.669387755102,0,0,6779,245,0,0,0,0
"4442",2023-09-16,10,5,5945,225,0,0,27.669387755102,0,0,6779,245,0,0,0,0
"4443",2023-09-16,10,10,6028,227,0,0,27.669387755102,0,0,6779,245,0,0,0,0
"4444",2023-09-16,10,15,6162,229,0,0,27.669387755102,0,0,6779,245,0,0,0,0
"4445",2023-09-16,10,20,5862,228,0,0,27.669387755102,0,0,6779,245,0,0,0,0
"4446",2023-09-16,10,25,5901,233,0,0,27.669387755102,0,0,6779,245,0,0,0,0
"4447",2023-09-16,10,30,5967,236,0,0,27.669387755102,0,0,6779,245,0,0,0,0
"4448",2023-09-16,10,35,6168,234,0,0,27.669387755102,0,0,6779,245,0,0,0,0
"4449",2023-09-16,10,40,5921,237,0,0,27.669387755102,0,0,6779,245,0,0,0,0
"4450",2023-09-16,10,45,6068,236,0,0,27.669387755102,0,0,6779,245,0,0,0,0
"4451",2023-09-16,10,50,6336,241,0,0,27.669387755102,0,0,6779,245,0,0,0,0
"4452",2023-09-16,10,55,6779,245,0,0,27.669387755102,0,0,6779,245,0,0,0,0
"4453",2023-09-16,11,0,7042,249,0,0,28.8668941979522,0,0,8529,306,0,0,0,0
"4454",2023-09-16,11,5,7437,268,0,0,28.8668941979522,0,0,8529,306,0,0,0,0
"4455",2023-09-16,11,10,7310,264,0,0,28.8668941979522,0,0,8529,306,0,0,0,0
"4456",2023-09-16,11,15,7348,268,0,0,28.8668941979522,0,0,8529,306,0,0,0,0
"4457",2023-09-16,11,20,7559,276,0,0,28.8668941979522,0,0,8529,306,0,0,0,0
"4458",2023-09-16,11,25,7947,282,0,0,28.8668941979522,0,0,8529,306,0,0,0,0
"4459",2023-09-16,11,30,7620,281,0,0,28.8668941979522,0,0,8529,306,0,0,0,0
"4460",2023-09-16,11,35,8458,293,0,0,28.8668941979522,0,0,8529,306,0,0,0,0
"4461",2023-09-16,11,40,8301,298,0,0,28.8668941979522,0,0,8529,306,0,0,0,0
"4462",2023-09-16,11,45,8331,300,0,0,28.8668941979522,0,0,8529,306,0,0,0,0
"4463",2023-09-16,11,50,8473,302,0,0,28.8668941979522,0,0,8529,306,0,0,0,0
"4464",2023-09-16,11,55,8529,306,0,0,28.8668941979522,0,0,8529,306,0,0,0,0
"4465",2023-09-16,12,0,8180,305,0,0,30.0176991150442,0,0,10176,343,0,0,0,0
"4466",2023-09-16,12,5,8118,315,0,0,30.0176991150442,0,0,10176,343,0,0,0,0
"4467",2023-09-16,12,10,7782,309,0,0,30.0176991150442,0,0,10176,343,0,0,0,0
"4468",2023-09-16,12,15,7724,310,0,0,30.0176991150442,0,0,10176,343,0,0,0,0
"4469",2023-09-16,12,20,8163,312,0,0,30.0176991150442,0,0,10176,343,0,0,0,0
"4470",2023-09-16,12,25,8435,313,0,0,30.0176991150442,0,0,10176,343,0,0,0,0
"4471",2023-09-16,12,30,8237,308,0,0,30.0176991150442,0,0,10176,343,0,0,0,0
"4472",2023-09-16,12,35,9674,336,0,0,30.0176991150442,0,0,10176,343,0,0,0,0
"4473",2023-09-16,12,40,10176,339,0,0,30.0176991150442,0,0,10176,343,0,0,0,0
"4474",2023-09-16,12,45,10100,342,0,0,30.0176991150442,0,0,10176,343,0,0,0,0
"4475",2023-09-16,12,50,9822,342,0,0,30.0176991150442,0,0,10176,343,0,0,0,0
"4476",2023-09-16,12,55,9901,343,0,0,30.0176991150442,0,0,10176,343,0,0,0,0
"4477",2023-09-16,13,20,11862.7,366,0,0,32.4273480662983,0,0,11862.7,366,0,0,0,0
"4478",2023-09-16,13,25,10667.7,362,0,0,32.4273480662983,0,0,11862.7,366,0,0,0,0
"4479",2023-09-16,13,30,10182.7,356,0,0,32.4273480662983,0,0,11862.7,366,0,0,0,0
"4480",2023-09-16,13,35,9315.7,355,0,0,32.4273480662983,0,0,11862.7,366,0,0,0,0
"4481",2023-09-16,13,40,9076.7,356,0,0,32.4273480662983,0,0,11862.7,366,0,0,0,0
"4482",2023-09-16,13,45,8948.7,357,0,0,32.4273480662983,0,0,11862.7,366,0,0,0,0
"4483",2023-09-16,13,50,8922.7,358,0,0,32.4273480662983,0,0,11862.7,366,0,0,0,0
"4484",2023-09-16,13,55,9260.7,363,0,0,32.4273480662983,0,0,11862.7,366,0,0,0,0
"4485",2023-09-16,13,0,10750.7,353,0,0,32.4273480662983,0,0,11862.7,366,0,0,0,0
"4486",2023-09-16,13,5,11332.7,354,0,0,32.4273480662983,0,0,11862.7,366,0,0,0,0
"4487",2023-09-16,13,10,11350.7,358,0,0,32.4273480662983,0,0,11862.7,366,0,0,0,0
"4488",2023-09-16,13,15,11738.7,362,0,0,32.4273480662983,0,0,11862.7,366,0,0,0,0
"4489",2023-09-16,14,10,9526.7,376,0,0,28.2511450381679,0,0,11102.7,393,0,0,0,0
"4490",2023-09-16,14,15,9461.7,378,0,0,28.2511450381679,0,0,11102.7,393,0,0,0,0
"4491",2023-09-16,14,20,9930.7,379,0,0,28.2511450381679,0,0,11102.7,393,0,0,0,0
"4492",2023-09-16,14,25,10362.7,386,0,0,28.2511450381679,0,0,11102.7,393,0,0,0,0
"4493",2023-09-16,14,30,10362.7,387,0,0,28.2511450381679,0,0,11102.7,393,0,0,0,0
"4494",2023-09-16,14,35,10613.7,392,0,0,28.2511450381679,0,0,11102.7,393,0,0,0,0
"4495",2023-09-16,14,40,10852.7,393,0,0,28.2511450381679,0,0,11102.7,393,0,0,0,0
"4496",2023-09-16,14,45,11102.7,393,0,0,28.2511450381679,0,0,11102.7,393,0,0,0,0
"4497",2023-09-16,14,50,10687.7,390,0,0,28.2511450381679,0,0,11102.7,393,0,0,0,0
"4498",2023-09-16,14,55,10458.7,385,0,0,28.2511450381679,0,0,11102.7,393,0,0,0,0
"4499",2023-09-16,14,0,9552.7,365,0,0,28.2511450381679,0,0,11102.7,393,0,0,0,0
"4500",2023-09-16,14,5,9415.7,374,0,0,28.2511450381679,0,0,11102.7,393,0,0,0,0
"4501",2023-09-16,15,0,10305.7,383,0,0,28.8320954907162,0,0,10869.7,383,0,0,0,0
"4502",2023-09-16,15,5,9960.7,373,0,0,28.8320954907162,0,0,10869.7,383,0,0,0,0
"4503",2023-09-16,15,10,9915.7,374,0,0,28.8320954907162,0,0,10869.7,383,0,0,0,0
"4504",2023-09-16,15,15,10323.7,374,0,0,28.8320954907162,0,0,10869.7,383,0,0,0,0
"4505",2023-09-16,15,20,10487.7,376,0,0,28.8320954907162,0,0,10869.7,383,0,0,0,0
"4506",2023-09-16,15,25,10747.7,376,0,0,28.8320954907162,0,0,10869.7,383,0,0,0,0
"4507",2023-09-16,15,30,10869.7,377,0,0,28.8320954907162,0,0,10869.7,383,0,0,0,0
"4508",2023-09-16,15,35,10381.7,374,0,0,28.8320954907162,0,0,10869.7,383,0,0,0,0
"4509",2023-09-16,15,40,9792.7,373,0,0,28.8320954907162,0,0,10869.7,383,0,0,0,0
"4510",2023-09-16,15,45,9258.7,374,0,0,28.8320954907162,0,0,10869.7,383,0,0,0,0
"4511",2023-09-16,15,50,9182.7,375,0,0,28.8320954907162,0,0,10869.7,383,0,0,0,0
"4512",2023-09-16,15,55,9216.7,375,0,0,28.8320954907162,0,0,10869.7,383,0,0,0,0
"4513",2023-09-16,16,0,8911.7,375,0,0,26.1195187165775,0,0,9768.7,377,0,0,0,0
"4514",2023-09-16,16,5,9620.7,374,0,0,26.1195187165775,0,0,9768.7,377,0,0,0,0
"4515",2023-09-16,16,10,9768.7,374,0,0,26.1195187165775,0,0,9768.7,377,0,0,0,0
"4516",2023-09-16,16,15,9661.7,375,0,0,26.1195187165775,0,0,9768.7,377,0,0,0,0
"4517",2023-09-16,16,20,9650.7,374,0,0,26.1195187165775,0,0,9768.7,377,0,0,0,0
"4518",2023-09-16,16,25,9667.7,373,0,0,26.1195187165775,0,0,9768.7,377,0,0,0,0
"4519",2023-09-16,16,30,9637.7,374,0,0,26.1195187165775,0,0,9768.7,377,0,0,0,0
"4520",2023-09-16,16,35,7884.4,365,0,0,26.1195187165775,0,0,9768.7,377,0,0,0,0
"4521",2023-09-16,16,40,7845.4,366,0,0,26.1195187165775,0,0,9768.7,377,0,0,0,0
"4522",2023-09-16,16,45,7849.4,370,0,0,26.1195187165775,0,0,9768.7,377,0,0,0,0
"4523",2023-09-16,16,50,7860.4,370,0,0,26.1195187165775,0,0,9768.7,377,0,0,0,0
"4524",2023-09-16,16,55,8858.4,377,0,0,26.1195187165775,0,0,9768.7,377,0,0,0,0
"4525",2023-09-16,17,0,9155.4,377,0,0,28.9247787610619,0,0,9588.4,377,0,0,0,0
"4526",2023-09-16,17,5,9384.4,370,0,0,28.9247787610619,0,0,9588.4,377,0,0,0,0
"4527",2023-09-16,17,10,9434.4,371,0,0,28.9247787610619,0,0,9588.4,377,0,0,0,0
"4528",2023-09-16,17,15,9580.4,368,0,0,28.9247787610619,0,0,9588.4,377,0,0,0,0
"4529",2023-09-16,17,20,9586.4,367,0,0,28.9247787610619,0,0,9588.4,377,0,0,0,0
"4530",2023-09-16,17,25,9384.4,365,0,0,28.9247787610619,0,0,9588.4,377,0,0,0,0
"4531",2023-09-16,17,30,9373.4,364,0,0,28.9247787610619,0,0,9588.4,377,0,0,0,0
"4532",2023-09-16,17,35,9152.4,365,0,0,28.9247787610619,0,0,9588.4,377,0,0,0,0
"4533",2023-09-16,17,40,6537,226,0,0,28.9247787610619,0,0,9588.4,377,0,0,0,0
"4534",2023-09-16,17,45,9588.4,363,0,0,28.9247787610619,0,0,9588.4,377,0,0,0,0
"4535",2023-09-16,17,50,9288.4,362,0,0,28.9247787610619,0,0,9588.4,377,0,0,0,0
"4536",2023-09-16,17,55,9282.4,361,0,0,28.9247787610619,0,0,9588.4,377,0,0,0,0
"4537",2023-09-16,18,0,9298.4,360,0,0,29.2766404199475,0,0,11154.4,381,0,0,0,0
"4538",2023-09-16,18,5,9963.4,376,0,0,29.2766404199475,0,0,11154.4,381,0,0,0,0
"4539",2023-09-16,18,10,10110.4,375,0,0,29.2766404199475,0,0,11154.4,381,0,0,0,0
"4540",2023-09-16,18,15,11154.4,381,0,0,29.2766404199475,0,0,11154.4,381,0,0,0,0
"4541",2023-09-16,18,20,10580.4,376,0,0,29.2766404199475,0,0,11154.4,381,0,0,0,0
"4542",2023-09-16,18,25,10505.4,372,0,0,29.2766404199475,0,0,11154.4,381,0,0,0,0
"4543",2023-09-16,18,30,9600.4,367,0,0,29.2766404199475,0,0,11154.4,381,0,0,0,0
"4544",2023-09-16,18,35,9602.4,367,0,0,29.2766404199475,0,0,11154.4,381,0,0,0,0
"4545",2023-09-16,18,40,9471.4,365,0,0,29.2766404199475,0,0,11154.4,381,0,0,0,0
"4546",2023-09-16,18,45,9333.4,359,0,0,29.2766404199475,0,0,11154.4,381,0,0,0,0
"4547",2023-09-16,18,50,9021.4,356,0,0,29.2766404199475,0,0,11154.4,381,0,0,0,0
"4548",2023-09-16,18,55,8631.4,353,0,0,29.2766404199475,0,0,11154.4,381,0,0,0,0
"4549",2023-09-16,19,0,9078.4,353,0,0,28.1183139534884,0,0,9672.7,353,0,0,0,0
"4550",2023-09-16,19,5,9367.7,347,0,0,28.1183139534884,0,0,9672.7,353,0,0,0,0
"4551",2023-09-16,19,10,9153.7,344,0,0,28.1183139534884,0,0,9672.7,353,0,0,0,0
"4552",2023-09-16,19,15,9672.7,344,0,0,28.1183139534884,0,0,9672.7,353,0,0,0,0
"4553",2023-09-16,19,20,9475.7,341,0,0,28.1183139534884,0,0,9672.7,353,0,0,0,0
"4554",2023-09-16,19,25,9142.7,337,0,0,28.1183139534884,0,0,9672.7,353,0,0,0,0
"4555",2023-09-16,19,30,8826.7,335,0,0,28.1183139534884,0,0,9672.7,353,0,0,0,0
"4556",2023-09-16,19,35,8756.7,337,0,0,28.1183139534884,0,0,9672.7,353,0,0,0,0
"4557",2023-09-16,19,40,8789.7,338,0,0,28.1183139534884,0,0,9672.7,353,0,0,0,0
"4558",2023-09-16,19,45,8866.7,339,0,0,28.1183139534884,0,0,9672.7,353,0,0,0,0
"4559",2023-09-16,19,50,8691.7,335,0,0,28.1183139534884,0,0,9672.7,353,0,0,0,0
"4560",2023-09-16,19,55,8496.7,335,0,0,28.1183139534884,0,0,9672.7,353,0,0,0,0
"4561",2023-09-16,20,0,8581.7,332,0,0,25.945253164557,0,0,8581.7,332,0,0,0,0
"4562",2023-09-16,20,5,8057.7,320,0,0,25.945253164557,0,0,8581.7,332,0,0,0,0
"4563",2023-09-16,20,10,8089.7,317,0,0,25.945253164557,0,0,8581.7,332,0,0,0,0
"4564",2023-09-16,20,15,8198.7,316,0,0,25.945253164557,0,0,8581.7,332,0,0,0,0
"4565",2023-09-16,20,20,8008.7,315,0,0,25.945253164557,0,0,8581.7,332,0,0,0,0
"4566",2023-09-16,20,25,7936.7,313,0,0,25.945253164557,0,0,8581.7,332,0,0,0,0
"4567",2023-09-16,20,30,7919.7,315,0,0,25.945253164557,0,0,8581.7,332,0,0,0,0
"4568",2023-09-16,20,35,7693.7,302,0,0,25.945253164557,0,0,8581.7,332,0,0,0,0
"4569",2023-09-16,20,40,7801.7,301,0,0,25.945253164557,0,0,8581.7,332,0,0,0,0
"4570",2023-09-16,20,45,7391.7,294,0,0,25.945253164557,0,0,8581.7,332,0,0,0,0
"4571",2023-09-16,20,50,7441.7,294,0,0,25.945253164557,0,0,8581.7,332,0,0,0,0
"4572",2023-09-16,20,55,7527.7,297,0,0,25.945253164557,0,0,8581.7,332,0,0,0,0
"4573",2023-09-16,21,0,7780,294,0,0,27.6758620689655,0,0,8026,294,0,0,0,0
"4574",2023-09-16,21,5,7375,286,0,0,27.6758620689655,0,0,8026,294,0,0,0,0
"4575",2023-09-16,21,10,7436,287,0,0,27.6758620689655,0,0,8026,294,0,0,0,0
"4576",2023-09-16,21,15,7546,289,0,0,27.6758620689655,0,0,8026,294,0,0,0,0
"4577",2023-09-16,21,20,7726,289,0,0,27.6758620689655,0,0,8026,294,0,0,0,0
"4578",2023-09-16,21,25,8026,290,0,0,27.6758620689655,0,0,8026,294,0,0,0,0
"4579",2023-09-16,21,30,7332,286,0,0,27.6758620689655,0,0,8026,294,0,0,0,0
"4580",2023-09-16,21,35,7311,287,0,0,27.6758620689655,0,0,8026,294,0,0,0,0
"4581",2023-09-16,21,40,7300,286,0,0,27.6758620689655,0,0,8026,294,0,0,0,0
"4582",2023-09-16,21,45,7635,286,0,0,27.6758620689655,0,0,8026,294,0,0,0,0
"4583",2023-09-16,21,50,7599,284,0,0,27.6758620689655,0,0,8026,294,0,0,0,0
"4584",2023-09-16,21,55,7566,282,0,0,27.6758620689655,0,0,8026,294,0,0,0,0
"4585",2023-09-16,22,0,7244,280,0,0,27.7517985611511,0,0,7770,280,0,0,0,0
"4586",2023-09-16,22,5,7710,280,0,0,27.7517985611511,0,0,7770,280,0,0,0,0
"4587",2023-09-16,22,10,7726,279,0,0,27.7517985611511,0,0,7770,280,0,0,0,0
"4588",2023-09-16,22,15,7426,278,0,0,27.7517985611511,0,0,7770,280,0,0,0,0
"4589",2023-09-16,22,20,7459,279,0,0,27.7517985611511,0,0,7770,280,0,0,0,0
"4590",2023-09-16,22,25,7715,278,0,0,27.7517985611511,0,0,7770,280,0,0,0,0
"4591",2023-09-16,22,30,7770,280,0,0,27.7517985611511,0,0,7770,280,0,0,0,0
"4592",2023-09-16,22,35,7225,276,0,0,27.7517985611511,0,0,7770,280,0,0,0,0
"4593",2023-09-16,22,40,7035,279,0,0,27.7517985611511,0,0,7770,280,0,0,0,0
"4594",2023-09-16,22,45,6741,280,0,0,27.7517985611511,0,0,7770,280,0,0,0,0
"4595",2023-09-16,22,50,6487,276,0,0,27.7517985611511,0,0,7770,280,0,0,0,0
"4596",2023-09-16,22,55,6265,269,0,0,27.7517985611511,0,0,7770,280,0,0,0,0
"4597",2023-09-16,23,0,6210,266,0,0,26.7132075471698,0,0,7134,268,0,0,0,0
"4598",2023-09-16,23,5,6282,265,0,0,26.7132075471698,0,0,7134,268,0,0,0,0
"4599",2023-09-16,23,10,6254,263,0,0,26.7132075471698,0,0,7134,268,0,0,0,0
"4600",2023-09-16,23,15,6298,265,0,0,26.7132075471698,0,0,7134,268,0,0,0,0
"4601",2023-09-16,23,20,6426,265,0,0,26.7132075471698,0,0,7134,268,0,0,0,0
"4602",2023-09-16,23,25,6573,264,0,0,26.7132075471698,0,0,7134,268,0,0,0,0
"4603",2023-09-16,23,30,6540,262,0,0,26.7132075471698,0,0,7134,268,0,0,0,0
"4604",2023-09-16,23,35,6757,264,0,0,26.7132075471698,0,0,7134,268,0,0,0,0
"4605",2023-09-16,23,40,6779,265,0,0,26.7132075471698,0,0,7134,268,0,0,0,0
"4606",2023-09-16,23,45,7079,265,0,0,26.7132075471698,0,0,7134,268,0,0,0,0
"4607",2023-09-16,23,50,7090,266,0,0,26.7132075471698,0,0,7134,268,0,0,0,0
"4608",2023-09-16,23,55,7134,268,0,0,26.7132075471698,0,0,7134,268,0,0,0,0
"4609",2023-09-17,0,0,4308,188,0,0,25.1436464088398,0,0,4551,188,0,0,0,0
"4610",2023-09-17,0,5,4251,180,0,0,25.1436464088398,0,0,4551,188,0,0,0,0
"4611",2023-09-17,0,10,4551,181,0,0,25.1436464088398,0,0,4551,188,0,0,0,0
"4612",2023-09-17,0,15,4551,181,0,0,25.1436464088398,0,0,4551,188,0,0,0,0
"4613",2023-09-17,0,20,4251,180,0,0,25.1436464088398,0,0,4551,188,0,0,0,0
"4614",2023-09-17,0,25,4251,180,0,0,25.1436464088398,0,0,4551,188,0,0,0,0
"4615",2023-09-17,0,30,4229,179,0,0,25.1436464088398,0,0,4551,188,0,0,0,0
"4616",2023-09-17,0,35,4297,179,0,0,25.1436464088398,0,0,4551,188,0,0,0,0
"4617",2023-09-17,0,40,4275,178,0,0,25.1436464088398,0,0,4551,188,0,0,0,0
"4618",2023-09-17,0,45,4264,177,0,0,25.1436464088398,0,0,4551,188,0,0,0,0
"4619",2023-09-17,0,50,4414,178,0,0,25.1436464088398,0,0,4551,188,0,0,0,0
"4620",2023-09-17,0,55,4403,178,0,0,25.1436464088398,0,0,4551,188,0,0,0,0
"4621",2023-09-17,1,0,4354,178,0,0,24.4606741573034,0,0,4354,178,0,0,0,0
"4622",2023-09-17,1,5,4020,171,0,0,24.4606741573034,0,0,4354,178,0,0,0,0
"4623",2023-09-17,1,10,3987,168,0,0,24.4606741573034,0,0,4354,178,0,0,0,0
"4624",2023-09-17,1,15,3976,168,0,0,24.4606741573034,0,0,4354,178,0,0,0,0
"4625",2023-09-17,1,20,3954,167,0,0,24.4606741573034,0,0,4354,178,0,0,0,0
"4626",2023-09-17,1,25,3976,168,0,0,24.4606741573034,0,0,4354,178,0,0,0,0
"4627",2023-09-17,1,30,3932,166,0,0,24.4606741573034,0,0,4354,178,0,0,0,0
"4628",2023-09-17,1,35,3388,160,0,0,24.4606741573034,0,0,4354,178,0,0,0,0
"4629",2023-09-17,1,40,3399,161,0,0,24.4606741573034,0,0,4354,178,0,0,0,0
"4630",2023-09-17,1,45,3399,161,0,0,24.4606741573034,0,0,4354,178,0,0,0,0
"4631",2023-09-17,1,50,3377,160,0,0,24.4606741573034,0,0,4354,178,0,0,0,0
"4632",2023-09-17,1,55,3355,159,0,0,24.4606741573034,0,0,4354,178,0,0,0,0
"4633",2023-09-17,2,0,4998,217,0,0,25.8672985781991,0,0,5458,217,0,0,0,0
"4634",2023-09-17,2,5,4945,213,0,0,25.8672985781991,0,0,5458,217,0,0,0,0
"4635",2023-09-17,2,10,4967,214,0,0,25.8672985781991,0,0,5458,217,0,0,0,0
"4636",2023-09-17,2,15,5245,214,0,0,25.8672985781991,0,0,5458,217,0,0,0,0
"4637",2023-09-17,2,20,5267,215,0,0,25.8672985781991,0,0,5458,217,0,0,0,0
"4638",2023-09-17,2,25,5141,211,0,0,25.8672985781991,0,0,5458,217,0,0,0,0
"4639",2023-09-17,2,30,5152,212,0,0,25.8672985781991,0,0,5458,217,0,0,0,0
"4640",2023-09-17,2,35,5458,211,0,0,25.8672985781991,0,0,5458,217,0,0,0,0
"4641",2023-09-17,2,40,5158,210,0,0,25.8672985781991,0,0,5458,217,0,0,0,0
"4642",2023-09-17,2,45,5147,209,0,0,25.8672985781991,0,0,5458,217,0,0,0,0
"4643",2023-09-17,2,50,4847,208,0,0,25.8672985781991,0,0,5458,217,0,0,0,0
"4644",2023-09-17,2,55,4847,209,0,0,25.8672985781991,0,0,5458,217,0,0,0,0
"4645",2023-09-17,3,0,4847,209,0,0,24.3951219512195,0,0,5018,209,0,0,0,0
"4646",2023-09-17,3,5,4999,209,0,0,24.3951219512195,0,0,5018,209,0,0,0,0
"4647",2023-09-17,3,10,4977,208,0,0,24.3951219512195,0,0,5018,209,0,0,0,0
"4648",2023-09-17,3,15,4977,208,0,0,24.3951219512195,0,0,5018,209,0,0,0,0
"4649",2023-09-17,3,20,4966,207,0,0,24.3951219512195,0,0,5018,209,0,0,0,0
"4650",2023-09-17,3,25,4922,205,0,0,24.3951219512195,0,0,5018,209,0,0,0,0
"4651",2023-09-17,3,30,4982,206,0,0,24.3951219512195,0,0,5018,209,0,0,0,0
"4652",2023-09-17,3,35,5018,206,0,0,24.3951219512195,0,0,5018,209,0,0,0,0
"4653",2023-09-17,3,40,5001,205,0,0,24.3951219512195,0,0,5018,209,0,0,0,0
"4654",2023-09-17,3,45,5001,205,0,0,24.3951219512195,0,0,5018,209,0,0,0,0
"4655",2023-09-17,3,50,5001,205,0,0,24.3951219512195,0,0,5018,209,0,0,0,0
"4656",2023-09-17,3,55,5001,205,0,0,24.3951219512195,0,0,5018,209,0,0,0,0
"4657",2023-09-17,4,0,5001,205,0,0,24.3951219512195,0,0,5001,205,0,0,0,0
"4658",2023-09-17,4,5,4721,201,0,0,24.3951219512195,0,0,5001,205,0,0,0,0
"4659",2023-09-17,4,10,4721,201,0,0,24.3951219512195,0,0,5001,205,0,0,0,0
"4660",2023-09-17,4,15,4721,201,0,0,24.3951219512195,0,0,5001,205,0,0,0,0
"4661",2023-09-17,4,20,4743,202,0,0,24.3951219512195,0,0,5001,205,0,0,0,0
"4662",2023-09-17,4,25,4683,201,0,0,24.3951219512195,0,0,5001,205,0,0,0,0
"4663",2023-09-17,4,30,4672,200,0,0,24.3951219512195,0,0,5001,205,0,0,0,0
"4664",2023-09-17,4,35,4572,198,0,0,24.3951219512195,0,0,5001,205,0,0,0,0
"4665",2023-09-17,4,40,4550,197,0,0,24.3951219512195,0,0,5001,205,0,0,0,0
"4666",2023-09-17,4,45,4550,197,0,0,24.3951219512195,0,0,5001,205,0,0,0,0
"4667",2023-09-17,4,50,4528,196,0,0,24.3951219512195,0,0,5001,205,0,0,0,0
"4668",2023-09-17,4,55,4528,196,0,0,24.3951219512195,0,0,5001,205,0,0,0,0
"4669",2023-09-17,5,0,4528,196,0,0,24.510101010101,0,0,4853,198,0,0,0,0
"4670",2023-09-17,5,5,4703,197,0,0,24.510101010101,0,0,4853,198,0,0,0,0
"4671",2023-09-17,5,10,4703,197,0,0,24.510101010101,0,0,4853,198,0,0,0,0
"4672",2023-09-17,5,15,4703,197,0,0,24.510101010101,0,0,4853,198,0,0,0,0
"4673",2023-09-17,5,20,4853,198,0,0,24.510101010101,0,0,4853,198,0,0,0,0
"4674",2023-09-17,5,25,4853,198,0,0,24.510101010101,0,0,4853,198,0,0,0,0
"4675",2023-09-17,5,30,4703,197,0,0,24.510101010101,0,0,4853,198,0,0,0,0
"4676",2023-09-17,5,35,4590,193,0,0,24.510101010101,0,0,4853,198,0,0,0,0
"4677",2023-09-17,5,40,4590,193,0,0,24.510101010101,0,0,4853,198,0,0,0,0
"4678",2023-09-17,5,45,4590,193,0,0,24.510101010101,0,0,4853,198,0,0,0,0
"4679",2023-09-17,5,50,4612,194,0,0,24.510101010101,0,0,4853,198,0,0,0,0
"4680",2023-09-17,5,55,4590,193,0,0,24.510101010101,0,0,4853,198,0,0,0,0
"4681",2023-09-17,6,0,4590,193,0,0,23.8010471204188,0,0,4590,193,0,0,0,0
"4682",2023-09-17,6,5,4557,192,0,0,23.8010471204188,0,0,4590,193,0,0,0,0
"4683",2023-09-17,6,10,4557,192,0,0,23.8010471204188,0,0,4590,193,0,0,0,0
"4684",2023-09-17,6,15,4557,192,0,0,23.8010471204188,0,0,4590,193,0,0,0,0
"4685",2023-09-17,6,20,4557,192,0,0,23.8010471204188,0,0,4590,193,0,0,0,0
"4686",2023-09-17,6,25,4579,193,0,0,23.8010471204188,0,0,4590,193,0,0,0,0
"4687",2023-09-17,6,30,4579,193,0,0,23.8010471204188,0,0,4590,193,0,0,0,0
"4688",2023-09-17,6,35,4546,191,0,0,23.8010471204188,0,0,4590,193,0,0,0,0
"4689",2023-09-17,6,40,4546,191,0,0,23.8010471204188,0,0,4590,193,0,0,0,0
"4690",2023-09-17,6,45,4546,191,0,0,23.8010471204188,0,0,4590,193,0,0,0,0
"4691",2023-09-17,6,50,4546,191,0,0,23.8010471204188,0,0,4590,193,0,0,0,0
"4692",2023-09-17,6,55,4546,191,0,0,23.8010471204188,0,0,4590,193,0,0,0,0
"4693",2023-09-17,7,0,4546,191,0,0,24.6276595744681,0,0,4641,191,0,0,0,0
"4694",2023-09-17,7,5,4513,189,0,0,24.6276595744681,0,0,4641,191,0,0,0,0
"4695",2023-09-17,7,10,4513,189,0,0,24.6276595744681,0,0,4641,191,0,0,0,0
"4696",2023-09-17,7,15,4491,188,0,0,24.6276595744681,0,0,4641,191,0,0,0,0
"4697",2023-09-17,7,20,4491,188,0,0,24.6276595744681,0,0,4641,191,0,0,0,0
"4698",2023-09-17,7,25,4491,188,0,0,24.6276595744681,0,0,4641,191,0,0,0,0
"4699",2023-09-17,7,30,4491,188,0,0,24.6276595744681,0,0,4641,191,0,0,0,0
"4700",2023-09-17,7,35,4641,189,0,0,24.6276595744681,0,0,4641,191,0,0,0,0
"4701",2023-09-17,7,40,4641,189,0,0,24.6276595744681,0,0,4641,191,0,0,0,0
"4702",2023-09-17,7,45,4641,189,0,0,24.6276595744681,0,0,4641,191,0,0,0,0
"4703",2023-09-17,7,50,4630,188,0,0,24.6276595744681,0,0,4641,191,0,0,0,0
"4704",2023-09-17,7,55,4630,188,0,0,24.6276595744681,0,0,4641,191,0,0,0,0
"4705",2023-09-17,8,0,4766,187,0,0,25.4866310160428,0,0,4766,193,0,0,0,0
"4706",2023-09-17,8,5,4638,187,0,0,25.4866310160428,0,0,4766,193,0,0,0,0
"4707",2023-09-17,8,10,4638,187,0,0,25.4866310160428,0,0,4766,193,0,0,0,0
"4708",2023-09-17,8,15,4638,187,0,0,25.4866310160428,0,0,4766,193,0,0,0,0
"4709",2023-09-17,8,20,4660,188,0,0,25.4866310160428,0,0,4766,193,0,0,0,0
"4710",2023-09-17,8,25,4502,188,0,0,25.4866310160428,0,0,4766,193,0,0,0,0
"4711",2023-09-17,8,30,4524,189,0,0,25.4866310160428,0,0,4766,193,0,0,0,0
"4712",2023-09-17,8,35,4696,191,0,0,25.4866310160428,0,0,4766,193,0,0,0,0
"4713",2023-09-17,8,40,4674,190,0,0,25.4866310160428,0,0,4766,193,0,0,0,0
"4714",2023-09-17,8,45,4674,190,0,0,25.4866310160428,0,0,4766,193,0,0,0,0
"4715",2023-09-17,8,50,4707,192,0,0,25.4866310160428,0,0,4766,193,0,0,0,0
"4716",2023-09-17,8,55,4729,193,0,0,25.4866310160428,0,0,4766,193,0,0,0,0
"4717",2023-09-17,9,0,4707,192,0,0,28.1818181818182,0,0,5580,198,0,0,0,0
"4718",2023-09-17,9,5,4663,189,0,0,28.1818181818182,0,0,5580,198,0,0,0,0
"4719",2023-09-17,9,10,4685,190,0,0,28.1818181818182,0,0,5580,198,0,0,0,0
"4720",2023-09-17,9,15,4696,190,0,0,28.1818181818182,0,0,5580,198,0,0,0,0
"4721",2023-09-17,9,20,4846,191,0,0,28.1818181818182,0,0,5580,198,0,0,0,0
"4722",2023-09-17,9,25,4846,191,0,0,28.1818181818182,0,0,5580,198,0,0,0,0
"4723",2023-09-17,9,30,4890,193,0,0,28.1818181818182,0,0,5580,198,0,0,0,0
"4724",2023-09-17,9,35,5232,196,0,0,28.1818181818182,0,0,5580,198,0,0,0,0
"4725",2023-09-17,9,40,5252,197,0,0,28.1818181818182,0,0,5580,198,0,0,0,0
"4726",2023-09-17,9,45,5580,198,0,0,28.1818181818182,0,0,5580,198,0,0,0,0
"4727",2023-09-17,9,50,5236,195,0,0,28.1818181818182,0,0,5580,198,0,0,0,0
"4728",2023-09-17,9,55,5236,195,0,0,28.1818181818182,0,0,5580,198,0,0,0,0
"4729",2023-09-17,10,0,5214,194,0,0,28.4871794871795,0,0,5605,204,0,0,0,0
"4730",2023-09-17,10,5,5120,192,0,0,28.4871794871795,0,0,5605,204,0,0,0,0
"4731",2023-09-17,10,10,5098,191,0,0,28.4871794871795,0,0,5605,204,0,0,0,0
"4732",2023-09-17,10,15,4992,192,0,0,28.4871794871795,0,0,5605,204,0,0,0,0
"4733",2023-09-17,10,20,5270,192,0,0,28.4871794871795,0,0,5605,204,0,0,0,0
"4734",2023-09-17,10,25,5232,192,0,0,28.4871794871795,0,0,5605,204,0,0,0,0
"4735",2023-09-17,10,30,5555,195,0,0,28.4871794871795,0,0,5605,204,0,0,0,0
"4736",2023-09-17,10,35,5418,196,0,0,28.4871794871795,0,0,5605,204,0,0,0,0
"4737",2023-09-17,10,40,5195,198,0,0,28.4871794871795,0,0,5605,204,0,0,0,0
"4738",2023-09-17,10,45,5301,196,0,0,28.4871794871795,0,0,5605,204,0,0,0,0
"4739",2023-09-17,10,50,5517,200,0,0,28.4871794871795,0,0,5605,204,0,0,0,0
"4740",2023-09-17,10,55,5605,204,0,0,28.4871794871795,0,0,5605,204,0,0,0,0
"4741",2023-09-17,11,30,6210,214,0,0,29.018691588785,0,0,6251,221,0,0,0,0
"4742",2023-09-17,11,35,6027,211,0,0,29.018691588785,0,0,6251,221,0,0,0,0
"4743",2023-09-17,11,40,5825,215,0,0,29.018691588785,0,0,6251,221,0,0,0,0
"4744",2023-09-17,11,45,5779,217,0,0,29.018691588785,0,0,6251,221,0,0,0,0
"4745",2023-09-17,11,50,5929,218,0,0,29.018691588785,0,0,6251,221,0,0,0,0
"4746",2023-09-17,11,55,6251,221,0,0,29.018691588785,0,0,6251,221,0,0,0,0
"4747",2023-09-17,11,0,5338,205,0,0,29.018691588785,0,0,6251,221,0,0,0,0
"4748",2023-09-17,11,5,5570,213,0,0,29.018691588785,0,0,6251,221,0,0,0,0
"4749",2023-09-17,11,10,5520,212,0,0,29.018691588785,0,0,6251,221,0,0,0,0
"4750",2023-09-17,11,15,5693,212,0,0,29.018691588785,0,0,6251,221,0,0,0,0
"4751",2023-09-17,11,20,5721,213,0,0,29.018691588785,0,0,6251,221,0,0,0,0
"4752",2023-09-17,11,25,5932,214,0,0,29.018691588785,0,0,6251,221,0,0,0,0
"4753",2023-09-17,12,0,6275,224,0,0,28.4916666666667,0,0,7277,261,0,0,0,0
"4754",2023-09-17,12,5,6426,233,0,0,28.4916666666667,0,0,7277,261,0,0,0,0
"4755",2023-09-17,12,10,6838,240,0,0,28.4916666666667,0,0,7277,261,0,0,0,0
"4756",2023-09-17,12,15,6425,237,0,0,28.4916666666667,0,0,7277,261,0,0,0,0
"4757",2023-09-17,12,20,6219,238,0,0,28.4916666666667,0,0,7277,261,0,0,0,0
"4758",2023-09-17,12,25,6091,238,0,0,28.4916666666667,0,0,7277,261,0,0,0,0
"4759",2023-09-17,12,30,6233,239,0,0,28.4916666666667,0,0,7277,261,0,0,0,0
"4760",2023-09-17,12,35,7009,256,0,0,28.4916666666667,0,0,7277,261,0,0,0,0
"4761",2023-09-17,12,40,6950,256,0,0,28.4916666666667,0,0,7277,261,0,0,0,0
"4762",2023-09-17,12,45,7222,257,0,0,28.4916666666667,0,0,7277,261,0,0,0,0
"4763",2023-09-17,12,50,7277,261,0,0,28.4916666666667,0,0,7277,261,0,0,0,0
"4764",2023-09-17,12,55,7210,256,0,0,28.4916666666667,0,0,7277,261,0,0,0,0
"4765",2023-09-17,13,0,7799,257,0,0,30.9699248120301,0,0,8238,275,0,0,0,0
"4766",2023-09-17,13,5,7905,263,0,0,30.9699248120301,0,0,8238,275,0,0,0,0
"4767",2023-09-17,13,10,7922,262,0,0,30.9699248120301,0,0,8238,275,0,0,0,0
"4768",2023-09-17,13,15,7938,265,0,0,30.9699248120301,0,0,8238,275,0,0,0,0
"4769",2023-09-17,13,20,8238,266,0,0,30.9699248120301,0,0,8238,275,0,0,0,0
"4770",2023-09-17,13,25,7802,267,0,0,30.9699248120301,0,0,8238,275,0,0,0,0
"4771",2023-09-17,13,30,7912,273,0,0,30.9699248120301,0,0,8238,275,0,0,0,0
"4772",2023-09-17,13,35,7385,270,0,0,30.9699248120301,0,0,8238,275,0,0,0,0
"4773",2023-09-17,13,40,7663,270,0,0,30.9699248120301,0,0,8238,275,0,0,0,0
"4774",2023-09-17,13,45,8114,273,0,0,30.9699248120301,0,0,8238,275,0,0,0,0
"4775",2023-09-17,13,50,7650,274,0,0,30.9699248120301,0,0,8238,275,0,0,0,0
"4776",2023-09-17,13,55,7750,275,0,0,30.9699248120301,0,0,8238,275,0,0,0,0
"4777",2023-09-17,14,0,7367,272,0,0,31.1474820143885,0,0,8659,279,0,0,0,0
"4778",2023-09-17,14,5,8198,274,0,0,31.1474820143885,0,0,8659,279,0,0,0,0
"4779",2023-09-17,14,10,7898,274,0,0,31.1474820143885,0,0,8659,279,0,0,0,0
"4780",2023-09-17,14,15,8187,275,0,0,31.1474820143885,0,0,8659,279,0,0,0,0
"4781",2023-09-17,14,20,8359,277,0,0,31.1474820143885,0,0,8659,279,0,0,0,0
"4782",2023-09-17,14,25,8659,278,0,0,31.1474820143885,0,0,8659,279,0,0,0,0
"4783",2023-09-17,14,30,8559,277,0,0,31.1474820143885,0,0,8659,279,0,0,0,0
"4784",2023-09-17,14,35,8400,276,0,0,31.1474820143885,0,0,8659,279,0,0,0,0
"4785",2023-09-17,14,40,8114,276,0,0,31.1474820143885,0,0,8659,279,0,0,0,0
"4786",2023-09-17,14,45,8346,278,0,0,31.1474820143885,0,0,8659,279,0,0,0,0
"4787",2023-09-17,14,50,8344,279,0,0,31.1474820143885,0,0,8659,279,0,0,0,0
"4788",2023-09-17,14,55,8463,278,0,0,31.1474820143885,0,0,8659,279,0,0,0,0
"4789",2023-09-17,15,0,8152,277,0,0,30.4152249134948,0,0,8790,292,0,0,0,0
"4790",2023-09-17,15,5,8740,288,0,0,30.4152249134948,0,0,8790,292,0,0,0,0
"4791",2023-09-17,15,10,8790,289,0,0,30.4152249134948,0,0,8790,292,0,0,0,0
"4792",2023-09-17,15,15,8751,288,0,0,30.4152249134948,0,0,8790,292,0,0,0,0
"4793",2023-09-17,15,20,8768,292,0,0,30.4152249134948,0,0,8790,292,0,0,0,0
"4794",2023-09-17,15,25,8269,286,0,0,30.4152249134948,0,0,8790,292,0,0,0,0
"4795",2023-09-17,15,30,8291,287,0,0,30.4152249134948,0,0,8790,292,0,0,0,0
"4796",2023-09-17,15,35,7281,284,0,0,30.4152249134948,0,0,8790,292,0,0,0,0
"4797",2023-09-17,15,40,7337,284,0,0,30.4152249134948,0,0,8790,292,0,0,0,0
"4798",2023-09-17,15,45,7042,285,0,0,30.4152249134948,0,0,8790,292,0,0,0,0
"4799",2023-09-17,15,50,6676,281,0,0,30.4152249134948,0,0,8790,292,0,0,0,0
"4800",2023-09-17,15,55,6747,282,0,0,30.4152249134948,0,0,8790,292,0,0,0,0
"4801",2023-09-17,16,0,6563,281,0,0,30.5704697986577,0,0,9129,300,0,0,0,0
"4802",2023-09-17,16,5,7112,290,0,0,30.5704697986577,0,0,9129,300,0,0,0,0
"4803",2023-09-17,16,10,7804,293,0,0,30.5704697986577,0,0,9129,300,0,0,0,0
"4804",2023-09-17,16,15,7646,294,0,0,30.5704697986577,0,0,9129,300,0,0,0,0
"4805",2023-09-17,16,20,7596,293,0,0,30.5704697986577,0,0,9129,300,0,0,0,0
"4806",2023-09-17,16,25,7690,294,0,0,30.5704697986577,0,0,9129,300,0,0,0,0
"4807",2023-09-17,16,30,7775,295,0,0,30.5704697986577,0,0,9129,300,0,0,0,0
"4808",2023-09-17,16,35,9129,300,0,0,30.5704697986577,0,0,9129,300,0,0,0,0
"4809",2023-09-17,16,40,9110,298,0,0,30.5704697986577,0,0,9129,300,0,0,0,0
"4810",2023-09-17,16,45,8822,294,0,0,30.5704697986577,0,0,9129,300,0,0,0,0
"4811",2023-09-17,16,50,8350,291,0,0,30.5704697986577,0,0,9129,300,0,0,0,0
"4812",2023-09-17,16,55,8284,288,0,0,30.5704697986577,0,0,9129,300,0,0,0,0
"4813",2023-09-17,17,0,8328,290,0,0,29.6702127659574,0,0,8328,290,0,0,0,0
"4814",2023-09-17,17,5,7873,283,0,0,29.6702127659574,0,0,8328,290,0,0,0,0
"4815",2023-09-17,17,10,7884,283,0,0,29.6702127659574,0,0,8328,290,0,0,0,0
"4816",2023-09-17,17,15,7979,281,0,0,29.6702127659574,0,0,8328,290,0,0,0,0
"4817",2023-09-17,17,20,7846,280,0,0,29.6702127659574,0,0,8328,290,0,0,0,0
"4818",2023-09-17,17,25,8260,280,0,0,29.6702127659574,0,0,8328,290,0,0,0,0
"4819",2023-09-17,17,30,8154,281,0,0,29.6702127659574,0,0,8328,290,0,0,0,0
"4820",2023-09-17,17,35,7920,283,0,0,29.6702127659574,0,0,8328,290,0,0,0,0
"4821",2023-09-17,17,40,5578,188,0,0,29.6702127659574,0,0,8328,290,0,0,0,0
"4822",2023-09-17,17,45,7432,266,0,0,29.6702127659574,0,0,8328,290,0,0,0,0
"4823",2023-09-17,17,50,8121,281,0,0,29.6702127659574,0,0,8328,290,0,0,0,0
"4824",2023-09-17,17,55,7911,280,0,0,29.6702127659574,0,0,8328,290,0,0,0,0
"4825",2023-09-17,18,0,8297,281,0,0,31.5766129032258,0,0,8783,286,0,0,0,0
"4826",2023-09-17,18,5,8585,284,0,0,31.5766129032258,0,0,8783,286,0,0,0,0
"4827",2023-09-17,18,10,8783,286,0,0,31.5766129032258,0,0,8783,286,0,0,0,0
"4828",2023-09-17,18,15,8634,280,0,0,31.5766129032258,0,0,8783,286,0,0,0,0
"4829",2023-09-17,18,20,8201,275,0,0,31.5766129032258,0,0,8783,286,0,0,0,0
"4830",2023-09-17,18,25,8041,272,0,0,31.5766129032258,0,0,8783,286,0,0,0,0
"4831",2023-09-17,18,30,8036,269,0,0,31.5766129032258,0,0,8783,286,0,0,0,0
"4832",2023-09-17,18,35,7250,253,0,0,31.5766129032258,0,0,8783,286,0,0,0,0
"4833",2023-09-17,18,40,7293,250,0,0,31.5766129032258,0,0,8783,286,0,0,0,0
"4834",2023-09-17,18,45,7686,249,0,0,31.5766129032258,0,0,8783,286,0,0,0,0
"4835",2023-09-17,18,50,7831,248,0,0,31.5766129032258,0,0,8783,286,0,0,0,0
"4836",2023-09-17,18,55,7193,244,0,0,31.5766129032258,0,0,8783,286,0,0,0,0
"4837",2023-09-17,19,0,7672,246,0,0,34.3510204081633,0,0,8416,246,0,0,0,0
"4838",2023-09-17,19,5,8416,245,0,0,34.3510204081633,0,0,8416,246,0,0,0,0
"4839",2023-09-17,19,10,7584,241,0,0,34.3510204081633,0,0,8416,246,0,0,0,0
"4840",2023-09-17,19,15,7181,239,0,0,34.3510204081633,0,0,8416,246,0,0,0,0
"4841",2023-09-17,19,20,6517,230,0,0,34.3510204081633,0,0,8416,246,0,0,0,0
"4842",2023-09-17,19,25,6455,232,0,0,34.3510204081633,0,0,8416,246,0,0,0,0
"4843",2023-09-17,19,30,6777,234,0,0,34.3510204081633,0,0,8416,246,0,0,0,0
"4844",2023-09-17,19,35,7289,236,0,0,34.3510204081633,0,0,8416,246,0,0,0,0
"4845",2023-09-17,19,40,7542,239,0,0,34.3510204081633,0,0,8416,246,0,0,0,0
"4846",2023-09-17,19,45,6566,234,0,0,34.3510204081633,0,0,8416,246,0,0,0,0
"4847",2023-09-17,19,50,6638,236,0,0,34.3510204081633,0,0,8416,246,0,0,0,0
"4848",2023-09-17,19,55,6949,238,0,0,34.3510204081633,0,0,8416,246,0,0,0,0
"4849",2023-09-17,20,0,7128,237,0,0,32.1276595744681,0,0,7716,241,0,0,0,0
"4850",2023-09-17,20,5,6735,232,0,0,32.1276595744681,0,0,7716,241,0,0,0,0
"4851",2023-09-17,20,10,7079,236,0,0,32.1276595744681,0,0,7716,241,0,0,0,0
"4852",2023-09-17,20,15,7716,241,0,0,32.1276595744681,0,0,7716,241,0,0,0,0
"4853",2023-09-17,20,20,7175,237,0,0,32.1276595744681,0,0,7716,241,0,0,0,0
"4854",2023-09-17,20,25,7225,238,0,0,32.1276595744681,0,0,7716,241,0,0,0,0
"4855",2023-09-17,20,30,7550,235,0,0,32.1276595744681,0,0,7716,241,0,0,0,0
"4856",2023-09-17,20,35,7406,233,0,0,32.1276595744681,0,0,7716,241,0,0,0,0
"4857",2023-09-17,20,40,7300,235,0,0,32.1276595744681,0,0,7716,241,0,0,0,0
"4858",2023-09-17,20,45,6695,231,0,0,32.1276595744681,0,0,7716,241,0,0,0,0
"4859",2023-09-17,20,50,7481,238,0,0,32.1276595744681,0,0,7716,241,0,0,0,0
"4860",2023-09-17,20,55,7034,237,0,0,32.1276595744681,0,0,7716,241,0,0,0,0
"4861",2023-09-17,21,0,7203,237,0,0,30.7291666666667,0,0,7375,243,0,0,0,0
"4862",2023-09-17,21,5,7375,240,0,0,30.7291666666667,0,0,7375,243,0,0,0,0
"4863",2023-09-17,21,10,7086,239,0,0,30.7291666666667,0,0,7375,243,0,0,0,0
"4864",2023-09-17,21,15,6968,240,0,0,30.7291666666667,0,0,7375,243,0,0,0,0
"4865",2023-09-17,21,20,6734,241,0,0,30.7291666666667,0,0,7375,243,0,0,0,0
"4866",2023-09-17,21,25,6573,238,0,0,30.7291666666667,0,0,7375,243,0,0,0,0
"4867",2023-09-17,21,30,6514,240,0,0,30.7291666666667,0,0,7375,243,0,0,0,0
"4868",2023-09-17,21,35,5965,236,0,0,30.7291666666667,0,0,7375,243,0,0,0,0
"4869",2023-09-17,21,40,5935,235,0,0,30.7291666666667,0,0,7375,243,0,0,0,0
"4870",2023-09-17,21,45,5973,235,0,0,30.7291666666667,0,0,7375,243,0,0,0,0
"4871",2023-09-17,21,50,5995,236,0,0,30.7291666666667,0,0,7375,243,0,0,0,0
"4872",2023-09-17,21,55,6111,243,0,0,30.7291666666667,0,0,7375,243,0,0,0,0
"4873",2023-09-17,22,10,5754,236,0,0,26.7489539748954,0,0,6393,239,0,0,0,0
"4874",2023-09-17,22,15,5932,236,0,0,26.7489539748954,0,0,6393,239,0,0,0,0
"4875",2023-09-17,22,20,6265,239,0,0,26.7489539748954,0,0,6393,239,0,0,0,0
"4876",2023-09-17,22,25,6393,239,0,0,26.7489539748954,0,0,6393,239,0,0,0,0
"4877",2023-09-17,22,30,6212,237,0,0,26.7489539748954,0,0,6393,239,0,0,0,0
"4878",2023-09-17,22,35,5720,223,0,0,26.7489539748954,0,0,6393,239,0,0,0,0
"4879",2023-09-17,22,40,5709,223,0,0,26.7489539748954,0,0,6393,239,0,0,0,0
"4880",2023-09-17,22,45,5749,218,0,0,26.7489539748954,0,0,6393,239,0,0,0,0
"4881",2023-09-17,22,50,5694,216,0,0,26.7489539748954,0,0,6393,239,0,0,0,0
"4882",2023-09-17,22,55,5683,215,0,0,26.7489539748954,0,0,6393,239,0,0,0,0
"4883",2023-09-17,22,0,5759,239,0,0,26.7489539748954,0,0,6393,239,0,0,0,0
"4884",2023-09-17,22,5,5837,239,0,0,26.7489539748954,0,0,6393,239,0,0,0,0
"4885",2023-09-17,23,0,5470,212,0,0,26.3537735849057,0,0,5587,212,0,0,0,0
"4886",2023-09-17,23,5,5587,212,0,0,26.3537735849057,0,0,5587,212,0,0,0,0
"4887",2023-09-17,23,10,5404,210,0,0,26.3537735849057,0,0,5587,212,0,0,0,0
"4888",2023-09-17,23,15,5426,211,0,0,26.3537735849057,0,0,5587,212,0,0,0,0
"4889",2023-09-17,23,20,5321,207,0,0,26.3537735849057,0,0,5587,212,0,0,0,0
"4890",2023-09-17,23,25,5341,208,0,0,26.3537735849057,0,0,5587,212,0,0,0,0
"4891",2023-09-17,23,30,4975,204,0,0,26.3537735849057,0,0,5587,212,0,0,0,0
"4892",2023-09-17,23,35,4347,192,0,0,26.3537735849057,0,0,5587,212,0,0,0,0
"4893",2023-09-17,23,40,4292,189,0,0,26.3537735849057,0,0,5587,212,0,0,0,0
"4894",2023-09-17,23,45,4314,190,0,0,26.3537735849057,0,0,5587,212,0,0,0,0
"4895",2023-09-17,23,50,4292,189,0,0,26.3537735849057,0,0,5587,212,0,0,0,0
"4896",2023-09-17,23,55,4314,190,0,0,26.3537735849057,0,0,5587,212,0,0,0,0
"4897",2023-09-18,0,15,5158.4,214,0,0,24.8817777777778,0,0,5598.4,225,0,0,0,0
"4898",2023-09-18,0,45,5063.4,214,0,0,24.8817777777778,0,0,5598.4,225,0,0,0,0
"4899",2023-09-18,0,50,5041.4,213,0,0,24.8817777777778,0,0,5598.4,225,0,0,0,0
"4900",2023-09-18,0,55,5015.7,211,0,0,24.8817777777778,0,0,5598.4,225,0,0,0,0
"4901",2023-09-18,0,0,5598.4,225,0,0,24.8817777777778,0,0,5598.4,225,0,0,0,0
"4902",2023-09-18,0,5,5169.4,214,0,0,24.8817777777778,0,0,5598.4,225,0,0,0,0
"4903",2023-09-18,0,10,5147.4,213,0,0,24.8817777777778,0,0,5598.4,225,0,0,0,0
"4904",2023-09-18,0,20,5147.4,213,0,0,24.8817777777778,0,0,5598.4,225,0,0,0,0
"4905",2023-09-18,0,25,5169.4,214,0,0,24.8817777777778,0,0,5598.4,225,0,0,0,0
"4906",2023-09-18,0,30,5169.4,214,0,0,24.8817777777778,0,0,5598.4,225,0,0,0,0
"4907",2023-09-18,0,35,5019.4,213,0,0,24.8817777777778,0,0,5598.4,225,0,0,0,0
"4908",2023-09-18,0,40,5041.4,213,0,0,24.8817777777778,0,0,5598.4,225,0,0,0,0
"4909",2023-09-18,1,15,5327.7,205,0,0,26.0424390243902,0,0,5338.7,210,0,0,0,0
"4910",2023-09-18,1,0,4993.7,210,0,0,26.0424390243902,0,0,5338.7,210,0,0,0,0
"4911",2023-09-18,1,5,5278.7,204,0,0,26.0424390243902,0,0,5338.7,210,0,0,0,0
"4912",2023-09-18,1,10,5256.7,203,0,0,26.0424390243902,0,0,5338.7,210,0,0,0,0
"4913",2023-09-18,1,20,5338.7,205,0,0,26.0424390243902,0,0,5338.7,210,0,0,0,0
"4914",2023-09-18,1,25,5060.7,205,0,0,26.0424390243902,0,0,5338.7,210,0,0,0,0
"4915",2023-09-18,1,30,5060.7,205,0,0,26.0424390243902,0,0,5338.7,210,0,0,0,0
"4916",2023-09-18,1,35,4674.7,200,0,0,26.0424390243902,0,0,5338.7,210,0,0,0,0
"4917",2023-09-18,1,40,4652.7,199,0,0,26.0424390243902,0,0,5338.7,210,0,0,0,0
"4918",2023-09-18,1,45,4592.7,198,0,0,26.0424390243902,0,0,5338.7,210,0,0,0,0
"4919",2023-09-18,1,50,4614.7,199,0,0,26.0424390243902,0,0,5338.7,210,0,0,0,0
"4920",2023-09-18,1,55,4614.7,199,0,0,26.0424390243902,0,0,5338.7,210,0,0,0,0
"4921",2023-09-18,2,0,3633,159,0,0,22.8490566037736,0,0,3633,159,0,0,0,0
"4922",2023-09-18,2,5,3517,155,0,0,22.8490566037736,0,0,3633,159,0,0,0,0
"4923",2023-09-18,2,10,3517,155,0,0,22.8490566037736,0,0,3633,159,0,0,0,0
"4924",2023-09-18,2,15,3217,154,0,0,22.8490566037736,0,0,3633,159,0,0,0,0
"4925",2023-09-18,2,20,3217,154,0,0,22.8490566037736,0,0,3633,159,0,0,0,0
"4926",2023-09-18,2,25,3217,154,0,0,22.8490566037736,0,0,3633,159,0,0,0,0
"4927",2023-09-18,2,30,3217,154,0,0,22.8490566037736,0,0,3633,159,0,0,0,0
"4928",2023-09-18,2,35,3239,155,0,0,22.8490566037736,0,0,3633,159,0,0,0,0
"4929",2023-09-18,2,40,3239,155,0,0,22.8490566037736,0,0,3633,159,0,0,0,0
"4930",2023-09-18,2,45,3217,154,0,0,22.8490566037736,0,0,3633,159,0,0,0,0
"4931",2023-09-18,2,50,3217,154,0,0,22.8490566037736,0,0,3633,159,0,0,0,0
"4932",2023-09-18,2,55,3206,153,0,0,22.8490566037736,0,0,3633,159,0,0,0,0
"4933",2023-09-18,3,0,3206,153,0,0,23.7597402597403,0,0,3703,156,0,0,0,0
"4934",2023-09-18,3,5,3381,154,0,0,23.7597402597403,0,0,3703,156,0,0,0,0
"4935",2023-09-18,3,10,3381,154,0,0,23.7597402597403,0,0,3703,156,0,0,0,0
"4936",2023-09-18,3,15,3381,154,0,0,23.7597402597403,0,0,3703,156,0,0,0,0
"4937",2023-09-18,3,20,3381,154,0,0,23.7597402597403,0,0,3703,156,0,0,0,0
"4938",2023-09-18,3,25,3381,154,0,0,23.7597402597403,0,0,3703,156,0,0,0,0
"4939",2023-09-18,3,30,3703,156,0,0,23.7597402597403,0,0,3703,156,0,0,0,0
"4940",2023-09-18,3,35,3392,155,0,0,23.7597402597403,0,0,3703,156,0,0,0,0
"4941",2023-09-18,3,40,3381,154,0,0,23.7597402597403,0,0,3703,156,0,0,0,0
"4942",2023-09-18,3,45,3659,154,0,0,23.7597402597403,0,0,3703,156,0,0,0,0
"4943",2023-09-18,3,50,3681,155,0,0,23.7597402597403,0,0,3703,156,0,0,0,0
"4944",2023-09-18,3,55,3659,154,0,0,23.7597402597403,0,0,3703,156,0,0,0,0
"4945",2023-09-18,4,0,3659,154,0,0,24.0529801324503,0,0,3698,154,0,0,0,0
"4946",2023-09-18,4,5,3698,154,0,0,24.0529801324503,0,0,3698,154,0,0,0,0
"4947",2023-09-18,4,10,3698,154,0,0,24.0529801324503,0,0,3698,154,0,0,0,0
"4948",2023-09-18,4,15,3676,153,0,0,24.0529801324503,0,0,3698,154,0,0,0,0
"4949",2023-09-18,4,20,3654,152,0,0,24.0529801324503,0,0,3698,154,0,0,0,0
"4950",2023-09-18,4,25,3632,151,0,0,24.0529801324503,0,0,3698,154,0,0,0,0
"4951",2023-09-18,4,30,3632,151,0,0,24.0529801324503,0,0,3698,154,0,0,0,0
"4952",2023-09-18,4,35,3582,150,0,0,24.0529801324503,0,0,3698,154,0,0,0,0
"4953",2023-09-18,4,40,3560,149,0,0,24.0529801324503,0,0,3698,154,0,0,0,0
"4954",2023-09-18,4,45,3560,149,0,0,24.0529801324503,0,0,3698,154,0,0,0,0
"4955",2023-09-18,4,50,3560,149,0,0,24.0529801324503,0,0,3698,154,0,0,0,0
"4956",2023-09-18,4,55,3538,148,0,0,24.0529801324503,0,0,3698,154,0,0,0,0
"4957",2023-09-18,5,0,3538,148,0,0,23.9054054054054,0,0,3538,148,0,0,0,0
"4958",2023-09-18,5,5,3238,147,0,0,23.9054054054054,0,0,3538,148,0,0,0,0
"4959",2023-09-18,5,10,3238,147,0,0,23.9054054054054,0,0,3538,148,0,0,0,0
"4960",2023-09-18,5,15,3216,146,0,0,23.9054054054054,0,0,3538,148,0,0,0,0
"4961",2023-09-18,5,20,3216,146,0,0,23.9054054054054,0,0,3538,148,0,0,0,0
"4962",2023-09-18,5,25,3216,146,0,0,23.9054054054054,0,0,3538,148,0,0,0,0
"4963",2023-09-18,5,30,3216,146,0,0,23.9054054054054,0,0,3538,148,0,0,0,0
"4964",2023-09-18,5,35,3191,146,0,0,23.9054054054054,0,0,3538,148,0,0,0,0
"4965",2023-09-18,5,40,3191,146,0,0,23.9054054054054,0,0,3538,148,0,0,0,0
"4966",2023-09-18,5,45,3191,146,0,0,23.9054054054054,0,0,3538,148,0,0,0,0
"4967",2023-09-18,5,50,3191,146,0,0,23.9054054054054,0,0,3538,148,0,0,0,0
"4968",2023-09-18,5,55,3191,146,0,0,23.9054054054054,0,0,3538,148,0,0,0,0
"4969",2023-09-18,6,0,3191,146,0,0,24.0205479452055,0,0,3551,148,0,0,0,0
"4970",2023-09-18,6,5,3169,145,0,0,24.0205479452055,0,0,3551,148,0,0,0,0
"4971",2023-09-18,6,10,3169,145,0,0,24.0205479452055,0,0,3551,148,0,0,0,0
"4972",2023-09-18,6,15,3169,145,0,0,24.0205479452055,0,0,3551,148,0,0,0,0
"4973",2023-09-18,6,20,3469,146,0,0,24.0205479452055,0,0,3551,148,0,0,0,0
"4974",2023-09-18,6,25,3447,145,0,0,24.0205479452055,0,0,3551,148,0,0,0,0
"4975",2023-09-18,6,30,3507,146,0,0,24.0205479452055,0,0,3551,148,0,0,0,0
"4976",2023-09-18,6,35,3529,147,0,0,24.0205479452055,0,0,3551,148,0,0,0,0
"4977",2023-09-18,6,40,3529,147,0,0,24.0205479452055,0,0,3551,148,0,0,0,0
"4978",2023-09-18,6,45,3551,148,0,0,24.0205479452055,0,0,3551,148,0,0,0,0
"4979",2023-09-18,6,50,3551,148,0,0,24.0205479452055,0,0,3551,148,0,0,0,0
"4980",2023-09-18,6,55,3251,147,0,0,24.0205479452055,0,0,3551,148,0,0,0,0
"4981",2023-09-18,7,0,3251,147,0,0,22.248275862069,0,0,3273,148,0,0,0,0
"4982",2023-09-18,7,5,3273,148,0,0,22.248275862069,0,0,3273,148,0,0,0,0
"4983",2023-09-18,7,10,3273,148,0,0,22.248275862069,0,0,3273,148,0,0,0,0
"4984",2023-09-18,7,15,3273,148,0,0,22.248275862069,0,0,3273,148,0,0,0,0
"4985",2023-09-18,7,20,3213,147,0,0,22.248275862069,0,0,3273,148,0,0,0,0
"4986",2023-09-18,7,25,3273,148,0,0,22.248275862069,0,0,3273,148,0,0,0,0
"4987",2023-09-18,7,30,3251,147,0,0,22.248275862069,0,0,3273,148,0,0,0,0
"4988",2023-09-18,7,35,3270,147,0,0,22.248275862069,0,0,3273,148,0,0,0,0
"4989",2023-09-18,7,40,3248,146,0,0,22.248275862069,0,0,3273,148,0,0,0,0
"4990",2023-09-18,7,45,3270,147,0,0,22.248275862069,0,0,3273,148,0,0,0,0
"4991",2023-09-18,7,50,3248,146,0,0,22.248275862069,0,0,3273,148,0,0,0,0
"4992",2023-09-18,7,55,3226,145,0,0,22.248275862069,0,0,3273,148,0,0,0,0
"4993",2023-09-18,8,0,3308,147,0,0,25.0058139534884,0,0,4554,185,0,0,0,0
"4994",2023-09-18,8,5,3231,147,0,0,25.0058139534884,0,0,4554,185,0,0,0,0
"4995",2023-09-18,8,10,3286,150,0,0,25.0058139534884,0,0,4554,185,0,0,0,0
"4996",2023-09-18,8,15,3308,151,0,0,25.0058139534884,0,0,4554,185,0,0,0,0
"4997",2023-09-18,8,20,3330,152,0,0,25.0058139534884,0,0,4554,185,0,0,0,0
"4998",2023-09-18,8,25,3341,153,0,0,25.0058139534884,0,0,4554,185,0,0,0,0
"4999",2023-09-18,8,30,3451,158,0,0,25.0058139534884,0,0,4554,185,0,0,0,0
"5000",2023-09-18,8,35,3821,170,0,0,25.0058139534884,0,0,4554,185,0,0,0,0
"5001",2023-09-18,8,40,4301,172,0,0,25.0058139534884,0,0,4554,185,0,0,0,0
"5002",2023-09-18,8,45,4367,176,0,0,25.0058139534884,0,0,4554,185,0,0,0,0
"5003",2023-09-18,8,50,4488,182,0,0,25.0058139534884,0,0,4554,185,0,0,0,0
"5004",2023-09-18,8,55,4554,185,0,0,25.0058139534884,0,0,4554,185,0,0,0,0
"5005",2023-09-18,9,25,5518,218,0,0,27.7086614173228,0,0,7038,254,0,0,0,0
"5006",2023-09-18,9,0,4309,188,0,0,27.7086614173228,0,0,7038,254,0,0,0,0
"5007",2023-09-18,9,5,5065,200,0,0,27.7086614173228,0,0,7038,254,0,0,0,0
"5008",2023-09-18,9,10,5120,202,0,0,27.7086614173228,0,0,7038,254,0,0,0,0
"5009",2023-09-18,9,15,5219,207,0,0,27.7086614173228,0,0,7038,254,0,0,0,0
"5010",2023-09-18,9,20,5519,213,0,0,27.7086614173228,0,0,7038,254,0,0,0,0
"5011",2023-09-18,9,30,5612,221,0,0,27.7086614173228,0,0,7038,254,0,0,0,0
"5012",2023-09-18,9,35,5579,234,0,0,27.7086614173228,0,0,7038,254,0,0,0,0
"5013",2023-09-18,9,40,5910,236,0,0,27.7086614173228,0,0,7038,254,0,0,0,0
"5014",2023-09-18,9,45,6171,241,0,0,27.7086614173228,0,0,7038,254,0,0,0,0
"5015",2023-09-18,9,50,6459,246,0,0,27.7086614173228,0,0,7038,254,0,0,0,0
"5016",2023-09-18,9,55,7038,254,0,0,27.7086614173228,0,0,7038,254,0,0,0,0
"5017",2023-09-18,10,0,7006,258,0,0,27.5833333333333,0,0,8355,329,0,0,0,0
"5018",2023-09-18,10,5,7613,276,0,0,27.5833333333333,0,0,8355,329,0,0,0,0
"5019",2023-09-18,10,10,7806,284,0,0,27.5833333333333,0,0,8355,329,0,0,0,0
"5020",2023-09-18,10,15,7938,291,0,0,27.5833333333333,0,0,8355,329,0,0,0,0
"5021",2023-09-18,10,20,7938,291,0,0,27.5833333333333,0,0,8355,329,0,0,0,0
"5022",2023-09-18,10,25,7938,292,0,0,27.5833333333333,0,0,8355,329,0,0,0,0
"5023",2023-09-18,10,30,7842,296,0,0,27.5833333333333,0,0,8355,329,0,0,0,0
"5024",2023-09-18,10,35,8304,314,0,0,27.5833333333333,0,0,8355,329,0,0,0,0
"5025",2023-09-18,10,40,8256,319,0,0,27.5833333333333,0,0,8355,329,0,0,0,0
"5026",2023-09-18,10,45,8344,324,0,0,27.5833333333333,0,0,8355,329,0,0,0,0
"5027",2023-09-18,10,50,8263,328,0,0,27.5833333333333,0,0,8355,329,0,0,0,0
"5028",2023-09-18,10,55,8355,329,0,0,27.5833333333333,0,0,8355,329,0,0,0,0
"5029",2023-09-18,11,55,9163,370,0,0,26.0510752688172,0,0,9691,373,0,0,0,0
"5030",2023-09-18,11,0,7949,333,0,0,26.0510752688172,0,0,9691,373,0,0,0,0
"5031",2023-09-18,11,5,8668,348,0,0,26.0510752688172,0,0,9691,373,0,0,0,0
"5032",2023-09-18,11,10,8874,350,0,0,26.0510752688172,0,0,9691,373,0,0,0,0
"5033",2023-09-18,11,15,8666,350,0,0,26.0510752688172,0,0,9691,373,0,0,0,0
"5034",2023-09-18,11,20,8999,354,0,0,26.0510752688172,0,0,9691,373,0,0,0,0
"5035",2023-09-18,11,25,9163,357,0,0,26.0510752688172,0,0,9691,373,0,0,0,0
"5036",2023-09-18,11,30,9320,359,0,0,26.0510752688172,0,0,9691,373,0,0,0,0
"5037",2023-09-18,11,35,9691,372,0,0,26.0510752688172,0,0,9691,373,0,0,0,0
"5038",2023-09-18,11,40,9626,371,0,0,26.0510752688172,0,0,9691,373,0,0,0,0
"5039",2023-09-18,11,45,9419,373,0,0,26.0510752688172,0,0,9691,373,0,0,0,0
"5040",2023-09-18,11,50,9403,371,0,0,26.0510752688172,0,0,9691,373,0,0,0,0
"5041",2023-09-18,12,0,9492,371,0,0,25.5849056603774,0,0,9492,387,0,0,0,0
"5042",2023-09-18,12,5,8618,374,0,0,25.5849056603774,0,0,9492,387,0,0,0,0
"5043",2023-09-18,12,10,8072,368,0,0,25.5849056603774,0,0,9492,387,0,0,0,0
"5044",2023-09-18,12,15,8444,371,0,0,25.5849056603774,0,0,9492,387,0,0,0,0
"5045",2023-09-18,12,20,9268,376,0,0,25.5849056603774,0,0,9492,387,0,0,0,0
"5046",2023-09-18,12,25,9062,378,0,0,25.5849056603774,0,0,9492,387,0,0,0,0
"5047",2023-09-18,12,30,8859,377,0,0,25.5849056603774,0,0,9492,387,0,0,0,0
"5048",2023-09-18,12,35,9334,387,0,0,25.5849056603774,0,0,9492,387,0,0,0,0
"5049",2023-09-18,12,40,9101,385,0,0,25.5849056603774,0,0,9492,387,0,0,0,0
"5050",2023-09-18,12,45,9013,381,0,0,25.5849056603774,0,0,9492,387,0,0,0,0
"5051",2023-09-18,12,50,8342,376,0,0,25.5849056603774,0,0,9492,387,0,0,0,0
"5052",2023-09-18,12,55,8298,375,0,0,25.5849056603774,0,0,9492,387,0,0,0,0
"5053",2023-09-18,13,0,8767,375,0,0,26.6906077348066,0,0,9662,378,0,0,0,0
"5054",2023-09-18,13,5,8761,378,0,0,26.6906077348066,0,0,9662,378,0,0,0,0
"5055",2023-09-18,13,10,9086,378,0,0,26.6906077348066,0,0,9662,378,0,0,0,0
"5056",2023-09-18,13,15,9125,378,0,0,26.6906077348066,0,0,9662,378,0,0,0,0
"5057",2023-09-18,13,20,8994,377,0,0,26.6906077348066,0,0,9662,378,0,0,0,0
"5058",2023-09-18,13,25,8933,377,0,0,26.6906077348066,0,0,9662,378,0,0,0,0
"5059",2023-09-18,13,30,8633,376,0,0,26.6906077348066,0,0,9662,378,0,0,0,0
"5060",2023-09-18,13,35,8799,369,0,0,26.6906077348066,0,0,9662,378,0,0,0,0
"5061",2023-09-18,13,40,8945,363,0,0,26.6906077348066,0,0,9662,378,0,0,0,0
"5062",2023-09-18,13,45,8768,355,0,0,26.6906077348066,0,0,9662,378,0,0,0,0
"5063",2023-09-18,13,50,9171,359,0,0,26.6906077348066,0,0,9662,378,0,0,0,0
"5064",2023-09-18,13,55,9662,362,0,0,26.6906077348066,0,0,9662,378,0,0,0,0
"5065",2023-09-18,14,50,9017,338,0,0,27.6272727272727,0,0,9334,357,0,0,0,0
"5066",2023-09-18,14,55,8913,335,0,0,27.6272727272727,0,0,9334,357,0,0,0,0
"5067",2023-09-18,14,0,9334,357,0,0,27.6272727272727,0,0,9334,357,0,0,0,0
"5068",2023-09-18,14,5,9012,357,0,0,27.6272727272727,0,0,9334,357,0,0,0,0
"5069",2023-09-18,14,10,9208,350,0,0,27.6272727272727,0,0,9334,357,0,0,0,0
"5070",2023-09-18,14,15,9089,344,0,0,27.6272727272727,0,0,9334,357,0,0,0,0
"5071",2023-09-18,14,20,9148,338,0,0,27.6272727272727,0,0,9334,357,0,0,0,0
"5072",2023-09-18,14,25,8533,327,0,0,27.6272727272727,0,0,9334,357,0,0,0,0
"5073",2023-09-18,14,30,8508,328,0,0,27.6272727272727,0,0,9334,357,0,0,0,0
"5074",2023-09-18,14,35,9117,330,0,0,27.6272727272727,0,0,9334,357,0,0,0,0
"5075",2023-09-18,14,40,8874,327,0,0,27.6272727272727,0,0,9334,357,0,0,0,0
"5076",2023-09-18,14,45,9109,337,0,0,27.6272727272727,0,0,9334,357,0,0,0,0
"5077",2023-09-18,15,0,9047,338,0,0,27.5028901734104,0,0,9582,358,0,0,0,0
"5078",2023-09-18,15,5,8084,332,0,0,27.5028901734104,0,0,9582,358,0,0,0,0
"5079",2023-09-18,15,10,8610,334,0,0,27.5028901734104,0,0,9582,358,0,0,0,0
"5080",2023-09-18,15,15,9150,337,0,0,27.5028901734104,0,0,9582,358,0,0,0,0
"5081",2023-09-18,15,20,9166,341,0,0,27.5028901734104,0,0,9582,358,0,0,0,0
"5082",2023-09-18,15,25,9516,346,0,0,27.5028901734104,0,0,9582,358,0,0,0,0
"5083",2023-09-18,15,30,9582,350,0,0,27.5028901734104,0,0,9582,358,0,0,0,0
"5084",2023-09-18,15,35,9327,358,0,0,27.5028901734104,0,0,9582,358,0,0,0,0
"5085",2023-09-18,15,40,9200,354,0,0,27.5028901734104,0,0,9582,358,0,0,0,0
"5086",2023-09-18,15,45,8966,356,0,0,27.5028901734104,0,0,9582,358,0,0,0,0
"5087",2023-09-18,15,50,9080,357,0,0,27.5028901734104,0,0,9582,358,0,0,0,0
"5088",2023-09-18,15,55,8785,358,0,0,27.5028901734104,0,0,9582,358,0,0,0,0
"5089",2023-09-18,16,0,8479,360,0,0,24.9526462395543,0,0,8958,361,0,0,0,0
"5090",2023-09-18,16,5,8958,359,0,0,24.9526462395543,0,0,8958,361,0,0,0,0
"5091",2023-09-18,16,10,8669,359,0,0,24.9526462395543,0,0,8958,361,0,0,0,0
"5092",2023-09-18,16,15,8608,358,0,0,24.9526462395543,0,0,8958,361,0,0,0,0
"5093",2023-09-18,16,20,8790,361,0,0,24.9526462395543,0,0,8958,361,0,0,0,0
"5094",2023-09-18,16,25,8462,360,0,0,24.9526462395543,0,0,8958,361,0,0,0,0
"5095",2023-09-18,16,30,8348,358,0,0,24.9526462395543,0,0,8958,361,0,0,0,0
"5096",2023-09-18,16,35,8387,353,0,0,24.9526462395543,0,0,8958,361,0,0,0,0
"5097",2023-09-18,16,40,8199,347,0,0,24.9526462395543,0,0,8958,361,0,0,0,0
"5098",2023-09-18,16,45,8379,346,0,0,24.9526462395543,0,0,8958,361,0,0,0,0
"5099",2023-09-18,16,50,8630,346,0,0,24.9526462395543,0,0,8958,361,0,0,0,0
"5100",2023-09-18,16,55,8608,345,0,0,24.9526462395543,0,0,8958,361,0,0,0,0
"5101",2023-09-18,17,0,8275,342,0,0,26.8489583333333,0,0,9158,350,0,0,0,0
"5102",2023-09-18,17,5,8970,343,0,0,26.8489583333333,0,0,9158,350,0,0,0,0
"5103",2023-09-18,17,10,8954,345,0,0,26.8489583333333,0,0,9158,350,0,0,0,0
"5104",2023-09-18,17,15,8794,338,0,0,26.8489583333333,0,0,9158,350,0,0,0,0
"5105",2023-09-18,17,20,8584,341,0,0,26.8489583333333,0,0,9158,350,0,0,0,0
"5106",2023-09-18,17,25,8259,342,0,0,26.8489583333333,0,0,9158,350,0,0,0,0
"5107",2023-09-18,17,30,8439,344,0,0,26.8489583333333,0,0,9158,350,0,0,0,0
"5108",2023-09-18,17,35,8347,344,0,0,26.8489583333333,0,0,9158,350,0,0,0,0
"5109",2023-09-18,17,40,5898,229,0,0,26.8489583333333,0,0,9158,350,0,0,0,0
"5110",2023-09-18,17,45,8766,350,0,0,26.8489583333333,0,0,9158,350,0,0,0,0
"5111",2023-09-18,17,50,5155,192,0,0,26.8489583333333,0,0,9158,350,0,0,0,0
"5112",2023-09-18,17,55,9158,349,0,0,26.8489583333333,0,0,9158,350,0,0,0,0
"5113",2023-09-18,18,0,9196,349,0,0,28.3498452012384,0,0,9201,349,0,0,0,0
"5114",2023-09-18,18,5,8928,343,0,0,28.3498452012384,0,0,9201,349,0,0,0,0
"5115",2023-09-18,18,10,8442,339,0,0,28.3498452012384,0,0,9201,349,0,0,0,0
"5116",2023-09-18,18,15,8164,339,0,0,28.3498452012384,0,0,9201,349,0,0,0,0
"5117",2023-09-18,18,20,8079,337,0,0,28.3498452012384,0,0,9201,349,0,0,0,0
"5118",2023-09-18,18,25,8254,338,0,0,28.3498452012384,0,0,9201,349,0,0,0,0
"5119",2023-09-18,18,30,8151,333,0,0,28.3498452012384,0,0,9201,349,0,0,0,0
"5120",2023-09-18,18,35,8640,327,0,0,28.3498452012384,0,0,9201,349,0,0,0,0
"5121",2023-09-18,18,40,8656,326,0,0,28.3498452012384,0,0,9201,349,0,0,0,0
"5122",2023-09-18,18,45,9076,327,0,0,28.3498452012384,0,0,9201,349,0,0,0,0
"5123",2023-09-18,18,50,9201,326,0,0,28.3498452012384,0,0,9201,349,0,0,0,0
"5124",2023-09-18,18,55,9157,323,0,0,28.3498452012384,0,0,9201,349,0,0,0,0
"5125",2023-09-18,19,0,9124,322,0,0,28.3354037267081,0,0,9124,322,0,0,0,0
"5126",2023-09-18,19,5,8423,310,0,0,28.3354037267081,0,0,9124,322,0,0,0,0
"5127",2023-09-18,19,10,8260,307,0,0,28.3354037267081,0,0,9124,322,0,0,0,0
"5128",2023-09-18,19,15,8123,302,0,0,28.3354037267081,0,0,9124,322,0,0,0,0
"5129",2023-09-18,19,20,7944,295,0,0,28.3354037267081,0,0,9124,322,0,0,0,0
"5130",2023-09-18,19,25,7985,297,0,0,28.3354037267081,0,0,9124,322,0,0,0,0
"5131",2023-09-18,19,30,7902,294,0,0,28.3354037267081,0,0,9124,322,0,0,0,0
"5132",2023-09-18,19,35,6923,273,0,0,28.3354037267081,0,0,9124,322,0,0,0,0
"5133",2023-09-18,19,40,6809,274,0,0,28.3354037267081,0,0,9124,322,0,0,0,0
"5134",2023-09-18,19,45,7119,270,0,0,28.3354037267081,0,0,9124,322,0,0,0,0
"5135",2023-09-18,19,50,6505,265,0,0,28.3354037267081,0,0,9124,322,0,0,0,0
"5136",2023-09-18,19,55,6221,264,0,0,28.3354037267081,0,0,9124,322,0,0,0,0
"5137",2023-09-18,20,0,6571,259,0,0,28.4703557312253,0,0,7203,259,0,0,0,0
"5138",2023-09-18,20,5,6787,254,0,0,28.4703557312253,0,0,7203,259,0,0,0,0
"5139",2023-09-18,20,10,6832,251,0,0,28.4703557312253,0,0,7203,259,0,0,0,0
"5140",2023-09-18,20,15,7203,253,0,0,28.4703557312253,0,0,7203,259,0,0,0,0
"5141",2023-09-18,20,20,6926,253,0,0,28.4703557312253,0,0,7203,259,0,0,0,0
"5142",2023-09-18,20,25,6838,249,0,0,28.4703557312253,0,0,7203,259,0,0,0,0
"5143",2023-09-18,20,30,6985,247,0,0,28.4703557312253,0,0,7203,259,0,0,0,0
"5144",2023-09-18,20,35,6603,241,0,0,28.4703557312253,0,0,7203,259,0,0,0,0
"5145",2023-09-18,20,40,6248,239,0,0,28.4703557312253,0,0,7203,259,0,0,0,0
"5146",2023-09-18,20,45,6060,238,0,0,28.4703557312253,0,0,7203,259,0,0,0,0
"5147",2023-09-18,20,50,5792,232,0,0,28.4703557312253,0,0,7203,259,0,0,0,0
"5148",2023-09-18,20,55,6200.7,236,0,0,28.4703557312253,0,0,7203,259,0,0,0,0
"5149",2023-09-18,21,0,5814.7,230,0,0,28.446887966805,0,0,7205.7,264,0,0,0,0
"5150",2023-09-18,21,5,6424.7,240,0,0,28.446887966805,0,0,7205.7,264,0,0,0,0
"5151",2023-09-18,21,10,6599.7,242,0,0,28.446887966805,0,0,7205.7,264,0,0,0,0
"5152",2023-09-18,21,15,6855.7,241,0,0,28.446887966805,0,0,7205.7,264,0,0,0,0
"5153",2023-09-18,21,20,6976.7,247,0,0,28.446887966805,0,0,7205.7,264,0,0,0,0
"5154",2023-09-18,21,25,6654.7,245,0,0,28.446887966805,0,0,7205.7,264,0,0,0,0
"5155",2023-09-18,21,30,7020.7,249,0,0,28.446887966805,0,0,7205.7,264,0,0,0,0
"5156",2023-09-18,21,35,7205.7,259,0,0,28.446887966805,0,0,7205.7,264,0,0,0,0
"5157",2023-09-18,21,40,6747.7,259,0,0,28.446887966805,0,0,7205.7,264,0,0,0,0
"5158",2023-09-18,21,45,6480.7,260,0,0,28.446887966805,0,0,7205.7,264,0,0,0,0
"5159",2023-09-18,21,50,6623.7,264,0,0,28.446887966805,0,0,7205.7,264,0,0,0,0
"5160",2023-09-18,21,55,6585.7,264,0,0,28.446887966805,0,0,7205.7,264,0,0,0,0
"5161",2023-09-18,22,0,6672.7,263,0,0,25.3714828897338,0,0,6672.7,263,0,0,0,0
"5162",2023-09-18,22,5,6210.7,263,0,0,25.3714828897338,0,0,6672.7,263,0,0,0,0
"5163",2023-09-18,22,10,6112.7,263,0,0,25.3714828897338,0,0,6672.7,263,0,0,0,0
"5164",2023-09-18,22,15,5944.4,260,0,0,25.3714828897338,0,0,6672.7,263,0,0,0,0
"5165",2023-09-18,22,20,5983.4,261,0,0,25.3714828897338,0,0,6672.7,263,0,0,0,0
"5166",2023-09-18,22,25,6028.4,258,0,0,25.3714828897338,0,0,6672.7,263,0,0,0,0
"5167",2023-09-18,22,30,6028.4,258,0,0,25.3714828897338,0,0,6672.7,263,0,0,0,0
"5168",2023-09-18,22,35,6245.4,251,0,0,25.3714828897338,0,0,6672.7,263,0,0,0,0
"5169",2023-09-18,22,40,6349.4,253,0,0,25.3714828897338,0,0,6672.7,263,0,0,0,0
"5170",2023-09-18,22,45,6237.4,251,0,0,25.3714828897338,0,0,6672.7,263,0,0,0,0
"5171",2023-09-18,22,50,6259.4,252,0,0,25.3714828897338,0,0,6672.7,263,0,0,0,0
"5172",2023-09-18,22,55,6270.4,253,0,0,25.3714828897338,0,0,6672.7,263,0,0,0,0
"5173",2023-09-18,23,0,6248.4,252,0,0,25.0105263157895,0,0,6248.4,252,0,0,0,0
"5174",2023-09-18,23,5,5661.4,243,0,0,25.0105263157895,0,0,6248.4,252,0,0,0,0
"5175",2023-09-18,23,10,5377.4,236,0,0,25.0105263157895,0,0,6248.4,252,0,0,0,0
"5176",2023-09-18,23,15,5798.4,243,0,0,25.0105263157895,0,0,6248.4,252,0,0,0,0
"5177",2023-09-18,23,20,5847.4,243,0,0,25.0105263157895,0,0,6248.4,252,0,0,0,0
"5178",2023-09-18,23,25,5847.4,243,0,0,25.0105263157895,0,0,6248.4,252,0,0,0,0
"5179",2023-09-18,23,30,5711.4,244,0,0,25.0105263157895,0,0,6248.4,252,0,0,0,0
"5180",2023-09-18,23,35,5878.4,237,0,0,25.0105263157895,0,0,6248.4,252,0,0,0,0
"5181",2023-09-18,23,40,5845.4,235,0,0,25.0105263157895,0,0,6248.4,252,0,0,0,0
"5182",2023-09-18,23,45,5790.4,232,0,0,25.0105263157895,0,0,6248.4,252,0,0,0,0
"5183",2023-09-18,23,50,5779.4,232,0,0,25.0105263157895,0,0,6248.4,252,0,0,0,0
"5184",2023-09-18,23,55,5702.4,228,0,0,25.0105263157895,0,0,6248.4,252,0,0,0,0
"5185",2023-09-19,0,0,5841.7,241,0,0,26.4608888888889,0,0,6032.7,241,0,0,0,0
"5186",2023-09-19,0,5,6032.7,233,0,0,26.4608888888889,0,0,6032.7,241,0,0,0,0
"5187",2023-09-19,0,10,5754.7,233,0,0,26.4608888888889,0,0,6032.7,241,0,0,0,0
"5188",2023-09-19,0,15,5644.7,227,0,0,26.4608888888889,0,0,6032.7,241,0,0,0,0
"5189",2023-09-19,0,20,5644.7,228,0,0,26.4608888888889,0,0,6032.7,241,0,0,0,0
"5190",2023-09-19,0,25,5644.7,228,0,0,26.4608888888889,0,0,6032.7,241,0,0,0,0
"5191",2023-09-19,0,30,5502.7,225,0,0,26.4608888888889,0,0,6032.7,241,0,0,0,0
"5192",2023-09-19,0,35,5653.7,224,0,0,26.4608888888889,0,0,6032.7,241,0,0,0,0
"5193",2023-09-19,0,40,5953.7,225,0,0,26.4608888888889,0,0,6032.7,241,0,0,0,0
"5194",2023-09-19,0,45,5675.7,225,0,0,26.4608888888889,0,0,6032.7,241,0,0,0,0
"5195",2023-09-19,0,50,5620.7,221,0,0,26.4608888888889,0,0,6032.7,241,0,0,0,0
"5196",2023-09-19,0,55,5162.7,220,0,0,26.4608888888889,0,0,6032.7,241,0,0,0,0
"5197",2023-09-19,1,0,5140.7,219,0,0,23.6229268292683,0,0,5140.7,219,0,0,0,0
"5198",2023-09-19,1,5,4865.7,213,0,0,23.6229268292683,0,0,5140.7,219,0,0,0,0
"5199",2023-09-19,1,10,4865.7,213,0,0,23.6229268292683,0,0,5140.7,219,0,0,0,0
"5200",2023-09-19,1,15,4865.7,213,0,0,23.6229268292683,0,0,5140.7,219,0,0,0,0
"5201",2023-09-19,1,20,4663.7,211,0,0,23.6229268292683,0,0,5140.7,219,0,0,0,0
"5202",2023-09-19,1,25,4897.7,209,0,0,23.6229268292683,0,0,5140.7,219,0,0,0,0
"5203",2023-09-19,1,30,4897.7,209,0,0,23.6229268292683,0,0,5140.7,219,0,0,0,0
"5204",2023-09-19,1,35,4864.7,206,0,0,23.6229268292683,0,0,5140.7,219,0,0,0,0
"5205",2023-09-19,1,40,4842.7,205,0,0,23.6229268292683,0,0,5140.7,219,0,0,0,0
"5206",2023-09-19,1,45,4542.7,204,0,0,23.6229268292683,0,0,5140.7,219,0,0,0,0
"5207",2023-09-19,1,50,4520.7,203,0,0,23.6229268292683,0,0,5140.7,219,0,0,0,0
"5208",2023-09-19,1,55,4520.7,203,0,0,23.6229268292683,0,0,5140.7,219,0,0,0,0
"5209",2023-09-19,2,0,4592.7,198,0,0,23.5345360824742,0,0,4598.7,198,0,0,0,0
"5210",2023-09-19,2,5,4598.7,196,0,0,23.5345360824742,0,0,4598.7,198,0,0,0,0
"5211",2023-09-19,2,10,4598.7,196,0,0,23.5345360824742,0,0,4598.7,198,0,0,0,0
"5212",2023-09-19,2,15,4576.7,195,0,0,23.5345360824742,0,0,4598.7,198,0,0,0,0
"5213",2023-09-19,2,20,4576.7,195,0,0,23.5345360824742,0,0,4598.7,198,0,0,0,0
"5214",2023-09-19,2,25,4598.7,196,0,0,23.5345360824742,0,0,4598.7,198,0,0,0,0
"5215",2023-09-19,2,30,4565.7,194,0,0,23.5345360824742,0,0,4598.7,198,0,0,0,0
"5216",2023-09-19,2,35,4393.7,192,0,0,23.5345360824742,0,0,4598.7,198,0,0,0,0
"5217",2023-09-19,2,40,4382.7,191,0,0,23.5345360824742,0,0,4598.7,198,0,0,0,0
"5218",2023-09-19,2,45,4382.7,191,0,0,23.5345360824742,0,0,4598.7,198,0,0,0,0
"5219",2023-09-19,2,50,4360.7,190,0,0,23.5345360824742,0,0,4598.7,198,0,0,0,0
"5220",2023-09-19,2,55,4360.7,190,0,0,23.5345360824742,0,0,4598.7,198,0,0,0,0
"5221",2023-09-19,3,0,4360.7,190,0,0,23.0781914893617,0,0,4404.7,191,0,0,0,0
"5222",2023-09-19,3,5,4404.7,191,0,0,23.0781914893617,0,0,4404.7,191,0,0,0,0
"5223",2023-09-19,3,10,4404.7,191,0,0,23.0781914893617,0,0,4404.7,191,0,0,0,0
"5224",2023-09-19,3,15,4404.7,191,0,0,23.0781914893617,0,0,4404.7,191,0,0,0,0
"5225",2023-09-19,3,20,4382.7,190,0,0,23.0781914893617,0,0,4404.7,191,0,0,0,0
"5226",2023-09-19,3,25,4382.7,190,0,0,23.0781914893617,0,0,4404.7,191,0,0,0,0
"5227",2023-09-19,3,30,4338.7,188,0,0,23.0781914893617,0,0,4404.7,191,0,0,0,0
"5228",2023-09-19,3,35,4299.7,187,0,0,23.0781914893617,0,0,4404.7,191,0,0,0,0
"5229",2023-09-19,3,40,4299.7,187,0,0,23.0781914893617,0,0,4404.7,191,0,0,0,0
"5230",2023-09-19,3,45,4299.7,187,0,0,23.0781914893617,0,0,4404.7,191,0,0,0,0
"5231",2023-09-19,3,50,4299.7,187,0,0,23.0781914893617,0,0,4404.7,191,0,0,0,0
"5232",2023-09-19,3,55,4299.7,187,0,0,23.0781914893617,0,0,4404.7,191,0,0,0,0
"5233",2023-09-19,4,0,4321.7,188,0,0,22.992817679558,0,0,4321.7,188,0,0,0,0
"5234",2023-09-19,4,5,4238.7,185,0,0,22.992817679558,0,0,4321.7,188,0,0,0,0
"5235",2023-09-19,4,10,4238.7,185,0,0,22.992817679558,0,0,4321.7,188,0,0,0,0
"5236",2023-09-19,4,15,4238.7,185,0,0,22.992817679558,0,0,4321.7,188,0,0,0,0
"5237",2023-09-19,4,20,4238.7,185,0,0,22.992817679558,0,0,4321.7,188,0,0,0,0
"5238",2023-09-19,4,25,4238.7,185,0,0,22.992817679558,0,0,4321.7,188,0,0,0,0
"5239",2023-09-19,4,30,4238.7,185,0,0,22.992817679558,0,0,4321.7,188,0,0,0,0
"5240",2023-09-19,4,35,4205.7,183,0,0,22.992817679558,0,0,4321.7,188,0,0,0,0
"5241",2023-09-19,4,40,4205.7,183,0,0,22.992817679558,0,0,4321.7,188,0,0,0,0
"5242",2023-09-19,4,45,4183.7,182,0,0,22.992817679558,0,0,4321.7,188,0,0,0,0
"5243",2023-09-19,4,50,4183.7,182,0,0,22.992817679558,0,0,4321.7,188,0,0,0,0
"5244",2023-09-19,4,55,4161.7,181,0,0,22.992817679558,0,0,4321.7,188,0,0,0,0
"5245",2023-09-19,5,0,4139.7,180,0,0,23.7094444444444,0,0,4289.7,181,0,0,0,0
"5246",2023-09-19,5,5,4139.7,180,0,0,23.7094444444444,0,0,4289.7,181,0,0,0,0
"5247",2023-09-19,5,10,4139.7,180,0,0,23.7094444444444,0,0,4289.7,181,0,0,0,0
"5248",2023-09-19,5,15,4139.7,180,0,0,23.7094444444444,0,0,4289.7,181,0,0,0,0
"5249",2023-09-19,5,20,4139.7,180,0,0,23.7094444444444,0,0,4289.7,181,0,0,0,0
"5250",2023-09-19,5,25,4139.7,180,0,0,23.7094444444444,0,0,4289.7,181,0,0,0,0
"5251",2023-09-19,5,30,4139.7,180,0,0,23.7094444444444,0,0,4289.7,181,0,0,0,0
"5252",2023-09-19,5,35,4267.7,180,0,0,23.7094444444444,0,0,4289.7,181,0,0,0,0
"5253",2023-09-19,5,40,4289.7,181,0,0,23.7094444444444,0,0,4289.7,181,0,0,0,0
"5254",2023-09-19,5,45,4267.7,180,0,0,23.7094444444444,0,0,4289.7,181,0,0,0,0
"5255",2023-09-19,5,50,4267.7,180,0,0,23.7094444444444,0,0,4289.7,181,0,0,0,0
"5256",2023-09-19,5,55,4267.7,180,0,0,23.7094444444444,0,0,4289.7,181,0,0,0,0
"5257",2023-09-19,6,0,4267.7,180,0,0,23.9772727272727,0,0,4311.7,182,0,0,0,0
"5258",2023-09-19,6,5,4311.7,182,0,0,23.9772727272727,0,0,4311.7,182,0,0,0,0
"5259",2023-09-19,6,10,4311.7,182,0,0,23.9772727272727,0,0,4311.7,182,0,0,0,0
"5260",2023-09-19,6,15,4308,181,0,0,23.9772727272727,0,0,4311.7,182,0,0,0,0
"5261",2023-09-19,6,20,4264,179,0,0,23.9772727272727,0,0,4311.7,182,0,0,0,0
"5262",2023-09-19,6,25,4253,178,0,0,23.9772727272727,0,0,4311.7,182,0,0,0,0
"5263",2023-09-19,6,30,4253,178,0,0,23.9772727272727,0,0,4311.7,182,0,0,0,0
"5264",2023-09-19,6,35,4220,176,0,0,23.9772727272727,0,0,4311.7,182,0,0,0,0
"5265",2023-09-19,6,40,4220,176,0,0,23.9772727272727,0,0,4311.7,182,0,0,0,0
"5266",2023-09-19,6,45,4220,176,0,0,23.9772727272727,0,0,4311.7,182,0,0,0,0
"5267",2023-09-19,6,50,4220,176,0,0,23.9772727272727,0,0,4311.7,182,0,0,0,0
"5268",2023-09-19,6,55,4220,176,0,0,23.9772727272727,0,0,4311.7,182,0,0,0,0
"5269",2023-09-19,7,0,4220,176,0,0,25.9550561797753,0,0,4620,178,0,0,0,0
"5270",2023-09-19,7,5,4209,175,0,0,25.9550561797753,0,0,4620,178,0,0,0,0
"5271",2023-09-19,7,10,4209,175,0,0,25.9550561797753,0,0,4620,178,0,0,0,0
"5272",2023-09-19,7,15,4220,176,0,0,25.9550561797753,0,0,4620,178,0,0,0,0
"5273",2023-09-19,7,20,4520,177,0,0,25.9550561797753,0,0,4620,178,0,0,0,0
"5274",2023-09-19,7,25,4520,177,0,0,25.9550561797753,0,0,4620,178,0,0,0,0
"5275",2023-09-19,7,30,4498,176,0,0,25.9550561797753,0,0,4620,178,0,0,0,0
"5276",2023-09-19,7,35,4620,178,0,0,25.9550561797753,0,0,4620,178,0,0,0,0
"5277",2023-09-19,7,40,4342,178,0,0,25.9550561797753,0,0,4620,178,0,0,0,0
"5278",2023-09-19,7,45,4276,175,0,0,25.9550561797753,0,0,4620,178,0,0,0,0
"5279",2023-09-19,7,50,4276,175,0,0,25.9550561797753,0,0,4620,178,0,0,0,0
"5280",2023-09-19,7,55,4254,174,0,0,25.9550561797753,0,0,4620,178,0,0,0,0
"5281",2023-09-19,8,50,4777,194,0,0,26.7736842105263,0,0,5087,195,0,0,0,0
"5282",2023-09-19,8,55,4821,195,0,0,26.7736842105263,0,0,5087,195,0,0,0,0
"5283",2023-09-19,8,0,4254,174,0,0,26.7736842105263,0,0,5087,195,0,0,0,0
"5284",2023-09-19,8,5,4396,176,0,0,26.7736842105263,0,0,5087,195,0,0,0,0
"5285",2023-09-19,8,10,4396,176,0,0,26.7736842105263,0,0,5087,195,0,0,0,0
"5286",2023-09-19,8,15,4429,178,0,0,26.7736842105263,0,0,5087,195,0,0,0,0
"5287",2023-09-19,8,20,4484,181,0,0,26.7736842105263,0,0,5087,195,0,0,0,0
"5288",2023-09-19,8,25,4843,185,0,0,26.7736842105263,0,0,5087,195,0,0,0,0
"5289",2023-09-19,8,30,4876,187,0,0,26.7736842105263,0,0,5087,195,0,0,0,0
"5290",2023-09-19,8,35,5087,190,0,0,26.7736842105263,0,0,5087,195,0,0,0,0
"5291",2023-09-19,8,40,4809,190,0,0,26.7736842105263,0,0,5087,195,0,0,0,0
"5292",2023-09-19,8,45,4820,191,0,0,26.7736842105263,0,0,5087,195,0,0,0,0
"5293",2023-09-19,9,55,6038,270,0,0,24.6954314720812,0,0,6305,270,0,0,0,0
"5294",2023-09-19,9,0,4865,197,0,0,24.6954314720812,0,0,6305,270,0,0,0,0
"5295",2023-09-19,9,5,4949,211,0,0,24.6954314720812,0,0,6305,270,0,0,0,0
"5296",2023-09-19,9,10,5153,220,0,0,24.6954314720812,0,0,6305,270,0,0,0,0
"5297",2023-09-19,9,15,5197,222,0,0,24.6954314720812,0,0,6305,270,0,0,0,0
"5298",2023-09-19,9,20,5574,227,0,0,24.6954314720812,0,0,6305,270,0,0,0,0
"5299",2023-09-19,9,25,5706,234,0,0,24.6954314720812,0,0,6305,270,0,0,0,0
"5300",2023-09-19,9,30,5794,239,0,0,24.6954314720812,0,0,6305,270,0,0,0,0
"5301",2023-09-19,9,35,6151,258,0,0,24.6954314720812,0,0,6305,270,0,0,0,0
"5302",2023-09-19,9,40,6118,257,0,0,24.6954314720812,0,0,6305,270,0,0,0,0
"5303",2023-09-19,9,45,6173,261,0,0,24.6954314720812,0,0,6305,270,0,0,0,0
"5304",2023-09-19,9,50,6305,269,0,0,24.6954314720812,0,0,6305,270,0,0,0,0
"5305",2023-09-19,10,0,6192,279,0,0,26.9213114754098,0,0,8983,343,0,0,0,0
"5306",2023-09-19,10,5,7630,296,0,0,26.9213114754098,0,0,8983,343,0,0,0,0
"5307",2023-09-19,10,10,8211,305,0,0,26.9213114754098,0,0,8983,343,0,0,0,0
"5308",2023-09-19,10,15,8078,309,0,0,26.9213114754098,0,0,8983,343,0,0,0,0
"5309",2023-09-19,10,20,8311,318,0,0,26.9213114754098,0,0,8983,343,0,0,0,0
"5310",2023-09-19,10,25,8677,324,0,0,26.9213114754098,0,0,8983,343,0,0,0,0
"5311",2023-09-19,10,30,8738,329,0,0,26.9213114754098,0,0,8983,343,0,0,0,0
"5312",2023-09-19,10,35,8983,336,0,0,26.9213114754098,0,0,8983,343,0,0,0,0
"5313",2023-09-19,10,40,8732,338,0,0,26.9213114754098,0,0,8983,343,0,0,0,0
"5314",2023-09-19,10,45,8715,339,0,0,26.9213114754098,0,0,8983,343,0,0,0,0
"5315",2023-09-19,10,50,8890,343,0,0,26.9213114754098,0,0,8983,343,0,0,0,0
"5316",2023-09-19,10,55,8961,343,0,0,26.9213114754098,0,0,8983,343,0,0,0,0
"5317",2023-09-19,11,30,9235,384,0,0,25.7243243243243,0,0,9518,398,0,0,0,0
"5318",2023-09-19,11,35,9201,392,0,0,25.7243243243243,0,0,9518,398,0,0,0,0
"5319",2023-09-19,11,40,9467,397,0,0,25.7243243243243,0,0,9518,398,0,0,0,0
"5320",2023-09-19,11,45,9336,397,0,0,25.7243243243243,0,0,9518,398,0,0,0,0
"5321",2023-09-19,11,50,9178,398,0,0,25.7243243243243,0,0,9518,398,0,0,0,0
"5322",2023-09-19,11,55,9117,397,0,0,25.7243243243243,0,0,9518,398,0,0,0,0
"5323",2023-09-19,11,0,8869,347,0,0,25.7243243243243,0,0,9518,398,0,0,0,0
"5324",2023-09-19,11,5,9518,370,0,0,25.7243243243243,0,0,9518,398,0,0,0,0
"5325",2023-09-19,11,10,9470,375,0,0,25.7243243243243,0,0,9518,398,0,0,0,0
"5326",2023-09-19,11,15,8874,375,0,0,25.7243243243243,0,0,9518,398,0,0,0,0
"5327",2023-09-19,11,20,8852,374,0,0,25.7243243243243,0,0,9518,398,0,0,0,0
"5328",2023-09-19,11,25,8760,378,0,0,25.7243243243243,0,0,9518,398,0,0,0,0
"5329",2023-09-19,12,0,9270,393,0,0,23.9300518134715,0,0,9270,399,0,0,0,0
"5330",2023-09-19,12,5,9033,393,0,0,23.9300518134715,0,0,9270,399,0,0,0,0
"5331",2023-09-19,12,10,8777,393,0,0,23.9300518134715,0,0,9270,399,0,0,0,0
"5332",2023-09-19,12,15,9001,395,0,0,23.9300518134715,0,0,9270,399,0,0,0,0
"5333",2023-09-19,12,20,9100,399,0,0,23.9300518134715,0,0,9270,399,0,0,0,0
"5334",2023-09-19,12,25,9103,397,0,0,23.9300518134715,0,0,9270,399,0,0,0,0
"5335",2023-09-19,12,30,9009,394,0,0,23.9300518134715,0,0,9270,399,0,0,0,0
"5336",2023-09-19,12,35,9022,395,0,0,23.9300518134715,0,0,9270,399,0,0,0,0
"5337",2023-09-19,12,40,8967,392,0,0,23.9300518134715,0,0,9270,399,0,0,0,0
"5338",2023-09-19,12,45,8622,383,0,0,23.9300518134715,0,0,9270,399,0,0,0,0
"5339",2023-09-19,12,50,9237,386,0,0,23.9300518134715,0,0,9270,399,0,0,0,0
"5340",2023-09-19,12,55,8840,388,0,0,23.9300518134715,0,0,9270,399,0,0,0,0
"5341",2023-09-19,13,0,9625,392,0,0,26.4683646112601,0,0,9872.7,392,0,0,0,0
"5342",2023-09-19,13,5,9255,380,0,0,26.4683646112601,0,0,9872.7,392,0,0,0,0
"5343",2023-09-19,13,10,9632,380,0,0,26.4683646112601,0,0,9872.7,392,0,0,0,0
"5344",2023-09-19,13,15,9688,380,0,0,26.4683646112601,0,0,9872.7,392,0,0,0,0
"5345",2023-09-19,13,20,9550.7,380,0,0,26.4683646112601,0,0,9872.7,392,0,0,0,0
"5346",2023-09-19,13,25,9440.7,374,0,0,26.4683646112601,0,0,9872.7,392,0,0,0,0
"5347",2023-09-19,13,30,9556.7,377,0,0,26.4683646112601,0,0,9872.7,392,0,0,0,0
"5348",2023-09-19,13,35,9785.7,374,0,0,26.4683646112601,0,0,9872.7,392,0,0,0,0
"5349",2023-09-19,13,40,9683.7,370,0,0,26.4683646112601,0,0,9872.7,392,0,0,0,0
"5350",2023-09-19,13,45,9872.7,373,0,0,26.4683646112601,0,0,9872.7,392,0,0,0,0
"5351",2023-09-19,13,50,9173.7,367,0,0,26.4683646112601,0,0,9872.7,392,0,0,0,0
"5352",2023-09-19,13,55,9248.7,365,0,0,26.4683646112601,0,0,9872.7,392,0,0,0,0
"5353",2023-09-19,14,10,9903.7,355,0,0,29.428530259366,0,0,10211.7,362,0,0,0,0
"5354",2023-09-19,14,15,10158.7,351,0,0,29.428530259366,0,0,10211.7,362,0,0,0,0
"5355",2023-09-19,14,20,10211.7,347,0,0,29.428530259366,0,0,10211.7,362,0,0,0,0
"5356",2023-09-19,14,25,9758.7,344,0,0,29.428530259366,0,0,10211.7,362,0,0,0,0
"5357",2023-09-19,14,30,9703.7,343,0,0,29.428530259366,0,0,10211.7,362,0,0,0,0
"5358",2023-09-19,14,35,9208.7,348,0,0,29.428530259366,0,0,10211.7,362,0,0,0,0
"5359",2023-09-19,14,40,9241.7,348,0,0,29.428530259366,0,0,10211.7,362,0,0,0,0
"5360",2023-09-19,14,45,9081.7,348,0,0,29.428530259366,0,0,10211.7,362,0,0,0,0
"5361",2023-09-19,14,50,8922.7,341,0,0,29.428530259366,0,0,10211.7,362,0,0,0,0
"5362",2023-09-19,14,55,8834,343,0,0,29.428530259366,0,0,10211.7,362,0,0,0,0
"5363",2023-09-19,14,0,8963.7,356,0,0,29.428530259366,0,0,10211.7,362,0,0,0,0
"5364",2023-09-19,14,5,10169.7,362,0,0,29.428530259366,0,0,10211.7,362,0,0,0,0
"5365",2023-09-19,15,0,8408,340,0,0,26.0219879518072,0,0,8639.3,340,0,0,0,0
"5366",2023-09-19,15,5,8038,330,0,0,26.0219879518072,0,0,8639.3,340,0,0,0,0
"5367",2023-09-19,15,10,7909,328,0,0,26.0219879518072,0,0,8639.3,340,0,0,0,0
"5368",2023-09-19,15,15,7940,328,0,0,26.0219879518072,0,0,8639.3,340,0,0,0,0
"5369",2023-09-19,15,20,7984,331,0,0,26.0219879518072,0,0,8639.3,340,0,0,0,0
"5370",2023-09-19,15,25,7967,332,0,0,26.0219879518072,0,0,8639.3,340,0,0,0,0
"5371",2023-09-19,15,30,8147,335,0,0,26.0219879518072,0,0,8639.3,340,0,0,0,0
"5372",2023-09-19,15,35,8397,329,0,0,26.0219879518072,0,0,8639.3,340,0,0,0,0
"5373",2023-09-19,15,40,8542,332,0,0,26.0219879518072,0,0,8639.3,340,0,0,0,0
"5374",2023-09-19,15,45,8378,329,0,0,26.0219879518072,0,0,8639.3,340,0,0,0,0
"5375",2023-09-19,15,50,8311,329,0,0,26.0219879518072,0,0,8639.3,340,0,0,0,0
"5376",2023-09-19,15,55,8639.3,332,0,0,26.0219879518072,0,0,8639.3,340,0,0,0,0
"5377",2023-09-19,16,0,8976.3,335,0,0,28.8791304347826,0,0,9963.3,354,0,0,0,0
"5378",2023-09-19,16,5,9084.3,340,0,0,28.8791304347826,0,0,9963.3,354,0,0,0,0
"5379",2023-09-19,16,10,9237.3,342,0,0,28.8791304347826,0,0,9963.3,354,0,0,0,0
"5380",2023-09-19,16,15,9848.3,345,0,0,28.8791304347826,0,0,9963.3,354,0,0,0,0
"5381",2023-09-19,16,20,9767.3,344,0,0,28.8791304347826,0,0,9963.3,354,0,0,0,0
"5382",2023-09-19,16,25,9963.3,345,0,0,28.8791304347826,0,0,9963.3,354,0,0,0,0
"5383",2023-09-19,16,30,9858.3,345,0,0,28.8791304347826,0,0,9963.3,354,0,0,0,0
"5384",2023-09-19,16,35,9865.3,354,0,0,28.8791304347826,0,0,9963.3,354,0,0,0,0
"5385",2023-09-19,16,40,9904.3,354,0,0,28.8791304347826,0,0,9963.3,354,0,0,0,0
"5386",2023-09-19,16,45,9904.3,354,0,0,28.8791304347826,0,0,9963.3,354,0,0,0,0
"5387",2023-09-19,16,50,9852.3,353,0,0,28.8791304347826,0,0,9963.3,354,0,0,0,0
"5388",2023-09-19,16,55,9685.3,353,0,0,28.8791304347826,0,0,9963.3,354,0,0,0,0
"5389",2023-09-19,17,0,9496.3,353,0,0,29.125,0,0,9496.3,358,0,0,0,0
"5390",2023-09-19,17,5,9228.3,355,0,0,29.125,0,0,9496.3,358,0,0,0,0
"5391",2023-09-19,17,10,9195.3,354,0,0,29.125,0,0,9496.3,358,0,0,0,0
"5392",2023-09-19,17,15,9174.3,358,0,0,29.125,0,0,9496.3,358,0,0,0,0
"5393",2023-09-19,17,20,8802.3,355,0,0,29.125,0,0,9496.3,358,0,0,0,0
"5394",2023-09-19,17,25,9021.3,353,0,0,29.125,0,0,9496.3,358,0,0,0,0
"5395",2023-09-19,17,30,8933.3,349,0,0,29.125,0,0,9496.3,358,0,0,0,0
"5396",2023-09-19,17,35,8763.3,341,0,0,29.125,0,0,9496.3,358,0,0,0,0
"5397",2023-09-19,17,40,5359,184,0,0,29.125,0,0,9496.3,358,0,0,0,0
"5398",2023-09-19,17,45,8660.3,340,0,0,29.125,0,0,9496.3,358,0,0,0,0
"5399",2023-09-19,17,50,8623.3,341,0,0,29.125,0,0,9496.3,358,0,0,0,0
"5400",2023-09-19,17,55,8573.3,339,0,0,29.125,0,0,9496.3,358,0,0,0,0
"5401",2023-09-19,18,0,8049.3,335,0,0,27.9019169329073,0,0,8960.3,335,0,0,0,0
"5402",2023-09-19,18,5,8286.3,332,0,0,27.9019169329073,0,0,8960.3,335,0,0,0,0
"5403",2023-09-19,18,10,8144.3,328,0,0,27.9019169329073,0,0,8960.3,335,0,0,0,0
"5404",2023-09-19,18,15,8083.3,326,0,0,27.9019169329073,0,0,8960.3,335,0,0,0,0
"5405",2023-09-19,18,20,8137.3,324,0,0,27.9019169329073,0,0,8960.3,335,0,0,0,0
"5406",2023-09-19,18,25,8097.3,321,0,0,27.9019169329073,0,0,8960.3,335,0,0,0,0
"5407",2023-09-19,18,30,8960.3,327,0,0,27.9019169329073,0,0,8960.3,335,0,0,0,0
"5408",2023-09-19,18,35,8733.3,313,0,0,27.9019169329073,0,0,8960.3,335,0,0,0,0
"5409",2023-09-19,18,40,7930.3,305,0,0,27.9019169329073,0,0,8960.3,335,0,0,0,0
"5410",2023-09-19,18,45,8243.3,306,0,0,27.9019169329073,0,0,8960.3,335,0,0,0,0
"5411",2023-09-19,18,50,8057.3,306,0,0,27.9019169329073,0,0,8960.3,335,0,0,0,0
"5412",2023-09-19,18,55,7647,298,0,0,27.9019169329073,0,0,8960.3,335,0,0,0,0
"5413",2023-09-19,19,20,8105,291,0,0,27.948275862069,0,0,8105,295,0,0,0,0
"5414",2023-09-19,19,25,8096,291,0,0,27.948275862069,0,0,8105,295,0,0,0,0
"5415",2023-09-19,19,30,8041,289,0,0,27.948275862069,0,0,8105,295,0,0,0,0
"5416",2023-09-19,19,35,7529,288,0,0,27.948275862069,0,0,8105,295,0,0,0,0
"5417",2023-09-19,19,40,7506,286,0,0,27.948275862069,0,0,8105,295,0,0,0,0
"5418",2023-09-19,19,45,7295,278,0,0,27.948275862069,0,0,8105,295,0,0,0,0
"5419",2023-09-19,19,50,7045,279,0,0,27.948275862069,0,0,8105,295,0,0,0,0
"5420",2023-09-19,19,55,6990,274,0,0,27.948275862069,0,0,8105,295,0,0,0,0
"5421",2023-09-19,19,0,7442,295,0,0,27.948275862069,0,0,8105,295,0,0,0,0
"5422",2023-09-19,19,5,7770,293,0,0,27.948275862069,0,0,8105,295,0,0,0,0
"5423",2023-09-19,19,10,7632,287,0,0,27.948275862069,0,0,8105,295,0,0,0,0
"5424",2023-09-19,19,15,8105,290,0,0,27.948275862069,0,0,8105,295,0,0,0,0
"5425",2023-09-19,20,0,7106,278,0,0,27.773381294964,0,0,7721,278,0,0,0,0
"5426",2023-09-19,20,5,6608,273,0,0,27.773381294964,0,0,7721,278,0,0,0,0
"5427",2023-09-19,20,10,6670,269,0,0,27.773381294964,0,0,7721,278,0,0,0,0
"5428",2023-09-19,20,15,6375,265,0,0,27.773381294964,0,0,7721,278,0,0,0,0
"5429",2023-09-19,20,20,7069,270,0,0,27.773381294964,0,0,7721,278,0,0,0,0
"5430",2023-09-19,20,25,7091,271,0,0,27.773381294964,0,0,7721,278,0,0,0,0
"5431",2023-09-19,20,30,7454,274,0,0,27.773381294964,0,0,7721,278,0,0,0,0
"5432",2023-09-19,20,35,7721,278,0,0,27.773381294964,0,0,7721,278,0,0,0,0
"5433",2023-09-19,20,40,7269,277,0,0,27.773381294964,0,0,7721,278,0,0,0,0
"5434",2023-09-19,20,45,7503,274,0,0,27.773381294964,0,0,7721,278,0,0,0,0
"5435",2023-09-19,20,50,6981,269,0,0,27.773381294964,0,0,7721,278,0,0,0,0
"5436",2023-09-19,20,55,7122,269,0,0,27.773381294964,0,0,7721,278,0,0,0,0
"5437",2023-09-19,21,0,7130,271,0,0,27.989247311828,0,0,7809,283,0,0,0,0
"5438",2023-09-19,21,30,7232,280,0,0,27.989247311828,0,0,7809,283,0,0,0,0
"5439",2023-09-19,21,35,7533,283,0,0,27.989247311828,0,0,7809,283,0,0,0,0
"5440",2023-09-19,21,40,7350,280,0,0,27.989247311828,0,0,7809,283,0,0,0,0
"5441",2023-09-19,21,45,7287,278,0,0,27.989247311828,0,0,7809,283,0,0,0,0
"5442",2023-09-19,21,50,7287,280,0,0,27.989247311828,0,0,7809,283,0,0,0,0
"5443",2023-09-19,21,55,7309,281,0,0,27.989247311828,0,0,7809,283,0,0,0,0
"5444",2023-09-19,21,5,7773,279,0,0,27.989247311828,0,0,7809,283,0,0,0,0
"5445",2023-09-19,21,10,7809,279,0,0,27.989247311828,0,0,7809,283,0,0,0,0
"5446",2023-09-19,21,15,7676,277,0,0,27.989247311828,0,0,7809,283,0,0,0,0
"5447",2023-09-19,21,20,7379,278,0,0,27.989247311828,0,0,7809,283,0,0,0,0
"5448",2023-09-19,21,25,7199,277,0,0,27.989247311828,0,0,7809,283,0,0,0,0
"5449",2023-09-19,22,0,7287,280,0,0,26.9205223880597,0,0,7430,285,0,0,0,0
"5450",2023-09-19,22,5,7186,282,0,0,26.9205223880597,0,0,7430,285,0,0,0,0
"5451",2023-09-19,22,10,7269,285,0,0,26.9205223880597,0,0,7430,285,0,0,0,0
"5452",2023-09-19,22,15,7280,285,0,0,26.9205223880597,0,0,7430,285,0,0,0,0
"5453",2023-09-19,22,20,7288,285,0,0,26.9205223880597,0,0,7430,285,0,0,0,0
"5454",2023-09-19,22,25,7430,282,0,0,26.9205223880597,0,0,7430,285,0,0,0,0
"5455",2023-09-19,22,30,6961.7,280,0,0,26.9205223880597,0,0,7430,285,0,0,0,0
"5456",2023-09-19,22,35,6743.7,274,0,0,26.9205223880597,0,0,7430,285,0,0,0,0
"5457",2023-09-19,22,40,6680.7,270,0,0,26.9205223880597,0,0,7430,285,0,0,0,0
"5458",2023-09-19,22,45,6925.7,268,0,0,26.9205223880597,0,0,7430,285,0,0,0,0
"5459",2023-09-19,22,50,7214.7,268,0,0,26.9205223880597,0,0,7430,285,0,0,0,0
"5460",2023-09-19,22,55,6742.7,265,0,0,26.9205223880597,0,0,7430,285,0,0,0,0
"5461",2023-09-19,23,0,6376.7,261,0,0,25.3789256198347,0,0,6569.7,261,0,0,0,0
"5462",2023-09-19,23,5,6569.7,261,0,0,25.3789256198347,0,0,6569.7,261,0,0,0,0
"5463",2023-09-19,23,10,5820.7,252,0,0,25.3789256198347,0,0,6569.7,261,0,0,0,0
"5464",2023-09-19,23,15,5864.7,254,0,0,25.3789256198347,0,0,6569.7,261,0,0,0,0
"5465",2023-09-19,23,20,5853.7,253,0,0,25.3789256198347,0,0,6569.7,261,0,0,0,0
"5466",2023-09-19,23,25,5897.7,255,0,0,25.3789256198347,0,0,6569.7,261,0,0,0,0
"5467",2023-09-19,23,30,6245.7,254,0,0,25.3789256198347,0,0,6569.7,261,0,0,0,0
"5468",2023-09-19,23,35,6141.7,242,0,0,25.3789256198347,0,0,6569.7,261,0,0,0,0
"5469",2023-09-19,23,40,5830.7,240,0,0,25.3789256198347,0,0,6569.7,261,0,0,0,0
"5470",2023-09-19,23,45,5797.7,238,0,0,25.3789256198347,0,0,6569.7,261,0,0,0,0
"5471",2023-09-19,23,50,5830.7,240,0,0,25.3789256198347,0,0,6569.7,261,0,0,0,0
"5472",2023-09-19,23,55,5852.7,242,0,0,25.3789256198347,0,0,6569.7,261,0,0,0,0
"5473",2023-09-20,0,0,5407,248,0,0,23.5508474576271,0,0,5635,248,0,0,0,0
"5474",2023-09-20,0,5,5581,243,0,0,23.5508474576271,0,0,5635,248,0,0,0,0
"5475",2023-09-20,0,10,5559,241,0,0,23.5508474576271,0,0,5635,248,0,0,0,0
"5476",2023-09-20,0,15,5635,240,0,0,23.5508474576271,0,0,5635,248,0,0,0,0
"5477",2023-09-20,0,20,5591,238,0,0,23.5508474576271,0,0,5635,248,0,0,0,0
"5478",2023-09-20,0,25,5558,236,0,0,23.5508474576271,0,0,5635,248,0,0,0,0
"5479",2023-09-20,0,30,5264,234,0,0,23.5508474576271,0,0,5635,248,0,0,0,0
"5480",2023-09-20,0,35,5221,225,0,0,23.5508474576271,0,0,5635,248,0,0,0,0
"5481",2023-09-20,0,40,5188,224,0,0,23.5508474576271,0,0,5635,248,0,0,0,0
"5482",2023-09-20,0,45,5188,224,0,0,23.5508474576271,0,0,5635,248,0,0,0,0
"5483",2023-09-20,0,50,5008,223,0,0,23.5508474576271,0,0,5635,248,0,0,0,0
"5484",2023-09-20,0,55,4975,222,0,0,23.5508474576271,0,0,5635,248,0,0,0,0
"5485",2023-09-20,1,0,4866,222,0,0,22.2248803827751,0,0,4866,222,0,0,0,0
"5486",2023-09-20,1,5,4322,216,0,0,22.2248803827751,0,0,4866,222,0,0,0,0
"5487",2023-09-20,1,10,4278,214,0,0,22.2248803827751,0,0,4866,222,0,0,0,0
"5488",2023-09-20,1,15,4212,211,0,0,22.2248803827751,0,0,4866,222,0,0,0,0
"5489",2023-09-20,1,20,4700,212,0,0,22.2248803827751,0,0,4866,222,0,0,0,0
"5490",2023-09-20,1,25,4667,210,0,0,22.2248803827751,0,0,4866,222,0,0,0,0
"5491",2023-09-20,1,30,4645,209,0,0,22.2248803827751,0,0,4866,222,0,0,0,0
"5492",2023-09-20,1,35,4030,201,0,0,22.2248803827751,0,0,4866,222,0,0,0,0
"5493",2023-09-20,1,40,4041,202,0,0,22.2248803827751,0,0,4866,222,0,0,0,0
"5494",2023-09-20,1,45,4030,201,0,0,22.2248803827751,0,0,4866,222,0,0,0,0
"5495",2023-09-20,1,50,4041,202,0,0,22.2248803827751,0,0,4866,222,0,0,0,0
"5496",2023-09-20,1,55,4063,203,0,0,22.2248803827751,0,0,4866,222,0,0,0,0
"5497",2023-09-20,2,0,4520.7,203,0,0,23.1746113989637,0,0,4520.7,203,0,0,0,0
"5498",2023-09-20,2,5,4454.7,199,0,0,23.1746113989637,0,0,4520.7,203,0,0,0,0
"5499",2023-09-20,2,10,4454.7,199,0,0,23.1746113989637,0,0,4520.7,203,0,0,0,0
"5500",2023-09-20,2,15,4454.7,199,0,0,23.1746113989637,0,0,4520.7,203,0,0,0,0
"5501",2023-09-20,2,20,4454.7,199,0,0,23.1746113989637,0,0,4520.7,203,0,0,0,0
"5502",2023-09-20,2,25,4454.7,199,0,0,23.1746113989637,0,0,4520.7,203,0,0,0,0
"5503",2023-09-20,2,30,4432.7,198,0,0,23.1746113989637,0,0,4520.7,203,0,0,0,0
"5504",2023-09-20,2,35,4472.7,193,0,0,23.1746113989637,0,0,4520.7,203,0,0,0,0
"5505",2023-09-20,2,40,4472.7,193,0,0,23.1746113989637,0,0,4520.7,203,0,0,0,0
"5506",2023-09-20,2,45,4472.7,193,0,0,23.1746113989637,0,0,4520.7,203,0,0,0,0
"5507",2023-09-20,2,50,4472.7,193,0,0,23.1746113989637,0,0,4520.7,203,0,0,0,0
"5508",2023-09-20,2,55,4472.7,193,0,0,23.1746113989637,0,0,4520.7,203,0,0,0,0
"5509",2023-09-20,3,0,4472.7,193,0,0,24.1320855614973,0,0,4545.7,193,0,0,0,0
"5510",2023-09-20,3,5,4278.7,190,0,0,24.1320855614973,0,0,4545.7,193,0,0,0,0
"5511",2023-09-20,3,10,4278.7,190,0,0,24.1320855614973,0,0,4545.7,193,0,0,0,0
"5512",2023-09-20,3,15,4278.7,190,0,0,24.1320855614973,0,0,4545.7,193,0,0,0,0
"5513",2023-09-20,3,20,4267.7,189,0,0,24.1320855614973,0,0,4545.7,193,0,0,0,0
"5514",2023-09-20,3,25,4545.7,189,0,0,24.1320855614973,0,0,4545.7,193,0,0,0,0
"5515",2023-09-20,3,30,4545.7,189,0,0,24.1320855614973,0,0,4545.7,193,0,0,0,0
"5516",2023-09-20,3,35,4534.7,188,0,0,24.1320855614973,0,0,4545.7,193,0,0,0,0
"5517",2023-09-20,3,40,4534.7,188,0,0,24.1320855614973,0,0,4545.7,193,0,0,0,0
"5518",2023-09-20,3,45,4534.7,188,0,0,24.1320855614973,0,0,4545.7,193,0,0,0,0
"5519",2023-09-20,3,50,4512.7,187,0,0,24.1320855614973,0,0,4545.7,193,0,0,0,0
"5520",2023-09-20,3,55,4512.7,187,0,0,24.1320855614973,0,0,4545.7,193,0,0,0,0
"5521",2023-09-20,4,5,4139.7,185,0,0,22.6524324324324,0,0,4190.7,185,0,0,0,0
"5522",2023-09-20,4,0,4190.7,185,0,0,22.6524324324324,0,0,4190.7,185,0,0,0,0
"5523",2023-09-20,4,10,4128.7,184,0,0,22.6524324324324,0,0,4190.7,185,0,0,0,0
"5524",2023-09-20,4,15,4128.7,184,0,0,22.6524324324324,0,0,4190.7,185,0,0,0,0
"5525",2023-09-20,4,20,4117.7,183,0,0,22.6524324324324,0,0,4190.7,185,0,0,0,0
"5526",2023-09-20,4,25,4095.7,182,0,0,22.6524324324324,0,0,4190.7,185,0,0,0,0
"5527",2023-09-20,4,30,4095.7,182,0,0,22.6524324324324,0,0,4190.7,185,0,0,0,0
"5528",2023-09-20,4,35,3985.7,181,0,0,22.6524324324324,0,0,4190.7,185,0,0,0,0
"5529",2023-09-20,4,40,3985.7,181,0,0,22.6524324324324,0,0,4190.7,185,0,0,0,0
"5530",2023-09-20,4,45,3985.7,181,0,0,22.6524324324324,0,0,4190.7,185,0,0,0,0
"5531",2023-09-20,4,50,3985.7,181,0,0,22.6524324324324,0,0,4190.7,185,0,0,0,0
"5532",2023-09-20,4,55,3985.7,181,0,0,22.6524324324324,0,0,4190.7,185,0,0,0,0
"5533",2023-09-20,5,0,4285.7,182,0,0,23.5478021978022,0,0,4285.7,182,0,0,0,0
"5534",2023-09-20,5,5,4135.7,181,0,0,23.5478021978022,0,0,4285.7,182,0,0,0,0
"5535",2023-09-20,5,10,4135.7,181,0,0,23.5478021978022,0,0,4285.7,182,0,0,0,0
"5536",2023-09-20,5,15,3835.7,180,0,0,23.5478021978022,0,0,4285.7,182,0,0,0,0
"5537",2023-09-20,5,20,3824.7,179,0,0,23.5478021978022,0,0,4285.7,182,0,0,0,0
"5538",2023-09-20,5,25,3824.7,179,0,0,23.5478021978022,0,0,4285.7,182,0,0,0,0
"5539",2023-09-20,5,30,3824.7,179,0,0,23.5478021978022,0,0,4285.7,182,0,0,0,0
"5540",2023-09-20,5,35,3985.7,180,0,0,23.5478021978022,0,0,4285.7,182,0,0,0,0
"5541",2023-09-20,5,40,3985.7,180,0,0,23.5478021978022,0,0,4285.7,182,0,0,0,0
"5542",2023-09-20,5,45,3985.7,180,0,0,23.5478021978022,0,0,4285.7,182,0,0,0,0
"5543",2023-09-20,5,50,3765.7,170,0,0,23.5478021978022,0,0,4285.7,182,0,0,0,0
"5544",2023-09-20,5,55,3963.7,179,0,0,23.5478021978022,0,0,4285.7,182,0,0,0,0
"5545",2023-09-20,6,0,3963.7,179,0,0,22.3905325443787,0,0,3963.7,179,0,0,0,0
"5546",2023-09-20,6,5,3963.7,179,0,0,22.3905325443787,0,0,3963.7,179,0,0,0,0
"5547",2023-09-20,6,10,3952.7,178,0,0,22.3905325443787,0,0,3963.7,179,0,0,0,0
"5548",2023-09-20,6,15,3930.7,177,0,0,22.3905325443787,0,0,3963.7,179,0,0,0,0
"5549",2023-09-20,6,20,3864.7,174,0,0,22.3905325443787,0,0,3963.7,179,0,0,0,0
"5550",2023-09-20,6,25,3820.7,172,0,0,22.3905325443787,0,0,3963.7,179,0,0,0,0
"5551",2023-09-20,6,30,3817,171,0,0,22.3905325443787,0,0,3963.7,179,0,0,0,0
"5552",2023-09-20,6,35,3817,171,0,0,22.3905325443787,0,0,3963.7,179,0,0,0,0
"5553",2023-09-20,6,40,3795,170,0,0,22.3905325443787,0,0,3963.7,179,0,0,0,0
"5554",2023-09-20,6,45,3795,170,0,0,22.3905325443787,0,0,3963.7,179,0,0,0,0
"5555",2023-09-20,6,50,3795,170,0,0,22.3905325443787,0,0,3963.7,179,0,0,0,0
"5556",2023-09-20,6,55,3784,169,0,0,22.3905325443787,0,0,3963.7,179,0,0,0,0
"5557",2023-09-20,7,0,3784,169,0,0,22.3905325443787,0,0,3784,170,0,0,0,0
"5558",2023-09-20,7,5,3734,168,0,0,22.3905325443787,0,0,3784,170,0,0,0,0
"5559",2023-09-20,7,10,3734,168,0,0,22.3905325443787,0,0,3784,170,0,0,0,0
"5560",2023-09-20,7,15,3745,169,0,0,22.3905325443787,0,0,3784,170,0,0,0,0
"5561",2023-09-20,7,20,3745,169,0,0,22.3905325443787,0,0,3784,170,0,0,0,0
"5562",2023-09-20,7,25,3745,169,0,0,22.3905325443787,0,0,3784,170,0,0,0,0
"5563",2023-09-20,7,30,3745,169,0,0,22.3905325443787,0,0,3784,170,0,0,0,0
"5564",2023-09-20,7,35,3767,170,0,0,22.3905325443787,0,0,3784,170,0,0,0,0
"5565",2023-09-20,7,40,3745,169,0,0,22.3905325443787,0,0,3784,170,0,0,0,0
"5566",2023-09-20,7,45,3723,168,0,0,22.3905325443787,0,0,3784,170,0,0,0,0
"5567",2023-09-20,7,50,3723,168,0,0,22.3905325443787,0,0,3784,170,0,0,0,0
"5568",2023-09-20,7,55,3723,168,0,0,22.3905325443787,0,0,3784,170,0,0,0,0
"5569",2023-09-20,8,0,3712,168,0,0,23.6453488372093,0,0,4831,206,0,0,0,0
"5570",2023-09-20,8,5,4067,172,0,0,23.6453488372093,0,0,4831,206,0,0,0,0
"5571",2023-09-20,8,10,4078,173,0,0,23.6453488372093,0,0,4831,206,0,0,0,0
"5572",2023-09-20,8,15,4166,177,0,0,23.6453488372093,0,0,4831,206,0,0,0,0
"5573",2023-09-20,8,20,4199,178,0,0,23.6453488372093,0,0,4831,206,0,0,0,0
"5574",2023-09-20,8,25,4243,181,0,0,23.6453488372093,0,0,4831,206,0,0,0,0
"5575",2023-09-20,8,30,4348,185,0,0,23.6453488372093,0,0,4831,206,0,0,0,0
"5576",2023-09-20,8,35,4622,196,0,0,23.6453488372093,0,0,4831,206,0,0,0,0
"5577",2023-09-20,8,40,4600,195,0,0,23.6453488372093,0,0,4831,206,0,0,0,0
"5578",2023-09-20,8,45,4666,199,0,0,23.6453488372093,0,0,4831,206,0,0,0,0
"5579",2023-09-20,8,50,4754,203,0,0,23.6453488372093,0,0,4831,206,0,0,0,0
"5580",2023-09-20,8,55,4831,206,0,0,23.6453488372093,0,0,4831,206,0,0,0,0
"5581",2023-09-20,9,15,5227,219,0,0,24.6133333333333,0,0,5927,251,0,0,0,0
"5582",2023-09-20,9,20,5336,224,0,0,24.6133333333333,0,0,5927,251,0,0,0,0
"5583",2023-09-20,9,25,5538,225,0,0,24.6133333333333,0,0,5927,251,0,0,0,0
"5584",2023-09-20,9,30,5648,231,0,0,24.6133333333333,0,0,5927,251,0,0,0,0
"5585",2023-09-20,9,35,5646,238,0,0,24.6133333333333,0,0,5927,251,0,0,0,0
"5586",2023-09-20,9,40,5657,239,0,0,24.6133333333333,0,0,5927,251,0,0,0,0
"5587",2023-09-20,9,45,5679,240,0,0,24.6133333333333,0,0,5927,251,0,0,0,0
"5588",2023-09-20,9,50,5723,243,0,0,24.6133333333333,0,0,5927,251,0,0,0,0
"5589",2023-09-20,9,55,5927,251,0,0,24.6133333333333,0,0,5927,251,0,0,0,0
"5590",2023-09-20,9,0,4920,208,0,0,24.6133333333333,0,0,5927,251,0,0,0,0
"5591",2023-09-20,9,5,5172,212,0,0,24.6133333333333,0,0,5927,251,0,0,0,0
"5592",2023-09-20,9,10,5150,214,0,0,24.6133333333333,0,0,5927,251,0,0,0,0
"5593",2023-09-20,10,0,6059,260,0,0,27.0948012232416,0,0,8860,331,0,0,0,0
"5594",2023-09-20,10,5,6232,281,0,0,27.0948012232416,0,0,8860,331,0,0,0,0
"5595",2023-09-20,10,10,6265,283,0,0,27.0948012232416,0,0,8860,331,0,0,0,0
"5596",2023-09-20,10,15,6419,288,0,0,27.0948012232416,0,0,8860,331,0,0,0,0
"5597",2023-09-20,10,20,6818,297,0,0,27.0948012232416,0,0,8860,331,0,0,0,0
"5598",2023-09-20,10,25,6900,303,0,0,27.0948012232416,0,0,8860,331,0,0,0,0
"5599",2023-09-20,10,30,6922,305,0,0,27.0948012232416,0,0,8860,331,0,0,0,0
"5600",2023-09-20,10,35,7592,317,0,0,27.0948012232416,0,0,8860,331,0,0,0,0
"5601",2023-09-20,10,40,7750,318,0,0,27.0948012232416,0,0,8860,331,0,0,0,0
"5602",2023-09-20,10,45,8456,331,0,0,27.0948012232416,0,0,8860,331,0,0,0,0
"5603",2023-09-20,10,50,8639,326,0,0,27.0948012232416,0,0,8860,331,0,0,0,0
"5604",2023-09-20,10,55,8860,327,0,0,27.0948012232416,0,0,8860,331,0,0,0,0
"5605",2023-09-20,11,5,8626,340,0,0,27.3790087463557,0,0,9391,361,0,0,0,0
"5606",2023-09-20,11,10,8570,340,0,0,27.3790087463557,0,0,9391,361,0,0,0,0
"5607",2023-09-20,11,15,9391,343,0,0,27.3790087463557,0,0,9391,361,0,0,0,0
"5608",2023-09-20,11,20,9243,343,0,0,27.3790087463557,0,0,9391,361,0,0,0,0
"5609",2023-09-20,11,25,9055,342,0,0,27.3790087463557,0,0,9391,361,0,0,0,0
"5610",2023-09-20,11,30,8777,344,0,0,27.3790087463557,0,0,9391,361,0,0,0,0
"5611",2023-09-20,11,35,9011,357,0,0,27.3790087463557,0,0,9391,361,0,0,0,0
"5612",2023-09-20,11,40,9202,358,0,0,27.3790087463557,0,0,9391,361,0,0,0,0
"5613",2023-09-20,11,45,8735,359,0,0,27.3790087463557,0,0,9391,361,0,0,0,0
"5614",2023-09-20,11,50,8748,361,0,0,27.3790087463557,0,0,9391,361,0,0,0,0
"5615",2023-09-20,11,55,8568,358,0,0,27.3790087463557,0,0,9391,361,0,0,0,0
"5616",2023-09-20,11,0,8499,329,0,0,27.3790087463557,0,0,9391,361,0,0,0,0
"5617",2023-09-20,12,0,8890,361,0,0,25.2417582417582,0,0,9188,365,0,0,0,0
"5618",2023-09-20,12,5,8261,359,0,0,25.2417582417582,0,0,9188,365,0,0,0,0
"5619",2023-09-20,12,10,8596,364,0,0,25.2417582417582,0,0,9188,365,0,0,0,0
"5620",2023-09-20,12,15,8607,365,0,0,25.2417582417582,0,0,9188,365,0,0,0,0
"5621",2023-09-20,12,20,8738,365,0,0,25.2417582417582,0,0,9188,365,0,0,0,0
"5622",2023-09-20,12,25,8705,363,0,0,25.2417582417582,0,0,9188,365,0,0,0,0
"5623",2023-09-20,12,30,8710,361,0,0,25.2417582417582,0,0,9188,365,0,0,0,0
"5624",2023-09-20,12,35,9188,364,0,0,25.2417582417582,0,0,9188,365,0,0,0,0
"5625",2023-09-20,12,40,8910,363,0,0,25.2417582417582,0,0,9188,365,0,0,0,0
"5626",2023-09-20,12,45,8832,362,0,0,25.2417582417582,0,0,9188,365,0,0,0,0
"5627",2023-09-20,12,50,8954,364,0,0,25.2417582417582,0,0,9188,365,0,0,0,0
"5628",2023-09-20,12,55,8965,364,0,0,25.2417582417582,0,0,9188,365,0,0,0,0
"5629",2023-09-20,13,0,8713,362,0,0,25.3561253561254,0,0,8955,366,0,0,0,0
"5630",2023-09-20,13,5,8932,359,0,0,25.3561253561254,0,0,8955,366,0,0,0,0
"5631",2023-09-20,13,10,8938,357,0,0,25.3561253561254,0,0,8955,366,0,0,0,0
"5632",2023-09-20,13,15,8955,356,0,0,25.3561253561254,0,0,8955,366,0,0,0,0
"5633",2023-09-20,13,20,8861,350,0,0,25.3561253561254,0,0,8955,366,0,0,0,0
"5634",2023-09-20,13,25,8900,351,0,0,25.3561253561254,0,0,8955,366,0,0,0,0
"5635",2023-09-20,13,30,8583,350,0,0,25.3561253561254,0,0,8955,366,0,0,0,0
"5636",2023-09-20,13,35,8685,364,0,0,25.3561253561254,0,0,8955,366,0,0,0,0
"5637",2023-09-20,13,40,8198,359,0,0,25.3561253561254,0,0,8955,366,0,0,0,0
"5638",2023-09-20,13,45,8312,366,0,0,25.3561253561254,0,0,8955,366,0,0,0,0
"5639",2023-09-20,13,50,8564,359,0,0,25.3561253561254,0,0,8955,366,0,0,0,0
"5640",2023-09-20,13,55,8381,356,0,0,25.3561253561254,0,0,8955,366,0,0,0,0
"5641",2023-09-20,14,0,8771,354,0,0,30.080229226361,0,0,10498,360,0,0,0,0
"5642",2023-09-20,14,5,9339,360,0,0,30.080229226361,0,0,10498,360,0,0,0,0
"5643",2023-09-20,14,10,9394,353,0,0,30.080229226361,0,0,10498,360,0,0,0,0
"5644",2023-09-20,14,15,9481,350,0,0,30.080229226361,0,0,10498,360,0,0,0,0
"5645",2023-09-20,14,20,9560,350,0,0,30.080229226361,0,0,10498,360,0,0,0,0
"5646",2023-09-20,14,25,9430,349,0,0,30.080229226361,0,0,10498,360,0,0,0,0
"5647",2023-09-20,14,30,10031,352,0,0,30.080229226361,0,0,10498,360,0,0,0,0
"5648",2023-09-20,14,35,10412,351,0,0,30.080229226361,0,0,10498,360,0,0,0,0
"5649",2023-09-20,14,40,10290,348,0,0,30.080229226361,0,0,10498,360,0,0,0,0
"5650",2023-09-20,14,45,10498,349,0,0,30.080229226361,0,0,10498,360,0,0,0,0
"5651",2023-09-20,14,50,9866,347,0,0,30.080229226361,0,0,10498,360,0,0,0,0
"5652",2023-09-20,14,55,10326,346,0,0,30.080229226361,0,0,10498,360,0,0,0,0
"5653",2023-09-20,15,0,9873,343,0,0,28.7842565597668,0,0,9873,357,0,0,0,0
"5654",2023-09-20,15,5,9636,353,0,0,28.7842565597668,0,0,9873,357,0,0,0,0
"5655",2023-09-20,15,10,9460,353,0,0,28.7842565597668,0,0,9873,357,0,0,0,0
"5656",2023-09-20,15,15,9165,348,0,0,28.7842565597668,0,0,9873,357,0,0,0,0
"5657",2023-09-20,15,20,8833,350,0,0,28.7842565597668,0,0,9873,357,0,0,0,0
"5658",2023-09-20,15,25,8790,353,0,0,28.7842565597668,0,0,9873,357,0,0,0,0
"5659",2023-09-20,15,30,8723,353,0,0,28.7842565597668,0,0,9873,357,0,0,0,0
"5660",2023-09-20,15,35,7433,345,0,0,28.7842565597668,0,0,9873,357,0,0,0,0
"5661",2023-09-20,15,40,7533,347,0,0,28.7842565597668,0,0,9873,357,0,0,0,0
"5662",2023-09-20,15,45,7632,351,0,0,28.7842565597668,0,0,9873,357,0,0,0,0
"5663",2023-09-20,15,50,7621,350,0,0,28.7842565597668,0,0,9873,357,0,0,0,0
"5664",2023-09-20,15,55,7759,357,0,0,28.7842565597668,0,0,9873,357,0,0,0,0
"5665",2023-09-20,16,0,7792,358,0,0,25.32,0,0,9495,376,0,0,0,0
"5666",2023-09-20,16,5,7976,357,0,0,25.32,0,0,9495,376,0,0,0,0
"5667",2023-09-20,16,10,8265,359,0,0,25.32,0,0,9495,376,0,0,0,0
"5668",2023-09-20,16,15,8809,362,0,0,25.32,0,0,9495,376,0,0,0,0
"5669",2023-09-20,16,20,9224,365,0,0,25.32,0,0,9495,376,0,0,0,0
"5670",2023-09-20,16,25,8957,367,0,0,25.32,0,0,9495,376,0,0,0,0
"5671",2023-09-20,16,30,9022,364,0,0,25.32,0,0,9495,376,0,0,0,0
"5672",2023-09-20,16,35,9379,371,0,0,25.32,0,0,9495,376,0,0,0,0
"5673",2023-09-20,16,40,9495,375,0,0,25.32,0,0,9495,376,0,0,0,0
"5674",2023-09-20,16,45,9446,376,0,0,25.32,0,0,9495,376,0,0,0,0
"5675",2023-09-20,16,50,9368,375,0,0,25.32,0,0,9495,376,0,0,0,0
"5676",2023-09-20,16,55,9310,371,0,0,25.32,0,0,9495,376,0,0,0,0
"5677",2023-09-20,17,0,9288,370,0,0,27.6444444444444,0,0,9288,370,0,0,0,0
"5678",2023-09-20,17,5,8649,359,0,0,27.6444444444444,0,0,9288,370,0,0,0,0
"5679",2023-09-20,17,10,8454,361,0,0,27.6444444444444,0,0,9288,370,0,0,0,0
"5680",2023-09-20,17,15,8412,360,0,0,27.6444444444444,0,0,9288,370,0,0,0,0
"5681",2023-09-20,17,20,8173,361,0,0,27.6444444444444,0,0,9288,370,0,0,0,0
"5682",2023-09-20,17,25,8696,359,0,0,27.6444444444444,0,0,9288,370,0,0,0,0
"5683",2023-09-20,17,30,8467,359,0,0,27.6444444444444,0,0,9288,370,0,0,0,0
"5684",2023-09-20,17,35,8784,345,0,0,27.6444444444444,0,0,9288,370,0,0,0,0
"5685",2023-09-20,17,40,6220,225,0,0,27.6444444444444,0,0,9288,370,0,0,0,0
"5686",2023-09-20,17,45,8747,343,0,0,27.6444444444444,0,0,9288,370,0,0,0,0
"5687",2023-09-20,17,50,8374,334,0,0,27.6444444444444,0,0,9288,370,0,0,0,0
"5688",2023-09-20,17,55,8746,338,0,0,27.6444444444444,0,0,9288,370,0,0,0,0
"5689",2023-09-20,18,0,9122,339,0,0,27.5794392523364,0,0,9122,339,0,0,0,0
"5690",2023-09-20,18,5,8563,337,0,0,27.5794392523364,0,0,9122,339,0,0,0,0
"5691",2023-09-20,18,10,8754,333,0,0,27.5794392523364,0,0,9122,339,0,0,0,0
"5692",2023-09-20,18,15,9065,334,0,0,27.5794392523364,0,0,9122,339,0,0,0,0
"5693",2023-09-20,18,20,8290,328,0,0,27.5794392523364,0,0,9122,339,0,0,0,0
"5694",2023-09-20,18,25,8623,331,0,0,27.5794392523364,0,0,9122,339,0,0,0,0
"5695",2023-09-20,18,30,8728,337,0,0,27.5794392523364,0,0,9122,339,0,0,0,0
"5696",2023-09-20,18,35,8111,327,0,0,27.5794392523364,0,0,9122,339,0,0,0,0
"5697",2023-09-20,18,40,8208,324,0,0,27.5794392523364,0,0,9122,339,0,0,0,0
"5698",2023-09-20,18,45,8286,324,0,0,27.5794392523364,0,0,9122,339,0,0,0,0
"5699",2023-09-20,18,50,8579,323,0,0,27.5794392523364,0,0,9122,339,0,0,0,0
"5700",2023-09-20,18,55,8853,321,0,0,27.5794392523364,0,0,9122,339,0,0,0,0
"5701",2023-09-20,19,0,9164,322,0,0,28.6794871794872,0,0,9164,322,0,0,0,0
"5702",2023-09-20,19,5,8948,312,0,0,28.6794871794872,0,0,9164,322,0,0,0,0
"5703",2023-09-20,19,10,8646,308,0,0,28.6794871794872,0,0,9164,322,0,0,0,0
"5704",2023-09-20,19,15,8166,301,0,0,28.6794871794872,0,0,9164,322,0,0,0,0
"5705",2023-09-20,19,20,8114,300,0,0,28.6794871794872,0,0,9164,322,0,0,0,0
"5706",2023-09-20,19,25,7952,294,0,0,28.6794871794872,0,0,9164,322,0,0,0,0
"5707",2023-09-20,19,30,7746,297,0,0,28.6794871794872,0,0,9164,322,0,0,0,0
"5708",2023-09-20,19,35,7328,293,0,0,28.6794871794872,0,0,9164,322,0,0,0,0
"5709",2023-09-20,19,40,7328,293,0,0,28.6794871794872,0,0,9164,322,0,0,0,0
"5710",2023-09-20,19,45,7595,291,0,0,28.6794871794872,0,0,9164,322,0,0,0,0
"5711",2023-09-20,19,50,7589,292,0,0,28.6794871794872,0,0,9164,322,0,0,0,0
"5712",2023-09-20,19,55,7479,295,0,0,28.6794871794872,0,0,9164,322,0,0,0,0
"5713",2023-09-20,20,0,7629,292,0,0,28.967032967033,0,0,7908,292,0,0,0,0
"5714",2023-09-20,20,5,7737,290,0,0,28.967032967033,0,0,7908,292,0,0,0,0
"5715",2023-09-20,20,10,7449,283,0,0,28.967032967033,0,0,7908,292,0,0,0,0
"5716",2023-09-20,20,15,7210,287,0,0,28.967032967033,0,0,7908,292,0,0,0,0
"5717",2023-09-20,20,20,7423,290,0,0,28.967032967033,0,0,7908,292,0,0,0,0
"5718",2023-09-20,20,25,7452,286,0,0,28.967032967033,0,0,7908,292,0,0,0,0
"5719",2023-09-20,20,30,7851,290,0,0,28.967032967033,0,0,7908,292,0,0,0,0
"5720",2023-09-20,20,35,7312,276,0,0,28.967032967033,0,0,7908,292,0,0,0,0
"5721",2023-09-20,20,40,7630,273,0,0,28.967032967033,0,0,7908,292,0,0,0,0
"5722",2023-09-20,20,45,7908,273,0,0,28.967032967033,0,0,7908,292,0,0,0,0
"5723",2023-09-20,20,50,7891,274,0,0,28.967032967033,0,0,7908,292,0,0,0,0
"5724",2023-09-20,20,55,7340,271,0,0,28.967032967033,0,0,7908,292,0,0,0,0
"5725",2023-09-20,21,0,7062,271,0,0,27.4479166666667,0,0,7905,293,0,0,0,0
"5726",2023-09-20,21,5,7302,284,0,0,27.4479166666667,0,0,7905,293,0,0,0,0
"5727",2023-09-20,21,10,7705,287,0,0,27.4479166666667,0,0,7905,293,0,0,0,0
"5728",2023-09-20,21,15,7905,288,0,0,27.4479166666667,0,0,7905,293,0,0,0,0
"5729",2023-09-20,21,20,7633,286,0,0,27.4479166666667,0,0,7905,293,0,0,0,0
"5730",2023-09-20,21,25,7444,285,0,0,27.4479166666667,0,0,7905,293,0,0,0,0
"5731",2023-09-20,21,30,7380,288,0,0,27.4479166666667,0,0,7905,293,0,0,0,0
"5732",2023-09-20,21,35,7661,293,0,0,27.4479166666667,0,0,7905,293,0,0,0,0
"5733",2023-09-20,21,40,7211,287,0,0,27.4479166666667,0,0,7905,293,0,0,0,0
"5734",2023-09-20,21,45,6883,287,0,0,27.4479166666667,0,0,7905,293,0,0,0,0
"5735",2023-09-20,21,50,6827,286,0,0,27.4479166666667,0,0,7905,293,0,0,0,0
"5736",2023-09-20,21,55,7179,289,0,0,27.4479166666667,0,0,7905,293,0,0,0,0
"5737",2023-09-20,22,0,7370,290,0,0,25.4137931034483,0,0,7370,290,0,0,0,0
"5738",2023-09-20,22,5,7048,287,0,0,25.4137931034483,0,0,7370,290,0,0,0,0
"5739",2023-09-20,22,10,7046,287,0,0,25.4137931034483,0,0,7370,290,0,0,0,0
"5740",2023-09-20,22,15,6983,285,0,0,25.4137931034483,0,0,7370,290,0,0,0,0
"5741",2023-09-20,22,20,6847,286,0,0,25.4137931034483,0,0,7370,290,0,0,0,0
"5742",2023-09-20,22,25,6719,286,0,0,25.4137931034483,0,0,7370,290,0,0,0,0
"5743",2023-09-20,22,30,6697,285,0,0,25.4137931034483,0,0,7370,290,0,0,0,0
"5744",2023-09-20,22,35,6355,275,0,0,25.4137931034483,0,0,7370,290,0,0,0,0
"5745",2023-09-20,22,40,6355,275,0,0,25.4137931034483,0,0,7370,290,0,0,0,0
"5746",2023-09-20,22,45,6023,268,0,0,25.4137931034483,0,0,7370,290,0,0,0,0
"5747",2023-09-20,22,50,5990,266,0,0,25.4137931034483,0,0,7370,290,0,0,0,0
"5748",2023-09-20,22,55,5690,265,0,0,25.4137931034483,0,0,7370,290,0,0,0,0
"5749",2023-09-20,23,10,6201,259,0,0,23.9420849420849,0,0,6289,264,0,0,0,0
"5750",2023-09-20,23,15,6289,263,0,0,23.9420849420849,0,0,6289,264,0,0,0,0
"5751",2023-09-20,23,20,5967,261,0,0,23.9420849420849,0,0,6289,264,0,0,0,0
"5752",2023-09-20,23,25,5989,263,0,0,23.9420849420849,0,0,6289,264,0,0,0,0
"5753",2023-09-20,23,30,6076,262,0,0,23.9420849420849,0,0,6289,264,0,0,0,0
"5754",2023-09-20,23,35,5490,257,0,0,23.9420849420849,0,0,6289,264,0,0,0,0
"5755",2023-09-20,23,0,5570,264,0,0,23.9420849420849,0,0,6289,264,0,0,0,0
"5756",2023-09-20,23,5,6011,263,0,0,23.9420849420849,0,0,6289,264,0,0,0,0
"5757",2023-09-20,23,40,5457,255,0,0,23.9420849420849,0,0,6289,264,0,0,0,0
"5758",2023-09-20,23,45,5637,256,0,0,23.9420849420849,0,0,6289,264,0,0,0,0
"5759",2023-09-20,23,50,5560,252,0,0,23.9420849420849,0,0,6289,264,0,0,0,0
"5760",2023-09-20,23,55,5451,251,0,0,23.9420849420849,0,0,6289,264,0,0,0,0
"5761",2023-09-21,0,0,5890.7,251,0,0,25.0111111111111,0,0,6099.7,251,0,0,0,0
"5762",2023-09-21,0,5,6099.7,245,0,0,25.0111111111111,0,0,6099.7,251,0,0,0,0
"5763",2023-09-21,0,10,6077.7,243,0,0,25.0111111111111,0,0,6099.7,251,0,0,0,0
"5764",2023-09-21,0,15,5924.7,240,0,0,25.0111111111111,0,0,6099.7,251,0,0,0,0
"5765",2023-09-21,0,20,5946.7,241,0,0,25.0111111111111,0,0,6099.7,251,0,0,0,0
"5766",2023-09-21,0,25,5264.7,238,0,0,25.0111111111111,0,0,6099.7,251,0,0,0,0
"5767",2023-09-21,0,30,5362.7,237,0,0,25.0111111111111,0,0,6099.7,251,0,0,0,0
"5768",2023-09-21,0,35,5515.7,239,0,0,25.0111111111111,0,0,6099.7,251,0,0,0,0
"5769",2023-09-21,0,40,5853.7,240,0,0,25.0111111111111,0,0,6099.7,251,0,0,0,0
"5770",2023-09-21,0,45,5793.7,239,0,0,25.0111111111111,0,0,6099.7,251,0,0,0,0
"5771",2023-09-21,0,50,5071.7,224,0,0,25.0111111111111,0,0,6099.7,251,0,0,0,0
"5772",2023-09-21,0,55,4639.7,216,0,0,25.0111111111111,0,0,6099.7,251,0,0,0,0
"5773",2023-09-21,1,0,4650.7,217,0,0,25.5256756756757,0,0,5666.7,227,0,0,0,0
"5774",2023-09-21,1,5,5443.7,227,0,0,25.5256756756757,0,0,5666.7,227,0,0,0,0
"5775",2023-09-21,1,10,5388.7,224,0,0,25.5256756756757,0,0,5666.7,227,0,0,0,0
"5776",2023-09-21,1,15,4977.7,208,0,0,25.5256756756757,0,0,5666.7,227,0,0,0,0
"5777",2023-09-21,1,20,4988.7,208,0,0,25.5256756756757,0,0,5666.7,227,0,0,0,0
"5778",2023-09-21,1,25,5120.7,216,0,0,25.5256756756757,0,0,5666.7,227,0,0,0,0
"5779",2023-09-21,1,30,5666.7,222,0,0,25.5256756756757,0,0,5666.7,227,0,0,0,0
"5780",2023-09-21,1,35,5108,215,0,0,25.5256756756757,0,0,5666.7,227,0,0,0,0
"5781",2023-09-21,1,40,5430,217,0,0,25.5256756756757,0,0,5666.7,227,0,0,0,0
"5782",2023-09-21,1,45,5386,214,0,0,25.5256756756757,0,0,5666.7,227,0,0,0,0
"5783",2023-09-21,1,50,5356.7,213,0,0,25.5256756756757,0,0,5666.7,227,0,0,0,0
"5784",2023-09-21,1,55,4891.7,202,0,0,25.5256756756757,0,0,5666.7,227,0,0,0,0
"5785",2023-09-21,2,0,4063,203,0,0,20.29,0,0,4113,203,0,0,0,0
"5786",2023-09-21,2,5,4113,203,0,0,20.29,0,0,4113,203,0,0,0,0
"5787",2023-09-21,2,10,4091,202,0,0,20.29,0,0,4113,203,0,0,0,0
"5788",2023-09-21,2,15,4058,200,0,0,20.29,0,0,4113,203,0,0,0,0
"5789",2023-09-21,2,20,4058,200,0,0,20.29,0,0,4113,203,0,0,0,0
"5790",2023-09-21,2,25,4058,200,0,0,20.29,0,0,4113,203,0,0,0,0
"5791",2023-09-21,2,30,4058,200,0,0,20.29,0,0,4113,203,0,0,0,0
"5792",2023-09-21,2,35,3936,198,0,0,20.29,0,0,4113,203,0,0,0,0
"5793",2023-09-21,2,40,3936,198,0,0,20.29,0,0,4113,203,0,0,0,0
"5794",2023-09-21,2,45,3914,197,0,0,20.29,0,0,4113,203,0,0,0,0
"5795",2023-09-21,2,50,3892,196,0,0,20.29,0,0,4113,203,0,0,0,0
"5796",2023-09-21,2,55,3870,195,0,0,20.29,0,0,4113,203,0,0,0,0
"5797",2023-09-21,3,0,3870,195,0,0,22.3108808290155,0,0,4328,195,0,0,0,0
"5798",2023-09-21,3,5,3848,194,0,0,22.3108808290155,0,0,4328,195,0,0,0,0
"5799",2023-09-21,3,10,3837,193,0,0,22.3108808290155,0,0,4328,195,0,0,0,0
"5800",2023-09-21,3,15,3837,193,0,0,22.3108808290155,0,0,4328,195,0,0,0,0
"5801",2023-09-21,3,20,3837,193,0,0,22.3108808290155,0,0,4328,195,0,0,0,0
"5802",2023-09-21,3,25,3837,193,0,0,22.3108808290155,0,0,4328,195,0,0,0,0
"5803",2023-09-21,3,30,4137,194,0,0,22.3108808290155,0,0,4328,195,0,0,0,0
"5804",2023-09-21,3,35,4126,193,0,0,22.3108808290155,0,0,4328,195,0,0,0,0
"5805",2023-09-21,3,40,4126,193,0,0,22.3108808290155,0,0,4328,195,0,0,0,0
"5806",2023-09-21,3,45,4328,195,0,0,22.3108808290155,0,0,4328,195,0,0,0,0
"5807",2023-09-21,3,50,4328,195,0,0,22.3108808290155,0,0,4328,195,0,0,0,0
"5808",2023-09-21,3,55,4306,193,0,0,22.3108808290155,0,0,4328,195,0,0,0,0
"5809",2023-09-21,4,0,4306,193,0,0,22.3108808290155,0,0,4306,193,0,0,0,0
"5810",2023-09-21,4,5,4082,190,0,0,22.3108808290155,0,0,4306,193,0,0,0,0
"5811",2023-09-21,4,10,3771,188,0,0,22.3108808290155,0,0,4306,193,0,0,0,0
"5812",2023-09-21,4,15,3738,186,0,0,22.3108808290155,0,0,4306,193,0,0,0,0
"5813",2023-09-21,4,20,3738,186,0,0,22.3108808290155,0,0,4306,193,0,0,0,0
"5814",2023-09-21,4,25,3738,186,0,0,22.3108808290155,0,0,4306,193,0,0,0,0
"5815",2023-09-21,4,30,3738,186,0,0,22.3108808290155,0,0,4306,193,0,0,0,0
"5816",2023-09-21,4,35,3760,187,0,0,22.3108808290155,0,0,4306,193,0,0,0,0
"5817",2023-09-21,4,40,3820,188,0,0,22.3108808290155,0,0,4306,193,0,0,0,0
"5818",2023-09-21,4,45,3820,188,0,0,22.3108808290155,0,0,4306,193,0,0,0,0
"5819",2023-09-21,4,50,3820,188,0,0,22.3108808290155,0,0,4306,193,0,0,0,0
"5820",2023-09-21,4,55,3820,188,0,0,22.3108808290155,0,0,4306,193,0,0,0,0
"5821",2023-09-21,5,0,3809,187,0,0,20.8913043478261,0,0,3844,187,0,0,0,0
"5822",2023-09-21,5,5,3787,186,0,0,20.8913043478261,0,0,3844,187,0,0,0,0
"5823",2023-09-21,5,10,3776,185,0,0,20.8913043478261,0,0,3844,187,0,0,0,0
"5824",2023-09-21,5,15,3776,185,0,0,20.8913043478261,0,0,3844,187,0,0,0,0
"5825",2023-09-21,5,20,3754,184,0,0,20.8913043478261,0,0,3844,187,0,0,0,0
"5826",2023-09-21,5,25,3754,184,0,0,20.8913043478261,0,0,3844,187,0,0,0,0
"5827",2023-09-21,5,30,3694,183,0,0,20.8913043478261,0,0,3844,187,0,0,0,0
"5828",2023-09-21,5,35,3844,184,0,0,20.8913043478261,0,0,3844,187,0,0,0,0
"5829",2023-09-21,5,40,3844,184,0,0,20.8913043478261,0,0,3844,187,0,0,0,0
"5830",2023-09-21,5,45,3844,184,0,0,20.8913043478261,0,0,3844,187,0,0,0,0
"5831",2023-09-21,5,50,3536,170,0,0,20.8913043478261,0,0,3844,187,0,0,0,0
"5832",2023-09-21,5,55,3844,184,0,0,20.8913043478261,0,0,3844,187,0,0,0,0
"5833",2023-09-21,6,0,3844,184,0,0,22.8011049723757,0,0,4160,185,0,0,0,0
"5834",2023-09-21,6,5,3866,185,0,0,22.8011049723757,0,0,4160,185,0,0,0,0
"5835",2023-09-21,6,10,3866,185,0,0,22.8011049723757,0,0,4160,185,0,0,0,0
"5836",2023-09-21,6,15,3866,185,0,0,22.8011049723757,0,0,4160,185,0,0,0,0
"5837",2023-09-21,6,20,3866,185,0,0,22.8011049723757,0,0,4160,185,0,0,0,0
"5838",2023-09-21,6,25,3866,185,0,0,22.8011049723757,0,0,4160,185,0,0,0,0
"5839",2023-09-21,6,30,3866,185,0,0,22.8011049723757,0,0,4160,185,0,0,0,0
"5840",2023-09-21,6,35,3844,184,0,0,22.8011049723757,0,0,4160,185,0,0,0,0
"5841",2023-09-21,6,40,3800,182,0,0,22.8011049723757,0,0,4160,185,0,0,0,0
"5842",2023-09-21,6,45,3800,182,0,0,22.8011049723757,0,0,4160,185,0,0,0,0
"5843",2023-09-21,6,50,4160,183,0,0,22.8011049723757,0,0,4160,185,0,0,0,0
"5844",2023-09-21,6,55,4127,181,0,0,22.8011049723757,0,0,4160,185,0,0,0,0
"5845",2023-09-21,7,0,4127,181,0,0,25.4836956521739,0,0,4689,184,0,0,0,0
"5846",2023-09-21,7,5,4149,182,0,0,25.4836956521739,0,0,4689,184,0,0,0,0
"5847",2023-09-21,7,10,4149,182,0,0,25.4836956521739,0,0,4689,184,0,0,0,0
"5848",2023-09-21,7,15,4149,182,0,0,25.4836956521739,0,0,4689,184,0,0,0,0
"5849",2023-09-21,7,20,4149,182,0,0,25.4836956521739,0,0,4689,184,0,0,0,0
"5850",2023-09-21,7,25,4149,182,0,0,25.4836956521739,0,0,4689,184,0,0,0,0
"5851",2023-09-21,7,30,3789,181,0,0,25.4836956521739,0,0,4689,184,0,0,0,0
"5852",2023-09-21,7,35,3800,181,0,0,25.4836956521739,0,0,4689,184,0,0,0,0
"5853",2023-09-21,7,40,3811,182,0,0,25.4836956521739,0,0,4689,184,0,0,0,0
"5854",2023-09-21,7,45,3789,181,0,0,25.4836956521739,0,0,4689,184,0,0,0,0
"5855",2023-09-21,7,50,4089,182,0,0,25.4836956521739,0,0,4689,184,0,0,0,0
"5856",2023-09-21,7,55,4689,184,0,0,25.4836956521739,0,0,4689,184,0,0,0,0
"5857",2023-09-21,8,0,4389,183,0,0,24.5440414507772,0,0,5092,225,0,0,0,0
"5858",2023-09-21,8,5,4382,189,0,0,24.5440414507772,0,0,5092,225,0,0,0,0
"5859",2023-09-21,8,10,4737,193,0,0,24.5440414507772,0,0,5092,225,0,0,0,0
"5860",2023-09-21,8,15,4847,199,0,0,24.5440414507772,0,0,5092,225,0,0,0,0
"5861",2023-09-21,8,20,4591,200,0,0,24.5440414507772,0,0,5092,225,0,0,0,0
"5862",2023-09-21,8,25,4602,201,0,0,24.5440414507772,0,0,5092,225,0,0,0,0
"5863",2023-09-21,8,30,4668,206,0,0,24.5440414507772,0,0,5092,225,0,0,0,0
"5864",2023-09-21,8,35,4545,210,0,0,24.5440414507772,0,0,5092,225,0,0,0,0
"5865",2023-09-21,8,40,4644,215,0,0,24.5440414507772,0,0,5092,225,0,0,0,0
"5866",2023-09-21,8,45,4688,218,0,0,24.5440414507772,0,0,5092,225,0,0,0,0
"5867",2023-09-21,8,50,5043,222,0,0,24.5440414507772,0,0,5092,225,0,0,0,0
"5868",2023-09-21,8,55,5092,225,0,0,24.5440414507772,0,0,5092,225,0,0,0,0
"5869",2023-09-21,9,0,5246,229,0,0,26.1058823529412,0,0,6657,255,0,0,0,0
"5870",2023-09-21,9,5,5441,231,0,0,26.1058823529412,0,0,6657,255,0,0,0,0
"5871",2023-09-21,9,10,5741,231,0,0,26.1058823529412,0,0,6657,255,0,0,0,0
"5872",2023-09-21,9,15,5287,225,0,0,26.1058823529412,0,0,6657,255,0,0,0,0
"5873",2023-09-21,9,20,5696,246,0,0,26.1058823529412,0,0,6657,255,0,0,0,0
"5874",2023-09-21,9,25,6068,249,0,0,26.1058823529412,0,0,6657,255,0,0,0,0
"5875",2023-09-21,9,30,6657,255,0,0,26.1058823529412,0,0,6657,255,0,0,0,0
"5876",2023-09-21,9,35,6372,250,0,0,26.1058823529412,0,0,6657,255,0,0,0,0
"5877",2023-09-21,9,40,5794,249,0,0,26.1058823529412,0,0,6657,255,0,0,0,0
"5878",2023-09-21,9,45,5644,249,0,0,26.1058823529412,0,0,6657,255,0,0,0,0
"5879",2023-09-21,9,50,5610,251,0,0,26.1058823529412,0,0,6657,255,0,0,0,0
"5880",2023-09-21,9,55,5507,250,0,0,26.1058823529412,0,0,6657,255,0,0,0,0
"5881",2023-09-21,10,0,5906,257,0,0,24.6857142857143,0,0,8640,350,0,0,0,0
"5882",2023-09-21,10,5,6400,274,0,0,24.6857142857143,0,0,8640,350,0,0,0,0
"5883",2023-09-21,10,10,6205,276,0,0,24.6857142857143,0,0,8640,350,0,0,0,0
"5884",2023-09-21,10,15,6282,281,0,0,24.6857142857143,0,0,8640,350,0,0,0,0
"5885",2023-09-21,10,20,6485,293,0,0,24.6857142857143,0,0,8640,350,0,0,0,0
"5886",2023-09-21,10,25,6834,296,0,0,24.6857142857143,0,0,8640,350,0,0,0,0
"5887",2023-09-21,10,30,6977,303,0,0,24.6857142857143,0,0,8640,350,0,0,0,0
"5888",2023-09-21,10,35,7776,331,0,0,24.6857142857143,0,0,8640,350,0,0,0,0
"5889",2023-09-21,10,40,8241,342,0,0,24.6857142857143,0,0,8640,350,0,0,0,0
"5890",2023-09-21,10,45,8345,345,0,0,24.6857142857143,0,0,8640,350,0,0,0,0
"5891",2023-09-21,10,50,8640,350,0,0,24.6857142857143,0,0,8640,350,0,0,0,0
"5892",2023-09-21,10,55,8573,350,0,0,24.6857142857143,0,0,8640,350,0,0,0,0
"5893",2023-09-21,11,0,8700,355,0,0,25.6498673740053,0,0,9670,385,0,0,0,0
"5894",2023-09-21,11,5,9149,371,0,0,25.6498673740053,0,0,9670,385,0,0,0,0
"5895",2023-09-21,11,10,9546,373,0,0,25.6498673740053,0,0,9670,385,0,0,0,0
"5896",2023-09-21,11,15,9396,372,0,0,25.6498673740053,0,0,9670,385,0,0,0,0
"5897",2023-09-21,11,20,9670,377,0,0,25.6498673740053,0,0,9670,385,0,0,0,0
"5898",2023-09-21,11,25,9370,376,0,0,25.6498673740053,0,0,9670,385,0,0,0,0
"5899",2023-09-21,11,30,9195,375,0,0,25.6498673740053,0,0,9670,385,0,0,0,0
"5900",2023-09-21,11,35,8577,379,0,0,25.6498673740053,0,0,9670,385,0,0,0,0
"5901",2023-09-21,11,40,8883,379,0,0,25.6498673740053,0,0,9670,385,0,0,0,0
"5902",2023-09-21,11,45,8671,382,0,0,25.6498673740053,0,0,9670,385,0,0,0,0
"5903",2023-09-21,11,50,8666,384,0,0,25.6498673740053,0,0,9670,385,0,0,0,0
"5904",2023-09-21,11,55,8988,385,0,0,25.6498673740053,0,0,9670,385,0,0,0,0
"5905",2023-09-21,12,0,9556,386,0,0,25.3045685279188,0,0,9970,398,0,0,0,0
"5906",2023-09-21,12,5,9970,394,0,0,25.3045685279188,0,0,9970,398,0,0,0,0
"5907",2023-09-21,12,10,9970,394,0,0,25.3045685279188,0,0,9970,398,0,0,0,0
"5908",2023-09-21,12,15,9659,393,0,0,25.3045685279188,0,0,9970,398,0,0,0,0
"5909",2023-09-21,12,20,9500,392,0,0,25.3045685279188,0,0,9970,398,0,0,0,0
"5910",2023-09-21,12,25,9088,390,0,0,25.3045685279188,0,0,9970,398,0,0,0,0
"5911",2023-09-21,12,30,9103,385,0,0,25.3045685279188,0,0,9970,398,0,0,0,0
"5912",2023-09-21,12,35,9439,389,0,0,25.3045685279188,0,0,9970,398,0,0,0,0
"5913",2023-09-21,12,40,9764,394,0,0,25.3045685279188,0,0,9970,398,0,0,0,0
"5914",2023-09-21,12,45,9923,396,0,0,25.3045685279188,0,0,9970,398,0,0,0,0
"5915",2023-09-21,12,50,9684,393,0,0,25.3045685279188,0,0,9970,398,0,0,0,0
"5916",2023-09-21,12,55,9783,398,0,0,25.3045685279188,0,0,9970,398,0,0,0,0
"5917",2023-09-21,13,0,9412,393,0,0,27.8489583333333,0,0,10984,402,0,0,0,0
"5918",2023-09-21,13,5,10015,394,0,0,27.8489583333333,0,0,10984,402,0,0,0,0
"5919",2023-09-21,13,10,10308,396,0,0,27.8489583333333,0,0,10984,402,0,0,0,0
"5920",2023-09-21,13,15,10374,400,0,0,27.8489583333333,0,0,10984,402,0,0,0,0
"5921",2023-09-21,13,20,10527,402,0,0,27.8489583333333,0,0,10984,402,0,0,0,0
"5922",2023-09-21,13,25,10461,397,0,0,27.8489583333333,0,0,10984,402,0,0,0,0
"5923",2023-09-21,13,30,10796,396,0,0,27.8489583333333,0,0,10984,402,0,0,0,0
"5924",2023-09-21,13,35,10984,401,0,0,27.8489583333333,0,0,10984,402,0,0,0,0
"5925",2023-09-21,13,40,10704,392,0,0,27.8489583333333,0,0,10984,402,0,0,0,0
"5926",2023-09-21,13,45,10258,385,0,0,27.8489583333333,0,0,10984,402,0,0,0,0
"5927",2023-09-21,13,50,10694,384,0,0,27.8489583333333,0,0,10984,402,0,0,0,0
"5928",2023-09-21,13,55,10498,386,0,0,27.8489583333333,0,0,10984,402,0,0,0,0
"5929",2023-09-21,14,20,10591,372,0,0,28.7018970189702,0,0,10591,384,0,0,0,0
"5930",2023-09-21,14,25,10039,358,0,0,28.7018970189702,0,0,10591,384,0,0,0,0
"5931",2023-09-21,14,30,10591,369,0,0,28.7018970189702,0,0,10591,384,0,0,0,0
"5932",2023-09-21,14,35,10166,363,0,0,28.7018970189702,0,0,10591,384,0,0,0,0
"5933",2023-09-21,14,40,9551,362,0,0,28.7018970189702,0,0,10591,384,0,0,0,0
"5934",2023-09-21,14,45,9526,362,0,0,28.7018970189702,0,0,10591,384,0,0,0,0
"5935",2023-09-21,14,50,9646,364,0,0,28.7018970189702,0,0,10591,384,0,0,0,0
"5936",2023-09-21,14,55,9885,362,0,0,28.7018970189702,0,0,10591,384,0,0,0,0
"5937",2023-09-21,14,0,10522,384,0,0,28.7018970189702,0,0,10591,384,0,0,0,0
"5938",2023-09-21,14,5,9613,372,0,0,28.7018970189702,0,0,10591,384,0,0,0,0
"5939",2023-09-21,14,10,9793,375,0,0,28.7018970189702,0,0,10591,384,0,0,0,0
"5940",2023-09-21,14,15,10324,373,0,0,28.7018970189702,0,0,10591,384,0,0,0,0
"5941",2023-09-21,15,0,9721,359,0,0,28.2101063829787,0,0,10607,377,0,0,0,0
"5942",2023-09-21,15,5,9467,371,0,0,28.2101063829787,0,0,10607,377,0,0,0,0
"5943",2023-09-21,15,10,9522,373,0,0,28.2101063829787,0,0,10607,377,0,0,0,0
"5944",2023-09-21,15,15,9284,368,0,0,28.2101063829787,0,0,10607,377,0,0,0,0
"5945",2023-09-21,15,20,9731,371,0,0,28.2101063829787,0,0,10607,377,0,0,0,0
"5946",2023-09-21,15,25,9977,376,0,0,28.2101063829787,0,0,10607,377,0,0,0,0
"5947",2023-09-21,15,30,9878,377,0,0,28.2101063829787,0,0,10607,377,0,0,0,0
"5948",2023-09-21,15,35,10125,368,0,0,28.2101063829787,0,0,10607,377,0,0,0,0
"5949",2023-09-21,15,40,10308,372,0,0,28.2101063829787,0,0,10607,377,0,0,0,0
"5950",2023-09-21,15,45,10418,376,0,0,28.2101063829787,0,0,10607,377,0,0,0,0
"5951",2023-09-21,15,50,10607,376,0,0,28.2101063829787,0,0,10607,377,0,0,0,0
"5952",2023-09-21,15,55,10547,376,0,0,28.2101063829787,0,0,10607,377,0,0,0,0
"5953",2023-09-21,16,55,8083,361,0,0,28.5452054794521,0,0,10708,378,0,0,0,0
"5954",2023-09-21,16,0,10708,378,0,0,28.5452054794521,0,0,10708,378,0,0,0,0
"5955",2023-09-21,16,5,10419,365,0,0,28.5452054794521,0,0,10708,378,0,0,0,0
"5956",2023-09-21,16,10,10369,366,0,0,28.5452054794521,0,0,10708,378,0,0,0,0
"5957",2023-09-21,16,15,10113,367,0,0,28.5452054794521,0,0,10708,378,0,0,0,0
"5958",2023-09-21,16,20,10468,371,0,0,28.5452054794521,0,0,10708,378,0,0,0,0
"5959",2023-09-21,16,25,10419,372,0,0,28.5452054794521,0,0,10708,378,0,0,0,0
"5960",2023-09-21,16,30,9650,370,0,0,28.5452054794521,0,0,10708,378,0,0,0,0
"5961",2023-09-21,16,35,9413,370,0,0,28.5452054794521,0,0,10708,378,0,0,0,0
"5962",2023-09-21,16,40,9363,369,0,0,28.5452054794521,0,0,10708,378,0,0,0,0
"5963",2023-09-21,16,45,8919,366,0,0,28.5452054794521,0,0,10708,378,0,0,0,0
"5964",2023-09-21,16,50,8864,363,0,0,28.5452054794521,0,0,10708,378,0,0,0,0
"5965",2023-09-21,17,0,8293,359,0,0,28.8632707774799,0,0,10766,378,0,0,0,0
"5966",2023-09-21,17,5,9227,372,0,0,28.8632707774799,0,0,10766,378,0,0,0,0
"5967",2023-09-21,17,10,9227,371,0,0,28.8632707774799,0,0,10766,378,0,0,0,0
"5968",2023-09-21,17,15,9571,374,0,0,28.8632707774799,0,0,10766,378,0,0,0,0
"5969",2023-09-21,17,20,9571,373,0,0,28.8632707774799,0,0,10766,378,0,0,0,0
"5970",2023-09-21,17,25,10340,375,0,0,28.8632707774799,0,0,10766,378,0,0,0,0
"5971",2023-09-21,17,30,10490,378,0,0,28.8632707774799,0,0,10766,378,0,0,0,0
"5972",2023-09-21,17,35,10348,378,0,0,28.8632707774799,0,0,10766,378,0,0,0,0
"5973",2023-09-21,17,40,9455,335,0,0,28.8632707774799,0,0,10766,378,0,0,0,0
"5974",2023-09-21,17,45,10766,373,0,0,28.8632707774799,0,0,10766,378,0,0,0,0
"5975",2023-09-21,17,50,10023,362,0,0,28.8632707774799,0,0,10766,378,0,0,0,0
"5976",2023-09-21,17,55,10231,369,0,0,28.8632707774799,0,0,10766,378,0,0,0,0
"5977",2023-09-21,18,0,9735,365,0,0,27.7802816901408,0,0,9862,365,0,0,0,0
"5978",2023-09-21,18,5,9862,355,0,0,27.7802816901408,0,0,9862,365,0,0,0,0
"5979",2023-09-21,18,10,9358,349,0,0,27.7802816901408,0,0,9862,365,0,0,0,0
"5980",2023-09-21,18,15,9019,348,0,0,27.7802816901408,0,0,9862,365,0,0,0,0
"5981",2023-09-21,18,20,9326,343,0,0,27.7802816901408,0,0,9862,365,0,0,0,0
"5982",2023-09-21,18,25,9310,341,0,0,27.7802816901408,0,0,9862,365,0,0,0,0
"5983",2023-09-21,18,30,9119,341,0,0,27.7802816901408,0,0,9862,365,0,0,0,0
"5984",2023-09-21,18,35,8978,330,0,0,27.7802816901408,0,0,9862,365,0,0,0,0
"5985",2023-09-21,18,40,8486,326,0,0,27.7802816901408,0,0,9862,365,0,0,0,0
"5986",2023-09-21,18,45,8350,328,0,0,27.7802816901408,0,0,9862,365,0,0,0,0
"5987",2023-09-21,18,50,8437,328,0,0,27.7802816901408,0,0,9862,365,0,0,0,0
"5988",2023-09-21,18,55,8445,326,0,0,27.7802816901408,0,0,9862,365,0,0,0,0
"5989",2023-09-21,19,0,8222,322,0,0,28.6079734219269,0,0,8611,322,0,0,0,0
"5990",2023-09-21,19,5,7457,309,0,0,28.6079734219269,0,0,8611,322,0,0,0,0
"5991",2023-09-21,19,10,7424,306,0,0,28.6079734219269,0,0,8611,322,0,0,0,0
"5992",2023-09-21,19,15,7358,303,0,0,28.6079734219269,0,0,8611,322,0,0,0,0
"5993",2023-09-21,19,20,7592,301,0,0,28.6079734219269,0,0,8611,322,0,0,0,0
"5994",2023-09-21,19,25,7848,300,0,0,28.6079734219269,0,0,8611,322,0,0,0,0
"5995",2023-09-21,19,30,7608,297,0,0,28.6079734219269,0,0,8611,322,0,0,0,0
"5996",2023-09-21,19,35,7926,298,0,0,28.6079734219269,0,0,8611,322,0,0,0,0
"5997",2023-09-21,19,40,8289,299,0,0,28.6079734219269,0,0,8611,322,0,0,0,0
"5998",2023-09-21,19,45,8611,301,0,0,28.6079734219269,0,0,8611,322,0,0,0,0
"5999",2023-09-21,19,50,8299,296,0,0,28.6079734219269,0,0,8611,322,0,0,0,0
"6000",2023-09-21,19,55,8095,297,0,0,28.6079734219269,0,0,8611,322,0,0,0,0
"6001",2023-09-21,20,0,7860,295,0,0,27.144701986755,0,0,8197.7,302,0,0,0,0
"6002",2023-09-21,20,5,7710,286,0,0,27.144701986755,0,0,8197.7,302,0,0,0,0
"6003",2023-09-21,20,10,7388,286,0,0,27.144701986755,0,0,8197.7,302,0,0,0,0
"6004",2023-09-21,20,15,7039,285,0,0,27.144701986755,0,0,8197.7,302,0,0,0,0
"6005",2023-09-21,20,20,7470,287,0,0,27.144701986755,0,0,8197.7,302,0,0,0,0
"6006",2023-09-21,20,25,7509,291,0,0,27.144701986755,0,0,8197.7,302,0,0,0,0
"6007",2023-09-21,20,30,7988.7,297,0,0,27.144701986755,0,0,8197.7,302,0,0,0,0
"6008",2023-09-21,20,35,8048.7,301,0,0,27.144701986755,0,0,8197.7,302,0,0,0,0
"6009",2023-09-21,20,40,8140.7,300,0,0,27.144701986755,0,0,8197.7,302,0,0,0,0
"6010",2023-09-21,20,45,8197.7,302,0,0,27.144701986755,0,0,8197.7,302,0,0,0,0
"6011",2023-09-21,20,50,8138.7,302,0,0,27.144701986755,0,0,8197.7,302,0,0,0,0
"6012",2023-09-21,20,55,7841.7,298,0,0,27.144701986755,0,0,8197.7,302,0,0,0,0
"6013",2023-09-21,21,0,7509.7,295,0,0,27.9080808080808,0,0,8288.7,304,0,0,0,0
"6014",2023-09-21,21,5,7685.7,295,0,0,27.9080808080808,0,0,8288.7,304,0,0,0,0
"6015",2023-09-21,21,10,7952.7,294,0,0,27.9080808080808,0,0,8288.7,304,0,0,0,0
"6016",2023-09-21,21,15,7955.7,296,0,0,27.9080808080808,0,0,8288.7,304,0,0,0,0
"6017",2023-09-21,21,20,8161.7,293,0,0,27.9080808080808,0,0,8288.7,304,0,0,0,0
"6018",2023-09-21,21,25,8277.7,297,0,0,27.9080808080808,0,0,8288.7,304,0,0,0,0
"6019",2023-09-21,21,30,8288.7,297,0,0,27.9080808080808,0,0,8288.7,304,0,0,0,0
"6020",2023-09-21,21,35,7843.7,303,0,0,27.9080808080808,0,0,8288.7,304,0,0,0,0
"6021",2023-09-21,21,40,7854.7,304,0,0,27.9080808080808,0,0,8288.7,304,0,0,0,0
"6022",2023-09-21,21,45,7449.7,300,0,0,27.9080808080808,0,0,8288.7,304,0,0,0,0
"6023",2023-09-21,21,50,7504.7,303,0,0,27.9080808080808,0,0,8288.7,304,0,0,0,0
"6024",2023-09-21,21,55,7365.7,304,0,0,27.9080808080808,0,0,8288.7,304,0,0,0,0
"6025",2023-09-21,22,55,7577.7,292,0,0,25.9510273972603,0,0,7597.7,303,0,0,0,0
"6026",2023-09-21,22,0,7343.7,303,0,0,25.9510273972603,0,0,7597.7,303,0,0,0,0
"6027",2023-09-21,22,5,6870.7,295,0,0,25.9510273972603,0,0,7597.7,303,0,0,0,0
"6028",2023-09-21,22,10,6742.7,295,0,0,25.9510273972603,0,0,7597.7,303,0,0,0,0
"6029",2023-09-21,22,15,6881.7,295,0,0,25.9510273972603,0,0,7597.7,303,0,0,0,0
"6030",2023-09-21,22,20,6848.7,295,0,0,25.9510273972603,0,0,7597.7,303,0,0,0,0
"6031",2023-09-21,22,25,7142.7,294,0,0,25.9510273972603,0,0,7597.7,303,0,0,0,0
"6032",2023-09-21,22,30,7394.7,297,0,0,25.9510273972603,0,0,7597.7,303,0,0,0,0
"6033",2023-09-21,22,35,7117.7,292,0,0,25.9510273972603,0,0,7597.7,303,0,0,0,0
"6034",2023-09-21,22,40,7128.7,293,0,0,25.9510273972603,0,0,7597.7,303,0,0,0,0
"6035",2023-09-21,22,45,7177.7,295,0,0,25.9510273972603,0,0,7597.7,303,0,0,0,0
"6036",2023-09-21,22,50,7597.7,296,0,0,25.9510273972603,0,0,7597.7,303,0,0,0,0
"6037",2023-09-21,23,0,7204.7,293,0,0,24.9432055749129,0,0,7204.7,293,0,0,0,0
"6038",2023-09-21,23,5,7158.7,287,0,0,24.9432055749129,0,0,7204.7,293,0,0,0,0
"6039",2023-09-21,23,10,6648.7,280,0,0,24.9432055749129,0,0,7204.7,293,0,0,0,0
"6040",2023-09-21,23,15,6476.7,282,0,0,24.9432055749129,0,0,7204.7,293,0,0,0,0
"6041",2023-09-21,23,20,6443.7,280,0,0,24.9432055749129,0,0,7204.7,293,0,0,0,0
"6042",2023-09-21,23,25,6432.7,279,0,0,24.9432055749129,0,0,7204.7,293,0,0,0,0
"6043",2023-09-21,23,30,6312.7,278,0,0,24.9432055749129,0,0,7204.7,293,0,0,0,0
"6044",2023-09-21,23,35,5685.7,263,0,0,24.9432055749129,0,0,7204.7,293,0,0,0,0
"6045",2023-09-21,23,40,5608.7,258,0,0,24.9432055749129,0,0,7204.7,293,0,0,0,0
"6046",2023-09-21,23,45,5630.7,258,0,0,24.9432055749129,0,0,7204.7,293,0,0,0,0
"6047",2023-09-21,23,50,5586.7,255,0,0,24.9432055749129,0,0,7204.7,293,0,0,0,0
"6048",2023-09-21,23,55,5542.7,253,0,0,24.9432055749129,0,0,7204.7,293,0,0,0,0
"6049",2023-09-22,0,0,6852.4,283,0,0,24.7763837638376,0,0,6852.4,283,0,0,0,0
"6050",2023-09-22,0,5,6791.4,275,0,0,24.7763837638376,0,0,6852.4,283,0,0,0,0
"6051",2023-09-22,0,10,6447.4,272,0,0,24.7763837638376,0,0,6852.4,283,0,0,0,0
"6052",2023-09-22,0,15,6725.4,273,0,0,24.7763837638376,0,0,6852.4,283,0,0,0,0
"6053",2023-09-22,0,20,6714.4,272,0,0,24.7763837638376,0,0,6852.4,283,0,0,0,0
"6054",2023-09-22,0,25,6758.4,274,0,0,24.7763837638376,0,0,6852.4,283,0,0,0,0
"6055",2023-09-22,0,30,6714.4,271,0,0,24.7763837638376,0,0,6852.4,283,0,0,0,0
"6056",2023-09-22,0,35,6046.4,260,0,0,24.7763837638376,0,0,6852.4,283,0,0,0,0
"6057",2023-09-22,0,40,6002.4,258,0,0,24.7763837638376,0,0,6852.4,283,0,0,0,0
"6058",2023-09-22,0,45,5952.4,258,0,0,24.7763837638376,0,0,6852.4,283,0,0,0,0
"6059",2023-09-22,0,50,5941.4,257,0,0,24.7763837638376,0,0,6852.4,283,0,0,0,0
"6060",2023-09-22,0,55,6230.4,257,0,0,24.7763837638376,0,0,6852.4,283,0,0,0,0
"6061",2023-09-22,1,0,6263.4,259,0,0,26.4152610441767,0,0,6577.4,259,0,0,0,0
"6062",2023-09-22,1,5,6332.4,251,0,0,26.4152610441767,0,0,6577.4,259,0,0,0,0
"6063",2023-09-22,1,10,6577.4,249,0,0,26.4152610441767,0,0,6577.4,259,0,0,0,0
"6064",2023-09-22,1,15,5771.4,245,0,0,26.4152610441767,0,0,6577.4,259,0,0,0,0
"6065",2023-09-22,1,20,5760.4,244,0,0,26.4152610441767,0,0,6577.4,259,0,0,0,0
"6066",2023-09-22,1,25,5771.4,245,0,0,26.4152610441767,0,0,6577.4,259,0,0,0,0
"6067",2023-09-22,1,30,5771.4,245,0,0,26.4152610441767,0,0,6577.4,259,0,0,0,0
"6068",2023-09-22,1,35,5679.4,244,0,0,26.4152610441767,0,0,6577.4,259,0,0,0,0
"6069",2023-09-22,1,40,5807.4,244,0,0,26.4152610441767,0,0,6577.4,259,0,0,0,0
"6070",2023-09-22,1,45,6052.4,242,0,0,26.4152610441767,0,0,6577.4,259,0,0,0,0
"6071",2023-09-22,1,50,6180.4,241,0,0,26.4152610441767,0,0,6577.4,259,0,0,0,0
"6072",2023-09-22,1,55,5880.4,240,0,0,26.4152610441767,0,0,6577.4,259,0,0,0,0
"6073",2023-09-22,2,0,4591.7,200,0,0,24.4014218009479,0,0,5170.7,212,0,0,0,0
"6074",2023-09-22,2,5,4394.7,200,0,0,24.4014218009479,0,0,5170.7,212,0,0,0,0
"6075",2023-09-22,2,10,4471.7,204,0,0,24.4014218009479,0,0,5170.7,212,0,0,0,0
"6076",2023-09-22,2,15,4493.7,206,0,0,24.4014218009479,0,0,5170.7,212,0,0,0,0
"6077",2023-09-22,2,20,4493.7,206,0,0,24.4014218009479,0,0,5170.7,212,0,0,0,0
"6078",2023-09-22,2,25,4471.7,204,0,0,24.4014218009479,0,0,5170.7,212,0,0,0,0
"6079",2023-09-22,2,30,4372.7,199,0,0,24.4014218009479,0,0,5170.7,212,0,0,0,0
"6080",2023-09-22,2,35,4470.7,198,0,0,24.4014218009479,0,0,5170.7,212,0,0,0,0
"6081",2023-09-22,2,40,4470.7,199,0,0,24.4014218009479,0,0,5170.7,212,0,0,0,0
"6082",2023-09-22,2,45,4870.7,211,0,0,24.4014218009479,0,0,5170.7,212,0,0,0,0
"6083",2023-09-22,2,50,5148.7,211,0,0,24.4014218009479,0,0,5170.7,212,0,0,0,0
"6084",2023-09-22,2,55,5170.7,212,0,0,24.4014218009479,0,0,5170.7,212,0,0,0,0
"6085",2023-09-22,3,0,5126.7,210,0,0,24.4910447761194,0,0,5126.7,210,0,0,0,0
"6086",2023-09-22,3,5,5124.7,210,0,0,24.4910447761194,0,0,5126.7,210,0,0,0,0
"6087",2023-09-22,3,10,5124.7,210,0,0,24.4910447761194,0,0,5126.7,210,0,0,0,0
"6088",2023-09-22,3,15,5124.7,210,0,0,24.4910447761194,0,0,5126.7,210,0,0,0,0
"6089",2023-09-22,3,20,5124.7,210,0,0,24.4910447761194,0,0,5126.7,210,0,0,0,0
"6090",2023-09-22,3,25,5102.7,209,0,0,24.4910447761194,0,0,5126.7,210,0,0,0,0
"6091",2023-09-22,3,30,5091.7,208,0,0,24.4910447761194,0,0,5126.7,210,0,0,0,0
"6092",2023-09-22,3,35,4999.7,205,0,0,24.4910447761194,0,0,5126.7,210,0,0,0,0
"6093",2023-09-22,3,40,4966.7,203,0,0,24.4910447761194,0,0,5126.7,210,0,0,0,0
"6094",2023-09-22,3,45,4922.7,201,0,0,24.4910447761194,0,0,5126.7,210,0,0,0,0
"6095",2023-09-22,3,50,4922.7,201,0,0,24.4910447761194,0,0,5126.7,210,0,0,0,0
"6096",2023-09-22,3,55,4944.7,202,0,0,24.4910447761194,0,0,5126.7,210,0,0,0,0
"6097",2023-09-22,4,0,4933.7,201,0,0,24.5457711442786,0,0,4933.7,201,0,0,0,0
"6098",2023-09-22,4,5,4461.7,198,0,0,24.5457711442786,0,0,4933.7,201,0,0,0,0
"6099",2023-09-22,4,10,4340.7,192,0,0,24.5457711442786,0,0,4933.7,201,0,0,0,0
"6100",2023-09-22,4,15,4340.7,192,0,0,24.5457711442786,0,0,4933.7,201,0,0,0,0
"6101",2023-09-22,4,20,4340.7,192,0,0,24.5457711442786,0,0,4933.7,201,0,0,0,0
"6102",2023-09-22,4,25,4461.7,198,0,0,24.5457711442786,0,0,4933.7,201,0,0,0,0
"6103",2023-09-22,4,30,4458,197,0,0,24.5457711442786,0,0,4933.7,201,0,0,0,0
"6104",2023-09-22,4,35,4708,197,0,0,24.5457711442786,0,0,4933.7,201,0,0,0,0
"6105",2023-09-22,4,40,4708,197,0,0,24.5457711442786,0,0,4933.7,201,0,0,0,0
"6106",2023-09-22,4,45,4408,196,0,0,24.5457711442786,0,0,4933.7,201,0,0,0,0
"6107",2023-09-22,4,50,4408,196,0,0,24.5457711442786,0,0,4933.7,201,0,0,0,0
"6108",2023-09-22,4,55,4708,197,0,0,24.5457711442786,0,0,4933.7,201,0,0,0,0
"6109",2023-09-22,5,0,5008,198,0,0,25.3654822335025,0,0,5008,198,0,0,0,0
"6110",2023-09-22,5,5,5008,198,0,0,25.3654822335025,0,0,5008,198,0,0,0,0
"6111",2023-09-22,5,10,5008,198,0,0,25.3654822335025,0,0,5008,198,0,0,0,0
"6112",2023-09-22,5,15,4997,197,0,0,25.3654822335025,0,0,5008,198,0,0,0,0
"6113",2023-09-22,5,20,4997,197,0,0,25.3654822335025,0,0,5008,198,0,0,0,0
"6114",2023-09-22,5,25,4997,197,0,0,25.3654822335025,0,0,5008,198,0,0,0,0
"6115",2023-09-22,5,30,4997,197,0,0,25.3654822335025,0,0,5008,198,0,0,0,0
"6116",2023-09-22,5,35,4547,196,0,0,25.3654822335025,0,0,5008,198,0,0,0,0
"6117",2023-09-22,5,40,4547,196,0,0,25.3654822335025,0,0,5008,198,0,0,0,0
"6118",2023-09-22,5,45,4825,196,0,0,25.3654822335025,0,0,5008,198,0,0,0,0
"6119",2023-09-22,5,55,4525,195,0,0,25.3654822335025,0,0,5008,198,0,0,0,0
"6120",2023-09-22,5,50,4308,172,0,0,25.3654822335025,0,0,5008,198,0,0,0,0
"6121",2023-09-22,6,0,4525,195,0,0,23.2879581151832,0,0,4525,195,0,0,0,0
"6122",2023-09-22,6,5,4503,194,0,0,23.2879581151832,0,0,4525,195,0,0,0,0
"6123",2023-09-22,6,10,4503,194,0,0,23.2879581151832,0,0,4525,195,0,0,0,0
"6124",2023-09-22,6,15,4470,192,0,0,23.2879581151832,0,0,4525,195,0,0,0,0
"6125",2023-09-22,6,20,4470,192,0,0,23.2879581151832,0,0,4525,195,0,0,0,0
"6126",2023-09-22,6,25,4470,192,0,0,23.2879581151832,0,0,4525,195,0,0,0,0
"6127",2023-09-22,6,30,4470,192,0,0,23.2879581151832,0,0,4525,195,0,0,0,0
"6128",2023-09-22,6,35,4448,191,0,0,23.2879581151832,0,0,4525,195,0,0,0,0
"6129",2023-09-22,6,40,4448,191,0,0,23.2879581151832,0,0,4525,195,0,0,0,0
"6130",2023-09-22,6,45,4448,191,0,0,23.2879581151832,0,0,4525,195,0,0,0,0
"6131",2023-09-22,6,50,4448,191,0,0,23.2879581151832,0,0,4525,195,0,0,0,0
"6132",2023-09-22,6,55,4448,191,0,0,23.2879581151832,0,0,4525,195,0,0,0,0
"6133",2023-09-22,7,0,4448,191,0,0,24.0698924731183,0,0,4488,192,0,0,0,0
"6134",2023-09-22,7,5,4470,192,0,0,24.0698924731183,0,0,4488,192,0,0,0,0
"6135",2023-09-22,7,10,4470,192,0,0,24.0698924731183,0,0,4488,192,0,0,0,0
"6136",2023-09-22,7,15,4448,191,0,0,24.0698924731183,0,0,4488,192,0,0,0,0
"6137",2023-09-22,7,20,4448,191,0,0,24.0698924731183,0,0,4488,192,0,0,0,0
"6138",2023-09-22,7,25,4426,190,0,0,24.0698924731183,0,0,4488,192,0,0,0,0
"6139",2023-09-22,7,30,4382,188,0,0,24.0698924731183,0,0,4488,192,0,0,0,0
"6140",2023-09-22,7,35,4488,187,0,0,24.0698924731183,0,0,4488,192,0,0,0,0
"6141",2023-09-22,7,40,4477,186,0,0,24.0698924731183,0,0,4488,192,0,0,0,0
"6142",2023-09-22,7,45,4466,186,0,0,24.0698924731183,0,0,4488,192,0,0,0,0
"6143",2023-09-22,7,50,4488,187,0,0,24.0698924731183,0,0,4488,192,0,0,0,0
"6144",2023-09-22,7,55,4488,187,0,0,24.0698924731183,0,0,4488,192,0,0,0,0
"6145",2023-09-22,8,0,4488,187,0,0,25.2906403940887,0,0,5755,235,0,0,0,0
"6146",2023-09-22,8,5,4576,192,0,0,25.2906403940887,0,0,5755,235,0,0,0,0
"6147",2023-09-22,8,10,4708,198,0,0,25.2906403940887,0,0,5755,235,0,0,0,0
"6148",2023-09-22,8,15,5096,203,0,0,25.2906403940887,0,0,5755,235,0,0,0,0
"6149",2023-09-22,8,20,5074,202,0,0,25.2906403940887,0,0,5755,235,0,0,0,0
"6150",2023-09-22,8,25,5134,203,0,0,25.2906403940887,0,0,5755,235,0,0,0,0
"6151",2023-09-22,8,30,5244,209,0,0,25.2906403940887,0,0,5755,235,0,0,0,0
"6152",2023-09-22,8,35,5203,216,0,0,25.2906403940887,0,0,5755,235,0,0,0,0
"6153",2023-09-22,8,40,5121,214,0,0,25.2906403940887,0,0,5755,235,0,0,0,0
"6154",2023-09-22,8,45,5253,221,0,0,25.2906403940887,0,0,5755,235,0,0,0,0
"6155",2023-09-22,8,50,5421,227,0,0,25.2906403940887,0,0,5755,235,0,0,0,0
"6156",2023-09-22,8,55,5755,235,0,0,25.2906403940887,0,0,5755,235,0,0,0,0
"6157",2023-09-22,9,15,6977,271,0,0,28.387417218543,0,0,8573,312,0,0,0,0
"6158",2023-09-22,9,20,6810,274,0,0,28.387417218543,0,0,8573,312,0,0,0,0
"6159",2023-09-22,9,25,7412,284,0,0,28.387417218543,0,0,8573,312,0,0,0,0
"6160",2023-09-22,9,30,7406,285,0,0,28.387417218543,0,0,8573,312,0,0,0,0
"6161",2023-09-22,9,35,7491,293,0,0,28.387417218543,0,0,8573,312,0,0,0,0
"6162",2023-09-22,9,40,8010,294,0,0,28.387417218543,0,0,8573,312,0,0,0,0
"6163",2023-09-22,9,45,8573,302,0,0,28.387417218543,0,0,8573,312,0,0,0,0
"6164",2023-09-22,9,50,8175,303,0,0,28.387417218543,0,0,8573,312,0,0,0,0
"6165",2023-09-22,9,55,7970,312,0,0,28.387417218543,0,0,8573,312,0,0,0,0
"6166",2023-09-22,9,0,6054,241,0,0,28.387417218543,0,0,8573,312,0,0,0,0
"6167",2023-09-22,9,5,6516,256,0,0,28.387417218543,0,0,8573,312,0,0,0,0
"6168",2023-09-22,9,10,6709,264,0,0,28.387417218543,0,0,8573,312,0,0,0,0
"6169",2023-09-22,10,0,7867,316,0,0,26.1925,0,0,10477,406,0,0,0,0
"6170",2023-09-22,10,5,8234,337,0,0,26.1925,0,0,10477,406,0,0,0,0
"6171",2023-09-22,10,10,8389,346,0,0,26.1925,0,0,10477,406,0,0,0,0
"6172",2023-09-22,10,15,8302,347,0,0,26.1925,0,0,10477,406,0,0,0,0
"6173",2023-09-22,10,20,8461,354,0,0,26.1925,0,0,10477,406,0,0,0,0
"6174",2023-09-22,10,25,8543,361,0,0,26.1925,0,0,10477,406,0,0,0,0
"6175",2023-09-22,10,30,8625,365,0,0,26.1925,0,0,10477,406,0,0,0,0
"6176",2023-09-22,10,35,9564,381,0,0,26.1925,0,0,10477,406,0,0,0,0
"6177",2023-09-22,10,40,9778,390,0,0,26.1925,0,0,10477,406,0,0,0,0
"6178",2023-09-22,10,45,10477,400,0,0,26.1925,0,0,10477,406,0,0,0,0
"6179",2023-09-22,10,50,10287,406,0,0,26.1925,0,0,10477,406,0,0,0,0
"6180",2023-09-22,10,55,10276,406,0,0,26.1925,0,0,10477,406,0,0,0,0
"6181",2023-09-22,11,0,10526,406,0,0,25.9261083743842,0,0,10626,429,0,0,0,0
"6182",2023-09-22,11,5,9742,409,0,0,25.9261083743842,0,0,10626,429,0,0,0,0
"6183",2023-09-22,11,10,9668,407,0,0,25.9261083743842,0,0,10626,429,0,0,0,0
"6184",2023-09-22,11,15,9149,404,0,0,25.9261083743842,0,0,10626,429,0,0,0,0
"6185",2023-09-22,11,20,9180,402,0,0,25.9261083743842,0,0,10626,429,0,0,0,0
"6186",2023-09-22,11,25,9143,403,0,0,25.9261083743842,0,0,10626,429,0,0,0,0
"6187",2023-09-22,11,30,8941,402,0,0,25.9261083743842,0,0,10626,429,0,0,0,0
"6188",2023-09-22,11,35,9971,421,0,0,25.9261083743842,0,0,10626,429,0,0,0,0
"6189",2023-09-22,11,40,10151,422,0,0,25.9261083743842,0,0,10626,429,0,0,0,0
"6190",2023-09-22,11,45,10451,424,0,0,25.9261083743842,0,0,10626,429,0,0,0,0
"6191",2023-09-22,11,50,10506,428,0,0,25.9261083743842,0,0,10626,429,0,0,0,0
"6192",2023-09-22,11,55,10626,429,0,0,25.9261083743842,0,0,10626,429,0,0,0,0
"6193",2023-09-22,12,0,9971,423,0,0,27.1941964285714,0,0,12194,457,0,0,0,0
"6194",2023-09-22,12,5,11359,441,0,0,27.1941964285714,0,0,12194,457,0,0,0,0
"6195",2023-09-22,12,10,11623,439,0,0,27.1941964285714,0,0,12194,457,0,0,0,0
"6196",2023-09-22,12,15,11750,443,0,0,27.1941964285714,0,0,12194,457,0,0,0,0
"6197",2023-09-22,12,20,12183,448,0,0,27.1941964285714,0,0,12194,457,0,0,0,0
"6198",2023-09-22,12,25,12194,449,0,0,27.1941964285714,0,0,12194,457,0,0,0,0
"6199",2023-09-22,12,30,11856,452,0,0,27.1941964285714,0,0,12194,457,0,0,0,0
"6200",2023-09-22,12,35,11773,453,0,0,27.1941964285714,0,0,12194,457,0,0,0,0
"6201",2023-09-22,12,40,11688,450,0,0,27.1941964285714,0,0,12194,457,0,0,0,0
"6202",2023-09-22,12,45,12112,454,0,0,27.1941964285714,0,0,12194,457,0,0,0,0
"6203",2023-09-22,12,50,12151,457,0,0,27.1941964285714,0,0,12194,457,0,0,0,0
"6204",2023-09-22,12,55,11734,456,0,0,27.1941964285714,0,0,12194,457,0,0,0,0
"6205",2023-09-22,13,0,11581,452,0,0,26.7986425339367,0,0,11845,452,0,0,0,0
"6206",2023-09-22,13,5,11105,448,0,0,26.7986425339367,0,0,11845,452,0,0,0,0
"6207",2023-09-22,13,10,11476,449,0,0,26.7986425339367,0,0,11845,452,0,0,0,0
"6208",2023-09-22,13,15,11394,448,0,0,26.7986425339367,0,0,11845,452,0,0,0,0
"6209",2023-09-22,13,20,11606,443,0,0,26.7986425339367,0,0,11845,452,0,0,0,0
"6210",2023-09-22,13,25,11845,442,0,0,26.7986425339367,0,0,11845,452,0,0,0,0
"6211",2023-09-22,13,30,11635,439,0,0,26.7986425339367,0,0,11845,452,0,0,0,0
"6212",2023-09-22,13,35,11199,433,0,0,26.7986425339367,0,0,11845,452,0,0,0,0
"6213",2023-09-22,13,40,10519,426,0,0,26.7986425339367,0,0,11845,452,0,0,0,0
"6214",2023-09-22,13,45,10872,430,0,0,26.7986425339367,0,0,11845,452,0,0,0,0
"6215",2023-09-22,13,50,10880,420,0,0,26.7986425339367,0,0,11845,452,0,0,0,0
"6216",2023-09-22,13,55,11060,421,0,0,26.7986425339367,0,0,11845,452,0,0,0,0
"6217",2023-09-22,14,0,10438,418,0,0,27.7382075471698,0,0,11761,427,0,0,0,0
"6218",2023-09-22,14,5,10871,419,0,0,27.7382075471698,0,0,11761,427,0,0,0,0
"6219",2023-09-22,14,10,10406,405,0,0,27.7382075471698,0,0,11761,427,0,0,0,0
"6220",2023-09-22,14,15,10210,407,0,0,27.7382075471698,0,0,11761,427,0,0,0,0
"6221",2023-09-22,14,20,10944,412,0,0,27.7382075471698,0,0,11761,427,0,0,0,0
"6222",2023-09-22,14,25,10633,409,0,0,27.7382075471698,0,0,11761,427,0,0,0,0
"6223",2023-09-22,14,30,10388,410,0,0,27.7382075471698,0,0,11761,427,0,0,0,0
"6224",2023-09-22,14,35,10824,418,0,0,27.7382075471698,0,0,11761,427,0,0,0,0
"6225",2023-09-22,14,40,11013,419,0,0,27.7382075471698,0,0,11761,427,0,0,0,0
"6226",2023-09-22,14,45,11298,421,0,0,27.7382075471698,0,0,11761,427,0,0,0,0
"6227",2023-09-22,14,50,11761,424,0,0,27.7382075471698,0,0,11761,427,0,0,0,0
"6228",2023-09-22,14,55,11340,427,0,0,27.7382075471698,0,0,11761,427,0,0,0,0
"6229",2023-09-22,15,0,11378,426,0,0,29.2729357798165,0,0,12763,441,0,0,0,0
"6230",2023-09-22,15,5,12157,428,0,0,29.2729357798165,0,0,12763,441,0,0,0,0
"6231",2023-09-22,15,10,12321,430,0,0,29.2729357798165,0,0,12763,441,0,0,0,0
"6232",2023-09-22,15,15,12365,432,0,0,29.2729357798165,0,0,12763,441,0,0,0,0
"6233",2023-09-22,15,20,12414,434,0,0,29.2729357798165,0,0,12763,441,0,0,0,0
"6234",2023-09-22,15,25,12763,436,0,0,29.2729357798165,0,0,12763,441,0,0,0,0
"6235",2023-09-22,15,30,12473,436,0,0,29.2729357798165,0,0,12763,441,0,0,0,0
"6236",2023-09-22,15,35,12441,437,0,0,29.2729357798165,0,0,12763,441,0,0,0,0
"6237",2023-09-22,15,40,12640,441,0,0,29.2729357798165,0,0,12763,441,0,0,0,0
"6238",2023-09-22,15,45,11990,433,0,0,29.2729357798165,0,0,12763,441,0,0,0,0
"6239",2023-09-22,15,50,11752,427,0,0,29.2729357798165,0,0,12763,441,0,0,0,0
"6240",2023-09-22,15,55,12228,431,0,0,29.2729357798165,0,0,12763,441,0,0,0,0
"6241",2023-09-22,16,0,12126,434,0,0,28.916864608076,0,0,12269,434,0,0,0,0
"6242",2023-09-22,16,5,11796,429,0,0,28.916864608076,0,0,12269,434,0,0,0,0
"6243",2023-09-22,16,10,12017,430,0,0,28.916864608076,0,0,12269,434,0,0,0,0
"6244",2023-09-22,16,15,11956,423,0,0,28.916864608076,0,0,12269,434,0,0,0,0
"6245",2023-09-22,16,20,11751,419,0,0,28.916864608076,0,0,12269,434,0,0,0,0
"6246",2023-09-22,16,25,11686,420,0,0,28.916864608076,0,0,12269,434,0,0,0,0
"6247",2023-09-22,16,30,12269,425,0,0,28.916864608076,0,0,12269,434,0,0,0,0
"6248",2023-09-22,16,35,12174,421,0,0,28.916864608076,0,0,12269,434,0,0,0,0
"6249",2023-09-22,16,40,11692,419,0,0,28.916864608076,0,0,12269,434,0,0,0,0
"6250",2023-09-22,16,45,11432,415,0,0,28.916864608076,0,0,12269,434,0,0,0,0
"6251",2023-09-22,16,50,11496,417,0,0,28.916864608076,0,0,12269,434,0,0,0,0
"6252",2023-09-22,16,55,11955,418,0,0,28.916864608076,0,0,12269,434,0,0,0,0
"6253",2023-09-22,17,0,12015,417,0,0,32.6244343891403,0,0,12015,417,0,0,0,0
"6254",2023-09-22,17,5,11984,413,0,0,32.6244343891403,0,0,12015,417,0,0,0,0
"6255",2023-09-22,17,10,11941,408,0,0,32.6244343891403,0,0,12015,417,0,0,0,0
"6256",2023-09-22,17,15,11937,406,0,0,32.6244343891403,0,0,12015,417,0,0,0,0
"6257",2023-09-22,17,20,11304,403,0,0,32.6244343891403,0,0,12015,417,0,0,0,0
"6258",2023-09-22,17,25,11118,399,0,0,32.6244343891403,0,0,12015,417,0,0,0,0
"6259",2023-09-22,17,30,11478,400,0,0,32.6244343891403,0,0,12015,417,0,0,0,0
"6260",2023-09-22,17,35,11035,394,0,0,32.6244343891403,0,0,12015,417,0,0,0,0
"6261",2023-09-22,17,40,7210,221,0,0,32.6244343891403,0,0,12015,417,0,0,0,0
"6262",2023-09-22,17,45,11287.7,401,0,0,32.6244343891403,0,0,12015,417,0,0,0,0
"6263",2023-09-22,17,50,11203.7,399,0,0,32.6244343891403,0,0,12015,417,0,0,0,0
"6264",2023-09-22,17,55,11333.7,405,0,0,32.6244343891403,0,0,12015,417,0,0,0,0
"6265",2023-09-22,18,0,11274.7,400,0,0,28.7934036939314,0,0,11274.7,400,0,0,0,0
"6266",2023-09-22,18,5,10404.7,390,0,0,28.7934036939314,0,0,11274.7,400,0,0,0,0
"6267",2023-09-22,18,10,10458.7,384,0,0,28.7934036939314,0,0,11274.7,400,0,0,0,0
"6268",2023-09-22,18,15,10392.7,382,0,0,28.7934036939314,0,0,11274.7,400,0,0,0,0
"6269",2023-09-22,18,20,10512.7,380,0,0,28.7934036939314,0,0,11274.7,400,0,0,0,0
"6270",2023-09-22,18,25,10367.7,373,0,0,28.7934036939314,0,0,11274.7,400,0,0,0,0
"6271",2023-09-22,18,30,10342.7,371,0,0,28.7934036939314,0,0,11274.7,400,0,0,0,0
"6272",2023-09-22,18,35,10912.7,379,0,0,28.7934036939314,0,0,11274.7,400,0,0,0,0
"6273",2023-09-22,18,40,10650.7,375,0,0,28.7934036939314,0,0,11274.7,400,0,0,0,0
"6274",2023-09-22,18,45,10481,370,0,0,28.7934036939314,0,0,11274.7,400,0,0,0,0
"6275",2023-09-22,18,50,10290,368,0,0,28.7934036939314,0,0,11274.7,400,0,0,0,0
"6276",2023-09-22,18,55,10383,370,0,0,28.7934036939314,0,0,11274.7,400,0,0,0,0
"6277",2023-09-22,19,0,10884,368,0,0,30.5926966292135,0,0,10946,368,0,0,0,0
"6278",2023-09-22,19,5,10946,358,0,0,30.5926966292135,0,0,10946,368,0,0,0,0
"6279",2023-09-22,19,10,10857,357,0,0,30.5926966292135,0,0,10946,368,0,0,0,0
"6280",2023-09-22,19,15,10891,356,0,0,30.5926966292135,0,0,10946,368,0,0,0,0
"6281",2023-09-22,19,20,10508,357,0,0,30.5926966292135,0,0,10946,368,0,0,0,0
"6282",2023-09-22,19,25,10125,353,0,0,30.5926966292135,0,0,10946,368,0,0,0,0
"6283",2023-09-22,19,30,9588,346,0,0,30.5926966292135,0,0,10946,368,0,0,0,0
"6284",2023-09-22,19,35,9006,326,0,0,30.5926966292135,0,0,10946,368,0,0,0,0
"6285",2023-09-22,19,40,9039,325,0,0,30.5926966292135,0,0,10946,368,0,0,0,0
"6286",2023-09-22,19,45,9095,324,0,0,30.5926966292135,0,0,10946,368,0,0,0,0
"6287",2023-09-22,19,50,9103,323,0,0,30.5926966292135,0,0,10946,368,0,0,0,0
"6288",2023-09-22,19,55,9082,316,0,0,30.5926966292135,0,0,10946,368,0,0,0,0
"6289",2023-09-22,20,55,9568,313,0,0,30.5686900958466,0,0,9623,320,0,0,0,0
"6290",2023-09-22,20,0,9499,317,0,0,30.5686900958466,0,0,9623,320,0,0,0,0
"6291",2023-09-22,20,5,9326,317,0,0,30.5686900958466,0,0,9623,320,0,0,0,0
"6292",2023-09-22,20,10,9430,320,0,0,30.5686900958466,0,0,9623,320,0,0,0,0
"6293",2023-09-22,20,15,9043,320,0,0,30.5686900958466,0,0,9623,320,0,0,0,0
"6294",2023-09-22,20,20,8391,315,0,0,30.5686900958466,0,0,9623,320,0,0,0,0
"6295",2023-09-22,20,25,8413,316,0,0,30.5686900958466,0,0,9623,320,0,0,0,0
"6296",2023-09-22,20,30,8518,317,0,0,30.5686900958466,0,0,9623,320,0,0,0,0
"6297",2023-09-22,20,35,9027,314,0,0,30.5686900958466,0,0,9623,320,0,0,0,0
"6298",2023-09-22,20,40,9267,319,0,0,30.5686900958466,0,0,9623,320,0,0,0,0
"6299",2023-09-22,20,45,9157,315,0,0,30.5686900958466,0,0,9623,320,0,0,0,0
"6300",2023-09-22,20,50,9623,316,0,0,30.5686900958466,0,0,9623,320,0,0,0,0
"6301",2023-09-22,21,0,9160,315,0,0,30.2679365079365,0,0,9534.4,318,0,0,0,0
"6302",2023-09-22,21,5,8907.7,318,0,0,30.2679365079365,0,0,9534.4,318,0,0,0,0
"6303",2023-09-22,21,10,8863.7,316,0,0,30.2679365079365,0,0,9534.4,318,0,0,0,0
"6304",2023-09-22,21,15,9138.7,313,0,0,30.2679365079365,0,0,9534.4,318,0,0,0,0
"6305",2023-09-22,21,20,9138.7,312,0,0,30.2679365079365,0,0,9534.4,318,0,0,0,0
"6306",2023-09-22,21,25,9010.7,312,0,0,30.2679365079365,0,0,9534.4,318,0,0,0,0
"6307",2023-09-22,21,30,9189.4,316,0,0,30.2679365079365,0,0,9534.4,318,0,0,0,0
"6308",2023-09-22,21,35,8840.4,311,0,0,30.2679365079365,0,0,9534.4,318,0,0,0,0
"6309",2023-09-22,21,40,9534.4,315,0,0,30.2679365079365,0,0,9534.4,318,0,0,0,0
"6310",2023-09-22,21,45,9187.4,315,0,0,30.2679365079365,0,0,9534.4,318,0,0,0,0
"6311",2023-09-22,21,50,8832.4,311,0,0,30.2679365079365,0,0,9534.4,318,0,0,0,0
"6312",2023-09-22,21,55,8854.4,312,0,0,30.2679365079365,0,0,9534.4,318,0,0,0,0
"6313",2023-09-22,22,45,8231.4,312,0,0,28.5514563106796,0,0,8822.4,313,0,0,0,0
"6314",2023-09-22,22,0,8822.4,309,0,0,28.5514563106796,0,0,8822.4,313,0,0,0,0
"6315",2023-09-22,22,5,8758.4,311,0,0,28.5514563106796,0,0,8822.4,313,0,0,0,0
"6316",2023-09-22,22,10,8774.4,313,0,0,28.5514563106796,0,0,8822.4,313,0,0,0,0
"6317",2023-09-22,22,15,8435.4,312,0,0,28.5514563106796,0,0,8822.4,313,0,0,0,0
"6318",2023-09-22,22,20,7866.4,310,0,0,28.5514563106796,0,0,8822.4,313,0,0,0,0
"6319",2023-09-22,22,25,8062.4,313,0,0,28.5514563106796,0,0,8822.4,313,0,0,0,0
"6320",2023-09-22,22,30,8029.4,311,0,0,28.5514563106796,0,0,8822.4,313,0,0,0,0
"6321",2023-09-22,22,35,7909.4,310,0,0,28.5514563106796,0,0,8822.4,313,0,0,0,0
"6322",2023-09-22,22,40,8209.4,311,0,0,28.5514563106796,0,0,8822.4,313,0,0,0,0
"6323",2023-09-22,22,50,7557.4,309,0,0,28.5514563106796,0,0,8822.4,313,0,0,0,0
"6324",2023-09-22,22,55,7544.4,308,0,0,28.5514563106796,0,0,8822.4,313,0,0,0,0
"6325",2023-09-22,23,0,7544.4,308,0,0,25.3563139931741,0,0,7544.4,308,0,0,0,0
"6326",2023-09-22,23,5,6985.4,294,0,0,25.3563139931741,0,0,7544.4,308,0,0,0,0
"6327",2023-09-22,23,10,6875.4,289,0,0,25.3563139931741,0,0,7544.4,308,0,0,0,0
"6328",2023-09-22,23,15,7012.4,294,0,0,25.3563139931741,0,0,7544.4,308,0,0,0,0
"6329",2023-09-22,23,20,7012.4,294,0,0,25.3563139931741,0,0,7544.4,308,0,0,0,0
"6330",2023-09-22,23,25,7451.4,294,0,0,25.3563139931741,0,0,7544.4,308,0,0,0,0
"6331",2023-09-22,23,30,7429.4,293,0,0,25.3563139931741,0,0,7544.4,308,0,0,0,0
"6332",2023-09-22,23,35,7298.4,290,0,0,25.3563139931741,0,0,7544.4,308,0,0,0,0
"6333",2023-09-22,23,40,7293.4,289,0,0,25.3563139931741,0,0,7544.4,308,0,0,0,0
"6334",2023-09-22,23,45,7260.4,288,0,0,25.3563139931741,0,0,7544.4,308,0,0,0,0
"6335",2023-09-22,23,50,6683.4,282,0,0,25.3563139931741,0,0,7544.4,308,0,0,0,0
"6336",2023-09-22,23,55,6705.4,284,0,0,25.3563139931741,0,0,7544.4,308,0,0,0,0
"6337",2023-09-23,0,0,7298.7,269,0,0,28.8020491803279,0,0,7426.7,269,0,0,0,0
"6338",2023-09-23,0,5,7207.7,262,0,0,28.8020491803279,0,0,7426.7,269,0,0,0,0
"6339",2023-09-23,0,10,7026.7,262,0,0,28.8020491803279,0,0,7426.7,269,0,0,0,0
"6340",2023-09-23,0,15,7015.7,261,0,0,28.8020491803279,0,0,7426.7,269,0,0,0,0
"6341",2023-09-23,0,20,7426.7,263,0,0,28.8020491803279,0,0,7426.7,269,0,0,0,0
"6342",2023-09-23,0,25,7360.7,260,0,0,28.8020491803279,0,0,7426.7,269,0,0,0,0
"6343",2023-09-23,0,30,7321.7,258,0,0,28.8020491803279,0,0,7426.7,269,0,0,0,0
"6344",2023-09-23,0,35,6860.7,246,0,0,28.8020491803279,0,0,7426.7,269,0,0,0,0
"6345",2023-09-23,0,40,7027.7,244,0,0,28.8020491803279,0,0,7426.7,269,0,0,0,0
"6346",2023-09-23,0,45,6623.7,240,0,0,28.8020491803279,0,0,7426.7,269,0,0,0,0
"6347",2023-09-23,0,50,6819.7,238,0,0,28.8020491803279,0,0,7426.7,269,0,0,0,0
"6348",2023-09-23,0,55,6519.7,237,0,0,28.8020491803279,0,0,7426.7,269,0,0,0,0
"6349",2023-09-23,1,5,6182.7,230,0,0,26.8813043478261,0,0,6182.7,233,0,0,0,0
"6350",2023-09-23,1,10,5538.7,226,0,0,26.8813043478261,0,0,6182.7,233,0,0,0,0
"6351",2023-09-23,1,15,5538.7,226,0,0,26.8813043478261,0,0,6182.7,233,0,0,0,0
"6352",2023-09-23,1,20,5688.7,227,0,0,26.8813043478261,0,0,6182.7,233,0,0,0,0
"6353",2023-09-23,1,25,5644.7,225,0,0,26.8813043478261,0,0,6182.7,233,0,0,0,0
"6354",2023-09-23,1,30,5883.7,224,0,0,26.8813043478261,0,0,6182.7,233,0,0,0,0
"6355",2023-09-23,1,35,5670.7,222,0,0,26.8813043478261,0,0,6182.7,233,0,0,0,0
"6356",2023-09-23,1,40,5542.7,222,0,0,26.8813043478261,0,0,6182.7,233,0,0,0,0
"6357",2023-09-23,1,45,5575.7,224,0,0,26.8813043478261,0,0,6182.7,233,0,0,0,0
"6358",2023-09-23,1,50,5635.7,225,0,0,26.8813043478261,0,0,6182.7,233,0,0,0,0
"6359",2023-09-23,1,55,5729.7,228,0,0,26.8813043478261,0,0,6182.7,233,0,0,0,0
"6360",2023-09-23,1,0,6153.7,233,0,0,26.8813043478261,0,0,6182.7,233,0,0,0,0
"6361",2023-09-23,2,0,5760.4,240,0,0,25.8810344827586,0,0,6048.4,240,0,0,0,0
"6362",2023-09-23,2,5,5638.4,236,0,0,25.8810344827586,0,0,6048.4,240,0,0,0,0
"6363",2023-09-23,2,10,5638.4,236,0,0,25.8810344827586,0,0,6048.4,240,0,0,0,0
"6364",2023-09-23,2,15,5638.4,236,0,0,25.8810344827586,0,0,6048.4,240,0,0,0,0
"6365",2023-09-23,2,20,5627.4,235,0,0,25.8810344827586,0,0,6048.4,240,0,0,0,0
"6366",2023-09-23,2,25,5594.4,233,0,0,25.8810344827586,0,0,6048.4,240,0,0,0,0
"6367",2023-09-23,2,30,5550.4,231,0,0,25.8810344827586,0,0,6048.4,240,0,0,0,0
"6368",2023-09-23,2,35,6048.4,234,0,0,25.8810344827586,0,0,6048.4,240,0,0,0,0
"6369",2023-09-23,2,40,6004.4,232,0,0,25.8810344827586,0,0,6048.4,240,0,0,0,0
"6370",2023-09-23,2,45,6004.4,232,0,0,25.8810344827586,0,0,6048.4,240,0,0,0,0
"6371",2023-09-23,2,50,5824.4,231,0,0,25.8810344827586,0,0,6048.4,240,0,0,0,0
"6372",2023-09-23,2,55,5404.4,229,0,0,25.8810344827586,0,0,6048.4,240,0,0,0,0
"6373",2023-09-23,3,0,5480.4,228,0,0,25.2945945945946,0,0,5646.4,228,0,0,0,0
"6374",2023-09-23,3,5,5325.4,224,0,0,25.2945945945946,0,0,5646.4,228,0,0,0,0
"6375",2023-09-23,3,10,5314.4,223,0,0,25.2945945945946,0,0,5646.4,228,0,0,0,0
"6376",2023-09-23,3,15,5303.4,222,0,0,25.2945945945946,0,0,5646.4,228,0,0,0,0
"6377",2023-09-23,3,20,5603.4,223,0,0,25.2945945945946,0,0,5646.4,228,0,0,0,0
"6378",2023-09-23,3,25,5646.4,224,0,0,25.2945945945946,0,0,5646.4,228,0,0,0,0
"6379",2023-09-23,3,30,5646.4,224,0,0,25.2945945945946,0,0,5646.4,228,0,0,0,0
"6380",2023-09-23,3,35,5626.4,223,0,0,25.2945945945946,0,0,5646.4,228,0,0,0,0
"6381",2023-09-23,3,40,5626.4,223,0,0,25.2945945945946,0,0,5646.4,228,0,0,0,0
"6382",2023-09-23,3,45,5626.4,223,0,0,25.2945945945946,0,0,5646.4,228,0,0,0,0
"6383",2023-09-23,3,50,5626.4,223,0,0,25.2945945945946,0,0,5646.4,228,0,0,0,0
"6384",2023-09-23,3,55,5615.4,222,0,0,25.2945945945946,0,0,5646.4,228,0,0,0,0
"6385",2023-09-23,4,0,5615.4,222,0,0,25.2945945945946,0,0,5615.4,222,0,0,0,0
"6386",2023-09-23,4,5,5615.4,222,0,0,25.2945945945946,0,0,5615.4,222,0,0,0,0
"6387",2023-09-23,4,10,5337.4,222,0,0,25.2945945945946,0,0,5615.4,222,0,0,0,0
"6388",2023-09-23,4,15,5337.4,222,0,0,25.2945945945946,0,0,5615.4,222,0,0,0,0
"6389",2023-09-23,4,20,5315.4,221,0,0,25.2945945945946,0,0,5615.4,222,0,0,0,0
"6390",2023-09-23,4,25,5315.4,221,0,0,25.2945945945946,0,0,5615.4,222,0,0,0,0
"6391",2023-09-23,4,30,5315.4,221,0,0,25.2945945945946,0,0,5615.4,222,0,0,0,0
"6392",2023-09-23,4,35,5099.4,216,0,0,25.2945945945946,0,0,5615.4,222,0,0,0,0
"6393",2023-09-23,4,40,5099.4,216,0,0,25.2945945945946,0,0,5615.4,222,0,0,0,0
"6394",2023-09-23,4,45,5099.4,216,0,0,25.2945945945946,0,0,5615.4,222,0,0,0,0
"6395",2023-09-23,4,50,5099.4,216,0,0,25.2945945945946,0,0,5615.4,222,0,0,0,0
"6396",2023-09-23,4,55,5099.4,216,0,0,25.2945945945946,0,0,5615.4,222,0,0,0,0
"6397",2023-09-23,5,0,5121.4,217,0,0,26.5592417061611,0,0,5604,217,0,0,0,0
"6398",2023-09-23,5,5,5084.7,214,0,0,26.5592417061611,0,0,5604,217,0,0,0,0
"6399",2023-09-23,5,10,5084.7,214,0,0,26.5592417061611,0,0,5604,217,0,0,0,0
"6400",2023-09-23,5,15,5084.7,214,0,0,26.5592417061611,0,0,5604,217,0,0,0,0
"6401",2023-09-23,5,20,5106.7,215,0,0,26.5592417061611,0,0,5604,217,0,0,0,0
"6402",2023-09-23,5,25,5095.7,214,0,0,26.5592417061611,0,0,5604,217,0,0,0,0
"6403",2023-09-23,5,30,5370,213,0,0,26.5592417061611,0,0,5604,217,0,0,0,0
"6404",2023-09-23,5,35,5304,210,0,0,26.5592417061611,0,0,5604,217,0,0,0,0
"6405",2023-09-23,5,40,5604,211,0,0,26.5592417061611,0,0,5604,217,0,0,0,0
"6406",2023-09-23,5,45,5604,211,0,0,26.5592417061611,0,0,5604,217,0,0,0,0
"6407",2023-09-23,5,50,5604,211,0,0,26.5592417061611,0,0,5604,217,0,0,0,0
"6408",2023-09-23,5,55,5282,209,0,0,26.5592417061611,0,0,5604,217,0,0,0,0
"6409",2023-09-23,6,0,5260,208,0,0,28.3285714285714,0,0,5949,210,0,0,0,0
"6410",2023-09-23,6,5,5649,209,0,0,28.3285714285714,0,0,5949,210,0,0,0,0
"6411",2023-09-23,6,10,5649,209,0,0,28.3285714285714,0,0,5949,210,0,0,0,0
"6412",2023-09-23,6,15,5949,210,0,0,28.3285714285714,0,0,5949,210,0,0,0,0
"6413",2023-09-23,6,20,5949,210,0,0,28.3285714285714,0,0,5949,210,0,0,0,0
"6414",2023-09-23,6,25,5349,208,0,0,28.3285714285714,0,0,5949,210,0,0,0,0
"6415",2023-09-23,6,30,5327,207,0,0,28.3285714285714,0,0,5949,210,0,0,0,0
"6416",2023-09-23,6,35,4927,205,0,0,28.3285714285714,0,0,5949,210,0,0,0,0
"6417",2023-09-23,6,40,4927,205,0,0,28.3285714285714,0,0,5949,210,0,0,0,0
"6418",2023-09-23,6,45,4927,204,0,0,28.3285714285714,0,0,5949,210,0,0,0,0
"6419",2023-09-23,6,50,4927,204,0,0,28.3285714285714,0,0,5949,210,0,0,0,0
"6420",2023-09-23,6,55,4927,204,0,0,28.3285714285714,0,0,5949,210,0,0,0,0
"6421",2023-09-23,7,0,5249,206,0,0,25.5560975609756,0,0,5261,206,0,0,0,0
"6422",2023-09-23,7,5,5261,206,0,0,25.5560975609756,0,0,5261,206,0,0,0,0
"6423",2023-09-23,7,10,5239,205,0,0,25.5560975609756,0,0,5261,206,0,0,0,0
"6424",2023-09-23,7,15,5239,205,0,0,25.5560975609756,0,0,5261,206,0,0,0,0
"6425",2023-09-23,7,20,5261,206,0,0,25.5560975609756,0,0,5261,206,0,0,0,0
"6426",2023-09-23,7,25,5239,205,0,0,25.5560975609756,0,0,5261,206,0,0,0,0
"6427",2023-09-23,7,30,4961,205,0,0,25.5560975609756,0,0,5261,206,0,0,0,0
"6428",2023-09-23,7,35,4796,204,0,0,25.5560975609756,0,0,5261,206,0,0,0,0
"6429",2023-09-23,7,40,4752,202,0,0,25.5560975609756,0,0,5261,206,0,0,0,0
"6430",2023-09-23,7,45,4752,202,0,0,25.5560975609756,0,0,5261,206,0,0,0,0
"6431",2023-09-23,7,50,4752,202,0,0,25.5560975609756,0,0,5261,206,0,0,0,0
"6432",2023-09-23,7,55,4730,201,0,0,25.5560975609756,0,0,5261,206,0,0,0,0
"6433",2023-09-23,8,0,4730,201,0,0,24.5922330097087,0,0,5099,208,0,0,0,0
"6434",2023-09-23,8,5,4752,202,0,0,24.5922330097087,0,0,5099,208,0,0,0,0
"6435",2023-09-23,8,10,4774,203,0,0,24.5922330097087,0,0,5099,208,0,0,0,0
"6436",2023-09-23,8,15,4796,204,0,0,24.5922330097087,0,0,5099,208,0,0,0,0
"6437",2023-09-23,8,20,4774,203,0,0,24.5922330097087,0,0,5099,208,0,0,0,0
"6438",2023-09-23,8,25,4763,202,0,0,24.5922330097087,0,0,5099,208,0,0,0,0
"6439",2023-09-23,8,30,4785,203,0,0,24.5922330097087,0,0,5099,208,0,0,0,0
"6440",2023-09-23,8,35,5066,206,0,0,24.5922330097087,0,0,5099,208,0,0,0,0
"6441",2023-09-23,8,40,5077,207,0,0,24.5922330097087,0,0,5099,208,0,0,0,0
"6442",2023-09-23,8,45,5077,207,0,0,24.5922330097087,0,0,5099,208,0,0,0,0
"6443",2023-09-23,8,50,5077,207,0,0,24.5922330097087,0,0,5099,208,0,0,0,0
"6444",2023-09-23,8,55,5099,208,0,0,24.5922330097087,0,0,5099,208,0,0,0,0
"6445",2023-09-23,9,0,5099,208,0,0,27.7860465116279,0,0,5974,215,0,0,0,0
"6446",2023-09-23,9,5,5369,212,0,0,27.7860465116279,0,0,5974,215,0,0,0,0
"6447",2023-09-23,9,10,5419,213,0,0,27.7860465116279,0,0,5974,215,0,0,0,0
"6448",2023-09-23,9,15,5430,214,0,0,27.7860465116279,0,0,5974,215,0,0,0,0
"6449",2023-09-23,9,20,5441,215,0,0,27.7860465116279,0,0,5974,215,0,0,0,0
"6450",2023-09-23,9,25,5419,214,0,0,27.7860465116279,0,0,5974,215,0,0,0,0
"6451",2023-09-23,9,30,5343,215,0,0,27.7860465116279,0,0,5974,215,0,0,0,0
"6452",2023-09-23,9,35,5251,210,0,0,27.7860465116279,0,0,5974,215,0,0,0,0
"6453",2023-09-23,9,40,5540,210,0,0,27.7860465116279,0,0,5974,215,0,0,0,0
"6454",2023-09-23,9,45,5698,210,0,0,27.7860465116279,0,0,5974,215,0,0,0,0
"6455",2023-09-23,9,50,5974,215,0,0,27.7860465116279,0,0,5974,215,0,0,0,0
"6456",2023-09-23,9,55,5843,214,0,0,27.7860465116279,0,0,5974,215,0,0,0,0
"6457",2023-09-23,10,0,5422,207,0,0,28.0316742081448,0,0,6290,243,0,0,0,0
"6458",2023-09-23,10,5,5840,217,0,0,28.0316742081448,0,0,6290,243,0,0,0,0
"6459",2023-09-23,10,10,6195,221,0,0,28.0316742081448,0,0,6290,243,0,0,0,0
"6460",2023-09-23,10,15,6015,220,0,0,28.0316742081448,0,0,6290,243,0,0,0,0
"6461",2023-09-23,10,20,6103,220,0,0,28.0316742081448,0,0,6290,243,0,0,0,0
"6462",2023-09-23,10,25,5678,220,0,0,28.0316742081448,0,0,6290,243,0,0,0,0
"6463",2023-09-23,10,30,5820,222,0,0,28.0316742081448,0,0,6290,243,0,0,0,0
"6464",2023-09-23,10,35,5575,225,0,0,28.0316742081448,0,0,6290,243,0,0,0,0
"6465",2023-09-23,10,40,5810,230,0,0,28.0316742081448,0,0,6290,243,0,0,0,0
"6466",2023-09-23,10,45,6023,232,0,0,28.0316742081448,0,0,6290,243,0,0,0,0
"6467",2023-09-23,10,50,6200,239,0,0,28.0316742081448,0,0,6290,243,0,0,0,0
"6468",2023-09-23,10,55,6290,243,0,0,28.0316742081448,0,0,6290,243,0,0,0,0
"6469",2023-09-23,11,0,6613,252,0,0,29.1722972972973,0,0,8635,305,0,0,0,0
"6470",2023-09-23,11,5,7482,266,0,0,29.1722972972973,0,0,8635,305,0,0,0,0
"6471",2023-09-23,11,10,7515,269,0,0,29.1722972972973,0,0,8635,305,0,0,0,0
"6472",2023-09-23,11,15,7548,272,0,0,29.1722972972973,0,0,8635,305,0,0,0,0
"6473",2023-09-23,11,20,7642,277,0,0,29.1722972972973,0,0,8635,305,0,0,0,0
"6474",2023-09-23,11,25,7795,279,0,0,29.1722972972973,0,0,8635,305,0,0,0,0
"6475",2023-09-23,11,30,7648,279,0,0,29.1722972972973,0,0,8635,305,0,0,0,0
"6476",2023-09-23,11,35,8635,296,0,0,29.1722972972973,0,0,8635,305,0,0,0,0
"6477",2023-09-23,11,40,8156,302,0,0,29.1722972972973,0,0,8635,305,0,0,0,0
"6478",2023-09-23,11,45,8134,301,0,0,29.1722972972973,0,0,8635,305,0,0,0,0
"6479",2023-09-23,11,50,8222,303,0,0,29.1722972972973,0,0,8635,305,0,0,0,0
"6480",2023-09-23,11,55,8244,305,0,0,29.1722972972973,0,0,8635,305,0,0,0,0
"6481",2023-09-23,12,20,9336,326,0,0,31.6218487394958,0,0,11289,357,0,0,0,0
"6482",2023-09-23,12,25,9303,329,0,0,31.6218487394958,0,0,11289,357,0,0,0,0
"6483",2023-09-23,12,30,9096,330,0,0,31.6218487394958,0,0,11289,357,0,0,0,0
"6484",2023-09-23,12,35,10062,347,0,0,31.6218487394958,0,0,11289,357,0,0,0,0
"6485",2023-09-23,12,40,10051,347,0,0,31.6218487394958,0,0,11289,357,0,0,0,0
"6486",2023-09-23,12,45,10328,354,0,0,31.6218487394958,0,0,11289,357,0,0,0,0
"6487",2023-09-23,12,50,10378,354,0,0,31.6218487394958,0,0,11289,357,0,0,0,0
"6488",2023-09-23,12,55,11289,357,0,0,31.6218487394958,0,0,11289,357,0,0,0,0
"6489",2023-09-23,12,0,8168,307,0,0,31.6218487394958,0,0,11289,357,0,0,0,0
"6490",2023-09-23,12,5,7868,316,0,0,31.6218487394958,0,0,11289,357,0,0,0,0
"6491",2023-09-23,12,10,8453,321,0,0,31.6218487394958,0,0,11289,357,0,0,0,0
"6492",2023-09-23,12,15,9451,329,0,0,31.6218487394958,0,0,11289,357,0,0,0,0
"6493",2023-09-23,13,0,11131,358,0,0,31.0921787709497,0,0,11178,361,0,0,0,0
"6494",2023-09-23,13,5,11178,361,0,0,31.0921787709497,0,0,11178,361,0,0,0,0
"6495",2023-09-23,13,10,10897,359,0,0,31.0921787709497,0,0,11178,361,0,0,0,0
"6496",2023-09-23,13,15,10285,361,0,0,31.0921787709497,0,0,11178,361,0,0,0,0
"6497",2023-09-23,13,20,9578,354,0,0,31.0921787709497,0,0,11178,361,0,0,0,0
"6498",2023-09-23,13,25,10444,357,0,0,31.0921787709497,0,0,11178,361,0,0,0,0
"6499",2023-09-23,13,30,10466,358,0,0,31.0921787709497,0,0,11178,361,0,0,0,0
"6500",2023-09-23,13,35,10693,356,0,0,31.0921787709497,0,0,11178,361,0,0,0,0
"6501",2023-09-23,13,40,10766,352,0,0,31.0921787709497,0,0,11178,361,0,0,0,0
"6502",2023-09-23,13,45,10482,352,0,0,31.0921787709497,0,0,11178,361,0,0,0,0
"6503",2023-09-23,13,50,10391,352,0,0,31.0921787709497,0,0,11178,361,0,0,0,0
"6504",2023-09-23,13,55,9824,353,0,0,31.0921787709497,0,0,11178,361,0,0,0,0
"6505",2023-09-23,14,0,9501,354,0,0,29.2493224932249,0,0,10969.7,379,0,0,0,0
"6506",2023-09-23,14,5,9861,360,0,0,29.2493224932249,0,0,10969.7,379,0,0,0,0
"6507",2023-09-23,14,10,10255,365,0,0,29.2493224932249,0,0,10969.7,379,0,0,0,0
"6508",2023-09-23,14,15,10072,363,0,0,29.2493224932249,0,0,10969.7,379,0,0,0,0
"6509",2023-09-23,14,20,10280,366,0,0,29.2493224932249,0,0,10969.7,379,0,0,0,0
"6510",2023-09-23,14,25,10280,365,0,0,29.2493224932249,0,0,10969.7,379,0,0,0,0
"6511",2023-09-23,14,30,10793,369,0,0,29.2493224932249,0,0,10969.7,379,0,0,0,0
"6512",2023-09-23,14,35,10470.7,378,0,0,29.2493224932249,0,0,10969.7,379,0,0,0,0
"6513",2023-09-23,14,40,10481.7,379,0,0,29.2493224932249,0,0,10969.7,379,0,0,0,0
"6514",2023-09-23,14,45,10337.7,375,0,0,29.2493224932249,0,0,10969.7,379,0,0,0,0
"6515",2023-09-23,14,50,10703.7,379,0,0,29.2493224932249,0,0,10969.7,379,0,0,0,0
"6516",2023-09-23,14,55,10969.7,379,0,0,29.2493224932249,0,0,10969.7,379,0,0,0,0
"6517",2023-09-23,15,10,10760.7,375,0,0,29.5770448548813,0,0,11209.7,386,0,0,0,0
"6518",2023-09-23,15,15,9984.7,373,0,0,29.5770448548813,0,0,11209.7,386,0,0,0,0
"6519",2023-09-23,15,20,9323.7,368,0,0,29.5770448548813,0,0,11209.7,386,0,0,0,0
"6520",2023-09-23,15,25,9569.7,371,0,0,29.5770448548813,0,0,11209.7,386,0,0,0,0
"6521",2023-09-23,15,30,9341.7,373,0,0,29.5770448548813,0,0,11209.7,386,0,0,0,0
"6522",2023-09-23,15,35,10271.7,377,0,0,29.5770448548813,0,0,11209.7,386,0,0,0,0
"6523",2023-09-23,15,40,10565.7,376,0,0,29.5770448548813,0,0,11209.7,386,0,0,0,0
"6524",2023-09-23,15,45,11045.7,383,0,0,29.5770448548813,0,0,11209.7,386,0,0,0,0
"6525",2023-09-23,15,50,11018.7,384,0,0,29.5770448548813,0,0,11209.7,386,0,0,0,0
"6526",2023-09-23,15,55,11119.7,386,0,0,29.5770448548813,0,0,11209.7,386,0,0,0,0
"6527",2023-09-23,15,0,11209.7,379,0,0,29.5770448548813,0,0,11209.7,386,0,0,0,0
"6528",2023-09-23,15,5,10876.7,380,0,0,29.5770448548813,0,0,11209.7,386,0,0,0,0
"6529",2023-09-23,16,0,11048.7,380,0,0,30.888679245283,0,0,11459.7,384,0,0,0,0
"6530",2023-09-23,16,5,11452.7,384,0,0,30.888679245283,0,0,11459.7,384,0,0,0,0
"6531",2023-09-23,16,10,11172.7,377,0,0,30.888679245283,0,0,11459.7,384,0,0,0,0
"6532",2023-09-23,16,15,11420.7,377,0,0,30.888679245283,0,0,11459.7,384,0,0,0,0
"6533",2023-09-23,16,20,11398.7,375,0,0,30.888679245283,0,0,11459.7,384,0,0,0,0
"6534",2023-09-23,16,25,11310.7,371,0,0,30.888679245283,0,0,11459.7,384,0,0,0,0
"6535",2023-09-23,16,30,11344.7,370,0,0,30.888679245283,0,0,11459.7,384,0,0,0,0
"6536",2023-09-23,16,35,11318.7,370,0,0,30.888679245283,0,0,11459.7,384,0,0,0,0
"6537",2023-09-23,16,40,11459.7,371,0,0,30.888679245283,0,0,11459.7,384,0,0,0,0
"6538",2023-09-23,16,45,10820.7,368,0,0,30.888679245283,0,0,11459.7,384,0,0,0,0
"6539",2023-09-23,16,50,10768.7,364,0,0,30.888679245283,0,0,11459.7,384,0,0,0,0
"6540",2023-09-23,16,55,10878.7,365,0,0,30.888679245283,0,0,11459.7,384,0,0,0,0
"6541",2023-09-23,17,40,8202,297,0,0,31.4669811320755,0,0,10625.7,359,0,0,0,0
"6542",2023-09-23,17,45,9355,330,0,0,31.4669811320755,0,0,10625.7,359,0,0,0,0
"6543",2023-09-23,17,50,6671,212,0,0,31.4669811320755,0,0,10625.7,359,0,0,0,0
"6544",2023-09-23,17,55,9606,327,0,0,31.4669811320755,0,0,10625.7,359,0,0,0,0
"6545",2023-09-23,17,25,9452,337,0,0,31.4669811320755,0,0,10625.7,359,0,0,0,0
"6546",2023-09-23,17,30,9883,339,0,0,31.4669811320755,0,0,10625.7,359,0,0,0,0
"6547",2023-09-23,17,35,9436,331,0,0,31.4669811320755,0,0,10625.7,359,0,0,0,0
"6548",2023-09-23,17,0,10625.7,359,0,0,31.4669811320755,0,0,10625.7,359,0,0,0,0
"6549",2023-09-23,17,5,9759.7,344,0,0,31.4669811320755,0,0,10625.7,359,0,0,0,0
"6550",2023-09-23,17,10,9535.7,341,0,0,31.4669811320755,0,0,10625.7,359,0,0,0,0
"6551",2023-09-23,17,15,9469.7,338,0,0,31.4669811320755,0,0,10625.7,359,0,0,0,0
"6552",2023-09-23,17,20,9515,339,0,0,31.4669811320755,0,0,10625.7,359,0,0,0,0
"6553",2023-09-23,18,0,9194,329,0,0,32.1722054380665,0,0,10649,341,0,0,0,0
"6554",2023-09-23,18,5,9691,336,0,0,32.1722054380665,0,0,10649,341,0,0,0,0
"6555",2023-09-23,18,10,10083,333,0,0,32.1722054380665,0,0,10649,341,0,0,0,0
"6556",2023-09-23,18,15,10058,334,0,0,32.1722054380665,0,0,10649,341,0,0,0,0
"6557",2023-09-23,18,20,10224,333,0,0,32.1722054380665,0,0,10649,341,0,0,0,0
"6558",2023-09-23,18,25,10108,337,0,0,32.1722054380665,0,0,10649,341,0,0,0,0
"6559",2023-09-23,18,30,10075,340,0,0,32.1722054380665,0,0,10649,341,0,0,0,0
"6560",2023-09-23,18,35,10543,341,0,0,32.1722054380665,0,0,10649,341,0,0,0,0
"6561",2023-09-23,18,40,10615,340,0,0,32.1722054380665,0,0,10649,341,0,0,0,0
"6562",2023-09-23,18,45,10531,337,0,0,32.1722054380665,0,0,10649,341,0,0,0,0
"6563",2023-09-23,18,50,10649,331,0,0,32.1722054380665,0,0,10649,341,0,0,0,0
"6564",2023-09-23,18,55,9947,328,0,0,32.1722054380665,0,0,10649,341,0,0,0,0
"6565",2023-09-23,19,0,10063,332,0,0,31.3333333333333,0,0,10063,332,0,0,0,0
"6566",2023-09-23,19,5,8948,320,0,0,31.3333333333333,0,0,10063,332,0,0,0,0
"6567",2023-09-23,19,10,9372,322,0,0,31.3333333333333,0,0,10063,332,0,0,0,0
"6568",2023-09-23,19,15,8877,315,0,0,31.3333333333333,0,0,10063,332,0,0,0,0
"6569",2023-09-23,19,20,8170,310,0,0,31.3333333333333,0,0,10063,332,0,0,0,0
"6570",2023-09-23,19,25,8179,311,0,0,31.3333333333333,0,0,10063,332,0,0,0,0
"6571",2023-09-23,19,30,8154,312,0,0,31.3333333333333,0,0,10063,332,0,0,0,0
"6572",2023-09-23,19,35,8902,302,0,0,31.3333333333333,0,0,10063,332,0,0,0,0
"6573",2023-09-23,19,40,8479,294,0,0,31.3333333333333,0,0,10063,332,0,0,0,0
"6574",2023-09-23,19,45,9002,291,0,0,31.3333333333333,0,0,10063,332,0,0,0,0
"6575",2023-09-23,19,50,8708,290,0,0,31.3333333333333,0,0,10063,332,0,0,0,0
"6576",2023-09-23,19,55,9024,288,0,0,31.3333333333333,0,0,10063,332,0,0,0,0
"6577",2023-09-23,20,0,9157,288,0,0,35.5302013422819,0,0,10588,300,0,0,0,0
"6578",2023-09-23,20,5,10269,295,0,0,35.5302013422819,0,0,10588,300,0,0,0,0
"6579",2023-09-23,20,10,9973,297,0,0,35.5302013422819,0,0,10588,300,0,0,0,0
"6580",2023-09-23,20,15,10354,300,0,0,35.5302013422819,0,0,10588,300,0,0,0,0
"6581",2023-09-23,20,20,10588,298,0,0,35.5302013422819,0,0,10588,300,0,0,0,0
"6582",2023-09-23,20,25,10272,299,0,0,35.5302013422819,0,0,10588,300,0,0,0,0
"6583",2023-09-23,20,30,9923,298,0,0,35.5302013422819,0,0,10588,300,0,0,0,0
"6584",2023-09-23,20,35,8427,291,0,0,35.5302013422819,0,0,10588,300,0,0,0,0
"6585",2023-09-23,20,40,7751,290,0,0,35.5302013422819,0,0,10588,300,0,0,0,0
"6586",2023-09-23,20,45,8221,292,0,0,35.5302013422819,0,0,10588,300,0,0,0,0
"6587",2023-09-23,20,50,7877,289,0,0,35.5302013422819,0,0,10588,300,0,0,0,0
"6588",2023-09-23,20,55,8027.7,290,0,0,35.5302013422819,0,0,10588,300,0,0,0,0
"6589",2023-09-23,21,0,8093.7,293,0,0,28.3413559322034,0,0,8360.7,300,0,0,0,0
"6590",2023-09-23,21,5,7959.7,300,0,0,28.3413559322034,0,0,8360.7,300,0,0,0,0
"6591",2023-09-23,21,10,7860.7,298,0,0,28.3413559322034,0,0,8360.7,300,0,0,0,0
"6592",2023-09-23,21,15,7671.7,296,0,0,28.3413559322034,0,0,8360.7,300,0,0,0,0
"6593",2023-09-23,21,20,7510.7,295,0,0,28.3413559322034,0,0,8360.7,300,0,0,0,0
"6594",2023-09-23,21,25,7581.7,297,0,0,28.3413559322034,0,0,8360.7,300,0,0,0,0
"6595",2023-09-23,21,30,7449.7,292,0,0,28.3413559322034,0,0,8360.7,300,0,0,0,0
"6596",2023-09-23,21,35,7993.7,293,0,0,28.3413559322034,0,0,8360.7,300,0,0,0,0
"6597",2023-09-23,21,40,8071.7,293,0,0,28.3413559322034,0,0,8360.7,300,0,0,0,0
"6598",2023-09-23,21,45,8300.7,294,0,0,28.3413559322034,0,0,8360.7,300,0,0,0,0
"6599",2023-09-23,21,50,8360.7,295,0,0,28.3413559322034,0,0,8360.7,300,0,0,0,0
"6600",2023-09-23,21,55,7818.7,295,0,0,28.3413559322034,0,0,8360.7,300,0,0,0,0
"6601",2023-09-23,22,10,7795.7,285,0,0,28.5308510638298,0,0,8350.7,298,0,0,0,0
"6602",2023-09-23,22,15,7839.7,287,0,0,28.5308510638298,0,0,8350.7,298,0,0,0,0
"6603",2023-09-23,22,20,8019.7,288,0,0,28.5308510638298,0,0,8350.7,298,0,0,0,0
"6604",2023-09-23,22,25,8008.7,288,0,0,28.5308510638298,0,0,8350.7,298,0,0,0,0
"6605",2023-09-23,22,30,7861.7,289,0,0,28.5308510638298,0,0,8350.7,298,0,0,0,0
"6606",2023-09-23,22,35,7626.7,286,0,0,28.5308510638298,0,0,8350.7,298,0,0,0,0
"6607",2023-09-23,22,40,7615.7,286,0,0,28.5308510638298,0,0,8350.7,298,0,0,0,0
"6608",2023-09-23,22,45,7805.7,282,0,0,28.5308510638298,0,0,8350.7,298,0,0,0,0
"6609",2023-09-23,22,50,8045.7,282,0,0,28.5308510638298,0,0,8350.7,298,0,0,0,0
"6610",2023-09-23,22,55,7524.7,279,0,0,28.5308510638298,0,0,8350.7,298,0,0,0,0
"6611",2023-09-23,22,0,8350.7,298,0,0,28.5308510638298,0,0,8350.7,298,0,0,0,0
"6612",2023-09-23,22,5,7887.7,285,0,0,28.5308510638298,0,0,8350.7,298,0,0,0,0
"6613",2023-09-23,23,0,7844.7,281,0,0,29.9375451263538,0,0,8304.7,281,0,0,0,0
"6614",2023-09-23,23,5,8023.7,277,0,0,29.9375451263538,0,0,8304.7,281,0,0,0,0
"6615",2023-09-23,23,10,7359.7,272,0,0,29.9375451263538,0,0,8304.7,281,0,0,0,0
"6616",2023-09-23,23,15,8014.7,277,0,0,29.9375451263538,0,0,8304.7,281,0,0,0,0
"6617",2023-09-23,23,20,8292.7,277,0,0,29.9375451263538,0,0,8304.7,281,0,0,0,0
"6618",2023-09-23,23,25,8183.7,277,0,0,29.9375451263538,0,0,8304.7,281,0,0,0,0
"6619",2023-09-23,23,30,8304.7,278,0,0,29.9375451263538,0,0,8304.7,281,0,0,0,0
"6620",2023-09-23,23,35,7460.7,271,0,0,29.9375451263538,0,0,8304.7,281,0,0,0,0
"6621",2023-09-23,23,40,8066.7,272,0,0,29.9375451263538,0,0,8304.7,281,0,0,0,0
"6622",2023-09-23,23,45,7872.7,269,0,0,29.9375451263538,0,0,8304.7,281,0,0,0,0
"6623",2023-09-23,23,50,7162.7,265,0,0,29.9375451263538,0,0,8304.7,281,0,0,0,0
"6624",2023-09-23,23,55,6904.7,266,0,0,29.9375451263538,0,0,8304.7,281,0,0,0,0
"6625",2023-09-24,0,0,4704.3,167,0,0,28.1694610778443,0,0,4704.3,167,0,0,0,0
"6626",2023-09-24,0,5,4196.3,156,0,0,28.1694610778443,0,0,4704.3,167,0,0,0,0
"6627",2023-09-24,0,10,4174.3,155,0,0,28.1694610778443,0,0,4704.3,167,0,0,0,0
"6628",2023-09-24,0,15,4130.3,153,0,0,28.1694610778443,0,0,4704.3,167,0,0,0,0
"6629",2023-09-24,0,20,4174.3,155,0,0,28.1694610778443,0,0,4704.3,167,0,0,0,0
"6630",2023-09-24,0,25,4163.3,155,0,0,28.1694610778443,0,0,4704.3,167,0,0,0,0
"6631",2023-09-24,0,30,4163.3,155,0,0,28.1694610778443,0,0,4704.3,167,0,0,0,0
"6632",2023-09-24,0,35,3822.3,149,0,0,28.1694610778443,0,0,4704.3,167,0,0,0,0
"6633",2023-09-24,0,40,4133.3,151,0,0,28.1694610778443,0,0,4704.3,167,0,0,0,0
"6634",2023-09-24,0,45,4155.3,152,0,0,28.1694610778443,0,0,4704.3,167,0,0,0,0
"6635",2023-09-24,0,50,4187.3,153,0,0,28.1694610778443,0,0,4704.3,167,0,0,0,0
"6636",2023-09-24,0,55,4187.3,153,0,0,28.1694610778443,0,0,4704.3,167,0,0,0,0
"6637",2023-09-24,1,0,3887.3,152,0,0,25.5743421052632,0,0,3887.3,152,0,0,0,0
"6638",2023-09-24,1,5,3802.3,151,0,0,25.5743421052632,0,0,3887.3,152,0,0,0,0
"6639",2023-09-24,1,10,3802.3,151,0,0,25.5743421052632,0,0,3887.3,152,0,0,0,0
"6640",2023-09-24,1,15,3761.3,151,0,0,25.5743421052632,0,0,3887.3,152,0,0,0,0
"6641",2023-09-24,1,20,3783.3,152,0,0,25.5743421052632,0,0,3887.3,152,0,0,0,0
"6642",2023-09-24,1,25,3783.3,152,0,0,25.5743421052632,0,0,3887.3,152,0,0,0,0
"6643",2023-09-24,1,30,3772.3,151,0,0,25.5743421052632,0,0,3887.3,152,0,0,0,0
"6644",2023-09-24,1,35,3403.3,147,0,0,25.5743421052632,0,0,3887.3,152,0,0,0,0
"6645",2023-09-24,1,40,3403.3,147,0,0,25.5743421052632,0,0,3887.3,152,0,0,0,0
"6646",2023-09-24,1,45,3403.3,147,0,0,25.5743421052632,0,0,3887.3,152,0,0,0,0
"6647",2023-09-24,1,50,3403.3,147,0,0,25.5743421052632,0,0,3887.3,152,0,0,0,0
"6648",2023-09-24,1,55,3381.3,146,0,0,25.5743421052632,0,0,3887.3,152,0,0,0,0
"6649",2023-09-24,2,0,5320.7,227,0,0,26.2294871794872,0,0,6159.7,235,0,0,0,0
"6650",2023-09-24,2,5,5299.7,226,0,0,26.2294871794872,0,0,6159.7,235,0,0,0,0
"6651",2023-09-24,2,10,5610.7,228,0,0,26.2294871794872,0,0,6159.7,235,0,0,0,0
"6652",2023-09-24,2,15,5610.7,228,0,0,26.2294871794872,0,0,6159.7,235,0,0,0,0
"6653",2023-09-24,2,20,5310.7,227,0,0,26.2294871794872,0,0,6159.7,235,0,0,0,0
"6654",2023-09-24,2,25,5354.7,229,0,0,26.2294871794872,0,0,6159.7,235,0,0,0,0
"6655",2023-09-24,2,30,5354.7,229,0,0,26.2294871794872,0,0,6159.7,235,0,0,0,0
"6656",2023-09-24,2,35,5859.7,234,0,0,26.2294871794872,0,0,6159.7,235,0,0,0,0
"6657",2023-09-24,2,40,6159.7,235,0,0,26.2294871794872,0,0,6159.7,235,0,0,0,0
"6658",2023-09-24,2,45,6159.7,235,0,0,26.2294871794872,0,0,6159.7,235,0,0,0,0
"6659",2023-09-24,2,50,6137.7,234,0,0,26.2294871794872,0,0,6159.7,235,0,0,0,0
"6660",2023-09-24,2,55,6137.7,234,0,0,26.2294871794872,0,0,6159.7,235,0,0,0,0
"6661",2023-09-24,3,0,6053.7,232,0,0,26.2160869565217,0,0,6057.7,233,0,0,0,0
"6662",2023-09-24,3,5,6008.7,233,0,0,26.2160869565217,0,0,6057.7,233,0,0,0,0
"6663",2023-09-24,3,10,5517.7,230,0,0,26.2160869565217,0,0,6057.7,233,0,0,0,0
"6664",2023-09-24,3,15,6057.7,232,0,0,26.2160869565217,0,0,6057.7,233,0,0,0,0
"6665",2023-09-24,3,20,6018.7,230,0,0,26.2160869565217,0,0,6057.7,233,0,0,0,0
"6666",2023-09-24,3,25,6040.7,231,0,0,26.2160869565217,0,0,6057.7,233,0,0,0,0
"6667",2023-09-24,3,30,6029.7,230,0,0,26.2160869565217,0,0,6057.7,233,0,0,0,0
"6668",2023-09-24,3,35,5530.7,223,0,0,26.2160869565217,0,0,6057.7,233,0,0,0,0
"6669",2023-09-24,3,40,5519.7,222,0,0,26.2160869565217,0,0,6057.7,233,0,0,0,0
"6670",2023-09-24,3,45,5519.7,222,0,0,26.2160869565217,0,0,6057.7,233,0,0,0,0
"6671",2023-09-24,3,50,5519.7,222,0,0,26.2160869565217,0,0,6057.7,233,0,0,0,0
"6672",2023-09-24,3,55,5669.7,223,0,0,26.2160869565217,0,0,6057.7,233,0,0,0,0
"6673",2023-09-24,4,0,5497.7,221,0,0,25.8616438356164,0,0,5663.7,221,0,0,0,0
"6674",2023-09-24,4,5,5325.7,218,0,0,25.8616438356164,0,0,5663.7,221,0,0,0,0
"6675",2023-09-24,4,10,5516.7,220,0,0,25.8616438356164,0,0,5663.7,221,0,0,0,0
"6676",2023-09-24,4,15,5565.7,220,0,0,25.8616438356164,0,0,5663.7,221,0,0,0,0
"6677",2023-09-24,4,20,5565.7,220,0,0,25.8616438356164,0,0,5663.7,221,0,0,0,0
"6678",2023-09-24,4,25,5663.7,219,0,0,25.8616438356164,0,0,5663.7,221,0,0,0,0
"6679",2023-09-24,4,30,5663.7,219,0,0,25.8616438356164,0,0,5663.7,221,0,0,0,0
"6680",2023-09-24,4,35,5380.7,217,0,0,25.8616438356164,0,0,5663.7,221,0,0,0,0
"6681",2023-09-24,4,40,5380.7,217,0,0,25.8616438356164,0,0,5663.7,221,0,0,0,0
"6682",2023-09-24,4,45,5380.7,217,0,0,25.8616438356164,0,0,5663.7,221,0,0,0,0
"6683",2023-09-24,4,50,5380.7,217,0,0,25.8616438356164,0,0,5663.7,221,0,0,0,0
"6684",2023-09-24,4,55,5377,216,0,0,25.8616438356164,0,0,5663.7,221,0,0,0,0
"6685",2023-09-24,5,0,5317,215,0,0,25.912037037037,0,0,5597,216,0,0,0,0
"6686",2023-09-24,5,5,5417,215,0,0,25.912037037037,0,0,5597,216,0,0,0,0
"6687",2023-09-24,5,10,5597,216,0,0,25.912037037037,0,0,5597,216,0,0,0,0
"6688",2023-09-24,5,15,5597,216,0,0,25.912037037037,0,0,5597,216,0,0,0,0
"6689",2023-09-24,5,20,5597,216,0,0,25.912037037037,0,0,5597,216,0,0,0,0
"6690",2023-09-24,5,25,5597,216,0,0,25.912037037037,0,0,5597,216,0,0,0,0
"6691",2023-09-24,5,30,5597,216,0,0,25.912037037037,0,0,5597,216,0,0,0,0
"6692",2023-09-24,5,35,5497,216,0,0,25.912037037037,0,0,5597,216,0,0,0,0
"6693",2023-09-24,5,40,5497,216,0,0,25.912037037037,0,0,5597,216,0,0,0,0
"6694",2023-09-24,5,45,5295,214,0,0,25.912037037037,0,0,5597,216,0,0,0,0
"6695",2023-09-24,5,50,5273,213,0,0,25.912037037037,0,0,5597,216,0,0,0,0
"6696",2023-09-24,5,55,5251,212,0,0,25.912037037037,0,0,5597,216,0,0,0,0
"6697",2023-09-24,6,0,5251,212,0,0,25.6380952380952,0,0,5390,212,0,0,0,0
"6698",2023-09-24,6,5,5390,212,0,0,25.6380952380952,0,0,5390,212,0,0,0,0
"6699",2023-09-24,6,10,5390,212,0,0,25.6380952380952,0,0,5390,212,0,0,0,0
"6700",2023-09-24,6,15,5390,212,0,0,25.6380952380952,0,0,5390,212,0,0,0,0
"6701",2023-09-24,6,20,5390,212,0,0,25.6380952380952,0,0,5390,212,0,0,0,0
"6702",2023-09-24,6,25,5324,209,0,0,25.6380952380952,0,0,5390,212,0,0,0,0
"6703",2023-09-24,6,30,5384,210,0,0,25.6380952380952,0,0,5390,212,0,0,0,0
"6704",2023-09-24,6,35,5323,208,0,0,25.6380952380952,0,0,5390,212,0,0,0,0
"6705",2023-09-24,6,40,5323,208,0,0,25.6380952380952,0,0,5390,212,0,0,0,0
"6706",2023-09-24,6,45,5241,206,0,0,25.6380952380952,0,0,5390,212,0,0,0,0
"6707",2023-09-24,6,50,5241,206,0,0,25.6380952380952,0,0,5390,212,0,0,0,0
"6708",2023-09-24,6,55,5219,205,0,0,25.6380952380952,0,0,5390,212,0,0,0,0
"6709",2023-09-24,7,0,5219,205,0,0,26.7688442211055,0,0,5327,205,0,0,0,0
"6710",2023-09-24,7,5,5011,202,0,0,26.7688442211055,0,0,5327,205,0,0,0,0
"6711",2023-09-24,7,10,4978,200,0,0,26.7688442211055,0,0,5327,205,0,0,0,0
"6712",2023-09-24,7,15,5000,201,0,0,26.7688442211055,0,0,5327,205,0,0,0,0
"6713",2023-09-24,7,20,5300,201,0,0,26.7688442211055,0,0,5327,205,0,0,0,0
"6714",2023-09-24,7,25,5278,200,0,0,26.7688442211055,0,0,5327,205,0,0,0,0
"6715",2023-09-24,7,30,5278,200,0,0,26.7688442211055,0,0,5327,205,0,0,0,0
"6716",2023-09-24,7,35,5278,200,0,0,26.7688442211055,0,0,5327,205,0,0,0,0
"6717",2023-09-24,7,40,4978,199,0,0,26.7688442211055,0,0,5327,205,0,0,0,0
"6718",2023-09-24,7,45,4978,199,0,0,26.7688442211055,0,0,5327,205,0,0,0,0
"6719",2023-09-24,7,50,5327,199,0,0,26.7688442211055,0,0,5327,205,0,0,0,0
"6720",2023-09-24,7,55,5327,199,0,0,26.7688442211055,0,0,5327,205,0,0,0,0
"6721",2023-09-24,8,0,5327,199,0,0,26.7929292929293,0,0,5327,201,0,0,0,0
"6722",2023-09-24,8,5,5327,199,0,0,26.7929292929293,0,0,5327,201,0,0,0,0
"6723",2023-09-24,8,10,5305,198,0,0,26.7929292929293,0,0,5327,201,0,0,0,0
"6724",2023-09-24,8,15,4978,199,0,0,26.7929292929293,0,0,5327,201,0,0,0,0
"6725",2023-09-24,8,20,4956,198,0,0,26.7929292929293,0,0,5327,201,0,0,0,0
"6726",2023-09-24,8,25,5095,198,0,0,26.7929292929293,0,0,5327,201,0,0,0,0
"6727",2023-09-24,8,30,5095,198,0,0,26.7929292929293,0,0,5327,201,0,0,0,0
"6728",2023-09-24,8,35,5189,201,0,0,26.7929292929293,0,0,5327,201,0,0,0,0
"6729",2023-09-24,8,40,5156,199,0,0,26.7929292929293,0,0,5327,201,0,0,0,0
"6730",2023-09-24,8,45,5106,198,0,0,26.7929292929293,0,0,5327,201,0,0,0,0
"6731",2023-09-24,8,50,5128,199,0,0,26.7929292929293,0,0,5327,201,0,0,0,0
"6732",2023-09-24,8,55,5128,199,0,0,26.7929292929293,0,0,5327,201,0,0,0,0
"6733",2023-09-24,9,0,5156,200,0,0,27.7311827956989,0,0,5628,204,0,0,0,0
"6734",2023-09-24,9,5,5306,202,0,0,27.7311827956989,0,0,5628,204,0,0,0,0
"6735",2023-09-24,9,10,5628,204,0,0,27.7311827956989,0,0,5628,204,0,0,0,0
"6736",2023-09-24,9,15,5628,204,0,0,27.7311827956989,0,0,5628,204,0,0,0,0
"6737",2023-09-24,9,20,5628,204,0,0,27.7311827956989,0,0,5628,204,0,0,0,0
"6738",2023-09-24,9,25,5595,202,0,0,27.7311827956989,0,0,5628,204,0,0,0,0
"6739",2023-09-24,9,30,5423,199,0,0,27.7311827956989,0,0,5628,204,0,0,0,0
"6740",2023-09-24,9,35,5191,190,0,0,27.7311827956989,0,0,5628,204,0,0,0,0
"6741",2023-09-24,9,40,5158,188,0,0,27.7311827956989,0,0,5628,204,0,0,0,0
"6742",2023-09-24,9,45,5180,189,0,0,27.7311827956989,0,0,5628,204,0,0,0,0
"6743",2023-09-24,9,50,5158,186,0,0,27.7311827956989,0,0,5628,204,0,0,0,0
"6744",2023-09-24,9,55,5169,187,0,0,27.7311827956989,0,0,5628,204,0,0,0,0
"6745",2023-09-24,10,0,5363,190,0,0,31.7821782178218,0,0,6481,206,0,0,0,0
"6746",2023-09-24,10,5,5400,191,0,0,31.7821782178218,0,0,6481,206,0,0,0,0
"6747",2023-09-24,10,10,5389,191,0,0,31.7821782178218,0,0,6481,206,0,0,0,0
"6748",2023-09-24,10,15,5528,192,0,0,31.7821782178218,0,0,6481,206,0,0,0,0
"6749",2023-09-24,10,20,5689,193,0,0,31.7821782178218,0,0,6481,206,0,0,0,0
"6750",2023-09-24,10,25,5733,195,0,0,31.7821782178218,0,0,6481,206,0,0,0,0
"6751",2023-09-24,10,30,6164,196,0,0,31.7821782178218,0,0,6481,206,0,0,0,0
"6752",2023-09-24,10,35,6426,203,0,0,31.7821782178218,0,0,6481,206,0,0,0,0
"6753",2023-09-24,10,40,6448,204,0,0,31.7821782178218,0,0,6481,206,0,0,0,0
"6754",2023-09-24,10,45,6481,206,0,0,31.7821782178218,0,0,6481,206,0,0,0,0
"6755",2023-09-24,10,50,6448,204,0,0,31.7821782178218,0,0,6481,206,0,0,0,0
"6756",2023-09-24,10,55,6420,202,0,0,31.7821782178218,0,0,6481,206,0,0,0,0
"6757",2023-09-24,11,0,6731,203,0,0,33.3798076923077,0,0,6943,218,0,0,0,0
"6758",2023-09-24,11,5,6943,209,0,0,33.3798076923077,0,0,6943,218,0,0,0,0
"6759",2023-09-24,11,10,6943,208,0,0,33.3798076923077,0,0,6943,218,0,0,0,0
"6760",2023-09-24,11,15,6398,207,0,0,33.3798076923077,0,0,6943,218,0,0,0,0
"6761",2023-09-24,11,20,6382,204,0,0,33.3798076923077,0,0,6943,218,0,0,0,0
"6762",2023-09-24,11,25,6126,205,0,0,33.3798076923077,0,0,6943,218,0,0,0,0
"6763",2023-09-24,11,30,6148,207,0,0,33.3798076923077,0,0,6943,218,0,0,0,0
"6764",2023-09-24,11,35,6212,211,0,0,33.3798076923077,0,0,6943,218,0,0,0,0
"6765",2023-09-24,11,40,6453,214,0,0,33.3798076923077,0,0,6943,218,0,0,0,0
"6766",2023-09-24,11,45,6606,216,0,0,33.3798076923077,0,0,6943,218,0,0,0,0
"6767",2023-09-24,11,50,6737,217,0,0,33.3798076923077,0,0,6943,218,0,0,0,0
"6768",2023-09-24,11,55,6572,218,0,0,33.3798076923077,0,0,6943,218,0,0,0,0
"6769",2023-09-24,12,0,6986,222,0,0,32.0236220472441,0,0,8134,254,0,0,0,0
"6770",2023-09-24,12,5,7263,234,0,0,32.0236220472441,0,0,8134,254,0,0,0,0
"6771",2023-09-24,12,10,7285,235,0,0,32.0236220472441,0,0,8134,254,0,0,0,0
"6772",2023-09-24,12,15,7063,233,0,0,32.0236220472441,0,0,8134,254,0,0,0,0
"6773",2023-09-24,12,20,7062,232,0,0,32.0236220472441,0,0,8134,254,0,0,0,0
"6774",2023-09-24,12,25,7123,233,0,0,32.0236220472441,0,0,8134,254,0,0,0,0
"6775",2023-09-24,12,30,7210,237,0,0,32.0236220472441,0,0,8134,254,0,0,0,0
"6776",2023-09-24,12,35,7404,241,0,0,32.0236220472441,0,0,8134,254,0,0,0,0
"6777",2023-09-24,12,40,7598,243,0,0,32.0236220472441,0,0,8134,254,0,0,0,0
"6778",2023-09-24,12,45,7708,248,0,0,32.0236220472441,0,0,8134,254,0,0,0,0
"6779",2023-09-24,12,50,8074,254,0,0,32.0236220472441,0,0,8134,254,0,0,0,0
"6780",2023-09-24,12,55,8134,254,0,0,32.0236220472441,0,0,8134,254,0,0,0,0
"6781",2023-09-24,13,20,9227,268,0,0,35.4868913857678,0,0,9839,292,0,0,0,0
"6782",2023-09-24,13,25,9054,272,0,0,35.4868913857678,0,0,9839,292,0,0,0,0
"6783",2023-09-24,13,30,8920,275,0,0,35.4868913857678,0,0,9839,292,0,0,0,0
"6784",2023-09-24,13,35,9346,288,0,0,35.4868913857678,0,0,9839,292,0,0,0,0
"6785",2023-09-24,13,40,9317,290,0,0,35.4868913857678,0,0,9839,292,0,0,0,0
"6786",2023-09-24,13,45,9839,291,0,0,35.4868913857678,0,0,9839,292,0,0,0,0
"6787",2023-09-24,13,50,9369,290,0,0,35.4868913857678,0,0,9839,292,0,0,0,0
"6788",2023-09-24,13,55,9345,292,0,0,35.4868913857678,0,0,9839,292,0,0,0,0
"6789",2023-09-24,13,0,8279,256,0,0,35.4868913857678,0,0,9839,292,0,0,0,0
"6790",2023-09-24,13,5,9160,267,0,0,35.4868913857678,0,0,9839,292,0,0,0,0
"6791",2023-09-24,13,10,9453,267,0,0,35.4868913857678,0,0,9839,292,0,0,0,0
"6792",2023-09-24,13,15,9475,267,0,0,35.4868913857678,0,0,9839,292,0,0,0,0
"6793",2023-09-24,14,0,9329,289,0,0,32.8095238095238,0,0,9646,298,0,0,0,0
"6794",2023-09-24,14,5,9646,294,0,0,32.8095238095238,0,0,9646,298,0,0,0,0
"6795",2023-09-24,14,10,9460,294,0,0,32.8095238095238,0,0,9646,298,0,0,0,0
"6796",2023-09-24,14,15,9260,294,0,0,32.8095238095238,0,0,9646,298,0,0,0,0
"6797",2023-09-24,14,20,9598,298,0,0,32.8095238095238,0,0,9646,298,0,0,0,0
"6798",2023-09-24,14,25,8734,285,0,0,32.8095238095238,0,0,9646,298,0,0,0,0
"6799",2023-09-24,14,30,8324,282,0,0,32.8095238095238,0,0,9646,298,0,0,0,0
"6800",2023-09-24,14,35,9054,288,0,0,32.8095238095238,0,0,9646,298,0,0,0,0
"6801",2023-09-24,14,40,9087,289,0,0,32.8095238095238,0,0,9646,298,0,0,0,0
"6802",2023-09-24,14,45,9168,297,0,0,32.8095238095238,0,0,9646,298,0,0,0,0
"6803",2023-09-24,14,50,8827,296,0,0,32.8095238095238,0,0,9646,298,0,0,0,0
"6804",2023-09-24,14,55,8965,296,0,0,32.8095238095238,0,0,9646,298,0,0,0,0
"6805",2023-09-24,15,0,9445,297,0,0,32.4019933554817,0,0,9753,308,0,0,0,0
"6806",2023-09-24,15,5,8603,282,0,0,32.4019933554817,0,0,9753,308,0,0,0,0
"6807",2023-09-24,15,10,8589,286,0,0,32.4019933554817,0,0,9753,308,0,0,0,0
"6808",2023-09-24,15,15,8958,292,0,0,32.4019933554817,0,0,9753,308,0,0,0,0
"6809",2023-09-24,15,20,9292,299,0,0,32.4019933554817,0,0,9753,308,0,0,0,0
"6810",2023-09-24,15,25,9375,302,0,0,32.4019933554817,0,0,9753,308,0,0,0,0
"6811",2023-09-24,15,30,9753,301,0,0,32.4019933554817,0,0,9753,308,0,0,0,0
"6812",2023-09-24,15,35,9704,302,0,0,32.4019933554817,0,0,9753,308,0,0,0,0
"6813",2023-09-24,15,40,8227,300,0,0,32.4019933554817,0,0,9753,308,0,0,0,0
"6814",2023-09-24,15,45,8888,304,0,0,32.4019933554817,0,0,9753,308,0,0,0,0
"6815",2023-09-24,15,50,8914,308,0,0,32.4019933554817,0,0,9753,308,0,0,0,0
"6816",2023-09-24,15,55,8872,306,0,0,32.4019933554817,0,0,9753,308,0,0,0,0
"6817",2023-09-24,16,0,8786,309,0,0,33.358024691358,0,0,10808,327,0,0,0,0
"6818",2023-09-24,16,5,9540,320,0,0,33.358024691358,0,0,10808,327,0,0,0,0
"6819",2023-09-24,16,10,10115,326,0,0,33.358024691358,0,0,10808,327,0,0,0,0
"6820",2023-09-24,16,15,10265,327,0,0,33.358024691358,0,0,10808,327,0,0,0,0
"6821",2023-09-24,16,20,9844,321,0,0,33.358024691358,0,0,10808,327,0,0,0,0
"6822",2023-09-24,16,25,8880,318,0,0,33.358024691358,0,0,10808,327,0,0,0,0
"6823",2023-09-24,16,30,9112,323,0,0,33.358024691358,0,0,10808,327,0,0,0,0
"6824",2023-09-24,16,35,9157,320,0,0,33.358024691358,0,0,10808,327,0,0,0,0
"6825",2023-09-24,16,40,8764,313,0,0,33.358024691358,0,0,10808,327,0,0,0,0
"6826",2023-09-24,16,45,9578,313,0,0,33.358024691358,0,0,10808,327,0,0,0,0
"6827",2023-09-24,16,50,10065,320,0,0,33.358024691358,0,0,10808,327,0,0,0,0
"6828",2023-09-24,16,55,10808,324,0,0,33.358024691358,0,0,10808,327,0,0,0,0
"6829",2023-09-24,17,0,9994,318,0,0,32.0425531914894,0,0,10542,329,0,0,0,0
"6830",2023-09-24,17,5,10542,329,0,0,32.0425531914894,0,0,10542,329,0,0,0,0
"6831",2023-09-24,17,10,10098,324,0,0,32.0425531914894,0,0,10542,329,0,0,0,0
"6832",2023-09-24,17,15,9375,320,0,0,32.0425531914894,0,0,10542,329,0,0,0,0
"6833",2023-09-24,17,20,8848,314,0,0,32.0425531914894,0,0,10542,329,0,0,0,0
"6834",2023-09-24,17,25,8367,313,0,0,32.0425531914894,0,0,10542,329,0,0,0,0
"6835",2023-09-24,17,30,7979,308,0,0,32.0425531914894,0,0,10542,329,0,0,0,0
"6836",2023-09-24,17,35,7780,308,0,0,32.0425531914894,0,0,10542,329,0,0,0,0
"6837",2023-09-24,17,40,7426,260,0,0,32.0425531914894,0,0,10542,329,0,0,0,0
"6838",2023-09-24,17,45,8181,309,0,0,32.0425531914894,0,0,10542,329,0,0,0,0
"6839",2023-09-24,17,50,8678,306,0,0,32.0425531914894,0,0,10542,329,0,0,0,0
"6840",2023-09-24,17,55,9201,308,0,0,32.0425531914894,0,0,10542,329,0,0,0,0
"6841",2023-09-24,18,0,8509,304,0,0,27.9901315789474,0,0,8509,306,0,0,0,0
"6842",2023-09-24,18,5,8219,306,0,0,27.9901315789474,0,0,8509,306,0,0,0,0
"6843",2023-09-24,18,10,8103,304,0,0,27.9901315789474,0,0,8509,306,0,0,0,0
"6844",2023-09-24,18,15,7443,302,0,0,27.9901315789474,0,0,8509,306,0,0,0,0
"6845",2023-09-24,18,20,7454,303,0,0,27.9901315789474,0,0,8509,306,0,0,0,0
"6846",2023-09-24,18,25,7765,306,0,0,27.9901315789474,0,0,8509,306,0,0,0,0
"6847",2023-09-24,18,30,7971,303,0,0,27.9901315789474,0,0,8509,306,0,0,0,0
"6848",2023-09-24,18,35,7834,295,0,0,27.9901315789474,0,0,8509,306,0,0,0,0
"6849",2023-09-24,18,40,7320,286,0,0,27.9901315789474,0,0,8509,306,0,0,0,0
"6850",2023-09-24,18,45,7471,289,0,0,27.9901315789474,0,0,8509,306,0,0,0,0
"6851",2023-09-24,18,50,7476,290,0,0,27.9901315789474,0,0,8509,306,0,0,0,0
"6852",2023-09-24,18,55,7465,289,0,0,27.9901315789474,0,0,8509,306,0,0,0,0
"6853",2023-09-24,19,50,8164,275,0,0,29.7335766423358,0,0,8198,294,0,0,0,0
"6854",2023-09-24,19,55,8147,274,0,0,29.7335766423358,0,0,8198,294,0,0,0,0
"6855",2023-09-24,19,0,7603,294,0,0,29.7335766423358,0,0,8198,294,0,0,0,0
"6856",2023-09-24,19,5,7150,282,0,0,29.7335766423358,0,0,8198,294,0,0,0,0
"6857",2023-09-24,19,10,7422,279,0,0,29.7335766423358,0,0,8198,294,0,0,0,0
"6858",2023-09-24,19,15,7315,279,0,0,29.7335766423358,0,0,8198,294,0,0,0,0
"6859",2023-09-24,19,20,7666,282,0,0,29.7335766423358,0,0,8198,294,0,0,0,0
"6860",2023-09-24,19,25,7611,279,0,0,29.7335766423358,0,0,8198,294,0,0,0,0
"6861",2023-09-24,19,30,8198,281,0,0,29.7335766423358,0,0,8198,294,0,0,0,0
"6862",2023-09-24,19,35,8173,277,0,0,29.7335766423358,0,0,8198,294,0,0,0,0
"6863",2023-09-24,19,40,7847,277,0,0,29.7335766423358,0,0,8198,294,0,0,0,0
"6864",2023-09-24,19,45,7603,274,0,0,29.7335766423358,0,0,8198,294,0,0,0,0
"6865",2023-09-24,20,0,7737,268,0,0,31.1690839694656,0,0,8166.3,269,0,0,0,0
"6866",2023-09-24,20,5,7780,263,0,0,31.1690839694656,0,0,8166.3,269,0,0,0,0
"6867",2023-09-24,20,10,7518,261,0,0,31.1690839694656,0,0,8166.3,269,0,0,0,0
"6868",2023-09-24,20,15,7448,262,0,0,31.1690839694656,0,0,8166.3,269,0,0,0,0
"6869",2023-09-24,20,20,7853.3,269,0,0,31.1690839694656,0,0,8166.3,269,0,0,0,0
"6870",2023-09-24,20,25,7945.3,266,0,0,31.1690839694656,0,0,8166.3,269,0,0,0,0
"6871",2023-09-24,20,30,7667.3,266,0,0,31.1690839694656,0,0,8166.3,269,0,0,0,0
"6872",2023-09-24,20,35,7488.3,264,0,0,31.1690839694656,0,0,8166.3,269,0,0,0,0
"6873",2023-09-24,20,40,7327.3,262,0,0,31.1690839694656,0,0,8166.3,269,0,0,0,0
"6874",2023-09-24,20,45,7588.3,262,0,0,31.1690839694656,0,0,8166.3,269,0,0,0,0
"6875",2023-09-24,20,50,8166.3,262,0,0,31.1690839694656,0,0,8166.3,269,0,0,0,0
"6876",2023-09-24,20,55,7986.3,261,0,0,31.1690839694656,0,0,8166.3,269,0,0,0,0
"6877",2023-09-24,21,55,6436.3,233,0,0,30.2857692307692,0,0,7874.3,260,0,0,0,0
"6878",2023-09-24,21,0,7874.3,260,0,0,30.2857692307692,0,0,7874.3,260,0,0,0,0
"6879",2023-09-24,21,5,6365.3,247,0,0,30.2857692307692,0,0,7874.3,260,0,0,0,0
"6880",2023-09-24,21,10,6587.3,249,0,0,30.2857692307692,0,0,7874.3,260,0,0,0,0
"6881",2023-09-24,21,15,6587.3,249,0,0,30.2857692307692,0,0,7874.3,260,0,0,0,0
"6882",2023-09-24,21,20,6221.3,245,0,0,30.2857692307692,0,0,7874.3,260,0,0,0,0
"6883",2023-09-24,21,25,6565.3,246,0,0,30.2857692307692,0,0,7874.3,260,0,0,0,0
"6884",2023-09-24,21,30,6763.3,246,0,0,30.2857692307692,0,0,7874.3,260,0,0,0,0
"6885",2023-09-24,21,35,6963.3,239,0,0,30.2857692307692,0,0,7874.3,260,0,0,0,0
"6886",2023-09-24,21,40,6977.3,235,0,0,30.2857692307692,0,0,7874.3,260,0,0,0,0
"6887",2023-09-24,21,45,6475.3,232,0,0,30.2857692307692,0,0,7874.3,260,0,0,0,0
"6888",2023-09-24,21,50,6392.3,230,0,0,30.2857692307692,0,0,7874.3,260,0,0,0,0
"6889",2023-09-24,22,0,6170.3,229,0,0,33.024882629108,0,0,7125.3,229,0,0,0,0
"6890",2023-09-24,22,5,6845.3,227,0,0,33.024882629108,0,0,7125.3,229,0,0,0,0
"6891",2023-09-24,22,10,6801.3,225,0,0,33.024882629108,0,0,7125.3,229,0,0,0,0
"6892",2023-09-24,22,15,6462.3,224,0,0,33.024882629108,0,0,7125.3,229,0,0,0,0
"6893",2023-09-24,22,20,6968.3,227,0,0,33.024882629108,0,0,7125.3,229,0,0,0,0
"6894",2023-09-24,22,25,6902.3,223,0,0,33.024882629108,0,0,7125.3,229,0,0,0,0
"6895",2023-09-24,22,30,7125.3,221,0,0,33.024882629108,0,0,7125.3,229,0,0,0,0
"6896",2023-09-24,22,35,6756.3,213,0,0,33.024882629108,0,0,7125.3,229,0,0,0,0
"6897",2023-09-24,22,40,7034.3,213,0,0,33.024882629108,0,0,7125.3,229,0,0,0,0
"6898",2023-09-24,22,45,6696.3,213,0,0,33.024882629108,0,0,7125.3,229,0,0,0,0
"6899",2023-09-24,22,50,6780.3,211,0,0,33.024882629108,0,0,7125.3,229,0,0,0,0
"6900",2023-09-24,22,55,6458.3,209,0,0,33.024882629108,0,0,7125.3,229,0,0,0,0
"6901",2023-09-24,23,0,6469.3,210,0,0,30.8061904761905,0,0,6469.3,210,0,0,0,0
"6902",2023-09-24,23,5,5016.3,191,0,0,30.8061904761905,0,0,6469.3,210,0,0,0,0
"6903",2023-09-24,23,10,4693.3,184,0,0,30.8061904761905,0,0,6469.3,210,0,0,0,0
"6904",2023-09-24,23,15,4865.3,185,0,0,30.8061904761905,0,0,6469.3,210,0,0,0,0
"6905",2023-09-24,23,20,4837.3,185,0,0,30.8061904761905,0,0,6469.3,210,0,0,0,0
"6906",2023-09-24,23,25,5415.3,186,0,0,30.8061904761905,0,0,6469.3,210,0,0,0,0
"6907",2023-09-24,23,30,5475.3,186,0,0,30.8061904761905,0,0,6469.3,210,0,0,0,0
"6908",2023-09-24,23,35,4989.3,177,0,0,30.8061904761905,0,0,6469.3,210,0,0,0,0
"6909",2023-09-24,23,40,4945.3,175,0,0,30.8061904761905,0,0,6469.3,210,0,0,0,0
"6910",2023-09-24,23,45,4759.3,171,0,0,30.8061904761905,0,0,6469.3,210,0,0,0,0
"6911",2023-09-24,23,50,4781.3,172,0,0,30.8061904761905,0,0,6469.3,210,0,0,0,0
"6912",2023-09-24,23,55,4715.3,168,0,0,30.8061904761905,0,0,6469.3,210,0,0,0,0
"6913",2023-09-25,0,0,6920.7,223,0,0,31.0345291479821,0,0,6920.7,223,0,0,0,0
"6914",2023-09-25,0,5,6649.7,220,0,0,31.0345291479821,0,0,6920.7,223,0,0,0,0
"6915",2023-09-25,0,10,6488.7,219,0,0,31.0345291479821,0,0,6920.7,223,0,0,0,0
"6916",2023-09-25,0,15,6368.7,219,0,0,31.0345291479821,0,0,6920.7,223,0,0,0,0
"6917",2023-09-25,0,20,6496.7,219,0,0,31.0345291479821,0,0,6920.7,223,0,0,0,0
"6918",2023-09-25,0,25,6343.7,216,0,0,31.0345291479821,0,0,6920.7,223,0,0,0,0
"6919",2023-09-25,0,30,6149.7,213,0,0,31.0345291479821,0,0,6920.7,223,0,0,0,0
"6920",2023-09-25,0,35,5822.7,207,0,0,31.0345291479821,0,0,6920.7,223,0,0,0,0
"6921",2023-09-25,0,40,5833.7,208,0,0,31.0345291479821,0,0,6920.7,223,0,0,0,0
"6922",2023-09-25,0,45,5877.7,210,0,0,31.0345291479821,0,0,6920.7,223,0,0,0,0
"6923",2023-09-25,0,50,5844.7,209,0,0,31.0345291479821,0,0,6920.7,223,0,0,0,0
"6924",2023-09-25,0,55,5727.7,204,0,0,31.0345291479821,0,0,6920.7,223,0,0,0,0
"6925",2023-09-25,1,0,5727.7,204,0,0,28.0930348258706,0,0,5727.7,204,0,0,0,0
"6926",2023-09-25,1,5,5646.7,201,0,0,28.0930348258706,0,0,5727.7,204,0,0,0,0
"6927",2023-09-25,1,10,3824.7,194,0,0,28.0930348258706,0,0,5727.7,204,0,0,0,0
"6928",2023-09-25,1,15,3824.7,194,0,0,28.0930348258706,0,0,5727.7,204,0,0,0,0
"6929",2023-09-25,1,20,3813.7,193,0,0,28.0930348258706,0,0,5727.7,204,0,0,0,0
"6930",2023-09-25,1,25,3881.7,193,0,0,28.0930348258706,0,0,5727.7,204,0,0,0,0
"6931",2023-09-25,1,30,3881.7,193,0,0,28.0930348258706,0,0,5727.7,204,0,0,0,0
"6932",2023-09-25,1,35,3745.7,188,0,0,28.0930348258706,0,0,5727.7,204,0,0,0,0
"6933",2023-09-25,1,40,3745.7,188,0,0,28.0930348258706,0,0,5727.7,204,0,0,0,0
"6934",2023-09-25,1,45,3817.7,190,0,0,28.0930348258706,0,0,5727.7,204,0,0,0,0
"6935",2023-09-25,1,50,3817.7,190,0,0,28.0930348258706,0,0,5727.7,204,0,0,0,0
"6936",2023-09-25,1,55,3817.7,190,0,0,28.0930348258706,0,0,5727.7,204,0,0,0,0
"6937",2023-09-25,2,0,3381.3,146,0,0,23.9224637681159,0,0,3381.3,146,0,0,0,0
"6938",2023-09-25,2,5,3370.3,145,0,0,23.9224637681159,0,0,3381.3,146,0,0,0,0
"6939",2023-09-25,2,10,3370.3,145,0,0,23.9224637681159,0,0,3381.3,146,0,0,0,0
"6940",2023-09-25,2,15,3239.3,143,0,0,23.9224637681159,0,0,3381.3,146,0,0,0,0
"6941",2023-09-25,2,20,3217.3,142,0,0,23.9224637681159,0,0,3381.3,146,0,0,0,0
"6942",2023-09-25,2,25,3206.3,141,0,0,23.9224637681159,0,0,3381.3,146,0,0,0,0
"6943",2023-09-25,2,30,3189,140,0,0,23.9224637681159,0,0,3381.3,146,0,0,0,0
"6944",2023-09-25,2,35,3039,139,0,0,23.9224637681159,0,0,3381.3,146,0,0,0,0
"6945",2023-09-25,2,40,3006,137,0,0,23.9224637681159,0,0,3381.3,146,0,0,0,0
"6946",2023-09-25,2,45,3323.3,139,0,0,23.9224637681159,0,0,3381.3,146,0,0,0,0
"6947",2023-09-25,2,50,3301.3,138,0,0,23.9224637681159,0,0,3381.3,146,0,0,0,0
"6948",2023-09-25,2,55,3301.3,138,0,0,23.9224637681159,0,0,3381.3,146,0,0,0,0
"6949",2023-09-25,3,0,3001.3,137,0,0,24.0316176470588,0,0,3301.3,138,0,0,0,0
"6950",2023-09-25,3,5,3301.3,138,0,0,24.0316176470588,0,0,3301.3,138,0,0,0,0
"6951",2023-09-25,3,10,3301.3,138,0,0,24.0316176470588,0,0,3301.3,138,0,0,0,0
"6952",2023-09-25,3,15,3290.3,137,0,0,24.0316176470588,0,0,3301.3,138,0,0,0,0
"6953",2023-09-25,3,20,3268.3,136,0,0,24.0316176470588,0,0,3301.3,138,0,0,0,0
"6954",2023-09-25,3,25,2990.3,136,0,0,24.0316176470588,0,0,3301.3,138,0,0,0,0
"6955",2023-09-25,3,30,2968.3,135,0,0,24.0316176470588,0,0,3301.3,138,0,0,0,0
"6956",2023-09-25,3,35,2988.3,136,0,0,24.0316176470588,0,0,3301.3,138,0,0,0,0
"6957",2023-09-25,3,40,2988.3,136,0,0,24.0316176470588,0,0,3301.3,138,0,0,0,0
"6958",2023-09-25,3,45,3010.3,137,0,0,24.0316176470588,0,0,3301.3,138,0,0,0,0
"6959",2023-09-25,3,50,3010.3,137,0,0,24.0316176470588,0,0,3301.3,138,0,0,0,0
"6960",2023-09-25,3,55,3010.3,137,0,0,24.0316176470588,0,0,3301.3,138,0,0,0,0
"6961",2023-09-25,4,0,3010.3,136,0,0,24.6198529411765,0,0,3348.3,136,0,0,0,0
"6962",2023-09-25,4,5,3010.3,136,0,0,24.6198529411765,0,0,3348.3,136,0,0,0,0
"6963",2023-09-25,4,10,3010.3,136,0,0,24.6198529411765,0,0,3348.3,136,0,0,0,0
"6964",2023-09-25,4,15,3010.3,136,0,0,24.6198529411765,0,0,3348.3,136,0,0,0,0
"6965",2023-09-25,4,20,3010.3,136,0,0,24.6198529411765,0,0,3348.3,136,0,0,0,0
"6966",2023-09-25,4,25,3299.3,136,0,0,24.6198529411765,0,0,3348.3,136,0,0,0,0
"6967",2023-09-25,4,30,3299.3,136,0,0,24.6198529411765,0,0,3348.3,136,0,0,0,0
"6968",2023-09-25,4,35,3288.3,135,0,0,24.6198529411765,0,0,3348.3,136,0,0,0,0
"6969",2023-09-25,4,40,3288.3,135,0,0,24.6198529411765,0,0,3348.3,136,0,0,0,0
"6970",2023-09-25,4,45,3348.3,136,0,0,24.6198529411765,0,0,3348.3,136,0,0,0,0
"6971",2023-09-25,4,50,3348.3,136,0,0,24.6198529411765,0,0,3348.3,136,0,0,0,0
"6972",2023-09-25,4,55,3348.3,136,0,0,24.6198529411765,0,0,3348.3,136,0,0,0,0
"6973",2023-09-25,5,0,3337.3,135,0,0,25.6688888888889,0,0,3487.3,136,0,0,0,0
"6974",2023-09-25,5,5,3359.3,136,0,0,25.6688888888889,0,0,3487.3,136,0,0,0,0
"6975",2023-09-25,5,10,3359.3,136,0,0,25.6688888888889,0,0,3487.3,136,0,0,0,0
"6976",2023-09-25,5,15,3359.3,136,0,0,25.6688888888889,0,0,3487.3,136,0,0,0,0
"6977",2023-09-25,5,20,3359.3,136,0,0,25.6688888888889,0,0,3487.3,136,0,0,0,0
"6978",2023-09-25,5,25,3337.3,135,0,0,25.6688888888889,0,0,3487.3,136,0,0,0,0
"6979",2023-09-25,5,30,3337.3,135,0,0,25.6688888888889,0,0,3487.3,136,0,0,0,0
"6980",2023-09-25,5,35,3487.3,136,0,0,25.6688888888889,0,0,3487.3,136,0,0,0,0
"6981",2023-09-25,5,40,3487.3,136,0,0,25.6688888888889,0,0,3487.3,136,0,0,0,0
"6982",2023-09-25,5,45,3487.3,136,0,0,25.6688888888889,0,0,3487.3,136,0,0,0,0
"6983",2023-09-25,5,50,3465.3,135,0,0,25.6688888888889,0,0,3487.3,136,0,0,0,0
"6984",2023-09-25,5,55,3487.3,136,0,0,25.6688888888889,0,0,3487.3,136,0,0,0,0
"6985",2023-09-25,6,0,3487.3,136,0,0,25.6688888888889,0,0,3487.3,136,0,0,0,0
"6986",2023-09-25,6,5,3487.3,136,0,0,25.6688888888889,0,0,3487.3,136,0,0,0,0
"6987",2023-09-25,6,10,3487.3,136,0,0,25.6688888888889,0,0,3487.3,136,0,0,0,0
"6988",2023-09-25,6,15,3487.3,136,0,0,25.6688888888889,0,0,3487.3,136,0,0,0,0
"6989",2023-09-25,6,20,3465.3,135,0,0,25.6688888888889,0,0,3487.3,136,0,0,0,0
"6990",2023-09-25,6,25,3465.3,135,0,0,25.6688888888889,0,0,3487.3,136,0,0,0,0
"6991",2023-09-25,6,30,3465.3,135,0,0,25.6688888888889,0,0,3487.3,136,0,0,0,0
"6992",2023-09-25,6,35,3383.3,133,0,0,25.6688888888889,0,0,3487.3,136,0,0,0,0
"6993",2023-09-25,6,40,3383.3,133,0,0,25.6688888888889,0,0,3487.3,136,0,0,0,0
"6994",2023-09-25,6,45,3383.3,133,0,0,25.6688888888889,0,0,3487.3,136,0,0,0,0
"6995",2023-09-25,6,50,3383.3,133,0,0,25.6688888888889,0,0,3487.3,136,0,0,0,0
"6996",2023-09-25,6,55,3405.3,134,0,0,25.6688888888889,0,0,3487.3,136,0,0,0,0
"6997",2023-09-25,7,0,3405.3,134,0,0,25.4126865671642,0,0,3427.3,138,0,0,0,0
"6998",2023-09-25,7,5,3427.3,135,0,0,25.4126865671642,0,0,3427.3,138,0,0,0,0
"6999",2023-09-25,7,10,3427.3,135,0,0,25.4126865671642,0,0,3427.3,138,0,0,0,0
"7000",2023-09-25,7,15,3427.3,135,0,0,25.4126865671642,0,0,3427.3,138,0,0,0,0
"7001",2023-09-25,7,20,3427.3,135,0,0,25.4126865671642,0,0,3427.3,138,0,0,0,0
"7002",2023-09-25,7,25,3127.3,134,0,0,25.4126865671642,0,0,3427.3,138,0,0,0,0
"7003",2023-09-25,7,30,3095.3,133,0,0,25.4126865671642,0,0,3427.3,138,0,0,0,0
"7004",2023-09-25,7,35,3117.3,134,0,0,25.4126865671642,0,0,3427.3,138,0,0,0,0
"7005",2023-09-25,7,40,3183.3,137,0,0,25.4126865671642,0,0,3427.3,138,0,0,0,0
"7006",2023-09-25,7,45,3117.3,134,0,0,25.4126865671642,0,0,3427.3,138,0,0,0,0
"7007",2023-09-25,7,50,3139.3,135,0,0,25.4126865671642,0,0,3427.3,138,0,0,0,0
"7008",2023-09-25,7,55,3194.3,138,0,0,25.4126865671642,0,0,3427.3,138,0,0,0,0
"7009",2023-09-25,8,0,3418.3,141,0,0,27.3516666666667,0,0,5050.3,185,0,0,0,0
"7010",2023-09-25,8,5,3501.3,144,0,0,27.3516666666667,0,0,5050.3,185,0,0,0,0
"7011",2023-09-25,8,10,3545.3,146,0,0,27.3516666666667,0,0,5050.3,185,0,0,0,0
"7012",2023-09-25,8,15,3578.3,147,0,0,27.3516666666667,0,0,5050.3,185,0,0,0,0
"7013",2023-09-25,8,20,3644.3,151,0,0,27.3516666666667,0,0,5050.3,185,0,0,0,0
"7014",2023-09-25,8,25,3644.3,151,0,0,27.3516666666667,0,0,5050.3,185,0,0,0,0
"7015",2023-09-25,8,30,3804.3,157,0,0,27.3516666666667,0,0,5050.3,185,0,0,0,0
"7016",2023-09-25,8,35,4524.3,173,0,0,27.3516666666667,0,0,5050.3,185,0,0,0,0
"7017",2023-09-25,8,40,4388.3,175,0,0,27.3516666666667,0,0,5050.3,185,0,0,0,0
"7018",2023-09-25,8,45,4923.3,180,0,0,27.3516666666667,0,0,5050.3,185,0,0,0,0
"7019",2023-09-25,8,50,5028.3,184,0,0,27.3516666666667,0,0,5050.3,185,0,0,0,0
"7020",2023-09-25,8,55,5050.3,185,0,0,27.3516666666667,0,0,5050.3,185,0,0,0,0
"7021",2023-09-25,9,0,5094.3,188,0,0,29.362100456621,0,0,6593.3,253,0,0,0,0
"7022",2023-09-25,9,5,5776.3,201,0,0,29.362100456621,0,0,6593.3,253,0,0,0,0
"7023",2023-09-25,9,10,6430.3,219,0,0,29.362100456621,0,0,6593.3,253,0,0,0,0
"7024",2023-09-25,9,15,6385.3,221,0,0,29.362100456621,0,0,6593.3,253,0,0,0,0
"7025",2023-09-25,9,20,6129.3,224,0,0,29.362100456621,0,0,6593.3,253,0,0,0,0
"7026",2023-09-25,9,25,6353.3,227,0,0,29.362100456621,0,0,6593.3,253,0,0,0,0
"7027",2023-09-25,9,30,6483.3,233,0,0,29.362100456621,0,0,6593.3,253,0,0,0,0
"7028",2023-09-25,9,35,6367.3,236,0,0,29.362100456621,0,0,6593.3,253,0,0,0,0
"7029",2023-09-25,9,40,6593.3,245,0,0,29.362100456621,0,0,6593.3,253,0,0,0,0
"7030",2023-09-25,9,45,6370.3,248,0,0,29.362100456621,0,0,6593.3,253,0,0,0,0
"7031",2023-09-25,9,50,6302.3,248,0,0,29.362100456621,0,0,6593.3,253,0,0,0,0
"7032",2023-09-25,9,55,6271.3,253,0,0,29.362100456621,0,0,6593.3,253,0,0,0,0
"7033",2023-09-25,10,0,6414.3,263,0,0,28.2330065359477,0,0,9254.3,335,0,0,0,0
"7034",2023-09-25,10,5,6750.3,272,0,0,28.2330065359477,0,0,9254.3,335,0,0,0,0
"7035",2023-09-25,10,10,7383.3,275,0,0,28.2330065359477,0,0,9254.3,335,0,0,0,0
"7036",2023-09-25,10,15,8069.3,288,0,0,28.2330065359477,0,0,9254.3,335,0,0,0,0
"7037",2023-09-25,10,20,8024.3,292,0,0,28.2330065359477,0,0,9254.3,335,0,0,0,0
"7038",2023-09-25,10,25,8090.3,298,0,0,28.2330065359477,0,0,9254.3,335,0,0,0,0
"7039",2023-09-25,10,30,8639.3,306,0,0,28.2330065359477,0,0,9254.3,335,0,0,0,0
"7040",2023-09-25,10,35,8595.3,325,0,0,28.2330065359477,0,0,9254.3,335,0,0,0,0
"7041",2023-09-25,10,40,9214.3,334,0,0,28.2330065359477,0,0,9254.3,335,0,0,0,0
"7042",2023-09-25,10,45,9205.3,333,0,0,28.2330065359477,0,0,9254.3,335,0,0,0,0
"7043",2023-09-25,10,50,9254.3,335,0,0,28.2330065359477,0,0,9254.3,335,0,0,0,0
"7044",2023-09-25,10,55,8556.3,333,0,0,28.2330065359477,0,0,9254.3,335,0,0,0,0
"7045",2023-09-25,11,0,8611.3,336,0,0,26.8228813559322,0,0,9950.3,371,0,0,0,0
"7046",2023-09-25,11,5,9189.3,355,0,0,26.8228813559322,0,0,9950.3,371,0,0,0,0
"7047",2023-09-25,11,10,9211.3,355,0,0,26.8228813559322,0,0,9950.3,371,0,0,0,0
"7048",2023-09-25,11,15,9250.3,356,0,0,26.8228813559322,0,0,9950.3,371,0,0,0,0
"7049",2023-09-25,11,20,9506.3,355,0,0,26.8228813559322,0,0,9950.3,371,0,0,0,0
"7050",2023-09-25,11,25,9495.3,354,0,0,26.8228813559322,0,0,9950.3,371,0,0,0,0
"7051",2023-09-25,11,30,9490.3,358,0,0,26.8228813559322,0,0,9950.3,371,0,0,0,0
"7052",2023-09-25,11,35,9950.3,371,0,0,26.8228813559322,0,0,9950.3,371,0,0,0,0
"7053",2023-09-25,11,40,9589.3,369,0,0,26.8228813559322,0,0,9950.3,371,0,0,0,0
"7054",2023-09-25,11,45,9322.3,370,0,0,26.8228813559322,0,0,9950.3,371,0,0,0,0
"7055",2023-09-25,11,50,9233.3,370,0,0,26.8228813559322,0,0,9950.3,371,0,0,0,0
"7056",2023-09-25,11,55,9417.3,371,0,0,26.8228813559322,0,0,9950.3,371,0,0,0,0
"7057",2023-09-25,12,0,9505.3,377,0,0,28.4304347826087,0,0,11116.3,398,0,0,0,0
"7058",2023-09-25,12,5,9943.3,384,0,0,28.4304347826087,0,0,11116.3,398,0,0,0,0
"7059",2023-09-25,12,10,9904.3,384,0,0,28.4304347826087,0,0,11116.3,398,0,0,0,0
"7060",2023-09-25,12,15,10053.3,389,0,0,28.4304347826087,0,0,11116.3,398,0,0,0,0
"7061",2023-09-25,12,20,10375.3,392,0,0,28.4304347826087,0,0,11116.3,398,0,0,0,0
"7062",2023-09-25,12,25,10631.3,391,0,0,28.4304347826087,0,0,11116.3,398,0,0,0,0
"7063",2023-09-25,12,30,11116.3,391,0,0,28.4304347826087,0,0,11116.3,398,0,0,0,0
"7064",2023-09-25,12,35,10475.3,391,0,0,28.4304347826087,0,0,11116.3,398,0,0,0,0
"7065",2023-09-25,12,40,11002.3,396,0,0,28.4304347826087,0,0,11116.3,398,0,0,0,0
"7066",2023-09-25,12,45,10972.3,398,0,0,28.4304347826087,0,0,11116.3,398,0,0,0,0
"7067",2023-09-25,12,50,11108.3,396,0,0,28.4304347826087,0,0,11116.3,398,0,0,0,0
"7068",2023-09-25,12,55,10819.3,396,0,0,28.4304347826087,0,0,11116.3,398,0,0,0,0
"7069",2023-09-25,13,0,11300.3,398,0,0,30.4069711538462,0,0,12649.3,418,0,0,0,0
"7070",2023-09-25,13,5,12184.3,413,0,0,30.4069711538462,0,0,12649.3,418,0,0,0,0
"7071",2023-09-25,13,10,12070.3,416,0,0,30.4069711538462,0,0,12649.3,418,0,0,0,0
"7072",2023-09-25,13,15,11800.3,414,0,0,30.4069711538462,0,0,12649.3,418,0,0,0,0
"7073",2023-09-25,13,20,12362.3,416,0,0,30.4069711538462,0,0,12649.3,418,0,0,0,0
"7074",2023-09-25,13,25,12642.3,418,0,0,30.4069711538462,0,0,12649.3,418,0,0,0,0
"7075",2023-09-25,13,30,12649.3,416,0,0,30.4069711538462,0,0,12649.3,418,0,0,0,0
"7076",2023-09-25,13,35,12344.3,412,0,0,30.4069711538462,0,0,12649.3,418,0,0,0,0
"7077",2023-09-25,13,40,12106.3,409,0,0,30.4069711538462,0,0,12649.3,418,0,0,0,0
"7078",2023-09-25,13,45,11904.3,408,0,0,30.4069711538462,0,0,12649.3,418,0,0,0,0
"7079",2023-09-25,13,50,11794.3,402,0,0,30.4069711538462,0,0,12649.3,418,0,0,0,0
"7080",2023-09-25,13,55,11537.3,397,0,0,30.4069711538462,0,0,12649.3,418,0,0,0,0
"7081",2023-09-25,14,0,11279.3,389,0,0,35.2576177285319,0,0,12728,389,0,0,0,0
"7082",2023-09-25,14,5,11178.3,378,0,0,35.2576177285319,0,0,12728,389,0,0,0,0
"7083",2023-09-25,14,10,11385.3,371,0,0,35.2576177285319,0,0,12728,389,0,0,0,0
"7084",2023-09-25,14,15,11647.3,370,0,0,35.2576177285319,0,0,12728,389,0,0,0,0
"7085",2023-09-25,14,20,11401.3,366,0,0,35.2576177285319,0,0,12728,389,0,0,0,0
"7086",2023-09-25,14,25,11279.3,364,0,0,35.2576177285319,0,0,12728,389,0,0,0,0
"7087",2023-09-25,14,30,10931.3,358,0,0,35.2576177285319,0,0,12728,389,0,0,0,0
"7088",2023-09-25,14,35,11787.3,364,0,0,35.2576177285319,0,0,12728,389,0,0,0,0
"7089",2023-09-25,14,40,11742,363,0,0,35.2576177285319,0,0,12728,389,0,0,0,0
"7090",2023-09-25,14,45,12537,366,0,0,35.2576177285319,0,0,12728,389,0,0,0,0
"7091",2023-09-25,14,50,12297,360,0,0,35.2576177285319,0,0,12728,389,0,0,0,0
"7092",2023-09-25,14,55,12728,361,0,0,35.2576177285319,0,0,12728,389,0,0,0,0
"7093",2023-09-25,15,50,12231,375,0,0,36.1052631578947,0,0,13981,390,0,0,0,0
"7094",2023-09-25,15,55,12644,378,0,0,36.1052631578947,0,0,13981,390,0,0,0,0
"7095",2023-09-25,15,15,13363,382,0,0,36.1052631578947,0,0,13981,390,0,0,0,0
"7096",2023-09-25,15,20,13981,390,0,0,36.1052631578947,0,0,13981,390,0,0,0,0
"7097",2023-09-25,15,25,13431,386,0,0,36.1052631578947,0,0,13981,390,0,0,0,0
"7098",2023-09-25,15,30,13002,384,0,0,36.1052631578947,0,0,13981,390,0,0,0,0
"7099",2023-09-25,15,35,13030,378,0,0,36.1052631578947,0,0,13981,390,0,0,0,0
"7100",2023-09-25,15,40,13263,378,0,0,36.1052631578947,0,0,13981,390,0,0,0,0
"7101",2023-09-25,15,45,12979,380,0,0,36.1052631578947,0,0,13981,390,0,0,0,0
"7102",2023-09-25,15,0,12794,365,0,0,36.1052631578947,0,0,13981,390,0,0,0,0
"7103",2023-09-25,15,5,13146,374,0,0,36.1052631578947,0,0,13981,390,0,0,0,0
"7104",2023-09-25,15,10,13720,380,0,0,36.1052631578947,0,0,13981,390,0,0,0,0
"7105",2023-09-25,16,50,11881,375,0,0,33.242819843342,0,0,12732,383,0,0,0,0
"7106",2023-09-25,16,0,12732,383,0,0,33.242819843342,0,0,12732,383,0,0,0,0
"7107",2023-09-25,16,5,12022,374,0,0,33.242819843342,0,0,12732,383,0,0,0,0
"7108",2023-09-25,16,10,12150,373,0,0,33.242819843342,0,0,12732,383,0,0,0,0
"7109",2023-09-25,16,15,12095,370,0,0,33.242819843342,0,0,12732,383,0,0,0,0
"7110",2023-09-25,16,20,12385,375,0,0,33.242819843342,0,0,12732,383,0,0,0,0
"7111",2023-09-25,16,25,12330,376,0,0,33.242819843342,0,0,12732,383,0,0,0,0
"7112",2023-09-25,16,30,12352,376,0,0,33.242819843342,0,0,12732,383,0,0,0,0
"7113",2023-09-25,16,35,11808,371,0,0,33.242819843342,0,0,12732,383,0,0,0,0
"7114",2023-09-25,16,40,11755,375,0,0,33.242819843342,0,0,12732,383,0,0,0,0
"7115",2023-09-25,16,45,11967,371,0,0,33.242819843342,0,0,12732,383,0,0,0,0
"7116",2023-09-25,16,55,12095,373,0,0,33.242819843342,0,0,12732,383,0,0,0,0
"7117",2023-09-25,17,0,11718,369,0,0,31.7560975609756,0,0,11718,375,0,0,0,0
"7118",2023-09-25,17,5,11714,375,0,0,31.7560975609756,0,0,11718,375,0,0,0,0
"7119",2023-09-25,17,10,11261,372,0,0,31.7560975609756,0,0,11718,375,0,0,0,0
"7120",2023-09-25,17,15,11225,368,0,0,31.7560975609756,0,0,11718,375,0,0,0,0
"7121",2023-09-25,17,20,11265,363,0,0,31.7560975609756,0,0,11718,375,0,0,0,0
"7122",2023-09-25,17,25,11188,359,0,0,31.7560975609756,0,0,11718,375,0,0,0,0
"7123",2023-09-25,17,30,10708,357,0,0,31.7560975609756,0,0,11718,375,0,0,0,0
"7124",2023-09-25,17,35,10687,360,0,0,31.7560975609756,0,0,11718,375,0,0,0,0
"7125",2023-09-25,17,40,10379,342,0,0,31.7560975609756,0,0,11718,375,0,0,0,0
"7126",2023-09-25,17,45,10847,366,0,0,31.7560975609756,0,0,11718,375,0,0,0,0
"7127",2023-09-25,17,50,10678,360,0,0,31.7560975609756,0,0,11718,375,0,0,0,0
"7128",2023-09-25,17,55,10478,361,0,0,31.7560975609756,0,0,11718,375,0,0,0,0
"7129",2023-09-25,18,55,10458,332,0,0,31.5,0,0,10912,362,0,0,0,0
"7130",2023-09-25,18,45,10049,334,0,0,31.5,0,0,10912,362,0,0,0,0
"7131",2023-09-25,18,50,10546,335,0,0,31.5,0,0,10912,362,0,0,0,0
"7132",2023-09-25,18,0,10242,358,0,0,31.5,0,0,10912,362,0,0,0,0
"7133",2023-09-25,18,5,10884,362,0,0,31.5,0,0,10912,362,0,0,0,0
"7134",2023-09-25,18,10,10868,360,0,0,31.5,0,0,10912,362,0,0,0,0
"7135",2023-09-25,18,15,10912,358,0,0,31.5,0,0,10912,362,0,0,0,0
"7136",2023-09-25,18,20,10870,358,0,0,31.5,0,0,10912,362,0,0,0,0
"7137",2023-09-25,18,25,10815,356,0,0,31.5,0,0,10912,362,0,0,0,0
"7138",2023-09-25,18,30,10568,350,0,0,31.5,0,0,10912,362,0,0,0,0
"7139",2023-09-25,18,35,10289,333,0,0,31.5,0,0,10912,362,0,0,0,0
"7140",2023-09-25,18,40,10415,337,0,0,31.5,0,0,10912,362,0,0,0,0
"7141",2023-09-25,19,0,10404,330,0,0,36.9968652037618,0,0,11802,330,0,0,0,0
"7142",2023-09-25,19,5,10691,315,0,0,36.9968652037618,0,0,11802,330,0,0,0,0
"7143",2023-09-25,19,10,11802,319,0,0,36.9968652037618,0,0,11802,330,0,0,0,0
"7144",2023-09-25,19,15,11746,323,0,0,36.9968652037618,0,0,11802,330,0,0,0,0
"7145",2023-09-25,19,20,11474,318,0,0,36.9968652037618,0,0,11802,330,0,0,0,0
"7146",2023-09-25,19,25,11053,316,0,0,36.9968652037618,0,0,11802,330,0,0,0,0
"7147",2023-09-25,19,30,10994,310,0,0,36.9968652037618,0,0,11802,330,0,0,0,0
"7148",2023-09-25,19,35,10071,302,0,0,36.9968652037618,0,0,11802,330,0,0,0,0
"7149",2023-09-25,19,40,9767,293,0,0,36.9968652037618,0,0,11802,330,0,0,0,0
"7150",2023-09-25,19,45,9585,292,0,0,36.9968652037618,0,0,11802,330,0,0,0,0
"7151",2023-09-25,19,50,9452,288,0,0,36.9968652037618,0,0,11802,330,0,0,0,0
"7152",2023-09-25,19,55,9160,283,0,0,36.9968652037618,0,0,11802,330,0,0,0,0
"7153",2023-09-25,20,0,9032,284,0,0,33.4265734265734,0,0,9560,292,0,0,0,0
"7154",2023-09-25,20,5,9560,286,0,0,33.4265734265734,0,0,9560,292,0,0,0,0
"7155",2023-09-25,20,10,9408.7,290,0,0,33.4265734265734,0,0,9560,292,0,0,0,0
"7156",2023-09-25,20,15,9156.7,292,0,0,33.4265734265734,0,0,9560,292,0,0,0,0
"7157",2023-09-25,20,20,8403.7,286,0,0,33.4265734265734,0,0,9560,292,0,0,0,0
"7158",2023-09-25,20,25,8304.7,280,0,0,33.4265734265734,0,0,9560,292,0,0,0,0
"7159",2023-09-25,20,30,8399.7,279,0,0,33.4265734265734,0,0,9560,292,0,0,0,0
"7160",2023-09-25,20,35,8874.7,284,0,0,33.4265734265734,0,0,9560,292,0,0,0,0
"7161",2023-09-25,20,40,9028.4,285,0,0,33.4265734265734,0,0,9560,292,0,0,0,0
"7162",2023-09-25,20,45,9293.4,286,0,0,33.4265734265734,0,0,9560,292,0,0,0,0
"7163",2023-09-25,20,50,9316.4,287,0,0,33.4265734265734,0,0,9560,292,0,0,0,0
"7164",2023-09-25,20,55,9322.4,287,0,0,33.4265734265734,0,0,9560,292,0,0,0,0
"7165",2023-09-25,21,0,9116.4,288,0,0,33.7487364620939,0,0,9348.4,290,0,0,0,0
"7166",2023-09-25,21,5,8474.4,281,0,0,33.7487364620939,0,0,9348.4,290,0,0,0,0
"7167",2023-09-25,21,10,8671.4,286,0,0,33.7487364620939,0,0,9348.4,290,0,0,0,0
"7168",2023-09-25,21,15,8943.4,289,0,0,33.7487364620939,0,0,9348.4,290,0,0,0,0
"7169",2023-09-25,21,20,8765.4,289,0,0,33.7487364620939,0,0,9348.4,290,0,0,0,0
"7170",2023-09-25,21,25,8787.4,290,0,0,33.7487364620939,0,0,9348.4,290,0,0,0,0
"7171",2023-09-25,21,30,8907.4,290,0,0,33.7487364620939,0,0,9348.4,290,0,0,0,0
"7172",2023-09-25,21,35,9306.4,286,0,0,33.7487364620939,0,0,9348.4,290,0,0,0,0
"7173",2023-09-25,21,40,9065.4,280,0,0,33.7487364620939,0,0,9348.4,290,0,0,0,0
"7174",2023-09-25,21,45,9060.4,278,0,0,33.7487364620939,0,0,9348.4,290,0,0,0,0
"7175",2023-09-25,21,50,9049.4,277,0,0,33.7487364620939,0,0,9348.4,290,0,0,0,0
"7176",2023-09-25,21,55,9348.4,277,0,0,33.7487364620939,0,0,9348.4,290,0,0,0,0
"7177",2023-09-25,22,0,9206.4,276,0,0,33.3565217391304,0,0,9248.4,278,0,0,0,0
"7178",2023-09-25,22,5,8765.4,274,0,0,33.3565217391304,0,0,9248.4,278,0,0,0,0
"7179",2023-09-25,22,10,9109.4,277,0,0,33.3565217391304,0,0,9248.4,278,0,0,0,0
"7180",2023-09-25,22,15,9248.4,278,0,0,33.3565217391304,0,0,9248.4,278,0,0,0,0
"7181",2023-09-25,22,20,9092.4,274,0,0,33.3565217391304,0,0,9248.4,278,0,0,0,0
"7182",2023-09-25,22,25,8677.4,270,0,0,33.3565217391304,0,0,9248.4,278,0,0,0,0
"7183",2023-09-25,22,30,8306.4,267,0,0,33.3565217391304,0,0,9248.4,278,0,0,0,0
"7184",2023-09-25,22,35,7836.4,259,0,0,33.3565217391304,0,0,9248.4,278,0,0,0,0
"7185",2023-09-25,22,40,8154.7,260,0,0,33.3565217391304,0,0,9248.4,278,0,0,0,0
"7186",2023-09-25,22,45,8110.7,258,0,0,33.3565217391304,0,0,9248.4,278,0,0,0,0
"7187",2023-09-25,22,50,8132.7,259,0,0,33.3565217391304,0,0,9248.4,278,0,0,0,0
"7188",2023-09-25,22,55,8271.7,259,0,0,33.3565217391304,0,0,9248.4,278,0,0,0,0
"7189",2023-09-25,23,25,7034.7,237,0,0,32.0182170542636,0,0,8260.7,258,0,0,0,0
"7190",2023-09-25,23,30,7251.7,233,0,0,32.0182170542636,0,0,8260.7,258,0,0,0,0
"7191",2023-09-25,23,35,6817.7,224,0,0,32.0182170542636,0,0,8260.7,258,0,0,0,0
"7192",2023-09-25,23,40,6898.7,224,0,0,32.0182170542636,0,0,8260.7,258,0,0,0,0
"7193",2023-09-25,23,45,6909.7,223,0,0,32.0182170542636,0,0,8260.7,258,0,0,0,0
"7194",2023-09-25,23,50,6931.7,224,0,0,32.0182170542636,0,0,8260.7,258,0,0,0,0
"7195",2023-09-25,23,55,6942.7,224,0,0,32.0182170542636,0,0,8260.7,258,0,0,0,0
"7196",2023-09-25,23,0,8260.7,258,0,0,32.0182170542636,0,0,8260.7,258,0,0,0,0
"7197",2023-09-25,23,5,7295.7,244,0,0,32.0182170542636,0,0,8260.7,258,0,0,0,0
"7198",2023-09-25,23,10,5279.7,230,0,0,32.0182170542636,0,0,8260.7,258,0,0,0,0
"7199",2023-09-25,23,15,7139.7,240,0,0,32.0182170542636,0,0,8260.7,258,0,0,0,0
"7200",2023-09-25,23,20,7095.7,238,0,0,32.0182170542636,0,0,8260.7,258,0,0,0,0
"7201",2023-09-26,0,0,5465.7,241,0,0,22.7601809954751,0,0,5465.7,241,0,0,0,0
"7202",2023-09-26,0,5,5035.7,234,0,0,22.7601809954751,0,0,5465.7,241,0,0,0,0
"7203",2023-09-26,0,10,5302.7,233,0,0,22.7601809954751,0,0,5465.7,241,0,0,0,0
"7204",2023-09-26,0,15,5042.7,227,0,0,22.7601809954751,0,0,5465.7,241,0,0,0,0
"7205",2023-09-26,0,20,5039,226,0,0,22.7601809954751,0,0,5465.7,241,0,0,0,0
"7206",2023-09-26,0,25,5096,224,0,0,22.7601809954751,0,0,5465.7,241,0,0,0,0
"7207",2023-09-26,0,30,5030,221,0,0,22.7601809954751,0,0,5465.7,241,0,0,0,0
"7208",2023-09-26,0,35,4857,214,0,0,22.7601809954751,0,0,5465.7,241,0,0,0,0
"7209",2023-09-26,0,40,4879,215,0,0,22.7601809954751,0,0,5465.7,241,0,0,0,0
"7210",2023-09-26,0,45,4579,214,0,0,22.7601809954751,0,0,5465.7,241,0,0,0,0
"7211",2023-09-26,0,50,4557,213,0,0,22.7601809954751,0,0,5465.7,241,0,0,0,0
"7212",2023-09-26,0,55,4546,212,0,0,22.7601809954751,0,0,5465.7,241,0,0,0,0
"7213",2023-09-26,1,0,4396,210,0,0,24.8636363636364,0,0,4923,210,0,0,0,0
"7214",2023-09-26,1,5,4412,204,0,0,24.8636363636364,0,0,4923,210,0,0,0,0
"7215",2023-09-26,1,10,4412,204,0,0,24.8636363636364,0,0,4923,210,0,0,0,0
"7216",2023-09-26,1,15,4390,203,0,0,24.8636363636364,0,0,4923,210,0,0,0,0
"7217",2023-09-26,1,20,4396,202,0,0,24.8636363636364,0,0,4923,210,0,0,0,0
"7218",2023-09-26,1,25,4374,201,0,0,24.8636363636364,0,0,4923,210,0,0,0,0
"7219",2023-09-26,1,30,4363,200,0,0,24.8636363636364,0,0,4923,210,0,0,0,0
"7220",2023-09-26,1,35,4345,197,0,0,24.8636363636364,0,0,4923,210,0,0,0,0
"7221",2023-09-26,1,40,4923,198,0,0,24.8636363636364,0,0,4923,210,0,0,0,0
"7222",2023-09-26,1,45,4601,196,0,0,24.8636363636364,0,0,4923,210,0,0,0,0
"7223",2023-09-26,1,50,4301,195,0,0,24.8636363636364,0,0,4923,210,0,0,0,0
"7224",2023-09-26,1,55,4301,195,0,0,24.8636363636364,0,0,4923,210,0,0,0,0
"7225",2023-09-26,2,0,3795.7,189,0,0,20.0830687830688,0,0,3795.7,189,0,0,0,0
"7226",2023-09-26,2,5,3612.7,186,0,0,20.0830687830688,0,0,3795.7,189,0,0,0,0
"7227",2023-09-26,2,10,3568.7,184,0,0,20.0830687830688,0,0,3795.7,189,0,0,0,0
"7228",2023-09-26,2,15,3590.7,185,0,0,20.0830687830688,0,0,3795.7,189,0,0,0,0
"7229",2023-09-26,2,20,3540.7,184,0,0,20.0830687830688,0,0,3795.7,189,0,0,0,0
"7230",2023-09-26,2,25,3540.7,184,0,0,20.0830687830688,0,0,3795.7,189,0,0,0,0
"7231",2023-09-26,2,30,3540.7,184,0,0,20.0830687830688,0,0,3795.7,189,0,0,0,0
"7232",2023-09-26,2,35,3452.7,180,0,0,20.0830687830688,0,0,3795.7,189,0,0,0,0
"7233",2023-09-26,2,40,3452.7,180,0,0,20.0830687830688,0,0,3795.7,189,0,0,0,0
"7234",2023-09-26,2,45,3452.7,180,0,0,20.0830687830688,0,0,3795.7,189,0,0,0,0
"7235",2023-09-26,2,50,3452.7,180,0,0,20.0830687830688,0,0,3795.7,189,0,0,0,0
"7236",2023-09-26,2,55,3430.7,179,0,0,20.0830687830688,0,0,3795.7,189,0,0,0,0
"7237",2023-09-26,3,0,3408.7,178,0,0,20.0932960893855,0,0,3596.7,179,0,0,0,0
"7238",2023-09-26,3,5,3536.7,178,0,0,20.0932960893855,0,0,3596.7,179,0,0,0,0
"7239",2023-09-26,3,10,3536.7,178,0,0,20.0932960893855,0,0,3596.7,179,0,0,0,0
"7240",2023-09-26,3,15,3596.7,179,0,0,20.0932960893855,0,0,3596.7,179,0,0,0,0
"7241",2023-09-26,3,20,3574.7,178,0,0,20.0932960893855,0,0,3596.7,179,0,0,0,0
"7242",2023-09-26,3,25,3574.7,178,0,0,20.0932960893855,0,0,3596.7,179,0,0,0,0
"7243",2023-09-26,3,30,3574.7,178,0,0,20.0932960893855,0,0,3596.7,179,0,0,0,0
"7244",2023-09-26,3,35,3563.7,178,0,0,20.0932960893855,0,0,3596.7,179,0,0,0,0
"7245",2023-09-26,3,40,3563.7,178,0,0,20.0932960893855,0,0,3596.7,179,0,0,0,0
"7246",2023-09-26,3,45,3552.7,177,0,0,20.0932960893855,0,0,3596.7,179,0,0,0,0
"7247",2023-09-26,3,50,3530.7,176,0,0,20.0932960893855,0,0,3596.7,179,0,0,0,0
"7248",2023-09-26,3,55,3530.7,176,0,0,20.0932960893855,0,0,3596.7,179,0,0,0,0
"7249",2023-09-26,4,0,3530.7,176,0,0,20.0607954545455,0,0,3530.7,176,0,0,0,0
"7250",2023-09-26,4,5,3470.7,175,0,0,20.0607954545455,0,0,3530.7,176,0,0,0,0
"7251",2023-09-26,4,10,3467,174,0,0,20.0607954545455,0,0,3530.7,176,0,0,0,0
"7252",2023-09-26,4,15,3467,174,0,0,20.0607954545455,0,0,3530.7,176,0,0,0,0
"7253",2023-09-26,4,20,3467,174,0,0,20.0607954545455,0,0,3530.7,176,0,0,0,0
"7254",2023-09-26,4,25,3467,174,0,0,20.0607954545455,0,0,3530.7,176,0,0,0,0
"7255",2023-09-26,4,30,3467,174,0,0,20.0607954545455,0,0,3530.7,176,0,0,0,0
"7256",2023-09-26,4,35,3489,175,0,0,20.0607954545455,0,0,3530.7,176,0,0,0,0
"7257",2023-09-26,4,40,3489,175,0,0,20.0607954545455,0,0,3530.7,176,0,0,0,0
"7258",2023-09-26,4,45,3456,173,0,0,20.0607954545455,0,0,3530.7,176,0,0,0,0
"7259",2023-09-26,4,50,3434,172,0,0,20.0607954545455,0,0,3530.7,176,0,0,0,0
"7260",2023-09-26,4,55,3434,172,0,0,20.0607954545455,0,0,3530.7,176,0,0,0,0
"7261",2023-09-26,5,0,3434,172,0,0,20.0175438596491,0,0,3434,172,0,0,0,0
"7262",2023-09-26,5,5,3434,172,0,0,20.0175438596491,0,0,3434,172,0,0,0,0
"7263",2023-09-26,5,10,3412,171,0,0,20.0175438596491,0,0,3434,172,0,0,0,0
"7264",2023-09-26,5,15,3401,170,0,0,20.0175438596491,0,0,3434,172,0,0,0,0
"7265",2023-09-26,5,20,3423,171,0,0,20.0175438596491,0,0,3434,172,0,0,0,0
"7266",2023-09-26,5,25,3423,171,0,0,20.0175438596491,0,0,3434,172,0,0,0,0
"7267",2023-09-26,5,30,3423,171,0,0,20.0175438596491,0,0,3434,172,0,0,0,0
"7268",2023-09-26,5,35,3423,171,0,0,20.0175438596491,0,0,3434,172,0,0,0,0
"7269",2023-09-26,5,40,3423,171,0,0,20.0175438596491,0,0,3434,172,0,0,0,0
"7270",2023-09-26,5,45,3423,171,0,0,20.0175438596491,0,0,3434,172,0,0,0,0
"7271",2023-09-26,5,50,3423,171,0,0,20.0175438596491,0,0,3434,172,0,0,0,0
"7272",2023-09-26,5,55,3423,171,0,0,20.0175438596491,0,0,3434,172,0,0,0,0
"7273",2023-09-26,6,0,3423,171,0,0,22.0971428571429,0,0,3867,175,0,0,0,0
"7274",2023-09-26,6,5,3567,174,0,0,22.0971428571429,0,0,3867,175,0,0,0,0
"7275",2023-09-26,6,10,3567,174,0,0,22.0971428571429,0,0,3867,175,0,0,0,0
"7276",2023-09-26,6,15,3567,174,0,0,22.0971428571429,0,0,3867,175,0,0,0,0
"7277",2023-09-26,6,20,3867,175,0,0,22.0971428571429,0,0,3867,175,0,0,0,0
"7278",2023-09-26,6,25,3867,175,0,0,22.0971428571429,0,0,3867,175,0,0,0,0
"7279",2023-09-26,6,30,3567,174,0,0,22.0971428571429,0,0,3867,175,0,0,0,0
"7280",2023-09-26,6,35,3467,173,0,0,22.0971428571429,0,0,3867,175,0,0,0,0
"7281",2023-09-26,6,40,3401,170,0,0,22.0971428571429,0,0,3867,175,0,0,0,0
"7282",2023-09-26,6,45,3401,170,0,0,22.0971428571429,0,0,3867,175,0,0,0,0
"7283",2023-09-26,6,50,3390,169,0,0,22.0971428571429,0,0,3867,175,0,0,0,0
"7284",2023-09-26,6,55,3390,170,0,0,22.0971428571429,0,0,3867,175,0,0,0,0
"7285",2023-09-26,7,0,3390,170,0,0,20,0,0,3500,175,0,0,0,0
"7286",2023-09-26,7,5,3456,173,0,0,20,0,0,3500,175,0,0,0,0
"7287",2023-09-26,7,10,3456,173,0,0,20,0,0,3500,175,0,0,0,0
"7288",2023-09-26,7,15,3456,173,0,0,20,0,0,3500,175,0,0,0,0
"7289",2023-09-26,7,20,3456,173,0,0,20,0,0,3500,175,0,0,0,0
"7290",2023-09-26,7,25,3456,173,0,0,20,0,0,3500,175,0,0,0,0
"7291",2023-09-26,7,30,3445,173,0,0,20,0,0,3500,175,0,0,0,0
"7292",2023-09-26,7,35,3478,174,0,0,20,0,0,3500,175,0,0,0,0
"7293",2023-09-26,7,40,3500,175,0,0,20,0,0,3500,175,0,0,0,0
"7294",2023-09-26,7,45,3500,175,0,0,20,0,0,3500,175,0,0,0,0
"7295",2023-09-26,7,50,3500,175,0,0,20,0,0,3500,175,0,0,0,0
"7296",2023-09-26,7,55,3478,174,0,0,20,0,0,3500,175,0,0,0,0
"7297",2023-09-26,8,0,3478,174,0,0,21.9447236180905,0,0,4444,207,0,0,0,0
"7298",2023-09-26,8,5,3522,176,0,0,21.9447236180905,0,0,4444,207,0,0,0,0
"7299",2023-09-26,8,10,3482,175,0,0,21.9447236180905,0,0,4444,207,0,0,0,0
"7300",2023-09-26,8,15,3526,178,0,0,21.9447236180905,0,0,4444,207,0,0,0,0
"7301",2023-09-26,8,20,3903,183,0,0,21.9447236180905,0,0,4444,207,0,0,0,0
"7302",2023-09-26,8,25,3947,185,0,0,21.9447236180905,0,0,4444,207,0,0,0,0
"7303",2023-09-26,8,30,3980,187,0,0,21.9447236180905,0,0,4444,207,0,0,0,0
"7304",2023-09-26,8,35,4367,199,0,0,21.9447236180905,0,0,4444,207,0,0,0,0
"7305",2023-09-26,8,40,4367,200,0,0,21.9447236180905,0,0,4444,207,0,0,0,0
"7306",2023-09-26,8,45,4378,201,0,0,21.9447236180905,0,0,4444,207,0,0,0,0
"7307",2023-09-26,8,50,4444,207,0,0,21.9447236180905,0,0,4444,207,0,0,0,0
"7308",2023-09-26,8,55,4155,207,0,0,21.9447236180905,0,0,4444,207,0,0,0,0
"7309",2023-09-26,9,10,4420,224,0,0,21.1455223880597,0,0,5766,274,0,0,0,0
"7310",2023-09-26,9,15,4697,232,0,0,21.1455223880597,0,0,5766,274,0,0,0,0
"7311",2023-09-26,9,20,5034,242,0,0,21.1455223880597,0,0,5766,274,0,0,0,0
"7312",2023-09-26,9,25,5045,243,0,0,21.1455223880597,0,0,5766,274,0,0,0,0
"7313",2023-09-26,9,30,5078,243,0,0,21.1455223880597,0,0,5766,274,0,0,0,0
"7314",2023-09-26,9,35,5325,256,0,0,21.1455223880597,0,0,5766,274,0,0,0,0
"7315",2023-09-26,9,40,5546,263,0,0,21.1455223880597,0,0,5766,274,0,0,0,0
"7316",2023-09-26,9,45,5667,268,0,0,21.1455223880597,0,0,5766,274,0,0,0,0
"7317",2023-09-26,9,50,5722,271,0,0,21.1455223880597,0,0,5766,274,0,0,0,0
"7318",2023-09-26,9,55,5766,274,0,0,21.1455223880597,0,0,5766,274,0,0,0,0
"7319",2023-09-26,9,0,4166,207,0,0,21.1455223880597,0,0,5766,274,0,0,0,0
"7320",2023-09-26,9,5,4354,219,0,0,21.1455223880597,0,0,5766,274,0,0,0,0
"7321",2023-09-26,10,0,6157,276,0,0,28.2882352941176,0,0,9618,341,0,0,0,0
"7322",2023-09-26,10,5,6811,286,0,0,28.2882352941176,0,0,9618,341,0,0,0,0
"7323",2023-09-26,10,10,6639,285,0,0,28.2882352941176,0,0,9618,341,0,0,0,0
"7324",2023-09-26,10,15,6644,290,0,0,28.2882352941176,0,0,9618,341,0,0,0,0
"7325",2023-09-26,10,20,6715,295,0,0,28.2882352941176,0,0,9618,341,0,0,0,0
"7326",2023-09-26,10,25,6836,300,0,0,28.2882352941176,0,0,9618,341,0,0,0,0
"7327",2023-09-26,10,30,6880,303,0,0,28.2882352941176,0,0,9618,341,0,0,0,0
"7328",2023-09-26,10,35,8250,325,0,0,28.2882352941176,0,0,9618,341,0,0,0,0
"7329",2023-09-26,10,40,9027,332,0,0,28.2882352941176,0,0,9618,341,0,0,0,0
"7330",2023-09-26,10,45,9618,340,0,0,28.2882352941176,0,0,9618,341,0,0,0,0
"7331",2023-09-26,10,50,8823,339,0,0,28.2882352941176,0,0,9618,341,0,0,0,0
"7332",2023-09-26,10,55,8368,341,0,0,28.2882352941176,0,0,9618,341,0,0,0,0
"7333",2023-09-26,11,0,8745,345,0,0,28.6603260869565,0,0,10561,378,0,0,0,0
"7334",2023-09-26,11,5,9652,367,0,0,28.6603260869565,0,0,10561,378,0,0,0,0
"7335",2023-09-26,11,10,10547,368,0,0,28.6603260869565,0,0,10561,378,0,0,0,0
"7336",2023-09-26,11,15,10130,369,0,0,28.6603260869565,0,0,10561,378,0,0,0,0
"7337",2023-09-26,11,20,10302,371,0,0,28.6603260869565,0,0,10561,378,0,0,0,0
"7338",2023-09-26,11,25,10561,377,0,0,28.6603260869565,0,0,10561,378,0,0,0,0
"7339",2023-09-26,11,30,10429,373,0,0,28.6603260869565,0,0,10561,378,0,0,0,0
"7340",2023-09-26,11,35,9926,378,0,0,28.6603260869565,0,0,10561,378,0,0,0,0
"7341",2023-09-26,11,40,9601,376,0,0,28.6603260869565,0,0,10561,378,0,0,0,0
"7342",2023-09-26,11,45,8605,375,0,0,28.6603260869565,0,0,10561,378,0,0,0,0
"7343",2023-09-26,11,50,8861,375,0,0,28.6603260869565,0,0,10561,378,0,0,0,0
"7344",2023-09-26,11,55,8777,376,0,0,28.6603260869565,0,0,10561,378,0,0,0,0
"7345",2023-09-26,12,35,9259,395,0,0,24.2831168831169,0,0,9706,402,0,0,0,0
"7346",2023-09-26,12,40,9239,394,0,0,24.2831168831169,0,0,9706,402,0,0,0,0
"7347",2023-09-26,12,45,9331,397,0,0,24.2831168831169,0,0,9706,402,0,0,0,0
"7348",2023-09-26,12,50,9309,396,0,0,24.2831168831169,0,0,9706,402,0,0,0,0
"7349",2023-09-26,12,55,9706,402,0,0,24.2831168831169,0,0,9706,402,0,0,0,0
"7350",2023-09-26,12,0,9044,375,0,0,24.2831168831169,0,0,9706,402,0,0,0,0
"7351",2023-09-26,12,5,9262,385,0,0,24.2831168831169,0,0,9706,402,0,0,0,0
"7352",2023-09-26,12,10,9349,385,0,0,24.2831168831169,0,0,9706,402,0,0,0,0
"7353",2023-09-26,12,15,9278,383,0,0,24.2831168831169,0,0,9706,402,0,0,0,0
"7354",2023-09-26,12,20,8972,383,0,0,24.2831168831169,0,0,9706,402,0,0,0,0
"7355",2023-09-26,12,25,9217,383,0,0,24.2831168831169,0,0,9706,402,0,0,0,0
"7356",2023-09-26,12,30,9123,382,0,0,24.2831168831169,0,0,9706,402,0,0,0,0
"7357",2023-09-26,13,0,9828,406,0,0,24.2068965517241,0,0,9828,406,0,0,0,0
"7358",2023-09-26,13,5,9126,392,0,0,24.2068965517241,0,0,9828,406,0,0,0,0
"7359",2023-09-26,13,10,8915,390,0,0,24.2068965517241,0,0,9828,406,0,0,0,0
"7360",2023-09-26,13,15,8882,389,0,0,24.2068965517241,0,0,9828,406,0,0,0,0
"7361",2023-09-26,13,20,9206,394,0,0,24.2068965517241,0,0,9828,406,0,0,0,0
"7362",2023-09-26,13,25,9154,391,0,0,24.2068965517241,0,0,9828,406,0,0,0,0
"7363",2023-09-26,13,30,8618,385,0,0,24.2068965517241,0,0,9828,406,0,0,0,0
"7364",2023-09-26,13,35,8592,373,0,0,24.2068965517241,0,0,9828,406,0,0,0,0
"7365",2023-09-26,13,40,8614,373,0,0,24.2068965517241,0,0,9828,406,0,0,0,0
"7366",2023-09-26,13,45,8736,375,0,0,24.2068965517241,0,0,9828,406,0,0,0,0
"7367",2023-09-26,13,50,8614,373,0,0,24.2068965517241,0,0,9828,406,0,0,0,0
"7368",2023-09-26,13,55,8500,370,0,0,24.2068965517241,0,0,9828,406,0,0,0,0
"7369",2023-09-26,14,0,8583,371,0,0,28.4005235602094,0,0,10849,383,0,0,0,0
"7370",2023-09-26,14,5,9765,378,0,0,28.4005235602094,0,0,10849,383,0,0,0,0
"7371",2023-09-26,14,10,9500,367,0,0,28.4005235602094,0,0,10849,383,0,0,0,0
"7372",2023-09-26,14,15,9642,364,0,0,28.4005235602094,0,0,10849,383,0,0,0,0
"7373",2023-09-26,14,20,9552,363,0,0,28.4005235602094,0,0,10849,383,0,0,0,0
"7374",2023-09-26,14,25,9667,365,0,0,28.4005235602094,0,0,10849,383,0,0,0,0
"7375",2023-09-26,14,30,10379,375,0,0,28.4005235602094,0,0,10849,383,0,0,0,0
"7376",2023-09-26,14,35,10243,383,0,0,28.4005235602094,0,0,10849,383,0,0,0,0
"7377",2023-09-26,14,40,10210,380,0,0,28.4005235602094,0,0,10849,383,0,0,0,0
"7378",2023-09-26,14,45,10849,382,0,0,28.4005235602094,0,0,10849,383,0,0,0,0
"7379",2023-09-26,14,50,10521,377,0,0,28.4005235602094,0,0,10849,383,0,0,0,0
"7380",2023-09-26,14,55,10294,372,0,0,28.4005235602094,0,0,10849,383,0,0,0,0
"7381",2023-09-26,15,0,10327,374,0,0,27.6122994652406,0,0,10327,374,0,0,0,0
"7382",2023-09-26,15,5,9336,373,0,0,27.6122994652406,0,0,10327,374,0,0,0,0
"7383",2023-09-26,15,10,9215,373,0,0,27.6122994652406,0,0,10327,374,0,0,0,0
"7384",2023-09-26,15,15,9004,371,0,0,27.6122994652406,0,0,10327,374,0,0,0,0
"7385",2023-09-26,15,20,8880,369,0,0,27.6122994652406,0,0,10327,374,0,0,0,0
"7386",2023-09-26,15,25,8939,369,0,0,27.6122994652406,0,0,10327,374,0,0,0,0
"7387",2023-09-26,15,30,8829,364,0,0,27.6122994652406,0,0,10327,374,0,0,0,0
"7388",2023-09-26,15,35,8201,355,0,0,27.6122994652406,0,0,10327,374,0,0,0,0
"7389",2023-09-26,15,40,7956,353,0,0,27.6122994652406,0,0,10327,374,0,0,0,0
"7390",2023-09-26,15,45,8536,355,0,0,27.6122994652406,0,0,10327,374,0,0,0,0
"7391",2023-09-26,15,50,8737,351,0,0,27.6122994652406,0,0,10327,374,0,0,0,0
"7392",2023-09-26,15,55,8710,352,0,0,27.6122994652406,0,0,10327,374,0,0,0,0
"7393",2023-09-26,16,0,9121,355,0,0,28.9617816091954,0,0,10078.7,355,0,0,0,0
"7394",2023-09-26,16,5,9391,355,0,0,28.9617816091954,0,0,10078.7,355,0,0,0,0
"7395",2023-09-26,16,10,9998,355,0,0,28.9617816091954,0,0,10078.7,355,0,0,0,0
"7396",2023-09-26,16,15,10028,353,0,0,28.9617816091954,0,0,10078.7,355,0,0,0,0
"7397",2023-09-26,16,20,9763,354,0,0,28.9617816091954,0,0,10078.7,355,0,0,0,0
"7398",2023-09-26,16,25,9967.7,354,0,0,28.9617816091954,0,0,10078.7,355,0,0,0,0
"7399",2023-09-26,16,30,9547.7,351,0,0,28.9617816091954,0,0,10078.7,355,0,0,0,0
"7400",2023-09-26,16,35,9427.7,348,0,0,28.9617816091954,0,0,10078.7,355,0,0,0,0
"7401",2023-09-26,16,40,9107.7,346,0,0,28.9617816091954,0,0,10078.7,355,0,0,0,0
"7402",2023-09-26,16,45,9478.7,347,0,0,28.9617816091954,0,0,10078.7,355,0,0,0,0
"7403",2023-09-26,16,50,9917.7,348,0,0,28.9617816091954,0,0,10078.7,355,0,0,0,0
"7404",2023-09-26,16,55,10078.7,348,0,0,28.9617816091954,0,0,10078.7,355,0,0,0,0
"7405",2023-09-26,17,0,10704.7,352,0,0,30.4110795454545,0,0,10704.7,354,0,0,0,0
"7406",2023-09-26,17,5,10242.7,348,0,0,30.4110795454545,0,0,10704.7,354,0,0,0,0
"7407",2023-09-26,17,10,10417.7,352,0,0,30.4110795454545,0,0,10704.7,354,0,0,0,0
"7408",2023-09-26,17,15,10161.7,352,0,0,30.4110795454545,0,0,10704.7,354,0,0,0,0
"7409",2023-09-26,17,20,10358.7,351,0,0,30.4110795454545,0,0,10704.7,354,0,0,0,0
"7410",2023-09-26,17,25,10209.7,351,0,0,30.4110795454545,0,0,10704.7,354,0,0,0,0
"7411",2023-09-26,17,30,9746.7,354,0,0,30.4110795454545,0,0,10704.7,354,0,0,0,0
"7412",2023-09-26,17,35,8970.7,344,0,0,30.4110795454545,0,0,10704.7,354,0,0,0,0
"7413",2023-09-26,17,40,7743.7,332,0,0,30.4110795454545,0,0,10704.7,354,0,0,0,0
"7414",2023-09-26,17,45,8358.7,335,0,0,30.4110795454545,0,0,10704.7,354,0,0,0,0
"7415",2023-09-26,17,50,8625.7,334,0,0,30.4110795454545,0,0,10704.7,354,0,0,0,0
"7416",2023-09-26,17,55,8786.7,341,0,0,30.4110795454545,0,0,10704.7,354,0,0,0,0
"7417",2023-09-26,18,0,8880.7,345,0,0,27.9962750716332,0,0,9770.7,357,0,0,0,0
"7418",2023-09-26,18,5,9133.7,352,0,0,27.9962750716332,0,0,9770.7,357,0,0,0,0
"7419",2023-09-26,18,10,8966.7,357,0,0,27.9962750716332,0,0,9770.7,357,0,0,0,0
"7420",2023-09-26,18,15,9165.7,357,0,0,27.9962750716332,0,0,9770.7,357,0,0,0,0
"7421",2023-09-26,18,20,8814.7,350,0,0,27.9962750716332,0,0,9770.7,357,0,0,0,0
"7422",2023-09-26,18,25,9036.7,345,0,0,27.9962750716332,0,0,9770.7,357,0,0,0,0
"7423",2023-09-26,18,30,9770.7,349,0,0,27.9962750716332,0,0,9770.7,357,0,0,0,0
"7424",2023-09-26,18,35,8852.7,337,0,0,27.9962750716332,0,0,9770.7,357,0,0,0,0
"7425",2023-09-26,18,40,8613.7,330,0,0,27.9962750716332,0,0,9770.7,357,0,0,0,0
"7426",2023-09-26,18,45,8665.7,329,0,0,27.9962750716332,0,0,9770.7,357,0,0,0,0
"7427",2023-09-26,18,50,8566.7,326,0,0,27.9962750716332,0,0,9770.7,357,0,0,0,0
"7428",2023-09-26,18,55,8030.7,320,0,0,27.9962750716332,0,0,9770.7,357,0,0,0,0
"7429",2023-09-26,19,0,7507.7,315,0,0,27.3761565836299,0,0,7692.7,315,0,0,0,0
"7430",2023-09-26,19,5,6906.7,294,0,0,27.3761565836299,0,0,7692.7,315,0,0,0,0
"7431",2023-09-26,19,10,6823.7,291,0,0,27.3761565836299,0,0,7692.7,315,0,0,0,0
"7432",2023-09-26,19,15,6941.7,283,0,0,27.3761565836299,0,0,7692.7,315,0,0,0,0
"7433",2023-09-26,19,20,7264.7,277,0,0,27.3761565836299,0,0,7692.7,315,0,0,0,0
"7434",2023-09-26,19,25,6937.7,273,0,0,27.3761565836299,0,0,7692.7,315,0,0,0,0
"7435",2023-09-26,19,30,6724.7,272,0,0,27.3761565836299,0,0,7692.7,315,0,0,0,0
"7436",2023-09-26,19,35,7080.7,282,0,0,27.3761565836299,0,0,7692.7,315,0,0,0,0
"7437",2023-09-26,19,40,7414.7,282,0,0,27.3761565836299,0,0,7692.7,315,0,0,0,0
"7438",2023-09-26,19,45,7594.7,284,0,0,27.3761565836299,0,0,7692.7,315,0,0,0,0
"7439",2023-09-26,19,50,7514.7,283,0,0,27.3761565836299,0,0,7692.7,315,0,0,0,0
"7440",2023-09-26,19,55,7692.7,281,0,0,27.3761565836299,0,0,7692.7,315,0,0,0,0
"7441",2023-09-26,20,20,7133.7,278,0,0,27.4351063829787,0,0,7746.7,286,0,0,0,0
"7442",2023-09-26,20,25,6991.7,275,0,0,27.4351063829787,0,0,7746.7,286,0,0,0,0
"7443",2023-09-26,20,30,6960.7,273,0,0,27.4351063829787,0,0,7746.7,286,0,0,0,0
"7444",2023-09-26,20,35,7746.7,286,0,0,27.4351063829787,0,0,7746.7,286,0,0,0,0
"7445",2023-09-26,20,40,7091.7,281,0,0,27.4351063829787,0,0,7746.7,286,0,0,0,0
"7446",2023-09-26,20,45,7008.7,278,0,0,27.4351063829787,0,0,7746.7,286,0,0,0,0
"7447",2023-09-26,20,50,7398.7,279,0,0,27.4351063829787,0,0,7746.7,286,0,0,0,0
"7448",2023-09-26,20,55,7382.7,277,0,0,27.4351063829787,0,0,7746.7,286,0,0,0,0
"7449",2023-09-26,20,0,7736.7,282,0,0,27.4351063829787,0,0,7746.7,286,0,0,0,0
"7450",2023-09-26,20,5,7018.7,276,0,0,27.4351063829787,0,0,7746.7,286,0,0,0,0
"7451",2023-09-26,20,10,6851.7,277,0,0,27.4351063829787,0,0,7746.7,286,0,0,0,0
"7452",2023-09-26,20,15,6818.7,274,0,0,27.4351063829787,0,0,7746.7,286,0,0,0,0
"7453",2023-09-26,21,55,6862.7,294,0,0,26.4612903225806,0,0,7382.7,294,0,0,0,0
"7454",2023-09-26,21,0,7382.7,279,0,0,26.4612903225806,0,0,7382.7,294,0,0,0,0
"7455",2023-09-26,21,5,6894.7,280,0,0,26.4612903225806,0,0,7382.7,294,0,0,0,0
"7456",2023-09-26,21,10,6662.7,277,0,0,26.4612903225806,0,0,7382.7,294,0,0,0,0
"7457",2023-09-26,21,15,6340.7,274,0,0,26.4612903225806,0,0,7382.7,294,0,0,0,0
"7458",2023-09-26,21,20,6240.7,273,0,0,26.4612903225806,0,0,7382.7,294,0,0,0,0
"7459",2023-09-26,21,25,6191.7,273,0,0,26.4612903225806,0,0,7382.7,294,0,0,0,0
"7460",2023-09-26,21,30,6115.7,273,0,0,26.4612903225806,0,0,7382.7,294,0,0,0,0
"7461",2023-09-26,21,35,6095.7,288,0,0,26.4612903225806,0,0,7382.7,294,0,0,0,0
"7462",2023-09-26,21,40,6135.7,288,0,0,26.4612903225806,0,0,7382.7,294,0,0,0,0
"7463",2023-09-26,21,45,6509.7,290,0,0,26.4612903225806,0,0,7382.7,294,0,0,0,0
"7464",2023-09-26,21,50,6573.7,292,0,0,26.4612903225806,0,0,7382.7,294,0,0,0,0
"7465",2023-09-26,22,0,7056.7,297,0,0,24.6886206896552,0,0,7203.7,297,0,0,0,0
"7466",2023-09-26,22,5,7203.7,292,0,0,24.6886206896552,0,0,7203.7,297,0,0,0,0
"7467",2023-09-26,22,10,7159.7,290,0,0,24.6886206896552,0,0,7203.7,297,0,0,0,0
"7468",2023-09-26,22,15,6765.7,287,0,0,24.6886206896552,0,0,7203.7,297,0,0,0,0
"7469",2023-09-26,22,20,6672.7,284,0,0,24.6886206896552,0,0,7203.7,297,0,0,0,0
"7470",2023-09-26,22,25,6641,283,0,0,24.6886206896552,0,0,7203.7,297,0,0,0,0
"7471",2023-09-26,22,30,6636.7,284,0,0,24.6886206896552,0,0,7203.7,297,0,0,0,0
"7472",2023-09-26,22,35,6278.7,269,0,0,24.6886206896552,0,0,7203.7,297,0,0,0,0
"7473",2023-09-26,22,40,6234.7,267,0,0,24.6886206896552,0,0,7203.7,297,0,0,0,0
"7474",2023-09-26,22,45,6042.7,264,0,0,24.6886206896552,0,0,7203.7,297,0,0,0,0
"7475",2023-09-26,22,50,5526.7,258,0,0,24.6886206896552,0,0,7203.7,297,0,0,0,0
"7476",2023-09-26,22,55,5535.7,259,0,0,24.6886206896552,0,0,7203.7,297,0,0,0,0
"7477",2023-09-26,23,0,5427.7,253,0,0,22.710162601626,0,0,5586.7,253,0,0,0,0
"7478",2023-09-26,23,5,5486.7,252,0,0,22.710162601626,0,0,5586.7,253,0,0,0,0
"7479",2023-09-26,23,10,5348.7,247,0,0,22.710162601626,0,0,5586.7,253,0,0,0,0
"7480",2023-09-26,23,15,5359.7,247,0,0,22.710162601626,0,0,5586.7,253,0,0,0,0
"7481",2023-09-26,23,20,5382.7,249,0,0,22.710162601626,0,0,5586.7,253,0,0,0,0
"7482",2023-09-26,23,25,5388.7,250,0,0,22.710162601626,0,0,5586.7,253,0,0,0,0
"7483",2023-09-26,23,30,5538.7,251,0,0,22.710162601626,0,0,5586.7,253,0,0,0,0
"7484",2023-09-26,23,35,5216.7,245,0,0,22.710162601626,0,0,5586.7,253,0,0,0,0
"7485",2023-09-26,23,40,5543.7,245,0,0,22.710162601626,0,0,5586.7,253,0,0,0,0
"7486",2023-09-26,23,45,5586.7,246,0,0,22.710162601626,0,0,5586.7,253,0,0,0,0
"7487",2023-09-26,23,50,5575.7,246,0,0,22.710162601626,0,0,5586.7,253,0,0,0,0
"7488",2023-09-26,23,55,5509.7,243,0,0,22.710162601626,0,0,5586.7,253,0,0,0,0
"7489",2023-09-27,0,0,5553.7,240,0,0,26.373127753304,0,0,5986.7,240,0,0,0,0
"7490",2023-09-27,0,5,5446.7,228,0,0,26.373127753304,0,0,5986.7,240,0,0,0,0
"7491",2023-09-27,0,10,5899.7,227,0,0,26.373127753304,0,0,5986.7,240,0,0,0,0
"7492",2023-09-27,0,15,5986.7,227,0,0,26.373127753304,0,0,5986.7,240,0,0,0,0
"7493",2023-09-27,0,20,5806.7,226,0,0,26.373127753304,0,0,5986.7,240,0,0,0,0
"7494",2023-09-27,0,25,5441.7,223,0,0,26.373127753304,0,0,5986.7,240,0,0,0,0
"7495",2023-09-27,0,30,5430.7,222,0,0,26.373127753304,0,0,5986.7,240,0,0,0,0
"7496",2023-09-27,0,35,5194.7,215,0,0,26.373127753304,0,0,5986.7,240,0,0,0,0
"7497",2023-09-27,0,40,5172.7,214,0,0,26.373127753304,0,0,5986.7,240,0,0,0,0
"7498",2023-09-27,0,45,5106.7,211,0,0,26.373127753304,0,0,5986.7,240,0,0,0,0
"7499",2023-09-27,0,50,5084.7,210,0,0,26.373127753304,0,0,5986.7,240,0,0,0,0
"7500",2023-09-27,0,55,5077.4,210,0,0,26.373127753304,0,0,5986.7,240,0,0,0,0
"7501",2023-09-27,1,0,5132.4,212,0,0,24.4631067961165,0,0,5132.4,212,0,0,0,0
"7502",2023-09-27,1,5,5045.4,208,0,0,24.4631067961165,0,0,5132.4,212,0,0,0,0
"7503",2023-09-27,1,10,4761.4,206,0,0,24.4631067961165,0,0,5132.4,212,0,0,0,0
"7504",2023-09-27,1,15,5039.4,206,0,0,24.4631067961165,0,0,5132.4,212,0,0,0,0
"7505",2023-09-27,1,20,4886.4,203,0,0,24.4631067961165,0,0,5132.4,212,0,0,0,0
"7506",2023-09-27,1,25,4908.4,204,0,0,24.4631067961165,0,0,5132.4,212,0,0,0,0
"7507",2023-09-27,1,30,4908.4,204,0,0,24.4631067961165,0,0,5132.4,212,0,0,0,0
"7508",2023-09-27,1,35,4365.4,203,0,0,24.4631067961165,0,0,5132.4,212,0,0,0,0
"7509",2023-09-27,1,40,4365.4,203,0,0,24.4631067961165,0,0,5132.4,212,0,0,0,0
"7510",2023-09-27,1,45,4326.4,203,0,0,24.4631067961165,0,0,5132.4,212,0,0,0,0
"7511",2023-09-27,1,50,4426.4,205,0,0,24.4631067961165,0,0,5132.4,212,0,0,0,0
"7512",2023-09-27,1,55,4326.4,203,0,0,24.4631067961165,0,0,5132.4,212,0,0,0,0
"7513",2023-09-27,2,0,4301,195,0,0,22.0564102564103,0,0,4301,195,0,0,0,0
"7514",2023-09-27,2,5,4214,194,0,0,22.0564102564103,0,0,4301,195,0,0,0,0
"7515",2023-09-27,2,10,4203,194,0,0,22.0564102564103,0,0,4301,195,0,0,0,0
"7516",2023-09-27,2,15,4203,194,0,0,22.0564102564103,0,0,4301,195,0,0,0,0
"7517",2023-09-27,2,20,4181,193,0,0,22.0564102564103,0,0,4301,195,0,0,0,0
"7518",2023-09-27,2,25,4159,192,0,0,22.0564102564103,0,0,4301,195,0,0,0,0
"7519",2023-09-27,2,30,4159,192,0,0,22.0564102564103,0,0,4301,195,0,0,0,0
"7520",2023-09-27,2,35,3670,185,0,0,22.0564102564103,0,0,4301,195,0,0,0,0
"7521",2023-09-27,2,40,3670,185,0,0,22.0564102564103,0,0,4301,195,0,0,0,0
"7522",2023-09-27,2,45,3670,185,0,0,22.0564102564103,0,0,4301,195,0,0,0,0
"7523",2023-09-27,2,50,3620,184,0,0,22.0564102564103,0,0,4301,195,0,0,0,0
"7524",2023-09-27,2,55,3620,184,0,0,22.0564102564103,0,0,4301,195,0,0,0,0
"7525",2023-09-27,3,0,3620,184,0,0,19.6739130434783,0,0,3620,184,0,0,0,0
"7526",2023-09-27,3,5,3576,182,0,0,19.6739130434783,0,0,3620,184,0,0,0,0
"7527",2023-09-27,3,10,3576,182,0,0,19.6739130434783,0,0,3620,184,0,0,0,0
"7528",2023-09-27,3,15,3576,182,0,0,19.6739130434783,0,0,3620,184,0,0,0,0
"7529",2023-09-27,3,20,3576,182,0,0,19.6739130434783,0,0,3620,184,0,0,0,0
"7530",2023-09-27,3,25,3576,182,0,0,19.6739130434783,0,0,3620,184,0,0,0,0
"7531",2023-09-27,3,30,3576,182,0,0,19.6739130434783,0,0,3620,184,0,0,0,0
"7532",2023-09-27,3,35,3526,181,0,0,19.6739130434783,0,0,3620,184,0,0,0,0
"7533",2023-09-27,3,40,3526,181,0,0,19.6739130434783,0,0,3620,184,0,0,0,0
"7534",2023-09-27,3,45,3526,181,0,0,19.6739130434783,0,0,3620,184,0,0,0,0
"7535",2023-09-27,3,50,3548,182,0,0,19.6739130434783,0,0,3620,184,0,0,0,0
"7536",2023-09-27,3,55,3526,181,0,0,19.6739130434783,0,0,3620,184,0,0,0,0
"7537",2023-09-27,4,0,3526,181,0,0,19.6106741573034,0,0,3526,181,0,0,0,0
"7538",2023-09-27,4,5,3493,179,0,0,19.6106741573034,0,0,3526,181,0,0,0,0
"7539",2023-09-27,4,10,3471,178,0,0,19.6106741573034,0,0,3526,181,0,0,0,0
"7540",2023-09-27,4,15,3471,178,0,0,19.6106741573034,0,0,3526,181,0,0,0,0
"7541",2023-09-27,4,20,3449,177,0,0,19.6106741573034,0,0,3526,181,0,0,0,0
"7542",2023-09-27,4,25,3430.7,177,0,0,19.6106741573034,0,0,3526,181,0,0,0,0
"7543",2023-09-27,4,30,3430.7,177,0,0,19.6106741573034,0,0,3526,181,0,0,0,0
"7544",2023-09-27,4,35,3430.7,177,0,0,19.6106741573034,0,0,3526,181,0,0,0,0
"7545",2023-09-27,4,40,3430.7,177,0,0,19.6106741573034,0,0,3526,181,0,0,0,0
"7546",2023-09-27,4,45,3490.7,178,0,0,19.6106741573034,0,0,3526,181,0,0,0,0
"7547",2023-09-27,4,50,3490.7,178,0,0,19.6106741573034,0,0,3526,181,0,0,0,0
"7548",2023-09-27,4,55,3490.7,178,0,0,19.6106741573034,0,0,3526,181,0,0,0,0
"7549",2023-09-27,5,0,3430.7,177,0,0,20.4446327683616,0,0,3618.7,177,0,0,0,0
"7550",2023-09-27,5,5,3430.7,177,0,0,20.4446327683616,0,0,3618.7,177,0,0,0,0
"7551",2023-09-27,5,10,3430.7,177,0,0,20.4446327683616,0,0,3618.7,177,0,0,0,0
"7552",2023-09-27,5,15,3430.7,177,0,0,20.4446327683616,0,0,3618.7,177,0,0,0,0
"7553",2023-09-27,5,20,3479.7,177,0,0,20.4446327683616,0,0,3618.7,177,0,0,0,0
"7554",2023-09-27,5,25,3479.7,177,0,0,20.4446327683616,0,0,3618.7,177,0,0,0,0
"7555",2023-09-27,5,30,3468.7,176,0,0,20.4446327683616,0,0,3618.7,177,0,0,0,0
"7556",2023-09-27,5,35,3618.7,177,0,0,20.4446327683616,0,0,3618.7,177,0,0,0,0
"7557",2023-09-27,5,40,3596.7,176,0,0,20.4446327683616,0,0,3618.7,177,0,0,0,0
"7558",2023-09-27,5,45,3596.7,176,0,0,20.4446327683616,0,0,3618.7,177,0,0,0,0
"7559",2023-09-27,5,50,3618.7,177,0,0,20.4446327683616,0,0,3618.7,177,0,0,0,0
"7560",2023-09-27,5,55,3618.7,177,0,0,20.4446327683616,0,0,3618.7,177,0,0,0,0
"7561",2023-09-27,6,0,3618.7,177,0,0,20.4533707865169,0,0,3640.7,178,0,0,0,0
"7562",2023-09-27,6,5,3640.7,178,0,0,20.4533707865169,0,0,3640.7,178,0,0,0,0
"7563",2023-09-27,6,10,3580.7,177,0,0,20.4533707865169,0,0,3640.7,178,0,0,0,0
"7564",2023-09-27,6,15,3580.7,177,0,0,20.4533707865169,0,0,3640.7,178,0,0,0,0
"7565",2023-09-27,6,20,3569.7,176,0,0,20.4533707865169,0,0,3640.7,178,0,0,0,0
"7566",2023-09-27,6,25,3569.7,176,0,0,20.4533707865169,0,0,3640.7,178,0,0,0,0
"7567",2023-09-27,6,30,3569.7,176,0,0,20.4533707865169,0,0,3640.7,178,0,0,0,0
"7568",2023-09-27,6,35,3525.7,174,0,0,20.4533707865169,0,0,3640.7,178,0,0,0,0
"7569",2023-09-27,6,40,3525.7,174,0,0,20.4533707865169,0,0,3640.7,178,0,0,0,0
"7570",2023-09-27,6,45,3525.7,174,0,0,20.4533707865169,0,0,3640.7,178,0,0,0,0
"7571",2023-09-27,6,50,3525.7,174,0,0,20.4533707865169,0,0,3640.7,178,0,0,0,0
"7572",2023-09-27,6,55,3525.7,174,0,0,20.4533707865169,0,0,3640.7,178,0,0,0,0
"7573",2023-09-27,7,0,3525.7,174,0,0,21.8890804597701,0,0,3841.7,177,0,0,0,0
"7574",2023-09-27,7,5,3525.7,174,0,0,21.8890804597701,0,0,3841.7,177,0,0,0,0
"7575",2023-09-27,7,10,3558.7,175,0,0,21.8890804597701,0,0,3841.7,177,0,0,0,0
"7576",2023-09-27,7,15,3558.7,175,0,0,21.8890804597701,0,0,3841.7,177,0,0,0,0
"7577",2023-09-27,7,20,3591.7,177,0,0,21.8890804597701,0,0,3841.7,177,0,0,0,0
"7578",2023-09-27,7,25,3486.7,172,0,0,21.8890804597701,0,0,3841.7,177,0,0,0,0
"7579",2023-09-27,7,30,3530.7,174,0,0,21.8890804597701,0,0,3841.7,177,0,0,0,0
"7580",2023-09-27,7,35,3530.7,174,0,0,21.8890804597701,0,0,3841.7,177,0,0,0,0
"7581",2023-09-27,7,40,3508.7,173,0,0,21.8890804597701,0,0,3841.7,177,0,0,0,0
"7582",2023-09-27,7,45,3808.7,174,0,0,21.8890804597701,0,0,3841.7,177,0,0,0,0
"7583",2023-09-27,7,50,3841.7,176,0,0,21.8890804597701,0,0,3841.7,177,0,0,0,0
"7584",2023-09-27,7,55,3819.7,175,0,0,21.8890804597701,0,0,3841.7,177,0,0,0,0
"7585",2023-09-27,8,20,4061.7,188,0,0,21.8890804597701,0,0,4504.7,217,0,0,0,0
"7586",2023-09-27,8,25,4006.7,185,0,0,21.8890804597701,0,0,4504.7,217,0,0,0,0
"7587",2023-09-27,8,30,4017.7,186,0,0,21.8890804597701,0,0,4504.7,217,0,0,0,0
"7588",2023-09-27,8,35,4215.7,195,0,0,21.8890804597701,0,0,4504.7,217,0,0,0,0
"7589",2023-09-27,8,40,3948.7,196,0,0,21.8890804597701,0,0,4504.7,217,0,0,0,0
"7590",2023-09-27,8,45,4125.7,203,0,0,21.8890804597701,0,0,4504.7,217,0,0,0,0
"7591",2023-09-27,8,50,4290.7,213,0,0,21.8890804597701,0,0,4504.7,217,0,0,0,0
"7592",2023-09-27,8,55,4504.7,217,0,0,21.8890804597701,0,0,4504.7,217,0,0,0,0
"7593",2023-09-27,8,0,3808.7,174,0,0,21.8890804597701,0,0,4504.7,217,0,0,0,0
"7594",2023-09-27,8,5,3885.7,179,0,0,21.8890804597701,0,0,4504.7,217,0,0,0,0
"7595",2023-09-27,8,10,3929.7,181,0,0,21.8890804597701,0,0,4504.7,217,0,0,0,0
"7596",2023-09-27,8,15,3995.7,184,0,0,21.8890804597701,0,0,4504.7,217,0,0,0,0
"7597",2023-09-27,9,0,4461.7,220,0,0,26.1422641509434,0,0,6927.7,265,0,0,0,0
"7598",2023-09-27,9,5,4848.7,228,0,0,26.1422641509434,0,0,6927.7,265,0,0,0,0
"7599",2023-09-27,9,10,4947.7,231,0,0,26.1422641509434,0,0,6927.7,265,0,0,0,0
"7600",2023-09-27,9,15,5013.7,235,0,0,26.1422641509434,0,0,6927.7,265,0,0,0,0
"7601",2023-09-27,9,20,5195.7,243,0,0,26.1422641509434,0,0,6927.7,265,0,0,0,0
"7602",2023-09-27,9,25,5430.7,246,0,0,26.1422641509434,0,0,6927.7,265,0,0,0,0
"7603",2023-09-27,9,30,5594.7,250,0,0,26.1422641509434,0,0,6927.7,265,0,0,0,0
"7604",2023-09-27,9,35,6325.7,254,0,0,26.1422641509434,0,0,6927.7,265,0,0,0,0
"7605",2023-09-27,9,40,6780.7,261,0,0,26.1422641509434,0,0,6927.7,265,0,0,0,0
"7606",2023-09-27,9,45,6841.7,262,0,0,26.1422641509434,0,0,6927.7,265,0,0,0,0
"7607",2023-09-27,9,50,6774.7,261,0,0,26.1422641509434,0,0,6927.7,265,0,0,0,0
"7608",2023-09-27,9,55,6927.7,265,0,0,26.1422641509434,0,0,6927.7,265,0,0,0,0
"7609",2023-09-27,10,0,6682.7,266,0,0,25.1229323308271,0,0,7780.7,320,0,0,0,0
"7610",2023-09-27,10,5,6831.7,286,0,0,25.1229323308271,0,0,7780.7,320,0,0,0,0
"7611",2023-09-27,10,10,6992.7,288,0,0,25.1229323308271,0,0,7780.7,320,0,0,0,0
"7612",2023-09-27,10,15,6815.7,291,0,0,25.1229323308271,0,0,7780.7,320,0,0,0,0
"7613",2023-09-27,10,20,6788.7,293,0,0,25.1229323308271,0,0,7780.7,320,0,0,0,0
"7614",2023-09-27,10,25,6854.7,296,0,0,25.1229323308271,0,0,7780.7,320,0,0,0,0
"7615",2023-09-27,10,30,6887.7,299,0,0,25.1229323308271,0,0,7780.7,320,0,0,0,0
"7616",2023-09-27,10,35,7780.7,314,0,0,25.1229323308271,0,0,7780.7,320,0,0,0,0
"7617",2023-09-27,10,40,7474.7,314,0,0,25.1229323308271,0,0,7780.7,320,0,0,0,0
"7618",2023-09-27,10,45,7630.7,318,0,0,25.1229323308271,0,0,7780.7,320,0,0,0,0
"7619",2023-09-27,10,50,7680.7,319,0,0,25.1229323308271,0,0,7780.7,320,0,0,0,0
"7620",2023-09-27,10,55,7541.7,320,0,0,25.1229323308271,0,0,7780.7,320,0,0,0,0
"7621",2023-09-27,11,0,7817.7,323,0,0,28.1459833795014,0,0,10160.7,379,0,0,0,0
"7622",2023-09-27,11,5,8591.7,342,0,0,28.1459833795014,0,0,10160.7,379,0,0,0,0
"7623",2023-09-27,11,10,9044.7,345,0,0,28.1459833795014,0,0,10160.7,379,0,0,0,0
"7624",2023-09-27,11,15,8972.7,351,0,0,28.1459833795014,0,0,10160.7,379,0,0,0,0
"7625",2023-09-27,11,20,9167.7,352,0,0,28.1459833795014,0,0,10160.7,379,0,0,0,0
"7626",2023-09-27,11,25,9610.7,357,0,0,28.1459833795014,0,0,10160.7,379,0,0,0,0
"7627",2023-09-27,11,30,10160.7,361,0,0,28.1459833795014,0,0,10160.7,379,0,0,0,0
"7628",2023-09-27,11,35,9827.7,377,0,0,28.1459833795014,0,0,10160.7,379,0,0,0,0
"7629",2023-09-27,11,40,9178.7,375,0,0,28.1459833795014,0,0,10160.7,379,0,0,0,0
"7630",2023-09-27,11,45,9046.7,374,0,0,28.1459833795014,0,0,10160.7,379,0,0,0,0
"7631",2023-09-27,11,50,9112.7,378,0,0,28.1459833795014,0,0,10160.7,379,0,0,0,0
"7632",2023-09-27,11,55,8912.7,379,0,0,28.1459833795014,0,0,10160.7,379,0,0,0,0
"7633",2023-09-27,12,0,8967.7,381,0,0,23.5372703412073,0,0,9588.7,409,0,0,0,0
"7634",2023-09-27,12,5,8650.7,394,0,0,23.5372703412073,0,0,9588.7,409,0,0,0,0
"7635",2023-09-27,12,10,8825.7,398,0,0,23.5372703412073,0,0,9588.7,409,0,0,0,0
"7636",2023-09-27,12,15,9183.7,404,0,0,23.5372703412073,0,0,9588.7,409,0,0,0,0
"7637",2023-09-27,12,20,9003.7,402,0,0,23.5372703412073,0,0,9588.7,409,0,0,0,0
"7638",2023-09-27,12,25,9588.7,408,0,0,23.5372703412073,0,0,9588.7,409,0,0,0,0
"7639",2023-09-27,12,30,9427.7,406,0,0,23.5372703412073,0,0,9588.7,409,0,0,0,0
"7640",2023-09-27,12,35,9266.7,409,0,0,23.5372703412073,0,0,9588.7,409,0,0,0,0
"7641",2023-09-27,12,40,9361.7,408,0,0,23.5372703412073,0,0,9588.7,409,0,0,0,0
"7642",2023-09-27,12,45,9155.7,403,0,0,23.5372703412073,0,0,9588.7,409,0,0,0,0
"7643",2023-09-27,12,50,9224.7,404,0,0,23.5372703412073,0,0,9588.7,409,0,0,0,0
"7644",2023-09-27,12,55,8745.7,403,0,0,23.5372703412073,0,0,9588.7,409,0,0,0,0
"7645",2023-09-27,13,0,8962.7,402,0,0,24.0782716049383,0,0,9751.7,408,0,0,0,0
"7646",2023-09-27,13,5,9151.7,404,0,0,24.0782716049383,0,0,9751.7,408,0,0,0,0
"7647",2023-09-27,13,10,9664.7,408,0,0,24.0782716049383,0,0,9751.7,408,0,0,0,0
"7648",2023-09-27,13,15,9751.7,405,0,0,24.0782716049383,0,0,9751.7,408,0,0,0,0
"7649",2023-09-27,13,20,9196.7,400,0,0,24.0782716049383,0,0,9751.7,408,0,0,0,0
"7650",2023-09-27,13,25,8879.7,399,0,0,24.0782716049383,0,0,9751.7,408,0,0,0,0
"7651",2023-09-27,13,30,8826.7,398,0,0,24.0782716049383,0,0,9751.7,408,0,0,0,0
"7652",2023-09-27,13,35,8960.7,395,0,0,24.0782716049383,0,0,9751.7,408,0,0,0,0
"7653",2023-09-27,13,40,8952.7,396,0,0,24.0782716049383,0,0,9751.7,408,0,0,0,0
"7654",2023-09-27,13,45,9208.7,394,0,0,24.0782716049383,0,0,9751.7,408,0,0,0,0
"7655",2023-09-27,13,50,8737.7,394,0,0,24.0782716049383,0,0,9751.7,408,0,0,0,0
"7656",2023-09-27,13,55,8879.7,395,0,0,24.0782716049383,0,0,9751.7,408,0,0,0,0
"7657",2023-09-27,14,0,8768.7,391,0,0,28.9189839572193,0,0,10815.7,391,0,0,0,0
"7658",2023-09-27,14,5,8955.7,377,0,0,28.9189839572193,0,0,10815.7,391,0,0,0,0
"7659",2023-09-27,14,10,8987.7,373,0,0,28.9189839572193,0,0,10815.7,391,0,0,0,0
"7660",2023-09-27,14,15,8833.7,365,0,0,28.9189839572193,0,0,10815.7,391,0,0,0,0
"7661",2023-09-27,14,20,9068.7,365,0,0,28.9189839572193,0,0,10815.7,391,0,0,0,0
"7662",2023-09-27,14,25,9237.7,365,0,0,28.9189839572193,0,0,10815.7,391,0,0,0,0
"7663",2023-09-27,14,30,9183.7,346,0,0,28.9189839572193,0,0,10815.7,391,0,0,0,0
"7664",2023-09-27,14,35,9601.7,350,0,0,28.9189839572193,0,0,10815.7,391,0,0,0,0
"7665",2023-09-27,14,40,9432.7,349,0,0,28.9189839572193,0,0,10815.7,391,0,0,0,0
"7666",2023-09-27,14,45,9552.7,345,0,0,28.9189839572193,0,0,10815.7,391,0,0,0,0
"7667",2023-09-27,14,50,10094.7,364,0,0,28.9189839572193,0,0,10815.7,391,0,0,0,0
"7668",2023-09-27,14,55,10815.7,374,0,0,28.9189839572193,0,0,10815.7,391,0,0,0,0
"7669",2023-09-27,15,0,10365.7,371,0,0,27.9398921832884,0,0,10365.7,371,0,0,0,0
"7670",2023-09-27,15,5,8925.7,351,0,0,27.9398921832884,0,0,10365.7,371,0,0,0,0
"7671",2023-09-27,15,10,8914.7,352,0,0,27.9398921832884,0,0,10365.7,371,0,0,0,0
"7672",2023-09-27,15,15,8592.7,350,0,0,27.9398921832884,0,0,10365.7,371,0,0,0,0
"7673",2023-09-27,15,20,8741.7,357,0,0,27.9398921832884,0,0,10365.7,371,0,0,0,0
"7674",2023-09-27,15,25,8803.7,353,0,0,27.9398921832884,0,0,10365.7,371,0,0,0,0
"7675",2023-09-27,15,30,8891.7,357,0,0,27.9398921832884,0,0,10365.7,371,0,0,0,0
"7676",2023-09-27,15,35,8043.7,348,0,0,27.9398921832884,0,0,10365.7,371,0,0,0,0
"7677",2023-09-27,15,40,7999.7,346,0,0,27.9398921832884,0,0,10365.7,371,0,0,0,0
"7678",2023-09-27,15,45,8055.7,346,0,0,27.9398921832884,0,0,10365.7,371,0,0,0,0
"7679",2023-09-27,15,50,8335.7,348,0,0,27.9398921832884,0,0,10365.7,371,0,0,0,0
"7680",2023-09-27,15,55,8324.7,348,0,0,27.9398921832884,0,0,10365.7,371,0,0,0,0
"7681",2023-09-27,16,0,8291.7,347,0,0,26.295251396648,0,0,9413.7,358,0,0,0,0
"7682",2023-09-27,16,5,8364.7,351,0,0,26.295251396648,0,0,9413.7,358,0,0,0,0
"7683",2023-09-27,16,10,8506.7,350,0,0,26.295251396648,0,0,9413.7,358,0,0,0,0
"7684",2023-09-27,16,15,8536.7,351,0,0,26.295251396648,0,0,9413.7,358,0,0,0,0
"7685",2023-09-27,16,20,8736.7,352,0,0,26.295251396648,0,0,9413.7,358,0,0,0,0
"7686",2023-09-27,16,25,8819.7,352,0,0,26.295251396648,0,0,9413.7,358,0,0,0,0
"7687",2023-09-27,16,30,9036.7,352,0,0,26.295251396648,0,0,9413.7,358,0,0,0,0
"7688",2023-09-27,16,35,9413.7,358,0,0,26.295251396648,0,0,9413.7,358,0,0,0,0
"7689",2023-09-27,16,40,9298.7,356,0,0,26.295251396648,0,0,9413.7,358,0,0,0,0
"7690",2023-09-27,16,45,8876.7,353,0,0,26.295251396648,0,0,9413.7,358,0,0,0,0
"7691",2023-09-27,16,50,8688.7,349,0,0,26.295251396648,0,0,9413.7,358,0,0,0,0
"7692",2023-09-27,16,55,8827.7,350,0,0,26.295251396648,0,0,9413.7,358,0,0,0,0
"7693",2023-09-27,17,20,9816.7,364,0,0,28.7872282608696,0,0,10593.7,368,0,0,0,0
"7694",2023-09-27,17,25,10064.7,366,0,0,28.7872282608696,0,0,10593.7,368,0,0,0,0
"7695",2023-09-27,17,30,10537.7,368,0,0,28.7872282608696,0,0,10593.7,368,0,0,0,0
"7696",2023-09-27,17,35,9113.7,350,0,0,28.7872282608696,0,0,10593.7,368,0,0,0,0
"7697",2023-09-27,17,40,7225.7,279,0,0,28.7872282608696,0,0,10593.7,368,0,0,0,0
"7698",2023-09-27,17,45,9039.7,346,0,0,28.7872282608696,0,0,10593.7,368,0,0,0,0
"7699",2023-09-27,17,50,8961.7,347,0,0,28.7872282608696,0,0,10593.7,368,0,0,0,0
"7700",2023-09-27,17,55,8660.7,350,0,0,28.7872282608696,0,0,10593.7,368,0,0,0,0
"7701",2023-09-27,17,0,8860.7,351,0,0,28.7872282608696,0,0,10593.7,368,0,0,0,0
"7702",2023-09-27,17,5,10286.7,362,0,0,28.7872282608696,0,0,10593.7,368,0,0,0,0
"7703",2023-09-27,17,10,10593.7,368,0,0,28.7872282608696,0,0,10593.7,368,0,0,0,0
"7704",2023-09-27,17,15,10194.7,365,0,0,28.7872282608696,0,0,10593.7,368,0,0,0,0
"7705",2023-09-27,18,0,8933.7,348,0,0,28.3515759312321,0,0,9894.7,356,0,0,0,0
"7706",2023-09-27,18,5,9894.7,349,0,0,28.3515759312321,0,0,9894.7,356,0,0,0,0
"7707",2023-09-27,18,10,9627.7,349,0,0,28.3515759312321,0,0,9894.7,356,0,0,0,0
"7708",2023-09-27,18,15,9671.7,351,0,0,28.3515759312321,0,0,9894.7,356,0,0,0,0
"7709",2023-09-27,18,20,9734.7,352,0,0,28.3515759312321,0,0,9894.7,356,0,0,0,0
"7710",2023-09-27,18,25,9828.7,355,0,0,28.3515759312321,0,0,9894.7,356,0,0,0,0
"7711",2023-09-27,18,30,9850.7,356,0,0,28.3515759312321,0,0,9894.7,356,0,0,0,0
"7712",2023-09-27,18,35,9325.7,335,0,0,28.3515759312321,0,0,9894.7,356,0,0,0,0
"7713",2023-09-27,18,40,9186.7,335,0,0,28.3515759312321,0,0,9894.7,356,0,0,0,0
"7714",2023-09-27,18,45,9106,330,0,0,28.3515759312321,0,0,9894.7,356,0,0,0,0
"7715",2023-09-27,18,50,9058,331,0,0,28.3515759312321,0,0,9894.7,356,0,0,0,0
"7716",2023-09-27,18,55,8916,329,0,0,28.3515759312321,0,0,9894.7,356,0,0,0,0
"7717",2023-09-27,19,25,8251,309,0,0,28.7921146953405,0,0,9227,326,0,0,0,0
"7718",2023-09-27,19,30,7885,305,0,0,28.7921146953405,0,0,9227,326,0,0,0,0
"7719",2023-09-27,19,35,7279,283,0,0,28.7921146953405,0,0,9227,326,0,0,0,0
"7720",2023-09-27,19,40,7073,278,0,0,28.7921146953405,0,0,9227,326,0,0,0,0
"7721",2023-09-27,19,45,7798,277,0,0,28.7921146953405,0,0,9227,326,0,0,0,0
"7722",2023-09-27,19,50,8033,279,0,0,28.7921146953405,0,0,9227,326,0,0,0,0
"7723",2023-09-27,19,55,7841,275,0,0,28.7921146953405,0,0,9227,326,0,0,0,0
"7724",2023-09-27,19,20,8497,312,0,0,28.7921146953405,0,0,9227,326,0,0,0,0
"7725",2023-09-27,19,0,9227,326,0,0,28.7921146953405,0,0,9227,326,0,0,0,0
"7726",2023-09-27,19,5,8095,313,0,0,28.7921146953405,0,0,9227,326,0,0,0,0
"7727",2023-09-27,19,10,8717,316,0,0,28.7921146953405,0,0,9227,326,0,0,0,0
"7728",2023-09-27,19,15,8231,312,0,0,28.7921146953405,0,0,9227,326,0,0,0,0
"7729",2023-09-27,20,0,8619,279,0,0,30.8924731182796,0,0,8754,286,0,0,0,0
"7730",2023-09-27,20,5,7975,279,0,0,30.8924731182796,0,0,8754,286,0,0,0,0
"7731",2023-09-27,20,10,8754,286,0,0,30.8924731182796,0,0,8754,286,0,0,0,0
"7732",2023-09-27,20,15,8304,283,0,0,30.8924731182796,0,0,8754,286,0,0,0,0
"7733",2023-09-27,20,20,7949,279,0,0,30.8924731182796,0,0,8754,286,0,0,0,0
"7734",2023-09-27,20,25,7993,281,0,0,30.8924731182796,0,0,8754,286,0,0,0,0
"7735",2023-09-27,20,30,8026,283,0,0,30.8924731182796,0,0,8754,286,0,0,0,0
"7736",2023-09-27,20,35,7748,277,0,0,30.8924731182796,0,0,8754,286,0,0,0,0
"7737",2023-09-27,20,40,7814,279,0,0,30.8924731182796,0,0,8754,286,0,0,0,0
"7738",2023-09-27,20,45,7791,280,0,0,30.8924731182796,0,0,8754,286,0,0,0,0
"7739",2023-09-27,20,50,7769,279,0,0,30.8924731182796,0,0,8754,286,0,0,0,0
"7740",2023-09-27,20,55,8142,282,0,0,30.8924731182796,0,0,8754,286,0,0,0,0
"7741",2023-09-27,21,0,7847,283,0,0,27.7279151943463,0,0,8007,296,0,0,0,0
"7742",2023-09-27,21,5,8007,291,0,0,27.7279151943463,0,0,8007,296,0,0,0,0
"7743",2023-09-27,21,10,7713,293,0,0,27.7279151943463,0,0,8007,296,0,0,0,0
"7744",2023-09-27,21,15,7713,293,0,0,27.7279151943463,0,0,8007,296,0,0,0,0
"7745",2023-09-27,21,20,7069,289,0,0,27.7279151943463,0,0,8007,296,0,0,0,0
"7746",2023-09-27,21,25,7241,291,0,0,27.7279151943463,0,0,8007,296,0,0,0,0
"7747",2023-09-27,21,30,7170,292,0,0,27.7279151943463,0,0,8007,296,0,0,0,0
"7748",2023-09-27,21,35,7299,296,0,0,27.7279151943463,0,0,8007,296,0,0,0,0
"7749",2023-09-27,21,40,7449,296,0,0,27.7279151943463,0,0,8007,296,0,0,0,0
"7750",2023-09-27,21,45,7442,296,0,0,27.7279151943463,0,0,8007,296,0,0,0,0
"7751",2023-09-27,21,50,7464,294,0,0,27.7279151943463,0,0,8007,296,0,0,0,0
"7752",2023-09-27,21,55,7486,295,0,0,27.7279151943463,0,0,8007,296,0,0,0,0
"7753",2023-09-27,22,0,7546,297,0,0,27.7163636363636,0,0,7755,297,0,0,0,0
"7754",2023-09-27,22,5,7552,295,0,0,27.7163636363636,0,0,7755,297,0,0,0,0
"7755",2023-09-27,22,10,7497,293,0,0,27.7163636363636,0,0,7755,297,0,0,0,0
"7756",2023-09-27,22,15,7420,289,0,0,27.7163636363636,0,0,7755,297,0,0,0,0
"7757",2023-09-27,22,20,7583,290,0,0,27.7163636363636,0,0,7755,297,0,0,0,0
"7758",2023-09-27,22,25,7755,291,0,0,27.7163636363636,0,0,7755,297,0,0,0,0
"7759",2023-09-27,22,30,7689,288,0,0,27.7163636363636,0,0,7755,297,0,0,0,0
"7760",2023-09-27,22,35,7743,283,0,0,27.7163636363636,0,0,7755,297,0,0,0,0
"7761",2023-09-27,22,40,7699,281,0,0,27.7163636363636,0,0,7755,297,0,0,0,0
"7762",2023-09-27,22,45,7519,280,0,0,27.7163636363636,0,0,7755,297,0,0,0,0
"7763",2023-09-27,22,50,7606,278,0,0,27.7163636363636,0,0,7755,297,0,0,0,0
"7764",2023-09-27,22,55,7622,275,0,0,27.7163636363636,0,0,7755,297,0,0,0,0
"7765",2023-09-27,23,0,7900,275,0,0,28.7272727272727,0,0,7900,275,0,0,0,0
"7766",2023-09-27,23,5,7707,271,0,0,28.7272727272727,0,0,7900,275,0,0,0,0
"7767",2023-09-27,23,10,7374,269,0,0,28.7272727272727,0,0,7900,275,0,0,0,0
"7768",2023-09-27,23,15,7657,270,0,0,28.7272727272727,0,0,7900,275,0,0,0,0
"7769",2023-09-27,23,20,7646,270,0,0,28.7272727272727,0,0,7900,275,0,0,0,0
"7770",2023-09-27,23,25,7316.7,268,0,0,28.7272727272727,0,0,7900,275,0,0,0,0
"7771",2023-09-27,23,30,7147.7,268,0,0,28.7272727272727,0,0,7900,275,0,0,0,0
"7772",2023-09-27,23,35,5746.7,249,0,0,28.7272727272727,0,0,7900,275,0,0,0,0
"7773",2023-09-27,23,40,5735.7,248,0,0,28.7272727272727,0,0,7900,275,0,0,0,0
"7774",2023-09-27,23,45,5718.7,247,0,0,28.7272727272727,0,0,7900,275,0,0,0,0
"7775",2023-09-27,23,50,5908.7,243,0,0,28.7272727272727,0,0,7900,275,0,0,0,0
"7776",2023-09-27,23,55,5842.7,240,0,0,28.7272727272727,0,0,7900,275,0,0,0,0
"7777",2023-09-28,0,0,6182.7,265,0,0,23.6735772357724,0,0,6182.7,265,0,0,0,0
"7778",2023-09-28,0,5,5379.7,250,0,0,23.6735772357724,0,0,6182.7,265,0,0,0,0
"7779",2023-09-28,0,10,5281.7,250,0,0,23.6735772357724,0,0,6182.7,265,0,0,0,0
"7780",2023-09-28,0,15,5248.7,248,0,0,23.6735772357724,0,0,6182.7,265,0,0,0,0
"7781",2023-09-28,0,20,5504.7,247,0,0,23.6735772357724,0,0,6182.7,265,0,0,0,0
"7782",2023-09-28,0,25,5506.7,245,0,0,23.6735772357724,0,0,6182.7,265,0,0,0,0
"7783",2023-09-28,0,30,5823.7,246,0,0,23.6735772357724,0,0,6182.7,265,0,0,0,0
"7784",2023-09-28,0,35,5506.7,246,0,0,23.6735772357724,0,0,6182.7,265,0,0,0,0
"7785",2023-09-28,0,40,5510.4,247,0,0,23.6735772357724,0,0,6182.7,265,0,0,0,0
"7786",2023-09-28,0,45,5254.4,242,0,0,23.6735772357724,0,0,6182.7,265,0,0,0,0
"7787",2023-09-28,0,50,5256.4,242,0,0,23.6735772357724,0,0,6182.7,265,0,0,0,0
"7788",2023-09-28,0,55,5278.4,243,0,0,23.6735772357724,0,0,6182.7,265,0,0,0,0
"7789",2023-09-28,1,0,5278.4,243,0,0,23.4887931034483,0,0,5449.4,243,0,0,0,0
"7790",2023-09-28,1,5,5279.4,237,0,0,23.4887931034483,0,0,5449.4,243,0,0,0,0
"7791",2023-09-28,1,10,5287.4,236,0,0,23.4887931034483,0,0,5449.4,243,0,0,0,0
"7792",2023-09-28,1,15,5215.4,234,0,0,23.4887931034483,0,0,5449.4,243,0,0,0,0
"7793",2023-09-28,1,20,5193.4,233,0,0,23.4887931034483,0,0,5449.4,243,0,0,0,0
"7794",2023-09-28,1,25,5171.4,232,0,0,23.4887931034483,0,0,5449.4,243,0,0,0,0
"7795",2023-09-28,1,30,5449.4,232,0,0,23.4887931034483,0,0,5449.4,243,0,0,0,0
"7796",2023-09-28,1,35,5094.4,227,0,0,23.4887931034483,0,0,5449.4,243,0,0,0,0
"7797",2023-09-28,1,40,4892.4,225,0,0,23.4887931034483,0,0,5449.4,243,0,0,0,0
"7798",2023-09-28,1,45,4892.4,225,0,0,23.4887931034483,0,0,5449.4,243,0,0,0,0
"7799",2023-09-28,1,50,4952.4,225,0,0,23.4887931034483,0,0,5449.4,243,0,0,0,0
"7800",2023-09-28,1,55,4952.4,225,0,0,23.4887931034483,0,0,5449.4,243,0,0,0,0
"7801",2023-09-28,2,0,4626.4,204,0,0,23.2932038834951,0,0,4798.4,206,0,0,0,0
"7802",2023-09-28,2,5,4798.4,206,0,0,23.2932038834951,0,0,4798.4,206,0,0,0,0
"7803",2023-09-28,2,10,4438.4,204,0,0,23.2932038834951,0,0,4798.4,206,0,0,0,0
"7804",2023-09-28,2,15,4427.4,203,0,0,23.2932038834951,0,0,4798.4,206,0,0,0,0
"7805",2023-09-28,2,20,4405.4,202,0,0,23.2932038834951,0,0,4798.4,206,0,0,0,0
"7806",2023-09-28,2,25,4405.4,202,0,0,23.2932038834951,0,0,4798.4,206,0,0,0,0
"7807",2023-09-28,2,30,4525.4,203,0,0,23.2932038834951,0,0,4798.4,206,0,0,0,0
"7808",2023-09-28,2,35,4303.4,200,0,0,23.2932038834951,0,0,4798.4,206,0,0,0,0
"7809",2023-09-28,2,40,4183.4,199,0,0,23.2932038834951,0,0,4798.4,206,0,0,0,0
"7810",2023-09-28,2,45,4183.4,199,0,0,23.2932038834951,0,0,4798.4,206,0,0,0,0
"7811",2023-09-28,2,50,4183.4,199,0,0,23.2932038834951,0,0,4798.4,206,0,0,0,0
"7812",2023-09-28,2,55,4483.4,199,0,0,23.2932038834951,0,0,4798.4,206,0,0,0,0
"7813",2023-09-28,3,0,4461.4,198,0,0,23.3030612244898,0,0,4600.4,198,0,0,0,0
"7814",2023-09-28,3,5,4600.4,198,0,0,23.3030612244898,0,0,4600.4,198,0,0,0,0
"7815",2023-09-28,3,10,4589.4,197,0,0,23.3030612244898,0,0,4600.4,198,0,0,0,0
"7816",2023-09-28,3,15,4567.4,196,0,0,23.3030612244898,0,0,4600.4,198,0,0,0,0
"7817",2023-09-28,3,20,4578.4,197,0,0,23.3030612244898,0,0,4600.4,198,0,0,0,0
"7818",2023-09-28,3,25,4278.4,196,0,0,23.3030612244898,0,0,4600.4,198,0,0,0,0
"7819",2023-09-28,3,30,4300.4,197,0,0,23.3030612244898,0,0,4600.4,198,0,0,0,0
"7820",2023-09-28,3,35,4195.4,193,0,0,23.3030612244898,0,0,4600.4,198,0,0,0,0
"7821",2023-09-28,3,40,4217.4,194,0,0,23.3030612244898,0,0,4600.4,198,0,0,0,0
"7822",2023-09-28,3,45,4195.4,193,0,0,23.3030612244898,0,0,4600.4,198,0,0,0,0
"7823",2023-09-28,3,50,4162.4,191,0,0,23.3030612244898,0,0,4600.4,198,0,0,0,0
"7824",2023-09-28,3,55,4118.4,189,0,0,23.3030612244898,0,0,4600.4,198,0,0,0,0
"7825",2023-09-28,4,0,4107.4,188,0,0,23.7751351351351,0,0,4420.4,188,0,0,0,0
"7826",2023-09-28,4,5,3935.4,186,0,0,23.7751351351351,0,0,4420.4,188,0,0,0,0
"7827",2023-09-28,4,10,3913.4,185,0,0,23.7751351351351,0,0,4420.4,188,0,0,0,0
"7828",2023-09-28,4,15,3913.4,185,0,0,23.7751351351351,0,0,4420.4,188,0,0,0,0
"7829",2023-09-28,4,20,3880.4,183,0,0,23.7751351351351,0,0,4420.4,188,0,0,0,0
"7830",2023-09-28,4,25,3880.4,183,0,0,23.7751351351351,0,0,4420.4,188,0,0,0,0
"7831",2023-09-28,4,30,3880.4,183,0,0,23.7751351351351,0,0,4420.4,188,0,0,0,0
"7832",2023-09-28,4,35,3880.4,183,0,0,23.7751351351351,0,0,4420.4,188,0,0,0,0
"7833",2023-09-28,4,40,4120.4,185,0,0,23.7751351351351,0,0,4420.4,188,0,0,0,0
"7834",2023-09-28,4,45,4398.4,185,0,0,23.7751351351351,0,0,4420.4,188,0,0,0,0
"7835",2023-09-28,4,50,4420.4,186,0,0,23.7751351351351,0,0,4420.4,188,0,0,0,0
"7836",2023-09-28,4,55,4420.4,186,0,0,23.7751351351351,0,0,4420.4,188,0,0,0,0
"7837",2023-09-28,5,0,4398.4,185,0,0,25.1156756756757,0,0,4668.4,186,0,0,0,0
"7838",2023-09-28,5,5,4668.4,186,0,0,25.1156756756757,0,0,4668.4,186,0,0,0,0
"7839",2023-09-28,5,10,4646.4,185,0,0,25.1156756756757,0,0,4668.4,186,0,0,0,0
"7840",2023-09-28,5,15,4324.4,183,0,0,25.1156756756757,0,0,4668.4,186,0,0,0,0
"7841",2023-09-28,5,20,4291.4,181,0,0,25.1156756756757,0,0,4668.4,186,0,0,0,0
"7842",2023-09-28,5,25,4291.4,181,0,0,25.1156756756757,0,0,4668.4,186,0,0,0,0
"7843",2023-09-28,5,30,3931.4,179,0,0,25.1156756756757,0,0,4668.4,186,0,0,0,0
"7844",2023-09-28,5,35,4081.4,179,0,0,25.1156756756757,0,0,4668.4,186,0,0,0,0
"7845",2023-09-28,5,40,4081.4,179,0,0,25.1156756756757,0,0,4668.4,186,0,0,0,0
"7846",2023-09-28,5,45,4064.4,178,0,0,25.1156756756757,0,0,4668.4,186,0,0,0,0
"7847",2023-09-28,5,50,4064.4,178,0,0,25.1156756756757,0,0,4668.4,186,0,0,0,0
"7848",2023-09-28,5,55,4064.4,178,0,0,25.1156756756757,0,0,4668.4,186,0,0,0,0
"7849",2023-09-28,6,0,4064.4,178,0,0,22.8337078651685,0,0,4064.4,178,0,0,0,0
"7850",2023-09-28,6,5,3976.4,175,0,0,22.8337078651685,0,0,4064.4,178,0,0,0,0
"7851",2023-09-28,6,10,3976.4,175,0,0,22.8337078651685,0,0,4064.4,178,0,0,0,0
"7852",2023-09-28,6,15,3954.4,174,0,0,22.8337078651685,0,0,4064.4,178,0,0,0,0
"7853",2023-09-28,6,20,3954.4,174,0,0,22.8337078651685,0,0,4064.4,178,0,0,0,0
"7854",2023-09-28,6,25,3932.4,173,0,0,22.8337078651685,0,0,4064.4,178,0,0,0,0
"7855",2023-09-28,6,30,3932.4,173,0,0,22.8337078651685,0,0,4064.4,178,0,0,0,0
"7856",2023-09-28,6,35,3774.4,171,0,0,22.8337078651685,0,0,4064.4,178,0,0,0,0
"7857",2023-09-28,6,40,3774.4,171,0,0,22.8337078651685,0,0,4064.4,178,0,0,0,0
"7858",2023-09-28,6,45,3774.4,171,0,0,22.8337078651685,0,0,4064.4,178,0,0,0,0
"7859",2023-09-28,6,50,3774.4,171,0,0,22.8337078651685,0,0,4064.4,178,0,0,0,0
"7860",2023-09-28,6,55,3774.4,171,0,0,22.8337078651685,0,0,4064.4,178,0,0,0,0
"7861",2023-09-28,7,0,3796.4,172,0,0,22.9547619047619,0,0,3977.4,174,0,0,0,0
"7862",2023-09-28,7,5,3771.4,171,0,0,22.9547619047619,0,0,3977.4,174,0,0,0,0
"7863",2023-09-28,7,10,3771.4,171,0,0,22.9547619047619,0,0,3977.4,174,0,0,0,0
"7864",2023-09-28,7,15,3749.4,170,0,0,22.9547619047619,0,0,3977.4,174,0,0,0,0
"7865",2023-09-28,7,20,3749.4,170,0,0,22.9547619047619,0,0,3977.4,174,0,0,0,0
"7866",2023-09-28,7,25,3749.4,170,0,0,22.9547619047619,0,0,3977.4,174,0,0,0,0
"7867",2023-09-28,7,30,3706.4,167,0,0,22.9547619047619,0,0,3977.4,174,0,0,0,0
"7868",2023-09-28,7,35,3856.4,168,0,0,22.9547619047619,0,0,3977.4,174,0,0,0,0
"7869",2023-09-28,7,40,3878.4,169,0,0,22.9547619047619,0,0,3977.4,174,0,0,0,0
"7870",2023-09-28,7,45,3900.4,170,0,0,22.9547619047619,0,0,3977.4,174,0,0,0,0
"7871",2023-09-28,7,50,3944.4,172,0,0,22.9547619047619,0,0,3977.4,174,0,0,0,0
"7872",2023-09-28,7,55,3977.4,174,0,0,22.9547619047619,0,0,3977.4,174,0,0,0,0
"7873",2023-09-28,8,0,3977.4,174,0,0,22.8586206896552,0,0,4957.7,224,0,0,0,0
"7874",2023-09-28,8,5,3943.4,177,0,0,22.8586206896552,0,0,4957.7,224,0,0,0,0
"7875",2023-09-28,8,10,4009.4,180,0,0,22.8586206896552,0,0,4957.7,224,0,0,0,0
"7876",2023-09-28,8,15,4097.4,184,0,0,22.8586206896552,0,0,4957.7,224,0,0,0,0
"7877",2023-09-28,8,20,4119.4,185,0,0,22.8586206896552,0,0,4957.7,224,0,0,0,0
"7878",2023-09-28,8,25,4174.4,188,0,0,22.8586206896552,0,0,4957.7,224,0,0,0,0
"7879",2023-09-28,8,30,4306.4,196,0,0,22.8586206896552,0,0,4957.7,224,0,0,0,0
"7880",2023-09-28,8,35,4721.4,210,0,0,22.8586206896552,0,0,4957.7,224,0,0,0,0
"7881",2023-09-28,8,40,4796.4,214,0,0,22.8586206896552,0,0,4957.7,224,0,0,0,0
"7882",2023-09-28,8,45,4862.4,219,0,0,22.8586206896552,0,0,4957.7,224,0,0,0,0
"7883",2023-09-28,8,50,4939.4,223,0,0,22.8586206896552,0,0,4957.7,224,0,0,0,0
"7884",2023-09-28,8,55,4957.7,224,0,0,22.8586206896552,0,0,4957.7,224,0,0,0,0
"7885",2023-09-28,9,5,6293.7,235,0,0,28.2077868852459,0,0,6933,263,0,0,0,0
"7886",2023-09-28,9,10,6343.7,236,0,0,28.2077868852459,0,0,6933,263,0,0,0,0
"7887",2023-09-28,9,15,6882.7,244,0,0,28.2077868852459,0,0,6933,263,0,0,0,0
"7888",2023-09-28,9,20,6715.7,246,0,0,28.2077868852459,0,0,6933,263,0,0,0,0
"7889",2023-09-28,9,25,6933,251,0,0,28.2077868852459,0,0,6933,263,0,0,0,0
"7890",2023-09-28,9,30,6911,250,0,0,28.2077868852459,0,0,6933,263,0,0,0,0
"7891",2023-09-28,9,35,6540,258,0,0,28.2077868852459,0,0,6933,263,0,0,0,0
"7892",2023-09-28,9,40,6338,257,0,0,28.2077868852459,0,0,6933,263,0,0,0,0
"7893",2023-09-28,9,45,6347,256,0,0,28.2077868852459,0,0,6933,263,0,0,0,0
"7894",2023-09-28,9,50,6434,259,0,0,28.2077868852459,0,0,6933,263,0,0,0,0
"7895",2023-09-28,9,55,6322,263,0,0,28.2077868852459,0,0,6933,263,0,0,0,0
"7896",2023-09-28,9,0,5361.7,228,0,0,28.2077868852459,0,0,6933,263,0,0,0,0
"7897",2023-09-28,10,0,6449,268,0,0,26.0371428571429,0,0,9113,350,0,0,0,0
"7898",2023-09-28,10,5,6839,289,0,0,26.0371428571429,0,0,9113,350,0,0,0,0
"7899",2023-09-28,10,10,6511,288,0,0,26.0371428571429,0,0,9113,350,0,0,0,0
"7900",2023-09-28,10,15,6708,293,0,0,26.0371428571429,0,0,9113,350,0,0,0,0
"7901",2023-09-28,10,20,7145,298,0,0,26.0371428571429,0,0,9113,350,0,0,0,0
"7902",2023-09-28,10,25,7145,298,0,0,26.0371428571429,0,0,9113,350,0,0,0,0
"7903",2023-09-28,10,30,7134,298,0,0,26.0371428571429,0,0,9113,350,0,0,0,0
"7904",2023-09-28,10,35,8004,332,0,0,26.0371428571429,0,0,9113,350,0,0,0,0
"7905",2023-09-28,10,40,8315,334,0,0,26.0371428571429,0,0,9113,350,0,0,0,0
"7906",2023-09-28,10,45,8550,338,0,0,26.0371428571429,0,0,9113,350,0,0,0,0
"7907",2023-09-28,10,50,8976,345,0,0,26.0371428571429,0,0,9113,350,0,0,0,0
"7908",2023-09-28,10,55,9113,350,0,0,26.0371428571429,0,0,9113,350,0,0,0,0
"7909",2023-09-28,11,0,8786,350,0,0,28.3868421052632,0,0,10787,390,0,0,0,0
"7910",2023-09-28,11,5,10148,373,0,0,28.3868421052632,0,0,10787,390,0,0,0,0
"7911",2023-09-28,11,10,10214,377,0,0,28.3868421052632,0,0,10787,390,0,0,0,0
"7912",2023-09-28,11,15,10258,379,0,0,28.3868421052632,0,0,10787,390,0,0,0,0
"7913",2023-09-28,11,20,10087,377,0,0,28.3868421052632,0,0,10787,390,0,0,0,0
"7914",2023-09-28,11,25,9971,374,0,0,28.3868421052632,0,0,10787,390,0,0,0,0
"7915",2023-09-28,11,30,10601,376,0,0,28.3868421052632,0,0,10787,390,0,0,0,0
"7916",2023-09-28,11,35,10787,380,0,0,28.3868421052632,0,0,10787,390,0,0,0,0
"7917",2023-09-28,11,40,10628,385,0,0,28.3868421052632,0,0,10787,390,0,0,0,0
"7918",2023-09-28,11,45,10394,386,0,0,28.3868421052632,0,0,10787,390,0,0,0,0
"7919",2023-09-28,11,50,10620,389,0,0,28.3868421052632,0,0,10787,390,0,0,0,0
"7920",2023-09-28,11,55,10634,390,0,0,28.3868421052632,0,0,10787,390,0,0,0,0
"7921",2023-09-28,12,0,10759,398,0,0,28.0814814814815,0,0,11373,405,0,0,0,0
"7922",2023-09-28,12,5,10574,392,0,0,28.0814814814815,0,0,11373,405,0,0,0,0
"7923",2023-09-28,12,10,10613,392,0,0,28.0814814814815,0,0,11373,405,0,0,0,0
"7924",2023-09-28,12,15,10575,393,0,0,28.0814814814815,0,0,11373,405,0,0,0,0
"7925",2023-09-28,12,20,10405,398,0,0,28.0814814814815,0,0,11373,405,0,0,0,0
"7926",2023-09-28,12,25,9925,396,0,0,28.0814814814815,0,0,11373,405,0,0,0,0
"7927",2023-09-28,12,30,10045,396,0,0,28.0814814814815,0,0,11373,405,0,0,0,0
"7928",2023-09-28,12,35,10625,402,0,0,28.0814814814815,0,0,11373,405,0,0,0,0
"7929",2023-09-28,12,40,10965,403,0,0,28.0814814814815,0,0,11373,405,0,0,0,0
"7930",2023-09-28,12,45,10998,405,0,0,28.0814814814815,0,0,11373,405,0,0,0,0
"7931",2023-09-28,12,50,10844,397,0,0,28.0814814814815,0,0,11373,405,0,0,0,0
"7932",2023-09-28,12,55,11373,405,0,0,28.0814814814815,0,0,11373,405,0,0,0,0
"7933",2023-09-28,13,0,11291,402,0,0,28.990099009901,0,0,11712,406,0,0,0,0
"7934",2023-09-28,13,5,11535,404,0,0,28.990099009901,0,0,11712,406,0,0,0,0
"7935",2023-09-28,13,10,11297,400,0,0,28.990099009901,0,0,11712,406,0,0,0,0
"7936",2023-09-28,13,15,11429,406,0,0,28.990099009901,0,0,11712,406,0,0,0,0
"7937",2023-09-28,13,20,11712,404,0,0,28.990099009901,0,0,11712,406,0,0,0,0
"7938",2023-09-28,13,25,11498,399,0,0,28.990099009901,0,0,11712,406,0,0,0,0
"7939",2023-09-28,13,30,11195,395,0,0,28.990099009901,0,0,11712,406,0,0,0,0
"7940",2023-09-28,13,35,10849,395,0,0,28.990099009901,0,0,11712,406,0,0,0,0
"7941",2023-09-28,13,40,10740,394,0,0,28.990099009901,0,0,11712,406,0,0,0,0
"7942",2023-09-28,13,45,10701,393,0,0,28.990099009901,0,0,11712,406,0,0,0,0
"7943",2023-09-28,13,50,10734,394,0,0,28.990099009901,0,0,11712,406,0,0,0,0
"7944",2023-09-28,13,55,10603,389,0,0,28.990099009901,0,0,11712,406,0,0,0,0
"7945",2023-09-28,14,0,10063,390,0,0,28.2897172236504,0,0,11004.7,398,0,0,0,0
"7946",2023-09-28,14,5,10171,398,0,0,28.2897172236504,0,0,11004.7,398,0,0,0,0
"7947",2023-09-28,14,10,10342.7,392,0,0,28.2897172236504,0,0,11004.7,398,0,0,0,0
"7948",2023-09-28,14,15,10260.7,388,0,0,28.2897172236504,0,0,11004.7,398,0,0,0,0
"7949",2023-09-28,14,20,10167.7,383,0,0,28.2897172236504,0,0,11004.7,398,0,0,0,0
"7950",2023-09-28,14,25,10203.7,386,0,0,28.2897172236504,0,0,11004.7,398,0,0,0,0
"7951",2023-09-28,14,30,10455.7,389,0,0,28.2897172236504,0,0,11004.7,398,0,0,0,0
"7952",2023-09-28,14,35,11004.7,389,0,0,28.2897172236504,0,0,11004.7,398,0,0,0,0
"7953",2023-09-28,14,40,10630.7,389,0,0,28.2897172236504,0,0,11004.7,398,0,0,0,0
"7954",2023-09-28,14,45,10525.7,385,0,0,28.2897172236504,0,0,11004.7,398,0,0,0,0
"7955",2023-09-28,14,50,10834.7,387,0,0,28.2897172236504,0,0,11004.7,398,0,0,0,0
"7956",2023-09-28,14,55,10645.7,387,0,0,28.2897172236504,0,0,11004.7,398,0,0,0,0
"7957",2023-09-28,15,0,10271.7,383,0,0,26.8190600522193,0,0,10271.7,388,0,0,0,0
"7958",2023-09-28,15,5,9662.7,388,0,0,26.8190600522193,0,0,10271.7,388,0,0,0,0
"7959",2023-09-28,15,35,8837.7,368,0,0,26.8190600522193,0,0,10271.7,388,0,0,0,0
"7960",2023-09-28,15,40,9197.7,369,0,0,26.8190600522193,0,0,10271.7,388,0,0,0,0
"7961",2023-09-28,15,45,9142.7,367,0,0,26.8190600522193,0,0,10271.7,388,0,0,0,0
"7962",2023-09-28,15,50,9622.7,368,0,0,26.8190600522193,0,0,10271.7,388,0,0,0,0
"7963",2023-09-28,15,55,9622.7,367,0,0,26.8190600522193,0,0,10271.7,388,0,0,0,0
"7964",2023-09-28,15,20,9495.7,383,0,0,26.8190600522193,0,0,10271.7,388,0,0,0,0
"7965",2023-09-28,15,25,9823.7,380,0,0,26.8190600522193,0,0,10271.7,388,0,0,0,0
"7966",2023-09-28,15,30,9141.7,377,0,0,26.8190600522193,0,0,10271.7,388,0,0,0,0
"7967",2023-09-28,15,10,9391.7,379,0,0,26.8190600522193,0,0,10271.7,388,0,0,0,0
"7968",2023-09-28,15,15,9173.7,380,0,0,26.8190600522193,0,0,10271.7,388,0,0,0,0
"7969",2023-09-28,16,0,9206.7,362,0,0,29.5336206896552,0,0,10357.7,362,0,0,0,0
"7970",2023-09-28,16,5,9076.7,355,0,0,29.5336206896552,0,0,10357.7,362,0,0,0,0
"7971",2023-09-28,16,10,9109.7,356,0,0,29.5336206896552,0,0,10357.7,362,0,0,0,0
"7972",2023-09-28,16,15,9479.7,357,0,0,29.5336206896552,0,0,10357.7,362,0,0,0,0
"7973",2023-09-28,16,20,10079.7,359,0,0,29.5336206896552,0,0,10357.7,362,0,0,0,0
"7974",2023-09-28,16,25,10357.7,359,0,0,29.5336206896552,0,0,10357.7,362,0,0,0,0
"7975",2023-09-28,16,30,10265.7,361,0,0,29.5336206896552,0,0,10357.7,362,0,0,0,0
"7976",2023-09-28,16,35,10277.7,348,0,0,29.5336206896552,0,0,10357.7,362,0,0,0,0
"7977",2023-09-28,16,40,10340.7,352,0,0,29.5336206896552,0,0,10357.7,362,0,0,0,0
"7978",2023-09-28,16,45,10073.7,353,0,0,29.5336206896552,0,0,10357.7,362,0,0,0,0
"7979",2023-09-28,16,50,9833.7,351,0,0,29.5336206896552,0,0,10357.7,362,0,0,0,0
"7980",2023-09-28,16,55,9877.7,352,0,0,29.5336206896552,0,0,10357.7,362,0,0,0,0
"7981",2023-09-28,17,0,9386.7,351,0,0,28.7280334728033,0,0,9514.7,353,0,0,0,0
"7982",2023-09-28,17,5,8357.7,349,0,0,28.7280334728033,0,0,9514.7,353,0,0,0,0
"7983",2023-09-28,17,10,8477.7,349,0,0,28.7280334728033,0,0,9514.7,353,0,0,0,0
"7984",2023-09-28,17,15,8339.7,348,0,0,28.7280334728033,0,0,9514.7,353,0,0,0,0
"7985",2023-09-28,17,20,8801.7,349,0,0,28.7280334728033,0,0,9514.7,353,0,0,0,0
"7986",2023-09-28,17,25,8365.7,351,0,0,28.7280334728033,0,0,9514.7,353,0,0,0,0
"7987",2023-09-28,17,30,8098.7,353,0,0,28.7280334728033,0,0,9514.7,353,0,0,0,0
"7988",2023-09-28,17,35,8824.7,350,0,0,28.7280334728033,0,0,9514.7,353,0,0,0,0
"7989",2023-09-28,17,40,9164.7,345,0,0,28.7280334728033,0,0,9514.7,353,0,0,0,0
"7990",2023-09-28,17,45,9514.7,346,0,0,28.7280334728033,0,0,9514.7,353,0,0,0,0
"7991",2023-09-28,17,50,6866,239,0,0,28.7280334728033,0,0,9514.7,353,0,0,0,0
"7992",2023-09-28,17,55,8840.7,343,0,0,28.7280334728033,0,0,9514.7,353,0,0,0,0
"7993",2023-09-28,18,0,8438.7,326,0,0,25.8855828220859,0,0,8438.7,335,0,0,0,0
"7994",2023-09-28,18,5,8256.7,335,0,0,25.8855828220859,0,0,8438.7,335,0,0,0,0
"7995",2023-09-28,18,10,7708.7,330,0,0,25.8855828220859,0,0,8438.7,335,0,0,0,0
"7996",2023-09-28,18,15,7725.7,328,0,0,25.8855828220859,0,0,8438.7,335,0,0,0,0
"7997",2023-09-28,18,20,7930.7,327,0,0,25.8855828220859,0,0,8438.7,335,0,0,0,0
"7998",2023-09-28,18,25,7854.7,329,0,0,25.8855828220859,0,0,8438.7,335,0,0,0,0
"7999",2023-09-28,18,30,8197.7,327,0,0,25.8855828220859,0,0,8438.7,335,0,0,0,0
"8000",2023-09-28,18,35,8165.7,325,0,0,25.8855828220859,0,0,8438.7,335,0,0,0,0
"8001",2023-09-28,18,40,7648.7,322,0,0,25.8855828220859,0,0,8438.7,335,0,0,0,0
"8002",2023-09-28,18,45,7630.4,323,0,0,25.8855828220859,0,0,8438.7,335,0,0,0,0
"8003",2023-09-28,18,50,7359.4,322,0,0,25.8855828220859,0,0,8438.7,335,0,0,0,0
"8004",2023-09-28,18,55,7337.4,321,0,0,25.8855828220859,0,0,8438.7,335,0,0,0,0
"8005",2023-09-28,19,0,7209.4,320,0,0,24.2865979381443,0,0,7489.4,320,0,0,0,0
"8006",2023-09-28,19,5,7153.4,309,0,0,24.2865979381443,0,0,7489.4,320,0,0,0,0
"8007",2023-09-28,19,10,7178.4,311,0,0,24.2865979381443,0,0,7489.4,320,0,0,0,0
"8008",2023-09-28,19,15,7489.4,312,0,0,24.2865979381443,0,0,7489.4,320,0,0,0,0
"8009",2023-09-28,19,20,7365.4,309,0,0,24.2865979381443,0,0,7489.4,320,0,0,0,0
"8010",2023-09-28,19,25,7419.4,306,0,0,24.2865979381443,0,0,7489.4,320,0,0,0,0
"8011",2023-09-28,19,30,7067.4,291,0,0,24.2865979381443,0,0,7489.4,320,0,0,0,0
"8012",2023-09-28,19,35,6468.4,300,0,0,24.2865979381443,0,0,7489.4,320,0,0,0,0
"8013",2023-09-28,19,40,6488.4,300,0,0,24.2865979381443,0,0,7489.4,320,0,0,0,0
"8014",2023-09-28,19,45,6886.7,303,0,0,24.2865979381443,0,0,7489.4,320,0,0,0,0
"8015",2023-09-28,19,50,6619.4,297,0,0,24.2865979381443,0,0,7489.4,320,0,0,0,0
"8016",2023-09-28,19,55,7219.4,298,0,0,24.2865979381443,0,0,7489.4,320,0,0,0,0
"8017",2023-09-28,20,0,7197.4,297,0,0,25.8931147540984,0,0,7897.4,307,0,0,0,0
"8018",2023-09-28,20,5,7432.4,296,0,0,25.8931147540984,0,0,7897.4,307,0,0,0,0
"8019",2023-09-28,20,10,7487.4,299,0,0,25.8931147540984,0,0,7897.4,307,0,0,0,0
"8020",2023-09-28,20,15,7553.4,302,0,0,25.8931147540984,0,0,7897.4,307,0,0,0,0
"8021",2023-09-28,20,20,7897.4,305,0,0,25.8931147540984,0,0,7897.4,307,0,0,0,0
"8022",2023-09-28,20,25,7580.4,304,0,0,25.8931147540984,0,0,7897.4,307,0,0,0,0
"8023",2023-09-28,20,30,7613.4,305,0,0,25.8931147540984,0,0,7897.4,307,0,0,0,0
"8024",2023-09-28,20,35,7425.4,307,0,0,25.8931147540984,0,0,7897.4,307,0,0,0,0
"8025",2023-09-28,20,40,6759.4,301,0,0,25.8931147540984,0,0,7897.4,307,0,0,0,0
"8026",2023-09-28,20,45,6870.4,301,0,0,25.8931147540984,0,0,7897.4,307,0,0,0,0
"8027",2023-09-28,20,50,6935.4,299,0,0,25.8931147540984,0,0,7897.4,307,0,0,0,0
"8028",2023-09-28,20,55,7203.4,301,0,0,25.8931147540984,0,0,7897.4,307,0,0,0,0
"8029",2023-09-28,21,0,7247.4,302,0,0,27.2260586319218,0,0,8358.4,310,0,0,0,0
"8030",2023-09-28,21,5,8255.4,310,0,0,27.2260586319218,0,0,8358.4,310,0,0,0,0
"8031",2023-09-28,21,10,8317.4,307,0,0,27.2260586319218,0,0,8358.4,310,0,0,0,0
"8032",2023-09-28,21,15,8358.4,307,0,0,27.2260586319218,0,0,8358.4,310,0,0,0,0
"8033",2023-09-28,21,20,8121.4,307,0,0,27.2260586319218,0,0,8358.4,310,0,0,0,0
"8034",2023-09-28,21,25,8012.4,305,0,0,27.2260586319218,0,0,8358.4,310,0,0,0,0
"8035",2023-09-28,21,30,7734.4,304,0,0,27.2260586319218,0,0,8358.4,310,0,0,0,0
"8036",2023-09-28,21,35,7855.4,302,0,0,27.2260586319218,0,0,8358.4,310,0,0,0,0
"8037",2023-09-28,21,40,7284.7,300,0,0,27.2260586319218,0,0,8358.4,310,0,0,0,0
"8038",2023-09-28,21,45,7682.7,301,0,0,27.2260586319218,0,0,8358.4,310,0,0,0,0
"8039",2023-09-28,21,50,7951.7,302,0,0,27.2260586319218,0,0,8358.4,310,0,0,0,0
"8040",2023-09-28,21,55,7576.7,303,0,0,27.2260586319218,0,0,8358.4,310,0,0,0,0
"8041",2023-09-28,22,0,7582.7,300,0,0,25.2756666666667,0,0,7582.7,300,0,0,0,0
"8042",2023-09-28,22,5,6830.7,294,0,0,25.2756666666667,0,0,7582.7,300,0,0,0,0
"8043",2023-09-28,22,10,6616.7,286,0,0,25.2756666666667,0,0,7582.7,300,0,0,0,0
"8044",2023-09-28,22,15,6634.7,286,0,0,25.2756666666667,0,0,7582.7,300,0,0,0,0
"8045",2023-09-28,22,20,6478.7,287,0,0,25.2756666666667,0,0,7582.7,300,0,0,0,0
"8046",2023-09-28,22,25,6544.7,291,0,0,25.2756666666667,0,0,7582.7,300,0,0,0,0
"8047",2023-09-28,22,30,6381.7,295,0,0,25.2756666666667,0,0,7582.7,300,0,0,0,0
"8048",2023-09-28,22,35,6519.7,289,0,0,25.2756666666667,0,0,7582.7,300,0,0,0,0
"8049",2023-09-28,22,40,6519.7,289,0,0,25.2756666666667,0,0,7582.7,300,0,0,0,0
"8050",2023-09-28,22,45,6742.7,286,0,0,25.2756666666667,0,0,7582.7,300,0,0,0,0
"8051",2023-09-28,22,50,6698.7,284,0,0,25.2756666666667,0,0,7582.7,300,0,0,0,0
"8052",2023-09-28,22,55,6387.7,283,0,0,25.2756666666667,0,0,7582.7,300,0,0,0,0
"8053",2023-09-28,23,0,6523.7,282,0,0,24.5766666666667,0,0,6877.7,283,0,0,0,0
"8054",2023-09-28,23,5,6379.7,281,0,0,24.5766666666667,0,0,6877.7,283,0,0,0,0
"8055",2023-09-28,23,10,6324.7,278,0,0,24.5766666666667,0,0,6877.7,283,0,0,0,0
"8056",2023-09-28,23,15,6368.7,280,0,0,24.5766666666667,0,0,6877.7,283,0,0,0,0
"8057",2023-09-28,23,20,6788.7,282,0,0,24.5766666666667,0,0,6877.7,283,0,0,0,0
"8058",2023-09-28,23,25,6877.7,283,0,0,24.5766666666667,0,0,6877.7,283,0,0,0,0
"8059",2023-09-28,23,30,6855.7,282,0,0,24.5766666666667,0,0,6877.7,283,0,0,0,0
"8060",2023-09-28,23,35,6701.7,273,0,0,24.5766666666667,0,0,6877.7,283,0,0,0,0
"8061",2023-09-28,23,40,6635.7,270,0,0,24.5766666666667,0,0,6877.7,283,0,0,0,0
"8062",2023-09-28,23,45,6302.7,267,0,0,24.5766666666667,0,0,6877.7,283,0,0,0,0
"8063",2023-09-28,23,50,6373.7,268,0,0,24.5766666666667,0,0,6877.7,283,0,0,0,0
"8064",2023-09-28,23,55,6417.7,270,0,0,24.5766666666667,0,0,6877.7,283,0,0,0,0
"8065",2023-09-29,0,0,5301.7,232,0,0,26.7058558558559,0,0,5928.7,232,0,0,0,0
"8066",2023-09-29,0,5,5200.7,226,0,0,26.7058558558559,0,0,5928.7,232,0,0,0,0
"8067",2023-09-29,0,10,4889.7,224,0,0,26.7058558558559,0,0,5928.7,232,0,0,0,0
"8068",2023-09-29,0,15,4823.7,220,0,0,26.7058558558559,0,0,5928.7,232,0,0,0,0
"8069",2023-09-29,0,20,5101.7,220,0,0,26.7058558558559,0,0,5928.7,232,0,0,0,0
"8070",2023-09-29,0,25,5461.7,221,0,0,26.7058558558559,0,0,5928.7,232,0,0,0,0
"8071",2023-09-29,0,30,5428.7,219,0,0,26.7058558558559,0,0,5928.7,232,0,0,0,0
"8072",2023-09-29,0,35,5464.7,217,0,0,26.7058558558559,0,0,5928.7,232,0,0,0,0
"8073",2023-09-29,0,40,5928.7,222,0,0,26.7058558558559,0,0,5928.7,232,0,0,0,0
"8074",2023-09-29,0,45,5285.7,219,0,0,26.7058558558559,0,0,5928.7,232,0,0,0,0
"8075",2023-09-29,0,50,4952.7,217,0,0,26.7058558558559,0,0,5928.7,232,0,0,0,0
"8076",2023-09-29,0,55,4548.7,213,0,0,26.7058558558559,0,0,5928.7,232,0,0,0,0
"8077",2023-09-29,1,0,4537.7,211,0,0,23.4179723502304,0,0,5081.7,217,0,0,0,0
"8078",2023-09-29,1,5,4601.7,215,0,0,23.4179723502304,0,0,5081.7,217,0,0,0,0
"8079",2023-09-29,1,10,4879.7,215,0,0,23.4179723502304,0,0,5081.7,217,0,0,0,0
"8080",2023-09-29,1,15,4901.7,216,0,0,23.4179723502304,0,0,5081.7,217,0,0,0,0
"8081",2023-09-29,1,20,5081.7,217,0,0,23.4179723502304,0,0,5081.7,217,0,0,0,0
"8082",2023-09-29,1,25,5081.7,217,0,0,23.4179723502304,0,0,5081.7,217,0,0,0,0
"8083",2023-09-29,1,30,5081.7,217,0,0,23.4179723502304,0,0,5081.7,217,0,0,0,0
"8084",2023-09-29,1,35,4621.7,211,0,0,23.4179723502304,0,0,5081.7,217,0,0,0,0
"8085",2023-09-29,1,40,4588.7,209,0,0,23.4179723502304,0,0,5081.7,217,0,0,0,0
"8086",2023-09-29,1,45,4588.7,209,0,0,23.4179723502304,0,0,5081.7,217,0,0,0,0
"8087",2023-09-29,1,50,4538.7,208,0,0,23.4179723502304,0,0,5081.7,217,0,0,0,0
"8088",2023-09-29,1,55,4860.7,210,0,0,23.4179723502304,0,0,5081.7,217,0,0,0,0
"8089",2023-09-29,2,0,5110.4,225,0,0,22.7128888888889,0,0,5110.4,225,0,0,0,0
"8090",2023-09-29,2,5,4931.4,222,0,0,22.7128888888889,0,0,5110.4,225,0,0,0,0
"8091",2023-09-29,2,10,5029.4,222,0,0,22.7128888888889,0,0,5110.4,225,0,0,0,0
"8092",2023-09-29,2,15,5029.4,222,0,0,22.7128888888889,0,0,5110.4,225,0,0,0,0
"8093",2023-09-29,2,20,4983.4,220,0,0,22.7128888888889,0,0,5110.4,225,0,0,0,0
"8094",2023-09-29,2,25,4994.4,220,0,0,22.7128888888889,0,0,5110.4,225,0,0,0,0
"8095",2023-09-29,2,30,4912.4,218,0,0,22.7128888888889,0,0,5110.4,225,0,0,0,0
"8096",2023-09-29,2,35,4752.4,212,0,0,22.7128888888889,0,0,5110.4,225,0,0,0,0
"8097",2023-09-29,2,40,4752.4,212,0,0,22.7128888888889,0,0,5110.4,225,0,0,0,0
"8098",2023-09-29,2,45,4550.4,210,0,0,22.7128888888889,0,0,5110.4,225,0,0,0,0
"8099",2023-09-29,2,50,4528.4,209,0,0,22.7128888888889,0,0,5110.4,225,0,0,0,0
"8100",2023-09-29,2,55,4495.4,207,0,0,22.7128888888889,0,0,5110.4,225,0,0,0,0
"8101",2023-09-29,3,0,4375.4,206,0,0,23.3107843137255,0,0,4777.4,206,0,0,0,0
"8102",2023-09-29,3,5,4177.4,204,0,0,23.3107843137255,0,0,4777.4,206,0,0,0,0
"8103",2023-09-29,3,10,4477.4,205,0,0,23.3107843137255,0,0,4777.4,206,0,0,0,0
"8104",2023-09-29,3,15,4199.4,205,0,0,23.3107843137255,0,0,4777.4,206,0,0,0,0
"8105",2023-09-29,3,20,4499.4,206,0,0,23.3107843137255,0,0,4777.4,206,0,0,0,0
"8106",2023-09-29,3,25,4199.4,205,0,0,23.3107843137255,0,0,4777.4,206,0,0,0,0
"8107",2023-09-29,3,30,4777.4,206,0,0,23.3107843137255,0,0,4777.4,206,0,0,0,0
"8108",2023-09-29,3,35,4755.4,205,0,0,23.3107843137255,0,0,4777.4,206,0,0,0,0
"8109",2023-09-29,3,40,4755.4,205,0,0,23.3107843137255,0,0,4777.4,206,0,0,0,0
"8110",2023-09-29,3,45,4755.4,205,0,0,23.3107843137255,0,0,4777.4,206,0,0,0,0
"8111",2023-09-29,3,50,4755.4,204,0,0,23.3107843137255,0,0,4777.4,206,0,0,0,0
"8112",2023-09-29,3,55,4755.4,204,0,0,23.3107843137255,0,0,4777.4,206,0,0,0,0
"8113",2023-09-29,4,0,4744.4,203,0,0,24.4270935960591,0,0,4958.7,206,0,0,0,0
"8114",2023-09-29,4,5,4788.4,205,0,0,24.4270935960591,0,0,4958.7,206,0,0,0,0
"8115",2023-09-29,4,10,4788.4,205,0,0,24.4270935960591,0,0,4958.7,206,0,0,0,0
"8116",2023-09-29,4,15,4848.4,206,0,0,24.4270935960591,0,0,4958.7,206,0,0,0,0
"8117",2023-09-29,4,20,4848.4,206,0,0,24.4270935960591,0,0,4958.7,206,0,0,0,0
"8118",2023-09-29,4,25,4826.4,205,0,0,24.4270935960591,0,0,4958.7,206,0,0,0,0
"8119",2023-09-29,4,30,4504.4,203,0,0,24.4270935960591,0,0,4958.7,206,0,0,0,0
"8120",2023-09-29,4,35,4706.4,205,0,0,24.4270935960591,0,0,4958.7,206,0,0,0,0
"8121",2023-09-29,4,40,4684.4,204,0,0,24.4270935960591,0,0,4958.7,206,0,0,0,0
"8122",2023-09-29,4,45,4958.7,203,0,0,24.4270935960591,0,0,4958.7,206,0,0,0,0
"8123",2023-09-29,4,50,4958.7,203,0,0,24.4270935960591,0,0,4958.7,206,0,0,0,0
"8124",2023-09-29,4,55,4958.7,203,0,0,24.4270935960591,0,0,4958.7,206,0,0,0,0
"8125",2023-09-29,5,0,4178.7,200,0,0,21.6907692307692,0,0,4262.7,200,0,0,0,0
"8126",2023-09-29,5,5,4189.7,200,0,0,21.6907692307692,0,0,4262.7,200,0,0,0,0
"8127",2023-09-29,5,10,4189.7,200,0,0,21.6907692307692,0,0,4262.7,200,0,0,0,0
"8128",2023-09-29,5,15,4129.7,199,0,0,21.6907692307692,0,0,4262.7,200,0,0,0,0
"8129",2023-09-29,5,20,4107.7,198,0,0,21.6907692307692,0,0,4262.7,200,0,0,0,0
"8130",2023-09-29,5,25,4085.7,197,0,0,21.6907692307692,0,0,4262.7,200,0,0,0,0
"8131",2023-09-29,5,30,4074.7,196,0,0,21.6907692307692,0,0,4262.7,200,0,0,0,0
"8132",2023-09-29,5,35,4202.7,196,0,0,21.6907692307692,0,0,4262.7,200,0,0,0,0
"8133",2023-09-29,5,40,4202.7,196,0,0,21.6907692307692,0,0,4262.7,200,0,0,0,0
"8134",2023-09-29,5,45,4262.7,197,0,0,21.6907692307692,0,0,4262.7,200,0,0,0,0
"8135",2023-09-29,5,50,4240.7,196,0,0,21.6907692307692,0,0,4262.7,200,0,0,0,0
"8136",2023-09-29,5,55,4229.7,195,0,0,21.6907692307692,0,0,4262.7,200,0,0,0,0
"8137",2023-09-29,6,0,4207.7,194,0,0,22.6788659793814,0,0,4443.7,196,0,0,0,0
"8138",2023-09-29,6,5,4443.7,196,0,0,22.6788659793814,0,0,4443.7,196,0,0,0,0
"8139",2023-09-29,6,10,4443.7,196,0,0,22.6788659793814,0,0,4443.7,196,0,0,0,0
"8140",2023-09-29,6,15,4399.7,194,0,0,22.6788659793814,0,0,4443.7,196,0,0,0,0
"8141",2023-09-29,6,20,4399.7,194,0,0,22.6788659793814,0,0,4443.7,196,0,0,0,0
"8142",2023-09-29,6,25,4399.7,194,0,0,22.6788659793814,0,0,4443.7,196,0,0,0,0
"8143",2023-09-29,6,30,4399.7,194,0,0,22.6788659793814,0,0,4443.7,196,0,0,0,0
"8144",2023-09-29,6,35,4223.7,193,0,0,22.6788659793814,0,0,4443.7,196,0,0,0,0
"8145",2023-09-29,6,40,4163.7,192,0,0,22.6788659793814,0,0,4443.7,196,0,0,0,0
"8146",2023-09-29,6,45,4141.7,191,0,0,22.6788659793814,0,0,4443.7,196,0,0,0,0
"8147",2023-09-29,6,50,4059.7,189,0,0,22.6788659793814,0,0,4443.7,196,0,0,0,0
"8148",2023-09-29,6,55,4015.7,187,0,0,22.6788659793814,0,0,4443.7,196,0,0,0,0
"8149",2023-09-29,7,0,3993.7,186,0,0,22.7732984293194,0,0,4360.7,192,0,0,0,0
"8150",2023-09-29,7,5,4209.7,190,0,0,22.7732984293194,0,0,4360.7,192,0,0,0,0
"8151",2023-09-29,7,10,4187.7,189,0,0,22.7732984293194,0,0,4360.7,192,0,0,0,0
"8152",2023-09-29,7,15,4165.7,188,0,0,22.7732984293194,0,0,4360.7,192,0,0,0,0
"8153",2023-09-29,7,20,4165.7,188,0,0,22.7732984293194,0,0,4360.7,192,0,0,0,0
"8154",2023-09-29,7,25,4133.7,187,0,0,22.7732984293194,0,0,4360.7,192,0,0,0,0
"8155",2023-09-29,7,30,4133.7,187,0,0,22.7732984293194,0,0,4360.7,192,0,0,0,0
"8156",2023-09-29,7,35,4349.7,191,0,0,22.7732984293194,0,0,4360.7,192,0,0,0,0
"8157",2023-09-29,7,40,4360.7,192,0,0,22.7732984293194,0,0,4360.7,192,0,0,0,0
"8158",2023-09-29,7,45,4360.7,192,0,0,22.7732984293194,0,0,4360.7,192,0,0,0,0
"8159",2023-09-29,7,50,4316.7,190,0,0,22.7732984293194,0,0,4360.7,192,0,0,0,0
"8160",2023-09-29,7,55,4294.7,189,0,0,22.7732984293194,0,0,4360.7,192,0,0,0,0
"8161",2023-09-29,8,0,4360.7,192,0,0,23.5769607843137,0,0,4809.7,205,0,0,0,0
"8162",2023-09-29,8,5,4365.7,195,0,0,23.5769607843137,0,0,4809.7,205,0,0,0,0
"8163",2023-09-29,8,10,4371.7,194,0,0,23.5769607843137,0,0,4809.7,205,0,0,0,0
"8164",2023-09-29,8,15,4371.7,194,0,0,23.5769607843137,0,0,4809.7,205,0,0,0,0
"8165",2023-09-29,8,20,4371.7,194,0,0,23.5769607843137,0,0,4809.7,205,0,0,0,0
"8166",2023-09-29,8,25,4420.7,194,0,0,23.5769607843137,0,0,4809.7,205,0,0,0,0
"8167",2023-09-29,8,30,4420.7,194,0,0,23.5769607843137,0,0,4809.7,205,0,0,0,0
"8168",2023-09-29,8,35,4315.7,196,0,0,23.5769607843137,0,0,4809.7,205,0,0,0,0
"8169",2023-09-29,8,40,4288.7,196,0,0,23.5769607843137,0,0,4809.7,205,0,0,0,0
"8170",2023-09-29,8,45,4398.7,201,0,0,23.5769607843137,0,0,4809.7,205,0,0,0,0
"8171",2023-09-29,8,50,4809.7,204,0,0,23.5769607843137,0,0,4809.7,205,0,0,0,0
"8172",2023-09-29,8,55,4570.7,205,0,0,23.5769607843137,0,0,4809.7,205,0,0,0,0
"8173",2023-09-29,9,10,5486.7,220,0,0,25.7065384615385,0,0,6804.7,273,0,0,0,0
"8174",2023-09-29,9,15,5454.7,228,0,0,25.7065384615385,0,0,6804.7,273,0,0,0,0
"8175",2023-09-29,9,20,5847.7,237,0,0,25.7065384615385,0,0,6804.7,273,0,0,0,0
"8176",2023-09-29,9,25,6029.7,246,0,0,25.7065384615385,0,0,6804.7,273,0,0,0,0
"8177",2023-09-29,9,30,6006.7,248,0,0,25.7065384615385,0,0,6804.7,273,0,0,0,0
"8178",2023-09-29,9,35,6492.7,259,0,0,25.7065384615385,0,0,6804.7,273,0,0,0,0
"8179",2023-09-29,9,40,6683.7,260,0,0,25.7065384615385,0,0,6804.7,273,0,0,0,0
"8180",2023-09-29,9,45,6804.7,267,0,0,25.7065384615385,0,0,6804.7,273,0,0,0,0
"8181",2023-09-29,9,50,6798.7,267,0,0,25.7065384615385,0,0,6804.7,273,0,0,0,0
"8182",2023-09-29,9,55,6597.7,273,0,0,25.7065384615385,0,0,6804.7,273,0,0,0,0
"8183",2023-09-29,9,0,5083.7,209,0,0,25.7065384615385,0,0,6804.7,273,0,0,0,0
"8184",2023-09-29,9,5,5367.7,214,0,0,25.7065384615385,0,0,6804.7,273,0,0,0,0
"8185",2023-09-29,10,0,7088.7,283,0,0,26.4016233766234,0,0,8508.7,368,0,0,0,0
"8186",2023-09-29,10,5,7940.7,305,0,0,26.4016233766234,0,0,8508.7,368,0,0,0,0
"8187",2023-09-29,10,10,8131.7,308,0,0,26.4016233766234,0,0,8508.7,368,0,0,0,0
"8188",2023-09-29,10,15,8228.7,312,0,0,26.4016233766234,0,0,8508.7,368,0,0,0,0
"8189",2023-09-29,10,20,8060.7,320,0,0,26.4016233766234,0,0,8508.7,368,0,0,0,0
"8190",2023-09-29,10,25,8143.7,324,0,0,26.4016233766234,0,0,8508.7,368,0,0,0,0
"8191",2023-09-29,10,30,8508.7,328,0,0,26.4016233766234,0,0,8508.7,368,0,0,0,0
"8192",2023-09-29,10,35,8175.7,351,0,0,26.4016233766234,0,0,8508.7,368,0,0,0,0
"8193",2023-09-29,10,40,8302.7,355,0,0,26.4016233766234,0,0,8508.7,368,0,0,0,0
"8194",2023-09-29,10,45,8330.7,359,0,0,26.4016233766234,0,0,8508.7,368,0,0,0,0
"8195",2023-09-29,10,50,7894.7,358,0,0,26.4016233766234,0,0,8508.7,368,0,0,0,0
"8196",2023-09-29,10,55,8259.7,368,0,0,26.4016233766234,0,0,8508.7,368,0,0,0,0
"8197",2023-09-29,11,0,8391.7,375,0,0,25.7737745098039,0,0,10545.7,415,0,0,0,0
"8198",2023-09-29,11,5,8645.7,388,0,0,25.7737745098039,0,0,10545.7,415,0,0,0,0
"8199",2023-09-29,11,10,8623.7,387,0,0,25.7737745098039,0,0,10545.7,415,0,0,0,0
"8200",2023-09-29,11,15,8731.7,391,0,0,25.7737745098039,0,0,10545.7,415,0,0,0,0
"8201",2023-09-29,11,20,8968.7,392,0,0,25.7737745098039,0,0,10545.7,415,0,0,0,0
"8202",2023-09-29,11,25,9191.7,389,0,0,25.7737745098039,0,0,10545.7,415,0,0,0,0
"8203",2023-09-29,11,30,9333.7,391,0,0,25.7737745098039,0,0,10545.7,415,0,0,0,0
"8204",2023-09-29,11,35,10515.7,408,0,0,25.7737745098039,0,0,10545.7,415,0,0,0,0
"8205",2023-09-29,11,40,10337.7,409,0,0,25.7737745098039,0,0,10545.7,415,0,0,0,0
"8206",2023-09-29,11,45,10545.7,415,0,0,25.7737745098039,0,0,10545.7,415,0,0,0,0
"8207",2023-09-29,11,50,9923.7,411,0,0,25.7737745098039,0,0,10545.7,415,0,0,0,0
"8208",2023-09-29,11,55,10064.7,406,0,0,25.7737745098039,0,0,10545.7,415,0,0,0,0
"8209",2023-09-29,12,0,10322.7,405,0,0,25.4881481481481,0,0,10322.7,420,0,0,0,0
"8210",2023-09-29,12,5,9528.7,412,0,0,25.4881481481481,0,0,10322.7,420,0,0,0,0
"8211",2023-09-29,12,10,9658.7,413,0,0,25.4881481481481,0,0,10322.7,420,0,0,0,0
"8212",2023-09-29,12,15,9456.7,410,0,0,25.4881481481481,0,0,10322.7,420,0,0,0,0
"8213",2023-09-29,12,20,9445.7,410,0,0,25.4881481481481,0,0,10322.7,420,0,0,0,0
"8214",2023-09-29,12,25,9456.7,410,0,0,25.4881481481481,0,0,10322.7,420,0,0,0,0
"8215",2023-09-29,12,30,9639.7,409,0,0,25.4881481481481,0,0,10322.7,420,0,0,0,0
"8216",2023-09-29,12,35,9837.7,414,0,0,25.4881481481481,0,0,10322.7,420,0,0,0,0
"8217",2023-09-29,12,40,9907.7,416,0,0,25.4881481481481,0,0,10322.7,420,0,0,0,0
"8218",2023-09-29,12,45,9933.7,419,0,0,25.4881481481481,0,0,10322.7,420,0,0,0,0
"8219",2023-09-29,12,50,9816.7,420,0,0,25.4881481481481,0,0,10322.7,420,0,0,0,0
"8220",2023-09-29,12,55,9768.7,419,0,0,25.4881481481481,0,0,10322.7,420,0,0,0,0
"8221",2023-09-29,13,0,9746.7,416,0,0,28.6683574879227,0,0,11868.7,429,0,0,0,0
"8222",2023-09-29,13,5,11142.7,429,0,0,28.6683574879227,0,0,11868.7,429,0,0,0,0
"8223",2023-09-29,13,10,11388.7,427,0,0,28.6683574879227,0,0,11868.7,429,0,0,0,0
"8224",2023-09-29,13,15,11388.7,427,0,0,28.6683574879227,0,0,11868.7,429,0,0,0,0
"8225",2023-09-29,13,20,11707.7,427,0,0,28.6683574879227,0,0,11868.7,429,0,0,0,0
"8226",2023-09-29,13,25,11707.7,427,0,0,28.6683574879227,0,0,11868.7,429,0,0,0,0
"8227",2023-09-29,13,30,11231.7,415,0,0,28.6683574879227,0,0,11868.7,429,0,0,0,0
"8228",2023-09-29,13,35,11704.7,412,0,0,28.6683574879227,0,0,11868.7,429,0,0,0,0
"8229",2023-09-29,13,40,11868.7,414,0,0,28.6683574879227,0,0,11868.7,429,0,0,0,0
"8230",2023-09-29,13,45,10940.7,403,0,0,28.6683574879227,0,0,11868.7,429,0,0,0,0
"8231",2023-09-29,13,50,11033.7,399,0,0,28.6683574879227,0,0,11868.7,429,0,0,0,0
"8232",2023-09-29,13,55,11039.7,397,0,0,28.6683574879227,0,0,11868.7,429,0,0,0,0
"8233",2023-09-29,14,0,10856.7,394,0,0,29.8451351351351,0,0,11192.7,394,0,0,0,0
"8234",2023-09-29,14,5,11192.7,383,0,0,29.8451351351351,0,0,11192.7,394,0,0,0,0
"8235",2023-09-29,14,10,11115.7,378,0,0,29.8451351351351,0,0,11192.7,394,0,0,0,0
"8236",2023-09-29,14,15,11021.7,374,0,0,29.8451351351351,0,0,11192.7,394,0,0,0,0
"8237",2023-09-29,14,20,11042.7,370,0,0,29.8451351351351,0,0,11192.7,394,0,0,0,0
"8238",2023-09-29,14,25,11104.7,375,0,0,29.8451351351351,0,0,11192.7,394,0,0,0,0
"8239",2023-09-29,14,30,11022.7,371,0,0,29.8451351351351,0,0,11192.7,394,0,0,0,0
"8240",2023-09-29,14,35,9658.7,358,0,0,29.8451351351351,0,0,11192.7,394,0,0,0,0
"8241",2023-09-29,14,40,9197.7,356,0,0,29.8451351351351,0,0,11192.7,394,0,0,0,0
"8242",2023-09-29,14,45,9066.7,355,0,0,29.8451351351351,0,0,11192.7,394,0,0,0,0
"8243",2023-09-29,14,50,9104.7,358,0,0,29.8451351351351,0,0,11192.7,394,0,0,0,0
"8244",2023-09-29,14,55,8322.7,354,0,0,29.8451351351351,0,0,11192.7,394,0,0,0,0
"8245",2023-09-29,15,0,8104.7,359,0,0,26.1987373737374,0,0,10374.7,401,0,0,0,0
"8246",2023-09-29,15,5,9082.7,372,0,0,26.1987373737374,0,0,10374.7,401,0,0,0,0
"8247",2023-09-29,15,10,9027.7,371,0,0,26.1987373737374,0,0,10374.7,401,0,0,0,0
"8248",2023-09-29,15,15,9154.7,377,0,0,26.1987373737374,0,0,10374.7,401,0,0,0,0
"8249",2023-09-29,15,20,9536.7,384,0,0,26.1987373737374,0,0,10374.7,401,0,0,0,0
"8250",2023-09-29,15,25,9634.7,384,0,0,26.1987373737374,0,0,10374.7,401,0,0,0,0
"8251",2023-09-29,15,30,9678.7,387,0,0,26.1987373737374,0,0,10374.7,401,0,0,0,0
"8252",2023-09-29,15,35,9236.7,389,0,0,26.1987373737374,0,0,10374.7,401,0,0,0,0
"8253",2023-09-29,15,40,10374.7,396,0,0,26.1987373737374,0,0,10374.7,401,0,0,0,0
"8254",2023-09-29,15,45,10178.7,397,0,0,26.1987373737374,0,0,10374.7,401,0,0,0,0
"8255",2023-09-29,15,50,10294.7,401,0,0,26.1987373737374,0,0,10374.7,401,0,0,0,0
"8256",2023-09-29,15,55,9863.7,399,0,0,26.1987373737374,0,0,10374.7,401,0,0,0,0
"8257",2023-09-29,16,0,10254.7,403,0,0,28.14914004914,0,0,11456.7,416,0,0,0,0
"8258",2023-09-29,16,5,11265.7,412,0,0,28.14914004914,0,0,11456.7,416,0,0,0,0
"8259",2023-09-29,16,10,10546.7,408,0,0,28.14914004914,0,0,11456.7,416,0,0,0,0
"8260",2023-09-29,16,15,10305.7,405,0,0,28.14914004914,0,0,11456.7,416,0,0,0,0
"8261",2023-09-29,16,20,10267.7,406,0,0,28.14914004914,0,0,11456.7,416,0,0,0,0
"8262",2023-09-29,16,25,10803.7,412,0,0,28.14914004914,0,0,11456.7,416,0,0,0,0
"8263",2023-09-29,16,30,11377.7,416,0,0,28.14914004914,0,0,11456.7,416,0,0,0,0
"8264",2023-09-29,16,35,10821.7,402,0,0,28.14914004914,0,0,11456.7,416,0,0,0,0
"8265",2023-09-29,16,40,11456.7,407,0,0,28.14914004914,0,0,11456.7,416,0,0,0,0
"8266",2023-09-29,16,45,11229.7,402,0,0,28.14914004914,0,0,11456.7,416,0,0,0,0
"8267",2023-09-29,16,50,11046.7,404,0,0,28.14914004914,0,0,11456.7,416,0,0,0,0
"8268",2023-09-29,16,55,10980.7,401,0,0,28.14914004914,0,0,11456.7,416,0,0,0,0
"8269",2023-09-29,17,0,10045.7,400,0,0,26.1548469387755,0,0,10252.7,400,0,0,0,0
"8270",2023-09-29,17,5,9952.7,398,0,0,26.1548469387755,0,0,10252.7,400,0,0,0,0
"8271",2023-09-29,17,10,10127.7,395,0,0,26.1548469387755,0,0,10252.7,400,0,0,0,0
"8272",2023-09-29,17,15,10252.7,392,0,0,26.1548469387755,0,0,10252.7,400,0,0,0,0
"8273",2023-09-29,17,20,9903.7,390,0,0,26.1548469387755,0,0,10252.7,400,0,0,0,0
"8274",2023-09-29,17,25,9493.7,383,0,0,26.1548469387755,0,0,10252.7,400,0,0,0,0
"8275",2023-09-29,17,30,9695.7,384,0,0,26.1548469387755,0,0,10252.7,400,0,0,0,0
"8276",2023-09-29,17,35,9069.7,375,0,0,26.1548469387755,0,0,10252.7,400,0,0,0,0
"8277",2023-09-29,17,40,9511.7,378,0,0,26.1548469387755,0,0,10252.7,400,0,0,0,0
"8278",2023-09-29,17,45,9628.7,377,0,0,26.1548469387755,0,0,10252.7,400,0,0,0,0
"8279",2023-09-29,17,50,9191.7,370,0,0,26.1548469387755,0,0,10252.7,400,0,0,0,0
"8280",2023-09-29,17,55,9181.7,364,0,0,26.1548469387755,0,0,10252.7,400,0,0,0,0
"8281",2023-09-29,18,0,9111.7,364,0,0,28.3174647887324,0,0,10052.7,367,0,0,0,0
"8282",2023-09-29,18,5,8912.7,364,0,0,28.3174647887324,0,0,10052.7,367,0,0,0,0
"8283",2023-09-29,18,10,9320.7,366,0,0,28.3174647887324,0,0,10052.7,367,0,0,0,0
"8284",2023-09-29,18,15,9088.7,364,0,0,28.3174647887324,0,0,10052.7,367,0,0,0,0
"8285",2023-09-29,18,20,9126.7,366,0,0,28.3174647887324,0,0,10052.7,367,0,0,0,0
"8286",2023-09-29,18,25,9417.7,366,0,0,28.3174647887324,0,0,10052.7,367,0,0,0,0
"8287",2023-09-29,18,30,9712.7,367,0,0,28.3174647887324,0,0,10052.7,367,0,0,0,0
"8288",2023-09-29,18,35,10016.7,364,0,0,28.3174647887324,0,0,10052.7,367,0,0,0,0
"8289",2023-09-29,18,40,9598.7,358,0,0,28.3174647887324,0,0,10052.7,367,0,0,0,0
"8290",2023-09-29,18,45,9816.7,356,0,0,28.3174647887324,0,0,10052.7,367,0,0,0,0
"8291",2023-09-29,18,50,9780.7,353,0,0,28.3174647887324,0,0,10052.7,367,0,0,0,0
"8292",2023-09-29,18,55,10052.7,355,0,0,28.3174647887324,0,0,10052.7,367,0,0,0,0
"8293",2023-09-29,19,45,8768.7,326,0,0,28.6490196078431,0,0,10227.7,357,0,0,0,0
"8294",2023-09-29,19,50,8320.7,325,0,0,28.6490196078431,0,0,10227.7,357,0,0,0,0
"8295",2023-09-29,19,55,8840.7,328,0,0,28.6490196078431,0,0,10227.7,357,0,0,0,0
"8296",2023-09-29,19,20,8597.7,331,0,0,28.6490196078431,0,0,10227.7,357,0,0,0,0
"8297",2023-09-29,19,25,8869.7,334,0,0,28.6490196078431,0,0,10227.7,357,0,0,0,0
"8298",2023-09-29,19,30,9132.7,337,0,0,28.6490196078431,0,0,10227.7,357,0,0,0,0
"8299",2023-09-29,19,35,7955.7,322,0,0,28.6490196078431,0,0,10227.7,357,0,0,0,0
"8300",2023-09-29,19,40,8139.7,320,0,0,28.6490196078431,0,0,10227.7,357,0,0,0,0
"8301",2023-09-29,19,15,8968.7,334,0,0,28.6490196078431,0,0,10227.7,357,0,0,0,0
"8302",2023-09-29,19,0,10227.7,357,0,0,28.6490196078431,0,0,10227.7,357,0,0,0,0
"8303",2023-09-29,19,5,8671.7,336,0,0,28.6490196078431,0,0,10227.7,357,0,0,0,0
"8304",2023-09-29,19,10,8647.7,329,0,0,28.6490196078431,0,0,10227.7,357,0,0,0,0
"8305",2023-09-29,20,0,8390.7,331,0,0,26.4431677018634,0,0,8514.7,331,0,0,0,0
"8306",2023-09-29,20,5,8504.7,326,0,0,26.4431677018634,0,0,8514.7,331,0,0,0,0
"8307",2023-09-29,20,10,8514.7,322,0,0,26.4431677018634,0,0,8514.7,331,0,0,0,0
"8308",2023-09-29,20,15,8130.7,323,0,0,26.4431677018634,0,0,8514.7,331,0,0,0,0
"8309",2023-09-29,20,20,7508.7,320,0,0,26.4431677018634,0,0,8514.7,331,0,0,0,0
"8310",2023-09-29,20,25,7660.7,319,0,0,26.4431677018634,0,0,8514.7,331,0,0,0,0
"8311",2023-09-29,20,30,7468.7,316,0,0,26.4431677018634,0,0,8514.7,331,0,0,0,0
"8312",2023-09-29,20,35,7717.7,323,0,0,26.4431677018634,0,0,8514.7,331,0,0,0,0
"8313",2023-09-29,20,40,7772.7,326,0,0,26.4431677018634,0,0,8514.7,331,0,0,0,0
"8314",2023-09-29,20,45,7472.7,325,0,0,26.4431677018634,0,0,8514.7,331,0,0,0,0
"8315",2023-09-29,20,50,7300.7,320,0,0,26.4431677018634,0,0,8514.7,331,0,0,0,0
"8316",2023-09-29,20,55,7258.7,318,0,0,26.4431677018634,0,0,8514.7,331,0,0,0,0
"8317",2023-09-29,21,0,7045.7,316,0,0,29.0281976744186,0,0,9995.7,347,0,0,0,0
"8318",2023-09-29,21,5,7857.7,329,0,0,29.0281976744186,0,0,9995.7,347,0,0,0,0
"8319",2023-09-29,21,10,8423.7,336,0,0,29.0281976744186,0,0,9995.7,347,0,0,0,0
"8320",2023-09-29,21,15,8667.7,334,0,0,29.0281976744186,0,0,9995.7,347,0,0,0,0
"8321",2023-09-29,21,20,8795.7,334,0,0,29.0281976744186,0,0,9995.7,347,0,0,0,0
"8322",2023-09-29,21,25,8628.7,334,0,0,29.0281976744186,0,0,9995.7,347,0,0,0,0
"8323",2023-09-29,21,30,8766.7,333,0,0,29.0281976744186,0,0,9995.7,347,0,0,0,0
"8324",2023-09-29,21,35,9108.7,335,0,0,29.0281976744186,0,0,9995.7,347,0,0,0,0
"8325",2023-09-29,21,40,9524.7,340,0,0,29.0281976744186,0,0,9995.7,347,0,0,0,0
"8326",2023-09-29,21,45,9985.7,344,0,0,29.0281976744186,0,0,9995.7,347,0,0,0,0
"8327",2023-09-29,21,50,9885.7,342,0,0,29.0281976744186,0,0,9995.7,347,0,0,0,0
"8328",2023-09-29,21,55,9995.7,347,0,0,29.0281976744186,0,0,9995.7,347,0,0,0,0
"8329",2023-09-29,22,0,9802.7,345,0,0,28.4136231884058,0,0,9802.7,345,0,0,0,0
"8330",2023-09-29,22,5,9268.7,341,0,0,28.4136231884058,0,0,9802.7,345,0,0,0,0
"8331",2023-09-29,22,10,8946.7,339,0,0,28.4136231884058,0,0,9802.7,345,0,0,0,0
"8332",2023-09-29,22,15,8639.7,338,0,0,28.4136231884058,0,0,9802.7,345,0,0,0,0
"8333",2023-09-29,22,20,8070.7,334,0,0,28.4136231884058,0,0,9802.7,345,0,0,0,0
"8334",2023-09-29,22,25,8077.7,334,0,0,28.4136231884058,0,0,9802.7,345,0,0,0,0
"8335",2023-09-29,22,30,7938.7,333,0,0,28.4136231884058,0,0,9802.7,345,0,0,0,0
"8336",2023-09-29,22,35,7706.7,329,0,0,28.4136231884058,0,0,9802.7,345,0,0,0,0
"8337",2023-09-29,22,40,7662.7,327,0,0,28.4136231884058,0,0,9802.7,345,0,0,0,0
"8338",2023-09-29,22,45,7542.7,326,0,0,28.4136231884058,0,0,9802.7,345,0,0,0,0
"8339",2023-09-29,22,50,7809.7,325,0,0,28.4136231884058,0,0,9802.7,345,0,0,0,0
"8340",2023-09-29,22,55,7427.7,322,0,0,28.4136231884058,0,0,9802.7,345,0,0,0,0
"8341",2023-09-29,23,0,7492.7,320,0,0,24.0590517241379,0,0,7492.7,320,0,0,0,0
"8342",2023-09-29,23,5,5823.7,256,0,0,24.0590517241379,0,0,7492.7,320,0,0,0,0
"8343",2023-09-29,23,10,5829.7,255,0,0,24.0590517241379,0,0,7492.7,320,0,0,0,0
"8344",2023-09-29,23,15,5649.7,253,0,0,24.0590517241379,0,0,7492.7,320,0,0,0,0
"8345",2023-09-29,23,20,5561.7,249,0,0,24.0590517241379,0,0,7492.7,320,0,0,0,0
"8346",2023-09-29,23,25,5130.7,247,0,0,24.0590517241379,0,0,7492.7,320,0,0,0,0
"8347",2023-09-29,23,30,5336.7,244,0,0,24.0590517241379,0,0,7492.7,320,0,0,0,0
"8348",2023-09-29,23,35,4992.7,233,0,0,24.0590517241379,0,0,7492.7,320,0,0,0,0
"8349",2023-09-29,23,40,5281.7,233,0,0,24.0590517241379,0,0,7492.7,320,0,0,0,0
"8350",2023-09-29,23,45,4970.7,230,0,0,24.0590517241379,0,0,7492.7,320,0,0,0,0
"8351",2023-09-29,23,50,5259.7,230,0,0,24.0590517241379,0,0,7492.7,320,0,0,0,0
"8352",2023-09-29,23,55,5581.7,232,0,0,24.0590517241379,0,0,7492.7,320,0,0,0,0
"8353",2023-09-30,0,0,6931.4,268,0,0,26.2257261410788,0,0,6931.4,268,0,0,0,0
"8354",2023-09-30,0,5,6517.4,260,0,0,26.2257261410788,0,0,6931.4,268,0,0,0,0
"8355",2023-09-30,0,10,6653.4,259,0,0,26.2257261410788,0,0,6931.4,268,0,0,0,0
"8356",2023-09-30,0,15,5709.4,254,0,0,26.2257261410788,0,0,6931.4,268,0,0,0,0
"8357",2023-09-30,0,20,5376.4,250,0,0,26.2257261410788,0,0,6931.4,268,0,0,0,0
"8358",2023-09-30,0,25,5461.4,246,0,0,26.2257261410788,0,0,6931.4,268,0,0,0,0
"8359",2023-09-30,0,30,5804.4,243,0,0,26.2257261410788,0,0,6931.4,268,0,0,0,0
"8360",2023-09-30,0,35,6320.4,241,0,0,26.2257261410788,0,0,6931.4,268,0,0,0,0
"8361",2023-09-30,0,40,6202.4,243,0,0,26.2257261410788,0,0,6931.4,268,0,0,0,0
"8362",2023-09-30,0,45,5902.4,242,0,0,26.2257261410788,0,0,6931.4,268,0,0,0,0
"8363",2023-09-30,0,50,5968.4,245,0,0,26.2257261410788,0,0,6931.4,268,0,0,0,0
"8364",2023-09-30,0,55,5864.4,242,0,0,26.2257261410788,0,0,6931.4,268,0,0,0,0
"8365",2023-09-30,1,0,5842.4,241,0,0,24.2423236514523,0,0,5842.4,241,0,0,0,0
"8366",2023-09-30,1,5,5240.4,229,0,0,24.2423236514523,0,0,5842.4,241,0,0,0,0
"8367",2023-09-30,1,10,5229.4,229,0,0,24.2423236514523,0,0,5842.4,241,0,0,0,0
"8368",2023-09-30,1,15,5379.4,230,0,0,24.2423236514523,0,0,5842.4,241,0,0,0,0
"8369",2023-09-30,1,20,5346.4,228,0,0,24.2423236514523,0,0,5842.4,241,0,0,0,0
"8370",2023-09-30,1,25,5013.4,225,0,0,24.2423236514523,0,0,5842.4,241,0,0,0,0
"8371",2023-09-30,1,30,4969.4,223,0,0,24.2423236514523,0,0,5842.4,241,0,0,0,0
"8372",2023-09-30,1,35,4628.4,215,0,0,24.2423236514523,0,0,5842.4,241,0,0,0,0
"8373",2023-09-30,1,40,4650.4,216,0,0,24.2423236514523,0,0,5842.4,241,0,0,0,0
"8374",2023-09-30,1,45,4478.4,214,0,0,24.2423236514523,0,0,5842.4,241,0,0,0,0
"8375",2023-09-30,1,50,4576.4,214,0,0,24.2423236514523,0,0,5842.4,241,0,0,0,0
"8376",2023-09-30,1,55,4876.4,215,0,0,24.2423236514523,0,0,5842.4,241,0,0,0,0
"8377",2023-09-30,2,0,4560.7,209,0,0,21.8215311004785,0,0,5004.7,239,0,0,0,0
"8378",2023-09-30,2,5,4978.7,229,0,0,21.8215311004785,0,0,5004.7,239,0,0,0,0
"8379",2023-09-30,2,10,4956.7,228,0,0,21.8215311004785,0,0,5004.7,239,0,0,0,0
"8380",2023-09-30,2,15,4956.7,228,0,0,21.8215311004785,0,0,5004.7,239,0,0,0,0
"8381",2023-09-30,2,20,4978.7,229,0,0,21.8215311004785,0,0,5004.7,239,0,0,0,0
"8382",2023-09-30,2,25,4656.7,226,0,0,21.8215311004785,0,0,5004.7,239,0,0,0,0
"8383",2023-09-30,2,30,4678.7,227,0,0,21.8215311004785,0,0,5004.7,239,0,0,0,0
"8384",2023-09-30,2,35,4993.7,238,0,0,21.8215311004785,0,0,5004.7,239,0,0,0,0
"8385",2023-09-30,2,40,5004.7,239,0,0,21.8215311004785,0,0,5004.7,239,0,0,0,0
"8386",2023-09-30,2,45,4974.7,238,0,0,21.8215311004785,0,0,5004.7,239,0,0,0,0
"8387",2023-09-30,2,50,4952.7,237,0,0,21.8215311004785,0,0,5004.7,239,0,0,0,0
"8388",2023-09-30,2,55,4952.7,237,0,0,21.8215311004785,0,0,5004.7,239,0,0,0,0
"8389",2023-09-30,3,0,4930.7,236,0,0,20.8927966101695,0,0,4930.7,236,0,0,0,0
"8390",2023-09-30,3,5,4875.7,234,0,0,20.8927966101695,0,0,4930.7,236,0,0,0,0
"8391",2023-09-30,3,10,4875.7,234,0,0,20.8927966101695,0,0,4930.7,236,0,0,0,0
"8392",2023-09-30,3,15,4853.7,233,0,0,20.8927966101695,0,0,4930.7,236,0,0,0,0
"8393",2023-09-30,3,20,4853.7,233,0,0,20.8927966101695,0,0,4930.7,236,0,0,0,0
"8394",2023-09-30,3,25,4853.7,233,0,0,20.8927966101695,0,0,4930.7,236,0,0,0,0
"8395",2023-09-30,3,30,4853.7,233,0,0,20.8927966101695,0,0,4930.7,236,0,0,0,0
"8396",2023-09-30,3,35,4681.7,231,0,0,20.8927966101695,0,0,4930.7,236,0,0,0,0
"8397",2023-09-30,3,40,4659.7,230,0,0,20.8927966101695,0,0,4930.7,236,0,0,0,0
"8398",2023-09-30,3,45,4659.7,230,0,0,20.8927966101695,0,0,4930.7,236,0,0,0,0
"8399",2023-09-30,3,50,4659.7,230,0,0,20.8927966101695,0,0,4930.7,236,0,0,0,0
"8400",2023-09-30,3,55,4637.7,229,0,0,20.8927966101695,0,0,4930.7,236,0,0,0,0
"8401",2023-09-30,4,0,4659.7,230,0,0,20.452422907489,0,0,4659.7,230,0,0,0,0
"8402",2023-09-30,4,5,4604.7,227,0,0,20.452422907489,0,0,4659.7,230,0,0,0,0
"8403",2023-09-30,4,10,4604.7,227,0,0,20.452422907489,0,0,4659.7,230,0,0,0,0
"8404",2023-09-30,4,15,4604.7,227,0,0,20.452422907489,0,0,4659.7,230,0,0,0,0
"8405",2023-09-30,4,20,4538.7,224,0,0,20.452422907489,0,0,4659.7,230,0,0,0,0
"8406",2023-09-30,4,25,4598.7,225,0,0,20.452422907489,0,0,4659.7,230,0,0,0,0
"8407",2023-09-30,4,30,4598.7,225,0,0,20.452422907489,0,0,4659.7,230,0,0,0,0
"8408",2023-09-30,4,35,4642.7,227,0,0,20.452422907489,0,0,4659.7,230,0,0,0,0
"8409",2023-09-30,4,40,4642.7,227,0,0,20.452422907489,0,0,4659.7,230,0,0,0,0
"8410",2023-09-30,4,45,4620.7,226,0,0,20.452422907489,0,0,4659.7,230,0,0,0,0
"8411",2023-09-30,4,50,4620.7,226,0,0,20.452422907489,0,0,4659.7,230,0,0,0,0
"8412",2023-09-30,4,55,4620.7,226,0,0,20.452422907489,0,0,4659.7,230,0,0,0,0
"8413",2023-09-30,5,0,4620.7,226,0,0,20.9269058295964,0,0,4688.7,226,0,0,0,0
"8414",2023-09-30,5,5,4598.7,225,0,0,20.9269058295964,0,0,4688.7,226,0,0,0,0
"8415",2023-09-30,5,10,4538.7,224,0,0,20.9269058295964,0,0,4688.7,226,0,0,0,0
"8416",2023-09-30,5,15,4538.7,224,0,0,20.9269058295964,0,0,4688.7,226,0,0,0,0
"8417",2023-09-30,5,20,4538.7,224,0,0,20.9269058295964,0,0,4688.7,226,0,0,0,0
"8418",2023-09-30,5,25,4538.7,224,0,0,20.9269058295964,0,0,4688.7,226,0,0,0,0
"8419",2023-09-30,5,30,4516.7,223,0,0,20.9269058295964,0,0,4688.7,226,0,0,0,0
"8420",2023-09-30,5,35,4688.7,225,0,0,20.9269058295964,0,0,4688.7,226,0,0,0,0
"8421",2023-09-30,5,40,4688.7,225,0,0,20.9269058295964,0,0,4688.7,226,0,0,0,0
"8422",2023-09-30,5,45,4666.7,224,0,0,20.9269058295964,0,0,4688.7,226,0,0,0,0
"8423",2023-09-30,5,50,4666.7,223,0,0,20.9269058295964,0,0,4688.7,226,0,0,0,0
"8424",2023-09-30,5,55,4666.7,223,0,0,20.9269058295964,0,0,4688.7,226,0,0,0,0
"8425",2023-09-30,6,0,4666.7,223,0,0,22.3018099547511,0,0,4994.7,224,0,0,0,0
"8426",2023-09-30,6,5,4655.7,222,0,0,22.3018099547511,0,0,4994.7,224,0,0,0,0
"8427",2023-09-30,6,10,4655.7,222,0,0,22.3018099547511,0,0,4994.7,224,0,0,0,0
"8428",2023-09-30,6,15,4655.7,222,0,0,22.3018099547511,0,0,4994.7,224,0,0,0,0
"8429",2023-09-30,6,20,4633.7,221,0,0,22.3018099547511,0,0,4994.7,224,0,0,0,0
"8430",2023-09-30,6,25,4633.7,221,0,0,22.3018099547511,0,0,4994.7,224,0,0,0,0
"8431",2023-09-30,6,30,4578.7,218,0,0,22.3018099547511,0,0,4994.7,224,0,0,0,0
"8432",2023-09-30,6,35,4994.7,224,0,0,22.3018099547511,0,0,4994.7,224,0,0,0,0
"8433",2023-09-30,6,40,4994.7,224,0,0,22.3018099547511,0,0,4994.7,224,0,0,0,0
"8434",2023-09-30,6,45,4928.7,221,0,0,22.3018099547511,0,0,4994.7,224,0,0,0,0
"8435",2023-09-30,6,50,4928.7,221,0,0,22.3018099547511,0,0,4994.7,224,0,0,0,0
"8436",2023-09-30,6,55,4928.7,221,0,0,22.3018099547511,0,0,4994.7,224,0,0,0,0
"8437",2023-09-30,7,0,4928.7,221,0,0,23.0924107142857,0,0,5172.7,224,0,0,0,0
"8438",2023-09-30,7,5,4672.7,221,0,0,23.0924107142857,0,0,5172.7,224,0,0,0,0
"8439",2023-09-30,7,10,4672.7,221,0,0,23.0924107142857,0,0,5172.7,224,0,0,0,0
"8440",2023-09-30,7,15,4672.7,221,0,0,23.0924107142857,0,0,5172.7,224,0,0,0,0
"8441",2023-09-30,7,20,4650.7,220,0,0,23.0924107142857,0,0,5172.7,224,0,0,0,0
"8442",2023-09-30,7,25,4672.7,221,0,0,23.0924107142857,0,0,5172.7,224,0,0,0,0
"8443",2023-09-30,7,30,4972.7,222,0,0,23.0924107142857,0,0,5172.7,224,0,0,0,0
"8444",2023-09-30,7,35,5144.7,224,0,0,23.0924107142857,0,0,5172.7,224,0,0,0,0
"8445",2023-09-30,7,40,5172.7,224,0,0,23.0924107142857,0,0,5172.7,224,0,0,0,0
"8446",2023-09-30,7,45,4800.7,221,0,0,23.0924107142857,0,0,5172.7,224,0,0,0,0
"8447",2023-09-30,7,50,4800.7,221,0,0,23.0924107142857,0,0,5172.7,224,0,0,0,0
"8448",2023-09-30,7,55,4778.7,220,0,0,23.0924107142857,0,0,5172.7,224,0,0,0,0
"8449",2023-09-30,8,0,4778.7,220,0,0,21.7226244343891,0,0,4800.7,224,0,0,0,0
"8450",2023-09-30,8,5,4800.7,221,0,0,21.7226244343891,0,0,4800.7,224,0,0,0,0
"8451",2023-09-30,8,10,4800.7,221,0,0,21.7226244343891,0,0,4800.7,224,0,0,0,0
"8452",2023-09-30,8,15,4800.7,221,0,0,21.7226244343891,0,0,4800.7,224,0,0,0,0
"8453",2023-09-30,8,20,4794.7,222,0,0,21.7226244343891,0,0,4800.7,224,0,0,0,0
"8454",2023-09-30,8,25,4761.7,220,0,0,21.7226244343891,0,0,4800.7,224,0,0,0,0
"8455",2023-09-30,8,30,4783.7,221,0,0,21.7226244343891,0,0,4800.7,224,0,0,0,0
"8456",2023-09-30,8,35,4655.7,221,0,0,21.7226244343891,0,0,4800.7,224,0,0,0,0
"8457",2023-09-30,8,40,4655.7,221,0,0,21.7226244343891,0,0,4800.7,224,0,0,0,0
"8458",2023-09-30,8,45,4666.7,222,0,0,21.7226244343891,0,0,4800.7,224,0,0,0,0
"8459",2023-09-30,8,50,4655.7,221,0,0,21.7226244343891,0,0,4800.7,224,0,0,0,0
"8460",2023-09-30,8,55,4710.7,224,0,0,21.7226244343891,0,0,4800.7,224,0,0,0,0
"8461",2023-09-30,9,0,4916.7,226,0,0,24.6286343612335,0,0,5678.7,231,0,0,0,0
"8462",2023-09-30,9,5,5536.7,229,0,0,24.6286343612335,0,0,5678.7,231,0,0,0,0
"8463",2023-09-30,9,10,5656.7,230,0,0,24.6286343612335,0,0,5678.7,231,0,0,0,0
"8464",2023-09-30,9,15,5656.7,230,0,0,24.6286343612335,0,0,5678.7,231,0,0,0,0
"8465",2023-09-30,9,20,5656.7,230,0,0,24.6286343612335,0,0,5678.7,231,0,0,0,0
"8466",2023-09-30,9,25,5678.7,231,0,0,24.6286343612335,0,0,5678.7,231,0,0,0,0
"8467",2023-09-30,9,30,5590.7,227,0,0,24.6286343612335,0,0,5678.7,231,0,0,0,0
"8468",2023-09-30,9,35,5362.7,227,0,0,24.6286343612335,0,0,5678.7,231,0,0,0,0
"8469",2023-09-30,9,40,5242.7,226,0,0,24.6286343612335,0,0,5678.7,231,0,0,0,0
"8470",2023-09-30,9,45,4909.7,223,0,0,24.6286343612335,0,0,5678.7,231,0,0,0,0
"8471",2023-09-30,9,50,5103.7,226,0,0,24.6286343612335,0,0,5678.7,231,0,0,0,0
"8472",2023-09-30,9,55,5081.7,225,0,0,24.6286343612335,0,0,5678.7,231,0,0,0,0
"8473",2023-09-30,10,0,5022.7,223,0,0,32.3413385826772,0,0,8214.7,255,0,0,0,0
"8474",2023-09-30,10,5,5486.7,233,0,0,32.3413385826772,0,0,8214.7,255,0,0,0,0
"8475",2023-09-30,10,10,5536.7,235,0,0,32.3413385826772,0,0,8214.7,255,0,0,0,0
"8476",2023-09-30,10,15,5475.7,233,0,0,32.3413385826772,0,0,8214.7,255,0,0,0,0
"8477",2023-09-30,10,20,5745.7,235,0,0,32.3413385826772,0,0,8214.7,255,0,0,0,0
"8478",2023-09-30,10,25,5471.7,230,0,0,32.3413385826772,0,0,8214.7,255,0,0,0,0
"8479",2023-09-30,10,30,6824.7,238,0,0,32.3413385826772,0,0,8214.7,255,0,0,0,0
"8480",2023-09-30,10,35,6913.7,243,0,0,32.3413385826772,0,0,8214.7,255,0,0,0,0
"8481",2023-09-30,10,40,7126.7,246,0,0,32.3413385826772,0,0,8214.7,255,0,0,0,0
"8482",2023-09-30,10,45,7606.7,247,0,0,32.3413385826772,0,0,8214.7,255,0,0,0,0
"8483",2023-09-30,10,50,8214.7,254,0,0,32.3413385826772,0,0,8214.7,255,0,0,0,0
"8484",2023-09-30,10,55,7274.7,255,0,0,32.3413385826772,0,0,8214.7,255,0,0,0,0
"8485",2023-09-30,11,0,6758.7,253,0,0,28.8430508474576,0,0,8508.7,295,0,0,0,0
"8486",2023-09-30,11,5,7013.7,261,0,0,28.8430508474576,0,0,8508.7,295,0,0,0,0
"8487",2023-09-30,11,10,7143.7,260,0,0,28.8430508474576,0,0,8508.7,295,0,0,0,0
"8488",2023-09-30,11,15,6805.7,261,0,0,28.8430508474576,0,0,8508.7,295,0,0,0,0
"8489",2023-09-30,11,20,6773.7,263,0,0,28.8430508474576,0,0,8508.7,295,0,0,0,0
"8490",2023-09-30,11,25,7117.7,267,0,0,28.8430508474576,0,0,8508.7,295,0,0,0,0
"8491",2023-09-30,11,30,7184.7,269,0,0,28.8430508474576,0,0,8508.7,295,0,0,0,0
"8492",2023-09-30,11,35,6996.7,282,0,0,28.8430508474576,0,0,8508.7,295,0,0,0,0
"8493",2023-09-30,11,40,7602.7,285,0,0,28.8430508474576,0,0,8508.7,295,0,0,0,0
"8494",2023-09-30,11,45,7313.7,283,0,0,28.8430508474576,0,0,8508.7,295,0,0,0,0
"8495",2023-09-30,11,50,8245.7,292,0,0,28.8430508474576,0,0,8508.7,295,0,0,0,0
"8496",2023-09-30,11,55,8508.7,295,0,0,28.8430508474576,0,0,8508.7,295,0,0,0,0
"8497",2023-09-30,12,40,9581.4,346,0,0,29.8233226837061,0,0,9581.4,346,0,0,0,0
"8498",2023-09-30,12,45,9233.4,344,0,0,29.8233226837061,0,0,9581.4,346,0,0,0,0
"8499",2023-09-30,12,50,9185.4,346,0,0,29.8233226837061,0,0,9581.4,346,0,0,0,0
"8500",2023-09-30,12,55,9174.4,346,0,0,29.8233226837061,0,0,9581.4,346,0,0,0,0
"8501",2023-09-30,12,0,8656.7,304,0,0,29.8233226837061,0,0,9581.4,346,0,0,0,0
"8502",2023-09-30,12,5,8911.7,312,0,0,29.8233226837061,0,0,9581.4,346,0,0,0,0
"8503",2023-09-30,12,10,9334.7,313,0,0,29.8233226837061,0,0,9581.4,346,0,0,0,0
"8504",2023-09-30,12,15,9097.4,313,0,0,29.8233226837061,0,0,9581.4,346,0,0,0,0
"8505",2023-09-30,12,20,9251.4,321,0,0,29.8233226837061,0,0,9581.4,346,0,0,0,0
"8506",2023-09-30,12,25,8872.4,325,0,0,29.8233226837061,0,0,9581.4,346,0,0,0,0
"8507",2023-09-30,12,30,8644.4,325,0,0,29.8233226837061,0,0,9581.4,346,0,0,0,0
"8508",2023-09-30,12,35,8958.4,340,0,0,29.8233226837061,0,0,9581.4,346,0,0,0,0
"8509",2023-09-30,13,0,9590.4,351,0,0,30.5848167539267,0,0,11683.4,384,0,0,0,0
"8510",2023-09-30,13,5,9991.4,354,0,0,30.5848167539267,0,0,11683.4,384,0,0,0,0
"8511",2023-09-30,13,10,10210.4,359,0,0,30.5848167539267,0,0,11683.4,384,0,0,0,0
"8512",2023-09-30,13,15,10740.4,367,0,0,30.5848167539267,0,0,11683.4,384,0,0,0,0
"8513",2023-09-30,13,20,10645.4,370,0,0,30.5848167539267,0,0,11683.4,384,0,0,0,0
"8514",2023-09-30,13,25,11038.4,377,0,0,30.5848167539267,0,0,11683.4,384,0,0,0,0
"8515",2023-09-30,13,30,11365.4,374,0,0,30.5848167539267,0,0,11683.4,384,0,0,0,0
"8516",2023-09-30,13,35,11140.4,372,0,0,30.5848167539267,0,0,11683.4,384,0,0,0,0
"8517",2023-09-30,13,40,11683.4,382,0,0,30.5848167539267,0,0,11683.4,384,0,0,0,0
"8518",2023-09-30,13,45,11255.4,381,0,0,30.5848167539267,0,0,11683.4,384,0,0,0,0
"8519",2023-09-30,13,50,11270.4,384,0,0,30.5848167539267,0,0,11683.4,384,0,0,0,0
"8520",2023-09-30,13,55,10948.4,381,0,0,30.5848167539267,0,0,11683.4,384,0,0,0,0
"8521",2023-09-30,14,25,10714.4,398,0,0,30.3109375,0,0,12196.7,408,0,0,0,0
"8522",2023-09-30,14,30,10281.4,371,0,0,30.3109375,0,0,12196.7,408,0,0,0,0
"8523",2023-09-30,14,35,10126.4,376,0,0,30.3109375,0,0,12196.7,408,0,0,0,0
"8524",2023-09-30,14,40,10893.4,377,0,0,30.3109375,0,0,12196.7,408,0,0,0,0
"8525",2023-09-30,14,45,11639.4,384,0,0,30.3109375,0,0,12196.7,408,0,0,0,0
"8526",2023-09-30,14,50,11856.4,407,0,0,30.3109375,0,0,12196.7,408,0,0,0,0
"8527",2023-09-30,14,55,12196.7,408,0,0,30.3109375,0,0,12196.7,408,0,0,0,0
"8528",2023-09-30,14,0,10927.4,386,0,0,30.3109375,0,0,12196.7,408,0,0,0,0
"8529",2023-09-30,14,5,10912.4,396,0,0,30.3109375,0,0,12196.7,408,0,0,0,0
"8530",2023-09-30,14,10,10820.4,393,0,0,30.3109375,0,0,12196.7,408,0,0,0,0
"8531",2023-09-30,14,15,11103.4,395,0,0,30.3109375,0,0,12196.7,408,0,0,0,0
"8532",2023-09-30,14,20,10429.4,395,0,0,30.3109375,0,0,12196.7,408,0,0,0,0
"8533",2023-09-30,15,0,11997.7,406,0,0,29.5509852216749,0,0,11997.7,414,0,0,0,0
"8534",2023-09-30,15,5,11966.7,414,0,0,29.5509852216749,0,0,11997.7,414,0,0,0,0
"8535",2023-09-30,15,10,11485.7,410,0,0,29.5509852216749,0,0,11997.7,414,0,0,0,0
"8536",2023-09-30,15,15,11227.7,408,0,0,29.5509852216749,0,0,11997.7,414,0,0,0,0
"8537",2023-09-30,15,20,11211.7,406,0,0,29.5509852216749,0,0,11997.7,414,0,0,0,0
"8538",2023-09-30,15,25,10802.7,405,0,0,29.5509852216749,0,0,11997.7,414,0,0,0,0
"8539",2023-09-30,15,30,10333.7,403,0,0,29.5509852216749,0,0,11997.7,414,0,0,0,0
"8540",2023-09-30,15,35,9641.7,401,0,0,29.5509852216749,0,0,11997.7,414,0,0,0,0
"8541",2023-09-30,15,40,9919.7,401,0,0,29.5509852216749,0,0,11997.7,414,0,0,0,0
"8542",2023-09-30,15,45,10338.7,405,0,0,29.5509852216749,0,0,11997.7,414,0,0,0,0
"8543",2023-09-30,15,50,10582.7,408,0,0,29.5509852216749,0,0,11997.7,414,0,0,0,0
"8544",2023-09-30,15,55,10582.7,408,0,0,29.5509852216749,0,0,11997.7,414,0,0,0,0
"8545",2023-09-30,16,0,11120.7,408,0,0,29.7411622276029,0,0,12283.1,415,0,0,0,0
"8546",2023-09-30,16,5,11639.7,413,0,0,29.7411622276029,0,0,12283.1,415,0,0,0,0
"8547",2023-09-30,16,10,11873.7,411,0,0,29.7411622276029,0,0,12283.1,415,0,0,0,0
"8548",2023-09-30,16,15,12080.7,413,0,0,29.7411622276029,0,0,12283.1,415,0,0,0,0
"8549",2023-09-30,16,20,12211.7,415,0,0,29.7411622276029,0,0,12283.1,415,0,0,0,0
"8550",2023-09-30,16,25,11689.7,410,0,0,29.7411622276029,0,0,12283.1,415,0,0,0,0
"8551",2023-09-30,16,30,11944.7,411,0,0,29.7411622276029,0,0,12283.1,415,0,0,0,0
"8552",2023-09-30,16,35,12162.4,414,0,0,29.7411622276029,0,0,12283.1,415,0,0,0,0
"8553",2023-09-30,16,40,12112.1,414,0,0,29.7411622276029,0,0,12283.1,415,0,0,0,0
"8554",2023-09-30,16,45,12283.1,413,0,0,29.7411622276029,0,0,12283.1,415,0,0,0,0
"8555",2023-09-30,16,50,11999.1,411,0,0,29.7411622276029,0,0,12283.1,415,0,0,0,0
"8556",2023-09-30,16,55,11482.1,408,0,0,29.7411622276029,0,0,12283.1,415,0,0,0,0
"8557",2023-09-30,17,0,11482.1,410,0,0,28.524427480916,0,0,11482.1,410,0,0,0,0
"8558",2023-09-30,17,5,10602.1,407,0,0,28.524427480916,0,0,11482.1,410,0,0,0,0
"8559",2023-09-30,17,10,10140.1,404,0,0,28.524427480916,0,0,11482.1,410,0,0,0,0
"8560",2023-09-30,17,15,10265.1,402,0,0,28.524427480916,0,0,11482.1,410,0,0,0,0
"8561",2023-09-30,17,20,10187.1,396,0,0,28.524427480916,0,0,11482.1,410,0,0,0,0
"8562",2023-09-30,17,25,10176.1,394,0,0,28.524427480916,0,0,11482.1,410,0,0,0,0
"8563",2023-09-30,17,30,9816.1,392,0,0,28.524427480916,0,0,11482.1,410,0,0,0,0
"8564",2023-09-30,17,35,10595.1,387,0,0,28.524427480916,0,0,11482.1,410,0,0,0,0
"8565",2023-09-30,17,40,8902.7,314,0,0,28.524427480916,0,0,11482.1,410,0,0,0,0
"8566",2023-09-30,17,45,10732.1,387,0,0,28.524427480916,0,0,11482.1,410,0,0,0,0
"8567",2023-09-30,17,50,10601.1,390,0,0,28.524427480916,0,0,11482.1,410,0,0,0,0
"8568",2023-09-30,17,55,11210.1,393,0,0,28.524427480916,0,0,11482.1,410,0,0,0,0
"8569",2023-09-30,18,0,10932.1,392,0,0,27.8880102040816,0,0,10932.1,392,0,0,0,0
"8570",2023-09-30,18,5,10247.1,386,0,0,27.8880102040816,0,0,10932.1,392,0,0,0,0
"8571",2023-09-30,18,10,9641.1,376,0,0,27.8880102040816,0,0,10932.1,392,0,0,0,0
"8572",2023-09-30,18,15,9275.1,370,0,0,27.8880102040816,0,0,10932.1,392,0,0,0,0
"8573",2023-09-30,18,20,10267.1,375,0,0,27.8880102040816,0,0,10932.1,392,0,0,0,0
"8574",2023-09-30,18,25,10092.1,373,0,0,27.8880102040816,0,0,10932.1,392,0,0,0,0
"8575",2023-09-30,18,30,10221.1,372,0,0,27.8880102040816,0,0,10932.1,392,0,0,0,0
"8576",2023-09-30,18,35,10340.1,373,0,0,27.8880102040816,0,0,10932.1,392,0,0,0,0
"8577",2023-09-30,18,40,10061.4,367,0,0,27.8880102040816,0,0,10932.1,392,0,0,0,0
"8578",2023-09-30,18,45,9702.4,365,0,0,27.8880102040816,0,0,10932.1,392,0,0,0,0
"8579",2023-09-30,18,50,9603.4,360,0,0,27.8880102040816,0,0,10932.1,392,0,0,0,0
"8580",2023-09-30,18,55,10057.4,362,0,0,27.8880102040816,0,0,10932.1,392,0,0,0,0
"8581",2023-09-30,19,0,10095.4,357,0,0,29.9368876080692,0,0,10388.1,357,0,0,0,0
"8582",2023-09-30,19,5,9882.4,348,0,0,29.9368876080692,0,0,10388.1,357,0,0,0,0
"8583",2023-09-30,19,10,9716.4,344,0,0,29.9368876080692,0,0,10388.1,357,0,0,0,0
"8584",2023-09-30,19,15,9673.4,342,0,0,29.9368876080692,0,0,10388.1,357,0,0,0,0
"8585",2023-09-30,19,20,9553.4,341,0,0,29.9368876080692,0,0,10388.1,357,0,0,0,0
"8586",2023-09-30,19,25,9700.4,344,0,0,29.9368876080692,0,0,10388.1,357,0,0,0,0
"8587",2023-09-30,19,30,10388.1,347,0,0,29.9368876080692,0,0,10388.1,357,0,0,0,0
"8588",2023-09-30,19,35,9604.1,336,0,0,29.9368876080692,0,0,10388.1,357,0,0,0,0
"8589",2023-09-30,19,40,9246.1,329,0,0,29.9368876080692,0,0,10388.1,357,0,0,0,0
"8590",2023-09-30,19,45,8535.1,326,0,0,29.9368876080692,0,0,10388.1,357,0,0,0,0
"8591",2023-09-30,19,50,9444.1,327,0,0,29.9368876080692,0,0,10388.1,357,0,0,0,0
"8592",2023-09-30,19,55,9413.1,325,0,0,29.9368876080692,0,0,10388.1,357,0,0,0,0
"8593",2023-09-30,20,0,8997.1,320,0,0,28.1159375,0,0,8997.1,320,0,0,0,0
"8594",2023-09-30,20,5,8456.1,309,0,0,28.1159375,0,0,8997.1,320,0,0,0,0
"8595",2023-09-30,20,10,7822.1,307,0,0,28.1159375,0,0,8997.1,320,0,0,0,0
"8596",2023-09-30,20,15,8334.1,305,0,0,28.1159375,0,0,8997.1,320,0,0,0,0
"8597",2023-09-30,20,20,8481.1,304,0,0,28.1159375,0,0,8997.1,320,0,0,0,0
"8598",2023-09-30,20,25,8372.1,303,0,0,28.1159375,0,0,8997.1,320,0,0,0,0
"8599",2023-09-30,20,30,7798.1,298,0,0,28.1159375,0,0,8997.1,320,0,0,0,0
"8600",2023-09-30,20,35,7982.1,300,0,0,28.1159375,0,0,8997.1,320,0,0,0,0
"8601",2023-09-30,20,40,8196.1,303,0,0,28.1159375,0,0,8997.1,320,0,0,0,0
"8602",2023-09-30,20,45,8103.1,300,0,0,28.1159375,0,0,8997.1,320,0,0,0,0
"8603",2023-09-30,20,50,8112.1,304,0,0,28.1159375,0,0,8997.1,320,0,0,0,0
"8604",2023-09-30,20,55,7992.1,302,0,0,28.1159375,0,0,8997.1,320,0,0,0,0
"8605",2023-09-30,21,0,7469.1,299,0,0,28.1319749216301,0,0,8974.1,319,0,0,0,0
"8606",2023-09-30,21,5,7182.1,304,0,0,28.1319749216301,0,0,8974.1,319,0,0,0,0
"8607",2023-09-30,21,10,7515.1,306,0,0,28.1319749216301,0,0,8974.1,319,0,0,0,0
"8608",2023-09-30,21,15,7504.1,305,0,0,28.1319749216301,0,0,8974.1,319,0,0,0,0
"8609",2023-09-30,21,20,7643.1,304,0,0,28.1319749216301,0,0,8974.1,319,0,0,0,0
"8610",2023-09-30,21,25,8368.1,307,0,0,28.1319749216301,0,0,8974.1,319,0,0,0,0
"8611",2023-09-30,21,30,8545.1,311,0,0,28.1319749216301,0,0,8974.1,319,0,0,0,0
"8612",2023-09-30,21,35,8974.1,319,0,0,28.1319749216301,0,0,8974.1,319,0,0,0,0
"8613",2023-09-30,21,40,8530.1,316,0,0,28.1319749216301,0,0,8974.1,319,0,0,0,0
"8614",2023-09-30,21,45,8519.1,314,0,0,28.1319749216301,0,0,8974.1,319,0,0,0,0
"8615",2023-09-30,21,50,8297.4,312,0,0,28.1319749216301,0,0,8974.1,319,0,0,0,0
"8616",2023-09-30,21,55,7953.4,309,0,0,28.1319749216301,0,0,8974.1,319,0,0,0,0
"8617",2023-09-30,22,0,7953.4,310,0,0,26.1581699346405,0,0,8015.4,310,0,0,0,0
"8618",2023-09-30,22,5,7929.4,304,0,0,26.1581699346405,0,0,8015.4,310,0,0,0,0
"8619",2023-09-30,22,10,8004.4,306,0,0,26.1581699346405,0,0,8015.4,310,0,0,0,0
"8620",2023-09-30,22,15,8015.4,308,0,0,26.1581699346405,0,0,8015.4,310,0,0,0,0
"8621",2023-09-30,22,20,7915.4,308,0,0,26.1581699346405,0,0,8015.4,310,0,0,0,0
"8622",2023-09-30,22,25,7893.4,307,0,0,26.1581699346405,0,0,8015.4,310,0,0,0,0
"8623",2023-09-30,22,30,7439.4,304,0,0,26.1581699346405,0,0,8015.4,310,0,0,0,0
"8624",2023-09-30,22,35,6787.4,294,0,0,26.1581699346405,0,0,8015.4,310,0,0,0,0
"8625",2023-09-30,22,40,7165.4,296,0,0,26.1581699346405,0,0,8015.4,310,0,0,0,0
"8626",2023-09-30,22,45,7137.4,296,0,0,26.1581699346405,0,0,8015.4,310,0,0,0,0
"8627",2023-09-30,22,50,7159.4,296,0,0,26.1581699346405,0,0,8015.4,310,0,0,0,0
"8628",2023-09-30,22,55,7098.4,294,0,0,26.1581699346405,0,0,8015.4,310,0,0,0,0
"8629",2023-09-30,23,10,6825.4,284,0,0,26.7589552238806,0,0,7204.4,294,0,0,0,0
"8630",2023-09-30,23,15,6816.4,283,0,0,26.7589552238806,0,0,7204.4,294,0,0,0,0
"8631",2023-09-30,23,20,6794.4,282,0,0,26.7589552238806,0,0,7204.4,294,0,0,0,0
"8632",2023-09-30,23,25,6954.4,283,0,0,26.7589552238806,0,0,7204.4,294,0,0,0,0
"8633",2023-09-30,23,30,6860.4,281,0,0,26.7589552238806,0,0,7204.4,294,0,0,0,0
"8634",2023-09-30,23,35,6804.4,275,0,0,26.7589552238806,0,0,7204.4,294,0,0,0,0
"8635",2023-09-30,23,40,6864.4,275,0,0,26.7589552238806,0,0,7204.4,294,0,0,0,0
"8636",2023-09-30,23,45,6959.4,271,0,0,26.7589552238806,0,0,7204.4,294,0,0,0,0
"8637",2023-09-30,23,50,7204.4,270,0,0,26.7589552238806,0,0,7204.4,294,0,0,0,0
"8638",2023-09-30,23,55,7171.4,268,0,0,26.7589552238806,0,0,7204.4,294,0,0,0,0
"8639",2023-09-30,23,0,6809.4,294,0,0,26.7589552238806,0,0,7204.4,294,0,0,0,0
"8640",2023-09-30,23,5,6632.4,285,0,0,26.7589552238806,0,0,7204.4,294,0,0,0,0
