"","date","hour","minute","total_load","count_occ","NA_sum","pct_NA_points","mean_EVSE","mean_imputed","pct_imputed","max_load","max_occ","max_pct_NA_pts","NA_max","max_imputed","max_pct_imputed"
"1",2023-01-01,0,0,3733,155,0,0,24.9935064935065,0,0,3915,157,0,0,0,0
"2",2023-01-01,0,5,3789,153,0,0,24.9935064935065,0,0,3915,157,0,0,0,0
"3",2023-01-01,0,10,3789,153,0,0,24.9935064935065,0,0,3915,157,0,0,0,0
"4",2023-01-01,0,15,3849,154,0,0,24.9935064935065,0,0,3915,157,0,0,0,0
"5",2023-01-01,0,20,3849,154,0,0,24.9935064935065,0,0,3915,157,0,0,0,0
"6",2023-01-01,0,25,3871,155,0,0,24.9935064935065,0,0,3915,157,0,0,0,0
"7",2023-01-01,0,30,3915,157,0,0,24.9935064935065,0,0,3915,157,0,0,0,0
"8",2023-01-01,0,35,3677,151,0,0,24.9935064935065,0,0,3915,157,0,0,0,0
"9",2023-01-01,0,40,3655,150,0,0,24.9935064935065,0,0,3915,157,0,0,0,0
"10",2023-01-01,0,45,3655,150,0,0,24.9935064935065,0,0,3915,157,0,0,0,0
"11",2023-01-01,0,50,3595,149,0,0,24.9935064935065,0,0,3915,157,0,0,0,0
"12",2023-01-01,0,55,3573,148,0,0,24.9935064935065,0,0,3915,157,0,0,0,0
"13",2023-01-01,1,0,3708,167,0,0,22.3660130718954,0,0,3708,167,0,0,0,0
"14",2023-01-01,1,5,3675,166,0,0,22.3660130718954,0,0,3708,167,0,0,0,0
"15",2023-01-01,1,10,3675,166,0,0,22.3660130718954,0,0,3708,167,0,0,0,0
"16",2023-01-01,1,15,3653,165,0,0,22.3660130718954,0,0,3708,167,0,0,0,0
"17",2023-01-01,1,20,3631,164,0,0,22.3660130718954,0,0,3708,167,0,0,0,0
"18",2023-01-01,1,25,3565,161,0,0,22.3660130718954,0,0,3708,167,0,0,0,0
"19",2023-01-01,1,30,3543,160,0,0,22.3660130718954,0,0,3708,167,0,0,0,0
"20",2023-01-01,1,35,3466,155,0,0,22.3660130718954,0,0,3708,167,0,0,0,0
"21",2023-01-01,1,40,3466,155,0,0,22.3660130718954,0,0,3708,167,0,0,0,0
"22",2023-01-01,1,45,3466,155,0,0,22.3660130718954,0,0,3708,167,0,0,0,0
"23",2023-01-01,1,50,3466,155,0,0,22.3660130718954,0,0,3708,167,0,0,0,0
"24",2023-01-01,1,55,3422,153,0,0,22.3660130718954,0,0,3708,167,0,0,0,0
"25",2023-01-01,2,0,3422,153,0,0,22.78,0,0,3499,156,0,0,0,0
"26",2023-01-01,2,5,3499,156,0,0,22.78,0,0,3499,156,0,0,0,0
"27",2023-01-01,2,10,3499,156,0,0,22.78,0,0,3499,156,0,0,0,0
"28",2023-01-01,2,15,3499,156,0,0,22.78,0,0,3499,156,0,0,0,0
"29",2023-01-01,2,20,3499,156,0,0,22.78,0,0,3499,156,0,0,0,0
"30",2023-01-01,2,25,3455,154,0,0,22.78,0,0,3499,156,0,0,0,0
"31",2023-01-01,2,30,3477,155,0,0,22.78,0,0,3499,156,0,0,0,0
"32",2023-01-01,2,35,3494,154,0,0,22.78,0,0,3499,156,0,0,0,0
"33",2023-01-01,2,40,3472,153,0,0,22.78,0,0,3499,156,0,0,0,0
"34",2023-01-01,2,45,3472,153,0,0,22.78,0,0,3499,156,0,0,0,0
"35",2023-01-01,2,50,3439,151,0,0,22.78,0,0,3499,156,0,0,0,0
"36",2023-01-01,2,55,3417,150,0,0,22.78,0,0,3499,156,0,0,0,0
"37",2023-01-01,3,0,3439,151,0,0,24.06,0,0,3631,153,0,0,0,0
"38",2023-01-01,3,5,3631,151,0,0,24.06,0,0,3631,153,0,0,0,0
"39",2023-01-01,3,10,3631,151,0,0,24.06,0,0,3631,153,0,0,0,0
"40",2023-01-01,3,15,3631,151,0,0,24.06,0,0,3631,153,0,0,0,0
"41",2023-01-01,3,20,3631,151,0,0,24.06,0,0,3631,153,0,0,0,0
"42",2023-01-01,3,25,3609,150,0,0,24.06,0,0,3631,153,0,0,0,0
"43",2023-01-01,3,30,3609,150,0,0,24.06,0,0,3631,153,0,0,0,0
"44",2023-01-01,3,35,3439,152,0,0,24.06,0,0,3631,153,0,0,0,0
"45",2023-01-01,3,40,3461,153,0,0,24.06,0,0,3631,153,0,0,0,0
"46",2023-01-01,3,45,3461,153,0,0,24.06,0,0,3631,153,0,0,0,0
"47",2023-01-01,3,50,3439,152,0,0,24.06,0,0,3631,153,0,0,0,0
"48",2023-01-01,3,55,3439,152,0,0,24.06,0,0,3631,153,0,0,0,0
"49",2023-01-01,4,0,3439,152,0,0,24.3,0,0,3667,152,0,0,0,0
"50",2023-01-01,4,5,3395,149,0,0,24.3,0,0,3667,152,0,0,0,0
"51",2023-01-01,4,10,3417,150,0,0,24.3,0,0,3667,152,0,0,0,0
"52",2023-01-01,4,15,3417,150,0,0,24.3,0,0,3667,152,0,0,0,0
"53",2023-01-01,4,20,3428,151,0,0,24.3,0,0,3667,152,0,0,0,0
"54",2023-01-01,4,25,3428,151,0,0,24.3,0,0,3667,152,0,0,0,0
"55",2023-01-01,4,30,3428,151,0,0,24.3,0,0,3667,152,0,0,0,0
"56",2023-01-01,4,35,3667,151,0,0,24.3,0,0,3667,152,0,0,0,0
"57",2023-01-01,4,40,3667,151,0,0,24.3,0,0,3667,152,0,0,0,0
"58",2023-01-01,4,45,3667,151,0,0,24.3,0,0,3667,152,0,0,0,0
"59",2023-01-01,4,50,3667,151,0,0,24.3,0,0,3667,152,0,0,0,0
"60",2023-01-01,4,55,3645,150,0,0,24.3,0,0,3667,152,0,0,0,0
"61",2023-01-01,5,0,3623,149,0,0,24.3154362416107,0,0,3623,150,0,0,0,0
"62",2023-01-01,5,5,3595,149,0,0,24.3154362416107,0,0,3623,150,0,0,0,0
"63",2023-01-01,5,10,3595,149,0,0,24.3154362416107,0,0,3623,150,0,0,0,0
"64",2023-01-01,5,15,3595,149,0,0,24.3154362416107,0,0,3623,150,0,0,0,0
"65",2023-01-01,5,20,3595,149,0,0,24.3154362416107,0,0,3623,150,0,0,0,0
"66",2023-01-01,5,25,3606,150,0,0,24.3154362416107,0,0,3623,150,0,0,0,0
"67",2023-01-01,5,30,3606,150,0,0,24.3154362416107,0,0,3623,150,0,0,0,0
"68",2023-01-01,5,35,3456,149,0,0,24.3154362416107,0,0,3623,150,0,0,0,0
"69",2023-01-01,5,40,3456,149,0,0,24.3154362416107,0,0,3623,150,0,0,0,0
"70",2023-01-01,5,45,3478,150,0,0,24.3154362416107,0,0,3623,150,0,0,0,0
"71",2023-01-01,5,50,3478,150,0,0,24.3154362416107,0,0,3623,150,0,0,0,0
"72",2023-01-01,5,55,3478,150,0,0,24.3154362416107,0,0,3623,150,0,0,0,0
"73",2023-01-01,6,0,3478,150,0,0,23.1866666666667,0,0,3478,150,0,0,0,0
"74",2023-01-01,6,5,3350,150,0,0,23.1866666666667,0,0,3478,150,0,0,0,0
"75",2023-01-01,6,10,3350,150,0,0,23.1866666666667,0,0,3478,150,0,0,0,0
"76",2023-01-01,6,15,3350,150,0,0,23.1866666666667,0,0,3478,150,0,0,0,0
"77",2023-01-01,6,20,3350,150,0,0,23.1866666666667,0,0,3478,150,0,0,0,0
"78",2023-01-01,6,25,3350,150,0,0,23.1866666666667,0,0,3478,150,0,0,0,0
"79",2023-01-01,6,30,3350,150,0,0,23.1866666666667,0,0,3478,150,0,0,0,0
"80",2023-01-01,6,35,3350,150,0,0,23.1866666666667,0,0,3478,150,0,0,0,0
"81",2023-01-01,6,40,3350,150,0,0,23.1866666666667,0,0,3478,150,0,0,0,0
"82",2023-01-01,6,45,3350,150,0,0,23.1866666666667,0,0,3478,150,0,0,0,0
"83",2023-01-01,6,50,3350,150,0,0,23.1866666666667,0,0,3478,150,0,0,0,0
"84",2023-01-01,6,55,3350,150,0,0,23.1866666666667,0,0,3478,150,0,0,0,0
"85",2023-01-01,7,0,3350,150,0,0,22.5894039735099,0,0,3411,151,0,0,0,0
"86",2023-01-01,7,5,3350,150,0,0,22.5894039735099,0,0,3411,151,0,0,0,0
"87",2023-01-01,7,10,3350,150,0,0,22.5894039735099,0,0,3411,151,0,0,0,0
"88",2023-01-01,7,15,3339,149,0,0,22.5894039735099,0,0,3411,151,0,0,0,0
"89",2023-01-01,7,20,3339,149,0,0,22.5894039735099,0,0,3411,151,0,0,0,0
"90",2023-01-01,7,25,3339,149,0,0,22.5894039735099,0,0,3411,151,0,0,0,0
"91",2023-01-01,7,30,3361,150,0,0,22.5894039735099,0,0,3411,151,0,0,0,0
"92",2023-01-01,7,35,3411,151,0,0,22.5894039735099,0,0,3411,151,0,0,0,0
"93",2023-01-01,7,40,3411,151,0,0,22.5894039735099,0,0,3411,151,0,0,0,0
"94",2023-01-01,7,45,3411,151,0,0,22.5894039735099,0,0,3411,151,0,0,0,0
"95",2023-01-01,7,50,3411,151,0,0,22.5894039735099,0,0,3411,151,0,0,0,0
"96",2023-01-01,7,55,3411,151,0,0,22.5894039735099,0,0,3411,151,0,0,0,0
"97",2023-01-01,8,0,3433,152,0,0,24.5771812080537,0,0,3739,153,0,0,0,0
"98",2023-01-01,8,5,3433,152,0,0,24.5771812080537,0,0,3739,153,0,0,0,0
"99",2023-01-01,8,10,3433,152,0,0,24.5771812080537,0,0,3739,153,0,0,0,0
"100",2023-01-01,8,15,3583,153,0,0,24.5771812080537,0,0,3739,153,0,0,0,0
"101",2023-01-01,8,20,3583,153,0,0,24.5771812080537,0,0,3739,153,0,0,0,0
"102",2023-01-01,8,25,3561,152,0,0,24.5771812080537,0,0,3739,153,0,0,0,0
"103",2023-01-01,8,30,3539,151,0,0,24.5771812080537,0,0,3739,153,0,0,0,0
"104",2023-01-01,8,35,3717,152,0,0,24.5771812080537,0,0,3739,153,0,0,0,0
"105",2023-01-01,8,40,3739,153,0,0,24.5771812080537,0,0,3739,153,0,0,0,0
"106",2023-01-01,8,45,3706,151,0,0,24.5771812080537,0,0,3739,153,0,0,0,0
"107",2023-01-01,8,50,3706,151,0,0,24.5771812080537,0,0,3739,153,0,0,0,0
"108",2023-01-01,8,55,3662,149,0,0,24.5771812080537,0,0,3739,153,0,0,0,0
"109",2023-01-01,9,0,3534,149,0,0,24.1700680272109,0,0,3619,150,0,0,0,0
"110",2023-01-01,9,5,3564,148,0,0,24.1700680272109,0,0,3619,150,0,0,0,0
"111",2023-01-01,9,10,3564,148,0,0,24.1700680272109,0,0,3619,150,0,0,0,0
"112",2023-01-01,9,15,3564,148,0,0,24.1700680272109,0,0,3619,150,0,0,0,0
"113",2023-01-01,9,20,3553,147,0,0,24.1700680272109,0,0,3619,150,0,0,0,0
"114",2023-01-01,9,25,3575,148,0,0,24.1700680272109,0,0,3619,150,0,0,0,0
"115",2023-01-01,9,30,3619,150,0,0,24.1700680272109,0,0,3619,150,0,0,0,0
"116",2023-01-01,9,35,3469,149,0,0,24.1700680272109,0,0,3619,150,0,0,0,0
"117",2023-01-01,9,40,3087,147,0,0,24.1700680272109,0,0,3619,150,0,0,0,0
"118",2023-01-01,9,45,3026,145,0,0,24.1700680272109,0,0,3619,150,0,0,0,0
"119",2023-01-01,9,50,3059,146,0,0,24.1700680272109,0,0,3619,150,0,0,0,0
"120",2023-01-01,9,55,3081,147,0,0,24.1700680272109,0,0,3619,150,0,0,0,0
"121",2023-01-01,10,0,3026,144,0,0,23.4965986394558,0,0,3454,148,0,0,0,0
"122",2023-01-01,10,5,3004,143,0,0,23.4965986394558,0,0,3454,148,0,0,0,0
"123",2023-01-01,10,10,2993,142,0,0,23.4965986394558,0,0,3454,148,0,0,0,0
"124",2023-01-01,10,15,3177,143,0,0,23.4965986394558,0,0,3454,148,0,0,0,0
"125",2023-01-01,10,20,3199,144,0,0,23.4965986394558,0,0,3454,148,0,0,0,0
"126",2023-01-01,10,25,3221,145,0,0,23.4965986394558,0,0,3454,148,0,0,0,0
"127",2023-01-01,10,30,3221,146,0,0,23.4965986394558,0,0,3454,148,0,0,0,0
"128",2023-01-01,10,35,3154,145,0,0,23.4965986394558,0,0,3454,148,0,0,0,0
"129",2023-01-01,10,40,3334,146,0,0,23.4965986394558,0,0,3454,148,0,0,0,0
"130",2023-01-01,10,45,3454,147,0,0,23.4965986394558,0,0,3454,148,0,0,0,0
"131",2023-01-01,10,50,3314,148,0,0,23.4965986394558,0,0,3454,148,0,0,0,0
"132",2023-01-01,10,55,3314,148,0,0,23.4965986394558,0,0,3454,148,0,0,0,0
"133",2023-01-01,11,0,3206,149,0,0,28.9375,0,0,4630,160,0,0,0,0
"134",2023-01-01,11,5,3545,151,0,0,28.9375,0,0,4630,160,0,0,0,0
"135",2023-01-01,11,10,3965,153,0,0,28.9375,0,0,4630,160,0,0,0,0
"136",2023-01-01,11,15,3845,152,0,0,28.9375,0,0,4630,160,0,0,0,0
"137",2023-01-01,11,20,3845,152,0,0,28.9375,0,0,4630,160,0,0,0,0
"138",2023-01-01,11,25,3823,151,0,0,28.9375,0,0,4630,160,0,0,0,0
"139",2023-01-01,11,30,3709,154,0,0,28.9375,0,0,4630,160,0,0,0,0
"140",2023-01-01,11,35,3988,155,0,0,28.9375,0,0,4630,160,0,0,0,0
"141",2023-01-01,11,40,4316,156,0,0,28.9375,0,0,4630,160,0,0,0,0
"142",2023-01-01,11,45,4038,156,0,0,28.9375,0,0,4630,160,0,0,0,0
"143",2023-01-01,11,50,4308,158,0,0,28.9375,0,0,4630,160,0,0,0,0
"144",2023-01-01,11,55,4630,160,0,0,28.9375,0,0,4630,160,0,0,0,0
"145",2023-01-01,12,0,4652,161,0,0,33.2640449438202,0,0,5921,190,0,0,0,0
"146",2023-01-01,12,5,4906,170,0,0,33.2640449438202,0,0,5921,190,0,0,0,0
"147",2023-01-01,12,10,4993,173,0,0,33.2640449438202,0,0,5921,190,0,0,0,0
"148",2023-01-01,12,15,5393,174,0,0,33.2640449438202,0,0,5921,190,0,0,0,0
"149",2023-01-01,12,20,5921,178,0,0,33.2640449438202,0,0,5921,190,0,0,0,0
"150",2023-01-01,12,25,5757,176,0,0,33.2640449438202,0,0,5921,190,0,0,0,0
"151",2023-01-01,12,30,5607,174,0,0,33.2640449438202,0,0,5921,190,0,0,0,0
"152",2023-01-01,12,35,5739,190,0,0,33.2640449438202,0,0,5921,190,0,0,0,0
"153",2023-01-01,12,40,5547,187,0,0,33.2640449438202,0,0,5921,190,0,0,0,0
"154",2023-01-01,12,45,5452,188,0,0,33.2640449438202,0,0,5921,190,0,0,0,0
"155",2023-01-01,12,50,5252,188,0,0,33.2640449438202,0,0,5921,190,0,0,0,0
"156",2023-01-01,12,55,5307,190,0,0,33.2640449438202,0,0,5921,190,0,0,0,0
"157",2023-01-01,13,0,5395,191,0,0,28.2460732984293,0,0,6059,216,0,0,0,0
"158",2023-01-01,13,5,5497,203,0,0,28.2460732984293,0,0,6059,216,0,0,0,0
"159",2023-01-01,13,10,5699,205,0,0,28.2460732984293,0,0,6059,216,0,0,0,0
"160",2023-01-01,13,15,5156,200,0,0,28.2460732984293,0,0,6059,216,0,0,0,0
"161",2023-01-01,13,20,4845,198,0,0,28.2460732984293,0,0,6059,216,0,0,0,0
"162",2023-01-01,13,25,4807,198,0,0,28.2460732984293,0,0,6059,216,0,0,0,0
"163",2023-01-01,13,30,4779,198,0,0,28.2460732984293,0,0,6059,216,0,0,0,0
"164",2023-01-01,13,35,5193,202,0,0,28.2460732984293,0,0,6059,216,0,0,0,0
"165",2023-01-01,13,40,5571,206,0,0,28.2460732984293,0,0,6059,216,0,0,0,0
"166",2023-01-01,13,45,5501,209,0,0,28.2460732984293,0,0,6059,216,0,0,0,0
"167",2023-01-01,13,50,5687,213,0,0,28.2460732984293,0,0,6059,216,0,0,0,0
"168",2023-01-01,13,55,6059,216,0,0,28.2460732984293,0,0,6059,216,0,0,0,0
"169",2023-01-01,14,15,6178,228,0,0,28.6380090497738,0,0,6379,237,0,0,0,0
"170",2023-01-01,14,20,6200,229,0,0,28.6380090497738,0,0,6379,237,0,0,0,0
"171",2023-01-01,14,25,6033,229,0,0,28.6380090497738,0,0,6379,237,0,0,0,0
"172",2023-01-01,14,30,6071,232,0,0,28.6380090497738,0,0,6379,237,0,0,0,0
"173",2023-01-01,14,35,6172,236,0,0,28.6380090497738,0,0,6379,237,0,0,0,0
"174",2023-01-01,14,40,6066,237,0,0,28.6380090497738,0,0,6379,237,0,0,0,0
"175",2023-01-01,14,45,5956,232,0,0,28.6380090497738,0,0,6379,237,0,0,0,0
"176",2023-01-01,14,50,5939,233,0,0,28.6380090497738,0,0,6379,237,0,0,0,0
"177",2023-01-01,14,55,6079,232,0,0,28.6380090497738,0,0,6379,237,0,0,0,0
"178",2023-01-01,14,0,5857,214,0,0,28.6380090497738,0,0,6379,237,0,0,0,0
"179",2023-01-01,14,5,6329,221,0,0,28.6380090497738,0,0,6379,237,0,0,0,0
"180",2023-01-01,14,10,6379,223,0,0,28.6380090497738,0,0,6379,237,0,0,0,0
"181",2023-01-01,15,0,5980,228,0,0,30.7982832618026,0,0,7176,238,0,0,0,0
"182",2023-01-01,15,5,5851,231,0,0,30.7982832618026,0,0,7176,238,0,0,0,0
"183",2023-01-01,15,10,5840,231,0,0,30.7982832618026,0,0,7176,238,0,0,0,0
"184",2023-01-01,15,15,5938,231,0,0,30.7982832618026,0,0,7176,238,0,0,0,0
"185",2023-01-01,15,20,6080,235,0,0,30.7982832618026,0,0,7176,238,0,0,0,0
"186",2023-01-01,15,25,6380,236,0,0,30.7982832618026,0,0,7176,238,0,0,0,0
"187",2023-01-01,15,30,6402,237,0,0,30.7982832618026,0,0,7176,238,0,0,0,0
"188",2023-01-01,15,35,6825,238,0,0,30.7982832618026,0,0,7176,238,0,0,0,0
"189",2023-01-01,15,40,6169,228,0,0,30.7982832618026,0,0,7176,238,0,0,0,0
"190",2023-01-01,15,45,6463,226,0,0,30.7982832618026,0,0,7176,238,0,0,0,0
"191",2023-01-01,15,50,6594,227,0,0,30.7982832618026,0,0,7176,238,0,0,0,0
"192",2023-01-01,15,55,7176,233,0,0,30.7982832618026,0,0,7176,238,0,0,0,0
"193",2023-01-01,16,0,7100,234,0,0,30.3418803418803,0,0,7355,249,0,0,0,0
"194",2023-01-01,16,5,6910,235,0,0,30.3418803418803,0,0,7355,249,0,0,0,0
"195",2023-01-01,16,10,6686,234,0,0,30.3418803418803,0,0,7355,249,0,0,0,0
"196",2023-01-01,16,15,6106,233,0,0,30.3418803418803,0,0,7355,249,0,0,0,0
"197",2023-01-01,16,20,6040,230,0,0,30.3418803418803,0,0,7355,249,0,0,0,0
"198",2023-01-01,16,25,6358,236,0,0,30.3418803418803,0,0,7355,249,0,0,0,0
"199",2023-01-01,16,30,6530,238,0,0,30.3418803418803,0,0,7355,249,0,0,0,0
"200",2023-01-01,16,35,6670,240,0,0,30.3418803418803,0,0,7355,249,0,0,0,0
"201",2023-01-01,16,40,6905,244,0,0,30.3418803418803,0,0,7355,249,0,0,0,0
"202",2023-01-01,16,45,6995,244,0,0,30.3418803418803,0,0,7355,249,0,0,0,0
"203",2023-01-01,16,50,7061,247,0,0,30.3418803418803,0,0,7355,249,0,0,0,0
"204",2023-01-01,16,55,7355,249,0,0,30.3418803418803,0,0,7355,249,0,0,0,0
"205",2023-01-01,17,0,6844,247,0,0,27.7085020242915,0,0,6844,250,0,0,0,0
"206",2023-01-01,17,5,6777,250,0,0,27.7085020242915,0,0,6844,250,0,0,0,0
"207",2023-01-01,17,10,6564,246,0,0,27.7085020242915,0,0,6844,250,0,0,0,0
"208",2023-01-01,17,15,6650,250,0,0,27.7085020242915,0,0,6844,250,0,0,0,0
"209",2023-01-01,17,20,6650,249,0,0,27.7085020242915,0,0,6844,250,0,0,0,0
"210",2023-01-01,17,25,6591,244,0,0,27.7085020242915,0,0,6844,250,0,0,0,0
"211",2023-01-01,17,30,6662,245,0,0,27.7085020242915,0,0,6844,250,0,0,0,0
"212",2023-01-01,17,35,5934,233,0,0,27.7085020242915,0,0,6844,250,0,0,0,0
"213",2023-01-01,17,40,5792,231,0,0,27.7085020242915,0,0,6844,250,0,0,0,0
"214",2023-01-01,17,45,5752,235,0,0,27.7085020242915,0,0,6844,250,0,0,0,0
"215",2023-01-01,17,50,5566,234,0,0,27.7085020242915,0,0,6844,250,0,0,0,0
"216",2023-01-01,17,55,5375,232,0,0,27.7085020242915,0,0,6844,250,0,0,0,0
"217",2023-01-01,18,0,5309,229,0,0,27.079295154185,0,0,6322,237,0,0,0,0
"218",2023-01-01,18,5,6293,233,0,0,27.079295154185,0,0,6322,237,0,0,0,0
"219",2023-01-01,18,10,6309,235,0,0,27.079295154185,0,0,6322,237,0,0,0,0
"220",2023-01-01,18,15,6322,237,0,0,27.079295154185,0,0,6322,237,0,0,0,0
"221",2023-01-01,18,20,6289,235,0,0,27.079295154185,0,0,6322,237,0,0,0,0
"222",2023-01-01,18,25,6219,233,0,0,27.079295154185,0,0,6322,237,0,0,0,0
"223",2023-01-01,18,30,6113,234,0,0,27.079295154185,0,0,6322,237,0,0,0,0
"224",2023-01-01,18,35,6147,227,0,0,27.079295154185,0,0,6322,237,0,0,0,0
"225",2023-01-01,18,40,6169,229,0,0,27.079295154185,0,0,6322,237,0,0,0,0
"226",2023-01-01,18,45,5867,227,0,0,27.079295154185,0,0,6322,237,0,0,0,0
"227",2023-01-01,18,50,5889,228,0,0,27.079295154185,0,0,6322,237,0,0,0,0
"228",2023-01-01,18,55,5823,223,0,0,27.079295154185,0,0,6322,237,0,0,0,0
"229",2023-01-01,19,0,5757,220,0,0,27.3564814814815,0,0,5909,220,0,0,0,0
"230",2023-01-01,19,5,5730,216,0,0,27.3564814814815,0,0,5909,220,0,0,0,0
"231",2023-01-01,19,10,5763,218,0,0,27.3564814814815,0,0,5909,220,0,0,0,0
"232",2023-01-01,19,15,5813,219,0,0,27.3564814814815,0,0,5909,220,0,0,0,0
"233",2023-01-01,19,20,5769,217,0,0,27.3564814814815,0,0,5909,220,0,0,0,0
"234",2023-01-01,19,25,5694,213,0,0,27.3564814814815,0,0,5909,220,0,0,0,0
"235",2023-01-01,19,30,5836,214,0,0,27.3564814814815,0,0,5909,220,0,0,0,0
"236",2023-01-01,19,35,5900,217,0,0,27.3564814814815,0,0,5909,220,0,0,0,0
"237",2023-01-01,19,40,5878,216,0,0,27.3564814814815,0,0,5909,220,0,0,0,0
"238",2023-01-01,19,45,5856,215,0,0,27.3564814814815,0,0,5909,220,0,0,0,0
"239",2023-01-01,19,50,5804,213,0,0,27.3564814814815,0,0,5909,220,0,0,0,0
"240",2023-01-01,19,55,5909,216,0,0,27.3564814814815,0,0,5909,220,0,0,0,0
"241",2023-01-01,20,0,5876,214,0,0,27.8599033816425,0,0,5876,214,0,0,0,0
"242",2023-01-01,20,5,5307,206,0,0,27.8599033816425,0,0,5876,214,0,0,0,0
"243",2023-01-01,20,10,5307,206,0,0,27.8599033816425,0,0,5876,214,0,0,0,0
"244",2023-01-01,20,15,5257,205,0,0,27.8599033816425,0,0,5876,214,0,0,0,0
"245",2023-01-01,20,20,5767,207,0,0,27.8599033816425,0,0,5876,214,0,0,0,0
"246",2023-01-01,20,25,5553,203,0,0,27.8599033816425,0,0,5876,214,0,0,0,0
"247",2023-01-01,20,30,5193,202,0,0,27.8599033816425,0,0,5876,214,0,0,0,0
"248",2023-01-01,20,35,4821,198,0,0,27.8599033816425,0,0,5876,214,0,0,0,0
"249",2023-01-01,20,40,5115,197,0,0,27.8599033816425,0,0,5876,214,0,0,0,0
"250",2023-01-01,20,45,4794,196,0,0,27.8599033816425,0,0,5876,214,0,0,0,0
"251",2023-01-01,20,50,4814,197,0,0,27.8599033816425,0,0,5876,214,0,0,0,0
"252",2023-01-01,20,55,4792,196,0,0,27.8599033816425,0,0,5876,214,0,0,0,0
"253",2023-01-01,21,0,5081,197,0,0,27.3538461538462,0,0,5334,197,0,0,0,0
"254",2023-01-01,21,5,4711,193,0,0,27.3538461538462,0,0,5334,197,0,0,0,0
"255",2023-01-01,21,10,4533,196,0,0,27.3538461538462,0,0,5334,197,0,0,0,0
"256",2023-01-01,21,15,4639,195,0,0,27.3538461538462,0,0,5334,197,0,0,0,0
"257",2023-01-01,21,20,4595,193,0,0,27.3538461538462,0,0,5334,197,0,0,0,0
"258",2023-01-01,21,25,4617,194,0,0,27.3538461538462,0,0,5334,197,0,0,0,0
"259",2023-01-01,21,30,4595,193,0,0,27.3538461538462,0,0,5334,197,0,0,0,0
"260",2023-01-01,21,35,5266,197,0,0,27.3538461538462,0,0,5334,197,0,0,0,0
"261",2023-01-01,21,40,5056,195,0,0,27.3538461538462,0,0,5334,197,0,0,0,0
"262",2023-01-01,21,45,5334,195,0,0,27.3538461538462,0,0,5334,197,0,0,0,0
"263",2023-01-01,21,50,5236,195,0,0,27.3538461538462,0,0,5334,197,0,0,0,0
"264",2023-01-01,21,55,4848,190,0,0,27.3538461538462,0,0,5334,197,0,0,0,0
"265",2023-01-01,22,5,4578,183,0,0,27.1796407185629,0,0,5022,188,0,0,0,0
"266",2023-01-01,22,10,4600,184,0,0,27.1796407185629,0,0,5022,188,0,0,0,0
"267",2023-01-01,22,15,4722,185,0,0,27.1796407185629,0,0,5022,188,0,0,0,0
"268",2023-01-01,22,20,5022,186,0,0,27.1796407185629,0,0,5022,188,0,0,0,0
"269",2023-01-01,22,25,4634,181,0,0,27.1796407185629,0,0,5022,188,0,0,0,0
"270",2023-01-01,22,30,4484,180,0,0,27.1796407185629,0,0,5022,188,0,0,0,0
"271",2023-01-01,22,35,4713,175,0,0,27.1796407185629,0,0,5022,188,0,0,0,0
"272",2023-01-01,22,40,4669,173,0,0,27.1796407185629,0,0,5022,188,0,0,0,0
"273",2023-01-01,22,45,4625,171,0,0,27.1796407185629,0,0,5022,188,0,0,0,0
"274",2023-01-01,22,50,4603,170,0,0,27.1796407185629,0,0,5022,188,0,0,0,0
"275",2023-01-01,22,55,4539,167,0,0,27.1796407185629,0,0,5022,188,0,0,0,0
"276",2023-01-01,22,0,4804,188,0,0,27.1796407185629,0,0,5022,188,0,0,0,0
"277",2023-01-01,23,0,4217,165,0,0,26.4233128834356,0,0,4441,169,0,0,0,0
"278",2023-01-01,23,5,4441,169,0,0,26.4233128834356,0,0,4441,169,0,0,0,0
"279",2023-01-01,23,10,4353,165,0,0,26.4233128834356,0,0,4441,169,0,0,0,0
"280",2023-01-01,23,15,4373,166,0,0,26.4233128834356,0,0,4441,169,0,0,0,0
"281",2023-01-01,23,20,4329,164,0,0,26.4233128834356,0,0,4441,169,0,0,0,0
"282",2023-01-01,23,25,4329,164,0,0,26.4233128834356,0,0,4441,169,0,0,0,0
"283",2023-01-01,23,30,4307,163,0,0,26.4233128834356,0,0,4441,169,0,0,0,0
"284",2023-01-01,23,35,3766,157,0,0,26.4233128834356,0,0,4441,169,0,0,0,0
"285",2023-01-01,23,40,3733,155,0,0,26.4233128834356,0,0,4441,169,0,0,0,0
"286",2023-01-01,23,45,3733,155,0,0,26.4233128834356,0,0,4441,169,0,0,0,0
"287",2023-01-01,23,50,3733,155,0,0,26.4233128834356,0,0,4441,169,0,0,0,0
"288",2023-01-01,23,55,3733,155,0,0,26.4233128834356,0,0,4441,169,0,0,0,0
"289",2023-01-02,0,0,3652,140,0,0,26.0857142857143,0,0,3652,140,0,0,0,0
"290",2023-01-02,0,5,3236,134,0,0,26.0857142857143,0,0,3652,140,0,0,0,0
"291",2023-01-02,0,10,3258,135,0,0,26.0857142857143,0,0,3652,140,0,0,0,0
"292",2023-01-02,0,15,3258,135,0,0,26.0857142857143,0,0,3652,140,0,0,0,0
"293",2023-01-02,0,20,3258,135,0,0,26.0857142857143,0,0,3652,140,0,0,0,0
"294",2023-01-02,0,25,3090,133,0,0,26.0857142857143,0,0,3652,140,0,0,0,0
"295",2023-01-02,0,30,3090,133,0,0,26.0857142857143,0,0,3652,140,0,0,0,0
"296",2023-01-02,0,35,3057,132,0,0,26.0857142857143,0,0,3652,140,0,0,0,0
"297",2023-01-02,0,40,3057,132,0,0,26.0857142857143,0,0,3652,140,0,0,0,0
"298",2023-01-02,0,45,3057,132,0,0,26.0857142857143,0,0,3652,140,0,0,0,0
"299",2023-01-02,0,50,3057,132,0,0,26.0857142857143,0,0,3652,140,0,0,0,0
"300",2023-01-02,0,55,3057,132,0,0,26.0857142857143,0,0,3652,140,0,0,0,0
"301",2023-01-02,1,0,3573,148,0,0,25.4459459459459,0,0,3766,148,0,0,0,0
"302",2023-01-02,1,5,3579,147,0,0,25.4459459459459,0,0,3766,148,0,0,0,0
"303",2023-01-02,1,10,3579,147,0,0,25.4459459459459,0,0,3766,148,0,0,0,0
"304",2023-01-02,1,15,3557,146,0,0,25.4459459459459,0,0,3766,148,0,0,0,0
"305",2023-01-02,1,20,3557,146,0,0,25.4459459459459,0,0,3766,148,0,0,0,0
"306",2023-01-02,1,25,3557,146,0,0,25.4459459459459,0,0,3766,148,0,0,0,0
"307",2023-01-02,1,30,3568,147,0,0,25.4459459459459,0,0,3766,148,0,0,0,0
"308",2023-01-02,1,35,3646,146,0,0,25.4459459459459,0,0,3766,148,0,0,0,0
"309",2023-01-02,1,40,3766,148,0,0,25.4459459459459,0,0,3766,148,0,0,0,0
"310",2023-01-02,1,45,3766,148,0,0,25.4459459459459,0,0,3766,148,0,0,0,0
"311",2023-01-02,1,50,3766,148,0,0,25.4459459459459,0,0,3766,148,0,0,0,0
"312",2023-01-02,1,55,3766,148,0,0,25.4459459459459,0,0,3766,148,0,0,0,0
"313",2023-01-02,2,0,3766,148,0,0,25.5202702702703,0,0,3777,148,0,0,0,0
"314",2023-01-02,2,5,3777,148,0,0,25.5202702702703,0,0,3777,148,0,0,0,0
"315",2023-01-02,2,10,3777,148,0,0,25.5202702702703,0,0,3777,148,0,0,0,0
"316",2023-01-02,2,15,3717,147,0,0,25.5202702702703,0,0,3777,148,0,0,0,0
"317",2023-01-02,2,20,3717,147,0,0,25.5202702702703,0,0,3777,148,0,0,0,0
"318",2023-01-02,2,25,3717,147,0,0,25.5202702702703,0,0,3777,148,0,0,0,0
"319",2023-01-02,2,30,3673,145,0,0,25.5202702702703,0,0,3777,148,0,0,0,0
"320",2023-01-02,2,35,3506,144,0,0,25.5202702702703,0,0,3777,148,0,0,0,0
"321",2023-01-02,2,40,3506,144,0,0,25.5202702702703,0,0,3777,148,0,0,0,0
"322",2023-01-02,2,45,3506,144,0,0,25.5202702702703,0,0,3777,148,0,0,0,0
"323",2023-01-02,2,50,3506,144,0,0,25.5202702702703,0,0,3777,148,0,0,0,0
"324",2023-01-02,2,55,3506,144,0,0,25.5202702702703,0,0,3777,148,0,0,0,0
"325",2023-01-02,3,0,3506,144,0,0,24.6549295774648,0,0,3534,144,0,0,0,0
"326",2023-01-02,3,5,3534,144,0,0,24.6549295774648,0,0,3534,144,0,0,0,0
"327",2023-01-02,3,10,3534,144,0,0,24.6549295774648,0,0,3534,144,0,0,0,0
"328",2023-01-02,3,15,3512,143,0,0,24.6549295774648,0,0,3534,144,0,0,0,0
"329",2023-01-02,3,20,3512,143,0,0,24.6549295774648,0,0,3534,144,0,0,0,0
"330",2023-01-02,3,25,3512,143,0,0,24.6549295774648,0,0,3534,144,0,0,0,0
"331",2023-01-02,3,30,3501,142,0,0,24.6549295774648,0,0,3534,144,0,0,0,0
"332",2023-01-02,3,35,3351,138,0,0,24.6549295774648,0,0,3534,144,0,0,0,0
"333",2023-01-02,3,40,3351,138,0,0,24.6549295774648,0,0,3534,144,0,0,0,0
"334",2023-01-02,3,45,3351,138,0,0,24.6549295774648,0,0,3534,144,0,0,0,0
"335",2023-01-02,3,50,3351,138,0,0,24.6549295774648,0,0,3534,144,0,0,0,0
"336",2023-01-02,3,55,3351,138,0,0,24.6549295774648,0,0,3534,144,0,0,0,0
"337",2023-01-02,4,0,3351,138,0,0,25.3208955223881,0,0,3393,138,0,0,0,0
"338",2023-01-02,4,5,3265,134,0,0,25.3208955223881,0,0,3393,138,0,0,0,0
"339",2023-01-02,4,10,3265,134,0,0,25.3208955223881,0,0,3393,138,0,0,0,0
"340",2023-01-02,4,15,3265,134,0,0,25.3208955223881,0,0,3393,138,0,0,0,0
"341",2023-01-02,4,20,3265,134,0,0,25.3208955223881,0,0,3393,138,0,0,0,0
"342",2023-01-02,4,25,3265,134,0,0,25.3208955223881,0,0,3393,138,0,0,0,0
"343",2023-01-02,4,30,3243,133,0,0,25.3208955223881,0,0,3393,138,0,0,0,0
"344",2023-01-02,4,35,3393,134,0,0,25.3208955223881,0,0,3393,138,0,0,0,0
"345",2023-01-02,4,40,3393,134,0,0,25.3208955223881,0,0,3393,138,0,0,0,0
"346",2023-01-02,4,45,3393,134,0,0,25.3208955223881,0,0,3393,138,0,0,0,0
"347",2023-01-02,4,50,3393,134,0,0,25.3208955223881,0,0,3393,138,0,0,0,0
"348",2023-01-02,4,55,3393,134,0,0,25.3208955223881,0,0,3393,138,0,0,0,0
"349",2023-01-02,5,0,3393,134,0,0,25.3208955223881,0,0,3437,136,0,0,0,0
"350",2023-01-02,5,5,3437,136,0,0,25.3208955223881,0,0,3437,136,0,0,0,0
"351",2023-01-02,5,10,3437,136,0,0,25.3208955223881,0,0,3437,136,0,0,0,0
"352",2023-01-02,5,15,3287,135,0,0,25.3208955223881,0,0,3437,136,0,0,0,0
"353",2023-01-02,5,20,3287,135,0,0,25.3208955223881,0,0,3437,136,0,0,0,0
"354",2023-01-02,5,25,3265,134,0,0,25.3208955223881,0,0,3437,136,0,0,0,0
"355",2023-01-02,5,30,3265,134,0,0,25.3208955223881,0,0,3437,136,0,0,0,0
"356",2023-01-02,5,35,3241,133,0,0,25.3208955223881,0,0,3437,136,0,0,0,0
"357",2023-01-02,5,40,3263,134,0,0,25.3208955223881,0,0,3437,136,0,0,0,0
"358",2023-01-02,5,45,3285,135,0,0,25.3208955223881,0,0,3437,136,0,0,0,0
"359",2023-01-02,5,50,3263,134,0,0,25.3208955223881,0,0,3437,136,0,0,0,0
"360",2023-01-02,5,55,3263,134,0,0,25.3208955223881,0,0,3437,136,0,0,0,0
"361",2023-01-02,6,0,3263,134,0,0,24.4885496183206,0,0,3285,135,0,0,0,0
"362",2023-01-02,6,5,3263,134,0,0,24.4885496183206,0,0,3285,135,0,0,0,0
"363",2023-01-02,6,10,3263,134,0,0,24.4885496183206,0,0,3285,135,0,0,0,0
"364",2023-01-02,6,15,3263,134,0,0,24.4885496183206,0,0,3285,135,0,0,0,0
"365",2023-01-02,6,20,3241,133,0,0,24.4885496183206,0,0,3285,135,0,0,0,0
"366",2023-01-02,6,25,3241,133,0,0,24.4885496183206,0,0,3285,135,0,0,0,0
"367",2023-01-02,6,30,3285,135,0,0,24.4885496183206,0,0,3285,135,0,0,0,0
"368",2023-01-02,6,35,3241,133,0,0,24.4885496183206,0,0,3285,135,0,0,0,0
"369",2023-01-02,6,40,3241,133,0,0,24.4885496183206,0,0,3285,135,0,0,0,0
"370",2023-01-02,6,45,3208,131,0,0,24.4885496183206,0,0,3285,135,0,0,0,0
"371",2023-01-02,6,50,3208,131,0,0,24.4885496183206,0,0,3285,135,0,0,0,0
"372",2023-01-02,6,55,3208,131,0,0,24.4885496183206,0,0,3285,135,0,0,0,0
"373",2023-01-02,7,0,3208,131,0,0,24.4885496183206,0,0,3208,131,0,0,0,0
"374",2023-01-02,7,5,3058,130,0,0,24.4885496183206,0,0,3208,131,0,0,0,0
"375",2023-01-02,7,10,3058,130,0,0,24.4885496183206,0,0,3208,131,0,0,0,0
"376",2023-01-02,7,15,3058,130,0,0,24.4885496183206,0,0,3208,131,0,0,0,0
"377",2023-01-02,7,20,3058,130,0,0,24.4885496183206,0,0,3208,131,0,0,0,0
"378",2023-01-02,7,25,3080,131,0,0,24.4885496183206,0,0,3208,131,0,0,0,0
"379",2023-01-02,7,30,3080,131,0,0,24.4885496183206,0,0,3208,131,0,0,0,0
"380",2023-01-02,7,35,3025,129,0,0,24.4885496183206,0,0,3208,131,0,0,0,0
"381",2023-01-02,7,40,3025,129,0,0,24.4885496183206,0,0,3208,131,0,0,0,0
"382",2023-01-02,7,45,3025,129,0,0,24.4885496183206,0,0,3208,131,0,0,0,0
"383",2023-01-02,7,50,3025,129,0,0,24.4885496183206,0,0,3208,131,0,0,0,0
"384",2023-01-02,7,55,3003,128,0,0,24.4885496183206,0,0,3208,131,0,0,0,0
"385",2023-01-02,8,0,3003,128,0,0,26.2753623188406,0,0,3639,141,0,0,0,0
"386",2023-01-02,8,5,3179,129,0,0,26.2753623188406,0,0,3639,141,0,0,0,0
"387",2023-01-02,8,10,3179,129,0,0,26.2753623188406,0,0,3639,141,0,0,0,0
"388",2023-01-02,8,15,3168,129,0,0,26.2753623188406,0,0,3639,141,0,0,0,0
"389",2023-01-02,8,20,3168,129,0,0,26.2753623188406,0,0,3639,141,0,0,0,0
"390",2023-01-02,8,25,3338,131,0,0,26.2753623188406,0,0,3639,141,0,0,0,0
"391",2023-01-02,8,30,3349,132,0,0,26.2753623188406,0,0,3639,141,0,0,0,0
"392",2023-01-02,8,35,3626,138,0,0,26.2753623188406,0,0,3639,141,0,0,0,0
"393",2023-01-02,8,40,3637,139,0,0,26.2753623188406,0,0,3639,141,0,0,0,0
"394",2023-01-02,8,45,3606,138,0,0,26.2753623188406,0,0,3639,141,0,0,0,0
"395",2023-01-02,8,50,3617,139,0,0,26.2753623188406,0,0,3639,141,0,0,0,0
"396",2023-01-02,8,55,3639,141,0,0,26.2753623188406,0,0,3639,141,0,0,0,0
"397",2023-01-02,9,15,3613,150,0,0,26.60625,0,0,4257,160,0,0,0,0
"398",2023-01-02,9,20,3613,150,0,0,26.60625,0,0,4257,160,0,0,0,0
"399",2023-01-02,9,25,3493,149,0,0,26.60625,0,0,4257,160,0,0,0,0
"400",2023-01-02,9,30,3831,149,0,0,26.60625,0,0,4257,160,0,0,0,0
"401",2023-01-02,9,35,3989,154,0,0,26.60625,0,0,4257,160,0,0,0,0
"402",2023-01-02,9,40,4000,155,0,0,26.60625,0,0,4257,160,0,0,0,0
"403",2023-01-02,9,45,4055,158,0,0,26.60625,0,0,4257,160,0,0,0,0
"404",2023-01-02,9,50,4033,157,0,0,26.60625,0,0,4257,160,0,0,0,0
"405",2023-01-02,9,55,4257,160,0,0,26.60625,0,0,4257,160,0,0,0,0
"406",2023-01-02,9,0,3661,142,0,0,26.60625,0,0,4257,160,0,0,0,0
"407",2023-01-02,9,5,3492,144,0,0,26.60625,0,0,4257,160,0,0,0,0
"408",2023-01-02,9,10,3558,147,0,0,26.60625,0,0,4257,160,0,0,0,0
"409",2023-01-02,10,0,4257,160,0,0,28.1363636363636,0,0,5215,188,0,0,0,0
"410",2023-01-02,10,5,4710,171,0,0,28.1363636363636,0,0,5215,188,0,0,0,0
"411",2023-01-02,10,10,4574,172,0,0,28.1363636363636,0,0,5215,188,0,0,0,0
"412",2023-01-02,10,15,4563,172,0,0,28.1363636363636,0,0,5215,188,0,0,0,0
"413",2023-01-02,10,20,4585,174,0,0,28.1363636363636,0,0,5215,188,0,0,0,0
"414",2023-01-02,10,25,4753,179,0,0,28.1363636363636,0,0,5215,188,0,0,0,0
"415",2023-01-02,10,30,4801,178,0,0,28.1363636363636,0,0,5215,188,0,0,0,0
"416",2023-01-02,10,35,4952,176,0,0,28.1363636363636,0,0,5215,188,0,0,0,0
"417",2023-01-02,10,40,4996,178,0,0,28.1363636363636,0,0,5215,188,0,0,0,0
"418",2023-01-02,10,45,5045,182,0,0,28.1363636363636,0,0,5215,188,0,0,0,0
"419",2023-01-02,10,50,5149,185,0,0,28.1363636363636,0,0,5215,188,0,0,0,0
"420",2023-01-02,10,55,5215,188,0,0,28.1363636363636,0,0,5215,188,0,0,0,0
"421",2023-01-02,11,0,4904,186,0,0,29.4260869565217,0,0,6768,230,0,0,0,0
"422",2023-01-02,11,5,5276,204,0,0,29.4260869565217,0,0,6768,230,0,0,0,0
"423",2023-01-02,11,10,5227,204,0,0,29.4260869565217,0,0,6768,230,0,0,0,0
"424",2023-01-02,11,15,5315,208,0,0,29.4260869565217,0,0,6768,230,0,0,0,0
"425",2023-01-02,11,20,5353,207,0,0,29.4260869565217,0,0,6768,230,0,0,0,0
"426",2023-01-02,11,25,5375,208,0,0,29.4260869565217,0,0,6768,230,0,0,0,0
"427",2023-01-02,11,30,5397,209,0,0,29.4260869565217,0,0,6768,230,0,0,0,0
"428",2023-01-02,11,35,5987,221,0,0,29.4260869565217,0,0,6768,230,0,0,0,0
"429",2023-01-02,11,40,6070,224,0,0,29.4260869565217,0,0,6768,230,0,0,0,0
"430",2023-01-02,11,45,6304,226,0,0,29.4260869565217,0,0,6768,230,0,0,0,0
"431",2023-01-02,11,50,6304,226,0,0,29.4260869565217,0,0,6768,230,0,0,0,0
"432",2023-01-02,11,55,6768,230,0,0,29.4260869565217,0,0,6768,230,0,0,0,0
"433",2023-01-02,12,20,7138,236,0,0,32.5826446280992,0,0,7885,244,0,0,0,0
"434",2023-01-02,12,25,6881,236,0,0,32.5826446280992,0,0,7885,244,0,0,0,0
"435",2023-01-02,12,30,7156,244,0,0,32.5826446280992,0,0,7885,244,0,0,0,0
"436",2023-01-02,12,35,6614,236,0,0,32.5826446280992,0,0,7885,244,0,0,0,0
"437",2023-01-02,12,40,6580,233,0,0,32.5826446280992,0,0,7885,244,0,0,0,0
"438",2023-01-02,12,45,7083,237,0,0,32.5826446280992,0,0,7885,244,0,0,0,0
"439",2023-01-02,12,50,7623,239,0,0,32.5826446280992,0,0,7885,244,0,0,0,0
"440",2023-01-02,12,55,7885,242,0,0,32.5826446280992,0,0,7885,244,0,0,0,0
"441",2023-01-02,12,0,6801,232,0,0,32.5826446280992,0,0,7885,244,0,0,0,0
"442",2023-01-02,12,5,6850,234,0,0,32.5826446280992,0,0,7885,244,0,0,0,0
"443",2023-01-02,12,10,6932,236,0,0,32.5826446280992,0,0,7885,244,0,0,0,0
"444",2023-01-02,12,15,7009,235,0,0,32.5826446280992,0,0,7885,244,0,0,0,0
"445",2023-01-02,13,0,7864,245,0,0,34.2222222222222,0,0,8932,263,0,0,0,0
"446",2023-01-02,13,5,8312,248,0,0,34.2222222222222,0,0,8932,263,0,0,0,0
"447",2023-01-02,13,10,8347,252,0,0,34.2222222222222,0,0,8932,263,0,0,0,0
"448",2023-01-02,13,15,8411,253,0,0,34.2222222222222,0,0,8932,263,0,0,0,0
"449",2023-01-02,13,20,8932,261,0,0,34.2222222222222,0,0,8932,263,0,0,0,0
"450",2023-01-02,13,25,8865,263,0,0,34.2222222222222,0,0,8932,263,0,0,0,0
"451",2023-01-02,13,30,7744,258,0,0,34.2222222222222,0,0,8932,263,0,0,0,0
"452",2023-01-02,13,35,7637,261,0,0,34.2222222222222,0,0,8932,263,0,0,0,0
"453",2023-01-02,13,40,7762,260,0,0,34.2222222222222,0,0,8932,263,0,0,0,0
"454",2023-01-02,13,45,7391,254,0,0,34.2222222222222,0,0,8932,263,0,0,0,0
"455",2023-01-02,13,50,7567,258,0,0,34.2222222222222,0,0,8932,263,0,0,0,0
"456",2023-01-02,13,55,7157,260,0,0,34.2222222222222,0,0,8932,263,0,0,0,0
"457",2023-01-02,14,0,7124,259,0,0,29.134328358209,0,0,7808,270,0,0,0,0
"458",2023-01-02,14,5,7549,269,0,0,29.134328358209,0,0,7808,270,0,0,0,0
"459",2023-01-02,14,10,7541,270,0,0,29.134328358209,0,0,7808,270,0,0,0,0
"460",2023-01-02,14,15,7457,268,0,0,29.134328358209,0,0,7808,270,0,0,0,0
"461",2023-01-02,14,20,7249,264,0,0,29.134328358209,0,0,7808,270,0,0,0,0
"462",2023-01-02,14,25,7121,264,0,0,29.134328358209,0,0,7808,270,0,0,0,0
"463",2023-01-02,14,30,7136,267,0,0,29.134328358209,0,0,7808,270,0,0,0,0
"464",2023-01-02,14,35,7176,264,0,0,29.134328358209,0,0,7808,270,0,0,0,0
"465",2023-01-02,14,40,7154,264,0,0,29.134328358209,0,0,7808,270,0,0,0,0
"466",2023-01-02,14,45,7368,268,0,0,29.134328358209,0,0,7808,270,0,0,0,0
"467",2023-01-02,14,50,7530,268,0,0,29.134328358209,0,0,7808,270,0,0,0,0
"468",2023-01-02,14,55,7808,268,0,0,29.134328358209,0,0,7808,270,0,0,0,0
"469",2023-01-02,15,0,8031,265,0,0,30.3056603773585,0,0,8136,274,0,0,0,0
"470",2023-01-02,15,5,7298,263,0,0,30.3056603773585,0,0,8136,274,0,0,0,0
"471",2023-01-02,15,10,7243,262,0,0,30.3056603773585,0,0,8136,274,0,0,0,0
"472",2023-01-02,15,15,7532,270,0,0,30.3056603773585,0,0,8136,274,0,0,0,0
"473",2023-01-02,15,20,7716,267,0,0,30.3056603773585,0,0,8136,274,0,0,0,0
"474",2023-01-02,15,25,7659,267,0,0,30.3056603773585,0,0,8136,274,0,0,0,0
"475",2023-01-02,15,30,7451,266,0,0,30.3056603773585,0,0,8136,274,0,0,0,0
"476",2023-01-02,15,35,8136,270,0,0,30.3056603773585,0,0,8136,274,0,0,0,0
"477",2023-01-02,15,40,7815,273,0,0,30.3056603773585,0,0,8136,274,0,0,0,0
"478",2023-01-02,15,45,7891,274,0,0,30.3056603773585,0,0,8136,274,0,0,0,0
"479",2023-01-02,15,50,8061,274,0,0,30.3056603773585,0,0,8136,274,0,0,0,0
"480",2023-01-02,15,55,7564,273,0,0,30.3056603773585,0,0,8136,274,0,0,0,0
"481",2023-01-02,16,0,7650,269,0,0,29.4652014652015,0,0,8044,276,0,0,0,0
"482",2023-01-02,16,5,7259,265,0,0,29.4652014652015,0,0,8044,276,0,0,0,0
"483",2023-01-02,16,10,7249,266,0,0,29.4652014652015,0,0,8044,276,0,0,0,0
"484",2023-01-02,16,15,7522,270,0,0,29.4652014652015,0,0,8044,276,0,0,0,0
"485",2023-01-02,16,20,8044,273,0,0,29.4652014652015,0,0,8044,276,0,0,0,0
"486",2023-01-02,16,25,7960,271,0,0,29.4652014652015,0,0,8044,276,0,0,0,0
"487",2023-01-02,16,30,7402,267,0,0,29.4652014652015,0,0,8044,276,0,0,0,0
"488",2023-01-02,16,35,7603,276,0,0,29.4652014652015,0,0,8044,276,0,0,0,0
"489",2023-01-02,16,40,7571,273,0,0,29.4652014652015,0,0,8044,276,0,0,0,0
"490",2023-01-02,16,45,7590,271,0,0,29.4652014652015,0,0,8044,276,0,0,0,0
"491",2023-01-02,16,50,7474,267,0,0,29.4652014652015,0,0,8044,276,0,0,0,0
"492",2023-01-02,16,55,7408,264,0,0,29.4652014652015,0,0,8044,276,0,0,0,0
"493",2023-01-02,17,0,7292,260,0,0,28.0461538461538,0,0,7292,260,0,0,0,0
"494",2023-01-02,17,5,6200,251,0,0,28.0461538461538,0,0,7292,260,0,0,0,0
"495",2023-01-02,17,10,5832,249,0,0,28.0461538461538,0,0,7292,260,0,0,0,0
"496",2023-01-02,17,15,5987,252,0,0,28.0461538461538,0,0,7292,260,0,0,0,0
"497",2023-01-02,17,20,6026,253,0,0,28.0461538461538,0,0,7292,260,0,0,0,0
"498",2023-01-02,17,25,6132,250,0,0,28.0461538461538,0,0,7292,260,0,0,0,0
"499",2023-01-02,17,30,5938,248,0,0,28.0461538461538,0,0,7292,260,0,0,0,0
"500",2023-01-02,17,35,5643,248,0,0,28.0461538461538,0,0,7292,260,0,0,0,0
"501",2023-01-02,17,40,6009,253,0,0,28.0461538461538,0,0,7292,260,0,0,0,0
"502",2023-01-02,17,45,6031,254,0,0,28.0461538461538,0,0,7292,260,0,0,0,0
"503",2023-01-02,17,50,6077,253,0,0,28.0461538461538,0,0,7292,260,0,0,0,0
"504",2023-01-02,17,55,6077,253,0,0,28.0461538461538,0,0,7292,260,0,0,0,0
"505",2023-01-02,18,0,6011,249,0,0,28.990990990991,0,0,6926,249,0,0,0,0
"506",2023-01-02,18,5,6381,249,0,0,28.990990990991,0,0,6926,249,0,0,0,0
"507",2023-01-02,18,10,6277,245,0,0,28.990990990991,0,0,6926,249,0,0,0,0
"508",2023-01-02,18,15,6264,243,0,0,28.990990990991,0,0,6926,249,0,0,0,0
"509",2023-01-02,18,20,6367,240,0,0,28.990990990991,0,0,6926,249,0,0,0,0
"510",2023-01-02,18,25,6648,241,0,0,28.990990990991,0,0,6926,249,0,0,0,0
"511",2023-01-02,18,30,6926,241,0,0,28.990990990991,0,0,6926,249,0,0,0,0
"512",2023-01-02,18,35,6513,226,0,0,28.990990990991,0,0,6926,249,0,0,0,0
"513",2023-01-02,18,40,6436,222,0,0,28.990990990991,0,0,6926,249,0,0,0,0
"514",2023-01-02,18,45,5797,215,0,0,28.990990990991,0,0,6926,249,0,0,0,0
"515",2023-01-02,18,50,5632,212,0,0,28.990990990991,0,0,6926,249,0,0,0,0
"516",2023-01-02,18,55,5976,215,0,0,28.990990990991,0,0,6926,249,0,0,0,0
"517",2023-01-02,19,10,5798,212,0,0,30.7371134020619,0,0,6104,215,0,0,0,0
"518",2023-01-02,19,15,5809,212,0,0,30.7371134020619,0,0,6104,215,0,0,0,0
"519",2023-01-02,19,20,5844,209,0,0,30.7371134020619,0,0,6104,215,0,0,0,0
"520",2023-01-02,19,25,5823,208,0,0,30.7371134020619,0,0,6104,215,0,0,0,0
"521",2023-01-02,19,30,5416,201,0,0,30.7371134020619,0,0,6104,215,0,0,0,0
"522",2023-01-02,19,35,5505,194,0,0,30.7371134020619,0,0,6104,215,0,0,0,0
"523",2023-01-02,19,40,5363,192,0,0,30.7371134020619,0,0,6104,215,0,0,0,0
"524",2023-01-02,19,45,5963,194,0,0,30.7371134020619,0,0,6104,215,0,0,0,0
"525",2023-01-02,19,50,5865,194,0,0,30.7371134020619,0,0,6104,215,0,0,0,0
"526",2023-01-02,19,0,6104,215,0,0,30.7371134020619,0,0,6104,215,0,0,0,0
"527",2023-01-02,19,5,5623,208,0,0,30.7371134020619,0,0,6104,215,0,0,0,0
"528",2023-01-02,19,55,5532,191,0,0,30.7371134020619,0,0,6104,215,0,0,0,0
"529",2023-01-02,20,5,4999,192,0,0,27.0259067357513,0,0,5260,195,0,0,0,0
"530",2023-01-02,20,10,5006,192,0,0,27.0259067357513,0,0,5260,195,0,0,0,0
"531",2023-01-02,20,15,5028,193,0,0,27.0259067357513,0,0,5260,195,0,0,0,0
"532",2023-01-02,20,20,5014,191,0,0,27.0259067357513,0,0,5260,195,0,0,0,0
"533",2023-01-02,20,25,5216,193,0,0,27.0259067357513,0,0,5260,195,0,0,0,0
"534",2023-01-02,20,30,5260,195,0,0,27.0259067357513,0,0,5260,195,0,0,0,0
"535",2023-01-02,20,35,4767,189,0,0,27.0259067357513,0,0,5260,195,0,0,0,0
"536",2023-01-02,20,40,4767,189,0,0,27.0259067357513,0,0,5260,195,0,0,0,0
"537",2023-01-02,20,45,4786,188,0,0,27.0259067357513,0,0,5260,195,0,0,0,0
"538",2023-01-02,20,50,4464,185,0,0,27.0259067357513,0,0,5260,195,0,0,0,0
"539",2023-01-02,20,55,4420,183,0,0,27.0259067357513,0,0,5260,195,0,0,0,0
"540",2023-01-02,20,0,5030,188,0,0,27.0259067357513,0,0,5260,195,0,0,0,0
"541",2023-01-02,21,0,4359,181,0,0,27.2267441860465,0,0,4730,181,0,0,0,0
"542",2023-01-02,21,5,4109,171,0,0,27.2267441860465,0,0,4730,181,0,0,0,0
"543",2023-01-02,21,10,4109,171,0,0,27.2267441860465,0,0,4730,181,0,0,0,0
"544",2023-01-02,21,15,3959,170,0,0,27.2267441860465,0,0,4730,181,0,0,0,0
"545",2023-01-02,21,20,3992,171,0,0,27.2267441860465,0,0,4730,181,0,0,0,0
"546",2023-01-02,21,25,4014,172,0,0,27.2267441860465,0,0,4730,181,0,0,0,0
"547",2023-01-02,21,30,4002,171,0,0,27.2267441860465,0,0,4730,181,0,0,0,0
"548",2023-01-02,21,35,4730,174,0,0,27.2267441860465,0,0,4730,181,0,0,0,0
"549",2023-01-02,21,40,4683,172,0,0,27.2267441860465,0,0,4730,181,0,0,0,0
"550",2023-01-02,21,45,4705,173,0,0,27.2267441860465,0,0,4730,181,0,0,0,0
"551",2023-01-02,21,50,4607,173,0,0,27.2267441860465,0,0,4730,181,0,0,0,0
"552",2023-01-02,21,55,4629,174,0,0,27.2267441860465,0,0,4730,181,0,0,0,0
"553",2023-01-02,22,0,4629,174,0,0,26.905325443787,0,0,4629,174,0,0,0,0
"554",2023-01-02,22,5,4600,172,0,0,26.905325443787,0,0,4629,174,0,0,0,0
"555",2023-01-02,22,10,4547,169,0,0,26.905325443787,0,0,4629,174,0,0,0,0
"556",2023-01-02,22,15,4460,170,0,0,26.905325443787,0,0,4629,174,0,0,0,0
"557",2023-01-02,22,20,4400,169,0,0,26.905325443787,0,0,4629,174,0,0,0,0
"558",2023-01-02,22,25,4378,168,0,0,26.905325443787,0,0,4629,174,0,0,0,0
"559",2023-01-02,22,30,4295,164,0,0,26.905325443787,0,0,4629,174,0,0,0,0
"560",2023-01-02,22,35,3565,156,0,0,26.905325443787,0,0,4629,174,0,0,0,0
"561",2023-01-02,22,40,3565,156,0,0,26.905325443787,0,0,4629,174,0,0,0,0
"562",2023-01-02,22,45,3614,156,0,0,26.905325443787,0,0,4629,174,0,0,0,0
"563",2023-01-02,22,50,3592,155,0,0,26.905325443787,0,0,4629,174,0,0,0,0
"564",2023-01-02,22,55,3570,154,0,0,26.905325443787,0,0,4629,174,0,0,0,0
"565",2023-01-02,23,0,3592,155,0,0,25,0,0,3592,155,0,0,0,0
"566",2023-01-02,23,5,3579,153,0,0,25,0,0,3592,155,0,0,0,0
"567",2023-01-02,23,10,3535,151,0,0,25,0,0,3592,155,0,0,0,0
"568",2023-01-02,23,15,3557,152,0,0,25,0,0,3592,155,0,0,0,0
"569",2023-01-02,23,20,3585,152,0,0,25,0,0,3592,155,0,0,0,0
"570",2023-01-02,23,25,3541,150,0,0,25,0,0,3592,155,0,0,0,0
"571",2023-01-02,23,30,3513,150,0,0,25,0,0,3592,155,0,0,0,0
"572",2023-01-02,23,35,3575,143,0,0,25,0,0,3592,155,0,0,0,0
"573",2023-01-02,23,40,3362,140,0,0,25,0,0,3592,155,0,0,0,0
"574",2023-01-02,23,45,3340,139,0,0,25,0,0,3592,155,0,0,0,0
"575",2023-01-02,23,50,3318,138,0,0,25,0,0,3592,155,0,0,0,0
"576",2023-01-02,23,55,3340,139,0,0,25,0,0,3592,155,0,0,0,0
"577",2023-01-03,0,0,4503,192,0,0,23.453125,0,0,4503,192,0,0,0,0
"578",2023-01-03,0,5,4323,191,0,0,23.453125,0,0,4503,192,0,0,0,0
"579",2023-01-03,0,10,4173,190,0,0,23.453125,0,0,4503,192,0,0,0,0
"580",2023-01-03,0,15,4173,190,0,0,23.453125,0,0,4503,192,0,0,0,0
"581",2023-01-03,0,20,4206,192,0,0,23.453125,0,0,4503,192,0,0,0,0
"582",2023-01-03,0,25,4184,191,0,0,23.453125,0,0,4503,192,0,0,0,0
"583",2023-01-03,0,30,4282,191,0,0,23.453125,0,0,4503,192,0,0,0,0
"584",2023-01-03,0,35,4194,187,0,0,23.453125,0,0,4503,192,0,0,0,0
"585",2023-01-03,0,40,4194,187,0,0,23.453125,0,0,4503,192,0,0,0,0
"586",2023-01-03,0,45,4194,187,0,0,23.453125,0,0,4503,192,0,0,0,0
"587",2023-01-03,0,50,4194,187,0,0,23.453125,0,0,4503,192,0,0,0,0
"588",2023-01-03,0,55,4194,187,0,0,23.453125,0,0,4503,192,0,0,0,0
"589",2023-01-03,1,0,2907,131,0,0,23.28125,0,0,3002,131,0,0,0,0
"590",2023-01-03,1,5,3002,129,0,0,23.28125,0,0,3002,131,0,0,0,0
"591",2023-01-03,1,10,2980,128,0,0,23.28125,0,0,3002,131,0,0,0,0
"592",2023-01-03,1,15,2980,128,0,0,23.28125,0,0,3002,131,0,0,0,0
"593",2023-01-03,1,20,2980,128,0,0,23.28125,0,0,3002,131,0,0,0,0
"594",2023-01-03,1,25,2969,128,0,0,23.28125,0,0,3002,131,0,0,0,0
"595",2023-01-03,1,30,2991,129,0,0,23.28125,0,0,3002,131,0,0,0,0
"596",2023-01-03,1,35,2819,127,0,0,23.28125,0,0,3002,131,0,0,0,0
"597",2023-01-03,1,40,2841,128,0,0,23.28125,0,0,3002,131,0,0,0,0
"598",2023-01-03,1,45,2841,128,0,0,23.28125,0,0,3002,131,0,0,0,0
"599",2023-01-03,1,50,2781,127,0,0,23.28125,0,0,3002,131,0,0,0,0
"600",2023-01-03,1,55,2781,127,0,0,23.28125,0,0,3002,131,0,0,0,0
"601",2023-01-03,2,0,2950,127,0,0,23.4354838709677,0,0,2950,127,0,0,0,0
"602",2023-01-03,2,5,2906,124,0,0,23.4354838709677,0,0,2950,127,0,0,0,0
"603",2023-01-03,2,10,2906,124,0,0,23.4354838709677,0,0,2950,127,0,0,0,0
"604",2023-01-03,2,15,2906,124,0,0,23.4354838709677,0,0,2950,127,0,0,0,0
"605",2023-01-03,2,20,2906,124,0,0,23.4354838709677,0,0,2950,127,0,0,0,0
"606",2023-01-03,2,25,2906,124,0,0,23.4354838709677,0,0,2950,127,0,0,0,0
"607",2023-01-03,2,30,2726,123,0,0,23.4354838709677,0,0,2950,127,0,0,0,0
"608",2023-01-03,2,35,2748,124,0,0,23.4354838709677,0,0,2950,127,0,0,0,0
"609",2023-01-03,2,40,2748,124,0,0,23.4354838709677,0,0,2950,127,0,0,0,0
"610",2023-01-03,2,45,2748,124,0,0,23.4354838709677,0,0,2950,127,0,0,0,0
"611",2023-01-03,2,50,2748,124,0,0,23.4354838709677,0,0,2950,127,0,0,0,0
"612",2023-01-03,2,55,2748,124,0,0,23.4354838709677,0,0,2950,127,0,0,0,0
"613",2023-01-03,3,0,2748,124,0,0,22.4677419354839,0,0,2786,125,0,0,0,0
"614",2023-01-03,3,5,2770,125,0,0,22.4677419354839,0,0,2786,125,0,0,0,0
"615",2023-01-03,3,10,2770,125,0,0,22.4677419354839,0,0,2786,125,0,0,0,0
"616",2023-01-03,3,15,2770,125,0,0,22.4677419354839,0,0,2786,125,0,0,0,0
"617",2023-01-03,3,20,2748,124,0,0,22.4677419354839,0,0,2786,125,0,0,0,0
"618",2023-01-03,3,25,2748,124,0,0,22.4677419354839,0,0,2786,125,0,0,0,0
"619",2023-01-03,3,30,2748,124,0,0,22.4677419354839,0,0,2786,125,0,0,0,0
"620",2023-01-03,3,35,2726,123,0,0,22.4677419354839,0,0,2786,125,0,0,0,0
"621",2023-01-03,3,40,2786,124,0,0,22.4677419354839,0,0,2786,125,0,0,0,0
"622",2023-01-03,3,45,2786,124,0,0,22.4677419354839,0,0,2786,125,0,0,0,0
"623",2023-01-03,3,50,2786,124,0,0,22.4677419354839,0,0,2786,125,0,0,0,0
"624",2023-01-03,3,55,2786,124,0,0,22.4677419354839,0,0,2786,125,0,0,0,0
"625",2023-01-03,4,0,2786,124,0,0,23.5,0,0,2914,124,0,0,0,0
"626",2023-01-03,4,5,2786,124,0,0,23.5,0,0,2914,124,0,0,0,0
"627",2023-01-03,4,10,2786,124,0,0,23.5,0,0,2914,124,0,0,0,0
"628",2023-01-03,4,15,2786,124,0,0,23.5,0,0,2914,124,0,0,0,0
"629",2023-01-03,4,20,2786,124,0,0,23.5,0,0,2914,124,0,0,0,0
"630",2023-01-03,4,25,2786,124,0,0,23.5,0,0,2914,124,0,0,0,0
"631",2023-01-03,4,30,2786,124,0,0,23.5,0,0,2914,124,0,0,0,0
"632",2023-01-03,4,35,2914,124,0,0,23.5,0,0,2914,124,0,0,0,0
"633",2023-01-03,4,40,2914,124,0,0,23.5,0,0,2914,124,0,0,0,0
"634",2023-01-03,4,45,2854,123,0,0,23.5,0,0,2914,124,0,0,0,0
"635",2023-01-03,4,50,2854,123,0,0,23.5,0,0,2914,124,0,0,0,0
"636",2023-01-03,4,55,2854,123,0,0,23.5,0,0,2914,124,0,0,0,0
"637",2023-01-03,5,0,2854,123,0,0,23.2032520325203,0,0,2854,123,0,0,0,0
"638",2023-01-03,5,5,2682,121,0,0,23.2032520325203,0,0,2854,123,0,0,0,0
"639",2023-01-03,5,10,2682,121,0,0,23.2032520325203,0,0,2854,123,0,0,0,0
"640",2023-01-03,5,15,2671,120,0,0,23.2032520325203,0,0,2854,123,0,0,0,0
"641",2023-01-03,5,20,2671,120,0,0,23.2032520325203,0,0,2854,123,0,0,0,0
"642",2023-01-03,5,25,2671,120,0,0,23.2032520325203,0,0,2854,123,0,0,0,0
"643",2023-01-03,5,30,2693,121,0,0,23.2032520325203,0,0,2854,123,0,0,0,0
"644",2023-01-03,5,35,2693,121,0,0,23.2032520325203,0,0,2854,123,0,0,0,0
"645",2023-01-03,5,40,2693,121,0,0,23.2032520325203,0,0,2854,123,0,0,0,0
"646",2023-01-03,5,45,2693,121,0,0,23.2032520325203,0,0,2854,123,0,0,0,0
"647",2023-01-03,5,50,2693,121,0,0,23.2032520325203,0,0,2854,123,0,0,0,0
"648",2023-01-03,5,55,2693,121,0,0,23.2032520325203,0,0,2854,123,0,0,0,0
"649",2023-01-03,6,0,2693,121,0,0,22.5655737704918,0,0,2753,122,0,0,0,0
"650",2023-01-03,6,5,2671,120,0,0,22.5655737704918,0,0,2753,122,0,0,0,0
"651",2023-01-03,6,10,2671,120,0,0,22.5655737704918,0,0,2753,122,0,0,0,0
"652",2023-01-03,6,15,2671,120,0,0,22.5655737704918,0,0,2753,122,0,0,0,0
"653",2023-01-03,6,20,2671,120,0,0,22.5655737704918,0,0,2753,122,0,0,0,0
"654",2023-01-03,6,25,2649,119,0,0,22.5655737704918,0,0,2753,122,0,0,0,0
"655",2023-01-03,6,30,2649,119,0,0,22.5655737704918,0,0,2753,122,0,0,0,0
"656",2023-01-03,6,35,2649,119,0,0,22.5655737704918,0,0,2753,122,0,0,0,0
"657",2023-01-03,6,40,2671,120,0,0,22.5655737704918,0,0,2753,122,0,0,0,0
"658",2023-01-03,6,45,2693,121,0,0,22.5655737704918,0,0,2753,122,0,0,0,0
"659",2023-01-03,6,50,2715,122,0,0,22.5655737704918,0,0,2753,122,0,0,0,0
"660",2023-01-03,6,55,2753,122,0,0,22.5655737704918,0,0,2753,122,0,0,0,0
"661",2023-01-03,7,0,2875,124,0,0,23.1854838709677,0,0,3303,154,0,0,0,0
"662",2023-01-03,7,5,2901,126,0,0,23.1854838709677,0,0,3303,154,0,0,0,0
"663",2023-01-03,7,10,2945,128,0,0,23.1854838709677,0,0,3303,154,0,0,0,0
"664",2023-01-03,7,15,2989,132,0,0,23.1854838709677,0,0,3303,154,0,0,0,0
"665",2023-01-03,7,20,3033,134,0,0,23.1854838709677,0,0,3303,154,0,0,0,0
"666",2023-01-03,7,25,3066,136,0,0,23.1854838709677,0,0,3303,154,0,0,0,0
"667",2023-01-03,7,30,3077,137,0,0,23.1854838709677,0,0,3303,154,0,0,0,0
"668",2023-01-03,7,35,3154,142,0,0,23.1854838709677,0,0,3303,154,0,0,0,0
"669",2023-01-03,7,40,3176,145,0,0,23.1854838709677,0,0,3303,154,0,0,0,0
"670",2023-01-03,7,45,3275,150,0,0,23.1854838709677,0,0,3303,154,0,0,0,0
"671",2023-01-03,7,50,3270,152,0,0,23.1854838709677,0,0,3303,154,0,0,0,0
"672",2023-01-03,7,55,3303,154,0,0,23.1854838709677,0,0,3303,154,0,0,0,0
"673",2023-01-03,8,40,4354,206,0,0,24.2312138728324,0,0,4486,216,0,0,0,0
"674",2023-01-03,8,45,4376,207,0,0,24.2312138728324,0,0,4486,216,0,0,0,0
"675",2023-01-03,8,50,4464,213,0,0,24.2312138728324,0,0,4486,216,0,0,0,0
"676",2023-01-03,8,55,4486,216,0,0,24.2312138728324,0,0,4486,216,0,0,0,0
"677",2023-01-03,8,20,4312,186,0,0,24.2312138728324,0,0,4486,216,0,0,0,0
"678",2023-01-03,8,25,4378,190,0,0,24.2312138728324,0,0,4486,216,0,0,0,0
"679",2023-01-03,8,30,4378,191,0,0,24.2312138728324,0,0,4486,216,0,0,0,0
"680",2023-01-03,8,35,4287,202,0,0,24.2312138728324,0,0,4486,216,0,0,0,0
"681",2023-01-03,8,0,3427,159,0,0,24.2312138728324,0,0,4486,216,0,0,0,0
"682",2023-01-03,8,5,4192,173,0,0,24.2312138728324,0,0,4486,216,0,0,0,0
"683",2023-01-03,8,10,4269,178,0,0,24.2312138728324,0,0,4486,216,0,0,0,0
"684",2023-01-03,8,15,4180,178,0,0,24.2312138728324,0,0,4486,216,0,0,0,0
"685",2023-01-03,9,0,4596,222,0,0,20.7587548638132,0,0,5423,262,0,0,0,0
"686",2023-01-03,9,5,4695,228,0,0,20.7587548638132,0,0,5423,262,0,0,0,0
"687",2023-01-03,9,10,4871,239,0,0,20.7587548638132,0,0,5423,262,0,0,0,0
"688",2023-01-03,9,15,5079,245,0,0,20.7587548638132,0,0,5423,262,0,0,0,0
"689",2023-01-03,9,20,5047,248,0,0,20.7587548638132,0,0,5423,262,0,0,0,0
"690",2023-01-03,9,25,4983,245,0,0,20.7587548638132,0,0,5423,262,0,0,0,0
"691",2023-01-03,9,30,5060,249,0,0,20.7587548638132,0,0,5423,262,0,0,0,0
"692",2023-01-03,9,35,5038,248,0,0,20.7587548638132,0,0,5423,262,0,0,0,0
"693",2023-01-03,9,40,5267,254,0,0,20.7587548638132,0,0,5423,262,0,0,0,0
"694",2023-01-03,9,45,5324,257,0,0,20.7587548638132,0,0,5423,262,0,0,0,0
"695",2023-01-03,9,50,5335,257,0,0,20.7587548638132,0,0,5423,262,0,0,0,0
"696",2023-01-03,9,55,5423,262,0,0,20.7587548638132,0,0,5423,262,0,0,0,0
"697",2023-01-03,10,0,5511,266,0,0,22.6619217081851,0,0,6404,285,0,0,0,0
"698",2023-01-03,10,5,5691,266,0,0,22.6619217081851,0,0,6404,285,0,0,0,0
"699",2023-01-03,10,10,5752,269,0,0,22.6619217081851,0,0,6404,285,0,0,0,0
"700",2023-01-03,10,15,5818,272,0,0,22.6619217081851,0,0,6404,285,0,0,0,0
"701",2023-01-03,10,20,5912,276,0,0,22.6619217081851,0,0,6404,285,0,0,0,0
"702",2023-01-03,10,25,5825,276,0,0,22.6619217081851,0,0,6404,285,0,0,0,0
"703",2023-01-03,10,30,6144,278,0,0,22.6619217081851,0,0,6404,285,0,0,0,0
"704",2023-01-03,10,35,6368,281,0,0,22.6619217081851,0,0,6404,285,0,0,0,0
"705",2023-01-03,10,40,6368,281,0,0,22.6619217081851,0,0,6404,285,0,0,0,0
"706",2023-01-03,10,45,6160,280,0,0,22.6619217081851,0,0,6404,285,0,0,0,0
"707",2023-01-03,10,50,6338,281,0,0,22.6619217081851,0,0,6404,285,0,0,0,0
"708",2023-01-03,10,55,6404,285,0,0,22.6619217081851,0,0,6404,285,0,0,0,0
"709",2023-01-03,11,0,6524,286,0,0,23.2315789473684,0,0,6621,288,0,0,0,0
"710",2023-01-03,11,5,6399,288,0,0,23.2315789473684,0,0,6621,288,0,0,0,0
"711",2023-01-03,11,10,6427,287,0,0,23.2315789473684,0,0,6621,288,0,0,0,0
"712",2023-01-03,11,15,6326,284,0,0,23.2315789473684,0,0,6621,288,0,0,0,0
"713",2023-01-03,11,20,6476,285,0,0,23.2315789473684,0,0,6621,288,0,0,0,0
"714",2023-01-03,11,25,6621,285,0,0,23.2315789473684,0,0,6621,288,0,0,0,0
"715",2023-01-03,11,30,6457,282,0,0,23.2315789473684,0,0,6621,288,0,0,0,0
"716",2023-01-03,11,35,6435,281,0,0,23.2315789473684,0,0,6621,288,0,0,0,0
"717",2023-01-03,11,40,6351,283,0,0,23.2315789473684,0,0,6621,288,0,0,0,0
"718",2023-01-03,11,45,6384,284,0,0,23.2315789473684,0,0,6621,288,0,0,0,0
"719",2023-01-03,11,50,6395,285,0,0,23.2315789473684,0,0,6621,288,0,0,0,0
"720",2023-01-03,11,55,6356,284,0,0,23.2315789473684,0,0,6621,288,0,0,0,0
"721",2023-01-03,12,0,6323,281,0,0,24.2591093117409,0,0,6331,281,0,0,0,0
"722",2023-01-03,12,5,6084,277,0,0,24.2591093117409,0,0,6331,281,0,0,0,0
"723",2023-01-03,12,10,6190,277,0,0,24.2591093117409,0,0,6331,281,0,0,0,0
"724",2023-01-03,12,15,6283,279,0,0,24.2591093117409,0,0,6331,281,0,0,0,0
"725",2023-01-03,12,20,6239,276,0,0,24.2591093117409,0,0,6331,281,0,0,0,0
"726",2023-01-03,12,25,6331,273,0,0,24.2591093117409,0,0,6331,281,0,0,0,0
"727",2023-01-03,12,30,6287,271,0,0,24.2591093117409,0,0,6331,281,0,0,0,0
"728",2023-01-03,12,35,6052,267,0,0,24.2591093117409,0,0,6331,281,0,0,0,0
"729",2023-01-03,12,40,5555,250,0,0,24.2591093117409,0,0,6331,281,0,0,0,0
"730",2023-01-03,12,45,5871,250,0,0,24.2591093117409,0,0,6331,281,0,0,0,0
"731",2023-01-03,12,50,5951,247,0,0,24.2591093117409,0,0,6331,281,0,0,0,0
"732",2023-01-03,12,55,5992,247,0,0,24.2591093117409,0,0,6331,281,0,0,0,0
"733",2023-01-03,13,0,6142,249,0,0,25.2857142857143,0,0,6195,249,0,0,0,0
"734",2023-01-03,13,5,6065,243,0,0,25.2857142857143,0,0,6195,249,0,0,0,0
"735",2023-01-03,13,10,5838,236,0,0,25.2857142857143,0,0,6195,249,0,0,0,0
"736",2023-01-03,13,15,5811,235,0,0,25.2857142857143,0,0,6195,249,0,0,0,0
"737",2023-01-03,13,20,5743,231,0,0,25.2857142857143,0,0,6195,249,0,0,0,0
"738",2023-01-03,13,25,5821,236,0,0,25.2857142857143,0,0,6195,249,0,0,0,0
"739",2023-01-03,13,30,5759,246,0,0,25.2857142857143,0,0,6195,249,0,0,0,0
"740",2023-01-03,13,35,5472,240,0,0,25.2857142857143,0,0,6195,249,0,0,0,0
"741",2023-01-03,13,40,5813,243,0,0,25.2857142857143,0,0,6195,249,0,0,0,0
"742",2023-01-03,13,45,6195,245,0,0,25.2857142857143,0,0,6195,249,0,0,0,0
"743",2023-01-03,13,50,6001,243,0,0,25.2857142857143,0,0,6195,249,0,0,0,0
"744",2023-01-03,13,55,5915,245,0,0,25.2857142857143,0,0,6195,249,0,0,0,0
"745",2023-01-03,14,0,5827,241,0,0,27.7764705882353,0,0,7083,256,0,0,0,0
"746",2023-01-03,14,5,6023,244,0,0,27.7764705882353,0,0,7083,256,0,0,0,0
"747",2023-01-03,14,10,5652,243,0,0,27.7764705882353,0,0,7083,256,0,0,0,0
"748",2023-01-03,14,15,6313,246,0,0,27.7764705882353,0,0,7083,256,0,0,0,0
"749",2023-01-03,14,20,6482,247,0,0,27.7764705882353,0,0,7083,256,0,0,0,0
"750",2023-01-03,14,25,6614,254,0,0,27.7764705882353,0,0,7083,256,0,0,0,0
"751",2023-01-03,14,30,6678,250,0,0,27.7764705882353,0,0,7083,256,0,0,0,0
"752",2023-01-03,14,35,6594,256,0,0,27.7764705882353,0,0,7083,256,0,0,0,0
"753",2023-01-03,14,40,6723,254,0,0,27.7764705882353,0,0,7083,256,0,0,0,0
"754",2023-01-03,14,45,6767,256,0,0,27.7764705882353,0,0,7083,256,0,0,0,0
"755",2023-01-03,14,50,6701,253,0,0,27.7764705882353,0,0,7083,256,0,0,0,0
"756",2023-01-03,14,55,7083,255,0,0,27.7764705882353,0,0,7083,256,0,0,0,0
"757",2023-01-03,15,0,6571,253,0,0,25.9723320158103,0,0,6786,274,0,0,0,0
"758",2023-01-03,15,5,6330,258,0,0,25.9723320158103,0,0,6786,274,0,0,0,0
"759",2023-01-03,15,10,6532,260,0,0,25.9723320158103,0,0,6786,274,0,0,0,0
"760",2023-01-03,15,15,6150,259,0,0,25.9723320158103,0,0,6786,274,0,0,0,0
"761",2023-01-03,15,20,5986,263,0,0,25.9723320158103,0,0,6786,274,0,0,0,0
"762",2023-01-03,15,25,5811,263,0,0,25.9723320158103,0,0,6786,274,0,0,0,0
"763",2023-01-03,15,30,5880,264,0,0,25.9723320158103,0,0,6786,274,0,0,0,0
"764",2023-01-03,15,35,6065,266,0,0,25.9723320158103,0,0,6786,274,0,0,0,0
"765",2023-01-03,15,40,6314,266,0,0,25.9723320158103,0,0,6786,274,0,0,0,0
"766",2023-01-03,15,45,6408,269,0,0,25.9723320158103,0,0,6786,274,0,0,0,0
"767",2023-01-03,15,50,6595,268,0,0,25.9723320158103,0,0,6786,274,0,0,0,0
"768",2023-01-03,15,55,6786,274,0,0,25.9723320158103,0,0,6786,274,0,0,0,0
"769",2023-01-03,16,0,6925,274,0,0,29.4290909090909,0,0,8093,284,0,0,0,0
"770",2023-01-03,16,5,6882,277,0,0,29.4290909090909,0,0,8093,284,0,0,0,0
"771",2023-01-03,16,10,7164,277,0,0,29.4290909090909,0,0,8093,284,0,0,0,0
"772",2023-01-03,16,15,7550,278,0,0,29.4290909090909,0,0,8093,284,0,0,0,0
"773",2023-01-03,16,20,7239,279,0,0,29.4290909090909,0,0,8093,284,0,0,0,0
"774",2023-01-03,16,25,6919,284,0,0,29.4290909090909,0,0,8093,284,0,0,0,0
"775",2023-01-03,16,30,6667,280,0,0,29.4290909090909,0,0,8093,284,0,0,0,0
"776",2023-01-03,16,35,6656,280,0,0,29.4290909090909,0,0,8093,284,0,0,0,0
"777",2023-01-03,16,40,6450,278,0,0,29.4290909090909,0,0,8093,284,0,0,0,0
"778",2023-01-03,16,45,6914,279,0,0,29.4290909090909,0,0,8093,284,0,0,0,0
"779",2023-01-03,16,50,8074,278,0,0,29.4290909090909,0,0,8093,284,0,0,0,0
"780",2023-01-03,16,55,8093,275,0,0,29.4290909090909,0,0,8093,284,0,0,0,0
"781",2023-01-03,17,0,7946,276,0,0,28.7898550724638,0,0,7946,276,0,0,0,0
"782",2023-01-03,17,5,7755,275,0,0,28.7898550724638,0,0,7946,276,0,0,0,0
"783",2023-01-03,17,10,7597,275,0,0,28.7898550724638,0,0,7946,276,0,0,0,0
"784",2023-01-03,17,15,7593,272,0,0,28.7898550724638,0,0,7946,276,0,0,0,0
"785",2023-01-03,17,20,7207,267,0,0,28.7898550724638,0,0,7946,276,0,0,0,0
"786",2023-01-03,17,25,7338,267,0,0,28.7898550724638,0,0,7946,276,0,0,0,0
"787",2023-01-03,17,30,7242,267,0,0,28.7898550724638,0,0,7946,276,0,0,0,0
"788",2023-01-03,17,35,7616,270,0,0,28.7898550724638,0,0,7946,276,0,0,0,0
"789",2023-01-03,17,40,7279,268,0,0,28.7898550724638,0,0,7946,276,0,0,0,0
"790",2023-01-03,17,45,6468,264,0,0,28.7898550724638,0,0,7946,276,0,0,0,0
"791",2023-01-03,17,50,6360,259,0,0,28.7898550724638,0,0,7946,276,0,0,0,0
"792",2023-01-03,17,55,6367,266,0,0,28.7898550724638,0,0,7946,276,0,0,0,0
"793",2023-01-03,18,0,6748,268,0,0,26.003717472119,0,0,6995,269,0,0,0,0
"794",2023-01-03,18,5,6867,268,0,0,26.003717472119,0,0,6995,269,0,0,0,0
"795",2023-01-03,18,10,6995,269,0,0,26.003717472119,0,0,6995,269,0,0,0,0
"796",2023-01-03,18,15,6538,263,0,0,26.003717472119,0,0,6995,269,0,0,0,0
"797",2023-01-03,18,20,6373,255,0,0,26.003717472119,0,0,6995,269,0,0,0,0
"798",2023-01-03,18,25,6197,246,0,0,26.003717472119,0,0,6995,269,0,0,0,0
"799",2023-01-03,18,30,5887,246,0,0,26.003717472119,0,0,6995,269,0,0,0,0
"800",2023-01-03,18,35,5647,244,0,0,26.003717472119,0,0,6995,269,0,0,0,0
"801",2023-01-03,18,40,5647,243,0,0,26.003717472119,0,0,6995,269,0,0,0,0
"802",2023-01-03,18,45,5428,237,0,0,26.003717472119,0,0,6995,269,0,0,0,0
"803",2023-01-03,18,50,5383,231,0,0,26.003717472119,0,0,6995,269,0,0,0,0
"804",2023-01-03,18,55,5080,226,0,0,26.003717472119,0,0,6995,269,0,0,0,0
"805",2023-01-03,19,0,5233,228,0,0,24.5668202764977,0,0,5655,234,0,0,0,0
"806",2023-01-03,19,5,5528,227,0,0,24.5668202764977,0,0,5655,234,0,0,0,0
"807",2023-01-03,19,10,5386,225,0,0,24.5668202764977,0,0,5655,234,0,0,0,0
"808",2023-01-03,19,15,5447,227,0,0,24.5668202764977,0,0,5655,234,0,0,0,0
"809",2023-01-03,19,20,5655,233,0,0,24.5668202764977,0,0,5655,234,0,0,0,0
"810",2023-01-03,19,25,5645,234,0,0,24.5668202764977,0,0,5655,234,0,0,0,0
"811",2023-01-03,19,30,5502,228,0,0,24.5668202764977,0,0,5655,234,0,0,0,0
"812",2023-01-03,19,35,5422,224,0,0,24.5668202764977,0,0,5655,234,0,0,0,0
"813",2023-01-03,19,40,3810,165,0,0,24.5668202764977,0,0,5655,234,0,0,0,0
"814",2023-01-03,19,45,5218,219,0,0,24.5668202764977,0,0,5655,234,0,0,0,0
"815",2023-01-03,19,50,5255,218,0,0,24.5668202764977,0,0,5655,234,0,0,0,0
"816",2023-01-03,19,55,5331,217,0,0,24.5668202764977,0,0,5655,234,0,0,0,0
"817",2023-01-03,20,0,5581,217,0,0,27.1214953271028,0,0,5804,217,0,0,0,0
"818",2023-01-03,20,5,5804,214,0,0,27.1214953271028,0,0,5804,217,0,0,0,0
"819",2023-01-03,20,10,5439,215,0,0,27.1214953271028,0,0,5804,217,0,0,0,0
"820",2023-01-03,20,15,4845,210,0,0,27.1214953271028,0,0,5804,217,0,0,0,0
"821",2023-01-03,20,20,4752,208,0,0,27.1214953271028,0,0,5804,217,0,0,0,0
"822",2023-01-03,20,25,4578,209,0,0,27.1214953271028,0,0,5804,217,0,0,0,0
"823",2023-01-03,20,30,4707,208,0,0,27.1214953271028,0,0,5804,217,0,0,0,0
"824",2023-01-03,20,35,4647,207,0,0,27.1214953271028,0,0,5804,217,0,0,0,0
"825",2023-01-03,20,40,4805,208,0,0,27.1214953271028,0,0,5804,217,0,0,0,0
"826",2023-01-03,20,45,4911,207,0,0,27.1214953271028,0,0,5804,217,0,0,0,0
"827",2023-01-03,20,50,4876,205,0,0,27.1214953271028,0,0,5804,217,0,0,0,0
"828",2023-01-03,20,55,4942,208,0,0,27.1214953271028,0,0,5804,217,0,0,0,0
"829",2023-01-03,21,0,5013,210,0,0,24.7740384615385,0,0,5219,211,0,0,0,0
"830",2023-01-03,21,5,4991,208,0,0,24.7740384615385,0,0,5219,211,0,0,0,0
"831",2023-01-03,21,10,5153,208,0,0,24.7740384615385,0,0,5219,211,0,0,0,0
"832",2023-01-03,21,15,5153,208,0,0,24.7740384615385,0,0,5219,211,0,0,0,0
"833",2023-01-03,21,20,5219,211,0,0,24.7740384615385,0,0,5219,211,0,0,0,0
"834",2023-01-03,21,25,5091,211,0,0,24.7740384615385,0,0,5219,211,0,0,0,0
"835",2023-01-03,21,30,5133,210,0,0,24.7740384615385,0,0,5219,211,0,0,0,0
"836",2023-01-03,21,35,5029,208,0,0,24.7740384615385,0,0,5219,211,0,0,0,0
"837",2023-01-03,21,40,4985,206,0,0,24.7740384615385,0,0,5219,211,0,0,0,0
"838",2023-01-03,21,45,5007,207,0,0,24.7740384615385,0,0,5219,211,0,0,0,0
"839",2023-01-03,21,50,4860,206,0,0,24.7740384615385,0,0,5219,211,0,0,0,0
"840",2023-01-03,21,55,4838,205,0,0,24.7740384615385,0,0,5219,211,0,0,0,0
"841",2023-01-03,22,0,4767,203,0,0,24.3383838383838,0,0,4819,203,0,0,0,0
"842",2023-01-03,22,5,4767,203,0,0,24.3383838383838,0,0,4819,203,0,0,0,0
"843",2023-01-03,22,10,4585,200,0,0,24.3383838383838,0,0,4819,203,0,0,0,0
"844",2023-01-03,22,15,4530,197,0,0,24.3383838383838,0,0,4819,203,0,0,0,0
"845",2023-01-03,22,20,4508,196,0,0,24.3383838383838,0,0,4819,203,0,0,0,0
"846",2023-01-03,22,25,4497,195,0,0,24.3383838383838,0,0,4819,203,0,0,0,0
"847",2023-01-03,22,30,4519,196,0,0,24.3383838383838,0,0,4819,203,0,0,0,0
"848",2023-01-03,22,35,4819,198,0,0,24.3383838383838,0,0,4819,203,0,0,0,0
"849",2023-01-03,22,40,4677,196,0,0,24.3383838383838,0,0,4819,203,0,0,0,0
"850",2023-01-03,22,45,4649,197,0,0,24.3383838383838,0,0,4819,203,0,0,0,0
"851",2023-01-03,22,50,4649,197,0,0,24.3383838383838,0,0,4819,203,0,0,0,0
"852",2023-01-03,22,55,4715,200,0,0,24.3383838383838,0,0,4819,203,0,0,0,0
"853",2023-01-03,23,0,4671,198,0,0,25.1968911917098,0,0,4867,200,0,0,0,0
"854",2023-01-03,23,5,4451,196,0,0,25.1968911917098,0,0,4867,200,0,0,0,0
"855",2023-01-03,23,10,4430,196,0,0,25.1968911917098,0,0,4867,200,0,0,0,0
"856",2023-01-03,23,15,4474,198,0,0,25.1968911917098,0,0,4867,200,0,0,0,0
"857",2023-01-03,23,20,4485,198,0,0,25.1968911917098,0,0,4867,200,0,0,0,0
"858",2023-01-03,23,25,4485,198,0,0,25.1968911917098,0,0,4867,200,0,0,0,0
"859",2023-01-03,23,30,4867,200,0,0,25.1968911917098,0,0,4867,200,0,0,0,0
"860",2023-01-03,23,35,4867,200,0,0,25.1968911917098,0,0,4867,200,0,0,0,0
"861",2023-01-03,23,40,4779,195,0,0,25.1968911917098,0,0,4867,200,0,0,0,0
"862",2023-01-03,23,45,4757,194,0,0,25.1968911917098,0,0,4867,200,0,0,0,0
"863",2023-01-03,23,50,4863,193,0,0,25.1968911917098,0,0,4867,200,0,0,0,0
"864",2023-01-03,23,55,4503,192,0,0,25.1968911917098,0,0,4867,200,0,0,0,0
"865",2023-01-04,0,0,5012,200,0,0,25.0909090909091,0,0,5012,200,0,0,0,0
"866",2023-01-04,0,5,4990,199,0,0,25.0909090909091,0,0,5012,200,0,0,0,0
"867",2023-01-04,0,10,4968,198,0,0,25.0909090909091,0,0,5012,200,0,0,0,0
"868",2023-01-04,0,15,4968,198,0,0,25.0909090909091,0,0,5012,200,0,0,0,0
"869",2023-01-04,0,20,4826,196,0,0,25.0909090909091,0,0,5012,200,0,0,0,0
"870",2023-01-04,0,25,4826,196,0,0,25.0909090909091,0,0,5012,200,0,0,0,0
"871",2023-01-04,0,30,4804,195,0,0,25.0909090909091,0,0,5012,200,0,0,0,0
"872",2023-01-04,0,35,4738,192,0,0,25.0909090909091,0,0,5012,200,0,0,0,0
"873",2023-01-04,0,40,4716,191,0,0,25.0909090909091,0,0,5012,200,0,0,0,0
"874",2023-01-04,0,45,4566,190,0,0,25.0909090909091,0,0,5012,200,0,0,0,0
"875",2023-01-04,0,50,4566,190,0,0,25.0909090909091,0,0,5012,200,0,0,0,0
"876",2023-01-04,0,55,4577,191,0,0,25.0909090909091,0,0,5012,200,0,0,0,0
"877",2023-01-04,1,0,4030,184,0,0,21.9615384615385,0,0,4030,184,0,0,0,0
"878",2023-01-04,1,5,4030,184,0,0,21.9615384615385,0,0,4030,184,0,0,0,0
"879",2023-01-04,1,10,4008,183,0,0,21.9615384615385,0,0,4030,184,0,0,0,0
"880",2023-01-04,1,15,4008,183,0,0,21.9615384615385,0,0,4030,184,0,0,0,0
"881",2023-01-04,1,20,3997,182,0,0,21.9615384615385,0,0,4030,184,0,0,0,0
"882",2023-01-04,1,25,3997,182,0,0,21.9615384615385,0,0,4030,184,0,0,0,0
"883",2023-01-04,1,30,3997,182,0,0,21.9615384615385,0,0,4030,184,0,0,0,0
"884",2023-01-04,1,35,3997,182,0,0,21.9615384615385,0,0,4030,184,0,0,0,0
"885",2023-01-04,1,40,3997,182,0,0,21.9615384615385,0,0,4030,184,0,0,0,0
"886",2023-01-04,1,45,3997,182,0,0,21.9615384615385,0,0,4030,184,0,0,0,0
"887",2023-01-04,1,50,3997,182,0,0,21.9615384615385,0,0,4030,184,0,0,0,0
"888",2023-01-04,1,55,3975,181,0,0,21.9615384615385,0,0,4030,184,0,0,0,0
"889",2023-01-04,2,0,3953,180,0,0,22.1485714285714,0,0,3997,182,0,0,0,0
"890",2023-01-04,2,5,3997,182,0,0,22.1485714285714,0,0,3997,182,0,0,0,0
"891",2023-01-04,2,10,3986,181,0,0,22.1485714285714,0,0,3997,182,0,0,0,0
"892",2023-01-04,2,15,3964,180,0,0,22.1485714285714,0,0,3997,182,0,0,0,0
"893",2023-01-04,2,20,3920,178,0,0,22.1485714285714,0,0,3997,182,0,0,0,0
"894",2023-01-04,2,25,3920,178,0,0,22.1485714285714,0,0,3997,182,0,0,0,0
"895",2023-01-04,2,30,3920,178,0,0,22.1485714285714,0,0,3997,182,0,0,0,0
"896",2023-01-04,2,35,3920,178,0,0,22.1485714285714,0,0,3997,182,0,0,0,0
"897",2023-01-04,2,40,3920,178,0,0,22.1485714285714,0,0,3997,182,0,0,0,0
"898",2023-01-04,2,45,3909,177,0,0,22.1485714285714,0,0,3997,182,0,0,0,0
"899",2023-01-04,2,50,3909,177,0,0,22.1485714285714,0,0,3997,182,0,0,0,0
"900",2023-01-04,2,55,3876,175,0,0,22.1485714285714,0,0,3997,182,0,0,0,0
"901",2023-01-04,3,0,3854,174,0,0,22.3657142857143,0,0,3914,175,0,0,0,0
"902",2023-01-04,3,5,3854,174,0,0,22.3657142857143,0,0,3914,175,0,0,0,0
"903",2023-01-04,3,10,3854,174,0,0,22.3657142857143,0,0,3914,175,0,0,0,0
"904",2023-01-04,3,15,3854,174,0,0,22.3657142857143,0,0,3914,175,0,0,0,0
"905",2023-01-04,3,20,3832,173,0,0,22.3657142857143,0,0,3914,175,0,0,0,0
"906",2023-01-04,3,25,3832,173,0,0,22.3657142857143,0,0,3914,175,0,0,0,0
"907",2023-01-04,3,30,3832,173,0,0,22.3657142857143,0,0,3914,175,0,0,0,0
"908",2023-01-04,3,35,3854,174,0,0,22.3657142857143,0,0,3914,175,0,0,0,0
"909",2023-01-04,3,40,3854,174,0,0,22.3657142857143,0,0,3914,175,0,0,0,0
"910",2023-01-04,3,45,3914,175,0,0,22.3657142857143,0,0,3914,175,0,0,0,0
"911",2023-01-04,3,50,3914,175,0,0,22.3657142857143,0,0,3914,175,0,0,0,0
"912",2023-01-04,3,55,3914,175,0,0,22.3657142857143,0,0,3914,175,0,0,0,0
"913",2023-01-04,4,0,3892,174,0,0,22.3699421965318,0,0,3892,174,0,0,0,0
"914",2023-01-04,4,5,3892,174,0,0,22.3699421965318,0,0,3892,174,0,0,0,0
"915",2023-01-04,4,10,3892,174,0,0,22.3699421965318,0,0,3892,174,0,0,0,0
"916",2023-01-04,4,15,3892,174,0,0,22.3699421965318,0,0,3892,174,0,0,0,0
"917",2023-01-04,4,20,3892,174,0,0,22.3699421965318,0,0,3892,174,0,0,0,0
"918",2023-01-04,4,25,3892,174,0,0,22.3699421965318,0,0,3892,174,0,0,0,0
"919",2023-01-04,4,30,3870,173,0,0,22.3699421965318,0,0,3892,174,0,0,0,0
"920",2023-01-04,4,35,3870,173,0,0,22.3699421965318,0,0,3892,174,0,0,0,0
"921",2023-01-04,4,40,3870,173,0,0,22.3699421965318,0,0,3892,174,0,0,0,0
"922",2023-01-04,4,45,3870,173,0,0,22.3699421965318,0,0,3892,174,0,0,0,0
"923",2023-01-04,4,50,3870,173,0,0,22.3699421965318,0,0,3892,174,0,0,0,0
"924",2023-01-04,4,55,3870,173,0,0,22.3699421965318,0,0,3892,174,0,0,0,0
"925",2023-01-04,5,0,3810,172,0,0,22.374269005848,0,0,3870,173,0,0,0,0
"926",2023-01-04,5,5,3870,173,0,0,22.374269005848,0,0,3870,173,0,0,0,0
"927",2023-01-04,5,10,3870,173,0,0,22.374269005848,0,0,3870,173,0,0,0,0
"928",2023-01-04,5,15,3870,173,0,0,22.374269005848,0,0,3870,173,0,0,0,0
"929",2023-01-04,5,20,3870,173,0,0,22.374269005848,0,0,3870,173,0,0,0,0
"930",2023-01-04,5,25,3870,173,0,0,22.374269005848,0,0,3870,173,0,0,0,0
"931",2023-01-04,5,30,3870,173,0,0,22.374269005848,0,0,3870,173,0,0,0,0
"932",2023-01-04,5,35,3826,171,0,0,22.374269005848,0,0,3870,173,0,0,0,0
"933",2023-01-04,5,40,3826,171,0,0,22.374269005848,0,0,3870,173,0,0,0,0
"934",2023-01-04,5,45,3766,170,0,0,22.374269005848,0,0,3870,173,0,0,0,0
"935",2023-01-04,5,50,3766,170,0,0,22.374269005848,0,0,3870,173,0,0,0,0
"936",2023-01-04,5,55,3766,170,0,0,22.374269005848,0,0,3870,173,0,0,0,0
"937",2023-01-04,6,0,3766,170,0,0,23.656976744186,0,0,4113,174,0,0,0,0
"938",2023-01-04,6,5,3766,170,0,0,23.656976744186,0,0,4113,174,0,0,0,0
"939",2023-01-04,6,10,3766,170,0,0,23.656976744186,0,0,4113,174,0,0,0,0
"940",2023-01-04,6,15,3734,169,0,0,23.656976744186,0,0,4113,174,0,0,0,0
"941",2023-01-04,6,20,3734,169,0,0,23.656976744186,0,0,4113,174,0,0,0,0
"942",2023-01-04,6,25,3714,168,0,0,23.656976744186,0,0,4113,174,0,0,0,0
"943",2023-01-04,6,30,3736,169,0,0,23.656976744186,0,0,4113,174,0,0,0,0
"944",2023-01-04,6,35,3736,169,0,0,23.656976744186,0,0,4113,174,0,0,0,0
"945",2023-01-04,6,40,3736,169,0,0,23.656976744186,0,0,4113,174,0,0,0,0
"946",2023-01-04,6,45,3736,169,0,0,23.656976744186,0,0,4113,174,0,0,0,0
"947",2023-01-04,6,50,4069,172,0,0,23.656976744186,0,0,4113,174,0,0,0,0
"948",2023-01-04,6,55,4113,174,0,0,23.656976744186,0,0,4113,174,0,0,0,0
"949",2023-01-04,7,0,4135,175,0,0,23.6285714285714,0,0,4168,187,0,0,0,0
"950",2023-01-04,7,5,4168,177,0,0,23.6285714285714,0,0,4168,187,0,0,0,0
"951",2023-01-04,7,10,4146,176,0,0,23.6285714285714,0,0,4168,187,0,0,0,0
"952",2023-01-04,7,15,4124,176,0,0,23.6285714285714,0,0,4168,187,0,0,0,0
"953",2023-01-04,7,20,3802,174,0,0,23.6285714285714,0,0,4168,187,0,0,0,0
"954",2023-01-04,7,25,3824,176,0,0,23.6285714285714,0,0,4168,187,0,0,0,0
"955",2023-01-04,7,30,3879,179,0,0,23.6285714285714,0,0,4168,187,0,0,0,0
"956",2023-01-04,7,35,3868,179,0,0,23.6285714285714,0,0,4168,187,0,0,0,0
"957",2023-01-04,7,40,3868,180,0,0,23.6285714285714,0,0,4168,187,0,0,0,0
"958",2023-01-04,7,45,3890,181,0,0,23.6285714285714,0,0,4168,187,0,0,0,0
"959",2023-01-04,7,50,3923,184,0,0,23.6285714285714,0,0,4168,187,0,0,0,0
"960",2023-01-04,7,55,3967,187,0,0,23.6285714285714,0,0,4168,187,0,0,0,0
"961",2023-01-04,8,25,4564,213,0,0,21.9045643153527,0,0,5279,241,0,0,0,0
"962",2023-01-04,8,30,4693,218,0,0,21.9045643153527,0,0,5279,241,0,0,0,0
"963",2023-01-04,8,35,4838,223,0,0,21.9045643153527,0,0,5279,241,0,0,0,0
"964",2023-01-04,8,40,4962,230,0,0,21.9045643153527,0,0,5279,241,0,0,0,0
"965",2023-01-04,8,45,4945,231,0,0,21.9045643153527,0,0,5279,241,0,0,0,0
"966",2023-01-04,8,50,5191,237,0,0,21.9045643153527,0,0,5279,241,0,0,0,0
"967",2023-01-04,8,55,5279,241,0,0,21.9045643153527,0,0,5279,241,0,0,0,0
"968",2023-01-04,8,0,4033,190,0,0,21.9045643153527,0,0,5279,241,0,0,0,0
"969",2023-01-04,8,5,4152,197,0,0,21.9045643153527,0,0,5279,241,0,0,0,0
"970",2023-01-04,8,10,4393,204,0,0,21.9045643153527,0,0,5279,241,0,0,0,0
"971",2023-01-04,8,15,4459,208,0,0,21.9045643153527,0,0,5279,241,0,0,0,0
"972",2023-01-04,8,20,4470,209,0,0,21.9045643153527,0,0,5279,241,0,0,0,0
"973",2023-01-04,9,0,5693,251,0,0,24.8292682926829,0,0,6151,270,0,0,0,0
"974",2023-01-04,9,5,5928,255,0,0,24.8292682926829,0,0,6151,270,0,0,0,0
"975",2023-01-04,9,10,6071,262,0,0,24.8292682926829,0,0,6151,270,0,0,0,0
"976",2023-01-04,9,15,5957,264,0,0,24.8292682926829,0,0,6151,270,0,0,0,0
"977",2023-01-04,9,20,6151,268,0,0,24.8292682926829,0,0,6151,270,0,0,0,0
"978",2023-01-04,9,25,6023,268,0,0,24.8292682926829,0,0,6151,270,0,0,0,0
"979",2023-01-04,9,30,5955,269,0,0,24.8292682926829,0,0,6151,270,0,0,0,0
"980",2023-01-04,9,35,5955,270,0,0,24.8292682926829,0,0,6151,270,0,0,0,0
"981",2023-01-04,9,40,5955,270,0,0,24.8292682926829,0,0,6151,270,0,0,0,0
"982",2023-01-04,9,45,4072,164,0,0,24.8292682926829,0,0,6151,270,0,0,0,0
"983",2023-01-04,9,50,5933,269,0,0,24.8292682926829,0,0,6151,270,0,0,0,0
"984",2023-01-04,9,55,5933,269,0,0,24.8292682926829,0,0,6151,270,0,0,0,0
"985",2023-01-04,10,55,6053,282,0,0,22.7730061349693,0,0,6247,282,0,0,0,0
"986",2023-01-04,10,0,5933,269,0,0,22.7730061349693,0,0,6247,282,0,0,0,0
"987",2023-01-04,10,5,5933,269,0,0,22.7730061349693,0,0,6247,282,0,0,0,0
"988",2023-01-04,10,10,5900,267,0,0,22.7730061349693,0,0,6247,282,0,0,0,0
"989",2023-01-04,10,15,5900,267,0,0,22.7730061349693,0,0,6247,282,0,0,0,0
"990",2023-01-04,10,20,3712,163,0,0,22.7730061349693,0,0,6247,282,0,0,0,0
"991",2023-01-04,10,25,5836,280,0,0,22.7730061349693,0,0,6247,282,0,0,0,0
"992",2023-01-04,10,30,5961,273,0,0,22.7730061349693,0,0,6247,282,0,0,0,0
"993",2023-01-04,10,35,6247,282,0,0,22.7730061349693,0,0,6247,282,0,0,0,0
"994",2023-01-04,10,40,5958,277,0,0,22.7730061349693,0,0,6247,282,0,0,0,0
"995",2023-01-04,10,45,6125,280,0,0,22.7730061349693,0,0,6247,282,0,0,0,0
"996",2023-01-04,10,50,6170,281,0,0,22.7730061349693,0,0,6247,282,0,0,0,0
"997",2023-01-04,11,0,6125,284,0,0,22.6406779661017,0,0,6679,299,0,0,0,0
"998",2023-01-04,11,5,5880,286,0,0,22.6406779661017,0,0,6679,299,0,0,0,0
"999",2023-01-04,11,10,5897,285,0,0,22.6406779661017,0,0,6679,299,0,0,0,0
"1000",2023-01-04,11,15,6138,288,0,0,22.6406779661017,0,0,6679,299,0,0,0,0
"1001",2023-01-04,11,20,6119,286,0,0,22.6406779661017,0,0,6679,299,0,0,0,0
"1002",2023-01-04,11,25,6305,290,0,0,22.6406779661017,0,0,6679,299,0,0,0,0
"1003",2023-01-04,11,30,6679,295,0,0,22.6406779661017,0,0,6679,299,0,0,0,0
"1004",2023-01-04,11,35,6616,293,0,0,22.6406779661017,0,0,6679,299,0,0,0,0
"1005",2023-01-04,11,40,6599,293,0,0,22.6406779661017,0,0,6679,299,0,0,0,0
"1006",2023-01-04,11,45,6449,292,0,0,22.6406779661017,0,0,6679,299,0,0,0,0
"1007",2023-01-04,11,50,6621,294,0,0,22.6406779661017,0,0,6679,299,0,0,0,0
"1008",2023-01-04,11,55,6636,299,0,0,22.6406779661017,0,0,6679,299,0,0,0,0
"1009",2023-01-04,12,0,6990,302,0,0,23.5191637630662,0,0,6990,302,0,0,0,0
"1010",2023-01-04,12,5,6783,298,0,0,23.5191637630662,0,0,6990,302,0,0,0,0
"1011",2023-01-04,12,10,6483,297,0,0,23.5191637630662,0,0,6990,302,0,0,0,0
"1012",2023-01-04,12,15,6286,295,0,0,23.5191637630662,0,0,6990,302,0,0,0,0
"1013",2023-01-04,12,20,6395,299,0,0,23.5191637630662,0,0,6990,302,0,0,0,0
"1014",2023-01-04,12,25,6304,299,0,0,23.5191637630662,0,0,6990,302,0,0,0,0
"1015",2023-01-04,12,30,6135,298,0,0,23.5191637630662,0,0,6990,302,0,0,0,0
"1016",2023-01-04,12,35,6304,298,0,0,23.5191637630662,0,0,6990,302,0,0,0,0
"1017",2023-01-04,12,40,6444,293,0,0,23.5191637630662,0,0,6990,302,0,0,0,0
"1018",2023-01-04,12,45,6378,287,0,0,23.5191637630662,0,0,6990,302,0,0,0,0
"1019",2023-01-04,12,50,6501,283,0,0,23.5191637630662,0,0,6990,302,0,0,0,0
"1020",2023-01-04,12,55,6750,287,0,0,23.5191637630662,0,0,6990,302,0,0,0,0
"1021",2023-01-04,13,0,7158,283,0,0,25.6028880866426,0,0,7158,283,0,0,0,0
"1022",2023-01-04,13,5,7092,277,0,0,25.6028880866426,0,0,7158,283,0,0,0,0
"1023",2023-01-04,13,10,6807,267,0,0,25.6028880866426,0,0,7158,283,0,0,0,0
"1024",2023-01-04,13,15,6259,267,0,0,25.6028880866426,0,0,7158,283,0,0,0,0
"1025",2023-01-04,13,20,6216,264,0,0,25.6028880866426,0,0,7158,283,0,0,0,0
"1026",2023-01-04,13,25,6249,265,0,0,25.6028880866426,0,0,7158,283,0,0,0,0
"1027",2023-01-04,13,30,5933,266,0,0,25.6028880866426,0,0,7158,283,0,0,0,0
"1028",2023-01-04,13,35,6033,269,0,0,25.6028880866426,0,0,7158,283,0,0,0,0
"1029",2023-01-04,13,40,6000,266,0,0,25.6028880866426,0,0,7158,283,0,0,0,0
"1030",2023-01-04,13,45,6226,267,0,0,25.6028880866426,0,0,7158,283,0,0,0,0
"1031",2023-01-04,13,50,6231,264,0,0,25.6028880866426,0,0,7158,283,0,0,0,0
"1032",2023-01-04,13,55,6002,263,0,0,25.6028880866426,0,0,7158,283,0,0,0,0
"1033",2023-01-04,14,0,6282,269,0,0,25.9078014184397,0,0,7306,284,0,0,0,0
"1034",2023-01-04,14,5,6465,273,0,0,25.9078014184397,0,0,7306,284,0,0,0,0
"1035",2023-01-04,14,10,6477,274,0,0,25.9078014184397,0,0,7306,284,0,0,0,0
"1036",2023-01-04,14,15,6832,276,0,0,25.9078014184397,0,0,7306,284,0,0,0,0
"1037",2023-01-04,14,20,6723,272,0,0,25.9078014184397,0,0,7306,284,0,0,0,0
"1038",2023-01-04,14,25,6753,273,0,0,25.9078014184397,0,0,7306,284,0,0,0,0
"1039",2023-01-04,14,30,6710,274,0,0,25.9078014184397,0,0,7306,284,0,0,0,0
"1040",2023-01-04,14,35,7145,280,0,0,25.9078014184397,0,0,7306,284,0,0,0,0
"1041",2023-01-04,14,40,7123,279,0,0,25.9078014184397,0,0,7306,284,0,0,0,0
"1042",2023-01-04,14,45,6995,280,0,0,25.9078014184397,0,0,7306,284,0,0,0,0
"1043",2023-01-04,14,50,7252,284,0,0,25.9078014184397,0,0,7306,284,0,0,0,0
"1044",2023-01-04,14,55,7306,282,0,0,25.9078014184397,0,0,7306,284,0,0,0,0
"1045",2023-01-04,15,0,6995,280,0,0,25.8531468531469,0,0,7394,286,0,0,0,0
"1046",2023-01-04,15,5,7227,282,0,0,25.8531468531469,0,0,7394,286,0,0,0,0
"1047",2023-01-04,15,10,7107,281,0,0,25.8531468531469,0,0,7394,286,0,0,0,0
"1048",2023-01-04,15,15,7394,286,0,0,25.8531468531469,0,0,7394,286,0,0,0,0
"1049",2023-01-04,15,20,7272,282,0,0,25.8531468531469,0,0,7394,286,0,0,0,0
"1050",2023-01-04,15,25,7109,284,0,0,25.8531468531469,0,0,7394,286,0,0,0,0
"1051",2023-01-04,15,30,6970,283,0,0,25.8531468531469,0,0,7394,286,0,0,0,0
"1052",2023-01-04,15,35,7059,281,0,0,25.8531468531469,0,0,7394,286,0,0,0,0
"1053",2023-01-04,15,40,6741,279,0,0,25.8531468531469,0,0,7394,286,0,0,0,0
"1054",2023-01-04,15,45,6614,281,0,0,25.8531468531469,0,0,7394,286,0,0,0,0
"1055",2023-01-04,15,50,6321,274,0,0,25.8531468531469,0,0,7394,286,0,0,0,0
"1056",2023-01-04,15,55,6279,272,0,0,25.8531468531469,0,0,7394,286,0,0,0,0
"1057",2023-01-04,16,0,6230,271,0,0,26.7611940298507,0,0,7172,273,0,0,0,0
"1058",2023-01-04,16,5,6280,272,0,0,26.7611940298507,0,0,7172,273,0,0,0,0
"1059",2023-01-04,16,10,6269,273,0,0,26.7611940298507,0,0,7172,273,0,0,0,0
"1060",2023-01-04,16,15,6508,273,0,0,26.7611940298507,0,0,7172,273,0,0,0,0
"1061",2023-01-04,16,20,6191,268,0,0,26.7611940298507,0,0,7172,273,0,0,0,0
"1062",2023-01-04,16,25,6562,270,0,0,26.7611940298507,0,0,7172,273,0,0,0,0
"1063",2023-01-04,16,30,7030,272,0,0,26.7611940298507,0,0,7172,273,0,0,0,0
"1064",2023-01-04,16,35,6880,271,0,0,26.7611940298507,0,0,7172,273,0,0,0,0
"1065",2023-01-04,16,40,7005,271,0,0,26.7611940298507,0,0,7172,273,0,0,0,0
"1066",2023-01-04,16,45,7003,268,0,0,26.7611940298507,0,0,7172,273,0,0,0,0
"1067",2023-01-04,16,50,7172,268,0,0,26.7611940298507,0,0,7172,273,0,0,0,0
"1068",2023-01-04,16,55,6751,266,0,0,26.7611940298507,0,0,7172,273,0,0,0,0
"1069",2023-01-04,17,0,6524,268,0,0,26.9950738916256,0,0,7058,271,0,0,0,0
"1070",2023-01-04,17,5,5290,207,0,0,26.9950738916256,0,0,7058,271,0,0,0,0
"1071",2023-01-04,17,10,6502,267,0,0,26.9950738916256,0,0,7058,271,0,0,0,0
"1072",2023-01-04,17,15,6502,267,0,0,26.9950738916256,0,0,7058,271,0,0,0,0
"1073",2023-01-04,17,20,6976,271,0,0,26.9950738916256,0,0,7058,271,0,0,0,0
"1074",2023-01-04,17,25,6976,271,0,0,26.9950738916256,0,0,7058,271,0,0,0,0
"1075",2023-01-04,17,30,5480,203,0,0,26.9950738916256,0,0,7058,271,0,0,0,0
"1076",2023-01-04,17,35,7058,268,0,0,26.9950738916256,0,0,7058,271,0,0,0,0
"1077",2023-01-04,17,40,6922,269,0,0,26.9950738916256,0,0,7058,271,0,0,0,0
"1078",2023-01-04,17,45,6872,268,0,0,26.9950738916256,0,0,7058,271,0,0,0,0
"1079",2023-01-04,17,50,6572,267,0,0,26.9950738916256,0,0,7058,271,0,0,0,0
"1080",2023-01-04,17,55,6911,267,0,0,26.9950738916256,0,0,7058,271,0,0,0,0
"1081",2023-01-04,18,0,6927,269,0,0,27.5614754098361,0,0,6927,269,0,0,0,0
"1082",2023-01-04,18,5,5673,252,0,0,27.5614754098361,0,0,6927,269,0,0,0,0
"1083",2023-01-04,18,10,5690,251,0,0,27.5614754098361,0,0,6927,269,0,0,0,0
"1084",2023-01-04,18,15,6090,252,0,0,27.5614754098361,0,0,6927,269,0,0,0,0
"1085",2023-01-04,18,20,6418,252,0,0,27.5614754098361,0,0,6927,269,0,0,0,0
"1086",2023-01-04,18,25,6374,249,0,0,27.5614754098361,0,0,6927,269,0,0,0,0
"1087",2023-01-04,18,30,6374,249,0,0,27.5614754098361,0,0,6927,269,0,0,0,0
"1088",2023-01-04,18,35,6127,244,0,0,27.5614754098361,0,0,6927,269,0,0,0,0
"1089",2023-01-04,18,40,6158,244,0,0,27.5614754098361,0,0,6927,269,0,0,0,0
"1090",2023-01-04,18,45,6725,244,0,0,27.5614754098361,0,0,6927,269,0,0,0,0
"1091",2023-01-04,18,50,6643,242,0,0,27.5614754098361,0,0,6927,269,0,0,0,0
"1092",2023-01-04,18,55,6710,245,0,0,27.5614754098361,0,0,6927,269,0,0,0,0
"1093",2023-01-04,19,0,5979,241,0,0,25.1111111111111,0,0,6012,242,0,0,0,0
"1094",2023-01-04,19,5,6012,242,0,0,25.1111111111111,0,0,6012,242,0,0,0,0
"1095",2023-01-04,19,10,5732,235,0,0,25.1111111111111,0,0,6012,242,0,0,0,0
"1096",2023-01-04,19,15,3964,158,0,0,25.1111111111111,0,0,6012,242,0,0,0,0
"1097",2023-01-04,19,20,5487,236,0,0,25.1111111111111,0,0,6012,242,0,0,0,0
"1098",2023-01-04,19,25,5404,233,0,0,25.1111111111111,0,0,6012,242,0,0,0,0
"1099",2023-01-04,19,30,5426,234,0,0,25.1111111111111,0,0,6012,242,0,0,0,0
"1100",2023-01-04,19,35,5415,233,0,0,25.1111111111111,0,0,6012,242,0,0,0,0
"1101",2023-01-04,19,40,5437,233,0,0,25.1111111111111,0,0,6012,242,0,0,0,0
"1102",2023-01-04,19,45,5481,235,0,0,25.1111111111111,0,0,6012,242,0,0,0,0
"1103",2023-01-04,19,50,5642,236,0,0,25.1111111111111,0,0,6012,242,0,0,0,0
"1104",2023-01-04,19,55,5876,234,0,0,25.1111111111111,0,0,6012,242,0,0,0,0
"1105",2023-01-04,20,0,5821,231,0,0,27.2838983050847,0,0,6439,236,0,0,0,0
"1106",2023-01-04,20,5,5889,231,0,0,27.2838983050847,0,0,6439,236,0,0,0,0
"1107",2023-01-04,20,10,6439,236,0,0,27.2838983050847,0,0,6439,236,0,0,0,0
"1108",2023-01-04,20,15,6068,230,0,0,27.2838983050847,0,0,6439,236,0,0,0,0
"1109",2023-01-04,20,20,5926,229,0,0,27.2838983050847,0,0,6439,236,0,0,0,0
"1110",2023-01-04,20,25,5858,229,0,0,27.2838983050847,0,0,6439,236,0,0,0,0
"1111",2023-01-04,20,30,5806,228,0,0,27.2838983050847,0,0,6439,236,0,0,0,0
"1112",2023-01-04,20,35,5578,225,0,0,27.2838983050847,0,0,6439,236,0,0,0,0
"1113",2023-01-04,20,40,5622,227,0,0,27.2838983050847,0,0,6439,236,0,0,0,0
"1114",2023-01-04,20,45,5742,228,0,0,27.2838983050847,0,0,6439,236,0,0,0,0
"1115",2023-01-04,20,50,5791,228,0,0,27.2838983050847,0,0,6439,236,0,0,0,0
"1116",2023-01-04,20,55,6032,228,0,0,27.2838983050847,0,0,6439,236,0,0,0,0
"1117",2023-01-04,21,0,6060,228,0,0,26.5789473684211,0,0,6060,228,0,0,0,0
"1118",2023-01-04,21,5,5858,226,0,0,26.5789473684211,0,0,6060,228,0,0,0,0
"1119",2023-01-04,21,10,5864,225,0,0,26.5789473684211,0,0,6060,228,0,0,0,0
"1120",2023-01-04,21,15,5770,222,0,0,26.5789473684211,0,0,6060,228,0,0,0,0
"1121",2023-01-04,21,20,5606,219,0,0,26.5789473684211,0,0,6060,228,0,0,0,0
"1122",2023-01-04,21,25,5496,214,0,0,26.5789473684211,0,0,6060,228,0,0,0,0
"1123",2023-01-04,21,30,5063,211,0,0,26.5789473684211,0,0,6060,228,0,0,0,0
"1124",2023-01-04,21,35,4998,209,0,0,26.5789473684211,0,0,6060,228,0,0,0,0
"1125",2023-01-04,21,40,4976,208,0,0,26.5789473684211,0,0,6060,228,0,0,0,0
"1126",2023-01-04,21,45,5028,210,0,0,26.5789473684211,0,0,6060,228,0,0,0,0
"1127",2023-01-04,21,50,5088,211,0,0,26.5789473684211,0,0,6060,228,0,0,0,0
"1128",2023-01-04,21,55,5077,210,0,0,26.5789473684211,0,0,6060,228,0,0,0,0
"1129",2023-01-04,22,0,5061,208,0,0,27.2727272727273,0,0,5700,209,0,0,0,0
"1130",2023-01-04,22,5,5061,208,0,0,27.2727272727273,0,0,5700,209,0,0,0,0
"1131",2023-01-04,22,10,5700,209,0,0,27.2727272727273,0,0,5700,209,0,0,0,0
"1132",2023-01-04,22,15,5650,208,0,0,27.2727272727273,0,0,5700,209,0,0,0,0
"1133",2023-01-04,22,20,5578,206,0,0,27.2727272727273,0,0,5700,209,0,0,0,0
"1134",2023-01-04,22,25,5600,207,0,0,27.2727272727273,0,0,5700,209,0,0,0,0
"1135",2023-01-04,22,30,5472,208,0,0,27.2727272727273,0,0,5700,209,0,0,0,0
"1136",2023-01-04,22,35,5172,207,0,0,27.2727272727273,0,0,5700,209,0,0,0,0
"1137",2023-01-04,22,40,5194,208,0,0,27.2727272727273,0,0,5700,209,0,0,0,0
"1138",2023-01-04,22,45,5068,204,0,0,27.2727272727273,0,0,5700,209,0,0,0,0
"1139",2023-01-04,22,50,4868,202,0,0,27.2727272727273,0,0,5700,209,0,0,0,0
"1140",2023-01-04,22,55,4974,201,0,0,27.2727272727273,0,0,5700,209,0,0,0,0
"1141",2023-01-04,23,0,4974,201,0,0,25.06,0,0,5067,203,0,0,0,0
"1142",2023-01-04,23,5,4974,201,0,0,25.06,0,0,5067,203,0,0,0,0
"1143",2023-01-04,23,10,4846,201,0,0,25.06,0,0,5067,203,0,0,0,0
"1144",2023-01-04,23,15,4786,200,0,0,25.06,0,0,5067,203,0,0,0,0
"1145",2023-01-04,23,20,4884,200,0,0,25.06,0,0,5067,203,0,0,0,0
"1146",2023-01-04,23,25,4906,201,0,0,25.06,0,0,5067,203,0,0,0,0
"1147",2023-01-04,23,30,4950,203,0,0,25.06,0,0,5067,203,0,0,0,0
"1148",2023-01-04,23,35,4928,202,0,0,25.06,0,0,5067,203,0,0,0,0
"1149",2023-01-04,23,40,4906,201,0,0,25.06,0,0,5067,203,0,0,0,0
"1150",2023-01-04,23,45,5067,203,0,0,25.06,0,0,5067,203,0,0,0,0
"1151",2023-01-04,23,50,5067,203,0,0,25.06,0,0,5067,203,0,0,0,0
"1152",2023-01-04,23,55,5012,200,0,0,25.06,0,0,5067,203,0,0,0,0
"1153",2023-01-05,0,0,4868,203,0,0,23.9802955665025,0,0,4868,203,0,0,0,0
"1154",2023-01-05,0,5,4868,203,0,0,23.9802955665025,0,0,4868,203,0,0,0,0
"1155",2023-01-05,0,10,4546,201,0,0,23.9802955665025,0,0,4868,203,0,0,0,0
"1156",2023-01-05,0,15,4546,201,0,0,23.9802955665025,0,0,4868,203,0,0,0,0
"1157",2023-01-05,0,20,4568,202,0,0,23.9802955665025,0,0,4868,203,0,0,0,0
"1158",2023-01-05,0,25,4546,201,0,0,23.9802955665025,0,0,4868,203,0,0,0,0
"1159",2023-01-05,0,30,4546,201,0,0,23.9802955665025,0,0,4868,203,0,0,0,0
"1160",2023-01-05,0,35,4414,195,0,0,23.9802955665025,0,0,4868,203,0,0,0,0
"1161",2023-01-05,0,40,4371,194,0,0,23.9802955665025,0,0,4868,203,0,0,0,0
"1162",2023-01-05,0,45,4349,193,0,0,23.9802955665025,0,0,4868,203,0,0,0,0
"1163",2023-01-05,0,50,4316,191,0,0,23.9802955665025,0,0,4868,203,0,0,0,0
"1164",2023-01-05,0,55,4144,189,0,0,23.9802955665025,0,0,4868,203,0,0,0,0
"1165",2023-01-05,1,0,4555,190,0,0,24.1229946524064,0,0,4555,190,0,0,0,0
"1166",2023-01-05,1,5,4555,190,0,0,24.1229946524064,0,0,4555,190,0,0,0,0
"1167",2023-01-05,1,10,4555,190,0,0,24.1229946524064,0,0,4555,190,0,0,0,0
"1168",2023-01-05,1,15,4555,190,0,0,24.1229946524064,0,0,4555,190,0,0,0,0
"1169",2023-01-05,1,20,4555,190,0,0,24.1229946524064,0,0,4555,190,0,0,0,0
"1170",2023-01-05,1,25,4533,189,0,0,24.1229946524064,0,0,4555,190,0,0,0,0
"1171",2023-01-05,1,30,4522,188,0,0,24.1229946524064,0,0,4555,190,0,0,0,0
"1172",2023-01-05,1,35,4522,188,0,0,24.1229946524064,0,0,4555,190,0,0,0,0
"1173",2023-01-05,1,40,4522,188,0,0,24.1229946524064,0,0,4555,190,0,0,0,0
"1174",2023-01-05,1,45,4511,187,0,0,24.1229946524064,0,0,4555,190,0,0,0,0
"1175",2023-01-05,1,50,4511,187,0,0,24.1229946524064,0,0,4555,190,0,0,0,0
"1176",2023-01-05,1,55,4511,187,0,0,24.1229946524064,0,0,4555,190,0,0,0,0
"1177",2023-01-05,2,0,4533,188,0,0,24.1117021276596,0,0,4566,190,0,0,0,0
"1178",2023-01-05,2,5,4555,189,0,0,24.1117021276596,0,0,4566,190,0,0,0,0
"1179",2023-01-05,2,10,4555,189,0,0,24.1117021276596,0,0,4566,190,0,0,0,0
"1180",2023-01-05,2,15,4555,189,0,0,24.1117021276596,0,0,4566,190,0,0,0,0
"1181",2023-01-05,2,20,4566,190,0,0,24.1117021276596,0,0,4566,190,0,0,0,0
"1182",2023-01-05,2,25,4522,188,0,0,24.1117021276596,0,0,4566,190,0,0,0,0
"1183",2023-01-05,2,30,4522,188,0,0,24.1117021276596,0,0,4566,190,0,0,0,0
"1184",2023-01-05,2,35,4500,187,0,0,24.1117021276596,0,0,4566,190,0,0,0,0
"1185",2023-01-05,2,40,4500,187,0,0,24.1117021276596,0,0,4566,190,0,0,0,0
"1186",2023-01-05,2,45,4500,187,0,0,24.1117021276596,0,0,4566,190,0,0,0,0
"1187",2023-01-05,2,50,4500,187,0,0,24.1117021276596,0,0,4566,190,0,0,0,0
"1188",2023-01-05,2,55,4500,187,0,0,24.1117021276596,0,0,4566,190,0,0,0,0
"1189",2023-01-05,3,0,4500,187,0,0,24.2673796791444,0,0,4538,187,0,0,0,0
"1190",2023-01-05,3,5,4500,187,0,0,24.2673796791444,0,0,4538,187,0,0,0,0
"1191",2023-01-05,3,10,4500,187,0,0,24.2673796791444,0,0,4538,187,0,0,0,0
"1192",2023-01-05,3,15,4500,187,0,0,24.2673796791444,0,0,4538,187,0,0,0,0
"1193",2023-01-05,3,20,4500,187,0,0,24.2673796791444,0,0,4538,187,0,0,0,0
"1194",2023-01-05,3,25,4478,186,0,0,24.2673796791444,0,0,4538,187,0,0,0,0
"1195",2023-01-05,3,30,4478,186,0,0,24.2673796791444,0,0,4538,187,0,0,0,0
"1196",2023-01-05,3,35,4538,187,0,0,24.2673796791444,0,0,4538,187,0,0,0,0
"1197",2023-01-05,3,40,4538,187,0,0,24.2673796791444,0,0,4538,187,0,0,0,0
"1198",2023-01-05,3,45,4538,187,0,0,24.2673796791444,0,0,4538,187,0,0,0,0
"1199",2023-01-05,3,50,4456,185,0,0,24.2673796791444,0,0,4538,187,0,0,0,0
"1200",2023-01-05,3,55,4456,185,0,0,24.2673796791444,0,0,4538,187,0,0,0,0
"1201",2023-01-05,4,0,4456,185,0,0,24.1693989071038,0,0,4467,185,0,0,0,0
"1202",2023-01-05,4,5,4456,185,0,0,24.1693989071038,0,0,4467,185,0,0,0,0
"1203",2023-01-05,4,10,4445,184,0,0,24.1693989071038,0,0,4467,185,0,0,0,0
"1204",2023-01-05,4,15,4445,184,0,0,24.1693989071038,0,0,4467,185,0,0,0,0
"1205",2023-01-05,4,20,4467,185,0,0,24.1693989071038,0,0,4467,185,0,0,0,0
"1206",2023-01-05,4,25,4467,185,0,0,24.1693989071038,0,0,4467,185,0,0,0,0
"1207",2023-01-05,4,30,4445,184,0,0,24.1693989071038,0,0,4467,185,0,0,0,0
"1208",2023-01-05,4,35,4445,184,0,0,24.1693989071038,0,0,4467,185,0,0,0,0
"1209",2023-01-05,4,40,4445,184,0,0,24.1693989071038,0,0,4467,185,0,0,0,0
"1210",2023-01-05,4,45,4445,184,0,0,24.1693989071038,0,0,4467,185,0,0,0,0
"1211",2023-01-05,4,50,4445,184,0,0,24.1693989071038,0,0,4467,185,0,0,0,0
"1212",2023-01-05,4,55,4423,183,0,0,24.1693989071038,0,0,4467,185,0,0,0,0
"1213",2023-01-05,5,0,4423,183,0,0,24.2055555555556,0,0,4423,183,0,0,0,0
"1214",2023-01-05,5,5,4423,183,0,0,24.2055555555556,0,0,4423,183,0,0,0,0
"1215",2023-01-05,5,10,4423,183,0,0,24.2055555555556,0,0,4423,183,0,0,0,0
"1216",2023-01-05,5,15,4401,182,0,0,24.2055555555556,0,0,4423,183,0,0,0,0
"1217",2023-01-05,5,20,4401,182,0,0,24.2055555555556,0,0,4423,183,0,0,0,0
"1218",2023-01-05,5,25,4401,182,0,0,24.2055555555556,0,0,4423,183,0,0,0,0
"1219",2023-01-05,5,30,4401,182,0,0,24.2055555555556,0,0,4423,183,0,0,0,0
"1220",2023-01-05,5,35,4401,182,0,0,24.2055555555556,0,0,4423,183,0,0,0,0
"1221",2023-01-05,5,40,4357,180,0,0,24.2055555555556,0,0,4423,183,0,0,0,0
"1222",2023-01-05,5,45,4357,180,0,0,24.2055555555556,0,0,4423,183,0,0,0,0
"1223",2023-01-05,5,50,4357,180,0,0,24.2055555555556,0,0,4423,183,0,0,0,0
"1224",2023-01-05,5,55,4357,180,0,0,24.2055555555556,0,0,4423,183,0,0,0,0
"1225",2023-01-05,6,0,4357,180,0,0,25.8324022346369,0,0,4679,182,0,0,0,0
"1226",2023-01-05,6,5,4357,180,0,0,25.8324022346369,0,0,4679,182,0,0,0,0
"1227",2023-01-05,6,10,4335,179,0,0,25.8324022346369,0,0,4679,182,0,0,0,0
"1228",2023-01-05,6,15,4335,179,0,0,25.8324022346369,0,0,4679,182,0,0,0,0
"1229",2023-01-05,6,20,4346,179,0,0,25.8324022346369,0,0,4679,182,0,0,0,0
"1230",2023-01-05,6,25,4646,180,0,0,25.8324022346369,0,0,4679,182,0,0,0,0
"1231",2023-01-05,6,30,4646,180,0,0,25.8324022346369,0,0,4679,182,0,0,0,0
"1232",2023-01-05,6,35,4668,181,0,0,25.8324022346369,0,0,4679,182,0,0,0,0
"1233",2023-01-05,6,40,4646,180,0,0,25.8324022346369,0,0,4679,182,0,0,0,0
"1234",2023-01-05,6,45,4624,179,0,0,25.8324022346369,0,0,4679,182,0,0,0,0
"1235",2023-01-05,6,50,4679,182,0,0,25.8324022346369,0,0,4679,182,0,0,0,0
"1236",2023-01-05,6,55,4679,182,0,0,25.8324022346369,0,0,4679,182,0,0,0,0
"1237",2023-01-05,7,0,4679,182,0,0,25.7087912087912,0,0,4911,204,0,0,0,0
"1238",2023-01-05,7,5,4690,183,0,0,25.7087912087912,0,0,4911,204,0,0,0,0
"1239",2023-01-05,7,10,4723,185,0,0,25.7087912087912,0,0,4911,204,0,0,0,0
"1240",2023-01-05,7,15,4734,187,0,0,25.7087912087912,0,0,4911,204,0,0,0,0
"1241",2023-01-05,7,20,4756,188,0,0,25.7087912087912,0,0,4911,204,0,0,0,0
"1242",2023-01-05,7,25,4767,189,0,0,25.7087912087912,0,0,4911,204,0,0,0,0
"1243",2023-01-05,7,30,4911,192,0,0,25.7087912087912,0,0,4911,204,0,0,0,0
"1244",2023-01-05,7,35,4666,195,0,0,25.7087912087912,0,0,4911,204,0,0,0,0
"1245",2023-01-05,7,40,4721,198,0,0,25.7087912087912,0,0,4911,204,0,0,0,0
"1246",2023-01-05,7,45,4711,200,0,0,25.7087912087912,0,0,4911,204,0,0,0,0
"1247",2023-01-05,7,50,4788,204,0,0,25.7087912087912,0,0,4911,204,0,0,0,0
"1248",2023-01-05,7,55,4777,204,0,0,25.7087912087912,0,0,4911,204,0,0,0,0
"1249",2023-01-05,8,0,4821,206,0,0,23.739336492891,0,0,5529,246,0,0,0,0
"1250",2023-01-05,8,5,5009,211,0,0,23.739336492891,0,0,5529,246,0,0,0,0
"1251",2023-01-05,8,10,5020,212,0,0,23.739336492891,0,0,5529,246,0,0,0,0
"1252",2023-01-05,8,15,4909,210,0,0,23.739336492891,0,0,5529,246,0,0,0,0
"1253",2023-01-05,8,20,4964,215,0,0,23.739336492891,0,0,5529,246,0,0,0,0
"1254",2023-01-05,8,25,4908,218,0,0,23.739336492891,0,0,5529,246,0,0,0,0
"1255",2023-01-05,8,30,4974,222,0,0,23.739336492891,0,0,5529,246,0,0,0,0
"1256",2023-01-05,8,35,5122,223,0,0,23.739336492891,0,0,5529,246,0,0,0,0
"1257",2023-01-05,8,40,5221,229,0,0,23.739336492891,0,0,5529,246,0,0,0,0
"1258",2023-01-05,8,45,5276,232,0,0,23.739336492891,0,0,5529,246,0,0,0,0
"1259",2023-01-05,8,50,5408,239,0,0,23.739336492891,0,0,5529,246,0,0,0,0
"1260",2023-01-05,8,55,5529,246,0,0,23.739336492891,0,0,5529,246,0,0,0,0
"1261",2023-01-05,9,0,5906,253,0,0,25.7116104868914,0,0,6887,276,0,0,0,0
"1262",2023-01-05,9,5,6056,254,0,0,25.7116104868914,0,0,6887,276,0,0,0,0
"1263",2023-01-05,9,10,6122,257,0,0,25.7116104868914,0,0,6887,276,0,0,0,0
"1264",2023-01-05,9,15,6232,263,0,0,25.7116104868914,0,0,6887,276,0,0,0,0
"1265",2023-01-05,9,20,6887,268,0,0,25.7116104868914,0,0,6887,276,0,0,0,0
"1266",2023-01-05,9,25,6876,268,0,0,25.7116104868914,0,0,6887,276,0,0,0,0
"1267",2023-01-05,9,30,6865,267,0,0,25.7116104868914,0,0,6887,276,0,0,0,0
"1268",2023-01-05,9,35,6565,266,0,0,25.7116104868914,0,0,6887,276,0,0,0,0
"1269",2023-01-05,9,40,6298,266,0,0,25.7116104868914,0,0,6887,276,0,0,0,0
"1270",2023-01-05,9,45,6364,271,0,0,25.7116104868914,0,0,6887,276,0,0,0,0
"1271",2023-01-05,9,50,6419,274,0,0,25.7116104868914,0,0,6887,276,0,0,0,0
"1272",2023-01-05,9,55,6313,276,0,0,25.7116104868914,0,0,6887,276,0,0,0,0
"1273",2023-01-05,10,0,6256,279,0,0,22.4229390681004,0,0,6256,290,0,0,0,0
"1274",2023-01-05,10,5,6169,280,0,0,22.4229390681004,0,0,6256,290,0,0,0,0
"1275",2023-01-05,10,10,6208,281,0,0,22.4229390681004,0,0,6256,290,0,0,0,0
"1276",2023-01-05,10,15,5919,280,0,0,22.4229390681004,0,0,6256,290,0,0,0,0
"1277",2023-01-05,10,20,5919,280,0,0,22.4229390681004,0,0,6256,290,0,0,0,0
"1278",2023-01-05,10,25,5891,280,0,0,22.4229390681004,0,0,6256,290,0,0,0,0
"1279",2023-01-05,10,30,5782,279,0,0,22.4229390681004,0,0,6256,290,0,0,0,0
"1280",2023-01-05,10,35,5654,280,0,0,22.4229390681004,0,0,6256,290,0,0,0,0
"1281",2023-01-05,10,40,5700,282,0,0,22.4229390681004,0,0,6256,290,0,0,0,0
"1282",2023-01-05,10,45,5841,282,0,0,22.4229390681004,0,0,6256,290,0,0,0,0
"1283",2023-01-05,10,50,6102,286,0,0,22.4229390681004,0,0,6256,290,0,0,0,0
"1284",2023-01-05,10,55,6228,290,0,0,22.4229390681004,0,0,6256,290,0,0,0,0
"1285",2023-01-05,11,0,6550,291,0,0,23.3771043771044,0,0,7020,306,0,0,0,0
"1286",2023-01-05,11,5,6548,290,0,0,23.3771043771044,0,0,7020,306,0,0,0,0
"1287",2023-01-05,11,10,6553,292,0,0,23.3771043771044,0,0,7020,306,0,0,0,0
"1288",2023-01-05,11,15,6943,297,0,0,23.3771043771044,0,0,7020,306,0,0,0,0
"1289",2023-01-05,11,20,6999,306,0,0,23.3771043771044,0,0,7020,306,0,0,0,0
"1290",2023-01-05,11,25,6922,305,0,0,23.3771043771044,0,0,7020,306,0,0,0,0
"1291",2023-01-05,11,30,6878,304,0,0,23.3771043771044,0,0,7020,306,0,0,0,0
"1292",2023-01-05,11,35,7020,306,0,0,23.3771043771044,0,0,7020,306,0,0,0,0
"1293",2023-01-05,11,40,6665,302,0,0,23.3771043771044,0,0,7020,306,0,0,0,0
"1294",2023-01-05,11,45,6787,305,0,0,23.3771043771044,0,0,7020,306,0,0,0,0
"1295",2023-01-05,11,50,6573,301,0,0,23.3771043771044,0,0,7020,306,0,0,0,0
"1296",2023-01-05,11,55,6672,306,0,0,23.3771043771044,0,0,7020,306,0,0,0,0
"1297",2023-01-05,12,0,6595,302,0,0,25.2968197879859,0,0,7159,302,0,0,0,0
"1298",2023-01-05,12,5,6731,301,0,0,25.2968197879859,0,0,7159,302,0,0,0,0
"1299",2023-01-05,12,10,6681,298,0,0,25.2968197879859,0,0,7159,302,0,0,0,0
"1300",2023-01-05,12,15,6690,293,0,0,25.2968197879859,0,0,7159,302,0,0,0,0
"1301",2023-01-05,12,20,6557,290,0,0,25.2968197879859,0,0,7159,302,0,0,0,0
"1302",2023-01-05,12,25,6508,291,0,0,25.2968197879859,0,0,7159,302,0,0,0,0
"1303",2023-01-05,12,30,6430,286,0,0,25.2968197879859,0,0,7159,302,0,0,0,0
"1304",2023-01-05,12,35,6156,282,0,0,25.2968197879859,0,0,7159,302,0,0,0,0
"1305",2023-01-05,12,40,6296,283,0,0,25.2968197879859,0,0,7159,302,0,0,0,0
"1306",2023-01-05,12,45,6590,280,0,0,25.2968197879859,0,0,7159,302,0,0,0,0
"1307",2023-01-05,12,50,6831,282,0,0,25.2968197879859,0,0,7159,302,0,0,0,0
"1308",2023-01-05,12,55,7159,283,0,0,25.2968197879859,0,0,7159,302,0,0,0,0
"1309",2023-01-05,13,0,7054,277,0,0,26.5408560311284,0,0,7054,277,0,0,0,0
"1310",2023-01-05,13,5,6679,265,0,0,26.5408560311284,0,0,7054,277,0,0,0,0
"1311",2023-01-05,13,10,6214,263,0,0,26.5408560311284,0,0,7054,277,0,0,0,0
"1312",2023-01-05,13,15,6885,265,0,0,26.5408560311284,0,0,7054,277,0,0,0,0
"1313",2023-01-05,13,20,6795,259,0,0,26.5408560311284,0,0,7054,277,0,0,0,0
"1314",2023-01-05,13,25,6485,258,0,0,26.5408560311284,0,0,7054,277,0,0,0,0
"1315",2023-01-05,13,30,6488,254,0,0,26.5408560311284,0,0,7054,277,0,0,0,0
"1316",2023-01-05,13,35,6821,257,0,0,26.5408560311284,0,0,7054,277,0,0,0,0
"1317",2023-01-05,13,40,6832,258,0,0,26.5408560311284,0,0,7054,277,0,0,0,0
"1318",2023-01-05,13,45,6821,257,0,0,26.5408560311284,0,0,7054,277,0,0,0,0
"1319",2023-01-05,13,50,6358,254,0,0,26.5408560311284,0,0,7054,277,0,0,0,0
"1320",2023-01-05,13,55,6218,255,0,0,26.5408560311284,0,0,7054,277,0,0,0,0
"1321",2023-01-05,14,0,5779,253,0,0,24.1309523809524,0,0,6285,265,0,0,0,0
"1322",2023-01-05,14,5,6046,253,0,0,24.1309523809524,0,0,6285,265,0,0,0,0
"1323",2023-01-05,14,10,6081,252,0,0,24.1309523809524,0,0,6285,265,0,0,0,0
"1324",2023-01-05,14,15,5837,249,0,0,24.1309523809524,0,0,6285,265,0,0,0,0
"1325",2023-01-05,14,20,5862,251,0,0,24.1309523809524,0,0,6285,265,0,0,0,0
"1326",2023-01-05,14,25,5849,254,0,0,24.1309523809524,0,0,6285,265,0,0,0,0
"1327",2023-01-05,14,30,5976,259,0,0,24.1309523809524,0,0,6285,265,0,0,0,0
"1328",2023-01-05,14,35,5687,259,0,0,24.1309523809524,0,0,6285,265,0,0,0,0
"1329",2023-01-05,14,40,5870,260,0,0,24.1309523809524,0,0,6285,265,0,0,0,0
"1330",2023-01-05,14,45,6285,265,0,0,24.1309523809524,0,0,6285,265,0,0,0,0
"1331",2023-01-05,14,50,6230,263,0,0,24.1309523809524,0,0,6285,265,0,0,0,0
"1332",2023-01-05,14,55,6264,265,0,0,24.1309523809524,0,0,6285,265,0,0,0,0
"1333",2023-01-05,15,0,6686,268,0,0,27.4109090909091,0,0,7638,280,0,0,0,0
"1334",2023-01-05,15,5,6603,265,0,0,27.4109090909091,0,0,7638,280,0,0,0,0
"1335",2023-01-05,15,10,6686,269,0,0,27.4109090909091,0,0,7638,280,0,0,0,0
"1336",2023-01-05,15,15,6596,269,0,0,27.4109090909091,0,0,7638,280,0,0,0,0
"1337",2023-01-05,15,20,6672,267,0,0,27.4109090909091,0,0,7638,280,0,0,0,0
"1338",2023-01-05,15,25,7297,273,0,0,27.4109090909091,0,0,7638,280,0,0,0,0
"1339",2023-01-05,15,30,7538,275,0,0,27.4109090909091,0,0,7638,280,0,0,0,0
"1340",2023-01-05,15,35,7638,279,0,0,27.4109090909091,0,0,7638,280,0,0,0,0
"1341",2023-01-05,15,40,7621,280,0,0,27.4109090909091,0,0,7638,280,0,0,0,0
"1342",2023-01-05,15,45,7500,278,0,0,27.4109090909091,0,0,7638,280,0,0,0,0
"1343",2023-01-05,15,50,7165,274,0,0,27.4109090909091,0,0,7638,280,0,0,0,0
"1344",2023-01-05,15,55,6974,274,0,0,27.4109090909091,0,0,7638,280,0,0,0,0
"1345",2023-01-05,16,0,6777,273,0,0,26.5714285714286,0,0,7085,274,0,0,0,0
"1346",2023-01-05,16,5,6816,274,0,0,26.5714285714286,0,0,7085,274,0,0,0,0
"1347",2023-01-05,16,10,6799,271,0,0,26.5714285714286,0,0,7085,274,0,0,0,0
"1348",2023-01-05,16,15,6580,269,0,0,26.5714285714286,0,0,7085,274,0,0,0,0
"1349",2023-01-05,16,20,6836,272,0,0,26.5714285714286,0,0,7085,274,0,0,0,0
"1350",2023-01-05,16,25,6814,270,0,0,26.5714285714286,0,0,7085,274,0,0,0,0
"1351",2023-01-05,16,30,6650,267,0,0,26.5714285714286,0,0,7085,274,0,0,0,0
"1352",2023-01-05,16,35,6867,265,0,0,26.5714285714286,0,0,7085,274,0,0,0,0
"1353",2023-01-05,16,40,7068,266,0,0,26.5714285714286,0,0,7085,274,0,0,0,0
"1354",2023-01-05,16,45,7058,270,0,0,26.5714285714286,0,0,7085,274,0,0,0,0
"1355",2023-01-05,16,50,7085,272,0,0,26.5714285714286,0,0,7085,274,0,0,0,0
"1356",2023-01-05,16,55,6722,272,0,0,26.5714285714286,0,0,7085,274,0,0,0,0
"1357",2023-01-05,17,0,6930,274,0,0,27.0597014925373,0,0,7252,274,0,0,0,0
"1358",2023-01-05,17,5,6774,269,0,0,27.0597014925373,0,0,7252,274,0,0,0,0
"1359",2023-01-05,17,10,6558,266,0,0,27.0597014925373,0,0,7252,274,0,0,0,0
"1360",2023-01-05,17,15,6902,269,0,0,27.0597014925373,0,0,7252,274,0,0,0,0
"1361",2023-01-05,17,20,7208,273,0,0,27.0597014925373,0,0,7252,274,0,0,0,0
"1362",2023-01-05,17,25,6574,270,0,0,27.0597014925373,0,0,7252,274,0,0,0,0
"1363",2023-01-05,17,30,6552,270,0,0,27.0597014925373,0,0,7252,274,0,0,0,0
"1364",2023-01-05,17,35,6608,267,0,0,27.0597014925373,0,0,7252,274,0,0,0,0
"1365",2023-01-05,17,40,6880,265,0,0,27.0597014925373,0,0,7252,274,0,0,0,0
"1366",2023-01-05,17,45,7252,268,0,0,27.0597014925373,0,0,7252,274,0,0,0,0
"1367",2023-01-05,17,50,7144,269,0,0,27.0597014925373,0,0,7252,274,0,0,0,0
"1368",2023-01-05,17,55,6915,271,0,0,27.0597014925373,0,0,7252,274,0,0,0,0
"1369",2023-01-05,18,0,7127,268,0,0,26.5932835820896,0,0,7127,268,0,0,0,0
"1370",2023-01-05,18,5,6912,265,0,0,26.5932835820896,0,0,7127,268,0,0,0,0
"1371",2023-01-05,18,10,6635,259,0,0,26.5932835820896,0,0,7127,268,0,0,0,0
"1372",2023-01-05,18,15,6097,253,0,0,26.5932835820896,0,0,7127,268,0,0,0,0
"1373",2023-01-05,18,20,6075,251,0,0,26.5932835820896,0,0,7127,268,0,0,0,0
"1374",2023-01-05,18,25,6001,244,0,0,26.5932835820896,0,0,7127,268,0,0,0,0
"1375",2023-01-05,18,30,6004,245,0,0,26.5932835820896,0,0,7127,268,0,0,0,0
"1376",2023-01-05,18,35,6309,241,0,0,26.5932835820896,0,0,7127,268,0,0,0,0
"1377",2023-01-05,18,40,5840,238,0,0,26.5932835820896,0,0,7127,268,0,0,0,0
"1378",2023-01-05,18,45,5825,240,0,0,26.5932835820896,0,0,7127,268,0,0,0,0
"1379",2023-01-05,18,50,6071,244,0,0,26.5932835820896,0,0,7127,268,0,0,0,0
"1380",2023-01-05,18,55,6155,243,0,0,26.5932835820896,0,0,7127,268,0,0,0,0
"1381",2023-01-05,19,0,5648,242,0,0,27.8759689922481,0,0,7192,258,0,0,0,0
"1382",2023-01-05,19,5,5979,246,0,0,27.8759689922481,0,0,7192,258,0,0,0,0
"1383",2023-01-05,19,10,5996,245,0,0,27.8759689922481,0,0,7192,258,0,0,0,0
"1384",2023-01-05,19,15,6264,249,0,0,27.8759689922481,0,0,7192,258,0,0,0,0
"1385",2023-01-05,19,20,6646,251,0,0,27.8759689922481,0,0,7192,258,0,0,0,0
"1386",2023-01-05,19,25,6810,255,0,0,27.8759689922481,0,0,7192,258,0,0,0,0
"1387",2023-01-05,19,30,7192,258,0,0,27.8759689922481,0,0,7192,258,0,0,0,0
"1388",2023-01-05,19,35,6603,256,0,0,27.8759689922481,0,0,7192,258,0,0,0,0
"1389",2023-01-05,19,40,6498,252,0,0,27.8759689922481,0,0,7192,258,0,0,0,0
"1390",2023-01-05,19,45,6509,248,0,0,27.8759689922481,0,0,7192,258,0,0,0,0
"1391",2023-01-05,19,50,6570,250,0,0,27.8759689922481,0,0,7192,258,0,0,0,0
"1392",2023-01-05,19,55,6290,249,0,0,27.8759689922481,0,0,7192,258,0,0,0,0
"1393",2023-01-05,20,0,6529,248,0,0,26.587044534413,0,0,6567,248,0,0,0,0
"1394",2023-01-05,20,5,6567,247,0,0,26.587044534413,0,0,6567,248,0,0,0,0
"1395",2023-01-05,20,10,6317,247,0,0,26.587044534413,0,0,6567,248,0,0,0,0
"1396",2023-01-05,20,15,6175,245,0,0,26.587044534413,0,0,6567,248,0,0,0,0
"1397",2023-01-05,20,20,6153,244,0,0,26.587044534413,0,0,6567,248,0,0,0,0
"1398",2023-01-05,20,25,5587,241,0,0,26.587044534413,0,0,6567,248,0,0,0,0
"1399",2023-01-05,20,30,5573,243,0,0,26.587044534413,0,0,6567,248,0,0,0,0
"1400",2023-01-05,20,35,5529,241,0,0,26.587044534413,0,0,6567,248,0,0,0,0
"1401",2023-01-05,20,40,5535,240,0,0,26.587044534413,0,0,6567,248,0,0,0,0
"1402",2023-01-05,20,45,5707,243,0,0,26.587044534413,0,0,6567,248,0,0,0,0
"1403",2023-01-05,20,50,5707,243,0,0,26.587044534413,0,0,6567,248,0,0,0,0
"1404",2023-01-05,20,55,5641,240,0,0,26.587044534413,0,0,6567,248,0,0,0,0
"1405",2023-01-05,21,0,5482,239,0,0,24.2645739910314,0,0,5550,239,0,0,0,0
"1406",2023-01-05,21,5,5366,234,0,0,24.2645739910314,0,0,5550,239,0,0,0,0
"1407",2023-01-05,21,10,5268,234,0,0,24.2645739910314,0,0,5550,239,0,0,0,0
"1408",2023-01-05,21,15,5250,230,0,0,24.2645739910314,0,0,5550,239,0,0,0,0
"1409",2023-01-05,21,20,5550,231,0,0,24.2645739910314,0,0,5550,239,0,0,0,0
"1410",2023-01-05,21,25,5239,229,0,0,24.2645739910314,0,0,5550,239,0,0,0,0
"1411",2023-01-05,21,30,5111,229,0,0,24.2645739910314,0,0,5550,239,0,0,0,0
"1412",2023-01-05,21,35,5273,228,0,0,24.2645739910314,0,0,5550,239,0,0,0,0
"1413",2023-01-05,21,40,5371,228,0,0,24.2645739910314,0,0,5550,239,0,0,0,0
"1414",2023-01-05,21,45,5382,228,0,0,24.2645739910314,0,0,5550,239,0,0,0,0
"1415",2023-01-05,21,50,5477,226,0,0,24.2645739910314,0,0,5550,239,0,0,0,0
"1416",2023-01-05,21,55,5411,223,0,0,24.2645739910314,0,0,5550,239,0,0,0,0
"1417",2023-01-05,22,0,5391,222,0,0,25.2442396313364,0,0,5481,223,0,0,0,0
"1418",2023-01-05,22,5,5481,223,0,0,25.2442396313364,0,0,5481,223,0,0,0,0
"1419",2023-01-05,22,10,5459,222,0,0,25.2442396313364,0,0,5481,223,0,0,0,0
"1420",2023-01-05,22,15,5293,219,0,0,25.2442396313364,0,0,5481,223,0,0,0,0
"1421",2023-01-05,22,20,5429,218,0,0,25.2442396313364,0,0,5481,223,0,0,0,0
"1422",2023-01-05,22,25,5369,217,0,0,25.2442396313364,0,0,5481,223,0,0,0,0
"1423",2023-01-05,22,30,5336,215,0,0,25.2442396313364,0,0,5481,223,0,0,0,0
"1424",2023-01-05,22,35,5478,217,0,0,25.2442396313364,0,0,5481,223,0,0,0,0
"1425",2023-01-05,22,40,5298,216,0,0,25.2442396313364,0,0,5481,223,0,0,0,0
"1426",2023-01-05,22,45,5088,214,0,0,25.2442396313364,0,0,5481,223,0,0,0,0
"1427",2023-01-05,22,50,5402,218,0,0,25.2442396313364,0,0,5481,223,0,0,0,0
"1428",2023-01-05,22,55,5215,215,0,0,25.2442396313364,0,0,5481,223,0,0,0,0
"1429",2023-01-05,23,0,5248,216,0,0,24.3286384976526,0,0,5248,216,0,0,0,0
"1430",2023-01-05,23,5,5182,213,0,0,24.3286384976526,0,0,5248,216,0,0,0,0
"1431",2023-01-05,23,10,5046,214,0,0,24.3286384976526,0,0,5248,216,0,0,0,0
"1432",2023-01-05,23,15,5024,213,0,0,24.3286384976526,0,0,5248,216,0,0,0,0
"1433",2023-01-05,23,20,4926,213,0,0,24.3286384976526,0,0,5248,216,0,0,0,0
"1434",2023-01-05,23,25,4904,212,0,0,24.3286384976526,0,0,5248,216,0,0,0,0
"1435",2023-01-05,23,30,4821,210,0,0,24.3286384976526,0,0,5248,216,0,0,0,0
"1436",2023-01-05,23,35,4785,206,0,0,24.3286384976526,0,0,5248,216,0,0,0,0
"1437",2023-01-05,23,40,4763,205,0,0,24.3286384976526,0,0,5248,216,0,0,0,0
"1438",2023-01-05,23,45,4719,203,0,0,24.3286384976526,0,0,5248,216,0,0,0,0
"1439",2023-01-05,23,50,4697,202,0,0,24.3286384976526,0,0,5248,216,0,0,0,0
"1440",2023-01-05,23,55,4718,202,0,0,24.3286384976526,0,0,5248,216,0,0,0,0
"1441",2023-01-06,0,0,4896,227,0,0,22.0779816513761,0,0,4896,227,0,0,0,0
"1442",2023-01-06,0,5,4830,224,0,0,22.0779816513761,0,0,4896,227,0,0,0,0
"1443",2023-01-06,0,10,4852,225,0,0,22.0779816513761,0,0,4896,227,0,0,0,0
"1444",2023-01-06,0,15,4802,224,0,0,22.0779816513761,0,0,4896,227,0,0,0,0
"1445",2023-01-06,0,20,4758,222,0,0,22.0779816513761,0,0,4896,227,0,0,0,0
"1446",2023-01-06,0,25,4758,223,0,0,22.0779816513761,0,0,4896,227,0,0,0,0
"1447",2023-01-06,0,30,4799,224,0,0,22.0779816513761,0,0,4896,227,0,0,0,0
"1448",2023-01-06,0,35,4824,219,0,0,22.0779816513761,0,0,4896,227,0,0,0,0
"1449",2023-01-06,0,40,4813,218,0,0,22.0779816513761,0,0,4896,227,0,0,0,0
"1450",2023-01-06,0,45,4629,217,0,0,22.0779816513761,0,0,4896,227,0,0,0,0
"1451",2023-01-06,0,50,4607,216,0,0,22.0779816513761,0,0,4896,227,0,0,0,0
"1452",2023-01-06,0,55,4583,215,0,0,22.0779816513761,0,0,4896,227,0,0,0,0
"1453",2023-01-06,1,0,4166,190,0,0,21.9838709677419,0,0,4166,190,0,0,0,0
"1454",2023-01-06,1,5,4166,190,0,0,21.9838709677419,0,0,4166,190,0,0,0,0
"1455",2023-01-06,1,10,4166,190,0,0,21.9838709677419,0,0,4166,190,0,0,0,0
"1456",2023-01-06,1,15,4144,189,0,0,21.9838709677419,0,0,4166,190,0,0,0,0
"1457",2023-01-06,1,20,4122,188,0,0,21.9838709677419,0,0,4166,190,0,0,0,0
"1458",2023-01-06,1,25,4122,188,0,0,21.9838709677419,0,0,4166,190,0,0,0,0
"1459",2023-01-06,1,30,4122,188,0,0,21.9838709677419,0,0,4166,190,0,0,0,0
"1460",2023-01-06,1,35,4100,187,0,0,21.9838709677419,0,0,4166,190,0,0,0,0
"1461",2023-01-06,1,40,4100,187,0,0,21.9838709677419,0,0,4166,190,0,0,0,0
"1462",2023-01-06,1,45,4100,187,0,0,21.9838709677419,0,0,4166,190,0,0,0,0
"1463",2023-01-06,1,50,4100,187,0,0,21.9838709677419,0,0,4166,190,0,0,0,0
"1464",2023-01-06,1,55,4089,186,0,0,21.9838709677419,0,0,4166,190,0,0,0,0
"1465",2023-01-06,2,0,4089,186,0,0,22.869109947644,0,0,4379,192,0,0,0,0
"1466",2023-01-06,2,5,4221,192,0,0,22.869109947644,0,0,4379,192,0,0,0,0
"1467",2023-01-06,2,10,4221,192,0,0,22.869109947644,0,0,4379,192,0,0,0,0
"1468",2023-01-06,2,15,4221,192,0,0,22.869109947644,0,0,4379,192,0,0,0,0
"1469",2023-01-06,2,20,4379,192,0,0,22.869109947644,0,0,4379,192,0,0,0,0
"1470",2023-01-06,2,25,4379,192,0,0,22.869109947644,0,0,4379,192,0,0,0,0
"1471",2023-01-06,2,30,4368,191,0,0,22.869109947644,0,0,4379,192,0,0,0,0
"1472",2023-01-06,2,35,4368,191,0,0,22.869109947644,0,0,4379,192,0,0,0,0
"1473",2023-01-06,2,40,4166,189,0,0,22.869109947644,0,0,4379,192,0,0,0,0
"1474",2023-01-06,2,45,4166,189,0,0,22.869109947644,0,0,4379,192,0,0,0,0
"1475",2023-01-06,2,50,4166,189,0,0,22.869109947644,0,0,4379,192,0,0,0,0
"1476",2023-01-06,2,55,4144,188,0,0,22.869109947644,0,0,4379,192,0,0,0,0
"1477",2023-01-06,3,0,4144,188,0,0,22.0427807486631,0,0,4155,189,0,0,0,0
"1478",2023-01-06,3,5,4122,187,0,0,22.0427807486631,0,0,4155,189,0,0,0,0
"1479",2023-01-06,3,10,4122,187,0,0,22.0427807486631,0,0,4155,189,0,0,0,0
"1480",2023-01-06,3,15,4144,188,0,0,22.0427807486631,0,0,4155,189,0,0,0,0
"1481",2023-01-06,3,20,4144,188,0,0,22.0427807486631,0,0,4155,189,0,0,0,0
"1482",2023-01-06,3,25,4144,188,0,0,22.0427807486631,0,0,4155,189,0,0,0,0
"1483",2023-01-06,3,30,4155,189,0,0,22.0427807486631,0,0,4155,189,0,0,0,0
"1484",2023-01-06,3,35,4155,189,0,0,22.0427807486631,0,0,4155,189,0,0,0,0
"1485",2023-01-06,3,40,4155,189,0,0,22.0427807486631,0,0,4155,189,0,0,0,0
"1486",2023-01-06,3,45,4155,189,0,0,22.0427807486631,0,0,4155,189,0,0,0,0
"1487",2023-01-06,3,50,4144,188,0,0,22.0427807486631,0,0,4155,189,0,0,0,0
"1488",2023-01-06,3,55,4144,188,0,0,22.0427807486631,0,0,4155,189,0,0,0,0
"1489",2023-01-06,4,0,4144,188,0,0,22.2446808510638,0,0,4182,188,0,0,0,0
"1490",2023-01-06,4,5,4144,188,0,0,22.2446808510638,0,0,4182,188,0,0,0,0
"1491",2023-01-06,4,10,4122,187,0,0,22.2446808510638,0,0,4182,188,0,0,0,0
"1492",2023-01-06,4,15,4100,186,0,0,22.2446808510638,0,0,4182,188,0,0,0,0
"1493",2023-01-06,4,20,4122,187,0,0,22.2446808510638,0,0,4182,188,0,0,0,0
"1494",2023-01-06,4,25,4122,187,0,0,22.2446808510638,0,0,4182,188,0,0,0,0
"1495",2023-01-06,4,30,4122,187,0,0,22.2446808510638,0,0,4182,188,0,0,0,0
"1496",2023-01-06,4,35,4122,187,0,0,22.2446808510638,0,0,4182,188,0,0,0,0
"1497",2023-01-06,4,40,4122,187,0,0,22.2446808510638,0,0,4182,188,0,0,0,0
"1498",2023-01-06,4,45,4122,187,0,0,22.2446808510638,0,0,4182,188,0,0,0,0
"1499",2023-01-06,4,50,4122,187,0,0,22.2446808510638,0,0,4182,188,0,0,0,0
"1500",2023-01-06,4,55,4182,188,0,0,22.2446808510638,0,0,4182,188,0,0,0,0
"1501",2023-01-06,5,0,4182,188,0,0,22.2446808510638,0,0,4182,188,0,0,0,0
"1502",2023-01-06,5,5,4182,188,0,0,22.2446808510638,0,0,4182,188,0,0,0,0
"1503",2023-01-06,5,10,4182,188,0,0,22.2446808510638,0,0,4182,188,0,0,0,0
"1504",2023-01-06,5,15,4100,186,0,0,22.2446808510638,0,0,4182,188,0,0,0,0
"1505",2023-01-06,5,20,4056,184,0,0,22.2446808510638,0,0,4182,188,0,0,0,0
"1506",2023-01-06,5,25,4056,184,0,0,22.2446808510638,0,0,4182,188,0,0,0,0
"1507",2023-01-06,5,30,4056,184,0,0,22.2446808510638,0,0,4182,188,0,0,0,0
"1508",2023-01-06,5,35,4056,184,0,0,22.2446808510638,0,0,4182,188,0,0,0,0
"1509",2023-01-06,5,40,4012,182,0,0,22.2446808510638,0,0,4182,188,0,0,0,0
"1510",2023-01-06,5,45,4012,182,0,0,22.2446808510638,0,0,4182,188,0,0,0,0
"1511",2023-01-06,5,50,4012,182,0,0,22.2446808510638,0,0,4182,188,0,0,0,0
"1512",2023-01-06,5,55,4034,183,0,0,22.2446808510638,0,0,4182,188,0,0,0,0
"1513",2023-01-06,6,0,4034,183,0,0,22.0441988950276,0,0,4100,187,0,0,0,0
"1514",2023-01-06,6,5,4012,182,0,0,22.0441988950276,0,0,4100,187,0,0,0,0
"1515",2023-01-06,6,10,3990,181,0,0,22.0441988950276,0,0,4100,187,0,0,0,0
"1516",2023-01-06,6,15,3990,181,0,0,22.0441988950276,0,0,4100,187,0,0,0,0
"1517",2023-01-06,6,20,3990,181,0,0,22.0441988950276,0,0,4100,187,0,0,0,0
"1518",2023-01-06,6,25,4001,182,0,0,22.0441988950276,0,0,4100,187,0,0,0,0
"1519",2023-01-06,6,30,4001,182,0,0,22.0441988950276,0,0,4100,187,0,0,0,0
"1520",2023-01-06,6,35,4023,183,0,0,22.0441988950276,0,0,4100,187,0,0,0,0
"1521",2023-01-06,6,40,4023,183,0,0,22.0441988950276,0,0,4100,187,0,0,0,0
"1522",2023-01-06,6,45,4045,184,0,0,22.0441988950276,0,0,4100,187,0,0,0,0
"1523",2023-01-06,6,50,4100,187,0,0,22.0441988950276,0,0,4100,187,0,0,0,0
"1524",2023-01-06,6,55,4100,187,0,0,22.0441988950276,0,0,4100,187,0,0,0,0
"1525",2023-01-06,7,0,4100,187,0,0,22.2222222222222,0,0,4369,203,0,0,0,0
"1526",2023-01-06,7,5,4200,189,0,0,22.2222222222222,0,0,4369,203,0,0,0,0
"1527",2023-01-06,7,10,4178,189,0,0,22.2222222222222,0,0,4369,203,0,0,0,0
"1528",2023-01-06,7,15,4178,189,0,0,22.2222222222222,0,0,4369,203,0,0,0,0
"1529",2023-01-06,7,20,4211,191,0,0,22.2222222222222,0,0,4369,203,0,0,0,0
"1530",2023-01-06,7,25,4222,192,0,0,22.2222222222222,0,0,4369,203,0,0,0,0
"1531",2023-01-06,7,30,4161,190,0,0,22.2222222222222,0,0,4369,203,0,0,0,0
"1532",2023-01-06,7,35,4183,193,0,0,22.2222222222222,0,0,4369,203,0,0,0,0
"1533",2023-01-06,7,40,4227,195,0,0,22.2222222222222,0,0,4369,203,0,0,0,0
"1534",2023-01-06,7,45,4260,197,0,0,22.2222222222222,0,0,4369,203,0,0,0,0
"1535",2023-01-06,7,50,4232,198,0,0,22.2222222222222,0,0,4369,203,0,0,0,0
"1536",2023-01-06,7,55,4369,203,0,0,22.2222222222222,0,0,4369,203,0,0,0,0
"1537",2023-01-06,8,25,5135,223,0,0,24.0210970464135,0,0,5709,240,0,0,0,0
"1538",2023-01-06,8,30,5146,224,0,0,24.0210970464135,0,0,5709,240,0,0,0,0
"1539",2023-01-06,8,35,5146,224,0,0,24.0210970464135,0,0,5709,240,0,0,0,0
"1540",2023-01-06,8,40,5376,230,0,0,24.0210970464135,0,0,5709,240,0,0,0,0
"1541",2023-01-06,8,45,5469,233,0,0,24.0210970464135,0,0,5709,240,0,0,0,0
"1542",2023-01-06,8,50,5693,237,0,0,24.0210970464135,0,0,5709,240,0,0,0,0
"1543",2023-01-06,8,55,5709,240,0,0,24.0210970464135,0,0,5709,240,0,0,0,0
"1544",2023-01-06,8,0,4582,207,0,0,24.0210970464135,0,0,5709,240,0,0,0,0
"1545",2023-01-06,8,5,4643,209,0,0,24.0210970464135,0,0,5709,240,0,0,0,0
"1546",2023-01-06,8,10,5011,215,0,0,24.0210970464135,0,0,5709,240,0,0,0,0
"1547",2023-01-06,8,15,5024,215,0,0,24.0210970464135,0,0,5709,240,0,0,0,0
"1548",2023-01-06,8,20,5134,222,0,0,24.0210970464135,0,0,5709,240,0,0,0,0
"1549",2023-01-06,9,0,5698,240,0,0,24.7430830039526,0,0,6520,288,0,0,0,0
"1550",2023-01-06,9,5,5703,242,0,0,24.7430830039526,0,0,6520,288,0,0,0,0
"1551",2023-01-06,9,10,5970,246,0,0,24.7430830039526,0,0,6520,288,0,0,0,0
"1552",2023-01-06,9,15,6260,253,0,0,24.7430830039526,0,0,6520,288,0,0,0,0
"1553",2023-01-06,9,20,6185,252,0,0,24.7430830039526,0,0,6520,288,0,0,0,0
"1554",2023-01-06,9,25,6208,258,0,0,24.7430830039526,0,0,6520,288,0,0,0,0
"1555",2023-01-06,9,30,6319,265,0,0,24.7430830039526,0,0,6520,288,0,0,0,0
"1556",2023-01-06,9,35,6314,268,0,0,24.7430830039526,0,0,6520,288,0,0,0,0
"1557",2023-01-06,9,40,6249,270,0,0,24.7430830039526,0,0,6520,288,0,0,0,0
"1558",2023-01-06,9,45,6359,276,0,0,24.7430830039526,0,0,6520,288,0,0,0,0
"1559",2023-01-06,9,50,6498,286,0,0,24.7430830039526,0,0,6520,288,0,0,0,0
"1560",2023-01-06,9,55,6520,288,0,0,24.7430830039526,0,0,6520,288,0,0,0,0
"1561",2023-01-06,10,0,6791,292,0,0,24.0839160839161,0,0,6888,292,0,0,0,0
"1562",2023-01-06,10,5,6812,292,0,0,24.0839160839161,0,0,6888,292,0,0,0,0
"1563",2023-01-06,10,10,6841,292,0,0,24.0839160839161,0,0,6888,292,0,0,0,0
"1564",2023-01-06,10,15,6841,291,0,0,24.0839160839161,0,0,6888,292,0,0,0,0
"1565",2023-01-06,10,20,6715,288,0,0,24.0839160839161,0,0,6888,292,0,0,0,0
"1566",2023-01-06,10,25,6557,286,0,0,24.0839160839161,0,0,6888,292,0,0,0,0
"1567",2023-01-06,10,30,6437,285,0,0,24.0839160839161,0,0,6888,292,0,0,0,0
"1568",2023-01-06,10,35,6827,284,0,0,24.0839160839161,0,0,6888,292,0,0,0,0
"1569",2023-01-06,10,40,6888,286,0,0,24.0839160839161,0,0,6888,292,0,0,0,0
"1570",2023-01-06,10,45,6766,283,0,0,24.0839160839161,0,0,6888,292,0,0,0,0
"1571",2023-01-06,10,50,6559,281,0,0,24.0839160839161,0,0,6888,292,0,0,0,0
"1572",2023-01-06,10,55,6544,283,0,0,24.0839160839161,0,0,6888,292,0,0,0,0
"1573",2023-01-06,11,0,6575,285,0,0,25.3875,0,0,6625,294,0,0,0,0
"1574",2023-01-06,11,5,6532,283,0,0,25.3875,0,0,6625,294,0,0,0,0
"1575",2023-01-06,11,10,6543,284,0,0,25.3875,0,0,6625,294,0,0,0,0
"1576",2023-01-06,11,15,6554,285,0,0,25.3875,0,0,6625,294,0,0,0,0
"1577",2023-01-06,11,20,6576,286,0,0,25.3875,0,0,6625,294,0,0,0,0
"1578",2023-01-06,11,25,6326,286,0,0,25.3875,0,0,6625,294,0,0,0,0
"1579",2023-01-06,11,30,4062,160,0,0,25.3875,0,0,6625,294,0,0,0,0
"1580",2023-01-06,11,35,6520,289,0,0,25.3875,0,0,6625,294,0,0,0,0
"1581",2023-01-06,11,40,6531,290,0,0,25.3875,0,0,6625,294,0,0,0,0
"1582",2023-01-06,11,45,6597,293,0,0,25.3875,0,0,6625,294,0,0,0,0
"1583",2023-01-06,11,50,6625,292,0,0,25.3875,0,0,6625,294,0,0,0,0
"1584",2023-01-06,11,55,6563,294,0,0,25.3875,0,0,6625,294,0,0,0,0
"1585",2023-01-06,12,0,6866,296,0,0,26.0070175438597,0,0,7412,299,0,0,0,0
"1586",2023-01-06,12,5,7021,299,0,0,26.0070175438597,0,0,7412,299,0,0,0,0
"1587",2023-01-06,12,10,6916,296,0,0,26.0070175438597,0,0,7412,299,0,0,0,0
"1588",2023-01-06,12,15,6850,295,0,0,26.0070175438597,0,0,7412,299,0,0,0,0
"1589",2023-01-06,12,20,6921,296,0,0,26.0070175438597,0,0,7412,299,0,0,0,0
"1590",2023-01-06,12,25,6904,296,0,0,26.0070175438597,0,0,7412,299,0,0,0,0
"1591",2023-01-06,12,30,7001,294,0,0,26.0070175438597,0,0,7412,299,0,0,0,0
"1592",2023-01-06,12,35,6362,276,0,0,26.0070175438597,0,0,7412,299,0,0,0,0
"1593",2023-01-06,12,40,6646,280,0,0,26.0070175438597,0,0,7412,299,0,0,0,0
"1594",2023-01-06,12,45,7412,285,0,0,26.0070175438597,0,0,7412,299,0,0,0,0
"1595",2023-01-06,12,50,6872,282,0,0,26.0070175438597,0,0,7412,299,0,0,0,0
"1596",2023-01-06,12,55,6442,272,0,0,26.0070175438597,0,0,7412,299,0,0,0,0
"1597",2023-01-06,13,0,6960,273,0,0,26.4600760456274,0,0,7258,284,0,0,0,0
"1598",2023-01-06,13,5,6808,271,0,0,26.4600760456274,0,0,7258,284,0,0,0,0
"1599",2023-01-06,13,10,6720,266,0,0,26.4600760456274,0,0,7258,284,0,0,0,0
"1600",2023-01-06,13,15,6829,265,0,0,26.4600760456274,0,0,7258,284,0,0,0,0
"1601",2023-01-06,13,20,6605,261,0,0,26.4600760456274,0,0,7258,284,0,0,0,0
"1602",2023-01-06,13,25,6521,259,0,0,26.4600760456274,0,0,7258,284,0,0,0,0
"1603",2023-01-06,13,30,6959,263,0,0,26.4600760456274,0,0,7258,284,0,0,0,0
"1604",2023-01-06,13,35,7151,280,0,0,26.4600760456274,0,0,7258,284,0,0,0,0
"1605",2023-01-06,13,40,6653,275,0,0,26.4600760456274,0,0,7258,284,0,0,0,0
"1606",2023-01-06,13,45,7031,276,0,0,26.4600760456274,0,0,7258,284,0,0,0,0
"1607",2023-01-06,13,50,7258,281,0,0,26.4600760456274,0,0,7258,284,0,0,0,0
"1608",2023-01-06,13,55,6889,284,0,0,26.4600760456274,0,0,7258,284,0,0,0,0
"1609",2023-01-06,14,0,7316,291,0,0,26.1830508474576,0,0,7724,299,0,0,0,0
"1610",2023-01-06,14,5,7134,284,0,0,26.1830508474576,0,0,7724,299,0,0,0,0
"1611",2023-01-06,14,10,6979,285,0,0,26.1830508474576,0,0,7724,299,0,0,0,0
"1612",2023-01-06,14,15,6973,286,0,0,26.1830508474576,0,0,7724,299,0,0,0,0
"1613",2023-01-06,14,20,6962,284,0,0,26.1830508474576,0,0,7724,299,0,0,0,0
"1614",2023-01-06,14,25,7574,292,0,0,26.1830508474576,0,0,7724,299,0,0,0,0
"1615",2023-01-06,14,30,7568,295,0,0,26.1830508474576,0,0,7724,299,0,0,0,0
"1616",2023-01-06,14,35,7724,295,0,0,26.1830508474576,0,0,7724,299,0,0,0,0
"1617",2023-01-06,14,40,7626,295,0,0,26.1830508474576,0,0,7724,299,0,0,0,0
"1618",2023-01-06,14,45,7471,291,0,0,26.1830508474576,0,0,7724,299,0,0,0,0
"1619",2023-01-06,14,50,7491,295,0,0,26.1830508474576,0,0,7724,299,0,0,0,0
"1620",2023-01-06,14,55,7719,299,0,0,26.1830508474576,0,0,7724,299,0,0,0,0
"1621",2023-01-06,15,0,7697,297,0,0,25.9158249158249,0,0,7839,307,0,0,0,0
"1622",2023-01-06,15,5,7525,298,0,0,25.9158249158249,0,0,7839,307,0,0,0,0
"1623",2023-01-06,15,10,7811,303,0,0,25.9158249158249,0,0,7839,307,0,0,0,0
"1624",2023-01-06,15,15,7817,306,0,0,25.9158249158249,0,0,7839,307,0,0,0,0
"1625",2023-01-06,15,20,7839,307,0,0,25.9158249158249,0,0,7839,307,0,0,0,0
"1626",2023-01-06,15,25,7275,302,0,0,25.9158249158249,0,0,7839,307,0,0,0,0
"1627",2023-01-06,15,30,6444,273,0,0,25.9158249158249,0,0,7839,307,0,0,0,0
"1628",2023-01-06,15,35,7330,304,0,0,25.9158249158249,0,0,7839,307,0,0,0,0
"1629",2023-01-06,15,40,7114,300,0,0,25.9158249158249,0,0,7839,307,0,0,0,0
"1630",2023-01-06,15,45,6847,300,0,0,25.9158249158249,0,0,7839,307,0,0,0,0
"1631",2023-01-06,15,50,7008,302,0,0,25.9158249158249,0,0,7839,307,0,0,0,0
"1632",2023-01-06,15,55,7108,299,0,0,25.9158249158249,0,0,7839,307,0,0,0,0
"1633",2023-01-06,16,0,7035,297,0,0,24.0750853242321,0,0,7250,302,0,0,0,0
"1634",2023-01-06,16,5,7013,296,0,0,24.0750853242321,0,0,7250,302,0,0,0,0
"1635",2023-01-06,16,10,7250,302,0,0,24.0750853242321,0,0,7250,302,0,0,0,0
"1636",2023-01-06,16,15,6972,302,0,0,24.0750853242321,0,0,7250,302,0,0,0,0
"1637",2023-01-06,16,20,6991,301,0,0,24.0750853242321,0,0,7250,302,0,0,0,0
"1638",2023-01-06,16,25,6958,300,0,0,24.0750853242321,0,0,7250,302,0,0,0,0
"1639",2023-01-06,16,30,6929,298,0,0,24.0750853242321,0,0,7250,302,0,0,0,0
"1640",2023-01-06,16,35,6863,296,0,0,24.0750853242321,0,0,7250,302,0,0,0,0
"1641",2023-01-06,16,40,6913,300,0,0,24.0750853242321,0,0,7250,302,0,0,0,0
"1642",2023-01-06,16,45,6868,293,0,0,24.0750853242321,0,0,7250,302,0,0,0,0
"1643",2023-01-06,16,50,6989,295,0,0,24.0750853242321,0,0,7250,302,0,0,0,0
"1644",2023-01-06,16,55,7054,293,0,0,24.0750853242321,0,0,7250,302,0,0,0,0
"1645",2023-01-06,17,0,7176,294,0,0,24.4081632653061,0,0,7176,294,0,0,0,0
"1646",2023-01-06,17,5,6873,292,0,0,24.4081632653061,0,0,7176,294,0,0,0,0
"1647",2023-01-06,17,10,7058,291,0,0,24.4081632653061,0,0,7176,294,0,0,0,0
"1648",2023-01-06,17,15,7102,292,0,0,24.4081632653061,0,0,7176,294,0,0,0,0
"1649",2023-01-06,17,20,7058,290,0,0,24.4081632653061,0,0,7176,294,0,0,0,0
"1650",2023-01-06,17,25,6860,283,0,0,24.4081632653061,0,0,7176,294,0,0,0,0
"1651",2023-01-06,17,30,6657,279,0,0,24.4081632653061,0,0,7176,294,0,0,0,0
"1652",2023-01-06,17,35,6269,278,0,0,24.4081632653061,0,0,7176,294,0,0,0,0
"1653",2023-01-06,17,40,6097,276,0,0,24.4081632653061,0,0,7176,294,0,0,0,0
"1654",2023-01-06,17,45,6250,279,0,0,24.4081632653061,0,0,7176,294,0,0,0,0
"1655",2023-01-06,17,50,6234,277,0,0,24.4081632653061,0,0,7176,294,0,0,0,0
"1656",2023-01-06,17,55,5841,275,0,0,24.4081632653061,0,0,7176,294,0,0,0,0
"1657",2023-01-06,18,0,6240,278,0,0,24.6412213740458,0,0,6540,278,0,0,0,0
"1658",2023-01-06,18,5,6207,276,0,0,24.6412213740458,0,0,6540,278,0,0,0,0
"1659",2023-01-06,18,10,6174,273,0,0,24.6412213740458,0,0,6540,278,0,0,0,0
"1660",2023-01-06,18,15,6367,273,0,0,24.6412213740458,0,0,6540,278,0,0,0,0
"1661",2023-01-06,18,20,6328,272,0,0,24.6412213740458,0,0,6540,278,0,0,0,0
"1662",2023-01-06,18,25,6540,267,0,0,24.6412213740458,0,0,6540,278,0,0,0,0
"1663",2023-01-06,18,30,6310,267,0,0,24.6412213740458,0,0,6540,278,0,0,0,0
"1664",2023-01-06,18,35,6277,265,0,0,24.6412213740458,0,0,6540,278,0,0,0,0
"1665",2023-01-06,18,40,6456,262,0,0,24.6412213740458,0,0,6540,278,0,0,0,0
"1666",2023-01-06,18,45,6352,258,0,0,24.6412213740458,0,0,6540,278,0,0,0,0
"1667",2023-01-06,18,50,6036,259,0,0,24.6412213740458,0,0,6540,278,0,0,0,0
"1668",2023-01-06,18,55,5780,260,0,0,24.6412213740458,0,0,6540,278,0,0,0,0
"1669",2023-01-06,19,0,5764,257,0,0,25.6539923954373,0,0,6747,266,0,0,0,0
"1670",2023-01-06,19,5,6004,258,0,0,25.6539923954373,0,0,6747,266,0,0,0,0
"1671",2023-01-06,19,10,5982,257,0,0,25.6539923954373,0,0,6747,266,0,0,0,0
"1672",2023-01-06,19,15,6188,259,0,0,25.6539923954373,0,0,6747,266,0,0,0,0
"1673",2023-01-06,19,20,6052,260,0,0,25.6539923954373,0,0,6747,266,0,0,0,0
"1674",2023-01-06,19,25,6269,263,0,0,25.6539923954373,0,0,6747,266,0,0,0,0
"1675",2023-01-06,19,30,6453,266,0,0,25.6539923954373,0,0,6747,266,0,0,0,0
"1676",2023-01-06,19,35,6747,263,0,0,25.6539923954373,0,0,6747,266,0,0,0,0
"1677",2023-01-06,19,40,6280,257,0,0,25.6539923954373,0,0,6747,266,0,0,0,0
"1678",2023-01-06,19,45,6056,254,0,0,25.6539923954373,0,0,6747,266,0,0,0,0
"1679",2023-01-06,19,50,6060,249,0,0,25.6539923954373,0,0,6747,266,0,0,0,0
"1680",2023-01-06,19,55,6147,250,0,0,25.6539923954373,0,0,6747,266,0,0,0,0
"1681",2023-01-06,20,0,6147,250,0,0,24.588,0,0,6149,257,0,0,0,0
"1682",2023-01-06,20,5,6149,251,0,0,24.588,0,0,6149,257,0,0,0,0
"1683",2023-01-06,20,10,6031,253,0,0,24.588,0,0,6149,257,0,0,0,0
"1684",2023-01-06,20,15,6031,253,0,0,24.588,0,0,6149,257,0,0,0,0
"1685",2023-01-06,20,20,6119,257,0,0,24.588,0,0,6149,257,0,0,0,0
"1686",2023-01-06,20,25,6097,256,0,0,24.588,0,0,6149,257,0,0,0,0
"1687",2023-01-06,20,30,5754,254,0,0,24.588,0,0,6149,257,0,0,0,0
"1688",2023-01-06,20,35,5704,253,0,0,24.588,0,0,6149,257,0,0,0,0
"1689",2023-01-06,20,40,5682,252,0,0,24.588,0,0,6149,257,0,0,0,0
"1690",2023-01-06,20,45,5833,252,0,0,24.588,0,0,6149,257,0,0,0,0
"1691",2023-01-06,20,50,5800,250,0,0,24.588,0,0,6149,257,0,0,0,0
"1692",2023-01-06,20,55,6046,254,0,0,24.588,0,0,6149,257,0,0,0,0
"1693",2023-01-06,21,0,6044,254,0,0,23.802371541502,0,0,6044,254,0,0,0,0
"1694",2023-01-06,21,5,6022,253,0,0,23.802371541502,0,0,6044,254,0,0,0,0
"1695",2023-01-06,21,10,5776,249,0,0,23.802371541502,0,0,6044,254,0,0,0,0
"1696",2023-01-06,21,15,5488,250,0,0,23.802371541502,0,0,6044,254,0,0,0,0
"1697",2023-01-06,21,20,5422,247,0,0,23.802371541502,0,0,6044,254,0,0,0,0
"1698",2023-01-06,21,25,5444,248,0,0,23.802371541502,0,0,6044,254,0,0,0,0
"1699",2023-01-06,21,30,5350,245,0,0,23.802371541502,0,0,6044,254,0,0,0,0
"1700",2023-01-06,21,35,5339,245,0,0,23.802371541502,0,0,6044,254,0,0,0,0
"1701",2023-01-06,21,40,5300,244,0,0,23.802371541502,0,0,6044,254,0,0,0,0
"1702",2023-01-06,21,45,5218,242,0,0,23.802371541502,0,0,6044,254,0,0,0,0
"1703",2023-01-06,21,50,5268,243,0,0,23.802371541502,0,0,6044,254,0,0,0,0
"1704",2023-01-06,21,55,5426,243,0,0,23.802371541502,0,0,6044,254,0,0,0,0
"1705",2023-01-06,22,0,5415,243,0,0,22.4338842975207,0,0,5429,243,0,0,0,0
"1706",2023-01-06,22,5,5371,241,0,0,22.4338842975207,0,0,5429,243,0,0,0,0
"1707",2023-01-06,22,10,5393,242,0,0,22.4338842975207,0,0,5429,243,0,0,0,0
"1708",2023-01-06,22,15,5273,242,0,0,22.4338842975207,0,0,5429,243,0,0,0,0
"1709",2023-01-06,22,20,5301,241,0,0,22.4338842975207,0,0,5429,243,0,0,0,0
"1710",2023-01-06,22,25,5429,242,0,0,22.4338842975207,0,0,5429,243,0,0,0,0
"1711",2023-01-06,22,30,5423,243,0,0,22.4338842975207,0,0,5429,243,0,0,0,0
"1712",2023-01-06,22,35,5401,242,0,0,22.4338842975207,0,0,5429,243,0,0,0,0
"1713",2023-01-06,22,40,5379,241,0,0,22.4338842975207,0,0,5429,243,0,0,0,0
"1714",2023-01-06,22,45,5158,238,0,0,22.4338842975207,0,0,5429,243,0,0,0,0
"1715",2023-01-06,22,50,5259,240,0,0,22.4338842975207,0,0,5429,243,0,0,0,0
"1716",2023-01-06,22,55,5193,237,0,0,22.4338842975207,0,0,5429,243,0,0,0,0
"1717",2023-01-06,23,0,5173,236,0,0,23.5234042553192,0,0,5528,236,0,0,0,0
"1718",2023-01-06,23,5,5450,235,0,0,23.5234042553192,0,0,5528,236,0,0,0,0
"1719",2023-01-06,23,10,5528,235,0,0,23.5234042553192,0,0,5528,236,0,0,0,0
"1720",2023-01-06,23,15,5456,233,0,0,23.5234042553192,0,0,5528,236,0,0,0,0
"1721",2023-01-06,23,20,5412,231,0,0,23.5234042553192,0,0,5528,236,0,0,0,0
"1722",2023-01-06,23,25,5434,232,0,0,23.5234042553192,0,0,5528,236,0,0,0,0
"1723",2023-01-06,23,30,5312,230,0,0,23.5234042553192,0,0,5528,236,0,0,0,0
"1724",2023-01-06,23,35,5323,231,0,0,23.5234042553192,0,0,5528,236,0,0,0,0
"1725",2023-01-06,23,40,5145,226,0,0,23.5234042553192,0,0,5528,236,0,0,0,0
"1726",2023-01-06,23,45,5185,228,0,0,23.5234042553192,0,0,5528,236,0,0,0,0
"1727",2023-01-06,23,50,4863,226,0,0,23.5234042553192,0,0,5528,236,0,0,0,0
"1728",2023-01-06,23,55,4852,225,0,0,23.5234042553192,0,0,5528,236,0,0,0,0
"1729",2023-01-07,0,0,3896,175,0,0,22.5588235294118,0,0,3896,175,0,0,0,0
"1730",2023-01-07,0,5,3896,175,0,0,22.5588235294118,0,0,3896,175,0,0,0,0
"1731",2023-01-07,0,10,3852,174,0,0,22.5588235294118,0,0,3896,175,0,0,0,0
"1732",2023-01-07,0,15,3833,173,0,0,22.5588235294118,0,0,3896,175,0,0,0,0
"1733",2023-01-07,0,20,3767,170,0,0,22.5588235294118,0,0,3896,175,0,0,0,0
"1734",2023-01-07,0,25,3835,170,0,0,22.5588235294118,0,0,3896,175,0,0,0,0
"1735",2023-01-07,0,30,3835,170,0,0,22.5588235294118,0,0,3896,175,0,0,0,0
"1736",2023-01-07,0,35,3723,167,0,0,22.5588235294118,0,0,3896,175,0,0,0,0
"1737",2023-01-07,0,40,3723,167,0,0,22.5588235294118,0,0,3896,175,0,0,0,0
"1738",2023-01-07,0,45,3695,167,0,0,22.5588235294118,0,0,3896,175,0,0,0,0
"1739",2023-01-07,0,50,3613,165,0,0,22.5588235294118,0,0,3896,175,0,0,0,0
"1740",2023-01-07,0,55,3571,163,0,0,22.5588235294118,0,0,3896,175,0,0,0,0
"1741",2023-01-07,1,0,4583,215,0,0,22.1023255813953,0,0,4774,216,0,0,0,0
"1742",2023-01-07,1,5,4561,214,0,0,22.1023255813953,0,0,4774,216,0,0,0,0
"1743",2023-01-07,1,10,4561,214,0,0,22.1023255813953,0,0,4774,216,0,0,0,0
"1744",2023-01-07,1,15,4583,215,0,0,22.1023255813953,0,0,4774,216,0,0,0,0
"1745",2023-01-07,1,20,4719,214,0,0,22.1023255813953,0,0,4774,216,0,0,0,0
"1746",2023-01-07,1,25,4761,216,0,0,22.1023255813953,0,0,4774,216,0,0,0,0
"1747",2023-01-07,1,30,4741,215,0,0,22.1023255813953,0,0,4774,216,0,0,0,0
"1748",2023-01-07,1,35,4752,215,0,0,22.1023255813953,0,0,4774,216,0,0,0,0
"1749",2023-01-07,1,40,4752,215,0,0,22.1023255813953,0,0,4774,216,0,0,0,0
"1750",2023-01-07,1,45,4774,216,0,0,22.1023255813953,0,0,4774,216,0,0,0,0
"1751",2023-01-07,1,50,4752,215,0,0,22.1023255813953,0,0,4774,216,0,0,0,0
"1752",2023-01-07,1,55,4752,215,0,0,22.1023255813953,0,0,4774,216,0,0,0,0
"1753",2023-01-07,2,0,4812,216,0,0,22.3317757009346,0,0,4812,216,0,0,0,0
"1754",2023-01-07,2,5,4801,216,0,0,22.3317757009346,0,0,4812,216,0,0,0,0
"1755",2023-01-07,2,10,4801,216,0,0,22.3317757009346,0,0,4812,216,0,0,0,0
"1756",2023-01-07,2,15,4801,216,0,0,22.3317757009346,0,0,4812,216,0,0,0,0
"1757",2023-01-07,2,20,4779,215,0,0,22.3317757009346,0,0,4812,216,0,0,0,0
"1758",2023-01-07,2,25,4779,214,0,0,22.3317757009346,0,0,4812,216,0,0,0,0
"1759",2023-01-07,2,30,4577,212,0,0,22.3317757009346,0,0,4812,216,0,0,0,0
"1760",2023-01-07,2,35,4517,211,0,0,22.3317757009346,0,0,4812,216,0,0,0,0
"1761",2023-01-07,2,40,4495,210,0,0,22.3317757009346,0,0,4812,216,0,0,0,0
"1762",2023-01-07,2,45,4495,210,0,0,22.3317757009346,0,0,4812,216,0,0,0,0
"1763",2023-01-07,2,50,4495,210,0,0,22.3317757009346,0,0,4812,216,0,0,0,0
"1764",2023-01-07,2,55,4495,210,0,0,22.3317757009346,0,0,4812,216,0,0,0,0
"1765",2023-01-07,3,0,4495,210,0,0,21.5885167464115,0,0,4545,211,0,0,0,0
"1766",2023-01-07,3,5,4495,210,0,0,21.5885167464115,0,0,4545,211,0,0,0,0
"1767",2023-01-07,3,10,4495,210,0,0,21.5885167464115,0,0,4545,211,0,0,0,0
"1768",2023-01-07,3,15,4495,210,0,0,21.5885167464115,0,0,4545,211,0,0,0,0
"1769",2023-01-07,3,20,4495,210,0,0,21.5885167464115,0,0,4545,211,0,0,0,0
"1770",2023-01-07,3,25,4545,211,0,0,21.5885167464115,0,0,4545,211,0,0,0,0
"1771",2023-01-07,3,30,4545,211,0,0,21.5885167464115,0,0,4545,211,0,0,0,0
"1772",2023-01-07,3,35,4545,211,0,0,21.5885167464115,0,0,4545,211,0,0,0,0
"1773",2023-01-07,3,40,4523,210,0,0,21.5885167464115,0,0,4545,211,0,0,0,0
"1774",2023-01-07,3,45,4512,209,0,0,21.5885167464115,0,0,4545,211,0,0,0,0
"1775",2023-01-07,3,50,4512,209,0,0,21.5885167464115,0,0,4545,211,0,0,0,0
"1776",2023-01-07,3,55,4490,208,0,0,21.5885167464115,0,0,4545,211,0,0,0,0
"1777",2023-01-07,4,0,4490,208,0,0,22.3251231527094,0,0,4554,208,0,0,0,0
"1778",2023-01-07,4,5,4490,208,0,0,22.3251231527094,0,0,4554,208,0,0,0,0
"1779",2023-01-07,4,10,4468,207,0,0,22.3251231527094,0,0,4554,208,0,0,0,0
"1780",2023-01-07,4,15,4418,206,0,0,22.3251231527094,0,0,4554,208,0,0,0,0
"1781",2023-01-07,4,20,4418,206,0,0,22.3251231527094,0,0,4554,208,0,0,0,0
"1782",2023-01-07,4,25,4396,204,0,0,22.3251231527094,0,0,4554,208,0,0,0,0
"1783",2023-01-07,4,30,4352,202,0,0,22.3251231527094,0,0,4554,208,0,0,0,0
"1784",2023-01-07,4,35,4532,203,0,0,22.3251231527094,0,0,4554,208,0,0,0,0
"1785",2023-01-07,4,40,4554,204,0,0,22.3251231527094,0,0,4554,208,0,0,0,0
"1786",2023-01-07,4,45,4554,204,0,0,22.3251231527094,0,0,4554,208,0,0,0,0
"1787",2023-01-07,4,50,4374,203,0,0,22.3251231527094,0,0,4554,208,0,0,0,0
"1788",2023-01-07,4,55,4352,202,0,0,22.3251231527094,0,0,4554,208,0,0,0,0
"1789",2023-01-07,5,0,4341,201,0,0,21.6482412060301,0,0,4341,201,0,0,0,0
"1790",2023-01-07,5,5,4341,201,0,0,21.6482412060301,0,0,4341,201,0,0,0,0
"1791",2023-01-07,5,10,4341,201,0,0,21.6482412060301,0,0,4341,201,0,0,0,0
"1792",2023-01-07,5,15,4319,200,0,0,21.6482412060301,0,0,4341,201,0,0,0,0
"1793",2023-01-07,5,20,4319,200,0,0,21.6482412060301,0,0,4341,201,0,0,0,0
"1794",2023-01-07,5,25,4308,199,0,0,21.6482412060301,0,0,4341,201,0,0,0,0
"1795",2023-01-07,5,30,4308,199,0,0,21.6482412060301,0,0,4341,201,0,0,0,0
"1796",2023-01-07,5,35,4308,199,0,0,21.6482412060301,0,0,4341,201,0,0,0,0
"1797",2023-01-07,5,40,4308,199,0,0,21.6482412060301,0,0,4341,201,0,0,0,0
"1798",2023-01-07,5,45,4308,199,0,0,21.6482412060301,0,0,4341,201,0,0,0,0
"1799",2023-01-07,5,50,4308,199,0,0,21.6482412060301,0,0,4341,201,0,0,0,0
"1800",2023-01-07,5,55,4308,199,0,0,21.6482412060301,0,0,4341,201,0,0,0,0
"1801",2023-01-07,6,0,4368,200,0,0,22.9144736842105,0,0,4390,201,0,0,0,0
"1802",2023-01-07,6,5,3483,152,0,0,22.9144736842105,0,0,4390,201,0,0,0,0
"1803",2023-01-07,6,10,4368,200,0,0,22.9144736842105,0,0,4390,201,0,0,0,0
"1804",2023-01-07,6,15,4368,200,0,0,22.9144736842105,0,0,4390,201,0,0,0,0
"1805",2023-01-07,6,20,4368,200,0,0,22.9144736842105,0,0,4390,201,0,0,0,0
"1806",2023-01-07,6,25,4346,199,0,0,22.9144736842105,0,0,4390,201,0,0,0,0
"1807",2023-01-07,6,30,4390,201,0,0,22.9144736842105,0,0,4390,201,0,0,0,0
"1808",2023-01-07,6,35,4368,200,0,0,22.9144736842105,0,0,4390,201,0,0,0,0
"1809",2023-01-07,6,40,4368,200,0,0,22.9144736842105,0,0,4390,201,0,0,0,0
"1810",2023-01-07,6,45,4368,200,0,0,22.9144736842105,0,0,4390,201,0,0,0,0
"1811",2023-01-07,6,50,4346,199,0,0,22.9144736842105,0,0,4390,201,0,0,0,0
"1812",2023-01-07,6,55,4286,198,0,0,22.9144736842105,0,0,4390,201,0,0,0,0
"1813",2023-01-07,7,0,4264,197,0,0,23.3045685279188,0,0,4613,198,0,0,0,0
"1814",2023-01-07,7,5,4433,197,0,0,23.3045685279188,0,0,4613,198,0,0,0,0
"1815",2023-01-07,7,10,3461,151,0,0,23.3045685279188,0,0,4613,198,0,0,0,0
"1816",2023-01-07,7,15,4613,198,0,0,23.3045685279188,0,0,4613,198,0,0,0,0
"1817",2023-01-07,7,20,4613,198,0,0,23.3045685279188,0,0,4613,198,0,0,0,0
"1818",2023-01-07,7,25,4591,197,0,0,23.3045685279188,0,0,4613,198,0,0,0,0
"1819",2023-01-07,7,30,4400,196,0,0,23.3045685279188,0,0,4613,198,0,0,0,0
"1820",2023-01-07,7,35,4378,194,0,0,23.3045685279188,0,0,4613,198,0,0,0,0
"1821",2023-01-07,7,40,4378,194,0,0,23.3045685279188,0,0,4613,198,0,0,0,0
"1822",2023-01-07,7,45,4378,194,0,0,23.3045685279188,0,0,4613,198,0,0,0,0
"1823",2023-01-07,7,50,4378,194,0,0,23.3045685279188,0,0,4613,198,0,0,0,0
"1824",2023-01-07,7,55,4356,193,0,0,23.3045685279188,0,0,4613,198,0,0,0,0
"1825",2023-01-07,8,0,4356,193,0,0,22.6479591836735,0,0,4439,196,0,0,0,0
"1826",2023-01-07,8,5,4345,192,0,0,22.6479591836735,0,0,4439,196,0,0,0,0
"1827",2023-01-07,8,10,4345,192,0,0,22.6479591836735,0,0,4439,196,0,0,0,0
"1828",2023-01-07,8,15,4334,192,0,0,22.6479591836735,0,0,4439,196,0,0,0,0
"1829",2023-01-07,8,20,4439,196,0,0,22.6479591836735,0,0,4439,196,0,0,0,0
"1830",2023-01-07,8,25,4270,196,0,0,22.6479591836735,0,0,4439,196,0,0,0,0
"1831",2023-01-07,8,30,4248,195,0,0,22.6479591836735,0,0,4439,196,0,0,0,0
"1832",2023-01-07,8,35,4198,194,0,0,22.6479591836735,0,0,4439,196,0,0,0,0
"1833",2023-01-07,8,40,4165,192,0,0,22.6479591836735,0,0,4439,196,0,0,0,0
"1834",2023-01-07,8,45,4187,194,0,0,22.6479591836735,0,0,4439,196,0,0,0,0
"1835",2023-01-07,8,50,4220,195,0,0,22.6479591836735,0,0,4439,196,0,0,0,0
"1836",2023-01-07,8,55,4240,196,0,0,22.6479591836735,0,0,4439,196,0,0,0,0
"1837",2023-01-07,9,0,4229,196,0,0,23.8044444444444,0,0,5356,225,0,0,0,0
"1838",2023-01-07,9,5,4229,196,0,0,23.8044444444444,0,0,5356,225,0,0,0,0
"1839",2023-01-07,9,10,4349,197,0,0,23.8044444444444,0,0,5356,225,0,0,0,0
"1840",2023-01-07,9,15,4491,199,0,0,23.8044444444444,0,0,5356,225,0,0,0,0
"1841",2023-01-07,9,20,4541,200,0,0,23.8044444444444,0,0,5356,225,0,0,0,0
"1842",2023-01-07,9,25,4640,205,0,0,23.8044444444444,0,0,5356,225,0,0,0,0
"1843",2023-01-07,9,30,4875,209,0,0,23.8044444444444,0,0,5356,225,0,0,0,0
"1844",2023-01-07,9,35,4853,208,0,0,23.8044444444444,0,0,5356,225,0,0,0,0
"1845",2023-01-07,9,40,4897,212,0,0,23.8044444444444,0,0,5356,225,0,0,0,0
"1846",2023-01-07,9,45,4865,216,0,0,23.8044444444444,0,0,5356,225,0,0,0,0
"1847",2023-01-07,9,50,5018,218,0,0,23.8044444444444,0,0,5356,225,0,0,0,0
"1848",2023-01-07,9,55,5356,225,0,0,23.8044444444444,0,0,5356,225,0,0,0,0
"1849",2023-01-07,10,0,5345,225,0,0,23.7555555555556,0,0,5551,238,0,0,0,0
"1850",2023-01-07,10,5,5334,225,0,0,23.7555555555556,0,0,5551,238,0,0,0,0
"1851",2023-01-07,10,10,5258,226,0,0,23.7555555555556,0,0,5551,238,0,0,0,0
"1852",2023-01-07,10,15,5271,227,0,0,23.7555555555556,0,0,5551,238,0,0,0,0
"1853",2023-01-07,10,20,5216,224,0,0,23.7555555555556,0,0,5551,238,0,0,0,0
"1854",2023-01-07,10,25,5291,231,0,0,23.7555555555556,0,0,5551,238,0,0,0,0
"1855",2023-01-07,10,30,5118,230,0,0,23.7555555555556,0,0,5551,238,0,0,0,0
"1856",2023-01-07,10,35,5244,233,0,0,23.7555555555556,0,0,5551,238,0,0,0,0
"1857",2023-01-07,10,40,5277,234,0,0,23.7555555555556,0,0,5551,238,0,0,0,0
"1858",2023-01-07,10,45,5551,238,0,0,23.7555555555556,0,0,5551,238,0,0,0,0
"1859",2023-01-07,10,50,5513,238,0,0,23.7555555555556,0,0,5551,238,0,0,0,0
"1860",2023-01-07,10,55,5412,237,0,0,23.7555555555556,0,0,5551,238,0,0,0,0
"1861",2023-01-07,11,0,5298,239,0,0,23.551867219917,0,0,5684,243,0,0,0,0
"1862",2023-01-07,11,5,5276,238,0,0,23.551867219917,0,0,5684,243,0,0,0,0
"1863",2023-01-07,11,10,5276,237,0,0,23.551867219917,0,0,5684,243,0,0,0,0
"1864",2023-01-07,11,15,5277,237,0,0,23.551867219917,0,0,5684,243,0,0,0,0
"1865",2023-01-07,11,20,5386,237,0,0,23.551867219917,0,0,5684,243,0,0,0,0
"1866",2023-01-07,11,25,5314,234,0,0,23.551867219917,0,0,5684,243,0,0,0,0
"1867",2023-01-07,11,30,5502,234,0,0,23.551867219917,0,0,5684,243,0,0,0,0
"1868",2023-01-07,11,35,5498,239,0,0,23.551867219917,0,0,5684,243,0,0,0,0
"1869",2023-01-07,11,40,5596,239,0,0,23.551867219917,0,0,5684,243,0,0,0,0
"1870",2023-01-07,11,45,5684,243,0,0,23.551867219917,0,0,5684,243,0,0,0,0
"1871",2023-01-07,11,50,5615,239,0,0,23.551867219917,0,0,5684,243,0,0,0,0
"1872",2023-01-07,11,55,5676,241,0,0,23.551867219917,0,0,5684,243,0,0,0,0
"1873",2023-01-07,12,0,5670,242,0,0,23.9525691699605,0,0,6060,253,0,0,0,0
"1874",2023-01-07,12,5,5392,243,0,0,23.9525691699605,0,0,6060,253,0,0,0,0
"1875",2023-01-07,12,10,5523,244,0,0,23.9525691699605,0,0,6060,253,0,0,0,0
"1876",2023-01-07,12,15,5452,245,0,0,23.9525691699605,0,0,6060,253,0,0,0,0
"1877",2023-01-07,12,20,5391,243,0,0,23.9525691699605,0,0,6060,253,0,0,0,0
"1878",2023-01-07,12,25,5254,243,0,0,23.9525691699605,0,0,6060,253,0,0,0,0
"1879",2023-01-07,12,30,5236,243,0,0,23.9525691699605,0,0,6060,253,0,0,0,0
"1880",2023-01-07,12,35,5231,243,0,0,23.9525691699605,0,0,6060,253,0,0,0,0
"1881",2023-01-07,12,40,5742,250,0,0,23.9525691699605,0,0,6060,253,0,0,0,0
"1882",2023-01-07,12,45,5934,253,0,0,23.9525691699605,0,0,6060,253,0,0,0,0
"1883",2023-01-07,12,50,6060,253,0,0,23.9525691699605,0,0,6060,253,0,0,0,0
"1884",2023-01-07,12,55,5973,253,0,0,23.9525691699605,0,0,6060,253,0,0,0,0
"1885",2023-01-07,13,0,5875,253,0,0,26.171875,0,0,6700,259,0,0,0,0
"1886",2023-01-07,13,5,5833,251,0,0,26.171875,0,0,6700,259,0,0,0,0
"1887",2023-01-07,13,10,6071,256,0,0,26.171875,0,0,6700,259,0,0,0,0
"1888",2023-01-07,13,15,6360,257,0,0,26.171875,0,0,6700,259,0,0,0,0
"1889",2023-01-07,13,20,6181,259,0,0,26.171875,0,0,6700,259,0,0,0,0
"1890",2023-01-07,13,25,6361,259,0,0,26.171875,0,0,6700,259,0,0,0,0
"1891",2023-01-07,13,30,6192,257,0,0,26.171875,0,0,6700,259,0,0,0,0
"1892",2023-01-07,13,35,6137,254,0,0,26.171875,0,0,6700,259,0,0,0,0
"1893",2023-01-07,13,40,6529,257,0,0,26.171875,0,0,6700,259,0,0,0,0
"1894",2023-01-07,13,45,6700,256,0,0,26.171875,0,0,6700,259,0,0,0,0
"1895",2023-01-07,13,50,6167,252,0,0,26.171875,0,0,6700,259,0,0,0,0
"1896",2023-01-07,13,55,6031,253,0,0,26.171875,0,0,6700,259,0,0,0,0
"1897",2023-01-07,14,0,5771,253,0,0,23.7786885245902,0,0,5923,253,0,0,0,0
"1898",2023-01-07,14,5,5738,251,0,0,23.7786885245902,0,0,5923,253,0,0,0,0
"1899",2023-01-07,14,15,5765,249,0,0,23.7786885245902,0,0,5923,253,0,0,0,0
"1900",2023-01-07,14,20,5754,249,0,0,23.7786885245902,0,0,5923,253,0,0,0,0
"1901",2023-01-07,14,25,5727,247,0,0,23.7786885245902,0,0,5923,253,0,0,0,0
"1902",2023-01-07,14,30,5802,244,0,0,23.7786885245902,0,0,5923,253,0,0,0,0
"1903",2023-01-07,14,35,5868,247,0,0,23.7786885245902,0,0,5923,253,0,0,0,0
"1904",2023-01-07,14,40,5923,250,0,0,23.7786885245902,0,0,5923,253,0,0,0,0
"1905",2023-01-07,14,45,5819,247,0,0,23.7786885245902,0,0,5923,253,0,0,0,0
"1906",2023-01-07,14,50,5434,243,0,0,23.7786885245902,0,0,5923,253,0,0,0,0
"1907",2023-01-07,14,55,5461,243,0,0,23.7786885245902,0,0,5923,253,0,0,0,0
"1908",2023-01-07,14,10,5705,249,0,0,23.7786885245902,0,0,5923,253,0,0,0,0
"1909",2023-01-07,15,0,5538,246,0,0,25.8218623481781,0,0,6439,255,0,0,0,0
"1910",2023-01-07,15,5,5643,250,0,0,25.8218623481781,0,0,6439,255,0,0,0,0
"1911",2023-01-07,15,10,5643,250,0,0,25.8218623481781,0,0,6439,255,0,0,0,0
"1912",2023-01-07,15,15,6004,251,0,0,25.8218623481781,0,0,6439,255,0,0,0,0
"1913",2023-01-07,15,20,6206,254,0,0,25.8218623481781,0,0,6439,255,0,0,0,0
"1914",2023-01-07,15,25,6439,255,0,0,25.8218623481781,0,0,6439,255,0,0,0,0
"1915",2023-01-07,15,30,6312,250,0,0,25.8218623481781,0,0,6439,255,0,0,0,0
"1916",2023-01-07,15,35,6323,251,0,0,25.8218623481781,0,0,6439,255,0,0,0,0
"1917",2023-01-07,15,40,5890,247,0,0,25.8218623481781,0,0,6439,255,0,0,0,0
"1918",2023-01-07,15,45,6168,246,0,0,25.8218623481781,0,0,6439,255,0,0,0,0
"1919",2023-01-07,15,50,6092,247,0,0,25.8218623481781,0,0,6439,255,0,0,0,0
"1920",2023-01-07,15,55,6378,247,0,0,25.8218623481781,0,0,6439,255,0,0,0,0
"1921",2023-01-07,16,0,6392,250,0,0,25.568,0,0,6392,252,0,0,0,0
"1922",2023-01-07,16,5,6201,249,0,0,25.568,0,0,6392,252,0,0,0,0
"1923",2023-01-07,16,10,5841,248,0,0,25.568,0,0,6392,252,0,0,0,0
"1924",2023-01-07,16,15,5994,251,0,0,25.568,0,0,6392,252,0,0,0,0
"1925",2023-01-07,16,20,6050,250,0,0,25.568,0,0,6392,252,0,0,0,0
"1926",2023-01-07,16,25,6094,252,0,0,25.568,0,0,6392,252,0,0,0,0
"1927",2023-01-07,16,35,5932,246,0,0,25.568,0,0,6392,252,0,0,0,0
"1928",2023-01-07,16,40,5849,244,0,0,25.568,0,0,6392,252,0,0,0,0
"1929",2023-01-07,16,45,5816,243,0,0,25.568,0,0,6392,252,0,0,0,0
"1930",2023-01-07,16,50,5926,248,0,0,25.568,0,0,6392,252,0,0,0,0
"1931",2023-01-07,16,55,6071,250,0,0,25.568,0,0,6392,252,0,0,0,0
"1932",2023-01-07,16,30,6178,250,0,0,25.568,0,0,6392,252,0,0,0,0
"1933",2023-01-07,17,0,6243,252,0,0,26.5822784810127,0,0,6300,252,0,0,0,0
"1934",2023-01-07,17,5,5820,249,0,0,26.5822784810127,0,0,6300,252,0,0,0,0
"1935",2023-01-07,17,10,5732,244,0,0,26.5822784810127,0,0,6300,252,0,0,0,0
"1936",2023-01-07,17,15,5622,239,0,0,26.5822784810127,0,0,6300,252,0,0,0,0
"1937",2023-01-07,17,20,5828,241,0,0,26.5822784810127,0,0,6300,252,0,0,0,0
"1938",2023-01-07,17,25,5662,237,0,0,26.5822784810127,0,0,6300,252,0,0,0,0
"1939",2023-01-07,17,30,6044,236,0,0,26.5822784810127,0,0,6300,252,0,0,0,0
"1940",2023-01-07,17,35,6162,235,0,0,26.5822784810127,0,0,6300,252,0,0,0,0
"1941",2023-01-07,17,40,6300,237,0,0,26.5822784810127,0,0,6300,252,0,0,0,0
"1942",2023-01-07,17,45,5784,237,0,0,26.5822784810127,0,0,6300,252,0,0,0,0
"1943",2023-01-07,17,50,5347,231,0,0,26.5822784810127,0,0,6300,252,0,0,0,0
"1944",2023-01-07,17,55,5200,228,0,0,26.5822784810127,0,0,6300,252,0,0,0,0
"1945",2023-01-07,18,0,5475,220,0,0,25.5707547169811,0,0,5644,221,0,0,0,0
"1946",2023-01-07,18,5,5644,221,0,0,25.5707547169811,0,0,5644,221,0,0,0,0
"1947",2023-01-07,18,10,5388,218,0,0,25.5707547169811,0,0,5644,221,0,0,0,0
"1948",2023-01-07,18,15,5202,213,0,0,25.5707547169811,0,0,5644,221,0,0,0,0
"1949",2023-01-07,18,20,5110,214,0,0,25.5707547169811,0,0,5644,221,0,0,0,0
"1950",2023-01-07,18,25,4879,207,0,0,25.5707547169811,0,0,5644,221,0,0,0,0
"1951",2023-01-07,18,30,5363,212,0,0,25.5707547169811,0,0,5644,221,0,0,0,0
"1952",2023-01-07,18,35,5385,213,0,0,25.5707547169811,0,0,5644,221,0,0,0,0
"1953",2023-01-07,18,40,5421,212,0,0,25.5707547169811,0,0,5644,221,0,0,0,0
"1954",2023-01-07,18,45,5263,212,0,0,25.5707547169811,0,0,5644,221,0,0,0,0
"1955",2023-01-07,18,50,5388,211,0,0,25.5707547169811,0,0,5644,221,0,0,0,0
"1956",2023-01-07,18,55,5310,208,0,0,25.5707547169811,0,0,5644,221,0,0,0,0
"1957",2023-01-07,19,0,4960,206,0,0,26.635,0,0,5364,206,0,0,0,0
"1958",2023-01-07,19,5,4728,203,0,0,26.635,0,0,5364,206,0,0,0,0
"1959",2023-01-07,19,10,4706,202,0,0,26.635,0,0,5364,206,0,0,0,0
"1960",2023-01-07,19,15,5028,205,0,0,26.635,0,0,5364,206,0,0,0,0
"1961",2023-01-07,19,20,5345,204,0,0,26.635,0,0,5364,206,0,0,0,0
"1962",2023-01-07,19,25,5364,203,0,0,26.635,0,0,5364,206,0,0,0,0
"1963",2023-01-07,19,30,5243,201,0,0,26.635,0,0,5364,206,0,0,0,0
"1964",2023-01-07,19,35,5327,200,0,0,26.635,0,0,5364,206,0,0,0,0
"1965",2023-01-07,19,40,5137,199,0,0,26.635,0,0,5364,206,0,0,0,0
"1966",2023-01-07,19,45,5132,200,0,0,26.635,0,0,5364,206,0,0,0,0
"1967",2023-01-07,19,50,5143,200,0,0,26.635,0,0,5364,206,0,0,0,0
"1968",2023-01-07,19,55,5132,200,0,0,26.635,0,0,5364,206,0,0,0,0
"1969",2023-01-07,20,0,4482,198,0,0,24.6482412060301,0,0,4927,202,0,0,0,0
"1970",2023-01-07,20,5,4430,197,0,0,24.6482412060301,0,0,4927,202,0,0,0,0
"1971",2023-01-07,20,10,4774,200,0,0,24.6482412060301,0,0,4927,202,0,0,0,0
"1972",2023-01-07,20,15,4927,202,0,0,24.6482412060301,0,0,4927,202,0,0,0,0
"1973",2023-01-07,20,20,4905,199,0,0,24.6482412060301,0,0,4927,202,0,0,0,0
"1974",2023-01-07,20,25,4905,199,0,0,24.6482412060301,0,0,4927,202,0,0,0,0
"1975",2023-01-07,20,30,4731,201,0,0,24.6482412060301,0,0,4927,202,0,0,0,0
"1976",2023-01-07,20,35,4545,197,0,0,24.6482412060301,0,0,4927,202,0,0,0,0
"1977",2023-01-07,20,40,4567,198,0,0,24.6482412060301,0,0,4927,202,0,0,0,0
"1978",2023-01-07,20,45,4619,199,0,0,24.6482412060301,0,0,4927,202,0,0,0,0
"1979",2023-01-07,20,50,4639,200,0,0,24.6482412060301,0,0,4927,202,0,0,0,0
"1980",2023-01-07,20,55,4573,197,0,0,24.6482412060301,0,0,4927,202,0,0,0,0
"1981",2023-01-07,21,0,4606,200,0,0,24.5867346938776,0,0,4841,200,0,0,0,0
"1982",2023-01-07,21,5,4755,199,0,0,24.5867346938776,0,0,4841,200,0,0,0,0
"1983",2023-01-07,21,10,4623,193,0,0,24.5867346938776,0,0,4841,200,0,0,0,0
"1984",2023-01-07,21,15,4323,192,0,0,24.5867346938776,0,0,4841,200,0,0,0,0
"1985",2023-01-07,21,20,4517,194,0,0,24.5867346938776,0,0,4841,200,0,0,0,0
"1986",2023-01-07,21,25,4435,192,0,0,24.5867346938776,0,0,4841,200,0,0,0,0
"1987",2023-01-07,21,30,4490,196,0,0,24.5867346938776,0,0,4841,200,0,0,0,0
"1988",2023-01-07,21,35,4512,197,0,0,24.5867346938776,0,0,4841,200,0,0,0,0
"1989",2023-01-07,21,40,4629,196,0,0,24.5867346938776,0,0,4841,200,0,0,0,0
"1990",2023-01-07,21,45,4636,193,0,0,24.5867346938776,0,0,4841,200,0,0,0,0
"1991",2023-01-07,21,50,4841,197,0,0,24.5867346938776,0,0,4841,200,0,0,0,0
"1992",2023-01-07,21,55,4819,196,0,0,24.5867346938776,0,0,4841,200,0,0,0,0
"1993",2023-01-07,22,0,4667,194,0,0,24.078125,0,0,4667,194,0,0,0,0
"1994",2023-01-07,22,5,4623,192,0,0,24.078125,0,0,4667,194,0,0,0,0
"1995",2023-01-07,22,10,4429,189,0,0,24.078125,0,0,4667,194,0,0,0,0
"1996",2023-01-07,22,15,4418,188,0,0,24.078125,0,0,4667,194,0,0,0,0
"1997",2023-01-07,22,20,4440,189,0,0,24.078125,0,0,4667,194,0,0,0,0
"1998",2023-01-07,22,25,4462,190,0,0,24.078125,0,0,4667,194,0,0,0,0
"1999",2023-01-07,22,30,4407,187,0,0,24.078125,0,0,4667,194,0,0,0,0
"2000",2023-01-07,22,35,4235,185,0,0,24.078125,0,0,4667,194,0,0,0,0
"2001",2023-01-07,22,40,4235,185,0,0,24.078125,0,0,4667,194,0,0,0,0
"2002",2023-01-07,22,45,3995,184,0,0,24.078125,0,0,4667,194,0,0,0,0
"2003",2023-01-07,22,50,3995,184,0,0,24.078125,0,0,4667,194,0,0,0,0
"2004",2023-01-07,22,55,3995,184,0,0,24.078125,0,0,4667,194,0,0,0,0
"2005",2023-01-07,23,0,3973,183,0,0,22.4180790960452,0,0,4017,185,0,0,0,0
"2006",2023-01-07,23,5,3973,183,0,0,22.4180790960452,0,0,4017,185,0,0,0,0
"2007",2023-01-07,23,10,4017,185,0,0,22.4180790960452,0,0,4017,185,0,0,0,0
"2008",2023-01-07,23,15,3973,183,0,0,22.4180790960452,0,0,4017,185,0,0,0,0
"2009",2023-01-07,23,20,3951,182,0,0,22.4180790960452,0,0,4017,185,0,0,0,0
"2010",2023-01-07,23,25,3907,180,0,0,22.4180790960452,0,0,4017,185,0,0,0,0
"2011",2023-01-07,23,30,3863,178,0,0,22.4180790960452,0,0,4017,185,0,0,0,0
"2012",2023-01-07,23,35,3841,177,0,0,22.4180790960452,0,0,4017,185,0,0,0,0
"2013",2023-01-07,23,40,3858,176,0,0,22.4180790960452,0,0,4017,185,0,0,0,0
"2014",2023-01-07,23,45,3940,177,0,0,22.4180790960452,0,0,4017,185,0,0,0,0
"2015",2023-01-07,23,50,3968,177,0,0,22.4180790960452,0,0,4017,185,0,0,0,0
"2016",2023-01-07,23,55,3968,177,0,0,22.4180790960452,0,0,4017,185,0,0,0,0
"2017",2023-01-08,0,0,3076,133,0,0,23.4318181818182,0,0,3109,134,0,0,0,0
"2018",2023-01-08,0,5,3076,133,0,0,23.4318181818182,0,0,3109,134,0,0,0,0
"2019",2023-01-08,0,10,3076,133,0,0,23.4318181818182,0,0,3109,134,0,0,0,0
"2020",2023-01-08,0,15,3087,133,0,0,23.4318181818182,0,0,3109,134,0,0,0,0
"2021",2023-01-08,0,20,3109,134,0,0,23.4318181818182,0,0,3109,134,0,0,0,0
"2022",2023-01-08,0,25,3109,134,0,0,23.4318181818182,0,0,3109,134,0,0,0,0
"2023",2023-01-08,0,30,3109,134,0,0,23.4318181818182,0,0,3109,134,0,0,0,0
"2024",2023-01-08,0,35,3093,132,0,0,23.4318181818182,0,0,3109,134,0,0,0,0
"2025",2023-01-08,0,40,3093,132,0,0,23.4318181818182,0,0,3109,134,0,0,0,0
"2026",2023-01-08,0,45,3033,131,0,0,23.4318181818182,0,0,3109,134,0,0,0,0
"2027",2023-01-08,0,50,2983,130,0,0,23.4318181818182,0,0,3109,134,0,0,0,0
"2028",2023-01-08,0,55,2983,130,0,0,23.4318181818182,0,0,3109,134,0,0,0,0
"2029",2023-01-08,1,0,3931,163,0,0,24.1296296296296,0,0,3951,164,0,0,0,0
"2030",2023-01-08,1,5,3909,162,0,0,24.1296296296296,0,0,3951,164,0,0,0,0
"2031",2023-01-08,1,10,3909,162,0,0,24.1296296296296,0,0,3951,164,0,0,0,0
"2032",2023-01-08,1,15,3909,162,0,0,24.1296296296296,0,0,3951,164,0,0,0,0
"2033",2023-01-08,1,20,3931,163,0,0,24.1296296296296,0,0,3951,164,0,0,0,0
"2034",2023-01-08,1,25,3951,164,0,0,24.1296296296296,0,0,3951,164,0,0,0,0
"2035",2023-01-08,1,30,3951,164,0,0,24.1296296296296,0,0,3951,164,0,0,0,0
"2036",2023-01-08,1,35,3907,162,0,0,24.1296296296296,0,0,3951,164,0,0,0,0
"2037",2023-01-08,1,40,3907,162,0,0,24.1296296296296,0,0,3951,164,0,0,0,0
"2038",2023-01-08,1,45,3503,159,0,0,24.1296296296296,0,0,3951,164,0,0,0,0
"2039",2023-01-08,1,50,3459,157,0,0,24.1296296296296,0,0,3951,164,0,0,0,0
"2040",2023-01-08,1,55,3459,157,0,0,24.1296296296296,0,0,3951,164,0,0,0,0
"2041",2023-01-08,2,0,3459,157,0,0,25.0496894409938,0,0,4055,162,0,0,0,0
"2042",2023-01-08,2,5,3492,159,0,0,25.0496894409938,0,0,4055,162,0,0,0,0
"2043",2023-01-08,2,10,3514,160,0,0,25.0496894409938,0,0,4055,162,0,0,0,0
"2044",2023-01-08,2,15,3514,160,0,0,25.0496894409938,0,0,4055,162,0,0,0,0
"2045",2023-01-08,2,20,3514,160,0,0,25.0496894409938,0,0,4055,162,0,0,0,0
"2046",2023-01-08,2,25,3492,159,0,0,25.0496894409938,0,0,4055,162,0,0,0,0
"2047",2023-01-08,2,30,3642,160,0,0,25.0496894409938,0,0,4055,162,0,0,0,0
"2048",2023-01-08,2,35,3642,160,0,0,25.0496894409938,0,0,4055,162,0,0,0,0
"2049",2023-01-08,2,40,3751,160,0,0,25.0496894409938,0,0,4055,162,0,0,0,0
"2050",2023-01-08,2,45,3935,161,0,0,25.0496894409938,0,0,4055,162,0,0,0,0
"2051",2023-01-08,2,50,4055,162,0,0,25.0496894409938,0,0,4055,162,0,0,0,0
"2052",2023-01-08,2,55,4033,161,0,0,25.0496894409938,0,0,4055,162,0,0,0,0
"2053",2023-01-08,3,0,4033,161,0,0,25.0496894409938,0,0,4033,161,0,0,0,0
"2054",2023-01-08,3,5,3721,160,0,0,25.0496894409938,0,0,4033,161,0,0,0,0
"2055",2023-01-08,3,10,3721,160,0,0,25.0496894409938,0,0,4033,161,0,0,0,0
"2056",2023-01-08,3,15,3503,159,0,0,25.0496894409938,0,0,4033,161,0,0,0,0
"2057",2023-01-08,3,20,3603,160,0,0,25.0496894409938,0,0,4033,161,0,0,0,0
"2058",2023-01-08,3,25,3038,132,0,0,25.0496894409938,0,0,4033,161,0,0,0,0
"2059",2023-01-08,3,30,3503,159,0,0,25.0496894409938,0,0,4033,161,0,0,0,0
"2060",2023-01-08,3,35,3503,159,0,0,25.0496894409938,0,0,4033,161,0,0,0,0
"2061",2023-01-08,3,40,3525,161,0,0,25.0496894409938,0,0,4033,161,0,0,0,0
"2062",2023-01-08,3,45,3038,132,0,0,25.0496894409938,0,0,4033,161,0,0,0,0
"2063",2023-01-08,3,50,3525,161,0,0,25.0496894409938,0,0,4033,161,0,0,0,0
"2064",2023-01-08,3,55,3525,161,0,0,25.0496894409938,0,0,4033,161,0,0,0,0
"2065",2023-01-08,4,0,3525,161,0,0,22.0316455696203,0,0,3525,161,0,0,0,0
"2066",2023-01-08,4,5,3525,161,0,0,22.0316455696203,0,0,3525,161,0,0,0,0
"2067",2023-01-08,4,10,3525,160,0,0,22.0316455696203,0,0,3525,161,0,0,0,0
"2068",2023-01-08,4,15,3525,160,0,0,22.0316455696203,0,0,3525,161,0,0,0,0
"2069",2023-01-08,4,20,3525,160,0,0,22.0316455696203,0,0,3525,161,0,0,0,0
"2070",2023-01-08,4,25,3525,160,0,0,22.0316455696203,0,0,3525,161,0,0,0,0
"2071",2023-01-08,4,30,3503,159,0,0,22.0316455696203,0,0,3525,161,0,0,0,0
"2072",2023-01-08,4,35,3481,158,0,0,22.0316455696203,0,0,3525,161,0,0,0,0
"2073",2023-01-08,4,40,3481,158,0,0,22.0316455696203,0,0,3525,161,0,0,0,0
"2074",2023-01-08,4,45,3481,158,0,0,22.0316455696203,0,0,3525,161,0,0,0,0
"2075",2023-01-08,4,50,3481,158,0,0,22.0316455696203,0,0,3525,161,0,0,0,0
"2076",2023-01-08,4,55,3481,158,0,0,22.0316455696203,0,0,3525,161,0,0,0,0
"2077",2023-01-08,5,0,3492,159,0,0,23.0151515151515,0,0,3492,159,0,0,0,0
"2078",2023-01-08,5,5,3492,159,0,0,23.0151515151515,0,0,3492,159,0,0,0,0
"2079",2023-01-08,5,10,3492,159,0,0,23.0151515151515,0,0,3492,159,0,0,0,0
"2080",2023-01-08,5,15,3492,159,0,0,23.0151515151515,0,0,3492,159,0,0,0,0
"2081",2023-01-08,5,20,3470,158,0,0,23.0151515151515,0,0,3492,159,0,0,0,0
"2082",2023-01-08,5,25,3470,158,0,0,23.0151515151515,0,0,3492,159,0,0,0,0
"2083",2023-01-08,5,30,3470,158,0,0,23.0151515151515,0,0,3492,159,0,0,0,0
"2084",2023-01-08,5,35,3426,156,0,0,23.0151515151515,0,0,3492,159,0,0,0,0
"2085",2023-01-08,5,40,3426,156,0,0,23.0151515151515,0,0,3492,159,0,0,0,0
"2086",2023-01-08,5,45,3426,156,0,0,23.0151515151515,0,0,3492,159,0,0,0,0
"2087",2023-01-08,5,50,3415,155,0,0,23.0151515151515,0,0,3492,159,0,0,0,0
"2088",2023-01-08,5,55,3038,132,0,0,23.0151515151515,0,0,3492,159,0,0,0,0
"2089",2023-01-08,6,0,3393,154,0,0,22.0326797385621,0,0,3393,154,0,0,0,0
"2090",2023-01-08,6,5,3393,154,0,0,22.0326797385621,0,0,3393,154,0,0,0,0
"2091",2023-01-08,6,10,3393,154,0,0,22.0326797385621,0,0,3393,154,0,0,0,0
"2092",2023-01-08,6,15,3393,154,0,0,22.0326797385621,0,0,3393,154,0,0,0,0
"2093",2023-01-08,6,20,3393,154,0,0,22.0326797385621,0,0,3393,154,0,0,0,0
"2094",2023-01-08,6,25,3393,154,0,0,22.0326797385621,0,0,3393,154,0,0,0,0
"2095",2023-01-08,6,30,3393,154,0,0,22.0326797385621,0,0,3393,154,0,0,0,0
"2096",2023-01-08,6,35,3393,154,0,0,22.0326797385621,0,0,3393,154,0,0,0,0
"2097",2023-01-08,6,40,3393,154,0,0,22.0326797385621,0,0,3393,154,0,0,0,0
"2098",2023-01-08,6,45,3371,153,0,0,22.0326797385621,0,0,3393,154,0,0,0,0
"2099",2023-01-08,6,50,3371,153,0,0,22.0326797385621,0,0,3393,154,0,0,0,0
"2100",2023-01-08,6,55,3371,153,0,0,22.0326797385621,0,0,3393,154,0,0,0,0
"2101",2023-01-08,7,0,3349,152,0,0,22.18,0,0,3349,152,0,0,0,0
"2102",2023-01-08,7,5,3349,152,0,0,22.18,0,0,3349,152,0,0,0,0
"2103",2023-01-08,7,10,3349,152,0,0,22.18,0,0,3349,152,0,0,0,0
"2104",2023-01-08,7,15,3349,152,0,0,22.18,0,0,3349,152,0,0,0,0
"2105",2023-01-08,7,20,3349,152,0,0,22.18,0,0,3349,152,0,0,0,0
"2106",2023-01-08,7,25,3349,152,0,0,22.18,0,0,3349,152,0,0,0,0
"2107",2023-01-08,7,30,3327,151,0,0,22.18,0,0,3349,152,0,0,0,0
"2108",2023-01-08,7,35,3327,151,0,0,22.18,0,0,3349,152,0,0,0,0
"2109",2023-01-08,7,40,3327,150,0,0,22.18,0,0,3349,152,0,0,0,0
"2110",2023-01-08,7,45,3327,150,0,0,22.18,0,0,3349,152,0,0,0,0
"2111",2023-01-08,7,50,3327,150,0,0,22.18,0,0,3349,152,0,0,0,0
"2112",2023-01-08,7,55,3327,150,0,0,22.18,0,0,3349,152,0,0,0,0
"2113",2023-01-08,8,0,3327,150,0,0,22.4671052631579,0,0,3470,155,0,0,0,0
"2114",2023-01-08,8,5,3327,150,0,0,22.4671052631579,0,0,3470,155,0,0,0,0
"2115",2023-01-08,8,10,3327,150,0,0,22.4671052631579,0,0,3470,155,0,0,0,0
"2116",2023-01-08,8,15,3338,151,0,0,22.4671052631579,0,0,3470,155,0,0,0,0
"2117",2023-01-08,8,20,3338,151,0,0,22.4671052631579,0,0,3470,155,0,0,0,0
"2118",2023-01-08,8,25,3327,150,0,0,22.4671052631579,0,0,3470,155,0,0,0,0
"2119",2023-01-08,8,30,3421,153,0,0,22.4671052631579,0,0,3470,155,0,0,0,0
"2120",2023-01-08,8,35,3404,152,0,0,22.4671052631579,0,0,3470,155,0,0,0,0
"2121",2023-01-08,8,40,3415,152,0,0,22.4671052631579,0,0,3470,155,0,0,0,0
"2122",2023-01-08,8,45,3470,155,0,0,22.4671052631579,0,0,3470,155,0,0,0,0
"2123",2023-01-08,8,50,3442,155,0,0,22.4671052631579,0,0,3470,155,0,0,0,0
"2124",2023-01-08,8,55,3442,155,0,0,22.4671052631579,0,0,3470,155,0,0,0,0
"2125",2023-01-08,9,40,3687,159,0,0,23.2658227848101,0,0,3773,163,0,0,0,0
"2126",2023-01-08,9,45,3559,159,0,0,23.2658227848101,0,0,3773,163,0,0,0,0
"2127",2023-01-08,9,50,3653,162,0,0,23.2658227848101,0,0,3773,163,0,0,0,0
"2128",2023-01-08,9,55,3773,163,0,0,23.2658227848101,0,0,3773,163,0,0,0,0
"2129",2023-01-08,9,0,3570,155,0,0,23.2658227848101,0,0,3773,163,0,0,0,0
"2130",2023-01-08,9,5,3550,154,0,0,23.2658227848101,0,0,3773,163,0,0,0,0
"2131",2023-01-08,9,10,3550,154,0,0,23.2658227848101,0,0,3773,163,0,0,0,0
"2132",2023-01-08,9,15,3561,154,0,0,23.2658227848101,0,0,3773,163,0,0,0,0
"2133",2023-01-08,9,20,3583,155,0,0,23.2658227848101,0,0,3773,163,0,0,0,0
"2134",2023-01-08,9,25,3605,157,0,0,23.2658227848101,0,0,3773,163,0,0,0,0
"2135",2023-01-08,9,30,3687,159,0,0,23.2658227848101,0,0,3773,163,0,0,0,0
"2136",2023-01-08,9,35,3676,158,0,0,23.2658227848101,0,0,3773,163,0,0,0,0
"2137",2023-01-08,10,0,3850,167,0,0,25.7305389221557,0,0,4330,171,0,0,0,0
"2138",2023-01-08,10,5,4330,169,0,0,25.7305389221557,0,0,4330,171,0,0,0,0
"2139",2023-01-08,10,10,4297,167,0,0,25.7305389221557,0,0,4330,171,0,0,0,0
"2140",2023-01-08,10,15,3986,165,0,0,25.7305389221557,0,0,4330,171,0,0,0,0
"2141",2023-01-08,10,20,3866,164,0,0,25.7305389221557,0,0,4330,171,0,0,0,0
"2142",2023-01-08,10,25,3932,167,0,0,25.7305389221557,0,0,4330,171,0,0,0,0
"2143",2023-01-08,10,30,3752,166,0,0,25.7305389221557,0,0,4330,171,0,0,0,0
"2144",2023-01-08,10,35,4041,166,0,0,25.7305389221557,0,0,4330,171,0,0,0,0
"2145",2023-01-08,10,40,4177,165,0,0,25.7305389221557,0,0,4330,171,0,0,0,0
"2146",2023-01-08,10,45,3916,168,0,0,25.7305389221557,0,0,4330,171,0,0,0,0
"2147",2023-01-08,10,50,3916,168,0,0,25.7305389221557,0,0,4330,171,0,0,0,0
"2148",2023-01-08,10,55,4260,171,0,0,25.7305389221557,0,0,4330,171,0,0,0,0
"2149",2023-01-08,11,0,4124,173,0,0,26.1371428571429,0,0,4596,180,0,0,0,0
"2150",2023-01-08,11,5,4102,172,0,0,26.1371428571429,0,0,4596,180,0,0,0,0
"2151",2023-01-08,11,10,4026,173,0,0,26.1371428571429,0,0,4596,180,0,0,0,0
"2152",2023-01-08,11,15,4596,176,0,0,26.1371428571429,0,0,4596,180,0,0,0,0
"2153",2023-01-08,11,20,4574,175,0,0,26.1371428571429,0,0,4596,180,0,0,0,0
"2154",2023-01-08,11,25,4329,177,0,0,26.1371428571429,0,0,4596,180,0,0,0,0
"2155",2023-01-08,11,30,4395,180,0,0,26.1371428571429,0,0,4596,180,0,0,0,0
"2156",2023-01-08,11,35,4305,180,0,0,26.1371428571429,0,0,4596,180,0,0,0,0
"2157",2023-01-08,11,40,4153,179,0,0,26.1371428571429,0,0,4596,180,0,0,0,0
"2158",2023-01-08,11,45,4142,178,0,0,26.1371428571429,0,0,4596,180,0,0,0,0
"2159",2023-01-08,11,50,4158,180,0,0,26.1371428571429,0,0,4596,180,0,0,0,0
"2160",2023-01-08,11,55,4256,180,0,0,26.1371428571429,0,0,4596,180,0,0,0,0
"2161",2023-01-08,12,0,4564,180,0,0,29.2391304347826,0,0,5380,185,0,0,0,0
"2162",2023-01-08,12,5,4097,179,0,0,29.2391304347826,0,0,5380,185,0,0,0,0
"2163",2023-01-08,12,10,4114,179,0,0,29.2391304347826,0,0,5380,185,0,0,0,0
"2164",2023-01-08,12,15,4158,180,0,0,29.2391304347826,0,0,5380,185,0,0,0,0
"2165",2023-01-08,12,20,4268,182,0,0,29.2391304347826,0,0,5380,185,0,0,0,0
"2166",2023-01-08,12,25,4312,184,0,0,29.2391304347826,0,0,5380,185,0,0,0,0
"2167",2023-01-08,12,30,4290,184,0,0,29.2391304347826,0,0,5380,185,0,0,0,0
"2168",2023-01-08,12,35,4786,183,0,0,29.2391304347826,0,0,5380,185,0,0,0,0
"2169",2023-01-08,12,40,4584,181,0,0,29.2391304347826,0,0,5380,185,0,0,0,0
"2170",2023-01-08,12,45,5086,185,0,0,29.2391304347826,0,0,5380,185,0,0,0,0
"2171",2023-01-08,12,50,5380,184,0,0,29.2391304347826,0,0,5380,185,0,0,0,0
"2172",2023-01-08,12,55,3290,127,0,0,29.2391304347826,0,0,5380,185,0,0,0,0
"2173",2023-01-08,13,0,5464,184,0,0,29.695652173913,0,0,5464,184,0,0,0,0
"2174",2023-01-08,13,5,5314,183,0,0,29.695652173913,0,0,5464,184,0,0,0,0
"2175",2023-01-08,13,10,5112,182,0,0,29.695652173913,0,0,5464,184,0,0,0,0
"2176",2023-01-08,13,15,4858,177,0,0,29.695652173913,0,0,5464,184,0,0,0,0
"2177",2023-01-08,13,20,4972,174,0,0,29.695652173913,0,0,5464,184,0,0,0,0
"2178",2023-01-08,13,25,4568,170,0,0,29.695652173913,0,0,5464,184,0,0,0,0
"2179",2023-01-08,13,30,4453,172,0,0,29.695652173913,0,0,5464,184,0,0,0,0
"2180",2023-01-08,13,35,4370,170,0,0,29.695652173913,0,0,5464,184,0,0,0,0
"2181",2023-01-08,13,40,4720,172,0,0,29.695652173913,0,0,5464,184,0,0,0,0
"2182",2023-01-08,13,45,4354,168,0,0,29.695652173913,0,0,5464,184,0,0,0,0
"2183",2023-01-08,13,50,4256,168,0,0,29.695652173913,0,0,5464,184,0,0,0,0
"2184",2023-01-08,13,55,3945,167,0,0,29.695652173913,0,0,5464,184,0,0,0,0
"2185",2023-01-08,14,0,3934,167,0,0,25.7831325301205,0,0,4378,172,0,0,0,0
"2186",2023-01-08,14,5,4056,169,0,0,25.7831325301205,0,0,4378,172,0,0,0,0
"2187",2023-01-08,14,10,4378,171,0,0,25.7831325301205,0,0,4378,172,0,0,0,0
"2188",2023-01-08,14,15,4291,171,0,0,25.7831325301205,0,0,4378,172,0,0,0,0
"2189",2023-01-08,14,20,4351,172,0,0,25.7831325301205,0,0,4378,172,0,0,0,0
"2190",2023-01-08,14,25,4258,166,0,0,25.7831325301205,0,0,4378,172,0,0,0,0
"2191",2023-01-08,14,30,4280,166,0,0,25.7831325301205,0,0,4378,172,0,0,0,0
"2192",2023-01-08,14,35,4280,166,0,0,25.7831325301205,0,0,4378,172,0,0,0,0
"2193",2023-01-08,14,40,4177,164,0,0,25.7831325301205,0,0,4378,172,0,0,0,0
"2194",2023-01-08,14,45,4105,162,0,0,25.7831325301205,0,0,4378,172,0,0,0,0
"2195",2023-01-08,14,50,4038,162,0,0,25.7831325301205,0,0,4378,172,0,0,0,0
"2196",2023-01-08,14,55,4224,166,0,0,25.7831325301205,0,0,4378,172,0,0,0,0
"2197",2023-01-08,15,0,4187,167,0,0,27.462962962963,0,0,4541,168,0,0,0,0
"2198",2023-01-08,15,5,4357,168,0,0,27.462962962963,0,0,4541,168,0,0,0,0
"2199",2023-01-08,15,10,4183,166,0,0,27.462962962963,0,0,4541,168,0,0,0,0
"2200",2023-01-08,15,15,4541,168,0,0,27.462962962963,0,0,4541,168,0,0,0,0
"2201",2023-01-08,15,20,4537,166,0,0,27.462962962963,0,0,4541,168,0,0,0,0
"2202",2023-01-08,15,25,4449,162,0,0,27.462962962963,0,0,4541,168,0,0,0,0
"2203",2023-01-08,15,30,4141,161,0,0,27.462962962963,0,0,4541,168,0,0,0,0
"2204",2023-01-08,15,35,4078,159,0,0,27.462962962963,0,0,4541,168,0,0,0,0
"2205",2023-01-08,15,40,4078,159,0,0,27.462962962963,0,0,4541,168,0,0,0,0
"2206",2023-01-08,15,45,4078,159,0,0,27.462962962963,0,0,4541,168,0,0,0,0
"2207",2023-01-08,15,50,4127,160,0,0,27.462962962963,0,0,4541,168,0,0,0,0
"2208",2023-01-08,15,55,4116,159,0,0,27.462962962963,0,0,4541,168,0,0,0,0
"2209",2023-01-08,16,0,4138,160,0,0,25.8625,0,0,4331,172,0,0,0,0
"2210",2023-01-08,16,5,4226,164,0,0,25.8625,0,0,4331,172,0,0,0,0
"2211",2023-01-08,16,10,4196,164,0,0,25.8625,0,0,4331,172,0,0,0,0
"2212",2023-01-08,16,15,2867,124,0,0,25.8625,0,0,4331,172,0,0,0,0
"2213",2023-01-08,16,20,3962,165,0,0,25.8625,0,0,4331,172,0,0,0,0
"2214",2023-01-08,16,25,4170,170,0,0,25.8625,0,0,4331,172,0,0,0,0
"2215",2023-01-08,16,30,4331,171,0,0,25.8625,0,0,4331,172,0,0,0,0
"2216",2023-01-08,16,35,4287,172,0,0,25.8625,0,0,4331,172,0,0,0,0
"2217",2023-01-08,16,40,4126,171,0,0,25.8625,0,0,4331,172,0,0,0,0
"2218",2023-01-08,16,45,4082,169,0,0,25.8625,0,0,4331,172,0,0,0,0
"2219",2023-01-08,16,50,4071,168,0,0,25.8625,0,0,4331,172,0,0,0,0
"2220",2023-01-08,16,55,4233,169,0,0,25.8625,0,0,4331,172,0,0,0,0
"2221",2023-01-08,17,0,4713,171,0,0,31.8470588235294,0,0,5414,174,0,0,0,0
"2222",2023-01-08,17,5,5259,173,0,0,31.8470588235294,0,0,5414,174,0,0,0,0
"2223",2023-01-08,17,10,5259,173,0,0,31.8470588235294,0,0,5414,174,0,0,0,0
"2224",2023-01-08,17,15,5072,174,0,0,31.8470588235294,0,0,5414,174,0,0,0,0
"2225",2023-01-08,17,20,4790,167,0,0,31.8470588235294,0,0,5414,174,0,0,0,0
"2226",2023-01-08,17,25,5106,167,0,0,31.8470588235294,0,0,5414,174,0,0,0,0
"2227",2023-01-08,17,30,5062,166,0,0,31.8470588235294,0,0,5414,174,0,0,0,0
"2228",2023-01-08,17,35,5414,170,0,0,31.8470588235294,0,0,5414,174,0,0,0,0
"2229",2023-01-08,17,40,5338,171,0,0,31.8470588235294,0,0,5414,174,0,0,0,0
"2230",2023-01-08,17,45,4830,169,0,0,31.8470588235294,0,0,5414,174,0,0,0,0
"2231",2023-01-08,17,50,4550,166,0,0,31.8470588235294,0,0,5414,174,0,0,0,0
"2232",2023-01-08,17,55,4422,166,0,0,31.8470588235294,0,0,5414,174,0,0,0,0
"2233",2023-01-08,18,0,4018,163,0,0,29.583850931677,0,0,4763,163,0,0,0,0
"2234",2023-01-08,18,5,3974,161,0,0,29.583850931677,0,0,4763,163,0,0,0,0
"2235",2023-01-08,18,10,4188,161,0,0,29.583850931677,0,0,4763,163,0,0,0,0
"2236",2023-01-08,18,15,4338,162,0,0,29.583850931677,0,0,4763,163,0,0,0,0
"2237",2023-01-08,18,20,4188,161,0,0,29.583850931677,0,0,4763,163,0,0,0,0
"2238",2023-01-08,18,25,4016,158,0,0,29.583850931677,0,0,4763,163,0,0,0,0
"2239",2023-01-08,18,30,4523,159,0,0,29.583850931677,0,0,4763,163,0,0,0,0
"2240",2023-01-08,18,35,4763,161,0,0,29.583850931677,0,0,4763,163,0,0,0,0
"2241",2023-01-08,18,40,4479,158,0,0,29.583850931677,0,0,4763,163,0,0,0,0
"2242",2023-01-08,18,45,4157,156,0,0,29.583850931677,0,0,4763,163,0,0,0,0
"2243",2023-01-08,18,50,3887,154,0,0,29.583850931677,0,0,4763,163,0,0,0,0
"2244",2023-01-08,18,55,4597,157,0,0,29.583850931677,0,0,4763,163,0,0,0,0
"2245",2023-01-08,19,0,4490,157,0,0,30.4248366013072,0,0,4655,157,0,0,0,0
"2246",2023-01-08,19,5,4160,156,0,0,30.4248366013072,0,0,4655,157,0,0,0,0
"2247",2023-01-08,19,10,4138,155,0,0,30.4248366013072,0,0,4655,157,0,0,0,0
"2248",2023-01-08,19,15,4655,153,0,0,30.4248366013072,0,0,4655,157,0,0,0,0
"2249",2023-01-08,19,20,4655,153,0,0,30.4248366013072,0,0,4655,157,0,0,0,0
"2250",2023-01-08,19,25,3651,146,0,0,30.4248366013072,0,0,4655,157,0,0,0,0
"2251",2023-01-08,19,30,3412,145,0,0,30.4248366013072,0,0,4655,157,0,0,0,0
"2252",2023-01-08,19,35,3505,146,0,0,30.4248366013072,0,0,4655,157,0,0,0,0
"2253",2023-01-08,19,40,3442,147,0,0,30.4248366013072,0,0,4655,157,0,0,0,0
"2254",2023-01-08,19,45,3720,147,0,0,30.4248366013072,0,0,4655,157,0,0,0,0
"2255",2023-01-08,19,50,3709,146,0,0,30.4248366013072,0,0,4655,157,0,0,0,0
"2256",2023-01-08,19,55,3687,145,0,0,30.4248366013072,0,0,4655,157,0,0,0,0
"2257",2023-01-08,20,0,3343,142,0,0,25.0544217687075,0,0,3793,153,0,0,0,0
"2258",2023-01-08,20,5,3436,145,0,0,25.0544217687075,0,0,3793,153,0,0,0,0
"2259",2023-01-08,20,10,3469,147,0,0,25.0544217687075,0,0,3793,153,0,0,0,0
"2260",2023-01-08,20,15,3571,149,0,0,25.0544217687075,0,0,3793,153,0,0,0,0
"2261",2023-01-08,20,20,3615,152,0,0,25.0544217687075,0,0,3793,153,0,0,0,0
"2262",2023-01-08,20,25,3549,149,0,0,25.0544217687075,0,0,3793,153,0,0,0,0
"2263",2023-01-08,20,30,3547,149,0,0,25.0544217687075,0,0,3793,153,0,0,0,0
"2264",2023-01-08,20,35,3611,152,0,0,25.0544217687075,0,0,3793,153,0,0,0,0
"2265",2023-01-08,20,40,3771,152,0,0,25.0544217687075,0,0,3793,153,0,0,0,0
"2266",2023-01-08,20,45,3793,153,0,0,25.0544217687075,0,0,3793,153,0,0,0,0
"2267",2023-01-08,20,50,3760,151,0,0,25.0544217687075,0,0,3793,153,0,0,0,0
"2268",2023-01-08,20,55,3683,147,0,0,25.0544217687075,0,0,3793,153,0,0,0,0
"2269",2023-01-08,21,0,3503,146,0,0,25.6595744680851,0,0,3618,146,0,0,0,0
"2270",2023-01-08,21,5,3433,145,0,0,25.6595744680851,0,0,3618,146,0,0,0,0
"2271",2023-01-08,21,10,3411,144,0,0,25.6595744680851,0,0,3618,146,0,0,0,0
"2272",2023-01-08,21,15,3231,142,0,0,25.6595744680851,0,0,3618,146,0,0,0,0
"2273",2023-01-08,21,20,3231,142,0,0,25.6595744680851,0,0,3618,146,0,0,0,0
"2274",2023-01-08,21,25,3259,142,0,0,25.6595744680851,0,0,3618,146,0,0,0,0
"2275",2023-01-08,21,30,3220,140,0,0,25.6595744680851,0,0,3618,146,0,0,0,0
"2276",2023-01-08,21,35,3220,140,0,0,25.6595744680851,0,0,3618,146,0,0,0,0
"2277",2023-01-08,21,40,3198,139,0,0,25.6595744680851,0,0,3618,146,0,0,0,0
"2278",2023-01-08,21,45,3520,141,0,0,25.6595744680851,0,0,3618,146,0,0,0,0
"2279",2023-01-08,21,50,3618,141,0,0,25.6595744680851,0,0,3618,146,0,0,0,0
"2280",2023-01-08,21,55,3542,142,0,0,25.6595744680851,0,0,3618,146,0,0,0,0
"2281",2023-01-08,22,0,2926,112,0,0,28.6153846153846,0,0,4136,145,0,0,0,0
"2282",2023-01-08,22,5,3520,141,0,0,28.6153846153846,0,0,4136,145,0,0,0,0
"2283",2023-01-08,22,10,2876,111,0,0,28.6153846153846,0,0,4136,145,0,0,0,0
"2284",2023-01-08,22,15,3264,142,0,0,28.6153846153846,0,0,4136,145,0,0,0,0
"2285",2023-01-08,22,20,3673,143,0,0,28.6153846153846,0,0,4136,145,0,0,0,0
"2286",2023-01-08,22,25,3695,144,0,0,28.6153846153846,0,0,4136,145,0,0,0,0
"2287",2023-01-08,22,30,3684,143,0,0,28.6153846153846,0,0,4136,145,0,0,0,0
"2288",2023-01-08,22,35,3684,143,0,0,28.6153846153846,0,0,4136,145,0,0,0,0
"2289",2023-01-08,22,40,3656,143,0,0,28.6153846153846,0,0,4136,145,0,0,0,0
"2290",2023-01-08,22,45,3956,144,0,0,28.6153846153846,0,0,4136,145,0,0,0,0
"2291",2023-01-08,22,50,4136,145,0,0,28.6153846153846,0,0,4136,145,0,0,0,0
"2292",2023-01-08,22,55,4092,143,0,0,28.6153846153846,0,0,4136,145,0,0,0,0
"2293",2023-01-08,23,0,3759,140,0,0,29.3695652173913,0,0,4075,140,0,0,0,0
"2294",2023-01-08,23,5,4075,139,0,0,29.3695652173913,0,0,4075,140,0,0,0,0
"2295",2023-01-08,23,10,4053,138,0,0,29.3695652173913,0,0,4075,140,0,0,0,0
"2296",2023-01-08,23,15,3911,136,0,0,29.3695652173913,0,0,4075,140,0,0,0,0
"2297",2023-01-08,23,20,3589,134,0,0,29.3695652173913,0,0,4075,140,0,0,0,0
"2298",2023-01-08,23,25,3251,134,0,0,29.3695652173913,0,0,4075,140,0,0,0,0
"2299",2023-01-08,23,30,3262,135,0,0,29.3695652173913,0,0,4075,140,0,0,0,0
"2300",2023-01-08,23,35,3240,134,0,0,29.3695652173913,0,0,4075,140,0,0,0,0
"2301",2023-01-08,23,40,3240,134,0,0,29.3695652173913,0,0,4075,140,0,0,0,0
"2302",2023-01-08,23,45,3142,135,0,0,29.3695652173913,0,0,4075,140,0,0,0,0
"2303",2023-01-08,23,50,3120,135,0,0,29.3695652173913,0,0,4075,140,0,0,0,0
"2304",2023-01-08,23,55,3076,133,0,0,29.3695652173913,0,0,4075,140,0,0,0,0
"2305",2023-01-09,0,0,3475,159,0,0,21.9245283018868,0,0,3497,160,0,0,0,0
"2306",2023-01-09,0,5,3475,159,0,0,21.9245283018868,0,0,3497,160,0,0,0,0
"2307",2023-01-09,0,10,3497,160,0,0,21.9245283018868,0,0,3497,160,0,0,0,0
"2308",2023-01-09,0,15,3486,159,0,0,21.9245283018868,0,0,3497,160,0,0,0,0
"2309",2023-01-09,0,20,3486,159,0,0,21.9245283018868,0,0,3497,160,0,0,0,0
"2310",2023-01-09,0,25,3464,158,0,0,21.9245283018868,0,0,3497,160,0,0,0,0
"2311",2023-01-09,0,30,3464,158,0,0,21.9245283018868,0,0,3497,160,0,0,0,0
"2312",2023-01-09,0,35,3398,155,0,0,21.9245283018868,0,0,3497,160,0,0,0,0
"2313",2023-01-09,0,40,3398,155,0,0,21.9245283018868,0,0,3497,160,0,0,0,0
"2314",2023-01-09,0,45,3376,154,0,0,21.9245283018868,0,0,3497,160,0,0,0,0
"2315",2023-01-09,0,50,3354,153,0,0,21.9245283018868,0,0,3497,160,0,0,0,0
"2316",2023-01-09,0,55,3354,153,0,0,21.9245283018868,0,0,3497,160,0,0,0,0
"2317",2023-01-09,1,0,2983,130,0,0,23.5754716981132,0,0,3005,131,0,0,0,0
"2318",2023-01-09,1,5,2983,130,0,0,23.5754716981132,0,0,3005,131,0,0,0,0
"2319",2023-01-09,1,10,2961,129,0,0,23.5754716981132,0,0,3005,131,0,0,0,0
"2320",2023-01-09,1,15,2983,130,0,0,23.5754716981132,0,0,3005,131,0,0,0,0
"2321",2023-01-09,1,20,3005,131,0,0,23.5754716981132,0,0,3005,131,0,0,0,0
"2322",2023-01-09,1,25,3005,131,0,0,23.5754716981132,0,0,3005,131,0,0,0,0
"2323",2023-01-09,1,30,3005,131,0,0,23.5754716981132,0,0,3005,131,0,0,0,0
"2324",2023-01-09,1,35,3005,131,0,0,23.5754716981132,0,0,3005,131,0,0,0,0
"2325",2023-01-09,1,40,3005,131,0,0,23.5754716981132,0,0,3005,131,0,0,0,0
"2326",2023-01-09,1,45,2499,106,0,0,23.5754716981132,0,0,3005,131,0,0,0,0
"2327",2023-01-09,1,50,2983,130,0,0,23.5754716981132,0,0,3005,131,0,0,0,0
"2328",2023-01-09,1,55,2983,130,0,0,23.5754716981132,0,0,3005,131,0,0,0,0
"2329",2023-01-09,2,0,2961,129,0,0,25.1085271317829,0,0,3239,129,0,0,0,0
"2330",2023-01-09,2,5,2961,129,0,0,25.1085271317829,0,0,3239,129,0,0,0,0
"2331",2023-01-09,2,10,2961,129,0,0,25.1085271317829,0,0,3239,129,0,0,0,0
"2332",2023-01-09,2,15,2939,128,0,0,25.1085271317829,0,0,3239,129,0,0,0,0
"2333",2023-01-09,2,20,3239,129,0,0,25.1085271317829,0,0,3239,129,0,0,0,0
"2334",2023-01-09,2,25,2939,128,0,0,25.1085271317829,0,0,3239,129,0,0,0,0
"2335",2023-01-09,2,30,2939,128,0,0,25.1085271317829,0,0,3239,129,0,0,0,0
"2336",2023-01-09,2,35,2939,128,0,0,25.1085271317829,0,0,3239,129,0,0,0,0
"2337",2023-01-09,2,40,2939,128,0,0,25.1085271317829,0,0,3239,129,0,0,0,0
"2338",2023-01-09,2,45,2939,128,0,0,25.1085271317829,0,0,3239,129,0,0,0,0
"2339",2023-01-09,2,50,2999,129,0,0,25.1085271317829,0,0,3239,129,0,0,0,0
"2340",2023-01-09,2,55,2499,106,0,0,25.1085271317829,0,0,3239,129,0,0,0,0
"2341",2023-01-09,3,0,2999,129,0,0,23.2480620155039,0,0,2999,129,0,0,0,0
"2342",2023-01-09,3,5,2999,129,0,0,23.2480620155039,0,0,2999,129,0,0,0,0
"2343",2023-01-09,3,10,2999,129,0,0,23.2480620155039,0,0,2999,129,0,0,0,0
"2344",2023-01-09,3,15,2999,129,0,0,23.2480620155039,0,0,2999,129,0,0,0,0
"2345",2023-01-09,3,20,2939,128,0,0,23.2480620155039,0,0,2999,129,0,0,0,0
"2346",2023-01-09,3,25,2939,128,0,0,23.2480620155039,0,0,2999,129,0,0,0,0
"2347",2023-01-09,3,30,2939,128,0,0,23.2480620155039,0,0,2999,129,0,0,0,0
"2348",2023-01-09,3,35,2895,126,0,0,23.2480620155039,0,0,2999,129,0,0,0,0
"2349",2023-01-09,3,40,2895,126,0,0,23.2480620155039,0,0,2999,129,0,0,0,0
"2350",2023-01-09,3,45,2895,126,0,0,23.2480620155039,0,0,2999,129,0,0,0,0
"2351",2023-01-09,3,50,2895,126,0,0,23.2480620155039,0,0,2999,129,0,0,0,0
"2352",2023-01-09,3,55,2895,126,0,0,23.2480620155039,0,0,2999,129,0,0,0,0
"2353",2023-01-09,4,0,2895,126,0,0,23.5754716981132,0,0,2895,126,0,0,0,0
"2354",2023-01-09,4,5,2895,126,0,0,23.5754716981132,0,0,2895,126,0,0,0,0
"2355",2023-01-09,4,10,2895,126,0,0,23.5754716981132,0,0,2895,126,0,0,0,0
"2356",2023-01-09,4,15,2895,126,0,0,23.5754716981132,0,0,2895,126,0,0,0,0
"2357",2023-01-09,4,20,2895,126,0,0,23.5754716981132,0,0,2895,126,0,0,0,0
"2358",2023-01-09,4,25,2895,126,0,0,23.5754716981132,0,0,2895,126,0,0,0,0
"2359",2023-01-09,4,30,2895,126,0,0,23.5754716981132,0,0,2895,126,0,0,0,0
"2360",2023-01-09,4,35,2873,125,0,0,23.5754716981132,0,0,2895,126,0,0,0,0
"2361",2023-01-09,4,40,2499,106,0,0,23.5754716981132,0,0,2895,126,0,0,0,0
"2362",2023-01-09,4,45,2829,123,0,0,23.5754716981132,0,0,2895,126,0,0,0,0
"2363",2023-01-09,4,50,2829,123,0,0,23.5754716981132,0,0,2895,126,0,0,0,0
"2364",2023-01-09,4,55,2829,123,0,0,23.5754716981132,0,0,2895,126,0,0,0,0
"2365",2023-01-09,5,0,2499,106,0,0,23.5754716981132,0,0,2829,123,0,0,0,0
"2366",2023-01-09,5,5,2807,122,0,0,23.5754716981132,0,0,2829,123,0,0,0,0
"2367",2023-01-09,5,10,2807,122,0,0,23.5754716981132,0,0,2829,123,0,0,0,0
"2368",2023-01-09,5,15,2807,122,0,0,23.5754716981132,0,0,2829,123,0,0,0,0
"2369",2023-01-09,5,20,2807,122,0,0,23.5754716981132,0,0,2829,123,0,0,0,0
"2370",2023-01-09,5,25,2807,122,0,0,23.5754716981132,0,0,2829,123,0,0,0,0
"2371",2023-01-09,5,30,2807,122,0,0,23.5754716981132,0,0,2829,123,0,0,0,0
"2372",2023-01-09,5,35,2807,122,0,0,23.5754716981132,0,0,2829,123,0,0,0,0
"2373",2023-01-09,5,40,2807,122,0,0,23.5754716981132,0,0,2829,123,0,0,0,0
"2374",2023-01-09,5,45,2807,122,0,0,23.5754716981132,0,0,2829,123,0,0,0,0
"2375",2023-01-09,5,50,2807,122,0,0,23.5754716981132,0,0,2829,123,0,0,0,0
"2376",2023-01-09,5,55,2829,123,0,0,23.5754716981132,0,0,2829,123,0,0,0,0
"2377",2023-01-09,6,0,2829,123,0,0,23,0,0,2972,130,0,0,0,0
"2378",2023-01-09,6,5,2829,123,0,0,23,0,0,2972,130,0,0,0,0
"2379",2023-01-09,6,10,2829,123,0,0,23,0,0,2972,130,0,0,0,0
"2380",2023-01-09,6,15,2829,123,0,0,23,0,0,2972,130,0,0,0,0
"2381",2023-01-09,6,20,2829,123,0,0,23,0,0,2972,130,0,0,0,0
"2382",2023-01-09,6,25,2851,124,0,0,23,0,0,2972,130,0,0,0,0
"2383",2023-01-09,6,30,2851,124,0,0,23,0,0,2972,130,0,0,0,0
"2384",2023-01-09,6,35,2873,125,0,0,23,0,0,2972,130,0,0,0,0
"2385",2023-01-09,6,40,2851,124,0,0,23,0,0,2972,130,0,0,0,0
"2386",2023-01-09,6,45,2895,126,0,0,23,0,0,2972,130,0,0,0,0
"2387",2023-01-09,6,50,2939,128,0,0,23,0,0,2972,130,0,0,0,0
"2388",2023-01-09,6,55,2972,130,0,0,23,0,0,2972,130,0,0,0,0
"2389",2023-01-09,7,0,2950,129,0,0,22.8682170542636,0,0,3638,169,0,0,0,0
"2390",2023-01-09,7,5,2961,130,0,0,22.8682170542636,0,0,3638,169,0,0,0,0
"2391",2023-01-09,7,10,3027,133,0,0,22.8682170542636,0,0,3638,169,0,0,0,0
"2392",2023-01-09,7,15,3016,134,0,0,22.8682170542636,0,0,3638,169,0,0,0,0
"2393",2023-01-09,7,20,3016,134,0,0,22.8682170542636,0,0,3638,169,0,0,0,0
"2394",2023-01-09,7,25,3071,137,0,0,22.8682170542636,0,0,3638,169,0,0,0,0
"2395",2023-01-09,7,30,3104,138,0,0,22.8682170542636,0,0,3638,169,0,0,0,0
"2396",2023-01-09,7,35,3148,141,0,0,22.8682170542636,0,0,3638,169,0,0,0,0
"2397",2023-01-09,7,40,3203,144,0,0,22.8682170542636,0,0,3638,169,0,0,0,0
"2398",2023-01-09,7,45,3379,156,0,0,22.8682170542636,0,0,3638,169,0,0,0,0
"2399",2023-01-09,7,50,3495,161,0,0,22.8682170542636,0,0,3638,169,0,0,0,0
"2400",2023-01-09,7,55,3638,169,0,0,22.8682170542636,0,0,3638,169,0,0,0,0
"2401",2023-01-09,8,40,4805,213,0,0,23.9857819905213,0,0,5061,226,0,0,0,0
"2402",2023-01-09,8,45,4794,212,0,0,23.9857819905213,0,0,5061,226,0,0,0,0
"2403",2023-01-09,8,50,4871,218,0,0,23.9857819905213,0,0,5061,226,0,0,0,0
"2404",2023-01-09,8,55,4992,226,0,0,23.9857819905213,0,0,5061,226,0,0,0,0
"2405",2023-01-09,8,30,4826,206,0,0,23.9857819905213,0,0,5061,226,0,0,0,0
"2406",2023-01-09,8,35,5061,211,0,0,23.9857819905213,0,0,5061,226,0,0,0,0
"2407",2023-01-09,8,0,4125,180,0,0,23.9857819905213,0,0,5061,226,0,0,0,0
"2408",2023-01-09,8,5,4141,182,0,0,23.9857819905213,0,0,5061,226,0,0,0,0
"2409",2023-01-09,8,10,3931,186,0,0,23.9857819905213,0,0,5061,226,0,0,0,0
"2410",2023-01-09,8,15,4295,191,0,0,23.9857819905213,0,0,5061,226,0,0,0,0
"2411",2023-01-09,8,20,4639,194,0,0,23.9857819905213,0,0,5061,226,0,0,0,0
"2412",2023-01-09,8,25,4749,202,0,0,23.9857819905213,0,0,5061,226,0,0,0,0
"2413",2023-01-09,9,0,5107,229,0,0,22.9511278195489,0,0,6171,271,0,0,0,0
"2414",2023-01-09,9,5,5021,231,0,0,22.9511278195489,0,0,6171,271,0,0,0,0
"2415",2023-01-09,9,10,5464,239,0,0,22.9511278195489,0,0,6171,271,0,0,0,0
"2416",2023-01-09,9,15,5269,242,0,0,22.9511278195489,0,0,6171,271,0,0,0,0
"2417",2023-01-09,9,20,5177,245,0,0,22.9511278195489,0,0,6171,271,0,0,0,0
"2418",2023-01-09,9,25,5444,246,0,0,22.9511278195489,0,0,6171,271,0,0,0,0
"2419",2023-01-09,9,30,5576,252,0,0,22.9511278195489,0,0,6171,271,0,0,0,0
"2420",2023-01-09,9,35,5601,254,0,0,22.9511278195489,0,0,6171,271,0,0,0,0
"2421",2023-01-09,9,40,5878,260,0,0,22.9511278195489,0,0,6171,271,0,0,0,0
"2422",2023-01-09,9,45,6105,266,0,0,22.9511278195489,0,0,6171,271,0,0,0,0
"2423",2023-01-09,9,50,5991,269,0,0,22.9511278195489,0,0,6171,271,0,0,0,0
"2424",2023-01-09,9,55,6171,271,0,0,22.9511278195489,0,0,6171,271,0,0,0,0
"2425",2023-01-09,10,0,6201,271,0,0,26.9571428571429,0,0,7060.2,284,0,0,0,0
"2426",2023-01-09,10,5,6173,271,0,0,26.9571428571429,0,0,7060.2,284,0,0,0,0
"2427",2023-01-09,10,10,6473,272,0,0,26.9571428571429,0,0,7060.2,284,0,0,0,0
"2428",2023-01-09,10,15,6356,274,0,0,26.9571428571429,0,0,7060.2,284,0,0,0,0
"2429",2023-01-09,10,20,6369.2,274,0,0,26.9571428571429,0,0,7060.2,284,0,0,0,0
"2430",2023-01-09,10,25,5919.2,272,0,0,26.9571428571429,0,0,7060.2,284,0,0,0,0
"2431",2023-01-09,10,30,5739.2,271,0,0,26.9571428571429,0,0,7060.2,284,0,0,0,0
"2432",2023-01-09,10,35,6383.2,275,0,0,26.9571428571429,0,0,7060.2,284,0,0,0,0
"2433",2023-01-09,10,40,6727.2,278,0,0,26.9571428571429,0,0,7060.2,284,0,0,0,0
"2434",2023-01-09,10,45,7032.2,284,0,0,26.9571428571429,0,0,7060.2,284,0,0,0,0
"2435",2023-01-09,10,50,7060.2,282,0,0,26.9571428571429,0,0,7060.2,284,0,0,0,0
"2436",2023-01-09,10,55,3774,140,0,0,26.9571428571429,0,0,7060.2,284,0,0,0,0
"2437",2023-01-09,11,0,7055.2,281,0,0,30.7412587412587,0,0,7163.2,281,0,0,0,0
"2438",2023-01-09,11,5,4396,143,0,0,30.7412587412587,0,0,7163.2,281,0,0,0,0
"2439",2023-01-09,11,10,7163.2,279,0,0,30.7412587412587,0,0,7163.2,281,0,0,0,0
"2440",2023-01-09,11,15,7025,275,0,0,30.7412587412587,0,0,7163.2,281,0,0,0,0
"2441",2023-01-09,11,20,6092,272,0,0,30.7412587412587,0,0,7163.2,281,0,0,0,0
"2442",2023-01-09,11,25,6201,272,0,0,30.7412587412587,0,0,7163.2,281,0,0,0,0
"2443",2023-01-09,11,30,6018,271,0,0,30.7412587412587,0,0,7163.2,281,0,0,0,0
"2444",2023-01-09,11,35,5904,267,0,0,30.7412587412587,0,0,7163.2,281,0,0,0,0
"2445",2023-01-09,11,40,5920,269,0,0,30.7412587412587,0,0,7163.2,281,0,0,0,0
"2446",2023-01-09,11,45,5997,268,0,0,30.7412587412587,0,0,7163.2,281,0,0,0,0
"2447",2023-01-09,11,50,5986,267,0,0,30.7412587412587,0,0,7163.2,281,0,0,0,0
"2448",2023-01-09,11,55,5953,265,0,0,30.7412587412587,0,0,7163.2,281,0,0,0,0
"2449",2023-01-09,12,0,6403,267,0,0,23.9812734082397,0,0,6403,268,0,0,0,0
"2450",2023-01-09,12,5,6347,266,0,0,23.9812734082397,0,0,6403,268,0,0,0,0
"2451",2023-01-09,12,10,6369,268,0,0,23.9812734082397,0,0,6403,268,0,0,0,0
"2452",2023-01-09,12,15,6143,268,0,0,23.9812734082397,0,0,6403,268,0,0,0,0
"2453",2023-01-09,12,20,5619,264,0,0,23.9812734082397,0,0,6403,268,0,0,0,0
"2454",2023-01-09,12,25,3077,133,0,0,23.9812734082397,0,0,6403,268,0,0,0,0
"2455",2023-01-09,12,30,5459,257,0,0,23.9812734082397,0,0,6403,268,0,0,0,0
"2456",2023-01-09,12,35,5418,255,0,0,23.9812734082397,0,0,6403,268,0,0,0,0
"2457",2023-01-09,12,40,4978,234,0,0,23.9812734082397,0,0,6403,268,0,0,0,0
"2458",2023-01-09,12,45,5005,231,0,0,23.9812734082397,0,0,6403,268,0,0,0,0
"2459",2023-01-09,12,50,4843,231,0,0,23.9812734082397,0,0,6403,268,0,0,0,0
"2460",2023-01-09,12,55,4810,228,0,0,23.9812734082397,0,0,6403,268,0,0,0,0
"2461",2023-01-09,13,0,4919,228,0,0,26.372197309417,0,0,5881,228,0,0,0,0
"2462",2023-01-09,13,5,5393,221,0,0,26.372197309417,0,0,5881,228,0,0,0,0
"2463",2023-01-09,13,25,5512,214,0,0,26.372197309417,0,0,5881,228,0,0,0,0
"2464",2023-01-09,13,30,4910,212,0,0,26.372197309417,0,0,5881,228,0,0,0,0
"2465",2023-01-09,13,35,4961,221,0,0,26.372197309417,0,0,5881,228,0,0,0,0
"2466",2023-01-09,13,40,4972,222,0,0,26.372197309417,0,0,5881,228,0,0,0,0
"2467",2023-01-09,13,45,4994,223,0,0,26.372197309417,0,0,5881,228,0,0,0,0
"2468",2023-01-09,13,50,5226,227,0,0,26.372197309417,0,0,5881,228,0,0,0,0
"2469",2023-01-09,13,55,5193,227,0,0,26.372197309417,0,0,5881,228,0,0,0,0
"2470",2023-01-09,13,10,5546,219,0,0,26.372197309417,0,0,5881,228,0,0,0,0
"2471",2023-01-09,13,15,5881,223,0,0,26.372197309417,0,0,5881,228,0,0,0,0
"2472",2023-01-09,13,20,5610,214,0,0,26.372197309417,0,0,5881,228,0,0,0,0
"2473",2023-01-09,14,0,5255,228,0,0,25.6769230769231,0,0,5882,242,0,0,0,0
"2474",2023-01-09,14,5,5305,230,0,0,25.6769230769231,0,0,5882,242,0,0,0,0
"2475",2023-01-09,14,10,5458,235,0,0,25.6769230769231,0,0,5882,242,0,0,0,0
"2476",2023-01-09,14,15,5602,237,0,0,25.6769230769231,0,0,5882,242,0,0,0,0
"2477",2023-01-09,14,20,5679,241,0,0,25.6769230769231,0,0,5882,242,0,0,0,0
"2478",2023-01-09,14,25,5882,242,0,0,25.6769230769231,0,0,5882,242,0,0,0,0
"2479",2023-01-09,14,30,3338,130,0,0,25.6769230769231,0,0,5882,242,0,0,0,0
"2480",2023-01-09,14,35,5751,241,0,0,25.6769230769231,0,0,5882,242,0,0,0,0
"2481",2023-01-09,14,40,5718,239,0,0,25.6769230769231,0,0,5882,242,0,0,0,0
"2482",2023-01-09,14,45,5674,237,0,0,25.6769230769231,0,0,5882,242,0,0,0,0
"2483",2023-01-09,14,50,5696,238,0,0,25.6769230769231,0,0,5882,242,0,0,0,0
"2484",2023-01-09,14,55,5696,238,0,0,25.6769230769231,0,0,5882,242,0,0,0,0
"2485",2023-01-09,15,0,5652,236,0,0,26.5984251968504,0,0,6756,254,0,0,0,0
"2486",2023-01-09,15,5,5831,243,0,0,26.5984251968504,0,0,6756,254,0,0,0,0
"2487",2023-01-09,15,10,4823,222,0,0,26.5984251968504,0,0,6756,254,0,0,0,0
"2488",2023-01-09,15,15,5211,228,0,0,26.5984251968504,0,0,6756,254,0,0,0,0
"2489",2023-01-09,15,20,5200,228,0,0,26.5984251968504,0,0,6756,254,0,0,0,0
"2490",2023-01-09,15,25,5837,246,0,0,26.5984251968504,0,0,6756,254,0,0,0,0
"2491",2023-01-09,15,30,5842,248,0,0,26.5984251968504,0,0,6756,254,0,0,0,0
"2492",2023-01-09,15,35,5871,248,0,0,26.5984251968504,0,0,6756,254,0,0,0,0
"2493",2023-01-09,15,40,6756,254,0,0,26.5984251968504,0,0,6756,254,0,0,0,0
"2494",2023-01-09,15,45,6328,254,0,0,26.5984251968504,0,0,6756,254,0,0,0,0
"2495",2023-01-09,15,50,6317,253,0,0,26.5984251968504,0,0,6756,254,0,0,0,0
"2496",2023-01-09,15,55,6317,254,0,0,26.5984251968504,0,0,6756,254,0,0,0,0
"2497",2023-01-09,16,55,5523.2,238,0,0,25.30546875,0,0,6478.2,256,0,0,0,0
"2498",2023-01-09,16,0,6177,256,0,0,25.30546875,0,0,6478.2,256,0,0,0,0
"2499",2023-01-09,16,5,6324,255,0,0,25.30546875,0,0,6478.2,256,0,0,0,0
"2500",2023-01-09,16,10,6478.2,256,0,0,25.30546875,0,0,6478.2,256,0,0,0,0
"2501",2023-01-09,16,15,6228.2,253,0,0,25.30546875,0,0,6478.2,256,0,0,0,0
"2502",2023-01-09,16,20,6037.2,250,0,0,25.30546875,0,0,6478.2,256,0,0,0,0
"2503",2023-01-09,16,25,5797.2,248,0,0,25.30546875,0,0,6478.2,256,0,0,0,0
"2504",2023-01-09,16,30,5812.2,249,0,0,25.30546875,0,0,6478.2,256,0,0,0,0
"2505",2023-01-09,16,35,5550.2,245,0,0,25.30546875,0,0,6478.2,256,0,0,0,0
"2506",2023-01-09,16,40,5534.2,243,0,0,25.30546875,0,0,6478.2,256,0,0,0,0
"2507",2023-01-09,16,45,5501.2,242,0,0,25.30546875,0,0,6478.2,256,0,0,0,0
"2508",2023-01-09,16,50,5660.2,242,0,0,25.30546875,0,0,6478.2,256,0,0,0,0
"2509",2023-01-09,17,0,5222.2,237,0,0,23.7694323144105,0,0,5443.2,240,0,0,0,0
"2510",2023-01-09,17,5,5279.2,240,0,0,23.7694323144105,0,0,5443.2,240,0,0,0,0
"2511",2023-01-09,17,10,5288.2,238,0,0,23.7694323144105,0,0,5443.2,240,0,0,0,0
"2512",2023-01-09,17,15,5418.2,238,0,0,23.7694323144105,0,0,5443.2,240,0,0,0,0
"2513",2023-01-09,17,20,5025.2,234,0,0,23.7694323144105,0,0,5443.2,240,0,0,0,0
"2514",2023-01-09,17,25,5319.2,231,0,0,23.7694323144105,0,0,5443.2,240,0,0,0,0
"2515",2023-01-09,17,30,5348.2,231,0,0,23.7694323144105,0,0,5443.2,240,0,0,0,0
"2516",2023-01-09,17,35,5443.2,229,0,0,23.7694323144105,0,0,5443.2,240,0,0,0,0
"2517",2023-01-09,17,40,5184.2,224,0,0,23.7694323144105,0,0,5443.2,240,0,0,0,0
"2518",2023-01-09,17,45,5042.2,220,0,0,23.7694323144105,0,0,5443.2,240,0,0,0,0
"2519",2023-01-09,17,50,5020.2,219,0,0,23.7694323144105,0,0,5443.2,240,0,0,0,0
"2520",2023-01-09,17,55,5040.2,223,0,0,23.7694323144105,0,0,5443.2,240,0,0,0,0
"2521",2023-01-09,18,0,4625.2,219,0,0,24.3154929577465,0,0,5179.2,220,0,0,0,0
"2522",2023-01-09,18,5,4726.2,220,0,0,24.3154929577465,0,0,5179.2,220,0,0,0,0
"2523",2023-01-09,18,10,4661.2,217,0,0,24.3154929577465,0,0,5179.2,220,0,0,0,0
"2524",2023-01-09,18,15,4705.2,218,0,0,24.3154929577465,0,0,5179.2,220,0,0,0,0
"2525",2023-01-09,18,20,5015.2,215,0,0,24.3154929577465,0,0,5179.2,220,0,0,0,0
"2526",2023-01-09,18,25,4848.2,210,0,0,24.3154929577465,0,0,5179.2,220,0,0,0,0
"2527",2023-01-09,18,30,5179.2,213,0,0,24.3154929577465,0,0,5179.2,220,0,0,0,0
"2528",2023-01-09,18,35,4960.2,207,0,0,24.3154929577465,0,0,5179.2,220,0,0,0,0
"2529",2023-01-09,18,40,4561.2,200,0,0,24.3154929577465,0,0,5179.2,220,0,0,0,0
"2530",2023-01-09,18,45,4502.2,200,0,0,24.3154929577465,0,0,5179.2,220,0,0,0,0
"2531",2023-01-09,18,50,4419.2,196,0,0,24.3154929577465,0,0,5179.2,220,0,0,0,0
"2532",2023-01-09,18,55,4413.2,193,0,0,24.3154929577465,0,0,5179.2,220,0,0,0,0
"2533",2023-01-09,19,0,4513.2,192,0,0,24.006936416185,0,0,4513.2,192,0,0,0,0
"2534",2023-01-09,19,5,4412.2,187,0,0,24.006936416185,0,0,4513.2,192,0,0,0,0
"2535",2023-01-09,19,10,4256.2,183,0,0,24.006936416185,0,0,4513.2,192,0,0,0,0
"2536",2023-01-09,19,15,4277.2,184,0,0,24.006936416185,0,0,4513.2,192,0,0,0,0
"2537",2023-01-09,19,20,3999.2,181,0,0,24.006936416185,0,0,4513.2,192,0,0,0,0
"2538",2023-01-09,19,25,3849.2,180,0,0,24.006936416185,0,0,4513.2,192,0,0,0,0
"2539",2023-01-09,19,30,4121.2,181,0,0,24.006936416185,0,0,4513.2,192,0,0,0,0
"2540",2023-01-09,19,35,4194.2,178,0,0,24.006936416185,0,0,4513.2,192,0,0,0,0
"2541",2023-01-09,19,40,4033.2,176,0,0,24.006936416185,0,0,4513.2,192,0,0,0,0
"2542",2023-01-09,19,45,4162.2,174,0,0,24.006936416185,0,0,4513.2,192,0,0,0,0
"2543",2023-01-09,19,50,4153.2,173,0,0,24.006936416185,0,0,4513.2,192,0,0,0,0
"2544",2023-01-09,19,55,3820.2,170,0,0,24.006936416185,0,0,4513.2,192,0,0,0,0
"2545",2023-01-09,20,0,3765.2,167,0,0,24.5454545454545,0,0,4050,167,0,0,0,0
"2546",2023-01-09,20,5,3763,166,0,0,24.5454545454545,0,0,4050,167,0,0,0,0
"2547",2023-01-09,20,10,3763,166,0,0,24.5454545454545,0,0,4050,167,0,0,0,0
"2548",2023-01-09,20,15,3584,156,0,0,24.5454545454545,0,0,4050,167,0,0,0,0
"2549",2023-01-09,20,20,3628,158,0,0,24.5454545454545,0,0,4050,167,0,0,0,0
"2550",2023-01-09,20,25,3606,157,0,0,24.5454545454545,0,0,4050,167,0,0,0,0
"2551",2023-01-09,20,30,3650,160,0,0,24.5454545454545,0,0,4050,167,0,0,0,0
"2552",2023-01-09,20,35,3639,159,0,0,24.5454545454545,0,0,4050,167,0,0,0,0
"2553",2023-01-09,20,40,3672,161,0,0,24.5454545454545,0,0,4050,167,0,0,0,0
"2554",2023-01-09,20,45,3856,162,0,0,24.5454545454545,0,0,4050,167,0,0,0,0
"2555",2023-01-09,20,50,3878,163,0,0,24.5454545454545,0,0,4050,167,0,0,0,0
"2556",2023-01-09,20,55,4050,165,0,0,24.5454545454545,0,0,4050,167,0,0,0,0
"2557",2023-01-09,21,0,4182,163,0,0,26.2289156626506,0,0,4354,166,0,0,0,0
"2558",2023-01-09,21,5,4160,162,0,0,26.2289156626506,0,0,4354,166,0,0,0,0
"2559",2023-01-09,21,10,4182,163,0,0,26.2289156626506,0,0,4354,166,0,0,0,0
"2560",2023-01-09,21,15,4204,164,0,0,26.2289156626506,0,0,4354,166,0,0,0,0
"2561",2023-01-09,21,20,4204,165,0,0,26.2289156626506,0,0,4354,166,0,0,0,0
"2562",2023-01-09,21,25,4354,166,0,0,26.2289156626506,0,0,4354,166,0,0,0,0
"2563",2023-01-09,21,30,3832,165,0,0,26.2289156626506,0,0,4354,166,0,0,0,0
"2564",2023-01-09,21,35,3810,164,0,0,26.2289156626506,0,0,4354,166,0,0,0,0
"2565",2023-01-09,21,40,3982,166,0,0,26.2289156626506,0,0,4354,166,0,0,0,0
"2566",2023-01-09,21,45,3682,164,0,0,26.2289156626506,0,0,4354,166,0,0,0,0
"2567",2023-01-09,21,50,3660,163,0,0,26.2289156626506,0,0,4354,166,0,0,0,0
"2568",2023-01-09,21,55,3682,164,0,0,26.2289156626506,0,0,4354,166,0,0,0,0
"2569",2023-01-09,22,0,4072,166,0,0,24.5301204819277,0,0,4072,166,0,0,0,0
"2570",2023-01-09,22,5,4072,166,0,0,24.5301204819277,0,0,4072,166,0,0,0,0
"2571",2023-01-09,22,10,3847,162,0,0,24.5301204819277,0,0,4072,166,0,0,0,0
"2572",2023-01-09,22,15,3525,160,0,0,24.5301204819277,0,0,4072,166,0,0,0,0
"2573",2023-01-09,22,20,3481,158,0,0,24.5301204819277,0,0,4072,166,0,0,0,0
"2574",2023-01-09,22,25,3525,160,0,0,24.5301204819277,0,0,4072,166,0,0,0,0
"2575",2023-01-09,22,30,3503,159,0,0,24.5301204819277,0,0,4072,166,0,0,0,0
"2576",2023-01-09,22,35,3503,159,0,0,24.5301204819277,0,0,4072,166,0,0,0,0
"2577",2023-01-09,22,40,3481,158,0,0,24.5301204819277,0,0,4072,166,0,0,0,0
"2578",2023-01-09,22,45,3731,158,0,0,24.5301204819277,0,0,4072,166,0,0,0,0
"2579",2023-01-09,22,50,3731,158,0,0,24.5301204819277,0,0,4072,166,0,0,0,0
"2580",2023-01-09,22,55,3409,156,0,0,24.5301204819277,0,0,4072,166,0,0,0,0
"2581",2023-01-09,23,0,3475,159,0,0,24.0063694267516,0,0,3769,159,0,0,0,0
"2582",2023-01-09,23,5,3453,158,0,0,24.0063694267516,0,0,3769,159,0,0,0,0
"2583",2023-01-09,23,10,3475,159,0,0,24.0063694267516,0,0,3769,159,0,0,0,0
"2584",2023-01-09,23,15,3464,158,0,0,24.0063694267516,0,0,3769,159,0,0,0,0
"2585",2023-01-09,23,20,3420,156,0,0,24.0063694267516,0,0,3769,159,0,0,0,0
"2586",2023-01-09,23,25,3442,157,0,0,24.0063694267516,0,0,3769,159,0,0,0,0
"2587",2023-01-09,23,30,3442,157,0,0,24.0063694267516,0,0,3769,159,0,0,0,0
"2588",2023-01-09,23,35,3420,156,0,0,24.0063694267516,0,0,3769,159,0,0,0,0
"2589",2023-01-09,23,40,3409,156,0,0,24.0063694267516,0,0,3769,159,0,0,0,0
"2590",2023-01-09,23,45,3769,157,0,0,24.0063694267516,0,0,3769,159,0,0,0,0
"2591",2023-01-09,23,50,3409,156,0,0,24.0063694267516,0,0,3769,159,0,0,0,0
"2592",2023-01-09,23,55,3431,157,0,0,24.0063694267516,0,0,3769,159,0,0,0,0
"2593",2023-01-10,0,0,3359,158,0,0,23.3684210526316,0,0,3557,158,0,0,0,0
"2594",2023-01-10,0,5,3359,158,0,0,23.3684210526316,0,0,3557,158,0,0,0,0
"2595",2023-01-10,0,10,3337,157,0,0,23.3684210526316,0,0,3557,158,0,0,0,0
"2596",2023-01-10,0,15,3337,157,0,0,23.3684210526316,0,0,3557,158,0,0,0,0
"2597",2023-01-10,0,20,3315,156,0,0,23.3684210526316,0,0,3557,158,0,0,0,0
"2598",2023-01-10,0,25,3443,156,0,0,23.3684210526316,0,0,3557,158,0,0,0,0
"2599",2023-01-10,0,30,3421,155,0,0,23.3684210526316,0,0,3557,158,0,0,0,0
"2600",2023-01-10,0,35,3557,154,0,0,23.3684210526316,0,0,3557,158,0,0,0,0
"2601",2023-01-10,0,40,3524,152,0,0,23.3684210526316,0,0,3557,158,0,0,0,0
"2602",2023-01-10,0,45,3502,151,0,0,23.3684210526316,0,0,3557,158,0,0,0,0
"2603",2023-01-10,0,50,3502,151,0,0,23.3684210526316,0,0,3557,158,0,0,0,0
"2604",2023-01-10,0,55,3552,152,0,0,23.3684210526316,0,0,3557,158,0,0,0,0
"2605",2023-01-10,1,0,3354,153,0,0,21.9934210526316,0,0,3354,153,0,0,0,0
"2606",2023-01-10,1,5,3354,153,0,0,21.9934210526316,0,0,3354,153,0,0,0,0
"2607",2023-01-10,1,10,3354,153,0,0,21.9934210526316,0,0,3354,153,0,0,0,0
"2608",2023-01-10,1,15,3343,152,0,0,21.9934210526316,0,0,3354,153,0,0,0,0
"2609",2023-01-10,1,20,3343,152,0,0,21.9934210526316,0,0,3354,153,0,0,0,0
"2610",2023-01-10,1,25,3343,152,0,0,21.9934210526316,0,0,3354,153,0,0,0,0
"2611",2023-01-10,1,30,3343,152,0,0,21.9934210526316,0,0,3354,153,0,0,0,0
"2612",2023-01-10,1,35,3343,152,0,0,21.9934210526316,0,0,3354,153,0,0,0,0
"2613",2023-01-10,1,40,3321,151,0,0,21.9934210526316,0,0,3354,153,0,0,0,0
"2614",2023-01-10,1,45,3321,151,0,0,21.9934210526316,0,0,3354,153,0,0,0,0
"2615",2023-01-10,1,50,3321,151,0,0,21.9934210526316,0,0,3354,153,0,0,0,0
"2616",2023-01-10,1,55,3321,151,0,0,21.9934210526316,0,0,3354,153,0,0,0,0
"2617",2023-01-10,2,0,3321,151,0,0,23.12,0,0,3545,154,0,0,0,0
"2618",2023-01-10,2,5,3545,154,0,0,23.12,0,0,3545,154,0,0,0,0
"2619",2023-01-10,2,10,3523,153,0,0,23.12,0,0,3545,154,0,0,0,0
"2620",2023-01-10,2,15,3501,152,0,0,23.12,0,0,3545,154,0,0,0,0
"2621",2023-01-10,2,20,3501,152,0,0,23.12,0,0,3545,154,0,0,0,0
"2622",2023-01-10,2,25,3479,151,0,0,23.12,0,0,3545,154,0,0,0,0
"2623",2023-01-10,2,30,3468,150,0,0,23.12,0,0,3545,154,0,0,0,0
"2624",2023-01-10,2,35,3468,150,0,0,23.12,0,0,3545,154,0,0,0,0
"2625",2023-01-10,2,40,3288,149,0,0,23.12,0,0,3545,154,0,0,0,0
"2626",2023-01-10,2,45,3288,149,0,0,23.12,0,0,3545,154,0,0,0,0
"2627",2023-01-10,2,50,3288,149,0,0,23.12,0,0,3545,154,0,0,0,0
"2628",2023-01-10,2,55,3288,149,0,0,23.12,0,0,3545,154,0,0,0,0
"2629",2023-01-10,3,0,3277,148,0,0,22.472972972973,0,0,3337,149,0,0,0,0
"2630",2023-01-10,3,5,3277,148,0,0,22.472972972973,0,0,3337,149,0,0,0,0
"2631",2023-01-10,3,10,3277,148,0,0,22.472972972973,0,0,3337,149,0,0,0,0
"2632",2023-01-10,3,15,3277,148,0,0,22.472972972973,0,0,3337,149,0,0,0,0
"2633",2023-01-10,3,20,3337,149,0,0,22.472972972973,0,0,3337,149,0,0,0,0
"2634",2023-01-10,3,25,3337,149,0,0,22.472972972973,0,0,3337,149,0,0,0,0
"2635",2023-01-10,3,30,3337,149,0,0,22.472972972973,0,0,3337,149,0,0,0,0
"2636",2023-01-10,3,35,3337,149,0,0,22.472972972973,0,0,3337,149,0,0,0,0
"2637",2023-01-10,3,40,3337,149,0,0,22.472972972973,0,0,3337,149,0,0,0,0
"2638",2023-01-10,3,45,3326,148,0,0,22.472972972973,0,0,3337,149,0,0,0,0
"2639",2023-01-10,3,50,3266,147,0,0,22.472972972973,0,0,3337,149,0,0,0,0
"2640",2023-01-10,3,55,3266,147,0,0,22.472972972973,0,0,3337,149,0,0,0,0
"2641",2023-01-10,4,0,3266,147,0,0,22.2206896551724,0,0,3266,147,0,0,0,0
"2642",2023-01-10,4,5,3266,147,0,0,22.2206896551724,0,0,3266,147,0,0,0,0
"2643",2023-01-10,4,10,3244,146,0,0,22.2206896551724,0,0,3266,147,0,0,0,0
"2644",2023-01-10,4,15,3244,146,0,0,22.2206896551724,0,0,3266,147,0,0,0,0
"2645",2023-01-10,4,20,3244,146,0,0,22.2206896551724,0,0,3266,147,0,0,0,0
"2646",2023-01-10,4,25,3244,146,0,0,22.2206896551724,0,0,3266,147,0,0,0,0
"2647",2023-01-10,4,30,3244,146,0,0,22.2206896551724,0,0,3266,147,0,0,0,0
"2648",2023-01-10,4,35,3244,146,0,0,22.2206896551724,0,0,3266,147,0,0,0,0
"2649",2023-01-10,4,40,3244,146,0,0,22.2206896551724,0,0,3266,147,0,0,0,0
"2650",2023-01-10,4,45,3244,146,0,0,22.2206896551724,0,0,3266,147,0,0,0,0
"2651",2023-01-10,4,50,3222,145,0,0,22.2206896551724,0,0,3266,147,0,0,0,0
"2652",2023-01-10,4,55,3222,145,0,0,22.2206896551724,0,0,3266,147,0,0,0,0
"2653",2023-01-10,5,0,3222,145,0,0,24.2447552447552,0,0,3489,145,0,0,0,0
"2654",2023-01-10,5,5,3200,144,0,0,24.2447552447552,0,0,3489,145,0,0,0,0
"2655",2023-01-10,5,10,3200,144,0,0,24.2447552447552,0,0,3489,145,0,0,0,0
"2656",2023-01-10,5,15,3200,144,0,0,24.2447552447552,0,0,3489,145,0,0,0,0
"2657",2023-01-10,5,20,3200,144,0,0,24.2447552447552,0,0,3489,145,0,0,0,0
"2658",2023-01-10,5,25,3189,143,0,0,24.2447552447552,0,0,3489,145,0,0,0,0
"2659",2023-01-10,5,30,3189,143,0,0,24.2447552447552,0,0,3489,145,0,0,0,0
"2660",2023-01-10,5,35,3189,143,0,0,24.2447552447552,0,0,3489,145,0,0,0,0
"2661",2023-01-10,5,40,3489,144,0,0,24.2447552447552,0,0,3489,145,0,0,0,0
"2662",2023-01-10,5,45,3467,143,0,0,24.2447552447552,0,0,3489,145,0,0,0,0
"2663",2023-01-10,5,50,3467,143,0,0,24.2447552447552,0,0,3489,145,0,0,0,0
"2664",2023-01-10,5,55,3489,144,0,0,24.2447552447552,0,0,3489,145,0,0,0,0
"2665",2023-01-10,6,0,3189,143,0,0,24.1448275862069,0,0,3512,146,0,0,0,0
"2666",2023-01-10,6,5,3189,143,0,0,24.1448275862069,0,0,3512,146,0,0,0,0
"2667",2023-01-10,6,10,3189,143,0,0,24.1448275862069,0,0,3512,146,0,0,0,0
"2668",2023-01-10,6,15,3189,143,0,0,24.1448275862069,0,0,3512,146,0,0,0,0
"2669",2023-01-10,6,20,3189,143,0,0,24.1448275862069,0,0,3512,146,0,0,0,0
"2670",2023-01-10,6,25,3167,142,0,0,24.1448275862069,0,0,3512,146,0,0,0,0
"2671",2023-01-10,6,30,3135,141,0,0,24.1448275862069,0,0,3512,146,0,0,0,0
"2672",2023-01-10,6,35,3135,141,0,0,24.1448275862069,0,0,3512,146,0,0,0,0
"2673",2023-01-10,6,40,3157,142,0,0,24.1448275862069,0,0,3512,146,0,0,0,0
"2674",2023-01-10,6,45,3157,142,0,0,24.1448275862069,0,0,3512,146,0,0,0,0
"2675",2023-01-10,6,50,3501,145,0,0,24.1448275862069,0,0,3512,146,0,0,0,0
"2676",2023-01-10,6,55,3512,146,0,0,24.1448275862069,0,0,3512,146,0,0,0,0
"2677",2023-01-10,7,0,3468,144,0,0,25.0068965517241,0,0,3778,167,0,0,0,0
"2678",2023-01-10,7,5,3446,143,0,0,25.0068965517241,0,0,3778,167,0,0,0,0
"2679",2023-01-10,7,10,3626,145,0,0,25.0068965517241,0,0,3778,167,0,0,0,0
"2680",2023-01-10,7,15,3670,147,0,0,25.0068965517241,0,0,3778,167,0,0,0,0
"2681",2023-01-10,7,20,3681,148,0,0,25.0068965517241,0,0,3778,167,0,0,0,0
"2682",2023-01-10,7,25,3659,147,0,0,25.0068965517241,0,0,3778,167,0,0,0,0
"2683",2023-01-10,7,30,3670,148,0,0,25.0068965517241,0,0,3778,167,0,0,0,0
"2684",2023-01-10,7,35,3370,148,0,0,25.0068965517241,0,0,3778,167,0,0,0,0
"2685",2023-01-10,7,40,3447,152,0,0,25.0068965517241,0,0,3778,167,0,0,0,0
"2686",2023-01-10,7,45,3469,155,0,0,25.0068965517241,0,0,3778,167,0,0,0,0
"2687",2023-01-10,7,50,3668,161,0,0,25.0068965517241,0,0,3778,167,0,0,0,0
"2688",2023-01-10,7,55,3778,167,0,0,25.0068965517241,0,0,3778,167,0,0,0,0
"2689",2023-01-10,8,0,3844,171,0,0,23.3118279569892,0,0,4470,202,0,0,0,0
"2690",2023-01-10,8,5,3941,177,0,0,23.3118279569892,0,0,4470,202,0,0,0,0
"2691",2023-01-10,8,10,3908,175,0,0,23.3118279569892,0,0,4470,202,0,0,0,0
"2692",2023-01-10,8,15,3875,173,0,0,23.3118279569892,0,0,4470,202,0,0,0,0
"2693",2023-01-10,8,20,3739,175,0,0,23.3118279569892,0,0,4470,202,0,0,0,0
"2694",2023-01-10,8,25,3855,178,0,0,23.3118279569892,0,0,4470,202,0,0,0,0
"2695",2023-01-10,8,30,4101,182,0,0,23.3118279569892,0,0,4470,202,0,0,0,0
"2696",2023-01-10,8,35,4336,186,0,0,23.3118279569892,0,0,4470,202,0,0,0,0
"2697",2023-01-10,8,40,4347,188,0,0,23.3118279569892,0,0,4470,202,0,0,0,0
"2698",2023-01-10,8,45,4372,190,0,0,23.3118279569892,0,0,4470,202,0,0,0,0
"2699",2023-01-10,8,50,4136,192,0,0,23.3118279569892,0,0,4470,202,0,0,0,0
"2700",2023-01-10,8,55,4470,202,0,0,23.3118279569892,0,0,4470,202,0,0,0,0
"2701",2023-01-10,9,0,4547,207,0,0,23.0707547169811,0,0,5580,257,0,0,0,0
"2702",2023-01-10,9,5,4891,212,0,0,23.0707547169811,0,0,5580,257,0,0,0,0
"2703",2023-01-10,9,10,4968,216,0,0,23.0707547169811,0,0,5580,257,0,0,0,0
"2704",2023-01-10,9,15,5089,224,0,0,23.0707547169811,0,0,5580,257,0,0,0,0
"2705",2023-01-10,9,20,5074,231,0,0,23.0707547169811,0,0,5580,257,0,0,0,0
"2706",2023-01-10,9,25,4960,235,0,0,23.0707547169811,0,0,5580,257,0,0,0,0
"2707",2023-01-10,9,30,5092,242,0,0,23.0707547169811,0,0,5580,257,0,0,0,0
"2708",2023-01-10,9,35,5158,246,0,0,23.0707547169811,0,0,5580,257,0,0,0,0
"2709",2023-01-10,9,40,5213,249,0,0,23.0707547169811,0,0,5580,257,0,0,0,0
"2710",2023-01-10,9,45,5426,250,0,0,23.0707547169811,0,0,5580,257,0,0,0,0
"2711",2023-01-10,9,50,5525,254,0,0,23.0707547169811,0,0,5580,257,0,0,0,0
"2712",2023-01-10,9,55,5580,257,0,0,23.0707547169811,0,0,5580,257,0,0,0,0
"2713",2023-01-10,10,0,5657,260,0,0,22.0152671755725,0,0,5768,273,0,0,0,0
"2714",2023-01-10,10,5,5635,259,0,0,22.0152671755725,0,0,5768,273,0,0,0,0
"2715",2023-01-10,10,10,5624,259,0,0,22.0152671755725,0,0,5768,273,0,0,0,0
"2716",2023-01-10,10,15,5646,259,0,0,22.0152671755725,0,0,5768,273,0,0,0,0
"2717",2023-01-10,10,20,5768,262,0,0,22.0152671755725,0,0,5768,273,0,0,0,0
"2718",2023-01-10,10,25,5479,261,0,0,22.0152671755725,0,0,5768,273,0,0,0,0
"2719",2023-01-10,10,30,5468,260,0,0,22.0152671755725,0,0,5768,273,0,0,0,0
"2720",2023-01-10,10,35,5576,266,0,0,22.0152671755725,0,0,5768,273,0,0,0,0
"2721",2023-01-10,10,40,5554,265,0,0,22.0152671755725,0,0,5768,273,0,0,0,0
"2722",2023-01-10,10,45,5449,268,0,0,22.0152671755725,0,0,5768,273,0,0,0,0
"2723",2023-01-10,10,50,5702,273,0,0,22.0152671755725,0,0,5768,273,0,0,0,0
"2724",2023-01-10,10,55,5680,272,0,0,22.0152671755725,0,0,5768,273,0,0,0,0
"2725",2023-01-10,11,0,5669,271,0,0,24.0516605166052,0,0,6518,274,0,0,0,0
"2726",2023-01-10,11,5,5597,269,0,0,24.0516605166052,0,0,6518,274,0,0,0,0
"2727",2023-01-10,11,10,5575,268,0,0,24.0516605166052,0,0,6518,274,0,0,0,0
"2728",2023-01-10,11,15,5597,271,0,0,24.0516605166052,0,0,6518,274,0,0,0,0
"2729",2023-01-10,11,20,5388,269,0,0,24.0516605166052,0,0,6518,274,0,0,0,0
"2730",2023-01-10,11,25,5843,274,0,0,24.0516605166052,0,0,6518,274,0,0,0,0
"2731",2023-01-10,11,30,5823,272,0,0,24.0516605166052,0,0,6518,274,0,0,0,0
"2732",2023-01-10,11,35,6518,271,0,0,24.0516605166052,0,0,6518,274,0,0,0,0
"2733",2023-01-10,11,40,6068,269,0,0,24.0516605166052,0,0,6518,274,0,0,0,0
"2734",2023-01-10,11,45,6289,268,0,0,24.0516605166052,0,0,6518,274,0,0,0,0
"2735",2023-01-10,11,50,5883,268,0,0,24.0516605166052,0,0,6518,274,0,0,0,0
"2736",2023-01-10,11,55,5808,263,0,0,24.0516605166052,0,0,6518,274,0,0,0,0
"2737",2023-01-10,12,0,5808,263,0,0,25.5637065637066,0,0,6678,265,0,0,0,0
"2738",2023-01-10,12,5,6117,264,0,0,25.5637065637066,0,0,6678,265,0,0,0,0
"2739",2023-01-10,12,10,5986,263,0,0,25.5637065637066,0,0,6678,265,0,0,0,0
"2740",2023-01-10,12,15,5686,262,0,0,25.5637065637066,0,0,6678,265,0,0,0,0
"2741",2023-01-10,12,20,5964,262,0,0,25.5637065637066,0,0,6678,265,0,0,0,0
"2742",2023-01-10,12,25,5675,261,0,0,25.5637065637066,0,0,6678,265,0,0,0,0
"2743",2023-01-10,12,30,6041,265,0,0,25.5637065637066,0,0,6678,265,0,0,0,0
"2744",2023-01-10,12,35,6357,263,0,0,25.5637065637066,0,0,6678,265,0,0,0,0
"2745",2023-01-10,12,40,6356,261,0,0,25.5637065637066,0,0,6678,265,0,0,0,0
"2746",2023-01-10,12,45,6367,261,0,0,25.5637065637066,0,0,6678,265,0,0,0,0
"2747",2023-01-10,12,50,6678,262,0,0,25.5637065637066,0,0,6678,265,0,0,0,0
"2748",2023-01-10,12,55,6621,259,0,0,25.5637065637066,0,0,6678,265,0,0,0,0
"2749",2023-01-10,13,0,5857,254,0,0,23.6753246753247,0,0,5857,254,0,0,0,0
"2750",2023-01-10,13,5,5630,248,0,0,23.6753246753247,0,0,5857,254,0,0,0,0
"2751",2023-01-10,13,10,5476,237,0,0,23.6753246753247,0,0,5857,254,0,0,0,0
"2752",2023-01-10,13,15,5329,231,0,0,23.6753246753247,0,0,5857,254,0,0,0,0
"2753",2023-01-10,13,20,5318,232,0,0,23.6753246753247,0,0,5857,254,0,0,0,0
"2754",2023-01-10,13,25,5469,231,0,0,23.6753246753247,0,0,5857,254,0,0,0,0
"2755",2023-01-10,13,30,5401,235,0,0,23.6753246753247,0,0,5857,254,0,0,0,0
"2756",2023-01-10,13,35,5401,235,0,0,23.6753246753247,0,0,5857,254,0,0,0,0
"2757",2023-01-10,13,40,5559,236,0,0,23.6753246753247,0,0,5857,254,0,0,0,0
"2758",2023-01-10,13,45,5303,233,0,0,23.6753246753247,0,0,5857,254,0,0,0,0
"2759",2023-01-10,13,50,5159,230,0,0,23.6753246753247,0,0,5857,254,0,0,0,0
"2760",2023-01-10,13,55,4897,228,0,0,23.6753246753247,0,0,5857,254,0,0,0,0
"2761",2023-01-10,14,0,4979,230,0,0,22.8970588235294,0,0,5337,243,0,0,0,0
"2762",2023-01-10,14,5,4951,230,0,0,22.8970588235294,0,0,5337,243,0,0,0,0
"2763",2023-01-10,14,10,4885,227,0,0,22.8970588235294,0,0,5337,243,0,0,0,0
"2764",2023-01-10,14,15,5082,232,0,0,22.8970588235294,0,0,5337,243,0,0,0,0
"2765",2023-01-10,14,20,4913,232,0,0,22.8970588235294,0,0,5337,243,0,0,0,0
"2766",2023-01-10,14,25,5223,235,0,0,22.8970588235294,0,0,5337,243,0,0,0,0
"2767",2023-01-10,14,30,5256,236,0,0,22.8970588235294,0,0,5337,243,0,0,0,0
"2768",2023-01-10,14,35,5041,234,0,0,22.8970588235294,0,0,5337,243,0,0,0,0
"2769",2023-01-10,14,40,5337,240,0,0,22.8970588235294,0,0,5337,243,0,0,0,0
"2770",2023-01-10,14,45,3114,136,0,0,22.8970588235294,0,0,5337,243,0,0,0,0
"2771",2023-01-10,14,50,5195,243,0,0,22.8970588235294,0,0,5337,243,0,0,0,0
"2772",2023-01-10,14,55,5211,243,0,0,22.8970588235294,0,0,5337,243,0,0,0,0
"2773",2023-01-10,15,0,5649,249,0,0,24.1264822134387,0,0,6104,253,0,0,0,0
"2774",2023-01-10,15,5,6104,253,0,0,24.1264822134387,0,0,6104,253,0,0,0,0
"2775",2023-01-10,15,10,5887,251,0,0,24.1264822134387,0,0,6104,253,0,0,0,0
"2776",2023-01-10,15,15,5837,249,0,0,24.1264822134387,0,0,6104,253,0,0,0,0
"2777",2023-01-10,15,20,5799,249,0,0,24.1264822134387,0,0,6104,253,0,0,0,0
"2778",2023-01-10,15,25,5949,250,0,0,24.1264822134387,0,0,6104,253,0,0,0,0
"2779",2023-01-10,15,30,5813,253,0,0,24.1264822134387,0,0,6104,253,0,0,0,0
"2780",2023-01-10,15,35,5611,251,0,0,24.1264822134387,0,0,6104,253,0,0,0,0
"2781",2023-01-10,15,40,5545,247,0,0,24.1264822134387,0,0,6104,253,0,0,0,0
"2782",2023-01-10,15,45,5420,249,0,0,24.1264822134387,0,0,6104,253,0,0,0,0
"2783",2023-01-10,15,50,5442,251,0,0,24.1264822134387,0,0,6104,253,0,0,0,0
"2784",2023-01-10,15,55,4992,248,0,0,24.1264822134387,0,0,6104,253,0,0,0,0
"2785",2023-01-10,16,0,5314,250,0,0,23.3359683794466,0,0,5915,255,0,0,0,0
"2786",2023-01-10,16,5,5521,249,0,0,23.3359683794466,0,0,5915,255,0,0,0,0
"2787",2023-01-10,16,10,5155,245,0,0,23.3359683794466,0,0,5915,255,0,0,0,0
"2788",2023-01-10,16,15,5238,248,0,0,23.3359683794466,0,0,5915,255,0,0,0,0
"2789",2023-01-10,16,20,5227,247,0,0,23.3359683794466,0,0,5915,255,0,0,0,0
"2790",2023-01-10,16,25,5370,255,0,0,23.3359683794466,0,0,5915,255,0,0,0,0
"2791",2023-01-10,16,30,5288,253,0,0,23.3359683794466,0,0,5915,255,0,0,0,0
"2792",2023-01-10,16,35,5097,252,0,0,23.3359683794466,0,0,5915,255,0,0,0,0
"2793",2023-01-10,16,40,5075,249,0,0,23.3359683794466,0,0,5915,255,0,0,0,0
"2794",2023-01-10,16,45,5468,252,0,0,23.3359683794466,0,0,5915,255,0,0,0,0
"2795",2023-01-10,16,50,5904,253,0,0,23.3359683794466,0,0,5915,255,0,0,0,0
"2796",2023-01-10,16,55,5915,254,0,0,23.3359683794466,0,0,5915,255,0,0,0,0
"2797",2023-01-10,17,0,6139,257,0,0,24.6065573770492,0,0,6194,260,0,0,0,0
"2798",2023-01-10,17,5,6194,260,0,0,24.6065573770492,0,0,6194,260,0,0,0,0
"2799",2023-01-10,17,10,6106,257,0,0,24.6065573770492,0,0,6194,260,0,0,0,0
"2800",2023-01-10,17,15,6123,257,0,0,24.6065573770492,0,0,6194,260,0,0,0,0
"2801",2023-01-10,17,20,5959,254,0,0,24.6065573770492,0,0,6194,260,0,0,0,0
"2802",2023-01-10,17,25,5440,235,0,0,24.6065573770492,0,0,6194,260,0,0,0,0
"2803",2023-01-10,17,30,5546,233,0,0,24.6065573770492,0,0,6194,260,0,0,0,0
"2804",2023-01-10,17,35,5557,234,0,0,24.6065573770492,0,0,6194,260,0,0,0,0
"2805",2023-01-10,17,40,6004,244,0,0,24.6065573770492,0,0,6194,260,0,0,0,0
"2806",2023-01-10,17,45,5551,240,0,0,24.6065573770492,0,0,6194,260,0,0,0,0
"2807",2023-01-10,17,50,5590,238,0,0,24.6065573770492,0,0,6194,260,0,0,0,0
"2808",2023-01-10,17,55,5706,241,0,0,24.6065573770492,0,0,6194,260,0,0,0,0
"2809",2023-01-10,18,0,5331,238,0,0,24.1302521008403,0,0,5743,238,0,0,0,0
"2810",2023-01-10,18,5,5743,238,0,0,24.1302521008403,0,0,5743,238,0,0,0,0
"2811",2023-01-10,18,10,5425,231,0,0,24.1302521008403,0,0,5743,238,0,0,0,0
"2812",2023-01-10,18,15,5239,226,0,0,24.1302521008403,0,0,5743,238,0,0,0,0
"2813",2023-01-10,18,20,5140,221,0,0,24.1302521008403,0,0,5743,238,0,0,0,0
"2814",2023-01-10,18,25,5096,219,0,0,24.1302521008403,0,0,5743,238,0,0,0,0
"2815",2023-01-10,18,30,5180,217,0,0,24.1302521008403,0,0,5743,238,0,0,0,0
"2816",2023-01-10,18,35,5074,217,0,0,24.1302521008403,0,0,5743,238,0,0,0,0
"2817",2023-01-10,18,40,5097,216,0,0,24.1302521008403,0,0,5743,238,0,0,0,0
"2818",2023-01-10,18,45,4794,213,0,0,24.1302521008403,0,0,5743,238,0,0,0,0
"2819",2023-01-10,18,50,4295,202,0,0,24.1302521008403,0,0,5743,238,0,0,0,0
"2820",2023-01-10,18,55,4328,205,0,0,24.1302521008403,0,0,5743,238,0,0,0,0
"2821",2023-01-10,19,0,4350,206,0,0,24.78,0,0,4956,206,0,0,0,0
"2822",2023-01-10,19,5,4523,202,0,0,24.78,0,0,4956,206,0,0,0,0
"2823",2023-01-10,19,10,4956,200,0,0,24.78,0,0,4956,206,0,0,0,0
"2824",2023-01-10,19,15,4806,199,0,0,24.78,0,0,4956,206,0,0,0,0
"2825",2023-01-10,19,20,4429,194,0,0,24.78,0,0,4956,206,0,0,0,0
"2826",2023-01-10,19,25,4407,193,0,0,24.78,0,0,4956,206,0,0,0,0
"2827",2023-01-10,19,30,4246,192,0,0,24.78,0,0,4956,206,0,0,0,0
"2828",2023-01-10,19,35,4204,188,0,0,24.78,0,0,4956,206,0,0,0,0
"2829",2023-01-10,19,40,4254,188,0,0,24.78,0,0,4956,206,0,0,0,0
"2830",2023-01-10,19,45,4446,185,0,0,24.78,0,0,4956,206,0,0,0,0
"2831",2023-01-10,19,50,4512,188,0,0,24.78,0,0,4956,206,0,0,0,0
"2832",2023-01-10,19,55,4424,183,0,0,24.78,0,0,4956,206,0,0,0,0
"2833",2023-01-10,20,0,4457,185,0,0,26.7277486910995,0,0,5113,192,0,0,0,0
"2834",2023-01-10,20,5,4853,190,0,0,26.7277486910995,0,0,5113,192,0,0,0,0
"2835",2023-01-10,20,10,4940,192,0,0,26.7277486910995,0,0,5113,192,0,0,0,0
"2836",2023-01-10,20,15,5113,192,0,0,26.7277486910995,0,0,5113,192,0,0,0,0
"2837",2023-01-10,20,20,4992,192,0,0,26.7277486910995,0,0,5113,192,0,0,0,0
"2838",2023-01-10,20,25,5068,190,0,0,26.7277486910995,0,0,5113,192,0,0,0,0
"2839",2023-01-10,20,30,5105,191,0,0,26.7277486910995,0,0,5113,192,0,0,0,0
"2840",2023-01-10,20,35,5105,191,0,0,26.7277486910995,0,0,5113,192,0,0,0,0
"2841",2023-01-10,20,40,4944,190,0,0,26.7277486910995,0,0,5113,192,0,0,0,0
"2842",2023-01-10,20,45,4764,189,0,0,26.7277486910995,0,0,5113,192,0,0,0,0
"2843",2023-01-10,20,50,4681,186,0,0,26.7277486910995,0,0,5113,192,0,0,0,0
"2844",2023-01-10,20,55,4414,186,0,0,26.7277486910995,0,0,5113,192,0,0,0,0
"2845",2023-01-10,21,0,4515,188,0,0,27.314606741573,0,0,4862,190,0,0,0,0
"2846",2023-01-10,21,5,4730,190,0,0,27.314606741573,0,0,4862,190,0,0,0,0
"2847",2023-01-10,21,15,4631,185,0,0,27.314606741573,0,0,4862,190,0,0,0,0
"2848",2023-01-10,21,20,4642,186,0,0,27.314606741573,0,0,4862,190,0,0,0,0
"2849",2023-01-10,21,25,4732,186,0,0,27.314606741573,0,0,4862,190,0,0,0,0
"2850",2023-01-10,21,30,4803,188,0,0,27.314606741573,0,0,4862,190,0,0,0,0
"2851",2023-01-10,21,35,4715,184,0,0,27.314606741573,0,0,4862,190,0,0,0,0
"2852",2023-01-10,21,40,4660,180,0,0,27.314606741573,0,0,4862,190,0,0,0,0
"2853",2023-01-10,21,45,4862,178,0,0,27.314606741573,0,0,4862,190,0,0,0,0
"2854",2023-01-10,21,50,4712,177,0,0,27.314606741573,0,0,4862,190,0,0,0,0
"2855",2023-01-10,21,55,4652,176,0,0,27.314606741573,0,0,4862,190,0,0,0,0
"2856",2023-01-10,21,10,4664,186,0,0,27.314606741573,0,0,4862,190,0,0,0,0
"2857",2023-01-10,22,0,4674,177,0,0,26.4067796610169,0,0,4674,177,0,0,0,0
"2858",2023-01-10,22,5,4412,174,0,0,26.4067796610169,0,0,4674,177,0,0,0,0
"2859",2023-01-10,22,10,4390,172,0,0,26.4067796610169,0,0,4674,177,0,0,0,0
"2860",2023-01-10,22,15,3906,170,0,0,26.4067796610169,0,0,4674,177,0,0,0,0
"2861",2023-01-10,22,20,3906,170,0,0,26.4067796610169,0,0,4674,177,0,0,0,0
"2862",2023-01-10,22,25,3966,171,0,0,26.4067796610169,0,0,4674,177,0,0,0,0
"2863",2023-01-10,22,30,3988,172,0,0,26.4067796610169,0,0,4674,177,0,0,0,0
"2864",2023-01-10,22,35,3988,172,0,0,26.4067796610169,0,0,4674,177,0,0,0,0
"2865",2023-01-10,22,40,4267,171,0,0,26.4067796610169,0,0,4674,177,0,0,0,0
"2866",2023-01-10,22,45,4234,169,0,0,26.4067796610169,0,0,4674,177,0,0,0,0
"2867",2023-01-10,22,50,3901,167,0,0,26.4067796610169,0,0,4674,177,0,0,0,0
"2868",2023-01-10,22,55,3497,164,0,0,26.4067796610169,0,0,4674,177,0,0,0,0
"2869",2023-01-10,23,0,3469,164,0,0,21.390243902439,0,0,3508,164,0,0,0,0
"2870",2023-01-10,23,5,3447,163,0,0,21.390243902439,0,0,3508,164,0,0,0,0
"2871",2023-01-10,23,10,3436,162,0,0,21.390243902439,0,0,3508,164,0,0,0,0
"2872",2023-01-10,23,15,3464,162,0,0,21.390243902439,0,0,3508,164,0,0,0,0
"2873",2023-01-10,23,20,3486,163,0,0,21.390243902439,0,0,3508,164,0,0,0,0
"2874",2023-01-10,23,25,3508,164,0,0,21.390243902439,0,0,3508,164,0,0,0,0
"2875",2023-01-10,23,30,3442,161,0,0,21.390243902439,0,0,3508,164,0,0,0,0
"2876",2023-01-10,23,35,3409,160,0,0,21.390243902439,0,0,3508,164,0,0,0,0
"2877",2023-01-10,23,40,3420,160,0,0,21.390243902439,0,0,3508,164,0,0,0,0
"2878",2023-01-10,23,45,3370,159,0,0,21.390243902439,0,0,3508,164,0,0,0,0
"2879",2023-01-10,23,50,3370,159,0,0,21.390243902439,0,0,3508,164,0,0,0,0
"2880",2023-01-10,23,55,3359,158,0,0,21.390243902439,0,0,3508,164,0,0,0,0
"2881",2023-01-11,0,0,4030,187,0,0,21.7714285714286,0,0,4030,187,0,0,0,0
"2882",2023-01-11,0,5,4008,186,0,0,21.7714285714286,0,0,4030,187,0,0,0,0
"2883",2023-01-11,0,10,3997,185,0,0,21.7714285714286,0,0,4030,187,0,0,0,0
"2884",2023-01-11,0,15,3997,185,0,0,21.7714285714286,0,0,4030,187,0,0,0,0
"2885",2023-01-11,0,20,3953,182,0,0,21.7714285714286,0,0,4030,187,0,0,0,0
"2886",2023-01-11,0,25,3953,183,0,0,21.7714285714286,0,0,4030,187,0,0,0,0
"2887",2023-01-11,0,30,3953,183,0,0,21.7714285714286,0,0,4030,187,0,0,0,0
"2888",2023-01-11,0,35,3843,177,0,0,21.7714285714286,0,0,4030,187,0,0,0,0
"2889",2023-01-11,0,40,3821,176,0,0,21.7714285714286,0,0,4030,187,0,0,0,0
"2890",2023-01-11,0,45,3821,176,0,0,21.7714285714286,0,0,4030,187,0,0,0,0
"2891",2023-01-11,0,50,3810,175,0,0,21.7714285714286,0,0,4030,187,0,0,0,0
"2892",2023-01-11,0,55,3810,175,0,0,21.7714285714286,0,0,4030,187,0,0,0,0
"2893",2023-01-11,1,0,3352,150,0,0,22.3513513513514,0,0,3352,150,0,0,0,0
"2894",2023-01-11,1,5,3352,150,0,0,22.3513513513514,0,0,3352,150,0,0,0,0
"2895",2023-01-11,1,10,3352,150,0,0,22.3513513513514,0,0,3352,150,0,0,0,0
"2896",2023-01-11,1,15,3308,148,0,0,22.3513513513514,0,0,3352,150,0,0,0,0
"2897",2023-01-11,1,20,3145,146,0,0,22.3513513513514,0,0,3352,150,0,0,0,0
"2898",2023-01-11,1,25,3156,146,0,0,22.3513513513514,0,0,3352,150,0,0,0,0
"2899",2023-01-11,1,30,3156,146,0,0,22.3513513513514,0,0,3352,150,0,0,0,0
"2900",2023-01-11,1,35,3145,145,0,0,22.3513513513514,0,0,3352,150,0,0,0,0
"2901",2023-01-11,1,40,3095,144,0,0,22.3513513513514,0,0,3352,150,0,0,0,0
"2902",2023-01-11,1,45,3145,145,0,0,22.3513513513514,0,0,3352,150,0,0,0,0
"2903",2023-01-11,1,50,3145,145,0,0,22.3513513513514,0,0,3352,150,0,0,0,0
"2904",2023-01-11,1,55,3095,144,0,0,22.3513513513514,0,0,3352,150,0,0,0,0
"2905",2023-01-11,2,0,3095,144,0,0,24.75,0,0,3564,148,0,0,0,0
"2906",2023-01-11,2,5,3139,146,0,0,24.75,0,0,3564,148,0,0,0,0
"2907",2023-01-11,2,10,3499,148,0,0,24.75,0,0,3564,148,0,0,0,0
"2908",2023-01-11,2,15,3488,147,0,0,24.75,0,0,3564,148,0,0,0,0
"2909",2023-01-11,2,20,3466,146,0,0,24.75,0,0,3564,148,0,0,0,0
"2910",2023-01-11,2,25,3466,146,0,0,24.75,0,0,3564,148,0,0,0,0
"2911",2023-01-11,2,30,3395,144,0,0,24.75,0,0,3564,148,0,0,0,0
"2912",2023-01-11,2,35,3395,144,0,0,24.75,0,0,3564,148,0,0,0,0
"2913",2023-01-11,2,40,3395,144,0,0,24.75,0,0,3564,148,0,0,0,0
"2914",2023-01-11,2,45,3564,144,0,0,24.75,0,0,3564,148,0,0,0,0
"2915",2023-01-11,2,50,3264,143,0,0,24.75,0,0,3564,148,0,0,0,0
"2916",2023-01-11,2,55,3264,143,0,0,24.75,0,0,3564,148,0,0,0,0
"2917",2023-01-11,3,0,3264,143,0,0,22.8251748251748,0,0,3264,143,0,0,0,0
"2918",2023-01-11,3,5,3264,143,0,0,22.8251748251748,0,0,3264,143,0,0,0,0
"2919",2023-01-11,3,10,3264,143,0,0,22.8251748251748,0,0,3264,143,0,0,0,0
"2920",2023-01-11,3,15,3084,142,0,0,22.8251748251748,0,0,3264,143,0,0,0,0
"2921",2023-01-11,3,20,3084,142,0,0,22.8251748251748,0,0,3264,143,0,0,0,0
"2922",2023-01-11,3,25,3084,142,0,0,22.8251748251748,0,0,3264,143,0,0,0,0
"2923",2023-01-11,3,30,3084,142,0,0,22.8251748251748,0,0,3264,143,0,0,0,0
"2924",2023-01-11,3,35,3084,142,0,0,22.8251748251748,0,0,3264,143,0,0,0,0
"2925",2023-01-11,3,40,3084,142,0,0,22.8251748251748,0,0,3264,143,0,0,0,0
"2926",2023-01-11,3,45,3084,142,0,0,22.8251748251748,0,0,3264,143,0,0,0,0
"2927",2023-01-11,3,50,3084,142,0,0,22.8251748251748,0,0,3264,143,0,0,0,0
"2928",2023-01-11,3,55,3084,142,0,0,22.8251748251748,0,0,3264,143,0,0,0,0
"2929",2023-01-11,4,0,3084,142,0,0,21.7183098591549,0,0,3084,142,0,0,0,0
"2930",2023-01-11,4,5,3084,142,0,0,21.7183098591549,0,0,3084,142,0,0,0,0
"2931",2023-01-11,4,10,3084,142,0,0,21.7183098591549,0,0,3084,142,0,0,0,0
"2932",2023-01-11,4,15,3084,142,0,0,21.7183098591549,0,0,3084,142,0,0,0,0
"2933",2023-01-11,4,20,3084,142,0,0,21.7183098591549,0,0,3084,142,0,0,0,0
"2934",2023-01-11,4,25,3084,142,0,0,21.7183098591549,0,0,3084,142,0,0,0,0
"2935",2023-01-11,4,30,3062,141,0,0,21.7183098591549,0,0,3084,142,0,0,0,0
"2936",2023-01-11,4,35,3062,141,0,0,21.7183098591549,0,0,3084,142,0,0,0,0
"2937",2023-01-11,4,40,3062,141,0,0,21.7183098591549,0,0,3084,142,0,0,0,0
"2938",2023-01-11,4,45,3062,141,0,0,21.7183098591549,0,0,3084,142,0,0,0,0
"2939",2023-01-11,4,50,3062,141,0,0,21.7183098591549,0,0,3084,142,0,0,0,0
"2940",2023-01-11,4,55,3040,140,0,0,21.7183098591549,0,0,3084,142,0,0,0,0
"2941",2023-01-11,5,0,3040,140,0,0,21.7142857142857,0,0,3040,140,0,0,0,0
"2942",2023-01-11,5,5,3040,140,0,0,21.7142857142857,0,0,3040,140,0,0,0,0
"2943",2023-01-11,5,10,3040,140,0,0,21.7142857142857,0,0,3040,140,0,0,0,0
"2944",2023-01-11,5,15,3040,140,0,0,21.7142857142857,0,0,3040,140,0,0,0,0
"2945",2023-01-11,5,20,3040,140,0,0,21.7142857142857,0,0,3040,140,0,0,0,0
"2946",2023-01-11,5,25,3040,140,0,0,21.7142857142857,0,0,3040,140,0,0,0,0
"2947",2023-01-11,5,30,3040,140,0,0,21.7142857142857,0,0,3040,140,0,0,0,0
"2948",2023-01-11,5,35,3018,139,0,0,21.7142857142857,0,0,3040,140,0,0,0,0
"2949",2023-01-11,5,40,3018,139,0,0,21.7142857142857,0,0,3040,140,0,0,0,0
"2950",2023-01-11,5,45,3018,139,0,0,21.7142857142857,0,0,3040,140,0,0,0,0
"2951",2023-01-11,5,50,3040,140,0,0,21.7142857142857,0,0,3040,140,0,0,0,0
"2952",2023-01-11,5,55,3040,140,0,0,21.7142857142857,0,0,3040,140,0,0,0,0
"2953",2023-01-11,6,0,3040,140,0,0,21.7142857142857,0,0,3040,140,0,0,0,0
"2954",2023-01-11,6,5,3040,140,0,0,21.7142857142857,0,0,3040,140,0,0,0,0
"2955",2023-01-11,6,10,3040,140,0,0,21.7142857142857,0,0,3040,140,0,0,0,0
"2956",2023-01-11,6,15,3018,139,0,0,21.7142857142857,0,0,3040,140,0,0,0,0
"2957",2023-01-11,6,20,2996,138,0,0,21.7142857142857,0,0,3040,140,0,0,0,0
"2958",2023-01-11,6,25,2996,138,0,0,21.7142857142857,0,0,3040,140,0,0,0,0
"2959",2023-01-11,6,30,2996,138,0,0,21.7142857142857,0,0,3040,140,0,0,0,0
"2960",2023-01-11,6,35,2964,137,0,0,21.7142857142857,0,0,3040,140,0,0,0,0
"2961",2023-01-11,6,40,2986,138,0,0,21.7142857142857,0,0,3040,140,0,0,0,0
"2962",2023-01-11,6,45,3030,140,0,0,21.7142857142857,0,0,3040,140,0,0,0,0
"2963",2023-01-11,6,50,3030,140,0,0,21.7142857142857,0,0,3040,140,0,0,0,0
"2964",2023-01-11,6,55,2986,138,0,0,21.7142857142857,0,0,3040,140,0,0,0,0
"2965",2023-01-11,7,0,2986,137,0,0,24.2606060606061,0,0,4003,167,0,0,0,0
"2966",2023-01-11,7,5,3008,138,0,0,24.2606060606061,0,0,4003,167,0,0,0,0
"2967",2023-01-11,7,10,3046,139,0,0,24.2606060606061,0,0,4003,167,0,0,0,0
"2968",2023-01-11,7,15,3079,141,0,0,24.2606060606061,0,0,4003,167,0,0,0,0
"2969",2023-01-11,7,20,3079,141,0,0,24.2606060606061,0,0,4003,167,0,0,0,0
"2970",2023-01-11,7,25,3079,141,0,0,24.2606060606061,0,0,4003,167,0,0,0,0
"2971",2023-01-11,7,30,3156,144,0,0,24.2606060606061,0,0,4003,167,0,0,0,0
"2972",2023-01-11,7,35,3244,149,0,0,24.2606060606061,0,0,4003,167,0,0,0,0
"2973",2023-01-11,7,40,3354,154,0,0,24.2606060606061,0,0,4003,167,0,0,0,0
"2974",2023-01-11,7,45,3365,156,0,0,24.2606060606061,0,0,4003,167,0,0,0,0
"2975",2023-01-11,7,50,3758,167,0,0,24.2606060606061,0,0,4003,167,0,0,0,0
"2976",2023-01-11,7,55,4003,165,0,0,24.2606060606061,0,0,4003,167,0,0,0,0
"2977",2023-01-11,8,0,3830,165,0,0,26.2654028436019,0,0,5542,211,0,0,0,0
"2978",2023-01-11,8,5,3703,168,0,0,26.2654028436019,0,0,5542,211,0,0,0,0
"2979",2023-01-11,8,10,3692,168,0,0,26.2654028436019,0,0,5542,211,0,0,0,0
"2980",2023-01-11,8,15,3725,169,0,0,26.2654028436019,0,0,5542,211,0,0,0,0
"2981",2023-01-11,8,20,3897,172,0,0,26.2654028436019,0,0,5542,211,0,0,0,0
"2982",2023-01-11,8,25,3984,177,0,0,26.2654028436019,0,0,5542,211,0,0,0,0
"2983",2023-01-11,8,30,4386,188,0,0,26.2654028436019,0,0,5542,211,0,0,0,0
"2984",2023-01-11,8,35,4536,188,0,0,26.2654028436019,0,0,5542,211,0,0,0,0
"2985",2023-01-11,8,40,4635,192,0,0,26.2654028436019,0,0,5542,211,0,0,0,0
"2986",2023-01-11,8,45,4701,197,0,0,26.2654028436019,0,0,5542,211,0,0,0,0
"2987",2023-01-11,8,50,4839,202,0,0,26.2654028436019,0,0,5542,211,0,0,0,0
"2988",2023-01-11,8,55,5542,211,0,0,26.2654028436019,0,0,5542,211,0,0,0,0
"2989",2023-01-11,9,0,5641,217,0,0,25.9953917050691,0,0,6429,258,0,0,0,0
"2990",2023-01-11,9,5,5839,228,0,0,25.9953917050691,0,0,6429,258,0,0,0,0
"2991",2023-01-11,9,10,5733,229,0,0,25.9953917050691,0,0,6429,258,0,0,0,0
"2992",2023-01-11,9,15,5913,230,0,0,25.9953917050691,0,0,6429,258,0,0,0,0
"2993",2023-01-11,9,20,6012,236,0,0,25.9953917050691,0,0,6429,258,0,0,0,0
"2994",2023-01-11,9,25,6048,239,0,0,25.9953917050691,0,0,6429,258,0,0,0,0
"2995",2023-01-11,9,30,5787,244,0,0,25.9953917050691,0,0,6429,258,0,0,0,0
"2996",2023-01-11,9,35,5876,248,0,0,25.9953917050691,0,0,6429,258,0,0,0,0
"2997",2023-01-11,9,40,5931,251,0,0,25.9953917050691,0,0,6429,258,0,0,0,0
"2998",2023-01-11,9,45,6429,258,0,0,25.9953917050691,0,0,6429,258,0,0,0,0
"2999",2023-01-11,9,50,6184,258,0,0,25.9953917050691,0,0,6429,258,0,0,0,0
"3000",2023-01-11,9,55,6282,258,0,0,25.9953917050691,0,0,6429,258,0,0,0,0
"3001",2023-01-11,10,0,6408,261,0,0,24.551724137931,0,0,6414,277,0,0,0,0
"3002",2023-01-11,10,5,6156,266,0,0,24.551724137931,0,0,6414,277,0,0,0,0
"3003",2023-01-11,10,10,5828,256,0,0,24.551724137931,0,0,6414,277,0,0,0,0
"3004",2023-01-11,10,15,5993,264,0,0,24.551724137931,0,0,6414,277,0,0,0,0
"3005",2023-01-11,10,20,5774,261,0,0,24.551724137931,0,0,6414,277,0,0,0,0
"3006",2023-01-11,10,25,6026,270,0,0,24.551724137931,0,0,6414,277,0,0,0,0
"3007",2023-01-11,10,30,6337,272,0,0,24.551724137931,0,0,6414,277,0,0,0,0
"3008",2023-01-11,10,35,6414,276,0,0,24.551724137931,0,0,6414,277,0,0,0,0
"3009",2023-01-11,10,40,6390,275,0,0,24.551724137931,0,0,6414,277,0,0,0,0
"3010",2023-01-11,10,45,6412,277,0,0,24.551724137931,0,0,6414,277,0,0,0,0
"3011",2023-01-11,10,50,6379,275,0,0,24.551724137931,0,0,6414,277,0,0,0,0
"3012",2023-01-11,10,55,6237,274,0,0,24.551724137931,0,0,6414,277,0,0,0,0
"3013",2023-01-11,11,0,6382,271,0,0,23.549815498155,0,0,6382,284,0,0,0,0
"3014",2023-01-11,11,5,6235,272,0,0,23.549815498155,0,0,6382,284,0,0,0,0
"3015",2023-01-11,11,10,6138,276,0,0,23.549815498155,0,0,6382,284,0,0,0,0
"3016",2023-01-11,11,15,5898,276,0,0,23.549815498155,0,0,6382,284,0,0,0,0
"3017",2023-01-11,11,20,5920,278,0,0,23.549815498155,0,0,6382,284,0,0,0,0
"3018",2023-01-11,11,25,5986,281,0,0,23.549815498155,0,0,6382,284,0,0,0,0
"3019",2023-01-11,11,30,5954,283,0,0,23.549815498155,0,0,6382,284,0,0,0,0
"3020",2023-01-11,11,35,5943,283,0,0,23.549815498155,0,0,6382,284,0,0,0,0
"3021",2023-01-11,11,40,6091,282,0,0,23.549815498155,0,0,6382,284,0,0,0,0
"3022",2023-01-11,11,45,6293,284,0,0,23.549815498155,0,0,6382,284,0,0,0,0
"3023",2023-01-11,11,50,6227,281,0,0,23.549815498155,0,0,6382,284,0,0,0,0
"3024",2023-01-11,11,55,6255,279,0,0,23.549815498155,0,0,6382,284,0,0,0,0
"3025",2023-01-11,12,0,6522,279,0,0,24.4561403508772,0,0,6970,285,0,0,0,0
"3026",2023-01-11,12,5,6970,285,0,0,24.4561403508772,0,0,6970,285,0,0,0,0
"3027",2023-01-11,12,10,6651,282,0,0,24.4561403508772,0,0,6970,285,0,0,0,0
"3028",2023-01-11,12,15,6345,278,0,0,24.4561403508772,0,0,6970,285,0,0,0,0
"3029",2023-01-11,12,20,6607,281,0,0,24.4561403508772,0,0,6970,285,0,0,0,0
"3030",2023-01-11,12,25,6061,275,0,0,24.4561403508772,0,0,6970,285,0,0,0,0
"3031",2023-01-11,12,30,5934,269,0,0,24.4561403508772,0,0,6970,285,0,0,0,0
"3032",2023-01-11,12,35,5857,265,0,0,24.4561403508772,0,0,6970,285,0,0,0,0
"3033",2023-01-11,12,40,5798,264,0,0,24.4561403508772,0,0,6970,285,0,0,0,0
"3034",2023-01-11,12,45,5568,255,0,0,24.4561403508772,0,0,6970,285,0,0,0,0
"3035",2023-01-11,12,50,5540,251,0,0,24.4561403508772,0,0,6970,285,0,0,0,0
"3036",2023-01-11,12,55,5605,248,0,0,24.4561403508772,0,0,6970,285,0,0,0,0
"3037",2023-01-11,13,0,5539,244,0,0,25.3318965517241,0,0,5987,244,0,0,0,0
"3038",2023-01-11,13,5,5254,232,0,0,25.3318965517241,0,0,5987,244,0,0,0,0
"3039",2023-01-11,13,10,5088,228,0,0,25.3318965517241,0,0,5987,244,0,0,0,0
"3040",2023-01-11,13,15,5181,230,0,0,25.3318965517241,0,0,5987,244,0,0,0,0
"3041",2023-01-11,13,20,5380,231,0,0,25.3318965517241,0,0,5987,244,0,0,0,0
"3042",2023-01-11,13,25,5509,236,0,0,25.3318965517241,0,0,5987,244,0,0,0,0
"3043",2023-01-11,13,30,5923,241,0,0,25.3318965517241,0,0,5987,244,0,0,0,0
"3044",2023-01-11,13,35,5987,238,0,0,25.3318965517241,0,0,5987,244,0,0,0,0
"3045",2023-01-11,13,40,5812,235,0,0,25.3318965517241,0,0,5987,244,0,0,0,0
"3046",2023-01-11,13,45,5528,231,0,0,25.3318965517241,0,0,5987,244,0,0,0,0
"3047",2023-01-11,13,50,5708,232,0,0,25.3318965517241,0,0,5987,244,0,0,0,0
"3048",2023-01-11,13,55,5877,232,0,0,25.3318965517241,0,0,5987,244,0,0,0,0
"3049",2023-01-11,14,0,5794,229,0,0,25.5576036866359,0,0,5794,245,0,0,0,0
"3050",2023-01-11,14,5,5546,217,0,0,25.5576036866359,0,0,5794,245,0,0,0,0
"3051",2023-01-11,14,10,4864,214,0,0,25.5576036866359,0,0,5794,245,0,0,0,0
"3052",2023-01-11,14,15,4971,218,0,0,25.5576036866359,0,0,5794,245,0,0,0,0
"3053",2023-01-11,14,20,5392,227,0,0,25.5576036866359,0,0,5794,245,0,0,0,0
"3054",2023-01-11,14,25,5502,234,0,0,25.5576036866359,0,0,5794,245,0,0,0,0
"3055",2023-01-11,14,30,5440,235,0,0,25.5576036866359,0,0,5794,245,0,0,0,0
"3056",2023-01-11,14,35,5304,237,0,0,25.5576036866359,0,0,5794,245,0,0,0,0
"3057",2023-01-11,14,40,5483,238,0,0,25.5576036866359,0,0,5794,245,0,0,0,0
"3058",2023-01-11,14,45,3441,139,0,0,25.5576036866359,0,0,5794,245,0,0,0,0
"3059",2023-01-11,14,50,5313,244,0,0,25.5576036866359,0,0,5794,245,0,0,0,0
"3060",2023-01-11,14,55,5471,245,0,0,25.5576036866359,0,0,5794,245,0,0,0,0
"3061",2023-01-11,15,0,5313,245,0,0,25.8221343873518,0,0,6614,264,0,0,0,0
"3062",2023-01-11,15,5,5215,243,0,0,25.8221343873518,0,0,6614,264,0,0,0,0
"3063",2023-01-11,15,10,5430,246,0,0,25.8221343873518,0,0,6614,264,0,0,0,0
"3064",2023-01-11,15,15,5952,249,0,0,25.8221343873518,0,0,6614,264,0,0,0,0
"3065",2023-01-11,15,20,6203,251,0,0,25.8221343873518,0,0,6614,264,0,0,0,0
"3066",2023-01-11,15,25,6148,248,0,0,25.8221343873518,0,0,6614,264,0,0,0,0
"3067",2023-01-11,15,30,6533,253,0,0,25.8221343873518,0,0,6614,264,0,0,0,0
"3068",2023-01-11,15,35,6096,253,0,0,25.8221343873518,0,0,6614,264,0,0,0,0
"3069",2023-01-11,15,40,6380,259,0,0,25.8221343873518,0,0,6614,264,0,0,0,0
"3070",2023-01-11,15,45,6473,255,0,0,25.8221343873518,0,0,6614,264,0,0,0,0
"3071",2023-01-11,15,50,6614,257,0,0,25.8221343873518,0,0,6614,264,0,0,0,0
"3072",2023-01-11,15,55,6541,264,0,0,25.8221343873518,0,0,6614,264,0,0,0,0
"3073",2023-01-11,16,0,6413,264,0,0,24.2916666666667,0,0,6413,269,0,0,0,0
"3074",2023-01-11,16,5,6412,267,0,0,24.2916666666667,0,0,6413,269,0,0,0,0
"3075",2023-01-11,16,10,6178,269,0,0,24.2916666666667,0,0,6413,269,0,0,0,0
"3076",2023-01-11,16,15,6080,269,0,0,24.2916666666667,0,0,6413,269,0,0,0,0
"3077",2023-01-11,16,20,6058,268,0,0,24.2916666666667,0,0,6413,269,0,0,0,0
"3078",2023-01-11,16,25,6016,264,0,0,24.2916666666667,0,0,6413,269,0,0,0,0
"3079",2023-01-11,16,30,5761,259,0,0,24.2916666666667,0,0,6413,269,0,0,0,0
"3080",2023-01-11,16,35,5731,259,0,0,24.2916666666667,0,0,6413,269,0,0,0,0
"3081",2023-01-11,16,40,5137,235,0,0,24.2916666666667,0,0,6413,269,0,0,0,0
"3082",2023-01-11,16,45,5454,241,0,0,24.2916666666667,0,0,6413,269,0,0,0,0
"3083",2023-01-11,16,50,5476,242,0,0,24.2916666666667,0,0,6413,269,0,0,0,0
"3084",2023-01-11,16,55,5757,256,0,0,24.2916666666667,0,0,6413,269,0,0,0,0
"3085",2023-01-11,17,0,5663,253,0,0,23.9409448818898,0,0,6081,254,0,0,0,0
"3086",2023-01-11,17,5,5505,253,0,0,23.9409448818898,0,0,6081,254,0,0,0,0
"3087",2023-01-11,17,10,5761,252,0,0,23.9409448818898,0,0,6081,254,0,0,0,0
"3088",2023-01-11,17,15,6081,254,0,0,23.9409448818898,0,0,6081,254,0,0,0,0
"3089",2023-01-11,17,20,5298,250,0,0,23.9409448818898,0,0,6081,254,0,0,0,0
"3090",2023-01-11,17,25,5287,250,0,0,23.9409448818898,0,0,6081,254,0,0,0,0
"3091",2023-01-11,17,30,5266,250,0,0,23.9409448818898,0,0,6081,254,0,0,0,0
"3092",2023-01-11,17,35,5255,248,0,0,23.9409448818898,0,0,6081,254,0,0,0,0
"3093",2023-01-11,17,40,5189,245,0,0,23.9409448818898,0,0,6081,254,0,0,0,0
"3094",2023-01-11,17,45,5328,246,0,0,23.9409448818898,0,0,6081,254,0,0,0,0
"3095",2023-01-11,17,50,5334,245,0,0,23.9409448818898,0,0,6081,254,0,0,0,0
"3096",2023-01-11,17,55,5279,242,0,0,23.9409448818898,0,0,6081,254,0,0,0,0
"3097",2023-01-11,18,0,5243,237,0,0,24.7029288702929,0,0,5904,240,0,0,0,0
"3098",2023-01-11,18,5,5524,240,0,0,24.7029288702929,0,0,5904,240,0,0,0,0
"3099",2023-01-11,18,10,5602,240,0,0,24.7029288702929,0,0,5904,240,0,0,0,0
"3100",2023-01-11,18,15,5793,240,0,0,24.7029288702929,0,0,5904,240,0,0,0,0
"3101",2023-01-11,18,20,5806,240,0,0,24.7029288702929,0,0,5904,240,0,0,0,0
"3102",2023-01-11,18,25,5904,239,0,0,24.7029288702929,0,0,5904,240,0,0,0,0
"3103",2023-01-11,18,30,5771,237,0,0,24.7029288702929,0,0,5904,240,0,0,0,0
"3104",2023-01-11,18,35,5521,234,0,0,24.7029288702929,0,0,5904,240,0,0,0,0
"3105",2023-01-11,18,40,5507,231,0,0,24.7029288702929,0,0,5904,240,0,0,0,0
"3106",2023-01-11,18,45,5533,228,0,0,24.7029288702929,0,0,5904,240,0,0,0,0
"3107",2023-01-11,18,50,5544,228,0,0,24.7029288702929,0,0,5904,240,0,0,0,0
"3108",2023-01-11,18,55,5405,226,0,0,24.7029288702929,0,0,5904,240,0,0,0,0
"3109",2023-01-11,19,0,5091,222,0,0,23.3256880733945,0,0,5213,225,0,0,0,0
"3110",2023-01-11,19,5,5213,225,0,0,23.3256880733945,0,0,5213,225,0,0,0,0
"3111",2023-01-11,19,10,5115,224,0,0,23.3256880733945,0,0,5213,225,0,0,0,0
"3112",2023-01-11,19,15,5091,223,0,0,23.3256880733945,0,0,5213,225,0,0,0,0
"3113",2023-01-11,19,20,5082,221,0,0,23.3256880733945,0,0,5213,225,0,0,0,0
"3114",2023-01-11,19,25,5129,220,0,0,23.3256880733945,0,0,5213,225,0,0,0,0
"3115",2023-01-11,19,30,5085,218,0,0,23.3256880733945,0,0,5213,225,0,0,0,0
"3116",2023-01-11,19,35,5038,216,0,0,23.3256880733945,0,0,5213,225,0,0,0,0
"3117",2023-01-11,19,40,5010,217,0,0,23.3256880733945,0,0,5213,225,0,0,0,0
"3118",2023-01-11,19,45,5017,217,0,0,23.3256880733945,0,0,5213,225,0,0,0,0
"3119",2023-01-11,19,50,4771,213,0,0,23.3256880733945,0,0,5213,225,0,0,0,0
"3120",2023-01-11,19,55,4977,214,0,0,23.3256880733945,0,0,5213,225,0,0,0,0
"3121",2023-01-11,20,0,4900,211,0,0,25.2450980392157,0,0,5170,212,0,0,0,0
"3122",2023-01-11,20,5,4856,209,0,0,25.2450980392157,0,0,5170,212,0,0,0,0
"3123",2023-01-11,20,10,4756,209,0,0,25.2450980392157,0,0,5170,212,0,0,0,0
"3124",2023-01-11,20,15,4658,209,0,0,25.2450980392157,0,0,5170,212,0,0,0,0
"3125",2023-01-11,20,20,4463,208,0,0,25.2450980392157,0,0,5170,212,0,0,0,0
"3126",2023-01-11,20,25,4856,211,0,0,25.2450980392157,0,0,5170,212,0,0,0,0
"3127",2023-01-11,20,30,4916,212,0,0,25.2450980392157,0,0,5170,212,0,0,0,0
"3128",2023-01-11,20,35,4978,209,0,0,25.2450980392157,0,0,5170,212,0,0,0,0
"3129",2023-01-11,20,40,4994,208,0,0,25.2450980392157,0,0,5170,212,0,0,0,0
"3130",2023-01-11,20,45,5042,206,0,0,25.2450980392157,0,0,5170,212,0,0,0,0
"3131",2023-01-11,20,50,5170,205,0,0,25.2450980392157,0,0,5170,212,0,0,0,0
"3132",2023-01-11,20,55,5150,204,0,0,25.2450980392157,0,0,5170,212,0,0,0,0
"3133",2023-01-11,21,0,5297,209,0,0,25.9831460674157,0,0,5324,214,0,0,0,0
"3134",2023-01-11,21,5,4625,178,0,0,25.9831460674157,0,0,5324,214,0,0,0,0
"3135",2023-01-11,21,10,5231,212,0,0,25.9831460674157,0,0,5324,214,0,0,0,0
"3136",2023-01-11,21,15,5324,214,0,0,25.9831460674157,0,0,5324,214,0,0,0,0
"3137",2023-01-11,21,20,4901,210,0,0,25.9831460674157,0,0,5324,214,0,0,0,0
"3138",2023-01-11,21,25,5179,210,0,0,25.9831460674157,0,0,5324,214,0,0,0,0
"3139",2023-01-11,21,30,4775,206,0,0,25.9831460674157,0,0,5324,214,0,0,0,0
"3140",2023-01-11,21,35,4709,203,0,0,25.9831460674157,0,0,5324,214,0,0,0,0
"3141",2023-01-11,21,40,4731,204,0,0,25.9831460674157,0,0,5324,214,0,0,0,0
"3142",2023-01-11,21,45,4819,205,0,0,25.9831460674157,0,0,5324,214,0,0,0,0
"3143",2023-01-11,21,50,4841,206,0,0,25.9831460674157,0,0,5324,214,0,0,0,0
"3144",2023-01-11,21,55,4991,207,0,0,25.9831460674157,0,0,5324,214,0,0,0,0
"3145",2023-01-11,22,0,4991,207,0,0,24.2437810945274,0,0,4991,207,0,0,0,0
"3146",2023-01-11,22,5,4969,206,0,0,24.2437810945274,0,0,4991,207,0,0,0,0
"3147",2023-01-11,22,10,4865,203,0,0,24.2437810945274,0,0,4991,207,0,0,0,0
"3148",2023-01-11,22,15,4873,201,0,0,24.2437810945274,0,0,4991,207,0,0,0,0
"3149",2023-01-11,22,20,4521,199,0,0,24.2437810945274,0,0,4991,207,0,0,0,0
"3150",2023-01-11,22,25,4565,201,0,0,24.2437810945274,0,0,4991,207,0,0,0,0
"3151",2023-01-11,22,30,4415,200,0,0,24.2437810945274,0,0,4991,207,0,0,0,0
"3152",2023-01-11,22,35,4415,200,0,0,24.2437810945274,0,0,4991,207,0,0,0,0
"3153",2023-01-11,22,40,4497,201,0,0,24.2437810945274,0,0,4991,207,0,0,0,0
"3154",2023-01-11,22,45,4519,202,0,0,24.2437810945274,0,0,4991,207,0,0,0,0
"3155",2023-01-11,22,50,4497,201,0,0,24.2437810945274,0,0,4991,207,0,0,0,0
"3156",2023-01-11,22,55,4459,201,0,0,24.2437810945274,0,0,4991,207,0,0,0,0
"3157",2023-01-11,23,0,4604,198,0,0,24.1487179487179,0,0,4764,199,0,0,0,0
"3158",2023-01-11,23,5,4762,198,0,0,24.1487179487179,0,0,4764,199,0,0,0,0
"3159",2023-01-11,23,10,4642,197,0,0,24.1487179487179,0,0,4764,199,0,0,0,0
"3160",2023-01-11,23,15,4764,199,0,0,24.1487179487179,0,0,4764,199,0,0,0,0
"3161",2023-01-11,23,20,4742,197,0,0,24.1487179487179,0,0,4764,199,0,0,0,0
"3162",2023-01-11,23,25,4709,195,0,0,24.1487179487179,0,0,4764,199,0,0,0,0
"3163",2023-01-11,23,30,4529,194,0,0,24.1487179487179,0,0,4764,199,0,0,0,0
"3164",2023-01-11,23,35,4507,193,0,0,24.1487179487179,0,0,4764,199,0,0,0,0
"3165",2023-01-11,23,40,4507,193,0,0,24.1487179487179,0,0,4764,199,0,0,0,0
"3166",2023-01-11,23,45,4185,191,0,0,24.1487179487179,0,0,4764,199,0,0,0,0
"3167",2023-01-11,23,50,4085,190,0,0,24.1487179487179,0,0,4764,199,0,0,0,0
"3168",2023-01-11,23,55,4085,190,0,0,24.1487179487179,0,0,4764,199,0,0,0,0
"3169",2023-01-12,0,0,4215,196,0,0,21.5449735449735,0,0,4215,196,0,0,0,0
"3170",2023-01-12,0,5,4193,195,0,0,21.5449735449735,0,0,4215,196,0,0,0,0
"3171",2023-01-12,0,10,4149,193,0,0,21.5449735449735,0,0,4215,196,0,0,0,0
"3172",2023-01-12,0,15,4149,193,0,0,21.5449735449735,0,0,4215,196,0,0,0,0
"3173",2023-01-12,0,20,4149,193,0,0,21.5449735449735,0,0,4215,196,0,0,0,0
"3174",2023-01-12,0,25,4149,193,0,0,21.5449735449735,0,0,4215,196,0,0,0,0
"3175",2023-01-12,0,30,4127,192,0,0,21.5449735449735,0,0,4215,196,0,0,0,0
"3176",2023-01-12,0,35,4072,189,0,0,21.5449735449735,0,0,4215,196,0,0,0,0
"3177",2023-01-12,0,40,4072,189,0,0,21.5449735449735,0,0,4215,196,0,0,0,0
"3178",2023-01-12,0,45,4072,190,0,0,21.5449735449735,0,0,4215,196,0,0,0,0
"3179",2023-01-12,0,50,4072,190,0,0,21.5449735449735,0,0,4215,196,0,0,0,0
"3180",2023-01-12,0,55,4072,190,0,0,21.5449735449735,0,0,4215,196,0,0,0,0
"3181",2023-01-12,1,0,3777,174,0,0,21.766081871345,0,0,3777,174,0,0,0,0
"3182",2023-01-12,1,5,3755,173,0,0,21.766081871345,0,0,3777,174,0,0,0,0
"3183",2023-01-12,1,10,3755,173,0,0,21.766081871345,0,0,3777,174,0,0,0,0
"3184",2023-01-12,1,15,3733,172,0,0,21.766081871345,0,0,3777,174,0,0,0,0
"3185",2023-01-12,1,20,3733,172,0,0,21.766081871345,0,0,3777,174,0,0,0,0
"3186",2023-01-12,1,25,3722,171,0,0,21.766081871345,0,0,3777,174,0,0,0,0
"3187",2023-01-12,1,30,3722,171,0,0,21.766081871345,0,0,3777,174,0,0,0,0
"3188",2023-01-12,1,35,3722,171,0,0,21.766081871345,0,0,3777,174,0,0,0,0
"3189",2023-01-12,1,40,3700,170,0,0,21.766081871345,0,0,3777,174,0,0,0,0
"3190",2023-01-12,1,45,3700,170,0,0,21.766081871345,0,0,3777,174,0,0,0,0
"3191",2023-01-12,1,50,3700,170,0,0,21.766081871345,0,0,3777,174,0,0,0,0
"3192",2023-01-12,1,55,3722,171,0,0,21.766081871345,0,0,3777,174,0,0,0,0
"3193",2023-01-12,2,0,3722,171,0,0,21.8636363636364,0,0,3848,176,0,0,0,0
"3194",2023-01-12,2,5,3810,176,0,0,21.8636363636364,0,0,3848,176,0,0,0,0
"3195",2023-01-12,2,10,3810,176,0,0,21.8636363636364,0,0,3848,176,0,0,0,0
"3196",2023-01-12,2,15,3848,176,0,0,21.8636363636364,0,0,3848,176,0,0,0,0
"3197",2023-01-12,2,20,3826,175,0,0,21.8636363636364,0,0,3848,176,0,0,0,0
"3198",2023-01-12,2,25,3804,174,0,0,21.8636363636364,0,0,3848,176,0,0,0,0
"3199",2023-01-12,2,30,3804,174,0,0,21.8636363636364,0,0,3848,176,0,0,0,0
"3200",2023-01-12,2,35,3744,173,0,0,21.8636363636364,0,0,3848,176,0,0,0,0
"3201",2023-01-12,2,40,3733,172,0,0,21.8636363636364,0,0,3848,176,0,0,0,0
"3202",2023-01-12,2,45,3744,173,0,0,21.8636363636364,0,0,3848,176,0,0,0,0
"3203",2023-01-12,2,50,3744,173,0,0,21.8636363636364,0,0,3848,176,0,0,0,0
"3204",2023-01-12,2,55,3804,174,0,0,21.8636363636364,0,0,3848,176,0,0,0,0
"3205",2023-01-12,3,0,3804,174,0,0,21.9244186046512,0,0,3804,174,0,0,0,0
"3206",2023-01-12,3,5,3771,172,0,0,21.9244186046512,0,0,3804,174,0,0,0,0
"3207",2023-01-12,3,10,3749,171,0,0,21.9244186046512,0,0,3804,174,0,0,0,0
"3208",2023-01-12,3,15,3689,170,0,0,21.9244186046512,0,0,3804,174,0,0,0,0
"3209",2023-01-12,3,20,3689,170,0,0,21.9244186046512,0,0,3804,174,0,0,0,0
"3210",2023-01-12,3,25,3689,170,0,0,21.9244186046512,0,0,3804,174,0,0,0,0
"3211",2023-01-12,3,30,3689,170,0,0,21.9244186046512,0,0,3804,174,0,0,0,0
"3212",2023-01-12,3,35,3689,170,0,0,21.9244186046512,0,0,3804,174,0,0,0,0
"3213",2023-01-12,3,40,3689,170,0,0,21.9244186046512,0,0,3804,174,0,0,0,0
"3214",2023-01-12,3,45,3689,170,0,0,21.9244186046512,0,0,3804,174,0,0,0,0
"3215",2023-01-12,3,50,3689,170,0,0,21.9244186046512,0,0,3804,174,0,0,0,0
"3216",2023-01-12,3,55,3667,169,0,0,21.9244186046512,0,0,3804,174,0,0,0,0
"3217",2023-01-12,4,0,3667,169,0,0,21.8263473053892,0,0,3667,169,0,0,0,0
"3218",2023-01-12,4,5,3667,169,0,0,21.8263473053892,0,0,3667,169,0,0,0,0
"3219",2023-01-12,4,10,3667,169,0,0,21.8263473053892,0,0,3667,169,0,0,0,0
"3220",2023-01-12,4,15,3667,169,0,0,21.8263473053892,0,0,3667,169,0,0,0,0
"3221",2023-01-12,4,20,3667,169,0,0,21.8263473053892,0,0,3667,169,0,0,0,0
"3222",2023-01-12,4,25,3645,167,0,0,21.8263473053892,0,0,3667,169,0,0,0,0
"3223",2023-01-12,4,30,3645,167,0,0,21.8263473053892,0,0,3667,169,0,0,0,0
"3224",2023-01-12,4,35,3645,167,0,0,21.8263473053892,0,0,3667,169,0,0,0,0
"3225",2023-01-12,4,40,3645,167,0,0,21.8263473053892,0,0,3667,169,0,0,0,0
"3226",2023-01-12,4,45,3645,167,0,0,21.8263473053892,0,0,3667,169,0,0,0,0
"3227",2023-01-12,4,50,3623,166,0,0,21.8263473053892,0,0,3667,169,0,0,0,0
"3228",2023-01-12,4,55,3623,166,0,0,21.8263473053892,0,0,3667,169,0,0,0,0
"3229",2023-01-12,5,0,3623,166,0,0,21.9573170731707,0,0,3623,166,0,0,0,0
"3230",2023-01-12,5,5,3623,166,0,0,21.9573170731707,0,0,3623,166,0,0,0,0
"3231",2023-01-12,5,10,3612,165,0,0,21.9573170731707,0,0,3623,166,0,0,0,0
"3232",2023-01-12,5,15,3612,165,0,0,21.9573170731707,0,0,3623,166,0,0,0,0
"3233",2023-01-12,5,20,3612,165,0,0,21.9573170731707,0,0,3623,166,0,0,0,0
"3234",2023-01-12,5,25,3612,165,0,0,21.9573170731707,0,0,3623,166,0,0,0,0
"3235",2023-01-12,5,30,3612,165,0,0,21.9573170731707,0,0,3623,166,0,0,0,0
"3236",2023-01-12,5,35,3612,165,0,0,21.9573170731707,0,0,3623,166,0,0,0,0
"3237",2023-01-12,5,40,3601,164,0,0,21.9573170731707,0,0,3623,166,0,0,0,0
"3238",2023-01-12,5,45,3601,164,0,0,21.9573170731707,0,0,3623,166,0,0,0,0
"3239",2023-01-12,5,50,3579,163,0,0,21.9573170731707,0,0,3623,166,0,0,0,0
"3240",2023-01-12,5,55,3579,163,0,0,21.9573170731707,0,0,3623,166,0,0,0,0
"3241",2023-01-12,6,0,3639,164,0,0,22.1901840490798,0,0,3639,164,0,0,0,0
"3242",2023-01-12,6,5,3617,163,0,0,22.1901840490798,0,0,3639,164,0,0,0,0
"3243",2023-01-12,6,10,3617,163,0,0,22.1901840490798,0,0,3639,164,0,0,0,0
"3244",2023-01-12,6,15,3617,163,0,0,22.1901840490798,0,0,3639,164,0,0,0,0
"3245",2023-01-12,6,20,3617,163,0,0,22.1901840490798,0,0,3639,164,0,0,0,0
"3246",2023-01-12,6,25,3617,163,0,0,22.1901840490798,0,0,3639,164,0,0,0,0
"3247",2023-01-12,6,30,3585,162,0,0,22.1901840490798,0,0,3639,164,0,0,0,0
"3248",2023-01-12,6,35,3585,162,0,0,22.1901840490798,0,0,3639,164,0,0,0,0
"3249",2023-01-12,6,40,3585,162,0,0,22.1901840490798,0,0,3639,164,0,0,0,0
"3250",2023-01-12,6,45,3585,162,0,0,22.1901840490798,0,0,3639,164,0,0,0,0
"3251",2023-01-12,6,50,3525,161,0,0,22.1901840490798,0,0,3639,164,0,0,0,0
"3252",2023-01-12,6,55,3580,164,0,0,22.1901840490798,0,0,3639,164,0,0,0,0
"3253",2023-01-12,7,0,3569,164,0,0,22.3602150537634,0,0,4247,191,0,0,0,0
"3254",2023-01-12,7,5,3602,165,0,0,22.3602150537634,0,0,4247,191,0,0,0,0
"3255",2023-01-12,7,10,3602,165,0,0,22.3602150537634,0,0,4247,191,0,0,0,0
"3256",2023-01-12,7,15,3613,168,0,0,22.3602150537634,0,0,4247,191,0,0,0,0
"3257",2023-01-12,7,20,3635,169,0,0,22.3602150537634,0,0,4247,191,0,0,0,0
"3258",2023-01-12,7,25,3668,171,0,0,22.3602150537634,0,0,4247,191,0,0,0,0
"3259",2023-01-12,7,30,3701,173,0,0,22.3602150537634,0,0,4247,191,0,0,0,0
"3260",2023-01-12,7,35,3811,179,0,0,22.3602150537634,0,0,4247,191,0,0,0,0
"3261",2023-01-12,7,40,3822,180,0,0,22.3602150537634,0,0,4247,191,0,0,0,0
"3262",2023-01-12,7,45,3966,184,0,0,22.3602150537634,0,0,4247,191,0,0,0,0
"3263",2023-01-12,7,50,4159,186,0,0,22.3602150537634,0,0,4247,191,0,0,0,0
"3264",2023-01-12,7,55,4247,191,0,0,22.3602150537634,0,0,4247,191,0,0,0,0
"3265",2023-01-12,8,0,4324,195,0,0,24.4868421052632,0,0,5734,236,0,0,0,0
"3266",2023-01-12,8,5,4346,197,0,0,24.4868421052632,0,0,5734,236,0,0,0,0
"3267",2023-01-12,8,10,4346,198,0,0,24.4868421052632,0,0,5734,236,0,0,0,0
"3268",2023-01-12,8,15,4357,198,0,0,24.4868421052632,0,0,5734,236,0,0,0,0
"3269",2023-01-12,8,20,4478,205,0,0,24.4868421052632,0,0,5734,236,0,0,0,0
"3270",2023-01-12,8,25,4781,204,0,0,24.4868421052632,0,0,5734,236,0,0,0,0
"3271",2023-01-12,8,30,5047,215,0,0,24.4868421052632,0,0,5734,236,0,0,0,0
"3272",2023-01-12,8,35,5205,215,0,0,24.4868421052632,0,0,5734,236,0,0,0,0
"3273",2023-01-12,8,40,5583,228,0,0,24.4868421052632,0,0,5734,236,0,0,0,0
"3274",2023-01-12,8,45,5638,232,0,0,24.4868421052632,0,0,5734,236,0,0,0,0
"3275",2023-01-12,8,50,5502,235,0,0,24.4868421052632,0,0,5734,236,0,0,0,0
"3276",2023-01-12,8,55,5734,236,0,0,24.4868421052632,0,0,5734,236,0,0,0,0
"3277",2023-01-12,9,0,5666,233,0,0,24.3175965665236,0,0,6133,278,0,0,0,0
"3278",2023-01-12,9,5,5908,247,0,0,24.3175965665236,0,0,6133,278,0,0,0,0
"3279",2023-01-12,9,10,5766,246,0,0,24.3175965665236,0,0,6133,278,0,0,0,0
"3280",2023-01-12,9,15,5609,252,0,0,24.3175965665236,0,0,6133,278,0,0,0,0
"3281",2023-01-12,9,20,5353,253,0,0,24.3175965665236,0,0,6133,278,0,0,0,0
"3282",2023-01-12,9,25,5037,252,0,0,24.3175965665236,0,0,6133,278,0,0,0,0
"3283",2023-01-12,9,30,5082,255,0,0,24.3175965665236,0,0,6133,278,0,0,0,0
"3284",2023-01-12,9,35,5629,265,0,0,24.3175965665236,0,0,6133,278,0,0,0,0
"3285",2023-01-12,9,40,5874,263,0,0,24.3175965665236,0,0,6133,278,0,0,0,0
"3286",2023-01-12,9,45,6067,272,0,0,24.3175965665236,0,0,6133,278,0,0,0,0
"3287",2023-01-12,9,50,6133,276,0,0,24.3175965665236,0,0,6133,278,0,0,0,0
"3288",2023-01-12,9,55,5649,278,0,0,24.3175965665236,0,0,6133,278,0,0,0,0
"3289",2023-01-12,10,0,5704,280,0,0,20.8718861209964,0,0,5897,287,0,0,0,0
"3290",2023-01-12,10,5,5649,277,0,0,20.8718861209964,0,0,5897,287,0,0,0,0
"3291",2023-01-12,10,10,5693,279,0,0,20.8718861209964,0,0,5897,287,0,0,0,0
"3292",2023-01-12,10,15,5691,279,0,0,20.8718861209964,0,0,5897,287,0,0,0,0
"3293",2023-01-12,10,20,5702,280,0,0,20.8718861209964,0,0,5897,287,0,0,0,0
"3294",2023-01-12,10,25,5630,278,0,0,20.8718861209964,0,0,5897,287,0,0,0,0
"3295",2023-01-12,10,30,5693,279,0,0,20.8718861209964,0,0,5897,287,0,0,0,0
"3296",2023-01-12,10,35,5865,281,0,0,20.8718861209964,0,0,5897,287,0,0,0,0
"3297",2023-01-12,10,40,5848,283,0,0,20.8718861209964,0,0,5897,287,0,0,0,0
"3298",2023-01-12,10,45,5848,283,0,0,20.8718861209964,0,0,5897,287,0,0,0,0
"3299",2023-01-12,10,50,5897,287,0,0,20.8718861209964,0,0,5897,287,0,0,0,0
"3300",2023-01-12,10,55,5747,286,0,0,20.8718861209964,0,0,5897,287,0,0,0,0
"3301",2023-01-12,11,0,5747,286,0,0,22.2626262626263,0,0,6612,297,0,0,0,0
"3302",2023-01-12,11,5,6151,291,0,0,22.2626262626263,0,0,6612,297,0,0,0,0
"3303",2023-01-12,11,10,6379,293,0,0,22.2626262626263,0,0,6612,297,0,0,0,0
"3304",2023-01-12,11,15,6434,296,0,0,22.2626262626263,0,0,6612,297,0,0,0,0
"3305",2023-01-12,11,20,6612,297,0,0,22.2626262626263,0,0,6612,297,0,0,0,0
"3306",2023-01-12,11,25,6484,297,0,0,22.2626262626263,0,0,6612,297,0,0,0,0
"3307",2023-01-12,11,30,6462,297,0,0,22.2626262626263,0,0,6612,297,0,0,0,0
"3308",2023-01-12,11,35,6491,295,0,0,22.2626262626263,0,0,6612,297,0,0,0,0
"3309",2023-01-12,11,40,6552,296,0,0,22.2626262626263,0,0,6612,297,0,0,0,0
"3310",2023-01-12,11,45,6519,294,0,0,22.2626262626263,0,0,6612,297,0,0,0,0
"3311",2023-01-12,11,50,6290,293,0,0,22.2626262626263,0,0,6612,297,0,0,0,0
"3312",2023-01-12,11,55,6009,290,0,0,22.2626262626263,0,0,6612,297,0,0,0,0
"3313",2023-01-12,12,0,6031,291,0,0,21.4,0,0,6206,291,0,0,0,0
"3314",2023-01-12,12,5,6020,290,0,0,21.4,0,0,6206,291,0,0,0,0
"3315",2023-01-12,12,10,6206,290,0,0,21.4,0,0,6206,291,0,0,0,0
"3316",2023-01-12,12,15,6206,290,0,0,21.4,0,0,6206,291,0,0,0,0
"3317",2023-01-12,12,20,5950,287,0,0,21.4,0,0,6206,291,0,0,0,0
"3318",2023-01-12,12,25,5871,287,0,0,21.4,0,0,6206,291,0,0,0,0
"3319",2023-01-12,12,30,5838,284,0,0,21.4,0,0,6206,291,0,0,0,0
"3320",2023-01-12,12,35,5914,287,0,0,21.4,0,0,6206,291,0,0,0,0
"3321",2023-01-12,12,40,5421,271,0,0,21.4,0,0,6206,291,0,0,0,0
"3322",2023-01-12,12,45,5646,267,0,0,21.4,0,0,6206,291,0,0,0,0
"3323",2023-01-12,12,50,5291,263,0,0,21.4,0,0,6206,291,0,0,0,0
"3324",2023-01-12,12,55,5375,261,0,0,21.4,0,0,6206,291,0,0,0,0
"3325",2023-01-12,13,0,5651,266,0,0,23.1048689138577,0,0,6169,268,0,0,0,0
"3326",2023-01-12,13,5,5579,263,0,0,23.1048689138577,0,0,6169,268,0,0,0,0
"3327",2023-01-12,13,10,5722,261,0,0,23.1048689138577,0,0,6169,268,0,0,0,0
"3328",2023-01-12,13,15,5617,257,0,0,23.1048689138577,0,0,6169,268,0,0,0,0
"3329",2023-01-12,13,20,5628,258,0,0,23.1048689138577,0,0,6169,268,0,0,0,0
"3330",2023-01-12,13,25,5729,259,0,0,23.1048689138577,0,0,6169,268,0,0,0,0
"3331",2023-01-12,13,30,5653,259,0,0,23.1048689138577,0,0,6169,268,0,0,0,0
"3332",2023-01-12,13,35,5958,268,0,0,23.1048689138577,0,0,6169,268,0,0,0,0
"3333",2023-01-12,13,40,5836,266,0,0,23.1048689138577,0,0,6169,268,0,0,0,0
"3334",2023-01-12,13,45,6038,268,0,0,23.1048689138577,0,0,6169,268,0,0,0,0
"3335",2023-01-12,13,50,5989,267,0,0,23.1048689138577,0,0,6169,268,0,0,0,0
"3336",2023-01-12,13,55,6169,267,0,0,23.1048689138577,0,0,6169,268,0,0,0,0
"3337",2023-01-12,14,0,6129,267,0,0,22.9550561797753,0,0,6644,291,0,0,0,0
"3338",2023-01-12,14,5,6046,265,0,0,22.9550561797753,0,0,6644,291,0,0,0,0
"3339",2023-01-12,14,10,5940,266,0,0,22.9550561797753,0,0,6644,291,0,0,0,0
"3340",2023-01-12,14,15,6156,275,0,0,22.9550561797753,0,0,6644,291,0,0,0,0
"3341",2023-01-12,14,20,6178,277,0,0,22.9550561797753,0,0,6644,291,0,0,0,0
"3342",2023-01-12,14,25,6484,284,0,0,22.9550561797753,0,0,6644,291,0,0,0,0
"3343",2023-01-12,14,30,6406,285,0,0,22.9550561797753,0,0,6644,291,0,0,0,0
"3344",2023-01-12,14,35,6644,291,0,0,22.9550561797753,0,0,6644,291,0,0,0,0
"3345",2023-01-12,14,45,3327,147,0,0,22.9550561797753,0,0,6644,291,0,0,0,0
"3346",2023-01-12,14,50,6251,289,0,0,22.9550561797753,0,0,6644,291,0,0,0,0
"3347",2023-01-12,14,55,6273,289,0,0,22.9550561797753,0,0,6644,291,0,0,0,0
"3348",2023-01-12,14,40,6042,279,0,0,22.9550561797753,0,0,6644,291,0,0,0,0
"3349",2023-01-12,15,0,6350,293,0,0,24.0308219178082,0,0,7017,293,0,0,0,0
"3350",2023-01-12,15,5,6328,291,0,0,24.0308219178082,0,0,7017,293,0,0,0,0
"3351",2023-01-12,15,10,6378,291,0,0,24.0308219178082,0,0,7017,293,0,0,0,0
"3352",2023-01-12,15,15,6334,289,0,0,24.0308219178082,0,0,7017,293,0,0,0,0
"3353",2023-01-12,15,20,6629,287,0,0,24.0308219178082,0,0,7017,293,0,0,0,0
"3354",2023-01-12,15,25,7017,292,0,0,24.0308219178082,0,0,7017,293,0,0,0,0
"3355",2023-01-12,15,30,6678,290,0,0,24.0308219178082,0,0,7017,293,0,0,0,0
"3356",2023-01-12,15,35,6678,290,0,0,24.0308219178082,0,0,7017,293,0,0,0,0
"3357",2023-01-12,15,40,6678,291,0,0,24.0308219178082,0,0,7017,293,0,0,0,0
"3358",2023-01-12,15,45,6279,285,0,0,24.0308219178082,0,0,7017,293,0,0,0,0
"3359",2023-01-12,15,50,6279,285,0,0,24.0308219178082,0,0,7017,293,0,0,0,0
"3360",2023-01-12,15,55,6307,285,0,0,24.0308219178082,0,0,7017,293,0,0,0,0
"3361",2023-01-12,16,0,6419,283,0,0,23.6783216783217,0,0,6772,288,0,0,0,0
"3362",2023-01-12,16,5,6463,285,0,0,23.6783216783217,0,0,6772,288,0,0,0,0
"3363",2023-01-12,16,10,6469,284,0,0,23.6783216783217,0,0,6772,288,0,0,0,0
"3364",2023-01-12,16,15,6567,283,0,0,23.6783216783217,0,0,6772,288,0,0,0,0
"3365",2023-01-12,16,20,6687,284,0,0,23.6783216783217,0,0,6772,288,0,0,0,0
"3366",2023-01-12,16,25,6772,286,0,0,23.6783216783217,0,0,6772,288,0,0,0,0
"3367",2023-01-12,16,30,6472,287,0,0,23.6783216783217,0,0,6772,288,0,0,0,0
"3368",2023-01-12,16,35,6374,288,0,0,23.6783216783217,0,0,6772,288,0,0,0,0
"3369",2023-01-12,16,40,6325,284,0,0,23.6783216783217,0,0,6772,288,0,0,0,0
"3370",2023-01-12,16,45,6228,279,0,0,23.6783216783217,0,0,6772,288,0,0,0,0
"3371",2023-01-12,16,50,6261,281,0,0,23.6783216783217,0,0,6772,288,0,0,0,0
"3372",2023-01-12,16,55,6102,279,0,0,23.6783216783217,0,0,6772,288,0,0,0,0
"3373",2023-01-12,17,0,5953,273,0,0,24.3025830258303,0,0,6586,282,0,0,0,0
"3374",2023-01-12,17,5,5927,275,0,0,24.3025830258303,0,0,6586,282,0,0,0,0
"3375",2023-01-12,17,10,6389,272,0,0,24.3025830258303,0,0,6586,282,0,0,0,0
"3376",2023-01-12,17,15,6506,272,0,0,24.3025830258303,0,0,6586,282,0,0,0,0
"3377",2023-01-12,17,20,6586,271,0,0,24.3025830258303,0,0,6586,282,0,0,0,0
"3378",2023-01-12,17,25,6063,272,0,0,24.3025830258303,0,0,6586,282,0,0,0,0
"3379",2023-01-12,17,30,6051,273,0,0,24.3025830258303,0,0,6586,282,0,0,0,0
"3380",2023-01-12,17,35,6065,275,0,0,24.3025830258303,0,0,6586,282,0,0,0,0
"3381",2023-01-12,17,40,5915,273,0,0,24.3025830258303,0,0,6586,282,0,0,0,0
"3382",2023-01-12,17,45,6139,276,0,0,24.3025830258303,0,0,6586,282,0,0,0,0
"3383",2023-01-12,17,50,6096,279,0,0,24.3025830258303,0,0,6586,282,0,0,0,0
"3384",2023-01-12,17,55,6078,282,0,0,24.3025830258303,0,0,6586,282,0,0,0,0
"3385",2023-01-12,18,0,6356,280,0,0,24.7519379844961,0,0,6386,280,0,0,0,0
"3386",2023-01-12,18,5,6318,276,0,0,24.7519379844961,0,0,6386,280,0,0,0,0
"3387",2023-01-12,18,10,5941,270,0,0,24.7519379844961,0,0,6386,280,0,0,0,0
"3388",2023-01-12,18,15,5642,263,0,0,24.7519379844961,0,0,6386,280,0,0,0,0
"3389",2023-01-12,18,20,5852,264,0,0,24.7519379844961,0,0,6386,280,0,0,0,0
"3390",2023-01-12,18,25,5980,257,0,0,24.7519379844961,0,0,6386,280,0,0,0,0
"3391",2023-01-12,18,30,6291,258,0,0,24.7519379844961,0,0,6386,280,0,0,0,0
"3392",2023-01-12,18,35,6386,258,0,0,24.7519379844961,0,0,6386,280,0,0,0,0
"3393",2023-01-12,18,40,6129,252,0,0,24.7519379844961,0,0,6386,280,0,0,0,0
"3394",2023-01-12,18,45,5719,245,0,0,24.7519379844961,0,0,6386,280,0,0,0,0
"3395",2023-01-12,18,50,5433,241,0,0,24.7519379844961,0,0,6386,280,0,0,0,0
"3396",2023-01-12,18,55,5279,233,0,0,24.7519379844961,0,0,6386,280,0,0,0,0
"3397",2023-01-12,19,0,5073,230,0,0,25.7456140350877,0,0,5870,230,0,0,0,0
"3398",2023-01-12,19,5,5272,230,0,0,25.7456140350877,0,0,5870,230,0,0,0,0
"3399",2023-01-12,19,10,5127,226,0,0,25.7456140350877,0,0,5870,230,0,0,0,0
"3400",2023-01-12,19,15,4973,218,0,0,25.7456140350877,0,0,5870,230,0,0,0,0
"3401",2023-01-12,19,20,5005,219,0,0,25.7456140350877,0,0,5870,230,0,0,0,0
"3402",2023-01-12,19,25,4829,220,0,0,25.7456140350877,0,0,5870,230,0,0,0,0
"3403",2023-01-12,19,30,4926,224,0,0,25.7456140350877,0,0,5870,230,0,0,0,0
"3404",2023-01-12,19,35,5043,224,0,0,25.7456140350877,0,0,5870,230,0,0,0,0
"3405",2023-01-12,19,40,5174,226,0,0,25.7456140350877,0,0,5870,230,0,0,0,0
"3406",2023-01-12,19,45,5647,227,0,0,25.7456140350877,0,0,5870,230,0,0,0,0
"3407",2023-01-12,19,50,5493,223,0,0,25.7456140350877,0,0,5870,230,0,0,0,0
"3408",2023-01-12,19,55,5870,228,0,0,25.7456140350877,0,0,5870,230,0,0,0,0
"3409",2023-01-12,20,0,5967,226,0,0,26.4026548672566,0,0,6132,234,0,0,0,0
"3410",2023-01-12,20,5,5880,227,0,0,26.4026548672566,0,0,6132,234,0,0,0,0
"3411",2023-01-12,20,10,5857,225,0,0,26.4026548672566,0,0,6132,234,0,0,0,0
"3412",2023-01-12,20,15,5404,225,0,0,26.4026548672566,0,0,6132,234,0,0,0,0
"3413",2023-01-12,20,20,5492,229,0,0,26.4026548672566,0,0,6132,234,0,0,0,0
"3414",2023-01-12,20,25,5459,227,0,0,26.4026548672566,0,0,6132,234,0,0,0,0
"3415",2023-01-12,20,30,5799,231,0,0,26.4026548672566,0,0,6132,234,0,0,0,0
"3416",2023-01-12,20,35,6132,234,0,0,26.4026548672566,0,0,6132,234,0,0,0,0
"3417",2023-01-12,20,40,5832,233,0,0,26.4026548672566,0,0,6132,234,0,0,0,0
"3418",2023-01-12,20,45,5856,231,0,0,26.4026548672566,0,0,6132,234,0,0,0,0
"3419",2023-01-12,20,50,5801,227,0,0,26.4026548672566,0,0,6132,234,0,0,0,0
"3420",2023-01-12,20,55,5484,221,0,0,26.4026548672566,0,0,6132,234,0,0,0,0
"3421",2023-01-12,21,0,5409,222,0,0,25.0275229357798,0,0,5467,222,0,0,0,0
"3422",2023-01-12,21,5,4794,219,0,0,25.0275229357798,0,0,5467,222,0,0,0,0
"3423",2023-01-12,21,10,4783,218,0,0,25.0275229357798,0,0,5467,222,0,0,0,0
"3424",2023-01-12,21,15,4739,216,0,0,25.0275229357798,0,0,5467,222,0,0,0,0
"3425",2023-01-12,21,20,4951,216,0,0,25.0275229357798,0,0,5467,222,0,0,0,0
"3426",2023-01-12,21,30,5131,218,0,0,25.0275229357798,0,0,5467,222,0,0,0,0
"3427",2023-01-12,21,35,5107,217,0,0,25.0275229357798,0,0,5467,222,0,0,0,0
"3428",2023-01-12,21,40,5085,216,0,0,25.0275229357798,0,0,5467,222,0,0,0,0
"3429",2023-01-12,21,45,5456,218,0,0,25.0275229357798,0,0,5467,222,0,0,0,0
"3430",2023-01-12,21,50,5467,219,0,0,25.0275229357798,0,0,5467,222,0,0,0,0
"3431",2023-01-12,21,55,5287,218,0,0,25.0275229357798,0,0,5467,222,0,0,0,0
"3432",2023-01-12,21,25,4853,212,0,0,25.0275229357798,0,0,5467,222,0,0,0,0
"3433",2023-01-12,22,0,5335,218,0,0,24.4724770642202,0,0,5335,218,0,0,0,0
"3434",2023-01-12,22,5,4655,214,0,0,24.4724770642202,0,0,5335,218,0,0,0,0
"3435",2023-01-12,22,10,4824,214,0,0,24.4724770642202,0,0,5335,218,0,0,0,0
"3436",2023-01-12,22,15,4736,210,0,0,24.4724770642202,0,0,5335,218,0,0,0,0
"3437",2023-01-12,22,20,4736,210,0,0,24.4724770642202,0,0,5335,218,0,0,0,0
"3438",2023-01-12,22,25,4730,211,0,0,24.4724770642202,0,0,5335,218,0,0,0,0
"3439",2023-01-12,22,30,4703,211,0,0,24.4724770642202,0,0,5335,218,0,0,0,0
"3440",2023-01-12,22,35,4637,208,0,0,24.4724770642202,0,0,5335,218,0,0,0,0
"3441",2023-01-12,22,40,4582,205,0,0,24.4724770642202,0,0,5335,218,0,0,0,0
"3442",2023-01-12,22,45,4560,204,0,0,24.4724770642202,0,0,5335,218,0,0,0,0
"3443",2023-01-12,22,50,4391,203,0,0,24.4724770642202,0,0,5335,218,0,0,0,0
"3444",2023-01-12,22,55,4473,205,0,0,24.4724770642202,0,0,5335,218,0,0,0,0
"3445",2023-01-12,23,0,4429,203,0,0,23.8267326732673,0,0,4813,203,0,0,0,0
"3446",2023-01-12,23,5,4385,201,0,0,23.8267326732673,0,0,4813,203,0,0,0,0
"3447",2023-01-12,23,10,4543,201,0,0,23.8267326732673,0,0,4813,203,0,0,0,0
"3448",2023-01-12,23,15,4521,200,0,0,23.8267326732673,0,0,4813,203,0,0,0,0
"3449",2023-01-12,23,20,4633,201,0,0,23.8267326732673,0,0,4813,203,0,0,0,0
"3450",2023-01-12,23,25,4813,202,0,0,23.8267326732673,0,0,4813,203,0,0,0,0
"3451",2023-01-12,23,30,4780,201,0,0,23.8267326732673,0,0,4813,203,0,0,0,0
"3452",2023-01-12,23,35,4769,201,0,0,23.8267326732673,0,0,4813,203,0,0,0,0
"3453",2023-01-12,23,40,4204,196,0,0,23.8267326732673,0,0,4813,203,0,0,0,0
"3454",2023-01-12,23,45,4354,197,0,0,23.8267326732673,0,0,4813,203,0,0,0,0
"3455",2023-01-12,23,50,4354,197,0,0,23.8267326732673,0,0,4813,203,0,0,0,0
"3456",2023-01-12,23,55,4215,196,0,0,23.8267326732673,0,0,4813,203,0,0,0,0
"3457",2023-01-13,0,0,4654.2,212,0,0,21.9537735849057,0,0,4654.2,212,0,0,0,0
"3458",2023-01-13,0,5,4654.2,212,0,0,21.9537735849057,0,0,4654.2,212,0,0,0,0
"3459",2023-01-13,0,10,4534.2,211,0,0,21.9537735849057,0,0,4654.2,212,0,0,0,0
"3460",2023-01-13,0,15,4534.2,211,0,0,21.9537735849057,0,0,4654.2,212,0,0,0,0
"3461",2023-01-13,0,20,4512.2,210,0,0,21.9537735849057,0,0,4654.2,212,0,0,0,0
"3462",2023-01-13,0,25,4490.2,209,0,0,21.9537735849057,0,0,4654.2,212,0,0,0,0
"3463",2023-01-13,0,30,4512.2,210,0,0,21.9537735849057,0,0,4654.2,212,0,0,0,0
"3464",2023-01-13,0,35,4484.2,207,0,0,21.9537735849057,0,0,4654.2,212,0,0,0,0
"3465",2023-01-13,0,40,4472.2,206,0,0,21.9537735849057,0,0,4654.2,212,0,0,0,0
"3466",2023-01-13,0,45,4494.2,207,0,0,21.9537735849057,0,0,4654.2,212,0,0,0,0
"3467",2023-01-13,0,50,4472.2,206,0,0,21.9537735849057,0,0,4654.2,212,0,0,0,0
"3468",2023-01-13,0,55,4439.2,204,0,0,21.9537735849057,0,0,4654.2,212,0,0,0,0
"3469",2023-01-13,1,0,4072,190,0,0,21.5425531914894,0,0,4072,190,0,0,0,0
"3470",2023-01-13,1,5,4072,190,0,0,21.5425531914894,0,0,4072,190,0,0,0,0
"3471",2023-01-13,1,10,4072,190,0,0,21.5425531914894,0,0,4072,190,0,0,0,0
"3472",2023-01-13,1,15,4050,189,0,0,21.5425531914894,0,0,4072,190,0,0,0,0
"3473",2023-01-13,1,20,4050,189,0,0,21.5425531914894,0,0,4072,190,0,0,0,0
"3474",2023-01-13,1,25,4061,189,0,0,21.5425531914894,0,0,4072,190,0,0,0,0
"3475",2023-01-13,1,30,4061,189,0,0,21.5425531914894,0,0,4072,190,0,0,0,0
"3476",2023-01-13,1,35,4061,189,0,0,21.5425531914894,0,0,4072,190,0,0,0,0
"3477",2023-01-13,1,40,4050,188,0,0,21.5425531914894,0,0,4072,190,0,0,0,0
"3478",2023-01-13,1,45,4050,188,0,0,21.5425531914894,0,0,4072,190,0,0,0,0
"3479",2023-01-13,1,50,4028,187,0,0,21.5425531914894,0,0,4072,190,0,0,0,0
"3480",2023-01-13,1,55,4028,187,0,0,21.5425531914894,0,0,4072,190,0,0,0,0
"3481",2023-01-13,2,0,4028,187,0,0,22.6470588235294,0,0,4279,189,0,0,0,0
"3482",2023-01-13,2,5,4230,189,0,0,22.6470588235294,0,0,4279,189,0,0,0,0
"3483",2023-01-13,2,10,4219,188,0,0,22.6470588235294,0,0,4279,189,0,0,0,0
"3484",2023-01-13,2,15,4279,189,0,0,22.6470588235294,0,0,4279,189,0,0,0,0
"3485",2023-01-13,2,20,4257,188,0,0,22.6470588235294,0,0,4279,189,0,0,0,0
"3486",2023-01-13,2,25,4235,187,0,0,22.6470588235294,0,0,4279,189,0,0,0,0
"3487",2023-01-13,2,30,4235,187,0,0,22.6470588235294,0,0,4279,189,0,0,0,0
"3488",2023-01-13,2,35,4175,186,0,0,22.6470588235294,0,0,4279,189,0,0,0,0
"3489",2023-01-13,2,40,3995,185,0,0,22.6470588235294,0,0,4279,189,0,0,0,0
"3490",2023-01-13,2,45,3995,185,0,0,22.6470588235294,0,0,4279,189,0,0,0,0
"3491",2023-01-13,2,50,3995,185,0,0,22.6470588235294,0,0,4279,189,0,0,0,0
"3492",2023-01-13,2,55,3995,185,0,0,22.6470588235294,0,0,4279,189,0,0,0,0
"3493",2023-01-13,3,0,3995,185,0,0,22.5108695652174,0,0,4153,185,0,0,0,0
"3494",2023-01-13,3,5,3995,185,0,0,22.5108695652174,0,0,4153,185,0,0,0,0
"3495",2023-01-13,3,10,3995,185,0,0,22.5108695652174,0,0,4153,185,0,0,0,0
"3496",2023-01-13,3,15,3995,185,0,0,22.5108695652174,0,0,4153,185,0,0,0,0
"3497",2023-01-13,3,20,3973,184,0,0,22.5108695652174,0,0,4153,185,0,0,0,0
"3498",2023-01-13,3,25,4153,185,0,0,22.5108695652174,0,0,4153,185,0,0,0,0
"3499",2023-01-13,3,30,4142,184,0,0,22.5108695652174,0,0,4153,185,0,0,0,0
"3500",2023-01-13,3,35,4142,184,0,0,22.5108695652174,0,0,4153,185,0,0,0,0
"3501",2023-01-13,3,40,4142,184,0,0,22.5108695652174,0,0,4153,185,0,0,0,0
"3502",2023-01-13,3,45,4142,184,0,0,22.5108695652174,0,0,4153,185,0,0,0,0
"3503",2023-01-13,3,50,4142,184,0,0,22.5108695652174,0,0,4153,185,0,0,0,0
"3504",2023-01-13,3,55,4142,184,0,0,22.5108695652174,0,0,4153,185,0,0,0,0
"3505",2023-01-13,4,0,4142,184,0,0,22.5108695652174,0,0,4142,184,0,0,0,0
"3506",2023-01-13,4,5,3962,183,0,0,22.5108695652174,0,0,4142,184,0,0,0,0
"3507",2023-01-13,4,10,3962,183,0,0,22.5108695652174,0,0,4142,184,0,0,0,0
"3508",2023-01-13,4,15,3918,181,0,0,22.5108695652174,0,0,4142,184,0,0,0,0
"3509",2023-01-13,4,20,3896,180,0,0,22.5108695652174,0,0,4142,184,0,0,0,0
"3510",2023-01-13,4,25,3896,180,0,0,22.5108695652174,0,0,4142,184,0,0,0,0
"3511",2023-01-13,4,30,3896,180,0,0,22.5108695652174,0,0,4142,184,0,0,0,0
"3512",2023-01-13,4,35,3885,179,0,0,22.5108695652174,0,0,4142,184,0,0,0,0
"3513",2023-01-13,4,40,3863,178,0,0,22.5108695652174,0,0,4142,184,0,0,0,0
"3514",2023-01-13,4,45,3841,177,0,0,22.5108695652174,0,0,4142,184,0,0,0,0
"3515",2023-01-13,4,50,3841,177,0,0,22.5108695652174,0,0,4142,184,0,0,0,0
"3516",2023-01-13,4,55,3841,177,0,0,22.5108695652174,0,0,4142,184,0,0,0,0
"3517",2023-01-13,5,0,3841,177,0,0,21.9157303370787,0,0,3901,178,0,0,0,0
"3518",2023-01-13,5,5,3841,177,0,0,21.9157303370787,0,0,3901,178,0,0,0,0
"3519",2023-01-13,5,10,3901,178,0,0,21.9157303370787,0,0,3901,178,0,0,0,0
"3520",2023-01-13,5,15,3901,178,0,0,21.9157303370787,0,0,3901,178,0,0,0,0
"3521",2023-01-13,5,20,3901,178,0,0,21.9157303370787,0,0,3901,178,0,0,0,0
"3522",2023-01-13,5,25,3901,178,0,0,21.9157303370787,0,0,3901,178,0,0,0,0
"3523",2023-01-13,5,30,3901,178,0,0,21.9157303370787,0,0,3901,178,0,0,0,0
"3524",2023-01-13,5,35,3901,178,0,0,21.9157303370787,0,0,3901,178,0,0,0,0
"3525",2023-01-13,5,40,3879,177,0,0,21.9157303370787,0,0,3901,178,0,0,0,0
"3526",2023-01-13,5,45,3879,177,0,0,21.9157303370787,0,0,3901,178,0,0,0,0
"3527",2023-01-13,5,50,3819,176,0,0,21.9157303370787,0,0,3901,178,0,0,0,0
"3528",2023-01-13,5,55,3819,176,0,0,21.9157303370787,0,0,3901,178,0,0,0,0
"3529",2023-01-13,6,0,3819,176,0,0,21.7415730337079,0,0,3870,178,0,0,0,0
"3530",2023-01-13,6,5,3819,176,0,0,21.7415730337079,0,0,3870,178,0,0,0,0
"3531",2023-01-13,6,10,3819,176,0,0,21.7415730337079,0,0,3870,178,0,0,0,0
"3532",2023-01-13,6,15,3819,176,0,0,21.7415730337079,0,0,3870,178,0,0,0,0
"3533",2023-01-13,6,20,3830,177,0,0,21.7415730337079,0,0,3870,178,0,0,0,0
"3534",2023-01-13,6,25,3830,177,0,0,21.7415730337079,0,0,3870,178,0,0,0,0
"3535",2023-01-13,6,30,3798,176,0,0,21.7415730337079,0,0,3870,178,0,0,0,0
"3536",2023-01-13,6,35,3820,177,0,0,21.7415730337079,0,0,3870,178,0,0,0,0
"3537",2023-01-13,6,40,3831,178,0,0,21.7415730337079,0,0,3870,178,0,0,0,0
"3538",2023-01-13,6,45,3831,178,0,0,21.7415730337079,0,0,3870,178,0,0,0,0
"3539",2023-01-13,6,50,3820,177,0,0,21.7415730337079,0,0,3870,178,0,0,0,0
"3540",2023-01-13,6,55,3870,178,0,0,21.7415730337079,0,0,3870,178,0,0,0,0
"3541",2023-01-13,7,55,4579,210,0,0,22.015,0,0,4579,210,0,0,0,0
"3542",2023-01-13,7,0,3881,178,0,0,22.015,0,0,4579,210,0,0,0,0
"3543",2023-01-13,7,5,3914,180,0,0,22.015,0,0,4579,210,0,0,0,0
"3544",2023-01-13,7,10,3864,179,0,0,22.015,0,0,4579,210,0,0,0,0
"3545",2023-01-13,7,15,3864,180,0,0,22.015,0,0,4579,210,0,0,0,0
"3546",2023-01-13,7,20,3842,180,0,0,22.015,0,0,4579,210,0,0,0,0
"3547",2023-01-13,7,25,3886,183,0,0,22.015,0,0,4579,210,0,0,0,0
"3548",2023-01-13,7,30,4019,187,0,0,22.015,0,0,4579,210,0,0,0,0
"3549",2023-01-13,7,35,4030,189,0,0,22.015,0,0,4579,210,0,0,0,0
"3550",2023-01-13,7,40,4173,196,0,0,22.015,0,0,4579,210,0,0,0,0
"3551",2023-01-13,7,45,4403,200,0,0,22.015,0,0,4579,210,0,0,0,0
"3552",2023-01-13,7,50,4524,207,0,0,22.015,0,0,4579,210,0,0,0,0
"3553",2023-01-13,8,0,5013,221,0,0,24.1918367346939,0,0,6615,277,0,0,0,0
"3554",2023-01-13,8,5,5202,230,0,0,24.1918367346939,0,0,6615,277,0,0,0,0
"3555",2023-01-13,8,10,5268,234,0,0,24.1918367346939,0,0,6615,277,0,0,0,0
"3556",2023-01-13,8,15,5506,235,0,0,24.1918367346939,0,0,6615,277,0,0,0,0
"3557",2023-01-13,8,20,5605,241,0,0,24.1918367346939,0,0,6615,277,0,0,0,0
"3558",2023-01-13,8,25,5927,245,0,0,24.1918367346939,0,0,6615,277,0,0,0,0
"3559",2023-01-13,8,30,5880,253,0,0,24.1918367346939,0,0,6615,277,0,0,0,0
"3560",2023-01-13,8,35,5850,255,0,0,24.1918367346939,0,0,6615,277,0,0,0,0
"3561",2023-01-13,8,40,5761,254,0,0,24.1918367346939,0,0,6615,277,0,0,0,0
"3562",2023-01-13,8,45,5914,257,0,0,24.1918367346939,0,0,6615,277,0,0,0,0
"3563",2023-01-13,8,50,6308,270,0,0,24.1918367346939,0,0,6615,277,0,0,0,0
"3564",2023-01-13,8,55,6615,277,0,0,24.1918367346939,0,0,6615,277,0,0,0,0
"3565",2023-01-13,9,0,6703,281,0,0,24.3170731707317,0,0,7211,314,0,0,0,0
"3566",2023-01-13,9,5,6979,287,0,0,24.3170731707317,0,0,7211,314,0,0,0,0
"3567",2023-01-13,9,10,6815,289,0,0,24.3170731707317,0,0,7211,314,0,0,0,0
"3568",2023-01-13,9,15,6794,292,0,0,24.3170731707317,0,0,7211,314,0,0,0,0
"3569",2023-01-13,9,20,6808,294,0,0,24.3170731707317,0,0,7211,314,0,0,0,0
"3570",2023-01-13,9,25,6520,294,0,0,24.3170731707317,0,0,7211,314,0,0,0,0
"3571",2023-01-13,9,30,6636,301,0,0,24.3170731707317,0,0,7211,314,0,0,0,0
"3572",2023-01-13,9,35,6957,309,0,0,24.3170731707317,0,0,7211,314,0,0,0,0
"3573",2023-01-13,9,40,7211,311,0,0,24.3170731707317,0,0,7211,314,0,0,0,0
"3574",2023-01-13,9,45,7065,310,0,0,24.3170731707317,0,0,7211,314,0,0,0,0
"3575",2023-01-13,9,50,7131,313,0,0,24.3170731707317,0,0,7211,314,0,0,0,0
"3576",2023-01-13,9,55,7153,314,0,0,24.3170731707317,0,0,7211,314,0,0,0,0
"3577",2023-01-13,10,0,7114,314,0,0,22.656050955414,0,0,7282.2,328,0,0,0,0
"3578",2023-01-13,10,5,6972,311,0,0,22.656050955414,0,0,7282.2,328,0,0,0,0
"3579",2023-01-13,10,10,6454,310,0,0,22.656050955414,0,0,7282.2,328,0,0,0,0
"3580",2023-01-13,10,15,6520,313,0,0,22.656050955414,0,0,7282.2,328,0,0,0,0
"3581",2023-01-13,10,20,6564,315,0,0,22.656050955414,0,0,7282.2,328,0,0,0,0
"3582",2023-01-13,10,25,6636,318,0,0,22.656050955414,0,0,7282.2,328,0,0,0,0
"3583",2023-01-13,10,30,6691,321,0,0,22.656050955414,0,0,7282.2,328,0,0,0,0
"3584",2023-01-13,10,35,7115,326,0,0,22.656050955414,0,0,7282.2,328,0,0,0,0
"3585",2023-01-13,10,40,7093,325,0,0,22.656050955414,0,0,7282.2,328,0,0,0,0
"3586",2023-01-13,10,45,7066,325,0,0,22.656050955414,0,0,7282.2,328,0,0,0,0
"3587",2023-01-13,10,50,7058.2,327,0,0,22.656050955414,0,0,7282.2,328,0,0,0,0
"3588",2023-01-13,10,55,7282.2,328,0,0,22.656050955414,0,0,7282.2,328,0,0,0,0
"3589",2023-01-13,11,0,7326.2,330,0,0,23.9291666666667,0,0,8040.2,336,0,0,0,0
"3590",2023-01-13,11,5,7526.2,331,0,0,23.9291666666667,0,0,8040.2,336,0,0,0,0
"3591",2023-01-13,11,10,8040.2,336,0,0,23.9291666666667,0,0,8040.2,336,0,0,0,0
"3592",2023-01-13,11,15,7892.2,331,0,0,23.9291666666667,0,0,8040.2,336,0,0,0,0
"3593",2023-01-13,11,20,7828.2,334,0,0,23.9291666666667,0,0,8040.2,336,0,0,0,0
"3594",2023-01-13,11,25,7828.2,334,0,0,23.9291666666667,0,0,8040.2,336,0,0,0,0
"3595",2023-01-13,11,30,7637.2,333,0,0,23.9291666666667,0,0,8040.2,336,0,0,0,0
"3596",2023-01-13,11,35,7488.2,335,0,0,23.9291666666667,0,0,8040.2,336,0,0,0,0
"3597",2023-01-13,11,40,7252.2,335,0,0,23.9291666666667,0,0,8040.2,336,0,0,0,0
"3598",2023-01-13,11,45,7028.2,332,0,0,23.9291666666667,0,0,8040.2,336,0,0,0,0
"3599",2023-01-13,11,50,7286.2,334,0,0,23.9291666666667,0,0,8040.2,336,0,0,0,0
"3600",2023-01-13,11,55,7432.2,332,0,0,23.9291666666667,0,0,8040.2,336,0,0,0,0
"3601",2023-01-13,12,0,7156.2,332,0,0,21.5548192771084,0,0,7156.2,333,0,0,0,0
"3602",2023-01-13,12,5,7145.2,332,0,0,21.5548192771084,0,0,7156.2,333,0,0,0,0
"3603",2023-01-13,12,10,6938.2,331,0,0,21.5548192771084,0,0,7156.2,333,0,0,0,0
"3604",2023-01-13,12,15,7029.2,333,0,0,21.5548192771084,0,0,7156.2,333,0,0,0,0
"3605",2023-01-13,12,20,6941.2,328,0,0,21.5548192771084,0,0,7156.2,333,0,0,0,0
"3606",2023-01-13,12,25,6952.2,328,0,0,21.5548192771084,0,0,7156.2,333,0,0,0,0
"3607",2023-01-13,12,30,6886.2,324,0,0,21.5548192771084,0,0,7156.2,333,0,0,0,0
"3608",2023-01-13,12,35,6249.2,299,0,0,21.5548192771084,0,0,7156.2,333,0,0,0,0
"3609",2023-01-13,12,40,6359.2,304,0,0,21.5548192771084,0,0,7156.2,333,0,0,0,0
"3610",2023-01-13,12,45,6307,303,0,0,21.5548192771084,0,0,7156.2,333,0,0,0,0
"3611",2023-01-13,12,50,6706,318,0,0,21.5548192771084,0,0,7156.2,333,0,0,0,0
"3612",2023-01-13,12,55,6707.2,314,0,0,21.5548192771084,0,0,7156.2,333,0,0,0,0
"3613",2023-01-13,13,0,7018.2,316,0,0,23.7688741721854,0,0,7178.2,316,0,0,0,0
"3614",2023-01-13,13,5,6858.2,310,0,0,23.7688741721854,0,0,7178.2,316,0,0,0,0
"3615",2023-01-13,13,10,6994.2,307,0,0,23.7688741721854,0,0,7178.2,316,0,0,0,0
"3616",2023-01-13,13,15,6542.2,297,0,0,23.7688741721854,0,0,7178.2,316,0,0,0,0
"3617",2023-01-13,13,20,6685.2,299,0,0,23.7688741721854,0,0,7178.2,316,0,0,0,0
"3618",2023-01-13,13,25,6941.2,296,0,0,23.7688741721854,0,0,7178.2,316,0,0,0,0
"3619",2023-01-13,13,30,6919.2,297,0,0,23.7688741721854,0,0,7178.2,316,0,0,0,0
"3620",2023-01-13,13,35,6897.2,295,0,0,23.7688741721854,0,0,7178.2,316,0,0,0,0
"3621",2023-01-13,13,40,6963.2,299,0,0,23.7688741721854,0,0,7178.2,316,0,0,0,0
"3622",2023-01-13,13,45,6796.2,299,0,0,23.7688741721854,0,0,7178.2,316,0,0,0,0
"3623",2023-01-13,13,50,7178.2,302,0,0,23.7688741721854,0,0,7178.2,316,0,0,0,0
"3624",2023-01-13,13,55,7157,307,0,0,23.7688741721854,0,0,7178.2,316,0,0,0,0
"3625",2023-01-13,14,0,7222,310,0,0,23.6537216828479,0,0,7309,314,0,0,0,0
"3626",2023-01-13,14,5,7309,309,0,0,23.6537216828479,0,0,7309,314,0,0,0,0
"3627",2023-01-13,14,10,7298,309,0,0,23.6537216828479,0,0,7309,314,0,0,0,0
"3628",2023-01-13,14,15,7086,309,0,0,23.6537216828479,0,0,7309,314,0,0,0,0
"3629",2023-01-13,14,20,7130,312,0,0,23.6537216828479,0,0,7309,314,0,0,0,0
"3630",2023-01-13,14,25,7064,308,0,0,23.6537216828479,0,0,7309,314,0,0,0,0
"3631",2023-01-13,14,30,6988,311,0,0,23.6537216828479,0,0,7309,314,0,0,0,0
"3632",2023-01-13,14,35,6932,314,0,0,23.6537216828479,0,0,7309,314,0,0,0,0
"3633",2023-01-13,14,40,6904,313,0,0,23.6537216828479,0,0,7309,314,0,0,0,0
"3634",2023-01-13,14,45,3511,154,0,0,23.6537216828479,0,0,7309,314,0,0,0,0
"3635",2023-01-13,14,50,6826,308,0,0,23.6537216828479,0,0,7309,314,0,0,0,0
"3636",2023-01-13,14,55,6586,306,0,0,23.6537216828479,0,0,7309,314,0,0,0,0
"3637",2023-01-13,15,0,6636,307,0,0,22.4688524590164,0,0,7029,314,0,0,0,0
"3638",2023-01-13,15,5,6860,310,0,0,22.4688524590164,0,0,7029,314,0,0,0,0
"3639",2023-01-13,15,10,6937,314,0,0,22.4688524590164,0,0,7029,314,0,0,0,0
"3640",2023-01-13,15,15,6806,313,0,0,22.4688524590164,0,0,7029,314,0,0,0,0
"3641",2023-01-13,15,20,6773,311,0,0,22.4688524590164,0,0,7029,314,0,0,0,0
"3642",2023-01-13,15,25,6729,308,0,0,22.4688524590164,0,0,7029,314,0,0,0,0
"3643",2023-01-13,15,30,6532,309,0,0,22.4688524590164,0,0,7029,314,0,0,0,0
"3644",2023-01-13,15,35,6827,313,0,0,22.4688524590164,0,0,7029,314,0,0,0,0
"3645",2023-01-13,15,40,7029,314,0,0,22.4688524590164,0,0,7029,314,0,0,0,0
"3646",2023-01-13,15,45,6941,309,0,0,22.4688524590164,0,0,7029,314,0,0,0,0
"3647",2023-01-13,15,50,6853,305,0,0,22.4688524590164,0,0,7029,314,0,0,0,0
"3648",2023-01-13,15,55,6807,303,0,0,22.4688524590164,0,0,7029,314,0,0,0,0
"3649",2023-01-13,16,0,7053,307,0,0,25.2640264026403,0,0,7682,307,0,0,0,0
"3650",2023-01-13,16,5,6970,305,0,0,25.2640264026403,0,0,7682,307,0,0,0,0
"3651",2023-01-13,16,10,6926,304,0,0,25.2640264026403,0,0,7682,307,0,0,0,0
"3652",2023-01-13,16,15,7040,301,0,0,25.2640264026403,0,0,7682,307,0,0,0,0
"3653",2023-01-13,16,20,7389,304,0,0,25.2640264026403,0,0,7682,307,0,0,0,0
"3654",2023-01-13,16,25,7682,306,0,0,25.2640264026403,0,0,7682,307,0,0,0,0
"3655",2023-01-13,16,30,7655,303,0,0,25.2640264026403,0,0,7682,307,0,0,0,0
"3656",2023-01-13,16,35,7386,303,0,0,25.2640264026403,0,0,7682,307,0,0,0,0
"3657",2023-01-13,16,40,7232,296,0,0,25.2640264026403,0,0,7682,307,0,0,0,0
"3658",2023-01-13,16,45,7095,297,0,0,25.2640264026403,0,0,7682,307,0,0,0,0
"3659",2023-01-13,16,50,7003,298,0,0,25.2640264026403,0,0,7682,307,0,0,0,0
"3660",2023-01-13,16,55,7014,299,0,0,25.2640264026403,0,0,7682,307,0,0,0,0
"3661",2023-01-13,17,0,7051,300,0,0,24.9346405228758,0,0,7630,306,0,0,0,0
"3662",2023-01-13,17,5,7248,304,0,0,24.9346405228758,0,0,7630,306,0,0,0,0
"3663",2023-01-13,17,10,7630,306,0,0,24.9346405228758,0,0,7630,306,0,0,0,0
"3664",2023-01-13,17,15,7136,303,0,0,24.9346405228758,0,0,7630,306,0,0,0,0
"3665",2023-01-13,17,20,6997,301,0,0,24.9346405228758,0,0,7630,306,0,0,0,0
"3666",2023-01-13,17,25,6979,296,0,0,24.9346405228758,0,0,7630,306,0,0,0,0
"3667",2023-01-13,17,30,6765,293,0,0,24.9346405228758,0,0,7630,306,0,0,0,0
"3668",2023-01-13,17,35,6658,293,0,0,24.9346405228758,0,0,7630,306,0,0,0,0
"3669",2023-01-13,17,40,6534,291,0,0,24.9346405228758,0,0,7630,306,0,0,0,0
"3670",2023-01-13,17,45,6233,287,0,0,24.9346405228758,0,0,7630,306,0,0,0,0
"3671",2023-01-13,17,50,6332,291,0,0,24.9346405228758,0,0,7630,306,0,0,0,0
"3672",2023-01-13,17,55,6303,281,0,0,24.9346405228758,0,0,7630,306,0,0,0,0
"3673",2023-01-13,18,5,5861,270,0,0,22.5682656826568,0,0,6116,271,0,0,0,0
"3674",2023-01-13,18,10,5668,263,0,0,22.5682656826568,0,0,6116,271,0,0,0,0
"3675",2023-01-13,18,15,5734,264,0,0,22.5682656826568,0,0,6116,271,0,0,0,0
"3676",2023-01-13,18,20,5398.2,256,0,0,22.5682656826568,0,0,6116,271,0,0,0,0
"3677",2023-01-13,18,25,5458.2,256,0,0,22.5682656826568,0,0,6116,271,0,0,0,0
"3678",2023-01-13,18,30,5285.2,249,0,0,22.5682656826568,0,0,6116,271,0,0,0,0
"3679",2023-01-13,18,35,5346.2,250,0,0,22.5682656826568,0,0,6116,271,0,0,0,0
"3680",2023-01-13,18,40,5351.2,244,0,0,22.5682656826568,0,0,6116,271,0,0,0,0
"3681",2023-01-13,18,45,5340.2,243,0,0,22.5682656826568,0,0,6116,271,0,0,0,0
"3682",2023-01-13,18,50,5312.2,241,0,0,22.5682656826568,0,0,6116,271,0,0,0,0
"3683",2023-01-13,18,55,5257.2,239,0,0,22.5682656826568,0,0,6116,271,0,0,0,0
"3684",2023-01-13,18,0,6116,271,0,0,22.5682656826568,0,0,6116,271,0,0,0,0
"3685",2023-01-13,19,0,5348,237,0,0,24.3173913043478,0,0,5593,240,0,0,0,0
"3686",2023-01-13,19,5,5458,240,0,0,24.3173913043478,0,0,5593,240,0,0,0,0
"3687",2023-01-13,19,10,5539,240,0,0,24.3173913043478,0,0,5593,240,0,0,0,0
"3688",2023-01-13,19,15,5462,236,0,0,24.3173913043478,0,0,5593,240,0,0,0,0
"3689",2023-01-13,19,20,5412,232,0,0,24.3173913043478,0,0,5593,240,0,0,0,0
"3690",2023-01-13,19,25,5297,233,0,0,24.3173913043478,0,0,5593,240,0,0,0,0
"3691",2023-01-13,19,30,5286,232,0,0,24.3173913043478,0,0,5593,240,0,0,0,0
"3692",2023-01-13,19,35,5346,230,0,0,24.3173913043478,0,0,5593,240,0,0,0,0
"3693",2023-01-13,19,40,5343,227,0,0,24.3173913043478,0,0,5593,240,0,0,0,0
"3694",2023-01-13,19,45,5398,229,0,0,24.3173913043478,0,0,5593,240,0,0,0,0
"3695",2023-01-13,19,50,5343,226,0,0,24.3173913043478,0,0,5593,240,0,0,0,0
"3696",2023-01-13,19,55,5593,230,0,0,24.3173913043478,0,0,5593,240,0,0,0,0
"3697",2023-01-13,20,0,5947,228,0,0,26.0833333333333,0,0,5966,234,0,0,0,0
"3698",2023-01-13,20,5,5898,228,0,0,26.0833333333333,0,0,5966,234,0,0,0,0
"3699",2023-01-13,20,10,5966,231,0,0,26.0833333333333,0,0,5966,234,0,0,0,0
"3700",2023-01-13,20,15,5830,231,0,0,26.0833333333333,0,0,5966,234,0,0,0,0
"3701",2023-01-13,20,20,5786,229,0,0,26.0833333333333,0,0,5966,234,0,0,0,0
"3702",2023-01-13,20,25,5486,228,0,0,26.0833333333333,0,0,5966,234,0,0,0,0
"3703",2023-01-13,20,30,5204,227,0,0,26.0833333333333,0,0,5966,234,0,0,0,0
"3704",2023-01-13,20,35,5204,227,0,0,26.0833333333333,0,0,5966,234,0,0,0,0
"3705",2023-01-13,20,40,5346,229,0,0,26.0833333333333,0,0,5966,234,0,0,0,0
"3706",2023-01-13,20,45,5218,229,0,0,26.0833333333333,0,0,5966,234,0,0,0,0
"3707",2023-01-13,20,50,5617,234,0,0,26.0833333333333,0,0,5966,234,0,0,0,0
"3708",2023-01-13,20,55,5439,232,0,0,26.0833333333333,0,0,5966,234,0,0,0,0
"3709",2023-01-13,21,0,5223,229,0,0,23.9234042553191,0,0,5622,236,0,0,0,0
"3710",2023-01-13,21,5,5387,232,0,0,23.9234042553191,0,0,5622,236,0,0,0,0
"3711",2023-01-13,21,10,5396,232,0,0,23.9234042553191,0,0,5622,236,0,0,0,0
"3712",2023-01-13,21,15,5396,232,0,0,23.9234042553191,0,0,5622,236,0,0,0,0
"3713",2023-01-13,21,20,5344,231,0,0,23.9234042553191,0,0,5622,236,0,0,0,0
"3714",2023-01-13,21,25,5464,234,0,0,23.9234042553191,0,0,5622,236,0,0,0,0
"3715",2023-01-13,21,30,5556,236,0,0,23.9234042553191,0,0,5622,236,0,0,0,0
"3716",2023-01-13,21,35,5534,235,0,0,23.9234042553191,0,0,5622,236,0,0,0,0
"3717",2023-01-13,21,40,5534,235,0,0,23.9234042553191,0,0,5622,236,0,0,0,0
"3718",2023-01-13,21,45,5622,235,0,0,23.9234042553191,0,0,5622,236,0,0,0,0
"3719",2023-01-13,21,55,5439,232,0,0,23.9234042553191,0,0,5622,236,0,0,0,0
"3720",2023-01-13,21,50,5450,232,0,0,23.9234042553191,0,0,5622,236,0,0,0,0
"3721",2023-01-13,22,0,5401,232,0,0,23.2801724137931,0,0,5401,232,0,0,0,0
"3722",2023-01-13,22,5,5259,230,0,0,23.2801724137931,0,0,5401,232,0,0,0,0
"3723",2023-01-13,22,10,5155,227,0,0,23.2801724137931,0,0,5401,232,0,0,0,0
"3724",2023-01-13,22,15,4987,221,0,0,23.2801724137931,0,0,5401,232,0,0,0,0
"3725",2023-01-13,22,20,5000.2,222,0,0,23.2801724137931,0,0,5401,232,0,0,0,0
"3726",2023-01-13,22,25,4864.2,223,0,0,23.2801724137931,0,0,5401,232,0,0,0,0
"3727",2023-01-13,22,30,4814.2,222,0,0,23.2801724137931,0,0,5401,232,0,0,0,0
"3728",2023-01-13,22,35,4765.2,221,0,0,23.2801724137931,0,0,5401,232,0,0,0,0
"3729",2023-01-13,22,40,4825.2,222,0,0,23.2801724137931,0,0,5401,232,0,0,0,0
"3730",2023-01-13,22,45,4759.2,219,0,0,23.2801724137931,0,0,5401,232,0,0,0,0
"3731",2023-01-13,22,50,5070.2,221,0,0,23.2801724137931,0,0,5401,232,0,0,0,0
"3732",2023-01-13,22,55,4912.2,222,0,0,23.2801724137931,0,0,5401,232,0,0,0,0
"3733",2023-01-13,23,0,5234.2,224,0,0,24.1698630136986,0,0,5293.2,224,0,0,0,0
"3734",2023-01-13,23,5,5157.2,220,0,0,24.1698630136986,0,0,5293.2,224,0,0,0,0
"3735",2023-01-13,23,10,4999.2,221,0,0,24.1698630136986,0,0,5293.2,224,0,0,0,0
"3736",2023-01-13,23,15,4999.2,221,0,0,24.1698630136986,0,0,5293.2,224,0,0,0,0
"3737",2023-01-13,23,20,4890.2,221,0,0,24.1698630136986,0,0,5293.2,224,0,0,0,0
"3738",2023-01-13,23,25,5195.2,219,0,0,24.1698630136986,0,0,5293.2,224,0,0,0,0
"3739",2023-01-13,23,30,5173.2,218,0,0,24.1698630136986,0,0,5293.2,224,0,0,0,0
"3740",2023-01-13,23,35,5293.2,219,0,0,24.1698630136986,0,0,5293.2,224,0,0,0,0
"3741",2023-01-13,23,40,4911.2,217,0,0,24.1698630136986,0,0,5293.2,224,0,0,0,0
"3742",2023-01-13,23,45,4829.2,215,0,0,24.1698630136986,0,0,5293.2,224,0,0,0,0
"3743",2023-01-13,23,50,4687.2,213,0,0,24.1698630136986,0,0,5293.2,224,0,0,0,0
"3744",2023-01-13,23,55,4698.2,214,0,0,24.1698630136986,0,0,5293.2,224,0,0,0,0
"3745",2023-01-14,0,0,3699,155,0,0,24.4324324324324,0,0,3699,155,0,0,0,0
"3746",2023-01-14,0,5,3655,152,0,0,24.4324324324324,0,0,3699,155,0,0,0,0
"3747",2023-01-14,0,10,3633,151,0,0,24.4324324324324,0,0,3699,155,0,0,0,0
"3748",2023-01-14,0,15,3371,150,0,0,24.4324324324324,0,0,3699,155,0,0,0,0
"3749",2023-01-14,0,20,3349,149,0,0,24.4324324324324,0,0,3699,155,0,0,0,0
"3750",2023-01-14,0,25,3449,150,0,0,24.4324324324324,0,0,3699,155,0,0,0,0
"3751",2023-01-14,0,30,3371,150,0,0,24.4324324324324,0,0,3699,155,0,0,0,0
"3752",2023-01-14,0,35,3327,148,0,0,24.4324324324324,0,0,3699,155,0,0,0,0
"3753",2023-01-14,0,40,3316,147,0,0,24.4324324324324,0,0,3699,155,0,0,0,0
"3754",2023-01-14,0,45,3616,148,0,0,24.4324324324324,0,0,3699,155,0,0,0,0
"3755",2023-01-14,0,50,3316,148,0,0,24.4324324324324,0,0,3699,155,0,0,0,0
"3756",2023-01-14,0,55,3444,148,0,0,24.4324324324324,0,0,3699,155,0,0,0,0
"3757",2023-01-14,1,0,4357.2,202,0,0,22.0456852791878,0,0,4383,202,0,0,0,0
"3758",2023-01-14,1,5,4344,201,0,0,22.0456852791878,0,0,4383,202,0,0,0,0
"3759",2023-01-14,1,10,4344,201,0,0,22.0456852791878,0,0,4383,202,0,0,0,0
"3760",2023-01-14,1,15,4344,201,0,0,22.0456852791878,0,0,4383,202,0,0,0,0
"3761",2023-01-14,1,20,4322,200,0,0,22.0456852791878,0,0,4383,202,0,0,0,0
"3762",2023-01-14,1,25,4372,201,0,0,22.0456852791878,0,0,4383,202,0,0,0,0
"3763",2023-01-14,1,30,4383,202,0,0,22.0456852791878,0,0,4383,202,0,0,0,0
"3764",2023-01-14,1,35,4339,200,0,0,22.0456852791878,0,0,4383,202,0,0,0,0
"3765",2023-01-14,1,40,4273,197,0,0,22.0456852791878,0,0,4383,202,0,0,0,0
"3766",2023-01-14,1,45,4343,197,0,0,22.0456852791878,0,0,4383,202,0,0,0,0
"3767",2023-01-14,1,50,4201,195,0,0,22.0456852791878,0,0,4383,202,0,0,0,0
"3768",2023-01-14,1,55,4201,195,0,0,22.0456852791878,0,0,4383,202,0,0,0,0
"3769",2023-01-14,2,0,4359,195,0,0,22.7878787878788,0,0,4512,198,0,0,0,0
"3770",2023-01-14,2,5,4414,198,0,0,22.7878787878788,0,0,4512,198,0,0,0,0
"3771",2023-01-14,2,10,4414,198,0,0,22.7878787878788,0,0,4512,198,0,0,0,0
"3772",2023-01-14,2,15,4512,198,0,0,22.7878787878788,0,0,4512,198,0,0,0,0
"3773",2023-01-14,2,20,4326,194,0,0,22.7878787878788,0,0,4512,198,0,0,0,0
"3774",2023-01-14,2,25,4304,193,0,0,22.7878787878788,0,0,4512,198,0,0,0,0
"3775",2023-01-14,2,30,4135,193,0,0,22.7878787878788,0,0,4512,198,0,0,0,0
"3776",2023-01-14,2,35,4124,192,0,0,22.7878787878788,0,0,4512,198,0,0,0,0
"3777",2023-01-14,2,40,4124,192,0,0,22.7878787878788,0,0,4512,198,0,0,0,0
"3778",2023-01-14,2,45,4124,192,0,0,22.7878787878788,0,0,4512,198,0,0,0,0
"3779",2023-01-14,2,50,4036,188,0,0,22.7878787878788,0,0,4512,198,0,0,0,0
"3780",2023-01-14,2,55,4036,188,0,0,22.7878787878788,0,0,4512,198,0,0,0,0
"3781",2023-01-14,3,0,4036,188,0,0,21.989417989418,0,0,4156,189,0,0,0,0
"3782",2023-01-14,3,5,4036,188,0,0,21.989417989418,0,0,4156,189,0,0,0,0
"3783",2023-01-14,3,10,4036,188,0,0,21.989417989418,0,0,4156,189,0,0,0,0
"3784",2023-01-14,3,15,4036,188,0,0,21.989417989418,0,0,4156,189,0,0,0,0
"3785",2023-01-14,3,20,4036,188,0,0,21.989417989418,0,0,4156,189,0,0,0,0
"3786",2023-01-14,3,25,4156,189,0,0,21.989417989418,0,0,4156,189,0,0,0,0
"3787",2023-01-14,3,30,4156,189,0,0,21.989417989418,0,0,4156,189,0,0,0,0
"3788",2023-01-14,3,35,4156,189,0,0,21.989417989418,0,0,4156,189,0,0,0,0
"3789",2023-01-14,3,40,4156,189,0,0,21.989417989418,0,0,4156,189,0,0,0,0
"3790",2023-01-14,3,45,3992,186,0,0,21.989417989418,0,0,4156,189,0,0,0,0
"3791",2023-01-14,3,50,3992,186,0,0,21.989417989418,0,0,4156,189,0,0,0,0
"3792",2023-01-14,3,55,3992,186,0,0,21.989417989418,0,0,4156,189,0,0,0,0
"3793",2023-01-14,4,0,3992,186,0,0,21.561797752809,0,0,3992,186,0,0,0,0
"3794",2023-01-14,4,5,3970,185,0,0,21.561797752809,0,0,3992,186,0,0,0,0
"3795",2023-01-14,4,10,3970,185,0,0,21.561797752809,0,0,3992,186,0,0,0,0
"3796",2023-01-14,4,15,3948,184,0,0,21.561797752809,0,0,3992,186,0,0,0,0
"3797",2023-01-14,4,20,3948,184,0,0,21.561797752809,0,0,3992,186,0,0,0,0
"3798",2023-01-14,4,25,3926,183,0,0,21.561797752809,0,0,3992,186,0,0,0,0
"3799",2023-01-14,4,35,3838,178,0,0,21.561797752809,0,0,3992,186,0,0,0,0
"3800",2023-01-14,4,40,3816,177,0,0,21.561797752809,0,0,3992,186,0,0,0,0
"3801",2023-01-14,4,45,3816,177,0,0,21.561797752809,0,0,3992,186,0,0,0,0
"3802",2023-01-14,4,50,3816,177,0,0,21.561797752809,0,0,3992,186,0,0,0,0
"3803",2023-01-14,4,55,3794,176,0,0,21.561797752809,0,0,3992,186,0,0,0,0
"3804",2023-01-14,4,30,3893,181,0,0,21.561797752809,0,0,3992,186,0,0,0,0
"3805",2023-01-14,5,0,3794,176,0,0,23.4285714285714,0,0,4100,176,0,0,0,0
"3806",2023-01-14,5,5,3794,176,0,0,23.4285714285714,0,0,4100,176,0,0,0,0
"3807",2023-01-14,5,10,3794,176,0,0,23.4285714285714,0,0,4100,176,0,0,0,0
"3808",2023-01-14,5,15,3794,176,0,0,23.4285714285714,0,0,4100,176,0,0,0,0
"3809",2023-01-14,5,20,3794,176,0,0,23.4285714285714,0,0,4100,176,0,0,0,0
"3810",2023-01-14,5,25,3783,175,0,0,23.4285714285714,0,0,4100,176,0,0,0,0
"3811",2023-01-14,5,30,3740,173,0,0,23.4285714285714,0,0,4100,176,0,0,0,0
"3812",2023-01-14,5,35,3762,174,0,0,23.4285714285714,0,0,4100,176,0,0,0,0
"3813",2023-01-14,5,40,3762,174,0,0,23.4285714285714,0,0,4100,176,0,0,0,0
"3814",2023-01-14,5,45,4100,175,0,0,23.4285714285714,0,0,4100,176,0,0,0,0
"3815",2023-01-14,5,50,4040,174,0,0,23.4285714285714,0,0,4100,176,0,0,0,0
"3816",2023-01-14,5,55,4040,174,0,0,23.4285714285714,0,0,4100,176,0,0,0,0
"3817",2023-01-14,6,0,4040,174,0,0,23.2183908045977,0,0,4040,174,0,0,0,0
"3818",2023-01-14,6,5,4040,174,0,0,23.2183908045977,0,0,4040,174,0,0,0,0
"3819",2023-01-14,6,10,3740,173,0,0,23.2183908045977,0,0,4040,174,0,0,0,0
"3820",2023-01-14,6,15,3762,174,0,0,23.2183908045977,0,0,4040,174,0,0,0,0
"3821",2023-01-14,6,20,3762,174,0,0,23.2183908045977,0,0,4040,174,0,0,0,0
"3822",2023-01-14,6,25,3762,174,0,0,23.2183908045977,0,0,4040,174,0,0,0,0
"3823",2023-01-14,6,30,3751,173,0,0,23.2183908045977,0,0,4040,174,0,0,0,0
"3824",2023-01-14,6,35,3751,173,0,0,23.2183908045977,0,0,4040,174,0,0,0,0
"3825",2023-01-14,6,40,3729,172,0,0,23.2183908045977,0,0,4040,174,0,0,0,0
"3826",2023-01-14,6,45,3729,172,0,0,23.2183908045977,0,0,4040,174,0,0,0,0
"3827",2023-01-14,6,50,3729,172,0,0,23.2183908045977,0,0,4040,174,0,0,0,0
"3828",2023-01-14,6,55,3729,172,0,0,23.2183908045977,0,0,4040,174,0,0,0,0
"3829",2023-01-14,7,0,3767,172,0,0,22.7396449704142,0,0,3854,172,0,0,0,0
"3830",2023-01-14,7,5,3767,172,0,0,22.7396449704142,0,0,3854,172,0,0,0,0
"3831",2023-01-14,7,15,3767,172,0,0,22.7396449704142,0,0,3854,172,0,0,0,0
"3832",2023-01-14,7,20,3767,172,0,0,22.7396449704142,0,0,3854,172,0,0,0,0
"3833",2023-01-14,7,25,3767,172,0,0,22.7396449704142,0,0,3854,172,0,0,0,0
"3834",2023-01-14,7,30,3767,172,0,0,22.7396449704142,0,0,3854,172,0,0,0,0
"3835",2023-01-14,7,35,3767,172,0,0,22.7396449704142,0,0,3854,172,0,0,0,0
"3836",2023-01-14,7,40,3723,170,0,0,22.7396449704142,0,0,3854,172,0,0,0,0
"3837",2023-01-14,7,45,3843,170,0,0,22.7396449704142,0,0,3854,172,0,0,0,0
"3838",2023-01-14,7,50,3854,170,0,0,22.7396449704142,0,0,3854,172,0,0,0,0
"3839",2023-01-14,7,55,3843,169,0,0,22.7396449704142,0,0,3854,172,0,0,0,0
"3840",2023-01-14,7,10,3756,171,0,0,22.7396449704142,0,0,3854,172,0,0,0,0
"3841",2023-01-14,8,5,3887,171,0,0,22.8,0,0,3975,178,0,0,0,0
"3842",2023-01-14,8,10,3887,171,0,0,22.8,0,0,3975,178,0,0,0,0
"3843",2023-01-14,8,15,3887,171,0,0,22.8,0,0,3975,178,0,0,0,0
"3844",2023-01-14,8,20,3865,170,0,0,22.8,0,0,3975,178,0,0,0,0
"3845",2023-01-14,8,25,3898,172,0,0,22.8,0,0,3975,178,0,0,0,0
"3846",2023-01-14,8,30,3953,175,0,0,22.8,0,0,3975,178,0,0,0,0
"3847",2023-01-14,8,35,3975,176,0,0,22.8,0,0,3975,178,0,0,0,0
"3848",2023-01-14,8,40,3773,174,0,0,22.8,0,0,3975,178,0,0,0,0
"3849",2023-01-14,8,45,3784,175,0,0,22.8,0,0,3975,178,0,0,0,0
"3850",2023-01-14,8,50,3806,176,0,0,22.8,0,0,3975,178,0,0,0,0
"3851",2023-01-14,8,55,3872,178,0,0,22.8,0,0,3975,178,0,0,0,0
"3852",2023-01-14,8,0,3876,170,0,0,22.8,0,0,3975,178,0,0,0,0
"3853",2023-01-14,9,0,3916,180,0,0,24.105527638191,0,0,4797,211,0,0,0,0
"3854",2023-01-14,9,5,4027,181,0,0,24.105527638191,0,0,4797,211,0,0,0,0
"3855",2023-01-14,9,10,3950,178,0,0,24.105527638191,0,0,4797,211,0,0,0,0
"3856",2023-01-14,9,15,3992,181,0,0,24.105527638191,0,0,4797,211,0,0,0,0
"3857",2023-01-14,9,20,4080,185,0,0,24.105527638191,0,0,4797,211,0,0,0,0
"3858",2023-01-14,9,25,4141,187,0,0,24.105527638191,0,0,4797,211,0,0,0,0
"3859",2023-01-14,9,30,4196,190,0,0,24.105527638191,0,0,4797,211,0,0,0,0
"3860",2023-01-14,9,35,4376,191,0,0,24.105527638191,0,0,4797,211,0,0,0,0
"3861",2023-01-14,9,40,4797,199,0,0,24.105527638191,0,0,4797,211,0,0,0,0
"3862",2023-01-14,9,45,4657,204,0,0,24.105527638191,0,0,4797,211,0,0,0,0
"3863",2023-01-14,9,50,4701,207,0,0,24.105527638191,0,0,4797,211,0,0,0,0
"3864",2023-01-14,9,55,4789,211,0,0,24.105527638191,0,0,4797,211,0,0,0,0
"3865",2023-01-14,10,0,5108,223,0,0,26.0515873015873,0,0,6565,252,0,0,0,0
"3866",2023-01-14,10,5,5360,231,0,0,26.0515873015873,0,0,6565,252,0,0,0,0
"3867",2023-01-14,10,10,5753,240,0,0,26.0515873015873,0,0,6565,252,0,0,0,0
"3868",2023-01-14,10,15,5720,242,0,0,26.0515873015873,0,0,6565,252,0,0,0,0
"3869",2023-01-14,10,20,5598,241,0,0,26.0515873015873,0,0,6565,252,0,0,0,0
"3870",2023-01-14,10,25,6199,245,0,0,26.0515873015873,0,0,6565,252,0,0,0,0
"3871",2023-01-14,10,30,6271,248,0,0,26.0515873015873,0,0,6565,252,0,0,0,0
"3872",2023-01-14,10,35,6413,250,0,0,26.0515873015873,0,0,6565,252,0,0,0,0
"3873",2023-01-14,10,40,6471,249,0,0,26.0515873015873,0,0,6565,252,0,0,0,0
"3874",2023-01-14,10,45,6524,251,0,0,26.0515873015873,0,0,6565,252,0,0,0,0
"3875",2023-01-14,10,50,6402,248,0,0,26.0515873015873,0,0,6565,252,0,0,0,0
"3876",2023-01-14,10,55,6565,252,0,0,26.0515873015873,0,0,6565,252,0,0,0,0
"3877",2023-01-14,11,0,6587,253,0,0,26.921875,0,0,6892,257,0,0,0,0
"3878",2023-01-14,11,5,6548,252,0,0,26.921875,0,0,6892,257,0,0,0,0
"3879",2023-01-14,11,10,6892,256,0,0,26.921875,0,0,6892,257,0,0,0,0
"3880",2023-01-14,11,15,6831,255,0,0,26.921875,0,0,6892,257,0,0,0,0
"3881",2023-01-14,11,20,6155,247,0,0,26.921875,0,0,6892,257,0,0,0,0
"3882",2023-01-14,11,25,5609,245,0,0,26.921875,0,0,6892,257,0,0,0,0
"3883",2023-01-14,11,30,5844,249,0,0,26.921875,0,0,6892,257,0,0,0,0
"3884",2023-01-14,11,35,5555,248,0,0,26.921875,0,0,6892,257,0,0,0,0
"3885",2023-01-14,11,40,5675,248,0,0,26.921875,0,0,6892,257,0,0,0,0
"3886",2023-01-14,11,45,5708,249,0,0,26.921875,0,0,6892,257,0,0,0,0
"3887",2023-01-14,11,50,5763,251,0,0,26.921875,0,0,6892,257,0,0,0,0
"3888",2023-01-14,11,55,6068,257,0,0,26.921875,0,0,6892,257,0,0,0,0
"3889",2023-01-14,12,0,6140,256,0,0,26.4007633587786,0,0,6917,263,0,0,0,0
"3890",2023-01-14,12,5,6224,260,0,0,26.4007633587786,0,0,6917,263,0,0,0,0
"3891",2023-01-14,12,10,6279,263,0,0,26.4007633587786,0,0,6917,263,0,0,0,0
"3892",2023-01-14,12,15,5903,261,0,0,26.4007633587786,0,0,6917,263,0,0,0,0
"3893",2023-01-14,12,20,5909,260,0,0,26.4007633587786,0,0,6917,263,0,0,0,0
"3894",2023-01-14,12,25,5915,259,0,0,26.4007633587786,0,0,6917,263,0,0,0,0
"3895",2023-01-14,12,30,5995,259,0,0,26.4007633587786,0,0,6917,263,0,0,0,0
"3896",2023-01-14,12,35,6366,260,0,0,26.4007633587786,0,0,6917,263,0,0,0,0
"3897",2023-01-14,12,40,6703,259,0,0,26.4007633587786,0,0,6917,263,0,0,0,0
"3898",2023-01-14,12,45,6610,257,0,0,26.4007633587786,0,0,6917,263,0,0,0,0
"3899",2023-01-14,12,50,6654,259,0,0,26.4007633587786,0,0,6917,263,0,0,0,0
"3900",2023-01-14,12,55,6917,262,0,0,26.4007633587786,0,0,6917,263,0,0,0,0
"3901",2023-01-14,13,0,6535,259,0,0,25.90036900369,0,0,7019,273,0,0,0,0
"3902",2023-01-14,13,5,6462,260,0,0,25.90036900369,0,0,7019,273,0,0,0,0
"3903",2023-01-14,13,10,6270,258,0,0,25.90036900369,0,0,7019,273,0,0,0,0
"3904",2023-01-14,13,15,6299,257,0,0,25.90036900369,0,0,7019,273,0,0,0,0
"3905",2023-01-14,13,20,5983,259,0,0,25.90036900369,0,0,7019,273,0,0,0,0
"3906",2023-01-14,13,25,6272,259,0,0,25.90036900369,0,0,7019,273,0,0,0,0
"3907",2023-01-14,13,30,6358,261,0,0,25.90036900369,0,0,7019,273,0,0,0,0
"3908",2023-01-14,13,35,6310,265,0,0,25.90036900369,0,0,7019,273,0,0,0,0
"3909",2023-01-14,13,40,6758,270,0,0,25.90036900369,0,0,7019,273,0,0,0,0
"3910",2023-01-14,13,45,7019,271,0,0,25.90036900369,0,0,7019,273,0,0,0,0
"3911",2023-01-14,13,50,6772,267,0,0,25.90036900369,0,0,7019,273,0,0,0,0
"3912",2023-01-14,13,55,6952,273,0,0,25.90036900369,0,0,7019,273,0,0,0,0
"3913",2023-01-14,14,0,6963,273,0,0,25.7725631768953,0,0,7139,283,0,0,0,0
"3914",2023-01-14,14,5,7015,273,0,0,25.7725631768953,0,0,7139,283,0,0,0,0
"3915",2023-01-14,14,10,6881,275,0,0,25.7725631768953,0,0,7139,283,0,0,0,0
"3916",2023-01-14,14,15,7139,277,0,0,25.7725631768953,0,0,7139,283,0,0,0,0
"3917",2023-01-14,14,20,7014,280,0,0,25.7725631768953,0,0,7139,283,0,0,0,0
"3918",2023-01-14,14,25,6707,280,0,0,25.7725631768953,0,0,7139,283,0,0,0,0
"3919",2023-01-14,14,30,7030,283,0,0,25.7725631768953,0,0,7139,283,0,0,0,0
"3920",2023-01-14,14,35,6845,279,0,0,25.7725631768953,0,0,7139,283,0,0,0,0
"3921",2023-01-14,14,40,6687,279,0,0,25.7725631768953,0,0,7139,283,0,0,0,0
"3922",2023-01-14,14,45,3299,145,0,0,25.7725631768953,0,0,7139,283,0,0,0,0
"3923",2023-01-14,14,50,6323,273,0,0,25.7725631768953,0,0,7139,283,0,0,0,0
"3924",2023-01-14,14,55,6190,271,0,0,25.7725631768953,0,0,7139,283,0,0,0,0
"3925",2023-01-14,15,0,6425,274,0,0,26.637037037037,0,0,7291,276,0,0,0,0
"3926",2023-01-14,15,5,6314,273,0,0,26.637037037037,0,0,7291,276,0,0,0,0
"3927",2023-01-14,15,10,6782,270,0,0,26.637037037037,0,0,7291,276,0,0,0,0
"3928",2023-01-14,15,15,6973,271,0,0,26.637037037037,0,0,7291,276,0,0,0,0
"3929",2023-01-14,15,20,7205,272,0,0,26.637037037037,0,0,7291,276,0,0,0,0
"3930",2023-01-14,15,25,7025,271,0,0,26.637037037037,0,0,7291,276,0,0,0,0
"3931",2023-01-14,15,30,7291,276,0,0,26.637037037037,0,0,7291,276,0,0,0,0
"3932",2023-01-14,15,35,7192,270,0,0,26.637037037037,0,0,7291,276,0,0,0,0
"3933",2023-01-14,15,40,6771,263,0,0,26.637037037037,0,0,7291,276,0,0,0,0
"3934",2023-01-14,15,45,6208,258,0,0,26.637037037037,0,0,7291,276,0,0,0,0
"3935",2023-01-14,15,50,5943,258,0,0,26.637037037037,0,0,7291,276,0,0,0,0
"3936",2023-01-14,15,55,5910,256,0,0,26.637037037037,0,0,7291,276,0,0,0,0
"3937",2023-01-14,16,0,5771,250,0,0,26.752,0,0,6688,251,0,0,0,0
"3938",2023-01-14,16,5,6192,251,0,0,26.752,0,0,6688,251,0,0,0,0
"3939",2023-01-14,16,10,6115,247,0,0,26.752,0,0,6688,251,0,0,0,0
"3940",2023-01-14,16,15,6228,247,0,0,26.752,0,0,6688,251,0,0,0,0
"3941",2023-01-14,16,20,6070,248,0,0,26.752,0,0,6688,251,0,0,0,0
"3942",2023-01-14,16,25,6082,245,0,0,26.752,0,0,6688,251,0,0,0,0
"3943",2023-01-14,16,30,6405,247,0,0,26.752,0,0,6688,251,0,0,0,0
"3944",2023-01-14,16,35,6438,247,0,0,26.752,0,0,6688,251,0,0,0,0
"3945",2023-01-14,16,40,6597,248,0,0,26.752,0,0,6688,251,0,0,0,0
"3946",2023-01-14,16,45,6482,248,0,0,26.752,0,0,6688,251,0,0,0,0
"3947",2023-01-14,16,50,6688,250,0,0,26.752,0,0,6688,251,0,0,0,0
"3948",2023-01-14,16,55,6293,246,0,0,26.752,0,0,6688,251,0,0,0,0
"3949",2023-01-14,17,35,5401,236,0,0,25.5551020408163,0,0,6261,245,0,0,0,0
"3950",2023-01-14,17,40,5643,231,0,0,25.5551020408163,0,0,6261,245,0,0,0,0
"3951",2023-01-14,17,45,5632,231,0,0,25.5551020408163,0,0,6261,245,0,0,0,0
"3952",2023-01-14,17,50,5687,230,0,0,25.5551020408163,0,0,6261,245,0,0,0,0
"3953",2023-01-14,17,55,5684,229,0,0,25.5551020408163,0,0,6261,245,0,0,0,0
"3954",2023-01-14,17,0,6062,243,0,0,25.5551020408163,0,0,6261,245,0,0,0,0
"3955",2023-01-14,17,5,6261,245,0,0,25.5551020408163,0,0,6261,245,0,0,0,0
"3956",2023-01-14,17,10,5641,238,0,0,25.5551020408163,0,0,6261,245,0,0,0,0
"3957",2023-01-14,17,15,5491,232,0,0,25.5551020408163,0,0,6261,245,0,0,0,0
"3958",2023-01-14,17,20,5301,229,0,0,25.5551020408163,0,0,6261,245,0,0,0,0
"3959",2023-01-14,17,25,5373,234,0,0,25.5551020408163,0,0,6261,245,0,0,0,0
"3960",2023-01-14,17,30,5252,230,0,0,25.5551020408163,0,0,6261,245,0,0,0,0
"3961",2023-01-14,18,0,5880,233,0,0,27.471615720524,0,0,6291,233,0,0,0,0
"3962",2023-01-14,18,5,5628,230,0,0,27.471615720524,0,0,6291,233,0,0,0,0
"3963",2023-01-14,18,10,5917,230,0,0,27.471615720524,0,0,6291,233,0,0,0,0
"3964",2023-01-14,18,15,5781,225,0,0,27.471615720524,0,0,6291,233,0,0,0,0
"3965",2023-01-14,18,20,5292,221,0,0,27.471615720524,0,0,6291,233,0,0,0,0
"3966",2023-01-14,18,25,5837,224,0,0,27.471615720524,0,0,6291,233,0,0,0,0
"3967",2023-01-14,18,30,6291,229,0,0,27.471615720524,0,0,6291,233,0,0,0,0
"3968",2023-01-14,18,35,5958,227,0,0,27.471615720524,0,0,6291,233,0,0,0,0
"3969",2023-01-14,18,40,6058,228,0,0,27.471615720524,0,0,6291,233,0,0,0,0
"3970",2023-01-14,18,45,5842,224,0,0,27.471615720524,0,0,6291,233,0,0,0,0
"3971",2023-01-14,18,50,5202,221,0,0,27.471615720524,0,0,6291,233,0,0,0,0
"3972",2023-01-14,18,55,4978,219,0,0,27.471615720524,0,0,6291,233,0,0,0,0
"3973",2023-01-14,19,0,4978,219,0,0,23.7064220183486,0,0,5168,219,0,0,0,0
"3974",2023-01-14,19,5,4906,217,0,0,23.7064220183486,0,0,5168,219,0,0,0,0
"3975",2023-01-14,19,10,5168,218,0,0,23.7064220183486,0,0,5168,219,0,0,0,0
"3976",2023-01-14,19,15,4852,215,0,0,23.7064220183486,0,0,5168,219,0,0,0,0
"3977",2023-01-14,19,20,4907,218,0,0,23.7064220183486,0,0,5168,219,0,0,0,0
"3978",2023-01-14,19,25,4924,218,0,0,23.7064220183486,0,0,5168,219,0,0,0,0
"3979",2023-01-14,19,30,4932,217,0,0,23.7064220183486,0,0,5168,219,0,0,0,0
"3980",2023-01-14,19,35,4756,211,0,0,23.7064220183486,0,0,5168,219,0,0,0,0
"3981",2023-01-14,19,40,4734,210,0,0,23.7064220183486,0,0,5168,219,0,0,0,0
"3982",2023-01-14,19,45,4914,211,0,0,23.7064220183486,0,0,5168,219,0,0,0,0
"3983",2023-01-14,19,50,4864,210,0,0,23.7064220183486,0,0,5168,219,0,0,0,0
"3984",2023-01-14,19,55,4460,206,0,0,23.7064220183486,0,0,5168,219,0,0,0,0
"3985",2023-01-14,20,0,4510,207,0,0,23.6354679802956,0,0,4842,210,0,0,0,0
"3986",2023-01-14,20,5,4537,206,0,0,23.6354679802956,0,0,4842,210,0,0,0,0
"3987",2023-01-14,20,10,4515,206,0,0,23.6354679802956,0,0,4842,210,0,0,0,0
"3988",2023-01-14,20,15,4471,204,0,0,23.6354679802956,0,0,4842,210,0,0,0,0
"3989",2023-01-14,20,20,4559,208,0,0,23.6354679802956,0,0,4842,210,0,0,0,0
"3990",2023-01-14,20,25,4603,210,0,0,23.6354679802956,0,0,4842,210,0,0,0,0
"3991",2023-01-14,20,30,4511,205,0,0,23.6354679802956,0,0,4842,210,0,0,0,0
"3992",2023-01-14,20,35,4533,206,0,0,23.6354679802956,0,0,4842,210,0,0,0,0
"3993",2023-01-14,20,40,4500,204,0,0,23.6354679802956,0,0,4842,210,0,0,0,0
"3994",2023-01-14,20,45,4417,201,0,0,23.6354679802956,0,0,4842,210,0,0,0,0
"3995",2023-01-14,20,50,4842,205,0,0,23.6354679802956,0,0,4842,210,0,0,0,0
"3996",2023-01-14,20,55,4798,203,0,0,23.6354679802956,0,0,4842,210,0,0,0,0
"3997",2023-01-14,21,0,4765,202,0,0,23.5891089108911,0,0,4765,203,0,0,0,0
"3998",2023-01-14,21,5,4661,199,0,0,23.5891089108911,0,0,4765,203,0,0,0,0
"3999",2023-01-14,21,10,4405,201,0,0,23.5891089108911,0,0,4765,203,0,0,0,0
"4000",2023-01-14,21,15,4585,202,0,0,23.5891089108911,0,0,4765,203,0,0,0,0
"4001",2023-01-14,21,20,4607,203,0,0,23.5891089108911,0,0,4765,203,0,0,0,0
"4002",2023-01-14,21,25,4645,203,0,0,23.5891089108911,0,0,4765,203,0,0,0,0
"4003",2023-01-14,21,30,4579,200,0,0,23.5891089108911,0,0,4765,203,0,0,0,0
"4004",2023-01-14,21,35,4312,196,0,0,23.5891089108911,0,0,4765,203,0,0,0,0
"4005",2023-01-14,21,40,4290,195,0,0,23.5891089108911,0,0,4765,203,0,0,0,0
"4006",2023-01-14,21,45,4334,197,0,0,23.5891089108911,0,0,4765,203,0,0,0,0
"4007",2023-01-14,21,50,4645,198,0,0,23.5891089108911,0,0,4765,203,0,0,0,0
"4008",2023-01-14,21,55,4579,195,0,0,23.5891089108911,0,0,4765,203,0,0,0,0
"4009",2023-01-14,22,0,4579,195,0,0,27.6230366492147,0,0,5320,195,0,0,0,0
"4010",2023-01-14,22,5,4540,195,0,0,27.6230366492147,0,0,5320,195,0,0,0,0
"4011",2023-01-14,22,10,4774,193,0,0,27.6230366492147,0,0,5320,195,0,0,0,0
"4012",2023-01-14,22,15,4802,193,0,0,27.6230366492147,0,0,5320,195,0,0,0,0
"4013",2023-01-14,22,20,5320,193,0,0,27.6230366492147,0,0,5320,195,0,0,0,0
"4014",2023-01-14,22,25,5276,191,0,0,27.6230366492147,0,0,5320,195,0,0,0,0
"4015",2023-01-14,22,30,5068,186,0,0,27.6230366492147,0,0,5320,195,0,0,0,0
"4016",2023-01-14,22,35,4309,179,0,0,27.6230366492147,0,0,5320,195,0,0,0,0
"4017",2023-01-14,22,40,4243,176,0,0,27.6230366492147,0,0,5320,195,0,0,0,0
"4018",2023-01-14,22,45,3822,169,0,0,27.6230366492147,0,0,5320,195,0,0,0,0
"4019",2023-01-14,22,50,3822,169,0,0,27.6230366492147,0,0,5320,195,0,0,0,0
"4020",2023-01-14,22,55,3642,168,0,0,27.6230366492147,0,0,5320,195,0,0,0,0
"4021",2023-01-14,23,0,3598,166,0,0,23.9367088607595,0,0,3815,166,0,0,0,0
"4022",2023-01-14,23,5,3663,164,0,0,23.9367088607595,0,0,3815,166,0,0,0,0
"4023",2023-01-14,23,10,3663,164,0,0,23.9367088607595,0,0,3815,166,0,0,0,0
"4024",2023-01-14,23,15,3663,164,0,0,23.9367088607595,0,0,3815,166,0,0,0,0
"4025",2023-01-14,23,20,3619,162,0,0,23.9367088607595,0,0,3815,166,0,0,0,0
"4026",2023-01-14,23,25,3597,161,0,0,23.9367088607595,0,0,3815,166,0,0,0,0
"4027",2023-01-14,23,30,3815,160,0,0,23.9367088607595,0,0,3815,166,0,0,0,0
"4028",2023-01-14,23,35,3815,160,0,0,23.9367088607595,0,0,3815,166,0,0,0,0
"4029",2023-01-14,23,40,3782,158,0,0,23.9367088607595,0,0,3815,166,0,0,0,0
"4030",2023-01-14,23,45,3804,159,0,0,23.9367088607595,0,0,3815,166,0,0,0,0
"4031",2023-01-14,23,50,3710,156,0,0,23.9367088607595,0,0,3815,166,0,0,0,0
"4032",2023-01-14,23,55,3721,156,0,0,23.9367088607595,0,0,3815,166,0,0,0,0
"4033",2023-01-15,0,0,3210,144,0,0,22.5704225352113,0,0,3293,146,0,0,0,0
"4034",2023-01-15,0,5,3188,142,0,0,22.5704225352113,0,0,3293,146,0,0,0,0
"4035",2023-01-15,0,10,3249,144,0,0,22.5704225352113,0,0,3293,146,0,0,0,0
"4036",2023-01-15,0,15,3249,144,0,0,22.5704225352113,0,0,3293,146,0,0,0,0
"4037",2023-01-15,0,20,3293,146,0,0,22.5704225352113,0,0,3293,146,0,0,0,0
"4038",2023-01-15,0,25,3271,145,0,0,22.5704225352113,0,0,3293,146,0,0,0,0
"4039",2023-01-15,0,30,3271,145,0,0,22.5704225352113,0,0,3293,146,0,0,0,0
"4040",2023-01-15,0,35,3249,144,0,0,22.5704225352113,0,0,3293,146,0,0,0,0
"4041",2023-01-15,0,40,3227,143,0,0,22.5704225352113,0,0,3293,146,0,0,0,0
"4042",2023-01-15,0,45,3227,143,0,0,22.5704225352113,0,0,3293,146,0,0,0,0
"4043",2023-01-15,0,50,3227,143,0,0,22.5704225352113,0,0,3293,146,0,0,0,0
"4044",2023-01-15,0,55,3205,142,0,0,22.5704225352113,0,0,3293,146,0,0,0,0
"4045",2023-01-15,1,0,3389,145,0,0,26.8,0,0,3886,145,0,0,0,0
"4046",2023-01-15,1,5,3258,143,0,0,26.8,0,0,3886,145,0,0,0,0
"4047",2023-01-15,1,10,3608,145,0,0,26.8,0,0,3886,145,0,0,0,0
"4048",2023-01-15,1,15,3886,145,0,0,26.8,0,0,3886,145,0,0,0,0
"4049",2023-01-15,1,20,3586,144,0,0,26.8,0,0,3886,145,0,0,0,0
"4050",2023-01-15,1,25,3586,144,0,0,26.8,0,0,3886,145,0,0,0,0
"4051",2023-01-15,1,30,3125,141,0,0,26.8,0,0,3886,145,0,0,0,0
"4052",2023-01-15,1,35,3305,142,0,0,26.8,0,0,3886,145,0,0,0,0
"4053",2023-01-15,1,40,3305,142,0,0,26.8,0,0,3886,145,0,0,0,0
"4054",2023-01-15,1,45,3125,141,0,0,26.8,0,0,3886,145,0,0,0,0
"4055",2023-01-15,1,50,3136,142,0,0,26.8,0,0,3886,145,0,0,0,0
"4056",2023-01-15,1,55,3286,143,0,0,26.8,0,0,3886,145,0,0,0,0
"4057",2023-01-15,2,0,3466,144,0,0,24.0694444444444,0,0,3488,145,0,0,0,0
"4058",2023-01-15,2,5,3488,145,0,0,24.0694444444444,0,0,3488,145,0,0,0,0
"4059",2023-01-15,2,10,3488,145,0,0,24.0694444444444,0,0,3488,145,0,0,0,0
"4060",2023-01-15,2,15,3438,144,0,0,24.0694444444444,0,0,3488,145,0,0,0,0
"4061",2023-01-15,2,20,3258,143,0,0,24.0694444444444,0,0,3488,145,0,0,0,0
"4062",2023-01-15,2,25,3375,141,0,0,24.0694444444444,0,0,3488,145,0,0,0,0
"4063",2023-01-15,2,30,3375,141,0,0,24.0694444444444,0,0,3488,145,0,0,0,0
"4064",2023-01-15,2,35,3375,141,0,0,24.0694444444444,0,0,3488,145,0,0,0,0
"4065",2023-01-15,2,40,3375,141,0,0,24.0694444444444,0,0,3488,145,0,0,0,0
"4066",2023-01-15,2,45,3375,141,0,0,24.0694444444444,0,0,3488,145,0,0,0,0
"4067",2023-01-15,2,50,3375,141,0,0,24.0694444444444,0,0,3488,145,0,0,0,0
"4068",2023-01-15,2,55,3053,139,0,0,24.0694444444444,0,0,3488,145,0,0,0,0
"4069",2023-01-15,3,0,3203,140,0,0,23.7801418439716,0,0,3375,142,0,0,0,0
"4070",2023-01-15,3,5,3203,140,0,0,23.7801418439716,0,0,3375,142,0,0,0,0
"4071",2023-01-15,3,10,3203,140,0,0,23.7801418439716,0,0,3375,142,0,0,0,0
"4072",2023-01-15,3,15,3225,141,0,0,23.7801418439716,0,0,3375,142,0,0,0,0
"4073",2023-01-15,3,20,3225,141,0,0,23.7801418439716,0,0,3375,142,0,0,0,0
"4074",2023-01-15,3,25,3225,141,0,0,23.7801418439716,0,0,3375,142,0,0,0,0
"4075",2023-01-15,3,30,3375,142,0,0,23.7801418439716,0,0,3375,142,0,0,0,0
"4076",2023-01-15,3,35,3353,141,0,0,23.7801418439716,0,0,3375,142,0,0,0,0
"4077",2023-01-15,3,40,3353,141,0,0,23.7801418439716,0,0,3375,142,0,0,0,0
"4078",2023-01-15,3,45,3353,141,0,0,23.7801418439716,0,0,3375,142,0,0,0,0
"4079",2023-01-15,3,50,3203,140,0,0,23.7801418439716,0,0,3375,142,0,0,0,0
"4080",2023-01-15,3,55,3053,139,0,0,23.7801418439716,0,0,3375,142,0,0,0,0
"4081",2023-01-15,4,0,3051,139,0,0,22.6546762589928,0,0,3149,140,0,0,0,0
"4082",2023-01-15,4,5,3051,139,0,0,22.6546762589928,0,0,3149,140,0,0,0,0
"4083",2023-01-15,4,10,3051,139,0,0,22.6546762589928,0,0,3149,140,0,0,0,0
"4084",2023-01-15,4,15,3051,139,0,0,22.6546762589928,0,0,3149,140,0,0,0,0
"4085",2023-01-15,4,20,3051,139,0,0,22.6546762589928,0,0,3149,140,0,0,0,0
"4086",2023-01-15,4,25,3051,139,0,0,22.6546762589928,0,0,3149,140,0,0,0,0
"4087",2023-01-15,4,30,3101,140,0,0,22.6546762589928,0,0,3149,140,0,0,0,0
"4088",2023-01-15,4,35,3051,139,0,0,22.6546762589928,0,0,3149,140,0,0,0,0
"4089",2023-01-15,4,40,3051,139,0,0,22.6546762589928,0,0,3149,140,0,0,0,0
"4090",2023-01-15,4,45,3051,139,0,0,22.6546762589928,0,0,3149,140,0,0,0,0
"4091",2023-01-15,4,50,3029,138,0,0,22.6546762589928,0,0,3149,140,0,0,0,0
"4092",2023-01-15,4,55,3149,139,0,0,22.6546762589928,0,0,3149,140,0,0,0,0
"4093",2023-01-15,5,0,3138,138,0,0,22.75,0,0,3138,138,0,0,0,0
"4094",2023-01-15,5,5,3138,138,0,0,22.75,0,0,3138,138,0,0,0,0
"4095",2023-01-15,5,10,3138,138,0,0,22.75,0,0,3138,138,0,0,0,0
"4096",2023-01-15,5,15,3094,136,0,0,22.75,0,0,3138,138,0,0,0,0
"4097",2023-01-15,5,20,3018,137,0,0,22.75,0,0,3138,138,0,0,0,0
"4098",2023-01-15,5,25,3018,137,0,0,22.75,0,0,3138,138,0,0,0,0
"4099",2023-01-15,5,30,3018,137,0,0,22.75,0,0,3138,138,0,0,0,0
"4100",2023-01-15,5,35,3018,137,0,0,22.75,0,0,3138,138,0,0,0,0
"4101",2023-01-15,5,40,3004,136,0,0,22.75,0,0,3138,138,0,0,0,0
"4102",2023-01-15,5,45,3026,137,0,0,22.75,0,0,3138,138,0,0,0,0
"4103",2023-01-15,5,50,2993,135,0,0,22.75,0,0,3138,138,0,0,0,0
"4104",2023-01-15,5,55,2993,135,0,0,22.75,0,0,3138,138,0,0,0,0
"4105",2023-01-15,6,0,2993,135,0,0,22.2537313432836,0,0,3015,136,0,0,0,0
"4106",2023-01-15,6,5,2993,135,0,0,22.2537313432836,0,0,3015,136,0,0,0,0
"4107",2023-01-15,6,10,2993,135,0,0,22.2537313432836,0,0,3015,136,0,0,0,0
"4108",2023-01-15,6,15,2993,135,0,0,22.2537313432836,0,0,3015,136,0,0,0,0
"4109",2023-01-15,6,20,2993,135,0,0,22.2537313432836,0,0,3015,136,0,0,0,0
"4110",2023-01-15,6,25,3015,136,0,0,22.2537313432836,0,0,3015,136,0,0,0,0
"4111",2023-01-15,6,30,3015,136,0,0,22.2537313432836,0,0,3015,136,0,0,0,0
"4112",2023-01-15,6,35,3015,136,0,0,22.2537313432836,0,0,3015,136,0,0,0,0
"4113",2023-01-15,6,40,3015,136,0,0,22.2537313432836,0,0,3015,136,0,0,0,0
"4114",2023-01-15,6,45,3004,135,0,0,22.2537313432836,0,0,3015,136,0,0,0,0
"4115",2023-01-15,6,50,3004,135,0,0,22.2537313432836,0,0,3015,136,0,0,0,0
"4116",2023-01-15,6,55,2982,134,0,0,22.2537313432836,0,0,3015,136,0,0,0,0
"4117",2023-01-15,7,0,2962,133,0,0,22.2706766917293,0,0,2962,134,0,0,0,0
"4118",2023-01-15,7,5,2962,133,0,0,22.2706766917293,0,0,2962,134,0,0,0,0
"4119",2023-01-15,7,10,2962,134,0,0,22.2706766917293,0,0,2962,134,0,0,0,0
"4120",2023-01-15,7,15,2962,134,0,0,22.2706766917293,0,0,2962,134,0,0,0,0
"4121",2023-01-15,7,20,2962,134,0,0,22.2706766917293,0,0,2962,134,0,0,0,0
"4122",2023-01-15,7,25,2962,134,0,0,22.2706766917293,0,0,2962,134,0,0,0,0
"4123",2023-01-15,7,30,2962,134,0,0,22.2706766917293,0,0,2962,134,0,0,0,0
"4124",2023-01-15,7,35,2962,134,0,0,22.2706766917293,0,0,2962,134,0,0,0,0
"4125",2023-01-15,7,40,2962,134,0,0,22.2706766917293,0,0,2962,134,0,0,0,0
"4126",2023-01-15,7,45,2940,133,0,0,22.2706766917293,0,0,2962,134,0,0,0,0
"4127",2023-01-15,7,50,2940,133,0,0,22.2706766917293,0,0,2962,134,0,0,0,0
"4128",2023-01-15,7,55,2960,134,0,0,22.2706766917293,0,0,2962,134,0,0,0,0
"4129",2023-01-15,8,0,2960,134,0,0,22.6315789473684,0,0,3032,135,0,0,0,0
"4130",2023-01-15,8,5,2971,135,0,0,22.6315789473684,0,0,3032,135,0,0,0,0
"4131",2023-01-15,8,10,3021,135,0,0,22.6315789473684,0,0,3032,135,0,0,0,0
"4132",2023-01-15,8,15,3021,135,0,0,22.6315789473684,0,0,3032,135,0,0,0,0
"4133",2023-01-15,8,20,3021,135,0,0,22.6315789473684,0,0,3032,135,0,0,0,0
"4134",2023-01-15,8,25,3010,133,0,0,22.6315789473684,0,0,3032,135,0,0,0,0
"4135",2023-01-15,8,30,3010,133,0,0,22.6315789473684,0,0,3032,135,0,0,0,0
"4136",2023-01-15,8,35,3032,134,0,0,22.6315789473684,0,0,3032,135,0,0,0,0
"4137",2023-01-15,8,40,3032,134,0,0,22.6315789473684,0,0,3032,135,0,0,0,0
"4138",2023-01-15,8,45,3032,134,0,0,22.6315789473684,0,0,3032,135,0,0,0,0
"4139",2023-01-15,8,50,3032,134,0,0,22.6315789473684,0,0,3032,135,0,0,0,0
"4140",2023-01-15,8,55,3032,134,0,0,22.6315789473684,0,0,3032,135,0,0,0,0
"4141",2023-01-15,9,0,3032,134,0,0,24.6043165467626,0,0,3431,140,0,0,0,0
"4142",2023-01-15,9,5,3108,133,0,0,24.6043165467626,0,0,3431,140,0,0,0,0
"4143",2023-01-15,9,10,3108,133,0,0,24.6043165467626,0,0,3431,140,0,0,0,0
"4144",2023-01-15,9,15,3094,132,0,0,24.6043165467626,0,0,3431,140,0,0,0,0
"4145",2023-01-15,9,20,3116,133,0,0,24.6043165467626,0,0,3431,140,0,0,0,0
"4146",2023-01-15,9,25,3116,133,0,0,24.6043165467626,0,0,3431,140,0,0,0,0
"4147",2023-01-15,9,30,3338,136,0,0,24.6043165467626,0,0,3431,140,0,0,0,0
"4148",2023-01-15,9,35,3360,137,0,0,24.6043165467626,0,0,3431,140,0,0,0,0
"4149",2023-01-15,9,40,3404,139,0,0,24.6043165467626,0,0,3431,140,0,0,0,0
"4150",2023-01-15,9,45,3426,140,0,0,24.6043165467626,0,0,3431,140,0,0,0,0
"4151",2023-01-15,9,50,3420,139,0,0,24.6043165467626,0,0,3431,140,0,0,0,0
"4152",2023-01-15,9,55,3431,140,0,0,24.6043165467626,0,0,3431,140,0,0,0,0
"4153",2023-01-15,10,0,3337,137,0,0,24.3576642335766,0,0,3495,152,0,0,0,0
"4154",2023-01-15,10,5,3292,140,0,0,24.3576642335766,0,0,3495,152,0,0,0,0
"4155",2023-01-15,10,10,3412,141,0,0,24.3576642335766,0,0,3495,152,0,0,0,0
"4156",2023-01-15,10,15,3445,143,0,0,24.3576642335766,0,0,3495,152,0,0,0,0
"4157",2023-01-15,10,20,3495,144,0,0,24.3576642335766,0,0,3495,152,0,0,0,0
"4158",2023-01-15,10,25,3441,146,0,0,24.3576642335766,0,0,3495,152,0,0,0,0
"4159",2023-01-15,10,30,3398,149,0,0,24.3576642335766,0,0,3495,152,0,0,0,0
"4160",2023-01-15,10,35,3453,152,0,0,24.3576642335766,0,0,3495,152,0,0,0,0
"4161",2023-01-15,10,40,3409,150,0,0,24.3576642335766,0,0,3495,152,0,0,0,0
"4162",2023-01-15,10,45,3381,150,0,0,24.3576642335766,0,0,3495,152,0,0,0,0
"4163",2023-01-15,10,50,3403,150,0,0,24.3576642335766,0,0,3495,152,0,0,0,0
"4164",2023-01-15,10,55,3403,150,0,0,24.3576642335766,0,0,3495,152,0,0,0,0
"4165",2023-01-15,11,0,3436,152,0,0,25.4534161490683,0,0,4131,164,0,0,0,0
"4166",2023-01-15,11,5,3502,155,0,0,25.4534161490683,0,0,4131,164,0,0,0,0
"4167",2023-01-15,11,10,3776,159,0,0,25.4534161490683,0,0,4131,164,0,0,0,0
"4168",2023-01-15,11,15,4098,161,0,0,25.4534161490683,0,0,4131,164,0,0,0,0
"4169",2023-01-15,11,20,4131,163,0,0,25.4534161490683,0,0,4131,164,0,0,0,0
"4170",2023-01-15,11,25,3701,162,0,0,25.4534161490683,0,0,4131,164,0,0,0,0
"4171",2023-01-15,11,30,3679,161,0,0,25.4534161490683,0,0,4131,164,0,0,0,0
"4172",2023-01-15,11,35,3701,162,0,0,25.4534161490683,0,0,4131,164,0,0,0,0
"4173",2023-01-15,11,40,3745,164,0,0,25.4534161490683,0,0,4131,164,0,0,0,0
"4174",2023-01-15,11,45,3695,163,0,0,25.4534161490683,0,0,4131,164,0,0,0,0
"4175",2023-01-15,11,50,3612,160,0,0,25.4534161490683,0,0,4131,164,0,0,0,0
"4176",2023-01-15,11,55,3579,158,0,0,25.4534161490683,0,0,4131,164,0,0,0,0
"4177",2023-01-15,12,0,3568,158,0,0,24.7256097560976,0,0,4055,164,0,0,0,0
"4178",2023-01-15,12,5,3873,157,0,0,24.7256097560976,0,0,4055,164,0,0,0,0
"4179",2023-01-15,12,10,3961,161,0,0,24.7256097560976,0,0,4055,164,0,0,0,0
"4180",2023-01-15,12,15,4027,164,0,0,24.7256097560976,0,0,4055,164,0,0,0,0
"4181",2023-01-15,12,20,4055,164,0,0,24.7256097560976,0,0,4055,164,0,0,0,0
"4182",2023-01-15,12,25,3689,164,0,0,24.7256097560976,0,0,4055,164,0,0,0,0
"4183",2023-01-15,12,30,3689,163,0,0,24.7256097560976,0,0,4055,164,0,0,0,0
"4184",2023-01-15,12,35,3739,164,0,0,24.7256097560976,0,0,4055,164,0,0,0,0
"4185",2023-01-15,12,40,3289,144,0,0,24.7256097560976,0,0,4055,164,0,0,0,0
"4186",2023-01-15,12,45,3328,146,0,0,24.7256097560976,0,0,4055,164,0,0,0,0
"4187",2023-01-15,12,50,3421,149,0,0,24.7256097560976,0,0,4055,164,0,0,0,0
"4188",2023-01-15,12,55,3732,151,0,0,24.7256097560976,0,0,4055,164,0,0,0,0
"4189",2023-01-15,13,0,3721,151,0,0,27.1715976331361,0,0,4592,169,0,0,0,0
"4190",2023-01-15,13,5,3732,152,0,0,27.1715976331361,0,0,4592,169,0,0,0,0
"4191",2023-01-15,13,25,3877,149,0,0,27.1715976331361,0,0,4592,169,0,0,0,0
"4192",2023-01-15,13,30,3837,148,0,0,27.1715976331361,0,0,4592,169,0,0,0,0
"4193",2023-01-15,13,35,4264,162,0,0,27.1715976331361,0,0,4592,169,0,0,0,0
"4194",2023-01-15,13,40,4436,164,0,0,27.1715976331361,0,0,4592,169,0,0,0,0
"4195",2023-01-15,13,45,4076,163,0,0,27.1715976331361,0,0,4592,169,0,0,0,0
"4196",2023-01-15,13,50,4164,167,0,0,27.1715976331361,0,0,4592,169,0,0,0,0
"4197",2023-01-15,13,55,4592,169,0,0,27.1715976331361,0,0,4592,169,0,0,0,0
"4198",2023-01-15,13,10,3692,151,0,0,27.1715976331361,0,0,4592,169,0,0,0,0
"4199",2023-01-15,13,15,4014,153,0,0,27.1715976331361,0,0,4592,169,0,0,0,0
"4200",2023-01-15,13,20,3926,149,0,0,27.1715976331361,0,0,4592,169,0,0,0,0
"4201",2023-01-15,14,0,5099,169,0,0,31.9537572254335,0,0,5528,173,0,0,0,0
"4202",2023-01-15,14,5,5127,169,0,0,31.9537572254335,0,0,5528,173,0,0,0,0
"4203",2023-01-15,14,10,4677,168,0,0,31.9537572254335,0,0,5528,173,0,0,0,0
"4204",2023-01-15,14,15,4380,169,0,0,31.9537572254335,0,0,5528,173,0,0,0,0
"4205",2023-01-15,14,20,4509,169,0,0,31.9537572254335,0,0,5528,173,0,0,0,0
"4206",2023-01-15,14,25,5027,170,0,0,31.9537572254335,0,0,5528,173,0,0,0,0
"4207",2023-01-15,14,30,5319,170,0,0,31.9537572254335,0,0,5528,173,0,0,0,0
"4208",2023-01-15,14,35,5335,172,0,0,31.9537572254335,0,0,5528,173,0,0,0,0
"4209",2023-01-15,14,40,5263,171,0,0,31.9537572254335,0,0,5528,173,0,0,0,0
"4210",2023-01-15,14,45,5528,173,0,0,31.9537572254335,0,0,5528,173,0,0,0,0
"4211",2023-01-15,14,50,4926,170,0,0,31.9537572254335,0,0,5528,173,0,0,0,0
"4212",2023-01-15,14,55,5092,169,0,0,31.9537572254335,0,0,5528,173,0,0,0,0
"4213",2023-01-15,15,0,5048,167,0,0,33.5976331360947,0,0,5678,170,0,0,0,0
"4214",2023-01-15,15,5,4715,163,0,0,33.5976331360947,0,0,5678,170,0,0,0,0
"4215",2023-01-15,15,10,4879,167,0,0,33.5976331360947,0,0,5678,170,0,0,0,0
"4216",2023-01-15,15,15,5163,170,0,0,33.5976331360947,0,0,5678,170,0,0,0,0
"4217",2023-01-15,15,20,4986,169,0,0,33.5976331360947,0,0,5678,170,0,0,0,0
"4218",2023-01-15,15,25,5432,170,0,0,33.5976331360947,0,0,5678,170,0,0,0,0
"4219",2023-01-15,15,30,5372,169,0,0,33.5976331360947,0,0,5678,170,0,0,0,0
"4220",2023-01-15,15,35,5672,170,0,0,33.5976331360947,0,0,5678,170,0,0,0,0
"4221",2023-01-15,15,40,5350,168,0,0,33.5976331360947,0,0,5678,170,0,0,0,0
"4222",2023-01-15,15,45,5422,170,0,0,33.5976331360947,0,0,5678,170,0,0,0,0
"4223",2023-01-15,15,50,5678,169,0,0,33.5976331360947,0,0,5678,170,0,0,0,0
"4224",2023-01-15,15,55,5628,168,0,0,33.5976331360947,0,0,5678,170,0,0,0,0
"4225",2023-01-15,16,0,5231,169,0,0,31.6744186046512,0,0,5448,172,0,0,0,0
"4226",2023-01-15,16,5,4890,167,0,0,31.6744186046512,0,0,5448,172,0,0,0,0
"4227",2023-01-15,16,10,5448,172,0,0,31.6744186046512,0,0,5448,172,0,0,0,0
"4228",2023-01-15,16,15,5388,171,0,0,31.6744186046512,0,0,5448,172,0,0,0,0
"4229",2023-01-15,16,20,5344,169,0,0,31.6744186046512,0,0,5448,172,0,0,0,0
"4230",2023-01-15,16,25,4766,168,0,0,31.6744186046512,0,0,5448,172,0,0,0,0
"4231",2023-01-15,16,30,4700,165,0,0,31.6744186046512,0,0,5448,172,0,0,0,0
"4232",2023-01-15,16,35,4634,162,0,0,31.6744186046512,0,0,5448,172,0,0,0,0
"4233",2023-01-15,16,40,5022,168,0,0,31.6744186046512,0,0,5448,172,0,0,0,0
"4234",2023-01-15,16,45,4587,166,0,0,31.6744186046512,0,0,5448,172,0,0,0,0
"4235",2023-01-15,16,50,4776,166,0,0,31.6744186046512,0,0,5448,172,0,0,0,0
"4236",2023-01-15,16,55,4612,164,0,0,31.6744186046512,0,0,5448,172,0,0,0,0
"4237",2023-01-15,17,0,4543,164,0,0,30.3865030674847,0,0,4975,170,0,0,0,0
"4238",2023-01-15,17,5,4753,166,0,0,30.3865030674847,0,0,4975,170,0,0,0,0
"4239",2023-01-15,17,10,4889,165,0,0,30.3865030674847,0,0,4975,170,0,0,0,0
"4240",2023-01-15,17,15,4451,167,0,0,30.3865030674847,0,0,4975,170,0,0,0,0
"4241",2023-01-15,17,20,4569,167,0,0,30.3865030674847,0,0,4975,170,0,0,0,0
"4242",2023-01-15,17,25,4975,167,0,0,30.3865030674847,0,0,4975,170,0,0,0,0
"4243",2023-01-15,17,30,4659,167,0,0,30.3865030674847,0,0,4975,170,0,0,0,0
"4244",2023-01-15,17,35,4891,170,0,0,30.3865030674847,0,0,4975,170,0,0,0,0
"4245",2023-01-15,17,40,4953,163,0,0,30.3865030674847,0,0,4975,170,0,0,0,0
"4246",2023-01-15,17,45,4605,162,0,0,30.3865030674847,0,0,4975,170,0,0,0,0
"4247",2023-01-15,17,50,4125,160,0,0,30.3865030674847,0,0,4975,170,0,0,0,0
"4248",2023-01-15,17,55,4201,158,0,0,30.3865030674847,0,0,4975,170,0,0,0,0
"4249",2023-01-15,18,25,4372,161,0,0,31.2375,0,0,4998,161,0,0,0,0
"4250",2023-01-15,18,30,4662,158,0,0,31.2375,0,0,4998,161,0,0,0,0
"4251",2023-01-15,18,35,4463,158,0,0,31.2375,0,0,4998,161,0,0,0,0
"4252",2023-01-15,18,40,4228,155,0,0,31.2375,0,0,4998,161,0,0,0,0
"4253",2023-01-15,18,45,4520,158,0,0,31.2375,0,0,4998,161,0,0,0,0
"4254",2023-01-15,18,50,4223,156,0,0,31.2375,0,0,4998,161,0,0,0,0
"4255",2023-01-15,18,55,3975,155,0,0,31.2375,0,0,4998,161,0,0,0,0
"4256",2023-01-15,18,0,3858,155,0,0,31.2375,0,0,4998,161,0,0,0,0
"4257",2023-01-15,18,5,4030,156,0,0,31.2375,0,0,4998,161,0,0,0,0
"4258",2023-01-15,18,10,4960,160,0,0,31.2375,0,0,4998,161,0,0,0,0
"4259",2023-01-15,18,15,4998,160,0,0,31.2375,0,0,4998,161,0,0,0,0
"4260",2023-01-15,18,20,4696,159,0,0,31.2375,0,0,4998,161,0,0,0,0
"4261",2023-01-15,19,0,4098,156,0,0,29.1558441558442,0,0,4490,156,0,0,0,0
"4262",2023-01-15,19,5,4054,154,0,0,29.1558441558442,0,0,4490,156,0,0,0,0
"4263",2023-01-15,19,10,4130,153,0,0,29.1558441558442,0,0,4490,156,0,0,0,0
"4264",2023-01-15,19,15,4490,154,0,0,29.1558441558442,0,0,4490,156,0,0,0,0
"4265",2023-01-15,19,20,4143,152,0,0,29.1558441558442,0,0,4490,156,0,0,0,0
"4266",2023-01-15,19,25,4143,153,0,0,29.1558441558442,0,0,4490,156,0,0,0,0
"4267",2023-01-15,19,30,4093,152,0,0,29.1558441558442,0,0,4490,156,0,0,0,0
"4268",2023-01-15,19,35,4251,153,0,0,29.1558441558442,0,0,4490,156,0,0,0,0
"4269",2023-01-15,19,40,4143,154,0,0,29.1558441558442,0,0,4490,156,0,0,0,0
"4270",2023-01-15,19,45,3974,155,0,0,29.1558441558442,0,0,4490,156,0,0,0,0
"4271",2023-01-15,19,50,3968,156,0,0,29.1558441558442,0,0,4490,156,0,0,0,0
"4272",2023-01-15,19,55,3564,152,0,0,29.1558441558442,0,0,4490,156,0,0,0,0
"4273",2023-01-15,20,0,4104,160,0,0,25.65,0,0,4104,160,0,0,0,0
"4274",2023-01-15,20,5,3931,160,0,0,25.65,0,0,4104,160,0,0,0,0
"4275",2023-01-15,20,10,3865,157,0,0,25.65,0,0,4104,160,0,0,0,0
"4276",2023-01-15,20,15,3745,155,0,0,25.65,0,0,4104,160,0,0,0,0
"4277",2023-01-15,20,20,3764,154,0,0,25.65,0,0,4104,160,0,0,0,0
"4278",2023-01-15,20,25,3742,152,0,0,25.65,0,0,4104,160,0,0,0,0
"4279",2023-01-15,20,30,3360,150,0,0,25.65,0,0,4104,160,0,0,0,0
"4280",2023-01-15,20,35,3442,152,0,0,25.65,0,0,4104,160,0,0,0,0
"4281",2023-01-15,20,40,3482,153,0,0,25.65,0,0,4104,160,0,0,0,0
"4282",2023-01-15,20,45,3471,153,0,0,25.65,0,0,4104,160,0,0,0,0
"4283",2023-01-15,20,50,3504,155,0,0,25.65,0,0,4104,160,0,0,0,0
"4284",2023-01-15,20,55,3504,155,0,0,25.65,0,0,4104,160,0,0,0,0
"4285",2023-01-15,21,0,3466,154,0,0,27.0945945945946,0,0,4010,156,0,0,0,0
"4286",2023-01-15,21,5,3499,156,0,0,27.0945945945946,0,0,4010,156,0,0,0,0
"4287",2023-01-15,21,10,3455,154,0,0,27.0945945945946,0,0,4010,156,0,0,0,0
"4288",2023-01-15,21,15,3624,154,0,0,27.0945945945946,0,0,4010,156,0,0,0,0
"4289",2023-01-15,21,20,3602,153,0,0,27.0945945945946,0,0,4010,156,0,0,0,0
"4290",2023-01-15,21,25,3580,152,0,0,27.0945945945946,0,0,4010,156,0,0,0,0
"4291",2023-01-15,21,30,3389,150,0,0,27.0945945945946,0,0,4010,156,0,0,0,0
"4292",2023-01-15,21,35,3788,151,0,0,27.0945945945946,0,0,4010,156,0,0,0,0
"4293",2023-01-15,21,40,3732,148,0,0,27.0945945945946,0,0,4010,156,0,0,0,0
"4294",2023-01-15,21,45,3732,148,0,0,27.0945945945946,0,0,4010,156,0,0,0,0
"4295",2023-01-15,21,50,3710,147,0,0,27.0945945945946,0,0,4010,156,0,0,0,0
"4296",2023-01-15,21,55,4010,148,0,0,27.0945945945946,0,0,4010,156,0,0,0,0
"4297",2023-01-15,22,0,3721,147,0,0,25.3355263157895,0,0,3851,152,0,0,0,0
"4298",2023-01-15,22,5,3437,145,0,0,25.3355263157895,0,0,3851,152,0,0,0,0
"4299",2023-01-15,22,10,3617,146,0,0,25.3355263157895,0,0,3851,152,0,0,0,0
"4300",2023-01-15,22,15,3459,146,0,0,25.3355263157895,0,0,3851,152,0,0,0,0
"4301",2023-01-15,22,20,3590,146,0,0,25.3355263157895,0,0,3851,152,0,0,0,0
"4302",2023-01-15,22,25,3552,146,0,0,25.3355263157895,0,0,3851,152,0,0,0,0
"4303",2023-01-15,22,30,3388,143,0,0,25.3355263157895,0,0,3851,152,0,0,0,0
"4304",2023-01-15,22,35,3471,145,0,0,25.3355263157895,0,0,3851,152,0,0,0,0
"4305",2023-01-15,22,40,3318,147,0,0,25.3355263157895,0,0,3851,152,0,0,0,0
"4306",2023-01-15,22,45,3425,148,0,0,25.3355263157895,0,0,3851,152,0,0,0,0
"4307",2023-01-15,22,50,3491,151,0,0,25.3355263157895,0,0,3851,152,0,0,0,0
"4308",2023-01-15,22,55,3851,152,0,0,25.3355263157895,0,0,3851,152,0,0,0,0
"4309",2023-01-15,23,0,4129,152,0,0,28.5337837837838,0,0,4245,152,0,0,0,0
"4310",2023-01-15,23,10,3596,148,0,0,28.5337837837838,0,0,4245,152,0,0,0,0
"4311",2023-01-15,23,15,3596,148,0,0,28.5337837837838,0,0,4245,152,0,0,0,0
"4312",2023-01-15,23,20,3596,148,0,0,28.5337837837838,0,0,4245,152,0,0,0,0
"4313",2023-01-15,23,25,4223,148,0,0,28.5337837837838,0,0,4245,152,0,0,0,0
"4314",2023-01-15,23,30,4245,149,0,0,28.5337837837838,0,0,4245,152,0,0,0,0
"4315",2023-01-15,23,35,3860,147,0,0,28.5337837837838,0,0,4245,152,0,0,0,0
"4316",2023-01-15,23,40,3424,148,0,0,28.5337837837838,0,0,4245,152,0,0,0,0
"4317",2023-01-15,23,45,3396,148,0,0,28.5337837837838,0,0,4245,152,0,0,0,0
"4318",2023-01-15,23,50,3276,147,0,0,28.5337837837838,0,0,4245,152,0,0,0,0
"4319",2023-01-15,23,55,3210,144,0,0,28.5337837837838,0,0,4245,152,0,0,0,0
"4320",2023-01-15,23,5,3520,144,0,0,28.5337837837838,0,0,4245,152,0,0,0,0
"4321",2023-01-16,0,0,3884,176,0,0,23.3583815028902,0,0,4063,176,0,0,0,0
"4322",2023-01-16,0,5,3823,174,0,0,23.3583815028902,0,0,4063,176,0,0,0,0
"4323",2023-01-16,0,10,3763,173,0,0,23.3583815028902,0,0,4063,176,0,0,0,0
"4324",2023-01-16,0,15,4063,174,0,0,23.3583815028902,0,0,4063,176,0,0,0,0
"4325",2023-01-16,0,20,4041,173,0,0,23.3583815028902,0,0,4063,176,0,0,0,0
"4326",2023-01-16,0,25,4063,174,0,0,23.3583815028902,0,0,4063,176,0,0,0,0
"4327",2023-01-16,0,30,4030,173,0,0,23.3583815028902,0,0,4063,176,0,0,0,0
"4328",2023-01-16,0,35,3942,170,0,0,23.3583815028902,0,0,4063,176,0,0,0,0
"4329",2023-01-16,0,40,3686,171,0,0,23.3583815028902,0,0,4063,176,0,0,0,0
"4330",2023-01-16,0,45,3686,171,0,0,23.3583815028902,0,0,4063,176,0,0,0,0
"4331",2023-01-16,0,50,3736,172,0,0,23.3583815028902,0,0,4063,176,0,0,0,0
"4332",2023-01-16,0,55,3736,172,0,0,23.3583815028902,0,0,4063,176,0,0,0,0
"4333",2023-01-16,1,0,3205,142,0,0,24.4604316546763,0,0,3455,142,0,0,0,0
"4334",2023-01-16,1,5,3205,142,0,0,24.4604316546763,0,0,3455,142,0,0,0,0
"4335",2023-01-16,1,10,3455,142,0,0,24.4604316546763,0,0,3455,142,0,0,0,0
"4336",2023-01-16,1,15,3411,140,0,0,24.4604316546763,0,0,3455,142,0,0,0,0
"4337",2023-01-16,1,20,3400,139,0,0,24.4604316546763,0,0,3455,142,0,0,0,0
"4338",2023-01-16,1,25,3100,138,0,0,24.4604316546763,0,0,3455,142,0,0,0,0
"4339",2023-01-16,1,30,3122,139,0,0,24.4604316546763,0,0,3455,142,0,0,0,0
"4340",2023-01-16,1,35,3100,138,0,0,24.4604316546763,0,0,3455,142,0,0,0,0
"4341",2023-01-16,1,40,3128,138,0,0,24.4604316546763,0,0,3455,142,0,0,0,0
"4342",2023-01-16,1,45,3128,138,0,0,24.4604316546763,0,0,3455,142,0,0,0,0
"4343",2023-01-16,1,50,3128,138,0,0,24.4604316546763,0,0,3455,142,0,0,0,0
"4344",2023-01-16,1,55,3128,138,0,0,24.4604316546763,0,0,3455,142,0,0,0,0
"4345",2023-01-16,2,0,3128,138,0,0,24.1357142857143,0,0,3390,141,0,0,0,0
"4346",2023-01-16,2,5,3210,140,0,0,24.1357142857143,0,0,3390,141,0,0,0,0
"4347",2023-01-16,2,10,3210,140,0,0,24.1357142857143,0,0,3390,141,0,0,0,0
"4348",2023-01-16,2,15,3210,140,0,0,24.1357142857143,0,0,3390,141,0,0,0,0
"4349",2023-01-16,2,20,3232,141,0,0,24.1357142857143,0,0,3390,141,0,0,0,0
"4350",2023-01-16,2,25,3232,141,0,0,24.1357142857143,0,0,3390,141,0,0,0,0
"4351",2023-01-16,2,30,3390,141,0,0,24.1357142857143,0,0,3390,141,0,0,0,0
"4352",2023-01-16,2,35,3390,141,0,0,24.1357142857143,0,0,3390,141,0,0,0,0
"4353",2023-01-16,2,40,3390,141,0,0,24.1357142857143,0,0,3390,141,0,0,0,0
"4354",2023-01-16,2,45,3379,140,0,0,24.1357142857143,0,0,3390,141,0,0,0,0
"4355",2023-01-16,2,50,3199,139,0,0,24.1357142857143,0,0,3390,141,0,0,0,0
"4356",2023-01-16,2,55,3139,138,0,0,24.1357142857143,0,0,3390,141,0,0,0,0
"4357",2023-01-16,3,0,3139,138,0,0,22.7518248175182,0,0,3139,138,0,0,0,0
"4358",2023-01-16,3,5,3139,138,0,0,22.7518248175182,0,0,3139,138,0,0,0,0
"4359",2023-01-16,3,10,3139,138,0,0,22.7518248175182,0,0,3139,138,0,0,0,0
"4360",2023-01-16,3,15,3139,138,0,0,22.7518248175182,0,0,3139,138,0,0,0,0
"4361",2023-01-16,3,20,3117,137,0,0,22.7518248175182,0,0,3139,138,0,0,0,0
"4362",2023-01-16,3,25,3117,137,0,0,22.7518248175182,0,0,3139,138,0,0,0,0
"4363",2023-01-16,3,30,3067,136,0,0,22.7518248175182,0,0,3139,138,0,0,0,0
"4364",2023-01-16,3,35,3045,135,0,0,22.7518248175182,0,0,3139,138,0,0,0,0
"4365",2023-01-16,3,40,3067,136,0,0,22.7518248175182,0,0,3139,138,0,0,0,0
"4366",2023-01-16,3,45,3067,136,0,0,22.7518248175182,0,0,3139,138,0,0,0,0
"4367",2023-01-16,3,50,3067,136,0,0,22.7518248175182,0,0,3139,138,0,0,0,0
"4368",2023-01-16,3,55,3023,134,0,0,22.7518248175182,0,0,3139,138,0,0,0,0
"4369",2023-01-16,4,0,3023,134,0,0,22.6515151515152,0,0,3023,134,0,0,0,0
"4370",2023-01-16,4,5,3023,134,0,0,22.6515151515152,0,0,3023,134,0,0,0,0
"4371",2023-01-16,4,10,3023,134,0,0,22.6515151515152,0,0,3023,134,0,0,0,0
"4372",2023-01-16,4,15,3023,134,0,0,22.6515151515152,0,0,3023,134,0,0,0,0
"4373",2023-01-16,4,20,3023,134,0,0,22.6515151515152,0,0,3023,134,0,0,0,0
"4374",2023-01-16,4,25,3023,134,0,0,22.6515151515152,0,0,3023,134,0,0,0,0
"4375",2023-01-16,4,30,3023,134,0,0,22.6515151515152,0,0,3023,134,0,0,0,0
"4376",2023-01-16,4,35,3001,133,0,0,22.6515151515152,0,0,3023,134,0,0,0,0
"4377",2023-01-16,4,40,2990,132,0,0,22.6515151515152,0,0,3023,134,0,0,0,0
"4378",2023-01-16,4,45,2990,132,0,0,22.6515151515152,0,0,3023,134,0,0,0,0
"4379",2023-01-16,4,50,2990,132,0,0,22.6515151515152,0,0,3023,134,0,0,0,0
"4380",2023-01-16,4,55,2990,132,0,0,22.6515151515152,0,0,3023,134,0,0,0,0
"4381",2023-01-16,5,0,2990,132,0,0,22.8372093023256,0,0,2990,132,0,0,0,0
"4382",2023-01-16,5,5,2990,132,0,0,22.8372093023256,0,0,2990,132,0,0,0,0
"4383",2023-01-16,5,10,2990,132,0,0,22.8372093023256,0,0,2990,132,0,0,0,0
"4384",2023-01-16,5,15,2968,131,0,0,22.8372093023256,0,0,2990,132,0,0,0,0
"4385",2023-01-16,5,20,2968,131,0,0,22.8372093023256,0,0,2990,132,0,0,0,0
"4386",2023-01-16,5,25,2968,131,0,0,22.8372093023256,0,0,2990,132,0,0,0,0
"4387",2023-01-16,5,30,2968,131,0,0,22.8372093023256,0,0,2990,132,0,0,0,0
"4388",2023-01-16,5,35,2946,130,0,0,22.8372093023256,0,0,2990,132,0,0,0,0
"4389",2023-01-16,5,40,2924,129,0,0,22.8372093023256,0,0,2990,132,0,0,0,0
"4390",2023-01-16,5,45,2946,129,0,0,22.8372093023256,0,0,2990,132,0,0,0,0
"4391",2023-01-16,5,50,2946,129,0,0,22.8372093023256,0,0,2990,132,0,0,0,0
"4392",2023-01-16,5,55,2946,129,0,0,22.8372093023256,0,0,2990,132,0,0,0,0
"4393",2023-01-16,6,0,2968,130,0,0,22.84375,0,0,2969,131,0,0,0,0
"4394",2023-01-16,6,5,2946,129,0,0,22.84375,0,0,2969,131,0,0,0,0
"4395",2023-01-16,6,10,2946,129,0,0,22.84375,0,0,2969,131,0,0,0,0
"4396",2023-01-16,6,15,2946,129,0,0,22.84375,0,0,2969,131,0,0,0,0
"4397",2023-01-16,6,20,2946,129,0,0,22.84375,0,0,2969,131,0,0,0,0
"4398",2023-01-16,6,25,2924,128,0,0,22.84375,0,0,2969,131,0,0,0,0
"4399",2023-01-16,6,30,2924,128,0,0,22.84375,0,0,2969,131,0,0,0,0
"4400",2023-01-16,6,35,2914,128,0,0,22.84375,0,0,2969,131,0,0,0,0
"4401",2023-01-16,6,40,2936,129,0,0,22.84375,0,0,2969,131,0,0,0,0
"4402",2023-01-16,6,45,2936,129,0,0,22.84375,0,0,2969,131,0,0,0,0
"4403",2023-01-16,6,50,2936,129,0,0,22.84375,0,0,2969,131,0,0,0,0
"4404",2023-01-16,6,55,2969,131,0,0,22.84375,0,0,2969,131,0,0,0,0
"4405",2023-01-16,7,55,4015,174,0,0,23.301775147929,0,0,4015,174,0,0,0,0
"4406",2023-01-16,7,0,2969,131,0,0,23.301775147929,0,0,4015,174,0,0,0,0
"4407",2023-01-16,7,5,3013,134,0,0,23.301775147929,0,0,4015,174,0,0,0,0
"4408",2023-01-16,7,10,3013,134,0,0,23.301775147929,0,0,4015,174,0,0,0,0
"4409",2023-01-16,7,15,3079,138,0,0,23.301775147929,0,0,4015,174,0,0,0,0
"4410",2023-01-16,7,20,3101,139,0,0,23.301775147929,0,0,4015,174,0,0,0,0
"4411",2023-01-16,7,25,3145,141,0,0,23.301775147929,0,0,4015,174,0,0,0,0
"4412",2023-01-16,7,30,3156,142,0,0,23.301775147929,0,0,4015,174,0,0,0,0
"4413",2023-01-16,7,35,3424,148,0,0,23.301775147929,0,0,4015,174,0,0,0,0
"4414",2023-01-16,7,40,3468,151,0,0,23.301775147929,0,0,4015,174,0,0,0,0
"4415",2023-01-16,7,45,3589,159,0,0,23.301775147929,0,0,4015,174,0,0,0,0
"4416",2023-01-16,7,50,3938,169,0,0,23.301775147929,0,0,4015,174,0,0,0,0
"4417",2023-01-16,8,0,4116,179,0,0,25.0337552742616,0,0,5933,237,0,0,0,0
"4418",2023-01-16,8,5,4260,183,0,0,25.0337552742616,0,0,5933,237,0,0,0,0
"4419",2023-01-16,8,10,4741,190,0,0,25.0337552742616,0,0,5933,237,0,0,0,0
"4420",2023-01-16,8,15,4752,191,0,0,25.0337552742616,0,0,5933,237,0,0,0,0
"4421",2023-01-16,8,20,4720,198,0,0,25.0337552742616,0,0,5933,237,0,0,0,0
"4422",2023-01-16,8,25,4735,204,0,0,25.0337552742616,0,0,5933,237,0,0,0,0
"4423",2023-01-16,8,30,4956,213,0,0,25.0337552742616,0,0,5933,237,0,0,0,0
"4424",2023-01-16,8,35,5231,219,0,0,25.0337552742616,0,0,5933,237,0,0,0,0
"4425",2023-01-16,8,40,5264,222,0,0,25.0337552742616,0,0,5933,237,0,0,0,0
"4426",2023-01-16,8,45,5374,228,0,0,25.0337552742616,0,0,5933,237,0,0,0,0
"4427",2023-01-16,8,50,5933,237,0,0,25.0337552742616,0,0,5933,237,0,0,0,0
"4428",2023-01-16,8,55,5633,236,0,0,25.0337552742616,0,0,5933,237,0,0,0,0
"4429",2023-01-16,9,0,5754,245,0,0,24.2527472527473,0,0,6955,295,0,0,0,0
"4430",2023-01-16,9,5,5930,255,0,0,24.2527472527473,0,0,6955,295,0,0,0,0
"4431",2023-01-16,9,10,6210,261,0,0,24.2527472527473,0,0,6955,295,0,0,0,0
"4432",2023-01-16,9,15,6016,258,0,0,24.2527472527473,0,0,6955,295,0,0,0,0
"4433",2023-01-16,9,20,6181,267,0,0,24.2527472527473,0,0,6955,295,0,0,0,0
"4434",2023-01-16,9,25,5934,268,0,0,24.2527472527473,0,0,6955,295,0,0,0,0
"4435",2023-01-16,9,30,6621,273,0,0,24.2527472527473,0,0,6955,295,0,0,0,0
"4436",2023-01-16,9,35,6797,283,0,0,24.2527472527473,0,0,6955,295,0,0,0,0
"4437",2023-01-16,9,40,6955,290,0,0,24.2527472527473,0,0,6955,295,0,0,0,0
"4438",2023-01-16,9,45,6612,292,0,0,24.2527472527473,0,0,6955,295,0,0,0,0
"4439",2023-01-16,9,50,6773,295,0,0,24.2527472527473,0,0,6955,295,0,0,0,0
"4440",2023-01-16,9,55,6473,293,0,0,24.2527472527473,0,0,6955,295,0,0,0,0
"4441",2023-01-16,10,0,5827,272,0,0,23.2758620689655,0,0,7036,310,0,0,0,0
"4442",2023-01-16,10,5,6750,290,0,0,23.2758620689655,0,0,7036,310,0,0,0,0
"4443",2023-01-16,10,10,6750,290,0,0,23.2758620689655,0,0,7036,310,0,0,0,0
"4444",2023-01-16,10,15,6804,297,0,0,23.2758620689655,0,0,7036,310,0,0,0,0
"4445",2023-01-16,10,20,6793,297,0,0,23.2758620689655,0,0,7036,310,0,0,0,0
"4446",2023-01-16,10,25,6741,297,0,0,23.2758620689655,0,0,7036,310,0,0,0,0
"4447",2023-01-16,10,30,6388,299,0,0,23.2758620689655,0,0,7036,310,0,0,0,0
"4448",2023-01-16,10,35,6553,303,0,0,23.2758620689655,0,0,7036,310,0,0,0,0
"4449",2023-01-16,10,40,6476,303,0,0,23.2758620689655,0,0,7036,310,0,0,0,0
"4450",2023-01-16,10,45,6498,304,0,0,23.2758620689655,0,0,7036,310,0,0,0,0
"4451",2023-01-16,10,50,6787,304,0,0,23.2758620689655,0,0,7036,310,0,0,0,0
"4452",2023-01-16,10,55,7036,310,0,0,23.2758620689655,0,0,7036,310,0,0,0,0
"4453",2023-01-16,11,0,7145,310,0,0,23.0577777777778,0,0,7263.2,317,0,0,0,0
"4454",2023-01-16,11,5,7263.2,315,0,0,23.0577777777778,0,0,7263.2,317,0,0,0,0
"4455",2023-01-16,11,10,7218.2,317,0,0,23.0577777777778,0,0,7263.2,317,0,0,0,0
"4456",2023-01-16,11,15,7152.2,314,0,0,23.0577777777778,0,0,7263.2,317,0,0,0,0
"4457",2023-01-16,11,20,6792.2,313,0,0,23.0577777777778,0,0,7263.2,317,0,0,0,0
"4458",2023-01-16,11,25,6836.2,316,0,0,23.0577777777778,0,0,7263.2,317,0,0,0,0
"4459",2023-01-16,11,30,6814.2,315,0,0,23.0577777777778,0,0,7263.2,317,0,0,0,0
"4460",2023-01-16,11,35,6687.2,310,0,0,23.0577777777778,0,0,7263.2,317,0,0,0,0
"4461",2023-01-16,11,40,6332.2,304,0,0,23.0577777777778,0,0,7263.2,317,0,0,0,0
"4462",2023-01-16,11,45,6409.2,307,0,0,23.0577777777778,0,0,7263.2,317,0,0,0,0
"4463",2023-01-16,11,50,6360.2,307,0,0,23.0577777777778,0,0,7263.2,317,0,0,0,0
"4464",2023-01-16,11,55,6401.2,308,0,0,23.0577777777778,0,0,7263.2,317,0,0,0,0
"4465",2023-01-16,12,0,6401.2,308,0,0,22.7903448275862,0,0,6719.2,308,0,0,0,0
"4466",2023-01-16,12,5,6246.2,303,0,0,22.7903448275862,0,0,6719.2,308,0,0,0,0
"4467",2023-01-16,12,10,6126.2,302,0,0,22.7903448275862,0,0,6719.2,308,0,0,0,0
"4468",2023-01-16,12,15,6398.2,303,0,0,22.7903448275862,0,0,6719.2,308,0,0,0,0
"4469",2023-01-16,12,20,6426.2,303,0,0,22.7903448275862,0,0,6719.2,308,0,0,0,0
"4470",2023-01-16,12,25,6640.2,299,0,0,22.7903448275862,0,0,6719.2,308,0,0,0,0
"4471",2023-01-16,12,30,6629.2,298,0,0,22.7903448275862,0,0,6719.2,308,0,0,0,0
"4472",2023-01-16,12,35,6585.2,295,0,0,22.7903448275862,0,0,6719.2,308,0,0,0,0
"4473",2023-01-16,12,40,6719.2,296,0,0,22.7903448275862,0,0,6719.2,308,0,0,0,0
"4474",2023-01-16,12,45,6609.2,290,0,0,22.7903448275862,0,0,6719.2,308,0,0,0,0
"4475",2023-01-16,12,50,6469,284,0,0,22.7903448275862,0,0,6719.2,308,0,0,0,0
"4476",2023-01-16,12,55,6383,282,0,0,22.7903448275862,0,0,6719.2,308,0,0,0,0
"4477",2023-01-16,13,0,6297,277,0,0,25.15953307393,0,0,6466,277,0,0,0,0
"4478",2023-01-16,13,5,6326,272,0,0,25.15953307393,0,0,6466,277,0,0,0,0
"4479",2023-01-16,13,10,6312,259,0,0,25.15953307393,0,0,6466,277,0,0,0,0
"4480",2023-01-16,13,15,6466,257,0,0,25.15953307393,0,0,6466,277,0,0,0,0
"4481",2023-01-16,13,20,6231,254,0,0,25.15953307393,0,0,6466,277,0,0,0,0
"4482",2023-01-16,13,25,5735,255,0,0,25.15953307393,0,0,6466,277,0,0,0,0
"4483",2023-01-16,13,30,5581,250,0,0,25.15953307393,0,0,6466,277,0,0,0,0
"4484",2023-01-16,13,35,5837,248,0,0,25.15953307393,0,0,6466,277,0,0,0,0
"4485",2023-01-16,13,40,5727,243,0,0,25.15953307393,0,0,6466,277,0,0,0,0
"4486",2023-01-16,13,45,5488,244,0,0,25.15953307393,0,0,6466,277,0,0,0,0
"4487",2023-01-16,13,50,5344,241,0,0,25.15953307393,0,0,6466,277,0,0,0,0
"4488",2023-01-16,13,55,5339,242,0,0,25.15953307393,0,0,6466,277,0,0,0,0
"4489",2023-01-16,14,0,5350,244,0,0,22.5220883534137,0,0,5608,255,0,0,0,0
"4490",2023-01-16,14,5,5492,246,0,0,22.5220883534137,0,0,5608,255,0,0,0,0
"4491",2023-01-16,14,10,5597,249,0,0,22.5220883534137,0,0,5608,255,0,0,0,0
"4492",2023-01-16,14,15,5608,249,0,0,22.5220883534137,0,0,5608,255,0,0,0,0
"4493",2023-01-16,14,20,5461,250,0,0,22.5220883534137,0,0,5608,255,0,0,0,0
"4494",2023-01-16,14,25,5449,253,0,0,22.5220883534137,0,0,5608,255,0,0,0,0
"4495",2023-01-16,14,30,5300,249,0,0,22.5220883534137,0,0,5608,255,0,0,0,0
"4496",2023-01-16,14,35,5300,250,0,0,22.5220883534137,0,0,5608,255,0,0,0,0
"4497",2023-01-16,14,40,5290,254,0,0,22.5220883534137,0,0,5608,255,0,0,0,0
"4498",2023-01-16,14,45,5312,254,0,0,22.5220883534137,0,0,5608,255,0,0,0,0
"4499",2023-01-16,14,50,5336,255,0,0,22.5220883534137,0,0,5608,255,0,0,0,0
"4500",2023-01-16,14,55,5439,252,0,0,22.5220883534137,0,0,5608,255,0,0,0,0
"4501",2023-01-16,15,0,5378,250,0,0,24.4422641509434,0,0,6499.2,266,0,0,0,0
"4502",2023-01-16,15,5,5619,257,0,0,24.4422641509434,0,0,6499.2,266,0,0,0,0
"4503",2023-01-16,15,10,5641,259,0,0,24.4422641509434,0,0,6499.2,266,0,0,0,0
"4504",2023-01-16,15,15,5752,259,0,0,24.4422641509434,0,0,6499.2,266,0,0,0,0
"4505",2023-01-16,15,20,5693.2,258,0,0,24.4422641509434,0,0,6499.2,266,0,0,0,0
"4506",2023-01-16,15,25,5963.2,260,0,0,24.4422641509434,0,0,6499.2,266,0,0,0,0
"4507",2023-01-16,15,30,6383.2,262,0,0,24.4422641509434,0,0,6499.2,266,0,0,0,0
"4508",2023-01-16,15,35,6499.2,266,0,0,24.4422641509434,0,0,6499.2,266,0,0,0,0
"4509",2023-01-16,15,40,6477.2,265,0,0,24.4422641509434,0,0,6499.2,266,0,0,0,0
"4510",2023-01-16,15,45,6404.2,263,0,0,24.4422641509434,0,0,6499.2,266,0,0,0,0
"4511",2023-01-16,15,50,6116.2,264,0,0,24.4422641509434,0,0,6499.2,266,0,0,0,0
"4512",2023-01-16,15,55,6105.2,263,0,0,24.4422641509434,0,0,6499.2,266,0,0,0,0
"4513",2023-01-16,16,0,5748.2,261,0,0,25.23125,0,0,6492.2,261,0,0,0,0
"4514",2023-01-16,16,5,5832.2,258,0,0,25.23125,0,0,6492.2,261,0,0,0,0
"4515",2023-01-16,16,10,5979.2,258,0,0,25.23125,0,0,6492.2,261,0,0,0,0
"4516",2023-01-16,16,15,6277.2,257,0,0,25.23125,0,0,6492.2,261,0,0,0,0
"4517",2023-01-16,16,20,6157.2,256,0,0,25.23125,0,0,6492.2,261,0,0,0,0
"4518",2023-01-16,16,25,5845.2,249,0,0,25.23125,0,0,6492.2,261,0,0,0,0
"4519",2023-01-16,16,30,6145.2,253,0,0,25.23125,0,0,6492.2,261,0,0,0,0
"4520",2023-01-16,16,35,6129.2,254,0,0,25.23125,0,0,6492.2,261,0,0,0,0
"4521",2023-01-16,16,40,6096.2,251,0,0,25.23125,0,0,6492.2,261,0,0,0,0
"4522",2023-01-16,16,45,6459.2,256,0,0,25.23125,0,0,6492.2,261,0,0,0,0
"4523",2023-01-16,16,50,6426.2,255,0,0,25.23125,0,0,6492.2,261,0,0,0,0
"4524",2023-01-16,16,55,6492.2,258,0,0,25.23125,0,0,6492.2,261,0,0,0,0
"4525",2023-01-16,17,0,6364.2,259,0,0,24.6425196850394,0,0,6364.2,259,0,0,0,0
"4526",2023-01-16,17,5,6259.2,254,0,0,24.6425196850394,0,0,6364.2,259,0,0,0,0
"4527",2023-01-16,17,10,5894.2,250,0,0,24.6425196850394,0,0,6364.2,259,0,0,0,0
"4528",2023-01-16,17,15,5408.2,249,0,0,24.6425196850394,0,0,6364.2,259,0,0,0,0
"4529",2023-01-16,17,20,5213.2,247,0,0,24.6425196850394,0,0,6364.2,259,0,0,0,0
"4530",2023-01-16,17,25,5081.2,240,0,0,24.6425196850394,0,0,6364.2,259,0,0,0,0
"4531",2023-01-16,17,30,5545.2,243,0,0,24.6425196850394,0,0,6364.2,259,0,0,0,0
"4532",2023-01-16,17,35,5573.2,243,0,0,24.6425196850394,0,0,6364.2,259,0,0,0,0
"4533",2023-01-16,17,40,5519.2,246,0,0,24.6425196850394,0,0,6364.2,259,0,0,0,0
"4534",2023-01-16,17,45,5552.2,249,0,0,24.6425196850394,0,0,6364.2,259,0,0,0,0
"4535",2023-01-16,17,50,5612.2,251,0,0,24.6425196850394,0,0,6364.2,259,0,0,0,0
"4536",2023-01-16,17,55,5612.2,250,0,0,24.6425196850394,0,0,6364.2,259,0,0,0,0
"4537",2023-01-16,18,0,5385.2,246,0,0,26.3573770491803,0,0,6431.2,247,0,0,0,0
"4538",2023-01-16,18,5,5452.2,245,0,0,26.3573770491803,0,0,6431.2,247,0,0,0,0
"4539",2023-01-16,18,10,5447.2,242,0,0,26.3573770491803,0,0,6431.2,247,0,0,0,0
"4540",2023-01-16,18,15,5726.2,247,0,0,26.3573770491803,0,0,6431.2,247,0,0,0,0
"4541",2023-01-16,18,20,5693.2,245,0,0,26.3573770491803,0,0,6431.2,247,0,0,0,0
"4542",2023-01-16,18,25,6048.2,242,0,0,26.3573770491803,0,0,6431.2,247,0,0,0,0
"4543",2023-01-16,18,30,6431.2,244,0,0,26.3573770491803,0,0,6431.2,247,0,0,0,0
"4544",2023-01-16,18,35,6431.2,244,0,0,26.3573770491803,0,0,6431.2,247,0,0,0,0
"4545",2023-01-16,18,40,6220.2,241,0,0,26.3573770491803,0,0,6431.2,247,0,0,0,0
"4546",2023-01-16,18,45,6176.2,239,0,0,26.3573770491803,0,0,6431.2,247,0,0,0,0
"4547",2023-01-16,18,50,6122.2,234,0,0,26.3573770491803,0,0,6431.2,247,0,0,0,0
"4548",2023-01-16,18,55,5984.2,229,0,0,26.3573770491803,0,0,6431.2,247,0,0,0,0
"4549",2023-01-16,19,0,6021.2,230,0,0,26.3017699115044,0,0,6021.2,230,0,0,0,0
"4550",2023-01-16,19,5,5944.2,226,0,0,26.3017699115044,0,0,6021.2,230,0,0,0,0
"4551",2023-01-16,19,10,5446.2,225,0,0,26.3017699115044,0,0,6021.2,230,0,0,0,0
"4552",2023-01-16,19,15,5355.2,223,0,0,26.3017699115044,0,0,6021.2,230,0,0,0,0
"4553",2023-01-16,19,20,5038.2,221,0,0,26.3017699115044,0,0,6021.2,230,0,0,0,0
"4554",2023-01-16,19,25,4978.2,221,0,0,26.3017699115044,0,0,6021.2,230,0,0,0,0
"4555",2023-01-16,19,30,4798.2,220,0,0,26.3017699115044,0,0,6021.2,230,0,0,0,0
"4556",2023-01-16,19,35,4807,220,0,0,26.3017699115044,0,0,6021.2,230,0,0,0,0
"4557",2023-01-16,19,40,4708,215,0,0,26.3017699115044,0,0,6021.2,230,0,0,0,0
"4558",2023-01-16,19,45,4752,217,0,0,26.3017699115044,0,0,6021.2,230,0,0,0,0
"4559",2023-01-16,19,50,4587,212,0,0,26.3017699115044,0,0,6021.2,230,0,0,0,0
"4560",2023-01-16,19,55,4593,211,0,0,26.3017699115044,0,0,6021.2,230,0,0,0,0
"4561",2023-01-16,20,0,4658,209,0,0,26.3701923076923,0,0,5485,210,0,0,0,0
"4562",2023-01-16,20,5,4770,208,0,0,26.3701923076923,0,0,5485,210,0,0,0,0
"4563",2023-01-16,20,10,5441,210,0,0,26.3701923076923,0,0,5485,210,0,0,0,0
"4564",2023-01-16,20,15,5469,210,0,0,26.3701923076923,0,0,5485,210,0,0,0,0
"4565",2023-01-16,20,20,5355,208,0,0,26.3701923076923,0,0,5485,210,0,0,0,0
"4566",2023-01-16,20,25,5311,206,0,0,26.3701923076923,0,0,5485,210,0,0,0,0
"4567",2023-01-16,20,30,5211,207,0,0,26.3701923076923,0,0,5485,210,0,0,0,0
"4568",2023-01-16,20,35,5025,205,0,0,26.3701923076923,0,0,5485,210,0,0,0,0
"4569",2023-01-16,20,40,5485,208,0,0,26.3701923076923,0,0,5485,210,0,0,0,0
"4570",2023-01-16,20,45,4912,204,0,0,26.3701923076923,0,0,5485,210,0,0,0,0
"4571",2023-01-16,20,50,4785,199,0,0,26.3701923076923,0,0,5485,210,0,0,0,0
"4572",2023-01-16,20,55,4768,197,0,0,26.3701923076923,0,0,5485,210,0,0,0,0
"4573",2023-01-16,21,0,4649,197,0,0,23.5989847715736,0,0,4670,198,0,0,0,0
"4574",2023-01-16,21,5,4670,198,0,0,23.5989847715736,0,0,4670,198,0,0,0,0
"4575",2023-01-16,21,10,4560,196,0,0,23.5989847715736,0,0,4670,198,0,0,0,0
"4576",2023-01-16,21,15,4510,195,0,0,23.5989847715736,0,0,4670,198,0,0,0,0
"4577",2023-01-16,21,20,4337,194,0,0,23.5989847715736,0,0,4670,198,0,0,0,0
"4578",2023-01-16,21,25,4487,195,0,0,23.5989847715736,0,0,4670,198,0,0,0,0
"4579",2023-01-16,21,30,4498,195,0,0,23.5989847715736,0,0,4670,198,0,0,0,0
"4580",2023-01-16,21,35,4559,197,0,0,23.5989847715736,0,0,4670,198,0,0,0,0
"4581",2023-01-16,21,40,4477,196,0,0,23.5989847715736,0,0,4670,198,0,0,0,0
"4582",2023-01-16,21,45,4548,193,0,0,23.5989847715736,0,0,4670,198,0,0,0,0
"4583",2023-01-16,21,50,4365,190,0,0,23.5989847715736,0,0,4670,198,0,0,0,0
"4584",2023-01-16,21,55,4293,188,0,0,23.5989847715736,0,0,4670,198,0,0,0,0
"4585",2023-01-16,22,0,4265,188,0,0,24.7243243243243,0,0,4574,188,0,0,0,0
"4586",2023-01-16,22,5,4243,187,0,0,24.7243243243243,0,0,4574,188,0,0,0,0
"4587",2023-01-16,22,10,4037,185,0,0,24.7243243243243,0,0,4574,188,0,0,0,0
"4588",2023-01-16,22,15,4037,185,0,0,24.7243243243243,0,0,4574,188,0,0,0,0
"4589",2023-01-16,22,20,4015,184,0,0,24.7243243243243,0,0,4574,188,0,0,0,0
"4590",2023-01-16,22,25,3993,184,0,0,24.7243243243243,0,0,4574,188,0,0,0,0
"4591",2023-01-16,22,30,4069,187,0,0,24.7243243243243,0,0,4574,188,0,0,0,0
"4592",2023-01-16,22,35,4198,185,0,0,24.7243243243243,0,0,4574,188,0,0,0,0
"4593",2023-01-16,22,40,4574,185,0,0,24.7243243243243,0,0,4574,188,0,0,0,0
"4594",2023-01-16,22,45,4536,185,0,0,24.7243243243243,0,0,4574,188,0,0,0,0
"4595",2023-01-16,22,50,4508,185,0,0,24.7243243243243,0,0,4574,188,0,0,0,0
"4596",2023-01-16,22,55,4432,186,0,0,24.7243243243243,0,0,4574,188,0,0,0,0
"4597",2023-01-16,23,0,4044,181,0,0,23.0934065934066,0,0,4203,182,0,0,0,0
"4598",2023-01-16,23,5,4072,181,0,0,23.0934065934066,0,0,4203,182,0,0,0,0
"4599",2023-01-16,23,10,3866,178,0,0,23.0934065934066,0,0,4203,182,0,0,0,0
"4600",2023-01-16,23,15,3855,177,0,0,23.0934065934066,0,0,4203,182,0,0,0,0
"4601",2023-01-16,23,20,3877,178,0,0,23.0934065934066,0,0,4203,182,0,0,0,0
"4602",2023-01-16,23,25,4203,182,0,0,23.0934065934066,0,0,4203,182,0,0,0,0
"4603",2023-01-16,23,30,4055,181,0,0,23.0934065934066,0,0,4203,182,0,0,0,0
"4604",2023-01-16,23,35,3827,178,0,0,23.0934065934066,0,0,4203,182,0,0,0,0
"4605",2023-01-16,23,40,3854,177,0,0,23.0934065934066,0,0,4203,182,0,0,0,0
"4606",2023-01-16,23,45,3895,177,0,0,23.0934065934066,0,0,4203,182,0,0,0,0
"4607",2023-01-16,23,50,3873,176,0,0,23.0934065934066,0,0,4203,182,0,0,0,0
"4608",2023-01-16,23,55,3884,176,0,0,23.0934065934066,0,0,4203,182,0,0,0,0
"4609",2023-01-17,0,0,4179,193,0,0,24.3582887700535,0,0,4555,193,0,0,0,0
"4610",2023-01-17,0,5,4168,192,0,0,24.3582887700535,0,0,4555,193,0,0,0,0
"4611",2023-01-17,0,10,4196,192,0,0,24.3582887700535,0,0,4555,193,0,0,0,0
"4612",2023-01-17,0,15,4196,192,0,0,24.3582887700535,0,0,4555,193,0,0,0,0
"4613",2023-01-17,0,20,4496,193,0,0,24.3582887700535,0,0,4555,193,0,0,0,0
"4614",2023-01-17,0,25,4474,191,0,0,24.3582887700535,0,0,4555,193,0,0,0,0
"4615",2023-01-17,0,30,4452,190,0,0,24.3582887700535,0,0,4555,193,0,0,0,0
"4616",2023-01-17,0,35,4397,187,0,0,24.3582887700535,0,0,4555,193,0,0,0,0
"4617",2023-01-17,0,40,4397,187,0,0,24.3582887700535,0,0,4555,193,0,0,0,0
"4618",2023-01-17,0,45,4555,187,0,0,24.3582887700535,0,0,4555,193,0,0,0,0
"4619",2023-01-17,0,50,4135,185,0,0,24.3582887700535,0,0,4555,193,0,0,0,0
"4620",2023-01-17,0,55,4457,187,0,0,24.3582887700535,0,0,4555,193,0,0,0,0
"4621",2023-01-17,1,0,3714,171,0,0,23.280701754386,0,0,4003,173,0,0,0,0
"4622",2023-01-17,1,5,3714,171,0,0,23.280701754386,0,0,4003,173,0,0,0,0
"4623",2023-01-17,1,10,3714,171,0,0,23.280701754386,0,0,4003,173,0,0,0,0
"4624",2023-01-17,1,15,4003,172,0,0,23.280701754386,0,0,4003,173,0,0,0,0
"4625",2023-01-17,1,20,3981,171,0,0,23.280701754386,0,0,4003,173,0,0,0,0
"4626",2023-01-17,1,25,3981,171,0,0,23.280701754386,0,0,4003,173,0,0,0,0
"4627",2023-01-17,1,30,3981,171,0,0,23.280701754386,0,0,4003,173,0,0,0,0
"4628",2023-01-17,1,35,3681,170,0,0,23.280701754386,0,0,4003,173,0,0,0,0
"4629",2023-01-17,1,40,3631,169,0,0,23.280701754386,0,0,4003,173,0,0,0,0
"4630",2023-01-17,1,45,3747,173,0,0,23.280701754386,0,0,4003,173,0,0,0,0
"4631",2023-01-17,1,50,3747,173,0,0,23.280701754386,0,0,4003,173,0,0,0,0
"4632",2023-01-17,1,55,3747,173,0,0,23.280701754386,0,0,4003,173,0,0,0,0
"4633",2023-01-17,2,0,3675,171,0,0,22.5657142857143,0,0,4015,178,0,0,0,0
"4634",2023-01-17,2,5,3791,175,0,0,22.5657142857143,0,0,4015,178,0,0,0,0
"4635",2023-01-17,2,10,3949,175,0,0,22.5657142857143,0,0,4015,178,0,0,0,0
"4636",2023-01-17,2,15,4015,178,0,0,22.5657142857143,0,0,4015,178,0,0,0,0
"4637",2023-01-17,2,20,4015,178,0,0,22.5657142857143,0,0,4015,178,0,0,0,0
"4638",2023-01-17,2,25,4015,178,0,0,22.5657142857143,0,0,4015,178,0,0,0,0
"4639",2023-01-17,2,30,3993,177,0,0,22.5657142857143,0,0,4015,178,0,0,0,0
"4640",2023-01-17,2,35,3993,177,0,0,22.5657142857143,0,0,4015,178,0,0,0,0
"4641",2023-01-17,2,40,3802,176,0,0,22.5657142857143,0,0,4015,178,0,0,0,0
"4642",2023-01-17,2,45,3780,175,0,0,22.5657142857143,0,0,4015,178,0,0,0,0
"4643",2023-01-17,2,50,3758,174,0,0,22.5657142857143,0,0,4015,178,0,0,0,0
"4644",2023-01-17,2,55,3708,173,0,0,22.5657142857143,0,0,4015,178,0,0,0,0
"4645",2023-01-17,3,0,3780,175,0,0,21.7241379310345,0,0,3780,175,0,0,0,0
"4646",2023-01-17,3,5,3780,174,0,0,21.7241379310345,0,0,3780,175,0,0,0,0
"4647",2023-01-17,3,10,3736,172,0,0,21.7241379310345,0,0,3780,175,0,0,0,0
"4648",2023-01-17,3,15,3758,173,0,0,21.7241379310345,0,0,3780,175,0,0,0,0
"4649",2023-01-17,3,20,3736,172,0,0,21.7241379310345,0,0,3780,175,0,0,0,0
"4650",2023-01-17,3,25,3736,172,0,0,21.7241379310345,0,0,3780,175,0,0,0,0
"4651",2023-01-17,3,30,3736,172,0,0,21.7241379310345,0,0,3780,175,0,0,0,0
"4652",2023-01-17,3,35,3692,170,0,0,21.7241379310345,0,0,3780,175,0,0,0,0
"4653",2023-01-17,3,40,3692,170,0,0,21.7241379310345,0,0,3780,175,0,0,0,0
"4654",2023-01-17,3,45,3692,170,0,0,21.7241379310345,0,0,3780,175,0,0,0,0
"4655",2023-01-17,3,50,3670,169,0,0,21.7241379310345,0,0,3780,175,0,0,0,0
"4656",2023-01-17,3,55,3670,169,0,0,21.7241379310345,0,0,3780,175,0,0,0,0
"4657",2023-01-17,4,0,3692,170,0,0,21.7176470588235,0,0,3692,170,0,0,0,0
"4658",2023-01-17,4,5,3692,170,0,0,21.7176470588235,0,0,3692,170,0,0,0,0
"4659",2023-01-17,4,10,3692,170,0,0,21.7176470588235,0,0,3692,170,0,0,0,0
"4660",2023-01-17,4,15,3642,169,0,0,21.7176470588235,0,0,3692,170,0,0,0,0
"4661",2023-01-17,4,20,3642,169,0,0,21.7176470588235,0,0,3692,170,0,0,0,0
"4662",2023-01-17,4,25,3642,169,0,0,21.7176470588235,0,0,3692,170,0,0,0,0
"4663",2023-01-17,4,30,3642,169,0,0,21.7176470588235,0,0,3692,170,0,0,0,0
"4664",2023-01-17,4,35,3642,169,0,0,21.7176470588235,0,0,3692,170,0,0,0,0
"4665",2023-01-17,4,40,3609,167,0,0,21.7176470588235,0,0,3692,170,0,0,0,0
"4666",2023-01-17,4,45,3598,166,0,0,21.7176470588235,0,0,3692,170,0,0,0,0
"4667",2023-01-17,4,50,3598,166,0,0,21.7176470588235,0,0,3692,170,0,0,0,0
"4668",2023-01-17,4,55,3598,166,0,0,21.7176470588235,0,0,3692,170,0,0,0,0
"4669",2023-01-17,5,0,3598,166,0,0,21.6746987951807,0,0,3598,166,0,0,0,0
"4670",2023-01-17,5,5,3598,166,0,0,21.6746987951807,0,0,3598,166,0,0,0,0
"4671",2023-01-17,5,10,3576,165,0,0,21.6746987951807,0,0,3598,166,0,0,0,0
"4672",2023-01-17,5,15,3576,165,0,0,21.6746987951807,0,0,3598,166,0,0,0,0
"4673",2023-01-17,5,20,3576,165,0,0,21.6746987951807,0,0,3598,166,0,0,0,0
"4674",2023-01-17,5,25,3554,164,0,0,21.6746987951807,0,0,3598,166,0,0,0,0
"4675",2023-01-17,5,30,3576,165,0,0,21.6746987951807,0,0,3598,166,0,0,0,0
"4676",2023-01-17,5,35,3576,165,0,0,21.6746987951807,0,0,3598,166,0,0,0,0
"4677",2023-01-17,5,40,3532,163,0,0,21.6746987951807,0,0,3598,166,0,0,0,0
"4678",2023-01-17,5,45,3532,163,0,0,21.6746987951807,0,0,3598,166,0,0,0,0
"4679",2023-01-17,5,50,3532,163,0,0,21.6746987951807,0,0,3598,166,0,0,0,0
"4680",2023-01-17,5,55,3532,163,0,0,21.6746987951807,0,0,3598,166,0,0,0,0
"4681",2023-01-17,6,0,3532,163,0,0,23.680981595092,0,0,3860,163,0,0,0,0
"4682",2023-01-17,6,5,3532,163,0,0,23.680981595092,0,0,3860,163,0,0,0,0
"4683",2023-01-17,6,10,3510,162,0,0,23.680981595092,0,0,3860,163,0,0,0,0
"4684",2023-01-17,6,15,3499,161,0,0,23.680981595092,0,0,3860,163,0,0,0,0
"4685",2023-01-17,6,20,3499,161,0,0,23.680981595092,0,0,3860,163,0,0,0,0
"4686",2023-01-17,6,25,3467,160,0,0,23.680981595092,0,0,3860,163,0,0,0,0
"4687",2023-01-17,6,30,3467,160,0,0,23.680981595092,0,0,3860,163,0,0,0,0
"4688",2023-01-17,6,35,3467,160,0,0,23.680981595092,0,0,3860,163,0,0,0,0
"4689",2023-01-17,6,40,3467,160,0,0,23.680981595092,0,0,3860,163,0,0,0,0
"4690",2023-01-17,6,45,3511,162,0,0,23.680981595092,0,0,3860,163,0,0,0,0
"4691",2023-01-17,6,50,3500,162,0,0,23.680981595092,0,0,3860,163,0,0,0,0
"4692",2023-01-17,6,55,3860,163,0,0,23.680981595092,0,0,3860,163,0,0,0,0
"4693",2023-01-17,7,0,3882,164,0,0,23.9704142011834,0,0,4084,183,0,0,0,0
"4694",2023-01-17,7,5,3937,168,0,0,23.9704142011834,0,0,4084,183,0,0,0,0
"4695",2023-01-17,7,10,3937,168,0,0,23.9704142011834,0,0,4084,183,0,0,0,0
"4696",2023-01-17,7,15,3871,166,0,0,23.9704142011834,0,0,4084,183,0,0,0,0
"4697",2023-01-17,7,20,3511,166,0,0,23.9704142011834,0,0,4084,183,0,0,0,0
"4698",2023-01-17,7,25,4051,169,0,0,23.9704142011834,0,0,4084,183,0,0,0,0
"4699",2023-01-17,7,30,4040,169,0,0,23.9704142011834,0,0,4084,183,0,0,0,0
"4700",2023-01-17,7,35,4084,171,0,0,23.9704142011834,0,0,4084,183,0,0,0,0
"4701",2023-01-17,7,40,3678,173,0,0,23.9704142011834,0,0,4084,183,0,0,0,0
"4702",2023-01-17,7,45,3777,178,0,0,23.9704142011834,0,0,4084,183,0,0,0,0
"4703",2023-01-17,7,50,3666,177,0,0,23.9704142011834,0,0,4084,183,0,0,0,0
"4704",2023-01-17,7,55,3793,183,0,0,23.9704142011834,0,0,4084,183,0,0,0,0
"4705",2023-01-17,8,0,4043,188,0,0,24.0555555555556,0,0,5629,234,0,0,0,0
"4706",2023-01-17,8,5,4284,194,0,0,24.0555555555556,0,0,5629,234,0,0,0,0
"4707",2023-01-17,8,10,4306,197,0,0,24.0555555555556,0,0,5629,234,0,0,0,0
"4708",2023-01-17,8,15,4455,203,0,0,24.0555555555556,0,0,5629,234,0,0,0,0
"4709",2023-01-17,8,20,4513,206,0,0,24.0555555555556,0,0,5629,234,0,0,0,0
"4710",2023-01-17,8,25,4890,212,0,0,24.0555555555556,0,0,5629,234,0,0,0,0
"4711",2023-01-17,8,30,5136,222,0,0,24.0555555555556,0,0,5629,234,0,0,0,0
"4712",2023-01-17,8,35,5180,225,0,0,24.0555555555556,0,0,5629,234,0,0,0,0
"4713",2023-01-17,8,40,5404,230,0,0,24.0555555555556,0,0,5629,234,0,0,0,0
"4714",2023-01-17,8,45,5448,232,0,0,24.0555555555556,0,0,5629,234,0,0,0,0
"4715",2023-01-17,8,50,5289,232,0,0,24.0555555555556,0,0,5629,234,0,0,0,0
"4716",2023-01-17,8,55,5629,234,0,0,24.0555555555556,0,0,5629,234,0,0,0,0
"4717",2023-01-17,9,30,6385,266,0,0,24.1832061068702,0,0,6841,289,0,0,0,0
"4718",2023-01-17,9,35,6528,274,0,0,24.1832061068702,0,0,6841,289,0,0,0,0
"4719",2023-01-17,9,40,6485,276,0,0,24.1832061068702,0,0,6841,289,0,0,0,0
"4720",2023-01-17,9,45,6484,275,0,0,24.1832061068702,0,0,6841,289,0,0,0,0
"4721",2023-01-17,9,50,6799,284,0,0,24.1832061068702,0,0,6841,289,0,0,0,0
"4722",2023-01-17,9,55,6841,289,0,0,24.1832061068702,0,0,6841,289,0,0,0,0
"4723",2023-01-17,9,0,5772,241,0,0,24.1832061068702,0,0,6841,289,0,0,0,0
"4724",2023-01-17,9,5,5658,244,0,0,24.1832061068702,0,0,6841,289,0,0,0,0
"4725",2023-01-17,9,10,5824,250,0,0,24.1832061068702,0,0,6841,289,0,0,0,0
"4726",2023-01-17,9,15,5945,257,0,0,24.1832061068702,0,0,6841,289,0,0,0,0
"4727",2023-01-17,9,20,5984,261,0,0,24.1832061068702,0,0,6841,289,0,0,0,0
"4728",2023-01-17,9,25,6336,262,0,0,24.1832061068702,0,0,6841,289,0,0,0,0
"4729",2023-01-17,10,0,6523,285,0,0,23.5,0,0,6776,291,0,0,0,0
"4730",2023-01-17,10,5,6628,289,0,0,23.5,0,0,6776,291,0,0,0,0
"4731",2023-01-17,10,10,6689,291,0,0,23.5,0,0,6776,291,0,0,0,0
"4732",2023-01-17,10,15,6776,289,0,0,23.5,0,0,6776,291,0,0,0,0
"4733",2023-01-17,10,20,6776,289,0,0,23.5,0,0,6776,291,0,0,0,0
"4734",2023-01-17,10,25,6721,286,0,0,23.5,0,0,6776,291,0,0,0,0
"4735",2023-01-17,10,30,6382,284,0,0,23.5,0,0,6776,291,0,0,0,0
"4736",2023-01-17,10,35,6409,287,0,0,23.5,0,0,6776,291,0,0,0,0
"4737",2023-01-17,10,40,6398,286,0,0,23.5,0,0,6776,291,0,0,0,0
"4738",2023-01-17,10,45,6448,287,0,0,23.5,0,0,6776,291,0,0,0,0
"4739",2023-01-17,10,50,6425,289,0,0,23.5,0,0,6776,291,0,0,0,0
"4740",2023-01-17,10,55,6294,287,0,0,23.5,0,0,6776,291,0,0,0,0
"4741",2023-01-17,11,0,6289,285,0,0,23.4206896551724,0,0,6923,296,0,0,0,0
"4742",2023-01-17,11,5,6315,288,0,0,23.4206896551724,0,0,6923,296,0,0,0,0
"4743",2023-01-17,11,10,6509,291,0,0,23.4206896551724,0,0,6923,296,0,0,0,0
"4744",2023-01-17,11,15,6723,295,0,0,23.4206896551724,0,0,6923,296,0,0,0,0
"4745",2023-01-17,11,20,6690,293,0,0,23.4206896551724,0,0,6923,296,0,0,0,0
"4746",2023-01-17,11,25,6690,293,0,0,23.4206896551724,0,0,6923,296,0,0,0,0
"4747",2023-01-17,11,30,6529,291,0,0,23.4206896551724,0,0,6923,296,0,0,0,0
"4748",2023-01-17,11,35,6551,293,0,0,23.4206896551724,0,0,6923,296,0,0,0,0
"4749",2023-01-17,11,40,6634,295,0,0,23.4206896551724,0,0,6923,296,0,0,0,0
"4750",2023-01-17,11,45,6923,296,0,0,23.4206896551724,0,0,6923,296,0,0,0,0
"4751",2023-01-17,11,50,6868,294,0,0,23.4206896551724,0,0,6923,296,0,0,0,0
"4752",2023-01-17,11,55,6792,290,0,0,23.4206896551724,0,0,6923,296,0,0,0,0
"4753",2023-01-17,12,0,7115,291,0,0,24.4501718213058,0,0,7115,291,0,0,0,0
"4754",2023-01-17,12,5,6900,291,0,0,24.4501718213058,0,0,7115,291,0,0,0,0
"4755",2023-01-17,12,10,6878,290,0,0,24.4501718213058,0,0,7115,291,0,0,0,0
"4756",2023-01-17,12,15,6784,286,0,0,24.4501718213058,0,0,7115,291,0,0,0,0
"4757",2023-01-17,12,20,6924,289,0,0,24.4501718213058,0,0,7115,291,0,0,0,0
"4758",2023-01-17,12,25,6498,282,0,0,24.4501718213058,0,0,7115,291,0,0,0,0
"4759",2023-01-17,12,30,6531,283,0,0,24.4501718213058,0,0,7115,291,0,0,0,0
"4760",2023-01-17,12,35,6551,276,0,0,24.4501718213058,0,0,7115,291,0,0,0,0
"4761",2023-01-17,12,40,6348,274,0,0,24.4501718213058,0,0,7115,291,0,0,0,0
"4762",2023-01-17,12,45,6342,270,0,0,24.4501718213058,0,0,7115,291,0,0,0,0
"4763",2023-01-17,12,50,6298,267,0,0,24.4501718213058,0,0,7115,291,0,0,0,0
"4764",2023-01-17,12,55,6265,265,0,0,24.4501718213058,0,0,7115,291,0,0,0,0
"4765",2023-01-17,13,0,6144,257,0,0,24.9755274261603,0,0,6144,257,0,0,0,0
"4766",2023-01-17,13,5,5854,251,0,0,24.9755274261603,0,0,6144,257,0,0,0,0
"4767",2023-01-17,13,10,5965,246,0,0,24.9755274261603,0,0,6144,257,0,0,0,0
"4768",2023-01-17,13,15,5936.2,241,0,0,24.9755274261603,0,0,6144,257,0,0,0,0
"4769",2023-01-17,13,20,6024.2,242,0,0,24.9755274261603,0,0,6144,257,0,0,0,0
"4770",2023-01-17,13,25,5919.2,237,0,0,24.9755274261603,0,0,6144,257,0,0,0,0
"4771",2023-01-17,13,30,5816.2,236,0,0,24.9755274261603,0,0,6144,257,0,0,0,0
"4772",2023-01-17,13,35,5777.2,235,0,0,24.9755274261603,0,0,6144,257,0,0,0,0
"4773",2023-01-17,13,40,5676.2,234,0,0,24.9755274261603,0,0,6144,257,0,0,0,0
"4774",2023-01-17,13,45,5720.2,236,0,0,24.9755274261603,0,0,6144,257,0,0,0,0
"4775",2023-01-17,13,50,5736.2,239,0,0,24.9755274261603,0,0,6144,257,0,0,0,0
"4776",2023-01-17,13,55,5808.2,242,0,0,24.9755274261603,0,0,6144,257,0,0,0,0
"4777",2023-01-17,14,0,6010.2,245,0,0,26.4144486692015,0,0,7140,275,0,0,0,0
"4778",2023-01-17,14,5,6119.2,244,0,0,26.4144486692015,0,0,7140,275,0,0,0,0
"4779",2023-01-17,14,10,6022.2,246,0,0,26.4144486692015,0,0,7140,275,0,0,0,0
"4780",2023-01-17,14,15,6230.2,249,0,0,26.4144486692015,0,0,7140,275,0,0,0,0
"4781",2023-01-17,14,20,6348.2,254,0,0,26.4144486692015,0,0,7140,275,0,0,0,0
"4782",2023-01-17,14,25,6390,255,0,0,26.4144486692015,0,0,7140,275,0,0,0,0
"4783",2023-01-17,14,30,6778,259,0,0,26.4144486692015,0,0,7140,275,0,0,0,0
"4784",2023-01-17,14,35,6922,266,0,0,26.4144486692015,0,0,7140,275,0,0,0,0
"4785",2023-01-17,14,40,7076,275,0,0,26.4144486692015,0,0,7140,275,0,0,0,0
"4786",2023-01-17,14,45,7140,272,0,0,26.4144486692015,0,0,7140,275,0,0,0,0
"4787",2023-01-17,14,50,6854,261,0,0,26.4144486692015,0,0,7140,275,0,0,0,0
"4788",2023-01-17,14,55,6947,263,0,0,26.4144486692015,0,0,7140,275,0,0,0,0
"4789",2023-01-17,15,0,6980,265,0,0,26.3396226415094,0,0,7072,275,0,0,0,0
"4790",2023-01-17,15,5,7072,271,0,0,26.3396226415094,0,0,7072,275,0,0,0,0
"4791",2023-01-17,15,10,6848,268,0,0,26.3396226415094,0,0,7072,275,0,0,0,0
"4792",2023-01-17,15,15,6759,268,0,0,26.3396226415094,0,0,7072,275,0,0,0,0
"4793",2023-01-17,15,20,6837,275,0,0,26.3396226415094,0,0,7072,275,0,0,0,0
"4794",2023-01-17,15,25,6882,273,0,0,26.3396226415094,0,0,7072,275,0,0,0,0
"4795",2023-01-17,15,30,7021,273,0,0,26.3396226415094,0,0,7072,275,0,0,0,0
"4796",2023-01-17,15,35,6799,270,0,0,26.3396226415094,0,0,7072,275,0,0,0,0
"4797",2023-01-17,15,40,6777,269,0,0,26.3396226415094,0,0,7072,275,0,0,0,0
"4798",2023-01-17,15,45,6760,270,0,0,26.3396226415094,0,0,7072,275,0,0,0,0
"4799",2023-01-17,15,50,6924,273,0,0,26.3396226415094,0,0,7072,275,0,0,0,0
"4800",2023-01-17,15,55,7005,273,0,0,26.3396226415094,0,0,7072,275,0,0,0,0
"4801",2023-01-17,16,0,6832,273,0,0,25.0547445255474,0,0,6865,274,0,0,0,0
"4802",2023-01-17,16,5,6865,274,0,0,25.0547445255474,0,0,6865,274,0,0,0,0
"4803",2023-01-17,16,10,6526,268,0,0,25.0547445255474,0,0,6865,274,0,0,0,0
"4804",2023-01-17,16,15,6581,271,0,0,25.0547445255474,0,0,6865,274,0,0,0,0
"4805",2023-01-17,16,20,6515,268,0,0,25.0547445255474,0,0,6865,274,0,0,0,0
"4806",2023-01-17,16,25,6723,273,0,0,25.0547445255474,0,0,6865,274,0,0,0,0
"4807",2023-01-17,16,30,6541,272,0,0,25.0547445255474,0,0,6865,274,0,0,0,0
"4808",2023-01-17,16,35,6094,272,0,0,25.0547445255474,0,0,6865,274,0,0,0,0
"4809",2023-01-17,16,40,6083,271,0,0,25.0547445255474,0,0,6865,274,0,0,0,0
"4810",2023-01-17,16,45,5952,270,0,0,25.0547445255474,0,0,6865,274,0,0,0,0
"4811",2023-01-17,16,50,5892,270,0,0,25.0547445255474,0,0,6865,274,0,0,0,0
"4812",2023-01-17,16,55,5982,272,0,0,25.0547445255474,0,0,6865,274,0,0,0,0
"4813",2023-01-17,17,0,6019,270,0,0,24.4015151515152,0,0,6442,272,0,0,0,0
"4814",2023-01-17,17,5,5982,272,0,0,24.4015151515152,0,0,6442,272,0,0,0,0
"4815",2023-01-17,17,10,5982,272,0,0,24.4015151515152,0,0,6442,272,0,0,0,0
"4816",2023-01-17,17,15,6089,269,0,0,24.4015151515152,0,0,6442,272,0,0,0,0
"4817",2023-01-17,17,20,6083,267,0,0,24.4015151515152,0,0,6442,272,0,0,0,0
"4818",2023-01-17,17,25,6039,265,0,0,24.4015151515152,0,0,6442,272,0,0,0,0
"4819",2023-01-17,17,30,6361,267,0,0,24.4015151515152,0,0,6442,272,0,0,0,0
"4820",2023-01-17,17,35,6442,264,0,0,24.4015151515152,0,0,6442,272,0,0,0,0
"4821",2023-01-17,17,40,6427,265,0,0,24.4015151515152,0,0,6442,272,0,0,0,0
"4822",2023-01-17,17,45,5858,254,0,0,24.4015151515152,0,0,6442,272,0,0,0,0
"4823",2023-01-17,17,50,5828,258,0,0,24.4015151515152,0,0,6442,272,0,0,0,0
"4824",2023-01-17,17,55,5792,257,0,0,24.4015151515152,0,0,6442,272,0,0,0,0
"4825",2023-01-17,18,0,5711,261,0,0,26.0080971659919,0,0,6424,261,0,0,0,0
"4826",2023-01-17,18,5,5541,253,0,0,26.0080971659919,0,0,6424,261,0,0,0,0
"4827",2023-01-17,18,10,5476,253,0,0,26.0080971659919,0,0,6424,261,0,0,0,0
"4828",2023-01-17,18,15,5573,247,0,0,26.0080971659919,0,0,6424,261,0,0,0,0
"4829",2023-01-17,18,20,5954,243,0,0,26.0080971659919,0,0,6424,261,0,0,0,0
"4830",2023-01-17,18,25,6397,250,0,0,26.0080971659919,0,0,6424,261,0,0,0,0
"4831",2023-01-17,18,30,6424,247,0,0,26.0080971659919,0,0,6424,261,0,0,0,0
"4832",2023-01-17,18,35,6381,246,0,0,26.0080971659919,0,0,6424,261,0,0,0,0
"4833",2023-01-17,18,40,6059,245,0,0,26.0080971659919,0,0,6424,261,0,0,0,0
"4834",2023-01-17,18,45,5972,245,0,0,26.0080971659919,0,0,6424,261,0,0,0,0
"4835",2023-01-17,18,50,5906,241,0,0,26.0080971659919,0,0,6424,261,0,0,0,0
"4836",2023-01-17,18,55,6195,242,0,0,26.0080971659919,0,0,6424,261,0,0,0,0
"4837",2023-01-17,19,0,6169,243,0,0,27.2425531914894,0,0,6402,243,0,0,0,0
"4838",2023-01-17,19,5,6069,242,0,0,27.2425531914894,0,0,6402,243,0,0,0,0
"4839",2023-01-17,19,10,5850,243,0,0,27.2425531914894,0,0,6402,243,0,0,0,0
"4840",2023-01-17,19,15,5615,238,0,0,27.2425531914894,0,0,6402,243,0,0,0,0
"4841",2023-01-17,19,20,5838,235,0,0,27.2425531914894,0,0,6402,243,0,0,0,0
"4842",2023-01-17,19,25,6402,235,0,0,27.2425531914894,0,0,6402,243,0,0,0,0
"4843",2023-01-17,19,30,6113,234,0,0,27.2425531914894,0,0,6402,243,0,0,0,0
"4844",2023-01-17,19,35,5883,228,0,0,27.2425531914894,0,0,6402,243,0,0,0,0
"4845",2023-01-17,19,40,5831,233,0,0,27.2425531914894,0,0,6402,243,0,0,0,0
"4846",2023-01-17,19,45,5991,235,0,0,27.2425531914894,0,0,6402,243,0,0,0,0
"4847",2023-01-17,19,50,6274,237,0,0,27.2425531914894,0,0,6402,243,0,0,0,0
"4848",2023-01-17,19,55,6271,235,0,0,27.2425531914894,0,0,6402,243,0,0,0,0
"4849",2023-01-17,20,55,6536,238,0,0,29.4533898305085,0,0,6951,238,0,0,0,0
"4850",2023-01-17,20,0,6211,234,0,0,29.4533898305085,0,0,6951,238,0,0,0,0
"4851",2023-01-17,20,5,5871,232,0,0,29.4533898305085,0,0,6951,238,0,0,0,0
"4852",2023-01-17,20,10,6355,234,0,0,29.4533898305085,0,0,6951,238,0,0,0,0
"4853",2023-01-17,20,15,6527,236,0,0,29.4533898305085,0,0,6951,238,0,0,0,0
"4854",2023-01-17,20,20,6505,235,0,0,29.4533898305085,0,0,6951,238,0,0,0,0
"4855",2023-01-17,20,25,6595,236,0,0,29.4533898305085,0,0,6951,238,0,0,0,0
"4856",2023-01-17,20,30,6951,236,0,0,29.4533898305085,0,0,6951,238,0,0,0,0
"4857",2023-01-17,20,35,6812,236,0,0,29.4533898305085,0,0,6951,238,0,0,0,0
"4858",2023-01-17,20,40,6612,235,0,0,29.4533898305085,0,0,6951,238,0,0,0,0
"4859",2023-01-17,20,45,6596,237,0,0,29.4533898305085,0,0,6951,238,0,0,0,0
"4860",2023-01-17,20,50,6364,235,0,0,29.4533898305085,0,0,6951,238,0,0,0,0
"4861",2023-01-17,21,0,6405,237,0,0,27.0253164556962,0,0,6405,237,0,0,0,0
"4862",2023-01-17,21,5,5993,234,0,0,27.0253164556962,0,0,6405,237,0,0,0,0
"4863",2023-01-17,21,10,5595,232,0,0,27.0253164556962,0,0,6405,237,0,0,0,0
"4864",2023-01-17,21,15,5389,230,0,0,27.0253164556962,0,0,6405,237,0,0,0,0
"4865",2023-01-17,21,20,5225,226,0,0,27.0253164556962,0,0,6405,237,0,0,0,0
"4866",2023-01-17,21,25,5198,227,0,0,27.0253164556962,0,0,6405,237,0,0,0,0
"4867",2023-01-17,21,30,5130,227,0,0,27.0253164556962,0,0,6405,237,0,0,0,0
"4868",2023-01-17,21,35,5247,226,0,0,27.0253164556962,0,0,6405,237,0,0,0,0
"4869",2023-01-17,21,40,5247,226,0,0,27.0253164556962,0,0,6405,237,0,0,0,0
"4870",2023-01-17,21,45,5064,223,0,0,27.0253164556962,0,0,6405,237,0,0,0,0
"4871",2023-01-17,21,50,5214,224,0,0,27.0253164556962,0,0,6405,237,0,0,0,0
"4872",2023-01-17,21,55,5342,223,0,0,27.0253164556962,0,0,6405,237,0,0,0,0
"4873",2023-01-17,22,0,5331,223,0,0,24.6785714285714,0,0,5528,224,0,0,0,0
"4874",2023-01-17,22,5,5528,224,0,0,24.6785714285714,0,0,5528,224,0,0,0,0
"4875",2023-01-17,22,10,5528,224,0,0,24.6785714285714,0,0,5528,224,0,0,0,0
"4876",2023-01-17,22,15,5323,221,0,0,24.6785714285714,0,0,5528,224,0,0,0,0
"4877",2023-01-17,22,20,5268,218,0,0,24.6785714285714,0,0,5528,224,0,0,0,0
"4878",2023-01-17,22,25,5246,217,0,0,24.6785714285714,0,0,5528,224,0,0,0,0
"4879",2023-01-17,22,30,5000,213,0,0,24.6785714285714,0,0,5528,224,0,0,0,0
"4880",2023-01-17,22,35,4762,208,0,0,24.6785714285714,0,0,5528,224,0,0,0,0
"4881",2023-01-17,22,40,4795,209,0,0,24.6785714285714,0,0,5528,224,0,0,0,0
"4882",2023-01-17,22,45,4817,210,0,0,24.6785714285714,0,0,5528,224,0,0,0,0
"4883",2023-01-17,22,50,4773,208,0,0,24.6785714285714,0,0,5528,224,0,0,0,0
"4884",2023-01-17,22,55,4729,206,0,0,24.6785714285714,0,0,5528,224,0,0,0,0
"4885",2023-01-17,23,0,4669,205,0,0,23.6580310880829,0,0,4706,205,0,0,0,0
"4886",2023-01-17,23,5,4647,204,0,0,23.6580310880829,0,0,4706,205,0,0,0,0
"4887",2023-01-17,23,10,4658,204,0,0,23.6580310880829,0,0,4706,205,0,0,0,0
"4888",2023-01-17,23,15,4570,200,0,0,23.6580310880829,0,0,4706,205,0,0,0,0
"4889",2023-01-17,23,20,4706,199,0,0,23.6580310880829,0,0,4706,205,0,0,0,0
"4890",2023-01-17,23,25,4579,194,0,0,23.6580310880829,0,0,4706,205,0,0,0,0
"4891",2023-01-17,23,30,4513,191,0,0,23.6580310880829,0,0,4706,205,0,0,0,0
"4892",2023-01-17,23,35,4566,193,0,0,23.6580310880829,0,0,4706,205,0,0,0,0
"4893",2023-01-17,23,40,3971,188,0,0,23.6580310880829,0,0,4706,205,0,0,0,0
"4894",2023-01-17,23,45,4004,190,0,0,23.6580310880829,0,0,4706,205,0,0,0,0
"4895",2023-01-17,23,50,4015,190,0,0,23.6580310880829,0,0,4706,205,0,0,0,0
"4896",2023-01-17,23,55,4157,192,0,0,23.6580310880829,0,0,4706,205,0,0,0,0
"4897",2023-01-18,0,0,4108,191,0,0,21.6703296703297,0,0,4108,191,0,0,0,0
"4898",2023-01-18,0,5,4108,191,0,0,21.6703296703297,0,0,4108,191,0,0,0,0
"4899",2023-01-18,0,10,4064,189,0,0,21.6703296703297,0,0,4108,191,0,0,0,0
"4900",2023-01-18,0,15,3982,187,0,0,21.6703296703297,0,0,4108,191,0,0,0,0
"4901",2023-01-18,0,20,4100,191,0,0,21.6703296703297,0,0,4108,191,0,0,0,0
"4902",2023-01-18,0,25,4100,191,0,0,21.6703296703297,0,0,4108,191,0,0,0,0
"4903",2023-01-18,0,30,4026,189,0,0,21.6703296703297,0,0,4108,191,0,0,0,0
"4904",2023-01-18,0,35,3977,184,0,0,21.6703296703297,0,0,4108,191,0,0,0,0
"4905",2023-01-18,0,40,3955,183,0,0,21.6703296703297,0,0,4108,191,0,0,0,0
"4906",2023-01-18,0,45,3944,182,0,0,21.6703296703297,0,0,4108,191,0,0,0,0
"4907",2023-01-18,0,50,3944,182,0,0,21.6703296703297,0,0,4108,191,0,0,0,0
"4908",2023-01-18,0,55,3824,181,0,0,21.6703296703297,0,0,4108,191,0,0,0,0
"4909",2023-01-18,1,0,4157,186,0,0,22.3494623655914,0,0,4157,186,0,0,0,0
"4910",2023-01-18,1,5,3955,184,0,0,22.3494623655914,0,0,4157,186,0,0,0,0
"4911",2023-01-18,1,10,3955,184,0,0,22.3494623655914,0,0,4157,186,0,0,0,0
"4912",2023-01-18,1,15,3944,183,0,0,22.3494623655914,0,0,4157,186,0,0,0,0
"4913",2023-01-18,1,20,3944,183,0,0,22.3494623655914,0,0,4157,186,0,0,0,0
"4914",2023-01-18,1,25,3933,182,0,0,22.3494623655914,0,0,4157,186,0,0,0,0
"4915",2023-01-18,1,30,3955,183,0,0,22.3494623655914,0,0,4157,186,0,0,0,0
"4916",2023-01-18,1,35,3977,184,0,0,22.3494623655914,0,0,4157,186,0,0,0,0
"4917",2023-01-18,1,40,3988,185,0,0,22.3494623655914,0,0,4157,186,0,0,0,0
"4918",2023-01-18,1,45,4010,186,0,0,22.3494623655914,0,0,4157,186,0,0,0,0
"4919",2023-01-18,1,50,3982,186,0,0,22.3494623655914,0,0,4157,186,0,0,0,0
"4920",2023-01-18,1,55,3982,186,0,0,22.3494623655914,0,0,4157,186,0,0,0,0
"4921",2023-01-18,2,0,3982,186,0,0,22.2566844919786,0,0,4217,190,0,0,0,0
"4922",2023-01-18,2,5,4059,190,0,0,22.2566844919786,0,0,4217,190,0,0,0,0
"4923",2023-01-18,2,10,4059,190,0,0,22.2566844919786,0,0,4217,190,0,0,0,0
"4924",2023-01-18,2,15,4059,190,0,0,22.2566844919786,0,0,4217,190,0,0,0,0
"4925",2023-01-18,2,20,4059,190,0,0,22.2566844919786,0,0,4217,190,0,0,0,0
"4926",2023-01-18,2,25,4217,190,0,0,22.2566844919786,0,0,4217,190,0,0,0,0
"4927",2023-01-18,2,30,4217,190,0,0,22.2566844919786,0,0,4217,190,0,0,0,0
"4928",2023-01-18,2,35,4217,190,0,0,22.2566844919786,0,0,4217,190,0,0,0,0
"4929",2023-01-18,2,40,4173,188,0,0,22.2566844919786,0,0,4217,190,0,0,0,0
"4930",2023-01-18,2,45,4162,187,0,0,22.2566844919786,0,0,4217,190,0,0,0,0
"4931",2023-01-18,2,50,3982,186,0,0,22.2566844919786,0,0,4217,190,0,0,0,0
"4932",2023-01-18,2,55,3982,186,0,0,22.2566844919786,0,0,4217,190,0,0,0,0
"4933",2023-01-18,3,0,3982,186,0,0,22.5326086956522,0,0,4168,186,0,0,0,0
"4934",2023-01-18,3,5,3982,186,0,0,22.5326086956522,0,0,4168,186,0,0,0,0
"4935",2023-01-18,3,10,3982,186,0,0,22.5326086956522,0,0,4168,186,0,0,0,0
"4936",2023-01-18,3,15,3971,185,0,0,22.5326086956522,0,0,4168,186,0,0,0,0
"4937",2023-01-18,3,20,3949,184,0,0,22.5326086956522,0,0,4168,186,0,0,0,0
"4938",2023-01-18,3,25,3999,185,0,0,22.5326086956522,0,0,4168,186,0,0,0,0
"4939",2023-01-18,3,30,3988,184,0,0,22.5326086956522,0,0,4168,186,0,0,0,0
"4940",2023-01-18,3,35,4168,185,0,0,22.5326086956522,0,0,4168,186,0,0,0,0
"4941",2023-01-18,3,40,4146,184,0,0,22.5326086956522,0,0,4168,186,0,0,0,0
"4942",2023-01-18,3,45,4096,183,0,0,22.5326086956522,0,0,4168,186,0,0,0,0
"4943",2023-01-18,3,50,4074,182,0,0,22.5326086956522,0,0,4168,186,0,0,0,0
"4944",2023-01-18,3,55,4074,182,0,0,22.5326086956522,0,0,4168,186,0,0,0,0
"4945",2023-01-18,4,0,4074,182,0,0,22.3846153846154,0,0,4074,182,0,0,0,0
"4946",2023-01-18,4,5,3894,181,0,0,22.3846153846154,0,0,4074,182,0,0,0,0
"4947",2023-01-18,4,15,3894,181,0,0,22.3846153846154,0,0,4074,182,0,0,0,0
"4948",2023-01-18,4,20,3905,182,0,0,22.3846153846154,0,0,4074,182,0,0,0,0
"4949",2023-01-18,4,25,3905,182,0,0,22.3846153846154,0,0,4074,182,0,0,0,0
"4950",2023-01-18,4,30,3905,182,0,0,22.3846153846154,0,0,4074,182,0,0,0,0
"4951",2023-01-18,4,35,3905,182,0,0,22.3846153846154,0,0,4074,182,0,0,0,0
"4952",2023-01-18,4,40,3883,181,0,0,22.3846153846154,0,0,4074,182,0,0,0,0
"4953",2023-01-18,4,45,3850,179,0,0,22.3846153846154,0,0,4074,182,0,0,0,0
"4954",2023-01-18,4,50,3850,179,0,0,22.3846153846154,0,0,4074,182,0,0,0,0
"4955",2023-01-18,4,55,3850,179,0,0,22.3846153846154,0,0,4074,182,0,0,0,0
"4956",2023-01-18,4,10,3883,180,0,0,22.3846153846154,0,0,4074,182,0,0,0,0
"4957",2023-01-18,5,0,3850,179,0,0,21.56,0,0,3850,179,0,0,0,0
"4958",2023-01-18,5,5,3850,179,0,0,21.56,0,0,3850,179,0,0,0,0
"4959",2023-01-18,5,10,3850,179,0,0,21.56,0,0,3850,179,0,0,0,0
"4960",2023-01-18,5,15,3828,178,0,0,21.56,0,0,3850,179,0,0,0,0
"4961",2023-01-18,5,20,3828,178,0,0,21.56,0,0,3850,179,0,0,0,0
"4962",2023-01-18,5,25,3828,178,0,0,21.56,0,0,3850,179,0,0,0,0
"4963",2023-01-18,5,30,3806,177,0,0,21.56,0,0,3850,179,0,0,0,0
"4964",2023-01-18,5,35,3806,177,0,0,21.56,0,0,3850,179,0,0,0,0
"4965",2023-01-18,5,40,3806,177,0,0,21.56,0,0,3850,179,0,0,0,0
"4966",2023-01-18,5,45,3806,177,0,0,21.56,0,0,3850,179,0,0,0,0
"4967",2023-01-18,5,50,3773,175,0,0,21.56,0,0,3850,179,0,0,0,0
"4968",2023-01-18,5,55,3773,175,0,0,21.56,0,0,3850,179,0,0,0,0
"4969",2023-01-18,6,0,3773,175,0,0,21.56,0,0,3773,175,0,0,0,0
"4970",2023-01-18,6,5,3773,175,0,0,21.56,0,0,3773,175,0,0,0,0
"4971",2023-01-18,6,10,3773,175,0,0,21.56,0,0,3773,175,0,0,0,0
"4972",2023-01-18,6,15,3751,174,0,0,21.56,0,0,3773,175,0,0,0,0
"4973",2023-01-18,6,20,3762,175,0,0,21.56,0,0,3773,175,0,0,0,0
"4974",2023-01-18,6,25,3740,174,0,0,21.56,0,0,3773,175,0,0,0,0
"4975",2023-01-18,6,30,3740,174,0,0,21.56,0,0,3773,175,0,0,0,0
"4976",2023-01-18,6,35,3740,174,0,0,21.56,0,0,3773,175,0,0,0,0
"4977",2023-01-18,6,40,3685,171,0,0,21.56,0,0,3773,175,0,0,0,0
"4978",2023-01-18,6,45,3663,170,0,0,21.56,0,0,3773,175,0,0,0,0
"4979",2023-01-18,6,50,3674,171,0,0,21.56,0,0,3773,175,0,0,0,0
"4980",2023-01-18,6,55,3674,171,0,0,21.56,0,0,3773,175,0,0,0,0
"4981",2023-01-18,7,0,3674,171,0,0,22.4653465346535,0,0,4538,202,0,0,0,0
"4982",2023-01-18,7,5,3663,171,0,0,22.4653465346535,0,0,4538,202,0,0,0,0
"4983",2023-01-18,7,10,3789,175,0,0,22.4653465346535,0,0,4538,202,0,0,0,0
"4984",2023-01-18,7,15,3789,176,0,0,22.4653465346535,0,0,4538,202,0,0,0,0
"4985",2023-01-18,7,20,3811,178,0,0,22.4653465346535,0,0,4538,202,0,0,0,0
"4986",2023-01-18,7,25,3789,177,0,0,22.4653465346535,0,0,4538,202,0,0,0,0
"4987",2023-01-18,7,30,3911,180,0,0,22.4653465346535,0,0,4538,202,0,0,0,0
"4988",2023-01-18,7,35,3944,183,0,0,22.4653465346535,0,0,4538,202,0,0,0,0
"4989",2023-01-18,7,40,3983,184,0,0,22.4653465346535,0,0,4538,202,0,0,0,0
"4990",2023-01-18,7,45,4262,191,0,0,22.4653465346535,0,0,4538,202,0,0,0,0
"4991",2023-01-18,7,50,4372,197,0,0,22.4653465346535,0,0,4538,202,0,0,0,0
"4992",2023-01-18,7,55,4538,202,0,0,22.4653465346535,0,0,4538,202,0,0,0,0
"4993",2023-01-18,8,0,4701,212,0,0,24.1943319838057,0,0,5976,248,0,0,0,0
"4994",2023-01-18,8,5,5019,217,0,0,24.1943319838057,0,0,5976,248,0,0,0,0
"4995",2023-01-18,8,10,4850,216,0,0,24.1943319838057,0,0,5976,248,0,0,0,0
"4996",2023-01-18,8,15,4872,218,0,0,24.1943319838057,0,0,5976,248,0,0,0,0
"4997",2023-01-18,8,20,4960,222,0,0,24.1943319838057,0,0,5976,248,0,0,0,0
"4998",2023-01-18,8,25,5272,229,0,0,24.1943319838057,0,0,5976,248,0,0,0,0
"4999",2023-01-18,8,30,5454,236,0,0,24.1943319838057,0,0,5976,248,0,0,0,0
"5000",2023-01-18,8,35,5355,234,0,0,24.1943319838057,0,0,5976,248,0,0,0,0
"5001",2023-01-18,8,40,5416,236,0,0,24.1943319838057,0,0,5976,248,0,0,0,0
"5002",2023-01-18,8,45,5621,241,0,0,24.1943319838057,0,0,5976,248,0,0,0,0
"5003",2023-01-18,8,50,5976,247,0,0,24.1943319838057,0,0,5976,248,0,0,0,0
"5004",2023-01-18,8,55,5726,248,0,0,24.1943319838057,0,0,5976,248,0,0,0,0
"5005",2023-01-18,9,0,5748,250,0,0,22.992,0,0,6734,300,0,0,0,0
"5006",2023-01-18,9,5,5755,261,0,0,22.992,0,0,6734,300,0,0,0,0
"5007",2023-01-18,9,10,5927,267,0,0,22.992,0,0,6734,300,0,0,0,0
"5008",2023-01-18,9,15,5653,262,0,0,22.992,0,0,6734,300,0,0,0,0
"5009",2023-01-18,9,20,5763,268,0,0,22.992,0,0,6734,300,0,0,0,0
"5010",2023-01-18,9,25,5796,268,0,0,22.992,0,0,6734,300,0,0,0,0
"5011",2023-01-18,9,30,6374,287,0,0,22.992,0,0,6734,300,0,0,0,0
"5012",2023-01-18,9,35,6495,293,0,0,22.992,0,0,6734,300,0,0,0,0
"5013",2023-01-18,9,40,6378,294,0,0,22.992,0,0,6734,300,0,0,0,0
"5014",2023-01-18,9,45,6372,295,0,0,22.992,0,0,6734,300,0,0,0,0
"5015",2023-01-18,9,50,6335,294,0,0,22.992,0,0,6734,300,0,0,0,0
"5016",2023-01-18,9,55,6734,300,0,0,22.992,0,0,6734,300,0,0,0,0
"5017",2023-01-18,10,0,6442,299,0,0,21.5451505016722,0,0,6492,307,0,0,0,0
"5018",2023-01-18,10,5,6491,304,0,0,21.5451505016722,0,0,6492,307,0,0,0,0
"5019",2023-01-18,10,10,6202,304,0,0,21.5451505016722,0,0,6492,307,0,0,0,0
"5020",2023-01-18,10,15,6180,303,0,0,21.5451505016722,0,0,6492,307,0,0,0,0
"5021",2023-01-18,10,20,6279,304,0,0,21.5451505016722,0,0,6492,307,0,0,0,0
"5022",2023-01-18,10,25,6334,307,0,0,21.5451505016722,0,0,6492,307,0,0,0,0
"5023",2023-01-18,10,30,6492,307,0,0,21.5451505016722,0,0,6492,307,0,0,0,0
"5024",2023-01-18,10,35,6415,304,0,0,21.5451505016722,0,0,6492,307,0,0,0,0
"5025",2023-01-18,10,40,6360,301,0,0,21.5451505016722,0,0,6492,307,0,0,0,0
"5026",2023-01-18,10,45,6188,299,0,0,21.5451505016722,0,0,6492,307,0,0,0,0
"5027",2023-01-18,10,50,6172,297,0,0,21.5451505016722,0,0,6492,307,0,0,0,0
"5028",2023-01-18,10,55,6052,295,0,0,21.5451505016722,0,0,6492,307,0,0,0,0
"5029",2023-01-18,11,0,6087.2,298,0,0,21.386798679868,0,0,6535.2,310,0,0,0,0
"5030",2023-01-18,11,5,6242.2,301,0,0,21.386798679868,0,0,6535.2,310,0,0,0,0
"5031",2023-01-18,11,10,6253.2,301,0,0,21.386798679868,0,0,6535.2,310,0,0,0,0
"5032",2023-01-18,11,15,6480.2,303,0,0,21.386798679868,0,0,6535.2,310,0,0,0,0
"5033",2023-01-18,11,20,6535.2,306,0,0,21.386798679868,0,0,6535.2,310,0,0,0,0
"5034",2023-01-18,11,25,6464.2,306,0,0,21.386798679868,0,0,6535.2,310,0,0,0,0
"5035",2023-01-18,11,30,6469.2,304,0,0,21.386798679868,0,0,6535.2,310,0,0,0,0
"5036",2023-01-18,11,35,6423.2,305,0,0,21.386798679868,0,0,6535.2,310,0,0,0,0
"5037",2023-01-18,11,40,6249.2,306,0,0,21.386798679868,0,0,6535.2,310,0,0,0,0
"5038",2023-01-18,11,45,6208.2,305,0,0,21.386798679868,0,0,6535.2,310,0,0,0,0
"5039",2023-01-18,11,50,6361.2,307,0,0,21.386798679868,0,0,6535.2,310,0,0,0,0
"5040",2023-01-18,11,55,6416.2,310,0,0,21.386798679868,0,0,6535.2,310,0,0,0,0
"5041",2023-01-18,12,0,6716.2,310,0,0,22.2191126279863,0,0,6716.2,310,0,0,0,0
"5042",2023-01-18,12,5,6667.2,309,0,0,22.2191126279863,0,0,6716.2,310,0,0,0,0
"5043",2023-01-18,12,10,6514.2,302,0,0,22.2191126279863,0,0,6716.2,310,0,0,0,0
"5044",2023-01-18,12,15,6492.2,301,0,0,22.2191126279863,0,0,6716.2,310,0,0,0,0
"5045",2023-01-18,12,20,6617.2,298,0,0,22.2191126279863,0,0,6716.2,310,0,0,0,0
"5046",2023-01-18,12,25,6510.2,293,0,0,22.2191126279863,0,0,6716.2,310,0,0,0,0
"5047",2023-01-18,12,30,6245.2,289,0,0,22.2191126279863,0,0,6716.2,310,0,0,0,0
"5048",2023-01-18,12,35,6223.2,286,0,0,22.2191126279863,0,0,6716.2,310,0,0,0,0
"5049",2023-01-18,12,40,5354.2,252,0,0,22.2191126279863,0,0,6716.2,310,0,0,0,0
"5050",2023-01-18,12,45,5262.2,253,0,0,22.2191126279863,0,0,6716.2,310,0,0,0,0
"5051",2023-01-18,12,50,5114.2,246,0,0,22.2191126279863,0,0,6716.2,310,0,0,0,0
"5052",2023-01-18,12,55,5112,244,0,0,22.2191126279863,0,0,6716.2,310,0,0,0,0
"5053",2023-01-18,13,0,5200,244,0,0,22.3066666666667,0,0,5508,260,0,0,0,0
"5054",2023-01-18,13,5,5090,237,0,0,22.3066666666667,0,0,5508,260,0,0,0,0
"5055",2023-01-18,13,10,4892,231,0,0,22.3066666666667,0,0,5508,260,0,0,0,0
"5056",2023-01-18,13,15,4839,224,0,0,22.3066666666667,0,0,5508,260,0,0,0,0
"5057",2023-01-18,13,20,5019,225,0,0,22.3066666666667,0,0,5508,260,0,0,0,0
"5058",2023-01-18,13,25,5091,229,0,0,22.3066666666667,0,0,5508,260,0,0,0,0
"5059",2023-01-18,13,30,5157,233,0,0,22.3066666666667,0,0,5508,260,0,0,0,0
"5060",2023-01-18,13,35,5508,258,0,0,22.3066666666667,0,0,5508,260,0,0,0,0
"5061",2023-01-18,13,40,5383,256,0,0,22.3066666666667,0,0,5508,260,0,0,0,0
"5062",2023-01-18,13,45,5317,253,0,0,22.3066666666667,0,0,5508,260,0,0,0,0
"5063",2023-01-18,13,50,5247,258,0,0,22.3066666666667,0,0,5508,260,0,0,0,0
"5064",2023-01-18,13,55,5459,260,0,0,22.3066666666667,0,0,5508,260,0,0,0,0
"5065",2023-01-18,14,0,5742,257,0,0,24.4921875,0,0,6352,261,0,0,0,0
"5066",2023-01-18,14,5,5769,255,0,0,24.4921875,0,0,6352,261,0,0,0,0
"5067",2023-01-18,14,10,5840,257,0,0,24.4921875,0,0,6352,261,0,0,0,0
"5068",2023-01-18,14,15,6063,260,0,0,24.4921875,0,0,6352,261,0,0,0,0
"5069",2023-01-18,14,20,6270,256,0,0,24.4921875,0,0,6352,261,0,0,0,0
"5070",2023-01-18,14,25,6264,258,0,0,24.4921875,0,0,6352,261,0,0,0,0
"5071",2023-01-18,14,30,6352,260,0,0,24.4921875,0,0,6352,261,0,0,0,0
"5072",2023-01-18,14,35,5949,261,0,0,24.4921875,0,0,6352,261,0,0,0,0
"5073",2023-01-18,14,40,5714,257,0,0,24.4921875,0,0,6352,261,0,0,0,0
"5074",2023-01-18,14,45,5632,256,0,0,24.4921875,0,0,6352,261,0,0,0,0
"5075",2023-01-18,14,50,5376,258,0,0,24.4921875,0,0,6352,261,0,0,0,0
"5076",2023-01-18,14,55,5378,255,0,0,24.4921875,0,0,6352,261,0,0,0,0
"5077",2023-01-18,15,0,5506,255,0,0,24.5839694656489,0,0,6441,262,0,0,0,0
"5078",2023-01-18,15,5,5778,258,0,0,24.5839694656489,0,0,6441,262,0,0,0,0
"5079",2023-01-18,15,10,5917,257,0,0,24.5839694656489,0,0,6441,262,0,0,0,0
"5080",2023-01-18,15,15,6206,256,0,0,24.5839694656489,0,0,6441,262,0,0,0,0
"5081",2023-01-18,15,20,6036,255,0,0,24.5839694656489,0,0,6441,262,0,0,0,0
"5082",2023-01-18,15,25,6266,256,0,0,24.5839694656489,0,0,6441,262,0,0,0,0
"5083",2023-01-18,15,30,6266,257,0,0,24.5839694656489,0,0,6441,262,0,0,0,0
"5084",2023-01-18,15,35,6058,256,0,0,24.5839694656489,0,0,6441,262,0,0,0,0
"5085",2023-01-18,15,40,6296,258,0,0,24.5839694656489,0,0,6441,262,0,0,0,0
"5086",2023-01-18,15,45,6441,262,0,0,24.5839694656489,0,0,6441,262,0,0,0,0
"5087",2023-01-18,15,50,6224,256,0,0,24.5839694656489,0,0,6441,262,0,0,0,0
"5088",2023-01-18,15,55,6186,257,0,0,24.5839694656489,0,0,6441,262,0,0,0,0
"5089",2023-01-18,16,0,6158,257,0,0,25.0155642023346,0,0,6429,257,0,0,0,0
"5090",2023-01-18,16,5,6087,253,0,0,25.0155642023346,0,0,6429,257,0,0,0,0
"5091",2023-01-18,16,10,6278,255,0,0,25.0155642023346,0,0,6429,257,0,0,0,0
"5092",2023-01-18,16,15,6429,257,0,0,25.0155642023346,0,0,6429,257,0,0,0,0
"5093",2023-01-18,16,20,6035,254,0,0,25.0155642023346,0,0,6429,257,0,0,0,0
"5094",2023-01-18,16,25,5872,256,0,0,25.0155642023346,0,0,6429,257,0,0,0,0
"5095",2023-01-18,16,30,5828,254,0,0,25.0155642023346,0,0,6429,257,0,0,0,0
"5096",2023-01-18,16,35,5550,250,0,0,25.0155642023346,0,0,6429,257,0,0,0,0
"5097",2023-01-18,16,40,5178,247,0,0,25.0155642023346,0,0,6429,257,0,0,0,0
"5098",2023-01-18,16,45,5205,249,0,0,25.0155642023346,0,0,6429,257,0,0,0,0
"5099",2023-01-18,16,50,5886,251,0,0,25.0155642023346,0,0,6429,257,0,0,0,0
"5100",2023-01-18,16,55,5982,254,0,0,25.0155642023346,0,0,6429,257,0,0,0,0
"5101",2023-01-18,17,0,5830,251,0,0,23.8380566801619,0,0,5965,251,0,0,0,0
"5102",2023-01-18,17,5,5643,251,0,0,23.8380566801619,0,0,5965,251,0,0,0,0
"5103",2023-01-18,17,10,5251,246,0,0,23.8380566801619,0,0,5965,251,0,0,0,0
"5104",2023-01-18,17,15,5317,250,0,0,23.8380566801619,0,0,5965,251,0,0,0,0
"5105",2023-01-18,17,20,5425,248,0,0,23.8380566801619,0,0,5965,251,0,0,0,0
"5106",2023-01-18,17,25,5747,247,0,0,23.8380566801619,0,0,5965,251,0,0,0,0
"5107",2023-01-18,17,30,5343,243,0,0,23.8380566801619,0,0,5965,251,0,0,0,0
"5108",2023-01-18,17,35,5856,246,0,0,23.8380566801619,0,0,5965,251,0,0,0,0
"5109",2023-01-18,17,40,5922,249,0,0,23.8380566801619,0,0,5965,251,0,0,0,0
"5110",2023-01-18,17,45,5921,249,0,0,23.8380566801619,0,0,5965,251,0,0,0,0
"5111",2023-01-18,17,50,5965,251,0,0,23.8380566801619,0,0,5965,251,0,0,0,0
"5112",2023-01-18,17,55,5888,247,0,0,23.8380566801619,0,0,5965,251,0,0,0,0
"5113",2023-01-18,18,0,6638,250,0,0,26.552,0,0,6638,250,0,0,0,0
"5114",2023-01-18,18,5,6055,247,0,0,26.552,0,0,6638,250,0,0,0,0
"5115",2023-01-18,18,10,5901,239,0,0,26.552,0,0,6638,250,0,0,0,0
"5116",2023-01-18,18,15,5923,240,0,0,26.552,0,0,6638,250,0,0,0,0
"5117",2023-01-18,18,20,5758,236,0,0,26.552,0,0,6638,250,0,0,0,0
"5118",2023-01-18,18,25,5698,233,0,0,26.552,0,0,6638,250,0,0,0,0
"5119",2023-01-18,18,30,5556,234,0,0,26.552,0,0,6638,250,0,0,0,0
"5120",2023-01-18,18,35,5429,236,0,0,26.552,0,0,6638,250,0,0,0,0
"5121",2023-01-18,18,40,5225,234,0,0,26.552,0,0,6638,250,0,0,0,0
"5122",2023-01-18,18,45,5156,228,0,0,26.552,0,0,6638,250,0,0,0,0
"5123",2023-01-18,18,50,5659,225,0,0,26.552,0,0,6638,250,0,0,0,0
"5124",2023-01-18,18,55,5605,224,0,0,26.552,0,0,6638,250,0,0,0,0
"5125",2023-01-18,19,0,5807,227,0,0,26.9311926605505,0,0,5948,227,0,0,0,0
"5126",2023-01-18,19,5,5723,222,0,0,26.9311926605505,0,0,5948,227,0,0,0,0
"5127",2023-01-18,19,10,5816,224,0,0,26.9311926605505,0,0,5948,227,0,0,0,0
"5128",2023-01-18,19,15,5816,224,0,0,26.9311926605505,0,0,5948,227,0,0,0,0
"5129",2023-01-18,19,20,5816,222,0,0,26.9311926605505,0,0,5948,227,0,0,0,0
"5130",2023-01-18,19,25,5379,221,0,0,26.9311926605505,0,0,5948,227,0,0,0,0
"5131",2023-01-18,19,30,5390,221,0,0,26.9311926605505,0,0,5948,227,0,0,0,0
"5132",2023-01-18,19,35,5628,221,0,0,26.9311926605505,0,0,5948,227,0,0,0,0
"5133",2023-01-18,19,45,5817,221,0,0,26.9311926605505,0,0,5948,227,0,0,0,0
"5134",2023-01-18,19,50,5871,218,0,0,26.9311926605505,0,0,5948,227,0,0,0,0
"5135",2023-01-18,19,55,5948,222,0,0,26.9311926605505,0,0,5948,227,0,0,0,0
"5136",2023-01-18,19,40,5784,219,0,0,26.9311926605505,0,0,5948,227,0,0,0,0
"5137",2023-01-18,20,0,5948,222,0,0,27.085201793722,0,0,6040,225,0,0,0,0
"5138",2023-01-18,20,5,6040,223,0,0,27.085201793722,0,0,6040,225,0,0,0,0
"5139",2023-01-18,20,10,6025,225,0,0,27.085201793722,0,0,6040,225,0,0,0,0
"5140",2023-01-18,20,15,5564,223,0,0,27.085201793722,0,0,6040,225,0,0,0,0
"5141",2023-01-18,20,20,5381,218,0,0,27.085201793722,0,0,6040,225,0,0,0,0
"5142",2023-01-18,20,25,5055,214,0,0,27.085201793722,0,0,6040,225,0,0,0,0
"5143",2023-01-18,20,30,5369,218,0,0,27.085201793722,0,0,6040,225,0,0,0,0
"5144",2023-01-18,20,35,5342,218,0,0,27.085201793722,0,0,6040,225,0,0,0,0
"5145",2023-01-18,20,40,5298,216,0,0,27.085201793722,0,0,6040,225,0,0,0,0
"5146",2023-01-18,20,45,5151,217,0,0,27.085201793722,0,0,6040,225,0,0,0,0
"5147",2023-01-18,20,50,5129,216,0,0,27.085201793722,0,0,6040,225,0,0,0,0
"5148",2023-01-18,20,55,5053,217,0,0,27.085201793722,0,0,6040,225,0,0,0,0
"5149",2023-01-18,21,0,4660,215,0,0,22.6255924170616,0,0,4774,215,0,0,0,0
"5150",2023-01-18,21,10,4774,211,0,0,22.6255924170616,0,0,4774,215,0,0,0,0
"5151",2023-01-18,21,15,4602,210,0,0,22.6255924170616,0,0,4774,215,0,0,0,0
"5152",2023-01-18,21,20,4602,210,0,0,22.6255924170616,0,0,4774,215,0,0,0,0
"5153",2023-01-18,21,25,4602,210,0,0,22.6255924170616,0,0,4774,215,0,0,0,0
"5154",2023-01-18,21,30,4580,209,0,0,22.6255924170616,0,0,4774,215,0,0,0,0
"5155",2023-01-18,21,35,4476,205,0,0,22.6255924170616,0,0,4774,215,0,0,0,0
"5156",2023-01-18,21,40,4326,204,0,0,22.6255924170616,0,0,4774,215,0,0,0,0
"5157",2023-01-18,21,45,4365,205,0,0,22.6255924170616,0,0,4774,215,0,0,0,0
"5158",2023-01-18,21,50,4387,206,0,0,22.6255924170616,0,0,4774,215,0,0,0,0
"5159",2023-01-18,21,55,4387,206,0,0,22.6255924170616,0,0,4774,215,0,0,0,0
"5160",2023-01-18,21,5,4463,210,0,0,22.6255924170616,0,0,4774,215,0,0,0,0
"5161",2023-01-18,22,0,4387,206,0,0,22.1682692307692,0,0,4611,208,0,0,0,0
"5162",2023-01-18,22,5,4559,208,0,0,22.1682692307692,0,0,4611,208,0,0,0,0
"5163",2023-01-18,22,10,4567,207,0,0,22.1682692307692,0,0,4611,208,0,0,0,0
"5164",2023-01-18,22,15,4611,208,0,0,22.1682692307692,0,0,4611,208,0,0,0,0
"5165",2023-01-18,22,20,4611,208,0,0,22.1682692307692,0,0,4611,208,0,0,0,0
"5166",2023-01-18,22,25,4361,203,0,0,22.1682692307692,0,0,4611,208,0,0,0,0
"5167",2023-01-18,22,30,4333,203,0,0,22.1682692307692,0,0,4611,208,0,0,0,0
"5168",2023-01-18,22,35,4300,201,0,0,22.1682692307692,0,0,4611,208,0,0,0,0
"5169",2023-01-18,22,40,4199,200,0,0,22.1682692307692,0,0,4611,208,0,0,0,0
"5170",2023-01-18,22,45,4210,201,0,0,22.1682692307692,0,0,4611,208,0,0,0,0
"5171",2023-01-18,22,50,4188,200,0,0,22.1682692307692,0,0,4611,208,0,0,0,0
"5172",2023-01-18,22,55,4305,199,0,0,22.1682692307692,0,0,4611,208,0,0,0,0
"5173",2023-01-18,23,0,4316,199,0,0,26.280612244898,0,0,5151,201,0,0,0,0
"5174",2023-01-18,23,5,4294,198,0,0,26.280612244898,0,0,5151,201,0,0,0,0
"5175",2023-01-18,23,10,4409,201,0,0,26.280612244898,0,0,5151,201,0,0,0,0
"5176",2023-01-18,23,15,4393,200,0,0,26.280612244898,0,0,5151,201,0,0,0,0
"5177",2023-01-18,23,20,4159,196,0,0,26.280612244898,0,0,5151,201,0,0,0,0
"5178",2023-01-18,23,25,4254,194,0,0,26.280612244898,0,0,5151,201,0,0,0,0
"5179",2023-01-18,23,30,4641,195,0,0,26.280612244898,0,0,5151,201,0,0,0,0
"5180",2023-01-18,23,35,4761,196,0,0,26.280612244898,0,0,5151,201,0,0,0,0
"5181",2023-01-18,23,40,4739,195,0,0,26.280612244898,0,0,5151,201,0,0,0,0
"5182",2023-01-18,23,45,5039,196,0,0,26.280612244898,0,0,5151,201,0,0,0,0
"5183",2023-01-18,23,50,5151,196,0,0,26.280612244898,0,0,5151,201,0,0,0,0
"5184",2023-01-18,23,55,4779,193,0,0,26.280612244898,0,0,5151,201,0,0,0,0
"5185",2023-01-19,0,0,4148,190,0,0,22.1774193548387,0,0,4214,193,0,0,0,0
"5186",2023-01-19,0,5,4148,190,0,0,22.1774193548387,0,0,4214,193,0,0,0,0
"5187",2023-01-19,0,10,4192,192,0,0,22.1774193548387,0,0,4214,193,0,0,0,0
"5188",2023-01-19,0,15,4192,192,0,0,22.1774193548387,0,0,4214,193,0,0,0,0
"5189",2023-01-19,0,20,4214,193,0,0,22.1774193548387,0,0,4214,193,0,0,0,0
"5190",2023-01-19,0,25,4203,192,0,0,22.1774193548387,0,0,4214,193,0,0,0,0
"5191",2023-01-19,0,30,4214,192,0,0,22.1774193548387,0,0,4214,193,0,0,0,0
"5192",2023-01-19,0,35,4126,188,0,0,22.1774193548387,0,0,4214,193,0,0,0,0
"5193",2023-01-19,0,40,4115,187,0,0,22.1774193548387,0,0,4214,193,0,0,0,0
"5194",2023-01-19,0,50,4053,184,0,0,22.1774193548387,0,0,4214,193,0,0,0,0
"5195",2023-01-19,0,55,4075,185,0,0,22.1774193548387,0,0,4214,193,0,0,0,0
"5196",2023-01-19,0,45,4125,186,0,0,22.1774193548387,0,0,4214,193,0,0,0,0
"5197",2023-01-19,1,0,3813,180,0,0,23.1111111111111,0,0,4182,182,0,0,0,0
"5198",2023-01-19,1,5,3791,179,0,0,23.1111111111111,0,0,4182,182,0,0,0,0
"5199",2023-01-19,1,10,3813,180,0,0,23.1111111111111,0,0,4182,182,0,0,0,0
"5200",2023-01-19,1,15,3855,182,0,0,23.1111111111111,0,0,4182,182,0,0,0,0
"5201",2023-01-19,1,20,3855,182,0,0,23.1111111111111,0,0,4182,182,0,0,0,0
"5202",2023-01-19,1,25,4160,180,0,0,23.1111111111111,0,0,4182,182,0,0,0,0
"5203",2023-01-19,1,30,4160,180,0,0,23.1111111111111,0,0,4182,182,0,0,0,0
"5204",2023-01-19,1,35,4182,181,0,0,23.1111111111111,0,0,4182,182,0,0,0,0
"5205",2023-01-19,1,40,4088,178,0,0,23.1111111111111,0,0,4182,182,0,0,0,0
"5206",2023-01-19,1,45,4066,177,0,0,23.1111111111111,0,0,4182,182,0,0,0,0
"5207",2023-01-19,1,50,3706,176,0,0,23.1111111111111,0,0,4182,182,0,0,0,0
"5208",2023-01-19,1,55,3728,177,0,0,23.1111111111111,0,0,4182,182,0,0,0,0
"5209",2023-01-19,2,0,3684,175,0,0,21.0514285714286,0,0,3805,182,0,0,0,0
"5210",2023-01-19,2,5,3772,180,0,0,21.0514285714286,0,0,3805,182,0,0,0,0
"5211",2023-01-19,2,10,3772,180,0,0,21.0514285714286,0,0,3805,182,0,0,0,0
"5212",2023-01-19,2,15,3772,180,0,0,21.0514285714286,0,0,3805,182,0,0,0,0
"5213",2023-01-19,2,20,3772,180,0,0,21.0514285714286,0,0,3805,182,0,0,0,0
"5214",2023-01-19,2,25,3805,182,0,0,21.0514285714286,0,0,3805,182,0,0,0,0
"5215",2023-01-19,2,30,3783,181,0,0,21.0514285714286,0,0,3805,182,0,0,0,0
"5216",2023-01-19,2,35,3783,181,0,0,21.0514285714286,0,0,3805,182,0,0,0,0
"5217",2023-01-19,2,40,3783,181,0,0,21.0514285714286,0,0,3805,182,0,0,0,0
"5218",2023-01-19,2,45,3783,181,0,0,21.0514285714286,0,0,3805,182,0,0,0,0
"5219",2023-01-19,2,50,3783,181,0,0,21.0514285714286,0,0,3805,182,0,0,0,0
"5220",2023-01-19,2,55,3783,181,0,0,21.0514285714286,0,0,3805,182,0,0,0,0
"5221",2023-01-19,3,0,3772,180,0,0,21.1208791208791,0,0,3844,182,0,0,0,0
"5222",2023-01-19,3,5,3794,181,0,0,21.1208791208791,0,0,3844,182,0,0,0,0
"5223",2023-01-19,3,10,3794,181,0,0,21.1208791208791,0,0,3844,182,0,0,0,0
"5224",2023-01-19,3,15,3772,180,0,0,21.1208791208791,0,0,3844,182,0,0,0,0
"5225",2023-01-19,3,20,3794,181,0,0,21.1208791208791,0,0,3844,182,0,0,0,0
"5226",2023-01-19,3,25,3844,182,0,0,21.1208791208791,0,0,3844,182,0,0,0,0
"5227",2023-01-19,3,30,3800,180,0,0,21.1208791208791,0,0,3844,182,0,0,0,0
"5228",2023-01-19,3,35,3800,180,0,0,21.1208791208791,0,0,3844,182,0,0,0,0
"5229",2023-01-19,3,40,3772,180,0,0,21.1208791208791,0,0,3844,182,0,0,0,0
"5230",2023-01-19,3,45,3783,180,0,0,21.1208791208791,0,0,3844,182,0,0,0,0
"5231",2023-01-19,3,50,3761,179,0,0,21.1208791208791,0,0,3844,182,0,0,0,0
"5232",2023-01-19,3,55,3761,179,0,0,21.1208791208791,0,0,3844,182,0,0,0,0
"5233",2023-01-19,4,0,3739,178,0,0,21.0568181818182,0,0,3761,179,0,0,0,0
"5234",2023-01-19,4,5,3761,179,0,0,21.0568181818182,0,0,3761,179,0,0,0,0
"5235",2023-01-19,4,10,3761,179,0,0,21.0568181818182,0,0,3761,179,0,0,0,0
"5236",2023-01-19,4,15,3761,179,0,0,21.0568181818182,0,0,3761,179,0,0,0,0
"5237",2023-01-19,4,20,3706,176,0,0,21.0568181818182,0,0,3761,179,0,0,0,0
"5238",2023-01-19,4,25,3706,176,0,0,21.0568181818182,0,0,3761,179,0,0,0,0
"5239",2023-01-19,4,30,3706,176,0,0,21.0568181818182,0,0,3761,179,0,0,0,0
"5240",2023-01-19,4,35,3662,174,0,0,21.0568181818182,0,0,3761,179,0,0,0,0
"5241",2023-01-19,4,40,3662,174,0,0,21.0568181818182,0,0,3761,179,0,0,0,0
"5242",2023-01-19,4,45,3662,174,0,0,21.0568181818182,0,0,3761,179,0,0,0,0
"5243",2023-01-19,4,50,3178,152,0,0,21.0568181818182,0,0,3761,179,0,0,0,0
"5244",2023-01-19,4,55,3662,174,0,0,21.0568181818182,0,0,3761,179,0,0,0,0
"5245",2023-01-19,5,0,3722,175,0,0,21.2685714285714,0,0,3722,175,0,0,0,0
"5246",2023-01-19,5,5,3722,175,0,0,21.2685714285714,0,0,3722,175,0,0,0,0
"5247",2023-01-19,5,10,3700,174,0,0,21.2685714285714,0,0,3722,175,0,0,0,0
"5248",2023-01-19,5,15,3640,173,0,0,21.2685714285714,0,0,3722,175,0,0,0,0
"5249",2023-01-19,5,20,3640,173,0,0,21.2685714285714,0,0,3722,175,0,0,0,0
"5250",2023-01-19,5,25,3640,173,0,0,21.2685714285714,0,0,3722,175,0,0,0,0
"5251",2023-01-19,5,30,3618,172,0,0,21.2685714285714,0,0,3722,175,0,0,0,0
"5252",2023-01-19,5,35,3618,172,0,0,21.2685714285714,0,0,3722,175,0,0,0,0
"5253",2023-01-19,5,40,3618,172,0,0,21.2685714285714,0,0,3722,175,0,0,0,0
"5254",2023-01-19,5,45,3618,172,0,0,21.2685714285714,0,0,3722,175,0,0,0,0
"5255",2023-01-19,5,50,3618,172,0,0,21.2685714285714,0,0,3722,175,0,0,0,0
"5256",2023-01-19,5,55,3668,173,0,0,21.2685714285714,0,0,3722,175,0,0,0,0
"5257",2023-01-19,6,0,3668,173,0,0,21.6514285714286,0,0,3789,175,0,0,0,0
"5258",2023-01-19,6,5,3668,173,0,0,21.6514285714286,0,0,3789,175,0,0,0,0
"5259",2023-01-19,6,10,3646,172,0,0,21.6514285714286,0,0,3789,175,0,0,0,0
"5260",2023-01-19,6,15,3646,172,0,0,21.6514285714286,0,0,3789,175,0,0,0,0
"5261",2023-01-19,6,20,3668,173,0,0,21.6514285714286,0,0,3789,175,0,0,0,0
"5262",2023-01-19,6,25,3668,173,0,0,21.6514285714286,0,0,3789,175,0,0,0,0
"5263",2023-01-19,6,30,3596,171,0,0,21.6514285714286,0,0,3789,175,0,0,0,0
"5264",2023-01-19,6,35,3596,171,0,0,21.6514285714286,0,0,3789,175,0,0,0,0
"5265",2023-01-19,6,40,3596,171,0,0,21.6514285714286,0,0,3789,175,0,0,0,0
"5266",2023-01-19,6,45,3718,174,0,0,21.6514285714286,0,0,3789,175,0,0,0,0
"5267",2023-01-19,6,50,3740,175,0,0,21.6514285714286,0,0,3789,175,0,0,0,0
"5268",2023-01-19,6,55,3789,175,0,0,21.6514285714286,0,0,3789,175,0,0,0,0
"5269",2023-01-19,7,55,4223,203,0,0,22.9360465116279,0,0,4223,203,0,0,0,0
"5270",2023-01-19,7,0,3750,175,0,0,22.9360465116279,0,0,4223,203,0,0,0,0
"5271",2023-01-19,7,5,3623,170,0,0,22.9360465116279,0,0,4223,203,0,0,0,0
"5272",2023-01-19,7,10,3601,169,0,0,22.9360465116279,0,0,4223,203,0,0,0,0
"5273",2023-01-19,7,15,3601,170,0,0,22.9360465116279,0,0,4223,203,0,0,0,0
"5274",2023-01-19,7,20,3945,173,0,0,22.9360465116279,0,0,4223,203,0,0,0,0
"5275",2023-01-19,7,25,3956,173,0,0,22.9360465116279,0,0,4223,203,0,0,0,0
"5276",2023-01-19,7,30,3945,172,0,0,22.9360465116279,0,0,4223,203,0,0,0,0
"5277",2023-01-19,7,35,3711,174,0,0,22.9360465116279,0,0,4223,203,0,0,0,0
"5278",2023-01-19,7,40,3865,181,0,0,22.9360465116279,0,0,4223,203,0,0,0,0
"5279",2023-01-19,7,45,3975,186,0,0,22.9360465116279,0,0,4223,203,0,0,0,0
"5280",2023-01-19,7,50,4058,193,0,0,22.9360465116279,0,0,4223,203,0,0,0,0
"5281",2023-01-19,8,0,4334,206,0,0,25.4435146443515,0,0,6200,250,0,0,0,0
"5282",2023-01-19,8,5,4422,210,0,0,25.4435146443515,0,0,6200,250,0,0,0,0
"5283",2023-01-19,8,10,4477,212,0,0,25.4435146443515,0,0,6200,250,0,0,0,0
"5284",2023-01-19,8,15,4560,214,0,0,25.4435146443515,0,0,6200,250,0,0,0,0
"5285",2023-01-19,8,20,4973,222,0,0,25.4435146443515,0,0,6200,250,0,0,0,0
"5286",2023-01-19,8,25,5078,227,0,0,25.4435146443515,0,0,6200,250,0,0,0,0
"5287",2023-01-19,8,30,5901,238,0,0,25.4435146443515,0,0,6200,250,0,0,0,0
"5288",2023-01-19,8,35,6081,239,0,0,25.4435146443515,0,0,6200,250,0,0,0,0
"5289",2023-01-19,8,40,6200,245,0,0,25.4435146443515,0,0,6200,250,0,0,0,0
"5290",2023-01-19,8,45,6086,248,0,0,25.4435146443515,0,0,6200,250,0,0,0,0
"5291",2023-01-19,8,50,5730,250,0,0,25.4435146443515,0,0,6200,250,0,0,0,0
"5292",2023-01-19,8,55,5561,249,0,0,25.4435146443515,0,0,6200,250,0,0,0,0
"5293",2023-01-19,9,0,5880,252,0,0,23.3333333333333,0,0,6268,293,0,0,0,0
"5294",2023-01-19,9,5,5965,257,0,0,23.3333333333333,0,0,6268,293,0,0,0,0
"5295",2023-01-19,9,10,5864,261,0,0,23.3333333333333,0,0,6268,293,0,0,0,0
"5296",2023-01-19,9,15,6007,267,0,0,23.3333333333333,0,0,6268,293,0,0,0,0
"5297",2023-01-19,9,20,6194,277,0,0,23.3333333333333,0,0,6268,293,0,0,0,0
"5298",2023-01-19,9,25,6183,277,0,0,23.3333333333333,0,0,6268,293,0,0,0,0
"5299",2023-01-19,9,30,6158,273,0,0,23.3333333333333,0,0,6268,293,0,0,0,0
"5300",2023-01-19,9,35,6268,278,0,0,23.3333333333333,0,0,6268,293,0,0,0,0
"5301",2023-01-19,9,40,6189,282,0,0,23.3333333333333,0,0,6268,293,0,0,0,0
"5302",2023-01-19,9,45,5892,283,0,0,23.3333333333333,0,0,6268,293,0,0,0,0
"5303",2023-01-19,9,50,6101,291,0,0,23.3333333333333,0,0,6268,293,0,0,0,0
"5304",2023-01-19,9,55,6210,293,0,0,23.3333333333333,0,0,6268,293,0,0,0,0
"5305",2023-01-19,10,0,6315,297,0,0,24.1167192429022,0,0,7645,317,0,0,0,0
"5306",2023-01-19,10,5,6506,299,0,0,24.1167192429022,0,0,7645,317,0,0,0,0
"5307",2023-01-19,10,10,6605,304,0,0,24.1167192429022,0,0,7645,317,0,0,0,0
"5308",2023-01-19,10,15,6568,308,0,0,24.1167192429022,0,0,7645,317,0,0,0,0
"5309",2023-01-19,10,20,7239,311,0,0,24.1167192429022,0,0,7645,317,0,0,0,0
"5310",2023-01-19,10,25,7451,311,0,0,24.1167192429022,0,0,7645,317,0,0,0,0
"5311",2023-01-19,10,30,7509,312,0,0,24.1167192429022,0,0,7645,317,0,0,0,0
"5312",2023-01-19,10,35,7012,311,0,0,24.1167192429022,0,0,7645,317,0,0,0,0
"5313",2023-01-19,10,40,7032,309,0,0,24.1167192429022,0,0,7645,317,0,0,0,0
"5314",2023-01-19,10,45,7229,313,0,0,24.1167192429022,0,0,7645,317,0,0,0,0
"5315",2023-01-19,10,50,7645,317,0,0,24.1167192429022,0,0,7645,317,0,0,0,0
"5316",2023-01-19,10,55,7302,316,0,0,24.1167192429022,0,0,7645,317,0,0,0,0
"5317",2023-01-19,11,0,7289,315,0,0,24.0351437699681,0,0,7523,322,0,0,0,0
"5318",2023-01-19,11,5,7523,313,0,0,24.0351437699681,0,0,7523,322,0,0,0,0
"5319",2023-01-19,11,10,7332,312,0,0,24.0351437699681,0,0,7523,322,0,0,0,0
"5320",2023-01-19,11,15,6566,290,0,0,24.0351437699681,0,0,7523,322,0,0,0,0
"5321",2023-01-19,11,20,6686,295,0,0,24.0351437699681,0,0,7523,322,0,0,0,0
"5322",2023-01-19,11,25,6763,300,0,0,24.0351437699681,0,0,7523,322,0,0,0,0
"5323",2023-01-19,11,30,6995,317,0,0,24.0351437699681,0,0,7523,322,0,0,0,0
"5324",2023-01-19,11,35,7222,322,0,0,24.0351437699681,0,0,7523,322,0,0,0,0
"5325",2023-01-19,11,40,7028,319,0,0,24.0351437699681,0,0,7523,322,0,0,0,0
"5326",2023-01-19,11,45,6770,312,0,0,24.0351437699681,0,0,7523,322,0,0,0,0
"5327",2023-01-19,11,50,6721,312,0,0,24.0351437699681,0,0,7523,322,0,0,0,0
"5328",2023-01-19,11,55,6585,313,0,0,24.0351437699681,0,0,7523,322,0,0,0,0
"5329",2023-01-19,12,0,6606,312,0,0,23.5787781350482,0,0,7333,318,0,0,0,0
"5330",2023-01-19,12,5,6609,313,0,0,23.5787781350482,0,0,7333,318,0,0,0,0
"5331",2023-01-19,12,10,6803,317,0,0,23.5787781350482,0,0,7333,318,0,0,0,0
"5332",2023-01-19,12,15,7016,318,0,0,23.5787781350482,0,0,7333,318,0,0,0,0
"5333",2023-01-19,12,20,6968,317,0,0,23.5787781350482,0,0,7333,318,0,0,0,0
"5334",2023-01-19,12,25,7257,317,0,0,23.5787781350482,0,0,7333,318,0,0,0,0
"5335",2023-01-19,12,30,7333,311,0,0,23.5787781350482,0,0,7333,318,0,0,0,0
"5336",2023-01-19,12,35,7033,309,0,0,23.5787781350482,0,0,7333,318,0,0,0,0
"5337",2023-01-19,12,40,6951,307,0,0,23.5787781350482,0,0,7333,318,0,0,0,0
"5338",2023-01-19,12,45,6996,303,0,0,23.5787781350482,0,0,7333,318,0,0,0,0
"5339",2023-01-19,12,50,7107,302,0,0,23.5787781350482,0,0,7333,318,0,0,0,0
"5340",2023-01-19,12,55,7085,301,0,0,23.5787781350482,0,0,7333,318,0,0,0,0
"5341",2023-01-19,13,0,7025,300,0,0,24.1358885017422,0,0,7025,300,0,0,0,0
"5342",2023-01-19,13,5,6619,289,0,0,24.1358885017422,0,0,7025,300,0,0,0,0
"5343",2023-01-19,13,10,6564,284,0,0,24.1358885017422,0,0,7025,300,0,0,0,0
"5344",2023-01-19,13,15,6232,282,0,0,24.1358885017422,0,0,7025,300,0,0,0,0
"5345",2023-01-19,13,20,6104,277,0,0,24.1358885017422,0,0,7025,300,0,0,0,0
"5346",2023-01-19,13,25,6664,280,0,0,24.1358885017422,0,0,7025,300,0,0,0,0
"5347",2023-01-19,13,30,6719,282,0,0,24.1358885017422,0,0,7025,300,0,0,0,0
"5348",2023-01-19,13,35,6675,280,0,0,24.1358885017422,0,0,7025,300,0,0,0,0
"5349",2023-01-19,13,40,6850,284,0,0,24.1358885017422,0,0,7025,300,0,0,0,0
"5350",2023-01-19,13,45,6927,287,0,0,24.1358885017422,0,0,7025,300,0,0,0,0
"5351",2023-01-19,13,50,6678,281,0,0,24.1358885017422,0,0,7025,300,0,0,0,0
"5352",2023-01-19,13,55,6801,285,0,0,24.1358885017422,0,0,7025,300,0,0,0,0
"5353",2023-01-19,14,0,6851,286,0,0,24.4206896551724,0,0,7404,311,0,0,0,0
"5354",2023-01-19,14,5,6944,288,0,0,24.4206896551724,0,0,7404,311,0,0,0,0
"5355",2023-01-19,14,10,6935,291,0,0,24.4206896551724,0,0,7404,311,0,0,0,0
"5356",2023-01-19,14,15,7082,290,0,0,24.4206896551724,0,0,7404,311,0,0,0,0
"5357",2023-01-19,14,20,7198,297,0,0,24.4206896551724,0,0,7404,311,0,0,0,0
"5358",2023-01-19,14,25,7310,304,0,0,24.4206896551724,0,0,7404,311,0,0,0,0
"5359",2023-01-19,14,30,7338,305,0,0,24.4206896551724,0,0,7404,311,0,0,0,0
"5360",2023-01-19,14,35,7404,309,0,0,24.4206896551724,0,0,7404,311,0,0,0,0
"5361",2023-01-19,14,40,7148,309,0,0,24.4206896551724,0,0,7404,311,0,0,0,0
"5362",2023-01-19,14,45,7143,311,0,0,24.4206896551724,0,0,7404,311,0,0,0,0
"5363",2023-01-19,14,50,6908,307,0,0,24.4206896551724,0,0,7404,311,0,0,0,0
"5364",2023-01-19,14,55,6908,307,0,0,24.4206896551724,0,0,7404,311,0,0,0,0
"5365",2023-01-19,15,0,7041,309,0,0,25.4858044164038,0,0,8123,319,0,0,0,0
"5366",2023-01-19,15,5,7581,309,0,0,25.4858044164038,0,0,8123,319,0,0,0,0
"5367",2023-01-19,15,10,7096,307,0,0,25.4858044164038,0,0,8123,319,0,0,0,0
"5368",2023-01-19,15,15,7342,311,0,0,25.4858044164038,0,0,8123,319,0,0,0,0
"5369",2023-01-19,15,20,7562,317,0,0,25.4858044164038,0,0,8123,319,0,0,0,0
"5370",2023-01-19,15,25,8123,319,0,0,25.4858044164038,0,0,8123,319,0,0,0,0
"5371",2023-01-19,15,30,8079,317,0,0,25.4858044164038,0,0,8123,319,0,0,0,0
"5372",2023-01-19,15,35,7397,314,0,0,25.4858044164038,0,0,8123,319,0,0,0,0
"5373",2023-01-19,15,40,6990,314,0,0,25.4858044164038,0,0,8123,319,0,0,0,0
"5374",2023-01-19,15,45,7273,311,0,0,25.4858044164038,0,0,8123,319,0,0,0,0
"5375",2023-01-19,15,50,6853,309,0,0,25.4858044164038,0,0,8123,319,0,0,0,0
"5376",2023-01-19,15,55,6804,306,0,0,25.4858044164038,0,0,8123,319,0,0,0,0
"5377",2023-01-19,16,0,6902,305,0,0,22.9019607843137,0,0,7008,307,0,0,0,0
"5378",2023-01-19,16,5,6858,304,0,0,22.9019607843137,0,0,7008,307,0,0,0,0
"5379",2023-01-19,16,10,6880,306,0,0,22.9019607843137,0,0,7008,307,0,0,0,0
"5380",2023-01-19,16,15,7008,306,0,0,22.9019607843137,0,0,7008,307,0,0,0,0
"5381",2023-01-19,16,20,6931,306,0,0,22.9019607843137,0,0,7008,307,0,0,0,0
"5382",2023-01-19,16,25,6970,307,0,0,22.9019607843137,0,0,7008,307,0,0,0,0
"5383",2023-01-19,16,30,6847,307,0,0,22.9019607843137,0,0,7008,307,0,0,0,0
"5384",2023-01-19,16,35,6816,305,0,0,22.9019607843137,0,0,7008,307,0,0,0,0
"5385",2023-01-19,16,40,6826,300,0,0,22.9019607843137,0,0,7008,307,0,0,0,0
"5386",2023-01-19,16,45,6634,296,0,0,22.9019607843137,0,0,7008,307,0,0,0,0
"5387",2023-01-19,16,50,6454,296,0,0,22.9019607843137,0,0,7008,307,0,0,0,0
"5388",2023-01-19,16,55,6632,296,0,0,22.9019607843137,0,0,7008,307,0,0,0,0
"5389",2023-01-19,17,0,6831,299,0,0,24.3809523809524,0,0,7309,303,0,0,0,0
"5390",2023-01-19,17,5,7026,301,0,0,24.3809523809524,0,0,7309,303,0,0,0,0
"5391",2023-01-19,17,10,7309,303,0,0,24.3809523809524,0,0,7309,303,0,0,0,0
"5392",2023-01-19,17,15,7149,297,0,0,24.3809523809524,0,0,7309,303,0,0,0,0
"5393",2023-01-19,17,20,7168,294,0,0,24.3809523809524,0,0,7309,303,0,0,0,0
"5394",2023-01-19,17,25,6923,287,0,0,24.3809523809524,0,0,7309,303,0,0,0,0
"5395",2023-01-19,17,30,6635,284,0,0,24.3809523809524,0,0,7309,303,0,0,0,0
"5396",2023-01-19,17,35,6547,280,0,0,24.3809523809524,0,0,7309,303,0,0,0,0
"5397",2023-01-19,17,40,6241,279,0,0,24.3809523809524,0,0,7309,303,0,0,0,0
"5398",2023-01-19,17,45,6336,279,0,0,24.3809523809524,0,0,7309,303,0,0,0,0
"5399",2023-01-19,17,50,6068,275,0,0,24.3809523809524,0,0,7309,303,0,0,0,0
"5400",2023-01-19,17,55,5939,273,0,0,24.3809523809524,0,0,7309,303,0,0,0,0
"5401",2023-01-19,18,0,6000,276,0,0,23.5858208955224,0,0,6321,278,0,0,0,0
"5402",2023-01-19,18,5,6061,278,0,0,23.5858208955224,0,0,6321,278,0,0,0,0
"5403",2023-01-19,18,10,6104,273,0,0,23.5858208955224,0,0,6321,278,0,0,0,0
"5404",2023-01-19,18,15,6321,268,0,0,23.5858208955224,0,0,6321,278,0,0,0,0
"5405",2023-01-19,18,20,6183,266,0,0,23.5858208955224,0,0,6321,278,0,0,0,0
"5406",2023-01-19,18,25,6011,262,0,0,23.5858208955224,0,0,6321,278,0,0,0,0
"5407",2023-01-19,18,30,6006,260,0,0,23.5858208955224,0,0,6321,278,0,0,0,0
"5408",2023-01-19,18,35,5839,256,0,0,23.5858208955224,0,0,6321,278,0,0,0,0
"5409",2023-01-19,18,40,5712,252,0,0,23.5858208955224,0,0,6321,278,0,0,0,0
"5410",2023-01-19,18,45,5602,246,0,0,23.5858208955224,0,0,6321,278,0,0,0,0
"5411",2023-01-19,18,50,5544,246,0,0,23.5858208955224,0,0,6321,278,0,0,0,0
"5412",2023-01-19,18,55,5538,246,0,0,23.5858208955224,0,0,6321,278,0,0,0,0
"5413",2023-01-19,19,0,5549,247,0,0,24.6475409836066,0,0,6014,247,0,0,0,0
"5414",2023-01-19,19,5,5396,243,0,0,24.6475409836066,0,0,6014,247,0,0,0,0
"5415",2023-01-19,19,10,5315,244,0,0,24.6475409836066,0,0,6014,247,0,0,0,0
"5416",2023-01-19,19,15,5331,246,0,0,24.6475409836066,0,0,6014,247,0,0,0,0
"5417",2023-01-19,19,20,5184,242,0,0,24.6475409836066,0,0,6014,247,0,0,0,0
"5418",2023-01-19,19,25,5555,242,0,0,24.6475409836066,0,0,6014,247,0,0,0,0
"5419",2023-01-19,19,30,5577,243,0,0,24.6475409836066,0,0,6014,247,0,0,0,0
"5420",2023-01-19,19,35,5550,239,0,0,24.6475409836066,0,0,6014,247,0,0,0,0
"5421",2023-01-19,19,40,5700,240,0,0,24.6475409836066,0,0,6014,247,0,0,0,0
"5422",2023-01-19,19,45,6014,244,0,0,24.6475409836066,0,0,6014,247,0,0,0,0
"5423",2023-01-19,19,50,5731,246,0,0,24.6475409836066,0,0,6014,247,0,0,0,0
"5424",2023-01-19,19,55,5587,242,0,0,24.6475409836066,0,0,6014,247,0,0,0,0
"5425",2023-01-19,20,0,5787,244,0,0,24.3076923076923,0,0,6004,252,0,0,0,0
"5426",2023-01-19,20,5,5821,246,0,0,24.3076923076923,0,0,6004,252,0,0,0,0
"5427",2023-01-19,20,10,5910,244,0,0,24.3076923076923,0,0,6004,252,0,0,0,0
"5428",2023-01-19,20,15,6004,247,0,0,24.3076923076923,0,0,6004,252,0,0,0,0
"5429",2023-01-19,20,20,5671,245,0,0,24.3076923076923,0,0,6004,252,0,0,0,0
"5430",2023-01-19,20,25,5726,247,0,0,24.3076923076923,0,0,6004,252,0,0,0,0
"5431",2023-01-19,20,30,5711,250,0,0,24.3076923076923,0,0,6004,252,0,0,0,0
"5432",2023-01-19,20,35,6003,252,0,0,24.3076923076923,0,0,6004,252,0,0,0,0
"5433",2023-01-19,20,40,5975,252,0,0,24.3076923076923,0,0,6004,252,0,0,0,0
"5434",2023-01-19,20,45,5532,248,0,0,24.3076923076923,0,0,6004,252,0,0,0,0
"5435",2023-01-19,20,50,5316,244,0,0,24.3076923076923,0,0,6004,252,0,0,0,0
"5436",2023-01-19,20,55,5322,243,0,0,24.3076923076923,0,0,6004,252,0,0,0,0
"5437",2023-01-19,21,0,5344,244,0,0,26.5859030837004,0,0,6035,247,0,0,0,0
"5438",2023-01-19,21,5,5516,247,0,0,26.5859030837004,0,0,6035,247,0,0,0,0
"5439",2023-01-19,21,10,5434,244,0,0,26.5859030837004,0,0,6035,247,0,0,0,0
"5440",2023-01-19,21,15,5412,243,0,0,26.5859030837004,0,0,6035,247,0,0,0,0
"5441",2023-01-19,21,20,5362,241,0,0,26.5859030837004,0,0,6035,247,0,0,0,0
"5442",2023-01-19,21,25,5372,235,0,0,26.5859030837004,0,0,6035,247,0,0,0,0
"5443",2023-01-19,21,30,5355,231,0,0,26.5859030837004,0,0,6035,247,0,0,0,0
"5444",2023-01-19,21,35,5283,229,0,0,26.5859030837004,0,0,6035,247,0,0,0,0
"5445",2023-01-19,21,40,5607,231,0,0,26.5859030837004,0,0,6035,247,0,0,0,0
"5446",2023-01-19,21,45,5637,231,0,0,26.5859030837004,0,0,6035,247,0,0,0,0
"5447",2023-01-19,21,50,5991,230,0,0,26.5859030837004,0,0,6035,247,0,0,0,0
"5448",2023-01-19,21,55,6035,227,0,0,26.5859030837004,0,0,6035,247,0,0,0,0
"5449",2023-01-19,22,0,5991,225,0,0,26.9823788546256,0,0,6125,227,0,0,0,0
"5450",2023-01-19,22,5,6125,227,0,0,26.9823788546256,0,0,6125,227,0,0,0,0
"5451",2023-01-19,22,10,5697,225,0,0,26.9823788546256,0,0,6125,227,0,0,0,0
"5452",2023-01-19,22,15,5353,222,0,0,26.9823788546256,0,0,6125,227,0,0,0,0
"5453",2023-01-19,22,20,5042,220,0,0,26.9823788546256,0,0,6125,227,0,0,0,0
"5454",2023-01-19,22,25,4976,216,0,0,26.9823788546256,0,0,6125,227,0,0,0,0
"5455",2023-01-19,22,30,4899,212,0,0,26.9823788546256,0,0,6125,227,0,0,0,0
"5456",2023-01-19,22,35,4888,211,0,0,26.9823788546256,0,0,6125,227,0,0,0,0
"5457",2023-01-19,22,40,4778,206,0,0,26.9823788546256,0,0,6125,227,0,0,0,0
"5458",2023-01-19,22,45,4828,207,0,0,26.9823788546256,0,0,6125,227,0,0,0,0
"5459",2023-01-19,22,50,4828,207,0,0,26.9823788546256,0,0,6125,227,0,0,0,0
"5460",2023-01-19,22,55,4446,205,0,0,26.9823788546256,0,0,6125,227,0,0,0,0
"5461",2023-01-19,23,0,4435,204,0,0,23.470297029703,0,0,4741,204,0,0,0,0
"5462",2023-01-19,23,5,4391,202,0,0,23.470297029703,0,0,4741,204,0,0,0,0
"5463",2023-01-19,23,10,4407,200,0,0,23.470297029703,0,0,4741,204,0,0,0,0
"5464",2023-01-19,23,15,4407,200,0,0,23.470297029703,0,0,4741,204,0,0,0,0
"5465",2023-01-19,23,20,4557,201,0,0,23.470297029703,0,0,4741,204,0,0,0,0
"5466",2023-01-19,23,25,4741,202,0,0,23.470297029703,0,0,4741,204,0,0,0,0
"5467",2023-01-19,23,30,4641,200,0,0,23.470297029703,0,0,4741,204,0,0,0,0
"5468",2023-01-19,23,35,4575,197,0,0,23.470297029703,0,0,4741,204,0,0,0,0
"5469",2023-01-19,23,40,4488,194,0,0,23.470297029703,0,0,4741,204,0,0,0,0
"5470",2023-01-19,23,45,4499,195,0,0,23.470297029703,0,0,4741,204,0,0,0,0
"5471",2023-01-19,23,50,4433,192,0,0,23.470297029703,0,0,4741,204,0,0,0,0
"5472",2023-01-19,23,55,4471,191,0,0,23.470297029703,0,0,4741,204,0,0,0,0
"5473",2023-01-20,0,10,4758,210,0,0,23.8584905660377,0,0,5058,212,0,0,0,0
"5474",2023-01-20,0,15,5058,212,0,0,23.8584905660377,0,0,5058,212,0,0,0,0
"5475",2023-01-20,0,20,4856,210,0,0,23.8584905660377,0,0,5058,212,0,0,0,0
"5476",2023-01-20,0,25,4792,207,0,0,23.8584905660377,0,0,5058,212,0,0,0,0
"5477",2023-01-20,0,30,4798,205,0,0,23.8584905660377,0,0,5058,212,0,0,0,0
"5478",2023-01-20,0,0,4770,211,0,0,23.8584905660377,0,0,5058,212,0,0,0,0
"5479",2023-01-20,0,5,4830,212,0,0,23.8584905660377,0,0,5058,212,0,0,0,0
"5480",2023-01-20,0,35,4776,203,0,0,23.8584905660377,0,0,5058,212,0,0,0,0
"5481",2023-01-20,0,40,4694,201,0,0,23.8584905660377,0,0,5058,212,0,0,0,0
"5482",2023-01-20,0,45,4694,201,0,0,23.8584905660377,0,0,5058,212,0,0,0,0
"5483",2023-01-20,0,50,4606,197,0,0,23.8584905660377,0,0,5058,212,0,0,0,0
"5484",2023-01-20,0,55,4284,195,0,0,23.8584905660377,0,0,5058,212,0,0,0,0
"5485",2023-01-20,1,0,4075,185,0,0,22.6054054054054,0,0,4226,187,0,0,0,0
"5486",2023-01-20,1,5,4075,185,0,0,22.6054054054054,0,0,4226,187,0,0,0,0
"5487",2023-01-20,1,10,4075,185,0,0,22.6054054054054,0,0,4226,187,0,0,0,0
"5488",2023-01-20,1,15,4015,184,0,0,22.6054054054054,0,0,4226,187,0,0,0,0
"5489",2023-01-20,1,20,4037,185,0,0,22.6054054054054,0,0,4226,187,0,0,0,0
"5490",2023-01-20,1,25,4076,186,0,0,22.6054054054054,0,0,4226,187,0,0,0,0
"5491",2023-01-20,1,30,4065,185,0,0,22.6054054054054,0,0,4226,187,0,0,0,0
"5492",2023-01-20,1,35,4076,186,0,0,22.6054054054054,0,0,4226,187,0,0,0,0
"5493",2023-01-20,1,40,4226,187,0,0,22.6054054054054,0,0,4226,187,0,0,0,0
"5494",2023-01-20,1,45,4204,186,0,0,22.6054054054054,0,0,4226,187,0,0,0,0
"5495",2023-01-20,1,50,4182,185,0,0,22.6054054054054,0,0,4226,187,0,0,0,0
"5496",2023-01-20,1,55,4032,184,0,0,22.6054054054054,0,0,4226,187,0,0,0,0
"5497",2023-01-20,2,0,4392,185,0,0,23.7807486631016,0,0,4469,188,0,0,0,0
"5498",2023-01-20,2,5,4458,188,0,0,23.7807486631016,0,0,4469,188,0,0,0,0
"5499",2023-01-20,2,15,4447,187,0,0,23.7807486631016,0,0,4469,188,0,0,0,0
"5500",2023-01-20,2,20,4469,188,0,0,23.7807486631016,0,0,4469,188,0,0,0,0
"5501",2023-01-20,2,25,4469,188,0,0,23.7807486631016,0,0,4469,188,0,0,0,0
"5502",2023-01-20,2,30,4469,188,0,0,23.7807486631016,0,0,4469,188,0,0,0,0
"5503",2023-01-20,2,35,4447,187,0,0,23.7807486631016,0,0,4469,188,0,0,0,0
"5504",2023-01-20,2,40,4447,187,0,0,23.7807486631016,0,0,4469,188,0,0,0,0
"5505",2023-01-20,2,45,4087,186,0,0,23.7807486631016,0,0,4469,188,0,0,0,0
"5506",2023-01-20,2,50,4087,186,0,0,23.7807486631016,0,0,4469,188,0,0,0,0
"5507",2023-01-20,2,55,4087,186,0,0,23.7807486631016,0,0,4469,188,0,0,0,0
"5508",2023-01-20,2,10,4447,187,0,0,23.7807486631016,0,0,4469,188,0,0,0,0
"5509",2023-01-20,3,0,4115,186,0,0,23.0434782608696,0,0,4273,186,0,0,0,0
"5510",2023-01-20,3,5,4115,186,0,0,23.0434782608696,0,0,4273,186,0,0,0,0
"5511",2023-01-20,3,10,4115,186,0,0,23.0434782608696,0,0,4273,186,0,0,0,0
"5512",2023-01-20,3,15,4273,186,0,0,23.0434782608696,0,0,4273,186,0,0,0,0
"5513",2023-01-20,3,20,4240,184,0,0,23.0434782608696,0,0,4273,186,0,0,0,0
"5514",2023-01-20,3,25,4169,183,0,0,23.0434782608696,0,0,4273,186,0,0,0,0
"5515",2023-01-20,3,30,4169,183,0,0,23.0434782608696,0,0,4273,186,0,0,0,0
"5516",2023-01-20,3,35,4169,183,0,0,23.0434782608696,0,0,4273,186,0,0,0,0
"5517",2023-01-20,3,40,4119,182,0,0,23.0434782608696,0,0,4273,186,0,0,0,0
"5518",2023-01-20,3,45,3939,181,0,0,23.0434782608696,0,0,4273,186,0,0,0,0
"5519",2023-01-20,3,50,3939,181,0,0,23.0434782608696,0,0,4273,186,0,0,0,0
"5520",2023-01-20,3,55,3961,182,0,0,23.0434782608696,0,0,4273,186,0,0,0,0
"5521",2023-01-20,4,0,3961,182,0,0,21.7650273224044,0,0,3983,183,0,0,0,0
"5522",2023-01-20,4,5,3961,182,0,0,21.7650273224044,0,0,3983,183,0,0,0,0
"5523",2023-01-20,4,10,3961,182,0,0,21.7650273224044,0,0,3983,183,0,0,0,0
"5524",2023-01-20,4,15,3961,182,0,0,21.7650273224044,0,0,3983,183,0,0,0,0
"5525",2023-01-20,4,20,3961,182,0,0,21.7650273224044,0,0,3983,183,0,0,0,0
"5526",2023-01-20,4,25,3961,182,0,0,21.7650273224044,0,0,3983,183,0,0,0,0
"5527",2023-01-20,4,30,3939,181,0,0,21.7650273224044,0,0,3983,183,0,0,0,0
"5528",2023-01-20,4,35,3939,181,0,0,21.7650273224044,0,0,3983,183,0,0,0,0
"5529",2023-01-20,4,40,3983,183,0,0,21.7650273224044,0,0,3983,183,0,0,0,0
"5530",2023-01-20,4,45,3983,183,0,0,21.7650273224044,0,0,3983,183,0,0,0,0
"5531",2023-01-20,4,50,3279,151,0,0,21.7650273224044,0,0,3983,183,0,0,0,0
"5532",2023-01-20,4,55,3961,182,0,0,21.7650273224044,0,0,3983,183,0,0,0,0
"5533",2023-01-20,5,0,3961,182,0,0,22.1823204419889,0,0,4015,182,0,0,0,0
"5534",2023-01-20,5,5,3999,182,0,0,22.1823204419889,0,0,4015,182,0,0,0,0
"5535",2023-01-20,5,10,3999,182,0,0,22.1823204419889,0,0,4015,182,0,0,0,0
"5536",2023-01-20,5,15,3977,181,0,0,22.1823204419889,0,0,4015,182,0,0,0,0
"5537",2023-01-20,5,20,3977,181,0,0,22.1823204419889,0,0,4015,182,0,0,0,0
"5538",2023-01-20,5,25,3955,180,0,0,22.1823204419889,0,0,4015,182,0,0,0,0
"5539",2023-01-20,5,30,3955,180,0,0,22.1823204419889,0,0,4015,182,0,0,0,0
"5540",2023-01-20,5,35,3955,180,0,0,22.1823204419889,0,0,4015,182,0,0,0,0
"5541",2023-01-20,5,40,4015,181,0,0,22.1823204419889,0,0,4015,182,0,0,0,0
"5542",2023-01-20,5,45,3955,180,0,0,22.1823204419889,0,0,4015,182,0,0,0,0
"5543",2023-01-20,5,50,3955,180,0,0,22.1823204419889,0,0,4015,182,0,0,0,0
"5544",2023-01-20,5,55,3955,180,0,0,22.1823204419889,0,0,4015,182,0,0,0,0
"5545",2023-01-20,6,0,3955,180,0,0,21.9722222222222,0,0,3955,180,0,0,0,0
"5546",2023-01-20,6,5,3933,179,0,0,21.9722222222222,0,0,3955,180,0,0,0,0
"5547",2023-01-20,6,10,3873,178,0,0,21.9722222222222,0,0,3955,180,0,0,0,0
"5548",2023-01-20,6,15,3933,179,0,0,21.9722222222222,0,0,3955,180,0,0,0,0
"5549",2023-01-20,6,20,3933,179,0,0,21.9722222222222,0,0,3955,180,0,0,0,0
"5550",2023-01-20,6,25,3955,180,0,0,21.9722222222222,0,0,3955,180,0,0,0,0
"5551",2023-01-20,6,30,3873,178,0,0,21.9722222222222,0,0,3955,180,0,0,0,0
"5552",2023-01-20,6,35,3785,174,0,0,21.9722222222222,0,0,3955,180,0,0,0,0
"5553",2023-01-20,6,40,3785,174,0,0,21.9722222222222,0,0,3955,180,0,0,0,0
"5554",2023-01-20,6,45,3829,176,0,0,21.9722222222222,0,0,3955,180,0,0,0,0
"5555",2023-01-20,6,50,3829,176,0,0,21.9722222222222,0,0,3955,180,0,0,0,0
"5556",2023-01-20,6,55,3818,175,0,0,21.9722222222222,0,0,3955,180,0,0,0,0
"5557",2023-01-20,7,0,3912,178,0,0,24.0160427807487,0,0,4727,208,0,0,0,0
"5558",2023-01-20,7,5,3862,178,0,0,24.0160427807487,0,0,4727,208,0,0,0,0
"5559",2023-01-20,7,10,3934,180,0,0,24.0160427807487,0,0,4727,208,0,0,0,0
"5560",2023-01-20,7,15,4158,184,0,0,24.0160427807487,0,0,4727,208,0,0,0,0
"5561",2023-01-20,7,20,4491,187,0,0,24.0160427807487,0,0,4727,208,0,0,0,0
"5562",2023-01-20,7,25,4332,189,0,0,24.0160427807487,0,0,4727,208,0,0,0,0
"5563",2023-01-20,7,30,4343,190,0,0,24.0160427807487,0,0,4727,208,0,0,0,0
"5564",2023-01-20,7,35,4644,198,0,0,24.0160427807487,0,0,4727,208,0,0,0,0
"5565",2023-01-20,7,40,4688,200,0,0,24.0160427807487,0,0,4727,208,0,0,0,0
"5566",2023-01-20,7,45,4721,204,0,0,24.0160427807487,0,0,4727,208,0,0,0,0
"5567",2023-01-20,7,50,4585,206,0,0,24.0160427807487,0,0,4727,208,0,0,0,0
"5568",2023-01-20,7,55,4727,208,0,0,24.0160427807487,0,0,4727,208,0,0,0,0
"5569",2023-01-20,8,0,4898,215,0,0,25.8608058608059,0,0,7060,273,0,0,0,0
"5570",2023-01-20,8,5,5157,225,0,0,25.8608058608059,0,0,7060,273,0,0,0,0
"5571",2023-01-20,8,10,5201,228,0,0,25.8608058608059,0,0,7060,273,0,0,0,0
"5572",2023-01-20,8,15,5120,233,0,0,25.8608058608059,0,0,7060,273,0,0,0,0
"5573",2023-01-20,8,20,5537,239,0,0,25.8608058608059,0,0,7060,273,0,0,0,0
"5574",2023-01-20,8,25,5642,245,0,0,25.8608058608059,0,0,7060,273,0,0,0,0
"5575",2023-01-20,8,30,5660,250,0,0,25.8608058608059,0,0,7060,273,0,0,0,0
"5576",2023-01-20,8,35,5994,259,0,0,25.8608058608059,0,0,7060,273,0,0,0,0
"5577",2023-01-20,8,40,6184,254,0,0,25.8608058608059,0,0,7060,273,0,0,0,0
"5578",2023-01-20,8,45,6670,260,0,0,25.8608058608059,0,0,7060,273,0,0,0,0
"5579",2023-01-20,8,50,6807,270,0,0,25.8608058608059,0,0,7060,273,0,0,0,0
"5580",2023-01-20,8,55,7060,273,0,0,25.8608058608059,0,0,7060,273,0,0,0,0
"5581",2023-01-20,9,0,7137,278,0,0,27.4248366013072,0,0,8392,316,0,0,0,0
"5582",2023-01-20,9,5,7311,287,0,0,27.4248366013072,0,0,8392,316,0,0,0,0
"5583",2023-01-20,9,10,6943,288,0,0,27.4248366013072,0,0,8392,316,0,0,0,0
"5584",2023-01-20,9,15,6898,289,0,0,27.4248366013072,0,0,8392,316,0,0,0,0
"5585",2023-01-20,9,20,7443,299,0,0,27.4248366013072,0,0,8392,316,0,0,0,0
"5586",2023-01-20,9,25,8185,302,0,0,27.4248366013072,0,0,8392,316,0,0,0,0
"5587",2023-01-20,9,30,8392,306,0,0,27.4248366013072,0,0,8392,316,0,0,0,0
"5588",2023-01-20,9,35,7891,305,0,0,27.4248366013072,0,0,8392,316,0,0,0,0
"5589",2023-01-20,9,40,7556,307,0,0,27.4248366013072,0,0,8392,316,0,0,0,0
"5590",2023-01-20,9,45,7363,309,0,0,27.4248366013072,0,0,8392,316,0,0,0,0
"5591",2023-01-20,9,50,7627,313,0,0,27.4248366013072,0,0,8392,316,0,0,0,0
"5592",2023-01-20,9,55,7404,316,0,0,27.4248366013072,0,0,8392,316,0,0,0,0
"5593",2023-01-20,10,0,7518,318,0,0,24.6037735849057,0,0,7878,329,0,0,0,0
"5594",2023-01-20,10,5,7774,317,0,0,24.6037735849057,0,0,7878,329,0,0,0,0
"5595",2023-01-20,10,10,7835,319,0,0,24.6037735849057,0,0,7878,329,0,0,0,0
"5596",2023-01-20,10,15,7824,318,0,0,24.6037735849057,0,0,7878,329,0,0,0,0
"5597",2023-01-20,10,20,7799,320,0,0,24.6037735849057,0,0,7878,329,0,0,0,0
"5598",2023-01-20,10,25,7726,323,0,0,24.6037735849057,0,0,7878,329,0,0,0,0
"5599",2023-01-20,10,30,7211,319,0,0,24.6037735849057,0,0,7878,329,0,0,0,0
"5600",2023-01-20,10,35,7012,318,0,0,24.6037735849057,0,0,7878,329,0,0,0,0
"5601",2023-01-20,10,40,7099,321,0,0,24.6037735849057,0,0,7878,329,0,0,0,0
"5602",2023-01-20,10,45,7305,322,0,0,24.6037735849057,0,0,7878,329,0,0,0,0
"5603",2023-01-20,10,50,7169,323,0,0,24.6037735849057,0,0,7878,329,0,0,0,0
"5604",2023-01-20,10,55,7878,329,0,0,24.6037735849057,0,0,7878,329,0,0,0,0
"5605",2023-01-20,11,0,7604,327,0,0,23.7269938650307,0,0,7735,331,0,0,0,0
"5606",2023-01-20,11,5,7625,331,0,0,23.7269938650307,0,0,7735,331,0,0,0,0
"5607",2023-01-20,11,10,7446,324,0,0,23.7269938650307,0,0,7735,331,0,0,0,0
"5608",2023-01-20,11,15,7735,326,0,0,23.7269938650307,0,0,7735,331,0,0,0,0
"5609",2023-01-20,11,20,7615,326,0,0,23.7269938650307,0,0,7735,331,0,0,0,0
"5610",2023-01-20,11,25,7538,322,0,0,23.7269938650307,0,0,7735,331,0,0,0,0
"5611",2023-01-20,11,30,7549,322,0,0,23.7269938650307,0,0,7735,331,0,0,0,0
"5612",2023-01-20,11,35,7400,324,0,0,23.7269938650307,0,0,7735,331,0,0,0,0
"5613",2023-01-20,11,40,7356,322,0,0,23.7269938650307,0,0,7735,331,0,0,0,0
"5614",2023-01-20,11,45,7019,320,0,0,23.7269938650307,0,0,7735,331,0,0,0,0
"5615",2023-01-20,11,50,6742,321,0,0,23.7269938650307,0,0,7735,331,0,0,0,0
"5616",2023-01-20,11,55,7058,324,0,0,23.7269938650307,0,0,7735,331,0,0,0,0
"5617",2023-01-20,12,0,7288,323,0,0,24.9716088328076,0,0,8129,328,0,0,0,0
"5618",2023-01-20,12,5,7133,320,0,0,24.9716088328076,0,0,8129,328,0,0,0,0
"5619",2023-01-20,12,10,7072,321,0,0,24.9716088328076,0,0,8129,328,0,0,0,0
"5620",2023-01-20,12,15,6903,320,0,0,24.9716088328076,0,0,8129,328,0,0,0,0
"5621",2023-01-20,12,20,7166,323,0,0,24.9716088328076,0,0,8129,328,0,0,0,0
"5622",2023-01-20,12,25,8129,328,0,0,24.9716088328076,0,0,8129,328,0,0,0,0
"5623",2023-01-20,12,30,7435,322,0,0,24.9716088328076,0,0,8129,328,0,0,0,0
"5624",2023-01-20,12,35,7916,317,0,0,24.9716088328076,0,0,8129,328,0,0,0,0
"5625",2023-01-20,12,40,7747,317,0,0,24.9716088328076,0,0,8129,328,0,0,0,0
"5626",2023-01-20,12,45,7836,316,0,0,24.9716088328076,0,0,8129,328,0,0,0,0
"5627",2023-01-20,12,50,7727,310,0,0,24.9716088328076,0,0,8129,328,0,0,0,0
"5628",2023-01-20,12,55,7793,313,0,0,24.9716088328076,0,0,8129,328,0,0,0,0
"5629",2023-01-20,13,0,7716,309,0,0,24.9708737864078,0,0,7716,309,0,0,0,0
"5630",2023-01-20,13,5,7143,305,0,0,24.9708737864078,0,0,7716,309,0,0,0,0
"5631",2023-01-20,13,10,6889,300,0,0,24.9708737864078,0,0,7716,309,0,0,0,0
"5632",2023-01-20,13,15,7128,296,0,0,24.9708737864078,0,0,7716,309,0,0,0,0
"5633",2023-01-20,13,20,7011,293,0,0,24.9708737864078,0,0,7716,309,0,0,0,0
"5634",2023-01-20,13,25,6972,293,0,0,24.9708737864078,0,0,7716,309,0,0,0,0
"5635",2023-01-20,13,30,6874,295,0,0,24.9708737864078,0,0,7716,309,0,0,0,0
"5636",2023-01-20,13,35,6752,290,0,0,24.9708737864078,0,0,7716,309,0,0,0,0
"5637",2023-01-20,13,40,6686,287,0,0,24.9708737864078,0,0,7716,309,0,0,0,0
"5638",2023-01-20,13,45,6657,285,0,0,24.9708737864078,0,0,7716,309,0,0,0,0
"5639",2023-01-20,13,50,6745,286,0,0,24.9708737864078,0,0,7716,309,0,0,0,0
"5640",2023-01-20,13,55,6855,291,0,0,24.9708737864078,0,0,7716,309,0,0,0,0
"5641",2023-01-20,14,0,6932,296,0,0,23.4189189189189,0,0,7729,332,0,0,0,0
"5642",2023-01-20,14,5,6663,296,0,0,23.4189189189189,0,0,7729,332,0,0,0,0
"5643",2023-01-20,14,10,6543,299,0,0,23.4189189189189,0,0,7729,332,0,0,0,0
"5644",2023-01-20,14,15,6664,306,0,0,23.4189189189189,0,0,7729,332,0,0,0,0
"5645",2023-01-20,14,20,6664,304,0,0,23.4189189189189,0,0,7729,332,0,0,0,0
"5646",2023-01-20,14,25,6769,310,0,0,23.4189189189189,0,0,7729,332,0,0,0,0
"5647",2023-01-20,14,30,6797,309,0,0,23.4189189189189,0,0,7729,332,0,0,0,0
"5648",2023-01-20,14,35,6951,319,0,0,23.4189189189189,0,0,7729,332,0,0,0,0
"5649",2023-01-20,14,40,7033,321,0,0,23.4189189189189,0,0,7729,332,0,0,0,0
"5650",2023-01-20,14,45,7340,325,0,0,23.4189189189189,0,0,7729,332,0,0,0,0
"5651",2023-01-20,14,50,7527,326,0,0,23.4189189189189,0,0,7729,332,0,0,0,0
"5652",2023-01-20,14,55,7729,332,0,0,23.4189189189189,0,0,7729,332,0,0,0,0
"5653",2023-01-20,15,0,8003,336,0,0,24.177370030581,0,0,8005,336,0,0,0,0
"5654",2023-01-20,15,5,7754,330,0,0,24.177370030581,0,0,8005,336,0,0,0,0
"5655",2023-01-20,15,10,7772,330,0,0,24.177370030581,0,0,8005,336,0,0,0,0
"5656",2023-01-20,15,15,7509,328,0,0,24.177370030581,0,0,8005,336,0,0,0,0
"5657",2023-01-20,15,20,7617,326,0,0,24.177370030581,0,0,8005,336,0,0,0,0
"5658",2023-01-20,15,25,7562,323,0,0,24.177370030581,0,0,8005,336,0,0,0,0
"5659",2023-01-20,15,30,8005,332,0,0,24.177370030581,0,0,8005,336,0,0,0,0
"5660",2023-01-20,15,35,7906,327,0,0,24.177370030581,0,0,8005,336,0,0,0,0
"5661",2023-01-20,15,40,7639,328,0,0,24.177370030581,0,0,8005,336,0,0,0,0
"5662",2023-01-20,15,45,7608,334,0,0,24.177370030581,0,0,8005,336,0,0,0,0
"5663",2023-01-20,15,50,7879,332,0,0,24.177370030581,0,0,8005,336,0,0,0,0
"5664",2023-01-20,15,55,7357,327,0,0,24.177370030581,0,0,8005,336,0,0,0,0
"5665",2023-01-20,16,0,7368,328,0,0,24.7012578616352,0,0,7912,328,0,0,0,0
"5666",2023-01-20,16,5,7912,325,0,0,24.7012578616352,0,0,7912,328,0,0,0,0
"5667",2023-01-20,16,10,7807,322,0,0,24.7012578616352,0,0,7912,328,0,0,0,0
"5668",2023-01-20,16,15,7722,319,0,0,24.7012578616352,0,0,7912,328,0,0,0,0
"5669",2023-01-20,16,20,7570,318,0,0,24.7012578616352,0,0,7912,328,0,0,0,0
"5670",2023-01-20,16,25,7696,319,0,0,24.7012578616352,0,0,7912,328,0,0,0,0
"5671",2023-01-20,16,30,7568,319,0,0,24.7012578616352,0,0,7912,328,0,0,0,0
"5672",2023-01-20,16,35,7548,320,0,0,24.7012578616352,0,0,7912,328,0,0,0,0
"5673",2023-01-20,16,40,7829,321,0,0,24.7012578616352,0,0,7912,328,0,0,0,0
"5674",2023-01-20,16,45,7710,319,0,0,24.7012578616352,0,0,7912,328,0,0,0,0
"5675",2023-01-20,16,50,7855,318,0,0,24.7012578616352,0,0,7912,328,0,0,0,0
"5676",2023-01-20,16,55,7708,319,0,0,24.7012578616352,0,0,7912,328,0,0,0,0
"5677",2023-01-20,17,0,7536,317,0,0,24.9464882943144,0,0,7642,321,0,0,0,0
"5678",2023-01-20,17,5,7642,321,0,0,24.9464882943144,0,0,7642,321,0,0,0,0
"5679",2023-01-20,17,10,7061,320,0,0,24.9464882943144,0,0,7642,321,0,0,0,0
"5680",2023-01-20,17,15,6962,315,0,0,24.9464882943144,0,0,7642,321,0,0,0,0
"5681",2023-01-20,17,20,7185,312,0,0,24.9464882943144,0,0,7642,321,0,0,0,0
"5682",2023-01-20,17,25,7477,310,0,0,24.9464882943144,0,0,7642,321,0,0,0,0
"5683",2023-01-20,17,30,7444,310,0,0,24.9464882943144,0,0,7642,321,0,0,0,0
"5684",2023-01-20,17,35,7323,305,0,0,24.9464882943144,0,0,7642,321,0,0,0,0
"5685",2023-01-20,17,40,7362,297,0,0,24.9464882943144,0,0,7642,321,0,0,0,0
"5686",2023-01-20,17,45,7448,299,0,0,24.9464882943144,0,0,7642,321,0,0,0,0
"5687",2023-01-20,17,50,7459,299,0,0,24.9464882943144,0,0,7642,321,0,0,0,0
"5688",2023-01-20,17,55,6866,294,0,0,24.9464882943144,0,0,7642,321,0,0,0,0
"5689",2023-01-20,18,0,6487,287,0,0,26.636690647482,0,0,7405,289,0,0,0,0
"5690",2023-01-20,18,5,6927,289,0,0,26.636690647482,0,0,7405,289,0,0,0,0
"5691",2023-01-20,18,10,7117,284,0,0,26.636690647482,0,0,7405,289,0,0,0,0
"5692",2023-01-20,18,15,7345,279,0,0,26.636690647482,0,0,7405,289,0,0,0,0
"5693",2023-01-20,18,20,7405,278,0,0,26.636690647482,0,0,7405,289,0,0,0,0
"5694",2023-01-20,18,25,7006,279,0,0,26.636690647482,0,0,7405,289,0,0,0,0
"5695",2023-01-20,18,30,6851,275,0,0,26.636690647482,0,0,7405,289,0,0,0,0
"5696",2023-01-20,18,35,6518,270,0,0,26.636690647482,0,0,7405,289,0,0,0,0
"5697",2023-01-20,18,40,5935,260,0,0,26.636690647482,0,0,7405,289,0,0,0,0
"5698",2023-01-20,18,45,5626,255,0,0,26.636690647482,0,0,7405,289,0,0,0,0
"5699",2023-01-20,18,50,5648,257,0,0,26.636690647482,0,0,7405,289,0,0,0,0
"5700",2023-01-20,18,55,5614,259,0,0,26.636690647482,0,0,7405,289,0,0,0,0
"5701",2023-01-20,19,0,5698,257,0,0,29.9285714285714,0,0,7542,258,0,0,0,0
"5702",2023-01-20,19,5,5655,256,0,0,29.9285714285714,0,0,7542,258,0,0,0,0
"5703",2023-01-20,19,10,6212,256,0,0,29.9285714285714,0,0,7542,258,0,0,0,0
"5704",2023-01-20,19,15,7005,257,0,0,29.9285714285714,0,0,7542,258,0,0,0,0
"5705",2023-01-20,19,20,7194,258,0,0,29.9285714285714,0,0,7542,258,0,0,0,0
"5706",2023-01-20,19,25,7161,256,0,0,29.9285714285714,0,0,7542,258,0,0,0,0
"5707",2023-01-20,19,30,7128,253,0,0,29.9285714285714,0,0,7542,258,0,0,0,0
"5708",2023-01-20,19,35,7393,252,0,0,29.9285714285714,0,0,7542,258,0,0,0,0
"5709",2023-01-20,19,40,7542,252,0,0,29.9285714285714,0,0,7542,258,0,0,0,0
"5710",2023-01-20,19,45,7441,249,0,0,29.9285714285714,0,0,7542,258,0,0,0,0
"5711",2023-01-20,19,50,6796,243,0,0,29.9285714285714,0,0,7542,258,0,0,0,0
"5712",2023-01-20,19,55,6640,244,0,0,29.9285714285714,0,0,7542,258,0,0,0,0
"5713",2023-01-20,20,20,6185,238,0,0,27.530612244898,0,0,6745,245,0,0,0,0
"5714",2023-01-20,20,25,6175,238,0,0,27.530612244898,0,0,6745,245,0,0,0,0
"5715",2023-01-20,20,30,6183,238,0,0,27.530612244898,0,0,6745,245,0,0,0,0
"5716",2023-01-20,20,35,5883,237,0,0,27.530612244898,0,0,6745,245,0,0,0,0
"5717",2023-01-20,20,40,6050,237,0,0,27.530612244898,0,0,6745,245,0,0,0,0
"5718",2023-01-20,20,45,6017,235,0,0,27.530612244898,0,0,6745,245,0,0,0,0
"5719",2023-01-20,20,50,5607,231,0,0,27.530612244898,0,0,6745,245,0,0,0,0
"5720",2023-01-20,20,55,6007,235,0,0,27.530612244898,0,0,6745,245,0,0,0,0
"5721",2023-01-20,20,0,6330,239,0,0,27.530612244898,0,0,6745,245,0,0,0,0
"5722",2023-01-20,20,5,6652,242,0,0,27.530612244898,0,0,6745,245,0,0,0,0
"5723",2023-01-20,20,10,6745,245,0,0,27.530612244898,0,0,6745,245,0,0,0,0
"5724",2023-01-20,20,15,6321,241,0,0,27.530612244898,0,0,6745,245,0,0,0,0
"5725",2023-01-20,21,0,6007,235,0,0,26.1287553648069,0,0,6088,237,0,0,0,0
"5726",2023-01-20,21,5,6088,233,0,0,26.1287553648069,0,0,6088,237,0,0,0,0
"5727",2023-01-20,21,10,5614,230,0,0,26.1287553648069,0,0,6088,237,0,0,0,0
"5728",2023-01-20,21,15,5536,231,0,0,26.1287553648069,0,0,6088,237,0,0,0,0
"5729",2023-01-20,21,20,5508,231,0,0,26.1287553648069,0,0,6088,237,0,0,0,0
"5730",2023-01-20,21,25,5282,230,0,0,26.1287553648069,0,0,6088,237,0,0,0,0
"5731",2023-01-20,21,30,5323,232,0,0,26.1287553648069,0,0,6088,237,0,0,0,0
"5732",2023-01-20,21,35,5439,236,0,0,26.1287553648069,0,0,6088,237,0,0,0,0
"5733",2023-01-20,21,40,5461,236,0,0,26.1287553648069,0,0,6088,237,0,0,0,0
"5734",2023-01-20,21,45,5428,235,0,0,26.1287553648069,0,0,6088,237,0,0,0,0
"5735",2023-01-20,21,50,5330,236,0,0,26.1287553648069,0,0,6088,237,0,0,0,0
"5736",2023-01-20,21,55,5506,237,0,0,26.1287553648069,0,0,6088,237,0,0,0,0
"5737",2023-01-20,22,0,6080,241,0,0,25.7212389380531,0,0,6080,241,0,0,0,0
"5738",2023-01-20,22,5,5932,236,0,0,25.7212389380531,0,0,6080,241,0,0,0,0
"5739",2023-01-20,22,10,5752,235,0,0,25.7212389380531,0,0,6080,241,0,0,0,0
"5740",2023-01-20,22,15,5625,230,0,0,25.7212389380531,0,0,6080,241,0,0,0,0
"5741",2023-01-20,22,20,5553,228,0,0,25.7212389380531,0,0,6080,241,0,0,0,0
"5742",2023-01-20,22,25,5675,230,0,0,25.7212389380531,0,0,6080,241,0,0,0,0
"5743",2023-01-20,22,30,5833,230,0,0,25.7212389380531,0,0,6080,241,0,0,0,0
"5744",2023-01-20,22,35,5407,226,0,0,25.7212389380531,0,0,6080,241,0,0,0,0
"5745",2023-01-20,22,40,5835,227,0,0,25.7212389380531,0,0,6080,241,0,0,0,0
"5746",2023-01-20,22,45,5813,226,0,0,25.7212389380531,0,0,6080,241,0,0,0,0
"5747",2023-01-20,22,50,5652,225,0,0,25.7212389380531,0,0,6080,241,0,0,0,0
"5748",2023-01-20,22,55,5452,225,0,0,25.7212389380531,0,0,6080,241,0,0,0,0
"5749",2023-01-20,23,0,5280,229,0,0,23.1383928571429,0,0,5280,229,0,0,0,0
"5750",2023-01-20,23,5,5216,226,0,0,23.1383928571429,0,0,5280,229,0,0,0,0
"5751",2023-01-20,23,10,5205,225,0,0,23.1383928571429,0,0,5280,229,0,0,0,0
"5752",2023-01-20,23,15,5183,224,0,0,23.1383928571429,0,0,5280,229,0,0,0,0
"5753",2023-01-20,23,20,4861,222,0,0,23.1383928571429,0,0,5280,229,0,0,0,0
"5754",2023-01-20,23,30,4590,215,0,0,23.1383928571429,0,0,5280,229,0,0,0,0
"5755",2023-01-20,23,40,4580,215,0,0,23.1383928571429,0,0,5280,229,0,0,0,0
"5756",2023-01-20,23,45,4503,212,0,0,23.1383928571429,0,0,5280,229,0,0,0,0
"5757",2023-01-20,23,50,4481,211,0,0,23.1383928571429,0,0,5280,229,0,0,0,0
"5758",2023-01-20,23,55,4448,209,0,0,23.1383928571429,0,0,5280,229,0,0,0,0
"5759",2023-01-20,23,25,4656,218,0,0,23.1383928571429,0,0,5280,229,0,0,0,0
"5760",2023-01-20,23,35,4536,213,0,0,23.1383928571429,0,0,5280,229,0,0,0,0
"5761",2023-01-21,0,0,4795,214,0,0,23.943661971831,0,0,5100,214,0,0,0,0
"5762",2023-01-21,0,5,4762,213,0,0,23.943661971831,0,0,5100,214,0,0,0,0
"5763",2023-01-21,0,10,4740,212,0,0,23.943661971831,0,0,5100,214,0,0,0,0
"5764",2023-01-21,0,15,5100,213,0,0,23.943661971831,0,0,5100,214,0,0,0,0
"5765",2023-01-21,0,20,5007,210,0,0,23.943661971831,0,0,5100,214,0,0,0,0
"5766",2023-01-21,0,25,4975,210,0,0,23.943661971831,0,0,5100,214,0,0,0,0
"5767",2023-01-21,0,30,4964,209,0,0,23.943661971831,0,0,5100,214,0,0,0,0
"5768",2023-01-21,0,35,4428,203,0,0,23.943661971831,0,0,5100,214,0,0,0,0
"5769",2023-01-21,0,40,4400,203,0,0,23.943661971831,0,0,5100,214,0,0,0,0
"5770",2023-01-21,0,45,4400,203,0,0,23.943661971831,0,0,5100,214,0,0,0,0
"5771",2023-01-21,0,50,4356,201,0,0,23.943661971831,0,0,5100,214,0,0,0,0
"5772",2023-01-21,0,55,4402,200,0,0,23.943661971831,0,0,5100,214,0,0,0,0
"5773",2023-01-21,1,0,4273,194,0,0,23.75,0,0,4655,196,0,0,0,0
"5774",2023-01-21,1,5,4655,196,0,0,23.75,0,0,4655,196,0,0,0,0
"5775",2023-01-21,1,10,4524,195,0,0,23.75,0,0,4655,196,0,0,0,0
"5776",2023-01-21,1,15,4186,195,0,0,23.75,0,0,4655,196,0,0,0,0
"5777",2023-01-21,1,20,4186,195,0,0,23.75,0,0,4655,196,0,0,0,0
"5778",2023-01-21,1,25,4186,195,0,0,23.75,0,0,4655,196,0,0,0,0
"5779",2023-01-21,1,30,4125,193,0,0,23.75,0,0,4655,196,0,0,0,0
"5780",2023-01-21,1,35,4125,193,0,0,23.75,0,0,4655,196,0,0,0,0
"5781",2023-01-21,1,40,4103,192,0,0,23.75,0,0,4655,196,0,0,0,0
"5782",2023-01-21,1,45,4343,194,0,0,23.75,0,0,4655,196,0,0,0,0
"5783",2023-01-21,1,50,4365,195,0,0,23.75,0,0,4655,196,0,0,0,0
"5784",2023-01-21,1,55,4365,195,0,0,23.75,0,0,4655,196,0,0,0,0
"5785",2023-01-21,2,0,4398,197,0,0,22.3248730964467,0,0,4475,201,0,0,0,0
"5786",2023-01-21,2,5,4442,199,0,0,22.3248730964467,0,0,4475,201,0,0,0,0
"5787",2023-01-21,2,10,4464,200,0,0,22.3248730964467,0,0,4475,201,0,0,0,0
"5788",2023-01-21,2,15,4328,201,0,0,22.3248730964467,0,0,4475,201,0,0,0,0
"5789",2023-01-21,2,20,4306,200,0,0,22.3248730964467,0,0,4475,201,0,0,0,0
"5790",2023-01-21,2,25,4284,199,0,0,22.3248730964467,0,0,4475,201,0,0,0,0
"5791",2023-01-21,2,30,4284,199,0,0,22.3248730964467,0,0,4475,201,0,0,0,0
"5792",2023-01-21,2,35,4475,201,0,0,22.3248730964467,0,0,4475,201,0,0,0,0
"5793",2023-01-21,2,40,4393,199,0,0,22.3248730964467,0,0,4475,201,0,0,0,0
"5794",2023-01-21,2,45,4382,198,0,0,22.3248730964467,0,0,4475,201,0,0,0,0
"5795",2023-01-21,2,50,4382,198,0,0,22.3248730964467,0,0,4475,201,0,0,0,0
"5796",2023-01-21,2,55,4382,198,0,0,22.3248730964467,0,0,4475,201,0,0,0,0
"5797",2023-01-21,3,0,4360,197,0,0,22.1319796954315,0,0,4360,197,0,0,0,0
"5798",2023-01-21,3,5,4202,197,0,0,22.1319796954315,0,0,4360,197,0,0,0,0
"5799",2023-01-21,3,10,4202,197,0,0,22.1319796954315,0,0,4360,197,0,0,0,0
"5800",2023-01-21,3,15,4202,197,0,0,22.1319796954315,0,0,4360,197,0,0,0,0
"5801",2023-01-21,3,20,4202,197,0,0,22.1319796954315,0,0,4360,197,0,0,0,0
"5802",2023-01-21,3,25,4202,197,0,0,22.1319796954315,0,0,4360,197,0,0,0,0
"5803",2023-01-21,3,30,4202,196,0,0,22.1319796954315,0,0,4360,197,0,0,0,0
"5804",2023-01-21,3,35,4202,196,0,0,22.1319796954315,0,0,4360,197,0,0,0,0
"5805",2023-01-21,3,40,4158,194,0,0,22.1319796954315,0,0,4360,197,0,0,0,0
"5806",2023-01-21,3,45,4158,194,0,0,22.1319796954315,0,0,4360,197,0,0,0,0
"5807",2023-01-21,3,50,4158,194,0,0,22.1319796954315,0,0,4360,197,0,0,0,0
"5808",2023-01-21,3,55,4158,194,0,0,22.1319796954315,0,0,4360,197,0,0,0,0
"5809",2023-01-21,4,0,4158,194,0,0,21.4329896907216,0,0,4158,194,0,0,0,0
"5810",2023-01-21,4,5,4158,194,0,0,21.4329896907216,0,0,4158,194,0,0,0,0
"5811",2023-01-21,4,10,4158,194,0,0,21.4329896907216,0,0,4158,194,0,0,0,0
"5812",2023-01-21,4,15,4158,194,0,0,21.4329896907216,0,0,4158,194,0,0,0,0
"5813",2023-01-21,4,20,4158,194,0,0,21.4329896907216,0,0,4158,194,0,0,0,0
"5814",2023-01-21,4,25,4136,193,0,0,21.4329896907216,0,0,4158,194,0,0,0,0
"5815",2023-01-21,4,30,4136,193,0,0,21.4329896907216,0,0,4158,194,0,0,0,0
"5816",2023-01-21,4,35,4136,193,0,0,21.4329896907216,0,0,4158,194,0,0,0,0
"5817",2023-01-21,4,40,4136,193,0,0,21.4329896907216,0,0,4158,194,0,0,0,0
"5818",2023-01-21,4,45,4136,193,0,0,21.4329896907216,0,0,4158,194,0,0,0,0
"5819",2023-01-21,4,50,4136,193,0,0,21.4329896907216,0,0,4158,194,0,0,0,0
"5820",2023-01-21,4,55,4136,193,0,0,21.4329896907216,0,0,4158,194,0,0,0,0
"5821",2023-01-21,5,0,4114,192,0,0,21.4270833333333,0,0,4114,192,0,0,0,0
"5822",2023-01-21,5,5,4114,192,0,0,21.4270833333333,0,0,4114,192,0,0,0,0
"5823",2023-01-21,5,10,4114,192,0,0,21.4270833333333,0,0,4114,192,0,0,0,0
"5824",2023-01-21,5,15,4092,191,0,0,21.4270833333333,0,0,4114,192,0,0,0,0
"5825",2023-01-21,5,20,4092,191,0,0,21.4270833333333,0,0,4114,192,0,0,0,0
"5826",2023-01-21,5,25,4092,191,0,0,21.4270833333333,0,0,4114,192,0,0,0,0
"5827",2023-01-21,5,30,4092,191,0,0,21.4270833333333,0,0,4114,192,0,0,0,0
"5828",2023-01-21,5,35,4081,191,0,0,21.4270833333333,0,0,4114,192,0,0,0,0
"5829",2023-01-21,5,40,4081,191,0,0,21.4270833333333,0,0,4114,192,0,0,0,0
"5830",2023-01-21,5,45,4070,190,0,0,21.4270833333333,0,0,4114,192,0,0,0,0
"5831",2023-01-21,5,50,4081,191,0,0,21.4270833333333,0,0,4114,192,0,0,0,0
"5832",2023-01-21,5,55,4081,191,0,0,21.4270833333333,0,0,4114,192,0,0,0,0
"5833",2023-01-21,6,0,4059,190,0,0,21.3664921465969,0,0,4081,191,0,0,0,0
"5834",2023-01-21,6,5,4059,190,0,0,21.3664921465969,0,0,4081,191,0,0,0,0
"5835",2023-01-21,6,10,4059,190,0,0,21.3664921465969,0,0,4081,191,0,0,0,0
"5836",2023-01-21,6,15,4081,191,0,0,21.3664921465969,0,0,4081,191,0,0,0,0
"5837",2023-01-21,6,20,4081,191,0,0,21.3664921465969,0,0,4081,191,0,0,0,0
"5838",2023-01-21,6,25,4081,191,0,0,21.3664921465969,0,0,4081,191,0,0,0,0
"5839",2023-01-21,6,30,4081,191,0,0,21.3664921465969,0,0,4081,191,0,0,0,0
"5840",2023-01-21,6,35,4059,190,0,0,21.3664921465969,0,0,4081,191,0,0,0,0
"5841",2023-01-21,6,40,4059,190,0,0,21.3664921465969,0,0,4081,191,0,0,0,0
"5842",2023-01-21,6,45,4037,189,0,0,21.3664921465969,0,0,4081,191,0,0,0,0
"5843",2023-01-21,6,50,3993,187,0,0,21.3664921465969,0,0,4081,191,0,0,0,0
"5844",2023-01-21,6,55,3971,186,0,0,21.3664921465969,0,0,4081,191,0,0,0,0
"5845",2023-01-21,7,0,3971,186,0,0,21.4021739130435,0,0,3971,186,0,0,0,0
"5846",2023-01-21,7,5,3971,186,0,0,21.4021739130435,0,0,3971,186,0,0,0,0
"5847",2023-01-21,7,10,3949,185,0,0,21.4021739130435,0,0,3971,186,0,0,0,0
"5848",2023-01-21,7,15,3938,184,0,0,21.4021739130435,0,0,3971,186,0,0,0,0
"5849",2023-01-21,7,20,3938,184,0,0,21.4021739130435,0,0,3971,186,0,0,0,0
"5850",2023-01-21,7,25,3916,183,0,0,21.4021739130435,0,0,3971,186,0,0,0,0
"5851",2023-01-21,7,30,3905,183,0,0,21.4021739130435,0,0,3971,186,0,0,0,0
"5852",2023-01-21,7,35,3905,183,0,0,21.4021739130435,0,0,3971,186,0,0,0,0
"5853",2023-01-21,7,40,3861,181,0,0,21.4021739130435,0,0,3971,186,0,0,0,0
"5854",2023-01-21,7,45,3861,181,0,0,21.4021739130435,0,0,3971,186,0,0,0,0
"5855",2023-01-21,7,50,3861,181,0,0,21.4021739130435,0,0,3971,186,0,0,0,0
"5856",2023-01-21,7,55,3861,181,0,0,21.4021739130435,0,0,3971,186,0,0,0,0
"5857",2023-01-21,8,0,4063,183,0,0,22.668449197861,0,0,4283,190,0,0,0,0
"5858",2023-01-21,8,5,4064,184,0,0,22.668449197861,0,0,4283,190,0,0,0,0
"5859",2023-01-21,8,10,4086,185,0,0,22.668449197861,0,0,4283,190,0,0,0,0
"5860",2023-01-21,8,15,4064,184,0,0,22.668449197861,0,0,4283,190,0,0,0,0
"5861",2023-01-21,8,20,3906,184,0,0,22.668449197861,0,0,4283,190,0,0,0,0
"5862",2023-01-21,8,25,3950,186,0,0,22.668449197861,0,0,4283,190,0,0,0,0
"5863",2023-01-21,8,30,3961,187,0,0,22.668449197861,0,0,4283,190,0,0,0,0
"5864",2023-01-21,8,35,4239,187,0,0,22.668449197861,0,0,4283,190,0,0,0,0
"5865",2023-01-21,8,40,3906,184,0,0,22.668449197861,0,0,4283,190,0,0,0,0
"5866",2023-01-21,8,45,4283,189,0,0,22.668449197861,0,0,4283,190,0,0,0,0
"5867",2023-01-21,8,50,3961,187,0,0,22.668449197861,0,0,4283,190,0,0,0,0
"5868",2023-01-21,8,55,4027,190,0,0,22.668449197861,0,0,4283,190,0,0,0,0
"5869",2023-01-21,9,0,4096,194,0,0,22.4611872146119,0,0,5094,231,0,0,0,0
"5870",2023-01-21,9,5,4096,195,0,0,22.4611872146119,0,0,5094,231,0,0,0,0
"5871",2023-01-21,9,15,4473,200,0,0,22.4611872146119,0,0,5094,231,0,0,0,0
"5872",2023-01-21,9,20,4195,200,0,0,22.4611872146119,0,0,5094,231,0,0,0,0
"5873",2023-01-21,9,25,4217,201,0,0,22.4611872146119,0,0,5094,231,0,0,0,0
"5874",2023-01-21,9,30,4245,202,0,0,22.4611872146119,0,0,5094,231,0,0,0,0
"5875",2023-01-21,9,35,4494,209,0,0,22.4611872146119,0,0,5094,231,0,0,0,0
"5876",2023-01-21,9,40,4538,212,0,0,22.4611872146119,0,0,5094,231,0,0,0,0
"5877",2023-01-21,9,45,4919,219,0,0,22.4611872146119,0,0,5094,231,0,0,0,0
"5878",2023-01-21,9,50,4946,221,0,0,22.4611872146119,0,0,5094,231,0,0,0,0
"5879",2023-01-21,9,55,5094,231,0,0,22.4611872146119,0,0,5094,231,0,0,0,0
"5880",2023-01-21,9,10,4396,196,0,0,22.4611872146119,0,0,5094,231,0,0,0,0
"5881",2023-01-21,10,0,5188,234,0,0,24.3253968253968,0,0,6130,254,0,0,0,0
"5882",2023-01-21,10,5,5637,241,0,0,24.3253968253968,0,0,6130,254,0,0,0,0
"5883",2023-01-21,10,10,5736,247,0,0,24.3253968253968,0,0,6130,254,0,0,0,0
"5884",2023-01-21,10,15,5894,247,0,0,24.3253968253968,0,0,6130,254,0,0,0,0
"5885",2023-01-21,10,20,6080,251,0,0,24.3253968253968,0,0,6130,254,0,0,0,0
"5886",2023-01-21,10,25,6130,252,0,0,24.3253968253968,0,0,6130,254,0,0,0,0
"5887",2023-01-21,10,30,5722,252,0,0,24.3253968253968,0,0,6130,254,0,0,0,0
"5888",2023-01-21,10,35,5799,254,0,0,24.3253968253968,0,0,6130,254,0,0,0,0
"5889",2023-01-21,10,40,5849,254,0,0,24.3253968253968,0,0,6130,254,0,0,0,0
"5890",2023-01-21,10,45,5665,253,0,0,24.3253968253968,0,0,6130,254,0,0,0,0
"5891",2023-01-21,10,50,5576,251,0,0,24.3253968253968,0,0,6130,254,0,0,0,0
"5892",2023-01-21,10,55,5694,252,0,0,24.3253968253968,0,0,6130,254,0,0,0,0
"5893",2023-01-21,11,5,6038,255,0,0,25.337037037037,0,0,6841,272,0,0,0,0
"5894",2023-01-21,11,10,6115,259,0,0,25.337037037037,0,0,6841,272,0,0,0,0
"5895",2023-01-21,11,15,6148,261,0,0,25.337037037037,0,0,6841,272,0,0,0,0
"5896",2023-01-21,11,20,6126,260,0,0,25.337037037037,0,0,6841,272,0,0,0,0
"5897",2023-01-21,11,25,6034,262,0,0,25.337037037037,0,0,6841,272,0,0,0,0
"5898",2023-01-21,11,30,6611,268,0,0,25.337037037037,0,0,6841,272,0,0,0,0
"5899",2023-01-21,11,35,6813,270,0,0,25.337037037037,0,0,6841,272,0,0,0,0
"5900",2023-01-21,11,40,6830,271,0,0,25.337037037037,0,0,6841,272,0,0,0,0
"5901",2023-01-21,11,45,6786,269,0,0,25.337037037037,0,0,6841,272,0,0,0,0
"5902",2023-01-21,11,50,6835,272,0,0,25.337037037037,0,0,6841,272,0,0,0,0
"5903",2023-01-21,11,55,6841,270,0,0,25.337037037037,0,0,6841,272,0,0,0,0
"5904",2023-01-21,11,0,5756,252,0,0,25.337037037037,0,0,6841,272,0,0,0,0
"5905",2023-01-21,12,0,7684,283,0,0,27.5141843971631,0,0,7901,291,0,0,0,0
"5906",2023-01-21,12,5,7356,284,0,0,27.5141843971631,0,0,7901,291,0,0,0,0
"5907",2023-01-21,12,10,7759,282,0,0,27.5141843971631,0,0,7901,291,0,0,0,0
"5908",2023-01-21,12,15,7875,287,0,0,27.5141843971631,0,0,7901,291,0,0,0,0
"5909",2023-01-21,12,20,7897,289,0,0,27.5141843971631,0,0,7901,291,0,0,0,0
"5910",2023-01-21,12,25,7879,290,0,0,27.5141843971631,0,0,7901,291,0,0,0,0
"5911",2023-01-21,12,30,7901,290,0,0,27.5141843971631,0,0,7901,291,0,0,0,0
"5912",2023-01-21,12,35,7498,291,0,0,27.5141843971631,0,0,7901,291,0,0,0,0
"5913",2023-01-21,12,40,7607,284,0,0,27.5141843971631,0,0,7901,291,0,0,0,0
"5914",2023-01-21,12,45,6961,278,0,0,27.5141843971631,0,0,7901,291,0,0,0,0
"5915",2023-01-21,12,50,6906,275,0,0,27.5141843971631,0,0,7901,291,0,0,0,0
"5916",2023-01-21,12,55,6737,280,0,0,27.5141843971631,0,0,7901,291,0,0,0,0
"5917",2023-01-21,13,0,6835,278,0,0,26.951724137931,0,0,7816,290,0,0,0,0
"5918",2023-01-21,13,5,6736,273,0,0,26.951724137931,0,0,7816,290,0,0,0,0
"5919",2023-01-21,13,10,6518,278,0,0,26.951724137931,0,0,7816,290,0,0,0,0
"5920",2023-01-21,13,15,6349,272,0,0,26.951724137931,0,0,7816,290,0,0,0,0
"5921",2023-01-21,13,20,6503,279,0,0,26.951724137931,0,0,7816,290,0,0,0,0
"5922",2023-01-21,13,25,6235,274,0,0,26.951724137931,0,0,7816,290,0,0,0,0
"5923",2023-01-21,13,30,6410,277,0,0,26.951724137931,0,0,7816,290,0,0,0,0
"5924",2023-01-21,13,35,6618,281,0,0,26.951724137931,0,0,7816,290,0,0,0,0
"5925",2023-01-21,13,40,6635,284,0,0,26.951724137931,0,0,7816,290,0,0,0,0
"5926",2023-01-21,13,45,7590,290,0,0,26.951724137931,0,0,7816,290,0,0,0,0
"5927",2023-01-21,13,50,7816,290,0,0,26.951724137931,0,0,7816,290,0,0,0,0
"5928",2023-01-21,13,55,7786,290,0,0,26.951724137931,0,0,7816,290,0,0,0,0
"5929",2023-01-21,14,0,7242,285,0,0,25.8028169014085,0,0,7386,290,0,0,0,0
"5930",2023-01-21,14,5,7386,289,0,0,25.8028169014085,0,0,7386,290,0,0,0,0
"5931",2023-01-21,14,10,7036,285,0,0,25.8028169014085,0,0,7386,290,0,0,0,0
"5932",2023-01-21,14,15,6614,282,0,0,25.8028169014085,0,0,7386,290,0,0,0,0
"5933",2023-01-21,14,20,6369,282,0,0,25.8028169014085,0,0,7386,290,0,0,0,0
"5934",2023-01-21,14,25,6861,285,0,0,25.8028169014085,0,0,7386,290,0,0,0,0
"5935",2023-01-21,14,30,6839,284,0,0,25.8028169014085,0,0,7386,290,0,0,0,0
"5936",2023-01-21,14,35,6701,282,0,0,25.8028169014085,0,0,7386,290,0,0,0,0
"5937",2023-01-21,14,40,7328,284,0,0,25.8028169014085,0,0,7386,290,0,0,0,0
"5938",2023-01-21,14,45,6848,282,0,0,25.8028169014085,0,0,7386,290,0,0,0,0
"5939",2023-01-21,14,50,6936,288,0,0,25.8028169014085,0,0,7386,290,0,0,0,0
"5940",2023-01-21,14,55,7010,290,0,0,25.8028169014085,0,0,7386,290,0,0,0,0
"5941",2023-01-21,15,0,7257,295,0,0,26.8668941979522,0,0,7872,295,0,0,0,0
"5942",2023-01-21,15,5,7499,293,0,0,26.8668941979522,0,0,7872,295,0,0,0,0
"5943",2023-01-21,15,10,7532,295,0,0,26.8668941979522,0,0,7872,295,0,0,0,0
"5944",2023-01-21,15,15,7556,293,0,0,26.8668941979522,0,0,7872,295,0,0,0,0
"5945",2023-01-21,15,20,7872,293,0,0,26.8668941979522,0,0,7872,295,0,0,0,0
"5946",2023-01-21,15,25,7444,289,0,0,26.8668941979522,0,0,7872,295,0,0,0,0
"5947",2023-01-21,15,30,7520,290,0,0,26.8668941979522,0,0,7872,295,0,0,0,0
"5948",2023-01-21,15,35,7518,289,0,0,26.8668941979522,0,0,7872,295,0,0,0,0
"5949",2023-01-21,15,40,7245,285,0,0,26.8668941979522,0,0,7872,295,0,0,0,0
"5950",2023-01-21,15,45,7308,286,0,0,26.8668941979522,0,0,7872,295,0,0,0,0
"5951",2023-01-21,15,50,7210,286,0,0,26.8668941979522,0,0,7872,295,0,0,0,0
"5952",2023-01-21,15,55,7126,281,0,0,26.8668941979522,0,0,7872,295,0,0,0,0
"5953",2023-01-21,16,40,6739,274,0,0,28.520979020979,0,0,8157,290,0,0,0,0
"5954",2023-01-21,16,45,6711,273,0,0,28.520979020979,0,0,8157,290,0,0,0,0
"5955",2023-01-21,16,50,6787,271,0,0,28.520979020979,0,0,8157,290,0,0,0,0
"5956",2023-01-21,16,55,6684,273,0,0,28.520979020979,0,0,8157,290,0,0,0,0
"5957",2023-01-21,16,0,7323,282,0,0,28.520979020979,0,0,8157,290,0,0,0,0
"5958",2023-01-21,16,5,7763,288,0,0,28.520979020979,0,0,8157,290,0,0,0,0
"5959",2023-01-21,16,10,8157,286,0,0,28.520979020979,0,0,8157,290,0,0,0,0
"5960",2023-01-21,16,15,7841,288,0,0,28.520979020979,0,0,8157,290,0,0,0,0
"5961",2023-01-21,16,20,7663,287,0,0,28.520979020979,0,0,8157,290,0,0,0,0
"5962",2023-01-21,16,25,7757,290,0,0,28.520979020979,0,0,8157,290,0,0,0,0
"5963",2023-01-21,16,30,7389,288,0,0,28.520979020979,0,0,8157,290,0,0,0,0
"5964",2023-01-21,16,35,7104,277,0,0,28.520979020979,0,0,8157,290,0,0,0,0
"5965",2023-01-21,17,0,7032,282,0,0,25.8442028985507,0,0,7133,282,0,0,0,0
"5966",2023-01-21,17,5,6586,280,0,0,25.8442028985507,0,0,7133,282,0,0,0,0
"5967",2023-01-21,17,10,6584,281,0,0,25.8442028985507,0,0,7133,282,0,0,0,0
"5968",2023-01-21,17,15,6684,275,0,0,25.8442028985507,0,0,7133,282,0,0,0,0
"5969",2023-01-21,17,20,6721,274,0,0,25.8442028985507,0,0,7133,282,0,0,0,0
"5970",2023-01-21,17,25,6822,274,0,0,25.8442028985507,0,0,7133,282,0,0,0,0
"5971",2023-01-21,17,30,7133,276,0,0,25.8442028985507,0,0,7133,282,0,0,0,0
"5972",2023-01-21,17,35,7110,278,0,0,25.8442028985507,0,0,7133,282,0,0,0,0
"5973",2023-01-21,17,40,6495,272,0,0,25.8442028985507,0,0,7133,282,0,0,0,0
"5974",2023-01-21,17,45,6606,273,0,0,25.8442028985507,0,0,7133,282,0,0,0,0
"5975",2023-01-21,17,50,6584,272,0,0,25.8442028985507,0,0,7133,282,0,0,0,0
"5976",2023-01-21,17,55,6721,271,0,0,25.8442028985507,0,0,7133,282,0,0,0,0
"5977",2023-01-21,18,0,6875,274,0,0,25.73828125,0,0,6875,274,0,0,0,0
"5978",2023-01-21,18,5,6607,267,0,0,25.73828125,0,0,6875,274,0,0,0,0
"5979",2023-01-21,18,10,6459,263,0,0,25.73828125,0,0,6875,274,0,0,0,0
"5980",2023-01-21,18,15,6137,259,0,0,25.73828125,0,0,6875,274,0,0,0,0
"5981",2023-01-21,18,20,6420,258,0,0,25.73828125,0,0,6875,274,0,0,0,0
"5982",2023-01-21,18,25,6409,257,0,0,25.73828125,0,0,6875,274,0,0,0,0
"5983",2023-01-21,18,30,6589,256,0,0,25.73828125,0,0,6875,274,0,0,0,0
"5984",2023-01-21,18,35,5819,249,0,0,25.73828125,0,0,6875,274,0,0,0,0
"5985",2023-01-21,18,40,6041,252,0,0,25.73828125,0,0,6875,274,0,0,0,0
"5986",2023-01-21,18,45,5958,249,0,0,25.73828125,0,0,6875,274,0,0,0,0
"5987",2023-01-21,18,50,6141,251,0,0,25.73828125,0,0,6875,274,0,0,0,0
"5988",2023-01-21,18,55,6097,248,0,0,25.73828125,0,0,6875,274,0,0,0,0
"5989",2023-01-21,19,30,5652,246,0,0,25.424,0,0,6356,251,0,0,0,0
"5990",2023-01-21,19,35,6117,250,0,0,25.424,0,0,6356,251,0,0,0,0
"5991",2023-01-21,19,40,5923,247,0,0,25.424,0,0,6356,251,0,0,0,0
"5992",2023-01-21,19,45,5890,246,0,0,25.424,0,0,6356,251,0,0,0,0
"5993",2023-01-21,19,50,5750,247,0,0,25.424,0,0,6356,251,0,0,0,0
"5994",2023-01-21,19,55,5892,249,0,0,25.424,0,0,6356,251,0,0,0,0
"5995",2023-01-21,19,0,6177,249,0,0,25.424,0,0,6356,251,0,0,0,0
"5996",2023-01-21,19,5,6292,251,0,0,25.424,0,0,6356,251,0,0,0,0
"5997",2023-01-21,19,10,6318,249,0,0,25.424,0,0,6356,251,0,0,0,0
"5998",2023-01-21,19,15,6356,250,0,0,25.424,0,0,6356,251,0,0,0,0
"5999",2023-01-21,19,20,6018,249,0,0,25.424,0,0,6356,251,0,0,0,0
"6000",2023-01-21,19,25,6087,249,0,0,25.424,0,0,6356,251,0,0,0,0
"6001",2023-01-21,20,0,5543,246,0,0,23.5201612903226,0,0,5833,249,0,0,0,0
"6002",2023-01-21,20,5,5587,249,0,0,23.5201612903226,0,0,5833,249,0,0,0,0
"6003",2023-01-21,20,10,5445,249,0,0,23.5201612903226,0,0,5833,249,0,0,0,0
"6004",2023-01-21,20,15,5401,247,0,0,23.5201612903226,0,0,5833,249,0,0,0,0
"6005",2023-01-21,20,20,5379,245,0,0,23.5201612903226,0,0,5833,249,0,0,0,0
"6006",2023-01-21,20,25,5385,244,0,0,23.5201612903226,0,0,5833,249,0,0,0,0
"6007",2023-01-21,20,30,5598,246,0,0,23.5201612903226,0,0,5833,249,0,0,0,0
"6008",2023-01-21,20,35,5609,246,0,0,23.5201612903226,0,0,5833,249,0,0,0,0
"6009",2023-01-21,20,40,5673,247,0,0,23.5201612903226,0,0,5833,249,0,0,0,0
"6010",2023-01-21,20,45,5716,249,0,0,23.5201612903226,0,0,5833,249,0,0,0,0
"6011",2023-01-21,20,50,5833,248,0,0,23.5201612903226,0,0,5833,249,0,0,0,0
"6012",2023-01-21,20,55,5591,245,0,0,23.5201612903226,0,0,5833,249,0,0,0,0
"6013",2023-01-21,21,0,5475,247,0,0,24.758064516129,0,0,6151,249,0,0,0,0
"6014",2023-01-21,21,5,5431,245,0,0,24.758064516129,0,0,6151,249,0,0,0,0
"6015",2023-01-21,21,10,5431,245,0,0,24.758064516129,0,0,6151,249,0,0,0,0
"6016",2023-01-21,21,15,5780,246,0,0,24.758064516129,0,0,6151,249,0,0,0,0
"6017",2023-01-21,21,20,6140,248,0,0,24.758064516129,0,0,6151,249,0,0,0,0
"6018",2023-01-21,21,25,6151,249,0,0,24.758064516129,0,0,6151,249,0,0,0,0
"6019",2023-01-21,21,30,5886,245,0,0,24.758064516129,0,0,6151,249,0,0,0,0
"6020",2023-01-21,21,35,5470,239,0,0,24.758064516129,0,0,6151,249,0,0,0,0
"6021",2023-01-21,21,40,5203,241,0,0,24.758064516129,0,0,6151,249,0,0,0,0
"6022",2023-01-21,21,45,5203,241,0,0,24.758064516129,0,0,6151,249,0,0,0,0
"6023",2023-01-21,21,50,5203,241,0,0,24.758064516129,0,0,6151,249,0,0,0,0
"6024",2023-01-21,21,55,5257,239,0,0,24.758064516129,0,0,6151,249,0,0,0,0
"6025",2023-01-21,22,0,5257,239,0,0,24.5541125541126,0,0,5762,239,0,0,0,0
"6026",2023-01-21,22,5,5371,238,0,0,24.5541125541126,0,0,5762,239,0,0,0,0
"6027",2023-01-21,22,10,5462,236,0,0,24.5541125541126,0,0,5762,239,0,0,0,0
"6028",2023-01-21,22,15,5762,237,0,0,24.5541125541126,0,0,5762,239,0,0,0,0
"6029",2023-01-21,22,20,5609,235,0,0,24.5541125541126,0,0,5762,239,0,0,0,0
"6030",2023-01-21,22,25,5576,234,0,0,24.5541125541126,0,0,5762,239,0,0,0,0
"6031",2023-01-21,22,30,5598,235,0,0,24.5541125541126,0,0,5762,239,0,0,0,0
"6032",2023-01-21,22,35,5532,232,0,0,24.5541125541126,0,0,5762,239,0,0,0,0
"6033",2023-01-21,22,40,5466,229,0,0,24.5541125541126,0,0,5762,239,0,0,0,0
"6034",2023-01-21,22,45,5466,229,0,0,24.5541125541126,0,0,5762,239,0,0,0,0
"6035",2023-01-21,22,50,5672,231,0,0,24.5541125541126,0,0,5762,239,0,0,0,0
"6036",2023-01-21,22,55,5672,231,0,0,24.5541125541126,0,0,5762,239,0,0,0,0
"6037",2023-01-21,23,0,5552,230,0,0,25.4700460829493,0,0,5571,231,0,0,0,0
"6038",2023-01-21,23,5,5450,231,0,0,25.4700460829493,0,0,5571,231,0,0,0,0
"6039",2023-01-21,23,10,5411,229,0,0,25.4700460829493,0,0,5571,231,0,0,0,0
"6040",2023-01-21,23,15,5123,224,0,0,25.4700460829493,0,0,5571,231,0,0,0,0
"6041",2023-01-21,23,20,5123,224,0,0,25.4700460829493,0,0,5571,231,0,0,0,0
"6042",2023-01-21,23,25,5079,222,0,0,25.4700460829493,0,0,5571,231,0,0,0,0
"6043",2023-01-21,23,30,4942,217,0,0,25.4700460829493,0,0,5571,231,0,0,0,0
"6044",2023-01-21,23,35,5472,218,0,0,25.4700460829493,0,0,5571,231,0,0,0,0
"6045",2023-01-21,23,40,5450,217,0,0,25.4700460829493,0,0,5571,231,0,0,0,0
"6046",2023-01-21,23,45,5571,219,0,0,25.4700460829493,0,0,5571,231,0,0,0,0
"6047",2023-01-21,23,50,5527,217,0,0,25.4700460829493,0,0,5571,231,0,0,0,0
"6048",2023-01-21,23,55,5527,217,0,0,25.4700460829493,0,0,5571,231,0,0,0,0
"6049",2023-01-22,0,0,3187,145,0,0,24.4714285714286,0,0,3459,146,0,0,0,0
"6050",2023-01-22,0,5,3187,145,0,0,24.4714285714286,0,0,3459,146,0,0,0,0
"6051",2023-01-22,0,10,3187,145,0,0,24.4714285714286,0,0,3459,146,0,0,0,0
"6052",2023-01-22,0,15,3187,145,0,0,24.4714285714286,0,0,3459,146,0,0,0,0
"6053",2023-01-22,0,20,3209,146,0,0,24.4714285714286,0,0,3459,146,0,0,0,0
"6054",2023-01-22,0,25,3187,145,0,0,24.4714285714286,0,0,3459,146,0,0,0,0
"6055",2023-01-22,0,30,3187,145,0,0,24.4714285714286,0,0,3459,146,0,0,0,0
"6056",2023-01-22,0,35,3459,142,0,0,24.4714285714286,0,0,3459,146,0,0,0,0
"6057",2023-01-22,0,40,3437,141,0,0,24.4714285714286,0,0,3459,146,0,0,0,0
"6058",2023-01-22,0,45,3437,141,0,0,24.4714285714286,0,0,3459,146,0,0,0,0
"6059",2023-01-22,0,50,3426,140,0,0,24.4714285714286,0,0,3459,146,0,0,0,0
"6060",2023-01-22,0,55,3426,140,0,0,24.4714285714286,0,0,3459,146,0,0,0,0
"6061",2023-01-22,1,0,4402,200,0,0,23.4213197969543,0,0,4636,200,0,0,0,0
"6062",2023-01-22,1,5,4636,198,0,0,23.4213197969543,0,0,4636,200,0,0,0,0
"6063",2023-01-22,1,10,4636,198,0,0,23.4213197969543,0,0,4636,200,0,0,0,0
"6064",2023-01-22,1,15,4614,197,0,0,23.4213197969543,0,0,4636,200,0,0,0,0
"6065",2023-01-22,1,20,4347,198,0,0,23.4213197969543,0,0,4636,200,0,0,0,0
"6066",2023-01-22,1,25,4336,197,0,0,23.4213197969543,0,0,4636,200,0,0,0,0
"6067",2023-01-22,1,30,4292,195,0,0,23.4213197969543,0,0,4636,200,0,0,0,0
"6068",2023-01-22,1,35,4291,194,0,0,23.4213197969543,0,0,4636,200,0,0,0,0
"6069",2023-01-22,1,40,4291,194,0,0,23.4213197969543,0,0,4636,200,0,0,0,0
"6070",2023-01-22,1,45,4291,194,0,0,23.4213197969543,0,0,4636,200,0,0,0,0
"6071",2023-01-22,1,50,4214,190,0,0,23.4213197969543,0,0,4636,200,0,0,0,0
"6072",2023-01-22,1,55,4192,189,0,0,23.4213197969543,0,0,4636,200,0,0,0,0
"6073",2023-01-22,2,0,4214,190,0,0,22.1789473684211,0,0,4291,194,0,0,0,0
"6074",2023-01-22,2,5,4269,193,0,0,22.1789473684211,0,0,4291,194,0,0,0,0
"6075",2023-01-22,2,10,4269,193,0,0,22.1789473684211,0,0,4291,194,0,0,0,0
"6076",2023-01-22,2,15,4291,194,0,0,22.1789473684211,0,0,4291,194,0,0,0,0
"6077",2023-01-22,2,20,4291,194,0,0,22.1789473684211,0,0,4291,194,0,0,0,0
"6078",2023-01-22,2,25,4291,194,0,0,22.1789473684211,0,0,4291,194,0,0,0,0
"6079",2023-01-22,2,30,4247,192,0,0,22.1789473684211,0,0,4291,194,0,0,0,0
"6080",2023-01-22,2,35,4247,192,0,0,22.1789473684211,0,0,4291,194,0,0,0,0
"6081",2023-01-22,2,40,4247,192,0,0,22.1789473684211,0,0,4291,194,0,0,0,0
"6082",2023-01-22,2,45,4236,191,0,0,22.1789473684211,0,0,4291,194,0,0,0,0
"6083",2023-01-22,2,50,4236,191,0,0,22.1789473684211,0,0,4291,194,0,0,0,0
"6084",2023-01-22,2,55,4236,191,0,0,22.1789473684211,0,0,4291,194,0,0,0,0
"6085",2023-01-22,3,0,4158,191,0,0,21.7696335078534,0,0,4169,192,0,0,0,0
"6086",2023-01-22,3,5,4158,191,0,0,21.7696335078534,0,0,4169,192,0,0,0,0
"6087",2023-01-22,3,10,4169,192,0,0,21.7696335078534,0,0,4169,192,0,0,0,0
"6088",2023-01-22,3,15,4158,191,0,0,21.7696335078534,0,0,4169,192,0,0,0,0
"6089",2023-01-22,3,20,4158,191,0,0,21.7696335078534,0,0,4169,192,0,0,0,0
"6090",2023-01-22,3,25,4136,190,0,0,21.7696335078534,0,0,4169,192,0,0,0,0
"6091",2023-01-22,3,30,4136,190,0,0,21.7696335078534,0,0,4169,192,0,0,0,0
"6092",2023-01-22,3,35,4136,190,0,0,21.7696335078534,0,0,4169,192,0,0,0,0
"6093",2023-01-22,3,40,4114,189,0,0,21.7696335078534,0,0,4169,192,0,0,0,0
"6094",2023-01-22,3,45,4114,189,0,0,21.7696335078534,0,0,4169,192,0,0,0,0
"6095",2023-01-22,3,50,4114,189,0,0,21.7696335078534,0,0,4169,192,0,0,0,0
"6096",2023-01-22,3,55,4114,189,0,0,21.7696335078534,0,0,4169,192,0,0,0,0
"6097",2023-01-22,4,0,4114,189,0,0,23.5608465608466,0,0,4453,189,0,0,0,0
"6098",2023-01-22,4,5,4103,188,0,0,23.5608465608466,0,0,4453,189,0,0,0,0
"6099",2023-01-22,4,10,4103,188,0,0,23.5608465608466,0,0,4453,189,0,0,0,0
"6100",2023-01-22,4,15,4103,188,0,0,23.5608465608466,0,0,4453,189,0,0,0,0
"6101",2023-01-22,4,20,4103,188,0,0,23.5608465608466,0,0,4453,189,0,0,0,0
"6102",2023-01-22,4,25,4453,189,0,0,23.5608465608466,0,0,4453,189,0,0,0,0
"6103",2023-01-22,4,30,4453,189,0,0,23.5608465608466,0,0,4453,189,0,0,0,0
"6104",2023-01-22,4,35,4453,189,0,0,23.5608465608466,0,0,4453,189,0,0,0,0
"6105",2023-01-22,4,40,4453,189,0,0,23.5608465608466,0,0,4453,189,0,0,0,0
"6106",2023-01-22,4,45,4103,188,0,0,23.5608465608466,0,0,4453,189,0,0,0,0
"6107",2023-01-22,4,50,4103,188,0,0,23.5608465608466,0,0,4453,189,0,0,0,0
"6108",2023-01-22,4,55,4103,188,0,0,23.5608465608466,0,0,4453,189,0,0,0,0
"6109",2023-01-22,5,0,4081,187,0,0,21.8235294117647,0,0,4081,187,0,0,0,0
"6110",2023-01-22,5,5,4081,187,0,0,21.8235294117647,0,0,4081,187,0,0,0,0
"6111",2023-01-22,5,10,4081,187,0,0,21.8235294117647,0,0,4081,187,0,0,0,0
"6112",2023-01-22,5,15,4081,187,0,0,21.8235294117647,0,0,4081,187,0,0,0,0
"6113",2023-01-22,5,20,4081,187,0,0,21.8235294117647,0,0,4081,187,0,0,0,0
"6114",2023-01-22,5,25,4081,187,0,0,21.8235294117647,0,0,4081,187,0,0,0,0
"6115",2023-01-22,5,30,4081,187,0,0,21.8235294117647,0,0,4081,187,0,0,0,0
"6116",2023-01-22,5,35,4081,187,0,0,21.8235294117647,0,0,4081,187,0,0,0,0
"6117",2023-01-22,5,40,4081,187,0,0,21.8235294117647,0,0,4081,187,0,0,0,0
"6118",2023-01-22,5,45,4081,187,0,0,21.8235294117647,0,0,4081,187,0,0,0,0
"6119",2023-01-22,5,50,4081,187,0,0,21.8235294117647,0,0,4081,187,0,0,0,0
"6120",2023-01-22,5,55,4059,186,0,0,21.8235294117647,0,0,4081,187,0,0,0,0
"6121",2023-01-22,6,0,4015,184,0,0,21.972972972973,0,0,4065,185,0,0,0,0
"6122",2023-01-22,6,5,4065,185,0,0,21.972972972973,0,0,4065,185,0,0,0,0
"6123",2023-01-22,6,10,4065,185,0,0,21.972972972973,0,0,4065,185,0,0,0,0
"6124",2023-01-22,6,15,4065,185,0,0,21.972972972973,0,0,4065,185,0,0,0,0
"6125",2023-01-22,6,20,4065,185,0,0,21.972972972973,0,0,4065,185,0,0,0,0
"6126",2023-01-22,6,25,4065,185,0,0,21.972972972973,0,0,4065,185,0,0,0,0
"6127",2023-01-22,6,30,4065,185,0,0,21.972972972973,0,0,4065,185,0,0,0,0
"6128",2023-01-22,6,35,4065,185,0,0,21.972972972973,0,0,4065,185,0,0,0,0
"6129",2023-01-22,6,40,4015,184,0,0,21.972972972973,0,0,4065,185,0,0,0,0
"6130",2023-01-22,6,45,4037,185,0,0,21.972972972973,0,0,4065,185,0,0,0,0
"6131",2023-01-22,6,50,4015,184,0,0,21.972972972973,0,0,4065,185,0,0,0,0
"6132",2023-01-22,6,55,4015,184,0,0,21.972972972973,0,0,4065,185,0,0,0,0
"6133",2023-01-22,7,0,4015,184,0,0,22.9076086956522,0,0,4215,185,0,0,0,0
"6134",2023-01-22,7,5,4037,185,0,0,22.9076086956522,0,0,4215,185,0,0,0,0
"6135",2023-01-22,7,10,4037,185,0,0,22.9076086956522,0,0,4215,185,0,0,0,0
"6136",2023-01-22,7,15,4037,185,0,0,22.9076086956522,0,0,4215,185,0,0,0,0
"6137",2023-01-22,7,20,4037,185,0,0,22.9076086956522,0,0,4215,185,0,0,0,0
"6138",2023-01-22,7,25,3993,183,0,0,22.9076086956522,0,0,4215,185,0,0,0,0
"6139",2023-01-22,7,30,3971,182,0,0,22.9076086956522,0,0,4215,185,0,0,0,0
"6140",2023-01-22,7,35,4215,184,0,0,22.9076086956522,0,0,4215,185,0,0,0,0
"6141",2023-01-22,7,40,4155,183,0,0,22.9076086956522,0,0,4215,185,0,0,0,0
"6142",2023-01-22,7,45,4133,182,0,0,22.9076086956522,0,0,4215,185,0,0,0,0
"6143",2023-01-22,7,50,4111,181,0,0,22.9076086956522,0,0,4215,185,0,0,0,0
"6144",2023-01-22,7,55,4122,182,0,0,22.9076086956522,0,0,4215,185,0,0,0,0
"6145",2023-01-22,8,0,4122,182,0,0,22.6483516483516,0,0,4122,182,0,0,0,0
"6146",2023-01-22,8,5,3894,179,0,0,22.6483516483516,0,0,4122,182,0,0,0,0
"6147",2023-01-22,8,10,3894,179,0,0,22.6483516483516,0,0,4122,182,0,0,0,0
"6148",2023-01-22,8,15,3894,179,0,0,22.6483516483516,0,0,4122,182,0,0,0,0
"6149",2023-01-22,8,20,3894,179,0,0,22.6483516483516,0,0,4122,182,0,0,0,0
"6150",2023-01-22,8,25,3872,178,0,0,22.6483516483516,0,0,4122,182,0,0,0,0
"6151",2023-01-22,8,30,3850,177,0,0,22.6483516483516,0,0,4122,182,0,0,0,0
"6152",2023-01-22,8,35,3900,178,0,0,22.6483516483516,0,0,4122,182,0,0,0,0
"6153",2023-01-22,8,40,3878,178,0,0,22.6483516483516,0,0,4122,182,0,0,0,0
"6154",2023-01-22,8,45,3856,177,0,0,22.6483516483516,0,0,4122,182,0,0,0,0
"6155",2023-01-22,8,50,3856,177,0,0,22.6483516483516,0,0,4122,182,0,0,0,0
"6156",2023-01-22,8,55,3856,177,0,0,22.6483516483516,0,0,4122,182,0,0,0,0
"6157",2023-01-22,9,0,3934,177,0,0,22.3011363636364,0,0,4128,186,0,0,0,0
"6158",2023-01-22,9,5,3947,177,0,0,22.3011363636364,0,0,4128,186,0,0,0,0
"6159",2023-01-22,9,10,3925,176,0,0,22.3011363636364,0,0,4128,186,0,0,0,0
"6160",2023-01-22,9,15,3858,176,0,0,22.3011363636364,0,0,4128,186,0,0,0,0
"6161",2023-01-22,9,20,3869,176,0,0,22.3011363636364,0,0,4128,186,0,0,0,0
"6162",2023-01-22,9,25,3869,176,0,0,22.3011363636364,0,0,4128,186,0,0,0,0
"6163",2023-01-22,9,30,3869,176,0,0,22.3011363636364,0,0,4128,186,0,0,0,0
"6164",2023-01-22,9,35,3935,179,0,0,22.3011363636364,0,0,4128,186,0,0,0,0
"6165",2023-01-22,9,40,4018,181,0,0,22.3011363636364,0,0,4128,186,0,0,0,0
"6166",2023-01-22,9,45,4084,184,0,0,22.3011363636364,0,0,4128,186,0,0,0,0
"6167",2023-01-22,9,50,4062,183,0,0,22.3011363636364,0,0,4128,186,0,0,0,0
"6168",2023-01-22,9,55,4128,186,0,0,22.3011363636364,0,0,4128,186,0,0,0,0
"6169",2023-01-22,10,0,4194,189,0,0,23.169014084507,0,0,4935,213,0,0,0,0
"6170",2023-01-22,10,5,4177,190,0,0,23.169014084507,0,0,4935,213,0,0,0,0
"6171",2023-01-22,10,10,4287,194,0,0,23.169014084507,0,0,4935,213,0,0,0,0
"6172",2023-01-22,10,15,4309,195,0,0,23.169014084507,0,0,4935,213,0,0,0,0
"6173",2023-01-22,10,20,4353,197,0,0,23.169014084507,0,0,4935,213,0,0,0,0
"6174",2023-01-22,10,25,4375,198,0,0,23.169014084507,0,0,4935,213,0,0,0,0
"6175",2023-01-22,10,30,4469,201,0,0,23.169014084507,0,0,4935,213,0,0,0,0
"6176",2023-01-22,10,35,4491,202,0,0,23.169014084507,0,0,4935,213,0,0,0,0
"6177",2023-01-22,10,40,4563,204,0,0,23.169014084507,0,0,4935,213,0,0,0,0
"6178",2023-01-22,10,45,4651,209,0,0,23.169014084507,0,0,4935,213,0,0,0,0
"6179",2023-01-22,10,50,4935,213,0,0,23.169014084507,0,0,4935,213,0,0,0,0
"6180",2023-01-22,10,55,4935,213,0,0,23.169014084507,0,0,4935,213,0,0,0,0
"6181",2023-01-22,11,0,4967,214,0,0,27.9045454545455,0,0,6139,222,0,0,0,0
"6182",2023-01-22,11,5,4984,215,0,0,27.9045454545455,0,0,6139,222,0,0,0,0
"6183",2023-01-22,11,10,4989,216,0,0,27.9045454545455,0,0,6139,222,0,0,0,0
"6184",2023-01-22,11,15,5000,216,0,0,27.9045454545455,0,0,6139,222,0,0,0,0
"6185",2023-01-22,11,20,5066,219,0,0,27.9045454545455,0,0,6139,222,0,0,0,0
"6186",2023-01-22,11,25,5568,222,0,0,27.9045454545455,0,0,6139,222,0,0,0,0
"6187",2023-01-22,11,30,5625,221,0,0,27.9045454545455,0,0,6139,222,0,0,0,0
"6188",2023-01-22,11,35,5335,218,0,0,27.9045454545455,0,0,6139,222,0,0,0,0
"6189",2023-01-22,11,40,5515,219,0,0,27.9045454545455,0,0,6139,222,0,0,0,0
"6190",2023-01-22,11,45,5899,218,0,0,27.9045454545455,0,0,6139,222,0,0,0,0
"6191",2023-01-22,11,50,5817,218,0,0,27.9045454545455,0,0,6139,222,0,0,0,0
"6192",2023-01-22,11,55,6139,220,0,0,27.9045454545455,0,0,6139,222,0,0,0,0
"6193",2023-01-22,12,0,5999,218,0,0,28.5575221238938,0,0,6454,227,0,0,0,0
"6194",2023-01-22,12,5,5631,217,0,0,28.5575221238938,0,0,6454,227,0,0,0,0
"6195",2023-01-22,12,10,5831,221,0,0,28.5575221238938,0,0,6454,227,0,0,0,0
"6196",2023-01-22,12,15,5934,218,0,0,28.5575221238938,0,0,6454,227,0,0,0,0
"6197",2023-01-22,12,20,6021,217,0,0,28.5575221238938,0,0,6454,227,0,0,0,0
"6198",2023-01-22,12,25,6267,221,0,0,28.5575221238938,0,0,6454,227,0,0,0,0
"6199",2023-01-22,12,30,6251,222,0,0,28.5575221238938,0,0,6454,227,0,0,0,0
"6200",2023-01-22,12,35,6454,226,0,0,28.5575221238938,0,0,6454,227,0,0,0,0
"6201",2023-01-22,12,40,6318,227,0,0,28.5575221238938,0,0,6454,227,0,0,0,0
"6202",2023-01-22,12,45,6126,224,0,0,28.5575221238938,0,0,6454,227,0,0,0,0
"6203",2023-01-22,12,50,5911,220,0,0,28.5575221238938,0,0,6454,227,0,0,0,0
"6204",2023-01-22,12,55,5753,220,0,0,28.5575221238938,0,0,6454,227,0,0,0,0
"6205",2023-01-22,13,0,5769,222,0,0,27.9181818181818,0,0,6142,226,0,0,0,0
"6206",2023-01-22,13,5,5873,223,0,0,27.9181818181818,0,0,6142,226,0,0,0,0
"6207",2023-01-22,13,10,5901,223,0,0,27.9181818181818,0,0,6142,226,0,0,0,0
"6208",2023-01-22,13,15,6001,224,0,0,27.9181818181818,0,0,6142,226,0,0,0,0
"6209",2023-01-22,13,20,5968,222,0,0,27.9181818181818,0,0,6142,226,0,0,0,0
"6210",2023-01-22,13,25,5980,217,0,0,27.9181818181818,0,0,6142,226,0,0,0,0
"6211",2023-01-22,13,30,6142,220,0,0,27.9181818181818,0,0,6142,226,0,0,0,0
"6212",2023-01-22,13,35,5798,217,0,0,27.9181818181818,0,0,6142,226,0,0,0,0
"6213",2023-01-22,13,40,5596,215,0,0,27.9181818181818,0,0,6142,226,0,0,0,0
"6214",2023-01-22,13,45,5567,224,0,0,27.9181818181818,0,0,6142,226,0,0,0,0
"6215",2023-01-22,13,50,5551,226,0,0,27.9181818181818,0,0,6142,226,0,0,0,0
"6216",2023-01-22,13,55,4965,220,0,0,27.9181818181818,0,0,6142,226,0,0,0,0
"6217",2023-01-22,14,0,4899,215,0,0,28.8009049773756,0,0,6365,222,0,0,0,0
"6218",2023-01-22,14,5,5093,221,0,0,28.8009049773756,0,0,6365,222,0,0,0,0
"6219",2023-01-22,14,10,5088,219,0,0,28.8009049773756,0,0,6365,222,0,0,0,0
"6220",2023-01-22,14,15,5503,222,0,0,28.8009049773756,0,0,6365,222,0,0,0,0
"6221",2023-01-22,14,20,5787,219,0,0,28.8009049773756,0,0,6365,222,0,0,0,0
"6222",2023-01-22,14,25,5383,216,0,0,28.8009049773756,0,0,6365,222,0,0,0,0
"6223",2023-01-22,14,30,5443,216,0,0,28.8009049773756,0,0,6365,222,0,0,0,0
"6224",2023-01-22,14,35,5710,216,0,0,28.8009049773756,0,0,6365,222,0,0,0,0
"6225",2023-01-22,14,40,5841,218,0,0,28.8009049773756,0,0,6365,222,0,0,0,0
"6226",2023-01-22,14,45,6058,217,0,0,28.8009049773756,0,0,6365,222,0,0,0,0
"6227",2023-01-22,14,50,5862,217,0,0,28.8009049773756,0,0,6365,222,0,0,0,0
"6228",2023-01-22,14,55,6365,221,0,0,28.8009049773756,0,0,6365,222,0,0,0,0
"6229",2023-01-22,15,0,6543,223,0,0,29.3408071748879,0,0,6543,224,0,0,0,0
"6230",2023-01-22,15,5,6279,224,0,0,29.3408071748879,0,0,6543,224,0,0,0,0
"6231",2023-01-22,15,10,6179,221,0,0,29.3408071748879,0,0,6543,224,0,0,0,0
"6232",2023-01-22,15,15,5816,219,0,0,29.3408071748879,0,0,6543,224,0,0,0,0
"6233",2023-01-22,15,20,5778,219,0,0,29.3408071748879,0,0,6543,224,0,0,0,0
"6234",2023-01-22,15,25,6326,221,0,0,29.3408071748879,0,0,6543,224,0,0,0,0
"6235",2023-01-22,15,30,5920,220,0,0,29.3408071748879,0,0,6543,224,0,0,0,0
"6236",2023-01-22,15,35,5876,218,0,0,29.3408071748879,0,0,6543,224,0,0,0,0
"6237",2023-01-22,15,40,5718,215,0,0,29.3408071748879,0,0,6543,224,0,0,0,0
"6238",2023-01-22,15,45,5790,217,0,0,29.3408071748879,0,0,6543,224,0,0,0,0
"6239",2023-01-22,15,50,5457,215,0,0,29.3408071748879,0,0,6543,224,0,0,0,0
"6240",2023-01-22,15,55,5013,216,0,0,29.3408071748879,0,0,6543,224,0,0,0,0
"6241",2023-01-22,16,0,5522,217,0,0,30.481308411215,0,0,6600,218,0,0,0,0
"6242",2023-01-22,16,5,5478,215,0,0,30.481308411215,0,0,6600,218,0,0,0,0
"6243",2023-01-22,16,10,5701,218,0,0,30.481308411215,0,0,6600,218,0,0,0,0
"6244",2023-01-22,16,15,5643,215,0,0,30.481308411215,0,0,6600,218,0,0,0,0
"6245",2023-01-22,16,20,5610,213,0,0,30.481308411215,0,0,6600,218,0,0,0,0
"6246",2023-01-22,16,25,6208,214,0,0,30.481308411215,0,0,6600,218,0,0,0,0
"6247",2023-01-22,16,30,6056,213,0,0,30.481308411215,0,0,6600,218,0,0,0,0
"6248",2023-01-22,16,35,6600,218,0,0,30.481308411215,0,0,6600,218,0,0,0,0
"6249",2023-01-22,16,40,6392,213,0,0,30.481308411215,0,0,6600,218,0,0,0,0
"6250",2023-01-22,16,45,6523,214,0,0,30.481308411215,0,0,6600,218,0,0,0,0
"6251",2023-01-22,16,50,6025,211,0,0,30.481308411215,0,0,6600,218,0,0,0,0
"6252",2023-01-22,16,55,5876,205,0,0,30.481308411215,0,0,6600,218,0,0,0,0
"6253",2023-01-22,17,0,6356,206,0,0,30.8543689320388,0,0,6356,207,0,0,0,0
"6254",2023-01-22,17,5,6078,206,0,0,30.8543689320388,0,0,6356,207,0,0,0,0
"6255",2023-01-22,17,10,6056,205,0,0,30.8543689320388,0,0,6356,207,0,0,0,0
"6256",2023-01-22,17,15,5696,207,0,0,30.8543689320388,0,0,6356,207,0,0,0,0
"6257",2023-01-22,17,20,5871,206,0,0,30.8543689320388,0,0,6356,207,0,0,0,0
"6258",2023-01-22,17,25,5091,203,0,0,30.8543689320388,0,0,6356,207,0,0,0,0
"6259",2023-01-22,17,30,4885,199,0,0,30.8543689320388,0,0,6356,207,0,0,0,0
"6260",2023-01-22,17,35,4921,198,0,0,30.8543689320388,0,0,6356,207,0,0,0,0
"6261",2023-01-22,17,40,4932,198,0,0,30.8543689320388,0,0,6356,207,0,0,0,0
"6262",2023-01-22,17,45,5070,194,0,0,30.8543689320388,0,0,6356,207,0,0,0,0
"6263",2023-01-22,17,50,5069,192,0,0,30.8543689320388,0,0,6356,207,0,0,0,0
"6264",2023-01-22,17,55,4668,190,0,0,30.8543689320388,0,0,6356,207,0,0,0,0
"6265",2023-01-22,18,0,4370,184,0,0,26.4393063583815,0,0,4727,187,0,0,0,0
"6266",2023-01-22,18,5,4187,181,0,0,26.4393063583815,0,0,4727,187,0,0,0,0
"6267",2023-01-22,18,10,4209,181,0,0,26.4393063583815,0,0,4727,187,0,0,0,0
"6268",2023-01-22,18,15,4257,180,0,0,26.4393063583815,0,0,4727,187,0,0,0,0
"6269",2023-01-22,18,20,4474,185,0,0,26.4393063583815,0,0,4727,187,0,0,0,0
"6270",2023-01-22,18,25,4493,185,0,0,26.4393063583815,0,0,4727,187,0,0,0,0
"6271",2023-01-22,18,30,4727,187,0,0,26.4393063583815,0,0,4727,187,0,0,0,0
"6272",2023-01-22,18,35,4586,180,0,0,26.4393063583815,0,0,4727,187,0,0,0,0
"6273",2023-01-22,18,40,4570,177,0,0,26.4393063583815,0,0,4727,187,0,0,0,0
"6274",2023-01-22,18,45,4255,174,0,0,26.4393063583815,0,0,4727,187,0,0,0,0
"6275",2023-01-22,18,50,4499,172,0,0,26.4393063583815,0,0,4727,187,0,0,0,0
"6276",2023-01-22,18,55,4574,173,0,0,26.4393063583815,0,0,4727,187,0,0,0,0
"6277",2023-01-22,19,0,4702,173,0,0,28.1686046511628,0,0,4845,180,0,0,0,0
"6278",2023-01-22,19,5,4818,174,0,0,28.1686046511628,0,0,4845,180,0,0,0,0
"6279",2023-01-22,19,10,4769,175,0,0,28.1686046511628,0,0,4845,180,0,0,0,0
"6280",2023-01-22,19,15,4845,172,0,0,28.1686046511628,0,0,4845,180,0,0,0,0
"6281",2023-01-22,19,20,4196,170,0,0,28.1686046511628,0,0,4845,180,0,0,0,0
"6282",2023-01-22,19,25,4524,172,0,0,28.1686046511628,0,0,4845,180,0,0,0,0
"6283",2023-01-22,19,30,4469,170,0,0,28.1686046511628,0,0,4845,180,0,0,0,0
"6284",2023-01-22,19,35,4524,174,0,0,28.1686046511628,0,0,4845,180,0,0,0,0
"6285",2023-01-22,19,40,4595,177,0,0,28.1686046511628,0,0,4845,180,0,0,0,0
"6286",2023-01-22,19,45,4789,180,0,0,28.1686046511628,0,0,4845,180,0,0,0,0
"6287",2023-01-22,19,50,4725,176,0,0,28.1686046511628,0,0,4845,180,0,0,0,0
"6288",2023-01-22,19,55,4797,179,0,0,28.1686046511628,0,0,4845,180,0,0,0,0
"6289",2023-01-22,20,0,4669,179,0,0,26.0837988826816,0,0,4669,180,0,0,0,0
"6290",2023-01-22,20,5,4491,175,0,0,26.0837988826816,0,0,4669,180,0,0,0,0
"6291",2023-01-22,20,10,4254,175,0,0,26.0837988826816,0,0,4669,180,0,0,0,0
"6292",2023-01-22,20,15,4303,176,0,0,26.0837988826816,0,0,4669,180,0,0,0,0
"6293",2023-01-22,20,20,4347,178,0,0,26.0837988826816,0,0,4669,180,0,0,0,0
"6294",2023-01-22,20,25,4398,180,0,0,26.0837988826816,0,0,4669,180,0,0,0,0
"6295",2023-01-22,20,30,3868,171,0,0,26.0837988826816,0,0,4669,180,0,0,0,0
"6296",2023-01-22,20,35,4118,171,0,0,26.0837988826816,0,0,4669,180,0,0,0,0
"6297",2023-01-22,20,40,4140,172,0,0,26.0837988826816,0,0,4669,180,0,0,0,0
"6298",2023-01-22,20,45,4118,171,0,0,26.0837988826816,0,0,4669,180,0,0,0,0
"6299",2023-01-22,20,50,4110,171,0,0,26.0837988826816,0,0,4669,180,0,0,0,0
"6300",2023-01-22,20,55,4132,172,0,0,26.0837988826816,0,0,4669,180,0,0,0,0
"6301",2023-01-22,21,0,4060,170,0,0,24.6913580246914,0,0,4060,171,0,0,0,0
"6302",2023-01-22,21,5,3782,170,0,0,24.6913580246914,0,0,4060,171,0,0,0,0
"6303",2023-01-22,21,10,3864,171,0,0,24.6913580246914,0,0,4060,171,0,0,0,0
"6304",2023-01-22,21,15,3809,167,0,0,24.6913580246914,0,0,4060,171,0,0,0,0
"6305",2023-01-22,21,20,3673,163,0,0,24.6913580246914,0,0,4060,171,0,0,0,0
"6306",2023-01-22,21,25,3755,165,0,0,24.6913580246914,0,0,4060,171,0,0,0,0
"6307",2023-01-22,21,30,3755,165,0,0,24.6913580246914,0,0,4060,171,0,0,0,0
"6308",2023-01-22,21,35,3755,165,0,0,24.6913580246914,0,0,4060,171,0,0,0,0
"6309",2023-01-22,21,40,3711,162,0,0,24.6913580246914,0,0,4060,171,0,0,0,0
"6310",2023-01-22,21,45,4033,164,0,0,24.6913580246914,0,0,4060,171,0,0,0,0
"6311",2023-01-22,21,50,4000,162,0,0,24.6913580246914,0,0,4060,171,0,0,0,0
"6312",2023-01-22,21,55,3806,159,0,0,24.6913580246914,0,0,4060,171,0,0,0,0
"6313",2023-01-22,22,0,4123,160,0,0,25.76875,0,0,4167,162,0,0,0,0
"6314",2023-01-22,22,5,4167,162,0,0,25.76875,0,0,4167,162,0,0,0,0
"6315",2023-01-22,22,10,3867,161,0,0,25.76875,0,0,4167,162,0,0,0,0
"6316",2023-01-22,22,15,3545,159,0,0,25.76875,0,0,4167,162,0,0,0,0
"6317",2023-01-22,22,20,3523,158,0,0,25.76875,0,0,4167,162,0,0,0,0
"6318",2023-01-22,22,25,3992,160,0,0,25.76875,0,0,4167,162,0,0,0,0
"6319",2023-01-22,22,30,3615,155,0,0,25.76875,0,0,4167,162,0,0,0,0
"6320",2023-01-22,22,35,3637,156,0,0,25.76875,0,0,4167,162,0,0,0,0
"6321",2023-01-22,22,40,3457,156,0,0,25.76875,0,0,4167,162,0,0,0,0
"6322",2023-01-22,22,45,3501,158,0,0,25.76875,0,0,4167,162,0,0,0,0
"6323",2023-01-22,22,50,3479,157,0,0,25.76875,0,0,4167,162,0,0,0,0
"6324",2023-01-22,22,55,3435,155,0,0,25.76875,0,0,4167,162,0,0,0,0
"6325",2023-01-22,23,0,3441,154,0,0,22.3441558441558,0,0,3441,154,0,0,0,0
"6326",2023-01-22,23,5,3347,151,0,0,22.3441558441558,0,0,3441,154,0,0,0,0
"6327",2023-01-22,23,10,3347,151,0,0,22.3441558441558,0,0,3441,154,0,0,0,0
"6328",2023-01-22,23,15,3325,150,0,0,22.3441558441558,0,0,3441,154,0,0,0,0
"6329",2023-01-22,23,20,3325,150,0,0,22.3441558441558,0,0,3441,154,0,0,0,0
"6330",2023-01-22,23,25,3303,149,0,0,22.3441558441558,0,0,3441,154,0,0,0,0
"6331",2023-01-22,23,30,3314,150,0,0,22.3441558441558,0,0,3441,154,0,0,0,0
"6332",2023-01-22,23,35,3292,149,0,0,22.3441558441558,0,0,3441,154,0,0,0,0
"6333",2023-01-22,23,40,3292,149,0,0,22.3441558441558,0,0,3441,154,0,0,0,0
"6334",2023-01-22,23,45,3270,148,0,0,22.3441558441558,0,0,3441,154,0,0,0,0
"6335",2023-01-22,23,50,3226,146,0,0,22.3441558441558,0,0,3441,154,0,0,0,0
"6336",2023-01-22,23,55,3248,147,0,0,22.3441558441558,0,0,3441,154,0,0,0,0
"6337",2023-01-23,0,0,4035,192,0,0,21.3791208791209,0,0,4035,192,0,0,0,0
"6338",2023-01-23,0,5,4035,192,0,0,21.3791208791209,0,0,4035,192,0,0,0,0
"6339",2023-01-23,0,10,4018,191,0,0,21.3791208791209,0,0,4035,192,0,0,0,0
"6340",2023-01-23,0,15,3974,189,0,0,21.3791208791209,0,0,4035,192,0,0,0,0
"6341",2023-01-23,0,20,3974,189,0,0,21.3791208791209,0,0,4035,192,0,0,0,0
"6342",2023-01-23,0,25,3886,185,0,0,21.3791208791209,0,0,4035,192,0,0,0,0
"6343",2023-01-23,0,30,3886,185,0,0,21.3791208791209,0,0,4035,192,0,0,0,0
"6344",2023-01-23,0,35,3891,183,0,0,21.3791208791209,0,0,4035,192,0,0,0,0
"6345",2023-01-23,0,40,3891,183,0,0,21.3791208791209,0,0,4035,192,0,0,0,0
"6346",2023-01-23,0,45,3891,182,0,0,21.3791208791209,0,0,4035,192,0,0,0,0
"6347",2023-01-23,0,50,3789,179,0,0,21.3791208791209,0,0,4035,192,0,0,0,0
"6348",2023-01-23,0,55,3789,179,0,0,21.3791208791209,0,0,4035,192,0,0,0,0
"6349",2023-01-23,1,0,3448,141,0,0,24.568345323741,0,0,3448,141,0,0,0,0
"6350",2023-01-23,1,5,3426,140,0,0,24.568345323741,0,0,3448,141,0,0,0,0
"6351",2023-01-23,1,10,3426,140,0,0,24.568345323741,0,0,3448,141,0,0,0,0
"6352",2023-01-23,1,15,3426,140,0,0,24.568345323741,0,0,3448,141,0,0,0,0
"6353",2023-01-23,1,20,3426,140,0,0,24.568345323741,0,0,3448,141,0,0,0,0
"6354",2023-01-23,1,25,3426,140,0,0,24.568345323741,0,0,3448,141,0,0,0,0
"6355",2023-01-23,1,30,3415,139,0,0,24.568345323741,0,0,3448,141,0,0,0,0
"6356",2023-01-23,1,35,3415,139,0,0,24.568345323741,0,0,3448,141,0,0,0,0
"6357",2023-01-23,1,40,3415,139,0,0,24.568345323741,0,0,3448,141,0,0,0,0
"6358",2023-01-23,1,45,3415,139,0,0,24.568345323741,0,0,3448,141,0,0,0,0
"6359",2023-01-23,1,50,3415,139,0,0,24.568345323741,0,0,3448,141,0,0,0,0
"6360",2023-01-23,1,55,3415,139,0,0,24.568345323741,0,0,3448,141,0,0,0,0
"6361",2023-01-23,2,0,3415,139,0,0,27.1347517730496,0,0,3826,142,0,0,0,0
"6362",2023-01-23,2,5,3481,142,0,0,27.1347517730496,0,0,3826,142,0,0,0,0
"6363",2023-01-23,2,10,3459,141,0,0,27.1347517730496,0,0,3826,142,0,0,0,0
"6364",2023-01-23,2,15,3548,141,0,0,27.1347517730496,0,0,3826,142,0,0,0,0
"6365",2023-01-23,2,20,3548,141,0,0,27.1347517730496,0,0,3826,142,0,0,0,0
"6366",2023-01-23,2,25,3548,141,0,0,27.1347517730496,0,0,3826,142,0,0,0,0
"6367",2023-01-23,2,30,3548,141,0,0,27.1347517730496,0,0,3826,142,0,0,0,0
"6368",2023-01-23,2,35,3548,141,0,0,27.1347517730496,0,0,3826,142,0,0,0,0
"6369",2023-01-23,2,40,3548,141,0,0,27.1347517730496,0,0,3826,142,0,0,0,0
"6370",2023-01-23,2,45,3826,141,0,0,27.1347517730496,0,0,3826,142,0,0,0,0
"6371",2023-01-23,2,50,3748,141,0,0,27.1347517730496,0,0,3826,142,0,0,0,0
"6372",2023-01-23,2,55,3748,141,0,0,27.1347517730496,0,0,3826,142,0,0,0,0
"6373",2023-01-23,3,0,3748,141,0,0,28.6,0,0,4004,141,0,0,0,0
"6374",2023-01-23,3,5,4004,140,0,0,28.6,0,0,4004,141,0,0,0,0
"6375",2023-01-23,3,10,4004,140,0,0,28.6,0,0,4004,141,0,0,0,0
"6376",2023-01-23,3,15,4004,140,0,0,28.6,0,0,4004,141,0,0,0,0
"6377",2023-01-23,3,20,4004,140,0,0,28.6,0,0,4004,141,0,0,0,0
"6378",2023-01-23,3,25,3704,139,0,0,28.6,0,0,4004,141,0,0,0,0
"6379",2023-01-23,3,30,3704,139,0,0,28.6,0,0,4004,141,0,0,0,0
"6380",2023-01-23,3,35,3704,139,0,0,28.6,0,0,4004,141,0,0,0,0
"6381",2023-01-23,3,40,3704,139,0,0,28.6,0,0,4004,141,0,0,0,0
"6382",2023-01-23,3,45,3682,138,0,0,28.6,0,0,4004,141,0,0,0,0
"6383",2023-01-23,3,50,3682,138,0,0,28.6,0,0,4004,141,0,0,0,0
"6384",2023-01-23,3,55,3682,138,0,0,28.6,0,0,4004,141,0,0,0,0
"6385",2023-01-23,4,0,3660,137,0,0,26.9565217391304,0,0,3720,138,0,0,0,0
"6386",2023-01-23,4,5,3660,137,0,0,26.9565217391304,0,0,3720,138,0,0,0,0
"6387",2023-01-23,4,10,3720,138,0,0,26.9565217391304,0,0,3720,138,0,0,0,0
"6388",2023-01-23,4,15,3409,136,0,0,26.9565217391304,0,0,3720,138,0,0,0,0
"6389",2023-01-23,4,20,3387,135,0,0,26.9565217391304,0,0,3720,138,0,0,0,0
"6390",2023-01-23,4,25,3387,135,0,0,26.9565217391304,0,0,3720,138,0,0,0,0
"6391",2023-01-23,4,30,3387,135,0,0,26.9565217391304,0,0,3720,138,0,0,0,0
"6392",2023-01-23,4,35,3365,134,0,0,26.9565217391304,0,0,3720,138,0,0,0,0
"6393",2023-01-23,4,40,3365,134,0,0,26.9565217391304,0,0,3720,138,0,0,0,0
"6394",2023-01-23,4,45,3365,134,0,0,26.9565217391304,0,0,3720,138,0,0,0,0
"6395",2023-01-23,4,50,3365,133,0,0,26.9565217391304,0,0,3720,138,0,0,0,0
"6396",2023-01-23,4,55,3343,132,0,0,26.9565217391304,0,0,3720,138,0,0,0,0
"6397",2023-01-23,5,0,3343,132,0,0,25.3257575757576,0,0,3343,132,0,0,0,0
"6398",2023-01-23,5,5,3283,131,0,0,25.3257575757576,0,0,3343,132,0,0,0,0
"6399",2023-01-23,5,10,3283,131,0,0,25.3257575757576,0,0,3343,132,0,0,0,0
"6400",2023-01-23,5,15,3283,131,0,0,25.3257575757576,0,0,3343,132,0,0,0,0
"6401",2023-01-23,5,20,3283,131,0,0,25.3257575757576,0,0,3343,132,0,0,0,0
"6402",2023-01-23,5,25,3283,131,0,0,25.3257575757576,0,0,3343,132,0,0,0,0
"6403",2023-01-23,5,30,3283,131,0,0,25.3257575757576,0,0,3343,132,0,0,0,0
"6404",2023-01-23,5,35,3283,131,0,0,25.3257575757576,0,0,3343,132,0,0,0,0
"6405",2023-01-23,5,40,3283,131,0,0,25.3257575757576,0,0,3343,132,0,0,0,0
"6406",2023-01-23,5,45,3283,131,0,0,25.3257575757576,0,0,3343,132,0,0,0,0
"6407",2023-01-23,5,50,3283,131,0,0,25.3257575757576,0,0,3343,132,0,0,0,0
"6408",2023-01-23,5,55,3283,131,0,0,25.3257575757576,0,0,3343,132,0,0,0,0
"6409",2023-01-23,6,0,3305,132,0,0,25.780303030303,0,0,3403,132,0,0,0,0
"6410",2023-01-23,6,5,3305,132,0,0,25.780303030303,0,0,3403,132,0,0,0,0
"6411",2023-01-23,6,10,3305,132,0,0,25.780303030303,0,0,3403,132,0,0,0,0
"6412",2023-01-23,6,15,3305,132,0,0,25.780303030303,0,0,3403,132,0,0,0,0
"6413",2023-01-23,6,20,3305,132,0,0,25.780303030303,0,0,3403,132,0,0,0,0
"6414",2023-01-23,6,25,3305,132,0,0,25.780303030303,0,0,3403,132,0,0,0,0
"6415",2023-01-23,6,30,3283,131,0,0,25.780303030303,0,0,3403,132,0,0,0,0
"6416",2023-01-23,6,35,3261,130,0,0,25.780303030303,0,0,3403,132,0,0,0,0
"6417",2023-01-23,6,40,3283,131,0,0,25.780303030303,0,0,3403,132,0,0,0,0
"6418",2023-01-23,6,45,3403,132,0,0,25.780303030303,0,0,3403,132,0,0,0,0
"6419",2023-01-23,6,50,3403,132,0,0,25.780303030303,0,0,3403,132,0,0,0,0
"6420",2023-01-23,6,55,3305,132,0,0,25.780303030303,0,0,3403,132,0,0,0,0
"6421",2023-01-23,7,0,3305,133,0,0,26.9683544303797,0,0,4261,164,0,0,0,0
"6422",2023-01-23,7,5,3338,135,0,0,26.9683544303797,0,0,4261,164,0,0,0,0
"6423",2023-01-23,7,10,3371,138,0,0,26.9683544303797,0,0,4261,164,0,0,0,0
"6424",2023-01-23,7,15,3638,137,0,0,26.9683544303797,0,0,4261,164,0,0,0,0
"6425",2023-01-23,7,20,3769,140,0,0,26.9683544303797,0,0,4261,164,0,0,0,0
"6426",2023-01-23,7,25,3769,140,0,0,26.9683544303797,0,0,4261,164,0,0,0,0
"6427",2023-01-23,7,30,3819,142,0,0,26.9683544303797,0,0,4261,164,0,0,0,0
"6428",2023-01-23,7,35,3841,143,0,0,26.9683544303797,0,0,4261,164,0,0,0,0
"6429",2023-01-23,7,40,3946,147,0,0,26.9683544303797,0,0,4261,164,0,0,0,0
"6430",2023-01-23,7,45,4100,155,0,0,26.9683544303797,0,0,4261,164,0,0,0,0
"6431",2023-01-23,7,50,4261,158,0,0,26.9683544303797,0,0,4261,164,0,0,0,0
"6432",2023-01-23,7,55,4180,164,0,0,26.9683544303797,0,0,4261,164,0,0,0,0
"6433",2023-01-23,8,0,4356,174,0,0,26.0837438423645,0,0,5504,224,0,0,0,0
"6434",2023-01-23,8,5,4362,176,0,0,26.0837438423645,0,0,5504,224,0,0,0,0
"6435",2023-01-23,8,10,4461,179,0,0,26.0837438423645,0,0,5504,224,0,0,0,0
"6436",2023-01-23,8,15,4533,181,0,0,26.0837438423645,0,0,5504,224,0,0,0,0
"6437",2023-01-23,8,20,4627,184,0,0,26.0837438423645,0,0,5504,224,0,0,0,0
"6438",2023-01-23,8,25,4587,190,0,0,26.0837438423645,0,0,5504,224,0,0,0,0
"6439",2023-01-23,8,30,4961,194,0,0,26.0837438423645,0,0,5504,224,0,0,0,0
"6440",2023-01-23,8,35,5295,203,0,0,26.0837438423645,0,0,5504,224,0,0,0,0
"6441",2023-01-23,8,40,5438,211,0,0,26.0837438423645,0,0,5504,224,0,0,0,0
"6442",2023-01-23,8,45,5504,215,0,0,26.0837438423645,0,0,5504,224,0,0,0,0
"6443",2023-01-23,8,50,5038,215,0,0,26.0837438423645,0,0,5504,224,0,0,0,0
"6444",2023-01-23,8,55,5131,224,0,0,26.0837438423645,0,0,5504,224,0,0,0,0
"6445",2023-01-23,9,0,5208,228,0,0,23.12,0,0,6728,293,0,0,0,0
"6446",2023-01-23,9,5,5290,231,0,0,23.12,0,0,6728,293,0,0,0,0
"6447",2023-01-23,9,10,5441,246,0,0,23.12,0,0,6728,293,0,0,0,0
"6448",2023-01-23,9,15,5540,250,0,0,23.12,0,0,6728,293,0,0,0,0
"6449",2023-01-23,9,20,5661,257,0,0,23.12,0,0,6728,293,0,0,0,0
"6450",2023-01-23,9,25,5953,264,0,0,23.12,0,0,6728,293,0,0,0,0
"6451",2023-01-23,9,30,6019,268,0,0,23.12,0,0,6728,293,0,0,0,0
"6452",2023-01-23,9,35,6358,275,0,0,23.12,0,0,6728,293,0,0,0,0
"6453",2023-01-23,9,40,6402,278,0,0,23.12,0,0,6728,293,0,0,0,0
"6454",2023-01-23,9,45,5875,263,0,0,23.12,0,0,6728,293,0,0,0,0
"6455",2023-01-23,9,50,6465,289,0,0,23.12,0,0,6728,293,0,0,0,0
"6456",2023-01-23,9,55,6728,293,0,0,23.12,0,0,6728,293,0,0,0,0
"6457",2023-01-23,10,0,6586,291,0,0,22.6724137931034,0,0,6855,306,0,0,0,0
"6458",2023-01-23,10,5,6575,290,0,0,22.6724137931034,0,0,6855,306,0,0,0,0
"6459",2023-01-23,10,10,6569,292,0,0,22.6724137931034,0,0,6855,306,0,0,0,0
"6460",2023-01-23,10,15,6624,295,0,0,22.6724137931034,0,0,6855,306,0,0,0,0
"6461",2023-01-23,10,20,6696,297,0,0,22.6724137931034,0,0,6855,306,0,0,0,0
"6462",2023-01-23,10,25,6784,302,0,0,22.6724137931034,0,0,6855,306,0,0,0,0
"6463",2023-01-23,10,30,6778,303,0,0,22.6724137931034,0,0,6855,306,0,0,0,0
"6464",2023-01-23,10,35,6822,305,0,0,22.6724137931034,0,0,6855,306,0,0,0,0
"6465",2023-01-23,10,40,6855,305,0,0,22.6724137931034,0,0,6855,306,0,0,0,0
"6466",2023-01-23,10,45,6686,305,0,0,22.6724137931034,0,0,6855,306,0,0,0,0
"6467",2023-01-23,10,50,6416,303,0,0,22.6724137931034,0,0,6855,306,0,0,0,0
"6468",2023-01-23,10,55,6477,306,0,0,22.6724137931034,0,0,6855,306,0,0,0,0
"6469",2023-01-23,11,0,6540,308,0,0,22.3245033112583,0,0,6742,308,0,0,0,0
"6470",2023-01-23,11,5,6521,307,0,0,22.3245033112583,0,0,6742,308,0,0,0,0
"6471",2023-01-23,11,10,6529,308,0,0,22.3245033112583,0,0,6742,308,0,0,0,0
"6472",2023-01-23,11,15,6382,308,0,0,22.3245033112583,0,0,6742,308,0,0,0,0
"6473",2023-01-23,11,20,6387,307,0,0,22.3245033112583,0,0,6742,308,0,0,0,0
"6474",2023-01-23,11,25,6451,294,0,0,22.3245033112583,0,0,6742,308,0,0,0,0
"6475",2023-01-23,11,30,6495,296,0,0,22.3245033112583,0,0,6742,308,0,0,0,0
"6476",2023-01-23,11,35,6300,299,0,0,22.3245033112583,0,0,6742,308,0,0,0,0
"6477",2023-01-23,11,40,6355,303,0,0,22.3245033112583,0,0,6742,308,0,0,0,0
"6478",2023-01-23,11,45,6399,305,0,0,22.3245033112583,0,0,6742,308,0,0,0,0
"6479",2023-01-23,11,50,6742,302,0,0,22.3245033112583,0,0,6742,308,0,0,0,0
"6480",2023-01-23,11,55,6731,302,0,0,22.3245033112583,0,0,6742,308,0,0,0,0
"6481",2023-01-23,12,0,6632,297,0,0,22.3299663299663,0,0,6632,299,0,0,0,0
"6482",2023-01-23,12,5,6507,298,0,0,22.3299663299663,0,0,6632,299,0,0,0,0
"6483",2023-01-23,12,10,6568,299,0,0,22.3299663299663,0,0,6632,299,0,0,0,0
"6484",2023-01-23,12,15,6371,294,0,0,22.3299663299663,0,0,6632,299,0,0,0,0
"6485",2023-01-23,12,20,6311,293,0,0,22.3299663299663,0,0,6632,299,0,0,0,0
"6486",2023-01-23,12,25,6172,293,0,0,22.3299663299663,0,0,6632,299,0,0,0,0
"6487",2023-01-23,12,30,6089,290,0,0,22.3299663299663,0,0,6632,299,0,0,0,0
"6488",2023-01-23,12,35,5852,285,0,0,22.3299663299663,0,0,6632,299,0,0,0,0
"6489",2023-01-23,12,40,5764,280,0,0,22.3299663299663,0,0,6632,299,0,0,0,0
"6490",2023-01-23,12,45,5921,273,0,0,22.3299663299663,0,0,6632,299,0,0,0,0
"6491",2023-01-23,12,50,5744,270,0,0,22.3299663299663,0,0,6632,299,0,0,0,0
"6492",2023-01-23,12,55,5864,264,0,0,22.3299663299663,0,0,6632,299,0,0,0,0
"6493",2023-01-23,13,0,5834,257,0,0,26.4583333333333,0,0,6350,257,0,0,0,0
"6494",2023-01-23,13,5,5640,253,0,0,26.4583333333333,0,0,6350,257,0,0,0,0
"6495",2023-01-23,13,10,5380,246,0,0,26.4583333333333,0,0,6350,257,0,0,0,0
"6496",2023-01-23,13,15,5336,243,0,0,26.4583333333333,0,0,6350,257,0,0,0,0
"6497",2023-01-23,13,20,5761,242,0,0,26.4583333333333,0,0,6350,257,0,0,0,0
"6498",2023-01-23,13,25,5870,243,0,0,26.4583333333333,0,0,6350,257,0,0,0,0
"6499",2023-01-23,13,30,5741,244,0,0,26.4583333333333,0,0,6350,257,0,0,0,0
"6500",2023-01-23,13,35,5845,247,0,0,26.4583333333333,0,0,6350,257,0,0,0,0
"6501",2023-01-23,13,40,5847,248,0,0,26.4583333333333,0,0,6350,257,0,0,0,0
"6502",2023-01-23,13,45,6273,252,0,0,26.4583333333333,0,0,6350,257,0,0,0,0
"6503",2023-01-23,13,50,6279,252,0,0,26.4583333333333,0,0,6350,257,0,0,0,0
"6504",2023-01-23,13,55,6350,240,0,0,26.4583333333333,0,0,6350,257,0,0,0,0
"6505",2023-01-23,14,0,6292,245,0,0,27.1365313653137,0,0,7354,272,0,0,0,0
"6506",2023-01-23,14,5,6369,249,0,0,27.1365313653137,0,0,7354,272,0,0,0,0
"6507",2023-01-23,14,10,6507,258,0,0,27.1365313653137,0,0,7354,272,0,0,0,0
"6508",2023-01-23,14,15,6074,255,0,0,27.1365313653137,0,0,7354,272,0,0,0,0
"6509",2023-01-23,14,20,5884,241,0,0,27.1365313653137,0,0,7354,272,0,0,0,0
"6510",2023-01-23,14,25,6805,262,0,0,27.1365313653137,0,0,7354,272,0,0,0,0
"6511",2023-01-23,14,30,6860,264,0,0,27.1365313653137,0,0,7354,272,0,0,0,0
"6512",2023-01-23,14,35,7062,266,0,0,27.1365313653137,0,0,7354,272,0,0,0,0
"6513",2023-01-23,14,40,7354,271,0,0,27.1365313653137,0,0,7354,272,0,0,0,0
"6514",2023-01-23,14,45,3898,145,0,0,27.1365313653137,0,0,7354,272,0,0,0,0
"6515",2023-01-23,14,50,7024,267,0,0,27.1365313653137,0,0,7354,272,0,0,0,0
"6516",2023-01-23,14,55,7095,272,0,0,27.1365313653137,0,0,7354,272,0,0,0,0
"6517",2023-01-23,15,0,6828,272,0,0,25.1029411764706,0,0,6897,285,0,0,0,0
"6518",2023-01-23,15,5,6713,273,0,0,25.1029411764706,0,0,6897,285,0,0,0,0
"6519",2023-01-23,15,10,6707,275,0,0,25.1029411764706,0,0,6897,285,0,0,0,0
"6520",2023-01-23,15,15,6435,273,0,0,25.1029411764706,0,0,6897,285,0,0,0,0
"6521",2023-01-23,15,20,6391,269,0,0,25.1029411764706,0,0,6897,285,0,0,0,0
"6522",2023-01-23,15,25,6268,271,0,0,25.1029411764706,0,0,6897,285,0,0,0,0
"6523",2023-01-23,15,30,6644,275,0,0,25.1029411764706,0,0,6897,285,0,0,0,0
"6524",2023-01-23,15,35,6426,276,0,0,25.1029411764706,0,0,6897,285,0,0,0,0
"6525",2023-01-23,15,40,6611,278,0,0,25.1029411764706,0,0,6897,285,0,0,0,0
"6526",2023-01-23,15,45,6438,282,0,0,25.1029411764706,0,0,6897,285,0,0,0,0
"6527",2023-01-23,15,50,6797,285,0,0,25.1029411764706,0,0,6897,285,0,0,0,0
"6528",2023-01-23,15,55,6897,285,0,0,25.1029411764706,0,0,6897,285,0,0,0,0
"6529",2023-01-23,16,0,6853,283,0,0,27.1901408450704,0,0,6853,283,0,0,0,0
"6530",2023-01-23,16,5,6842,282,0,0,27.1901408450704,0,0,6853,283,0,0,0,0
"6531",2023-01-23,16,10,6754,278,0,0,27.1901408450704,0,0,6853,283,0,0,0,0
"6532",2023-01-23,16,15,6776,281,0,0,27.1901408450704,0,0,6853,283,0,0,0,0
"6533",2023-01-23,16,20,6457,279,0,0,27.1901408450704,0,0,6853,283,0,0,0,0
"6534",2023-01-23,16,25,6424,278,0,0,27.1901408450704,0,0,6853,283,0,0,0,0
"6535",2023-01-23,16,30,3861,142,0,0,27.1901408450704,0,0,6853,283,0,0,0,0
"6536",2023-01-23,16,35,6022,277,0,0,27.1901408450704,0,0,6853,283,0,0,0,0
"6537",2023-01-23,16,40,5894,278,0,0,27.1901408450704,0,0,6853,283,0,0,0,0
"6538",2023-01-23,16,45,5938,280,0,0,27.1901408450704,0,0,6853,283,0,0,0,0
"6539",2023-01-23,16,50,5971,281,0,0,27.1901408450704,0,0,6853,283,0,0,0,0
"6540",2023-01-23,16,55,5999,281,0,0,27.1901408450704,0,0,6853,283,0,0,0,0
"6541",2023-01-23,17,0,5977,280,0,0,24.0584192439863,0,0,7001,292,0,0,0,0
"6542",2023-01-23,17,5,5949,278,0,0,24.0584192439863,0,0,7001,292,0,0,0,0
"6543",2023-01-23,17,10,6260,278,0,0,24.0584192439863,0,0,7001,292,0,0,0,0
"6544",2023-01-23,17,15,6400,284,0,0,24.0584192439863,0,0,7001,292,0,0,0,0
"6545",2023-01-23,17,20,7001,291,0,0,24.0584192439863,0,0,7001,292,0,0,0,0
"6546",2023-01-23,17,25,7001,292,0,0,24.0584192439863,0,0,7001,292,0,0,0,0
"6547",2023-01-23,17,30,6712,290,0,0,24.0584192439863,0,0,7001,292,0,0,0,0
"6548",2023-01-23,17,35,6378,287,0,0,24.0584192439863,0,0,7001,292,0,0,0,0
"6549",2023-01-23,17,40,6088,281,0,0,24.0584192439863,0,0,7001,292,0,0,0,0
"6550",2023-01-23,17,45,6172,277,0,0,24.0584192439863,0,0,7001,292,0,0,0,0
"6551",2023-01-23,17,50,6299,279,0,0,24.0584192439863,0,0,7001,292,0,0,0,0
"6552",2023-01-23,17,55,6563,283,0,0,24.0584192439863,0,0,7001,292,0,0,0,0
"6553",2023-01-23,18,0,6497,281,0,0,26.136,0,0,6616,281,0,0,0,0
"6554",2023-01-23,18,5,6481,279,0,0,26.136,0,0,6616,281,0,0,0,0
"6555",2023-01-23,18,45,6534,250,0,0,26.136,0,0,6616,281,0,0,0,0
"6556",2023-01-23,18,50,6501,249,0,0,26.136,0,0,6616,281,0,0,0,0
"6557",2023-01-23,18,55,6476,248,0,0,26.136,0,0,6616,281,0,0,0,0
"6558",2023-01-23,18,10,6382,271,0,0,26.136,0,0,6616,281,0,0,0,0
"6559",2023-01-23,18,15,6616,269,0,0,26.136,0,0,6616,281,0,0,0,0
"6560",2023-01-23,18,20,6483,267,0,0,26.136,0,0,6616,281,0,0,0,0
"6561",2023-01-23,18,25,6245,259,0,0,26.136,0,0,6616,281,0,0,0,0
"6562",2023-01-23,18,30,6086,252,0,0,26.136,0,0,6616,281,0,0,0,0
"6563",2023-01-23,18,35,6099,251,0,0,26.136,0,0,6616,281,0,0,0,0
"6564",2023-01-23,18,40,5819,244,0,0,26.136,0,0,6616,281,0,0,0,0
"6565",2023-01-23,19,0,6875,253,0,0,27.1739130434783,0,0,6875,253,0,0,0,0
"6566",2023-01-23,19,5,6703,251,0,0,27.1739130434783,0,0,6875,253,0,0,0,0
"6567",2023-01-23,19,10,6631,249,0,0,27.1739130434783,0,0,6875,253,0,0,0,0
"6568",2023-01-23,19,15,6031,246,0,0,27.1739130434783,0,0,6875,253,0,0,0,0
"6569",2023-01-23,19,20,6042,245,0,0,27.1739130434783,0,0,6875,253,0,0,0,0
"6570",2023-01-23,19,25,5901,242,0,0,27.1739130434783,0,0,6875,253,0,0,0,0
"6571",2023-01-23,19,30,5840,241,0,0,27.1739130434783,0,0,6875,253,0,0,0,0
"6572",2023-01-23,19,35,5785,238,0,0,27.1739130434783,0,0,6875,253,0,0,0,0
"6573",2023-01-23,19,40,5425,237,0,0,27.1739130434783,0,0,6875,253,0,0,0,0
"6574",2023-01-23,19,45,5339,232,0,0,27.1739130434783,0,0,6875,253,0,0,0,0
"6575",2023-01-23,19,50,5677,231,0,0,27.1739130434783,0,0,6875,253,0,0,0,0
"6576",2023-01-23,19,55,4865,225,0,0,27.1739130434783,0,0,6875,253,0,0,0,0
"6577",2023-01-23,20,0,4762,222,0,0,25.6728110599078,0,0,5659,223,0,0,0,0
"6578",2023-01-23,20,5,5019,221,0,0,25.6728110599078,0,0,5659,223,0,0,0,0
"6579",2023-01-23,20,10,5363,222,0,0,25.6728110599078,0,0,5659,223,0,0,0,0
"6580",2023-01-23,20,15,4681,219,0,0,25.6728110599078,0,0,5659,223,0,0,0,0
"6581",2023-01-23,20,20,4727,215,0,0,25.6728110599078,0,0,5659,223,0,0,0,0
"6582",2023-01-23,20,25,5560,218,0,0,25.6728110599078,0,0,5659,223,0,0,0,0
"6583",2023-01-23,20,30,5659,223,0,0,25.6728110599078,0,0,5659,223,0,0,0,0
"6584",2023-01-23,20,35,5218,216,0,0,25.6728110599078,0,0,5659,223,0,0,0,0
"6585",2023-01-23,20,40,5413,217,0,0,25.6728110599078,0,0,5659,223,0,0,0,0
"6586",2023-01-23,20,45,5424,218,0,0,25.6728110599078,0,0,5659,223,0,0,0,0
"6587",2023-01-23,20,50,5413,217,0,0,25.6728110599078,0,0,5659,223,0,0,0,0
"6588",2023-01-23,20,55,5571,217,0,0,25.6728110599078,0,0,5659,223,0,0,0,0
"6589",2023-01-23,21,0,5755,218,0,0,26.3990825688073,0,0,5755,218,0,0,0,0
"6590",2023-01-23,21,5,5571,217,0,0,26.3990825688073,0,0,5755,218,0,0,0,0
"6591",2023-01-23,21,10,5409,217,0,0,26.3990825688073,0,0,5755,218,0,0,0,0
"6592",2023-01-23,21,15,5508,218,0,0,26.3990825688073,0,0,5755,218,0,0,0,0
"6593",2023-01-23,21,20,4624,213,0,0,26.3990825688073,0,0,5755,218,0,0,0,0
"6594",2023-01-23,21,25,4624,213,0,0,26.3990825688073,0,0,5755,218,0,0,0,0
"6595",2023-01-23,21,30,4760,212,0,0,26.3990825688073,0,0,5755,218,0,0,0,0
"6596",2023-01-23,21,35,4760,212,0,0,26.3990825688073,0,0,5755,218,0,0,0,0
"6597",2023-01-23,21,40,4688,209,0,0,26.3990825688073,0,0,5755,218,0,0,0,0
"6598",2023-01-23,21,45,4708,210,0,0,26.3990825688073,0,0,5755,218,0,0,0,0
"6599",2023-01-23,21,50,4606,209,0,0,26.3990825688073,0,0,5755,218,0,0,0,0
"6600",2023-01-23,21,55,4508,204,0,0,26.3990825688073,0,0,5755,218,0,0,0,0
"6601",2023-01-23,22,0,4530,205,0,0,23.2474747474747,0,0,4680,206,0,0,0,0
"6602",2023-01-23,22,5,4680,206,0,0,23.2474747474747,0,0,4680,206,0,0,0,0
"6603",2023-01-23,22,10,4620,201,0,0,23.2474747474747,0,0,4680,206,0,0,0,0
"6604",2023-01-23,22,15,4642,202,0,0,23.2474747474747,0,0,4680,206,0,0,0,0
"6605",2023-01-23,22,20,4598,200,0,0,23.2474747474747,0,0,4680,206,0,0,0,0
"6606",2023-01-23,22,25,4538,200,0,0,23.2474747474747,0,0,4680,206,0,0,0,0
"6607",2023-01-23,22,30,4658,201,0,0,23.2474747474747,0,0,4680,206,0,0,0,0
"6608",2023-01-23,22,35,4614,199,0,0,23.2474747474747,0,0,4680,206,0,0,0,0
"6609",2023-01-23,22,40,4603,198,0,0,23.2474747474747,0,0,4680,206,0,0,0,0
"6610",2023-01-23,22,45,4543,198,0,0,23.2474747474747,0,0,4680,206,0,0,0,0
"6611",2023-01-23,22,50,4276,198,0,0,23.2474747474747,0,0,4680,206,0,0,0,0
"6612",2023-01-23,22,55,4320,200,0,0,23.2474747474747,0,0,4680,206,0,0,0,0
"6613",2023-01-23,23,0,4398,200,0,0,22.1293532338308,0,0,4448,201,0,0,0,0
"6614",2023-01-23,23,5,4448,201,0,0,22.1293532338308,0,0,4448,201,0,0,0,0
"6615",2023-01-23,23,10,4295,198,0,0,22.1293532338308,0,0,4448,201,0,0,0,0
"6616",2023-01-23,23,15,4273,197,0,0,22.1293532338308,0,0,4448,201,0,0,0,0
"6617",2023-01-23,23,20,4273,197,0,0,22.1293532338308,0,0,4448,201,0,0,0,0
"6618",2023-01-23,23,25,4295,198,0,0,22.1293532338308,0,0,4448,201,0,0,0,0
"6619",2023-01-23,23,30,4251,197,0,0,22.1293532338308,0,0,4448,201,0,0,0,0
"6620",2023-01-23,23,35,4107,194,0,0,22.1293532338308,0,0,4448,201,0,0,0,0
"6621",2023-01-23,23,40,4057,193,0,0,22.1293532338308,0,0,4448,201,0,0,0,0
"6622",2023-01-23,23,45,4035,192,0,0,22.1293532338308,0,0,4448,201,0,0,0,0
"6623",2023-01-23,23,50,4046,193,0,0,22.1293532338308,0,0,4448,201,0,0,0,0
"6624",2023-01-23,23,55,4057,193,0,0,22.1293532338308,0,0,4448,201,0,0,0,0
"6625",2023-01-24,0,0,3811,179,0,0,22.8388888888889,0,0,4111,180,0,0,0,0
"6626",2023-01-24,0,5,3811,179,0,0,22.8388888888889,0,0,4111,180,0,0,0,0
"6627",2023-01-24,0,10,4111,180,0,0,22.8388888888889,0,0,4111,180,0,0,0,0
"6628",2023-01-24,0,15,3789,178,0,0,22.8388888888889,0,0,4111,180,0,0,0,0
"6629",2023-01-24,0,20,3767,177,0,0,22.8388888888889,0,0,4111,180,0,0,0,0
"6630",2023-01-24,0,25,3767,177,0,0,22.8388888888889,0,0,4111,180,0,0,0,0
"6631",2023-01-24,0,30,3767,177,0,0,22.8388888888889,0,0,4111,180,0,0,0,0
"6632",2023-01-24,0,35,3712,174,0,0,22.8388888888889,0,0,4111,180,0,0,0,0
"6633",2023-01-24,0,40,3712,174,0,0,22.8388888888889,0,0,4111,180,0,0,0,0
"6634",2023-01-24,0,45,3690,172,0,0,22.8388888888889,0,0,4111,180,0,0,0,0
"6635",2023-01-24,0,50,3679,171,0,0,22.8388888888889,0,0,4111,180,0,0,0,0
"6636",2023-01-24,0,55,3668,171,0,0,22.8388888888889,0,0,4111,180,0,0,0,0
"6637",2023-01-24,1,0,3789,179,0,0,21.2203389830508,0,0,3789,179,0,0,0,0
"6638",2023-01-24,1,5,3789,179,0,0,21.2203389830508,0,0,3789,179,0,0,0,0
"6639",2023-01-24,1,10,3789,179,0,0,21.2203389830508,0,0,3789,179,0,0,0,0
"6640",2023-01-24,1,15,3756,177,0,0,21.2203389830508,0,0,3789,179,0,0,0,0
"6641",2023-01-24,1,20,3756,177,0,0,21.2203389830508,0,0,3789,179,0,0,0,0
"6642",2023-01-24,1,25,3756,177,0,0,21.2203389830508,0,0,3789,179,0,0,0,0
"6643",2023-01-24,1,30,3756,177,0,0,21.2203389830508,0,0,3789,179,0,0,0,0
"6644",2023-01-24,1,35,3756,177,0,0,21.2203389830508,0,0,3789,179,0,0,0,0
"6645",2023-01-24,1,40,3756,177,0,0,21.2203389830508,0,0,3789,179,0,0,0,0
"6646",2023-01-24,1,45,3756,177,0,0,21.2203389830508,0,0,3789,179,0,0,0,0
"6647",2023-01-24,1,50,3756,177,0,0,21.2203389830508,0,0,3789,179,0,0,0,0
"6648",2023-01-24,1,55,3756,177,0,0,21.2203389830508,0,0,3789,179,0,0,0,0
"6649",2023-01-24,2,0,3756,177,0,0,22.0505617977528,0,0,3969,180,0,0,0,0
"6650",2023-01-24,2,5,3789,179,0,0,22.0505617977528,0,0,3969,180,0,0,0,0
"6651",2023-01-24,2,10,3969,180,0,0,22.0505617977528,0,0,3969,180,0,0,0,0
"6652",2023-01-24,2,15,3969,180,0,0,22.0505617977528,0,0,3969,180,0,0,0,0
"6653",2023-01-24,2,20,3969,180,0,0,22.0505617977528,0,0,3969,180,0,0,0,0
"6654",2023-01-24,2,25,3947,179,0,0,22.0505617977528,0,0,3969,180,0,0,0,0
"6655",2023-01-24,2,30,3925,178,0,0,22.0505617977528,0,0,3969,180,0,0,0,0
"6656",2023-01-24,2,35,3925,178,0,0,22.0505617977528,0,0,3969,180,0,0,0,0
"6657",2023-01-24,2,40,3925,178,0,0,22.0505617977528,0,0,3969,180,0,0,0,0
"6658",2023-01-24,2,45,3734,176,0,0,22.0505617977528,0,0,3969,180,0,0,0,0
"6659",2023-01-24,2,50,3723,176,0,0,22.0505617977528,0,0,3969,180,0,0,0,0
"6660",2023-01-24,2,55,3745,177,0,0,22.0505617977528,0,0,3969,180,0,0,0,0
"6661",2023-01-24,3,0,3745,177,0,0,21.1581920903955,0,0,3745,177,0,0,0,0
"6662",2023-01-24,3,5,3745,177,0,0,21.1581920903955,0,0,3745,177,0,0,0,0
"6663",2023-01-24,3,10,3745,177,0,0,21.1581920903955,0,0,3745,177,0,0,0,0
"6664",2023-01-24,3,15,3745,177,0,0,21.1581920903955,0,0,3745,177,0,0,0,0
"6665",2023-01-24,3,20,3745,177,0,0,21.1581920903955,0,0,3745,177,0,0,0,0
"6666",2023-01-24,3,25,3745,177,0,0,21.1581920903955,0,0,3745,177,0,0,0,0
"6667",2023-01-24,3,30,3723,176,0,0,21.1581920903955,0,0,3745,177,0,0,0,0
"6668",2023-01-24,3,35,3701,175,0,0,21.1581920903955,0,0,3745,177,0,0,0,0
"6669",2023-01-24,3,40,3701,175,0,0,21.1581920903955,0,0,3745,177,0,0,0,0
"6670",2023-01-24,3,45,3701,175,0,0,21.1581920903955,0,0,3745,177,0,0,0,0
"6671",2023-01-24,3,50,3701,175,0,0,21.1581920903955,0,0,3745,177,0,0,0,0
"6672",2023-01-24,3,55,3679,174,0,0,21.1581920903955,0,0,3745,177,0,0,0,0
"6673",2023-01-24,4,0,3679,174,0,0,21.3657142857143,0,0,3739,175,0,0,0,0
"6674",2023-01-24,4,5,3739,175,0,0,21.3657142857143,0,0,3739,175,0,0,0,0
"6675",2023-01-24,4,10,3739,175,0,0,21.3657142857143,0,0,3739,175,0,0,0,0
"6676",2023-01-24,4,15,3739,175,0,0,21.3657142857143,0,0,3739,175,0,0,0,0
"6677",2023-01-24,4,20,3673,172,0,0,21.3657142857143,0,0,3739,175,0,0,0,0
"6678",2023-01-24,4,25,3629,170,0,0,21.3657142857143,0,0,3739,175,0,0,0,0
"6679",2023-01-24,4,30,3739,175,0,0,21.3657142857143,0,0,3739,175,0,0,0,0
"6680",2023-01-24,4,35,3717,174,0,0,21.3657142857143,0,0,3739,175,0,0,0,0
"6681",2023-01-24,4,40,3657,173,0,0,21.3657142857143,0,0,3739,175,0,0,0,0
"6682",2023-01-24,4,45,3646,172,0,0,21.3657142857143,0,0,3739,175,0,0,0,0
"6683",2023-01-24,4,50,3646,172,0,0,21.3657142857143,0,0,3739,175,0,0,0,0
"6684",2023-01-24,4,55,3646,172,0,0,21.3657142857143,0,0,3739,175,0,0,0,0
"6685",2023-01-24,5,0,3646,172,0,0,21.2023121387283,0,0,3668,173,0,0,0,0
"6686",2023-01-24,5,5,3646,172,0,0,21.2023121387283,0,0,3668,173,0,0,0,0
"6687",2023-01-24,5,10,3646,172,0,0,21.2023121387283,0,0,3668,173,0,0,0,0
"6688",2023-01-24,5,15,3646,172,0,0,21.2023121387283,0,0,3668,173,0,0,0,0
"6689",2023-01-24,5,20,3668,173,0,0,21.2023121387283,0,0,3668,173,0,0,0,0
"6690",2023-01-24,5,25,3624,171,0,0,21.2023121387283,0,0,3668,173,0,0,0,0
"6691",2023-01-24,5,30,3602,170,0,0,21.2023121387283,0,0,3668,173,0,0,0,0
"6692",2023-01-24,5,35,3602,170,0,0,21.2023121387283,0,0,3668,173,0,0,0,0
"6693",2023-01-24,5,40,3602,170,0,0,21.2023121387283,0,0,3668,173,0,0,0,0
"6694",2023-01-24,5,45,3602,170,0,0,21.2023121387283,0,0,3668,173,0,0,0,0
"6695",2023-01-24,5,50,3602,170,0,0,21.2023121387283,0,0,3668,173,0,0,0,0
"6696",2023-01-24,5,55,3624,171,0,0,21.2023121387283,0,0,3668,173,0,0,0,0
"6697",2023-01-24,6,0,3624,171,0,0,21.3488372093023,0,0,3683,174,0,0,0,0
"6698",2023-01-24,6,5,3624,171,0,0,21.3488372093023,0,0,3683,174,0,0,0,0
"6699",2023-01-24,6,10,3624,171,0,0,21.3488372093023,0,0,3683,174,0,0,0,0
"6700",2023-01-24,6,15,3624,171,0,0,21.3488372093023,0,0,3683,174,0,0,0,0
"6701",2023-01-24,6,20,3584,170,0,0,21.3488372093023,0,0,3683,174,0,0,0,0
"6702",2023-01-24,6,25,3584,170,0,0,21.3488372093023,0,0,3683,174,0,0,0,0
"6703",2023-01-24,6,30,3584,170,0,0,21.3488372093023,0,0,3683,174,0,0,0,0
"6704",2023-01-24,6,35,3628,172,0,0,21.3488372093023,0,0,3683,174,0,0,0,0
"6705",2023-01-24,6,40,3672,174,0,0,21.3488372093023,0,0,3683,174,0,0,0,0
"6706",2023-01-24,6,45,3683,174,0,0,21.3488372093023,0,0,3683,174,0,0,0,0
"6707",2023-01-24,6,50,3683,174,0,0,21.3488372093023,0,0,3683,174,0,0,0,0
"6708",2023-01-24,6,55,3672,172,0,0,21.3488372093023,0,0,3683,174,0,0,0,0
"6709",2023-01-24,7,0,3710,172,0,0,23.1756097560976,0,0,4751,205,0,0,0,0
"6710",2023-01-24,7,5,3836,178,0,0,23.1756097560976,0,0,4751,205,0,0,0,0
"6711",2023-01-24,7,10,3814,177,0,0,23.1756097560976,0,0,4751,205,0,0,0,0
"6712",2023-01-24,7,15,3825,178,0,0,23.1756097560976,0,0,4751,205,0,0,0,0
"6713",2023-01-24,7,20,3869,180,0,0,23.1756097560976,0,0,4751,205,0,0,0,0
"6714",2023-01-24,7,25,3902,182,0,0,23.1756097560976,0,0,4751,205,0,0,0,0
"6715",2023-01-24,7,30,3985,185,0,0,23.1756097560976,0,0,4751,205,0,0,0,0
"6716",2023-01-24,7,35,4007,186,0,0,23.1756097560976,0,0,4751,205,0,0,0,0
"6717",2023-01-24,7,40,4062,190,0,0,23.1756097560976,0,0,4751,205,0,0,0,0
"6718",2023-01-24,7,45,4259,194,0,0,23.1756097560976,0,0,4751,205,0,0,0,0
"6719",2023-01-24,7,50,4369,200,0,0,23.1756097560976,0,0,4751,205,0,0,0,0
"6720",2023-01-24,7,55,4751,205,0,0,23.1756097560976,0,0,4751,205,0,0,0,0
"6721",2023-01-24,8,0,4407,207,0,0,21.6635071090047,0,0,5154,244,0,0,0,0
"6722",2023-01-24,8,5,4571,211,0,0,21.6635071090047,0,0,5154,244,0,0,0,0
"6723",2023-01-24,8,10,4522,212,0,0,21.6635071090047,0,0,5154,244,0,0,0,0
"6724",2023-01-24,8,15,4588,214,0,0,21.6635071090047,0,0,5154,244,0,0,0,0
"6725",2023-01-24,8,20,4621,218,0,0,21.6635071090047,0,0,5154,244,0,0,0,0
"6726",2023-01-24,8,25,4698,219,0,0,21.6635071090047,0,0,5154,244,0,0,0,0
"6727",2023-01-24,8,30,4819,225,0,0,21.6635071090047,0,0,5154,244,0,0,0,0
"6728",2023-01-24,8,35,4874,229,0,0,21.6635071090047,0,0,5154,244,0,0,0,0
"6729",2023-01-24,8,40,4839,228,0,0,21.6635071090047,0,0,5154,244,0,0,0,0
"6730",2023-01-24,8,45,5016,233,0,0,21.6635071090047,0,0,5154,244,0,0,0,0
"6731",2023-01-24,8,50,4902,235,0,0,21.6635071090047,0,0,5154,244,0,0,0,0
"6732",2023-01-24,8,55,5154,244,0,0,21.6635071090047,0,0,5154,244,0,0,0,0
"6733",2023-01-24,9,0,5242,249,0,0,21.6076923076923,0,0,6217,295,0,0,0,0
"6734",2023-01-24,9,5,5618,260,0,0,21.6076923076923,0,0,6217,295,0,0,0,0
"6735",2023-01-24,9,10,5394,263,0,0,21.6076923076923,0,0,6217,295,0,0,0,0
"6736",2023-01-24,9,15,5438,265,0,0,21.6076923076923,0,0,6217,295,0,0,0,0
"6737",2023-01-24,9,20,5313,267,0,0,21.6076923076923,0,0,6217,295,0,0,0,0
"6738",2023-01-24,9,25,5446,275,0,0,21.6076923076923,0,0,6217,295,0,0,0,0
"6739",2023-01-24,9,30,5708,279,0,0,21.6076923076923,0,0,6217,295,0,0,0,0
"6740",2023-01-24,9,35,5752,281,0,0,21.6076923076923,0,0,6217,295,0,0,0,0
"6741",2023-01-24,9,40,5881,285,0,0,21.6076923076923,0,0,6217,295,0,0,0,0
"6742",2023-01-24,9,45,5991,290,0,0,21.6076923076923,0,0,6217,295,0,0,0,0
"6743",2023-01-24,9,50,6096,293,0,0,21.6076923076923,0,0,6217,295,0,0,0,0
"6744",2023-01-24,9,55,6217,295,0,0,21.6076923076923,0,0,6217,295,0,0,0,0
"6745",2023-01-24,10,0,6325,294,0,0,22.7304964539007,0,0,6504,310,0,0,0,0
"6746",2023-01-24,10,5,6446,301,0,0,22.7304964539007,0,0,6504,310,0,0,0,0
"6747",2023-01-24,10,10,6329,302,0,0,22.7304964539007,0,0,6504,310,0,0,0,0
"6748",2023-01-24,10,15,3076,136,0,0,22.7304964539007,0,0,6504,310,0,0,0,0
"6749",2023-01-24,10,20,6504,305,0,0,22.7304964539007,0,0,6504,310,0,0,0,0
"6750",2023-01-24,10,25,6276,305,0,0,22.7304964539007,0,0,6504,310,0,0,0,0
"6751",2023-01-24,10,30,6336,309,0,0,22.7304964539007,0,0,6504,310,0,0,0,0
"6752",2023-01-24,10,35,6386,310,0,0,22.7304964539007,0,0,6504,310,0,0,0,0
"6753",2023-01-24,10,40,6175,306,0,0,22.7304964539007,0,0,6504,310,0,0,0,0
"6754",2023-01-24,10,45,3205,141,0,0,22.7304964539007,0,0,6504,310,0,0,0,0
"6755",2023-01-24,10,50,5944,302,0,0,22.7304964539007,0,0,6504,310,0,0,0,0
"6756",2023-01-24,10,55,6277,304,0,0,22.7304964539007,0,0,6504,310,0,0,0,0
"6757",2023-01-24,11,0,5944,301,0,0,21.029702970297,0,0,6372,304,0,0,0,0
"6758",2023-01-24,11,5,6004,302,0,0,21.029702970297,0,0,6372,304,0,0,0,0
"6759",2023-01-24,11,10,6004,302,0,0,21.029702970297,0,0,6372,304,0,0,0,0
"6760",2023-01-24,11,15,5938,299,0,0,21.029702970297,0,0,6372,304,0,0,0,0
"6761",2023-01-24,11,20,5927,299,0,0,21.029702970297,0,0,6372,304,0,0,0,0
"6762",2023-01-24,11,25,5949,300,0,0,21.029702970297,0,0,6372,304,0,0,0,0
"6763",2023-01-24,11,30,5982,302,0,0,21.029702970297,0,0,6372,304,0,0,0,0
"6764",2023-01-24,11,35,6015,304,0,0,21.029702970297,0,0,6372,304,0,0,0,0
"6765",2023-01-24,11,40,6113,303,0,0,21.029702970297,0,0,6372,304,0,0,0,0
"6766",2023-01-24,11,45,6235,304,0,0,21.029702970297,0,0,6372,304,0,0,0,0
"6767",2023-01-24,11,50,6317,301,0,0,21.029702970297,0,0,6372,304,0,0,0,0
"6768",2023-01-24,11,55,6372,303,0,0,21.029702970297,0,0,6372,304,0,0,0,0
"6769",2023-01-24,12,0,6306,300,0,0,22.6143344709898,0,0,6653,300,0,0,0,0
"6770",2023-01-24,12,5,6262,298,0,0,22.6143344709898,0,0,6653,300,0,0,0,0
"6771",2023-01-24,12,10,6214,297,0,0,22.6143344709898,0,0,6653,300,0,0,0,0
"6772",2023-01-24,12,15,6408,300,0,0,22.6143344709898,0,0,6653,300,0,0,0,0
"6773",2023-01-24,12,20,6653,298,0,0,22.6143344709898,0,0,6653,300,0,0,0,0
"6774",2023-01-24,12,25,6631,298,0,0,22.6143344709898,0,0,6653,300,0,0,0,0
"6775",2023-01-24,12,30,6631,296,0,0,22.6143344709898,0,0,6653,300,0,0,0,0
"6776",2023-01-24,12,35,6626,293,0,0,22.6143344709898,0,0,6653,300,0,0,0,0
"6777",2023-01-24,12,40,5792,273,0,0,22.6143344709898,0,0,6653,300,0,0,0,0
"6778",2023-01-24,12,45,5818,271,0,0,22.6143344709898,0,0,6653,300,0,0,0,0
"6779",2023-01-24,12,50,5948,266,0,0,22.6143344709898,0,0,6653,300,0,0,0,0
"6780",2023-01-24,12,55,5832,262,0,0,22.6143344709898,0,0,6653,300,0,0,0,0
"6781",2023-01-24,13,0,5954,265,0,0,23.4015748031496,0,0,6013,265,0,0,0,0
"6782",2023-01-24,13,5,5943,264,0,0,23.4015748031496,0,0,6013,265,0,0,0,0
"6783",2023-01-24,13,10,6013,260,0,0,23.4015748031496,0,0,6013,265,0,0,0,0
"6784",2023-01-24,13,15,5937,261,0,0,23.4015748031496,0,0,6013,265,0,0,0,0
"6785",2023-01-24,13,20,5871,257,0,0,23.4015748031496,0,0,6013,265,0,0,0,0
"6786",2023-01-24,13,25,5539,248,0,0,23.4015748031496,0,0,6013,265,0,0,0,0
"6787",2023-01-24,13,30,5478,247,0,0,23.4015748031496,0,0,6013,265,0,0,0,0
"6788",2023-01-24,13,35,5801,256,0,0,23.4015748031496,0,0,6013,265,0,0,0,0
"6789",2023-01-24,13,40,5676,254,0,0,23.4015748031496,0,0,6013,265,0,0,0,0
"6790",2023-01-24,13,45,5731,257,0,0,23.4015748031496,0,0,6013,265,0,0,0,0
"6791",2023-01-24,13,50,5698,257,0,0,23.4015748031496,0,0,6013,265,0,0,0,0
"6792",2023-01-24,13,55,5944,254,0,0,23.4015748031496,0,0,6013,265,0,0,0,0
"6793",2023-01-24,14,0,5977,256,0,0,24.4814814814815,0,0,6610,281,0,0,0,0
"6794",2023-01-24,14,5,6294,262,0,0,24.4814814814815,0,0,6610,281,0,0,0,0
"6795",2023-01-24,14,10,5888,261,0,0,24.4814814814815,0,0,6610,281,0,0,0,0
"6796",2023-01-24,14,15,6148,268,0,0,24.4814814814815,0,0,6610,281,0,0,0,0
"6797",2023-01-24,14,20,6610,270,0,0,24.4814814814815,0,0,6610,281,0,0,0,0
"6798",2023-01-24,14,25,6493,270,0,0,24.4814814814815,0,0,6610,281,0,0,0,0
"6799",2023-01-24,14,35,6343,271,0,0,24.4814814814815,0,0,6610,281,0,0,0,0
"6800",2023-01-24,14,40,6338,274,0,0,24.4814814814815,0,0,6610,281,0,0,0,0
"6801",2023-01-24,14,45,6382,278,0,0,24.4814814814815,0,0,6610,281,0,0,0,0
"6802",2023-01-24,14,50,6385,280,0,0,24.4814814814815,0,0,6610,281,0,0,0,0
"6803",2023-01-24,14,55,6407,281,0,0,24.4814814814815,0,0,6610,281,0,0,0,0
"6804",2023-01-24,14,30,6435,266,0,0,24.4814814814815,0,0,6610,281,0,0,0,0
"6805",2023-01-24,15,0,6374,279,0,0,24.4877192982456,0,0,6979,285,0,0,0,0
"6806",2023-01-24,15,5,6396,280,0,0,24.4877192982456,0,0,6979,285,0,0,0,0
"6807",2023-01-24,15,10,6762,278,0,0,24.4877192982456,0,0,6979,285,0,0,0,0
"6808",2023-01-24,15,15,6751,277,0,0,24.4877192982456,0,0,6979,285,0,0,0,0
"6809",2023-01-24,15,20,6696,274,0,0,24.4877192982456,0,0,6979,285,0,0,0,0
"6810",2023-01-24,15,25,6707,274,0,0,24.4877192982456,0,0,6979,285,0,0,0,0
"6811",2023-01-24,15,30,6601,275,0,0,24.4877192982456,0,0,6979,285,0,0,0,0
"6812",2023-01-24,15,35,6640,275,0,0,24.4877192982456,0,0,6979,285,0,0,0,0
"6813",2023-01-24,15,40,6582,275,0,0,24.4877192982456,0,0,6979,285,0,0,0,0
"6814",2023-01-24,15,45,6632,280,0,0,24.4877192982456,0,0,6979,285,0,0,0,0
"6815",2023-01-24,15,50,6810,285,0,0,24.4877192982456,0,0,6979,285,0,0,0,0
"6816",2023-01-24,15,55,6979,285,0,0,24.4877192982456,0,0,6979,285,0,0,0,0
"6817",2023-01-24,16,0,6946,284,0,0,25.2101449275362,0,0,6974,284,0,0,0,0
"6818",2023-01-24,16,5,6700,279,0,0,25.2101449275362,0,0,6974,284,0,0,0,0
"6819",2023-01-24,16,10,6777,283,0,0,25.2101449275362,0,0,6974,284,0,0,0,0
"6820",2023-01-24,16,15,6778,279,0,0,25.2101449275362,0,0,6974,284,0,0,0,0
"6821",2023-01-24,16,20,6974,277,0,0,25.2101449275362,0,0,6974,284,0,0,0,0
"6822",2023-01-24,16,25,6783,277,0,0,25.2101449275362,0,0,6974,284,0,0,0,0
"6823",2023-01-24,16,30,6761,276,0,0,25.2101449275362,0,0,6974,284,0,0,0,0
"6824",2023-01-24,16,35,6673,271,0,0,25.2101449275362,0,0,6974,284,0,0,0,0
"6825",2023-01-24,16,40,6575,273,0,0,25.2101449275362,0,0,6974,284,0,0,0,0
"6826",2023-01-24,16,45,6508,274,0,0,25.2101449275362,0,0,6974,284,0,0,0,0
"6827",2023-01-24,16,50,6958,276,0,0,25.2101449275362,0,0,6974,284,0,0,0,0
"6828",2023-01-24,16,55,6680,278,0,0,25.2101449275362,0,0,6974,284,0,0,0,0
"6829",2023-01-24,17,0,6441,273,0,0,24.5708812260536,0,0,6441,273,0,0,0,0
"6830",2023-01-24,17,5,6407,270,0,0,24.5708812260536,0,0,6441,273,0,0,0,0
"6831",2023-01-24,17,10,6167,266,0,0,24.5708812260536,0,0,6441,273,0,0,0,0
"6832",2023-01-24,17,15,6134,265,0,0,24.5708812260536,0,0,6441,273,0,0,0,0
"6833",2023-01-24,17,20,6238,269,0,0,24.5708812260536,0,0,6441,273,0,0,0,0
"6834",2023-01-24,17,25,6183,266,0,0,24.5708812260536,0,0,6441,273,0,0,0,0
"6835",2023-01-24,17,30,6057,265,0,0,24.5708812260536,0,0,6441,273,0,0,0,0
"6836",2023-01-24,17,35,6269,262,0,0,24.5708812260536,0,0,6441,273,0,0,0,0
"6837",2023-01-24,17,40,6269,262,0,0,24.5708812260536,0,0,6441,273,0,0,0,0
"6838",2023-01-24,17,45,6413,261,0,0,24.5708812260536,0,0,6441,273,0,0,0,0
"6839",2023-01-24,17,50,6246,263,0,0,24.5708812260536,0,0,6441,273,0,0,0,0
"6840",2023-01-24,17,55,6218,264,0,0,24.5708812260536,0,0,6441,273,0,0,0,0
"6841",2023-01-24,18,0,5945,262,0,0,27.6333333333333,0,0,6632,262,0,0,0,0
"6842",2023-01-24,18,5,6378,260,0,0,27.6333333333333,0,0,6632,262,0,0,0,0
"6843",2023-01-24,18,10,6193,251,0,0,27.6333333333333,0,0,6632,262,0,0,0,0
"6844",2023-01-24,18,15,5877,249,0,0,27.6333333333333,0,0,6632,262,0,0,0,0
"6845",2023-01-24,18,20,6259,248,0,0,27.6333333333333,0,0,6632,262,0,0,0,0
"6846",2023-01-24,18,25,6521,251,0,0,27.6333333333333,0,0,6632,262,0,0,0,0
"6847",2023-01-24,18,30,6487,252,0,0,27.6333333333333,0,0,6632,262,0,0,0,0
"6848",2023-01-24,18,35,6518,247,0,0,27.6333333333333,0,0,6632,262,0,0,0,0
"6849",2023-01-24,18,40,6451,243,0,0,27.6333333333333,0,0,6632,262,0,0,0,0
"6850",2023-01-24,18,45,6309,240,0,0,27.6333333333333,0,0,6632,262,0,0,0,0
"6851",2023-01-24,18,50,6354,241,0,0,27.6333333333333,0,0,6632,262,0,0,0,0
"6852",2023-01-24,18,55,6632,240,0,0,27.6333333333333,0,0,6632,262,0,0,0,0
"6853",2023-01-24,19,0,6644,240,0,0,27.6833333333333,0,0,6644,240,0,0,0,0
"6854",2023-01-24,19,5,6442,237,0,0,27.6833333333333,0,0,6644,240,0,0,0,0
"6855",2023-01-24,19,10,6423,238,0,0,27.6833333333333,0,0,6644,240,0,0,0,0
"6856",2023-01-24,19,15,5767,233,0,0,27.6833333333333,0,0,6644,240,0,0,0,0
"6857",2023-01-24,19,20,5656,228,0,0,27.6833333333333,0,0,6644,240,0,0,0,0
"6858",2023-01-24,19,25,4813,224,0,0,27.6833333333333,0,0,6644,240,0,0,0,0
"6859",2023-01-24,19,30,5139,223,0,0,27.6833333333333,0,0,6644,240,0,0,0,0
"6860",2023-01-24,19,35,5250,218,0,0,27.6833333333333,0,0,6644,240,0,0,0,0
"6861",2023-01-24,19,40,5182,219,0,0,27.6833333333333,0,0,6644,240,0,0,0,0
"6862",2023-01-24,19,45,5688,220,0,0,27.6833333333333,0,0,6644,240,0,0,0,0
"6863",2023-01-24,19,50,5410,220,0,0,27.6833333333333,0,0,6644,240,0,0,0,0
"6864",2023-01-24,19,55,5932,225,0,0,27.6833333333333,0,0,6644,240,0,0,0,0
"6865",2023-01-24,20,55,4770,218,0,0,26.2938596491228,0,0,5995,228,0,0,0,0
"6866",2023-01-24,20,0,5878,228,0,0,26.2938596491228,0,0,5995,228,0,0,0,0
"6867",2023-01-24,20,5,5995,228,0,0,26.2938596491228,0,0,5995,228,0,0,0,0
"6868",2023-01-24,20,10,5641,227,0,0,26.2938596491228,0,0,5995,228,0,0,0,0
"6869",2023-01-24,20,15,5886,224,0,0,26.2938596491228,0,0,5995,228,0,0,0,0
"6870",2023-01-24,20,20,5602,222,0,0,26.2938596491228,0,0,5995,228,0,0,0,0
"6871",2023-01-24,20,25,5359,219,0,0,26.2938596491228,0,0,5995,228,0,0,0,0
"6872",2023-01-24,20,30,5353,219,0,0,26.2938596491228,0,0,5995,228,0,0,0,0
"6873",2023-01-24,20,35,5586,222,0,0,26.2938596491228,0,0,5995,228,0,0,0,0
"6874",2023-01-24,20,40,5078,220,0,0,26.2938596491228,0,0,5995,228,0,0,0,0
"6875",2023-01-24,20,45,4846,217,0,0,26.2938596491228,0,0,5995,228,0,0,0,0
"6876",2023-01-24,20,50,4868,218,0,0,26.2938596491228,0,0,5995,228,0,0,0,0
"6877",2023-01-24,21,0,4810,214,0,0,23.1527777777778,0,0,5001,216,0,0,0,0
"6878",2023-01-24,21,5,4832,215,0,0,23.1527777777778,0,0,5001,216,0,0,0,0
"6879",2023-01-24,21,10,5001,216,0,0,23.1527777777778,0,0,5001,216,0,0,0,0
"6880",2023-01-24,21,15,4829,214,0,0,23.1527777777778,0,0,5001,216,0,0,0,0
"6881",2023-01-24,21,20,4785,212,0,0,23.1527777777778,0,0,5001,216,0,0,0,0
"6882",2023-01-24,21,25,4482,208,0,0,23.1527777777778,0,0,5001,216,0,0,0,0
"6883",2023-01-24,21,30,4405,205,0,0,23.1527777777778,0,0,5001,216,0,0,0,0
"6884",2023-01-24,21,35,4476,207,0,0,23.1527777777778,0,0,5001,216,0,0,0,0
"6885",2023-01-24,21,40,4454,206,0,0,23.1527777777778,0,0,5001,216,0,0,0,0
"6886",2023-01-24,21,50,4462,205,0,0,23.1527777777778,0,0,5001,216,0,0,0,0
"6887",2023-01-24,21,55,4292,199,0,0,23.1527777777778,0,0,5001,216,0,0,0,0
"6888",2023-01-24,21,45,4235,199,0,0,23.1527777777778,0,0,5001,216,0,0,0,0
"6889",2023-01-24,22,0,4248,197,0,0,23.4635416666667,0,0,4505,200,0,0,0,0
"6890",2023-01-24,22,5,4281,200,0,0,23.4635416666667,0,0,4505,200,0,0,0,0
"6891",2023-01-24,22,10,4098,198,0,0,23.4635416666667,0,0,4505,200,0,0,0,0
"6892",2023-01-24,22,15,4125,196,0,0,23.4635416666667,0,0,4505,200,0,0,0,0
"6893",2023-01-24,22,20,4020,192,0,0,23.4635416666667,0,0,4505,200,0,0,0,0
"6894",2023-01-24,22,25,4020,192,0,0,23.4635416666667,0,0,4505,200,0,0,0,0
"6895",2023-01-24,22,30,4020,191,0,0,23.4635416666667,0,0,4505,200,0,0,0,0
"6896",2023-01-24,22,35,4418,192,0,0,23.4635416666667,0,0,4505,200,0,0,0,0
"6897",2023-01-24,22,40,4407,192,0,0,23.4635416666667,0,0,4505,200,0,0,0,0
"6898",2023-01-24,22,45,4418,193,0,0,23.4635416666667,0,0,4505,200,0,0,0,0
"6899",2023-01-24,22,50,4407,192,0,0,23.4635416666667,0,0,4505,200,0,0,0,0
"6900",2023-01-24,22,55,4505,192,0,0,23.4635416666667,0,0,4505,200,0,0,0,0
"6901",2023-01-24,23,0,4483,190,0,0,23.5947368421053,0,0,4483,190,0,0,0,0
"6902",2023-01-24,23,5,4024,184,0,0,23.5947368421053,0,0,4483,190,0,0,0,0
"6903",2023-01-24,23,10,3986,184,0,0,23.5947368421053,0,0,4483,190,0,0,0,0
"6904",2023-01-24,23,25,3975,183,0,0,23.5947368421053,0,0,4483,190,0,0,0,0
"6905",2023-01-24,23,30,3855,182,0,0,23.5947368421053,0,0,4483,190,0,0,0,0
"6906",2023-01-24,23,35,3866,182,0,0,23.5947368421053,0,0,4483,190,0,0,0,0
"6907",2023-01-24,23,40,3877,182,0,0,23.5947368421053,0,0,4483,190,0,0,0,0
"6908",2023-01-24,23,45,3844,180,0,0,23.5947368421053,0,0,4483,190,0,0,0,0
"6909",2023-01-24,23,50,3833,180,0,0,23.5947368421053,0,0,4483,190,0,0,0,0
"6910",2023-01-24,23,55,3833,180,0,0,23.5947368421053,0,0,4483,190,0,0,0,0
"6911",2023-01-24,23,15,3975,183,0,0,23.5947368421053,0,0,4483,190,0,0,0,0
"6912",2023-01-24,23,20,3942,181,0,0,23.5947368421053,0,0,4483,190,0,0,0,0
"6913",2023-01-25,0,0,3946,182,0,0,23.6,0,0,4312,183,0,0,0,0
"6914",2023-01-25,0,5,3946,182,0,0,23.6,0,0,4312,183,0,0,0,0
"6915",2023-01-25,0,10,3842,179,0,0,23.6,0,0,4312,183,0,0,0,0
"6916",2023-01-25,0,15,3820,178,0,0,23.6,0,0,4312,183,0,0,0,0
"6917",2023-01-25,0,20,3798,177,0,0,23.6,0,0,4312,183,0,0,0,0
"6918",2023-01-25,0,25,3820,178,0,0,23.6,0,0,4312,183,0,0,0,0
"6919",2023-01-25,0,30,3870,179,0,0,23.6,0,0,4312,183,0,0,0,0
"6920",2023-01-25,0,35,4230,181,0,0,23.6,0,0,4312,183,0,0,0,0
"6921",2023-01-25,0,40,4312,183,0,0,23.6,0,0,4312,183,0,0,0,0
"6922",2023-01-25,0,45,4229,180,0,0,23.6,0,0,4312,183,0,0,0,0
"6923",2023-01-25,0,50,4130,175,0,0,23.6,0,0,4312,183,0,0,0,0
"6924",2023-01-25,0,55,4130,175,0,0,23.6,0,0,4312,183,0,0,0,0
"6925",2023-01-25,1,0,3575,168,0,0,23.8843930635838,0,0,4132,173,0,0,0,0
"6926",2023-01-25,1,5,3619,170,0,0,23.8843930635838,0,0,4132,173,0,0,0,0
"6927",2023-01-25,1,10,3597,169,0,0,23.8843930635838,0,0,4132,173,0,0,0,0
"6928",2023-01-25,1,15,3597,169,0,0,23.8843930635838,0,0,4132,173,0,0,0,0
"6929",2023-01-25,1,20,3597,169,0,0,23.8843930635838,0,0,4132,173,0,0,0,0
"6930",2023-01-25,1,25,3641,171,0,0,23.8843930635838,0,0,4132,173,0,0,0,0
"6931",2023-01-25,1,30,3663,172,0,0,23.8843930635838,0,0,4132,173,0,0,0,0
"6932",2023-01-25,1,35,3652,171,0,0,23.8843930635838,0,0,4132,173,0,0,0,0
"6933",2023-01-25,1,40,4132,173,0,0,23.8843930635838,0,0,4132,173,0,0,0,0
"6934",2023-01-25,1,45,3832,172,0,0,23.8843930635838,0,0,4132,173,0,0,0,0
"6935",2023-01-25,1,50,3810,171,0,0,23.8843930635838,0,0,4132,173,0,0,0,0
"6936",2023-01-25,1,55,3810,171,0,0,23.8843930635838,0,0,4132,173,0,0,0,0
"6937",2023-01-25,2,0,3810,171,0,0,22.3450292397661,0,0,3821,171,0,0,0,0
"6938",2023-01-25,2,5,3821,171,0,0,22.3450292397661,0,0,3821,171,0,0,0,0
"6939",2023-01-25,2,10,3641,170,0,0,22.3450292397661,0,0,3821,171,0,0,0,0
"6940",2023-01-25,2,15,3641,170,0,0,22.3450292397661,0,0,3821,171,0,0,0,0
"6941",2023-01-25,2,20,3641,170,0,0,22.3450292397661,0,0,3821,171,0,0,0,0
"6942",2023-01-25,2,25,3641,170,0,0,22.3450292397661,0,0,3821,171,0,0,0,0
"6943",2023-01-25,2,30,3641,170,0,0,22.3450292397661,0,0,3821,171,0,0,0,0
"6944",2023-01-25,2,35,3641,170,0,0,22.3450292397661,0,0,3821,171,0,0,0,0
"6945",2023-01-25,2,40,3641,170,0,0,22.3450292397661,0,0,3821,171,0,0,0,0
"6946",2023-01-25,2,45,3597,168,0,0,22.3450292397661,0,0,3821,171,0,0,0,0
"6947",2023-01-25,2,50,3619,169,0,0,22.3450292397661,0,0,3821,171,0,0,0,0
"6948",2023-01-25,2,55,3619,169,0,0,22.3450292397661,0,0,3821,171,0,0,0,0
"6949",2023-01-25,3,0,3619,169,0,0,21.6369047619048,0,0,3635,169,0,0,0,0
"6950",2023-01-25,3,5,3619,169,0,0,21.6369047619048,0,0,3635,169,0,0,0,0
"6951",2023-01-25,3,10,3597,168,0,0,21.6369047619048,0,0,3635,169,0,0,0,0
"6952",2023-01-25,3,15,3597,168,0,0,21.6369047619048,0,0,3635,169,0,0,0,0
"6953",2023-01-25,3,20,3597,168,0,0,21.6369047619048,0,0,3635,169,0,0,0,0
"6954",2023-01-25,3,25,3575,167,0,0,21.6369047619048,0,0,3635,169,0,0,0,0
"6955",2023-01-25,3,30,3575,167,0,0,21.6369047619048,0,0,3635,169,0,0,0,0
"6956",2023-01-25,3,35,3575,167,0,0,21.6369047619048,0,0,3635,169,0,0,0,0
"6957",2023-01-25,3,40,3575,167,0,0,21.6369047619048,0,0,3635,169,0,0,0,0
"6958",2023-01-25,3,45,3635,168,0,0,21.6369047619048,0,0,3635,169,0,0,0,0
"6959",2023-01-25,3,50,3635,168,0,0,21.6369047619048,0,0,3635,169,0,0,0,0
"6960",2023-01-25,3,55,3635,168,0,0,21.6369047619048,0,0,3635,169,0,0,0,0
"6961",2023-01-25,4,0,3635,168,0,0,21.6369047619048,0,0,3635,168,0,0,0,0
"6962",2023-01-25,4,5,3635,168,0,0,21.6369047619048,0,0,3635,168,0,0,0,0
"6963",2023-01-25,4,10,3635,168,0,0,21.6369047619048,0,0,3635,168,0,0,0,0
"6964",2023-01-25,4,15,3635,168,0,0,21.6369047619048,0,0,3635,168,0,0,0,0
"6965",2023-01-25,4,20,3613,167,0,0,21.6369047619048,0,0,3635,168,0,0,0,0
"6966",2023-01-25,4,25,3553,166,0,0,21.6369047619048,0,0,3635,168,0,0,0,0
"6967",2023-01-25,4,30,3553,166,0,0,21.6369047619048,0,0,3635,168,0,0,0,0
"6968",2023-01-25,4,35,3531,165,0,0,21.6369047619048,0,0,3635,168,0,0,0,0
"6969",2023-01-25,4,40,3553,166,0,0,21.6369047619048,0,0,3635,168,0,0,0,0
"6970",2023-01-25,4,45,3553,166,0,0,21.6369047619048,0,0,3635,168,0,0,0,0
"6971",2023-01-25,4,50,3553,166,0,0,21.6369047619048,0,0,3635,168,0,0,0,0
"6972",2023-01-25,4,55,3553,166,0,0,21.6369047619048,0,0,3635,168,0,0,0,0
"6973",2023-01-25,5,0,3553,166,0,0,22.3167701863354,0,0,3593,166,0,0,0,0
"6974",2023-01-25,5,5,3520,164,0,0,22.3167701863354,0,0,3593,166,0,0,0,0
"6975",2023-01-25,5,10,3509,163,0,0,22.3167701863354,0,0,3593,166,0,0,0,0
"6976",2023-01-25,5,15,3487,162,0,0,22.3167701863354,0,0,3593,166,0,0,0,0
"6977",2023-01-25,5,20,3487,162,0,0,22.3167701863354,0,0,3593,166,0,0,0,0
"6978",2023-01-25,5,25,3487,162,0,0,22.3167701863354,0,0,3593,166,0,0,0,0
"6979",2023-01-25,5,30,3465,161,0,0,22.3167701863354,0,0,3593,166,0,0,0,0
"6980",2023-01-25,5,35,3465,161,0,0,22.3167701863354,0,0,3593,166,0,0,0,0
"6981",2023-01-25,5,40,3465,161,0,0,22.3167701863354,0,0,3593,166,0,0,0,0
"6982",2023-01-25,5,45,3465,161,0,0,22.3167701863354,0,0,3593,166,0,0,0,0
"6983",2023-01-25,5,50,3465,161,0,0,22.3167701863354,0,0,3593,166,0,0,0,0
"6984",2023-01-25,5,55,3593,161,0,0,22.3167701863354,0,0,3593,166,0,0,0,0
"6985",2023-01-25,6,0,3571,160,0,0,22.31875,0,0,3670,165,0,0,0,0
"6986",2023-01-25,6,5,3571,160,0,0,22.31875,0,0,3670,165,0,0,0,0
"6987",2023-01-25,6,10,3571,160,0,0,22.31875,0,0,3670,165,0,0,0,0
"6988",2023-01-25,6,15,3571,160,0,0,22.31875,0,0,3670,165,0,0,0,0
"6989",2023-01-25,6,20,3593,161,0,0,22.31875,0,0,3670,165,0,0,0,0
"6990",2023-01-25,6,25,3593,161,0,0,22.31875,0,0,3670,165,0,0,0,0
"6991",2023-01-25,6,30,3593,161,0,0,22.31875,0,0,3670,165,0,0,0,0
"6992",2023-01-25,6,35,3659,164,0,0,22.31875,0,0,3670,165,0,0,0,0
"6993",2023-01-25,6,40,3659,164,0,0,22.31875,0,0,3670,165,0,0,0,0
"6994",2023-01-25,6,45,3648,164,0,0,22.31875,0,0,3670,165,0,0,0,0
"6995",2023-01-25,6,50,3670,165,0,0,22.31875,0,0,3670,165,0,0,0,0
"6996",2023-01-25,6,55,3520,164,0,0,22.31875,0,0,3670,165,0,0,0,0
"6997",2023-01-25,7,0,3520,164,0,0,23.2659574468085,0,0,4374,188,0,0,0,0
"6998",2023-01-25,7,5,3553,166,0,0,23.2659574468085,0,0,4374,188,0,0,0,0
"6999",2023-01-25,7,10,3498,163,0,0,23.2659574468085,0,0,4374,188,0,0,0,0
"7000",2023-01-25,7,15,3602,166,0,0,23.2659574468085,0,0,4374,188,0,0,0,0
"7001",2023-01-25,7,20,3580,165,0,0,23.2659574468085,0,0,4374,188,0,0,0,0
"7002",2023-01-25,7,25,3580,165,0,0,23.2659574468085,0,0,4374,188,0,0,0,0
"7003",2023-01-25,7,30,3591,166,0,0,23.2659574468085,0,0,4374,188,0,0,0,0
"7004",2023-01-25,7,35,3624,168,0,0,23.2659574468085,0,0,4374,188,0,0,0,0
"7005",2023-01-25,7,40,3745,175,0,0,23.2659574468085,0,0,4374,188,0,0,0,0
"7006",2023-01-25,7,45,4199,184,0,0,23.2659574468085,0,0,4374,188,0,0,0,0
"7007",2023-01-25,7,50,4205,186,0,0,23.2659574468085,0,0,4374,188,0,0,0,0
"7008",2023-01-25,7,55,4374,188,0,0,23.2659574468085,0,0,4374,188,0,0,0,0
"7009",2023-01-25,8,5,4713,207,0,0,23.2301255230126,0,0,5552,242,0,0,0,0
"7010",2023-01-25,8,10,4763,208,0,0,23.2301255230126,0,0,5552,242,0,0,0,0
"7011",2023-01-25,8,15,4676,210,0,0,23.2301255230126,0,0,5552,242,0,0,0,0
"7012",2023-01-25,8,20,4409,211,0,0,23.2301255230126,0,0,5552,242,0,0,0,0
"7013",2023-01-25,8,25,4486,215,0,0,23.2301255230126,0,0,5552,242,0,0,0,0
"7014",2023-01-25,8,30,4495,216,0,0,23.2301255230126,0,0,5552,242,0,0,0,0
"7015",2023-01-25,8,35,4567,220,0,0,23.2301255230126,0,0,5552,242,0,0,0,0
"7016",2023-01-25,8,40,4950,225,0,0,23.2301255230126,0,0,5552,242,0,0,0,0
"7017",2023-01-25,8,45,5552,239,0,0,23.2301255230126,0,0,5552,242,0,0,0,0
"7018",2023-01-25,8,50,5306,240,0,0,23.2301255230126,0,0,5552,242,0,0,0,0
"7019",2023-01-25,8,55,5406,242,0,0,23.2301255230126,0,0,5552,242,0,0,0,0
"7020",2023-01-25,8,0,4515,197,0,0,23.2301255230126,0,0,5552,242,0,0,0,0
"7021",2023-01-25,9,0,5478,245,0,0,23.9097222222222,0,0,7156,300,0,0,0,0
"7022",2023-01-25,9,5,5478,249,0,0,23.9097222222222,0,0,7156,300,0,0,0,0
"7023",2023-01-25,9,10,6276,263,0,0,23.9097222222222,0,0,7156,300,0,0,0,0
"7024",2023-01-25,9,15,6397,269,0,0,23.9097222222222,0,0,7156,300,0,0,0,0
"7025",2023-01-25,9,20,6441,272,0,0,23.9097222222222,0,0,7156,300,0,0,0,0
"7026",2023-01-25,9,25,6551,280,0,0,23.9097222222222,0,0,7156,300,0,0,0,0
"7027",2023-01-25,9,30,6550,283,0,0,23.9097222222222,0,0,7156,300,0,0,0,0
"7028",2023-01-25,9,35,6886,288,0,0,23.9097222222222,0,0,7156,300,0,0,0,0
"7029",2023-01-25,9,40,6996,293,0,0,23.9097222222222,0,0,7156,300,0,0,0,0
"7030",2023-01-25,9,45,6869,293,0,0,23.9097222222222,0,0,7156,300,0,0,0,0
"7031",2023-01-25,9,50,7156,300,0,0,23.9097222222222,0,0,7156,300,0,0,0,0
"7032",2023-01-25,9,55,6965,299,0,0,23.9097222222222,0,0,7156,300,0,0,0,0
"7033",2023-01-25,10,0,7130,306,0,0,24.6950354609929,0,0,7130,316,0,0,0,0
"7034",2023-01-25,10,5,6514,305,0,0,24.6950354609929,0,0,7130,316,0,0,0,0
"7035",2023-01-25,10,10,6517,308,0,0,24.6950354609929,0,0,7130,316,0,0,0,0
"7036",2023-01-25,10,15,3138,138,0,0,24.6950354609929,0,0,7130,316,0,0,0,0
"7037",2023-01-25,10,20,6759,311,0,0,24.6950354609929,0,0,7130,316,0,0,0,0
"7038",2023-01-25,10,25,6699,310,0,0,24.6950354609929,0,0,7130,316,0,0,0,0
"7039",2023-01-25,10,30,7013,314,0,0,24.6950354609929,0,0,7130,316,0,0,0,0
"7040",2023-01-25,10,35,7029,316,0,0,24.6950354609929,0,0,7130,316,0,0,0,0
"7041",2023-01-25,10,40,7107,316,0,0,24.6950354609929,0,0,7130,316,0,0,0,0
"7042",2023-01-25,10,45,3482,141,0,0,24.6950354609929,0,0,7130,316,0,0,0,0
"7043",2023-01-25,10,50,6754,313,0,0,24.6950354609929,0,0,7130,316,0,0,0,0
"7044",2023-01-25,10,55,6854,312,0,0,24.6950354609929,0,0,7130,316,0,0,0,0
"7045",2023-01-25,11,0,7119,314,0,0,22.6974522292994,0,0,7149,316,0,0,0,0
"7046",2023-01-25,11,5,7149,315,0,0,22.6974522292994,0,0,7149,316,0,0,0,0
"7047",2023-01-25,11,10,7127,314,0,0,22.6974522292994,0,0,7149,316,0,0,0,0
"7048",2023-01-25,11,15,7004,311,0,0,22.6974522292994,0,0,7149,316,0,0,0,0
"7049",2023-01-25,11,20,6876,312,0,0,22.6974522292994,0,0,7149,316,0,0,0,0
"7050",2023-01-25,11,25,6925,316,0,0,22.6974522292994,0,0,7149,316,0,0,0,0
"7051",2023-01-25,11,30,6975,316,0,0,22.6974522292994,0,0,7149,316,0,0,0,0
"7052",2023-01-25,11,35,6837,308,0,0,22.6974522292994,0,0,7149,316,0,0,0,0
"7053",2023-01-25,11,40,6715,307,0,0,22.6974522292994,0,0,7149,316,0,0,0,0
"7054",2023-01-25,11,45,6348,303,0,0,22.6974522292994,0,0,7149,316,0,0,0,0
"7055",2023-01-25,11,50,6719,305,0,0,22.6974522292994,0,0,7149,316,0,0,0,0
"7056",2023-01-25,11,55,6758,305,0,0,22.6974522292994,0,0,7149,316,0,0,0,0
"7057",2023-01-25,12,0,6637,307,0,0,24.4965517241379,0,0,7288,307,0,0,0,0
"7058",2023-01-25,12,5,6621,305,0,0,24.4965517241379,0,0,7288,307,0,0,0,0
"7059",2023-01-25,12,10,6994,303,0,0,24.4965517241379,0,0,7288,307,0,0,0,0
"7060",2023-01-25,12,15,7288,305,0,0,24.4965517241379,0,0,7288,307,0,0,0,0
"7061",2023-01-25,12,20,7177,303,0,0,24.4965517241379,0,0,7288,307,0,0,0,0
"7062",2023-01-25,12,25,7219,298,0,0,24.4965517241379,0,0,7288,307,0,0,0,0
"7063",2023-01-25,12,30,7219,298,0,0,24.4965517241379,0,0,7288,307,0,0,0,0
"7064",2023-01-25,12,35,7169,293,0,0,24.4965517241379,0,0,7288,307,0,0,0,0
"7065",2023-01-25,12,40,7104,290,0,0,24.4965517241379,0,0,7288,307,0,0,0,0
"7066",2023-01-25,12,45,6776,282,0,0,24.4965517241379,0,0,7288,307,0,0,0,0
"7067",2023-01-25,12,50,6689,276,0,0,24.4965517241379,0,0,7288,307,0,0,0,0
"7068",2023-01-25,12,55,6345,273,0,0,24.4965517241379,0,0,7288,307,0,0,0,0
"7069",2023-01-25,13,0,6235,267,0,0,24.99203187251,0,0,6273,267,0,0,0,0
"7070",2023-01-25,13,5,5952,256,0,0,24.99203187251,0,0,6273,267,0,0,0,0
"7071",2023-01-25,13,10,5891,251,0,0,24.99203187251,0,0,6273,267,0,0,0,0
"7072",2023-01-25,13,15,6191,248,0,0,24.99203187251,0,0,6273,267,0,0,0,0
"7073",2023-01-25,13,20,6273,251,0,0,24.99203187251,0,0,6273,267,0,0,0,0
"7074",2023-01-25,13,25,6060,248,0,0,24.99203187251,0,0,6273,267,0,0,0,0
"7075",2023-01-25,13,30,5866,245,0,0,24.99203187251,0,0,6273,267,0,0,0,0
"7076",2023-01-25,13,35,6022,246,0,0,24.99203187251,0,0,6273,267,0,0,0,0
"7077",2023-01-25,13,40,6044,247,0,0,24.99203187251,0,0,6273,267,0,0,0,0
"7078",2023-01-25,13,45,6041,243,0,0,24.99203187251,0,0,6273,267,0,0,0,0
"7079",2023-01-25,13,50,5963,244,0,0,24.99203187251,0,0,6273,267,0,0,0,0
"7080",2023-01-25,13,55,5805,244,0,0,24.99203187251,0,0,6273,267,0,0,0,0
"7081",2023-01-25,14,0,6146,245,0,0,25.0857142857143,0,0,6244,254,0,0,0,0
"7082",2023-01-25,14,5,6190,248,0,0,25.0857142857143,0,0,6244,254,0,0,0,0
"7083",2023-01-25,14,10,5696,243,0,0,25.0857142857143,0,0,6244,254,0,0,0,0
"7084",2023-01-25,14,15,5685,243,0,0,25.0857142857143,0,0,6244,254,0,0,0,0
"7085",2023-01-25,14,20,5754,246,0,0,25.0857142857143,0,0,6244,254,0,0,0,0
"7086",2023-01-25,14,25,5857,248,0,0,25.0857142857143,0,0,6244,254,0,0,0,0
"7087",2023-01-25,14,30,6200,250,0,0,25.0857142857143,0,0,6244,254,0,0,0,0
"7088",2023-01-25,14,35,6244,252,0,0,25.0857142857143,0,0,6244,254,0,0,0,0
"7089",2023-01-25,14,40,6151,251,0,0,25.0857142857143,0,0,6244,254,0,0,0,0
"7090",2023-01-25,14,45,6088,251,0,0,25.0857142857143,0,0,6244,254,0,0,0,0
"7091",2023-01-25,14,50,6110,253,0,0,25.0857142857143,0,0,6244,254,0,0,0,0
"7092",2023-01-25,14,55,5987,254,0,0,25.0857142857143,0,0,6244,254,0,0,0,0
"7093",2023-01-25,15,0,6053,257,0,0,26.7657342657343,0,0,7655,286,0,0,0,0
"7094",2023-01-25,15,5,5863,261,0,0,26.7657342657343,0,0,7655,286,0,0,0,0
"7095",2023-01-25,15,10,5776,255,0,0,26.7657342657343,0,0,7655,286,0,0,0,0
"7096",2023-01-25,15,15,5979,267,0,0,26.7657342657343,0,0,7655,286,0,0,0,0
"7097",2023-01-25,15,20,5984,270,0,0,26.7657342657343,0,0,7655,286,0,0,0,0
"7098",2023-01-25,15,25,6350,273,0,0,26.7657342657343,0,0,7655,286,0,0,0,0
"7099",2023-01-25,15,30,6342,275,0,0,26.7657342657343,0,0,7655,286,0,0,0,0
"7100",2023-01-25,15,35,6595,273,0,0,26.7657342657343,0,0,7655,286,0,0,0,0
"7101",2023-01-25,15,40,6530,274,0,0,26.7657342657343,0,0,7655,286,0,0,0,0
"7102",2023-01-25,15,45,6803,277,0,0,26.7657342657343,0,0,7655,286,0,0,0,0
"7103",2023-01-25,15,50,7125,279,0,0,26.7657342657343,0,0,7655,286,0,0,0,0
"7104",2023-01-25,15,55,7655,286,0,0,26.7657342657343,0,0,7655,286,0,0,0,0
"7105",2023-01-25,16,0,7584,285,0,0,26.9157894736842,0,0,7671,285,0,0,0,0
"7106",2023-01-25,16,5,7671,285,0,0,26.9157894736842,0,0,7671,285,0,0,0,0
"7107",2023-01-25,16,10,7181,285,0,0,26.9157894736842,0,0,7671,285,0,0,0,0
"7108",2023-01-25,16,15,6382,282,0,0,26.9157894736842,0,0,7671,285,0,0,0,0
"7109",2023-01-25,16,20,6754,284,0,0,26.9157894736842,0,0,7671,285,0,0,0,0
"7110",2023-01-25,16,25,6826,281,0,0,26.9157894736842,0,0,7671,285,0,0,0,0
"7111",2023-01-25,16,30,6400,274,0,0,26.9157894736842,0,0,7671,285,0,0,0,0
"7112",2023-01-25,16,35,5857,269,0,0,26.9157894736842,0,0,7671,285,0,0,0,0
"7113",2023-01-25,16,40,6201,269,0,0,26.9157894736842,0,0,7671,285,0,0,0,0
"7114",2023-01-25,16,45,6759,271,0,0,26.9157894736842,0,0,7671,285,0,0,0,0
"7115",2023-01-25,16,50,6657,274,0,0,26.9157894736842,0,0,7671,285,0,0,0,0
"7116",2023-01-25,16,55,6508,269,0,0,26.9157894736842,0,0,7671,285,0,0,0,0
"7117",2023-01-25,17,0,6653,266,0,0,25.0112781954887,0,0,6653,266,0,0,0,0
"7118",2023-01-25,17,5,6009,262,0,0,25.0112781954887,0,0,6653,266,0,0,0,0
"7119",2023-01-25,17,10,6189,263,0,0,25.0112781954887,0,0,6653,266,0,0,0,0
"7120",2023-01-25,17,15,5997,256,0,0,25.0112781954887,0,0,6653,266,0,0,0,0
"7121",2023-01-25,17,20,6005,257,0,0,25.0112781954887,0,0,6653,266,0,0,0,0
"7122",2023-01-25,17,25,6075,258,0,0,25.0112781954887,0,0,6653,266,0,0,0,0
"7123",2023-01-25,17,30,6145,259,0,0,25.0112781954887,0,0,6653,266,0,0,0,0
"7124",2023-01-25,17,35,5890,251,0,0,25.0112781954887,0,0,6653,266,0,0,0,0
"7125",2023-01-25,17,40,5821,250,0,0,25.0112781954887,0,0,6653,266,0,0,0,0
"7126",2023-01-25,17,45,5493,251,0,0,25.0112781954887,0,0,6653,266,0,0,0,0
"7127",2023-01-25,17,50,5499,250,0,0,25.0112781954887,0,0,6653,266,0,0,0,0
"7128",2023-01-25,17,55,5709,251,0,0,25.0112781954887,0,0,6653,266,0,0,0,0
"7129",2023-01-25,18,0,5570,250,0,0,24.3196721311475,0,0,6016,251,0,0,0,0
"7130",2023-01-25,18,5,5915,251,0,0,24.3196721311475,0,0,6016,251,0,0,0,0
"7131",2023-01-25,18,10,5893,249,0,0,24.3196721311475,0,0,6016,251,0,0,0,0
"7132",2023-01-25,18,15,6016,248,0,0,24.3196721311475,0,0,6016,251,0,0,0,0
"7133",2023-01-25,18,20,5934,244,0,0,24.3196721311475,0,0,6016,251,0,0,0,0
"7134",2023-01-25,18,25,5546,243,0,0,24.3196721311475,0,0,6016,251,0,0,0,0
"7135",2023-01-25,18,30,5866,246,0,0,24.3196721311475,0,0,6016,251,0,0,0,0
"7136",2023-01-25,18,35,5923,245,0,0,24.3196721311475,0,0,6016,251,0,0,0,0
"7137",2023-01-25,18,40,5934,245,0,0,24.3196721311475,0,0,6016,251,0,0,0,0
"7138",2023-01-25,18,45,5852,243,0,0,24.3196721311475,0,0,6016,251,0,0,0,0
"7139",2023-01-25,18,50,5611,239,0,0,24.3196721311475,0,0,6016,251,0,0,0,0
"7140",2023-01-25,18,55,5305,234,0,0,24.3196721311475,0,0,6016,251,0,0,0,0
"7141",2023-01-25,19,0,5229,238,0,0,26.0309734513274,0,0,5883,238,0,0,0,0
"7142",2023-01-25,19,5,5346,230,0,0,26.0309734513274,0,0,5883,238,0,0,0,0
"7143",2023-01-25,19,10,5318,231,0,0,26.0309734513274,0,0,5883,238,0,0,0,0
"7144",2023-01-25,19,15,5487,231,0,0,26.0309734513274,0,0,5883,238,0,0,0,0
"7145",2023-01-25,19,20,5454,228,0,0,26.0309734513274,0,0,5883,238,0,0,0,0
"7146",2023-01-25,19,25,5403,225,0,0,26.0309734513274,0,0,5883,238,0,0,0,0
"7147",2023-01-25,19,30,5284,222,0,0,26.0309734513274,0,0,5883,238,0,0,0,0
"7148",2023-01-25,19,35,5883,226,0,0,26.0309734513274,0,0,5883,238,0,0,0,0
"7149",2023-01-25,19,40,5626,221,0,0,26.0309734513274,0,0,5883,238,0,0,0,0
"7150",2023-01-25,19,45,5637,221,0,0,26.0309734513274,0,0,5883,238,0,0,0,0
"7151",2023-01-25,19,50,5370,217,0,0,26.0309734513274,0,0,5883,238,0,0,0,0
"7152",2023-01-25,19,55,5359,216,0,0,26.0309734513274,0,0,5883,238,0,0,0,0
"7153",2023-01-25,20,0,5006,209,0,0,25.5,0,0,5402,212,0,0,0,0
"7154",2023-01-25,20,5,5168,209,0,0,25.5,0,0,5402,212,0,0,0,0
"7155",2023-01-25,20,10,5304,208,0,0,25.5,0,0,5402,212,0,0,0,0
"7156",2023-01-25,20,15,5315,209,0,0,25.5,0,0,5402,212,0,0,0,0
"7157",2023-01-25,20,20,5277,209,0,0,25.5,0,0,5402,212,0,0,0,0
"7158",2023-01-25,20,25,5402,212,0,0,25.5,0,0,5402,212,0,0,0,0
"7159",2023-01-25,20,30,5331,211,0,0,25.5,0,0,5402,212,0,0,0,0
"7160",2023-01-25,20,35,5167,207,0,0,25.5,0,0,5402,212,0,0,0,0
"7161",2023-01-25,20,40,4997,205,0,0,25.5,0,0,5402,212,0,0,0,0
"7162",2023-01-25,20,45,4959,206,0,0,25.5,0,0,5402,212,0,0,0,0
"7163",2023-01-25,20,50,4937,205,0,0,25.5,0,0,5402,212,0,0,0,0
"7164",2023-01-25,20,55,4937,205,0,0,25.5,0,0,5402,212,0,0,0,0
"7165",2023-01-25,21,0,5020,208,0,0,25.3121951219512,0,0,5189,211,0,0,0,0
"7166",2023-01-25,21,5,5086,211,0,0,25.3121951219512,0,0,5189,211,0,0,0,0
"7167",2023-01-25,21,10,4858,208,0,0,25.3121951219512,0,0,5189,211,0,0,0,0
"7168",2023-01-25,21,15,4958,207,0,0,25.3121951219512,0,0,5189,211,0,0,0,0
"7169",2023-01-25,21,20,4892,204,0,0,25.3121951219512,0,0,5189,211,0,0,0,0
"7170",2023-01-25,21,25,4878,202,0,0,25.3121951219512,0,0,5189,211,0,0,0,0
"7171",2023-01-25,21,40,5189,205,0,0,25.3121951219512,0,0,5189,211,0,0,0,0
"7172",2023-01-25,21,45,5025,201,0,0,25.3121951219512,0,0,5189,211,0,0,0,0
"7173",2023-01-25,21,50,5071,203,0,0,25.3121951219512,0,0,5189,211,0,0,0,0
"7174",2023-01-25,21,55,4799,201,0,0,25.3121951219512,0,0,5189,211,0,0,0,0
"7175",2023-01-25,21,30,4933,204,0,0,25.3121951219512,0,0,5189,211,0,0,0,0
"7176",2023-01-25,21,35,5020,203,0,0,25.3121951219512,0,0,5189,211,0,0,0,0
"7177",2023-01-25,22,0,4727,199,0,0,23.875,0,0,4775,200,0,0,0,0
"7178",2023-01-25,22,5,4775,200,0,0,23.875,0,0,4775,200,0,0,0,0
"7179",2023-01-25,22,10,4671,197,0,0,23.875,0,0,4775,200,0,0,0,0
"7180",2023-01-25,22,15,4616,194,0,0,23.875,0,0,4775,200,0,0,0,0
"7181",2023-01-25,22,20,4206,192,0,0,23.875,0,0,4775,200,0,0,0,0
"7182",2023-01-25,22,25,4119,193,0,0,23.875,0,0,4775,200,0,0,0,0
"7183",2023-01-25,22,30,4097,192,0,0,23.875,0,0,4775,200,0,0,0,0
"7184",2023-01-25,22,35,4140,193,0,0,23.875,0,0,4775,200,0,0,0,0
"7185",2023-01-25,22,40,4118,192,0,0,23.875,0,0,4775,200,0,0,0,0
"7186",2023-01-25,22,45,4074,190,0,0,23.875,0,0,4775,200,0,0,0,0
"7187",2023-01-25,22,50,4074,190,0,0,23.875,0,0,4775,200,0,0,0,0
"7188",2023-01-25,22,55,4118,192,0,0,23.875,0,0,4775,200,0,0,0,0
"7189",2023-01-25,23,0,4216,192,0,0,22.7554347826087,0,0,4281,192,0,0,0,0
"7190",2023-01-25,23,5,4281,190,0,0,22.7554347826087,0,0,4281,192,0,0,0,0
"7191",2023-01-25,23,10,4248,189,0,0,22.7554347826087,0,0,4281,192,0,0,0,0
"7192",2023-01-25,23,15,4177,188,0,0,22.7554347826087,0,0,4281,192,0,0,0,0
"7193",2023-01-25,23,20,4177,188,0,0,22.7554347826087,0,0,4281,192,0,0,0,0
"7194",2023-01-25,23,25,4177,188,0,0,22.7554347826087,0,0,4281,192,0,0,0,0
"7195",2023-01-25,23,30,3991,184,0,0,22.7554347826087,0,0,4281,192,0,0,0,0
"7196",2023-01-25,23,35,4199,185,0,0,22.7554347826087,0,0,4281,192,0,0,0,0
"7197",2023-01-25,23,40,4155,183,0,0,22.7554347826087,0,0,4281,192,0,0,0,0
"7198",2023-01-25,23,45,4187,184,0,0,22.7554347826087,0,0,4281,192,0,0,0,0
"7199",2023-01-25,23,50,4007,183,0,0,22.7554347826087,0,0,4281,192,0,0,0,0
"7200",2023-01-25,23,55,3985,182,0,0,22.7554347826087,0,0,4281,192,0,0,0,0
"7201",2023-01-26,0,0,4335,188,0,0,23.0585106382979,0,0,4335,188,0,0,0,0
"7202",2023-01-26,0,5,3980,184,0,0,23.0585106382979,0,0,4335,188,0,0,0,0
"7203",2023-01-26,0,10,3980,184,0,0,23.0585106382979,0,0,4335,188,0,0,0,0
"7204",2023-01-26,0,15,3980,184,0,0,23.0585106382979,0,0,4335,188,0,0,0,0
"7205",2023-01-26,0,20,3980,184,0,0,23.0585106382979,0,0,4335,188,0,0,0,0
"7206",2023-01-26,0,25,3980,184,0,0,23.0585106382979,0,0,4335,188,0,0,0,0
"7207",2023-01-26,0,30,4040,185,0,0,23.0585106382979,0,0,4335,188,0,0,0,0
"7208",2023-01-26,0,35,4018,184,0,0,23.0585106382979,0,0,4335,188,0,0,0,0
"7209",2023-01-26,0,40,3998,183,0,0,23.0585106382979,0,0,4335,188,0,0,0,0
"7210",2023-01-26,0,45,3954,181,0,0,23.0585106382979,0,0,4335,188,0,0,0,0
"7211",2023-01-26,0,50,3954,181,0,0,23.0585106382979,0,0,4335,188,0,0,0,0
"7212",2023-01-26,0,55,3954,181,0,0,23.0585106382979,0,0,4335,188,0,0,0,0
"7213",2023-01-26,1,0,4108,174,0,0,23.6091954022989,0,0,4108,174,0,0,0,0
"7214",2023-01-26,1,5,4087,174,0,0,23.6091954022989,0,0,4108,174,0,0,0,0
"7215",2023-01-26,1,10,3727,173,0,0,23.6091954022989,0,0,4108,174,0,0,0,0
"7216",2023-01-26,1,15,3727,173,0,0,23.6091954022989,0,0,4108,174,0,0,0,0
"7217",2023-01-26,1,20,3825,173,0,0,23.6091954022989,0,0,4108,174,0,0,0,0
"7218",2023-01-26,1,25,3847,174,0,0,23.6091954022989,0,0,4108,174,0,0,0,0
"7219",2023-01-26,1,30,3803,172,0,0,23.6091954022989,0,0,4108,174,0,0,0,0
"7220",2023-01-26,1,35,3803,172,0,0,23.6091954022989,0,0,4108,174,0,0,0,0
"7221",2023-01-26,1,40,3803,172,0,0,23.6091954022989,0,0,4108,174,0,0,0,0
"7222",2023-01-26,1,45,3803,172,0,0,23.6091954022989,0,0,4108,174,0,0,0,0
"7223",2023-01-26,1,50,3792,171,0,0,23.6091954022989,0,0,4108,174,0,0,0,0
"7224",2023-01-26,1,55,3590,168,0,0,23.6091954022989,0,0,4108,174,0,0,0,0
"7225",2023-01-26,2,0,3601,169,0,0,21.4378698224852,0,0,3667,173,0,0,0,0
"7226",2023-01-26,2,5,3656,172,0,0,21.4378698224852,0,0,3667,173,0,0,0,0
"7227",2023-01-26,2,10,3656,172,0,0,21.4378698224852,0,0,3667,173,0,0,0,0
"7228",2023-01-26,2,15,3667,173,0,0,21.4378698224852,0,0,3667,173,0,0,0,0
"7229",2023-01-26,2,20,3667,173,0,0,21.4378698224852,0,0,3667,173,0,0,0,0
"7230",2023-01-26,2,25,3656,172,0,0,21.4378698224852,0,0,3667,173,0,0,0,0
"7231",2023-01-26,2,30,3656,172,0,0,21.4378698224852,0,0,3667,173,0,0,0,0
"7232",2023-01-26,2,35,3656,172,0,0,21.4378698224852,0,0,3667,173,0,0,0,0
"7233",2023-01-26,2,40,3645,171,0,0,21.4378698224852,0,0,3667,173,0,0,0,0
"7234",2023-01-26,2,45,3645,171,0,0,21.4378698224852,0,0,3667,173,0,0,0,0
"7235",2023-01-26,2,50,3623,169,0,0,21.4378698224852,0,0,3667,173,0,0,0,0
"7236",2023-01-26,2,55,3623,169,0,0,21.4378698224852,0,0,3667,173,0,0,0,0
"7237",2023-01-26,3,0,3623,169,0,0,21.4411764705882,0,0,3656,171,0,0,0,0
"7238",2023-01-26,3,5,3623,169,0,0,21.4411764705882,0,0,3656,171,0,0,0,0
"7239",2023-01-26,3,10,3623,169,0,0,21.4411764705882,0,0,3656,171,0,0,0,0
"7240",2023-01-26,3,15,3645,170,0,0,21.4411764705882,0,0,3656,171,0,0,0,0
"7241",2023-01-26,3,20,3645,170,0,0,21.4411764705882,0,0,3656,171,0,0,0,0
"7242",2023-01-26,3,25,3645,170,0,0,21.4411764705882,0,0,3656,171,0,0,0,0
"7243",2023-01-26,3,30,3645,170,0,0,21.4411764705882,0,0,3656,171,0,0,0,0
"7244",2023-01-26,3,35,3645,170,0,0,21.4411764705882,0,0,3656,171,0,0,0,0
"7245",2023-01-26,3,40,3645,170,0,0,21.4411764705882,0,0,3656,171,0,0,0,0
"7246",2023-01-26,3,45,3645,170,0,0,21.4411764705882,0,0,3656,171,0,0,0,0
"7247",2023-01-26,3,50,3645,170,0,0,21.4411764705882,0,0,3656,171,0,0,0,0
"7248",2023-01-26,3,55,3656,171,0,0,21.4411764705882,0,0,3656,171,0,0,0,0
"7249",2023-01-26,4,0,3634,170,0,0,21.4878048780488,0,0,3634,170,0,0,0,0
"7250",2023-01-26,4,5,3634,170,0,0,21.4878048780488,0,0,3634,170,0,0,0,0
"7251",2023-01-26,4,10,3634,170,0,0,21.4878048780488,0,0,3634,170,0,0,0,0
"7252",2023-01-26,4,15,3568,167,0,0,21.4878048780488,0,0,3634,170,0,0,0,0
"7253",2023-01-26,4,20,3568,167,0,0,21.4878048780488,0,0,3634,170,0,0,0,0
"7254",2023-01-26,4,25,3546,166,0,0,21.4878048780488,0,0,3634,170,0,0,0,0
"7255",2023-01-26,4,30,3546,166,0,0,21.4878048780488,0,0,3634,170,0,0,0,0
"7256",2023-01-26,4,35,3546,166,0,0,21.4878048780488,0,0,3634,170,0,0,0,0
"7257",2023-01-26,4,40,3546,166,0,0,21.4878048780488,0,0,3634,170,0,0,0,0
"7258",2023-01-26,4,45,3546,166,0,0,21.4878048780488,0,0,3634,170,0,0,0,0
"7259",2023-01-26,4,50,2974,139,0,0,21.4878048780488,0,0,3634,170,0,0,0,0
"7260",2023-01-26,4,55,3524,164,0,0,21.4878048780488,0,0,3634,170,0,0,0,0
"7261",2023-01-26,5,0,3524,164,0,0,21.4909090909091,0,0,3546,165,0,0,0,0
"7262",2023-01-26,5,5,3524,164,0,0,21.4909090909091,0,0,3546,165,0,0,0,0
"7263",2023-01-26,5,10,3524,164,0,0,21.4909090909091,0,0,3546,165,0,0,0,0
"7264",2023-01-26,5,15,3524,164,0,0,21.4909090909091,0,0,3546,165,0,0,0,0
"7265",2023-01-26,5,20,3546,165,0,0,21.4909090909091,0,0,3546,165,0,0,0,0
"7266",2023-01-26,5,25,3546,165,0,0,21.4909090909091,0,0,3546,165,0,0,0,0
"7267",2023-01-26,5,35,3546,165,0,0,21.4909090909091,0,0,3546,165,0,0,0,0
"7268",2023-01-26,5,40,3546,165,0,0,21.4909090909091,0,0,3546,165,0,0,0,0
"7269",2023-01-26,5,45,3502,163,0,0,21.4909090909091,0,0,3546,165,0,0,0,0
"7270",2023-01-26,5,50,3480,162,0,0,21.4909090909091,0,0,3546,165,0,0,0,0
"7271",2023-01-26,5,55,3458,161,0,0,21.4909090909091,0,0,3546,165,0,0,0,0
"7272",2023-01-26,5,30,3503,163,0,0,21.4909090909091,0,0,3546,165,0,0,0,0
"7273",2023-01-26,6,0,3458,161,0,0,21.5384615384615,0,0,3480,162,0,0,0,0
"7274",2023-01-26,6,5,3480,162,0,0,21.5384615384615,0,0,3480,162,0,0,0,0
"7275",2023-01-26,6,10,3480,162,0,0,21.5384615384615,0,0,3480,162,0,0,0,0
"7276",2023-01-26,6,15,3480,162,0,0,21.5384615384615,0,0,3480,162,0,0,0,0
"7277",2023-01-26,6,20,3448,161,0,0,21.5384615384615,0,0,3480,162,0,0,0,0
"7278",2023-01-26,6,25,3448,161,0,0,21.5384615384615,0,0,3480,162,0,0,0,0
"7279",2023-01-26,6,30,3448,161,0,0,21.5384615384615,0,0,3480,162,0,0,0,0
"7280",2023-01-26,6,35,3426,160,0,0,21.5384615384615,0,0,3480,162,0,0,0,0
"7281",2023-01-26,6,40,3426,160,0,0,21.5384615384615,0,0,3480,162,0,0,0,0
"7282",2023-01-26,6,45,3448,161,0,0,21.5384615384615,0,0,3480,162,0,0,0,0
"7283",2023-01-26,6,50,3393,158,0,0,21.5384615384615,0,0,3480,162,0,0,0,0
"7284",2023-01-26,6,55,3360,156,0,0,21.5384615384615,0,0,3480,162,0,0,0,0
"7285",2023-01-26,7,0,3382,157,0,0,24.0178571428571,0,0,4278,186,0,0,0,0
"7286",2023-01-26,7,5,3382,158,0,0,24.0178571428571,0,0,4278,186,0,0,0,0
"7287",2023-01-26,7,10,3393,159,0,0,24.0178571428571,0,0,4278,186,0,0,0,0
"7288",2023-01-26,7,15,3448,162,0,0,24.0178571428571,0,0,4278,186,0,0,0,0
"7289",2023-01-26,7,20,3492,164,0,0,24.0178571428571,0,0,4278,186,0,0,0,0
"7290",2023-01-26,7,25,3514,165,0,0,24.0178571428571,0,0,4278,186,0,0,0,0
"7291",2023-01-26,7,30,3642,165,0,0,24.0178571428571,0,0,4278,186,0,0,0,0
"7292",2023-01-26,7,35,4035,168,0,0,24.0178571428571,0,0,4278,186,0,0,0,0
"7293",2023-01-26,7,40,4079,172,0,0,24.0178571428571,0,0,4278,186,0,0,0,0
"7294",2023-01-26,7,45,4267,180,0,0,24.0178571428571,0,0,4278,186,0,0,0,0
"7295",2023-01-26,7,50,4278,182,0,0,24.0178571428571,0,0,4278,186,0,0,0,0
"7296",2023-01-26,7,55,4028,186,0,0,24.0178571428571,0,0,4278,186,0,0,0,0
"7297",2023-01-26,8,0,4203,190,0,0,25.8356807511737,0,0,5558,232,0,0,0,0
"7298",2023-01-26,8,5,4632,197,0,0,25.8356807511737,0,0,5558,232,0,0,0,0
"7299",2023-01-26,8,10,4565,199,0,0,25.8356807511737,0,0,5558,232,0,0,0,0
"7300",2023-01-26,8,15,4509,200,0,0,25.8356807511737,0,0,5558,232,0,0,0,0
"7301",2023-01-26,8,20,4861,204,0,0,25.8356807511737,0,0,5558,232,0,0,0,0
"7302",2023-01-26,8,25,5086,209,0,0,25.8356807511737,0,0,5558,232,0,0,0,0
"7303",2023-01-26,8,30,5503,213,0,0,25.8356807511737,0,0,5558,232,0,0,0,0
"7304",2023-01-26,8,35,5558,216,0,0,25.8356807511737,0,0,5558,232,0,0,0,0
"7305",2023-01-26,8,40,5385,220,0,0,25.8356807511737,0,0,5558,232,0,0,0,0
"7306",2023-01-26,8,45,5545,228,0,0,25.8356807511737,0,0,5558,232,0,0,0,0
"7307",2023-01-26,8,50,5326,227,0,0,25.8356807511737,0,0,5558,232,0,0,0,0
"7308",2023-01-26,8,55,5267,232,0,0,25.8356807511737,0,0,5558,232,0,0,0,0
"7309",2023-01-26,9,0,5696,240,0,0,25.0750853242321,0,0,7347,293,0,0,0,0
"7310",2023-01-26,9,5,5784,245,0,0,25.0750853242321,0,0,7347,293,0,0,0,0
"7311",2023-01-26,9,10,5760,252,0,0,25.0750853242321,0,0,7347,293,0,0,0,0
"7312",2023-01-26,9,15,5870,260,0,0,25.0750853242321,0,0,7347,293,0,0,0,0
"7313",2023-01-26,9,20,5764,261,0,0,25.0750853242321,0,0,7347,293,0,0,0,0
"7314",2023-01-26,9,25,5858,266,0,0,25.0750853242321,0,0,7347,293,0,0,0,0
"7315",2023-01-26,9,30,6093,269,0,0,25.0750853242321,0,0,7347,293,0,0,0,0
"7316",2023-01-26,9,35,6197,276,0,0,25.0750853242321,0,0,7347,293,0,0,0,0
"7317",2023-01-26,9,40,6737,282,0,0,25.0750853242321,0,0,7347,293,0,0,0,0
"7318",2023-01-26,9,45,6814,286,0,0,25.0750853242321,0,0,7347,293,0,0,0,0
"7319",2023-01-26,9,50,6779,286,0,0,25.0750853242321,0,0,7347,293,0,0,0,0
"7320",2023-01-26,9,55,7347,293,0,0,25.0750853242321,0,0,7347,293,0,0,0,0
"7321",2023-01-26,10,0,6988,293,0,0,28.9574468085106,0,0,7830,318,0,0,0,0
"7322",2023-01-26,10,5,6885,295,0,0,28.9574468085106,0,0,7830,318,0,0,0,0
"7323",2023-01-26,10,10,6771,299,0,0,28.9574468085106,0,0,7830,318,0,0,0,0
"7324",2023-01-26,10,15,3465,139,0,0,28.9574468085106,0,0,7830,318,0,0,0,0
"7325",2023-01-26,10,20,7265,308,0,0,28.9574468085106,0,0,7830,318,0,0,0,0
"7326",2023-01-26,10,25,7105,306,0,0,28.9574468085106,0,0,7830,318,0,0,0,0
"7327",2023-01-26,10,30,7464,312,0,0,28.9574468085106,0,0,7830,318,0,0,0,0
"7328",2023-01-26,10,35,7830,316,0,0,28.9574468085106,0,0,7830,318,0,0,0,0
"7329",2023-01-26,10,40,7808,315,0,0,28.9574468085106,0,0,7830,318,0,0,0,0
"7330",2023-01-26,10,45,4083,141,0,0,28.9574468085106,0,0,7830,318,0,0,0,0
"7331",2023-01-26,10,50,7531,317,0,0,28.9574468085106,0,0,7830,318,0,0,0,0
"7332",2023-01-26,10,55,7591,318,0,0,28.9574468085106,0,0,7830,318,0,0,0,0
"7333",2023-01-26,11,0,7012,316,0,0,22.9649681528662,0,0,7211,317,0,0,0,0
"7334",2023-01-26,11,5,6725,310,0,0,22.9649681528662,0,0,7211,317,0,0,0,0
"7335",2023-01-26,11,10,7165,316,0,0,22.9649681528662,0,0,7211,317,0,0,0,0
"7336",2023-01-26,11,15,6871,317,0,0,22.9649681528662,0,0,7211,317,0,0,0,0
"7337",2023-01-26,11,20,6966,315,0,0,22.9649681528662,0,0,7211,317,0,0,0,0
"7338",2023-01-26,11,25,7211,314,0,0,22.9649681528662,0,0,7211,317,0,0,0,0
"7339",2023-01-26,11,30,6889,311,0,0,22.9649681528662,0,0,7211,317,0,0,0,0
"7340",2023-01-26,11,35,6848,310,0,0,22.9649681528662,0,0,7211,317,0,0,0,0
"7341",2023-01-26,11,40,6614,311,0,0,22.9649681528662,0,0,7211,317,0,0,0,0
"7342",2023-01-26,11,45,6355,310,0,0,22.9649681528662,0,0,7211,317,0,0,0,0
"7343",2023-01-26,11,50,6311,308,0,0,22.9649681528662,0,0,7211,317,0,0,0,0
"7344",2023-01-26,11,55,6671,310,0,0,22.9649681528662,0,0,7211,317,0,0,0,0
"7345",2023-01-26,12,0,6638,308,0,0,22.6028880866426,0,0,6638,308,0,0,0,0
"7346",2023-01-26,12,5,6550,304,0,0,22.6028880866426,0,0,6638,308,0,0,0,0
"7347",2023-01-26,12,10,6372,302,0,0,22.6028880866426,0,0,6638,308,0,0,0,0
"7348",2023-01-26,12,15,6416,305,0,0,22.6028880866426,0,0,6638,308,0,0,0,0
"7349",2023-01-26,12,20,6394,304,0,0,22.6028880866426,0,0,6638,308,0,0,0,0
"7350",2023-01-26,12,30,6415,300,0,0,22.6028880866426,0,0,6638,308,0,0,0,0
"7351",2023-01-26,12,35,6315,297,0,0,22.6028880866426,0,0,6638,308,0,0,0,0
"7352",2023-01-26,12,40,6216,291,0,0,22.6028880866426,0,0,6638,308,0,0,0,0
"7353",2023-01-26,12,45,6265,286,0,0,22.6028880866426,0,0,6638,308,0,0,0,0
"7354",2023-01-26,12,50,6177,280,0,0,22.6028880866426,0,0,6638,308,0,0,0,0
"7355",2023-01-26,12,55,6261,277,0,0,22.6028880866426,0,0,6638,308,0,0,0,0
"7356",2023-01-26,12,25,6339,301,0,0,22.6028880866426,0,0,6638,308,0,0,0,0
"7357",2023-01-26,13,0,5938,269,0,0,26.3233082706767,0,0,7002,269,0,0,0,0
"7358",2023-01-26,13,5,5998,268,0,0,26.3233082706767,0,0,7002,269,0,0,0,0
"7359",2023-01-26,13,10,6134,261,0,0,26.3233082706767,0,0,7002,269,0,0,0,0
"7360",2023-01-26,13,15,6057,257,0,0,26.3233082706767,0,0,7002,269,0,0,0,0
"7361",2023-01-26,13,20,6588,266,0,0,26.3233082706767,0,0,7002,269,0,0,0,0
"7362",2023-01-26,13,25,6455,264,0,0,26.3233082706767,0,0,7002,269,0,0,0,0
"7363",2023-01-26,13,30,6394,262,0,0,26.3233082706767,0,0,7002,269,0,0,0,0
"7364",2023-01-26,13,35,6422,261,0,0,26.3233082706767,0,0,7002,269,0,0,0,0
"7365",2023-01-26,13,40,6511,264,0,0,26.3233082706767,0,0,7002,269,0,0,0,0
"7366",2023-01-26,13,45,6928,269,0,0,26.3233082706767,0,0,7002,269,0,0,0,0
"7367",2023-01-26,13,50,7002,266,0,0,26.3233082706767,0,0,7002,269,0,0,0,0
"7368",2023-01-26,13,55,6585,266,0,0,26.3233082706767,0,0,7002,269,0,0,0,0
"7369",2023-01-26,14,0,6476,265,0,0,24.4377358490566,0,0,6726,286,0,0,0,0
"7370",2023-01-26,14,5,6390,269,0,0,24.4377358490566,0,0,6726,286,0,0,0,0
"7371",2023-01-26,14,10,6246,266,0,0,24.4377358490566,0,0,6726,286,0,0,0,0
"7372",2023-01-26,14,15,5735,262,0,0,24.4377358490566,0,0,6726,286,0,0,0,0
"7373",2023-01-26,14,20,5812,266,0,0,24.4377358490566,0,0,6726,286,0,0,0,0
"7374",2023-01-26,14,25,5836,270,0,0,24.4377358490566,0,0,6726,286,0,0,0,0
"7375",2023-01-26,14,30,6339,278,0,0,24.4377358490566,0,0,6726,286,0,0,0,0
"7376",2023-01-26,14,35,6726,280,0,0,24.4377358490566,0,0,6726,286,0,0,0,0
"7377",2023-01-26,14,40,6459,281,0,0,24.4377358490566,0,0,6726,286,0,0,0,0
"7378",2023-01-26,14,45,6448,280,0,0,24.4377358490566,0,0,6726,286,0,0,0,0
"7379",2023-01-26,14,50,6481,282,0,0,24.4377358490566,0,0,6726,286,0,0,0,0
"7380",2023-01-26,14,55,6525,286,0,0,24.4377358490566,0,0,6726,286,0,0,0,0
"7381",2023-01-26,15,0,6530,283,0,0,23.113074204947,0,0,6541,287,0,0,0,0
"7382",2023-01-26,15,5,6541,283,0,0,23.113074204947,0,0,6541,287,0,0,0,0
"7383",2023-01-26,15,10,6538,283,0,0,23.113074204947,0,0,6541,287,0,0,0,0
"7384",2023-01-26,15,15,6297,279,0,0,23.113074204947,0,0,6541,287,0,0,0,0
"7385",2023-01-26,15,20,6258,278,0,0,23.113074204947,0,0,6541,287,0,0,0,0
"7386",2023-01-26,15,25,6440,281,0,0,23.113074204947,0,0,6541,287,0,0,0,0
"7387",2023-01-26,15,30,6506,285,0,0,23.113074204947,0,0,6541,287,0,0,0,0
"7388",2023-01-26,15,35,6376,286,0,0,23.113074204947,0,0,6541,287,0,0,0,0
"7389",2023-01-26,15,40,5961,282,0,0,23.113074204947,0,0,6541,287,0,0,0,0
"7390",2023-01-26,15,45,5983,283,0,0,23.113074204947,0,0,6541,287,0,0,0,0
"7391",2023-01-26,15,50,6049,286,0,0,23.113074204947,0,0,6541,287,0,0,0,0
"7392",2023-01-26,15,55,6329,287,0,0,23.113074204947,0,0,6541,287,0,0,0,0
"7393",2023-01-26,16,0,6624,286,0,0,23.1608391608392,0,0,6624,288,0,0,0,0
"7394",2023-01-26,16,5,6386,285,0,0,23.1608391608392,0,0,6624,288,0,0,0,0
"7395",2023-01-26,16,10,6333,284,0,0,23.1608391608392,0,0,6624,288,0,0,0,0
"7396",2023-01-26,16,15,5917,284,0,0,23.1608391608392,0,0,6624,288,0,0,0,0
"7397",2023-01-26,16,20,6013,281,0,0,23.1608391608392,0,0,6624,288,0,0,0,0
"7398",2023-01-26,16,25,5919,278,0,0,23.1608391608392,0,0,6624,288,0,0,0,0
"7399",2023-01-26,16,30,6241,281,0,0,23.1608391608392,0,0,6624,288,0,0,0,0
"7400",2023-01-26,16,35,6151,283,0,0,23.1608391608392,0,0,6624,288,0,0,0,0
"7401",2023-01-26,16,40,6245,284,0,0,23.1608391608392,0,0,6624,288,0,0,0,0
"7402",2023-01-26,16,45,6337,281,0,0,23.1608391608392,0,0,6624,288,0,0,0,0
"7403",2023-01-26,16,50,6381,283,0,0,23.1608391608392,0,0,6624,288,0,0,0,0
"7404",2023-01-26,16,55,6267,288,0,0,23.1608391608392,0,0,6624,288,0,0,0,0
"7405",2023-01-26,17,0,6278,288,0,0,26.0547445255474,0,0,7351,288,0,0,0,0
"7406",2023-01-26,17,5,6547,286,0,0,26.0547445255474,0,0,7351,288,0,0,0,0
"7407",2023-01-26,17,10,6834,285,0,0,26.0547445255474,0,0,7351,288,0,0,0,0
"7408",2023-01-26,17,15,6937,284,0,0,26.0547445255474,0,0,7351,288,0,0,0,0
"7409",2023-01-26,17,20,7067,284,0,0,26.0547445255474,0,0,7351,288,0,0,0,0
"7410",2023-01-26,17,25,7334,284,0,0,26.0547445255474,0,0,7351,288,0,0,0,0
"7411",2023-01-26,17,30,7351,283,0,0,26.0547445255474,0,0,7351,288,0,0,0,0
"7412",2023-01-26,17,35,6549,274,0,0,26.0547445255474,0,0,7351,288,0,0,0,0
"7413",2023-01-26,17,40,6477,271,0,0,26.0547445255474,0,0,7351,288,0,0,0,0
"7414",2023-01-26,17,45,6399,269,0,0,26.0547445255474,0,0,7351,288,0,0,0,0
"7415",2023-01-26,17,50,6648,271,0,0,26.0547445255474,0,0,7351,288,0,0,0,0
"7416",2023-01-26,17,55,7139,274,0,0,26.0547445255474,0,0,7351,288,0,0,0,0
"7417",2023-01-26,18,0,6950,268,0,0,27.5601659751037,0,0,6950,268,0,0,0,0
"7418",2023-01-26,18,5,6404,268,0,0,27.5601659751037,0,0,6950,268,0,0,0,0
"7419",2023-01-26,18,10,6180,263,0,0,27.5601659751037,0,0,6950,268,0,0,0,0
"7420",2023-01-26,18,15,5562,258,0,0,27.5601659751037,0,0,6950,268,0,0,0,0
"7421",2023-01-26,18,20,5712,259,0,0,27.5601659751037,0,0,6950,268,0,0,0,0
"7422",2023-01-26,18,25,5849,253,0,0,27.5601659751037,0,0,6950,268,0,0,0,0
"7423",2023-01-26,18,30,6186,248,0,0,27.5601659751037,0,0,6950,268,0,0,0,0
"7424",2023-01-26,18,35,6153,245,0,0,27.5601659751037,0,0,6950,268,0,0,0,0
"7425",2023-01-26,18,40,6054,239,0,0,27.5601659751037,0,0,6950,268,0,0,0,0
"7426",2023-01-26,18,45,6642,241,0,0,27.5601659751037,0,0,6950,268,0,0,0,0
"7427",2023-01-26,18,50,6092,240,0,0,27.5601659751037,0,0,6950,268,0,0,0,0
"7428",2023-01-26,18,55,6108,241,0,0,27.5601659751037,0,0,6950,268,0,0,0,0
"7429",2023-01-26,19,0,6119,241,0,0,27.8266666666667,0,0,6261,241,0,0,0,0
"7430",2023-01-26,19,5,6179,237,0,0,27.8266666666667,0,0,6261,241,0,0,0,0
"7431",2023-01-26,19,10,5761,230,0,0,27.8266666666667,0,0,6261,241,0,0,0,0
"7432",2023-01-26,19,15,5356,226,0,0,27.8266666666667,0,0,6261,241,0,0,0,0
"7433",2023-01-26,19,20,5717,228,0,0,27.8266666666667,0,0,6261,241,0,0,0,0
"7434",2023-01-26,19,25,5356,226,0,0,27.8266666666667,0,0,6261,241,0,0,0,0
"7435",2023-01-26,19,30,5444,230,0,0,27.8266666666667,0,0,6261,241,0,0,0,0
"7436",2023-01-26,19,35,5158,225,0,0,27.8266666666667,0,0,6261,241,0,0,0,0
"7437",2023-01-26,19,40,5238,221,0,0,27.8266666666667,0,0,6261,241,0,0,0,0
"7438",2023-01-26,19,45,5917,223,0,0,27.8266666666667,0,0,6261,241,0,0,0,0
"7439",2023-01-26,19,50,5928,224,0,0,27.8266666666667,0,0,6261,241,0,0,0,0
"7440",2023-01-26,19,55,6261,225,0,0,27.8266666666667,0,0,6261,241,0,0,0,0
"7441",2023-01-26,20,0,6261,225,0,0,27.8266666666667,0,0,6261,225,0,0,0,0
"7442",2023-01-26,20,5,6135,221,0,0,27.8266666666667,0,0,6261,225,0,0,0,0
"7443",2023-01-26,20,10,5857,220,0,0,27.8266666666667,0,0,6261,225,0,0,0,0
"7444",2023-01-26,20,15,5546,217,0,0,27.8266666666667,0,0,6261,225,0,0,0,0
"7445",2023-01-26,20,20,4957,215,0,0,27.8266666666667,0,0,6261,225,0,0,0,0
"7446",2023-01-26,20,25,4766,215,0,0,27.8266666666667,0,0,6261,225,0,0,0,0
"7447",2023-01-26,20,30,5039,216,0,0,27.8266666666667,0,0,6261,225,0,0,0,0
"7448",2023-01-26,20,35,5050,216,0,0,27.8266666666667,0,0,6261,225,0,0,0,0
"7449",2023-01-26,20,40,5050,216,0,0,27.8266666666667,0,0,6261,225,0,0,0,0
"7450",2023-01-26,20,45,4690,215,0,0,27.8266666666667,0,0,6261,225,0,0,0,0
"7451",2023-01-26,20,50,4646,213,0,0,27.8266666666667,0,0,6261,225,0,0,0,0
"7452",2023-01-26,20,55,4782,208,0,0,27.8266666666667,0,0,6261,225,0,0,0,0
"7453",2023-01-26,21,0,4859,212,0,0,24.9681818181818,0,0,5493,220,0,0,0,0
"7454",2023-01-26,21,5,4772,214,0,0,24.9681818181818,0,0,5493,220,0,0,0,0
"7455",2023-01-26,21,10,4884,216,0,0,24.9681818181818,0,0,5493,220,0,0,0,0
"7456",2023-01-26,21,15,4922,216,0,0,24.9681818181818,0,0,5493,220,0,0,0,0
"7457",2023-01-26,21,20,5094,218,0,0,24.9681818181818,0,0,5493,220,0,0,0,0
"7458",2023-01-26,21,25,5094,218,0,0,24.9681818181818,0,0,5493,220,0,0,0,0
"7459",2023-01-26,21,30,5433,219,0,0,24.9681818181818,0,0,5493,220,0,0,0,0
"7460",2023-01-26,21,35,5493,220,0,0,24.9681818181818,0,0,5493,220,0,0,0,0
"7461",2023-01-26,21,40,5155,220,0,0,24.9681818181818,0,0,5493,220,0,0,0,0
"7462",2023-01-26,21,45,5097,217,0,0,24.9681818181818,0,0,5493,220,0,0,0,0
"7463",2023-01-26,21,50,4982,216,0,0,24.9681818181818,0,0,5493,220,0,0,0,0
"7464",2023-01-26,21,55,5364,218,0,0,24.9681818181818,0,0,5493,220,0,0,0,0
"7465",2023-01-26,22,0,5662,219,0,0,25.8538812785388,0,0,5662,219,0,0,0,0
"7466",2023-01-26,22,5,5471,216,0,0,25.8538812785388,0,0,5662,219,0,0,0,0
"7467",2023-01-26,22,10,5460,216,0,0,25.8538812785388,0,0,5662,219,0,0,0,0
"7468",2023-01-26,22,15,5460,216,0,0,25.8538812785388,0,0,5662,219,0,0,0,0
"7469",2023-01-26,22,20,5080,214,0,0,25.8538812785388,0,0,5662,219,0,0,0,0
"7470",2023-01-26,22,25,5036,212,0,0,25.8538812785388,0,0,5662,219,0,0,0,0
"7471",2023-01-26,22,30,5039,213,0,0,25.8538812785388,0,0,5662,219,0,0,0,0
"7472",2023-01-26,22,35,5212,212,0,0,25.8538812785388,0,0,5662,219,0,0,0,0
"7473",2023-01-26,22,40,5112,211,0,0,25.8538812785388,0,0,5662,219,0,0,0,0
"7474",2023-01-26,22,45,4918,208,0,0,25.8538812785388,0,0,5662,219,0,0,0,0
"7475",2023-01-26,22,50,5087,209,0,0,25.8538812785388,0,0,5662,219,0,0,0,0
"7476",2023-01-26,22,55,5032,206,0,0,25.8538812785388,0,0,5662,219,0,0,0,0
"7477",2023-01-26,23,0,4449,199,0,0,23.2030456852792,0,0,4616,200,0,0,0,0
"7478",2023-01-26,23,5,4449,199,0,0,23.2030456852792,0,0,4616,200,0,0,0,0
"7479",2023-01-26,23,10,4616,200,0,0,23.2030456852792,0,0,4616,200,0,0,0,0
"7480",2023-01-26,23,15,4604,199,0,0,23.2030456852792,0,0,4616,200,0,0,0,0
"7481",2023-01-26,23,20,4571,197,0,0,23.2030456852792,0,0,4616,200,0,0,0,0
"7482",2023-01-26,23,25,4473,196,0,0,23.2030456852792,0,0,4616,200,0,0,0,0
"7483",2023-01-26,23,30,4407,193,0,0,23.2030456852792,0,0,4616,200,0,0,0,0
"7484",2023-01-26,23,35,4407,193,0,0,23.2030456852792,0,0,4616,200,0,0,0,0
"7485",2023-01-26,23,40,4227,191,0,0,23.2030456852792,0,0,4616,200,0,0,0,0
"7486",2023-01-26,23,45,4085,189,0,0,23.2030456852792,0,0,4616,200,0,0,0,0
"7487",2023-01-26,23,50,4046,187,0,0,23.2030456852792,0,0,4616,200,0,0,0,0
"7488",2023-01-26,23,55,4313,187,0,0,23.2030456852792,0,0,4616,200,0,0,0,0
"7489",2023-01-27,0,0,6091,226,0,0,26.9513274336283,0,0,6091,226,0,0,0,0
"7490",2023-01-27,0,5,5709,224,0,0,26.9513274336283,0,0,6091,226,0,0,0,0
"7491",2023-01-27,0,10,5387,222,0,0,26.9513274336283,0,0,6091,226,0,0,0,0
"7492",2023-01-27,0,15,5537,223,0,0,26.9513274336283,0,0,6091,226,0,0,0,0
"7493",2023-01-27,0,20,5597,224,0,0,26.9513274336283,0,0,6091,226,0,0,0,0
"7494",2023-01-27,0,25,5417,223,0,0,26.9513274336283,0,0,6091,226,0,0,0,0
"7495",2023-01-27,0,30,5267,222,0,0,26.9513274336283,0,0,6091,226,0,0,0,0
"7496",2023-01-27,0,35,4981,216,0,0,26.9513274336283,0,0,6091,226,0,0,0,0
"7497",2023-01-27,0,40,4981,216,0,0,26.9513274336283,0,0,6091,226,0,0,0,0
"7498",2023-01-27,0,45,4659,214,0,0,26.9513274336283,0,0,6091,226,0,0,0,0
"7499",2023-01-27,0,50,4637,213,0,0,26.9513274336283,0,0,6091,226,0,0,0,0
"7500",2023-01-27,0,55,4675,213,0,0,26.9513274336283,0,0,6091,226,0,0,0,0
"7501",2023-01-27,1,0,3954,181,0,0,21.9050279329609,0,0,3954,181,0,0,0,0
"7502",2023-01-27,1,5,3921,179,0,0,21.9050279329609,0,0,3954,181,0,0,0,0
"7503",2023-01-27,1,10,3899,179,0,0,21.9050279329609,0,0,3954,181,0,0,0,0
"7504",2023-01-27,1,15,3899,179,0,0,21.9050279329609,0,0,3954,181,0,0,0,0
"7505",2023-01-27,1,20,3877,178,0,0,21.9050279329609,0,0,3954,181,0,0,0,0
"7506",2023-01-27,1,25,3877,178,0,0,21.9050279329609,0,0,3954,181,0,0,0,0
"7507",2023-01-27,1,30,3877,178,0,0,21.9050279329609,0,0,3954,181,0,0,0,0
"7508",2023-01-27,1,35,3899,179,0,0,21.9050279329609,0,0,3954,181,0,0,0,0
"7509",2023-01-27,1,40,3899,179,0,0,21.9050279329609,0,0,3954,181,0,0,0,0
"7510",2023-01-27,1,45,3899,179,0,0,21.9050279329609,0,0,3954,181,0,0,0,0
"7511",2023-01-27,1,50,3921,180,0,0,21.9050279329609,0,0,3954,181,0,0,0,0
"7512",2023-01-27,1,55,3899,179,0,0,21.9050279329609,0,0,3954,181,0,0,0,0
"7513",2023-01-27,2,0,4379,181,0,0,24.2044198895028,0,0,4381,181,0,0,0,0
"7514",2023-01-27,2,5,4381,181,0,0,24.2044198895028,0,0,4381,181,0,0,0,0
"7515",2023-01-27,2,10,4381,181,0,0,24.2044198895028,0,0,4381,181,0,0,0,0
"7516",2023-01-27,2,15,4381,181,0,0,24.2044198895028,0,0,4381,181,0,0,0,0
"7517",2023-01-27,2,20,4381,181,0,0,24.2044198895028,0,0,4381,181,0,0,0,0
"7518",2023-01-27,2,25,4201,180,0,0,24.2044198895028,0,0,4381,181,0,0,0,0
"7519",2023-01-27,2,30,3879,178,0,0,24.2044198895028,0,0,4381,181,0,0,0,0
"7520",2023-01-27,2,35,3879,178,0,0,24.2044198895028,0,0,4381,181,0,0,0,0
"7521",2023-01-27,2,40,3879,178,0,0,24.2044198895028,0,0,4381,181,0,0,0,0
"7522",2023-01-27,2,45,4059,179,0,0,24.2044198895028,0,0,4381,181,0,0,0,0
"7523",2023-01-27,2,50,4059,179,0,0,24.2044198895028,0,0,4381,181,0,0,0,0
"7524",2023-01-27,2,55,4048,178,0,0,24.2044198895028,0,0,4381,181,0,0,0,0
"7525",2023-01-27,3,0,4048,178,0,0,22.8125,0,0,4070,179,0,0,0,0
"7526",2023-01-27,3,5,4070,179,0,0,22.8125,0,0,4070,179,0,0,0,0
"7527",2023-01-27,3,10,4015,176,0,0,22.8125,0,0,4070,179,0,0,0,0
"7528",2023-01-27,3,15,3824,174,0,0,22.8125,0,0,4070,179,0,0,0,0
"7529",2023-01-27,3,20,3764,173,0,0,22.8125,0,0,4070,179,0,0,0,0
"7530",2023-01-27,3,25,3764,173,0,0,22.8125,0,0,4070,179,0,0,0,0
"7531",2023-01-27,3,30,3764,173,0,0,22.8125,0,0,4070,179,0,0,0,0
"7532",2023-01-27,3,35,3764,173,0,0,22.8125,0,0,4070,179,0,0,0,0
"7533",2023-01-27,3,40,3764,173,0,0,22.8125,0,0,4070,179,0,0,0,0
"7534",2023-01-27,3,45,3764,173,0,0,22.8125,0,0,4070,179,0,0,0,0
"7535",2023-01-27,3,50,3742,172,0,0,22.8125,0,0,4070,179,0,0,0,0
"7536",2023-01-27,3,55,3720,171,0,0,22.8125,0,0,4070,179,0,0,0,0
"7537",2023-01-27,4,0,3720,171,0,0,23.396449704142,0,0,3976,171,0,0,0,0
"7538",2023-01-27,4,5,3720,171,0,0,23.396449704142,0,0,3976,171,0,0,0,0
"7539",2023-01-27,4,10,3720,171,0,0,23.396449704142,0,0,3976,171,0,0,0,0
"7540",2023-01-27,4,15,3698,170,0,0,23.396449704142,0,0,3976,171,0,0,0,0
"7541",2023-01-27,4,20,3698,170,0,0,23.396449704142,0,0,3976,171,0,0,0,0
"7542",2023-01-27,4,25,3676,169,0,0,23.396449704142,0,0,3976,171,0,0,0,0
"7543",2023-01-27,4,30,3676,169,0,0,23.396449704142,0,0,3976,171,0,0,0,0
"7544",2023-01-27,4,35,3676,169,0,0,23.396449704142,0,0,3976,171,0,0,0,0
"7545",2023-01-27,4,40,3976,170,0,0,23.396449704142,0,0,3976,171,0,0,0,0
"7546",2023-01-27,4,45,3976,170,0,0,23.396449704142,0,0,3976,171,0,0,0,0
"7547",2023-01-27,4,50,3954,169,0,0,23.396449704142,0,0,3976,171,0,0,0,0
"7548",2023-01-27,4,55,3954,169,0,0,23.396449704142,0,0,3976,171,0,0,0,0
"7549",2023-01-27,5,0,3954,169,0,0,23.6117647058824,0,0,4014,170,0,0,0,0
"7550",2023-01-27,5,5,3954,169,0,0,23.6117647058824,0,0,4014,170,0,0,0,0
"7551",2023-01-27,5,10,3954,169,0,0,23.6117647058824,0,0,4014,170,0,0,0,0
"7552",2023-01-27,5,15,4014,170,0,0,23.6117647058824,0,0,4014,170,0,0,0,0
"7553",2023-01-27,5,20,4014,170,0,0,23.6117647058824,0,0,4014,170,0,0,0,0
"7554",2023-01-27,5,25,4014,170,0,0,23.6117647058824,0,0,4014,170,0,0,0,0
"7555",2023-01-27,5,30,4014,170,0,0,23.6117647058824,0,0,4014,170,0,0,0,0
"7556",2023-01-27,5,35,4014,170,0,0,23.6117647058824,0,0,4014,170,0,0,0,0
"7557",2023-01-27,5,40,3714,169,0,0,23.6117647058824,0,0,4014,170,0,0,0,0
"7558",2023-01-27,5,45,3714,169,0,0,23.6117647058824,0,0,4014,170,0,0,0,0
"7559",2023-01-27,5,50,3714,169,0,0,23.6117647058824,0,0,4014,170,0,0,0,0
"7560",2023-01-27,5,55,3736,170,0,0,23.6117647058824,0,0,4014,170,0,0,0,0
"7561",2023-01-27,6,0,3736,170,0,0,21.9764705882353,0,0,3736,170,0,0,0,0
"7562",2023-01-27,6,5,3654,168,0,0,21.9764705882353,0,0,3736,170,0,0,0,0
"7563",2023-01-27,6,10,3632,167,0,0,21.9764705882353,0,0,3736,170,0,0,0,0
"7564",2023-01-27,6,15,3632,167,0,0,21.9764705882353,0,0,3736,170,0,0,0,0
"7565",2023-01-27,6,20,3632,167,0,0,21.9764705882353,0,0,3736,170,0,0,0,0
"7566",2023-01-27,6,25,3676,169,0,0,21.9764705882353,0,0,3736,170,0,0,0,0
"7567",2023-01-27,6,30,3698,170,0,0,21.9764705882353,0,0,3736,170,0,0,0,0
"7568",2023-01-27,6,35,3654,168,0,0,21.9764705882353,0,0,3736,170,0,0,0,0
"7569",2023-01-27,6,40,3654,168,0,0,21.9764705882353,0,0,3736,170,0,0,0,0
"7570",2023-01-27,6,45,3654,168,0,0,21.9764705882353,0,0,3736,170,0,0,0,0
"7571",2023-01-27,6,50,3643,167,0,0,21.9764705882353,0,0,3736,170,0,0,0,0
"7572",2023-01-27,6,55,3643,167,0,0,21.9764705882353,0,0,3736,170,0,0,0,0
"7573",2023-01-27,7,55,5017,208,0,0,24.2266009852217,0,0,5017,208,0,0,0,0
"7574",2023-01-27,7,0,3676,169,0,0,24.2266009852217,0,0,5017,208,0,0,0,0
"7575",2023-01-27,7,5,3758,171,0,0,24.2266009852217,0,0,5017,208,0,0,0,0
"7576",2023-01-27,7,10,3824,174,0,0,24.2266009852217,0,0,5017,208,0,0,0,0
"7577",2023-01-27,7,15,3868,177,0,0,24.2266009852217,0,0,5017,208,0,0,0,0
"7578",2023-01-27,7,20,4190,180,0,0,24.2266009852217,0,0,5017,208,0,0,0,0
"7579",2023-01-27,7,25,4168,179,0,0,24.2266009852217,0,0,5017,208,0,0,0,0
"7580",2023-01-27,7,30,4262,183,0,0,24.2266009852217,0,0,5017,208,0,0,0,0
"7581",2023-01-27,7,35,4017,185,0,0,24.2266009852217,0,0,5017,208,0,0,0,0
"7582",2023-01-27,7,40,4061,187,0,0,24.2266009852217,0,0,5017,208,0,0,0,0
"7583",2023-01-27,7,45,4334,192,0,0,24.2266009852217,0,0,5017,208,0,0,0,0
"7584",2023-01-27,7,50,4918,203,0,0,24.2266009852217,0,0,5017,208,0,0,0,0
"7585",2023-01-27,8,0,4990,214,0,0,24.2551440329218,0,0,5927,259,0,0,0,0
"7586",2023-01-27,8,5,4990,214,0,0,24.2551440329218,0,0,5927,259,0,0,0,0
"7587",2023-01-27,8,10,4694,214,0,0,24.2551440329218,0,0,5927,259,0,0,0,0
"7588",2023-01-27,8,15,5092,218,0,0,24.2551440329218,0,0,5927,259,0,0,0,0
"7589",2023-01-27,8,20,5257,226,0,0,24.2551440329218,0,0,5927,259,0,0,0,0
"7590",2023-01-27,8,25,5664,237,0,0,24.2551440329218,0,0,5927,259,0,0,0,0
"7591",2023-01-27,8,30,5894,243,0,0,24.2551440329218,0,0,5927,259,0,0,0,0
"7592",2023-01-27,8,35,5927,245,0,0,24.2551440329218,0,0,5927,259,0,0,0,0
"7593",2023-01-27,8,40,5916,244,0,0,24.2551440329218,0,0,5927,259,0,0,0,0
"7594",2023-01-27,8,45,5554,248,0,0,24.2551440329218,0,0,5927,259,0,0,0,0
"7595",2023-01-27,8,50,5626,252,0,0,24.2551440329218,0,0,5927,259,0,0,0,0
"7596",2023-01-27,8,55,5761,259,0,0,24.2551440329218,0,0,5927,259,0,0,0,0
"7597",2023-01-27,9,0,5915,268,0,0,24.8810289389068,0,0,7738,311,0,0,0,0
"7598",2023-01-27,9,5,6045,275,0,0,24.8810289389068,0,0,7738,311,0,0,0,0
"7599",2023-01-27,9,10,6466,283,0,0,24.8810289389068,0,0,7738,311,0,0,0,0
"7600",2023-01-27,9,15,6293,284,0,0,24.8810289389068,0,0,7738,311,0,0,0,0
"7601",2023-01-27,9,20,6370,289,0,0,24.8810289389068,0,0,7738,311,0,0,0,0
"7602",2023-01-27,9,25,6563,298,0,0,24.8810289389068,0,0,7738,311,0,0,0,0
"7603",2023-01-27,9,30,6627,298,0,0,24.8810289389068,0,0,7738,311,0,0,0,0
"7604",2023-01-27,9,35,6819,301,0,0,24.8810289389068,0,0,7738,311,0,0,0,0
"7605",2023-01-27,9,40,7524,307,0,0,24.8810289389068,0,0,7738,311,0,0,0,0
"7606",2023-01-27,9,45,7738,311,0,0,24.8810289389068,0,0,7738,311,0,0,0,0
"7607",2023-01-27,9,50,7629,311,0,0,24.8810289389068,0,0,7738,311,0,0,0,0
"7608",2023-01-27,9,55,7067,309,0,0,24.8810289389068,0,0,7738,311,0,0,0,0
"7609",2023-01-27,10,0,6942,310,0,0,24.4375,0,0,7377,326,0,0,0,0
"7610",2023-01-27,10,5,7030,314,0,0,24.4375,0,0,7377,326,0,0,0,0
"7611",2023-01-27,10,10,7052,315,0,0,24.4375,0,0,7377,326,0,0,0,0
"7612",2023-01-27,10,15,7151,319,0,0,24.4375,0,0,7377,326,0,0,0,0
"7613",2023-01-27,10,20,7069,317,0,0,24.4375,0,0,7377,326,0,0,0,0
"7614",2023-01-27,10,25,7063,318,0,0,24.4375,0,0,7377,326,0,0,0,0
"7615",2023-01-27,10,30,7041,317,0,0,24.4375,0,0,7377,326,0,0,0,0
"7616",2023-01-27,10,35,7168,321,0,0,24.4375,0,0,7377,326,0,0,0,0
"7617",2023-01-27,10,40,7278,326,0,0,24.4375,0,0,7377,326,0,0,0,0
"7618",2023-01-27,10,45,3910,160,0,0,24.4375,0,0,7377,326,0,0,0,0
"7619",2023-01-27,10,50,7377,326,0,0,24.4375,0,0,7377,326,0,0,0,0
"7620",2023-01-27,10,55,7251,326,0,0,24.4375,0,0,7377,326,0,0,0,0
"7621",2023-01-27,11,0,7129,323,0,0,23.9174041297935,0,0,8108,341,0,0,0,0
"7622",2023-01-27,11,5,7173,325,0,0,23.9174041297935,0,0,8108,341,0,0,0,0
"7623",2023-01-27,11,10,7271,330,0,0,23.9174041297935,0,0,8108,341,0,0,0,0
"7624",2023-01-27,11,15,7262,331,0,0,23.9174041297935,0,0,8108,341,0,0,0,0
"7625",2023-01-27,11,20,7574,339,0,0,23.9174041297935,0,0,8108,341,0,0,0,0
"7626",2023-01-27,11,25,7372,341,0,0,23.9174041297935,0,0,8108,341,0,0,0,0
"7627",2023-01-27,11,30,7339,338,0,0,23.9174041297935,0,0,8108,341,0,0,0,0
"7628",2023-01-27,11,35,7629,339,0,0,23.9174041297935,0,0,8108,341,0,0,0,0
"7629",2023-01-27,11,40,7618,341,0,0,23.9174041297935,0,0,8108,341,0,0,0,0
"7630",2023-01-27,11,45,7832,340,0,0,23.9174041297935,0,0,8108,341,0,0,0,0
"7631",2023-01-27,11,50,8108,339,0,0,23.9174041297935,0,0,8108,341,0,0,0,0
"7632",2023-01-27,11,55,8010,339,0,0,23.9174041297935,0,0,8108,341,0,0,0,0
"7633",2023-01-27,12,0,7856,337,0,0,25.9444444444444,0,0,8063,337,0,0,0,0
"7634",2023-01-27,12,5,7678,336,0,0,25.9444444444444,0,0,8063,337,0,0,0,0
"7635",2023-01-27,12,10,7592,333,0,0,25.9444444444444,0,0,8063,337,0,0,0,0
"7636",2023-01-27,12,15,7711,330,0,0,25.9444444444444,0,0,8063,337,0,0,0,0
"7637",2023-01-27,12,20,7367,327,0,0,25.9444444444444,0,0,8063,337,0,0,0,0
"7638",2023-01-27,12,25,7664,325,0,0,25.9444444444444,0,0,8063,337,0,0,0,0
"7639",2023-01-27,12,30,8063,329,0,0,25.9444444444444,0,0,8063,337,0,0,0,0
"7640",2023-01-27,12,35,8029,326,0,0,25.9444444444444,0,0,8063,337,0,0,0,0
"7641",2023-01-27,12,40,7562,296,0,0,25.9444444444444,0,0,8063,337,0,0,0,0
"7642",2023-01-27,12,45,7453,293,0,0,25.9444444444444,0,0,8063,337,0,0,0,0
"7643",2023-01-27,12,50,7477,290,0,0,25.9444444444444,0,0,8063,337,0,0,0,0
"7644",2023-01-27,12,55,7472,288,0,0,25.9444444444444,0,0,8063,337,0,0,0,0
"7645",2023-01-27,13,0,7379,281,0,0,28.5095057034221,0,0,7581,281,0,0,0,0
"7646",2023-01-27,13,5,7358,274,0,0,28.5095057034221,0,0,7581,281,0,0,0,0
"7647",2023-01-27,13,10,7498,263,0,0,28.5095057034221,0,0,7581,281,0,0,0,0
"7648",2023-01-27,13,15,7581,266,0,0,28.5095057034221,0,0,7581,281,0,0,0,0
"7649",2023-01-27,13,20,6347,259,0,0,28.5095057034221,0,0,7581,281,0,0,0,0
"7650",2023-01-27,13,25,6780,263,0,0,28.5095057034221,0,0,7581,281,0,0,0,0
"7651",2023-01-27,13,30,6778,264,0,0,28.5095057034221,0,0,7581,281,0,0,0,0
"7652",2023-01-27,13,35,6938,278,0,0,28.5095057034221,0,0,7581,281,0,0,0,0
"7653",2023-01-27,13,40,6894,276,0,0,28.5095057034221,0,0,7581,281,0,0,0,0
"7654",2023-01-27,13,45,7255,281,0,0,28.5095057034221,0,0,7581,281,0,0,0,0
"7655",2023-01-27,13,50,7255,281,0,0,28.5095057034221,0,0,7581,281,0,0,0,0
"7656",2023-01-27,13,55,7206,279,0,0,28.5095057034221,0,0,7581,281,0,0,0,0
"7657",2023-01-27,14,5,7063,280,0,0,27.7287066246057,0,0,8895,324,0,0,0,0
"7658",2023-01-27,14,10,7053,285,0,0,27.7287066246057,0,0,8895,324,0,0,0,0
"7659",2023-01-27,14,15,7178,286,0,0,27.7287066246057,0,0,8895,324,0,0,0,0
"7660",2023-01-27,14,20,7443,292,0,0,27.7287066246057,0,0,8895,324,0,0,0,0
"7661",2023-01-27,14,25,7746,300,0,0,27.7287066246057,0,0,8895,324,0,0,0,0
"7662",2023-01-27,14,30,7452,304,0,0,27.7287066246057,0,0,8895,324,0,0,0,0
"7663",2023-01-27,14,35,7456,305,0,0,27.7287066246057,0,0,8895,324,0,0,0,0
"7664",2023-01-27,14,40,8652,314,0,0,27.7287066246057,0,0,8895,324,0,0,0,0
"7665",2023-01-27,14,45,8790,317,0,0,27.7287066246057,0,0,8895,324,0,0,0,0
"7666",2023-01-27,14,50,8895,324,0,0,27.7287066246057,0,0,8895,324,0,0,0,0
"7667",2023-01-27,14,55,8862,322,0,0,27.7287066246057,0,0,8895,324,0,0,0,0
"7668",2023-01-27,14,0,6915,280,0,0,27.7287066246057,0,0,8895,324,0,0,0,0
"7669",2023-01-27,15,0,9331,325,0,0,28.7107692307692,0,0,9331,325,0,0,0,0
"7670",2023-01-27,15,5,8228,320,0,0,28.7107692307692,0,0,9331,325,0,0,0,0
"7671",2023-01-27,15,10,8085,314,0,0,28.7107692307692,0,0,9331,325,0,0,0,0
"7672",2023-01-27,15,15,7953,309,0,0,28.7107692307692,0,0,9331,325,0,0,0,0
"7673",2023-01-27,15,20,8052,312,0,0,28.7107692307692,0,0,9331,325,0,0,0,0
"7674",2023-01-27,15,25,8089,315,0,0,28.7107692307692,0,0,9331,325,0,0,0,0
"7675",2023-01-27,15,30,7563,310,0,0,28.7107692307692,0,0,9331,325,0,0,0,0
"7676",2023-01-27,15,35,7239,305,0,0,28.7107692307692,0,0,9331,325,0,0,0,0
"7677",2023-01-27,15,40,7594,309,0,0,28.7107692307692,0,0,9331,325,0,0,0,0
"7678",2023-01-27,15,45,7441,306,0,0,28.7107692307692,0,0,9331,325,0,0,0,0
"7679",2023-01-27,15,50,6623,299,0,0,28.7107692307692,0,0,9331,325,0,0,0,0
"7680",2023-01-27,15,55,6939,299,0,0,28.7107692307692,0,0,9331,325,0,0,0,0
"7681",2023-01-27,16,0,6923,298,0,0,25.7589928057554,0,0,7161,298,0,0,0,0
"7682",2023-01-27,16,5,6616,292,0,0,25.7589928057554,0,0,7161,298,0,0,0,0
"7683",2023-01-27,16,10,6656,297,0,0,25.7589928057554,0,0,7161,298,0,0,0,0
"7684",2023-01-27,16,15,6545,291,0,0,25.7589928057554,0,0,7161,298,0,0,0,0
"7685",2023-01-27,16,20,6370,284,0,0,25.7589928057554,0,0,7161,298,0,0,0,0
"7686",2023-01-27,16,25,6632,288,0,0,25.7589928057554,0,0,7161,298,0,0,0,0
"7687",2023-01-27,16,30,6129,279,0,0,25.7589928057554,0,0,7161,298,0,0,0,0
"7688",2023-01-27,16,35,6162,280,0,0,25.7589928057554,0,0,7161,298,0,0,0,0
"7689",2023-01-27,16,40,6475,282,0,0,25.7589928057554,0,0,7161,298,0,0,0,0
"7690",2023-01-27,16,45,6764,283,0,0,25.7589928057554,0,0,7161,298,0,0,0,0
"7691",2023-01-27,16,50,7161,278,0,0,25.7589928057554,0,0,7161,298,0,0,0,0
"7692",2023-01-27,16,55,6719,275,0,0,25.7589928057554,0,0,7161,298,0,0,0,0
"7693",2023-01-27,17,0,6817,274,0,0,28.0610687022901,0,0,7546,279,0,0,0,0
"7694",2023-01-27,17,5,6857,278,0,0,28.0610687022901,0,0,7546,279,0,0,0,0
"7695",2023-01-27,17,10,6885,278,0,0,28.0610687022901,0,0,7546,279,0,0,0,0
"7696",2023-01-27,17,15,7020,276,0,0,28.0610687022901,0,0,7546,279,0,0,0,0
"7697",2023-01-27,17,20,7189,275,0,0,28.0610687022901,0,0,7546,279,0,0,0,0
"7698",2023-01-27,17,25,7546,279,0,0,28.0610687022901,0,0,7546,279,0,0,0,0
"7699",2023-01-27,17,30,7546,279,0,0,28.0610687022901,0,0,7546,279,0,0,0,0
"7700",2023-01-27,17,35,6980,270,0,0,28.0610687022901,0,0,7546,279,0,0,0,0
"7701",2023-01-27,17,40,7201,268,0,0,28.0610687022901,0,0,7546,279,0,0,0,0
"7702",2023-01-27,17,45,7148,265,0,0,28.0610687022901,0,0,7546,279,0,0,0,0
"7703",2023-01-27,17,50,7352,262,0,0,28.0610687022901,0,0,7546,279,0,0,0,0
"7704",2023-01-27,17,55,6825,256,0,0,28.0610687022901,0,0,7546,279,0,0,0,0
"7705",2023-01-27,18,0,6635,250,0,0,26.54,0,0,6635,250,0,0,0,0
"7706",2023-01-27,18,5,6372,246,0,0,26.54,0,0,6635,250,0,0,0,0
"7707",2023-01-27,18,10,6262,241,0,0,26.54,0,0,6635,250,0,0,0,0
"7708",2023-01-27,18,15,6087,243,0,0,26.54,0,0,6635,250,0,0,0,0
"7709",2023-01-27,18,20,5807,239,0,0,26.54,0,0,6635,250,0,0,0,0
"7710",2023-01-27,18,25,5796,237,0,0,26.54,0,0,6635,250,0,0,0,0
"7711",2023-01-27,18,30,5496,237,0,0,26.54,0,0,6635,250,0,0,0,0
"7712",2023-01-27,18,35,5580,235,0,0,26.54,0,0,6635,250,0,0,0,0
"7713",2023-01-27,18,40,5435,236,0,0,26.54,0,0,6635,250,0,0,0,0
"7714",2023-01-27,18,45,5596,238,0,0,26.54,0,0,6635,250,0,0,0,0
"7715",2023-01-27,18,50,5843,242,0,0,26.54,0,0,6635,250,0,0,0,0
"7716",2023-01-27,18,55,6035,244,0,0,26.54,0,0,6635,250,0,0,0,0
"7717",2023-01-27,19,0,6258,244,0,0,26.4262948207171,0,0,6633,251,0,0,0,0
"7718",2023-01-27,19,5,6247,244,0,0,26.4262948207171,0,0,6633,251,0,0,0,0
"7719",2023-01-27,19,10,6481,248,0,0,26.4262948207171,0,0,6633,251,0,0,0,0
"7720",2023-01-27,19,15,5896,242,0,0,26.4262948207171,0,0,6633,251,0,0,0,0
"7721",2023-01-27,19,20,6452,245,0,0,26.4262948207171,0,0,6633,251,0,0,0,0
"7722",2023-01-27,19,25,6387,248,0,0,26.4262948207171,0,0,6633,251,0,0,0,0
"7723",2023-01-27,19,30,6287,251,0,0,26.4262948207171,0,0,6633,251,0,0,0,0
"7724",2023-01-27,19,35,6537,251,0,0,26.4262948207171,0,0,6633,251,0,0,0,0
"7725",2023-01-27,19,40,6633,251,0,0,26.4262948207171,0,0,6633,251,0,0,0,0
"7726",2023-01-27,19,45,6295,247,0,0,26.4262948207171,0,0,6633,251,0,0,0,0
"7727",2023-01-27,19,50,5905,244,0,0,26.4262948207171,0,0,6633,251,0,0,0,0
"7728",2023-01-27,19,55,5817,239,0,0,26.4262948207171,0,0,6633,251,0,0,0,0
"7729",2023-01-27,20,0,5622,239,0,0,27.0167364016736,0,0,6490,241,0,0,0,0
"7730",2023-01-27,20,5,5591,237,0,0,27.0167364016736,0,0,6490,241,0,0,0,0
"7731",2023-01-27,20,10,5896,235,0,0,27.0167364016736,0,0,6490,241,0,0,0,0
"7732",2023-01-27,20,15,6157,237,0,0,27.0167364016736,0,0,6490,241,0,0,0,0
"7733",2023-01-27,20,20,5744,235,0,0,27.0167364016736,0,0,6490,241,0,0,0,0
"7734",2023-01-27,20,25,6104,239,0,0,27.0167364016736,0,0,6490,241,0,0,0,0
"7735",2023-01-27,20,30,6082,238,0,0,27.0167364016736,0,0,6490,241,0,0,0,0
"7736",2023-01-27,20,35,6126,239,0,0,27.0167364016736,0,0,6490,241,0,0,0,0
"7737",2023-01-27,20,40,6126,239,0,0,27.0167364016736,0,0,6490,241,0,0,0,0
"7738",2023-01-27,20,45,6115,238,0,0,27.0167364016736,0,0,6490,241,0,0,0,0
"7739",2023-01-27,20,50,6490,241,0,0,27.0167364016736,0,0,6490,241,0,0,0,0
"7740",2023-01-27,20,55,6457,239,0,0,27.0167364016736,0,0,6490,241,0,0,0,0
"7741",2023-01-27,21,0,6683,243,0,0,27.5020576131687,0,0,6683,250,0,0,0,0
"7742",2023-01-27,21,5,6276,245,0,0,27.5020576131687,0,0,6683,250,0,0,0,0
"7743",2023-01-27,21,10,6630,244,0,0,27.5020576131687,0,0,6683,250,0,0,0,0
"7744",2023-01-27,21,15,6597,242,0,0,27.5020576131687,0,0,6683,250,0,0,0,0
"7745",2023-01-27,21,20,6459,241,0,0,27.5020576131687,0,0,6683,250,0,0,0,0
"7746",2023-01-27,21,25,6373,243,0,0,27.5020576131687,0,0,6683,250,0,0,0,0
"7747",2023-01-27,21,30,5961,241,0,0,27.5020576131687,0,0,6683,250,0,0,0,0
"7748",2023-01-27,21,35,5628,238,0,0,27.5020576131687,0,0,6683,250,0,0,0,0
"7749",2023-01-27,21,40,6112,240,0,0,27.5020576131687,0,0,6683,250,0,0,0,0
"7750",2023-01-27,21,45,6156,243,0,0,27.5020576131687,0,0,6683,250,0,0,0,0
"7751",2023-01-27,21,50,6304,248,0,0,27.5020576131687,0,0,6683,250,0,0,0,0
"7752",2023-01-27,21,55,6337,250,0,0,27.5020576131687,0,0,6683,250,0,0,0,0
"7753",2023-01-27,22,0,6209,249,0,0,26.1596638655462,0,0,6432,249,0,0,0,0
"7754",2023-01-27,22,5,6432,246,0,0,26.1596638655462,0,0,6432,249,0,0,0,0
"7755",2023-01-27,22,10,5868,241,0,0,26.1596638655462,0,0,6432,249,0,0,0,0
"7756",2023-01-27,22,15,6019,240,0,0,26.1596638655462,0,0,6432,249,0,0,0,0
"7757",2023-01-27,22,20,6226,238,0,0,26.1596638655462,0,0,6432,249,0,0,0,0
"7758",2023-01-27,22,25,5860,234,0,0,26.1596638655462,0,0,6432,249,0,0,0,0
"7759",2023-01-27,22,30,5445,229,0,0,26.1596638655462,0,0,6432,249,0,0,0,0
"7760",2023-01-27,22,35,5445,229,0,0,26.1596638655462,0,0,6432,249,0,0,0,0
"7761",2023-01-27,22,40,5456,229,0,0,26.1596638655462,0,0,6432,249,0,0,0,0
"7762",2023-01-27,22,45,5423,228,0,0,26.1596638655462,0,0,6432,249,0,0,0,0
"7763",2023-01-27,22,50,5368,224,0,0,26.1596638655462,0,0,6432,249,0,0,0,0
"7764",2023-01-27,22,55,5335,223,0,0,26.1596638655462,0,0,6432,249,0,0,0,0
"7765",2023-01-27,23,0,5335,223,0,0,28.2938596491228,0,0,6462,229,0,0,0,0
"7766",2023-01-27,23,5,5438,225,0,0,28.2938596491228,0,0,6462,229,0,0,0,0
"7767",2023-01-27,23,10,5822,224,0,0,28.2938596491228,0,0,6462,229,0,0,0,0
"7768",2023-01-27,23,15,5510,223,0,0,28.2938596491228,0,0,6462,229,0,0,0,0
"7769",2023-01-27,23,20,5734,226,0,0,28.2938596491228,0,0,6462,229,0,0,0,0
"7770",2023-01-27,23,25,5396,225,0,0,28.2938596491228,0,0,6462,229,0,0,0,0
"7771",2023-01-27,23,30,6053,228,0,0,28.2938596491228,0,0,6462,229,0,0,0,0
"7772",2023-01-27,23,35,6451,228,0,0,28.2938596491228,0,0,6462,229,0,0,0,0
"7773",2023-01-27,23,40,6462,229,0,0,28.2938596491228,0,0,6462,229,0,0,0,0
"7774",2023-01-27,23,45,6001,227,0,0,28.2938596491228,0,0,6462,229,0,0,0,0
"7775",2023-01-27,23,50,5469,223,0,0,28.2938596491228,0,0,6462,229,0,0,0,0
"7776",2023-01-27,23,55,6091,226,0,0,28.2938596491228,0,0,6462,229,0,0,0,0
"7777",2023-01-28,0,0,4883,226,0,0,23.0622009569378,0,0,5117,226,0,0,0,0
"7778",2023-01-28,0,5,5117,224,0,0,23.0622009569378,0,0,5117,226,0,0,0,0
"7779",2023-01-28,0,10,4855,223,0,0,23.0622009569378,0,0,5117,226,0,0,0,0
"7780",2023-01-28,0,15,4767,219,0,0,23.0622009569378,0,0,5117,226,0,0,0,0
"7781",2023-01-28,0,20,4745,218,0,0,23.0622009569378,0,0,5117,226,0,0,0,0
"7782",2023-01-28,0,25,4663,216,0,0,23.0622009569378,0,0,5117,226,0,0,0,0
"7783",2023-01-28,0,30,4663,216,0,0,23.0622009569378,0,0,5117,226,0,0,0,0
"7784",2023-01-28,0,35,4542,210,0,0,23.0622009569378,0,0,5117,226,0,0,0,0
"7785",2023-01-28,0,40,4553,210,0,0,23.0622009569378,0,0,5117,226,0,0,0,0
"7786",2023-01-28,0,45,4553,210,0,0,23.0622009569378,0,0,5117,226,0,0,0,0
"7787",2023-01-28,0,50,4820,209,0,0,23.0622009569378,0,0,5117,226,0,0,0,0
"7788",2023-01-28,0,55,4820,209,0,0,23.0622009569378,0,0,5117,226,0,0,0,0
"7789",2023-01-28,1,0,4582,210,0,0,22.3640776699029,0,0,4607,210,0,0,0,0
"7790",2023-01-28,1,5,4582,210,0,0,22.3640776699029,0,0,4607,210,0,0,0,0
"7791",2023-01-28,1,10,4582,210,0,0,22.3640776699029,0,0,4607,210,0,0,0,0
"7792",2023-01-28,1,15,4560,209,0,0,22.3640776699029,0,0,4607,210,0,0,0,0
"7793",2023-01-28,1,20,4500,208,0,0,22.3640776699029,0,0,4607,210,0,0,0,0
"7794",2023-01-28,1,25,4478,207,0,0,22.3640776699029,0,0,4607,210,0,0,0,0
"7795",2023-01-28,1,30,4478,207,0,0,22.3640776699029,0,0,4607,210,0,0,0,0
"7796",2023-01-28,1,35,4445,206,0,0,22.3640776699029,0,0,4607,210,0,0,0,0
"7797",2023-01-28,1,40,4445,206,0,0,22.3640776699029,0,0,4607,210,0,0,0,0
"7798",2023-01-28,1,45,4423,205,0,0,22.3640776699029,0,0,4607,210,0,0,0,0
"7799",2023-01-28,1,50,4423,205,0,0,22.3640776699029,0,0,4607,210,0,0,0,0
"7800",2023-01-28,1,55,4607,206,0,0,22.3640776699029,0,0,4607,210,0,0,0,0
"7801",2023-01-28,2,0,4607,206,0,0,22.3658536585366,0,0,4629,207,0,0,0,0
"7802",2023-01-28,2,5,4607,206,0,0,22.3658536585366,0,0,4629,207,0,0,0,0
"7803",2023-01-28,2,10,4629,207,0,0,22.3658536585366,0,0,4629,207,0,0,0,0
"7804",2023-01-28,2,15,4585,205,0,0,22.3658536585366,0,0,4629,207,0,0,0,0
"7805",2023-01-28,2,20,4607,206,0,0,22.3658536585366,0,0,4629,207,0,0,0,0
"7806",2023-01-28,2,25,4607,206,0,0,22.3658536585366,0,0,4629,207,0,0,0,0
"7807",2023-01-28,2,30,4607,206,0,0,22.3658536585366,0,0,4629,207,0,0,0,0
"7808",2023-01-28,2,35,4585,205,0,0,22.3658536585366,0,0,4629,207,0,0,0,0
"7809",2023-01-28,2,40,4379,203,0,0,22.3658536585366,0,0,4629,207,0,0,0,0
"7810",2023-01-28,2,45,4379,203,0,0,22.3658536585366,0,0,4629,207,0,0,0,0
"7811",2023-01-28,2,50,4379,203,0,0,22.3658536585366,0,0,4629,207,0,0,0,0
"7812",2023-01-28,2,55,4379,203,0,0,22.3658536585366,0,0,4629,207,0,0,0,0
"7813",2023-01-28,3,0,4379,203,0,0,21.6231155778894,0,0,4379,203,0,0,0,0
"7814",2023-01-28,3,5,4379,203,0,0,21.6231155778894,0,0,4379,203,0,0,0,0
"7815",2023-01-28,3,10,4335,201,0,0,21.6231155778894,0,0,4379,203,0,0,0,0
"7816",2023-01-28,3,15,4357,202,0,0,21.6231155778894,0,0,4379,203,0,0,0,0
"7817",2023-01-28,3,20,4325,201,0,0,21.6231155778894,0,0,4379,203,0,0,0,0
"7818",2023-01-28,3,25,4325,201,0,0,21.6231155778894,0,0,4379,203,0,0,0,0
"7819",2023-01-28,3,30,4314,200,0,0,21.6231155778894,0,0,4379,203,0,0,0,0
"7820",2023-01-28,3,35,4314,200,0,0,21.6231155778894,0,0,4379,203,0,0,0,0
"7821",2023-01-28,3,40,4314,200,0,0,21.6231155778894,0,0,4379,203,0,0,0,0
"7822",2023-01-28,3,45,4303,199,0,0,21.6231155778894,0,0,4379,203,0,0,0,0
"7823",2023-01-28,3,50,4303,199,0,0,21.6231155778894,0,0,4379,203,0,0,0,0
"7824",2023-01-28,3,55,4281,198,0,0,21.6231155778894,0,0,4379,203,0,0,0,0
"7825",2023-01-28,4,0,4259,197,0,0,21.8121827411168,0,0,4297,197,0,0,0,0
"7826",2023-01-28,4,5,4259,197,0,0,21.8121827411168,0,0,4297,197,0,0,0,0
"7827",2023-01-28,4,10,4259,197,0,0,21.8121827411168,0,0,4297,197,0,0,0,0
"7828",2023-01-28,4,15,4259,197,0,0,21.8121827411168,0,0,4297,197,0,0,0,0
"7829",2023-01-28,4,20,4297,197,0,0,21.8121827411168,0,0,4297,197,0,0,0,0
"7830",2023-01-28,4,25,4297,197,0,0,21.8121827411168,0,0,4297,197,0,0,0,0
"7831",2023-01-28,4,30,4297,197,0,0,21.8121827411168,0,0,4297,197,0,0,0,0
"7832",2023-01-28,4,35,4297,197,0,0,21.8121827411168,0,0,4297,197,0,0,0,0
"7833",2023-01-28,4,40,4275,196,0,0,21.8121827411168,0,0,4297,197,0,0,0,0
"7834",2023-01-28,4,45,4275,196,0,0,21.8121827411168,0,0,4297,197,0,0,0,0
"7835",2023-01-28,4,50,4231,194,0,0,21.8121827411168,0,0,4297,197,0,0,0,0
"7836",2023-01-28,4,55,4231,194,0,0,21.8121827411168,0,0,4297,197,0,0,0,0
"7837",2023-01-28,5,0,4231,194,0,0,21.8092783505155,0,0,4231,194,0,0,0,0
"7838",2023-01-28,5,5,4209,193,0,0,21.8092783505155,0,0,4231,194,0,0,0,0
"7839",2023-01-28,5,10,4209,193,0,0,21.8092783505155,0,0,4231,194,0,0,0,0
"7840",2023-01-28,5,15,4209,193,0,0,21.8092783505155,0,0,4231,194,0,0,0,0
"7841",2023-01-28,5,20,4209,193,0,0,21.8092783505155,0,0,4231,194,0,0,0,0
"7842",2023-01-28,5,25,4209,193,0,0,21.8092783505155,0,0,4231,194,0,0,0,0
"7843",2023-01-28,5,30,4149,192,0,0,21.8092783505155,0,0,4231,194,0,0,0,0
"7844",2023-01-28,5,35,4149,192,0,0,21.8092783505155,0,0,4231,194,0,0,0,0
"7845",2023-01-28,5,40,4149,192,0,0,21.8092783505155,0,0,4231,194,0,0,0,0
"7846",2023-01-28,5,45,4149,192,0,0,21.8092783505155,0,0,4231,194,0,0,0,0
"7847",2023-01-28,5,50,4105,190,0,0,21.8092783505155,0,0,4231,194,0,0,0,0
"7848",2023-01-28,5,55,4116,191,0,0,21.8092783505155,0,0,4231,194,0,0,0,0
"7849",2023-01-28,6,0,4094,190,0,0,21.5989304812834,0,0,4094,190,0,0,0,0
"7850",2023-01-28,6,5,4072,189,0,0,21.5989304812834,0,0,4094,190,0,0,0,0
"7851",2023-01-28,6,10,4072,189,0,0,21.5989304812834,0,0,4094,190,0,0,0,0
"7852",2023-01-28,6,15,4050,188,0,0,21.5989304812834,0,0,4094,190,0,0,0,0
"7853",2023-01-28,6,20,4072,189,0,0,21.5989304812834,0,0,4094,190,0,0,0,0
"7854",2023-01-28,6,25,4072,189,0,0,21.5989304812834,0,0,4094,190,0,0,0,0
"7855",2023-01-28,6,30,4072,189,0,0,21.5989304812834,0,0,4094,190,0,0,0,0
"7856",2023-01-28,6,35,4072,189,0,0,21.5989304812834,0,0,4094,190,0,0,0,0
"7857",2023-01-28,6,40,4072,189,0,0,21.5989304812834,0,0,4094,190,0,0,0,0
"7858",2023-01-28,6,45,4050,188,0,0,21.5989304812834,0,0,4094,190,0,0,0,0
"7859",2023-01-28,6,50,4050,188,0,0,21.5989304812834,0,0,4094,190,0,0,0,0
"7860",2023-01-28,6,55,4039,187,0,0,21.5989304812834,0,0,4094,190,0,0,0,0
"7861",2023-01-28,7,0,4039,187,0,0,21.6559139784946,0,0,4050,188,0,0,0,0
"7862",2023-01-28,7,5,4039,187,0,0,21.6559139784946,0,0,4050,188,0,0,0,0
"7863",2023-01-28,7,10,4028,186,0,0,21.6559139784946,0,0,4050,188,0,0,0,0
"7864",2023-01-28,7,15,4028,186,0,0,21.6559139784946,0,0,4050,188,0,0,0,0
"7865",2023-01-28,7,20,4028,186,0,0,21.6559139784946,0,0,4050,188,0,0,0,0
"7866",2023-01-28,7,25,4028,186,0,0,21.6559139784946,0,0,4050,188,0,0,0,0
"7867",2023-01-28,7,30,4006,185,0,0,21.6559139784946,0,0,4050,188,0,0,0,0
"7868",2023-01-28,7,35,3995,185,0,0,21.6559139784946,0,0,4050,188,0,0,0,0
"7869",2023-01-28,7,40,3995,185,0,0,21.6559139784946,0,0,4050,188,0,0,0,0
"7870",2023-01-28,7,45,4017,186,0,0,21.6559139784946,0,0,4050,188,0,0,0,0
"7871",2023-01-28,7,50,4050,188,0,0,21.6559139784946,0,0,4050,188,0,0,0,0
"7872",2023-01-28,7,55,4050,188,0,0,21.6559139784946,0,0,4050,188,0,0,0,0
"7873",2023-01-28,8,0,4208,188,0,0,25.3886010362694,0,0,4988,197,0,0,0,0
"7874",2023-01-28,8,5,4230,189,0,0,25.3886010362694,0,0,4988,197,0,0,0,0
"7875",2023-01-28,8,10,4508,189,0,0,25.3886010362694,0,0,4988,197,0,0,0,0
"7876",2023-01-28,8,15,4508,188,0,0,25.3886010362694,0,0,4988,197,0,0,0,0
"7877",2023-01-28,8,20,4558,189,0,0,25.3886010362694,0,0,4988,197,0,0,0,0
"7878",2023-01-28,8,25,4378,188,0,0,25.3886010362694,0,0,4988,197,0,0,0,0
"7879",2023-01-28,8,30,4506,188,0,0,25.3886010362694,0,0,4988,197,0,0,0,0
"7880",2023-01-28,8,35,4473,186,0,0,25.3886010362694,0,0,4988,197,0,0,0,0
"7881",2023-01-28,8,40,4451,185,0,0,25.3886010362694,0,0,4988,197,0,0,0,0
"7882",2023-01-28,8,45,4664,188,0,0,25.3886010362694,0,0,4988,197,0,0,0,0
"7883",2023-01-28,8,50,4900,193,0,0,25.3886010362694,0,0,4988,197,0,0,0,0
"7884",2023-01-28,8,55,4988,197,0,0,25.3886010362694,0,0,4988,197,0,0,0,0
"7885",2023-01-28,9,0,5052,200,0,0,25.2929292929293,0,0,5294,226,0,0,0,0
"7886",2023-01-28,9,5,5008,198,0,0,25.2929292929293,0,0,5294,226,0,0,0,0
"7887",2023-01-28,9,10,4891,199,0,0,25.2929292929293,0,0,5294,226,0,0,0,0
"7888",2023-01-28,9,15,4874,200,0,0,25.2929292929293,0,0,5294,226,0,0,0,0
"7889",2023-01-28,9,20,5013,201,0,0,25.2929292929293,0,0,5294,226,0,0,0,0
"7890",2023-01-28,9,25,5079,204,0,0,25.2929292929293,0,0,5294,226,0,0,0,0
"7891",2023-01-28,9,30,5228,210,0,0,25.2929292929293,0,0,5294,226,0,0,0,0
"7892",2023-01-28,9,35,5294,216,0,0,25.2929292929293,0,0,5294,226,0,0,0,0
"7893",2023-01-28,9,40,4935,216,0,0,25.2929292929293,0,0,5294,226,0,0,0,0
"7894",2023-01-28,9,45,4976,218,0,0,25.2929292929293,0,0,5294,226,0,0,0,0
"7895",2023-01-28,9,50,5140,221,0,0,25.2929292929293,0,0,5294,226,0,0,0,0
"7896",2023-01-28,9,55,5257,226,0,0,25.2929292929293,0,0,5294,226,0,0,0,0
"7897",2023-01-28,10,0,5461,229,0,0,24.2295081967213,0,0,5912,251,0,0,0,0
"7898",2023-01-28,10,5,5610,235,0,0,24.2295081967213,0,0,5912,251,0,0,0,0
"7899",2023-01-28,10,10,5671,237,0,0,24.2295081967213,0,0,5912,251,0,0,0,0
"7900",2023-01-28,10,15,5748,240,0,0,24.2295081967213,0,0,5912,251,0,0,0,0
"7901",2023-01-28,10,20,5675,244,0,0,24.2295081967213,0,0,5912,251,0,0,0,0
"7902",2023-01-28,10,25,5655,243,0,0,24.2295081967213,0,0,5912,251,0,0,0,0
"7903",2023-01-28,10,30,5912,244,0,0,24.2295081967213,0,0,5912,251,0,0,0,0
"7904",2023-01-28,10,35,5759,241,0,0,24.2295081967213,0,0,5912,251,0,0,0,0
"7905",2023-01-28,10,40,5716,245,0,0,24.2295081967213,0,0,5912,251,0,0,0,0
"7906",2023-01-28,10,45,5771,249,0,0,24.2295081967213,0,0,5912,251,0,0,0,0
"7907",2023-01-28,10,50,5682,248,0,0,24.2295081967213,0,0,5912,251,0,0,0,0
"7908",2023-01-28,10,55,5628,251,0,0,24.2295081967213,0,0,5912,251,0,0,0,0
"7909",2023-01-28,11,0,6022,254,0,0,24.6208178438662,0,0,6623,275,0,0,0,0
"7910",2023-01-28,11,5,6076,258,0,0,24.6208178438662,0,0,6623,275,0,0,0,0
"7911",2023-01-28,11,10,6020,260,0,0,24.6208178438662,0,0,6623,275,0,0,0,0
"7912",2023-01-28,11,15,5971,259,0,0,24.6208178438662,0,0,6623,275,0,0,0,0
"7913",2023-01-28,11,20,5777,259,0,0,24.6208178438662,0,0,6623,275,0,0,0,0
"7914",2023-01-28,11,25,5870,265,0,0,24.6208178438662,0,0,6623,275,0,0,0,0
"7915",2023-01-28,11,30,6318,265,0,0,24.6208178438662,0,0,6623,275,0,0,0,0
"7916",2023-01-28,11,35,6567,271,0,0,24.6208178438662,0,0,6623,275,0,0,0,0
"7917",2023-01-28,11,40,6623,269,0,0,24.6208178438662,0,0,6623,275,0,0,0,0
"7918",2023-01-28,11,45,6556,269,0,0,24.6208178438662,0,0,6623,275,0,0,0,0
"7919",2023-01-28,11,50,6351,273,0,0,24.6208178438662,0,0,6623,275,0,0,0,0
"7920",2023-01-28,11,55,6401,275,0,0,24.6208178438662,0,0,6623,275,0,0,0,0
"7921",2023-01-28,12,0,6218,273,0,0,25.15,0,0,7042,284,0,0,0,0
"7922",2023-01-28,12,5,5830,272,0,0,25.15,0,0,7042,284,0,0,0,0
"7923",2023-01-28,12,10,5902,274,0,0,25.15,0,0,7042,284,0,0,0,0
"7924",2023-01-28,12,15,6317,274,0,0,25.15,0,0,7042,284,0,0,0,0
"7925",2023-01-28,12,20,6641,272,0,0,25.15,0,0,7042,284,0,0,0,0
"7926",2023-01-28,12,25,6915,276,0,0,25.15,0,0,7042,284,0,0,0,0
"7927",2023-01-28,12,30,6989,280,0,0,25.15,0,0,7042,284,0,0,0,0
"7928",2023-01-28,12,35,6142,274,0,0,25.15,0,0,7042,284,0,0,0,0
"7929",2023-01-28,12,40,6393,279,0,0,25.15,0,0,7042,284,0,0,0,0
"7930",2023-01-28,12,45,6273,279,0,0,25.15,0,0,7042,284,0,0,0,0
"7931",2023-01-28,12,50,6830,284,0,0,25.15,0,0,7042,284,0,0,0,0
"7932",2023-01-28,12,55,7042,280,0,0,25.15,0,0,7042,284,0,0,0,0
"7933",2023-01-28,13,0,7076,282,0,0,27.0346020761246,0,0,7813,290,0,0,0,0
"7934",2023-01-28,13,5,7401,286,0,0,27.0346020761246,0,0,7813,290,0,0,0,0
"7935",2023-01-28,13,10,7813,289,0,0,27.0346020761246,0,0,7813,290,0,0,0,0
"7936",2023-01-28,13,15,7413,287,0,0,27.0346020761246,0,0,7813,290,0,0,0,0
"7937",2023-01-28,13,20,7542,287,0,0,27.0346020761246,0,0,7813,290,0,0,0,0
"7938",2023-01-28,13,25,7586,290,0,0,27.0346020761246,0,0,7813,290,0,0,0,0
"7939",2023-01-28,13,30,6904,285,0,0,27.0346020761246,0,0,7813,290,0,0,0,0
"7940",2023-01-28,13,35,7149,288,0,0,27.0346020761246,0,0,7813,290,0,0,0,0
"7941",2023-01-28,13,40,6914,286,0,0,27.0346020761246,0,0,7813,290,0,0,0,0
"7942",2023-01-28,13,45,6849,286,0,0,27.0346020761246,0,0,7813,290,0,0,0,0
"7943",2023-01-28,13,50,6654,286,0,0,27.0346020761246,0,0,7813,290,0,0,0,0
"7944",2023-01-28,13,55,6556,282,0,0,27.0346020761246,0,0,7813,290,0,0,0,0
"7945",2023-01-28,14,0,7130,287,0,0,27.3623693379791,0,0,7902,291,0,0,0,0
"7946",2023-01-28,14,5,7110,286,0,0,27.3623693379791,0,0,7902,291,0,0,0,0
"7947",2023-01-28,14,10,7158,282,0,0,27.3623693379791,0,0,7902,291,0,0,0,0
"7948",2023-01-28,14,15,7272,285,0,0,27.3623693379791,0,0,7902,291,0,0,0,0
"7949",2023-01-28,14,20,7423,279,0,0,27.3623693379791,0,0,7902,291,0,0,0,0
"7950",2023-01-28,14,25,7609,283,0,0,27.3623693379791,0,0,7902,291,0,0,0,0
"7951",2023-01-28,14,30,7853,287,0,0,27.3623693379791,0,0,7902,291,0,0,0,0
"7952",2023-01-28,14,35,7902,291,0,0,27.3623693379791,0,0,7902,291,0,0,0,0
"7953",2023-01-28,14,40,7290,288,0,0,27.3623693379791,0,0,7902,291,0,0,0,0
"7954",2023-01-28,14,45,7257,286,0,0,27.3623693379791,0,0,7902,291,0,0,0,0
"7955",2023-01-28,14,50,7231,283,0,0,27.3623693379791,0,0,7902,291,0,0,0,0
"7956",2023-01-28,14,55,7310,283,0,0,27.3623693379791,0,0,7902,291,0,0,0,0
"7957",2023-01-28,15,5,7138,283,0,0,26.6701754385965,0,0,7601,289,0,0,0,0
"7958",2023-01-28,15,10,7468,288,0,0,26.6701754385965,0,0,7601,289,0,0,0,0
"7959",2023-01-28,15,15,7539,289,0,0,26.6701754385965,0,0,7601,289,0,0,0,0
"7960",2023-01-28,15,20,7601,285,0,0,26.6701754385965,0,0,7601,289,0,0,0,0
"7961",2023-01-28,15,25,7525,286,0,0,26.6701754385965,0,0,7601,289,0,0,0,0
"7962",2023-01-28,15,30,7531,287,0,0,26.6701754385965,0,0,7601,289,0,0,0,0
"7963",2023-01-28,15,35,7407,280,0,0,26.6701754385965,0,0,7601,289,0,0,0,0
"7964",2023-01-28,15,40,7113,277,0,0,26.6701754385965,0,0,7601,289,0,0,0,0
"7965",2023-01-28,15,45,7091,276,0,0,26.6701754385965,0,0,7601,289,0,0,0,0
"7966",2023-01-28,15,50,6521,278,0,0,26.6701754385965,0,0,7601,289,0,0,0,0
"7967",2023-01-28,15,55,6742,281,0,0,26.6701754385965,0,0,7601,289,0,0,0,0
"7968",2023-01-28,15,0,7145,283,0,0,26.6701754385965,0,0,7601,289,0,0,0,0
"7969",2023-01-28,16,55,7238,290,0,0,25.736301369863,0,0,7524,295,0,0,0,0
"7970",2023-01-28,16,0,7026,285,0,0,25.736301369863,0,0,7524,295,0,0,0,0
"7971",2023-01-28,16,5,7154,285,0,0,25.736301369863,0,0,7524,295,0,0,0,0
"7972",2023-01-28,16,10,7177,288,0,0,25.736301369863,0,0,7524,295,0,0,0,0
"7973",2023-01-28,16,15,7053,290,0,0,25.736301369863,0,0,7524,295,0,0,0,0
"7974",2023-01-28,16,20,7457,294,0,0,25.736301369863,0,0,7524,295,0,0,0,0
"7975",2023-01-28,16,25,7288,293,0,0,25.736301369863,0,0,7524,295,0,0,0,0
"7976",2023-01-28,16,30,7203,289,0,0,25.736301369863,0,0,7524,295,0,0,0,0
"7977",2023-01-28,16,35,7515,292,0,0,25.736301369863,0,0,7524,295,0,0,0,0
"7978",2023-01-28,16,40,7372,292,0,0,25.736301369863,0,0,7524,295,0,0,0,0
"7979",2023-01-28,16,45,7080,289,0,0,25.736301369863,0,0,7524,295,0,0,0,0
"7980",2023-01-28,16,50,7524,295,0,0,25.736301369863,0,0,7524,295,0,0,0,0
"7981",2023-01-28,17,0,7474,289,0,0,25.8615916955017,0,0,7474,289,0,0,0,0
"7982",2023-01-28,17,5,7327,289,0,0,25.8615916955017,0,0,7474,289,0,0,0,0
"7983",2023-01-28,17,10,6863,285,0,0,25.8615916955017,0,0,7474,289,0,0,0,0
"7984",2023-01-28,17,15,6838,282,0,0,25.8615916955017,0,0,7474,289,0,0,0,0
"7985",2023-01-28,17,20,6489,279,0,0,25.8615916955017,0,0,7474,289,0,0,0,0
"7986",2023-01-28,17,25,6492,281,0,0,25.8615916955017,0,0,7474,289,0,0,0,0
"7987",2023-01-28,17,30,6365,276,0,0,25.8615916955017,0,0,7474,289,0,0,0,0
"7988",2023-01-28,17,35,6768,277,0,0,25.8615916955017,0,0,7474,289,0,0,0,0
"7989",2023-01-28,17,40,6739,281,0,0,25.8615916955017,0,0,7474,289,0,0,0,0
"7990",2023-01-28,17,45,6739,280,0,0,25.8615916955017,0,0,7474,289,0,0,0,0
"7991",2023-01-28,17,50,6886,279,0,0,25.8615916955017,0,0,7474,289,0,0,0,0
"7992",2023-01-28,17,55,6644,276,0,0,25.8615916955017,0,0,7474,289,0,0,0,0
"7993",2023-01-28,18,0,6671,277,0,0,24.0830324909747,0,0,6684,284,0,0,0,0
"7994",2023-01-28,18,5,6370,280,0,0,24.0830324909747,0,0,6684,284,0,0,0,0
"7995",2023-01-28,18,10,6684,282,0,0,24.0830324909747,0,0,6684,284,0,0,0,0
"7996",2023-01-28,18,15,6617,284,0,0,24.0830324909747,0,0,6684,284,0,0,0,0
"7997",2023-01-28,18,20,6671,281,0,0,24.0830324909747,0,0,6684,284,0,0,0,0
"7998",2023-01-28,18,25,6610,279,0,0,24.0830324909747,0,0,6684,284,0,0,0,0
"7999",2023-01-28,18,30,6262,280,0,0,24.0830324909747,0,0,6684,284,0,0,0,0
"8000",2023-01-28,18,35,6213,280,0,0,24.0830324909747,0,0,6684,284,0,0,0,0
"8001",2023-01-28,18,40,6180,278,0,0,24.0830324909747,0,0,6684,284,0,0,0,0
"8002",2023-01-28,18,45,6076,275,0,0,24.0830324909747,0,0,6684,284,0,0,0,0
"8003",2023-01-28,18,50,6398,274,0,0,24.0830324909747,0,0,6684,284,0,0,0,0
"8004",2023-01-28,18,55,6435,274,0,0,24.0830324909747,0,0,6684,284,0,0,0,0
"8005",2023-01-28,19,0,6458,275,0,0,28.9624060150376,0,0,7704,279,0,0,0,0
"8006",2023-01-28,19,5,6702,276,0,0,28.9624060150376,0,0,7704,279,0,0,0,0
"8007",2023-01-28,19,10,7528,279,0,0,28.9624060150376,0,0,7704,279,0,0,0,0
"8008",2023-01-28,19,15,7601,276,0,0,28.9624060150376,0,0,7704,279,0,0,0,0
"8009",2023-01-28,19,20,7597,270,0,0,28.9624060150376,0,0,7704,279,0,0,0,0
"8010",2023-01-28,19,25,7242,267,0,0,28.9624060150376,0,0,7704,279,0,0,0,0
"8011",2023-01-28,19,30,7704,266,0,0,28.9624060150376,0,0,7704,279,0,0,0,0
"8012",2023-01-28,19,35,6953,260,0,0,28.9624060150376,0,0,7704,279,0,0,0,0
"8013",2023-01-28,19,40,6625,260,0,0,28.9624060150376,0,0,7704,279,0,0,0,0
"8014",2023-01-28,19,45,7018,264,0,0,28.9624060150376,0,0,7704,279,0,0,0,0
"8015",2023-01-28,19,50,6974,262,0,0,28.9624060150376,0,0,7704,279,0,0,0,0
"8016",2023-01-28,19,55,6996,259,0,0,28.9624060150376,0,0,7704,279,0,0,0,0
"8017",2023-01-28,20,0,6816,259,0,0,26.5708812260536,0,0,6935,263,0,0,0,0
"8018",2023-01-28,20,5,6874,259,0,0,26.5708812260536,0,0,6935,263,0,0,0,0
"8019",2023-01-28,20,10,6935,261,0,0,26.5708812260536,0,0,6935,263,0,0,0,0
"8020",2023-01-28,20,15,6777,262,0,0,26.5708812260536,0,0,6935,263,0,0,0,0
"8021",2023-01-28,20,20,6025,259,0,0,26.5708812260536,0,0,6935,263,0,0,0,0
"8022",2023-01-28,20,25,6096,261,0,0,26.5708812260536,0,0,6935,263,0,0,0,0
"8023",2023-01-28,20,30,6014,259,0,0,26.5708812260536,0,0,6935,263,0,0,0,0
"8024",2023-01-28,20,35,6102,263,0,0,26.5708812260536,0,0,6935,263,0,0,0,0
"8025",2023-01-28,20,40,6019,260,0,0,26.5708812260536,0,0,6935,263,0,0,0,0
"8026",2023-01-28,20,45,5844,256,0,0,26.5708812260536,0,0,6935,263,0,0,0,0
"8027",2023-01-28,20,50,5891,260,0,0,26.5708812260536,0,0,6935,263,0,0,0,0
"8028",2023-01-28,20,55,5891,260,0,0,26.5708812260536,0,0,6935,263,0,0,0,0
"8029",2023-01-28,21,0,5869,259,0,0,22.6602316602317,0,0,5869,259,0,0,0,0
"8030",2023-01-28,21,5,5789,257,0,0,22.6602316602317,0,0,5869,259,0,0,0,0
"8031",2023-01-28,21,10,5811,258,0,0,22.6602316602317,0,0,5869,259,0,0,0,0
"8032",2023-01-28,21,15,5833,259,0,0,22.6602316602317,0,0,5869,259,0,0,0,0
"8033",2023-01-28,21,20,5789,257,0,0,22.6602316602317,0,0,5869,259,0,0,0,0
"8034",2023-01-28,21,25,5534,252,0,0,22.6602316602317,0,0,5869,259,0,0,0,0
"8035",2023-01-28,21,30,5490,250,0,0,22.6602316602317,0,0,5869,259,0,0,0,0
"8036",2023-01-28,21,35,5484,248,0,0,22.6602316602317,0,0,5869,259,0,0,0,0
"8037",2023-01-28,21,40,5474,248,0,0,22.6602316602317,0,0,5869,259,0,0,0,0
"8038",2023-01-28,21,45,5496,249,0,0,22.6602316602317,0,0,5869,259,0,0,0,0
"8039",2023-01-28,21,50,5397,244,0,0,22.6602316602317,0,0,5869,259,0,0,0,0
"8040",2023-01-28,21,55,5397,244,0,0,22.6602316602317,0,0,5869,259,0,0,0,0
"8041",2023-01-28,22,0,5387,243,0,0,23.0726495726496,0,0,5551,243,0,0,0,0
"8042",2023-01-28,22,5,5393,242,0,0,23.0726495726496,0,0,5551,243,0,0,0,0
"8043",2023-01-28,22,10,5404,242,0,0,23.0726495726496,0,0,5551,243,0,0,0,0
"8044",2023-01-28,22,15,5426,243,0,0,23.0726495726496,0,0,5551,243,0,0,0,0
"8045",2023-01-28,22,20,5333,240,0,0,23.0726495726496,0,0,5551,243,0,0,0,0
"8046",2023-01-28,22,25,5551,241,0,0,23.0726495726496,0,0,5551,243,0,0,0,0
"8047",2023-01-28,22,30,5529,240,0,0,23.0726495726496,0,0,5551,243,0,0,0,0
"8048",2023-01-28,22,35,5509,239,0,0,23.0726495726496,0,0,5551,243,0,0,0,0
"8049",2023-01-28,22,40,5487,238,0,0,23.0726495726496,0,0,5551,243,0,0,0,0
"8050",2023-01-28,22,45,5399,234,0,0,23.0726495726496,0,0,5551,243,0,0,0,0
"8051",2023-01-28,22,50,5369,234,0,0,23.0726495726496,0,0,5551,243,0,0,0,0
"8052",2023-01-28,22,55,5411,236,0,0,23.0726495726496,0,0,5551,243,0,0,0,0
"8053",2023-01-28,23,0,5239,234,0,0,22.3888888888889,0,0,5239,234,0,0,0,0
"8054",2023-01-28,23,5,5097,232,0,0,22.3888888888889,0,0,5239,234,0,0,0,0
"8055",2023-01-28,23,10,5025,230,0,0,22.3888888888889,0,0,5239,234,0,0,0,0
"8056",2023-01-28,23,15,4921,227,0,0,22.3888888888889,0,0,5239,234,0,0,0,0
"8057",2023-01-28,23,20,4965,229,0,0,22.3888888888889,0,0,5239,234,0,0,0,0
"8058",2023-01-28,23,25,4963,229,0,0,22.3888888888889,0,0,5239,234,0,0,0,0
"8059",2023-01-28,23,30,4963,229,0,0,22.3888888888889,0,0,5239,234,0,0,0,0
"8060",2023-01-28,23,35,4903,228,0,0,22.3888888888889,0,0,5239,234,0,0,0,0
"8061",2023-01-28,23,40,4933,228,0,0,22.3888888888889,0,0,5239,234,0,0,0,0
"8062",2023-01-28,23,45,4933,227,0,0,22.3888888888889,0,0,5239,234,0,0,0,0
"8063",2023-01-28,23,50,4955,228,0,0,22.3888888888889,0,0,5239,234,0,0,0,0
"8064",2023-01-28,23,55,4883,226,0,0,22.3888888888889,0,0,5239,234,0,0,0,0
"8065",2023-01-29,0,0,4148,161,0,0,26.0432098765432,0,0,4230,163,0,0,0,0
"8066",2023-01-29,0,5,4148,161,0,0,26.0432098765432,0,0,4230,163,0,0,0,0
"8067",2023-01-29,0,10,4148,161,0,0,26.0432098765432,0,0,4230,163,0,0,0,0
"8068",2023-01-29,0,15,4230,163,0,0,26.0432098765432,0,0,4230,163,0,0,0,0
"8069",2023-01-29,0,20,4230,163,0,0,26.0432098765432,0,0,4230,163,0,0,0,0
"8070",2023-01-29,0,25,4219,162,0,0,26.0432098765432,0,0,4230,163,0,0,0,0
"8071",2023-01-29,0,30,4028,161,0,0,26.0432098765432,0,0,4230,163,0,0,0,0
"8072",2023-01-29,0,35,3984,159,0,0,26.0432098765432,0,0,4230,163,0,0,0,0
"8073",2023-01-29,0,40,3716,160,0,0,26.0432098765432,0,0,4230,163,0,0,0,0
"8074",2023-01-29,0,45,3656,159,0,0,26.0432098765432,0,0,4230,163,0,0,0,0
"8075",2023-01-29,0,50,3634,158,0,0,26.0432098765432,0,0,4230,163,0,0,0,0
"8076",2023-01-29,0,55,3574,157,0,0,26.0432098765432,0,0,4230,163,0,0,0,0
"8077",2023-01-29,1,0,4476,206,0,0,24.5841584158416,0,0,4966,207,0,0,0,0
"8078",2023-01-29,1,5,4498,207,0,0,24.5841584158416,0,0,4966,207,0,0,0,0
"8079",2023-01-29,1,10,4476,206,0,0,24.5841584158416,0,0,4966,207,0,0,0,0
"8080",2023-01-29,1,15,4754,206,0,0,24.5841584158416,0,0,4966,207,0,0,0,0
"8081",2023-01-29,1,20,4710,204,0,0,24.5841584158416,0,0,4966,207,0,0,0,0
"8082",2023-01-29,1,25,4748,204,0,0,24.5841584158416,0,0,4966,207,0,0,0,0
"8083",2023-01-29,1,30,4966,202,0,0,24.5841584158416,0,0,4966,207,0,0,0,0
"8084",2023-01-29,1,35,4966,202,0,0,24.5841584158416,0,0,4966,207,0,0,0,0
"8085",2023-01-29,1,40,4666,201,0,0,24.5841584158416,0,0,4966,207,0,0,0,0
"8086",2023-01-29,1,45,4666,201,0,0,24.5841584158416,0,0,4966,207,0,0,0,0
"8087",2023-01-29,1,50,4622,199,0,0,24.5841584158416,0,0,4966,207,0,0,0,0
"8088",2023-01-29,1,55,4300,197,0,0,24.5841584158416,0,0,4966,207,0,0,0,0
"8089",2023-01-29,2,0,4562,200,0,0,22.9179487179487,0,0,4562,200,0,0,0,0
"8090",2023-01-29,2,5,4469,195,0,0,22.9179487179487,0,0,4562,200,0,0,0,0
"8091",2023-01-29,2,10,4436,194,0,0,22.9179487179487,0,0,4562,200,0,0,0,0
"8092",2023-01-29,2,15,4414,193,0,0,22.9179487179487,0,0,4562,200,0,0,0,0
"8093",2023-01-29,2,20,4234,192,0,0,22.9179487179487,0,0,4562,200,0,0,0,0
"8094",2023-01-29,2,25,4294,193,0,0,22.9179487179487,0,0,4562,200,0,0,0,0
"8095",2023-01-29,2,30,4212,191,0,0,22.9179487179487,0,0,4562,200,0,0,0,0
"8096",2023-01-29,2,35,4190,190,0,0,22.9179487179487,0,0,4562,200,0,0,0,0
"8097",2023-01-29,2,40,4168,189,0,0,22.9179487179487,0,0,4562,200,0,0,0,0
"8098",2023-01-29,2,45,4190,190,0,0,22.9179487179487,0,0,4562,200,0,0,0,0
"8099",2023-01-29,2,50,4168,189,0,0,22.9179487179487,0,0,4562,200,0,0,0,0
"8100",2023-01-29,2,55,4168,189,0,0,22.9179487179487,0,0,4562,200,0,0,0,0
"8101",2023-01-29,3,0,4168,189,0,0,22.0645161290323,0,0,4168,189,0,0,0,0
"8102",2023-01-29,3,5,4148,188,0,0,22.0645161290323,0,0,4168,189,0,0,0,0
"8103",2023-01-29,3,10,4126,187,0,0,22.0645161290323,0,0,4168,189,0,0,0,0
"8104",2023-01-29,3,15,4126,187,0,0,22.0645161290323,0,0,4168,189,0,0,0,0
"8105",2023-01-29,3,20,4126,187,0,0,22.0645161290323,0,0,4168,189,0,0,0,0
"8106",2023-01-29,3,25,4126,187,0,0,22.0645161290323,0,0,4168,189,0,0,0,0
"8107",2023-01-29,3,30,4126,187,0,0,22.0645161290323,0,0,4168,189,0,0,0,0
"8108",2023-01-29,3,35,4126,187,0,0,22.0645161290323,0,0,4168,189,0,0,0,0
"8109",2023-01-29,3,40,4126,187,0,0,22.0645161290323,0,0,4168,189,0,0,0,0
"8110",2023-01-29,3,45,4104,186,0,0,22.0645161290323,0,0,4168,189,0,0,0,0
"8111",2023-01-29,3,50,4115,187,0,0,22.0645161290323,0,0,4168,189,0,0,0,0
"8112",2023-01-29,3,55,4115,187,0,0,22.0645161290323,0,0,4168,189,0,0,0,0
"8113",2023-01-29,4,0,4115,187,0,0,22.0645161290323,0,0,4115,187,0,0,0,0
"8114",2023-01-29,4,5,4115,187,0,0,22.0645161290323,0,0,4115,187,0,0,0,0
"8115",2023-01-29,4,10,4104,186,0,0,22.0645161290323,0,0,4115,187,0,0,0,0
"8116",2023-01-29,4,15,4104,186,0,0,22.0645161290323,0,0,4115,187,0,0,0,0
"8117",2023-01-29,4,20,4104,186,0,0,22.0645161290323,0,0,4115,187,0,0,0,0
"8118",2023-01-29,4,25,4104,186,0,0,22.0645161290323,0,0,4115,187,0,0,0,0
"8119",2023-01-29,4,30,4104,186,0,0,22.0645161290323,0,0,4115,187,0,0,0,0
"8120",2023-01-29,4,35,4104,186,0,0,22.0645161290323,0,0,4115,187,0,0,0,0
"8121",2023-01-29,4,40,4104,186,0,0,22.0645161290323,0,0,4115,187,0,0,0,0
"8122",2023-01-29,4,45,4104,186,0,0,22.0645161290323,0,0,4115,187,0,0,0,0
"8123",2023-01-29,4,50,4104,186,0,0,22.0645161290323,0,0,4115,187,0,0,0,0
"8124",2023-01-29,4,55,4104,186,0,0,22.0645161290323,0,0,4115,187,0,0,0,0
"8125",2023-01-29,5,0,4104,186,0,0,22.2717391304348,0,0,4120,186,0,0,0,0
"8126",2023-01-29,5,5,4082,185,0,0,22.2717391304348,0,0,4120,186,0,0,0,0
"8127",2023-01-29,5,10,4060,184,0,0,22.2717391304348,0,0,4120,186,0,0,0,0
"8128",2023-01-29,5,15,4060,184,0,0,22.2717391304348,0,0,4120,186,0,0,0,0
"8129",2023-01-29,5,20,4060,184,0,0,22.2717391304348,0,0,4120,186,0,0,0,0
"8130",2023-01-29,5,25,4120,185,0,0,22.2717391304348,0,0,4120,186,0,0,0,0
"8131",2023-01-29,5,30,4120,185,0,0,22.2717391304348,0,0,4120,186,0,0,0,0
"8132",2023-01-29,5,35,4120,185,0,0,22.2717391304348,0,0,4120,186,0,0,0,0
"8133",2023-01-29,5,40,4120,185,0,0,22.2717391304348,0,0,4120,186,0,0,0,0
"8134",2023-01-29,5,45,4120,185,0,0,22.2717391304348,0,0,4120,186,0,0,0,0
"8135",2023-01-29,5,50,4120,185,0,0,22.2717391304348,0,0,4120,186,0,0,0,0
"8136",2023-01-29,5,55,4098,184,0,0,22.2717391304348,0,0,4120,186,0,0,0,0
"8137",2023-01-29,6,0,4076,183,0,0,23.1304347826087,0,0,4256,184,0,0,0,0
"8138",2023-01-29,6,5,4256,184,0,0,23.1304347826087,0,0,4256,184,0,0,0,0
"8139",2023-01-29,6,10,4076,183,0,0,23.1304347826087,0,0,4256,184,0,0,0,0
"8140",2023-01-29,6,15,4076,183,0,0,23.1304347826087,0,0,4256,184,0,0,0,0
"8141",2023-01-29,6,20,4076,183,0,0,23.1304347826087,0,0,4256,184,0,0,0,0
"8142",2023-01-29,6,25,4076,183,0,0,23.1304347826087,0,0,4256,184,0,0,0,0
"8143",2023-01-29,6,30,4076,183,0,0,23.1304347826087,0,0,4256,184,0,0,0,0
"8144",2023-01-29,6,35,4016,182,0,0,23.1304347826087,0,0,4256,184,0,0,0,0
"8145",2023-01-29,6,40,4016,182,0,0,23.1304347826087,0,0,4256,184,0,0,0,0
"8146",2023-01-29,6,45,4016,182,0,0,23.1304347826087,0,0,4256,184,0,0,0,0
"8147",2023-01-29,6,50,4016,182,0,0,23.1304347826087,0,0,4256,184,0,0,0,0
"8148",2023-01-29,6,55,4016,182,0,0,23.1304347826087,0,0,4256,184,0,0,0,0
"8149",2023-01-29,7,0,4016,182,0,0,22.1920903954802,0,0,4016,182,0,0,0,0
"8150",2023-01-29,7,5,3994,181,0,0,22.1920903954802,0,0,4016,182,0,0,0,0
"8151",2023-01-29,7,10,3994,181,0,0,22.1920903954802,0,0,4016,182,0,0,0,0
"8152",2023-01-29,7,15,3994,181,0,0,22.1920903954802,0,0,4016,182,0,0,0,0
"8153",2023-01-29,7,20,3994,181,0,0,22.1920903954802,0,0,4016,182,0,0,0,0
"8154",2023-01-29,7,25,3994,181,0,0,22.1920903954802,0,0,4016,182,0,0,0,0
"8155",2023-01-29,7,30,3994,181,0,0,22.1920903954802,0,0,4016,182,0,0,0,0
"8156",2023-01-29,7,35,3983,180,0,0,22.1920903954802,0,0,4016,182,0,0,0,0
"8157",2023-01-29,7,40,4005,181,0,0,22.1920903954802,0,0,4016,182,0,0,0,0
"8158",2023-01-29,7,45,4005,181,0,0,22.1920903954802,0,0,4016,182,0,0,0,0
"8159",2023-01-29,7,50,3961,179,0,0,22.1920903954802,0,0,4016,182,0,0,0,0
"8160",2023-01-29,7,55,3928,177,0,0,22.1920903954802,0,0,4016,182,0,0,0,0
"8161",2023-01-29,8,0,3928,177,0,0,24.0395480225989,0,0,4299,179,0,0,0,0
"8162",2023-01-29,8,10,3928,177,0,0,24.0395480225989,0,0,4299,179,0,0,0,0
"8163",2023-01-29,8,15,3928,177,0,0,24.0395480225989,0,0,4299,179,0,0,0,0
"8164",2023-01-29,8,20,3895,176,0,0,24.0395480225989,0,0,4299,179,0,0,0,0
"8165",2023-01-29,8,25,4288,179,0,0,24.0395480225989,0,0,4299,179,0,0,0,0
"8166",2023-01-29,8,30,4288,179,0,0,24.0395480225989,0,0,4299,179,0,0,0,0
"8167",2023-01-29,8,35,4299,179,0,0,24.0395480225989,0,0,4299,179,0,0,0,0
"8168",2023-01-29,8,40,4277,178,0,0,24.0395480225989,0,0,4299,179,0,0,0,0
"8169",2023-01-29,8,45,4255,177,0,0,24.0395480225989,0,0,4299,179,0,0,0,0
"8170",2023-01-29,8,50,4255,177,0,0,24.0395480225989,0,0,4299,179,0,0,0,0
"8171",2023-01-29,8,55,4255,177,0,0,24.0395480225989,0,0,4299,179,0,0,0,0
"8172",2023-01-29,8,5,3862,173,0,0,24.0395480225989,0,0,4299,179,0,0,0,0
"8173",2023-01-29,9,0,4321,180,0,0,24.8369565217391,0,0,4625,188,0,0,0,0
"8174",2023-01-29,9,5,4441,181,0,0,24.8369565217391,0,0,4625,188,0,0,0,0
"8175",2023-01-29,9,10,4332,180,0,0,24.8369565217391,0,0,4625,188,0,0,0,0
"8176",2023-01-29,9,15,4485,182,0,0,24.8369565217391,0,0,4625,188,0,0,0,0
"8177",2023-01-29,9,20,4321,179,0,0,24.8369565217391,0,0,4625,188,0,0,0,0
"8178",2023-01-29,9,25,4321,179,0,0,24.8369565217391,0,0,4625,188,0,0,0,0
"8179",2023-01-29,9,30,4299,178,0,0,24.8369565217391,0,0,4625,188,0,0,0,0
"8180",2023-01-29,9,35,4332,179,0,0,24.8369565217391,0,0,4625,188,0,0,0,0
"8181",2023-01-29,9,40,4570,184,0,0,24.8369565217391,0,0,4625,188,0,0,0,0
"8182",2023-01-29,9,45,4614,186,0,0,24.8369565217391,0,0,4625,188,0,0,0,0
"8183",2023-01-29,9,50,4603,186,0,0,24.8369565217391,0,0,4625,188,0,0,0,0
"8184",2023-01-29,9,55,4625,188,0,0,24.8369565217391,0,0,4625,188,0,0,0,0
"8185",2023-01-29,10,0,4953,188,0,0,26.3457446808511,0,0,5069,213,0,0,0,0
"8186",2023-01-29,10,5,4975,189,0,0,26.3457446808511,0,0,5069,213,0,0,0,0
"8187",2023-01-29,10,10,4913,192,0,0,26.3457446808511,0,0,5069,213,0,0,0,0
"8188",2023-01-29,10,15,4935,193,0,0,26.3457446808511,0,0,5069,213,0,0,0,0
"8189",2023-01-29,10,20,5050,196,0,0,26.3457446808511,0,0,5069,213,0,0,0,0
"8190",2023-01-29,10,25,4766,198,0,0,26.3457446808511,0,0,5069,213,0,0,0,0
"8191",2023-01-29,10,30,4470,200,0,0,26.3457446808511,0,0,5069,213,0,0,0,0
"8192",2023-01-29,10,35,4822,202,0,0,26.3457446808511,0,0,5069,213,0,0,0,0
"8193",2023-01-29,10,40,4872,203,0,0,26.3457446808511,0,0,5069,213,0,0,0,0
"8194",2023-01-29,10,45,4883,204,0,0,26.3457446808511,0,0,5069,213,0,0,0,0
"8195",2023-01-29,10,50,5069,208,0,0,26.3457446808511,0,0,5069,213,0,0,0,0
"8196",2023-01-29,10,55,4966,213,0,0,26.3457446808511,0,0,5069,213,0,0,0,0
"8197",2023-01-29,11,0,5019,216,0,0,27.5087719298246,0,0,6272,228,0,0,0,0
"8198",2023-01-29,11,5,5063,218,0,0,27.5087719298246,0,0,6272,228,0,0,0,0
"8199",2023-01-29,11,10,5341,218,0,0,27.5087719298246,0,0,6272,228,0,0,0,0
"8200",2023-01-29,11,15,5639,224,0,0,27.5087719298246,0,0,6272,228,0,0,0,0
"8201",2023-01-29,11,20,5612,226,0,0,27.5087719298246,0,0,6272,228,0,0,0,0
"8202",2023-01-29,11,25,6272,228,0,0,27.5087719298246,0,0,6272,228,0,0,0,0
"8203",2023-01-29,11,30,6089,225,0,0,27.5087719298246,0,0,6272,228,0,0,0,0
"8204",2023-01-29,11,35,5835,225,0,0,27.5087719298246,0,0,6272,228,0,0,0,0
"8205",2023-01-29,11,40,5857,226,0,0,27.5087719298246,0,0,6272,228,0,0,0,0
"8206",2023-01-29,11,45,5819,223,0,0,27.5087719298246,0,0,6272,228,0,0,0,0
"8207",2023-01-29,11,50,5461,223,0,0,27.5087719298246,0,0,6272,228,0,0,0,0
"8208",2023-01-29,11,55,5567,222,0,0,27.5087719298246,0,0,6272,228,0,0,0,0
"8209",2023-01-29,12,0,5634,221,0,0,25.4932126696833,0,0,5634,239,0,0,0,0
"8210",2023-01-29,12,5,5558,222,0,0,25.4932126696833,0,0,5634,239,0,0,0,0
"8211",2023-01-29,12,10,5419,222,0,0,25.4932126696833,0,0,5634,239,0,0,0,0
"8212",2023-01-29,12,15,5196,226,0,0,25.4932126696833,0,0,5634,239,0,0,0,0
"8213",2023-01-29,12,20,5046,225,0,0,25.4932126696833,0,0,5634,239,0,0,0,0
"8214",2023-01-29,12,25,5065,225,0,0,25.4932126696833,0,0,5634,239,0,0,0,0
"8215",2023-01-29,12,30,5031,227,0,0,25.4932126696833,0,0,5634,239,0,0,0,0
"8216",2023-01-29,12,35,5097,230,0,0,25.4932126696833,0,0,5634,239,0,0,0,0
"8217",2023-01-29,12,40,5371,238,0,0,25.4932126696833,0,0,5634,239,0,0,0,0
"8218",2023-01-29,12,45,5510,239,0,0,25.4932126696833,0,0,5634,239,0,0,0,0
"8219",2023-01-29,12,50,5411,236,0,0,25.4932126696833,0,0,5634,239,0,0,0,0
"8220",2023-01-29,12,55,5433,236,0,0,25.4932126696833,0,0,5634,239,0,0,0,0
"8221",2023-01-29,13,0,5466,239,0,0,26.6153846153846,0,0,6574,248,0,0,0,0
"8222",2023-01-29,13,5,5948,248,0,0,26.6153846153846,0,0,6574,248,0,0,0,0
"8223",2023-01-29,13,10,5937,247,0,0,26.6153846153846,0,0,6574,248,0,0,0,0
"8224",2023-01-29,13,15,6128,248,0,0,26.6153846153846,0,0,6574,248,0,0,0,0
"8225",2023-01-29,13,20,6117,247,0,0,26.6153846153846,0,0,6574,248,0,0,0,0
"8226",2023-01-29,13,25,5941,243,0,0,26.6153846153846,0,0,6574,248,0,0,0,0
"8227",2023-01-29,13,30,6094,246,0,0,26.6153846153846,0,0,6574,248,0,0,0,0
"8228",2023-01-29,13,35,6574,247,0,0,26.6153846153846,0,0,6574,248,0,0,0,0
"8229",2023-01-29,13,40,6078,243,0,0,26.6153846153846,0,0,6574,248,0,0,0,0
"8230",2023-01-29,13,45,5924,239,0,0,26.6153846153846,0,0,6574,248,0,0,0,0
"8231",2023-01-29,13,50,5867,239,0,0,26.6153846153846,0,0,6574,248,0,0,0,0
"8232",2023-01-29,13,55,5890,237,0,0,26.6153846153846,0,0,6574,248,0,0,0,0
"8233",2023-01-29,14,0,5787,234,0,0,28.2839506172839,0,0,6873,247,0,0,0,0
"8234",2023-01-29,14,5,5504,234,0,0,28.2839506172839,0,0,6873,247,0,0,0,0
"8235",2023-01-29,14,10,5728,237,0,0,28.2839506172839,0,0,6873,247,0,0,0,0
"8236",2023-01-29,14,15,5735,239,0,0,28.2839506172839,0,0,6873,247,0,0,0,0
"8237",2023-01-29,14,20,5511,236,0,0,28.2839506172839,0,0,6873,247,0,0,0,0
"8238",2023-01-29,14,25,5605,239,0,0,28.2839506172839,0,0,6873,247,0,0,0,0
"8239",2023-01-29,14,30,5729,242,0,0,28.2839506172839,0,0,6873,247,0,0,0,0
"8240",2023-01-29,14,35,6560,247,0,0,28.2839506172839,0,0,6873,247,0,0,0,0
"8241",2023-01-29,14,40,6764,246,0,0,28.2839506172839,0,0,6873,247,0,0,0,0
"8242",2023-01-29,14,45,6758,247,0,0,28.2839506172839,0,0,6873,247,0,0,0,0
"8243",2023-01-29,14,50,6574,244,0,0,28.2839506172839,0,0,6873,247,0,0,0,0
"8244",2023-01-29,14,55,6873,243,0,0,28.2839506172839,0,0,6873,247,0,0,0,0
"8245",2023-01-29,15,0,6651,242,0,0,28.037037037037,0,0,6813,243,0,0,0,0
"8246",2023-01-29,15,5,6813,243,0,0,28.037037037037,0,0,6813,243,0,0,0,0
"8247",2023-01-29,15,10,6775,243,0,0,28.037037037037,0,0,6813,243,0,0,0,0
"8248",2023-01-29,15,15,6653,240,0,0,28.037037037037,0,0,6813,243,0,0,0,0
"8249",2023-01-29,15,20,6222,237,0,0,28.037037037037,0,0,6813,243,0,0,0,0
"8250",2023-01-29,15,25,6541,239,0,0,28.037037037037,0,0,6813,243,0,0,0,0
"8251",2023-01-29,15,30,6685,243,0,0,28.037037037037,0,0,6813,243,0,0,0,0
"8252",2023-01-29,15,35,6309,243,0,0,28.037037037037,0,0,6813,243,0,0,0,0
"8253",2023-01-29,15,40,6137,241,0,0,28.037037037037,0,0,6813,243,0,0,0,0
"8254",2023-01-29,15,45,6162,242,0,0,28.037037037037,0,0,6813,243,0,0,0,0
"8255",2023-01-29,15,50,6056,243,0,0,28.037037037037,0,0,6813,243,0,0,0,0
"8256",2023-01-29,15,55,5734,241,0,0,28.037037037037,0,0,6813,243,0,0,0,0
"8257",2023-01-29,16,0,5958,243,0,0,25.7727272727273,0,0,6237,243,0,0,0,0
"8258",2023-01-29,16,5,6237,242,0,0,25.7727272727273,0,0,6237,243,0,0,0,0
"8259",2023-01-29,16,10,6074,241,0,0,25.7727272727273,0,0,6237,243,0,0,0,0
"8260",2023-01-29,16,15,5910,239,0,0,25.7727272727273,0,0,6237,243,0,0,0,0
"8261",2023-01-29,16,20,5943,241,0,0,25.7727272727273,0,0,6237,243,0,0,0,0
"8262",2023-01-29,16,25,5827,237,0,0,25.7727272727273,0,0,6237,243,0,0,0,0
"8263",2023-01-29,16,30,5771,237,0,0,25.7727272727273,0,0,6237,243,0,0,0,0
"8264",2023-01-29,16,35,5745,237,0,0,25.7727272727273,0,0,6237,243,0,0,0,0
"8265",2023-01-29,16,40,5440,239,0,0,25.7727272727273,0,0,6237,243,0,0,0,0
"8266",2023-01-29,16,45,5183,233,0,0,25.7727272727273,0,0,6237,243,0,0,0,0
"8267",2023-01-29,16,50,5106,230,0,0,25.7727272727273,0,0,6237,243,0,0,0,0
"8268",2023-01-29,16,55,5532,231,0,0,25.7727272727273,0,0,6237,243,0,0,0,0
"8269",2023-01-29,17,0,5777,229,0,0,28.4690265486726,0,0,6434,229,0,0,0,0
"8270",2023-01-29,17,5,5678,223,0,0,28.4690265486726,0,0,6434,229,0,0,0,0
"8271",2023-01-29,17,10,5890,221,0,0,28.4690265486726,0,0,6434,229,0,0,0,0
"8272",2023-01-29,17,15,5846,220,0,0,28.4690265486726,0,0,6434,229,0,0,0,0
"8273",2023-01-29,17,20,6020,217,0,0,28.4690265486726,0,0,6434,229,0,0,0,0
"8274",2023-01-29,17,25,5738,220,0,0,28.4690265486726,0,0,6434,229,0,0,0,0
"8275",2023-01-29,17,30,6434,226,0,0,28.4690265486726,0,0,6434,229,0,0,0,0
"8276",2023-01-29,17,35,6242,223,0,0,28.4690265486726,0,0,6434,229,0,0,0,0
"8277",2023-01-29,17,40,4060,151,0,0,28.4690265486726,0,0,6434,229,0,0,0,0
"8278",2023-01-29,17,45,5709,219,0,0,28.4690265486726,0,0,6434,229,0,0,0,0
"8279",2023-01-29,17,50,6050,221,0,0,28.4690265486726,0,0,6434,229,0,0,0,0
"8280",2023-01-29,17,55,6131,217,0,0,28.4690265486726,0,0,6434,229,0,0,0,0
"8281",2023-01-29,18,0,3656,148,0,0,32.8,0,0,6654,206,0,0,0,0
"8282",2023-01-29,18,5,5584,199,0,0,32.8,0,0,6654,206,0,0,0,0
"8283",2023-01-29,18,10,5357,194,0,0,32.8,0,0,6654,206,0,0,0,0
"8284",2023-01-29,18,15,5455,195,0,0,32.8,0,0,6654,206,0,0,0,0
"8285",2023-01-29,18,20,5702,202,0,0,32.8,0,0,6654,206,0,0,0,0
"8286",2023-01-29,18,25,5891,206,0,0,32.8,0,0,6654,206,0,0,0,0
"8287",2023-01-29,18,30,5660,199,0,0,32.8,0,0,6654,206,0,0,0,0
"8288",2023-01-29,18,35,5600,198,0,0,32.8,0,0,6654,206,0,0,0,0
"8289",2023-01-29,18,40,5600,198,0,0,32.8,0,0,6654,206,0,0,0,0
"8290",2023-01-29,18,45,5930,200,0,0,32.8,0,0,6654,206,0,0,0,0
"8291",2023-01-29,18,50,6654,203,0,0,32.8,0,0,6654,206,0,0,0,0
"8292",2023-01-29,18,55,6560,200,0,0,32.8,0,0,6654,206,0,0,0,0
"8293",2023-01-29,19,0,6194,196,0,0,31.6020408163265,0,0,6194,204,0,0,0,0
"8294",2023-01-29,19,5,6075,197,0,0,31.6020408163265,0,0,6194,204,0,0,0,0
"8295",2023-01-29,19,10,5863,197,0,0,31.6020408163265,0,0,6194,204,0,0,0,0
"8296",2023-01-29,19,15,5679,196,0,0,31.6020408163265,0,0,6194,204,0,0,0,0
"8297",2023-01-29,19,20,5627,200,0,0,31.6020408163265,0,0,6194,204,0,0,0,0
"8298",2023-01-29,19,25,5379,199,0,0,31.6020408163265,0,0,6194,204,0,0,0,0
"8299",2023-01-29,19,30,5619,199,0,0,31.6020408163265,0,0,6194,204,0,0,0,0
"8300",2023-01-29,19,35,5154,199,0,0,31.6020408163265,0,0,6194,204,0,0,0,0
"8301",2023-01-29,19,40,5121,199,0,0,31.6020408163265,0,0,6194,204,0,0,0,0
"8302",2023-01-29,19,45,5203,201,0,0,31.6020408163265,0,0,6194,204,0,0,0,0
"8303",2023-01-29,19,50,5677,204,0,0,31.6020408163265,0,0,6194,204,0,0,0,0
"8304",2023-01-29,19,55,5295,201,0,0,31.6020408163265,0,0,6194,204,0,0,0,0
"8305",2023-01-29,20,0,5267,198,0,0,26.6010101010101,0,0,5267,199,0,0,0,0
"8306",2023-01-29,20,5,5133,199,0,0,26.6010101010101,0,0,5267,199,0,0,0,0
"8307",2023-01-29,20,10,4953,199,0,0,26.6010101010101,0,0,5267,199,0,0,0,0
"8308",2023-01-29,20,15,4951,199,0,0,26.6010101010101,0,0,5267,199,0,0,0,0
"8309",2023-01-29,20,20,4749,197,0,0,26.6010101010101,0,0,5267,199,0,0,0,0
"8310",2023-01-29,20,25,4683,194,0,0,26.6010101010101,0,0,5267,199,0,0,0,0
"8311",2023-01-29,20,30,4694,194,0,0,26.6010101010101,0,0,5267,199,0,0,0,0
"8312",2023-01-29,20,35,4770,193,0,0,26.6010101010101,0,0,5267,199,0,0,0,0
"8313",2023-01-29,20,40,4510,190,0,0,26.6010101010101,0,0,5267,199,0,0,0,0
"8314",2023-01-29,20,45,4488,191,0,0,26.6010101010101,0,0,5267,199,0,0,0,0
"8315",2023-01-29,20,50,4437,188,0,0,26.6010101010101,0,0,5267,199,0,0,0,0
"8316",2023-01-29,20,55,4639,188,0,0,26.6010101010101,0,0,5267,199,0,0,0,0
"8317",2023-01-29,21,0,4661,189,0,0,26.6684210526316,0,0,5111,192,0,0,0,0
"8318",2023-01-29,21,5,4844,192,0,0,26.6684210526316,0,0,5111,192,0,0,0,0
"8319",2023-01-29,21,10,4800,190,0,0,26.6684210526316,0,0,5111,192,0,0,0,0
"8320",2023-01-29,21,15,5111,192,0,0,26.6684210526316,0,0,5111,192,0,0,0,0
"8321",2023-01-29,21,20,5067,190,0,0,26.6684210526316,0,0,5111,192,0,0,0,0
"8322",2023-01-29,21,25,4778,189,0,0,26.6684210526316,0,0,5111,192,0,0,0,0
"8323",2023-01-29,21,30,4639,189,0,0,26.6684210526316,0,0,5111,192,0,0,0,0
"8324",2023-01-29,21,35,4404,186,0,0,26.6684210526316,0,0,5111,192,0,0,0,0
"8325",2023-01-29,21,40,4622,185,0,0,26.6684210526316,0,0,5111,192,0,0,0,0
"8326",2023-01-29,21,45,4764,184,0,0,26.6684210526316,0,0,5111,192,0,0,0,0
"8327",2023-01-29,21,50,4764,184,0,0,26.6684210526316,0,0,5111,192,0,0,0,0
"8328",2023-01-29,21,55,4764,184,0,0,26.6684210526316,0,0,5111,192,0,0,0,0
"8329",2023-01-29,22,0,4508,185,0,0,26.2459016393443,0,0,4803,185,0,0,0,0
"8330",2023-01-29,22,5,4803,183,0,0,26.2459016393443,0,0,4803,185,0,0,0,0
"8331",2023-01-29,22,10,4492,182,0,0,26.2459016393443,0,0,4803,185,0,0,0,0
"8332",2023-01-29,22,15,4144,178,0,0,26.2459016393443,0,0,4803,185,0,0,0,0
"8333",2023-01-29,22,20,4379,181,0,0,26.2459016393443,0,0,4803,185,0,0,0,0
"8334",2023-01-29,22,25,4537,181,0,0,26.2459016393443,0,0,4803,185,0,0,0,0
"8335",2023-01-29,22,30,4493,179,0,0,26.2459016393443,0,0,4803,185,0,0,0,0
"8336",2023-01-29,22,35,4471,178,0,0,26.2459016393443,0,0,4803,185,0,0,0,0
"8337",2023-01-29,22,40,4340,177,0,0,26.2459016393443,0,0,4803,185,0,0,0,0
"8338",2023-01-29,22,45,4662,179,0,0,26.2459016393443,0,0,4803,185,0,0,0,0
"8339",2023-01-29,22,50,4438,176,0,0,26.2459016393443,0,0,4803,185,0,0,0,0
"8340",2023-01-29,22,55,4394,174,0,0,26.2459016393443,0,0,4803,185,0,0,0,0
"8341",2023-01-29,23,0,4383,173,0,0,26.5058823529412,0,0,4550,173,0,0,0,0
"8342",2023-01-29,23,5,4550,172,0,0,26.5058823529412,0,0,4550,173,0,0,0,0
"8343",2023-01-29,23,10,4506,170,0,0,26.5058823529412,0,0,4550,173,0,0,0,0
"8344",2023-01-29,23,15,3810,167,0,0,26.5058823529412,0,0,4550,173,0,0,0,0
"8345",2023-01-29,23,20,3788,166,0,0,26.5058823529412,0,0,4550,173,0,0,0,0
"8346",2023-01-29,23,25,3744,164,0,0,26.5058823529412,0,0,4550,173,0,0,0,0
"8347",2023-01-29,23,30,4044,165,0,0,26.5058823529412,0,0,4550,173,0,0,0,0
"8348",2023-01-29,23,35,3951,162,0,0,26.5058823529412,0,0,4550,173,0,0,0,0
"8349",2023-01-29,23,40,4290,162,0,0,26.5058823529412,0,0,4550,173,0,0,0,0
"8350",2023-01-29,23,45,4170,162,0,0,26.5058823529412,0,0,4550,173,0,0,0,0
"8351",2023-01-29,23,50,4170,162,0,0,26.5058823529412,0,0,4550,173,0,0,0,0
"8352",2023-01-29,23,55,4148,161,0,0,26.5058823529412,0,0,4550,173,0,0,0,0
"8353",2023-01-30,0,0,4535,189,0,0,24.2432432432432,0,0,4535,189,0,0,0,0
"8354",2023-01-30,0,5,4491,187,0,0,24.2432432432432,0,0,4535,189,0,0,0,0
"8355",2023-01-30,0,10,4529,187,0,0,24.2432432432432,0,0,4535,189,0,0,0,0
"8356",2023-01-30,0,15,4507,186,0,0,24.2432432432432,0,0,4535,189,0,0,0,0
"8357",2023-01-30,0,20,4507,186,0,0,24.2432432432432,0,0,4535,189,0,0,0,0
"8358",2023-01-30,0,25,4485,185,0,0,24.2432432432432,0,0,4535,189,0,0,0,0
"8359",2023-01-30,0,30,4365,184,0,0,24.2432432432432,0,0,4535,189,0,0,0,0
"8360",2023-01-30,0,35,4365,184,0,0,24.2432432432432,0,0,4535,189,0,0,0,0
"8361",2023-01-30,0,40,4249,180,0,0,24.2432432432432,0,0,4535,189,0,0,0,0
"8362",2023-01-30,0,45,4249,180,0,0,24.2432432432432,0,0,4535,189,0,0,0,0
"8363",2023-01-30,0,50,4249,180,0,0,24.2432432432432,0,0,4535,189,0,0,0,0
"8364",2023-01-30,0,55,4249,180,0,0,24.2432432432432,0,0,4535,189,0,0,0,0
"8365",2023-01-30,1,0,3574,157,0,0,22.7741935483871,0,0,3574,157,0,0,0,0
"8366",2023-01-30,1,5,3552,156,0,0,22.7741935483871,0,0,3574,157,0,0,0,0
"8367",2023-01-30,1,10,3552,156,0,0,22.7741935483871,0,0,3574,157,0,0,0,0
"8368",2023-01-30,1,15,3552,156,0,0,22.7741935483871,0,0,3574,157,0,0,0,0
"8369",2023-01-30,1,20,3552,156,0,0,22.7741935483871,0,0,3574,157,0,0,0,0
"8370",2023-01-30,1,25,3552,156,0,0,22.7741935483871,0,0,3574,157,0,0,0,0
"8371",2023-01-30,1,30,3552,156,0,0,22.7741935483871,0,0,3574,157,0,0,0,0
"8372",2023-01-30,1,35,3552,156,0,0,22.7741935483871,0,0,3574,157,0,0,0,0
"8373",2023-01-30,1,40,3552,156,0,0,22.7741935483871,0,0,3574,157,0,0,0,0
"8374",2023-01-30,1,45,3552,156,0,0,22.7741935483871,0,0,3574,157,0,0,0,0
"8375",2023-01-30,1,50,3530,155,0,0,22.7741935483871,0,0,3574,157,0,0,0,0
"8376",2023-01-30,1,55,3530,155,0,0,22.7741935483871,0,0,3574,157,0,0,0,0
"8377",2023-01-30,2,0,3530,155,0,0,23.8525641025641,0,0,3732,157,0,0,0,0
"8378",2023-01-30,2,5,3552,156,0,0,23.8525641025641,0,0,3732,157,0,0,0,0
"8379",2023-01-30,2,10,3552,156,0,0,23.8525641025641,0,0,3732,157,0,0,0,0
"8380",2023-01-30,2,15,3732,157,0,0,23.8525641025641,0,0,3732,157,0,0,0,0
"8381",2023-01-30,2,20,3732,157,0,0,23.8525641025641,0,0,3732,157,0,0,0,0
"8382",2023-01-30,2,25,3721,156,0,0,23.8525641025641,0,0,3732,157,0,0,0,0
"8383",2023-01-30,2,30,3721,156,0,0,23.8525641025641,0,0,3732,157,0,0,0,0
"8384",2023-01-30,2,35,3721,156,0,0,23.8525641025641,0,0,3732,157,0,0,0,0
"8385",2023-01-30,2,40,3541,155,0,0,23.8525641025641,0,0,3732,157,0,0,0,0
"8386",2023-01-30,2,45,3541,155,0,0,23.8525641025641,0,0,3732,157,0,0,0,0
"8387",2023-01-30,2,50,3541,155,0,0,23.8525641025641,0,0,3732,157,0,0,0,0
"8388",2023-01-30,2,55,3400,149,0,0,23.8525641025641,0,0,3732,157,0,0,0,0
"8389",2023-01-30,3,0,3519,154,0,0,22.9281045751634,0,0,3530,154,0,0,0,0
"8390",2023-01-30,3,5,3519,154,0,0,22.9281045751634,0,0,3530,154,0,0,0,0
"8391",2023-01-30,3,10,3519,154,0,0,22.9281045751634,0,0,3530,154,0,0,0,0
"8392",2023-01-30,3,15,3508,153,0,0,22.9281045751634,0,0,3530,154,0,0,0,0
"8393",2023-01-30,3,20,3508,153,0,0,22.9281045751634,0,0,3530,154,0,0,0,0
"8394",2023-01-30,3,25,3508,153,0,0,22.9281045751634,0,0,3530,154,0,0,0,0
"8395",2023-01-30,3,30,3508,153,0,0,22.9281045751634,0,0,3530,154,0,0,0,0
"8396",2023-01-30,3,35,3508,153,0,0,22.9281045751634,0,0,3530,154,0,0,0,0
"8397",2023-01-30,3,40,3508,153,0,0,22.9281045751634,0,0,3530,154,0,0,0,0
"8398",2023-01-30,3,45,3508,153,0,0,22.9281045751634,0,0,3530,154,0,0,0,0
"8399",2023-01-30,3,50,3530,154,0,0,22.9281045751634,0,0,3530,154,0,0,0,0
"8400",2023-01-30,3,55,3530,154,0,0,22.9281045751634,0,0,3530,154,0,0,0,0
"8401",2023-01-30,4,0,3508,153,0,0,22.9342105263158,0,0,3508,153,0,0,0,0
"8402",2023-01-30,4,5,3508,153,0,0,22.9342105263158,0,0,3508,153,0,0,0,0
"8403",2023-01-30,4,10,3508,153,0,0,22.9342105263158,0,0,3508,153,0,0,0,0
"8404",2023-01-30,4,15,3508,153,0,0,22.9342105263158,0,0,3508,153,0,0,0,0
"8405",2023-01-30,4,20,3486,152,0,0,22.9342105263158,0,0,3508,153,0,0,0,0
"8406",2023-01-30,4,25,3486,152,0,0,22.9342105263158,0,0,3508,153,0,0,0,0
"8407",2023-01-30,4,30,3486,152,0,0,22.9342105263158,0,0,3508,153,0,0,0,0
"8408",2023-01-30,4,35,3486,152,0,0,22.9342105263158,0,0,3508,153,0,0,0,0
"8409",2023-01-30,4,40,3486,152,0,0,22.9342105263158,0,0,3508,153,0,0,0,0
"8410",2023-01-30,4,45,3486,152,0,0,22.9342105263158,0,0,3508,153,0,0,0,0
"8411",2023-01-30,4,50,3497,153,0,0,22.9342105263158,0,0,3508,153,0,0,0,0
"8412",2023-01-30,4,55,3497,153,0,0,22.9342105263158,0,0,3508,153,0,0,0,0
"8413",2023-01-30,5,0,3497,153,0,0,22.9403973509934,0,0,3497,153,0,0,0,0
"8414",2023-01-30,5,5,3475,152,0,0,22.9403973509934,0,0,3497,153,0,0,0,0
"8415",2023-01-30,5,10,3475,152,0,0,22.9403973509934,0,0,3497,153,0,0,0,0
"8416",2023-01-30,5,15,3464,151,0,0,22.9403973509934,0,0,3497,153,0,0,0,0
"8417",2023-01-30,5,20,3464,151,0,0,22.9403973509934,0,0,3497,153,0,0,0,0
"8418",2023-01-30,5,25,3464,151,0,0,22.9403973509934,0,0,3497,153,0,0,0,0
"8419",2023-01-30,5,30,3464,151,0,0,22.9403973509934,0,0,3497,153,0,0,0,0
"8420",2023-01-30,5,35,3464,151,0,0,22.9403973509934,0,0,3497,153,0,0,0,0
"8421",2023-01-30,5,40,3486,152,0,0,22.9403973509934,0,0,3497,153,0,0,0,0
"8422",2023-01-30,5,45,3486,152,0,0,22.9403973509934,0,0,3497,153,0,0,0,0
"8423",2023-01-30,5,50,3486,152,0,0,22.9403973509934,0,0,3497,153,0,0,0,0
"8424",2023-01-30,5,55,3486,152,0,0,22.9403973509934,0,0,3497,153,0,0,0,0
"8425",2023-01-30,6,0,3486,152,0,0,23.1677419354839,0,0,3591,155,0,0,0,0
"8426",2023-01-30,6,5,3508,153,0,0,23.1677419354839,0,0,3591,155,0,0,0,0
"8427",2023-01-30,6,10,3508,153,0,0,23.1677419354839,0,0,3591,155,0,0,0,0
"8428",2023-01-30,6,15,3508,153,0,0,23.1677419354839,0,0,3591,155,0,0,0,0
"8429",2023-01-30,6,20,3508,153,0,0,23.1677419354839,0,0,3591,155,0,0,0,0
"8430",2023-01-30,6,25,3508,153,0,0,23.1677419354839,0,0,3591,155,0,0,0,0
"8431",2023-01-30,6,30,3508,153,0,0,23.1677419354839,0,0,3591,155,0,0,0,0
"8432",2023-01-30,6,35,3508,153,0,0,23.1677419354839,0,0,3591,155,0,0,0,0
"8433",2023-01-30,6,40,3541,154,0,0,23.1677419354839,0,0,3591,155,0,0,0,0
"8434",2023-01-30,6,45,3541,154,0,0,23.1677419354839,0,0,3591,155,0,0,0,0
"8435",2023-01-30,6,50,3519,153,0,0,23.1677419354839,0,0,3591,155,0,0,0,0
"8436",2023-01-30,6,55,3591,155,0,0,23.1677419354839,0,0,3591,155,0,0,0,0
"8437",2023-01-30,7,0,3591,155,0,0,23.1677419354839,0,0,4434,195,0,0,0,0
"8438",2023-01-30,7,5,3519,154,0,0,23.1677419354839,0,0,4434,195,0,0,0,0
"8439",2023-01-30,7,10,3563,157,0,0,23.1677419354839,0,0,4434,195,0,0,0,0
"8440",2023-01-30,7,15,3585,158,0,0,23.1677419354839,0,0,4434,195,0,0,0,0
"8441",2023-01-30,7,20,3607,159,0,0,23.1677419354839,0,0,4434,195,0,0,0,0
"8442",2023-01-30,7,25,3695,163,0,0,23.1677419354839,0,0,4434,195,0,0,0,0
"8443",2023-01-30,7,30,3817,165,0,0,23.1677419354839,0,0,4434,195,0,0,0,0
"8444",2023-01-30,7,35,3938,171,0,0,23.1677419354839,0,0,4434,195,0,0,0,0
"8445",2023-01-30,7,40,4048,177,0,0,23.1677419354839,0,0,4434,195,0,0,0,0
"8446",2023-01-30,7,45,4225,183,0,0,23.1677419354839,0,0,4434,195,0,0,0,0
"8447",2023-01-30,7,50,4324,189,0,0,23.1677419354839,0,0,4434,195,0,0,0,0
"8448",2023-01-30,7,55,4434,195,0,0,23.1677419354839,0,0,4434,195,0,0,0,0
"8449",2023-01-30,8,0,4511,200,0,0,26.8449612403101,0,0,6926,262,0,0,0,0
"8450",2023-01-30,8,5,4608,205,0,0,26.8449612403101,0,0,6926,262,0,0,0,0
"8451",2023-01-30,8,10,4686,210,0,0,26.8449612403101,0,0,6926,262,0,0,0,0
"8452",2023-01-30,8,15,4894,215,0,0,26.8449612403101,0,0,6926,262,0,0,0,0
"8453",2023-01-30,8,20,5310,222,0,0,26.8449612403101,0,0,6926,262,0,0,0,0
"8454",2023-01-30,8,25,6012,233,0,0,26.8449612403101,0,0,6926,262,0,0,0,0
"8455",2023-01-30,8,30,6144,240,0,0,26.8449612403101,0,0,6926,262,0,0,0,0
"8456",2023-01-30,8,35,6291,240,0,0,26.8449612403101,0,0,6926,262,0,0,0,0
"8457",2023-01-30,8,40,6156,242,0,0,26.8449612403101,0,0,6926,262,0,0,0,0
"8458",2023-01-30,8,45,6356,248,0,0,26.8449612403101,0,0,6926,262,0,0,0,0
"8459",2023-01-30,8,50,6926,258,0,0,26.8449612403101,0,0,6926,262,0,0,0,0
"8460",2023-01-30,8,55,6886,262,0,0,26.8449612403101,0,0,6926,262,0,0,0,0
"8461",2023-01-30,9,0,7168,271,0,0,26.96875,0,0,7767,311,0,0,0,0
"8462",2023-01-30,9,5,7522,280,0,0,26.96875,0,0,7767,311,0,0,0,0
"8463",2023-01-30,9,10,7767,288,0,0,26.96875,0,0,7767,311,0,0,0,0
"8464",2023-01-30,9,15,7478,288,0,0,26.96875,0,0,7767,311,0,0,0,0
"8465",2023-01-30,9,20,7019,288,0,0,26.96875,0,0,7767,311,0,0,0,0
"8466",2023-01-30,9,25,6801,288,0,0,26.96875,0,0,7767,311,0,0,0,0
"8467",2023-01-30,9,30,6889,293,0,0,26.96875,0,0,7767,311,0,0,0,0
"8468",2023-01-30,9,35,6871,299,0,0,26.96875,0,0,7767,311,0,0,0,0
"8469",2023-01-30,9,40,7036,307,0,0,26.96875,0,0,7767,311,0,0,0,0
"8470",2023-01-30,9,45,6944,311,0,0,26.96875,0,0,7767,311,0,0,0,0
"8471",2023-01-30,9,50,6858,310,0,0,26.96875,0,0,7767,311,0,0,0,0
"8472",2023-01-30,9,55,6630,307,0,0,26.96875,0,0,7767,311,0,0,0,0
"8473",2023-01-30,10,0,7039,310,0,0,23.941717791411,0,0,7805,333,0,0,0,0
"8474",2023-01-30,10,5,7427,315,0,0,23.941717791411,0,0,7805,333,0,0,0,0
"8475",2023-01-30,10,10,7010,316,0,0,23.941717791411,0,0,7805,333,0,0,0,0
"8476",2023-01-30,10,15,7636,326,0,0,23.941717791411,0,0,7805,333,0,0,0,0
"8477",2023-01-30,10,20,7805,326,0,0,23.941717791411,0,0,7805,333,0,0,0,0
"8478",2023-01-30,10,25,7238,325,0,0,23.941717791411,0,0,7805,333,0,0,0,0
"8479",2023-01-30,10,30,7370,332,0,0,23.941717791411,0,0,7805,333,0,0,0,0
"8480",2023-01-30,10,35,7392,333,0,0,23.941717791411,0,0,7805,333,0,0,0,0
"8481",2023-01-30,10,40,7298,329,0,0,23.941717791411,0,0,7805,333,0,0,0,0
"8482",2023-01-30,10,45,6720,330,0,0,23.941717791411,0,0,7805,333,0,0,0,0
"8483",2023-01-30,10,50,6570,329,0,0,23.941717791411,0,0,7805,333,0,0,0,0
"8484",2023-01-30,10,55,6608,329,0,0,23.941717791411,0,0,7805,333,0,0,0,0
"8485",2023-01-30,11,0,6725,333,0,0,21.0290697674419,0,0,7234,344,0,0,0,0
"8486",2023-01-30,11,5,6834,333,0,0,21.0290697674419,0,0,7234,344,0,0,0,0
"8487",2023-01-30,11,10,6856,335,0,0,21.0290697674419,0,0,7234,344,0,0,0,0
"8488",2023-01-30,11,15,6938,337,0,0,21.0290697674419,0,0,7234,344,0,0,0,0
"8489",2023-01-30,11,20,6920,338,0,0,21.0290697674419,0,0,7234,344,0,0,0,0
"8490",2023-01-30,11,25,6958,341,0,0,21.0290697674419,0,0,7234,344,0,0,0,0
"8491",2023-01-30,11,30,6932,343,0,0,21.0290697674419,0,0,7234,344,0,0,0,0
"8492",2023-01-30,11,35,6954,344,0,0,21.0290697674419,0,0,7234,344,0,0,0,0
"8493",2023-01-30,11,40,7033,344,0,0,21.0290697674419,0,0,7234,344,0,0,0,0
"8494",2023-01-30,11,45,7103,343,0,0,21.0290697674419,0,0,7234,344,0,0,0,0
"8495",2023-01-30,11,50,7114,343,0,0,21.0290697674419,0,0,7234,344,0,0,0,0
"8496",2023-01-30,11,55,7234,344,0,0,21.0290697674419,0,0,7234,344,0,0,0,0
"8497",2023-01-30,12,0,7223,343,0,0,21.0583090379009,0,0,7223,344,0,0,0,0
"8498",2023-01-30,12,5,7070,340,0,0,21.0583090379009,0,0,7223,344,0,0,0,0
"8499",2023-01-30,12,10,7109,344,0,0,21.0583090379009,0,0,7223,344,0,0,0,0
"8500",2023-01-30,12,15,6983,339,0,0,21.0583090379009,0,0,7223,344,0,0,0,0
"8501",2023-01-30,12,20,6845,335,0,0,21.0583090379009,0,0,7223,344,0,0,0,0
"8502",2023-01-30,12,25,6834,333,0,0,21.0583090379009,0,0,7223,344,0,0,0,0
"8503",2023-01-30,12,30,6812,332,0,0,21.0583090379009,0,0,7223,344,0,0,0,0
"8504",2023-01-30,12,35,6812,331,0,0,21.0583090379009,0,0,7223,344,0,0,0,0
"8505",2023-01-30,12,40,6233,305,0,0,21.0583090379009,0,0,7223,344,0,0,0,0
"8506",2023-01-30,12,45,6233,305,0,0,21.0583090379009,0,0,7223,344,0,0,0,0
"8507",2023-01-30,12,50,6156,301,0,0,21.0583090379009,0,0,7223,344,0,0,0,0
"8508",2023-01-30,12,55,5888,295,0,0,21.0583090379009,0,0,7223,344,0,0,0,0
"8509",2023-01-30,13,0,5961,293,0,0,24.1452145214521,0,0,7360,305,0,0,0,0
"8510",2023-01-30,13,5,6015,293,0,0,24.1452145214521,0,0,7360,305,0,0,0,0
"8511",2023-01-30,13,10,5987,285,0,0,24.1452145214521,0,0,7360,305,0,0,0,0
"8512",2023-01-30,13,15,6278,280,0,0,24.1452145214521,0,0,7360,305,0,0,0,0
"8513",2023-01-30,13,20,6256,278,0,0,24.1452145214521,0,0,7360,305,0,0,0,0
"8514",2023-01-30,13,25,6278,279,0,0,24.1452145214521,0,0,7360,305,0,0,0,0
"8515",2023-01-30,13,30,6428,281,0,0,24.1452145214521,0,0,7360,305,0,0,0,0
"8516",2023-01-30,13,35,7088,304,0,0,24.1452145214521,0,0,7360,305,0,0,0,0
"8517",2023-01-30,13,40,7031,302,0,0,24.1452145214521,0,0,7360,305,0,0,0,0
"8518",2023-01-30,13,45,7249,301,0,0,24.1452145214521,0,0,7360,305,0,0,0,0
"8519",2023-01-30,13,50,7360,305,0,0,24.1452145214521,0,0,7360,305,0,0,0,0
"8520",2023-01-30,13,55,7316,303,0,0,24.1452145214521,0,0,7360,305,0,0,0,0
"8521",2023-01-30,14,0,7594,303,0,0,25.4353741496599,0,0,7594,305,0,0,0,0
"8522",2023-01-30,14,5,7550,301,0,0,25.4353741496599,0,0,7594,305,0,0,0,0
"8523",2023-01-30,14,10,7506,299,0,0,25.4353741496599,0,0,7594,305,0,0,0,0
"8524",2023-01-30,14,15,7478,294,0,0,25.4353741496599,0,0,7594,305,0,0,0,0
"8525",2023-01-30,14,20,7547,299,0,0,25.4353741496599,0,0,7594,305,0,0,0,0
"8526",2023-01-30,14,25,7034,299,0,0,25.4353741496599,0,0,7594,305,0,0,0,0
"8527",2023-01-30,14,30,6984,300,0,0,25.4353741496599,0,0,7594,305,0,0,0,0
"8528",2023-01-30,14,35,6954,301,0,0,25.4353741496599,0,0,7594,305,0,0,0,0
"8529",2023-01-30,14,40,7232,302,0,0,25.4353741496599,0,0,7594,305,0,0,0,0
"8530",2023-01-30,14,45,7060,302,0,0,25.4353741496599,0,0,7594,305,0,0,0,0
"8531",2023-01-30,14,50,7038,300,0,0,25.4353741496599,0,0,7594,305,0,0,0,0
"8532",2023-01-30,14,55,7486,305,0,0,25.4353741496599,0,0,7594,305,0,0,0,0
"8533",2023-01-30,15,0,7475,304,0,0,26.2129032258065,0,0,8126,310,0,0,0,0
"8534",2023-01-30,15,5,7628,307,0,0,26.2129032258065,0,0,8126,310,0,0,0,0
"8535",2023-01-30,15,10,7273,303,0,0,26.2129032258065,0,0,8126,310,0,0,0,0
"8536",2023-01-30,15,15,7732,305,0,0,26.2129032258065,0,0,8126,310,0,0,0,0
"8537",2023-01-30,15,20,8126,310,0,0,26.2129032258065,0,0,8126,310,0,0,0,0
"8538",2023-01-30,15,25,7811,302,0,0,26.2129032258065,0,0,8126,310,0,0,0,0
"8539",2023-01-30,15,30,7740,297,0,0,26.2129032258065,0,0,8126,310,0,0,0,0
"8540",2023-01-30,15,35,7530,296,0,0,26.2129032258065,0,0,8126,310,0,0,0,0
"8541",2023-01-30,15,40,7597,298,0,0,26.2129032258065,0,0,8126,310,0,0,0,0
"8542",2023-01-30,15,45,6992,302,0,0,26.2129032258065,0,0,8126,310,0,0,0,0
"8543",2023-01-30,15,50,7086,305,0,0,26.2129032258065,0,0,8126,310,0,0,0,0
"8544",2023-01-30,15,55,6690,303,0,0,26.2129032258065,0,0,8126,310,0,0,0,0
"8545",2023-01-30,16,0,6696,302,0,0,23.952861952862,0,0,7114,307,0,0,0,0
"8546",2023-01-30,16,5,6806,306,0,0,23.952861952862,0,0,7114,307,0,0,0,0
"8547",2023-01-30,16,10,6834,307,0,0,23.952861952862,0,0,7114,307,0,0,0,0
"8548",2023-01-30,16,15,6641,299,0,0,23.952861952862,0,0,7114,307,0,0,0,0
"8549",2023-01-30,16,20,6813,301,0,0,23.952861952862,0,0,7114,307,0,0,0,0
"8550",2023-01-30,16,25,6696,302,0,0,23.952861952862,0,0,7114,307,0,0,0,0
"8551",2023-01-30,16,30,6652,301,0,0,23.952861952862,0,0,7114,307,0,0,0,0
"8552",2023-01-30,16,35,6766,298,0,0,23.952861952862,0,0,7114,307,0,0,0,0
"8553",2023-01-30,16,40,6821,300,0,0,23.952861952862,0,0,7114,307,0,0,0,0
"8554",2023-01-30,16,45,6850,299,0,0,23.952861952862,0,0,7114,307,0,0,0,0
"8555",2023-01-30,16,50,7095,297,0,0,23.952861952862,0,0,7114,307,0,0,0,0
"8556",2023-01-30,16,55,7114,297,0,0,23.952861952862,0,0,7114,307,0,0,0,0
"8557",2023-01-30,17,0,7292,295,0,0,25.8737201365188,0,0,7581,297,0,0,0,0
"8558",2023-01-30,17,5,6895,289,0,0,25.8737201365188,0,0,7581,297,0,0,0,0
"8559",2023-01-30,17,10,6737,289,0,0,25.8737201365188,0,0,7581,297,0,0,0,0
"8560",2023-01-30,17,15,6934,290,0,0,25.8737201365188,0,0,7581,297,0,0,0,0
"8561",2023-01-30,17,20,6933,289,0,0,25.8737201365188,0,0,7581,297,0,0,0,0
"8562",2023-01-30,17,25,6843,289,0,0,25.8737201365188,0,0,7581,297,0,0,0,0
"8563",2023-01-30,17,30,6915,291,0,0,25.8737201365188,0,0,7581,297,0,0,0,0
"8564",2023-01-30,17,35,6943,292,0,0,25.8737201365188,0,0,7581,297,0,0,0,0
"8565",2023-01-30,17,40,7248,290,0,0,25.8737201365188,0,0,7581,297,0,0,0,0
"8566",2023-01-30,17,45,7581,293,0,0,25.8737201365188,0,0,7581,297,0,0,0,0
"8567",2023-01-30,17,50,7321,297,0,0,25.8737201365188,0,0,7581,297,0,0,0,0
"8568",2023-01-30,17,55,6889,289,0,0,25.8737201365188,0,0,7581,297,0,0,0,0
"8569",2023-01-30,18,0,3948,143,0,0,27.6083916083916,0,0,6819,271,0,0,0,0
"8570",2023-01-30,18,5,5960,271,0,0,27.6083916083916,0,0,6819,271,0,0,0,0
"8571",2023-01-30,18,10,6140,271,0,0,27.6083916083916,0,0,6819,271,0,0,0,0
"8572",2023-01-30,18,15,6125,268,0,0,27.6083916083916,0,0,6819,271,0,0,0,0
"8573",2023-01-30,18,20,6196,266,0,0,27.6083916083916,0,0,6819,271,0,0,0,0
"8574",2023-01-30,18,25,6390,266,0,0,27.6083916083916,0,0,6819,271,0,0,0,0
"8575",2023-01-30,18,30,6757,262,0,0,27.6083916083916,0,0,6819,271,0,0,0,0
"8576",2023-01-30,18,35,6819,263,0,0,27.6083916083916,0,0,6819,271,0,0,0,0
"8577",2023-01-30,18,40,6798,257,0,0,27.6083916083916,0,0,6819,271,0,0,0,0
"8578",2023-01-30,18,45,6627,248,0,0,27.6083916083916,0,0,6819,271,0,0,0,0
"8579",2023-01-30,18,50,6675,247,0,0,27.6083916083916,0,0,6819,271,0,0,0,0
"8580",2023-01-30,18,55,6207,247,0,0,27.6083916083916,0,0,6819,271,0,0,0,0
"8581",2023-01-30,19,0,6047,247,0,0,25.2844827586207,0,0,6047,247,0,0,0,0
"8582",2023-01-30,19,5,5885,245,0,0,25.2844827586207,0,0,6047,247,0,0,0,0
"8583",2023-01-30,19,10,5715,240,0,0,25.2844827586207,0,0,6047,247,0,0,0,0
"8584",2023-01-30,19,15,5688,241,0,0,25.2844827586207,0,0,6047,247,0,0,0,0
"8585",2023-01-30,19,20,5860,235,0,0,25.2844827586207,0,0,6047,247,0,0,0,0
"8586",2023-01-30,19,25,5893,237,0,0,25.2844827586207,0,0,6047,247,0,0,0,0
"8587",2023-01-30,19,30,5840,241,0,0,25.2844827586207,0,0,6047,247,0,0,0,0
"8588",2023-01-30,19,35,6029,241,0,0,25.2844827586207,0,0,6047,247,0,0,0,0
"8589",2023-01-30,19,40,5832,237,0,0,25.2844827586207,0,0,6047,247,0,0,0,0
"8590",2023-01-30,19,45,5741,234,0,0,25.2844827586207,0,0,6047,247,0,0,0,0
"8591",2023-01-30,19,50,5866,232,0,0,25.2844827586207,0,0,6047,247,0,0,0,0
"8592",2023-01-30,19,55,5790,230,0,0,25.2844827586207,0,0,6047,247,0,0,0,0
"8593",2023-01-30,20,0,5762,230,0,0,25.7260869565217,0,0,5917,230,0,0,0,0
"8594",2023-01-30,20,5,5740,229,0,0,25.7260869565217,0,0,5917,230,0,0,0,0
"8595",2023-01-30,20,10,5797,228,0,0,25.7260869565217,0,0,5917,230,0,0,0,0
"8596",2023-01-30,20,15,5698,223,0,0,25.7260869565217,0,0,5917,230,0,0,0,0
"8597",2023-01-30,20,20,5594,222,0,0,25.7260869565217,0,0,5917,230,0,0,0,0
"8598",2023-01-30,20,25,5709,225,0,0,25.7260869565217,0,0,5917,230,0,0,0,0
"8599",2023-01-30,20,30,5621,226,0,0,25.7260869565217,0,0,5917,230,0,0,0,0
"8600",2023-01-30,20,35,5845,229,0,0,25.7260869565217,0,0,5917,230,0,0,0,0
"8601",2023-01-30,20,40,5715,228,0,0,25.7260869565217,0,0,5917,230,0,0,0,0
"8602",2023-01-30,20,45,5917,230,0,0,25.7260869565217,0,0,5917,230,0,0,0,0
"8603",2023-01-30,20,50,5745,228,0,0,25.7260869565217,0,0,5917,230,0,0,0,0
"8604",2023-01-30,20,55,5637,224,0,0,25.7260869565217,0,0,5917,230,0,0,0,0
"8605",2023-01-30,21,0,5670,226,0,0,25.0884955752212,0,0,5727,230,0,0,0,0
"8606",2023-01-30,21,5,5659,226,0,0,25.0884955752212,0,0,5727,230,0,0,0,0
"8607",2023-01-30,21,15,5727,230,0,0,25.0884955752212,0,0,5727,230,0,0,0,0
"8608",2023-01-30,21,20,5528,229,0,0,25.0884955752212,0,0,5727,230,0,0,0,0
"8609",2023-01-30,21,25,5356,227,0,0,25.0884955752212,0,0,5727,230,0,0,0,0
"8610",2023-01-30,21,30,5268,222,0,0,25.0884955752212,0,0,5727,230,0,0,0,0
"8611",2023-01-30,21,35,5246,221,0,0,25.0884955752212,0,0,5727,230,0,0,0,0
"8612",2023-01-30,21,40,5308,217,0,0,25.0884955752212,0,0,5727,230,0,0,0,0
"8613",2023-01-30,21,45,5275,215,0,0,25.0884955752212,0,0,5727,230,0,0,0,0
"8614",2023-01-30,21,50,4976,210,0,0,25.0884955752212,0,0,5727,230,0,0,0,0
"8615",2023-01-30,21,55,4826,209,0,0,25.0884955752212,0,0,5727,230,0,0,0,0
"8616",2023-01-30,21,10,5648,226,0,0,25.0884955752212,0,0,5727,230,0,0,0,0
"8617",2023-01-30,22,0,4831,209,0,0,23.3505154639175,0,0,4831,209,0,0,0,0
"8618",2023-01-30,22,5,4732,204,0,0,23.3505154639175,0,0,4831,209,0,0,0,0
"8619",2023-01-30,22,10,4732,204,0,0,23.3505154639175,0,0,4831,209,0,0,0,0
"8620",2023-01-30,22,15,4715,203,0,0,23.3505154639175,0,0,4831,209,0,0,0,0
"8621",2023-01-30,22,20,4649,200,0,0,23.3505154639175,0,0,4831,209,0,0,0,0
"8622",2023-01-30,22,25,4629,199,0,0,23.3505154639175,0,0,4831,209,0,0,0,0
"8623",2023-01-30,22,30,4629,199,0,0,23.3505154639175,0,0,4831,209,0,0,0,0
"8624",2023-01-30,22,35,4563,196,0,0,23.3505154639175,0,0,4831,209,0,0,0,0
"8625",2023-01-30,22,40,4530,194,0,0,23.3505154639175,0,0,4831,209,0,0,0,0
"8626",2023-01-30,22,45,4563,196,0,0,23.3505154639175,0,0,4831,209,0,0,0,0
"8627",2023-01-30,22,50,4563,196,0,0,23.3505154639175,0,0,4831,209,0,0,0,0
"8628",2023-01-30,22,55,4607,198,0,0,23.3505154639175,0,0,4831,209,0,0,0,0
"8629",2023-01-30,23,0,4749,200,0,0,24.5867346938776,0,0,4863,200,0,0,0,0
"8630",2023-01-30,23,5,4705,199,0,0,24.5867346938776,0,0,4863,200,0,0,0,0
"8631",2023-01-30,23,10,4563,197,0,0,24.5867346938776,0,0,4863,200,0,0,0,0
"8632",2023-01-30,23,15,4863,198,0,0,24.5867346938776,0,0,4863,200,0,0,0,0
"8633",2023-01-30,23,20,4819,196,0,0,24.5867346938776,0,0,4863,200,0,0,0,0
"8634",2023-01-30,23,25,4669,196,0,0,24.5867346938776,0,0,4863,200,0,0,0,0
"8635",2023-01-30,23,30,4581,192,0,0,24.5867346938776,0,0,4863,200,0,0,0,0
"8636",2023-01-30,23,35,4701,193,0,0,24.5867346938776,0,0,4863,200,0,0,0,0
"8637",2023-01-30,23,40,4723,194,0,0,24.5867346938776,0,0,4863,200,0,0,0,0
"8638",2023-01-30,23,45,4690,192,0,0,24.5867346938776,0,0,4863,200,0,0,0,0
"8639",2023-01-30,23,50,4646,190,0,0,24.5867346938776,0,0,4863,200,0,0,0,0
"8640",2023-01-30,23,55,4696,191,0,0,24.5867346938776,0,0,4863,200,0,0,0,0
"8641",2023-01-31,0,0,2787,120,0,0,23.5929203539823,0,0,2787,120,0,0,0,0
"8642",2023-01-31,0,5,2787,120,0,0,23.5929203539823,0,0,2787,120,0,0,0,0
"8643",2023-01-31,0,10,2787,120,0,0,23.5929203539823,0,0,2787,120,0,0,0,0
"8644",2023-01-31,0,15,2765,119,0,0,23.5929203539823,0,0,2787,120,0,0,0,0
"8645",2023-01-31,0,20,2765,119,0,0,23.5929203539823,0,0,2787,120,0,0,0,0
"8646",2023-01-31,0,25,2765,119,0,0,23.5929203539823,0,0,2787,120,0,0,0,0
"8647",2023-01-31,0,30,2765,119,0,0,23.5929203539823,0,0,2787,120,0,0,0,0
"8648",2023-01-31,0,35,2677,114,0,0,23.5929203539823,0,0,2787,120,0,0,0,0
"8649",2023-01-31,0,45,2677,114,0,0,23.5929203539823,0,0,2787,120,0,0,0,0
"8650",2023-01-31,0,50,2677,114,0,0,23.5929203539823,0,0,2787,120,0,0,0,0
"8651",2023-01-31,0,55,2677,114,0,0,23.5929203539823,0,0,2787,120,0,0,0,0
"8652",2023-01-31,0,40,2666,113,0,0,23.5929203539823,0,0,2787,120,0,0,0,0
"8653",2023-01-31,1,0,4249,180,0,0,23.6608187134503,0,0,4249,180,0,0,0,0
"8654",2023-01-31,1,5,4249,180,0,0,23.6608187134503,0,0,4249,180,0,0,0,0
"8655",2023-01-31,1,10,4189,179,0,0,23.6608187134503,0,0,4249,180,0,0,0,0
"8656",2023-01-31,1,15,4189,178,0,0,23.6608187134503,0,0,4249,180,0,0,0,0
"8657",2023-01-31,1,20,4189,178,0,0,23.6608187134503,0,0,4249,180,0,0,0,0
"8658",2023-01-31,1,25,4145,176,0,0,23.6608187134503,0,0,4249,180,0,0,0,0
"8659",2023-01-31,1,30,4112,174,0,0,23.6608187134503,0,0,4249,180,0,0,0,0
"8660",2023-01-31,1,35,4112,174,0,0,23.6608187134503,0,0,4249,180,0,0,0,0
"8661",2023-01-31,1,40,4090,173,0,0,23.6608187134503,0,0,4249,180,0,0,0,0
"8662",2023-01-31,1,45,4068,172,0,0,23.6608187134503,0,0,4249,180,0,0,0,0
"8663",2023-01-31,1,50,4068,172,0,0,23.6608187134503,0,0,4249,180,0,0,0,0
"8664",2023-01-31,1,55,4046,171,0,0,23.6608187134503,0,0,4249,180,0,0,0,0
"8665",2023-01-31,2,0,4046,171,0,0,24.7586206896552,0,0,4352,176,0,0,0,0
"8666",2023-01-31,2,5,4112,174,0,0,24.7586206896552,0,0,4352,176,0,0,0,0
"8667",2023-01-31,2,10,4112,174,0,0,24.7586206896552,0,0,4352,176,0,0,0,0
"8668",2023-01-31,2,15,4292,175,0,0,24.7586206896552,0,0,4352,176,0,0,0,0
"8669",2023-01-31,2,20,4292,175,0,0,24.7586206896552,0,0,4352,176,0,0,0,0
"8670",2023-01-31,2,25,4352,176,0,0,24.7586206896552,0,0,4352,176,0,0,0,0
"8671",2023-01-31,2,30,4330,175,0,0,24.7586206896552,0,0,4352,176,0,0,0,0
"8672",2023-01-31,2,35,4330,175,0,0,24.7586206896552,0,0,4352,176,0,0,0,0
"8673",2023-01-31,2,40,4308,174,0,0,24.7586206896552,0,0,4352,176,0,0,0,0
"8674",2023-01-31,2,45,4095,171,0,0,24.7586206896552,0,0,4352,176,0,0,0,0
"8675",2023-01-31,2,50,4095,171,0,0,24.7586206896552,0,0,4352,176,0,0,0,0
"8676",2023-01-31,2,55,4095,171,0,0,24.7586206896552,0,0,4352,176,0,0,0,0
"8677",2023-01-31,3,0,4095,171,0,0,23.9588235294118,0,0,4095,171,0,0,0,0
"8678",2023-01-31,3,5,4095,171,0,0,23.9588235294118,0,0,4095,171,0,0,0,0
"8679",2023-01-31,3,10,4073,170,0,0,23.9588235294118,0,0,4095,171,0,0,0,0
"8680",2023-01-31,3,15,4073,170,0,0,23.9588235294118,0,0,4095,171,0,0,0,0
"8681",2023-01-31,3,20,4073,170,0,0,23.9588235294118,0,0,4095,171,0,0,0,0
"8682",2023-01-31,3,25,4013,169,0,0,23.9588235294118,0,0,4095,171,0,0,0,0
"8683",2023-01-31,3,30,4002,168,0,0,23.9588235294118,0,0,4095,171,0,0,0,0
"8684",2023-01-31,3,35,4002,168,0,0,23.9588235294118,0,0,4095,171,0,0,0,0
"8685",2023-01-31,3,40,4002,168,0,0,23.9588235294118,0,0,4095,171,0,0,0,0
"8686",2023-01-31,3,50,4002,168,0,0,23.9588235294118,0,0,4095,171,0,0,0,0
"8687",2023-01-31,3,55,4002,168,0,0,23.9588235294118,0,0,4095,171,0,0,0,0
"8688",2023-01-31,3,45,3991,167,0,0,23.9588235294118,0,0,4095,171,0,0,0,0
"8689",2023-01-31,4,0,4002,168,0,0,23.8323353293413,0,0,4002,168,0,0,0,0
"8690",2023-01-31,4,5,4002,168,0,0,23.8323353293413,0,0,4002,168,0,0,0,0
"8691",2023-01-31,4,10,4002,168,0,0,23.8323353293413,0,0,4002,168,0,0,0,0
"8692",2023-01-31,4,15,4002,168,0,0,23.8323353293413,0,0,4002,168,0,0,0,0
"8693",2023-01-31,4,20,4002,168,0,0,23.8323353293413,0,0,4002,168,0,0,0,0
"8694",2023-01-31,4,25,4002,168,0,0,23.8323353293413,0,0,4002,168,0,0,0,0
"8695",2023-01-31,4,30,4002,168,0,0,23.8323353293413,0,0,4002,168,0,0,0,0
"8696",2023-01-31,4,35,4002,168,0,0,23.8323353293413,0,0,4002,168,0,0,0,0
"8697",2023-01-31,4,40,4002,168,0,0,23.8323353293413,0,0,4002,168,0,0,0,0
"8698",2023-01-31,4,45,3980,167,0,0,23.8323353293413,0,0,4002,168,0,0,0,0
"8699",2023-01-31,4,50,3980,167,0,0,23.8323353293413,0,0,4002,168,0,0,0,0
"8700",2023-01-31,4,55,3980,167,0,0,23.8323353293413,0,0,4002,168,0,0,0,0
"8701",2023-01-31,5,0,3980,167,0,0,23.8545454545455,0,0,3980,167,0,0,0,0
"8702",2023-01-31,5,5,3980,167,0,0,23.8545454545455,0,0,3980,167,0,0,0,0
"8703",2023-01-31,5,10,3980,167,0,0,23.8545454545455,0,0,3980,167,0,0,0,0
"8704",2023-01-31,5,15,3958,166,0,0,23.8545454545455,0,0,3980,167,0,0,0,0
"8705",2023-01-31,5,20,3958,166,0,0,23.8545454545455,0,0,3980,167,0,0,0,0
"8706",2023-01-31,5,25,3958,166,0,0,23.8545454545455,0,0,3980,167,0,0,0,0
"8707",2023-01-31,5,30,3936,165,0,0,23.8545454545455,0,0,3980,167,0,0,0,0
"8708",2023-01-31,5,35,3936,165,0,0,23.8545454545455,0,0,3980,167,0,0,0,0
"8709",2023-01-31,5,40,3936,165,0,0,23.8545454545455,0,0,3980,167,0,0,0,0
"8710",2023-01-31,5,45,3936,165,0,0,23.8545454545455,0,0,3980,167,0,0,0,0
"8711",2023-01-31,5,50,3936,165,0,0,23.8545454545455,0,0,3980,167,0,0,0,0
"8712",2023-01-31,5,55,3936,165,0,0,23.8545454545455,0,0,3980,167,0,0,0,0
"8713",2023-01-31,6,0,3936,165,0,0,23.8888888888889,0,0,3936,165,0,0,0,0
"8714",2023-01-31,6,5,3936,165,0,0,23.8888888888889,0,0,3936,165,0,0,0,0
"8715",2023-01-31,6,10,3936,165,0,0,23.8888888888889,0,0,3936,165,0,0,0,0
"8716",2023-01-31,6,15,3892,163,0,0,23.8888888888889,0,0,3936,165,0,0,0,0
"8717",2023-01-31,6,20,3892,163,0,0,23.8888888888889,0,0,3936,165,0,0,0,0
"8718",2023-01-31,6,25,3892,163,0,0,23.8888888888889,0,0,3936,165,0,0,0,0
"8719",2023-01-31,6,30,3870,162,0,0,23.8888888888889,0,0,3936,165,0,0,0,0
"8720",2023-01-31,6,35,3870,162,0,0,23.8888888888889,0,0,3936,165,0,0,0,0
"8721",2023-01-31,6,40,3892,163,0,0,23.8888888888889,0,0,3936,165,0,0,0,0
"8722",2023-01-31,6,45,3936,165,0,0,23.8888888888889,0,0,3936,165,0,0,0,0
"8723",2023-01-31,6,50,3892,163,0,0,23.8888888888889,0,0,3936,165,0,0,0,0
"8724",2023-01-31,6,55,3914,164,0,0,23.8888888888889,0,0,3936,165,0,0,0,0
"8725",2023-01-31,7,0,3936,165,0,0,24.955,0,0,4991,202,0,0,0,0
"8726",2023-01-31,7,5,3925,165,0,0,24.955,0,0,4991,202,0,0,0,0
"8727",2023-01-31,7,10,3947,165,0,0,24.955,0,0,4991,202,0,0,0,0
"8728",2023-01-31,7,15,4013,169,0,0,24.955,0,0,4991,202,0,0,0,0
"8729",2023-01-31,7,20,4155,171,0,0,24.955,0,0,4991,202,0,0,0,0
"8730",2023-01-31,7,25,4144,171,0,0,24.955,0,0,4991,202,0,0,0,0
"8731",2023-01-31,7,30,4166,173,0,0,24.955,0,0,4991,202,0,0,0,0
"8732",2023-01-31,7,35,4243,177,0,0,24.955,0,0,4991,202,0,0,0,0
"8733",2023-01-31,7,40,4320,182,0,0,24.955,0,0,4991,202,0,0,0,0
"8734",2023-01-31,7,45,4529,189,0,0,24.955,0,0,4991,202,0,0,0,0
"8735",2023-01-31,7,50,4991,200,0,0,24.955,0,0,4991,202,0,0,0,0
"8736",2023-01-31,7,55,4986,202,0,0,24.955,0,0,4991,202,0,0,0,0
"8737",2023-01-31,8,0,4896,209,0,0,23.9906542056075,0,0,5418,236,0,0,0,0
"8738",2023-01-31,8,5,4874,207,0,0,23.9906542056075,0,0,5418,236,0,0,0,0
"8739",2023-01-31,8,10,5156,215,0,0,23.9906542056075,0,0,5418,236,0,0,0,0
"8740",2023-01-31,8,15,5134,214,0,0,23.9906542056075,0,0,5418,236,0,0,0,0
"8741",2023-01-31,8,20,5156,217,0,0,23.9906542056075,0,0,5418,236,0,0,0,0
"8742",2023-01-31,8,25,4785,217,0,0,23.9906542056075,0,0,5418,236,0,0,0,0
"8743",2023-01-31,8,30,5034,221,0,0,23.9906542056075,0,0,5418,236,0,0,0,0
"8744",2023-01-31,8,35,5056,222,0,0,23.9906542056075,0,0,5418,236,0,0,0,0
"8745",2023-01-31,8,40,5144,229,0,0,23.9906542056075,0,0,5418,236,0,0,0,0
"8746",2023-01-31,8,45,5407,233,0,0,23.9906542056075,0,0,5418,236,0,0,0,0
"8747",2023-01-31,8,50,5418,234,0,0,23.9906542056075,0,0,5418,236,0,0,0,0
"8748",2023-01-31,8,55,5271,236,0,0,23.9906542056075,0,0,5418,236,0,0,0,0
"8749",2023-01-31,9,0,5594,244,0,0,22.9262295081967,0,0,6645,297,0,0,0,0
"8750",2023-01-31,9,5,5507,246,0,0,22.9262295081967,0,0,6645,297,0,0,0,0
"8751",2023-01-31,9,10,5606,253,0,0,22.9262295081967,0,0,6645,297,0,0,0,0
"8752",2023-01-31,9,15,5542,261,0,0,22.9262295081967,0,0,6645,297,0,0,0,0
"8753",2023-01-31,9,20,5641,267,0,0,22.9262295081967,0,0,6645,297,0,0,0,0
"8754",2023-01-31,9,25,5890,274,0,0,22.9262295081967,0,0,6645,297,0,0,0,0
"8755",2023-01-31,9,30,6122,281,0,0,22.9262295081967,0,0,6645,297,0,0,0,0
"8756",2023-01-31,9,35,6166,283,0,0,22.9262295081967,0,0,6645,297,0,0,0,0
"8757",2023-01-31,9,40,6429,292,0,0,22.9262295081967,0,0,6645,297,0,0,0,0
"8758",2023-01-31,9,45,6473,295,0,0,22.9262295081967,0,0,6645,297,0,0,0,0
"8759",2023-01-31,9,50,6645,297,0,0,22.9262295081967,0,0,6645,297,0,0,0,0
"8760",2023-01-31,9,55,6329,297,0,0,22.9262295081967,0,0,6645,297,0,0,0,0
"8761",2023-01-31,10,0,6273,297,0,0,21.1212121212121,0,0,6409,306,0,0,0,0
"8762",2023-01-31,10,5,6273,297,0,0,21.1212121212121,0,0,6409,306,0,0,0,0
"8763",2023-01-31,10,10,6079,294,0,0,21.1212121212121,0,0,6409,306,0,0,0,0
"8764",2023-01-31,10,15,6095,296,0,0,21.1212121212121,0,0,6409,306,0,0,0,0
"8765",2023-01-31,10,20,6183,299,0,0,21.1212121212121,0,0,6409,306,0,0,0,0
"8766",2023-01-31,10,25,6223,303,0,0,21.1212121212121,0,0,6409,306,0,0,0,0
"8767",2023-01-31,10,30,6235,304,0,0,21.1212121212121,0,0,6409,306,0,0,0,0
"8768",2023-01-31,10,35,6107,304,0,0,21.1212121212121,0,0,6409,306,0,0,0,0
"8769",2023-01-31,10,40,6279,305,0,0,21.1212121212121,0,0,6409,306,0,0,0,0
"8770",2023-01-31,10,45,6162,306,0,0,21.1212121212121,0,0,6409,306,0,0,0,0
"8771",2023-01-31,10,50,6168,304,0,0,21.1212121212121,0,0,6409,306,0,0,0,0
"8772",2023-01-31,10,55,6409,306,0,0,21.1212121212121,0,0,6409,306,0,0,0,0
"8773",2023-01-31,11,0,6306,309,0,0,23.2169811320755,0,0,7405,320,0,0,0,0
"8774",2023-01-31,11,5,6278,308,0,0,23.2169811320755,0,0,7405,320,0,0,0,0
"8775",2023-01-31,11,10,6267,308,0,0,23.2169811320755,0,0,7405,320,0,0,0,0
"8776",2023-01-31,11,15,6267,308,0,0,23.2169811320755,0,0,7405,320,0,0,0,0
"8777",2023-01-31,11,20,6528,310,0,0,23.2169811320755,0,0,7405,320,0,0,0,0
"8778",2023-01-31,11,25,6670,312,0,0,23.2169811320755,0,0,7405,320,0,0,0,0
"8779",2023-01-31,11,30,7375,320,0,0,23.2169811320755,0,0,7405,320,0,0,0,0
"8780",2023-01-31,11,35,7405,319,0,0,23.2169811320755,0,0,7405,320,0,0,0,0
"8781",2023-01-31,11,40,7383,318,0,0,23.2169811320755,0,0,7405,320,0,0,0,0
"8782",2023-01-31,11,45,7156,313,0,0,23.2169811320755,0,0,7405,320,0,0,0,0
"8783",2023-01-31,11,50,6922,315,0,0,23.2169811320755,0,0,7405,320,0,0,0,0
"8784",2023-01-31,11,55,6995,317,0,0,23.2169811320755,0,0,7405,320,0,0,0,0
"8785",2023-01-31,12,0,7083,320,0,0,22.1875,0,0,7100,320,0,0,0,0
"8786",2023-01-31,12,5,7100,320,0,0,22.1875,0,0,7100,320,0,0,0,0
"8787",2023-01-31,12,10,6706,316,0,0,22.1875,0,0,7100,320,0,0,0,0
"8788",2023-01-31,12,15,6673,315,0,0,22.1875,0,0,7100,320,0,0,0,0
"8789",2023-01-31,12,20,6738,313,0,0,22.1875,0,0,7100,320,0,0,0,0
"8790",2023-01-31,12,25,6760,314,0,0,22.1875,0,0,7100,320,0,0,0,0
"8791",2023-01-31,12,30,6460,312,0,0,22.1875,0,0,7100,320,0,0,0,0
"8792",2023-01-31,12,35,6394,308,0,0,22.1875,0,0,7100,320,0,0,0,0
"8793",2023-01-31,12,40,6289,304,0,0,22.1875,0,0,7100,320,0,0,0,0
"8794",2023-01-31,12,45,6229,299,0,0,22.1875,0,0,7100,320,0,0,0,0
"8795",2023-01-31,12,50,6326,297,0,0,22.1875,0,0,7100,320,0,0,0,0
"8796",2023-01-31,12,55,6310,291,0,0,22.1875,0,0,7100,320,0,0,0,0
"8797",2023-01-31,13,0,6205,286,0,0,22.3118279569892,0,0,6225,286,0,0,0,0
"8798",2023-01-31,13,5,6095,280,0,0,22.3118279569892,0,0,6225,286,0,0,0,0
"8799",2023-01-31,13,10,5915,278,0,0,22.3118279569892,0,0,6225,286,0,0,0,0
"8800",2023-01-31,13,15,5964,279,0,0,22.3118279569892,0,0,6225,286,0,0,0,0
"8801",2023-01-31,13,20,5953,278,0,0,22.3118279569892,0,0,6225,286,0,0,0,0
"8802",2023-01-31,13,25,6225,279,0,0,22.3118279569892,0,0,6225,286,0,0,0,0
"8803",2023-01-31,13,30,6214,279,0,0,22.3118279569892,0,0,6225,286,0,0,0,0
"8804",2023-01-31,13,35,6170,278,0,0,22.3118279569892,0,0,6225,286,0,0,0,0
"8805",2023-01-31,13,40,6014,274,0,0,22.3118279569892,0,0,6225,286,0,0,0,0
"8806",2023-01-31,13,45,5774,273,0,0,22.3118279569892,0,0,6225,286,0,0,0,0
"8807",2023-01-31,13,50,5704,274,0,0,22.3118279569892,0,0,6225,286,0,0,0,0
"8808",2023-01-31,13,55,5693,273,0,0,22.3118279569892,0,0,6225,286,0,0,0,0
"8809",2023-01-31,14,0,5655,272,0,0,22.2253521126761,0,0,6312,285,0,0,0,0
"8810",2023-01-31,14,5,5830,276,0,0,22.2253521126761,0,0,6312,285,0,0,0,0
"8811",2023-01-31,14,10,5995,281,0,0,22.2253521126761,0,0,6312,285,0,0,0,0
"8812",2023-01-31,14,15,6179,279,0,0,22.2253521126761,0,0,6312,285,0,0,0,0
"8813",2023-01-31,14,20,6245,282,0,0,22.2253521126761,0,0,6312,285,0,0,0,0
"8814",2023-01-31,14,25,6157,279,0,0,22.2253521126761,0,0,6312,285,0,0,0,0
"8815",2023-01-31,14,30,6098,282,0,0,22.2253521126761,0,0,6312,285,0,0,0,0
"8816",2023-01-31,14,35,6070,283,0,0,22.2253521126761,0,0,6312,285,0,0,0,0
"8817",2023-01-31,14,40,6300,284,0,0,22.2253521126761,0,0,6312,285,0,0,0,0
"8818",2023-01-31,14,45,6312,284,0,0,22.2253521126761,0,0,6312,285,0,0,0,0
"8819",2023-01-31,14,50,6067,282,0,0,22.2253521126761,0,0,6312,285,0,0,0,0
"8820",2023-01-31,14,55,6133,285,0,0,22.2253521126761,0,0,6312,285,0,0,0,0
"8821",2023-01-31,15,0,6063,285,0,0,26.4617940199336,0,0,7965,301,0,0,0,0
"8822",2023-01-31,15,5,6108,289,0,0,26.4617940199336,0,0,7965,301,0,0,0,0
"8823",2023-01-31,15,10,6335,295,0,0,26.4617940199336,0,0,7965,301,0,0,0,0
"8824",2023-01-31,15,15,6570,299,0,0,26.4617940199336,0,0,7965,301,0,0,0,0
"8825",2023-01-31,15,20,7496,301,0,0,26.4617940199336,0,0,7965,301,0,0,0,0
"8826",2023-01-31,15,25,7965,301,0,0,26.4617940199336,0,0,7965,301,0,0,0,0
"8827",2023-01-31,15,30,6407,267,0,0,26.4617940199336,0,0,7965,301,0,0,0,0
"8828",2023-01-31,15,40,6409,275,0,0,26.4617940199336,0,0,7965,301,0,0,0,0
"8829",2023-01-31,15,45,4609,189,0,0,26.4617940199336,0,0,7965,301,0,0,0,0
"8830",2023-01-31,15,50,4609,189,0,0,26.4617940199336,0,0,7965,301,0,0,0,0
"8831",2023-01-31,15,55,4629,190,0,0,26.4617940199336,0,0,7965,301,0,0,0,0
"8832",2023-01-31,15,35,6206,271,0,0,26.4617940199336,0,0,7965,301,0,0,0,0
"8833",2023-01-31,16,0,4640,190,0,0,27.3959731543624,0,0,5196,193,0,0,0,0
"8834",2023-01-31,16,5,4962,192,0,0,27.3959731543624,0,0,5196,193,0,0,0,0
"8835",2023-01-31,16,10,4984,193,0,0,27.3959731543624,0,0,5196,193,0,0,0,0
"8836",2023-01-31,16,15,5196,190,0,0,27.3959731543624,0,0,5196,193,0,0,0,0
"8837",2023-01-31,16,20,4885,189,0,0,27.3959731543624,0,0,5196,193,0,0,0,0
"8838",2023-01-31,16,25,4104,150,0,0,27.3959731543624,0,0,5196,193,0,0,0,0
"8839",2023-01-31,16,30,4082,149,0,0,27.3959731543624,0,0,5196,193,0,0,0,0
"8840",2023-01-31,16,35,3705,149,0,0,27.3959731543624,0,0,5196,193,0,0,0,0
"8841",2023-01-31,16,40,3655,148,0,0,27.3959731543624,0,0,5196,193,0,0,0,0
"8842",2023-01-31,16,45,3655,148,0,0,27.3959731543624,0,0,5196,193,0,0,0,0
"8843",2023-01-31,16,50,3655,148,0,0,27.3959731543624,0,0,5196,193,0,0,0,0
"8844",2023-01-31,16,55,3383,147,0,0,27.3959731543624,0,0,5196,193,0,0,0,0
"8845",2023-01-31,17,0,3361,146,0,0,28.9,0,0,4046,146,0,0,0,0
"8846",2023-01-31,17,5,3317,144,0,0,28.9,0,0,4046,146,0,0,0,0
"8847",2023-01-31,17,10,3295,143,0,0,28.9,0,0,4046,146,0,0,0,0
"8848",2023-01-31,17,15,3273,142,0,0,28.9,0,0,4046,146,0,0,0,0
"8849",2023-01-31,17,20,3201,140,0,0,28.9,0,0,4046,146,0,0,0,0
"8850",2023-01-31,17,25,3229,140,0,0,28.9,0,0,4046,146,0,0,0,0
"8851",2023-01-31,17,30,3251,141,0,0,28.9,0,0,4046,146,0,0,0,0
"8852",2023-01-31,17,35,3273,142,0,0,28.9,0,0,4046,146,0,0,0,0
"8853",2023-01-31,17,40,3801,142,0,0,28.9,0,0,4046,146,0,0,0,0
"8854",2023-01-31,17,45,3801,142,0,0,28.9,0,0,4046,146,0,0,0,0
"8855",2023-01-31,17,50,4046,140,0,0,28.9,0,0,4046,146,0,0,0,0
"8856",2023-01-31,17,55,3757,140,0,0,28.9,0,0,4046,146,0,0,0,0
"8857",2023-01-31,18,0,3777,141,0,0,26.7872340425532,0,0,3777,141,0,0,0,0
"8858",2023-01-31,18,5,3705,139,0,0,26.7872340425532,0,0,3777,141,0,0,0,0
"8859",2023-01-31,18,10,3705,139,0,0,26.7872340425532,0,0,3777,141,0,0,0,0
"8860",2023-01-31,18,15,3466,140,0,0,26.7872340425532,0,0,3777,141,0,0,0,0
"8861",2023-01-31,18,20,3488,141,0,0,26.7872340425532,0,0,3777,141,0,0,0,0
"8862",2023-01-31,18,25,3210,141,0,0,26.7872340425532,0,0,3777,141,0,0,0,0
"8863",2023-01-31,18,30,3477,140,0,0,26.7872340425532,0,0,3777,141,0,0,0,0
"8864",2023-01-31,18,35,3499,141,0,0,26.7872340425532,0,0,3777,141,0,0,0,0
"8865",2023-01-31,18,40,3471,141,0,0,26.7872340425532,0,0,3777,141,0,0,0,0
"8866",2023-01-31,18,45,3469,141,0,0,26.7872340425532,0,0,3777,141,0,0,0,0
"8867",2023-01-31,18,50,3425,139,0,0,26.7872340425532,0,0,3777,141,0,0,0,0
"8868",2023-01-31,18,55,3425,139,0,0,26.7872340425532,0,0,3777,141,0,0,0,0
"8869",2023-01-31,19,0,3447,140,0,0,25.8195488721805,0,0,3500,140,0,0,0,0
"8870",2023-01-31,19,5,3136,138,0,0,25.8195488721805,0,0,3500,140,0,0,0,0
"8871",2023-01-31,19,10,3075,135,0,0,25.8195488721805,0,0,3500,140,0,0,0,0
"8872",2023-01-31,19,15,3097,136,0,0,25.8195488721805,0,0,3500,140,0,0,0,0
"8873",2023-01-31,19,20,3182,137,0,0,25.8195488721805,0,0,3500,140,0,0,0,0
"8874",2023-01-31,19,25,3498,136,0,0,25.8195488721805,0,0,3500,140,0,0,0,0
"8875",2023-01-31,19,30,3500,136,0,0,25.8195488721805,0,0,3500,140,0,0,0,0
"8876",2023-01-31,19,35,3434,133,0,0,25.8195488721805,0,0,3500,140,0,0,0,0
"8877",2023-01-31,19,40,3344,132,0,0,25.8195488721805,0,0,3500,140,0,0,0,0
"8878",2023-01-31,19,45,3342,132,0,0,25.8195488721805,0,0,3500,140,0,0,0,0
"8879",2023-01-31,19,50,3276,129,0,0,25.8195488721805,0,0,3500,140,0,0,0,0
"8880",2023-01-31,19,55,2916,128,0,0,25.8195488721805,0,0,3500,140,0,0,0,0
"8881",2023-01-31,20,55,2964,129,0,0,27.1515151515152,0,0,3584,133,0,0,0,0
"8882",2023-01-31,20,0,2984,131,0,0,27.1515151515152,0,0,3584,133,0,0,0,0
"8883",2023-01-31,20,5,3028,133,0,0,27.1515151515152,0,0,3584,133,0,0,0,0
"8884",2023-01-31,20,10,3039,133,0,0,27.1515151515152,0,0,3584,133,0,0,0,0
"8885",2023-01-31,20,15,3317,133,0,0,27.1515151515152,0,0,3584,133,0,0,0,0
"8886",2023-01-31,20,20,3284,131,0,0,27.1515151515152,0,0,3584,133,0,0,0,0
"8887",2023-01-31,20,25,3584,132,0,0,27.1515151515152,0,0,3584,133,0,0,0,0
"8888",2023-01-31,20,30,3284,131,0,0,27.1515151515152,0,0,3584,133,0,0,0,0
"8889",2023-01-31,20,35,3262,130,0,0,27.1515151515152,0,0,3584,133,0,0,0,0
"8890",2023-01-31,20,40,3262,130,0,0,27.1515151515152,0,0,3584,133,0,0,0,0
"8891",2023-01-31,20,45,3264,130,0,0,27.1515151515152,0,0,3584,133,0,0,0,0
"8892",2023-01-31,20,50,2964,129,0,0,27.1515151515152,0,0,3584,133,0,0,0,0
"8893",2023-01-31,21,0,2975,130,0,0,22.8846153846154,0,0,2986,131,0,0,0,0
"8894",2023-01-31,21,5,2986,131,0,0,22.8846153846154,0,0,2986,131,0,0,0,0
"8895",2023-01-31,21,10,2920,128,0,0,22.8846153846154,0,0,2986,131,0,0,0,0
"8896",2023-01-31,21,15,2920,128,0,0,22.8846153846154,0,0,2986,131,0,0,0,0
"8897",2023-01-31,21,20,2898,127,0,0,22.8846153846154,0,0,2986,131,0,0,0,0
"8898",2023-01-31,21,25,2876,126,0,0,22.8846153846154,0,0,2986,131,0,0,0,0
"8899",2023-01-31,21,30,2876,126,0,0,22.8846153846154,0,0,2986,131,0,0,0,0
"8900",2023-01-31,21,35,2876,126,0,0,22.8846153846154,0,0,2986,131,0,0,0,0
"8901",2023-01-31,21,40,2876,126,0,0,22.8846153846154,0,0,2986,131,0,0,0,0
"8902",2023-01-31,21,45,2876,126,0,0,22.8846153846154,0,0,2986,131,0,0,0,0
"8903",2023-01-31,21,50,2876,126,0,0,22.8846153846154,0,0,2986,131,0,0,0,0
"8904",2023-01-31,21,55,2832,124,0,0,22.8846153846154,0,0,2986,131,0,0,0,0
"8905",2023-01-31,22,0,2832,124,0,0,23.1512605042017,0,0,2832,124,0,0,0,0
"8906",2023-01-31,22,10,2788,122,0,0,23.1512605042017,0,0,2832,124,0,0,0,0
"8907",2023-01-31,22,15,2788,122,0,0,23.1512605042017,0,0,2832,124,0,0,0,0
"8908",2023-01-31,22,20,2777,121,0,0,23.1512605042017,0,0,2832,124,0,0,0,0
"8909",2023-01-31,22,25,2777,121,0,0,23.1512605042017,0,0,2832,124,0,0,0,0
"8910",2023-01-31,22,30,2777,121,0,0,23.1512605042017,0,0,2832,124,0,0,0,0
"8911",2023-01-31,22,35,2787,121,0,0,23.1512605042017,0,0,2832,124,0,0,0,0
"8912",2023-01-31,22,40,2831,123,0,0,23.1512605042017,0,0,2832,124,0,0,0,0
"8913",2023-01-31,22,45,2809,122,0,0,23.1512605042017,0,0,2832,124,0,0,0,0
"8914",2023-01-31,22,50,2809,122,0,0,23.1512605042017,0,0,2832,124,0,0,0,0
"8915",2023-01-31,22,55,2809,122,0,0,23.1512605042017,0,0,2832,124,0,0,0,0
"8916",2023-01-31,22,5,2755,119,0,0,23.1512605042017,0,0,2832,124,0,0,0,0
"8917",2023-01-31,23,0,2853,124,0,0,25.483606557377,0,0,3142,124,0,0,0,0
"8918",2023-01-31,23,5,2853,124,0,0,25.483606557377,0,0,3142,124,0,0,0,0
"8919",2023-01-31,23,10,2842,123,0,0,25.483606557377,0,0,3142,124,0,0,0,0
"8920",2023-01-31,23,15,2842,123,0,0,25.483606557377,0,0,3142,124,0,0,0,0
"8921",2023-01-31,23,20,3142,124,0,0,25.483606557377,0,0,3142,124,0,0,0,0
"8922",2023-01-31,23,25,3109,122,0,0,25.483606557377,0,0,3142,124,0,0,0,0
"8923",2023-01-31,23,30,3109,122,0,0,25.483606557377,0,0,3142,124,0,0,0,0
"8924",2023-01-31,23,35,2809,121,0,0,25.483606557377,0,0,3142,124,0,0,0,0
"8925",2023-01-31,23,40,2809,121,0,0,25.483606557377,0,0,3142,124,0,0,0,0
"8926",2023-01-31,23,45,2809,121,0,0,25.483606557377,0,0,3142,124,0,0,0,0
"8927",2023-01-31,23,50,2787,120,0,0,25.483606557377,0,0,3142,124,0,0,0,0
"8928",2023-01-31,23,55,2722,117,0,0,25.483606557377,0,0,3142,124,0,0,0,0
