"","date","hour","minute","total_load","count_occ","NA_sum","pct_NA_points","mean_EVSE","mean_imputed","pct_imputed","max_load","max_occ","max_pct_NA_pts","NA_max","max_imputed","max_pct_imputed"
"1",2023-03-01,0,0,3607,161,0,0,22.4037267080745,0,0,3618,162,0,0,0,0
"2",2023-03-01,0,5,3607,161,0,0,22.4037267080745,0,0,3618,162,0,0,0,0
"3",2023-03-01,0,10,3618,162,0,0,22.4037267080745,0,0,3618,162,0,0,0,0
"4",2023-03-01,0,15,3618,162,0,0,22.4037267080745,0,0,3618,162,0,0,0,0
"5",2023-03-01,0,20,3596,161,0,0,22.4037267080745,0,0,3618,162,0,0,0,0
"6",2023-03-01,0,25,3596,161,0,0,22.4037267080745,0,0,3618,162,0,0,0,0
"7",2023-03-01,0,30,3596,161,0,0,22.4037267080745,0,0,3618,162,0,0,0,0
"8",2023-03-01,0,35,3574,160,0,0,22.4037267080745,0,0,3618,162,0,0,0,0
"9",2023-03-01,0,40,3574,160,0,0,22.4037267080745,0,0,3618,162,0,0,0,0
"10",2023-03-01,0,45,3574,160,0,0,22.4037267080745,0,0,3618,162,0,0,0,0
"11",2023-03-01,0,50,3574,160,0,0,22.4037267080745,0,0,3618,162,0,0,0,0
"12",2023-03-01,0,55,3574,160,0,0,22.4037267080745,0,0,3618,162,0,0,0,0
"13",2023-03-01,1,0,3618,163,0,0,22.3658536585366,0,0,3679,165,0,0,0,0
"14",2023-03-01,1,5,3618,163,0,0,22.3658536585366,0,0,3679,165,0,0,0,0
"15",2023-03-01,1,10,3668,164,0,0,22.3658536585366,0,0,3679,165,0,0,0,0
"16",2023-03-01,1,15,3668,164,0,0,22.3658536585366,0,0,3679,165,0,0,0,0
"17",2023-03-01,1,20,3668,164,0,0,22.3658536585366,0,0,3679,165,0,0,0,0
"18",2023-03-01,1,25,3679,165,0,0,22.3658536585366,0,0,3679,165,0,0,0,0
"19",2023-03-01,1,30,3679,165,0,0,22.3658536585366,0,0,3679,165,0,0,0,0
"20",2023-03-01,1,35,3629,164,0,0,22.3658536585366,0,0,3679,165,0,0,0,0
"21",2023-03-01,1,40,3629,164,0,0,22.3658536585366,0,0,3679,165,0,0,0,0
"22",2023-03-01,1,45,3629,164,0,0,22.3658536585366,0,0,3679,165,0,0,0,0
"23",2023-03-01,1,50,3629,164,0,0,22.3658536585366,0,0,3679,165,0,0,0,0
"24",2023-03-01,1,55,3629,164,0,0,22.3658536585366,0,0,3679,165,0,0,0,0
"25",2023-03-01,2,0,3629,164,0,0,22.1987577639752,0,0,3629,164,0,0,0,0
"26",2023-03-01,2,5,3629,164,0,0,22.1987577639752,0,0,3629,164,0,0,0,0
"27",2023-03-01,2,10,3629,164,0,0,22.1987577639752,0,0,3629,164,0,0,0,0
"28",2023-03-01,2,15,3629,164,0,0,22.1987577639752,0,0,3629,164,0,0,0,0
"29",2023-03-01,2,20,3607,163,0,0,22.1987577639752,0,0,3629,164,0,0,0,0
"30",2023-03-01,2,25,3574,161,0,0,22.1987577639752,0,0,3629,164,0,0,0,0
"31",2023-03-01,2,30,3574,161,0,0,22.1987577639752,0,0,3629,164,0,0,0,0
"32",2023-03-01,2,35,3574,161,0,0,22.1987577639752,0,0,3629,164,0,0,0,0
"33",2023-03-01,2,40,3574,161,0,0,22.1987577639752,0,0,3629,164,0,0,0,0
"34",2023-03-01,2,45,3574,161,0,0,22.1987577639752,0,0,3629,164,0,0,0,0
"35",2023-03-01,2,50,3574,161,0,0,22.1987577639752,0,0,3629,164,0,0,0,0
"36",2023-03-01,2,55,3574,161,0,0,22.1987577639752,0,0,3629,164,0,0,0,0
"37",2023-03-01,3,0,3574,161,0,0,22.2012578616352,0,0,3574,161,0,0,0,0
"38",2023-03-01,3,5,3574,161,0,0,22.2012578616352,0,0,3574,161,0,0,0,0
"39",2023-03-01,3,10,3574,161,0,0,22.2012578616352,0,0,3574,161,0,0,0,0
"40",2023-03-01,3,15,3574,161,0,0,22.2012578616352,0,0,3574,161,0,0,0,0
"41",2023-03-01,3,20,3574,161,0,0,22.2012578616352,0,0,3574,161,0,0,0,0
"42",2023-03-01,3,25,3552,160,0,0,22.2012578616352,0,0,3574,161,0,0,0,0
"43",2023-03-01,3,30,3552,160,0,0,22.2012578616352,0,0,3574,161,0,0,0,0
"44",2023-03-01,3,35,3530,159,0,0,22.2012578616352,0,0,3574,161,0,0,0,0
"45",2023-03-01,3,40,3530,159,0,0,22.2012578616352,0,0,3574,161,0,0,0,0
"46",2023-03-01,3,45,3530,159,0,0,22.2012578616352,0,0,3574,161,0,0,0,0
"47",2023-03-01,3,50,3530,159,0,0,22.2012578616352,0,0,3574,161,0,0,0,0
"48",2023-03-01,3,55,3530,159,0,0,22.2012578616352,0,0,3574,161,0,0,0,0
"49",2023-03-01,4,0,3530,159,0,0,22.4430379746835,0,0,3568,159,0,0,0,0
"50",2023-03-01,4,5,3530,159,0,0,22.4430379746835,0,0,3568,159,0,0,0,0
"51",2023-03-01,4,10,3508,158,0,0,22.4430379746835,0,0,3568,159,0,0,0,0
"52",2023-03-01,4,15,3508,158,0,0,22.4430379746835,0,0,3568,159,0,0,0,0
"53",2023-03-01,4,20,3508,158,0,0,22.4430379746835,0,0,3568,159,0,0,0,0
"54",2023-03-01,4,25,3508,158,0,0,22.4430379746835,0,0,3568,159,0,0,0,0
"55",2023-03-01,4,30,3508,158,0,0,22.4430379746835,0,0,3568,159,0,0,0,0
"56",2023-03-01,4,35,3568,159,0,0,22.4430379746835,0,0,3568,159,0,0,0,0
"57",2023-03-01,4,40,3568,159,0,0,22.4430379746835,0,0,3568,159,0,0,0,0
"58",2023-03-01,4,45,3568,159,0,0,22.4430379746835,0,0,3568,159,0,0,0,0
"59",2023-03-01,4,50,3568,159,0,0,22.4430379746835,0,0,3568,159,0,0,0,0
"60",2023-03-01,4,55,3546,158,0,0,22.4430379746835,0,0,3568,159,0,0,0,0
"61",2023-03-01,5,0,3546,158,0,0,24.2866242038217,0,0,3835,158,0,0,0,0
"62",2023-03-01,5,5,3546,158,0,0,24.2866242038217,0,0,3835,158,0,0,0,0
"63",2023-03-01,5,10,3546,158,0,0,24.2866242038217,0,0,3835,158,0,0,0,0
"64",2023-03-01,5,15,3546,158,0,0,24.2866242038217,0,0,3835,158,0,0,0,0
"65",2023-03-01,5,20,3392,151,0,0,24.2866242038217,0,0,3835,158,0,0,0,0
"66",2023-03-01,5,25,3835,158,0,0,24.2866242038217,0,0,3835,158,0,0,0,0
"67",2023-03-01,5,30,3835,158,0,0,24.2866242038217,0,0,3835,158,0,0,0,0
"68",2023-03-01,5,35,3835,158,0,0,24.2866242038217,0,0,3835,158,0,0,0,0
"69",2023-03-01,5,40,3813,157,0,0,24.2866242038217,0,0,3835,158,0,0,0,0
"70",2023-03-01,5,45,3775,157,0,0,24.2866242038217,0,0,3835,158,0,0,0,0
"71",2023-03-01,5,50,3775,157,0,0,24.2866242038217,0,0,3835,158,0,0,0,0
"72",2023-03-01,5,55,3775,157,0,0,24.2866242038217,0,0,3835,158,0,0,0,0
"73",2023-03-01,6,0,3775,157,0,0,24.0445859872611,0,0,3797,158,0,0,0,0
"74",2023-03-01,6,5,3775,157,0,0,24.0445859872611,0,0,3797,158,0,0,0,0
"75",2023-03-01,6,10,3797,158,0,0,24.0445859872611,0,0,3797,158,0,0,0,0
"76",2023-03-01,6,15,3497,157,0,0,24.0445859872611,0,0,3797,158,0,0,0,0
"77",2023-03-01,6,20,3497,157,0,0,24.0445859872611,0,0,3797,158,0,0,0,0
"78",2023-03-01,6,25,3497,157,0,0,24.0445859872611,0,0,3797,158,0,0,0,0
"79",2023-03-01,6,30,3497,157,0,0,24.0445859872611,0,0,3797,158,0,0,0,0
"80",2023-03-01,6,35,3497,157,0,0,24.0445859872611,0,0,3797,158,0,0,0,0
"81",2023-03-01,6,40,3446,155,0,0,24.0445859872611,0,0,3797,158,0,0,0,0
"82",2023-03-01,6,45,3402,153,0,0,24.0445859872611,0,0,3797,158,0,0,0,0
"83",2023-03-01,6,50,3402,153,0,0,24.0445859872611,0,0,3797,158,0,0,0,0
"84",2023-03-01,6,55,3402,153,0,0,24.0445859872611,0,0,3797,158,0,0,0,0
"85",2023-03-01,7,0,3402,153,0,0,22.2352941176471,0,0,3650,167,0,0,0,0
"86",2023-03-01,7,5,3424,154,0,0,22.2352941176471,0,0,3650,167,0,0,0,0
"87",2023-03-01,7,10,3424,154,0,0,22.2352941176471,0,0,3650,167,0,0,0,0
"88",2023-03-01,7,15,3424,154,0,0,22.2352941176471,0,0,3650,167,0,0,0,0
"89",2023-03-01,7,20,3424,155,0,0,22.2352941176471,0,0,3650,167,0,0,0,0
"90",2023-03-01,7,25,3424,155,0,0,22.2352941176471,0,0,3650,167,0,0,0,0
"91",2023-03-01,7,30,3424,155,0,0,22.2352941176471,0,0,3650,167,0,0,0,0
"92",2023-03-01,7,35,3501,159,0,0,22.2352941176471,0,0,3650,167,0,0,0,0
"93",2023-03-01,7,40,3573,162,0,0,22.2352941176471,0,0,3650,167,0,0,0,0
"94",2023-03-01,7,45,3606,164,0,0,22.2352941176471,0,0,3650,167,0,0,0,0
"95",2023-03-01,7,50,3628,165,0,0,22.2352941176471,0,0,3650,167,0,0,0,0
"96",2023-03-01,7,55,3650,167,0,0,22.2352941176471,0,0,3650,167,0,0,0,0
"97",2023-03-01,8,5,3716,171,0,0,23.1034482758621,0,0,4053,177,0,0,0,0
"98",2023-03-01,8,10,3760,173,0,0,23.1034482758621,0,0,4053,177,0,0,0,0
"99",2023-03-01,8,15,3721,174,0,0,23.1034482758621,0,0,4053,177,0,0,0,0
"100",2023-03-01,8,20,3743,175,0,0,23.1034482758621,0,0,4053,177,0,0,0,0
"101",2023-03-01,8,25,4020,174,0,0,23.1034482758621,0,0,4053,177,0,0,0,0
"102",2023-03-01,8,30,4053,177,0,0,23.1034482758621,0,0,4053,177,0,0,0,0
"103",2023-03-01,8,35,3709,174,0,0,23.1034482758621,0,0,4053,177,0,0,0,0
"104",2023-03-01,8,40,3689,173,0,0,23.1034482758621,0,0,4053,177,0,0,0,0
"105",2023-03-01,8,45,3733,176,0,0,23.1034482758621,0,0,4053,177,0,0,0,0
"106",2023-03-01,8,50,3722,175,0,0,23.1034482758621,0,0,4053,177,0,0,0,0
"107",2023-03-01,8,55,3733,176,0,0,23.1034482758621,0,0,4053,177,0,0,0,0
"108",2023-03-01,8,0,3694,169,0,0,23.1034482758621,0,0,4053,177,0,0,0,0
"109",2023-03-01,9,0,3766,178,0,0,22.7837837837838,0,0,4303,201,0,0,0,0
"110",2023-03-01,9,5,3794,178,0,0,22.7837837837838,0,0,4303,201,0,0,0,0
"111",2023-03-01,9,10,4215,185,0,0,22.7837837837838,0,0,4303,201,0,0,0,0
"112",2023-03-01,9,15,4259,187,0,0,22.7837837837838,0,0,4303,201,0,0,0,0
"113",2023-03-01,9,20,4303,190,0,0,22.7837837837838,0,0,4303,201,0,0,0,0
"114",2023-03-01,9,25,4025,190,0,0,22.7837837837838,0,0,4303,201,0,0,0,0
"115",2023-03-01,9,30,4069,192,0,0,22.7837837837838,0,0,4303,201,0,0,0,0
"116",2023-03-01,9,35,4036,191,0,0,22.7837837837838,0,0,4303,201,0,0,0,0
"117",2023-03-01,9,40,4102,194,0,0,22.7837837837838,0,0,4303,201,0,0,0,0
"118",2023-03-01,9,45,4184,196,0,0,22.7837837837838,0,0,4303,201,0,0,0,0
"119",2023-03-01,9,50,4228,198,0,0,22.7837837837838,0,0,4303,201,0,0,0,0
"120",2023-03-01,9,55,4294,201,0,0,22.7837837837838,0,0,4303,201,0,0,0,0
"121",2023-03-01,10,0,4393,206,0,0,21.3252427184466,0,0,4524,213,0,0,0,0
"122",2023-03-01,10,5,4321,204,0,0,21.3252427184466,0,0,4524,213,0,0,0,0
"123",2023-03-01,10,10,4341,205,0,0,21.3252427184466,0,0,4524,213,0,0,0,0
"124",2023-03-01,10,15,4347,207,0,0,21.3252427184466,0,0,4524,213,0,0,0,0
"125",2023-03-01,10,20,4402,209,0,0,21.3252427184466,0,0,4524,213,0,0,0,0
"126",2023-03-01,10,25,4402,210,0,0,21.3252427184466,0,0,4524,213,0,0,0,0
"127",2023-03-01,10,30,4496,213,0,0,21.3252427184466,0,0,4524,213,0,0,0,0
"128",2023-03-01,10,35,4491,212,0,0,21.3252427184466,0,0,4524,213,0,0,0,0
"129",2023-03-01,10,40,4502,212,0,0,21.3252427184466,0,0,4524,213,0,0,0,0
"130",2023-03-01,10,45,4480,211,0,0,21.3252427184466,0,0,4524,213,0,0,0,0
"131",2023-03-01,10,50,4502,212,0,0,21.3252427184466,0,0,4524,213,0,0,0,0
"132",2023-03-01,10,55,4524,213,0,0,21.3252427184466,0,0,4524,213,0,0,0,0
"133",2023-03-01,11,0,4474,212,0,0,22.5495495495495,0,0,5006,224,0,0,0,0
"134",2023-03-01,11,5,4551,216,0,0,22.5495495495495,0,0,5006,224,0,0,0,0
"135",2023-03-01,11,10,4640,217,0,0,22.5495495495495,0,0,5006,224,0,0,0,0
"136",2023-03-01,11,15,5006,222,0,0,22.5495495495495,0,0,5006,224,0,0,0,0
"137",2023-03-01,11,20,4774,221,0,0,22.5495495495495,0,0,5006,224,0,0,0,0
"138",2023-03-01,11,25,4818,223,0,0,22.5495495495495,0,0,5006,224,0,0,0,0
"139",2023-03-01,11,30,4840,224,0,0,22.5495495495495,0,0,5006,224,0,0,0,0
"140",2023-03-01,11,35,4870,224,0,0,22.5495495495495,0,0,5006,224,0,0,0,0
"141",2023-03-01,11,40,4791,223,0,0,22.5495495495495,0,0,5006,224,0,0,0,0
"142",2023-03-01,11,45,4714,219,0,0,22.5495495495495,0,0,5006,224,0,0,0,0
"143",2023-03-01,11,50,4692,218,0,0,22.5495495495495,0,0,5006,224,0,0,0,0
"144",2023-03-01,11,55,4670,217,0,0,22.5495495495495,0,0,5006,224,0,0,0,0
"145",2023-03-01,12,0,5248,218,0,0,24.3130841121495,0,0,5259,218,0,0,0,0
"146",2023-03-01,12,5,5182,215,0,0,24.3130841121495,0,0,5259,218,0,0,0,0
"147",2023-03-01,12,10,5204,216,0,0,24.3130841121495,0,0,5259,218,0,0,0,0
"148",2023-03-01,12,15,5204,216,0,0,24.3130841121495,0,0,5259,218,0,0,0,0
"149",2023-03-01,12,20,5259,218,0,0,24.3130841121495,0,0,5259,218,0,0,0,0
"150",2023-03-01,12,25,4941,217,0,0,24.3130841121495,0,0,5259,218,0,0,0,0
"151",2023-03-01,12,30,4853,212,0,0,24.3130841121495,0,0,5259,218,0,0,0,0
"152",2023-03-01,12,35,4875,213,0,0,24.3130841121495,0,0,5259,218,0,0,0,0
"153",2023-03-01,12,40,5203,214,0,0,24.3130841121495,0,0,5259,218,0,0,0,0
"154",2023-03-01,12,45,4925,214,0,0,24.3130841121495,0,0,5259,218,0,0,0,0
"155",2023-03-01,12,50,4881,211,0,0,24.3130841121495,0,0,5259,218,0,0,0,0
"156",2023-03-01,12,55,4529,195,0,0,24.3130841121495,0,0,5259,218,0,0,0,0
"157",2023-03-01,13,0,4507,193,0,0,26.8795811518325,0,0,5469,208,0,0,0,0
"158",2023-03-01,13,5,4474,191,0,0,26.8795811518325,0,0,5469,208,0,0,0,0
"159",2023-03-01,13,10,4496,191,0,0,26.8795811518325,0,0,5469,208,0,0,0,0
"160",2023-03-01,13,15,4523,188,0,0,26.8795811518325,0,0,5469,208,0,0,0,0
"161",2023-03-01,13,20,4790,187,0,0,26.8795811518325,0,0,5469,208,0,0,0,0
"162",2023-03-01,13,25,5134,191,0,0,26.8795811518325,0,0,5469,208,0,0,0,0
"163",2023-03-01,13,30,5469,208,0,0,26.8795811518325,0,0,5469,208,0,0,0,0
"164",2023-03-01,13,35,5436,205,0,0,26.8795811518325,0,0,5469,208,0,0,0,0
"165",2023-03-01,13,40,5376,204,0,0,26.8795811518325,0,0,5469,208,0,0,0,0
"166",2023-03-01,13,45,5376,204,0,0,26.8795811518325,0,0,5469,208,0,0,0,0
"167",2023-03-01,13,50,5054,202,0,0,26.8795811518325,0,0,5469,208,0,0,0,0
"168",2023-03-01,13,55,5076,203,0,0,26.8795811518325,0,0,5469,208,0,0,0,0
"169",2023-03-01,14,10,4359,199,0,0,26.1089108910891,0,0,5296,203,0,0,0,0
"170",2023-03-01,14,15,4348,200,0,0,26.1089108910891,0,0,5296,203,0,0,0,0
"171",2023-03-01,14,20,4364,202,0,0,26.1089108910891,0,0,5296,203,0,0,0,0
"172",2023-03-01,14,25,4386,203,0,0,26.1089108910891,0,0,5296,203,0,0,0,0
"173",2023-03-01,14,30,4419,203,0,0,26.1089108910891,0,0,5296,203,0,0,0,0
"174",2023-03-01,14,35,4397,202,0,0,26.1089108910891,0,0,5296,203,0,0,0,0
"175",2023-03-01,14,40,4292,198,0,0,26.1089108910891,0,0,5296,203,0,0,0,0
"176",2023-03-01,14,45,4614,200,0,0,26.1089108910891,0,0,5296,203,0,0,0,0
"177",2023-03-01,14,50,5274,202,0,0,26.1089108910891,0,0,5296,203,0,0,0,0
"178",2023-03-01,14,55,5296,203,0,0,26.1089108910891,0,0,5296,203,0,0,0,0
"179",2023-03-01,14,0,4743,201,0,0,26.1089108910891,0,0,5296,203,0,0,0,0
"180",2023-03-01,14,5,4311,198,0,0,26.1089108910891,0,0,5296,203,0,0,0,0
"181",2023-03-01,15,0,4996,202,0,0,24.9261083743842,0,0,5060,207,0,0,0,0
"182",2023-03-01,15,5,4974,201,0,0,24.9261083743842,0,0,5060,207,0,0,0,0
"183",2023-03-01,15,10,4996,202,0,0,24.9261083743842,0,0,5060,207,0,0,0,0
"184",2023-03-01,15,15,5018,203,0,0,24.9261083743842,0,0,5060,207,0,0,0,0
"185",2023-03-01,15,20,5018,202,0,0,24.9261083743842,0,0,5060,207,0,0,0,0
"186",2023-03-01,15,25,5007,201,0,0,24.9261083743842,0,0,5060,207,0,0,0,0
"187",2023-03-01,15,30,5060,203,0,0,24.9261083743842,0,0,5060,207,0,0,0,0
"188",2023-03-01,15,35,4700,202,0,0,24.9261083743842,0,0,5060,207,0,0,0,0
"189",2023-03-01,15,40,4700,202,0,0,24.9261083743842,0,0,5060,207,0,0,0,0
"190",2023-03-01,15,45,4787,205,0,0,24.9261083743842,0,0,5060,207,0,0,0,0
"191",2023-03-01,15,50,4798,206,0,0,24.9261083743842,0,0,5060,207,0,0,0,0
"192",2023-03-01,15,55,4820,207,0,0,24.9261083743842,0,0,5060,207,0,0,0,0
"193",2023-03-01,16,0,5087,207,0,0,26.207729468599,0,0,5467,217,0,0,0,0
"194",2023-03-01,16,5,5425,207,0,0,26.207729468599,0,0,5467,217,0,0,0,0
"195",2023-03-01,16,10,5445,208,0,0,26.207729468599,0,0,5467,217,0,0,0,0
"196",2023-03-01,16,15,5467,210,0,0,26.207729468599,0,0,5467,217,0,0,0,0
"197",2023-03-01,16,20,5178,210,0,0,26.207729468599,0,0,5467,217,0,0,0,0
"198",2023-03-01,16,25,5242,213,0,0,26.207729468599,0,0,5467,217,0,0,0,0
"199",2023-03-01,16,30,5319,217,0,0,26.207729468599,0,0,5467,217,0,0,0,0
"200",2023-03-01,16,35,5310,216,0,0,26.207729468599,0,0,5467,217,0,0,0,0
"201",2023-03-01,16,40,5266,214,0,0,26.207729468599,0,0,5467,217,0,0,0,0
"202",2023-03-01,16,45,5316,215,0,0,26.207729468599,0,0,5467,217,0,0,0,0
"203",2023-03-01,16,50,5334,215,0,0,26.207729468599,0,0,5467,217,0,0,0,0
"204",2023-03-01,16,55,4974,215,0,0,26.207729468599,0,0,5467,217,0,0,0,0
"205",2023-03-01,17,0,4952,214,0,0,26.0284360189573,0,0,5492,215,0,0,0,0
"206",2023-03-01,17,5,4930,213,0,0,26.0284360189573,0,0,5492,215,0,0,0,0
"207",2023-03-01,17,10,4724,215,0,0,26.0284360189573,0,0,5492,215,0,0,0,0
"208",2023-03-01,17,15,4647,212,0,0,26.0284360189573,0,0,5492,215,0,0,0,0
"209",2023-03-01,17,20,4658,212,0,0,26.0284360189573,0,0,5492,215,0,0,0,0
"210",2023-03-01,17,25,4670,212,0,0,26.0284360189573,0,0,5492,215,0,0,0,0
"211",2023-03-01,17,30,4620,211,0,0,26.0284360189573,0,0,5492,215,0,0,0,0
"212",2023-03-01,17,35,4898,211,0,0,26.0284360189573,0,0,5492,215,0,0,0,0
"213",2023-03-01,17,40,4980,213,0,0,26.0284360189573,0,0,5492,215,0,0,0,0
"214",2023-03-01,17,45,5492,211,0,0,26.0284360189573,0,0,5492,215,0,0,0,0
"215",2023-03-01,17,50,5181,210,0,0,26.0284360189573,0,0,5492,215,0,0,0,0
"216",2023-03-01,17,55,5211,210,0,0,26.0284360189573,0,0,5492,215,0,0,0,0
"217",2023-03-01,18,0,4922,210,0,0,25.7783018867925,0,0,5465,212,0,0,0,0
"218",2023-03-01,18,5,5465,212,0,0,25.7783018867925,0,0,5465,212,0,0,0,0
"219",2023-03-01,18,10,5067,207,0,0,25.7783018867925,0,0,5465,212,0,0,0,0
"220",2023-03-01,18,15,5171,210,0,0,25.7783018867925,0,0,5465,212,0,0,0,0
"221",2023-03-01,18,20,4827,207,0,0,25.7783018867925,0,0,5465,212,0,0,0,0
"222",2023-03-01,18,25,4750,203,0,0,25.7783018867925,0,0,5465,212,0,0,0,0
"223",2023-03-01,18,30,4367,199,0,0,25.7783018867925,0,0,5465,212,0,0,0,0
"224",2023-03-01,18,35,4318,198,0,0,25.7783018867925,0,0,5465,212,0,0,0,0
"225",2023-03-01,18,40,4296,197,0,0,25.7783018867925,0,0,5465,212,0,0,0,0
"226",2023-03-01,18,45,4618,198,0,0,25.7783018867925,0,0,5465,212,0,0,0,0
"227",2023-03-01,18,50,4989,199,0,0,25.7783018867925,0,0,5465,212,0,0,0,0
"228",2023-03-01,18,55,5011,201,0,0,25.7783018867925,0,0,5465,212,0,0,0,0
"229",2023-03-01,19,0,5033,202,0,0,26.5773195876289,0,0,5156,202,0,0,0,0
"230",2023-03-01,19,5,5028,201,0,0,26.5773195876289,0,0,5156,202,0,0,0,0
"231",2023-03-01,19,10,5050,202,0,0,26.5773195876289,0,0,5156,202,0,0,0,0
"232",2023-03-01,19,15,5089,202,0,0,26.5773195876289,0,0,5156,202,0,0,0,0
"233",2023-03-01,19,20,5045,199,0,0,26.5773195876289,0,0,5156,202,0,0,0,0
"234",2023-03-01,19,25,5110,201,0,0,26.5773195876289,0,0,5156,202,0,0,0,0
"235",2023-03-01,19,30,4826,199,0,0,26.5773195876289,0,0,5156,202,0,0,0,0
"236",2023-03-01,19,35,4422,196,0,0,26.5773195876289,0,0,5156,202,0,0,0,0
"237",2023-03-01,19,40,4744,199,0,0,26.5773195876289,0,0,5156,202,0,0,0,0
"238",2023-03-01,19,45,4918,196,0,0,26.5773195876289,0,0,5156,202,0,0,0,0
"239",2023-03-01,19,50,5156,194,0,0,26.5773195876289,0,0,5156,202,0,0,0,0
"240",2023-03-01,19,55,4578,193,0,0,26.5773195876289,0,0,5156,202,0,0,0,0
"241",2023-03-01,20,0,4600,194,0,0,25.5130890052356,0,0,4873,194,0,0,0,0
"242",2023-03-01,20,5,4600,194,0,0,25.5130890052356,0,0,4873,194,0,0,0,0
"243",2023-03-01,20,10,4535,191,0,0,25.5130890052356,0,0,4873,194,0,0,0,0
"244",2023-03-01,20,15,4873,191,0,0,25.5130890052356,0,0,4873,194,0,0,0,0
"245",2023-03-01,20,20,4791,189,0,0,25.5130890052356,0,0,4873,194,0,0,0,0
"246",2023-03-01,20,25,4769,188,0,0,25.5130890052356,0,0,4873,194,0,0,0,0
"247",2023-03-01,20,30,4419,186,0,0,25.5130890052356,0,0,4873,194,0,0,0,0
"248",2023-03-01,20,35,4408,185,0,0,25.5130890052356,0,0,4873,194,0,0,0,0
"249",2023-03-01,20,40,4406,185,0,0,25.5130890052356,0,0,4873,194,0,0,0,0
"250",2023-03-01,20,45,4384,184,0,0,25.5130890052356,0,0,4873,194,0,0,0,0
"251",2023-03-01,20,50,4684,185,0,0,25.5130890052356,0,0,4873,194,0,0,0,0
"252",2023-03-01,20,55,4684,185,0,0,25.5130890052356,0,0,4873,194,0,0,0,0
"253",2023-03-01,21,0,4984,186,0,0,26.7956989247312,0,0,4984,186,0,0,0,0
"254",2023-03-01,21,5,4684,185,0,0,26.7956989247312,0,0,4984,186,0,0,0,0
"255",2023-03-01,21,10,4013,182,0,0,26.7956989247312,0,0,4984,186,0,0,0,0
"256",2023-03-01,21,15,4340,181,0,0,26.7956989247312,0,0,4984,186,0,0,0,0
"257",2023-03-01,21,20,4318,180,0,0,26.7956989247312,0,0,4984,186,0,0,0,0
"258",2023-03-01,21,25,4340,181,0,0,26.7956989247312,0,0,4984,186,0,0,0,0
"259",2023-03-01,21,30,4373,182,0,0,26.7956989247312,0,0,4984,186,0,0,0,0
"260",2023-03-01,21,35,4351,181,0,0,26.7956989247312,0,0,4984,186,0,0,0,0
"261",2023-03-01,21,40,4329,180,0,0,26.7956989247312,0,0,4984,186,0,0,0,0
"262",2023-03-01,21,45,4307,179,0,0,26.7956989247312,0,0,4984,186,0,0,0,0
"263",2023-03-01,21,50,4307,179,0,0,26.7956989247312,0,0,4984,186,0,0,0,0
"264",2023-03-01,21,55,4241,176,0,0,26.7956989247312,0,0,4984,186,0,0,0,0
"265",2023-03-01,22,0,3903,176,0,0,22.3136094674556,0,0,3903,176,0,0,0,0
"266",2023-03-01,22,5,3881,175,0,0,22.3136094674556,0,0,3903,176,0,0,0,0
"267",2023-03-01,22,10,3837,173,0,0,22.3136094674556,0,0,3903,176,0,0,0,0
"268",2023-03-01,22,15,3793,171,0,0,22.3136094674556,0,0,3903,176,0,0,0,0
"269",2023-03-01,22,20,3793,171,0,0,22.3136094674556,0,0,3903,176,0,0,0,0
"270",2023-03-01,22,25,3804,172,0,0,22.3136094674556,0,0,3903,176,0,0,0,0
"271",2023-03-01,22,30,3782,170,0,0,22.3136094674556,0,0,3903,176,0,0,0,0
"272",2023-03-01,22,35,3760,169,0,0,22.3136094674556,0,0,3903,176,0,0,0,0
"273",2023-03-01,22,40,3782,170,0,0,22.3136094674556,0,0,3903,176,0,0,0,0
"274",2023-03-01,22,45,3793,170,0,0,22.3136094674556,0,0,3903,176,0,0,0,0
"275",2023-03-01,22,50,3793,170,0,0,22.3136094674556,0,0,3903,176,0,0,0,0
"276",2023-03-01,22,55,3771,169,0,0,22.3136094674556,0,0,3903,176,0,0,0,0
"277",2023-03-01,23,0,3749,168,0,0,26.1779141104294,0,0,4311,168,0,0,0,0
"278",2023-03-01,23,5,3749,168,0,0,26.1779141104294,0,0,4311,168,0,0,0,0
"279",2023-03-01,23,10,3727,167,0,0,26.1779141104294,0,0,4311,168,0,0,0,0
"280",2023-03-01,23,15,3673,165,0,0,26.1779141104294,0,0,4311,168,0,0,0,0
"281",2023-03-01,23,20,3673,165,0,0,26.1779141104294,0,0,4311,168,0,0,0,0
"282",2023-03-01,23,25,3653,164,0,0,26.1779141104294,0,0,4311,168,0,0,0,0
"283",2023-03-01,23,30,3631,163,0,0,26.1779141104294,0,0,4311,168,0,0,0,0
"284",2023-03-01,23,35,3631,163,0,0,26.1779141104294,0,0,4311,168,0,0,0,0
"285",2023-03-01,23,40,4311,166,0,0,26.1779141104294,0,0,4311,168,0,0,0,0
"286",2023-03-01,23,45,4289,165,0,0,26.1779141104294,0,0,4311,168,0,0,0,0
"287",2023-03-01,23,50,4289,165,0,0,26.1779141104294,0,0,4311,168,0,0,0,0
"288",2023-03-01,23,55,4267,163,0,0,26.1779141104294,0,0,4311,168,0,0,0,0
"289",2023-03-02,0,0,4299,190,0,0,22.6263157894737,0,0,4299,190,0,0,0,0
"290",2023-03-02,0,5,4299,190,0,0,22.6263157894737,0,0,4299,190,0,0,0,0
"291",2023-03-02,0,10,4228,189,0,0,22.6263157894737,0,0,4299,190,0,0,0,0
"292",2023-03-02,0,15,4218,189,0,0,22.6263157894737,0,0,4299,190,0,0,0,0
"293",2023-03-02,0,20,4218,189,0,0,22.6263157894737,0,0,4299,190,0,0,0,0
"294",2023-03-02,0,25,4218,189,0,0,22.6263157894737,0,0,4299,190,0,0,0,0
"295",2023-03-02,0,30,4196,188,0,0,22.6263157894737,0,0,4299,190,0,0,0,0
"296",2023-03-02,0,35,4196,188,0,0,22.6263157894737,0,0,4299,190,0,0,0,0
"297",2023-03-02,0,40,4196,188,0,0,22.6263157894737,0,0,4299,190,0,0,0,0
"298",2023-03-02,0,45,4196,188,0,0,22.6263157894737,0,0,4299,190,0,0,0,0
"299",2023-03-02,0,50,4196,188,0,0,22.6263157894737,0,0,4299,190,0,0,0,0
"300",2023-03-02,0,55,4196,188,0,0,22.6263157894737,0,0,4299,190,0,0,0,0
"301",2023-03-02,1,0,3574,160,0,0,26.1875,0,0,4190,160,0,0,0,0
"302",2023-03-02,1,5,3574,160,0,0,26.1875,0,0,4190,160,0,0,0,0
"303",2023-03-02,1,10,3552,159,0,0,26.1875,0,0,4190,160,0,0,0,0
"304",2023-03-02,1,15,3552,159,0,0,26.1875,0,0,4190,160,0,0,0,0
"305",2023-03-02,1,20,3552,159,0,0,26.1875,0,0,4190,160,0,0,0,0
"306",2023-03-02,1,25,3530,158,0,0,26.1875,0,0,4190,160,0,0,0,0
"307",2023-03-02,1,30,3830,159,0,0,26.1875,0,0,4190,160,0,0,0,0
"308",2023-03-02,1,35,3830,159,0,0,26.1875,0,0,4190,160,0,0,0,0
"309",2023-03-02,1,40,3830,159,0,0,26.1875,0,0,4190,160,0,0,0,0
"310",2023-03-02,1,45,4190,160,0,0,26.1875,0,0,4190,160,0,0,0,0
"311",2023-03-02,1,50,4190,160,0,0,26.1875,0,0,4190,160,0,0,0,0
"312",2023-03-02,1,55,4190,160,0,0,26.1875,0,0,4190,160,0,0,0,0
"313",2023-03-02,2,0,4250,161,0,0,26.3975155279503,0,0,4250,161,0,0,0,0
"314",2023-03-02,2,5,4250,161,0,0,26.3975155279503,0,0,4250,161,0,0,0,0
"315",2023-03-02,2,10,3890,160,0,0,26.3975155279503,0,0,4250,161,0,0,0,0
"316",2023-03-02,2,15,3890,160,0,0,26.3975155279503,0,0,4250,161,0,0,0,0
"317",2023-03-02,2,20,3590,159,0,0,26.3975155279503,0,0,4250,161,0,0,0,0
"318",2023-03-02,2,25,3590,159,0,0,26.3975155279503,0,0,4250,161,0,0,0,0
"319",2023-03-02,2,30,3590,159,0,0,26.3975155279503,0,0,4250,161,0,0,0,0
"320",2023-03-02,2,35,3590,159,0,0,26.3975155279503,0,0,4250,161,0,0,0,0
"321",2023-03-02,2,40,3590,159,0,0,26.3975155279503,0,0,4250,161,0,0,0,0
"322",2023-03-02,2,45,3590,159,0,0,26.3975155279503,0,0,4250,161,0,0,0,0
"323",2023-03-02,2,50,3530,158,0,0,26.3975155279503,0,0,4250,161,0,0,0,0
"324",2023-03-02,2,55,3530,158,0,0,26.3975155279503,0,0,4250,161,0,0,0,0
"325",2023-03-02,3,0,3530,158,0,0,22.3417721518987,0,0,3530,158,0,0,0,0
"326",2023-03-02,3,5,3530,158,0,0,22.3417721518987,0,0,3530,158,0,0,0,0
"327",2023-03-02,3,10,3530,158,0,0,22.3417721518987,0,0,3530,158,0,0,0,0
"328",2023-03-02,3,15,3530,158,0,0,22.3417721518987,0,0,3530,158,0,0,0,0
"329",2023-03-02,3,20,3530,158,0,0,22.3417721518987,0,0,3530,158,0,0,0,0
"330",2023-03-02,3,25,3530,158,0,0,22.3417721518987,0,0,3530,158,0,0,0,0
"331",2023-03-02,3,30,3530,158,0,0,22.3417721518987,0,0,3530,158,0,0,0,0
"332",2023-03-02,3,35,3530,158,0,0,22.3417721518987,0,0,3530,158,0,0,0,0
"333",2023-03-02,3,40,3530,158,0,0,22.3417721518987,0,0,3530,158,0,0,0,0
"334",2023-03-02,3,45,3530,158,0,0,22.3417721518987,0,0,3530,158,0,0,0,0
"335",2023-03-02,3,50,3530,158,0,0,22.3417721518987,0,0,3530,158,0,0,0,0
"336",2023-03-02,3,55,3530,158,0,0,22.3417721518987,0,0,3530,158,0,0,0,0
"337",2023-03-02,4,0,3530,158,0,0,22.3417721518987,0,0,3541,159,0,0,0,0
"338",2023-03-02,4,5,3530,158,0,0,22.3417721518987,0,0,3541,159,0,0,0,0
"339",2023-03-02,4,10,3530,158,0,0,22.3417721518987,0,0,3541,159,0,0,0,0
"340",2023-03-02,4,15,3530,158,0,0,22.3417721518987,0,0,3541,159,0,0,0,0
"341",2023-03-02,4,20,3530,158,0,0,22.3417721518987,0,0,3541,159,0,0,0,0
"342",2023-03-02,4,25,3530,158,0,0,22.3417721518987,0,0,3541,159,0,0,0,0
"343",2023-03-02,4,30,3530,158,0,0,22.3417721518987,0,0,3541,159,0,0,0,0
"344",2023-03-02,4,35,3530,158,0,0,22.3417721518987,0,0,3541,159,0,0,0,0
"345",2023-03-02,4,40,3530,158,0,0,22.3417721518987,0,0,3541,159,0,0,0,0
"346",2023-03-02,4,45,3530,158,0,0,22.3417721518987,0,0,3541,159,0,0,0,0
"347",2023-03-02,4,50,3530,158,0,0,22.3417721518987,0,0,3541,159,0,0,0,0
"348",2023-03-02,4,55,3541,159,0,0,22.3417721518987,0,0,3541,159,0,0,0,0
"349",2023-03-02,5,0,3541,159,0,0,22.3417721518987,0,0,3541,159,0,0,0,0
"350",2023-03-02,5,5,3541,159,0,0,22.3417721518987,0,0,3541,159,0,0,0,0
"351",2023-03-02,5,10,3541,159,0,0,22.3417721518987,0,0,3541,159,0,0,0,0
"352",2023-03-02,5,15,3541,159,0,0,22.3417721518987,0,0,3541,159,0,0,0,0
"353",2023-03-02,5,20,3541,159,0,0,22.3417721518987,0,0,3541,159,0,0,0,0
"354",2023-03-02,5,25,3530,158,0,0,22.3417721518987,0,0,3541,159,0,0,0,0
"355",2023-03-02,5,30,3530,158,0,0,22.3417721518987,0,0,3541,159,0,0,0,0
"356",2023-03-02,5,35,3530,158,0,0,22.3417721518987,0,0,3541,159,0,0,0,0
"357",2023-03-02,5,40,3530,158,0,0,22.3417721518987,0,0,3541,159,0,0,0,0
"358",2023-03-02,5,45,3530,158,0,0,22.3417721518987,0,0,3541,159,0,0,0,0
"359",2023-03-02,5,50,3530,158,0,0,22.3417721518987,0,0,3541,159,0,0,0,0
"360",2023-03-02,5,55,3530,158,0,0,22.3417721518987,0,0,3541,159,0,0,0,0
"361",2023-03-02,6,0,3530,158,0,0,22.4248366013072,0,0,3530,158,0,0,0,0
"362",2023-03-02,6,5,3530,158,0,0,22.4248366013072,0,0,3530,158,0,0,0,0
"363",2023-03-02,6,10,3530,158,0,0,22.4248366013072,0,0,3530,158,0,0,0,0
"364",2023-03-02,6,15,3530,158,0,0,22.4248366013072,0,0,3530,158,0,0,0,0
"365",2023-03-02,6,20,3530,158,0,0,22.4248366013072,0,0,3530,158,0,0,0,0
"366",2023-03-02,6,25,3530,158,0,0,22.4248366013072,0,0,3530,158,0,0,0,0
"367",2023-03-02,6,30,3486,156,0,0,22.4248366013072,0,0,3530,158,0,0,0,0
"368",2023-03-02,6,35,3486,156,0,0,22.4248366013072,0,0,3530,158,0,0,0,0
"369",2023-03-02,6,40,3486,156,0,0,22.4248366013072,0,0,3530,158,0,0,0,0
"370",2023-03-02,6,45,3486,156,0,0,22.4248366013072,0,0,3530,158,0,0,0,0
"371",2023-03-02,6,50,3508,157,0,0,22.4248366013072,0,0,3530,158,0,0,0,0
"372",2023-03-02,6,55,3431,153,0,0,22.4248366013072,0,0,3530,158,0,0,0,0
"373",2023-03-02,7,55,4143,178,0,0,24.2578616352201,0,0,4143,178,0,0,0,0
"374",2023-03-02,7,0,3508,158,0,0,24.2578616352201,0,0,4143,178,0,0,0,0
"375",2023-03-02,7,5,3519,159,0,0,24.2578616352201,0,0,4143,178,0,0,0,0
"376",2023-03-02,7,10,3519,159,0,0,24.2578616352201,0,0,4143,178,0,0,0,0
"377",2023-03-02,7,15,3519,159,0,0,24.2578616352201,0,0,4143,178,0,0,0,0
"378",2023-03-02,7,20,3857,159,0,0,24.2578616352201,0,0,4143,178,0,0,0,0
"379",2023-03-02,7,25,3890,161,0,0,24.2578616352201,0,0,4143,178,0,0,0,0
"380",2023-03-02,7,30,3901,162,0,0,24.2578616352201,0,0,4143,178,0,0,0,0
"381",2023-03-02,7,35,3956,165,0,0,24.2578616352201,0,0,4143,178,0,0,0,0
"382",2023-03-02,7,40,3978,166,0,0,24.2578616352201,0,0,4143,178,0,0,0,0
"383",2023-03-02,7,45,4022,168,0,0,24.2578616352201,0,0,4143,178,0,0,0,0
"384",2023-03-02,7,50,4088,174,0,0,24.2578616352201,0,0,4143,178,0,0,0,0
"385",2023-03-02,8,0,4143,178,0,0,24.8564102564103,0,0,4847,195,0,0,0,0
"386",2023-03-02,8,5,4198,181,0,0,24.8564102564103,0,0,4847,195,0,0,0,0
"387",2023-03-02,8,10,4231,183,0,0,24.8564102564103,0,0,4847,195,0,0,0,0
"388",2023-03-02,8,15,4242,183,0,0,24.8564102564103,0,0,4847,195,0,0,0,0
"389",2023-03-02,8,20,4264,184,0,0,24.8564102564103,0,0,4847,195,0,0,0,0
"390",2023-03-02,8,25,4316,185,0,0,24.8564102564103,0,0,4847,195,0,0,0,0
"391",2023-03-02,8,30,4327,185,0,0,24.8564102564103,0,0,4847,195,0,0,0,0
"392",2023-03-02,8,35,4431,188,0,0,24.8564102564103,0,0,4847,195,0,0,0,0
"393",2023-03-02,8,40,4437,189,0,0,24.8564102564103,0,0,4847,195,0,0,0,0
"394",2023-03-02,8,45,4415,188,0,0,24.8564102564103,0,0,4847,195,0,0,0,0
"395",2023-03-02,8,50,4814,194,0,0,24.8564102564103,0,0,4847,195,0,0,0,0
"396",2023-03-02,8,55,4847,195,0,0,24.8564102564103,0,0,4847,195,0,0,0,0
"397",2023-03-02,9,0,4869,196,0,0,24.8418367346939,0,0,5020,221,0,0,0,0
"398",2023-03-02,9,5,4613,198,0,0,24.8418367346939,0,0,5020,221,0,0,0,0
"399",2023-03-02,9,10,4668,201,0,0,24.8418367346939,0,0,5020,221,0,0,0,0
"400",2023-03-02,9,15,4690,202,0,0,24.8418367346939,0,0,5020,221,0,0,0,0
"401",2023-03-02,9,20,4745,205,0,0,24.8418367346939,0,0,5020,221,0,0,0,0
"402",2023-03-02,9,25,4778,207,0,0,24.8418367346939,0,0,5020,221,0,0,0,0
"403",2023-03-02,9,30,4822,209,0,0,24.8418367346939,0,0,5020,221,0,0,0,0
"404",2023-03-02,9,35,4932,214,0,0,24.8418367346939,0,0,5020,221,0,0,0,0
"405",2023-03-02,9,40,4998,217,0,0,24.8418367346939,0,0,5020,221,0,0,0,0
"406",2023-03-02,9,45,5020,218,0,0,24.8418367346939,0,0,5020,221,0,0,0,0
"407",2023-03-02,9,50,4715,220,0,0,24.8418367346939,0,0,5020,221,0,0,0,0
"408",2023-03-02,9,55,4737,221,0,0,24.8418367346939,0,0,5020,221,0,0,0,0
"409",2023-03-02,10,0,4803,224,0,0,24.0396475770925,0,0,5468,228,0,0,0,0
"410",2023-03-02,10,5,4796,224,0,0,24.0396475770925,0,0,5468,228,0,0,0,0
"411",2023-03-02,10,10,4851,227,0,0,24.0396475770925,0,0,5468,228,0,0,0,0
"412",2023-03-02,10,15,5151,228,0,0,24.0396475770925,0,0,5468,228,0,0,0,0
"413",2023-03-02,10,20,5151,228,0,0,24.0396475770925,0,0,5468,228,0,0,0,0
"414",2023-03-02,10,25,5151,228,0,0,24.0396475770925,0,0,5468,228,0,0,0,0
"415",2023-03-02,10,30,5162,228,0,0,24.0396475770925,0,0,5468,228,0,0,0,0
"416",2023-03-02,10,35,5162,228,0,0,24.0396475770925,0,0,5468,228,0,0,0,0
"417",2023-03-02,10,40,4840,226,0,0,24.0396475770925,0,0,5468,228,0,0,0,0
"418",2023-03-02,10,45,5440,228,0,0,24.0396475770925,0,0,5468,228,0,0,0,0
"419",2023-03-02,10,50,5468,228,0,0,24.0396475770925,0,0,5468,228,0,0,0,0
"420",2023-03-02,10,55,5457,227,0,0,24.0396475770925,0,0,5468,228,0,0,0,0
"421",2023-03-02,11,0,5135,225,0,0,24.5862068965517,0,0,5704,233,0,0,0,0
"422",2023-03-02,11,5,5195,226,0,0,24.5862068965517,0,0,5704,233,0,0,0,0
"423",2023-03-02,11,10,5217,227,0,0,24.5862068965517,0,0,5704,233,0,0,0,0
"424",2023-03-02,11,15,5595,230,0,0,24.5862068965517,0,0,5704,233,0,0,0,0
"425",2023-03-02,11,20,5595,230,0,0,24.5862068965517,0,0,5704,233,0,0,0,0
"426",2023-03-02,11,25,5617,231,0,0,24.5862068965517,0,0,5704,233,0,0,0,0
"427",2023-03-02,11,30,5295,229,0,0,24.5862068965517,0,0,5704,233,0,0,0,0
"428",2023-03-02,11,35,5704,232,0,0,24.5862068965517,0,0,5704,233,0,0,0,0
"429",2023-03-02,11,40,5704,232,0,0,24.5862068965517,0,0,5704,233,0,0,0,0
"430",2023-03-02,11,45,5437,233,0,0,24.5862068965517,0,0,5704,233,0,0,0,0
"431",2023-03-02,11,50,5110,233,0,0,24.5862068965517,0,0,5704,233,0,0,0,0
"432",2023-03-02,11,55,5044,230,0,0,24.5862068965517,0,0,5704,233,0,0,0,0
"433",2023-03-02,12,0,5388,233,0,0,26.6851063829787,0,0,6271,235,0,0,0,0
"434",2023-03-02,12,5,5017,230,0,0,26.6851063829787,0,0,6271,235,0,0,0,0
"435",2023-03-02,12,10,6271,235,0,0,26.6851063829787,0,0,6271,235,0,0,0,0
"436",2023-03-02,12,15,6156,232,0,0,26.6851063829787,0,0,6271,235,0,0,0,0
"437",2023-03-02,12,20,5928,233,0,0,26.6851063829787,0,0,6271,235,0,0,0,0
"438",2023-03-02,12,25,5950,234,0,0,26.6851063829787,0,0,6271,235,0,0,0,0
"439",2023-03-02,12,30,5906,232,0,0,26.6851063829787,0,0,6271,235,0,0,0,0
"440",2023-03-02,12,35,5895,231,0,0,26.6851063829787,0,0,6271,235,0,0,0,0
"441",2023-03-02,12,40,5584,230,0,0,26.6851063829787,0,0,6271,235,0,0,0,0
"442",2023-03-02,12,45,5584,230,0,0,26.6851063829787,0,0,6271,235,0,0,0,0
"443",2023-03-02,12,50,5158,226,0,0,26.6851063829787,0,0,6271,235,0,0,0,0
"444",2023-03-02,12,55,5169,226,0,0,26.6851063829787,0,0,6271,235,0,0,0,0
"445",2023-03-02,13,0,5180,226,0,0,24.3571428571429,0,0,5456,226,0,0,0,0
"446",2023-03-02,13,5,5015,221,0,0,24.3571428571429,0,0,5456,226,0,0,0,0
"447",2023-03-02,13,10,4960,219,0,0,24.3571428571429,0,0,5456,226,0,0,0,0
"448",2023-03-02,13,15,4971,219,0,0,24.3571428571429,0,0,5456,226,0,0,0,0
"449",2023-03-02,13,20,5004,221,0,0,24.3571428571429,0,0,5456,226,0,0,0,0
"450",2023-03-02,13,25,5140,225,0,0,24.3571428571429,0,0,5456,226,0,0,0,0
"451",2023-03-02,13,30,5456,224,0,0,24.3571428571429,0,0,5456,226,0,0,0,0
"452",2023-03-02,13,35,5156,223,0,0,24.3571428571429,0,0,5456,226,0,0,0,0
"453",2023-03-02,13,40,5156,222,0,0,24.3571428571429,0,0,5456,226,0,0,0,0
"454",2023-03-02,13,45,5200,224,0,0,24.3571428571429,0,0,5456,226,0,0,0,0
"455",2023-03-02,13,50,5134,221,0,0,24.3571428571429,0,0,5456,226,0,0,0,0
"456",2023-03-02,13,55,5134,221,0,0,24.3571428571429,0,0,5456,226,0,0,0,0
"457",2023-03-02,14,0,5156,223,0,0,24.2017937219731,0,0,5397,224,0,0,0,0
"458",2023-03-02,14,5,5162,222,0,0,24.2017937219731,0,0,5397,224,0,0,0,0
"459",2023-03-02,14,10,4792,221,0,0,24.2017937219731,0,0,5397,224,0,0,0,0
"460",2023-03-02,14,15,4737,218,0,0,24.2017937219731,0,0,5397,224,0,0,0,0
"461",2023-03-02,14,20,5120,222,0,0,24.2017937219731,0,0,5397,224,0,0,0,0
"462",2023-03-02,14,25,5142,223,0,0,24.2017937219731,0,0,5397,224,0,0,0,0
"463",2023-03-02,14,30,5131,222,0,0,24.2017937219731,0,0,5397,224,0,0,0,0
"464",2023-03-02,14,35,5125,223,0,0,24.2017937219731,0,0,5397,224,0,0,0,0
"465",2023-03-02,14,40,5119,224,0,0,24.2017937219731,0,0,5397,224,0,0,0,0
"466",2023-03-02,14,45,5130,224,0,0,24.2017937219731,0,0,5397,224,0,0,0,0
"467",2023-03-02,14,50,5397,223,0,0,24.2017937219731,0,0,5397,224,0,0,0,0
"468",2023-03-02,14,55,5064,220,0,0,24.2017937219731,0,0,5397,224,0,0,0,0
"469",2023-03-02,15,30,5069,222,0,0,24.1822222222222,0,0,5441,226,0,0,0,0
"470",2023-03-02,15,35,4769,221,0,0,24.1822222222222,0,0,5441,226,0,0,0,0
"471",2023-03-02,15,40,4813,223,0,0,24.1822222222222,0,0,5441,226,0,0,0,0
"472",2023-03-02,15,45,5146,225,0,0,24.1822222222222,0,0,5441,226,0,0,0,0
"473",2023-03-02,15,50,4857,226,0,0,24.1822222222222,0,0,5441,226,0,0,0,0
"474",2023-03-02,15,55,4855,226,0,0,24.1822222222222,0,0,5441,226,0,0,0,0
"475",2023-03-02,15,0,5097,222,0,0,24.1822222222222,0,0,5441,226,0,0,0,0
"476",2023-03-02,15,5,5119,223,0,0,24.1822222222222,0,0,5441,226,0,0,0,0
"477",2023-03-02,15,10,5441,225,0,0,24.1822222222222,0,0,5441,226,0,0,0,0
"478",2023-03-02,15,15,5119,223,0,0,24.1822222222222,0,0,5441,226,0,0,0,0
"479",2023-03-02,15,20,5119,223,0,0,24.1822222222222,0,0,5441,226,0,0,0,0
"480",2023-03-02,15,25,5097,222,0,0,24.1822222222222,0,0,5441,226,0,0,0,0
"481",2023-03-02,16,0,4877,227,0,0,25.4529914529915,0,0,5956,234,0,0,0,0
"482",2023-03-02,16,5,5268,231,0,0,25.4529914529915,0,0,5956,234,0,0,0,0
"483",2023-03-02,16,10,5328,232,0,0,25.4529914529915,0,0,5956,234,0,0,0,0
"484",2023-03-02,16,15,5328,232,0,0,25.4529914529915,0,0,5956,234,0,0,0,0
"485",2023-03-02,16,20,5378,233,0,0,25.4529914529915,0,0,5956,234,0,0,0,0
"486",2023-03-02,16,25,5678,234,0,0,25.4529914529915,0,0,5956,234,0,0,0,0
"487",2023-03-02,16,30,5956,234,0,0,25.4529914529915,0,0,5956,234,0,0,0,0
"488",2023-03-02,16,35,5334,231,0,0,25.4529914529915,0,0,5956,234,0,0,0,0
"489",2023-03-02,16,40,5241,228,0,0,25.4529914529915,0,0,5956,234,0,0,0,0
"490",2023-03-02,16,45,5369,229,0,0,25.4529914529915,0,0,5956,234,0,0,0,0
"491",2023-03-02,16,50,5347,228,0,0,25.4529914529915,0,0,5956,234,0,0,0,0
"492",2023-03-02,16,55,5663,227,0,0,25.4529914529915,0,0,5956,234,0,0,0,0
"493",2023-03-02,17,0,5608,225,0,0,24.9244444444444,0,0,5608,228,0,0,0,0
"494",2023-03-02,17,5,5595,228,0,0,24.9244444444444,0,0,5608,228,0,0,0,0
"495",2023-03-02,17,10,5496,227,0,0,24.9244444444444,0,0,5608,228,0,0,0,0
"496",2023-03-02,17,15,5185,225,0,0,24.9244444444444,0,0,5608,228,0,0,0,0
"497",2023-03-02,17,20,5037,220,0,0,24.9244444444444,0,0,5608,228,0,0,0,0
"498",2023-03-02,17,25,5015,219,0,0,24.9244444444444,0,0,5608,228,0,0,0,0
"499",2023-03-02,17,30,4949,216,0,0,24.9244444444444,0,0,5608,228,0,0,0,0
"500",2023-03-02,17,35,5005,215,0,0,24.9244444444444,0,0,5608,228,0,0,0,0
"501",2023-03-02,17,40,4961,212,0,0,24.9244444444444,0,0,5608,228,0,0,0,0
"502",2023-03-02,17,45,4917,210,0,0,24.9244444444444,0,0,5608,228,0,0,0,0
"503",2023-03-02,17,50,4950,212,0,0,24.9244444444444,0,0,5608,228,0,0,0,0
"504",2023-03-02,17,55,4972,213,0,0,24.9244444444444,0,0,5608,228,0,0,0,0
"505",2023-03-02,18,0,4917,211,0,0,24.3024390243902,0,0,4982,211,0,0,0,0
"506",2023-03-02,18,5,4851,208,0,0,24.3024390243902,0,0,4982,211,0,0,0,0
"507",2023-03-02,18,10,4834,208,0,0,24.3024390243902,0,0,4982,211,0,0,0,0
"508",2023-03-02,18,15,4785,209,0,0,24.3024390243902,0,0,4982,211,0,0,0,0
"509",2023-03-02,18,20,4463,207,0,0,24.3024390243902,0,0,4982,211,0,0,0,0
"510",2023-03-02,18,25,4463,207,0,0,24.3024390243902,0,0,4982,211,0,0,0,0
"511",2023-03-02,18,30,4380,204,0,0,24.3024390243902,0,0,4982,211,0,0,0,0
"512",2023-03-02,18,35,4982,205,0,0,24.3024390243902,0,0,4982,211,0,0,0,0
"513",2023-03-02,18,40,4704,205,0,0,24.3024390243902,0,0,4982,211,0,0,0,0
"514",2023-03-02,18,45,4682,204,0,0,24.3024390243902,0,0,4982,211,0,0,0,0
"515",2023-03-02,18,50,4737,206,0,0,24.3024390243902,0,0,4982,211,0,0,0,0
"516",2023-03-02,18,55,4693,203,0,0,24.3024390243902,0,0,4982,211,0,0,0,0
"517",2023-03-02,19,0,4671,202,0,0,24.66,0,0,4932,204,0,0,0,0
"518",2023-03-02,19,5,4632,201,0,0,24.66,0,0,4932,204,0,0,0,0
"519",2023-03-02,19,10,4623,200,0,0,24.66,0,0,4932,204,0,0,0,0
"520",2023-03-02,19,15,4398,202,0,0,24.66,0,0,4932,204,0,0,0,0
"521",2023-03-02,19,20,4365,200,0,0,24.66,0,0,4932,204,0,0,0,0
"522",2023-03-02,19,25,4643,200,0,0,24.66,0,0,4932,204,0,0,0,0
"523",2023-03-02,19,30,4665,201,0,0,24.66,0,0,4932,204,0,0,0,0
"524",2023-03-02,19,35,4442,204,0,0,24.66,0,0,4932,204,0,0,0,0
"525",2023-03-02,19,40,4398,202,0,0,24.66,0,0,4932,204,0,0,0,0
"526",2023-03-02,19,45,4420,203,0,0,24.66,0,0,4932,204,0,0,0,0
"527",2023-03-02,19,50,4676,202,0,0,24.66,0,0,4932,204,0,0,0,0
"528",2023-03-02,19,55,4932,200,0,0,24.66,0,0,4932,204,0,0,0,0
"529",2023-03-02,20,0,4932,200,0,0,24.96,0,0,5036,210,0,0,0,0
"530",2023-03-02,20,5,5036,203,0,0,24.96,0,0,5036,210,0,0,0,0
"531",2023-03-02,20,10,5014,201,0,0,24.96,0,0,5036,210,0,0,0,0
"532",2023-03-02,20,15,4992,200,0,0,24.96,0,0,5036,210,0,0,0,0
"533",2023-03-02,20,20,4768,202,0,0,24.96,0,0,5036,210,0,0,0,0
"534",2023-03-02,20,25,4790,203,0,0,24.96,0,0,5036,210,0,0,0,0
"535",2023-03-02,20,30,4790,203,0,0,24.96,0,0,5036,210,0,0,0,0
"536",2023-03-02,20,35,4832,205,0,0,24.96,0,0,5036,210,0,0,0,0
"537",2023-03-02,20,40,4876,206,0,0,24.96,0,0,5036,210,0,0,0,0
"538",2023-03-02,20,45,4898,207,0,0,24.96,0,0,5036,210,0,0,0,0
"539",2023-03-02,20,50,4598,206,0,0,24.96,0,0,5036,210,0,0,0,0
"540",2023-03-02,20,55,4714,210,0,0,24.96,0,0,5036,210,0,0,0,0
"541",2023-03-02,21,0,4748,212,0,0,22.4230769230769,0,0,4748,212,0,0,0,0
"542",2023-03-02,21,5,4728,211,0,0,22.4230769230769,0,0,4748,212,0,0,0,0
"543",2023-03-02,21,10,4684,209,0,0,22.4230769230769,0,0,4748,212,0,0,0,0
"544",2023-03-02,21,15,4664,208,0,0,22.4230769230769,0,0,4748,212,0,0,0,0
"545",2023-03-02,21,20,4675,209,0,0,22.4230769230769,0,0,4748,212,0,0,0,0
"546",2023-03-02,21,25,4615,208,0,0,22.4230769230769,0,0,4748,212,0,0,0,0
"547",2023-03-02,21,30,4646,209,0,0,22.4230769230769,0,0,4748,212,0,0,0,0
"548",2023-03-02,21,35,4679,210,0,0,22.4230769230769,0,0,4748,212,0,0,0,0
"549",2023-03-02,21,40,4657,209,0,0,22.4230769230769,0,0,4748,212,0,0,0,0
"550",2023-03-02,21,45,4580,205,0,0,22.4230769230769,0,0,4748,212,0,0,0,0
"551",2023-03-02,21,50,4536,203,0,0,22.4230769230769,0,0,4748,212,0,0,0,0
"552",2023-03-02,21,55,4558,204,0,0,22.4230769230769,0,0,4748,212,0,0,0,0
"553",2023-03-02,22,0,5196,205,0,0,25.5049504950495,0,0,5196,205,0,0,0,0
"554",2023-03-02,22,5,5152,202,0,0,25.5049504950495,0,0,5196,205,0,0,0,0
"555",2023-03-02,22,10,5174,203,0,0,25.5049504950495,0,0,5196,205,0,0,0,0
"556",2023-03-02,22,15,5102,201,0,0,25.5049504950495,0,0,5196,205,0,0,0,0
"557",2023-03-02,22,20,5174,203,0,0,25.5049504950495,0,0,5196,205,0,0,0,0
"558",2023-03-02,22,25,5152,202,0,0,25.5049504950495,0,0,5196,205,0,0,0,0
"559",2023-03-02,22,30,4770,200,0,0,25.5049504950495,0,0,5196,205,0,0,0,0
"560",2023-03-02,22,35,4426,197,0,0,25.5049504950495,0,0,5196,205,0,0,0,0
"561",2023-03-02,22,40,4426,197,0,0,25.5049504950495,0,0,5196,205,0,0,0,0
"562",2023-03-02,22,45,4426,197,0,0,25.5049504950495,0,0,5196,205,0,0,0,0
"563",2023-03-02,22,50,4426,197,0,0,25.5049504950495,0,0,5196,205,0,0,0,0
"564",2023-03-02,22,55,4382,195,0,0,25.5049504950495,0,0,5196,205,0,0,0,0
"565",2023-03-02,23,0,4382,195,0,0,22.6806282722513,0,0,4464,197,0,0,0,0
"566",2023-03-02,23,5,4398,194,0,0,22.6806282722513,0,0,4464,197,0,0,0,0
"567",2023-03-02,23,10,4398,194,0,0,22.6806282722513,0,0,4464,197,0,0,0,0
"568",2023-03-02,23,15,4464,197,0,0,22.6806282722513,0,0,4464,197,0,0,0,0
"569",2023-03-02,23,20,4442,196,0,0,22.6806282722513,0,0,4464,197,0,0,0,0
"570",2023-03-02,23,25,4442,196,0,0,22.6806282722513,0,0,4464,197,0,0,0,0
"571",2023-03-02,23,30,4398,194,0,0,22.6806282722513,0,0,4464,197,0,0,0,0
"572",2023-03-02,23,35,4398,194,0,0,22.6806282722513,0,0,4464,197,0,0,0,0
"573",2023-03-02,23,40,4398,194,0,0,22.6806282722513,0,0,4464,197,0,0,0,0
"574",2023-03-02,23,45,4376,193,0,0,22.6806282722513,0,0,4464,197,0,0,0,0
"575",2023-03-02,23,50,4332,191,0,0,22.6806282722513,0,0,4464,197,0,0,0,0
"576",2023-03-02,23,55,4321,191,0,0,22.6806282722513,0,0,4464,197,0,0,0,0
"577",2023-03-03,0,0,3959,177,0,0,23.9826589595376,0,0,4149,177,0,0,0,0
"578",2023-03-03,0,5,3959,177,0,0,23.9826589595376,0,0,4149,177,0,0,0,0
"579",2023-03-03,0,10,3937,176,0,0,23.9826589595376,0,0,4149,177,0,0,0,0
"580",2023-03-03,0,15,3915,175,0,0,23.9826589595376,0,0,4149,177,0,0,0,0
"581",2023-03-03,0,20,3915,175,0,0,23.9826589595376,0,0,4149,177,0,0,0,0
"582",2023-03-03,0,25,3893,174,0,0,23.9826589595376,0,0,4149,177,0,0,0,0
"583",2023-03-03,0,30,3871,173,0,0,23.9826589595376,0,0,4149,177,0,0,0,0
"584",2023-03-03,0,35,3871,173,0,0,23.9826589595376,0,0,4149,177,0,0,0,0
"585",2023-03-03,0,40,3871,173,0,0,23.9826589595376,0,0,4149,177,0,0,0,0
"586",2023-03-03,0,45,3849,172,0,0,23.9826589595376,0,0,4149,177,0,0,0,0
"587",2023-03-03,0,50,3849,172,0,0,23.9826589595376,0,0,4149,177,0,0,0,0
"588",2023-03-03,0,55,4149,173,0,0,23.9826589595376,0,0,4149,177,0,0,0,0
"589",2023-03-03,1,0,4196,188,0,0,22.3989071038251,0,0,4196,188,0,0,0,0
"590",2023-03-03,1,5,4174,187,0,0,22.3989071038251,0,0,4196,188,0,0,0,0
"591",2023-03-03,1,10,4143,185,0,0,22.3989071038251,0,0,4196,188,0,0,0,0
"592",2023-03-03,1,15,4143,185,0,0,22.3989071038251,0,0,4196,188,0,0,0,0
"593",2023-03-03,1,20,4143,185,0,0,22.3989071038251,0,0,4196,188,0,0,0,0
"594",2023-03-03,1,25,4121,184,0,0,22.3989071038251,0,0,4196,188,0,0,0,0
"595",2023-03-03,1,30,4132,185,0,0,22.3989071038251,0,0,4196,188,0,0,0,0
"596",2023-03-03,1,35,4132,185,0,0,22.3989071038251,0,0,4196,188,0,0,0,0
"597",2023-03-03,1,40,4132,185,0,0,22.3989071038251,0,0,4196,188,0,0,0,0
"598",2023-03-03,1,45,4132,185,0,0,22.3989071038251,0,0,4196,188,0,0,0,0
"599",2023-03-03,1,50,4132,185,0,0,22.3989071038251,0,0,4196,188,0,0,0,0
"600",2023-03-03,1,55,4099,183,0,0,22.3989071038251,0,0,4196,188,0,0,0,0
"601",2023-03-03,2,0,4099,183,0,0,22.6032608695652,0,0,4159,184,0,0,0,0
"602",2023-03-03,2,5,4099,183,0,0,22.6032608695652,0,0,4159,184,0,0,0,0
"603",2023-03-03,2,10,4159,184,0,0,22.6032608695652,0,0,4159,184,0,0,0,0
"604",2023-03-03,2,15,4159,184,0,0,22.6032608695652,0,0,4159,184,0,0,0,0
"605",2023-03-03,2,20,4159,184,0,0,22.6032608695652,0,0,4159,184,0,0,0,0
"606",2023-03-03,2,25,4159,184,0,0,22.6032608695652,0,0,4159,184,0,0,0,0
"607",2023-03-03,2,30,4099,183,0,0,22.6032608695652,0,0,4159,184,0,0,0,0
"608",2023-03-03,2,35,4099,183,0,0,22.6032608695652,0,0,4159,184,0,0,0,0
"609",2023-03-03,2,40,4099,183,0,0,22.6032608695652,0,0,4159,184,0,0,0,0
"610",2023-03-03,2,45,4099,183,0,0,22.6032608695652,0,0,4159,184,0,0,0,0
"611",2023-03-03,2,50,4077,182,0,0,22.6032608695652,0,0,4159,184,0,0,0,0
"612",2023-03-03,2,55,4077,182,0,0,22.6032608695652,0,0,4159,184,0,0,0,0
"613",2023-03-03,3,0,4077,182,0,0,22.6098901098901,0,0,4115,182,0,0,0,0
"614",2023-03-03,3,5,4055,181,0,0,22.6098901098901,0,0,4115,182,0,0,0,0
"615",2023-03-03,3,10,4055,181,0,0,22.6098901098901,0,0,4115,182,0,0,0,0
"616",2023-03-03,3,15,4055,181,0,0,22.6098901098901,0,0,4115,182,0,0,0,0
"617",2023-03-03,3,20,4055,181,0,0,22.6098901098901,0,0,4115,182,0,0,0,0
"618",2023-03-03,3,25,4055,181,0,0,22.6098901098901,0,0,4115,182,0,0,0,0
"619",2023-03-03,3,30,4055,181,0,0,22.6098901098901,0,0,4115,182,0,0,0,0
"620",2023-03-03,3,35,4115,182,0,0,22.6098901098901,0,0,4115,182,0,0,0,0
"621",2023-03-03,3,40,4115,182,0,0,22.6098901098901,0,0,4115,182,0,0,0,0
"622",2023-03-03,3,45,4115,182,0,0,22.6098901098901,0,0,4115,182,0,0,0,0
"623",2023-03-03,3,50,4115,182,0,0,22.6098901098901,0,0,4115,182,0,0,0,0
"624",2023-03-03,3,55,4115,182,0,0,22.6098901098901,0,0,4115,182,0,0,0,0
"625",2023-03-03,4,0,4115,182,0,0,22.6098901098901,0,0,4115,182,0,0,0,0
"626",2023-03-03,4,5,4115,182,0,0,22.6098901098901,0,0,4115,182,0,0,0,0
"627",2023-03-03,4,10,4033,180,0,0,22.6098901098901,0,0,4115,182,0,0,0,0
"628",2023-03-03,4,15,4033,180,0,0,22.6098901098901,0,0,4115,182,0,0,0,0
"629",2023-03-03,4,20,4033,180,0,0,22.6098901098901,0,0,4115,182,0,0,0,0
"630",2023-03-03,4,25,4033,180,0,0,22.6098901098901,0,0,4115,182,0,0,0,0
"631",2023-03-03,4,30,4033,180,0,0,22.6098901098901,0,0,4115,182,0,0,0,0
"632",2023-03-03,4,35,4033,180,0,0,22.6098901098901,0,0,4115,182,0,0,0,0
"633",2023-03-03,4,40,4033,180,0,0,22.6098901098901,0,0,4115,182,0,0,0,0
"634",2023-03-03,4,45,4033,180,0,0,22.6098901098901,0,0,4115,182,0,0,0,0
"635",2023-03-03,4,50,4011,179,0,0,22.6098901098901,0,0,4115,182,0,0,0,0
"636",2023-03-03,4,55,4033,180,0,0,22.6098901098901,0,0,4115,182,0,0,0,0
"637",2023-03-03,5,0,4033,180,0,0,22.4101123595506,0,0,4033,180,0,0,0,0
"638",2023-03-03,5,5,4033,180,0,0,22.4101123595506,0,0,4033,180,0,0,0,0
"639",2023-03-03,5,10,4033,180,0,0,22.4101123595506,0,0,4033,180,0,0,0,0
"640",2023-03-03,5,15,4033,180,0,0,22.4101123595506,0,0,4033,180,0,0,0,0
"641",2023-03-03,5,20,4033,180,0,0,22.4101123595506,0,0,4033,180,0,0,0,0
"642",2023-03-03,5,25,4033,180,0,0,22.4101123595506,0,0,4033,180,0,0,0,0
"643",2023-03-03,5,30,4033,180,0,0,22.4101123595506,0,0,4033,180,0,0,0,0
"644",2023-03-03,5,35,4033,180,0,0,22.4101123595506,0,0,4033,180,0,0,0,0
"645",2023-03-03,5,40,3989,178,0,0,22.4101123595506,0,0,4033,180,0,0,0,0
"646",2023-03-03,5,45,3989,178,0,0,22.4101123595506,0,0,4033,180,0,0,0,0
"647",2023-03-03,5,50,3989,178,0,0,22.4101123595506,0,0,4033,180,0,0,0,0
"648",2023-03-03,5,55,3989,178,0,0,22.4101123595506,0,0,4033,180,0,0,0,0
"649",2023-03-03,6,0,3967,177,0,0,22.4124293785311,0,0,3989,178,0,0,0,0
"650",2023-03-03,6,5,3967,177,0,0,22.4124293785311,0,0,3989,178,0,0,0,0
"651",2023-03-03,6,10,3967,177,0,0,22.4124293785311,0,0,3989,178,0,0,0,0
"652",2023-03-03,6,15,3967,177,0,0,22.4124293785311,0,0,3989,178,0,0,0,0
"653",2023-03-03,6,20,3967,177,0,0,22.4124293785311,0,0,3989,178,0,0,0,0
"654",2023-03-03,6,25,3967,177,0,0,22.4124293785311,0,0,3989,178,0,0,0,0
"655",2023-03-03,6,30,3967,177,0,0,22.4124293785311,0,0,3989,178,0,0,0,0
"656",2023-03-03,6,35,3967,177,0,0,22.4124293785311,0,0,3989,178,0,0,0,0
"657",2023-03-03,6,40,3967,177,0,0,22.4124293785311,0,0,3989,178,0,0,0,0
"658",2023-03-03,6,45,3989,178,0,0,22.4124293785311,0,0,3989,178,0,0,0,0
"659",2023-03-03,6,50,3967,177,0,0,22.4124293785311,0,0,3989,178,0,0,0,0
"660",2023-03-03,6,55,3967,177,0,0,22.4124293785311,0,0,3989,178,0,0,0,0
"661",2023-03-03,7,0,3967,177,0,0,22.4124293785311,0,0,4254,193,0,0,0,0
"662",2023-03-03,7,5,4000,180,0,0,22.4124293785311,0,0,4254,193,0,0,0,0
"663",2023-03-03,7,10,4022,181,0,0,22.4124293785311,0,0,4254,193,0,0,0,0
"664",2023-03-03,7,15,4022,181,0,0,22.4124293785311,0,0,4254,193,0,0,0,0
"665",2023-03-03,7,20,4033,182,0,0,22.4124293785311,0,0,4254,193,0,0,0,0
"666",2023-03-03,7,25,4088,185,0,0,22.4124293785311,0,0,4254,193,0,0,0,0
"667",2023-03-03,7,30,4066,184,0,0,22.4124293785311,0,0,4254,193,0,0,0,0
"668",2023-03-03,7,35,4153,188,0,0,22.4124293785311,0,0,4254,193,0,0,0,0
"669",2023-03-03,7,40,4175,189,0,0,22.4124293785311,0,0,4254,193,0,0,0,0
"670",2023-03-03,7,45,4230,192,0,0,22.4124293785311,0,0,4254,193,0,0,0,0
"671",2023-03-03,7,50,4252,193,0,0,22.4124293785311,0,0,4254,193,0,0,0,0
"672",2023-03-03,7,55,4254,193,0,0,22.4124293785311,0,0,4254,193,0,0,0,0
"673",2023-03-03,8,45,5131,206,0,0,25.1133004926108,0,0,5131,210,0,0,0,0
"674",2023-03-03,8,50,4897,209,0,0,25.1133004926108,0,0,5131,210,0,0,0,0
"675",2023-03-03,8,55,4929,210,0,0,25.1133004926108,0,0,5131,210,0,0,0,0
"676",2023-03-03,8,0,4276,194,0,0,25.1133004926108,0,0,5131,210,0,0,0,0
"677",2023-03-03,8,5,4190,190,0,0,25.1133004926108,0,0,5131,210,0,0,0,0
"678",2023-03-03,8,10,4289,195,0,0,25.1133004926108,0,0,5131,210,0,0,0,0
"679",2023-03-03,8,15,4627,195,0,0,25.1133004926108,0,0,5131,210,0,0,0,0
"680",2023-03-03,8,20,4688,197,0,0,25.1133004926108,0,0,5131,210,0,0,0,0
"681",2023-03-03,8,25,4721,199,0,0,25.1133004926108,0,0,5131,210,0,0,0,0
"682",2023-03-03,8,30,5098,203,0,0,25.1133004926108,0,0,5131,210,0,0,0,0
"683",2023-03-03,8,35,5109,204,0,0,25.1133004926108,0,0,5131,210,0,0,0,0
"684",2023-03-03,8,40,5098,204,0,0,25.1133004926108,0,0,5131,210,0,0,0,0
"685",2023-03-03,9,30,4953,230,0,0,23.5258215962441,0,0,5319,235,0,0,0,0
"686",2023-03-03,9,35,4975,231,0,0,23.5258215962441,0,0,5319,235,0,0,0,0
"687",2023-03-03,9,40,5302,235,0,0,23.5258215962441,0,0,5319,235,0,0,0,0
"688",2023-03-03,9,45,5236,231,0,0,23.5258215962441,0,0,5319,235,0,0,0,0
"689",2023-03-03,9,0,5011,213,0,0,23.5258215962441,0,0,5319,235,0,0,0,0
"690",2023-03-03,9,5,4695,214,0,0,23.5258215962441,0,0,5319,235,0,0,0,0
"691",2023-03-03,9,10,4803,221,0,0,23.5258215962441,0,0,5319,235,0,0,0,0
"692",2023-03-03,9,15,4803,221,0,0,23.5258215962441,0,0,5319,235,0,0,0,0
"693",2023-03-03,9,20,5092,222,0,0,23.5258215962441,0,0,5319,235,0,0,0,0
"694",2023-03-03,9,25,5208,226,0,0,23.5258215962441,0,0,5319,235,0,0,0,0
"695",2023-03-03,9,50,5319,234,0,0,23.5258215962441,0,0,5319,235,0,0,0,0
"696",2023-03-03,9,55,5269,233,0,0,23.5258215962441,0,0,5319,235,0,0,0,0
"697",2023-03-03,10,0,5313,235,0,0,22.6581196581197,0,0,5389,239,0,0,0,0
"698",2023-03-03,10,5,5302,234,0,0,22.6581196581197,0,0,5389,239,0,0,0,0
"699",2023-03-03,10,10,5308,236,0,0,22.6581196581197,0,0,5389,239,0,0,0,0
"700",2023-03-03,10,15,5339,237,0,0,22.6581196581197,0,0,5389,239,0,0,0,0
"701",2023-03-03,10,20,5378,238,0,0,22.6581196581197,0,0,5389,239,0,0,0,0
"702",2023-03-03,10,25,5389,239,0,0,22.6581196581197,0,0,5389,239,0,0,0,0
"703",2023-03-03,10,30,5389,239,0,0,22.6581196581197,0,0,5389,239,0,0,0,0
"704",2023-03-03,10,35,5367,238,0,0,22.6581196581197,0,0,5389,239,0,0,0,0
"705",2023-03-03,10,40,5012,234,0,0,22.6581196581197,0,0,5389,239,0,0,0,0
"706",2023-03-03,10,45,5023,233,0,0,22.6581196581197,0,0,5389,239,0,0,0,0
"707",2023-03-03,10,50,5043,234,0,0,22.6581196581197,0,0,5389,239,0,0,0,0
"708",2023-03-03,10,55,4971,231,0,0,22.6581196581197,0,0,5389,239,0,0,0,0
"709",2023-03-03,11,0,5080,235,0,0,26.3489361702128,0,0,6192,235,0,0,0,0
"710",2023-03-03,11,5,4942,230,0,0,26.3489361702128,0,0,6192,235,0,0,0,0
"711",2023-03-03,11,10,4931,229,0,0,26.3489361702128,0,0,6192,235,0,0,0,0
"712",2023-03-03,11,15,4942,230,0,0,26.3489361702128,0,0,6192,235,0,0,0,0
"713",2023-03-03,11,20,4953,231,0,0,26.3489361702128,0,0,6192,235,0,0,0,0
"714",2023-03-03,11,25,5232,232,0,0,26.3489361702128,0,0,6192,235,0,0,0,0
"715",2023-03-03,11,30,5232,232,0,0,26.3489361702128,0,0,6192,235,0,0,0,0
"716",2023-03-03,11,35,6192,235,0,0,26.3489361702128,0,0,6192,235,0,0,0,0
"717",2023-03-03,11,40,5832,234,0,0,26.3489361702128,0,0,6192,235,0,0,0,0
"718",2023-03-03,11,45,5532,233,0,0,26.3489361702128,0,0,6192,235,0,0,0,0
"719",2023-03-03,11,50,4943,231,0,0,26.3489361702128,0,0,6192,235,0,0,0,0
"720",2023-03-03,11,55,4965,232,0,0,26.3489361702128,0,0,6192,235,0,0,0,0
"721",2023-03-03,12,0,5309,235,0,0,25.1525423728814,0,0,5969,239,0,0,0,0
"722",2023-03-03,12,5,5647,235,0,0,25.1525423728814,0,0,5969,239,0,0,0,0
"723",2023-03-03,12,10,5625,235,0,0,25.1525423728814,0,0,5969,239,0,0,0,0
"724",2023-03-03,12,15,5936,236,0,0,25.1525423728814,0,0,5969,239,0,0,0,0
"725",2023-03-03,12,20,5958,237,0,0,25.1525423728814,0,0,5969,239,0,0,0,0
"726",2023-03-03,12,30,5353,239,0,0,25.1525423728814,0,0,5969,239,0,0,0,0
"727",2023-03-03,12,35,5014,237,0,0,25.1525423728814,0,0,5969,239,0,0,0,0
"728",2023-03-03,12,40,4948,234,0,0,25.1525423728814,0,0,5969,239,0,0,0,0
"729",2023-03-03,12,45,5193,232,0,0,25.1525423728814,0,0,5969,239,0,0,0,0
"730",2023-03-03,12,50,5226,234,0,0,25.1525423728814,0,0,5969,239,0,0,0,0
"731",2023-03-03,12,55,5237,234,0,0,25.1525423728814,0,0,5969,239,0,0,0,0
"732",2023-03-03,12,25,5969,239,0,0,25.1525423728814,0,0,5969,239,0,0,0,0
"733",2023-03-03,13,0,5226,234,0,0,23.1658986175115,0,0,5226,234,0,0,0,0
"734",2023-03-03,13,50,4716,216,0,0,23.1658986175115,0,0,5226,234,0,0,0,0
"735",2023-03-03,13,55,4760,218,0,0,23.1658986175115,0,0,5226,234,0,0,0,0
"736",2023-03-03,13,45,4744,216,0,0,23.1658986175115,0,0,5226,234,0,0,0,0
"737",2023-03-03,13,5,5204,233,0,0,23.1658986175115,0,0,5226,234,0,0,0,0
"738",2023-03-03,13,10,5165,227,0,0,23.1658986175115,0,0,5226,234,0,0,0,0
"739",2023-03-03,13,15,5126,222,0,0,23.1658986175115,0,0,5226,234,0,0,0,0
"740",2023-03-03,13,20,5049,218,0,0,23.1658986175115,0,0,5226,234,0,0,0,0
"741",2023-03-03,13,25,5071,219,0,0,23.1658986175115,0,0,5226,234,0,0,0,0
"742",2023-03-03,13,30,5115,221,0,0,23.1658986175115,0,0,5226,234,0,0,0,0
"743",2023-03-03,13,35,5027,217,0,0,23.1658986175115,0,0,5226,234,0,0,0,0
"744",2023-03-03,13,40,4639,212,0,0,23.1658986175115,0,0,5226,234,0,0,0,0
"745",2023-03-03,14,0,5126,222,0,0,24.3363228699552,0,0,5427,224,0,0,0,0
"746",2023-03-03,14,5,4804,219,0,0,24.3363228699552,0,0,5427,224,0,0,0,0
"747",2023-03-03,14,10,5105,221,0,0,24.3363228699552,0,0,5427,224,0,0,0,0
"748",2023-03-03,14,15,5171,224,0,0,24.3363228699552,0,0,5427,224,0,0,0,0
"749",2023-03-03,14,20,5427,223,0,0,24.3363228699552,0,0,5427,224,0,0,0,0
"750",2023-03-03,14,25,5138,222,0,0,24.3363228699552,0,0,5427,224,0,0,0,0
"751",2023-03-03,14,30,5367,221,0,0,24.3363228699552,0,0,5427,224,0,0,0,0
"752",2023-03-03,14,35,5378,221,0,0,24.3363228699552,0,0,5427,224,0,0,0,0
"753",2023-03-03,14,40,5067,219,0,0,24.3363228699552,0,0,5427,224,0,0,0,0
"754",2023-03-03,14,45,5012,217,0,0,24.3363228699552,0,0,5427,224,0,0,0,0
"755",2023-03-03,14,50,5072,218,0,0,24.3363228699552,0,0,5427,224,0,0,0,0
"756",2023-03-03,14,55,5105,220,0,0,24.3363228699552,0,0,5427,224,0,0,0,0
"757",2023-03-03,15,0,4866,221,0,0,25.8433179723502,0,0,5755,223,0,0,0,0
"758",2023-03-03,15,5,4861,220,0,0,25.8433179723502,0,0,5755,223,0,0,0,0
"759",2023-03-03,15,10,5205,223,0,0,25.8433179723502,0,0,5755,223,0,0,0,0
"760",2023-03-03,15,15,5150,221,0,0,25.8433179723502,0,0,5755,223,0,0,0,0
"761",2023-03-03,15,20,5035,216,0,0,25.8433179723502,0,0,5755,223,0,0,0,0
"762",2023-03-03,15,25,5158,219,0,0,25.8433179723502,0,0,5755,223,0,0,0,0
"763",2023-03-03,15,30,5448,218,0,0,25.8433179723502,0,0,5755,223,0,0,0,0
"764",2023-03-03,15,35,5608,217,0,0,25.8433179723502,0,0,5755,223,0,0,0,0
"765",2023-03-03,15,40,5363,219,0,0,25.8433179723502,0,0,5755,223,0,0,0,0
"766",2023-03-03,15,45,5683,221,0,0,25.8433179723502,0,0,5755,223,0,0,0,0
"767",2023-03-03,15,50,5755,223,0,0,25.8433179723502,0,0,5755,223,0,0,0,0
"768",2023-03-03,15,55,5455,222,0,0,25.8433179723502,0,0,5755,223,0,0,0,0
"769",2023-03-03,16,0,5510,224,0,0,24.5982142857143,0,0,5524,232,0,0,0,0
"770",2023-03-03,16,5,5471,224,0,0,24.5982142857143,0,0,5524,232,0,0,0,0
"771",2023-03-03,16,10,5138,223,0,0,24.5982142857143,0,0,5524,232,0,0,0,0
"772",2023-03-03,16,15,5116,222,0,0,24.5982142857143,0,0,5524,232,0,0,0,0
"773",2023-03-03,16,20,5122,221,0,0,24.5982142857143,0,0,5524,232,0,0,0,0
"774",2023-03-03,16,25,5122,221,0,0,24.5982142857143,0,0,5524,232,0,0,0,0
"775",2023-03-03,16,30,5221,223,0,0,24.5982142857143,0,0,5524,232,0,0,0,0
"776",2023-03-03,16,35,5449,229,0,0,24.5982142857143,0,0,5524,232,0,0,0,0
"777",2023-03-03,16,40,5471,230,0,0,24.5982142857143,0,0,5524,232,0,0,0,0
"778",2023-03-03,16,45,5524,232,0,0,24.5982142857143,0,0,5524,232,0,0,0,0
"779",2023-03-03,16,50,5391,228,0,0,24.5982142857143,0,0,5524,232,0,0,0,0
"780",2023-03-03,16,55,5404,229,0,0,24.5982142857143,0,0,5524,232,0,0,0,0
"781",2023-03-03,17,0,5506,231,0,0,24.8125,0,0,5506,231,0,0,0,0
"782",2023-03-03,17,5,5431,227,0,0,24.8125,0,0,5506,231,0,0,0,0
"783",2023-03-03,17,10,5343,223,0,0,24.8125,0,0,5506,231,0,0,0,0
"784",2023-03-03,17,15,5098,219,0,0,24.8125,0,0,5506,231,0,0,0,0
"785",2023-03-03,17,20,5043,216,0,0,24.8125,0,0,5506,231,0,0,0,0
"786",2023-03-03,17,25,5021,215,0,0,24.8125,0,0,5506,231,0,0,0,0
"787",2023-03-03,17,30,4683,215,0,0,24.8125,0,0,5506,231,0,0,0,0
"788",2023-03-03,17,35,4639,212,0,0,24.8125,0,0,5506,231,0,0,0,0
"789",2023-03-03,17,40,4672,213,0,0,24.8125,0,0,5506,231,0,0,0,0
"790",2023-03-03,17,45,4545,208,0,0,24.8125,0,0,5506,231,0,0,0,0
"791",2023-03-03,17,50,4861,207,0,0,24.8125,0,0,5506,231,0,0,0,0
"792",2023-03-03,17,55,5161,208,0,0,24.8125,0,0,5506,231,0,0,0,0
"793",2023-03-03,18,0,5095,205,0,0,26.285,0,0,5373,205,0,0,0,0
"794",2023-03-03,18,5,5373,205,0,0,26.285,0,0,5373,205,0,0,0,0
"795",2023-03-03,18,10,5290,202,0,0,26.285,0,0,5373,205,0,0,0,0
"796",2023-03-03,18,15,5257,200,0,0,26.285,0,0,5373,205,0,0,0,0
"797",2023-03-03,18,20,5006,199,0,0,26.285,0,0,5373,205,0,0,0,0
"798",2023-03-03,18,25,4964,197,0,0,26.285,0,0,5373,205,0,0,0,0
"799",2023-03-03,18,30,4714,197,0,0,26.285,0,0,5373,205,0,0,0,0
"800",2023-03-03,18,35,5003,198,0,0,26.285,0,0,5373,205,0,0,0,0
"801",2023-03-03,18,40,4921,196,0,0,26.285,0,0,5373,205,0,0,0,0
"802",2023-03-03,18,45,4877,194,0,0,26.285,0,0,5373,205,0,0,0,0
"803",2023-03-03,18,50,4908,195,0,0,26.285,0,0,5373,205,0,0,0,0
"804",2023-03-03,18,55,4825,192,0,0,26.285,0,0,5373,205,0,0,0,0
"805",2023-03-03,19,0,4586,192,0,0,28.6294416243655,0,0,5651,198,0,0,0,0
"806",2023-03-03,19,5,4558,192,0,0,28.6294416243655,0,0,5651,198,0,0,0,0
"807",2023-03-03,19,10,4580,193,0,0,28.6294416243655,0,0,5651,198,0,0,0,0
"808",2023-03-03,19,15,4564,191,0,0,28.6294416243655,0,0,5651,198,0,0,0,0
"809",2023-03-03,19,20,4630,194,0,0,28.6294416243655,0,0,5651,198,0,0,0,0
"810",2023-03-03,19,25,5230,196,0,0,28.6294416243655,0,0,5651,198,0,0,0,0
"811",2023-03-03,19,30,5219,195,0,0,28.6294416243655,0,0,5651,198,0,0,0,0
"812",2023-03-03,19,35,5280,196,0,0,28.6294416243655,0,0,5651,198,0,0,0,0
"813",2023-03-03,19,40,5203,192,0,0,28.6294416243655,0,0,5651,198,0,0,0,0
"814",2023-03-03,19,45,5291,196,0,0,28.6294416243655,0,0,5651,198,0,0,0,0
"815",2023-03-03,19,50,5651,198,0,0,28.6294416243655,0,0,5651,198,0,0,0,0
"816",2023-03-03,19,55,5640,197,0,0,28.6294416243655,0,0,5651,198,0,0,0,0
"817",2023-03-03,20,0,5596,195,0,0,28.6974358974359,0,0,5596,195,0,0,0,0
"818",2023-03-03,20,5,4998,193,0,0,28.6974358974359,0,0,5596,195,0,0,0,0
"819",2023-03-03,20,10,4676,191,0,0,28.6974358974359,0,0,5596,195,0,0,0,0
"820",2023-03-03,20,15,4594,189,0,0,28.6974358974359,0,0,5596,195,0,0,0,0
"821",2023-03-03,20,20,4660,192,0,0,28.6974358974359,0,0,5596,195,0,0,0,0
"822",2023-03-03,20,25,4682,193,0,0,28.6974358974359,0,0,5596,195,0,0,0,0
"823",2023-03-03,20,30,4682,193,0,0,28.6974358974359,0,0,5596,195,0,0,0,0
"824",2023-03-03,20,35,4660,192,0,0,28.6974358974359,0,0,5596,195,0,0,0,0
"825",2023-03-03,20,40,4682,193,0,0,28.6974358974359,0,0,5596,195,0,0,0,0
"826",2023-03-03,20,45,4660,192,0,0,28.6974358974359,0,0,5596,195,0,0,0,0
"827",2023-03-03,20,50,4621,191,0,0,28.6974358974359,0,0,5596,195,0,0,0,0
"828",2023-03-03,20,55,4596,189,0,0,28.6974358974359,0,0,5596,195,0,0,0,0
"829",2023-03-03,21,0,4662,192,0,0,24.3052631578947,0,0,4662,192,0,0,0,0
"830",2023-03-03,21,5,4618,190,0,0,24.3052631578947,0,0,4662,192,0,0,0,0
"831",2023-03-03,21,10,4258,189,0,0,24.3052631578947,0,0,4662,192,0,0,0,0
"832",2023-03-03,21,15,4291,191,0,0,24.3052631578947,0,0,4662,192,0,0,0,0
"833",2023-03-03,21,20,4209,189,0,0,24.3052631578947,0,0,4662,192,0,0,0,0
"834",2023-03-03,21,25,4465,188,0,0,24.3052631578947,0,0,4662,192,0,0,0,0
"835",2023-03-03,21,30,4465,188,0,0,24.3052631578947,0,0,4662,192,0,0,0,0
"836",2023-03-03,21,35,4456,187,0,0,24.3052631578947,0,0,4662,192,0,0,0,0
"837",2023-03-03,21,40,4506,188,0,0,24.3052631578947,0,0,4662,192,0,0,0,0
"838",2023-03-03,21,45,4484,187,0,0,24.3052631578947,0,0,4662,192,0,0,0,0
"839",2023-03-03,21,50,4500,186,0,0,24.3052631578947,0,0,4662,192,0,0,0,0
"840",2023-03-03,21,55,4448,185,0,0,24.3052631578947,0,0,4662,192,0,0,0,0
"841",2023-03-03,22,0,4797,185,0,0,25.9297297297297,0,0,4797,187,0,0,0,0
"842",2023-03-03,22,5,4415,183,0,0,25.9297297297297,0,0,4797,187,0,0,0,0
"843",2023-03-03,22,10,4779,187,0,0,25.9297297297297,0,0,4797,187,0,0,0,0
"844",2023-03-03,22,15,4735,185,0,0,25.9297297297297,0,0,4797,187,0,0,0,0
"845",2023-03-03,22,20,4457,185,0,0,25.9297297297297,0,0,4797,187,0,0,0,0
"846",2023-03-03,22,25,4157,184,0,0,25.9297297297297,0,0,4797,187,0,0,0,0
"847",2023-03-03,22,30,4096,182,0,0,25.9297297297297,0,0,4797,187,0,0,0,0
"848",2023-03-03,22,35,4096,182,0,0,25.9297297297297,0,0,4797,187,0,0,0,0
"849",2023-03-03,22,40,4096,182,0,0,25.9297297297297,0,0,4797,187,0,0,0,0
"850",2023-03-03,22,45,4096,182,0,0,25.9297297297297,0,0,4797,187,0,0,0,0
"851",2023-03-03,22,50,4096,182,0,0,25.9297297297297,0,0,4797,187,0,0,0,0
"852",2023-03-03,22,55,4146,183,0,0,25.9297297297297,0,0,4797,187,0,0,0,0
"853",2023-03-03,23,0,4135,183,0,0,22.6593406593407,0,0,4135,183,0,0,0,0
"854",2023-03-03,23,5,4124,182,0,0,22.6593406593407,0,0,4135,183,0,0,0,0
"855",2023-03-03,23,10,4124,182,0,0,22.6593406593407,0,0,4135,183,0,0,0,0
"856",2023-03-03,23,15,4124,182,0,0,22.6593406593407,0,0,4135,183,0,0,0,0
"857",2023-03-03,23,20,4124,182,0,0,22.6593406593407,0,0,4135,183,0,0,0,0
"858",2023-03-03,23,25,4124,182,0,0,22.6593406593407,0,0,4135,183,0,0,0,0
"859",2023-03-03,23,30,4124,182,0,0,22.6593406593407,0,0,4135,183,0,0,0,0
"860",2023-03-03,23,35,4064,181,0,0,22.6593406593407,0,0,4135,183,0,0,0,0
"861",2023-03-03,23,40,4042,180,0,0,22.6593406593407,0,0,4135,183,0,0,0,0
"862",2023-03-03,23,45,3992,179,0,0,22.6593406593407,0,0,4135,183,0,0,0,0
"863",2023-03-03,23,50,3992,179,0,0,22.6593406593407,0,0,4135,183,0,0,0,0
"864",2023-03-03,23,55,3981,178,0,0,22.6593406593407,0,0,4135,183,0,0,0,0
"865",2023-03-04,0,0,3499,155,0,0,22.7452229299363,0,0,3571,157,0,0,0,0
"866",2023-03-04,0,5,3571,157,0,0,22.7452229299363,0,0,3571,157,0,0,0,0
"867",2023-03-04,0,10,3521,156,0,0,22.7452229299363,0,0,3571,157,0,0,0,0
"868",2023-03-04,0,15,3499,155,0,0,22.7452229299363,0,0,3571,157,0,0,0,0
"869",2023-03-04,0,20,3479,154,0,0,22.7452229299363,0,0,3571,157,0,0,0,0
"870",2023-03-04,0,25,3479,154,0,0,22.7452229299363,0,0,3571,157,0,0,0,0
"871",2023-03-04,0,30,3435,152,0,0,22.7452229299363,0,0,3571,157,0,0,0,0
"872",2023-03-04,0,35,3457,153,0,0,22.7452229299363,0,0,3571,157,0,0,0,0
"873",2023-03-04,0,40,3479,154,0,0,22.7452229299363,0,0,3571,157,0,0,0,0
"874",2023-03-04,0,45,3479,154,0,0,22.7452229299363,0,0,3571,157,0,0,0,0
"875",2023-03-04,0,50,3459,153,0,0,22.7452229299363,0,0,3571,157,0,0,0,0
"876",2023-03-04,0,55,3415,151,0,0,22.7452229299363,0,0,3571,157,0,0,0,0
"877",2023-03-04,1,0,4171,174,0,0,23.9826589595376,0,0,4171,174,0,0,0,0
"878",2023-03-04,1,5,4149,173,0,0,23.9826589595376,0,0,4171,174,0,0,0,0
"879",2023-03-04,1,10,3849,172,0,0,23.9826589595376,0,0,4171,174,0,0,0,0
"880",2023-03-04,1,15,3849,172,0,0,23.9826589595376,0,0,4171,174,0,0,0,0
"881",2023-03-04,1,20,3827,171,0,0,23.9826589595376,0,0,4171,174,0,0,0,0
"882",2023-03-04,1,25,3827,171,0,0,23.9826589595376,0,0,4171,174,0,0,0,0
"883",2023-03-04,1,30,3827,171,0,0,23.9826589595376,0,0,4171,174,0,0,0,0
"884",2023-03-04,1,35,3849,172,0,0,23.9826589595376,0,0,4171,174,0,0,0,0
"885",2023-03-04,1,40,3871,173,0,0,23.9826589595376,0,0,4171,174,0,0,0,0
"886",2023-03-04,1,45,3849,172,0,0,23.9826589595376,0,0,4171,174,0,0,0,0
"887",2023-03-04,1,50,3849,172,0,0,23.9826589595376,0,0,4171,174,0,0,0,0
"888",2023-03-04,1,55,3827,171,0,0,23.9826589595376,0,0,4171,174,0,0,0,0
"889",2023-03-04,2,0,3805,170,0,0,22.3846153846154,0,0,3805,170,0,0,0,0
"890",2023-03-04,2,5,3805,170,0,0,22.3846153846154,0,0,3805,170,0,0,0,0
"891",2023-03-04,2,10,3805,170,0,0,22.3846153846154,0,0,3805,170,0,0,0,0
"892",2023-03-04,2,15,3805,170,0,0,22.3846153846154,0,0,3805,170,0,0,0,0
"893",2023-03-04,2,20,3805,170,0,0,22.3846153846154,0,0,3805,170,0,0,0,0
"894",2023-03-04,2,25,3805,170,0,0,22.3846153846154,0,0,3805,170,0,0,0,0
"895",2023-03-04,2,30,3805,170,0,0,22.3846153846154,0,0,3805,170,0,0,0,0
"896",2023-03-04,2,35,3805,170,0,0,22.3846153846154,0,0,3805,170,0,0,0,0
"897",2023-03-04,2,40,3805,170,0,0,22.3846153846154,0,0,3805,170,0,0,0,0
"898",2023-03-04,2,45,3805,170,0,0,22.3846153846154,0,0,3805,170,0,0,0,0
"899",2023-03-04,2,50,3805,170,0,0,22.3846153846154,0,0,3805,170,0,0,0,0
"900",2023-03-04,2,55,3783,169,0,0,22.3846153846154,0,0,3805,170,0,0,0,0
"901",2023-03-04,3,0,3772,168,0,0,22.4578313253012,0,0,3772,168,0,0,0,0
"902",2023-03-04,3,5,3750,167,0,0,22.4578313253012,0,0,3772,168,0,0,0,0
"903",2023-03-04,3,10,3750,167,0,0,22.4578313253012,0,0,3772,168,0,0,0,0
"904",2023-03-04,3,15,3728,166,0,0,22.4578313253012,0,0,3772,168,0,0,0,0
"905",2023-03-04,3,20,3728,166,0,0,22.4578313253012,0,0,3772,168,0,0,0,0
"906",2023-03-04,3,25,3728,166,0,0,22.4578313253012,0,0,3772,168,0,0,0,0
"907",2023-03-04,3,30,3728,166,0,0,22.4578313253012,0,0,3772,168,0,0,0,0
"908",2023-03-04,3,35,3728,166,0,0,22.4578313253012,0,0,3772,168,0,0,0,0
"909",2023-03-04,3,40,3728,166,0,0,22.4578313253012,0,0,3772,168,0,0,0,0
"910",2023-03-04,3,45,3728,166,0,0,22.4578313253012,0,0,3772,168,0,0,0,0
"911",2023-03-04,3,50,3728,166,0,0,22.4578313253012,0,0,3772,168,0,0,0,0
"912",2023-03-04,3,55,3728,166,0,0,22.4578313253012,0,0,3772,168,0,0,0,0
"913",2023-03-04,4,0,3728,166,0,0,22.4578313253012,0,0,3728,166,0,0,0,0
"914",2023-03-04,4,5,3728,166,0,0,22.4578313253012,0,0,3728,166,0,0,0,0
"915",2023-03-04,4,10,3728,166,0,0,22.4578313253012,0,0,3728,166,0,0,0,0
"916",2023-03-04,4,15,3728,166,0,0,22.4578313253012,0,0,3728,166,0,0,0,0
"917",2023-03-04,4,20,3728,166,0,0,22.4578313253012,0,0,3728,166,0,0,0,0
"918",2023-03-04,4,25,3728,166,0,0,22.4578313253012,0,0,3728,166,0,0,0,0
"919",2023-03-04,4,30,3728,166,0,0,22.4578313253012,0,0,3728,166,0,0,0,0
"920",2023-03-04,4,35,3728,166,0,0,22.4578313253012,0,0,3728,166,0,0,0,0
"921",2023-03-04,4,40,3728,166,0,0,22.4578313253012,0,0,3728,166,0,0,0,0
"922",2023-03-04,4,45,3728,166,0,0,22.4578313253012,0,0,3728,166,0,0,0,0
"923",2023-03-04,4,50,3728,166,0,0,22.4578313253012,0,0,3728,166,0,0,0,0
"924",2023-03-04,4,55,3728,166,0,0,22.4578313253012,0,0,3728,166,0,0,0,0
"925",2023-03-04,5,0,3728,166,0,0,22.4634146341463,0,0,3728,166,0,0,0,0
"926",2023-03-04,5,5,3706,165,0,0,22.4634146341463,0,0,3728,166,0,0,0,0
"927",2023-03-04,5,10,3706,165,0,0,22.4634146341463,0,0,3728,166,0,0,0,0
"928",2023-03-04,5,15,3706,165,0,0,22.4634146341463,0,0,3728,166,0,0,0,0
"929",2023-03-04,5,20,3706,165,0,0,22.4634146341463,0,0,3728,166,0,0,0,0
"930",2023-03-04,5,25,3706,165,0,0,22.4634146341463,0,0,3728,166,0,0,0,0
"931",2023-03-04,5,30,3706,165,0,0,22.4634146341463,0,0,3728,166,0,0,0,0
"932",2023-03-04,5,35,3706,165,0,0,22.4634146341463,0,0,3728,166,0,0,0,0
"933",2023-03-04,5,40,3706,165,0,0,22.4634146341463,0,0,3728,166,0,0,0,0
"934",2023-03-04,5,45,3706,165,0,0,22.4634146341463,0,0,3728,166,0,0,0,0
"935",2023-03-04,5,50,3706,165,0,0,22.4634146341463,0,0,3728,166,0,0,0,0
"936",2023-03-04,5,55,3684,164,0,0,22.4634146341463,0,0,3728,166,0,0,0,0
"937",2023-03-04,6,0,3684,164,0,0,22.4634146341463,0,0,3684,164,0,0,0,0
"938",2023-03-04,6,5,3684,164,0,0,22.4634146341463,0,0,3684,164,0,0,0,0
"939",2023-03-04,6,10,3684,164,0,0,22.4634146341463,0,0,3684,164,0,0,0,0
"940",2023-03-04,6,15,3684,164,0,0,22.4634146341463,0,0,3684,164,0,0,0,0
"941",2023-03-04,6,20,3684,164,0,0,22.4634146341463,0,0,3684,164,0,0,0,0
"942",2023-03-04,6,25,3684,164,0,0,22.4634146341463,0,0,3684,164,0,0,0,0
"943",2023-03-04,6,30,3684,164,0,0,22.4634146341463,0,0,3684,164,0,0,0,0
"944",2023-03-04,6,35,3684,164,0,0,22.4634146341463,0,0,3684,164,0,0,0,0
"945",2023-03-04,6,40,3684,164,0,0,22.4634146341463,0,0,3684,164,0,0,0,0
"946",2023-03-04,6,45,3684,164,0,0,22.4634146341463,0,0,3684,164,0,0,0,0
"947",2023-03-04,6,50,3684,164,0,0,22.4634146341463,0,0,3684,164,0,0,0,0
"948",2023-03-04,6,55,3684,164,0,0,22.4634146341463,0,0,3684,164,0,0,0,0
"949",2023-03-04,7,0,3673,163,0,0,22.6086956521739,0,0,3673,163,0,0,0,0
"950",2023-03-04,7,5,3673,163,0,0,22.6086956521739,0,0,3673,163,0,0,0,0
"951",2023-03-04,7,10,3673,163,0,0,22.6086956521739,0,0,3673,163,0,0,0,0
"952",2023-03-04,7,15,3640,161,0,0,22.6086956521739,0,0,3673,163,0,0,0,0
"953",2023-03-04,7,20,3651,162,0,0,22.6086956521739,0,0,3673,163,0,0,0,0
"954",2023-03-04,7,25,3651,162,0,0,22.6086956521739,0,0,3673,163,0,0,0,0
"955",2023-03-04,7,30,3651,162,0,0,22.6086956521739,0,0,3673,163,0,0,0,0
"956",2023-03-04,7,35,3651,162,0,0,22.6086956521739,0,0,3673,163,0,0,0,0
"957",2023-03-04,7,40,3662,163,0,0,22.6086956521739,0,0,3673,163,0,0,0,0
"958",2023-03-04,7,45,3618,161,0,0,22.6086956521739,0,0,3673,163,0,0,0,0
"959",2023-03-04,7,50,3618,161,0,0,22.6086956521739,0,0,3673,163,0,0,0,0
"960",2023-03-04,7,55,3629,161,0,0,22.6086956521739,0,0,3673,163,0,0,0,0
"961",2023-03-04,8,0,3629,161,0,0,24.3148148148148,0,0,3939,162,0,0,0,0
"962",2023-03-04,8,5,3629,161,0,0,24.3148148148148,0,0,3939,162,0,0,0,0
"963",2023-03-04,8,10,3629,161,0,0,24.3148148148148,0,0,3939,162,0,0,0,0
"964",2023-03-04,8,15,3661,162,0,0,24.3148148148148,0,0,3939,162,0,0,0,0
"965",2023-03-04,8,20,3939,162,0,0,24.3148148148148,0,0,3939,162,0,0,0,0
"966",2023-03-04,8,25,3595,159,0,0,24.3148148148148,0,0,3939,162,0,0,0,0
"967",2023-03-04,8,30,3595,159,0,0,24.3148148148148,0,0,3939,162,0,0,0,0
"968",2023-03-04,8,35,3595,159,0,0,24.3148148148148,0,0,3939,162,0,0,0,0
"969",2023-03-04,8,40,3604,160,0,0,24.3148148148148,0,0,3939,162,0,0,0,0
"970",2023-03-04,8,45,3582,159,0,0,24.3148148148148,0,0,3939,162,0,0,0,0
"971",2023-03-04,8,50,3582,159,0,0,24.3148148148148,0,0,3939,162,0,0,0,0
"972",2023-03-04,8,55,3582,159,0,0,24.3148148148148,0,0,3939,162,0,0,0,0
"973",2023-03-04,9,0,3540,158,0,0,24.2335329341317,0,0,4157,172,0,0,0,0
"974",2023-03-04,9,5,3562,159,0,0,24.2335329341317,0,0,4157,172,0,0,0,0
"975",2023-03-04,9,10,3573,160,0,0,24.2335329341317,0,0,4157,172,0,0,0,0
"976",2023-03-04,9,15,3551,159,0,0,24.2335329341317,0,0,4157,172,0,0,0,0
"977",2023-03-04,9,20,3579,159,0,0,24.2335329341317,0,0,4157,172,0,0,0,0
"978",2023-03-04,9,25,3518,159,0,0,24.2335329341317,0,0,4157,172,0,0,0,0
"979",2023-03-04,9,30,3562,161,0,0,24.2335329341317,0,0,4157,172,0,0,0,0
"980",2023-03-04,9,35,3606,163,0,0,24.2335329341317,0,0,4157,172,0,0,0,0
"981",2023-03-04,9,40,3656,164,0,0,24.2335329341317,0,0,4157,172,0,0,0,0
"982",2023-03-04,9,45,3997,166,0,0,24.2335329341317,0,0,4157,172,0,0,0,0
"983",2023-03-04,9,50,4047,167,0,0,24.2335329341317,0,0,4157,172,0,0,0,0
"984",2023-03-04,9,55,4157,172,0,0,24.2335329341317,0,0,4157,172,0,0,0,0
"985",2023-03-04,10,0,4173,175,0,0,23.8457142857143,0,0,4603,195,0,0,0,0
"986",2023-03-04,10,5,4314,182,0,0,23.8457142857143,0,0,4603,195,0,0,0,0
"987",2023-03-04,10,10,4033,182,0,0,23.8457142857143,0,0,4603,195,0,0,0,0
"988",2023-03-04,10,15,4027,183,0,0,23.8457142857143,0,0,4603,195,0,0,0,0
"989",2023-03-04,10,20,4082,186,0,0,23.8457142857143,0,0,4603,195,0,0,0,0
"990",2023-03-04,10,25,4154,189,0,0,23.8457142857143,0,0,4603,195,0,0,0,0
"991",2023-03-04,10,30,4100,187,0,0,23.8457142857143,0,0,4603,195,0,0,0,0
"992",2023-03-04,10,35,4515,191,0,0,23.8457142857143,0,0,4603,195,0,0,0,0
"993",2023-03-04,10,40,4493,190,0,0,23.8457142857143,0,0,4603,195,0,0,0,0
"994",2023-03-04,10,45,4537,192,0,0,23.8457142857143,0,0,4603,195,0,0,0,0
"995",2023-03-04,10,50,4603,195,0,0,23.8457142857143,0,0,4603,195,0,0,0,0
"996",2023-03-04,10,55,4573,195,0,0,23.8457142857143,0,0,4603,195,0,0,0,0
"997",2023-03-04,11,0,4301,194,0,0,23.5707070707071,0,0,4799,206,0,0,0,0
"998",2023-03-04,11,5,4667,198,0,0,23.5707070707071,0,0,4799,206,0,0,0,0
"999",2023-03-04,11,10,4711,201,0,0,23.5707070707071,0,0,4799,206,0,0,0,0
"1000",2023-03-04,11,15,4799,205,0,0,23.5707070707071,0,0,4799,206,0,0,0,0
"1001",2023-03-04,11,20,4727,203,0,0,23.5707070707071,0,0,4799,206,0,0,0,0
"1002",2023-03-04,11,25,4677,203,0,0,23.5707070707071,0,0,4799,206,0,0,0,0
"1003",2023-03-04,11,30,4432,205,0,0,23.5707070707071,0,0,4799,206,0,0,0,0
"1004",2023-03-04,11,35,4434,205,0,0,23.5707070707071,0,0,4799,206,0,0,0,0
"1005",2023-03-04,11,40,4347,204,0,0,23.5707070707071,0,0,4799,206,0,0,0,0
"1006",2023-03-04,11,45,4369,205,0,0,23.5707070707071,0,0,4799,206,0,0,0,0
"1007",2023-03-04,11,50,4400,206,0,0,23.5707070707071,0,0,4799,206,0,0,0,0
"1008",2023-03-04,11,55,4400,206,0,0,23.5707070707071,0,0,4799,206,0,0,0,0
"1009",2023-03-04,12,0,4461,207,0,0,24.3719806763285,0,0,5138,213,0,0,0,0
"1010",2023-03-04,12,5,4395,204,0,0,24.3719806763285,0,0,5138,213,0,0,0,0
"1011",2023-03-04,12,10,4401,203,0,0,24.3719806763285,0,0,5138,213,0,0,0,0
"1012",2023-03-04,12,15,4701,204,0,0,24.3719806763285,0,0,5138,213,0,0,0,0
"1013",2023-03-04,12,20,5045,207,0,0,24.3719806763285,0,0,5138,213,0,0,0,0
"1014",2023-03-04,12,25,5067,208,0,0,24.3719806763285,0,0,5138,213,0,0,0,0
"1015",2023-03-04,12,30,4778,207,0,0,24.3719806763285,0,0,5138,213,0,0,0,0
"1016",2023-03-04,12,35,4789,209,0,0,24.3719806763285,0,0,5138,213,0,0,0,0
"1017",2023-03-04,12,40,4767,207,0,0,24.3719806763285,0,0,5138,213,0,0,0,0
"1018",2023-03-04,12,45,5094,211,0,0,24.3719806763285,0,0,5138,213,0,0,0,0
"1019",2023-03-04,12,50,5138,213,0,0,24.3719806763285,0,0,5138,213,0,0,0,0
"1020",2023-03-04,12,55,4211,184,0,0,24.3719806763285,0,0,5138,213,0,0,0,0
"1021",2023-03-04,13,0,3933,184,0,0,24.8253968253968,0,0,5221,213,0,0,0,0
"1022",2023-03-04,13,5,3944,184,0,0,24.8253968253968,0,0,5221,213,0,0,0,0
"1023",2023-03-04,13,10,3977,186,0,0,24.8253968253968,0,0,5221,213,0,0,0,0
"1024",2023-03-04,13,15,4321,190,0,0,24.8253968253968,0,0,5221,213,0,0,0,0
"1025",2023-03-04,13,20,4692,191,0,0,24.8253968253968,0,0,5221,213,0,0,0,0
"1026",2023-03-04,13,25,4692,189,0,0,24.8253968253968,0,0,5221,213,0,0,0,0
"1027",2023-03-04,13,30,4817,208,0,0,24.8253968253968,0,0,5221,213,0,0,0,0
"1028",2023-03-04,13,35,5221,211,0,0,24.8253968253968,0,0,5221,213,0,0,0,0
"1029",2023-03-04,13,40,4987,213,0,0,24.8253968253968,0,0,5221,213,0,0,0,0
"1030",2023-03-04,13,45,4945,211,0,0,24.8253968253968,0,0,5221,213,0,0,0,0
"1031",2023-03-04,13,50,4873,209,0,0,24.8253968253968,0,0,5221,213,0,0,0,0
"1032",2023-03-04,13,55,4884,208,0,0,24.8253968253968,0,0,5221,213,0,0,0,0
"1033",2023-03-04,14,0,4917,210,0,0,23.4711538461538,0,0,4917,210,0,0,0,0
"1034",2023-03-04,14,5,4873,208,0,0,23.4711538461538,0,0,4917,210,0,0,0,0
"1035",2023-03-04,14,10,4802,206,0,0,23.4711538461538,0,0,4917,210,0,0,0,0
"1036",2023-03-04,14,15,4874,208,0,0,23.4711538461538,0,0,4917,210,0,0,0,0
"1037",2023-03-04,14,20,4498,206,0,0,23.4711538461538,0,0,4917,210,0,0,0,0
"1038",2023-03-04,14,25,4487,206,0,0,23.4711538461538,0,0,4917,210,0,0,0,0
"1039",2023-03-04,14,30,4559,208,0,0,23.4711538461538,0,0,4917,210,0,0,0,0
"1040",2023-03-04,14,35,4601,210,0,0,23.4711538461538,0,0,4917,210,0,0,0,0
"1041",2023-03-04,14,40,4579,209,0,0,23.4711538461538,0,0,4917,210,0,0,0,0
"1042",2023-03-04,14,45,4601,210,0,0,23.4711538461538,0,0,4917,210,0,0,0,0
"1043",2023-03-04,14,50,4612,210,0,0,23.4711538461538,0,0,4917,210,0,0,0,0
"1044",2023-03-04,14,55,4882,208,0,0,23.4711538461538,0,0,4917,210,0,0,0,0
"1045",2023-03-04,15,0,4832,207,0,0,24.0854271356784,0,0,4832,207,0,0,0,0
"1046",2023-03-04,15,5,4783,203,0,0,24.0854271356784,0,0,4832,207,0,0,0,0
"1047",2023-03-04,15,10,4789,202,0,0,24.0854271356784,0,0,4832,207,0,0,0,0
"1048",2023-03-04,15,15,4361,198,0,0,24.0854271356784,0,0,4832,207,0,0,0,0
"1049",2023-03-04,15,20,4672,200,0,0,24.0854271356784,0,0,4832,207,0,0,0,0
"1050",2023-03-04,15,25,4733,202,0,0,24.0854271356784,0,0,4832,207,0,0,0,0
"1051",2023-03-04,15,30,4805,204,0,0,24.0854271356784,0,0,4832,207,0,0,0,0
"1052",2023-03-04,15,35,4805,204,0,0,24.0854271356784,0,0,4832,207,0,0,0,0
"1053",2023-03-04,15,40,3771,157,0,0,24.0854271356784,0,0,4832,207,0,0,0,0
"1054",2023-03-04,15,45,4809,201,0,0,24.0854271356784,0,0,4832,207,0,0,0,0
"1055",2023-03-04,15,50,4809,201,0,0,24.0854271356784,0,0,4832,207,0,0,0,0
"1056",2023-03-04,15,55,4793,199,0,0,24.0854271356784,0,0,4832,207,0,0,0,0
"1057",2023-03-04,16,0,4837,201,0,0,24.1616161616162,0,0,4837,201,0,0,0,0
"1058",2023-03-04,16,5,4837,201,0,0,24.1616161616162,0,0,4837,201,0,0,0,0
"1059",2023-03-04,16,10,4826,200,0,0,24.1616161616162,0,0,4837,201,0,0,0,0
"1060",2023-03-04,16,15,4784,198,0,0,24.1616161616162,0,0,4837,201,0,0,0,0
"1061",2023-03-04,16,20,4490,200,0,0,24.1616161616162,0,0,4837,201,0,0,0,0
"1062",2023-03-04,16,25,4724,199,0,0,24.1616161616162,0,0,4837,201,0,0,0,0
"1063",2023-03-04,16,30,4547,193,0,0,24.1616161616162,0,0,4837,201,0,0,0,0
"1064",2023-03-04,16,35,4596,195,0,0,24.1616161616162,0,0,4837,201,0,0,0,0
"1065",2023-03-04,16,40,4340,197,0,0,24.1616161616162,0,0,4837,201,0,0,0,0
"1066",2023-03-04,16,45,4311,198,0,0,24.1616161616162,0,0,4837,201,0,0,0,0
"1067",2023-03-04,16,50,4300,197,0,0,24.1616161616162,0,0,4837,201,0,0,0,0
"1068",2023-03-04,16,55,4256,195,0,0,24.1616161616162,0,0,4837,201,0,0,0,0
"1069",2023-03-04,17,0,4273,194,0,0,23.7789473684211,0,0,4595,195,0,0,0,0
"1070",2023-03-04,17,5,4273,194,0,0,23.7789473684211,0,0,4595,195,0,0,0,0
"1071",2023-03-04,17,10,4573,195,0,0,23.7789473684211,0,0,4595,195,0,0,0,0
"1072",2023-03-04,17,15,4595,195,0,0,23.7789473684211,0,0,4595,195,0,0,0,0
"1073",2023-03-04,17,20,4584,194,0,0,23.7789473684211,0,0,4595,195,0,0,0,0
"1074",2023-03-04,17,25,4595,194,0,0,23.7789473684211,0,0,4595,195,0,0,0,0
"1075",2023-03-04,17,30,4518,190,0,0,23.7789473684211,0,0,4595,195,0,0,0,0
"1076",2023-03-04,17,35,4463,188,0,0,23.7789473684211,0,0,4595,195,0,0,0,0
"1077",2023-03-04,17,40,4218,189,0,0,23.7789473684211,0,0,4595,195,0,0,0,0
"1078",2023-03-04,17,45,4257,190,0,0,23.7789473684211,0,0,4595,195,0,0,0,0
"1079",2023-03-04,17,50,4257,190,0,0,23.7789473684211,0,0,4595,195,0,0,0,0
"1080",2023-03-04,17,55,4119,185,0,0,23.7789473684211,0,0,4595,195,0,0,0,0
"1081",2023-03-04,18,0,4195,188,0,0,24.1720430107527,0,0,4496,191,0,0,0,0
"1082",2023-03-04,18,5,4239,190,0,0,24.1720430107527,0,0,4496,191,0,0,0,0
"1083",2023-03-04,18,10,4206,188,0,0,24.1720430107527,0,0,4496,191,0,0,0,0
"1084",2023-03-04,18,15,4272,191,0,0,24.1720430107527,0,0,4496,191,0,0,0,0
"1085",2023-03-04,18,20,4235,188,0,0,24.1720430107527,0,0,4496,191,0,0,0,0
"1086",2023-03-04,18,25,4463,187,0,0,24.1720430107527,0,0,4496,191,0,0,0,0
"1087",2023-03-04,18,30,4463,186,0,0,24.1720430107527,0,0,4496,191,0,0,0,0
"1088",2023-03-04,18,35,4146,184,0,0,24.1720430107527,0,0,4496,191,0,0,0,0
"1089",2023-03-04,18,40,4496,186,0,0,24.1720430107527,0,0,4496,191,0,0,0,0
"1090",2023-03-04,18,45,4405,185,0,0,24.1720430107527,0,0,4496,191,0,0,0,0
"1091",2023-03-04,18,50,4427,186,0,0,24.1720430107527,0,0,4496,191,0,0,0,0
"1092",2023-03-04,18,55,4416,185,0,0,24.1720430107527,0,0,4496,191,0,0,0,0
"1093",2023-03-04,19,0,4403,184,0,0,25.4590163934426,0,0,4659,190,0,0,0,0
"1094",2023-03-04,19,5,4403,184,0,0,25.4590163934426,0,0,4659,190,0,0,0,0
"1095",2023-03-04,19,10,4659,183,0,0,25.4590163934426,0,0,4659,190,0,0,0,0
"1096",2023-03-04,19,15,4605,181,0,0,25.4590163934426,0,0,4659,190,0,0,0,0
"1097",2023-03-04,19,20,4277,180,0,0,25.4590163934426,0,0,4659,190,0,0,0,0
"1098",2023-03-04,19,25,4277,180,0,0,25.4590163934426,0,0,4659,190,0,0,0,0
"1099",2023-03-04,19,30,4343,183,0,0,25.4590163934426,0,0,4659,190,0,0,0,0
"1100",2023-03-04,19,35,4385,185,0,0,25.4590163934426,0,0,4659,190,0,0,0,0
"1101",2023-03-04,19,40,4201,188,0,0,25.4590163934426,0,0,4659,190,0,0,0,0
"1102",2023-03-04,19,45,4223,189,0,0,25.4590163934426,0,0,4659,190,0,0,0,0
"1103",2023-03-04,19,50,4223,189,0,0,25.4590163934426,0,0,4659,190,0,0,0,0
"1104",2023-03-04,19,55,4234,190,0,0,25.4590163934426,0,0,4659,190,0,0,0,0
"1105",2023-03-04,20,0,4550,190,0,0,24.4210526315789,0,0,4656,193,0,0,0,0
"1106",2023-03-04,20,5,4506,188,0,0,24.4210526315789,0,0,4656,193,0,0,0,0
"1107",2023-03-04,20,10,4528,189,0,0,24.4210526315789,0,0,4656,193,0,0,0,0
"1108",2023-03-04,20,15,4500,189,0,0,24.4210526315789,0,0,4656,193,0,0,0,0
"1109",2023-03-04,20,20,4550,190,0,0,24.4210526315789,0,0,4656,193,0,0,0,0
"1110",2023-03-04,20,25,4250,189,0,0,24.4210526315789,0,0,4656,193,0,0,0,0
"1111",2023-03-04,20,30,4338,190,0,0,24.4210526315789,0,0,4656,193,0,0,0,0
"1112",2023-03-04,20,35,4638,190,0,0,24.4210526315789,0,0,4656,193,0,0,0,0
"1113",2023-03-04,20,40,4316,188,0,0,24.4210526315789,0,0,4656,193,0,0,0,0
"1114",2023-03-04,20,45,4362,190,0,0,24.4210526315789,0,0,4656,193,0,0,0,0
"1115",2023-03-04,20,50,4640,190,0,0,24.4210526315789,0,0,4656,193,0,0,0,0
"1116",2023-03-04,20,55,4656,193,0,0,24.4210526315789,0,0,4656,193,0,0,0,0
"1117",2023-03-04,21,0,4667,193,0,0,28.7527472527473,0,0,5277,193,0,0,0,0
"1118",2023-03-04,21,5,4573,190,0,0,28.7527472527473,0,0,5277,193,0,0,0,0
"1119",2023-03-04,21,10,4505,187,0,0,28.7527472527473,0,0,5277,193,0,0,0,0
"1120",2023-03-04,21,15,4483,186,0,0,28.7527472527473,0,0,5277,193,0,0,0,0
"1121",2023-03-04,21,20,4413,184,0,0,28.7527472527473,0,0,5277,193,0,0,0,0
"1122",2023-03-04,21,25,4721,184,0,0,28.7527472527473,0,0,5277,193,0,0,0,0
"1123",2023-03-04,21,30,4699,183,0,0,28.7527472527473,0,0,5277,193,0,0,0,0
"1124",2023-03-04,21,35,4999,184,0,0,28.7527472527473,0,0,5277,193,0,0,0,0
"1125",2023-03-04,21,40,5277,184,0,0,28.7527472527473,0,0,5277,193,0,0,0,0
"1126",2023-03-04,21,45,5233,182,0,0,28.7527472527473,0,0,5277,193,0,0,0,0
"1127",2023-03-04,21,50,5233,182,0,0,28.7527472527473,0,0,5277,193,0,0,0,0
"1128",2023-03-04,21,55,4983,182,0,0,28.7527472527473,0,0,5277,193,0,0,0,0
"1129",2023-03-04,22,0,4743,182,0,0,26.1666666666667,0,0,4743,182,0,0,0,0
"1130",2023-03-04,22,5,4732,181,0,0,26.1666666666667,0,0,4743,182,0,0,0,0
"1131",2023-03-04,22,10,4710,180,0,0,26.1666666666667,0,0,4743,182,0,0,0,0
"1132",2023-03-04,22,15,4317,177,0,0,26.1666666666667,0,0,4743,182,0,0,0,0
"1133",2023-03-04,22,20,4317,177,0,0,26.1666666666667,0,0,4743,182,0,0,0,0
"1134",2023-03-04,22,25,4639,179,0,0,26.1666666666667,0,0,4743,182,0,0,0,0
"1135",2023-03-04,22,30,4295,176,0,0,26.1666666666667,0,0,4743,182,0,0,0,0
"1136",2023-03-04,22,35,4273,175,0,0,26.1666666666667,0,0,4743,182,0,0,0,0
"1137",2023-03-04,22,40,4262,174,0,0,26.1666666666667,0,0,4743,182,0,0,0,0
"1138",2023-03-04,22,45,4218,172,0,0,26.1666666666667,0,0,4743,182,0,0,0,0
"1139",2023-03-04,22,50,4158,171,0,0,26.1666666666667,0,0,4743,182,0,0,0,0
"1140",2023-03-04,22,55,4092,168,0,0,26.1666666666667,0,0,4743,182,0,0,0,0
"1141",2023-03-04,23,0,4070,167,0,0,24.3712574850299,0,0,4070,167,0,0,0,0
"1142",2023-03-04,23,5,3704,163,0,0,24.3712574850299,0,0,4070,167,0,0,0,0
"1143",2023-03-04,23,10,3693,163,0,0,24.3712574850299,0,0,4070,167,0,0,0,0
"1144",2023-03-04,23,15,3649,161,0,0,24.3712574850299,0,0,4070,167,0,0,0,0
"1145",2023-03-04,23,20,3605,159,0,0,24.3712574850299,0,0,4070,167,0,0,0,0
"1146",2023-03-04,23,25,3587,159,0,0,24.3712574850299,0,0,4070,167,0,0,0,0
"1147",2023-03-04,23,30,3565,158,0,0,24.3712574850299,0,0,4070,167,0,0,0,0
"1148",2023-03-04,23,35,3565,158,0,0,24.3712574850299,0,0,4070,167,0,0,0,0
"1149",2023-03-04,23,40,3565,158,0,0,24.3712574850299,0,0,4070,167,0,0,0,0
"1150",2023-03-04,23,45,3565,158,0,0,24.3712574850299,0,0,4070,167,0,0,0,0
"1151",2023-03-04,23,50,3565,158,0,0,24.3712574850299,0,0,4070,167,0,0,0,0
"1152",2023-03-04,23,55,3543,157,0,0,24.3712574850299,0,0,4070,167,0,0,0,0
"1153",2023-03-05,0,0,2833,120,0,0,23.6218487394958,0,0,2833,120,0,0,0,0
"1154",2023-03-05,0,5,2811,119,0,0,23.6218487394958,0,0,2833,120,0,0,0,0
"1155",2023-03-05,0,10,2811,119,0,0,23.6218487394958,0,0,2833,120,0,0,0,0
"1156",2023-03-05,0,15,2811,119,0,0,23.6218487394958,0,0,2833,120,0,0,0,0
"1157",2023-03-05,0,20,2811,119,0,0,23.6218487394958,0,0,2833,120,0,0,0,0
"1158",2023-03-05,0,25,2811,119,0,0,23.6218487394958,0,0,2833,120,0,0,0,0
"1159",2023-03-05,0,30,2811,119,0,0,23.6218487394958,0,0,2833,120,0,0,0,0
"1160",2023-03-05,0,35,2811,119,0,0,23.6218487394958,0,0,2833,120,0,0,0,0
"1161",2023-03-05,0,40,2811,119,0,0,23.6218487394958,0,0,2833,120,0,0,0,0
"1162",2023-03-05,0,45,2811,119,0,0,23.6218487394958,0,0,2833,120,0,0,0,0
"1163",2023-03-05,0,50,2811,119,0,0,23.6218487394958,0,0,2833,120,0,0,0,0
"1164",2023-03-05,0,55,2811,119,0,0,23.6218487394958,0,0,2833,120,0,0,0,0
"1165",2023-03-05,1,0,3437,152,0,0,24.8888888888889,0,0,3808,154,0,0,0,0
"1166",2023-03-05,1,5,3437,152,0,0,24.8888888888889,0,0,3808,154,0,0,0,0
"1167",2023-03-05,1,10,3426,151,0,0,24.8888888888889,0,0,3808,154,0,0,0,0
"1168",2023-03-05,1,15,3426,151,0,0,24.8888888888889,0,0,3808,154,0,0,0,0
"1169",2023-03-05,1,20,3808,153,0,0,24.8888888888889,0,0,3808,154,0,0,0,0
"1170",2023-03-05,1,25,3808,153,0,0,24.8888888888889,0,0,3808,154,0,0,0,0
"1171",2023-03-05,1,30,3808,154,0,0,24.8888888888889,0,0,3808,154,0,0,0,0
"1172",2023-03-05,1,35,3808,154,0,0,24.8888888888889,0,0,3808,154,0,0,0,0
"1173",2023-03-05,1,40,3808,154,0,0,24.8888888888889,0,0,3808,154,0,0,0,0
"1174",2023-03-05,1,45,3808,154,0,0,24.8888888888889,0,0,3808,154,0,0,0,0
"1175",2023-03-05,1,50,3808,154,0,0,24.8888888888889,0,0,3808,154,0,0,0,0
"1176",2023-03-05,1,55,3786,153,0,0,24.8888888888889,0,0,3808,154,0,0,0,0
"1177",2023-03-05,2,0,3376,151,0,0,22.510067114094,0,0,3376,151,0,0,0,0
"1178",2023-03-05,2,5,3354,150,0,0,22.510067114094,0,0,3376,151,0,0,0,0
"1179",2023-03-05,2,10,3354,150,0,0,22.510067114094,0,0,3376,151,0,0,0,0
"1180",2023-03-05,2,15,3354,150,0,0,22.510067114094,0,0,3376,151,0,0,0,0
"1181",2023-03-05,2,20,3354,150,0,0,22.510067114094,0,0,3376,151,0,0,0,0
"1182",2023-03-05,2,25,3354,150,0,0,22.510067114094,0,0,3376,151,0,0,0,0
"1183",2023-03-05,2,30,3354,149,0,0,22.510067114094,0,0,3376,151,0,0,0,0
"1184",2023-03-05,2,35,3354,149,0,0,22.510067114094,0,0,3376,151,0,0,0,0
"1185",2023-03-05,2,40,3354,149,0,0,22.510067114094,0,0,3376,151,0,0,0,0
"1186",2023-03-05,2,45,3354,149,0,0,22.510067114094,0,0,3376,151,0,0,0,0
"1187",2023-03-05,2,50,3354,149,0,0,22.510067114094,0,0,3376,151,0,0,0,0
"1188",2023-03-05,2,55,3354,149,0,0,22.510067114094,0,0,3376,151,0,0,0,0
"1189",2023-03-05,3,0,3354,149,0,0,24.36,0,0,3654,150,0,0,0,0
"1190",2023-03-05,3,5,3354,149,0,0,24.36,0,0,3654,150,0,0,0,0
"1191",2023-03-05,3,10,3354,149,0,0,24.36,0,0,3654,150,0,0,0,0
"1192",2023-03-05,3,15,3354,149,0,0,24.36,0,0,3654,150,0,0,0,0
"1193",2023-03-05,3,20,3354,149,0,0,24.36,0,0,3654,150,0,0,0,0
"1194",2023-03-05,3,25,3354,149,0,0,24.36,0,0,3654,150,0,0,0,0
"1195",2023-03-05,3,30,3200,142,0,0,24.36,0,0,3654,150,0,0,0,0
"1196",2023-03-05,3,35,3354,149,0,0,24.36,0,0,3654,150,0,0,0,0
"1197",2023-03-05,3,40,3654,150,0,0,24.36,0,0,3654,150,0,0,0,0
"1198",2023-03-05,3,45,3654,150,0,0,24.36,0,0,3654,150,0,0,0,0
"1199",2023-03-05,3,50,3654,150,0,0,24.36,0,0,3654,150,0,0,0,0
"1200",2023-03-05,3,55,3654,150,0,0,24.36,0,0,3654,150,0,0,0,0
"1201",2023-03-05,4,0,3654,150,0,0,24.36,0,0,3654,150,0,0,0,0
"1202",2023-03-05,4,5,3654,150,0,0,24.36,0,0,3654,150,0,0,0,0
"1203",2023-03-05,4,10,3332,148,0,0,24.36,0,0,3654,150,0,0,0,0
"1204",2023-03-05,4,15,3332,148,0,0,24.36,0,0,3654,150,0,0,0,0
"1205",2023-03-05,4,20,3332,148,0,0,24.36,0,0,3654,150,0,0,0,0
"1206",2023-03-05,4,25,3392,149,0,0,24.36,0,0,3654,150,0,0,0,0
"1207",2023-03-05,4,30,3392,149,0,0,24.36,0,0,3654,150,0,0,0,0
"1208",2023-03-05,4,35,3370,148,0,0,24.36,0,0,3654,150,0,0,0,0
"1209",2023-03-05,4,40,3381,149,0,0,24.36,0,0,3654,150,0,0,0,0
"1210",2023-03-05,4,45,3381,149,0,0,24.36,0,0,3654,150,0,0,0,0
"1211",2023-03-05,4,50,3293,145,0,0,24.36,0,0,3654,150,0,0,0,0
"1212",2023-03-05,4,55,3359,148,0,0,24.36,0,0,3654,150,0,0,0,0
"1213",2023-03-05,5,0,3348,147,0,0,22.7808219178082,0,0,3348,147,0,0,0,0
"1214",2023-03-05,5,5,3326,146,0,0,22.7808219178082,0,0,3348,147,0,0,0,0
"1215",2023-03-05,5,10,3266,145,0,0,22.7808219178082,0,0,3348,147,0,0,0,0
"1216",2023-03-05,5,15,3266,145,0,0,22.7808219178082,0,0,3348,147,0,0,0,0
"1217",2023-03-05,5,20,3266,145,0,0,22.7808219178082,0,0,3348,147,0,0,0,0
"1218",2023-03-05,5,25,3266,145,0,0,22.7808219178082,0,0,3348,147,0,0,0,0
"1219",2023-03-05,5,30,3266,145,0,0,22.7808219178082,0,0,3348,147,0,0,0,0
"1220",2023-03-05,5,35,3266,145,0,0,22.7808219178082,0,0,3348,147,0,0,0,0
"1221",2023-03-05,5,40,3266,145,0,0,22.7808219178082,0,0,3348,147,0,0,0,0
"1222",2023-03-05,5,45,3266,145,0,0,22.7808219178082,0,0,3348,147,0,0,0,0
"1223",2023-03-05,5,55,3266,145,0,0,22.7808219178082,0,0,3348,147,0,0,0,0
"1224",2023-03-05,5,50,3233,143,0,0,22.7808219178082,0,0,3348,147,0,0,0,0
"1225",2023-03-05,6,0,3266,145,0,0,22.5277777777778,0,0,3266,145,0,0,0,0
"1226",2023-03-05,6,5,3266,145,0,0,22.5277777777778,0,0,3266,145,0,0,0,0
"1227",2023-03-05,6,10,3266,145,0,0,22.5277777777778,0,0,3266,145,0,0,0,0
"1228",2023-03-05,6,15,3266,145,0,0,22.5277777777778,0,0,3266,145,0,0,0,0
"1229",2023-03-05,6,20,3266,145,0,0,22.5277777777778,0,0,3266,145,0,0,0,0
"1230",2023-03-05,6,25,3266,145,0,0,22.5277777777778,0,0,3266,145,0,0,0,0
"1231",2023-03-05,6,30,3266,145,0,0,22.5277777777778,0,0,3266,145,0,0,0,0
"1232",2023-03-05,6,35,3266,145,0,0,22.5277777777778,0,0,3266,145,0,0,0,0
"1233",2023-03-05,6,40,3266,145,0,0,22.5277777777778,0,0,3266,145,0,0,0,0
"1234",2023-03-05,6,45,3266,145,0,0,22.5277777777778,0,0,3266,145,0,0,0,0
"1235",2023-03-05,6,50,3244,144,0,0,22.5277777777778,0,0,3266,145,0,0,0,0
"1236",2023-03-05,6,55,3244,144,0,0,22.5277777777778,0,0,3266,145,0,0,0,0
"1237",2023-03-05,7,0,3244,144,0,0,22.7222222222222,0,0,3272,144,0,0,0,0
"1238",2023-03-05,7,5,3222,143,0,0,22.7222222222222,0,0,3272,144,0,0,0,0
"1239",2023-03-05,7,10,3222,143,0,0,22.7222222222222,0,0,3272,144,0,0,0,0
"1240",2023-03-05,7,15,3222,143,0,0,22.7222222222222,0,0,3272,144,0,0,0,0
"1241",2023-03-05,7,20,3222,143,0,0,22.7222222222222,0,0,3272,144,0,0,0,0
"1242",2023-03-05,7,25,3222,143,0,0,22.7222222222222,0,0,3272,144,0,0,0,0
"1243",2023-03-05,7,30,3222,143,0,0,22.7222222222222,0,0,3272,144,0,0,0,0
"1244",2023-03-05,7,35,3222,143,0,0,22.7222222222222,0,0,3272,144,0,0,0,0
"1245",2023-03-05,7,40,3222,143,0,0,22.7222222222222,0,0,3272,144,0,0,0,0
"1246",2023-03-05,7,45,3272,144,0,0,22.7222222222222,0,0,3272,144,0,0,0,0
"1247",2023-03-05,7,50,3222,143,0,0,22.7222222222222,0,0,3272,144,0,0,0,0
"1248",2023-03-05,7,55,3222,143,0,0,22.7222222222222,0,0,3272,144,0,0,0,0
"1249",2023-03-05,8,0,3222,143,0,0,22.5314685314685,0,0,3277,146,0,0,0,0
"1250",2023-03-05,8,5,3222,143,0,0,22.5314685314685,0,0,3277,146,0,0,0,0
"1251",2023-03-05,8,10,3222,143,0,0,22.5314685314685,0,0,3277,146,0,0,0,0
"1252",2023-03-05,8,15,3222,143,0,0,22.5314685314685,0,0,3277,146,0,0,0,0
"1253",2023-03-05,8,20,3244,144,0,0,22.5314685314685,0,0,3277,146,0,0,0,0
"1254",2023-03-05,8,25,3255,145,0,0,22.5314685314685,0,0,3277,146,0,0,0,0
"1255",2023-03-05,8,30,3255,145,0,0,22.5314685314685,0,0,3277,146,0,0,0,0
"1256",2023-03-05,8,35,3277,146,0,0,22.5314685314685,0,0,3277,146,0,0,0,0
"1257",2023-03-05,8,40,3277,146,0,0,22.5314685314685,0,0,3277,146,0,0,0,0
"1258",2023-03-05,8,45,3277,146,0,0,22.5314685314685,0,0,3277,146,0,0,0,0
"1259",2023-03-05,8,50,3277,146,0,0,22.5314685314685,0,0,3277,146,0,0,0,0
"1260",2023-03-05,8,55,3277,146,0,0,22.5314685314685,0,0,3277,146,0,0,0,0
"1261",2023-03-05,9,0,3255,145,0,0,22.7284768211921,0,0,3454,153,0,0,0,0
"1262",2023-03-05,9,5,3233,144,0,0,22.7284768211921,0,0,3454,153,0,0,0,0
"1263",2023-03-05,9,10,3255,145,0,0,22.7284768211921,0,0,3454,153,0,0,0,0
"1264",2023-03-05,9,15,3305,146,0,0,22.7284768211921,0,0,3454,153,0,0,0,0
"1265",2023-03-05,9,20,3327,147,0,0,22.7284768211921,0,0,3454,153,0,0,0,0
"1266",2023-03-05,9,25,3349,148,0,0,22.7284768211921,0,0,3454,153,0,0,0,0
"1267",2023-03-05,9,30,3432,151,0,0,22.7284768211921,0,0,3454,153,0,0,0,0
"1268",2023-03-05,9,35,3454,152,0,0,22.7284768211921,0,0,3454,153,0,0,0,0
"1269",2023-03-05,9,40,3454,152,0,0,22.7284768211921,0,0,3454,153,0,0,0,0
"1270",2023-03-05,9,45,3439,153,0,0,22.7284768211921,0,0,3454,153,0,0,0,0
"1271",2023-03-05,9,50,3439,153,0,0,22.7284768211921,0,0,3454,153,0,0,0,0
"1272",2023-03-05,9,55,3439,153,0,0,22.7284768211921,0,0,3454,153,0,0,0,0
"1273",2023-03-05,10,0,3450,153,0,0,26.4753086419753,0,0,4289,163,0,0,0,0
"1274",2023-03-05,10,5,3439,153,0,0,26.4753086419753,0,0,4289,163,0,0,0,0
"1275",2023-03-05,10,10,3439,153,0,0,26.4753086419753,0,0,4289,163,0,0,0,0
"1276",2023-03-05,10,15,3472,155,0,0,26.4753086419753,0,0,4289,163,0,0,0,0
"1277",2023-03-05,10,20,3505,156,0,0,26.4753086419753,0,0,4289,163,0,0,0,0
"1278",2023-03-05,10,25,3805,157,0,0,26.4753086419753,0,0,4289,163,0,0,0,0
"1279",2023-03-05,10,30,3871,160,0,0,26.4753086419753,0,0,4289,163,0,0,0,0
"1280",2023-03-05,10,35,3893,161,0,0,26.4753086419753,0,0,4289,163,0,0,0,0
"1281",2023-03-05,10,40,4283,163,0,0,26.4753086419753,0,0,4289,163,0,0,0,0
"1282",2023-03-05,10,45,4289,162,0,0,26.4753086419753,0,0,4289,163,0,0,0,0
"1283",2023-03-05,10,50,3959,161,0,0,26.4753086419753,0,0,4289,163,0,0,0,0
"1284",2023-03-05,10,55,3917,159,0,0,26.4753086419753,0,0,4289,163,0,0,0,0
"1285",2023-03-05,11,50,4063,166,0,0,24.5031446540881,0,0,4063,166,0,0,0,0
"1286",2023-03-05,11,55,4063,166,0,0,24.5031446540881,0,0,4063,166,0,0,0,0
"1287",2023-03-05,11,0,3896,159,0,0,24.5031446540881,0,0,4063,166,0,0,0,0
"1288",2023-03-05,11,5,3890,160,0,0,24.5031446540881,0,0,4063,166,0,0,0,0
"1289",2023-03-05,11,10,3964,162,0,0,24.5031446540881,0,0,4063,166,0,0,0,0
"1290",2023-03-05,11,15,3664,161,0,0,24.5031446540881,0,0,4063,166,0,0,0,0
"1291",2023-03-05,11,20,3724,162,0,0,24.5031446540881,0,0,4063,166,0,0,0,0
"1292",2023-03-05,11,25,3754,162,0,0,24.5031446540881,0,0,4063,166,0,0,0,0
"1293",2023-03-05,11,30,3636,161,0,0,24.5031446540881,0,0,4063,166,0,0,0,0
"1294",2023-03-05,11,35,3680,163,0,0,24.5031446540881,0,0,4063,166,0,0,0,0
"1295",2023-03-05,11,40,3702,164,0,0,24.5031446540881,0,0,4063,166,0,0,0,0
"1296",2023-03-05,11,45,4014,166,0,0,24.5031446540881,0,0,4063,166,0,0,0,0
"1297",2023-03-05,12,0,4063,166,0,0,26.16,0,0,4578,177,0,0,0,0
"1298",2023-03-05,12,5,4041,165,0,0,26.16,0,0,4578,177,0,0,0,0
"1299",2023-03-05,12,10,4429,170,0,0,26.16,0,0,4578,177,0,0,0,0
"1300",2023-03-05,12,15,4407,169,0,0,26.16,0,0,4578,177,0,0,0,0
"1301",2023-03-05,12,20,4407,169,0,0,26.16,0,0,4578,177,0,0,0,0
"1302",2023-03-05,12,25,4429,170,0,0,26.16,0,0,4578,177,0,0,0,0
"1303",2023-03-05,12,30,4567,175,0,0,26.16,0,0,4578,177,0,0,0,0
"1304",2023-03-05,12,35,4578,175,0,0,26.16,0,0,4578,177,0,0,0,0
"1305",2023-03-05,12,40,4344,177,0,0,26.16,0,0,4578,177,0,0,0,0
"1306",2023-03-05,12,45,4267,173,0,0,26.16,0,0,4578,177,0,0,0,0
"1307",2023-03-05,12,50,3972,174,0,0,26.16,0,0,4578,177,0,0,0,0
"1308",2023-03-05,12,55,4014,176,0,0,26.16,0,0,4578,177,0,0,0,0
"1309",2023-03-05,13,20,4465,184,0,0,25.8162162162162,0,0,4776,187,0,0,0,0
"1310",2023-03-05,13,25,4487,185,0,0,25.8162162162162,0,0,4776,187,0,0,0,0
"1311",2023-03-05,13,30,4531,187,0,0,25.8162162162162,0,0,4776,187,0,0,0,0
"1312",2023-03-05,13,35,4509,186,0,0,25.8162162162162,0,0,4776,187,0,0,0,0
"1313",2023-03-05,13,40,4765,185,0,0,25.8162162162162,0,0,4776,187,0,0,0,0
"1314",2023-03-05,13,45,4776,185,0,0,25.8162162162162,0,0,4776,187,0,0,0,0
"1315",2023-03-05,13,50,4732,184,0,0,25.8162162162162,0,0,4776,187,0,0,0,0
"1316",2023-03-05,13,55,4688,182,0,0,25.8162162162162,0,0,4776,187,0,0,0,0
"1317",2023-03-05,13,0,4047,178,0,0,25.8162162162162,0,0,4776,187,0,0,0,0
"1318",2023-03-05,13,5,4047,178,0,0,25.8162162162162,0,0,4776,187,0,0,0,0
"1319",2023-03-05,13,10,4100,181,0,0,25.8162162162162,0,0,4776,187,0,0,0,0
"1320",2023-03-05,13,15,4410,181,0,0,25.8162162162162,0,0,4776,187,0,0,0,0
"1321",2023-03-05,14,0,4924,180,0,0,28.6534090909091,0,0,5043,180,0,0,0,0
"1322",2023-03-05,14,5,4915,180,0,0,28.6534090909091,0,0,5043,180,0,0,0,0
"1323",2023-03-05,14,10,4526,178,0,0,28.6534090909091,0,0,5043,180,0,0,0,0
"1324",2023-03-05,14,15,4555,178,0,0,28.6534090909091,0,0,5043,180,0,0,0,0
"1325",2023-03-05,14,20,4277,178,0,0,28.6534090909091,0,0,5043,180,0,0,0,0
"1326",2023-03-05,14,25,4216,175,0,0,28.6534090909091,0,0,5043,180,0,0,0,0
"1327",2023-03-05,14,30,3949,176,0,0,28.6534090909091,0,0,5043,180,0,0,0,0
"1328",2023-03-05,14,35,4207,175,0,0,28.6534090909091,0,0,5043,180,0,0,0,0
"1329",2023-03-05,14,40,4183,174,0,0,28.6534090909091,0,0,5043,180,0,0,0,0
"1330",2023-03-05,14,45,4741,174,0,0,28.6534090909091,0,0,5043,180,0,0,0,0
"1331",2023-03-05,14,50,4730,174,0,0,28.6534090909091,0,0,5043,180,0,0,0,0
"1332",2023-03-05,14,55,5043,176,0,0,28.6534090909091,0,0,5043,180,0,0,0,0
"1333",2023-03-05,15,0,4977,173,0,0,30.5738636363636,0,0,5381,177,0,0,0,0
"1334",2023-03-05,15,5,4999,174,0,0,30.5738636363636,0,0,5381,177,0,0,0,0
"1335",2023-03-05,15,10,5381,176,0,0,30.5738636363636,0,0,5381,177,0,0,0,0
"1336",2023-03-05,15,15,5174,177,0,0,30.5738636363636,0,0,5381,177,0,0,0,0
"1337",2023-03-05,15,20,4726,172,0,0,30.5738636363636,0,0,5381,177,0,0,0,0
"1338",2023-03-05,15,25,4170,172,0,0,30.5738636363636,0,0,5381,177,0,0,0,0
"1339",2023-03-05,15,30,3964,174,0,0,30.5738636363636,0,0,5381,177,0,0,0,0
"1340",2023-03-05,15,35,4004,174,0,0,30.5738636363636,0,0,5381,177,0,0,0,0
"1341",2023-03-05,15,40,4282,174,0,0,30.5738636363636,0,0,5381,177,0,0,0,0
"1342",2023-03-05,15,45,4260,173,0,0,30.5738636363636,0,0,5381,177,0,0,0,0
"1343",2023-03-05,15,50,4183,171,0,0,30.5738636363636,0,0,5381,177,0,0,0,0
"1344",2023-03-05,15,55,4277,174,0,0,30.5738636363636,0,0,5381,177,0,0,0,0
"1345",2023-03-05,16,0,4255,173,0,0,26.327380952381,0,0,4423,173,0,0,0,0
"1346",2023-03-05,16,5,3911,170,0,0,26.327380952381,0,0,4423,173,0,0,0,0
"1347",2023-03-05,16,10,4183,168,0,0,26.327380952381,0,0,4423,173,0,0,0,0
"1348",2023-03-05,16,15,4227,170,0,0,26.327380952381,0,0,4423,173,0,0,0,0
"1349",2023-03-05,16,20,4423,168,0,0,26.327380952381,0,0,4423,173,0,0,0,0
"1350",2023-03-05,16,25,4149,169,0,0,26.327380952381,0,0,4423,173,0,0,0,0
"1351",2023-03-05,16,30,4215,172,0,0,26.327380952381,0,0,4423,173,0,0,0,0
"1352",2023-03-05,16,35,3893,170,0,0,26.327380952381,0,0,4423,173,0,0,0,0
"1353",2023-03-05,16,40,3943,171,0,0,26.327380952381,0,0,4423,173,0,0,0,0
"1354",2023-03-05,16,45,3899,169,0,0,26.327380952381,0,0,4423,173,0,0,0,0
"1355",2023-03-05,16,50,3899,169,0,0,26.327380952381,0,0,4423,173,0,0,0,0
"1356",2023-03-05,16,55,3949,170,0,0,26.327380952381,0,0,4423,173,0,0,0,0
"1357",2023-03-05,17,0,3894,170,0,0,28.1411764705882,0,0,4784,171,0,0,0,0
"1358",2023-03-05,17,5,3922,170,0,0,28.1411764705882,0,0,4784,171,0,0,0,0
"1359",2023-03-05,17,10,3922,170,0,0,28.1411764705882,0,0,4784,171,0,0,0,0
"1360",2023-03-05,17,15,3928,169,0,0,28.1411764705882,0,0,4784,171,0,0,0,0
"1361",2023-03-05,17,20,3928,169,0,0,28.1411764705882,0,0,4784,171,0,0,0,0
"1362",2023-03-05,17,25,4228,170,0,0,28.1411764705882,0,0,4784,171,0,0,0,0
"1363",2023-03-05,17,30,4528,171,0,0,28.1411764705882,0,0,4784,171,0,0,0,0
"1364",2023-03-05,17,35,4784,170,0,0,28.1411764705882,0,0,4784,171,0,0,0,0
"1365",2023-03-05,17,40,4410,167,0,0,28.1411764705882,0,0,4784,171,0,0,0,0
"1366",2023-03-05,17,45,4004,162,0,0,28.1411764705882,0,0,4784,171,0,0,0,0
"1367",2023-03-05,17,50,3682,160,0,0,28.1411764705882,0,0,4784,171,0,0,0,0
"1368",2023-03-05,17,55,3660,159,0,0,28.1411764705882,0,0,4784,171,0,0,0,0
"1369",2023-03-05,18,0,4195,159,0,0,26.7434210526316,0,0,4321,163,0,0,0,0
"1370",2023-03-05,18,5,4321,163,0,0,26.7434210526316,0,0,4321,163,0,0,0,0
"1371",2023-03-05,18,10,3959,160,0,0,26.7434210526316,0,0,4321,163,0,0,0,0
"1372",2023-03-05,18,15,3649,159,0,0,26.7434210526316,0,0,4321,163,0,0,0,0
"1373",2023-03-05,18,20,3938,159,0,0,26.7434210526316,0,0,4321,163,0,0,0,0
"1374",2023-03-05,18,25,4206,159,0,0,26.7434210526316,0,0,4321,163,0,0,0,0
"1375",2023-03-05,18,30,3740,153,0,0,26.7434210526316,0,0,4321,163,0,0,0,0
"1376",2023-03-05,18,35,4068,154,0,0,26.7434210526316,0,0,4321,163,0,0,0,0
"1377",2023-03-05,18,40,4040,154,0,0,26.7434210526316,0,0,4321,163,0,0,0,0
"1378",2023-03-05,18,45,4048,153,0,0,26.7434210526316,0,0,4321,163,0,0,0,0
"1379",2023-03-05,18,50,4065,152,0,0,26.7434210526316,0,0,4321,163,0,0,0,0
"1380",2023-03-05,18,55,4048,153,0,0,26.7434210526316,0,0,4321,163,0,0,0,0
"1381",2023-03-05,19,0,4370,155,0,0,28.7172413793103,0,0,4370,155,0,0,0,0
"1382",2023-03-05,19,5,3770,153,0,0,28.7172413793103,0,0,4370,155,0,0,0,0
"1383",2023-03-05,19,10,3770,153,0,0,28.7172413793103,0,0,4370,155,0,0,0,0
"1384",2023-03-05,19,15,3676,150,0,0,28.7172413793103,0,0,4370,155,0,0,0,0
"1385",2023-03-05,19,20,3709,151,0,0,28.7172413793103,0,0,4370,155,0,0,0,0
"1386",2023-03-05,19,25,3987,151,0,0,28.7172413793103,0,0,4370,155,0,0,0,0
"1387",2023-03-05,19,30,3904,148,0,0,28.7172413793103,0,0,4370,155,0,0,0,0
"1388",2023-03-05,19,35,4220,148,0,0,28.7172413793103,0,0,4370,155,0,0,0,0
"1389",2023-03-05,19,40,4164,145,0,0,28.7172413793103,0,0,4370,155,0,0,0,0
"1390",2023-03-05,19,45,3838,142,0,0,28.7172413793103,0,0,4370,155,0,0,0,0
"1391",2023-03-05,19,50,3849,143,0,0,28.7172413793103,0,0,4370,155,0,0,0,0
"1392",2023-03-05,19,55,3897,141,0,0,28.7172413793103,0,0,4370,155,0,0,0,0
"1393",2023-03-05,20,0,3886,140,0,0,27.7571428571429,0,0,3886,140,0,0,0,0
"1394",2023-03-05,20,5,3608,140,0,0,27.7571428571429,0,0,3886,140,0,0,0,0
"1395",2023-03-05,20,10,3597,139,0,0,27.7571428571429,0,0,3886,140,0,0,0,0
"1396",2023-03-05,20,15,3597,139,0,0,27.7571428571429,0,0,3886,140,0,0,0,0
"1397",2023-03-05,20,20,3597,139,0,0,27.7571428571429,0,0,3886,140,0,0,0,0
"1398",2023-03-05,20,25,3586,138,0,0,27.7571428571429,0,0,3886,140,0,0,0,0
"1399",2023-03-05,20,30,3215,136,0,0,27.7571428571429,0,0,3886,140,0,0,0,0
"1400",2023-03-05,20,35,3144,134,0,0,27.7571428571429,0,0,3886,140,0,0,0,0
"1401",2023-03-05,20,40,3122,133,0,0,27.7571428571429,0,0,3886,140,0,0,0,0
"1402",2023-03-05,20,45,3422,134,0,0,27.7571428571429,0,0,3886,140,0,0,0,0
"1403",2023-03-05,20,50,3722,135,0,0,27.7571428571429,0,0,3886,140,0,0,0,0
"1404",2023-03-05,20,55,3722,135,0,0,27.7571428571429,0,0,3886,140,0,0,0,0
"1405",2023-03-05,21,0,3722,135,0,0,27.6119402985075,0,0,3722,135,0,0,0,0
"1406",2023-03-05,21,5,3722,135,0,0,27.6119402985075,0,0,3722,135,0,0,0,0
"1407",2023-03-05,21,10,3700,134,0,0,27.6119402985075,0,0,3722,135,0,0,0,0
"1408",2023-03-05,21,15,3720,135,0,0,27.6119402985075,0,0,3722,135,0,0,0,0
"1409",2023-03-05,21,20,3420,134,0,0,27.6119402985075,0,0,3722,135,0,0,0,0
"1410",2023-03-05,21,25,3431,134,0,0,27.6119402985075,0,0,3722,135,0,0,0,0
"1411",2023-03-05,21,30,3131,133,0,0,27.6119402985075,0,0,3722,135,0,0,0,0
"1412",2023-03-05,21,35,3120,132,0,0,27.6119402985075,0,0,3722,135,0,0,0,0
"1413",2023-03-05,21,40,3120,132,0,0,27.6119402985075,0,0,3722,135,0,0,0,0
"1414",2023-03-05,21,45,3120,132,0,0,27.6119402985075,0,0,3722,135,0,0,0,0
"1415",2023-03-05,21,50,3170,133,0,0,27.6119402985075,0,0,3722,135,0,0,0,0
"1416",2023-03-05,21,55,3170,133,0,0,27.6119402985075,0,0,3722,135,0,0,0,0
"1417",2023-03-05,22,0,3104,130,0,0,30.5590551181102,0,0,3947,134,0,0,0,0
"1418",2023-03-05,22,5,3404,131,0,0,30.5590551181102,0,0,3947,134,0,0,0,0
"1419",2023-03-05,22,10,3404,131,0,0,30.5590551181102,0,0,3947,134,0,0,0,0
"1420",2023-03-05,22,15,3774,134,0,0,30.5590551181102,0,0,3947,134,0,0,0,0
"1421",2023-03-05,22,20,3947,130,0,0,30.5590551181102,0,0,3947,134,0,0,0,0
"1422",2023-03-05,22,25,3947,130,0,0,30.5590551181102,0,0,3947,134,0,0,0,0
"1423",2023-03-05,22,30,3925,129,0,0,30.5590551181102,0,0,3947,134,0,0,0,0
"1424",2023-03-05,22,35,3881,127,0,0,30.5590551181102,0,0,3947,134,0,0,0,0
"1425",2023-03-05,22,40,3603,127,0,0,30.5590551181102,0,0,3947,134,0,0,0,0
"1426",2023-03-05,22,45,3265,127,0,0,30.5590551181102,0,0,3947,134,0,0,0,0
"1427",2023-03-05,22,50,3265,127,0,0,30.5590551181102,0,0,3947,134,0,0,0,0
"1428",2023-03-05,22,55,3265,127,0,0,30.5590551181102,0,0,3947,134,0,0,0,0
"1429",2023-03-05,23,0,3265,127,0,0,25.7983870967742,0,0,3265,127,0,0,0,0
"1430",2023-03-05,23,5,3221,125,0,0,25.7983870967742,0,0,3265,127,0,0,0,0
"1431",2023-03-05,23,10,3199,124,0,0,25.7983870967742,0,0,3265,127,0,0,0,0
"1432",2023-03-05,23,15,3199,124,0,0,25.7983870967742,0,0,3265,127,0,0,0,0
"1433",2023-03-05,23,20,2899,123,0,0,25.7983870967742,0,0,3265,127,0,0,0,0
"1434",2023-03-05,23,25,2877,122,0,0,25.7983870967742,0,0,3265,127,0,0,0,0
"1435",2023-03-05,23,30,2877,122,0,0,25.7983870967742,0,0,3265,127,0,0,0,0
"1436",2023-03-05,23,35,2855,121,0,0,25.7983870967742,0,0,3265,127,0,0,0,0
"1437",2023-03-05,23,40,2833,120,0,0,25.7983870967742,0,0,3265,127,0,0,0,0
"1438",2023-03-05,23,45,2833,120,0,0,25.7983870967742,0,0,3265,127,0,0,0,0
"1439",2023-03-05,23,50,2833,120,0,0,25.7983870967742,0,0,3265,127,0,0,0,0
"1440",2023-03-05,23,55,2833,120,0,0,25.7983870967742,0,0,3265,127,0,0,0,0
"1441",2023-03-06,0,0,3061,137,0,0,22.3455882352941,0,0,3105,139,0,0,0,0
"1442",2023-03-06,0,5,3061,137,0,0,22.3455882352941,0,0,3105,139,0,0,0,0
"1443",2023-03-06,0,10,3061,137,0,0,22.3455882352941,0,0,3105,139,0,0,0,0
"1444",2023-03-06,0,15,3039,136,0,0,22.3455882352941,0,0,3105,139,0,0,0,0
"1445",2023-03-06,0,20,3061,137,0,0,22.3455882352941,0,0,3105,139,0,0,0,0
"1446",2023-03-06,0,25,3083,138,0,0,22.3455882352941,0,0,3105,139,0,0,0,0
"1447",2023-03-06,0,30,3105,139,0,0,22.3455882352941,0,0,3105,139,0,0,0,0
"1448",2023-03-06,0,35,3083,138,0,0,22.3455882352941,0,0,3105,139,0,0,0,0
"1449",2023-03-06,0,40,3105,139,0,0,22.3455882352941,0,0,3105,139,0,0,0,0
"1450",2023-03-06,0,45,3083,138,0,0,22.3455882352941,0,0,3105,139,0,0,0,0
"1451",2023-03-06,0,50,3083,138,0,0,22.3455882352941,0,0,3105,139,0,0,0,0
"1452",2023-03-06,0,55,3083,138,0,0,22.3455882352941,0,0,3105,139,0,0,0,0
"1453",2023-03-06,1,0,3171,120,0,0,26.425,0,0,3171,120,0,0,0,0
"1454",2023-03-06,1,5,2811,119,0,0,26.425,0,0,3171,120,0,0,0,0
"1455",2023-03-06,1,10,2811,119,0,0,26.425,0,0,3171,120,0,0,0,0
"1456",2023-03-06,1,15,2811,119,0,0,26.425,0,0,3171,120,0,0,0,0
"1457",2023-03-06,1,20,2811,119,0,0,26.425,0,0,3171,120,0,0,0,0
"1458",2023-03-06,1,25,2811,119,0,0,26.425,0,0,3171,120,0,0,0,0
"1459",2023-03-06,1,30,2811,119,0,0,26.425,0,0,3171,120,0,0,0,0
"1460",2023-03-06,1,35,2811,119,0,0,26.425,0,0,3171,120,0,0,0,0
"1461",2023-03-06,1,40,2811,119,0,0,26.425,0,0,3171,120,0,0,0,0
"1462",2023-03-06,1,45,2811,119,0,0,26.425,0,0,3171,120,0,0,0,0
"1463",2023-03-06,1,50,2811,119,0,0,26.425,0,0,3171,120,0,0,0,0
"1464",2023-03-06,1,55,2811,119,0,0,26.425,0,0,3171,120,0,0,0,0
"1465",2023-03-06,2,0,2811,119,0,0,23.6218487394958,0,0,2811,119,0,0,0,0
"1466",2023-03-06,2,5,2811,119,0,0,23.6218487394958,0,0,2811,119,0,0,0,0
"1467",2023-03-06,2,10,2811,119,0,0,23.6218487394958,0,0,2811,119,0,0,0,0
"1468",2023-03-06,2,15,2811,119,0,0,23.6218487394958,0,0,2811,119,0,0,0,0
"1469",2023-03-06,2,20,2811,119,0,0,23.6218487394958,0,0,2811,119,0,0,0,0
"1470",2023-03-06,2,25,2811,119,0,0,23.6218487394958,0,0,2811,119,0,0,0,0
"1471",2023-03-06,2,30,2811,119,0,0,23.6218487394958,0,0,2811,119,0,0,0,0
"1472",2023-03-06,2,35,2811,119,0,0,23.6218487394958,0,0,2811,119,0,0,0,0
"1473",2023-03-06,2,40,2811,119,0,0,23.6218487394958,0,0,2811,119,0,0,0,0
"1474",2023-03-06,2,45,2811,119,0,0,23.6218487394958,0,0,2811,119,0,0,0,0
"1475",2023-03-06,2,50,2811,119,0,0,23.6218487394958,0,0,2811,119,0,0,0,0
"1476",2023-03-06,2,55,2811,119,0,0,23.6218487394958,0,0,2811,119,0,0,0,0
"1477",2023-03-06,3,0,2811,119,0,0,23.635593220339,0,0,2811,119,0,0,0,0
"1478",2023-03-06,3,5,2811,119,0,0,23.635593220339,0,0,2811,119,0,0,0,0
"1479",2023-03-06,3,10,2811,119,0,0,23.635593220339,0,0,2811,119,0,0,0,0
"1480",2023-03-06,3,15,2811,119,0,0,23.635593220339,0,0,2811,119,0,0,0,0
"1481",2023-03-06,3,20,2811,119,0,0,23.635593220339,0,0,2811,119,0,0,0,0
"1482",2023-03-06,3,25,2811,119,0,0,23.635593220339,0,0,2811,119,0,0,0,0
"1483",2023-03-06,3,30,2811,119,0,0,23.635593220339,0,0,2811,119,0,0,0,0
"1484",2023-03-06,3,35,2811,119,0,0,23.635593220339,0,0,2811,119,0,0,0,0
"1485",2023-03-06,3,40,2811,119,0,0,23.635593220339,0,0,2811,119,0,0,0,0
"1486",2023-03-06,3,45,2789,118,0,0,23.635593220339,0,0,2811,119,0,0,0,0
"1487",2023-03-06,3,50,2789,118,0,0,23.635593220339,0,0,2811,119,0,0,0,0
"1488",2023-03-06,3,55,2789,118,0,0,23.635593220339,0,0,2811,119,0,0,0,0
"1489",2023-03-06,4,0,2789,118,0,0,23.6782608695652,0,0,2789,118,0,0,0,0
"1490",2023-03-06,4,5,2789,118,0,0,23.6782608695652,0,0,2789,118,0,0,0,0
"1491",2023-03-06,4,10,2789,118,0,0,23.6782608695652,0,0,2789,118,0,0,0,0
"1492",2023-03-06,4,15,2789,118,0,0,23.6782608695652,0,0,2789,118,0,0,0,0
"1493",2023-03-06,4,20,2789,118,0,0,23.6782608695652,0,0,2789,118,0,0,0,0
"1494",2023-03-06,4,25,2723,115,0,0,23.6782608695652,0,0,2789,118,0,0,0,0
"1495",2023-03-06,4,30,2789,118,0,0,23.6782608695652,0,0,2789,118,0,0,0,0
"1496",2023-03-06,4,35,2789,118,0,0,23.6782608695652,0,0,2789,118,0,0,0,0
"1497",2023-03-06,4,40,2789,118,0,0,23.6782608695652,0,0,2789,118,0,0,0,0
"1498",2023-03-06,4,45,2789,118,0,0,23.6782608695652,0,0,2789,118,0,0,0,0
"1499",2023-03-06,4,50,2789,118,0,0,23.6782608695652,0,0,2789,118,0,0,0,0
"1500",2023-03-06,4,55,2789,118,0,0,23.6782608695652,0,0,2789,118,0,0,0,0
"1501",2023-03-06,5,0,2789,118,0,0,23.635593220339,0,0,2789,118,0,0,0,0
"1502",2023-03-06,5,5,2789,118,0,0,23.635593220339,0,0,2789,118,0,0,0,0
"1503",2023-03-06,5,10,2789,118,0,0,23.635593220339,0,0,2789,118,0,0,0,0
"1504",2023-03-06,5,15,2789,118,0,0,23.635593220339,0,0,2789,118,0,0,0,0
"1505",2023-03-06,5,20,2789,118,0,0,23.635593220339,0,0,2789,118,0,0,0,0
"1506",2023-03-06,5,25,2789,118,0,0,23.635593220339,0,0,2789,118,0,0,0,0
"1507",2023-03-06,5,30,2789,118,0,0,23.635593220339,0,0,2789,118,0,0,0,0
"1508",2023-03-06,5,35,2789,118,0,0,23.635593220339,0,0,2789,118,0,0,0,0
"1509",2023-03-06,5,40,2789,118,0,0,23.635593220339,0,0,2789,118,0,0,0,0
"1510",2023-03-06,5,45,2789,118,0,0,23.635593220339,0,0,2789,118,0,0,0,0
"1511",2023-03-06,5,50,2789,118,0,0,23.635593220339,0,0,2789,118,0,0,0,0
"1512",2023-03-06,5,55,2789,118,0,0,23.635593220339,0,0,2789,118,0,0,0,0
"1513",2023-03-06,6,0,2789,118,0,0,23.6637931034483,0,0,2811,119,0,0,0,0
"1514",2023-03-06,6,5,2789,118,0,0,23.6637931034483,0,0,2811,119,0,0,0,0
"1515",2023-03-06,6,10,2789,118,0,0,23.6637931034483,0,0,2811,119,0,0,0,0
"1516",2023-03-06,6,15,2811,119,0,0,23.6637931034483,0,0,2811,119,0,0,0,0
"1517",2023-03-06,6,20,2811,119,0,0,23.6637931034483,0,0,2811,119,0,0,0,0
"1518",2023-03-06,6,30,2789,118,0,0,23.6637931034483,0,0,2811,119,0,0,0,0
"1519",2023-03-06,6,35,2811,119,0,0,23.6637931034483,0,0,2811,119,0,0,0,0
"1520",2023-03-06,6,40,2811,119,0,0,23.6637931034483,0,0,2811,119,0,0,0,0
"1521",2023-03-06,6,45,2789,118,0,0,23.6637931034483,0,0,2811,119,0,0,0,0
"1522",2023-03-06,6,50,2745,116,0,0,23.6637931034483,0,0,2811,119,0,0,0,0
"1523",2023-03-06,6,55,2745,116,0,0,23.6637931034483,0,0,2811,119,0,0,0,0
"1524",2023-03-06,6,25,2735,116,0,0,23.6637931034483,0,0,2811,119,0,0,0,0
"1525",2023-03-06,7,55,3015,133,0,0,25.152,0,0,3144,133,0,0,0,0
"1526",2023-03-06,7,0,2756,117,0,0,25.152,0,0,3144,133,0,0,0,0
"1527",2023-03-06,7,5,2756,117,0,0,25.152,0,0,3144,133,0,0,0,0
"1528",2023-03-06,7,10,2734,116,0,0,25.152,0,0,3144,133,0,0,0,0
"1529",2023-03-06,7,15,2734,116,0,0,25.152,0,0,3144,133,0,0,0,0
"1530",2023-03-06,7,20,2734,117,0,0,25.152,0,0,3144,133,0,0,0,0
"1531",2023-03-06,7,25,2756,118,0,0,25.152,0,0,3144,133,0,0,0,0
"1532",2023-03-06,7,30,2756,118,0,0,25.152,0,0,3144,133,0,0,0,0
"1533",2023-03-06,7,35,2811,121,0,0,25.152,0,0,3144,133,0,0,0,0
"1534",2023-03-06,7,40,3144,125,0,0,25.152,0,0,3144,133,0,0,0,0
"1535",2023-03-06,7,45,2927,128,0,0,25.152,0,0,3144,133,0,0,0,0
"1536",2023-03-06,7,50,2938,129,0,0,25.152,0,0,3144,133,0,0,0,0
"1537",2023-03-06,8,40,3152,143,0,0,22.5820895522388,0,0,3212,146,0,0,0,0
"1538",2023-03-06,8,45,3163,144,0,0,22.5820895522388,0,0,3212,146,0,0,0,0
"1539",2023-03-06,8,50,3185,145,0,0,22.5820895522388,0,0,3212,146,0,0,0,0
"1540",2023-03-06,8,55,3196,146,0,0,22.5820895522388,0,0,3212,146,0,0,0,0
"1541",2023-03-06,8,0,3026,134,0,0,22.5820895522388,0,0,3212,146,0,0,0,0
"1542",2023-03-06,8,5,3114,138,0,0,22.5820895522388,0,0,3212,146,0,0,0,0
"1543",2023-03-06,8,10,3081,137,0,0,22.5820895522388,0,0,3212,146,0,0,0,0
"1544",2023-03-06,8,15,3114,139,0,0,22.5820895522388,0,0,3212,146,0,0,0,0
"1545",2023-03-06,8,20,3158,141,0,0,22.5820895522388,0,0,3212,146,0,0,0,0
"1546",2023-03-06,8,25,3212,144,0,0,22.5820895522388,0,0,3212,146,0,0,0,0
"1547",2023-03-06,8,30,3212,144,0,0,22.5820895522388,0,0,3212,146,0,0,0,0
"1548",2023-03-06,8,35,3180,143,0,0,22.5820895522388,0,0,3212,146,0,0,0,0
"1549",2023-03-06,9,0,3284,150,0,0,24.9349112426036,0,0,4214,173,0,0,0,0
"1550",2023-03-06,9,5,3405,156,0,0,24.9349112426036,0,0,4214,173,0,0,0,0
"1551",2023-03-06,9,10,3471,158,0,0,24.9349112426036,0,0,4214,173,0,0,0,0
"1552",2023-03-06,9,15,3592,164,0,0,24.9349112426036,0,0,4214,173,0,0,0,0
"1553",2023-03-06,9,20,3548,162,0,0,24.9349112426036,0,0,4214,173,0,0,0,0
"1554",2023-03-06,9,25,3881,165,0,0,24.9349112426036,0,0,4214,173,0,0,0,0
"1555",2023-03-06,9,30,4214,169,0,0,24.9349112426036,0,0,4214,173,0,0,0,0
"1556",2023-03-06,9,35,3894,167,0,0,24.9349112426036,0,0,4214,173,0,0,0,0
"1557",2023-03-06,9,40,3938,170,0,0,24.9349112426036,0,0,4214,173,0,0,0,0
"1558",2023-03-06,9,45,3938,170,0,0,24.9349112426036,0,0,4214,173,0,0,0,0
"1559",2023-03-06,9,50,3976,170,0,0,24.9349112426036,0,0,4214,173,0,0,0,0
"1560",2023-03-06,9,55,4042,173,0,0,24.9349112426036,0,0,4214,173,0,0,0,0
"1561",2023-03-06,10,0,3720,171,0,0,23.6158192090395,0,0,4180,177,0,0,0,0
"1562",2023-03-06,10,5,3742,172,0,0,23.6158192090395,0,0,4180,177,0,0,0,0
"1563",2023-03-06,10,10,3704,173,0,0,23.6158192090395,0,0,4180,177,0,0,0,0
"1564",2023-03-06,10,15,4081,177,0,0,23.6158192090395,0,0,4180,177,0,0,0,0
"1565",2023-03-06,10,20,4048,176,0,0,23.6158192090395,0,0,4180,177,0,0,0,0
"1566",2023-03-06,10,30,3728,174,0,0,23.6158192090395,0,0,4180,177,0,0,0,0
"1567",2023-03-06,10,35,3778,175,0,0,23.6158192090395,0,0,4180,177,0,0,0,0
"1568",2023-03-06,10,40,3778,175,0,0,23.6158192090395,0,0,4180,177,0,0,0,0
"1569",2023-03-06,10,45,3778,174,0,0,23.6158192090395,0,0,4180,177,0,0,0,0
"1570",2023-03-06,10,50,3787,174,0,0,23.6158192090395,0,0,4180,177,0,0,0,0
"1571",2023-03-06,10,55,4180,177,0,0,23.6158192090395,0,0,4180,177,0,0,0,0
"1572",2023-03-06,10,25,3628,170,0,0,23.6158192090395,0,0,4180,177,0,0,0,0
"1573",2023-03-06,11,0,4213,178,0,0,24,0,0,4346,184,0,0,0,0
"1574",2023-03-06,11,5,4213,178,0,0,24,0,0,4346,184,0,0,0,0
"1575",2023-03-06,11,10,4273,179,0,0,24,0,0,4346,184,0,0,0,0
"1576",2023-03-06,11,15,4253,178,0,0,24,0,0,4346,184,0,0,0,0
"1577",2023-03-06,11,20,4296,179,0,0,24,0,0,4346,184,0,0,0,0
"1578",2023-03-06,11,25,4214,177,0,0,24,0,0,4346,184,0,0,0,0
"1579",2023-03-06,11,30,4258,179,0,0,24,0,0,4346,184,0,0,0,0
"1580",2023-03-06,11,35,4219,179,0,0,24,0,0,4346,184,0,0,0,0
"1581",2023-03-06,11,40,4241,180,0,0,24,0,0,4346,184,0,0,0,0
"1582",2023-03-06,11,45,4313,182,0,0,24,0,0,4346,184,0,0,0,0
"1583",2023-03-06,11,50,4324,183,0,0,24,0,0,4346,184,0,0,0,0
"1584",2023-03-06,11,55,4346,184,0,0,24,0,0,4346,184,0,0,0,0
"1585",2023-03-06,12,0,4368,185,0,0,28.1043956043956,0,0,5142,185,0,0,0,0
"1586",2023-03-06,12,5,4335,184,0,0,28.1043956043956,0,0,5142,185,0,0,0,0
"1587",2023-03-06,12,10,4635,185,0,0,28.1043956043956,0,0,5142,185,0,0,0,0
"1588",2023-03-06,12,15,4569,181,0,0,28.1043956043956,0,0,5142,185,0,0,0,0
"1589",2023-03-06,12,20,4804,181,0,0,28.1043956043956,0,0,5142,185,0,0,0,0
"1590",2023-03-06,12,25,5115,182,0,0,28.1043956043956,0,0,5142,185,0,0,0,0
"1591",2023-03-06,12,30,5087,182,0,0,28.1043956043956,0,0,5142,185,0,0,0,0
"1592",2023-03-06,12,35,5065,181,0,0,28.1043956043956,0,0,5142,185,0,0,0,0
"1593",2023-03-06,12,40,5142,184,0,0,28.1043956043956,0,0,5142,185,0,0,0,0
"1594",2023-03-06,12,45,5120,183,0,0,28.1043956043956,0,0,5142,185,0,0,0,0
"1595",2023-03-06,12,50,4820,182,0,0,28.1043956043956,0,0,5142,185,0,0,0,0
"1596",2023-03-06,12,55,4465,178,0,0,28.1043956043956,0,0,5142,185,0,0,0,0
"1597",2023-03-06,13,0,4088,173,0,0,24.2831325301205,0,0,4088,173,0,0,0,0
"1598",2023-03-06,13,5,4044,170,0,0,24.2831325301205,0,0,4088,173,0,0,0,0
"1599",2023-03-06,13,10,3662,166,0,0,24.2831325301205,0,0,4088,173,0,0,0,0
"1600",2023-03-06,13,35,3646,166,0,0,24.2831325301205,0,0,4088,173,0,0,0,0
"1601",2023-03-06,13,40,3696,167,0,0,24.2831325301205,0,0,4088,173,0,0,0,0
"1602",2023-03-06,13,45,3663,165,0,0,24.2831325301205,0,0,4088,173,0,0,0,0
"1603",2023-03-06,13,50,4031,166,0,0,24.2831325301205,0,0,4088,173,0,0,0,0
"1604",2023-03-06,13,55,3959,164,0,0,24.2831325301205,0,0,4088,173,0,0,0,0
"1605",2023-03-06,13,15,3979,168,0,0,24.2831325301205,0,0,4088,173,0,0,0,0
"1606",2023-03-06,13,20,3979,168,0,0,24.2831325301205,0,0,4088,173,0,0,0,0
"1607",2023-03-06,13,25,3979,168,0,0,24.2831325301205,0,0,4088,173,0,0,0,0
"1608",2023-03-06,13,30,3646,166,0,0,24.2831325301205,0,0,4088,173,0,0,0,0
"1609",2023-03-06,14,0,3591,163,0,0,28.8095238095238,0,0,4840,168,0,0,0,0
"1610",2023-03-06,14,5,4595,168,0,0,28.8095238095238,0,0,4840,168,0,0,0,0
"1611",2023-03-06,14,10,4284,167,0,0,28.8095238095238,0,0,4840,168,0,0,0,0
"1612",2023-03-06,14,15,4840,168,0,0,28.8095238095238,0,0,4840,168,0,0,0,0
"1613",2023-03-06,14,20,4185,163,0,0,28.8095238095238,0,0,4840,168,0,0,0,0
"1614",2023-03-06,14,25,4472,163,0,0,28.8095238095238,0,0,4840,168,0,0,0,0
"1615",2023-03-06,14,30,4161,161,0,0,28.8095238095238,0,0,4840,168,0,0,0,0
"1616",2023-03-06,14,35,4134,163,0,0,28.8095238095238,0,0,4840,168,0,0,0,0
"1617",2023-03-06,14,40,4156,164,0,0,28.8095238095238,0,0,4840,168,0,0,0,0
"1618",2023-03-06,14,45,4178,165,0,0,28.8095238095238,0,0,4840,168,0,0,0,0
"1619",2023-03-06,14,50,4200,167,0,0,28.8095238095238,0,0,4840,168,0,0,0,0
"1620",2023-03-06,14,55,4156,165,0,0,28.8095238095238,0,0,4840,168,0,0,0,0
"1621",2023-03-06,15,0,4156,165,0,0,25.1878787878788,0,0,4210,172,0,0,0,0
"1622",2023-03-06,15,5,4178,166,0,0,25.1878787878788,0,0,4210,172,0,0,0,0
"1623",2023-03-06,15,10,4106,164,0,0,25.1878787878788,0,0,4210,172,0,0,0,0
"1624",2023-03-06,15,15,4095,163,0,0,25.1878787878788,0,0,4210,172,0,0,0,0
"1625",2023-03-06,15,20,4128,165,0,0,25.1878787878788,0,0,4210,172,0,0,0,0
"1626",2023-03-06,15,25,4150,167,0,0,25.1878787878788,0,0,4210,172,0,0,0,0
"1627",2023-03-06,15,30,4210,168,0,0,25.1878787878788,0,0,4210,172,0,0,0,0
"1628",2023-03-06,15,35,3899,166,0,0,25.1878787878788,0,0,4210,172,0,0,0,0
"1629",2023-03-06,15,40,3943,168,0,0,25.1878787878788,0,0,4210,172,0,0,0,0
"1630",2023-03-06,15,45,4086,172,0,0,25.1878787878788,0,0,4210,172,0,0,0,0
"1631",2023-03-06,15,50,4042,170,0,0,25.1878787878788,0,0,4210,172,0,0,0,0
"1632",2023-03-06,15,55,4086,172,0,0,25.1878787878788,0,0,4210,172,0,0,0,0
"1633",2023-03-06,16,0,3786,171,0,0,23.5,0,0,4042,186,0,0,0,0
"1634",2023-03-06,16,5,3808,172,0,0,23.5,0,0,4042,186,0,0,0,0
"1635",2023-03-06,16,10,3758,170,0,0,23.5,0,0,4042,186,0,0,0,0
"1636",2023-03-06,16,15,3698,169,0,0,23.5,0,0,4042,186,0,0,0,0
"1637",2023-03-06,16,20,4042,172,0,0,23.5,0,0,4042,186,0,0,0,0
"1638",2023-03-06,16,25,3649,168,0,0,23.5,0,0,4042,186,0,0,0,0
"1639",2023-03-06,16,30,3671,170,0,0,23.5,0,0,4042,186,0,0,0,0
"1640",2023-03-06,16,35,3638,168,0,0,23.5,0,0,4042,186,0,0,0,0
"1641",2023-03-06,16,40,3979,186,0,0,23.5,0,0,4042,186,0,0,0,0
"1642",2023-03-06,16,45,3913,183,0,0,23.5,0,0,4042,186,0,0,0,0
"1643",2023-03-06,16,50,3919,182,0,0,23.5,0,0,4042,186,0,0,0,0
"1644",2023-03-06,16,55,3974,185,0,0,23.5,0,0,4042,186,0,0,0,0
"1645",2023-03-06,17,0,3930,182,0,0,25.224043715847,0,0,4616,187,0,0,0,0
"1646",2023-03-06,17,5,3952,183,0,0,25.224043715847,0,0,4616,187,0,0,0,0
"1647",2023-03-06,17,10,4012,184,0,0,25.224043715847,0,0,4616,187,0,0,0,0
"1648",2023-03-06,17,15,4312,185,0,0,25.224043715847,0,0,4616,187,0,0,0,0
"1649",2023-03-06,17,20,4290,184,0,0,25.224043715847,0,0,4616,187,0,0,0,0
"1650",2023-03-06,17,25,4461,187,0,0,25.224043715847,0,0,4616,187,0,0,0,0
"1651",2023-03-06,17,30,4384,183,0,0,25.224043715847,0,0,4616,187,0,0,0,0
"1652",2023-03-06,17,35,4360,185,0,0,25.224043715847,0,0,4616,187,0,0,0,0
"1653",2023-03-06,17,40,4060,184,0,0,25.224043715847,0,0,4616,187,0,0,0,0
"1654",2023-03-06,17,45,4616,183,0,0,25.224043715847,0,0,4616,187,0,0,0,0
"1655",2023-03-06,17,50,4500,179,0,0,25.224043715847,0,0,4616,187,0,0,0,0
"1656",2023-03-06,17,55,4135,176,0,0,25.224043715847,0,0,4616,187,0,0,0,0
"1657",2023-03-06,18,0,4074,174,0,0,23.9254658385093,0,0,4074,174,0,0,0,0
"1658",2023-03-06,18,5,3998,171,0,0,23.9254658385093,0,0,4074,174,0,0,0,0
"1659",2023-03-06,18,10,3998,171,0,0,23.9254658385093,0,0,4074,174,0,0,0,0
"1660",2023-03-06,18,15,3948,170,0,0,23.9254658385093,0,0,4074,174,0,0,0,0
"1661",2023-03-06,18,20,3976,170,0,0,23.9254658385093,0,0,4074,174,0,0,0,0
"1662",2023-03-06,18,25,3895,167,0,0,23.9254658385093,0,0,4074,174,0,0,0,0
"1663",2023-03-06,18,30,3535,166,0,0,23.9254658385093,0,0,4074,174,0,0,0,0
"1664",2023-03-06,18,35,3585,167,0,0,23.9254658385093,0,0,4074,174,0,0,0,0
"1665",2023-03-06,18,40,3530,164,0,0,23.9254658385093,0,0,4074,174,0,0,0,0
"1666",2023-03-06,18,45,3486,162,0,0,23.9254658385093,0,0,4074,174,0,0,0,0
"1667",2023-03-06,18,50,3464,160,0,0,23.9254658385093,0,0,4074,174,0,0,0,0
"1668",2023-03-06,18,55,3852,161,0,0,23.9254658385093,0,0,4074,174,0,0,0,0
"1669",2023-03-06,19,0,3896,163,0,0,27.075,0,0,4332,165,0,0,0,0
"1670",2023-03-06,19,5,3896,163,0,0,27.075,0,0,4332,165,0,0,0,0
"1671",2023-03-06,19,10,3872,161,0,0,27.075,0,0,4332,165,0,0,0,0
"1672",2023-03-06,19,15,3914,163,0,0,27.075,0,0,4332,165,0,0,0,0
"1673",2023-03-06,19,20,3958,165,0,0,27.075,0,0,4332,165,0,0,0,0
"1674",2023-03-06,19,25,3658,164,0,0,27.075,0,0,4332,165,0,0,0,0
"1675",2023-03-06,19,30,3630,164,0,0,27.075,0,0,4332,165,0,0,0,0
"1676",2023-03-06,19,35,3558,162,0,0,27.075,0,0,4332,165,0,0,0,0
"1677",2023-03-06,19,40,4065,161,0,0,27.075,0,0,4332,165,0,0,0,0
"1678",2023-03-06,19,45,3732,158,0,0,27.075,0,0,4332,165,0,0,0,0
"1679",2023-03-06,19,50,4332,160,0,0,27.075,0,0,4332,165,0,0,0,0
"1680",2023-03-06,19,55,3738,157,0,0,27.075,0,0,4332,165,0,0,0,0
"1681",2023-03-06,20,0,3694,155,0,0,24.5067567567568,0,0,3743,155,0,0,0,0
"1682",2023-03-06,20,5,3694,155,0,0,24.5067567567568,0,0,3743,155,0,0,0,0
"1683",2023-03-06,20,10,3661,153,0,0,24.5067567567568,0,0,3743,155,0,0,0,0
"1684",2023-03-06,20,15,3743,153,0,0,24.5067567567568,0,0,3743,155,0,0,0,0
"1685",2023-03-06,20,20,3649,149,0,0,24.5067567567568,0,0,3743,155,0,0,0,0
"1686",2023-03-06,20,25,3649,149,0,0,24.5067567567568,0,0,3743,155,0,0,0,0
"1687",2023-03-06,20,30,3649,149,0,0,24.5067567567568,0,0,3743,155,0,0,0,0
"1688",2023-03-06,20,35,3627,148,0,0,24.5067567567568,0,0,3743,155,0,0,0,0
"1689",2023-03-06,20,40,3649,149,0,0,24.5067567567568,0,0,3743,155,0,0,0,0
"1690",2023-03-06,20,45,3649,149,0,0,24.5067567567568,0,0,3743,155,0,0,0,0
"1691",2023-03-06,20,50,3649,149,0,0,24.5067567567568,0,0,3743,155,0,0,0,0
"1692",2023-03-06,20,55,3267,147,0,0,24.5067567567568,0,0,3743,155,0,0,0,0
"1693",2023-03-06,21,0,3311,149,0,0,22.2364864864865,0,0,3333,150,0,0,0,0
"1694",2023-03-06,21,5,3333,150,0,0,22.2364864864865,0,0,3333,150,0,0,0,0
"1695",2023-03-06,21,10,3289,148,0,0,22.2364864864865,0,0,3333,150,0,0,0,0
"1696",2023-03-06,21,15,3289,148,0,0,22.2364864864865,0,0,3333,150,0,0,0,0
"1697",2023-03-06,21,20,3289,148,0,0,22.2364864864865,0,0,3333,150,0,0,0,0
"1698",2023-03-06,21,25,3289,148,0,0,22.2364864864865,0,0,3333,150,0,0,0,0
"1699",2023-03-06,21,30,3291,148,0,0,22.2364864864865,0,0,3333,150,0,0,0,0
"1700",2023-03-06,21,35,3281,148,0,0,22.2364864864865,0,0,3333,150,0,0,0,0
"1701",2023-03-06,21,40,3303,149,0,0,22.2364864864865,0,0,3333,150,0,0,0,0
"1702",2023-03-06,21,45,3237,146,0,0,22.2364864864865,0,0,3333,150,0,0,0,0
"1703",2023-03-06,21,50,3215,145,0,0,22.2364864864865,0,0,3333,150,0,0,0,0
"1704",2023-03-06,21,55,3215,145,0,0,22.2364864864865,0,0,3333,150,0,0,0,0
"1705",2023-03-06,22,0,3215,145,0,0,24.1506849315068,0,0,3559,148,0,0,0,0
"1706",2023-03-06,22,5,3237,146,0,0,24.1506849315068,0,0,3559,148,0,0,0,0
"1707",2023-03-06,22,10,3237,146,0,0,24.1506849315068,0,0,3559,148,0,0,0,0
"1708",2023-03-06,22,15,3559,148,0,0,24.1506849315068,0,0,3559,148,0,0,0,0
"1709",2023-03-06,22,20,3548,147,0,0,24.1506849315068,0,0,3559,148,0,0,0,0
"1710",2023-03-06,22,25,3526,146,0,0,24.1506849315068,0,0,3559,148,0,0,0,0
"1711",2023-03-06,22,30,3226,145,0,0,24.1506849315068,0,0,3559,148,0,0,0,0
"1712",2023-03-06,22,35,3226,145,0,0,24.1506849315068,0,0,3559,148,0,0,0,0
"1713",2023-03-06,22,40,3204,144,0,0,24.1506849315068,0,0,3559,148,0,0,0,0
"1714",2023-03-06,22,45,3204,144,0,0,24.1506849315068,0,0,3559,148,0,0,0,0
"1715",2023-03-06,22,50,3160,142,0,0,24.1506849315068,0,0,3559,148,0,0,0,0
"1716",2023-03-06,22,55,3204,144,0,0,24.1506849315068,0,0,3559,148,0,0,0,0
"1717",2023-03-06,23,0,3182,143,0,0,22.3430656934307,0,0,3182,143,0,0,0,0
"1718",2023-03-06,23,5,3160,142,0,0,22.3430656934307,0,0,3182,143,0,0,0,0
"1719",2023-03-06,23,10,3138,141,0,0,22.3430656934307,0,0,3182,143,0,0,0,0
"1720",2023-03-06,23,15,3116,140,0,0,22.3430656934307,0,0,3182,143,0,0,0,0
"1721",2023-03-06,23,20,3094,139,0,0,22.3430656934307,0,0,3182,143,0,0,0,0
"1722",2023-03-06,23,25,3094,139,0,0,22.3430656934307,0,0,3182,143,0,0,0,0
"1723",2023-03-06,23,30,3083,138,0,0,22.3430656934307,0,0,3182,143,0,0,0,0
"1724",2023-03-06,23,35,3105,139,0,0,22.3430656934307,0,0,3182,143,0,0,0,0
"1725",2023-03-06,23,40,3061,137,0,0,22.3430656934307,0,0,3182,143,0,0,0,0
"1726",2023-03-06,23,45,3061,137,0,0,22.3430656934307,0,0,3182,143,0,0,0,0
"1727",2023-03-06,23,50,3061,137,0,0,22.3430656934307,0,0,3182,143,0,0,0,0
"1728",2023-03-06,23,55,3083,138,0,0,22.3430656934307,0,0,3182,143,0,0,0,0
"1729",2023-03-07,0,0,3028,135,0,0,22.4360902255639,0,0,3028,135,0,0,0,0
"1730",2023-03-07,0,5,3028,135,0,0,22.4360902255639,0,0,3028,135,0,0,0,0
"1731",2023-03-07,0,10,2984,133,0,0,22.4360902255639,0,0,3028,135,0,0,0,0
"1732",2023-03-07,0,15,2941,132,0,0,22.4360902255639,0,0,3028,135,0,0,0,0
"1733",2023-03-07,0,20,2941,132,0,0,22.4360902255639,0,0,3028,135,0,0,0,0
"1734",2023-03-07,0,25,2941,132,0,0,22.4360902255639,0,0,3028,135,0,0,0,0
"1735",2023-03-07,0,30,2941,132,0,0,22.4360902255639,0,0,3028,135,0,0,0,0
"1736",2023-03-07,0,35,2930,132,0,0,22.4360902255639,0,0,3028,135,0,0,0,0
"1737",2023-03-07,0,40,2930,131,0,0,22.4360902255639,0,0,3028,135,0,0,0,0
"1738",2023-03-07,0,45,2930,131,0,0,22.4360902255639,0,0,3028,135,0,0,0,0
"1739",2023-03-07,0,50,2930,131,0,0,22.4360902255639,0,0,3028,135,0,0,0,0
"1740",2023-03-07,0,55,2930,131,0,0,22.4360902255639,0,0,3028,135,0,0,0,0
"1741",2023-03-07,1,0,3083,138,0,0,24.3550724637681,0,0,3361,138,0,0,0,0
"1742",2023-03-07,1,5,3083,138,0,0,24.3550724637681,0,0,3361,138,0,0,0,0
"1743",2023-03-07,1,10,3083,138,0,0,24.3550724637681,0,0,3361,138,0,0,0,0
"1744",2023-03-07,1,15,3083,138,0,0,24.3550724637681,0,0,3361,138,0,0,0,0
"1745",2023-03-07,1,20,3061,137,0,0,24.3550724637681,0,0,3361,138,0,0,0,0
"1746",2023-03-07,1,25,3061,137,0,0,24.3550724637681,0,0,3361,138,0,0,0,0
"1747",2023-03-07,1,30,3061,137,0,0,24.3550724637681,0,0,3361,138,0,0,0,0
"1748",2023-03-07,1,35,3061,137,0,0,24.3550724637681,0,0,3361,138,0,0,0,0
"1749",2023-03-07,1,40,3061,137,0,0,24.3550724637681,0,0,3361,138,0,0,0,0
"1750",2023-03-07,1,45,3361,138,0,0,24.3550724637681,0,0,3361,138,0,0,0,0
"1751",2023-03-07,1,50,3361,138,0,0,24.3550724637681,0,0,3361,138,0,0,0,0
"1752",2023-03-07,1,55,3361,138,0,0,24.3550724637681,0,0,3361,138,0,0,0,0
"1753",2023-03-07,2,0,3361,138,0,0,24.3722627737226,0,0,3361,138,0,0,0,0
"1754",2023-03-07,2,5,3361,138,0,0,24.3722627737226,0,0,3361,138,0,0,0,0
"1755",2023-03-07,2,10,3339,137,0,0,24.3722627737226,0,0,3361,138,0,0,0,0
"1756",2023-03-07,2,15,3099,137,0,0,24.3722627737226,0,0,3361,138,0,0,0,0
"1757",2023-03-07,2,20,3088,136,0,0,24.3722627737226,0,0,3361,138,0,0,0,0
"1758",2023-03-07,2,25,3088,136,0,0,24.3722627737226,0,0,3361,138,0,0,0,0
"1759",2023-03-07,2,30,3066,135,0,0,24.3722627737226,0,0,3361,138,0,0,0,0
"1760",2023-03-07,2,35,3066,135,0,0,24.3722627737226,0,0,3361,138,0,0,0,0
"1761",2023-03-07,2,40,3066,135,0,0,24.3722627737226,0,0,3361,138,0,0,0,0
"1762",2023-03-07,2,45,3066,135,0,0,24.3722627737226,0,0,3361,138,0,0,0,0
"1763",2023-03-07,2,50,3066,135,0,0,24.3722627737226,0,0,3361,138,0,0,0,0
"1764",2023-03-07,2,55,3066,135,0,0,24.3722627737226,0,0,3361,138,0,0,0,0
"1765",2023-03-07,3,0,3033,133,0,0,22.8045112781955,0,0,3033,133,0,0,0,0
"1766",2023-03-07,3,5,3033,133,0,0,22.8045112781955,0,0,3033,133,0,0,0,0
"1767",2023-03-07,3,10,3033,133,0,0,22.8045112781955,0,0,3033,133,0,0,0,0
"1768",2023-03-07,3,15,2973,132,0,0,22.8045112781955,0,0,3033,133,0,0,0,0
"1769",2023-03-07,3,20,2973,132,0,0,22.8045112781955,0,0,3033,133,0,0,0,0
"1770",2023-03-07,3,25,2973,132,0,0,22.8045112781955,0,0,3033,133,0,0,0,0
"1771",2023-03-07,3,30,2973,132,0,0,22.8045112781955,0,0,3033,133,0,0,0,0
"1772",2023-03-07,3,35,2973,132,0,0,22.8045112781955,0,0,3033,133,0,0,0,0
"1773",2023-03-07,3,40,2973,132,0,0,22.8045112781955,0,0,3033,133,0,0,0,0
"1774",2023-03-07,3,45,2973,132,0,0,22.8045112781955,0,0,3033,133,0,0,0,0
"1775",2023-03-07,3,50,2951,131,0,0,22.8045112781955,0,0,3033,133,0,0,0,0
"1776",2023-03-07,3,55,2951,131,0,0,22.8045112781955,0,0,3033,133,0,0,0,0
"1777",2023-03-07,4,0,2951,131,0,0,22.5307692307692,0,0,2951,131,0,0,0,0
"1778",2023-03-07,4,5,2951,131,0,0,22.5307692307692,0,0,2951,131,0,0,0,0
"1779",2023-03-07,4,10,2951,131,0,0,22.5307692307692,0,0,2951,131,0,0,0,0
"1780",2023-03-07,4,15,2951,131,0,0,22.5307692307692,0,0,2951,131,0,0,0,0
"1781",2023-03-07,4,20,2951,131,0,0,22.5307692307692,0,0,2951,131,0,0,0,0
"1782",2023-03-07,4,25,2929,130,0,0,22.5307692307692,0,0,2951,131,0,0,0,0
"1783",2023-03-07,4,30,2929,130,0,0,22.5307692307692,0,0,2951,131,0,0,0,0
"1784",2023-03-07,4,35,2929,130,0,0,22.5307692307692,0,0,2951,131,0,0,0,0
"1785",2023-03-07,4,40,2929,130,0,0,22.5307692307692,0,0,2951,131,0,0,0,0
"1786",2023-03-07,4,45,2929,130,0,0,22.5307692307692,0,0,2951,131,0,0,0,0
"1787",2023-03-07,4,50,2929,130,0,0,22.5307692307692,0,0,2951,131,0,0,0,0
"1788",2023-03-07,4,55,2929,130,0,0,22.5307692307692,0,0,2951,131,0,0,0,0
"1789",2023-03-07,5,0,2929,130,0,0,22.5433070866142,0,0,2929,130,0,0,0,0
"1790",2023-03-07,5,5,2929,130,0,0,22.5433070866142,0,0,2929,130,0,0,0,0
"1791",2023-03-07,5,10,2929,130,0,0,22.5433070866142,0,0,2929,130,0,0,0,0
"1792",2023-03-07,5,15,2929,130,0,0,22.5433070866142,0,0,2929,130,0,0,0,0
"1793",2023-03-07,5,20,2929,130,0,0,22.5433070866142,0,0,2929,130,0,0,0,0
"1794",2023-03-07,5,25,2929,130,0,0,22.5433070866142,0,0,2929,130,0,0,0,0
"1795",2023-03-07,5,30,2929,130,0,0,22.5433070866142,0,0,2929,130,0,0,0,0
"1796",2023-03-07,5,35,2863,127,0,0,22.5433070866142,0,0,2929,130,0,0,0,0
"1797",2023-03-07,5,40,2929,130,0,0,22.5433070866142,0,0,2929,130,0,0,0,0
"1798",2023-03-07,5,45,2929,130,0,0,22.5433070866142,0,0,2929,130,0,0,0,0
"1799",2023-03-07,5,50,2929,130,0,0,22.5433070866142,0,0,2929,130,0,0,0,0
"1800",2023-03-07,5,55,2929,130,0,0,22.5433070866142,0,0,2929,130,0,0,0,0
"1801",2023-03-07,6,0,2929,130,0,0,22.552,0,0,2929,130,0,0,0,0
"1802",2023-03-07,6,5,2929,130,0,0,22.552,0,0,2929,130,0,0,0,0
"1803",2023-03-07,6,10,2929,130,0,0,22.552,0,0,2929,130,0,0,0,0
"1804",2023-03-07,6,15,2929,130,0,0,22.552,0,0,2929,130,0,0,0,0
"1805",2023-03-07,6,20,2885,128,0,0,22.552,0,0,2929,130,0,0,0,0
"1806",2023-03-07,6,25,2885,128,0,0,22.552,0,0,2929,130,0,0,0,0
"1807",2023-03-07,6,30,2885,128,0,0,22.552,0,0,2929,130,0,0,0,0
"1808",2023-03-07,6,35,2907,129,0,0,22.552,0,0,2929,130,0,0,0,0
"1809",2023-03-07,6,40,2819,125,0,0,22.552,0,0,2929,130,0,0,0,0
"1810",2023-03-07,6,45,2907,129,0,0,22.552,0,0,2929,130,0,0,0,0
"1811",2023-03-07,6,50,2929,130,0,0,22.552,0,0,2929,130,0,0,0,0
"1812",2023-03-07,6,55,2929,130,0,0,22.552,0,0,2929,130,0,0,0,0
"1813",2023-03-07,7,0,2929,130,0,0,22.5348837209302,0,0,3193,145,0,0,0,0
"1814",2023-03-07,7,5,2907,129,0,0,22.5348837209302,0,0,3193,145,0,0,0,0
"1815",2023-03-07,7,10,2918,130,0,0,22.5348837209302,0,0,3193,145,0,0,0,0
"1816",2023-03-07,7,15,2918,131,0,0,22.5348837209302,0,0,3193,145,0,0,0,0
"1817",2023-03-07,7,20,2918,131,0,0,22.5348837209302,0,0,3193,145,0,0,0,0
"1818",2023-03-07,7,25,2962,133,0,0,22.5348837209302,0,0,3193,145,0,0,0,0
"1819",2023-03-07,7,30,3028,136,0,0,22.5348837209302,0,0,3193,145,0,0,0,0
"1820",2023-03-07,7,35,3072,138,0,0,22.5348837209302,0,0,3193,145,0,0,0,0
"1821",2023-03-07,7,40,3182,145,0,0,22.5348837209302,0,0,3193,145,0,0,0,0
"1822",2023-03-07,7,45,3193,145,0,0,22.5348837209302,0,0,3193,145,0,0,0,0
"1823",2023-03-07,7,50,3182,145,0,0,22.5348837209302,0,0,3193,145,0,0,0,0
"1824",2023-03-07,7,55,3171,145,0,0,22.5348837209302,0,0,3193,145,0,0,0,0
"1825",2023-03-07,8,50,3485,163,0,0,21.8707482993197,0,0,3527,165,0,0,0,0
"1826",2023-03-07,8,55,3527,165,0,0,21.8707482993197,0,0,3527,165,0,0,0,0
"1827",2023-03-07,8,15,3234,148,0,0,21.8707482993197,0,0,3527,165,0,0,0,0
"1828",2023-03-07,8,20,3223,148,0,0,21.8707482993197,0,0,3527,165,0,0,0,0
"1829",2023-03-07,8,25,3223,148,0,0,21.8707482993197,0,0,3527,165,0,0,0,0
"1830",2023-03-07,8,30,3322,153,0,0,21.8707482993197,0,0,3527,165,0,0,0,0
"1831",2023-03-07,8,35,3408,158,0,0,21.8707482993197,0,0,3527,165,0,0,0,0
"1832",2023-03-07,8,40,3419,159,0,0,21.8707482993197,0,0,3527,165,0,0,0,0
"1833",2023-03-07,8,45,3452,161,0,0,21.8707482993197,0,0,3527,165,0,0,0,0
"1834",2023-03-07,8,0,3215,147,0,0,21.8707482993197,0,0,3527,165,0,0,0,0
"1835",2023-03-07,8,5,3226,148,0,0,21.8707482993197,0,0,3527,165,0,0,0,0
"1836",2023-03-07,8,10,3173,146,0,0,21.8707482993197,0,0,3527,165,0,0,0,0
"1837",2023-03-07,9,0,3549,167,0,0,22.5444444444444,0,0,4146,188,0,0,0,0
"1838",2023-03-07,9,5,3659,172,0,0,22.5444444444444,0,0,4146,188,0,0,0,0
"1839",2023-03-07,9,10,3681,174,0,0,22.5444444444444,0,0,4146,188,0,0,0,0
"1840",2023-03-07,9,15,3747,178,0,0,22.5444444444444,0,0,4146,188,0,0,0,0
"1841",2023-03-07,9,20,4058,180,0,0,22.5444444444444,0,0,4146,188,0,0,0,0
"1842",2023-03-07,9,25,4069,181,0,0,22.5444444444444,0,0,4146,188,0,0,0,0
"1843",2023-03-07,9,30,4146,185,0,0,22.5444444444444,0,0,4146,188,0,0,0,0
"1844",2023-03-07,9,35,4146,185,0,0,22.5444444444444,0,0,4146,188,0,0,0,0
"1845",2023-03-07,9,40,3846,184,0,0,22.5444444444444,0,0,4146,188,0,0,0,0
"1846",2023-03-07,9,45,3879,186,0,0,22.5444444444444,0,0,4146,188,0,0,0,0
"1847",2023-03-07,9,50,3923,188,0,0,22.5444444444444,0,0,4146,188,0,0,0,0
"1848",2023-03-07,9,55,3901,187,0,0,22.5444444444444,0,0,4146,188,0,0,0,0
"1849",2023-03-07,10,0,3901,187,0,0,22.4051282051282,0,0,4402,197,0,0,0,0
"1850",2023-03-07,10,5,3983,189,0,0,22.4051282051282,0,0,4402,197,0,0,0,0
"1851",2023-03-07,10,10,4027,191,0,0,22.4051282051282,0,0,4402,197,0,0,0,0
"1852",2023-03-07,10,15,4093,195,0,0,22.4051282051282,0,0,4402,197,0,0,0,0
"1853",2023-03-07,10,20,3943,186,0,0,22.4051282051282,0,0,4402,197,0,0,0,0
"1854",2023-03-07,10,25,4053,192,0,0,22.4051282051282,0,0,4402,197,0,0,0,0
"1855",2023-03-07,10,30,4075,193,0,0,22.4051282051282,0,0,4402,197,0,0,0,0
"1856",2023-03-07,10,35,4080,195,0,0,22.4051282051282,0,0,4402,197,0,0,0,0
"1857",2023-03-07,10,40,4369,195,0,0,22.4051282051282,0,0,4402,197,0,0,0,0
"1858",2023-03-07,10,45,4402,197,0,0,22.4051282051282,0,0,4402,197,0,0,0,0
"1859",2023-03-07,10,50,4320,195,0,0,22.4051282051282,0,0,4402,197,0,0,0,0
"1860",2023-03-07,10,55,4298,194,0,0,22.4051282051282,0,0,4402,197,0,0,0,0
"1861",2023-03-07,11,0,4309,194,0,0,22.4521276595745,0,0,4309,194,0,0,0,0
"1862",2023-03-07,11,5,3976,192,0,0,22.4521276595745,0,0,4309,194,0,0,0,0
"1863",2023-03-07,11,10,3985,191,0,0,22.4521276595745,0,0,4309,194,0,0,0,0
"1864",2023-03-07,11,15,3965,190,0,0,22.4521276595745,0,0,4309,194,0,0,0,0
"1865",2023-03-07,11,20,3987,191,0,0,22.4521276595745,0,0,4309,194,0,0,0,0
"1866",2023-03-07,11,25,3987,191,0,0,22.4521276595745,0,0,4309,194,0,0,0,0
"1867",2023-03-07,11,30,4009,192,0,0,22.4521276595745,0,0,4309,194,0,0,0,0
"1868",2023-03-07,11,35,4009,192,0,0,22.4521276595745,0,0,4309,194,0,0,0,0
"1869",2023-03-07,11,40,3987,190,0,0,22.4521276595745,0,0,4309,194,0,0,0,0
"1870",2023-03-07,11,45,4287,191,0,0,22.4521276595745,0,0,4309,194,0,0,0,0
"1871",2023-03-07,11,50,4243,189,0,0,22.4521276595745,0,0,4309,194,0,0,0,0
"1872",2023-03-07,11,55,4221,188,0,0,22.4521276595745,0,0,4309,194,0,0,0,0
"1873",2023-03-07,12,0,4232,189,0,0,23.6149732620321,0,0,4416,189,0,0,0,0
"1874",2023-03-07,12,5,4243,189,0,0,23.6149732620321,0,0,4416,189,0,0,0,0
"1875",2023-03-07,12,10,4199,187,0,0,23.6149732620321,0,0,4416,189,0,0,0,0
"1876",2023-03-07,12,15,4090,187,0,0,23.6149732620321,0,0,4416,189,0,0,0,0
"1877",2023-03-07,12,20,4118,187,0,0,23.6149732620321,0,0,4416,189,0,0,0,0
"1878",2023-03-07,12,25,4140,188,0,0,23.6149732620321,0,0,4416,189,0,0,0,0
"1879",2023-03-07,12,30,4057,185,0,0,23.6149732620321,0,0,4416,189,0,0,0,0
"1880",2023-03-07,12,35,4046,184,0,0,23.6149732620321,0,0,4416,189,0,0,0,0
"1881",2023-03-07,12,40,4357,185,0,0,23.6149732620321,0,0,4416,189,0,0,0,0
"1882",2023-03-07,12,45,4416,187,0,0,23.6149732620321,0,0,4416,189,0,0,0,0
"1883",2023-03-07,12,50,4072,183,0,0,23.6149732620321,0,0,4416,189,0,0,0,0
"1884",2023-03-07,12,55,3814,171,0,0,23.6149732620321,0,0,4416,189,0,0,0,0
"1885",2023-03-07,13,0,3908,173,0,0,24.5030303030303,0,0,4156,176,0,0,0,0
"1886",2023-03-07,13,5,3853,170,0,0,24.5030303030303,0,0,4156,176,0,0,0,0
"1887",2023-03-07,13,10,4043,165,0,0,24.5030303030303,0,0,4156,176,0,0,0,0
"1888",2023-03-07,13,15,3852,164,0,0,24.5030303030303,0,0,4156,176,0,0,0,0
"1889",2023-03-07,13,20,3808,161,0,0,24.5030303030303,0,0,4156,176,0,0,0,0
"1890",2023-03-07,13,25,3830,162,0,0,24.5030303030303,0,0,4156,176,0,0,0,0
"1891",2023-03-07,13,30,4033,172,0,0,24.5030303030303,0,0,4156,176,0,0,0,0
"1892",2023-03-07,13,35,4099,175,0,0,24.5030303030303,0,0,4156,176,0,0,0,0
"1893",2023-03-07,13,40,3740,172,0,0,24.5030303030303,0,0,4156,176,0,0,0,0
"1894",2023-03-07,13,45,4051,173,0,0,24.5030303030303,0,0,4156,176,0,0,0,0
"1895",2023-03-07,13,50,4156,176,0,0,24.5030303030303,0,0,4156,176,0,0,0,0
"1896",2023-03-07,13,55,4128,176,0,0,24.5030303030303,0,0,4156,176,0,0,0,0
"1897",2023-03-07,14,0,4145,176,0,0,25.0960451977401,0,0,4500,183,0,0,0,0
"1898",2023-03-07,14,5,4189,178,0,0,25.0960451977401,0,0,4500,183,0,0,0,0
"1899",2023-03-07,14,10,4500,180,0,0,25.0960451977401,0,0,4500,183,0,0,0,0
"1900",2023-03-07,14,15,4467,180,0,0,25.0960451977401,0,0,4500,183,0,0,0,0
"1901",2023-03-07,14,20,4222,183,0,0,25.0960451977401,0,0,4500,183,0,0,0,0
"1902",2023-03-07,14,25,4222,182,0,0,25.0960451977401,0,0,4500,183,0,0,0,0
"1903",2023-03-07,14,30,4417,178,0,0,25.0960451977401,0,0,4500,183,0,0,0,0
"1904",2023-03-07,14,35,4472,181,0,0,25.0960451977401,0,0,4500,183,0,0,0,0
"1905",2023-03-07,14,40,4417,178,0,0,25.0960451977401,0,0,4500,183,0,0,0,0
"1906",2023-03-07,14,45,4395,177,0,0,25.0960451977401,0,0,4500,183,0,0,0,0
"1907",2023-03-07,14,50,4442,177,0,0,25.0960451977401,0,0,4500,183,0,0,0,0
"1908",2023-03-07,14,55,4164,177,0,0,25.0960451977401,0,0,4500,183,0,0,0,0
"1909",2023-03-07,15,0,4092,175,0,0,23.75,0,0,4218,179,0,0,0,0
"1910",2023-03-07,15,5,3836,177,0,0,23.75,0,0,4218,179,0,0,0,0
"1911",2023-03-07,15,10,3886,178,0,0,23.75,0,0,4218,179,0,0,0,0
"1912",2023-03-07,15,15,3897,178,0,0,23.75,0,0,4218,179,0,0,0,0
"1913",2023-03-07,15,20,3847,177,0,0,23.75,0,0,4218,179,0,0,0,0
"1914",2023-03-07,15,25,3825,176,0,0,23.75,0,0,4218,179,0,0,0,0
"1915",2023-03-07,15,30,3825,176,0,0,23.75,0,0,4218,179,0,0,0,0
"1916",2023-03-07,15,35,4218,179,0,0,23.75,0,0,4218,179,0,0,0,0
"1917",2023-03-07,15,40,4174,177,0,0,23.75,0,0,4218,179,0,0,0,0
"1918",2023-03-07,15,45,4180,176,0,0,23.75,0,0,4218,179,0,0,0,0
"1919",2023-03-07,15,50,4130,175,0,0,23.75,0,0,4218,179,0,0,0,0
"1920",2023-03-07,15,55,4108,174,0,0,23.75,0,0,4218,179,0,0,0,0
"1921",2023-03-07,16,0,4004,172,0,0,24.7977528089888,0,0,4414,179,0,0,0,0
"1922",2023-03-07,16,5,4059,175,0,0,24.7977528089888,0,0,4414,179,0,0,0,0
"1923",2023-03-07,16,10,4414,178,0,0,24.7977528089888,0,0,4414,179,0,0,0,0
"1924",2023-03-07,16,15,4114,177,0,0,24.7977528089888,0,0,4414,179,0,0,0,0
"1925",2023-03-07,16,20,4092,176,0,0,24.7977528089888,0,0,4414,179,0,0,0,0
"1926",2023-03-07,16,25,4136,178,0,0,24.7977528089888,0,0,4414,179,0,0,0,0
"1927",2023-03-07,16,30,4108,178,0,0,24.7977528089888,0,0,4414,179,0,0,0,0
"1928",2023-03-07,16,35,3847,178,0,0,24.7977528089888,0,0,4414,179,0,0,0,0
"1929",2023-03-07,16,40,3836,177,0,0,24.7977528089888,0,0,4414,179,0,0,0,0
"1930",2023-03-07,16,45,3880,179,0,0,24.7977528089888,0,0,4414,179,0,0,0,0
"1931",2023-03-07,16,50,3869,178,0,0,24.7977528089888,0,0,4414,179,0,0,0,0
"1932",2023-03-07,16,55,3880,179,0,0,24.7977528089888,0,0,4414,179,0,0,0,0
"1933",2023-03-07,17,0,4114,177,0,0,24.9166666666667,0,0,4485,180,0,0,0,0
"1934",2023-03-07,17,5,4114,177,0,0,24.9166666666667,0,0,4485,180,0,0,0,0
"1935",2023-03-07,17,10,4485,180,0,0,24.9166666666667,0,0,4485,180,0,0,0,0
"1936",2023-03-07,17,15,4174,178,0,0,24.9166666666667,0,0,4485,180,0,0,0,0
"1937",2023-03-07,17,20,4130,176,0,0,24.9166666666667,0,0,4485,180,0,0,0,0
"1938",2023-03-07,17,25,4293,173,0,0,24.9166666666667,0,0,4485,180,0,0,0,0
"1939",2023-03-07,17,30,3927,169,0,0,24.9166666666667,0,0,4485,180,0,0,0,0
"1940",2023-03-07,17,35,3927,169,0,0,24.9166666666667,0,0,4485,180,0,0,0,0
"1941",2023-03-07,17,40,3627,168,0,0,24.9166666666667,0,0,4485,180,0,0,0,0
"1942",2023-03-07,17,45,3583,165,0,0,24.9166666666667,0,0,4485,180,0,0,0,0
"1943",2023-03-07,17,50,3453,159,0,0,24.9166666666667,0,0,4485,180,0,0,0,0
"1944",2023-03-07,17,55,3791,160,0,0,24.9166666666667,0,0,4485,180,0,0,0,0
"1945",2023-03-07,18,0,3747,158,0,0,25.4746835443038,0,0,4025,158,0,0,0,0
"1946",2023-03-07,18,5,4025,158,0,0,25.4746835443038,0,0,4025,158,0,0,0,0
"1947",2023-03-07,18,10,3747,158,0,0,25.4746835443038,0,0,4025,158,0,0,0,0
"1948",2023-03-07,18,15,3676,157,0,0,25.4746835443038,0,0,4025,158,0,0,0,0
"1949",2023-03-07,18,20,3894,156,0,0,25.4746835443038,0,0,4025,158,0,0,0,0
"1950",2023-03-07,18,25,3916,157,0,0,25.4746835443038,0,0,4025,158,0,0,0,0
"1951",2023-03-07,18,30,3336,156,0,0,25.4746835443038,0,0,4025,158,0,0,0,0
"1952",2023-03-07,18,35,3314,155,0,0,25.4746835443038,0,0,4025,158,0,0,0,0
"1953",2023-03-07,18,40,3614,156,0,0,25.4746835443038,0,0,4025,158,0,0,0,0
"1954",2023-03-07,18,45,3620,155,0,0,25.4746835443038,0,0,4025,158,0,0,0,0
"1955",2023-03-07,18,50,3598,154,0,0,25.4746835443038,0,0,4025,158,0,0,0,0
"1956",2023-03-07,18,55,3598,154,0,0,25.4746835443038,0,0,4025,158,0,0,0,0
"1957",2023-03-07,19,0,3609,153,0,0,23.9115646258503,0,0,3609,153,0,0,0,0
"1958",2023-03-07,19,5,3287,151,0,0,23.9115646258503,0,0,3609,153,0,0,0,0
"1959",2023-03-07,19,10,3287,150,0,0,23.9115646258503,0,0,3609,153,0,0,0,0
"1960",2023-03-07,19,15,3226,148,0,0,23.9115646258503,0,0,3609,153,0,0,0,0
"1961",2023-03-07,19,20,3559,150,0,0,23.9115646258503,0,0,3609,153,0,0,0,0
"1962",2023-03-07,19,25,3526,149,0,0,23.9115646258503,0,0,3609,153,0,0,0,0
"1963",2023-03-07,19,30,3526,149,0,0,23.9115646258503,0,0,3609,153,0,0,0,0
"1964",2023-03-07,19,35,3537,149,0,0,23.9115646258503,0,0,3609,153,0,0,0,0
"1965",2023-03-07,19,40,3526,148,0,0,23.9115646258503,0,0,3609,153,0,0,0,0
"1966",2023-03-07,19,45,3537,148,0,0,23.9115646258503,0,0,3609,153,0,0,0,0
"1967",2023-03-07,19,50,3515,147,0,0,23.9115646258503,0,0,3609,153,0,0,0,0
"1968",2023-03-07,19,55,3237,147,0,0,23.9115646258503,0,0,3609,153,0,0,0,0
"1969",2023-03-07,20,0,3226,146,0,0,26.5928571428571,0,0,3767,146,0,0,0,0
"1970",2023-03-07,20,5,3184,144,0,0,26.5928571428571,0,0,3767,146,0,0,0,0
"1971",2023-03-07,20,10,3484,145,0,0,26.5928571428571,0,0,3767,146,0,0,0,0
"1972",2023-03-07,20,15,3505,145,0,0,26.5928571428571,0,0,3767,146,0,0,0,0
"1973",2023-03-07,20,20,3750,143,0,0,26.5928571428571,0,0,3767,146,0,0,0,0
"1974",2023-03-07,20,25,3706,141,0,0,26.5928571428571,0,0,3767,146,0,0,0,0
"1975",2023-03-07,20,30,3739,142,0,0,26.5928571428571,0,0,3767,146,0,0,0,0
"1976",2023-03-07,20,35,3745,141,0,0,26.5928571428571,0,0,3767,146,0,0,0,0
"1977",2023-03-07,20,40,3767,142,0,0,26.5928571428571,0,0,3767,146,0,0,0,0
"1978",2023-03-07,20,45,3767,142,0,0,26.5928571428571,0,0,3767,146,0,0,0,0
"1979",2023-03-07,20,50,3723,140,0,0,26.5928571428571,0,0,3767,146,0,0,0,0
"1980",2023-03-07,20,55,3423,139,0,0,26.5928571428571,0,0,3767,146,0,0,0,0
"1981",2023-03-07,21,0,3095,138,0,0,24.5642857142857,0,0,3505,143,0,0,0,0
"1982",2023-03-07,21,5,3095,138,0,0,24.5642857142857,0,0,3505,143,0,0,0,0
"1983",2023-03-07,21,10,3117,138,0,0,24.5642857142857,0,0,3505,143,0,0,0,0
"1984",2023-03-07,21,15,3139,139,0,0,24.5642857142857,0,0,3505,143,0,0,0,0
"1985",2023-03-07,21,20,3439,140,0,0,24.5642857142857,0,0,3505,143,0,0,0,0
"1986",2023-03-07,21,25,3439,140,0,0,24.5642857142857,0,0,3505,143,0,0,0,0
"1987",2023-03-07,21,30,3161,140,0,0,24.5642857142857,0,0,3505,143,0,0,0,0
"1988",2023-03-07,21,35,3205,142,0,0,24.5642857142857,0,0,3505,143,0,0,0,0
"1989",2023-03-07,21,40,3205,142,0,0,24.5642857142857,0,0,3505,143,0,0,0,0
"1990",2023-03-07,21,45,3205,142,0,0,24.5642857142857,0,0,3505,143,0,0,0,0
"1991",2023-03-07,21,50,3205,142,0,0,24.5642857142857,0,0,3505,143,0,0,0,0
"1992",2023-03-07,21,55,3505,143,0,0,24.5642857142857,0,0,3505,143,0,0,0,0
"1993",2023-03-07,22,0,3483,142,0,0,24.5460992907801,0,0,3483,142,0,0,0,0
"1994",2023-03-07,22,5,3461,141,0,0,24.5460992907801,0,0,3483,142,0,0,0,0
"1995",2023-03-07,22,10,3461,141,0,0,24.5460992907801,0,0,3483,142,0,0,0,0
"1996",2023-03-07,22,15,3139,139,0,0,24.5460992907801,0,0,3483,142,0,0,0,0
"1997",2023-03-07,22,20,3189,140,0,0,24.5460992907801,0,0,3483,142,0,0,0,0
"1998",2023-03-07,22,25,3189,140,0,0,24.5460992907801,0,0,3483,142,0,0,0,0
"1999",2023-03-07,22,30,3189,140,0,0,24.5460992907801,0,0,3483,142,0,0,0,0
"2000",2023-03-07,22,35,3211,141,0,0,24.5460992907801,0,0,3483,142,0,0,0,0
"2001",2023-03-07,22,40,3200,141,0,0,24.5460992907801,0,0,3483,142,0,0,0,0
"2002",2023-03-07,22,45,3178,140,0,0,24.5460992907801,0,0,3483,142,0,0,0,0
"2003",2023-03-07,22,50,3156,140,0,0,24.5460992907801,0,0,3483,142,0,0,0,0
"2004",2023-03-07,22,55,3156,140,0,0,24.5460992907801,0,0,3483,142,0,0,0,0
"2005",2023-03-07,23,0,3134,139,0,0,24.5467625899281,0,0,3412,139,0,0,0,0
"2006",2023-03-07,23,5,3134,139,0,0,24.5467625899281,0,0,3412,139,0,0,0,0
"2007",2023-03-07,23,10,3412,139,0,0,24.5467625899281,0,0,3412,139,0,0,0,0
"2008",2023-03-07,23,15,3412,139,0,0,24.5467625899281,0,0,3412,139,0,0,0,0
"2009",2023-03-07,23,20,3062,137,0,0,24.5467625899281,0,0,3412,139,0,0,0,0
"2010",2023-03-07,23,25,3040,136,0,0,24.5467625899281,0,0,3412,139,0,0,0,0
"2011",2023-03-07,23,30,3028,135,0,0,24.5467625899281,0,0,3412,139,0,0,0,0
"2012",2023-03-07,23,35,3028,135,0,0,24.5467625899281,0,0,3412,139,0,0,0,0
"2013",2023-03-07,23,40,3006,134,0,0,24.5467625899281,0,0,3412,139,0,0,0,0
"2014",2023-03-07,23,45,3006,134,0,0,24.5467625899281,0,0,3412,139,0,0,0,0
"2015",2023-03-07,23,50,3028,135,0,0,24.5467625899281,0,0,3412,139,0,0,0,0
"2016",2023-03-07,23,55,3028,135,0,0,24.5467625899281,0,0,3412,139,0,0,0,0
"2017",2023-03-08,0,0,3030,136,0,0,24.3731343283582,0,0,3288,136,0,0,0,0
"2018",2023-03-08,0,5,3030,136,0,0,24.3731343283582,0,0,3288,136,0,0,0,0
"2019",2023-03-08,0,10,3030,136,0,0,24.3731343283582,0,0,3288,136,0,0,0,0
"2020",2023-03-08,0,15,3008,135,0,0,24.3731343283582,0,0,3288,136,0,0,0,0
"2021",2023-03-08,0,20,3008,135,0,0,24.3731343283582,0,0,3288,136,0,0,0,0
"2022",2023-03-08,0,25,3008,135,0,0,24.3731343283582,0,0,3288,136,0,0,0,0
"2023",2023-03-08,0,30,3008,135,0,0,24.3731343283582,0,0,3288,136,0,0,0,0
"2024",2023-03-08,0,35,3008,135,0,0,24.3731343283582,0,0,3288,136,0,0,0,0
"2025",2023-03-08,0,40,2988,134,0,0,24.3731343283582,0,0,3288,136,0,0,0,0
"2026",2023-03-08,0,45,3288,135,0,0,24.3731343283582,0,0,3288,136,0,0,0,0
"2027",2023-03-08,0,50,3266,134,0,0,24.3731343283582,0,0,3288,136,0,0,0,0
"2028",2023-03-08,0,55,2944,132,0,0,24.3731343283582,0,0,3288,136,0,0,0,0
"2029",2023-03-08,1,0,2930,131,0,0,22.3692307692308,0,0,2930,131,0,0,0,0
"2030",2023-03-08,1,5,2930,131,0,0,22.3692307692308,0,0,2930,131,0,0,0,0
"2031",2023-03-08,1,10,2930,131,0,0,22.3692307692308,0,0,2930,131,0,0,0,0
"2032",2023-03-08,1,15,2930,131,0,0,22.3692307692308,0,0,2930,131,0,0,0,0
"2033",2023-03-08,1,20,2930,131,0,0,22.3692307692308,0,0,2930,131,0,0,0,0
"2034",2023-03-08,1,25,2930,131,0,0,22.3692307692308,0,0,2930,131,0,0,0,0
"2035",2023-03-08,1,30,2930,131,0,0,22.3692307692308,0,0,2930,131,0,0,0,0
"2036",2023-03-08,1,35,2930,131,0,0,22.3692307692308,0,0,2930,131,0,0,0,0
"2037",2023-03-08,1,40,2908,130,0,0,22.3692307692308,0,0,2930,131,0,0,0,0
"2038",2023-03-08,1,45,2930,131,0,0,22.3692307692308,0,0,2930,131,0,0,0,0
"2039",2023-03-08,1,50,2930,131,0,0,22.3692307692308,0,0,2930,131,0,0,0,0
"2040",2023-03-08,1,55,2930,131,0,0,22.3692307692308,0,0,2930,131,0,0,0,0
"2041",2023-03-08,2,0,2930,131,0,0,22.5426356589147,0,0,2930,131,0,0,0,0
"2042",2023-03-08,2,5,2930,131,0,0,22.5426356589147,0,0,2930,131,0,0,0,0
"2043",2023-03-08,2,10,2919,130,0,0,22.5426356589147,0,0,2930,131,0,0,0,0
"2044",2023-03-08,2,15,2919,130,0,0,22.5426356589147,0,0,2930,131,0,0,0,0
"2045",2023-03-08,2,20,2919,130,0,0,22.5426356589147,0,0,2930,131,0,0,0,0
"2046",2023-03-08,2,25,2919,130,0,0,22.5426356589147,0,0,2930,131,0,0,0,0
"2047",2023-03-08,2,30,2919,130,0,0,22.5426356589147,0,0,2930,131,0,0,0,0
"2048",2023-03-08,2,35,2919,130,0,0,22.5426356589147,0,0,2930,131,0,0,0,0
"2049",2023-03-08,2,40,2919,130,0,0,22.5426356589147,0,0,2930,131,0,0,0,0
"2050",2023-03-08,2,45,2919,130,0,0,22.5426356589147,0,0,2930,131,0,0,0,0
"2051",2023-03-08,2,50,2919,130,0,0,22.5426356589147,0,0,2930,131,0,0,0,0
"2052",2023-03-08,2,55,2908,129,0,0,22.5426356589147,0,0,2930,131,0,0,0,0
"2053",2023-03-08,3,0,2908,129,0,0,22.5426356589147,0,0,2908,129,0,0,0,0
"2054",2023-03-08,3,5,2908,129,0,0,22.5426356589147,0,0,2908,129,0,0,0,0
"2055",2023-03-08,3,10,2908,129,0,0,22.5426356589147,0,0,2908,129,0,0,0,0
"2056",2023-03-08,3,15,2908,129,0,0,22.5426356589147,0,0,2908,129,0,0,0,0
"2057",2023-03-08,3,20,2908,129,0,0,22.5426356589147,0,0,2908,129,0,0,0,0
"2058",2023-03-08,3,25,2908,129,0,0,22.5426356589147,0,0,2908,129,0,0,0,0
"2059",2023-03-08,3,30,2908,129,0,0,22.5426356589147,0,0,2908,129,0,0,0,0
"2060",2023-03-08,3,35,2908,129,0,0,22.5426356589147,0,0,2908,129,0,0,0,0
"2061",2023-03-08,3,40,2908,129,0,0,22.5426356589147,0,0,2908,129,0,0,0,0
"2062",2023-03-08,3,45,2908,129,0,0,22.5426356589147,0,0,2908,129,0,0,0,0
"2063",2023-03-08,3,50,2908,129,0,0,22.5426356589147,0,0,2908,129,0,0,0,0
"2064",2023-03-08,3,55,2908,129,0,0,22.5426356589147,0,0,2908,129,0,0,0,0
"2065",2023-03-08,4,0,2908,129,0,0,22.5426356589147,0,0,2908,129,0,0,0,0
"2066",2023-03-08,4,5,2908,129,0,0,22.5426356589147,0,0,2908,129,0,0,0,0
"2067",2023-03-08,4,10,2908,129,0,0,22.5426356589147,0,0,2908,129,0,0,0,0
"2068",2023-03-08,4,15,2908,129,0,0,22.5426356589147,0,0,2908,129,0,0,0,0
"2069",2023-03-08,4,20,2908,129,0,0,22.5426356589147,0,0,2908,129,0,0,0,0
"2070",2023-03-08,4,25,2908,129,0,0,22.5426356589147,0,0,2908,129,0,0,0,0
"2071",2023-03-08,4,30,2908,129,0,0,22.5426356589147,0,0,2908,129,0,0,0,0
"2072",2023-03-08,4,35,2908,129,0,0,22.5426356589147,0,0,2908,129,0,0,0,0
"2073",2023-03-08,4,40,2908,129,0,0,22.5426356589147,0,0,2908,129,0,0,0,0
"2074",2023-03-08,4,45,2908,129,0,0,22.5426356589147,0,0,2908,129,0,0,0,0
"2075",2023-03-08,4,50,2908,129,0,0,22.5426356589147,0,0,2908,129,0,0,0,0
"2076",2023-03-08,4,55,2908,129,0,0,22.5426356589147,0,0,2908,129,0,0,0,0
"2077",2023-03-08,5,0,2908,129,0,0,22.5511811023622,0,0,2908,129,0,0,0,0
"2078",2023-03-08,5,5,2908,129,0,0,22.5511811023622,0,0,2908,129,0,0,0,0
"2079",2023-03-08,5,10,2908,129,0,0,22.5511811023622,0,0,2908,129,0,0,0,0
"2080",2023-03-08,5,15,2908,129,0,0,22.5511811023622,0,0,2908,129,0,0,0,0
"2081",2023-03-08,5,20,2908,129,0,0,22.5511811023622,0,0,2908,129,0,0,0,0
"2082",2023-03-08,5,25,2908,129,0,0,22.5511811023622,0,0,2908,129,0,0,0,0
"2083",2023-03-08,5,30,2908,129,0,0,22.5511811023622,0,0,2908,129,0,0,0,0
"2084",2023-03-08,5,35,2864,127,0,0,22.5511811023622,0,0,2908,129,0,0,0,0
"2085",2023-03-08,5,40,2864,127,0,0,22.5511811023622,0,0,2908,129,0,0,0,0
"2086",2023-03-08,5,45,2864,127,0,0,22.5511811023622,0,0,2908,129,0,0,0,0
"2087",2023-03-08,5,50,2864,127,0,0,22.5511811023622,0,0,2908,129,0,0,0,0
"2088",2023-03-08,5,55,2864,127,0,0,22.5511811023622,0,0,2908,129,0,0,0,0
"2089",2023-03-08,6,0,2864,127,0,0,22.5511811023622,0,0,2864,127,0,0,0,0
"2090",2023-03-08,6,5,2864,127,0,0,22.5511811023622,0,0,2864,127,0,0,0,0
"2091",2023-03-08,6,10,2864,127,0,0,22.5511811023622,0,0,2864,127,0,0,0,0
"2092",2023-03-08,6,15,2864,127,0,0,22.5511811023622,0,0,2864,127,0,0,0,0
"2093",2023-03-08,6,20,2832,126,0,0,22.5511811023622,0,0,2864,127,0,0,0,0
"2094",2023-03-08,6,25,2832,126,0,0,22.5511811023622,0,0,2864,127,0,0,0,0
"2095",2023-03-08,6,30,2832,126,0,0,22.5511811023622,0,0,2864,127,0,0,0,0
"2096",2023-03-08,6,35,2832,126,0,0,22.5511811023622,0,0,2864,127,0,0,0,0
"2097",2023-03-08,6,40,2832,126,0,0,22.5511811023622,0,0,2864,127,0,0,0,0
"2098",2023-03-08,6,45,2810,125,0,0,22.5511811023622,0,0,2864,127,0,0,0,0
"2099",2023-03-08,6,50,2810,125,0,0,22.5511811023622,0,0,2864,127,0,0,0,0
"2100",2023-03-08,6,55,2810,125,0,0,22.5511811023622,0,0,2864,127,0,0,0,0
"2101",2023-03-08,7,55,3085,140,0,0,22.5634920634921,0,0,3085,140,0,0,0,0
"2102",2023-03-08,7,0,2810,125,0,0,22.5634920634921,0,0,3085,140,0,0,0,0
"2103",2023-03-08,7,5,2810,125,0,0,22.5634920634921,0,0,3085,140,0,0,0,0
"2104",2023-03-08,7,10,2810,125,0,0,22.5634920634921,0,0,3085,140,0,0,0,0
"2105",2023-03-08,7,15,2832,126,0,0,22.5634920634921,0,0,3085,140,0,0,0,0
"2106",2023-03-08,7,20,2832,126,0,0,22.5634920634921,0,0,3085,140,0,0,0,0
"2107",2023-03-08,7,25,2843,126,0,0,22.5634920634921,0,0,3085,140,0,0,0,0
"2108",2023-03-08,7,30,2843,126,0,0,22.5634920634921,0,0,3085,140,0,0,0,0
"2109",2023-03-08,7,35,2898,129,0,0,22.5634920634921,0,0,3085,140,0,0,0,0
"2110",2023-03-08,7,40,2920,130,0,0,22.5634920634921,0,0,3085,140,0,0,0,0
"2111",2023-03-08,7,45,2975,133,0,0,22.5634920634921,0,0,3085,140,0,0,0,0
"2112",2023-03-08,7,50,3019,136,0,0,22.5634920634921,0,0,3085,140,0,0,0,0
"2113",2023-03-08,8,0,3107,141,0,0,23.4025157232704,0,0,3721,159,0,0,0,0
"2114",2023-03-08,8,5,3162,143,0,0,23.4025157232704,0,0,3721,159,0,0,0,0
"2115",2023-03-08,8,10,3140,142,0,0,23.4025157232704,0,0,3721,159,0,0,0,0
"2116",2023-03-08,8,15,3151,143,0,0,23.4025157232704,0,0,3721,159,0,0,0,0
"2117",2023-03-08,8,20,3195,147,0,0,23.4025157232704,0,0,3721,159,0,0,0,0
"2118",2023-03-08,8,25,3195,147,0,0,23.4025157232704,0,0,3721,159,0,0,0,0
"2119",2023-03-08,8,30,3239,150,0,0,23.4025157232704,0,0,3721,159,0,0,0,0
"2120",2023-03-08,8,35,3283,151,0,0,23.4025157232704,0,0,3721,159,0,0,0,0
"2121",2023-03-08,8,40,3283,151,0,0,23.4025157232704,0,0,3721,159,0,0,0,0
"2122",2023-03-08,8,45,3316,153,0,0,23.4025157232704,0,0,3721,159,0,0,0,0
"2123",2023-03-08,8,50,3305,154,0,0,23.4025157232704,0,0,3721,159,0,0,0,0
"2124",2023-03-08,8,55,3721,159,0,0,23.4025157232704,0,0,3721,159,0,0,0,0
"2125",2023-03-08,9,0,3796,163,0,0,23.3045977011494,0,0,4298,189,0,0,0,0
"2126",2023-03-08,9,5,3801,165,0,0,23.3045977011494,0,0,4298,189,0,0,0,0
"2127",2023-03-08,9,10,3917,169,0,0,23.3045977011494,0,0,4298,189,0,0,0,0
"2128",2023-03-08,9,15,4055,174,0,0,23.3045977011494,0,0,4298,189,0,0,0,0
"2129",2023-03-08,9,20,4071,177,0,0,23.3045977011494,0,0,4298,189,0,0,0,0
"2130",2023-03-08,9,25,4126,180,0,0,23.3045977011494,0,0,4298,189,0,0,0,0
"2131",2023-03-08,9,30,3859,181,0,0,23.3045977011494,0,0,4298,189,0,0,0,0
"2132",2023-03-08,9,35,3839,181,0,0,23.3045977011494,0,0,4298,189,0,0,0,0
"2133",2023-03-08,9,40,3828,181,0,0,23.3045977011494,0,0,4298,189,0,0,0,0
"2134",2023-03-08,9,45,3861,183,0,0,23.3045977011494,0,0,4298,189,0,0,0,0
"2135",2023-03-08,9,50,4276,187,0,0,23.3045977011494,0,0,4298,189,0,0,0,0
"2136",2023-03-08,9,55,4298,189,0,0,23.3045977011494,0,0,4298,189,0,0,0,0
"2137",2023-03-08,10,0,4315,188,0,0,22.9521276595745,0,0,4513,197,0,0,0,0
"2138",2023-03-08,10,5,4348,190,0,0,22.9521276595745,0,0,4513,197,0,0,0,0
"2139",2023-03-08,10,10,4513,197,0,0,22.9521276595745,0,0,4513,197,0,0,0,0
"2140",2023-03-08,10,15,4408,194,0,0,22.9521276595745,0,0,4513,197,0,0,0,0
"2141",2023-03-08,10,20,4320,189,0,0,22.9521276595745,0,0,4513,197,0,0,0,0
"2142",2023-03-08,10,25,4417,194,0,0,22.9521276595745,0,0,4513,197,0,0,0,0
"2143",2023-03-08,10,30,4334,192,0,0,22.9521276595745,0,0,4513,197,0,0,0,0
"2144",2023-03-08,10,35,4312,191,0,0,22.9521276595745,0,0,4513,197,0,0,0,0
"2145",2023-03-08,10,40,4378,194,0,0,22.9521276595745,0,0,4513,197,0,0,0,0
"2146",2023-03-08,10,45,4378,194,0,0,22.9521276595745,0,0,4513,197,0,0,0,0
"2147",2023-03-08,10,50,4323,192,0,0,22.9521276595745,0,0,4513,197,0,0,0,0
"2148",2023-03-08,10,55,4361,192,0,0,22.9521276595745,0,0,4513,197,0,0,0,0
"2149",2023-03-08,11,0,4372,193,0,0,22.7897435897436,0,0,4505,200,0,0,0,0
"2150",2023-03-08,11,5,4444,195,0,0,22.7897435897436,0,0,4505,200,0,0,0,0
"2151",2023-03-08,11,10,4505,198,0,0,22.7897435897436,0,0,4505,200,0,0,0,0
"2152",2023-03-08,11,15,4472,197,0,0,22.7897435897436,0,0,4505,200,0,0,0,0
"2153",2023-03-08,11,20,4494,198,0,0,22.7897435897436,0,0,4505,200,0,0,0,0
"2154",2023-03-08,11,25,4467,197,0,0,22.7897435897436,0,0,4505,200,0,0,0,0
"2155",2023-03-08,11,30,4478,197,0,0,22.7897435897436,0,0,4505,200,0,0,0,0
"2156",2023-03-08,11,35,4156,199,0,0,22.7897435897436,0,0,4505,200,0,0,0,0
"2157",2023-03-08,11,40,4178,199,0,0,22.7897435897436,0,0,4505,200,0,0,0,0
"2158",2023-03-08,11,45,4200,200,0,0,22.7897435897436,0,0,4505,200,0,0,0,0
"2159",2023-03-08,11,50,4145,196,0,0,22.7897435897436,0,0,4505,200,0,0,0,0
"2160",2023-03-08,11,55,4467,198,0,0,22.7897435897436,0,0,4505,200,0,0,0,0
"2161",2023-03-08,12,0,4484,197,0,0,24.1794871794872,0,0,4748,197,0,0,0,0
"2162",2023-03-08,12,5,4390,194,0,0,24.1794871794872,0,0,4748,197,0,0,0,0
"2163",2023-03-08,12,10,4401,194,0,0,24.1794871794872,0,0,4748,197,0,0,0,0
"2164",2023-03-08,12,15,4401,194,0,0,24.1794871794872,0,0,4748,197,0,0,0,0
"2165",2023-03-08,12,20,4407,194,0,0,24.1794871794872,0,0,4748,197,0,0,0,0
"2166",2023-03-08,12,25,4385,192,0,0,24.1794871794872,0,0,4748,197,0,0,0,0
"2167",2023-03-08,12,30,4319,190,0,0,24.1794871794872,0,0,4748,197,0,0,0,0
"2168",2023-03-08,12,35,4341,191,0,0,24.1794871794872,0,0,4748,197,0,0,0,0
"2169",2023-03-08,12,40,4404,194,0,0,24.1794871794872,0,0,4748,197,0,0,0,0
"2170",2023-03-08,12,45,4748,197,0,0,24.1794871794872,0,0,4748,197,0,0,0,0
"2171",2023-03-08,12,50,4715,195,0,0,24.1794871794872,0,0,4748,197,0,0,0,0
"2172",2023-03-08,12,55,4715,195,0,0,24.1794871794872,0,0,4748,197,0,0,0,0
"2173",2023-03-08,13,0,4693,194,0,0,25.0949720670391,0,0,4693,194,0,0,0,0
"2174",2023-03-08,13,5,4677,191,0,0,25.0949720670391,0,0,4693,194,0,0,0,0
"2175",2023-03-08,13,10,4622,188,0,0,25.0949720670391,0,0,4693,194,0,0,0,0
"2176",2023-03-08,13,15,4589,186,0,0,25.0949720670391,0,0,4693,194,0,0,0,0
"2177",2023-03-08,13,20,4278,184,0,0,25.0949720670391,0,0,4693,194,0,0,0,0
"2178",2023-03-08,13,25,4256,183,0,0,25.0949720670391,0,0,4693,194,0,0,0,0
"2179",2023-03-08,13,30,4180,180,0,0,25.0949720670391,0,0,4693,194,0,0,0,0
"2180",2023-03-08,13,35,4470,179,0,0,25.0949720670391,0,0,4693,194,0,0,0,0
"2181",2023-03-08,13,40,4481,179,0,0,25.0949720670391,0,0,4693,194,0,0,0,0
"2182",2023-03-08,13,45,4492,179,0,0,25.0949720670391,0,0,4693,194,0,0,0,0
"2183",2023-03-08,13,50,4387,175,0,0,25.0949720670391,0,0,4693,194,0,0,0,0
"2184",2023-03-08,13,55,4387,175,0,0,25.0949720670391,0,0,4693,194,0,0,0,0
"2185",2023-03-08,14,0,4365,174,0,0,26.6931818181818,0,0,4698,180,0,0,0,0
"2186",2023-03-08,14,10,4665,175,0,0,26.6931818181818,0,0,4698,180,0,0,0,0
"2187",2023-03-08,14,15,4698,176,0,0,26.6931818181818,0,0,4698,180,0,0,0,0
"2188",2023-03-08,14,20,4038,174,0,0,26.6931818181818,0,0,4698,180,0,0,0,0
"2189",2023-03-08,14,25,4038,174,0,0,26.6931818181818,0,0,4698,180,0,0,0,0
"2190",2023-03-08,14,30,4038,174,0,0,26.6931818181818,0,0,4698,180,0,0,0,0
"2191",2023-03-08,14,35,3843,177,0,0,26.6931818181818,0,0,4698,180,0,0,0,0
"2192",2023-03-08,14,40,3887,179,0,0,26.6931818181818,0,0,4698,180,0,0,0,0
"2193",2023-03-08,14,45,4503,179,0,0,26.6931818181818,0,0,4698,180,0,0,0,0
"2194",2023-03-08,14,50,4481,178,0,0,26.6931818181818,0,0,4698,180,0,0,0,0
"2195",2023-03-08,14,55,4553,180,0,0,26.6931818181818,0,0,4698,180,0,0,0,0
"2196",2023-03-08,14,5,4665,175,0,0,26.6931818181818,0,0,4698,180,0,0,0,0
"2197",2023-03-08,15,0,4498,176,0,0,27.1129943502825,0,0,4831,179,0,0,0,0
"2198",2023-03-08,15,5,4581,179,0,0,27.1129943502825,0,0,4831,179,0,0,0,0
"2199",2023-03-08,15,10,4559,178,0,0,27.1129943502825,0,0,4831,179,0,0,0,0
"2200",2023-03-08,15,15,4831,179,0,0,27.1129943502825,0,0,4831,179,0,0,0,0
"2201",2023-03-08,15,20,4821,178,0,0,27.1129943502825,0,0,4831,179,0,0,0,0
"2202",2023-03-08,15,25,4799,177,0,0,27.1129943502825,0,0,4831,179,0,0,0,0
"2203",2023-03-08,15,30,4521,177,0,0,27.1129943502825,0,0,4831,179,0,0,0,0
"2204",2023-03-08,15,35,4510,176,0,0,27.1129943502825,0,0,4831,179,0,0,0,0
"2205",2023-03-08,15,40,4510,176,0,0,27.1129943502825,0,0,4831,179,0,0,0,0
"2206",2023-03-08,15,45,4488,175,0,0,27.1129943502825,0,0,4831,179,0,0,0,0
"2207",2023-03-08,15,50,4221,176,0,0,27.1129943502825,0,0,4831,179,0,0,0,0
"2208",2023-03-08,15,55,4243,177,0,0,27.1129943502825,0,0,4831,179,0,0,0,0
"2209",2023-03-08,16,0,4263,178,0,0,27.3714285714286,0,0,4790,179,0,0,0,0
"2210",2023-03-08,16,5,4263,178,0,0,27.3714285714286,0,0,4790,179,0,0,0,0
"2211",2023-03-08,16,10,4276,179,0,0,27.3714285714286,0,0,4790,179,0,0,0,0
"2212",2023-03-08,16,15,4183,176,0,0,27.3714285714286,0,0,4790,179,0,0,0,0
"2213",2023-03-08,16,20,4128,173,0,0,27.3714285714286,0,0,4790,179,0,0,0,0
"2214",2023-03-08,16,25,4510,175,0,0,27.3714285714286,0,0,4790,179,0,0,0,0
"2215",2023-03-08,16,30,4790,175,0,0,27.3714285714286,0,0,4790,179,0,0,0,0
"2216",2023-03-08,16,35,4468,174,0,0,27.3714285714286,0,0,4790,179,0,0,0,0
"2217",2023-03-08,16,40,4479,174,0,0,27.3714285714286,0,0,4790,179,0,0,0,0
"2218",2023-03-08,16,45,4501,175,0,0,27.3714285714286,0,0,4790,179,0,0,0,0
"2219",2023-03-08,16,50,4168,173,0,0,27.3714285714286,0,0,4790,179,0,0,0,0
"2220",2023-03-08,16,55,4190,174,0,0,27.3714285714286,0,0,4790,179,0,0,0,0
"2221",2023-03-08,17,0,4206,173,0,0,24.3391812865497,0,0,4206,173,0,0,0,0
"2222",2023-03-08,17,5,4162,171,0,0,24.3391812865497,0,0,4206,173,0,0,0,0
"2223",2023-03-08,17,10,3780,169,0,0,24.3391812865497,0,0,4206,173,0,0,0,0
"2224",2023-03-08,17,15,3747,168,0,0,24.3391812865497,0,0,4206,173,0,0,0,0
"2225",2023-03-08,17,20,3708,166,0,0,24.3391812865497,0,0,4206,173,0,0,0,0
"2226",2023-03-08,17,25,3665,164,0,0,24.3391812865497,0,0,4206,173,0,0,0,0
"2227",2023-03-08,17,30,3921,163,0,0,24.3391812865497,0,0,4206,173,0,0,0,0
"2228",2023-03-08,17,35,3976,165,0,0,24.3391812865497,0,0,4206,173,0,0,0,0
"2229",2023-03-08,17,40,3687,166,0,0,24.3391812865497,0,0,4206,173,0,0,0,0
"2230",2023-03-08,17,45,4058,169,0,0,24.3391812865497,0,0,4206,173,0,0,0,0
"2231",2023-03-08,17,50,3714,166,0,0,24.3391812865497,0,0,4206,173,0,0,0,0
"2232",2023-03-08,17,55,3676,166,0,0,24.3391812865497,0,0,4206,173,0,0,0,0
"2233",2023-03-08,18,0,3727,169,0,0,25.7668711656442,0,0,4200,170,0,0,0,0
"2234",2023-03-08,18,5,3788,170,0,0,25.7668711656442,0,0,4200,170,0,0,0,0
"2235",2023-03-08,18,10,3755,169,0,0,25.7668711656442,0,0,4200,170,0,0,0,0
"2236",2023-03-08,18,15,3722,167,0,0,25.7668711656442,0,0,4200,170,0,0,0,0
"2237",2023-03-08,18,20,4011,167,0,0,25.7668711656442,0,0,4200,170,0,0,0,0
"2238",2023-03-08,18,25,3890,165,0,0,25.7668711656442,0,0,4200,170,0,0,0,0
"2239",2023-03-08,18,30,3557,162,0,0,25.7668711656442,0,0,4200,170,0,0,0,0
"2240",2023-03-08,18,35,3824,161,0,0,25.7668711656442,0,0,4200,170,0,0,0,0
"2241",2023-03-08,18,40,3922,162,0,0,25.7668711656442,0,0,4200,170,0,0,0,0
"2242",2023-03-08,18,45,4200,163,0,0,25.7668711656442,0,0,4200,170,0,0,0,0
"2243",2023-03-08,18,50,3878,161,0,0,25.7668711656442,0,0,4200,170,0,0,0,0
"2244",2023-03-08,18,55,3922,163,0,0,25.7668711656442,0,0,4200,170,0,0,0,0
"2245",2023-03-08,19,0,3966,166,0,0,23.9938650306748,0,0,3966,166,0,0,0,0
"2246",2023-03-08,19,5,3922,164,0,0,23.9938650306748,0,0,3966,166,0,0,0,0
"2247",2023-03-08,19,10,3911,163,0,0,23.9938650306748,0,0,3966,166,0,0,0,0
"2248",2023-03-08,19,15,3600,161,0,0,23.9938650306748,0,0,3966,166,0,0,0,0
"2249",2023-03-08,19,20,3583,162,0,0,23.9938650306748,0,0,3966,166,0,0,0,0
"2250",2023-03-08,19,25,3892,163,0,0,23.9938650306748,0,0,3966,166,0,0,0,0
"2251",2023-03-08,19,30,3799,160,0,0,23.9938650306748,0,0,3966,166,0,0,0,0
"2252",2023-03-08,19,35,3345,155,0,0,23.9938650306748,0,0,3966,166,0,0,0,0
"2253",2023-03-08,19,40,3312,153,0,0,23.9938650306748,0,0,3966,166,0,0,0,0
"2254",2023-03-08,19,45,3345,154,0,0,23.9938650306748,0,0,3966,166,0,0,0,0
"2255",2023-03-08,19,50,3405,155,0,0,23.9938650306748,0,0,3966,166,0,0,0,0
"2256",2023-03-08,19,55,3350,152,0,0,23.9938650306748,0,0,3966,166,0,0,0,0
"2257",2023-03-08,20,0,3372,153,0,0,25.9727891156463,0,0,3884,153,0,0,0,0
"2258",2023-03-08,20,5,3339,151,0,0,25.9727891156463,0,0,3884,153,0,0,0,0
"2259",2023-03-08,20,10,3317,150,0,0,25.9727891156463,0,0,3884,153,0,0,0,0
"2260",2023-03-08,20,15,3213,147,0,0,25.9727891156463,0,0,3884,153,0,0,0,0
"2261",2023-03-08,20,20,3191,146,0,0,25.9727891156463,0,0,3884,153,0,0,0,0
"2262",2023-03-08,20,25,3213,147,0,0,25.9727891156463,0,0,3884,153,0,0,0,0
"2263",2023-03-08,20,30,3273,148,0,0,25.9727891156463,0,0,3884,153,0,0,0,0
"2264",2023-03-08,20,35,3884,150,0,0,25.9727891156463,0,0,3884,153,0,0,0,0
"2265",2023-03-08,20,40,3840,148,0,0,25.9727891156463,0,0,3884,153,0,0,0,0
"2266",2023-03-08,20,45,3818,147,0,0,25.9727891156463,0,0,3884,153,0,0,0,0
"2267",2023-03-08,20,50,3540,147,0,0,25.9727891156463,0,0,3884,153,0,0,0,0
"2268",2023-03-08,20,55,3626,151,0,0,25.9727891156463,0,0,3884,153,0,0,0,0
"2269",2023-03-08,21,0,3606,150,0,0,24.04,0,0,3606,151,0,0,0,0
"2270",2023-03-08,21,5,3568,150,0,0,24.04,0,0,3606,151,0,0,0,0
"2271",2023-03-08,21,10,3590,151,0,0,24.04,0,0,3606,151,0,0,0,0
"2272",2023-03-08,21,15,3548,149,0,0,24.04,0,0,3606,151,0,0,0,0
"2273",2023-03-08,21,20,3186,145,0,0,24.04,0,0,3606,151,0,0,0,0
"2274",2023-03-08,21,25,3186,145,0,0,24.04,0,0,3606,151,0,0,0,0
"2275",2023-03-08,21,30,3173,145,0,0,24.04,0,0,3606,151,0,0,0,0
"2276",2023-03-08,21,35,3183,145,0,0,24.04,0,0,3606,151,0,0,0,0
"2277",2023-03-08,21,40,3161,143,0,0,24.04,0,0,3606,151,0,0,0,0
"2278",2023-03-08,21,45,3161,143,0,0,24.04,0,0,3606,151,0,0,0,0
"2279",2023-03-08,21,50,3161,143,0,0,24.04,0,0,3606,151,0,0,0,0
"2280",2023-03-08,21,55,3161,143,0,0,24.04,0,0,3606,151,0,0,0,0
"2281",2023-03-08,22,0,3483,145,0,0,24.0921985815603,0,0,3483,145,0,0,0,0
"2282",2023-03-08,22,5,3461,144,0,0,24.0921985815603,0,0,3483,145,0,0,0,0
"2283",2023-03-08,22,10,3461,144,0,0,24.0921985815603,0,0,3483,145,0,0,0,0
"2284",2023-03-08,22,15,3483,145,0,0,24.0921985815603,0,0,3483,145,0,0,0,0
"2285",2023-03-08,22,20,3483,145,0,0,24.0921985815603,0,0,3483,145,0,0,0,0
"2286",2023-03-08,22,25,3483,145,0,0,24.0921985815603,0,0,3483,145,0,0,0,0
"2287",2023-03-08,22,30,3483,145,0,0,24.0921985815603,0,0,3483,145,0,0,0,0
"2288",2023-03-08,22,35,3461,144,0,0,24.0921985815603,0,0,3483,145,0,0,0,0
"2289",2023-03-08,22,40,3461,144,0,0,24.0921985815603,0,0,3483,145,0,0,0,0
"2290",2023-03-08,22,45,3461,144,0,0,24.0921985815603,0,0,3483,145,0,0,0,0
"2291",2023-03-08,22,50,3419,142,0,0,24.0921985815603,0,0,3483,145,0,0,0,0
"2292",2023-03-08,22,55,3397,141,0,0,24.0921985815603,0,0,3483,145,0,0,0,0
"2293",2023-03-08,23,0,3375,140,0,0,26.2554744525547,0,0,3663,140,0,0,0,0
"2294",2023-03-08,23,5,3375,140,0,0,26.2554744525547,0,0,3663,140,0,0,0,0
"2295",2023-03-08,23,10,3385,140,0,0,26.2554744525547,0,0,3663,140,0,0,0,0
"2296",2023-03-08,23,15,3663,140,0,0,26.2554744525547,0,0,3663,140,0,0,0,0
"2297",2023-03-08,23,20,3663,140,0,0,26.2554744525547,0,0,3663,140,0,0,0,0
"2298",2023-03-08,23,25,3641,139,0,0,26.2554744525547,0,0,3663,140,0,0,0,0
"2299",2023-03-08,23,30,3619,138,0,0,26.2554744525547,0,0,3663,140,0,0,0,0
"2300",2023-03-08,23,35,3597,137,0,0,26.2554744525547,0,0,3663,140,0,0,0,0
"2301",2023-03-08,23,40,3330,137,0,0,26.2554744525547,0,0,3663,140,0,0,0,0
"2302",2023-03-08,23,45,3030,136,0,0,26.2554744525547,0,0,3663,140,0,0,0,0
"2303",2023-03-08,23,50,3008,135,0,0,26.2554744525547,0,0,3663,140,0,0,0,0
"2304",2023-03-08,23,55,3008,135,0,0,26.2554744525547,0,0,3663,140,0,0,0,0
"2305",2023-03-09,0,0,3588,147,0,0,24.5704225352113,0,0,3588,147,0,0,0,0
"2306",2023-03-09,0,5,3588,147,0,0,24.5704225352113,0,0,3588,147,0,0,0,0
"2307",2023-03-09,0,10,3544,145,0,0,24.5704225352113,0,0,3588,147,0,0,0,0
"2308",2023-03-09,0,15,3500,143,0,0,24.5704225352113,0,0,3588,147,0,0,0,0
"2309",2023-03-09,0,20,3500,143,0,0,24.5704225352113,0,0,3588,147,0,0,0,0
"2310",2023-03-09,0,25,3500,143,0,0,24.5704225352113,0,0,3588,147,0,0,0,0
"2311",2023-03-09,0,30,3478,142,0,0,24.5704225352113,0,0,3588,147,0,0,0,0
"2312",2023-03-09,0,35,3500,143,0,0,24.5704225352113,0,0,3588,147,0,0,0,0
"2313",2023-03-09,0,40,3500,143,0,0,24.5704225352113,0,0,3588,147,0,0,0,0
"2314",2023-03-09,0,45,3500,143,0,0,24.5704225352113,0,0,3588,147,0,0,0,0
"2315",2023-03-09,0,50,3500,143,0,0,24.5704225352113,0,0,3588,147,0,0,0,0
"2316",2023-03-09,0,55,3489,142,0,0,24.5704225352113,0,0,3588,147,0,0,0,0
"2317",2023-03-09,1,0,2944,132,0,0,22.3863636363636,0,0,2966,133,0,0,0,0
"2318",2023-03-09,1,5,2944,132,0,0,22.3863636363636,0,0,2966,133,0,0,0,0
"2319",2023-03-09,1,10,2944,132,0,0,22.3863636363636,0,0,2966,133,0,0,0,0
"2320",2023-03-09,1,15,2944,132,0,0,22.3863636363636,0,0,2966,133,0,0,0,0
"2321",2023-03-09,1,20,2944,132,0,0,22.3863636363636,0,0,2966,133,0,0,0,0
"2322",2023-03-09,1,25,2944,132,0,0,22.3863636363636,0,0,2966,133,0,0,0,0
"2323",2023-03-09,1,30,2955,132,0,0,22.3863636363636,0,0,2966,133,0,0,0,0
"2324",2023-03-09,1,35,2966,133,0,0,22.3863636363636,0,0,2966,133,0,0,0,0
"2325",2023-03-09,1,40,2966,133,0,0,22.3863636363636,0,0,2966,133,0,0,0,0
"2326",2023-03-09,1,45,2966,133,0,0,22.3863636363636,0,0,2966,133,0,0,0,0
"2327",2023-03-09,1,50,2966,133,0,0,22.3863636363636,0,0,2966,133,0,0,0,0
"2328",2023-03-09,1,55,2966,133,0,0,22.3863636363636,0,0,2966,133,0,0,0,0
"2329",2023-03-09,2,0,2966,133,0,0,22.6153846153846,0,0,3026,134,0,0,0,0
"2330",2023-03-09,2,5,2966,133,0,0,22.6153846153846,0,0,3026,134,0,0,0,0
"2331",2023-03-09,2,10,2966,133,0,0,22.6153846153846,0,0,3026,134,0,0,0,0
"2332",2023-03-09,2,15,3026,134,0,0,22.6153846153846,0,0,3026,134,0,0,0,0
"2333",2023-03-09,2,20,3026,134,0,0,22.6153846153846,0,0,3026,134,0,0,0,0
"2334",2023-03-09,2,30,3026,134,0,0,22.6153846153846,0,0,3026,134,0,0,0,0
"2335",2023-03-09,2,35,3026,134,0,0,22.6153846153846,0,0,3026,134,0,0,0,0
"2336",2023-03-09,2,40,3026,134,0,0,22.6153846153846,0,0,3026,134,0,0,0,0
"2337",2023-03-09,2,45,3026,134,0,0,22.6153846153846,0,0,3026,134,0,0,0,0
"2338",2023-03-09,2,50,3026,134,0,0,22.6153846153846,0,0,3026,134,0,0,0,0
"2339",2023-03-09,2,55,3004,133,0,0,22.6153846153846,0,0,3026,134,0,0,0,0
"2340",2023-03-09,2,25,2940,130,0,0,22.6153846153846,0,0,3026,134,0,0,0,0
"2341",2023-03-09,3,0,2933,131,0,0,22.4769230769231,0,0,2933,131,0,0,0,0
"2342",2023-03-09,3,5,2933,131,0,0,22.4769230769231,0,0,2933,131,0,0,0,0
"2343",2023-03-09,3,10,2933,131,0,0,22.4769230769231,0,0,2933,131,0,0,0,0
"2344",2023-03-09,3,15,2922,130,0,0,22.4769230769231,0,0,2933,131,0,0,0,0
"2345",2023-03-09,3,20,2922,130,0,0,22.4769230769231,0,0,2933,131,0,0,0,0
"2346",2023-03-09,3,25,2922,130,0,0,22.4769230769231,0,0,2933,131,0,0,0,0
"2347",2023-03-09,3,30,2922,130,0,0,22.4769230769231,0,0,2933,131,0,0,0,0
"2348",2023-03-09,3,35,2922,130,0,0,22.4769230769231,0,0,2933,131,0,0,0,0
"2349",2023-03-09,3,40,2922,130,0,0,22.4769230769231,0,0,2933,131,0,0,0,0
"2350",2023-03-09,3,45,2922,130,0,0,22.4769230769231,0,0,2933,131,0,0,0,0
"2351",2023-03-09,3,50,2922,130,0,0,22.4769230769231,0,0,2933,131,0,0,0,0
"2352",2023-03-09,3,55,2922,130,0,0,22.4769230769231,0,0,2933,131,0,0,0,0
"2353",2023-03-09,4,0,2922,130,0,0,22.5703125,0,0,2922,130,0,0,0,0
"2354",2023-03-09,4,5,2922,130,0,0,22.5703125,0,0,2922,130,0,0,0,0
"2355",2023-03-09,4,10,2922,130,0,0,22.5703125,0,0,2922,130,0,0,0,0
"2356",2023-03-09,4,15,2922,130,0,0,22.5703125,0,0,2922,130,0,0,0,0
"2357",2023-03-09,4,20,2922,130,0,0,22.5703125,0,0,2922,130,0,0,0,0
"2358",2023-03-09,4,25,2922,130,0,0,22.5703125,0,0,2922,130,0,0,0,0
"2359",2023-03-09,4,30,2900,129,0,0,22.5703125,0,0,2922,130,0,0,0,0
"2360",2023-03-09,4,35,2900,129,0,0,22.5703125,0,0,2922,130,0,0,0,0
"2361",2023-03-09,4,40,2900,129,0,0,22.5703125,0,0,2922,130,0,0,0,0
"2362",2023-03-09,4,45,2900,129,0,0,22.5703125,0,0,2922,130,0,0,0,0
"2363",2023-03-09,4,50,2889,128,0,0,22.5703125,0,0,2922,130,0,0,0,0
"2364",2023-03-09,4,55,2889,128,0,0,22.5703125,0,0,2922,130,0,0,0,0
"2365",2023-03-09,5,0,3189,129,0,0,24.7209302325581,0,0,3189,129,0,0,0,0
"2366",2023-03-09,5,5,3189,129,0,0,24.7209302325581,0,0,3189,129,0,0,0,0
"2367",2023-03-09,5,10,3189,129,0,0,24.7209302325581,0,0,3189,129,0,0,0,0
"2368",2023-03-09,5,15,3189,129,0,0,24.7209302325581,0,0,3189,129,0,0,0,0
"2369",2023-03-09,5,20,2889,128,0,0,24.7209302325581,0,0,3189,129,0,0,0,0
"2370",2023-03-09,5,25,2889,128,0,0,24.7209302325581,0,0,3189,129,0,0,0,0
"2371",2023-03-09,5,30,2889,128,0,0,24.7209302325581,0,0,3189,129,0,0,0,0
"2372",2023-03-09,5,35,2889,128,0,0,24.7209302325581,0,0,3189,129,0,0,0,0
"2373",2023-03-09,5,40,2889,128,0,0,24.7209302325581,0,0,3189,129,0,0,0,0
"2374",2023-03-09,5,45,2889,128,0,0,24.7209302325581,0,0,3189,129,0,0,0,0
"2375",2023-03-09,5,50,2889,128,0,0,24.7209302325581,0,0,3189,129,0,0,0,0
"2376",2023-03-09,5,55,2889,128,0,0,24.7209302325581,0,0,3189,129,0,0,0,0
"2377",2023-03-09,6,0,2889,128,0,0,22.5703125,0,0,2889,128,0,0,0,0
"2378",2023-03-09,6,5,2889,128,0,0,22.5703125,0,0,2889,128,0,0,0,0
"2379",2023-03-09,6,10,2889,128,0,0,22.5703125,0,0,2889,128,0,0,0,0
"2380",2023-03-09,6,15,2889,128,0,0,22.5703125,0,0,2889,128,0,0,0,0
"2381",2023-03-09,6,20,2857,127,0,0,22.5703125,0,0,2889,128,0,0,0,0
"2382",2023-03-09,6,25,2857,127,0,0,22.5703125,0,0,2889,128,0,0,0,0
"2383",2023-03-09,6,30,2857,127,0,0,22.5703125,0,0,2889,128,0,0,0,0
"2384",2023-03-09,6,35,2857,127,0,0,22.5703125,0,0,2889,128,0,0,0,0
"2385",2023-03-09,6,40,2813,125,0,0,22.5703125,0,0,2889,128,0,0,0,0
"2386",2023-03-09,6,45,2813,125,0,0,22.5703125,0,0,2889,128,0,0,0,0
"2387",2023-03-09,6,50,2813,125,0,0,22.5703125,0,0,2889,128,0,0,0,0
"2388",2023-03-09,6,55,2813,125,0,0,22.5703125,0,0,2889,128,0,0,0,0
"2389",2023-03-09,7,0,2813,125,0,0,22.592,0,0,3022,138,0,0,0,0
"2390",2023-03-09,7,5,2835,126,0,0,22.592,0,0,3022,138,0,0,0,0
"2391",2023-03-09,7,10,2824,125,0,0,22.592,0,0,3022,138,0,0,0,0
"2392",2023-03-09,7,15,2824,126,0,0,22.592,0,0,3022,138,0,0,0,0
"2393",2023-03-09,7,20,2824,126,0,0,22.592,0,0,3022,138,0,0,0,0
"2394",2023-03-09,7,25,2824,127,0,0,22.592,0,0,3022,138,0,0,0,0
"2395",2023-03-09,7,30,2868,129,0,0,22.592,0,0,3022,138,0,0,0,0
"2396",2023-03-09,7,35,2923,132,0,0,22.592,0,0,3022,138,0,0,0,0
"2397",2023-03-09,7,40,2945,133,0,0,22.592,0,0,3022,138,0,0,0,0
"2398",2023-03-09,7,45,2967,135,0,0,22.592,0,0,3022,138,0,0,0,0
"2399",2023-03-09,7,50,2989,136,0,0,22.592,0,0,3022,138,0,0,0,0
"2400",2023-03-09,7,55,3022,138,0,0,22.592,0,0,3022,138,0,0,0,0
"2401",2023-03-09,8,0,3132,145,0,0,22.95625,0,0,3783,170,0,0,0,0
"2402",2023-03-09,8,5,3154,146,0,0,22.95625,0,0,3783,170,0,0,0,0
"2403",2023-03-09,8,10,3187,148,0,0,22.95625,0,0,3783,170,0,0,0,0
"2404",2023-03-09,8,15,3264,153,0,0,22.95625,0,0,3783,170,0,0,0,0
"2405",2023-03-09,8,20,3275,154,0,0,22.95625,0,0,3783,170,0,0,0,0
"2406",2023-03-09,8,25,3317,157,0,0,22.95625,0,0,3783,170,0,0,0,0
"2407",2023-03-09,8,30,3339,157,0,0,22.95625,0,0,3783,170,0,0,0,0
"2408",2023-03-09,8,35,3350,157,0,0,22.95625,0,0,3783,170,0,0,0,0
"2409",2023-03-09,8,40,3673,160,0,0,22.95625,0,0,3783,170,0,0,0,0
"2410",2023-03-09,8,45,3783,165,0,0,22.95625,0,0,3783,170,0,0,0,0
"2411",2023-03-09,8,50,3516,166,0,0,22.95625,0,0,3783,170,0,0,0,0
"2412",2023-03-09,8,55,3604,170,0,0,22.95625,0,0,3783,170,0,0,0,0
"2413",2023-03-09,9,0,3648,173,0,0,22.3585858585859,0,0,4427,198,0,0,0,0
"2414",2023-03-09,9,5,3692,175,0,0,22.3585858585859,0,0,4427,198,0,0,0,0
"2415",2023-03-09,9,10,3681,175,0,0,22.3585858585859,0,0,4427,198,0,0,0,0
"2416",2023-03-09,9,15,3681,175,0,0,22.3585858585859,0,0,4427,198,0,0,0,0
"2417",2023-03-09,9,20,3714,176,0,0,22.3585858585859,0,0,4427,198,0,0,0,0
"2418",2023-03-09,9,25,3819,181,0,0,22.3585858585859,0,0,4427,198,0,0,0,0
"2419",2023-03-09,9,30,3918,186,0,0,22.3585858585859,0,0,4427,198,0,0,0,0
"2420",2023-03-09,9,35,3973,189,0,0,22.3585858585859,0,0,4427,198,0,0,0,0
"2421",2023-03-09,9,40,4028,192,0,0,22.3585858585859,0,0,4427,198,0,0,0,0
"2422",2023-03-09,9,45,4427,198,0,0,22.3585858585859,0,0,4427,198,0,0,0,0
"2423",2023-03-09,9,50,4427,198,0,0,22.3585858585859,0,0,4427,198,0,0,0,0
"2424",2023-03-09,9,55,4372,196,0,0,22.3585858585859,0,0,4427,198,0,0,0,0
"2425",2023-03-09,10,0,4374,196,0,0,23.7330097087379,0,0,4933,212,0,0,0,0
"2426",2023-03-09,10,5,4407,198,0,0,23.7330097087379,0,0,4933,212,0,0,0,0
"2427",2023-03-09,10,10,4473,201,0,0,23.7330097087379,0,0,4933,212,0,0,0,0
"2428",2023-03-09,10,15,4889,206,0,0,23.7330097087379,0,0,4933,212,0,0,0,0
"2429",2023-03-09,10,20,4911,207,0,0,23.7330097087379,0,0,4933,212,0,0,0,0
"2430",2023-03-09,10,25,4933,208,0,0,23.7330097087379,0,0,4933,212,0,0,0,0
"2431",2023-03-09,10,30,4399,209,0,0,23.7330097087379,0,0,4933,212,0,0,0,0
"2432",2023-03-09,10,35,4410,210,0,0,23.7330097087379,0,0,4933,212,0,0,0,0
"2433",2023-03-09,10,40,4432,211,0,0,23.7330097087379,0,0,4933,212,0,0,0,0
"2434",2023-03-09,10,45,4410,209,0,0,23.7330097087379,0,0,4933,212,0,0,0,0
"2435",2023-03-09,10,50,4721,210,0,0,23.7330097087379,0,0,4933,212,0,0,0,0
"2436",2023-03-09,10,55,4765,212,0,0,23.7330097087379,0,0,4933,212,0,0,0,0
"2437",2023-03-09,11,0,4798,214,0,0,22.4953271028037,0,0,4869,217,0,0,0,0
"2438",2023-03-09,11,5,4787,213,0,0,22.4953271028037,0,0,4869,217,0,0,0,0
"2439",2023-03-09,11,10,4553,216,0,0,22.4953271028037,0,0,4869,217,0,0,0,0
"2440",2023-03-09,11,15,4476,213,0,0,22.4953271028037,0,0,4869,217,0,0,0,0
"2441",2023-03-09,11,20,4525,214,0,0,22.4953271028037,0,0,4869,217,0,0,0,0
"2442",2023-03-09,11,25,4781,213,0,0,22.4953271028037,0,0,4869,217,0,0,0,0
"2443",2023-03-09,11,30,4814,214,0,0,22.4953271028037,0,0,4869,217,0,0,0,0
"2444",2023-03-09,11,35,4869,217,0,0,22.4953271028037,0,0,4869,217,0,0,0,0
"2445",2023-03-09,11,40,4514,213,0,0,22.4953271028037,0,0,4869,217,0,0,0,0
"2446",2023-03-09,11,45,4536,215,0,0,22.4953271028037,0,0,4869,217,0,0,0,0
"2447",2023-03-09,11,50,4568,216,0,0,22.4953271028037,0,0,4869,217,0,0,0,0
"2448",2023-03-09,11,55,4562,217,0,0,22.4953271028037,0,0,4869,217,0,0,0,0
"2449",2023-03-09,12,0,4595,218,0,0,22.5660377358491,0,0,4784,218,0,0,0,0
"2450",2023-03-09,12,5,4591,216,0,0,22.5660377358491,0,0,4784,218,0,0,0,0
"2451",2023-03-09,12,10,4559,215,0,0,22.5660377358491,0,0,4784,218,0,0,0,0
"2452",2023-03-09,12,15,4480,214,0,0,22.5660377358491,0,0,4784,218,0,0,0,0
"2453",2023-03-09,12,20,4332,209,0,0,22.5660377358491,0,0,4784,218,0,0,0,0
"2454",2023-03-09,12,30,4714,211,0,0,22.5660377358491,0,0,4784,218,0,0,0,0
"2455",2023-03-09,12,35,4780,214,0,0,22.5660377358491,0,0,4784,218,0,0,0,0
"2456",2023-03-09,12,40,4758,213,0,0,22.5660377358491,0,0,4784,218,0,0,0,0
"2457",2023-03-09,12,45,4784,212,0,0,22.5660377358491,0,0,4784,218,0,0,0,0
"2458",2023-03-09,12,50,4424,211,0,0,22.5660377358491,0,0,4784,218,0,0,0,0
"2459",2023-03-09,12,55,4380,209,0,0,22.5660377358491,0,0,4784,218,0,0,0,0
"2460",2023-03-09,12,25,4626,207,0,0,22.5660377358491,0,0,4784,218,0,0,0,0
"2461",2023-03-09,13,0,4314,205,0,0,22.9740932642487,0,0,4434,205,0,0,0,0
"2462",2023-03-09,13,5,4281,204,0,0,22.9740932642487,0,0,4434,205,0,0,0,0
"2463",2023-03-09,13,10,4151,196,0,0,22.9740932642487,0,0,4434,205,0,0,0,0
"2464",2023-03-09,13,15,4172,196,0,0,22.9740932642487,0,0,4434,205,0,0,0,0
"2465",2023-03-09,13,20,4172,195,0,0,22.9740932642487,0,0,4434,205,0,0,0,0
"2466",2023-03-09,13,25,4172,195,0,0,22.9740932642487,0,0,4434,205,0,0,0,0
"2467",2023-03-09,13,30,4183,195,0,0,22.9740932642487,0,0,4434,205,0,0,0,0
"2468",2023-03-09,13,35,4095,190,0,0,22.9740932642487,0,0,4434,205,0,0,0,0
"2469",2023-03-09,13,40,4128,192,0,0,22.9740932642487,0,0,4434,205,0,0,0,0
"2470",2023-03-09,13,45,4183,195,0,0,22.9740932642487,0,0,4434,205,0,0,0,0
"2471",2023-03-09,13,50,4189,194,0,0,22.9740932642487,0,0,4434,205,0,0,0,0
"2472",2023-03-09,13,55,4434,193,0,0,22.9740932642487,0,0,4434,205,0,0,0,0
"2473",2023-03-09,14,0,4756,195,0,0,25.9175257731959,0,0,5028,200,0,0,0,0
"2474",2023-03-09,14,5,4767,196,0,0,25.9175257731959,0,0,5028,200,0,0,0,0
"2475",2023-03-09,14,10,4910,200,0,0,25.9175257731959,0,0,5028,200,0,0,0,0
"2476",2023-03-09,14,15,4816,196,0,0,25.9175257731959,0,0,5028,200,0,0,0,0
"2477",2023-03-09,14,20,4150,191,0,0,25.9175257731959,0,0,5028,200,0,0,0,0
"2478",2023-03-09,14,25,4139,191,0,0,25.9175257731959,0,0,5028,200,0,0,0,0
"2479",2023-03-09,14,30,4499,192,0,0,25.9175257731959,0,0,5028,200,0,0,0,0
"2480",2023-03-09,14,35,4505,195,0,0,25.9175257731959,0,0,5028,200,0,0,0,0
"2481",2023-03-09,14,40,4494,195,0,0,25.9175257731959,0,0,5028,200,0,0,0,0
"2482",2023-03-09,14,45,4428,192,0,0,25.9175257731959,0,0,5028,200,0,0,0,0
"2483",2023-03-09,14,50,4450,193,0,0,25.9175257731959,0,0,5028,200,0,0,0,0
"2484",2023-03-09,14,55,5028,194,0,0,25.9175257731959,0,0,5028,200,0,0,0,0
"2485",2023-03-09,15,0,5100,196,0,0,26.0204081632653,0,0,5100,198,0,0,0,0
"2486",2023-03-09,15,5,4778,194,0,0,26.0204081632653,0,0,5100,198,0,0,0,0
"2487",2023-03-09,15,10,4822,197,0,0,26.0204081632653,0,0,5100,198,0,0,0,0
"2488",2023-03-09,15,15,4844,198,0,0,26.0204081632653,0,0,5100,198,0,0,0,0
"2489",2023-03-09,15,20,4822,198,0,0,26.0204081632653,0,0,5100,198,0,0,0,0
"2490",2023-03-09,15,25,4744,197,0,0,26.0204081632653,0,0,5100,198,0,0,0,0
"2491",2023-03-09,15,30,4406,198,0,0,26.0204081632653,0,0,5100,198,0,0,0,0
"2492",2023-03-09,15,35,4639,195,0,0,26.0204081632653,0,0,5100,198,0,0,0,0
"2493",2023-03-09,15,40,4422,197,0,0,26.0204081632653,0,0,5100,198,0,0,0,0
"2494",2023-03-09,15,45,4466,198,0,0,26.0204081632653,0,0,5100,198,0,0,0,0
"2495",2023-03-09,15,50,4466,197,0,0,26.0204081632653,0,0,5100,198,0,0,0,0
"2496",2023-03-09,15,55,4411,194,0,0,26.0204081632653,0,0,5100,198,0,0,0,0
"2497",2023-03-09,16,5,4306,191,0,0,23.1216931216931,0,0,4389,195,0,0,0,0
"2498",2023-03-09,16,10,4338,191,0,0,23.1216931216931,0,0,4389,195,0,0,0,0
"2499",2023-03-09,16,15,4110,192,0,0,23.1216931216931,0,0,4389,195,0,0,0,0
"2500",2023-03-09,16,20,4202,195,0,0,23.1216931216931,0,0,4389,195,0,0,0,0
"2501",2023-03-09,16,25,4119,192,0,0,23.1216931216931,0,0,4389,195,0,0,0,0
"2502",2023-03-09,16,30,4119,192,0,0,23.1216931216931,0,0,4389,195,0,0,0,0
"2503",2023-03-09,16,35,4047,190,0,0,23.1216931216931,0,0,4389,195,0,0,0,0
"2504",2023-03-09,16,40,4375,191,0,0,23.1216931216931,0,0,4389,195,0,0,0,0
"2505",2023-03-09,16,45,4375,191,0,0,23.1216931216931,0,0,4389,195,0,0,0,0
"2506",2023-03-09,16,50,4386,191,0,0,23.1216931216931,0,0,4389,195,0,0,0,0
"2507",2023-03-09,16,55,4370,189,0,0,23.1216931216931,0,0,4389,195,0,0,0,0
"2508",2023-03-09,16,0,4389,193,0,0,23.1216931216931,0,0,4389,195,0,0,0,0
"2509",2023-03-09,17,0,4672,190,0,0,25.0213903743315,0,0,4756,192,0,0,0,0
"2510",2023-03-09,17,5,4116,190,0,0,25.0213903743315,0,0,4756,192,0,0,0,0
"2511",2023-03-09,17,10,4139,191,0,0,25.0213903743315,0,0,4756,192,0,0,0,0
"2512",2023-03-09,17,15,4117,190,0,0,25.0213903743315,0,0,4756,192,0,0,0,0
"2513",2023-03-09,17,20,4447,191,0,0,25.0213903743315,0,0,4756,192,0,0,0,0
"2514",2023-03-09,17,25,4714,189,0,0,25.0213903743315,0,0,4756,192,0,0,0,0
"2515",2023-03-09,17,30,4679,187,0,0,25.0213903743315,0,0,4756,192,0,0,0,0
"2516",2023-03-09,17,35,4756,192,0,0,25.0213903743315,0,0,4756,192,0,0,0,0
"2517",2023-03-09,17,40,4658,187,0,0,25.0213903743315,0,0,4756,192,0,0,0,0
"2518",2023-03-09,17,45,4560,183,0,0,25.0213903743315,0,0,4756,192,0,0,0,0
"2519",2023-03-09,17,50,4150,180,0,0,25.0213903743315,0,0,4756,192,0,0,0,0
"2520",2023-03-09,17,55,4040,174,0,0,25.0213903743315,0,0,4756,192,0,0,0,0
"2521",2023-03-09,18,0,3828,177,0,0,27.5953757225434,0,0,4774,177,0,0,0,0
"2522",2023-03-09,18,5,4040,173,0,0,27.5953757225434,0,0,4774,177,0,0,0,0
"2523",2023-03-09,18,10,4106,176,0,0,27.5953757225434,0,0,4774,177,0,0,0,0
"2524",2023-03-09,18,15,4167,177,0,0,27.5953757225434,0,0,4774,177,0,0,0,0
"2525",2023-03-09,18,20,4147,176,0,0,27.5953757225434,0,0,4774,177,0,0,0,0
"2526",2023-03-09,18,25,4408,172,0,0,27.5953757225434,0,0,4774,177,0,0,0,0
"2527",2023-03-09,18,30,4717,173,0,0,27.5953757225434,0,0,4774,177,0,0,0,0
"2528",2023-03-09,18,35,4767,174,0,0,27.5953757225434,0,0,4774,177,0,0,0,0
"2529",2023-03-09,18,40,4767,173,0,0,27.5953757225434,0,0,4774,177,0,0,0,0
"2530",2023-03-09,18,45,4385,171,0,0,27.5953757225434,0,0,4774,177,0,0,0,0
"2531",2023-03-09,18,50,4630,169,0,0,27.5953757225434,0,0,4774,177,0,0,0,0
"2532",2023-03-09,18,55,4774,173,0,0,27.5953757225434,0,0,4774,177,0,0,0,0
"2533",2023-03-09,19,0,4763,173,0,0,27.8208092485549,0,0,4813,173,0,0,0,0
"2534",2023-03-09,19,5,4780,172,0,0,27.8208092485549,0,0,4813,173,0,0,0,0
"2535",2023-03-09,19,10,4813,173,0,0,27.8208092485549,0,0,4813,173,0,0,0,0
"2536",2023-03-09,19,15,4719,170,0,0,27.8208092485549,0,0,4813,173,0,0,0,0
"2537",2023-03-09,19,20,4569,167,0,0,27.8208092485549,0,0,4813,173,0,0,0,0
"2538",2023-03-09,19,25,4269,166,0,0,27.8208092485549,0,0,4813,173,0,0,0,0
"2539",2023-03-09,19,30,3930,164,0,0,27.8208092485549,0,0,4813,173,0,0,0,0
"2540",2023-03-09,19,35,3864,161,0,0,27.8208092485549,0,0,4813,173,0,0,0,0
"2541",2023-03-09,19,40,3821,159,0,0,27.8208092485549,0,0,4813,173,0,0,0,0
"2542",2023-03-09,19,45,3799,158,0,0,27.8208092485549,0,0,4813,173,0,0,0,0
"2543",2023-03-09,19,50,3777,156,0,0,27.8208092485549,0,0,4813,173,0,0,0,0
"2544",2023-03-09,19,55,3788,157,0,0,27.8208092485549,0,0,4813,173,0,0,0,0
"2545",2023-03-09,20,0,3797,157,0,0,27.6075949367089,0,0,4362,158,0,0,0,0
"2546",2023-03-09,20,5,4097,158,0,0,27.6075949367089,0,0,4362,158,0,0,0,0
"2547",2023-03-09,20,10,4108,158,0,0,27.6075949367089,0,0,4362,158,0,0,0,0
"2548",2023-03-09,20,15,4064,156,0,0,27.6075949367089,0,0,4362,158,0,0,0,0
"2549",2023-03-09,20,20,3795,157,0,0,27.6075949367089,0,0,4362,158,0,0,0,0
"2550",2023-03-09,20,25,4073,157,0,0,27.6075949367089,0,0,4362,158,0,0,0,0
"2551",2023-03-09,20,30,4084,158,0,0,27.6075949367089,0,0,4362,158,0,0,0,0
"2552",2023-03-09,20,35,4084,158,0,0,27.6075949367089,0,0,4362,158,0,0,0,0
"2553",2023-03-09,20,40,4362,158,0,0,27.6075949367089,0,0,4362,158,0,0,0,0
"2554",2023-03-09,20,45,4111,157,0,0,27.6075949367089,0,0,4362,158,0,0,0,0
"2555",2023-03-09,20,50,3811,156,0,0,27.6075949367089,0,0,4362,158,0,0,0,0
"2556",2023-03-09,20,55,4111,157,0,0,27.6075949367089,0,0,4362,158,0,0,0,0
"2557",2023-03-09,21,0,4111,157,0,0,26.3376623376623,0,0,4111,157,0,0,0,0
"2558",2023-03-09,21,5,4111,157,0,0,26.3376623376623,0,0,4111,157,0,0,0,0
"2559",2023-03-09,21,10,3811,156,0,0,26.3376623376623,0,0,4111,157,0,0,0,0
"2560",2023-03-09,21,15,3800,155,0,0,26.3376623376623,0,0,4111,157,0,0,0,0
"2561",2023-03-09,21,20,3778,154,0,0,26.3376623376623,0,0,4111,157,0,0,0,0
"2562",2023-03-09,21,25,3756,153,0,0,26.3376623376623,0,0,4111,157,0,0,0,0
"2563",2023-03-09,21,30,4056,154,0,0,26.3376623376623,0,0,4111,157,0,0,0,0
"2564",2023-03-09,21,35,3696,152,0,0,26.3376623376623,0,0,4111,157,0,0,0,0
"2565",2023-03-09,21,40,3630,149,0,0,26.3376623376623,0,0,4111,157,0,0,0,0
"2566",2023-03-09,21,45,3952,151,0,0,26.3376623376623,0,0,4111,157,0,0,0,0
"2567",2023-03-09,21,50,3952,151,0,0,26.3376623376623,0,0,4111,157,0,0,0,0
"2568",2023-03-09,21,55,3952,151,0,0,26.3376623376623,0,0,4111,157,0,0,0,0
"2569",2023-03-09,22,0,3685,152,0,0,24.3333333333333,0,0,3685,152,0,0,0,0
"2570",2023-03-09,22,5,3663,151,0,0,24.3333333333333,0,0,3685,152,0,0,0,0
"2571",2023-03-09,22,10,3685,152,0,0,24.3333333333333,0,0,3685,152,0,0,0,0
"2572",2023-03-09,22,15,3685,152,0,0,24.3333333333333,0,0,3685,152,0,0,0,0
"2573",2023-03-09,22,20,3685,152,0,0,24.3333333333333,0,0,3685,152,0,0,0,0
"2574",2023-03-09,22,25,3685,152,0,0,24.3333333333333,0,0,3685,152,0,0,0,0
"2575",2023-03-09,22,30,3641,150,0,0,24.3333333333333,0,0,3685,152,0,0,0,0
"2576",2023-03-09,22,35,3641,150,0,0,24.3333333333333,0,0,3685,152,0,0,0,0
"2577",2023-03-09,22,40,3619,149,0,0,24.3333333333333,0,0,3685,152,0,0,0,0
"2578",2023-03-09,22,45,3597,148,0,0,24.3333333333333,0,0,3685,152,0,0,0,0
"2579",2023-03-09,22,50,3577,147,0,0,24.3333333333333,0,0,3685,152,0,0,0,0
"2580",2023-03-09,22,55,3577,147,0,0,24.3333333333333,0,0,3685,152,0,0,0,0
"2581",2023-03-09,23,0,3649,149,0,0,26.4295302013423,0,0,3971,151,0,0,0,0
"2582",2023-03-09,23,5,3971,151,0,0,26.4295302013423,0,0,3971,151,0,0,0,0
"2583",2023-03-09,23,10,3938,149,0,0,26.4295302013423,0,0,3971,151,0,0,0,0
"2584",2023-03-09,23,15,3938,149,0,0,26.4295302013423,0,0,3971,151,0,0,0,0
"2585",2023-03-09,23,20,3616,147,0,0,26.4295302013423,0,0,3971,151,0,0,0,0
"2586",2023-03-09,23,25,3616,147,0,0,26.4295302013423,0,0,3971,151,0,0,0,0
"2587",2023-03-09,23,30,3616,147,0,0,26.4295302013423,0,0,3971,151,0,0,0,0
"2588",2023-03-09,23,35,3594,146,0,0,26.4295302013423,0,0,3971,151,0,0,0,0
"2589",2023-03-09,23,40,3572,145,0,0,26.4295302013423,0,0,3971,151,0,0,0,0
"2590",2023-03-09,23,45,3522,144,0,0,26.4295302013423,0,0,3971,151,0,0,0,0
"2591",2023-03-09,23,50,3544,145,0,0,26.4295302013423,0,0,3971,151,0,0,0,0
"2592",2023-03-09,23,55,3544,145,0,0,26.4295302013423,0,0,3971,151,0,0,0,0
"2593",2023-03-10,0,0,3248,143,0,0,24.6901408450704,0,0,3506,144,0,0,0,0
"2594",2023-03-10,0,5,3248,143,0,0,24.6901408450704,0,0,3506,144,0,0,0,0
"2595",2023-03-10,0,10,3226,142,0,0,24.6901408450704,0,0,3506,144,0,0,0,0
"2596",2023-03-10,0,15,3226,142,0,0,24.6901408450704,0,0,3506,144,0,0,0,0
"2597",2023-03-10,0,20,3308,144,0,0,24.6901408450704,0,0,3506,144,0,0,0,0
"2598",2023-03-10,0,25,3266,142,0,0,24.6901408450704,0,0,3506,144,0,0,0,0
"2599",2023-03-10,0,30,3266,142,0,0,24.6901408450704,0,0,3506,144,0,0,0,0
"2600",2023-03-10,0,35,3288,143,0,0,24.6901408450704,0,0,3506,144,0,0,0,0
"2601",2023-03-10,0,40,3506,142,0,0,24.6901408450704,0,0,3506,144,0,0,0,0
"2602",2023-03-10,0,45,3206,141,0,0,24.6901408450704,0,0,3506,144,0,0,0,0
"2603",2023-03-10,0,50,3206,141,0,0,24.6901408450704,0,0,3506,144,0,0,0,0
"2604",2023-03-10,0,55,3184,140,0,0,24.6901408450704,0,0,3506,144,0,0,0,0
"2605",2023-03-10,1,0,3489,142,0,0,24.5704225352113,0,0,3533,144,0,0,0,0
"2606",2023-03-10,1,5,3511,143,0,0,24.5704225352113,0,0,3533,144,0,0,0,0
"2607",2023-03-10,1,10,3511,143,0,0,24.5704225352113,0,0,3533,144,0,0,0,0
"2608",2023-03-10,1,15,3511,143,0,0,24.5704225352113,0,0,3533,144,0,0,0,0
"2609",2023-03-10,1,20,3533,144,0,0,24.5704225352113,0,0,3533,144,0,0,0,0
"2610",2023-03-10,1,25,3533,144,0,0,24.5704225352113,0,0,3533,144,0,0,0,0
"2611",2023-03-10,1,30,3533,144,0,0,24.5704225352113,0,0,3533,144,0,0,0,0
"2612",2023-03-10,1,35,3533,144,0,0,24.5704225352113,0,0,3533,144,0,0,0,0
"2613",2023-03-10,1,40,3533,144,0,0,24.5704225352113,0,0,3533,144,0,0,0,0
"2614",2023-03-10,1,45,3533,144,0,0,24.5704225352113,0,0,3533,144,0,0,0,0
"2615",2023-03-10,1,50,3533,144,0,0,24.5704225352113,0,0,3533,144,0,0,0,0
"2616",2023-03-10,1,55,3533,144,0,0,24.5704225352113,0,0,3533,144,0,0,0,0
"2617",2023-03-10,2,0,3555,145,0,0,24.8551724137931,0,0,3604,145,0,0,0,0
"2618",2023-03-10,2,5,3555,145,0,0,24.8551724137931,0,0,3604,145,0,0,0,0
"2619",2023-03-10,2,10,3555,145,0,0,24.8551724137931,0,0,3604,145,0,0,0,0
"2620",2023-03-10,2,15,3555,145,0,0,24.8551724137931,0,0,3604,145,0,0,0,0
"2621",2023-03-10,2,20,3555,145,0,0,24.8551724137931,0,0,3604,145,0,0,0,0
"2622",2023-03-10,2,25,3555,145,0,0,24.8551724137931,0,0,3604,145,0,0,0,0
"2623",2023-03-10,2,30,3544,144,0,0,24.8551724137931,0,0,3604,145,0,0,0,0
"2624",2023-03-10,2,35,3544,144,0,0,24.8551724137931,0,0,3604,145,0,0,0,0
"2625",2023-03-10,2,40,3544,144,0,0,24.8551724137931,0,0,3604,145,0,0,0,0
"2626",2023-03-10,2,45,3604,145,0,0,24.8551724137931,0,0,3604,145,0,0,0,0
"2627",2023-03-10,2,50,3604,145,0,0,24.8551724137931,0,0,3604,145,0,0,0,0
"2628",2023-03-10,2,55,3604,145,0,0,24.8551724137931,0,0,3604,145,0,0,0,0
"2629",2023-03-10,3,0,3604,145,0,0,24.875,0,0,3604,145,0,0,0,0
"2630",2023-03-10,3,5,3604,145,0,0,24.875,0,0,3604,145,0,0,0,0
"2631",2023-03-10,3,10,3604,145,0,0,24.875,0,0,3604,145,0,0,0,0
"2632",2023-03-10,3,15,3604,145,0,0,24.875,0,0,3604,145,0,0,0,0
"2633",2023-03-10,3,20,3582,144,0,0,24.875,0,0,3604,145,0,0,0,0
"2634",2023-03-10,3,25,3582,144,0,0,24.875,0,0,3604,145,0,0,0,0
"2635",2023-03-10,3,30,3582,144,0,0,24.875,0,0,3604,145,0,0,0,0
"2636",2023-03-10,3,35,3522,143,0,0,24.875,0,0,3604,145,0,0,0,0
"2637",2023-03-10,3,40,3522,143,0,0,24.875,0,0,3604,145,0,0,0,0
"2638",2023-03-10,3,45,3522,143,0,0,24.875,0,0,3604,145,0,0,0,0
"2639",2023-03-10,3,50,3522,143,0,0,24.875,0,0,3604,145,0,0,0,0
"2640",2023-03-10,3,55,3522,143,0,0,24.875,0,0,3604,145,0,0,0,0
"2641",2023-03-10,4,0,3522,143,0,0,24.875,0,0,3582,144,0,0,0,0
"2642",2023-03-10,4,5,3522,143,0,0,24.875,0,0,3582,144,0,0,0,0
"2643",2023-03-10,4,10,3522,143,0,0,24.875,0,0,3582,144,0,0,0,0
"2644",2023-03-10,4,15,3522,143,0,0,24.875,0,0,3582,144,0,0,0,0
"2645",2023-03-10,4,20,3522,143,0,0,24.875,0,0,3582,144,0,0,0,0
"2646",2023-03-10,4,25,3522,143,0,0,24.875,0,0,3582,144,0,0,0,0
"2647",2023-03-10,4,30,3522,143,0,0,24.875,0,0,3582,144,0,0,0,0
"2648",2023-03-10,4,35,3582,144,0,0,24.875,0,0,3582,144,0,0,0,0
"2649",2023-03-10,4,40,3582,144,0,0,24.875,0,0,3582,144,0,0,0,0
"2650",2023-03-10,4,45,3582,144,0,0,24.875,0,0,3582,144,0,0,0,0
"2651",2023-03-10,4,50,3582,144,0,0,24.875,0,0,3582,144,0,0,0,0
"2652",2023-03-10,4,55,3582,144,0,0,24.875,0,0,3582,144,0,0,0,0
"2653",2023-03-10,5,0,3582,144,0,0,24.875,0,0,3582,144,0,0,0,0
"2654",2023-03-10,5,5,3582,144,0,0,24.875,0,0,3582,144,0,0,0,0
"2655",2023-03-10,5,10,3582,144,0,0,24.875,0,0,3582,144,0,0,0,0
"2656",2023-03-10,5,15,3582,144,0,0,24.875,0,0,3582,144,0,0,0,0
"2657",2023-03-10,5,20,3582,144,0,0,24.875,0,0,3582,144,0,0,0,0
"2658",2023-03-10,5,25,3582,144,0,0,24.875,0,0,3582,144,0,0,0,0
"2659",2023-03-10,5,30,3582,144,0,0,24.875,0,0,3582,144,0,0,0,0
"2660",2023-03-10,5,35,3582,144,0,0,24.875,0,0,3582,144,0,0,0,0
"2661",2023-03-10,5,40,3522,143,0,0,24.875,0,0,3582,144,0,0,0,0
"2662",2023-03-10,5,45,3522,143,0,0,24.875,0,0,3582,144,0,0,0,0
"2663",2023-03-10,5,50,3522,143,0,0,24.875,0,0,3582,144,0,0,0,0
"2664",2023-03-10,5,55,3522,143,0,0,24.875,0,0,3582,144,0,0,0,0
"2665",2023-03-10,6,0,3522,143,0,0,24.7253521126761,0,0,3522,143,0,0,0,0
"2666",2023-03-10,6,5,3522,143,0,0,24.7253521126761,0,0,3522,143,0,0,0,0
"2667",2023-03-10,6,10,3522,143,0,0,24.7253521126761,0,0,3522,143,0,0,0,0
"2668",2023-03-10,6,15,3522,143,0,0,24.7253521126761,0,0,3522,143,0,0,0,0
"2669",2023-03-10,6,20,3511,142,0,0,24.7253521126761,0,0,3522,143,0,0,0,0
"2670",2023-03-10,6,25,3511,142,0,0,24.7253521126761,0,0,3522,143,0,0,0,0
"2671",2023-03-10,6,30,3522,143,0,0,24.7253521126761,0,0,3522,143,0,0,0,0
"2672",2023-03-10,6,35,3522,143,0,0,24.7253521126761,0,0,3522,143,0,0,0,0
"2673",2023-03-10,6,40,3522,143,0,0,24.7253521126761,0,0,3522,143,0,0,0,0
"2674",2023-03-10,6,45,3522,143,0,0,24.7253521126761,0,0,3522,143,0,0,0,0
"2675",2023-03-10,6,50,3522,143,0,0,24.7253521126761,0,0,3522,143,0,0,0,0
"2676",2023-03-10,6,55,3522,143,0,0,24.7253521126761,0,0,3522,143,0,0,0,0
"2677",2023-03-10,7,0,3522,143,0,0,24.6293706293706,0,0,3599,151,0,0,0,0
"2678",2023-03-10,7,5,3522,143,0,0,24.6293706293706,0,0,3599,151,0,0,0,0
"2679",2023-03-10,7,10,3522,144,0,0,24.6293706293706,0,0,3599,151,0,0,0,0
"2680",2023-03-10,7,15,3500,143,0,0,24.6293706293706,0,0,3599,151,0,0,0,0
"2681",2023-03-10,7,20,3500,143,0,0,24.6293706293706,0,0,3599,151,0,0,0,0
"2682",2023-03-10,7,25,3456,141,0,0,24.6293706293706,0,0,3599,151,0,0,0,0
"2683",2023-03-10,7,30,3467,142,0,0,24.6293706293706,0,0,3599,151,0,0,0,0
"2684",2023-03-10,7,35,3489,143,0,0,24.6293706293706,0,0,3599,151,0,0,0,0
"2685",2023-03-10,7,40,3489,145,0,0,24.6293706293706,0,0,3599,151,0,0,0,0
"2686",2023-03-10,7,45,3588,150,0,0,24.6293706293706,0,0,3599,151,0,0,0,0
"2687",2023-03-10,7,50,3599,151,0,0,24.6293706293706,0,0,3599,151,0,0,0,0
"2688",2023-03-10,7,55,3588,150,0,0,24.6293706293706,0,0,3599,151,0,0,0,0
"2689",2023-03-10,8,0,3610,151,0,0,23.9166666666667,0,0,3918,167,0,0,0,0
"2690",2023-03-10,8,5,3709,156,0,0,23.9166666666667,0,0,3918,167,0,0,0,0
"2691",2023-03-10,8,10,3742,158,0,0,23.9166666666667,0,0,3918,167,0,0,0,0
"2692",2023-03-10,8,15,3709,156,0,0,23.9166666666667,0,0,3918,167,0,0,0,0
"2693",2023-03-10,8,20,3731,156,0,0,23.9166666666667,0,0,3918,167,0,0,0,0
"2694",2023-03-10,8,25,3775,159,0,0,23.9166666666667,0,0,3918,167,0,0,0,0
"2695",2023-03-10,8,30,3797,160,0,0,23.9166666666667,0,0,3918,167,0,0,0,0
"2696",2023-03-10,8,35,3797,160,0,0,23.9166666666667,0,0,3918,167,0,0,0,0
"2697",2023-03-10,8,40,3797,161,0,0,23.9166666666667,0,0,3918,167,0,0,0,0
"2698",2023-03-10,8,45,3863,164,0,0,23.9166666666667,0,0,3918,167,0,0,0,0
"2699",2023-03-10,8,50,3896,166,0,0,23.9166666666667,0,0,3918,167,0,0,0,0
"2700",2023-03-10,8,55,3918,167,0,0,23.9166666666667,0,0,3918,167,0,0,0,0
"2701",2023-03-10,9,0,3962,170,0,0,26.2432432432432,0,0,4932,190,0,0,0,0
"2702",2023-03-10,9,5,4004,171,0,0,26.2432432432432,0,0,4932,190,0,0,0,0
"2703",2023-03-10,9,10,3993,171,0,0,26.2432432432432,0,0,4932,190,0,0,0,0
"2704",2023-03-10,9,15,4037,173,0,0,26.2432432432432,0,0,4932,190,0,0,0,0
"2705",2023-03-10,9,20,4081,175,0,0,26.2432432432432,0,0,4932,190,0,0,0,0
"2706",2023-03-10,9,25,4147,178,0,0,26.2432432432432,0,0,4932,190,0,0,0,0
"2707",2023-03-10,9,30,4489,181,0,0,26.2432432432432,0,0,4932,190,0,0,0,0
"2708",2023-03-10,9,35,4822,184,0,0,26.2432432432432,0,0,4932,190,0,0,0,0
"2709",2023-03-10,9,40,4855,185,0,0,26.2432432432432,0,0,4932,190,0,0,0,0
"2710",2023-03-10,9,45,4932,190,0,0,26.2432432432432,0,0,4932,190,0,0,0,0
"2711",2023-03-10,9,50,4288,186,0,0,26.2432432432432,0,0,4932,190,0,0,0,0
"2712",2023-03-10,9,55,4332,188,0,0,26.2432432432432,0,0,4932,190,0,0,0,0
"2713",2023-03-10,10,0,4365,190,0,0,23.1526315789474,0,0,4437,192,0,0,0,0
"2714",2023-03-10,10,5,4365,190,0,0,23.1526315789474,0,0,4437,192,0,0,0,0
"2715",2023-03-10,10,10,4387,191,0,0,23.1526315789474,0,0,4437,192,0,0,0,0
"2716",2023-03-10,10,15,4365,190,0,0,23.1526315789474,0,0,4437,192,0,0,0,0
"2717",2023-03-10,10,20,4387,191,0,0,23.1526315789474,0,0,4437,192,0,0,0,0
"2718",2023-03-10,10,25,4437,192,0,0,23.1526315789474,0,0,4437,192,0,0,0,0
"2719",2023-03-10,10,30,4437,192,0,0,23.1526315789474,0,0,4437,192,0,0,0,0
"2720",2023-03-10,10,35,4397,190,0,0,23.1526315789474,0,0,4437,192,0,0,0,0
"2721",2023-03-10,10,40,4399,190,0,0,23.1526315789474,0,0,4437,192,0,0,0,0
"2722",2023-03-10,10,45,4399,190,0,0,23.1526315789474,0,0,4437,192,0,0,0,0
"2723",2023-03-10,10,50,4399,190,0,0,23.1526315789474,0,0,4437,192,0,0,0,0
"2724",2023-03-10,10,55,4432,192,0,0,23.1526315789474,0,0,4437,192,0,0,0,0
"2725",2023-03-10,11,20,4591,198,0,0,24.8578431372549,0,0,5082,205,0,0,0,0
"2726",2023-03-10,11,0,4487,194,0,0,24.8578431372549,0,0,5082,205,0,0,0,0
"2727",2023-03-10,11,5,4531,196,0,0,24.8578431372549,0,0,5082,205,0,0,0,0
"2728",2023-03-10,11,10,4530,195,0,0,24.8578431372549,0,0,5082,205,0,0,0,0
"2729",2023-03-10,11,15,4541,196,0,0,24.8578431372549,0,0,5082,205,0,0,0,0
"2730",2023-03-10,11,25,4705,200,0,0,24.8578431372549,0,0,5082,205,0,0,0,0
"2731",2023-03-10,11,30,5038,203,0,0,24.8578431372549,0,0,5082,205,0,0,0,0
"2732",2023-03-10,11,35,5082,205,0,0,24.8578431372549,0,0,5082,205,0,0,0,0
"2733",2023-03-10,11,40,5060,204,0,0,24.8578431372549,0,0,5082,205,0,0,0,0
"2734",2023-03-10,11,45,4771,203,0,0,24.8578431372549,0,0,5082,205,0,0,0,0
"2735",2023-03-10,11,50,5071,204,0,0,24.8578431372549,0,0,5082,205,0,0,0,0
"2736",2023-03-10,11,55,5071,204,0,0,24.8578431372549,0,0,5082,205,0,0,0,0
"2737",2023-03-10,12,0,4738,202,0,0,24.6515151515152,0,0,4881,203,0,0,0,0
"2738",2023-03-10,12,5,4738,202,0,0,24.6515151515152,0,0,4881,203,0,0,0,0
"2739",2023-03-10,12,10,4771,203,0,0,24.6515151515152,0,0,4881,203,0,0,0,0
"2740",2023-03-10,12,15,4699,201,0,0,24.6515151515152,0,0,4881,203,0,0,0,0
"2741",2023-03-10,12,20,4639,200,0,0,24.6515151515152,0,0,4881,203,0,0,0,0
"2742",2023-03-10,12,25,4661,201,0,0,24.6515151515152,0,0,4881,203,0,0,0,0
"2743",2023-03-10,12,30,4645,202,0,0,24.6515151515152,0,0,4881,203,0,0,0,0
"2744",2023-03-10,12,35,4590,199,0,0,24.6515151515152,0,0,4881,203,0,0,0,0
"2745",2023-03-10,12,40,4881,198,0,0,24.6515151515152,0,0,4881,203,0,0,0,0
"2746",2023-03-10,12,45,4559,197,0,0,24.6515151515152,0,0,4881,203,0,0,0,0
"2747",2023-03-10,12,50,4526,195,0,0,24.6515151515152,0,0,4881,203,0,0,0,0
"2748",2023-03-10,12,55,3684,171,0,0,24.6515151515152,0,0,4881,203,0,0,0,0
"2749",2023-03-10,13,0,3640,169,0,0,23.2817679558011,0,0,4258,183,0,0,0,0
"2750",2023-03-10,13,5,3646,169,0,0,23.2817679558011,0,0,4258,183,0,0,0,0
"2751",2023-03-10,13,10,3646,169,0,0,23.2817679558011,0,0,4258,183,0,0,0,0
"2752",2023-03-10,13,15,3624,168,0,0,23.2817679558011,0,0,4258,183,0,0,0,0
"2753",2023-03-10,13,20,3514,163,0,0,23.2817679558011,0,0,4258,183,0,0,0,0
"2754",2023-03-10,13,25,3493,163,0,0,23.2817679558011,0,0,4258,183,0,0,0,0
"2755",2023-03-10,13,30,4258,183,0,0,23.2817679558011,0,0,4258,183,0,0,0,0
"2756",2023-03-10,13,35,4258,183,0,0,23.2817679558011,0,0,4258,183,0,0,0,0
"2757",2023-03-10,13,40,4236,182,0,0,23.2817679558011,0,0,4258,183,0,0,0,0
"2758",2023-03-10,13,45,4214,181,0,0,23.2817679558011,0,0,4258,183,0,0,0,0
"2759",2023-03-10,13,50,4214,181,0,0,23.2817679558011,0,0,4258,183,0,0,0,0
"2760",2023-03-10,13,55,4247,183,0,0,23.2817679558011,0,0,4258,183,0,0,0,0
"2761",2023-03-10,14,0,4275,183,0,0,26.5322580645161,0,0,4979,188,0,0,0,0
"2762",2023-03-10,14,5,4275,183,0,0,26.5322580645161,0,0,4979,188,0,0,0,0
"2763",2023-03-10,14,10,4624,184,0,0,26.5322580645161,0,0,4979,188,0,0,0,0
"2764",2023-03-10,14,15,4935,186,0,0,26.5322580645161,0,0,4979,188,0,0,0,0
"2765",2023-03-10,14,20,4935,186,0,0,26.5322580645161,0,0,4979,188,0,0,0,0
"2766",2023-03-10,14,25,4979,188,0,0,26.5322580645161,0,0,4979,188,0,0,0,0
"2767",2023-03-10,14,30,4542,182,0,0,26.5322580645161,0,0,4979,188,0,0,0,0
"2768",2023-03-10,14,35,4297,183,0,0,26.5322580645161,0,0,4979,188,0,0,0,0
"2769",2023-03-10,14,40,4275,182,0,0,26.5322580645161,0,0,4979,188,0,0,0,0
"2770",2023-03-10,14,45,4336,184,0,0,26.5322580645161,0,0,4979,188,0,0,0,0
"2771",2023-03-10,14,50,4369,185,0,0,26.5322580645161,0,0,4979,188,0,0,0,0
"2772",2023-03-10,14,55,4635,184,0,0,26.5322580645161,0,0,4979,188,0,0,0,0
"2773",2023-03-10,15,0,4624,183,0,0,26.8412698412698,0,0,5073,189,0,0,0,0
"2774",2023-03-10,15,5,4602,182,0,0,26.8412698412698,0,0,5073,189,0,0,0,0
"2775",2023-03-10,15,10,4580,181,0,0,26.8412698412698,0,0,5073,189,0,0,0,0
"2776",2023-03-10,15,15,4580,181,0,0,26.8412698412698,0,0,5073,189,0,0,0,0
"2777",2023-03-10,15,20,4569,180,0,0,26.8412698412698,0,0,5073,189,0,0,0,0
"2778",2023-03-10,15,25,4613,182,0,0,26.8412698412698,0,0,5073,189,0,0,0,0
"2779",2023-03-10,15,30,4663,183,0,0,26.8412698412698,0,0,5073,189,0,0,0,0
"2780",2023-03-10,15,35,4696,185,0,0,26.8412698412698,0,0,5073,189,0,0,0,0
"2781",2023-03-10,15,40,4751,187,0,0,26.8412698412698,0,0,5073,189,0,0,0,0
"2782",2023-03-10,15,45,5073,189,0,0,26.8412698412698,0,0,5073,189,0,0,0,0
"2783",2023-03-10,15,50,4435,189,0,0,26.8412698412698,0,0,5073,189,0,0,0,0
"2784",2023-03-10,15,55,4463,189,0,0,26.8412698412698,0,0,5073,189,0,0,0,0
"2785",2023-03-10,16,0,4379,187,0,0,26.6528497409326,0,0,5150,195,0,0,0,0
"2786",2023-03-10,16,5,4368,186,0,0,26.6528497409326,0,0,5150,195,0,0,0,0
"2787",2023-03-10,16,10,4068,185,0,0,26.6528497409326,0,0,5150,195,0,0,0,0
"2788",2023-03-10,16,15,3974,182,0,0,26.6528497409326,0,0,5150,195,0,0,0,0
"2789",2023-03-10,16,20,4005,184,0,0,26.6528497409326,0,0,5150,195,0,0,0,0
"2790",2023-03-10,16,25,3957,183,0,0,26.6528497409326,0,0,5150,195,0,0,0,0
"2791",2023-03-10,16,30,4052,187,0,0,26.6528497409326,0,0,5150,195,0,0,0,0
"2792",2023-03-10,16,35,4457,191,0,0,26.6528497409326,0,0,5150,195,0,0,0,0
"2793",2023-03-10,16,40,4877,194,0,0,26.6528497409326,0,0,5150,195,0,0,0,0
"2794",2023-03-10,16,45,4888,194,0,0,26.6528497409326,0,0,5150,195,0,0,0,0
"2795",2023-03-10,16,50,5144,193,0,0,26.6528497409326,0,0,5150,195,0,0,0,0
"2796",2023-03-10,16,55,5150,195,0,0,26.6528497409326,0,0,5150,195,0,0,0,0
"2797",2023-03-10,17,0,5161,197,0,0,26.2319587628866,0,0,5161,197,0,0,0,0
"2798",2023-03-10,17,5,4789,194,0,0,26.2319587628866,0,0,5161,197,0,0,0,0
"2799",2023-03-10,17,10,5089,194,0,0,26.2319587628866,0,0,5161,197,0,0,0,0
"2800",2023-03-10,17,15,4778,192,0,0,26.2319587628866,0,0,5161,197,0,0,0,0
"2801",2023-03-10,17,20,4756,191,0,0,26.2319587628866,0,0,5161,197,0,0,0,0
"2802",2023-03-10,17,25,4734,190,0,0,26.2319587628866,0,0,5161,197,0,0,0,0
"2803",2023-03-10,17,30,4734,190,0,0,26.2319587628866,0,0,5161,197,0,0,0,0
"2804",2023-03-10,17,35,4604,184,0,0,26.2319587628866,0,0,5161,197,0,0,0,0
"2805",2023-03-10,17,40,4719,188,0,0,26.2319587628866,0,0,5161,197,0,0,0,0
"2806",2023-03-10,17,45,4680,186,0,0,26.2319587628866,0,0,5161,197,0,0,0,0
"2807",2023-03-10,17,50,4636,184,0,0,26.2319587628866,0,0,5161,197,0,0,0,0
"2808",2023-03-10,17,55,4358,184,0,0,26.2319587628866,0,0,5161,197,0,0,0,0
"2809",2023-03-10,18,35,4219,174,0,0,25.5,0,0,4590,183,0,0,0,0
"2810",2023-03-10,18,40,4148,174,0,0,25.5,0,0,4590,183,0,0,0,0
"2811",2023-03-10,18,0,4248,182,0,0,25.5,0,0,4590,183,0,0,0,0
"2812",2023-03-10,18,5,4526,182,0,0,25.5,0,0,4590,183,0,0,0,0
"2813",2023-03-10,18,10,4559,183,0,0,25.5,0,0,4590,183,0,0,0,0
"2814",2023-03-10,18,15,4547,179,0,0,25.5,0,0,4590,183,0,0,0,0
"2815",2023-03-10,18,20,4590,180,0,0,25.5,0,0,4590,183,0,0,0,0
"2816",2023-03-10,18,25,4290,179,0,0,25.5,0,0,4590,183,0,0,0,0
"2817",2023-03-10,18,30,4202,175,0,0,25.5,0,0,4590,183,0,0,0,0
"2818",2023-03-10,18,45,4071,170,0,0,25.5,0,0,4590,183,0,0,0,0
"2819",2023-03-10,18,50,4104,171,0,0,25.5,0,0,4590,183,0,0,0,0
"2820",2023-03-10,18,55,4093,170,0,0,25.5,0,0,4590,183,0,0,0,0
"2821",2023-03-10,19,0,4093,170,0,0,26.1863354037267,0,0,4371,170,0,0,0,0
"2822",2023-03-10,19,5,4371,170,0,0,26.1863354037267,0,0,4371,170,0,0,0,0
"2823",2023-03-10,19,10,4283,166,0,0,26.1863354037267,0,0,4371,170,0,0,0,0
"2824",2023-03-10,19,15,4283,166,0,0,26.1863354037267,0,0,4371,170,0,0,0,0
"2825",2023-03-10,19,20,4321,166,0,0,26.1863354037267,0,0,4371,170,0,0,0,0
"2826",2023-03-10,19,25,4010,164,0,0,26.1863354037267,0,0,4371,170,0,0,0,0
"2827",2023-03-10,19,30,4216,161,0,0,26.1863354037267,0,0,4371,170,0,0,0,0
"2828",2023-03-10,19,35,4216,161,0,0,26.1863354037267,0,0,4371,170,0,0,0,0
"2829",2023-03-10,19,40,3905,159,0,0,26.1863354037267,0,0,4371,170,0,0,0,0
"2830",2023-03-10,19,45,3883,158,0,0,26.1863354037267,0,0,4371,170,0,0,0,0
"2831",2023-03-10,19,50,3861,157,0,0,26.1863354037267,0,0,4371,170,0,0,0,0
"2832",2023-03-10,19,55,3567,155,0,0,26.1863354037267,0,0,4371,170,0,0,0,0
"2833",2023-03-10,20,0,3386,149,0,0,24.2039473684211,0,0,3679,152,0,0,0,0
"2834",2023-03-10,20,5,3292,146,0,0,24.2039473684211,0,0,3679,152,0,0,0,0
"2835",2023-03-10,20,10,3336,148,0,0,24.2039473684211,0,0,3679,152,0,0,0,0
"2836",2023-03-10,20,15,3325,147,0,0,24.2039473684211,0,0,3679,152,0,0,0,0
"2837",2023-03-10,20,20,3347,148,0,0,24.2039473684211,0,0,3679,152,0,0,0,0
"2838",2023-03-10,20,25,3325,147,0,0,24.2039473684211,0,0,3679,152,0,0,0,0
"2839",2023-03-10,20,30,3347,148,0,0,24.2039473684211,0,0,3679,152,0,0,0,0
"2840",2023-03-10,20,35,3369,149,0,0,24.2039473684211,0,0,3679,152,0,0,0,0
"2841",2023-03-10,20,40,3336,147,0,0,24.2039473684211,0,0,3679,152,0,0,0,0
"2842",2023-03-10,20,45,3378,149,0,0,24.2039473684211,0,0,3679,152,0,0,0,0
"2843",2023-03-10,20,50,3378,149,0,0,24.2039473684211,0,0,3679,152,0,0,0,0
"2844",2023-03-10,20,55,3679,152,0,0,24.2039473684211,0,0,3679,152,0,0,0,0
"2845",2023-03-10,21,0,3701,153,0,0,25.879746835443,0,0,4089,159,0,0,0,0
"2846",2023-03-10,21,5,3767,156,0,0,25.879746835443,0,0,4089,159,0,0,0,0
"2847",2023-03-10,21,10,4089,158,0,0,25.879746835443,0,0,4089,159,0,0,0,0
"2848",2023-03-10,21,15,3849,158,0,0,25.879746835443,0,0,4089,159,0,0,0,0
"2849",2023-03-10,21,20,3909,159,0,0,25.879746835443,0,0,4089,159,0,0,0,0
"2850",2023-03-10,21,25,3865,157,0,0,25.879746835443,0,0,4089,159,0,0,0,0
"2851",2023-03-10,21,30,3587,157,0,0,25.879746835443,0,0,4089,159,0,0,0,0
"2852",2023-03-10,21,35,3565,156,0,0,25.879746835443,0,0,4089,159,0,0,0,0
"2853",2023-03-10,21,40,3865,157,0,0,25.879746835443,0,0,4089,159,0,0,0,0
"2854",2023-03-10,21,45,3854,156,0,0,25.879746835443,0,0,4089,159,0,0,0,0
"2855",2023-03-10,21,50,3860,155,0,0,25.879746835443,0,0,4089,159,0,0,0,0
"2856",2023-03-10,21,55,3860,155,0,0,25.879746835443,0,0,4089,159,0,0,0,0
"2857",2023-03-10,22,0,3778,153,0,0,24.7828947368421,0,0,3789,153,0,0,0,0
"2858",2023-03-10,22,5,3767,152,0,0,24.7828947368421,0,0,3789,153,0,0,0,0
"2859",2023-03-10,22,10,3789,153,0,0,24.7828947368421,0,0,3789,153,0,0,0,0
"2860",2023-03-10,22,15,3445,150,0,0,24.7828947368421,0,0,3789,153,0,0,0,0
"2861",2023-03-10,22,20,3352,147,0,0,24.7828947368421,0,0,3789,153,0,0,0,0
"2862",2023-03-10,22,25,3334,147,0,0,24.7828947368421,0,0,3789,153,0,0,0,0
"2863",2023-03-10,22,30,3334,147,0,0,24.7828947368421,0,0,3789,153,0,0,0,0
"2864",2023-03-10,22,35,3356,148,0,0,24.7828947368421,0,0,3789,153,0,0,0,0
"2865",2023-03-10,22,40,3356,148,0,0,24.7828947368421,0,0,3789,153,0,0,0,0
"2866",2023-03-10,22,45,3378,149,0,0,24.7828947368421,0,0,3789,153,0,0,0,0
"2867",2023-03-10,22,50,3358,148,0,0,24.7828947368421,0,0,3789,153,0,0,0,0
"2868",2023-03-10,22,55,3358,148,0,0,24.7828947368421,0,0,3789,153,0,0,0,0
"2869",2023-03-10,23,0,3336,147,0,0,25.0890410958904,0,0,3685,147,0,0,0,0
"2870",2023-03-10,23,5,3314,146,0,0,25.0890410958904,0,0,3685,147,0,0,0,0
"2871",2023-03-10,23,10,3685,147,0,0,25.0890410958904,0,0,3685,147,0,0,0,0
"2872",2023-03-10,23,15,3663,146,0,0,25.0890410958904,0,0,3685,147,0,0,0,0
"2873",2023-03-10,23,20,3325,146,0,0,25.0890410958904,0,0,3685,147,0,0,0,0
"2874",2023-03-10,23,25,3303,145,0,0,25.0890410958904,0,0,3685,147,0,0,0,0
"2875",2023-03-10,23,30,3281,144,0,0,25.0890410958904,0,0,3685,147,0,0,0,0
"2876",2023-03-10,23,35,3270,144,0,0,25.0890410958904,0,0,3685,147,0,0,0,0
"2877",2023-03-10,23,40,3270,144,0,0,25.0890410958904,0,0,3685,147,0,0,0,0
"2878",2023-03-10,23,45,3548,144,0,0,25.0890410958904,0,0,3685,147,0,0,0,0
"2879",2023-03-10,23,50,3226,142,0,0,25.0890410958904,0,0,3685,147,0,0,0,0
"2880",2023-03-10,23,55,3226,142,0,0,25.0890410958904,0,0,3685,147,0,0,0,0
"2881",2023-03-11,0,0,3414,151,0,0,24.9066666666667,0,0,3736,151,0,0,0,0
"2882",2023-03-11,0,5,3414,151,0,0,24.9066666666667,0,0,3736,151,0,0,0,0
"2883",2023-03-11,0,10,3414,151,0,0,24.9066666666667,0,0,3736,151,0,0,0,0
"2884",2023-03-11,0,15,3392,150,0,0,24.9066666666667,0,0,3736,151,0,0,0,0
"2885",2023-03-11,0,20,3350,148,0,0,24.9066666666667,0,0,3736,151,0,0,0,0
"2886",2023-03-11,0,25,3628,148,0,0,24.9066666666667,0,0,3736,151,0,0,0,0
"2887",2023-03-11,0,30,3700,150,0,0,24.9066666666667,0,0,3736,151,0,0,0,0
"2888",2023-03-11,0,35,3400,149,0,0,24.9066666666667,0,0,3736,151,0,0,0,0
"2889",2023-03-11,0,40,3378,148,0,0,24.9066666666667,0,0,3736,151,0,0,0,0
"2890",2023-03-11,0,45,3698,150,0,0,24.9066666666667,0,0,3736,151,0,0,0,0
"2891",2023-03-11,0,50,3736,150,0,0,24.9066666666667,0,0,3736,151,0,0,0,0
"2892",2023-03-11,0,55,3664,148,0,0,24.9066666666667,0,0,3736,151,0,0,0,0
"2893",2023-03-11,1,0,3528,143,0,0,27.2253521126761,0,0,3888,143,0,0,0,0
"2894",2023-03-11,1,5,3855,142,0,0,27.2253521126761,0,0,3888,143,0,0,0,0
"2895",2023-03-11,1,10,3855,142,0,0,27.2253521126761,0,0,3888,143,0,0,0,0
"2896",2023-03-11,1,15,3877,143,0,0,27.2253521126761,0,0,3888,143,0,0,0,0
"2897",2023-03-11,1,20,3517,142,0,0,27.2253521126761,0,0,3888,143,0,0,0,0
"2898",2023-03-11,1,25,3517,142,0,0,27.2253521126761,0,0,3888,143,0,0,0,0
"2899",2023-03-11,1,30,3877,143,0,0,27.2253521126761,0,0,3888,143,0,0,0,0
"2900",2023-03-11,1,35,3888,143,0,0,27.2253521126761,0,0,3888,143,0,0,0,0
"2901",2023-03-11,1,40,3866,142,0,0,27.2253521126761,0,0,3888,143,0,0,0,0
"2902",2023-03-11,1,45,3866,142,0,0,27.2253521126761,0,0,3888,143,0,0,0,0
"2903",2023-03-11,1,50,3866,142,0,0,27.2253521126761,0,0,3888,143,0,0,0,0
"2904",2023-03-11,1,55,3866,142,0,0,27.2253521126761,0,0,3888,143,0,0,0,0
"2905",2023-03-11,2,0,3844,141,0,0,27.2624113475177,0,0,3844,141,0,0,0,0
"2906",2023-03-11,2,5,3544,140,0,0,27.2624113475177,0,0,3844,141,0,0,0,0
"2907",2023-03-11,2,10,3544,140,0,0,27.2624113475177,0,0,3844,141,0,0,0,0
"2908",2023-03-11,2,15,3544,140,0,0,27.2624113475177,0,0,3844,141,0,0,0,0
"2909",2023-03-11,2,20,3544,140,0,0,27.2624113475177,0,0,3844,141,0,0,0,0
"2910",2023-03-11,2,25,3544,140,0,0,27.2624113475177,0,0,3844,141,0,0,0,0
"2911",2023-03-11,2,30,3544,140,0,0,27.2624113475177,0,0,3844,141,0,0,0,0
"2912",2023-03-11,2,35,3544,140,0,0,27.2624113475177,0,0,3844,141,0,0,0,0
"2913",2023-03-11,2,40,3544,140,0,0,27.2624113475177,0,0,3844,141,0,0,0,0
"2914",2023-03-11,2,45,3544,140,0,0,27.2624113475177,0,0,3844,141,0,0,0,0
"2915",2023-03-11,2,50,3544,140,0,0,27.2624113475177,0,0,3844,141,0,0,0,0
"2916",2023-03-11,2,55,3544,140,0,0,27.2624113475177,0,0,3844,141,0,0,0,0
"2917",2023-03-11,3,0,3544,140,0,0,25.3142857142857,0,0,3566,141,0,0,0,0
"2918",2023-03-11,3,5,3544,140,0,0,25.3142857142857,0,0,3566,141,0,0,0,0
"2919",2023-03-11,3,10,3566,141,0,0,25.3142857142857,0,0,3566,141,0,0,0,0
"2920",2023-03-11,3,15,3566,141,0,0,25.3142857142857,0,0,3566,141,0,0,0,0
"2921",2023-03-11,3,20,3566,141,0,0,25.3142857142857,0,0,3566,141,0,0,0,0
"2922",2023-03-11,3,25,3566,141,0,0,25.3142857142857,0,0,3566,141,0,0,0,0
"2923",2023-03-11,3,30,3566,141,0,0,25.3142857142857,0,0,3566,141,0,0,0,0
"2924",2023-03-11,3,35,3206,140,0,0,25.3142857142857,0,0,3566,141,0,0,0,0
"2925",2023-03-11,3,40,3206,140,0,0,25.3142857142857,0,0,3566,141,0,0,0,0
"2926",2023-03-11,3,45,3206,140,0,0,25.3142857142857,0,0,3566,141,0,0,0,0
"2927",2023-03-11,3,50,3206,140,0,0,25.3142857142857,0,0,3566,141,0,0,0,0
"2928",2023-03-11,3,55,3206,140,0,0,25.3142857142857,0,0,3566,141,0,0,0,0
"2929",2023-03-11,4,0,3206,140,0,0,23.1798561151079,0,0,3222,140,0,0,0,0
"2930",2023-03-11,4,5,3184,139,0,0,23.1798561151079,0,0,3222,140,0,0,0,0
"2931",2023-03-11,4,10,3184,139,0,0,23.1798561151079,0,0,3222,140,0,0,0,0
"2932",2023-03-11,4,15,3184,139,0,0,23.1798561151079,0,0,3222,140,0,0,0,0
"2933",2023-03-11,4,20,3184,139,0,0,23.1798561151079,0,0,3222,140,0,0,0,0
"2934",2023-03-11,4,25,3162,138,0,0,23.1798561151079,0,0,3222,140,0,0,0,0
"2935",2023-03-11,4,30,3162,138,0,0,23.1798561151079,0,0,3222,140,0,0,0,0
"2936",2023-03-11,4,35,3162,138,0,0,23.1798561151079,0,0,3222,140,0,0,0,0
"2937",2023-03-11,4,40,3162,138,0,0,23.1798561151079,0,0,3222,140,0,0,0,0
"2938",2023-03-11,4,45,3162,138,0,0,23.1798561151079,0,0,3222,140,0,0,0,0
"2939",2023-03-11,4,50,3162,138,0,0,23.1798561151079,0,0,3222,140,0,0,0,0
"2940",2023-03-11,4,55,3222,139,0,0,23.1798561151079,0,0,3222,140,0,0,0,0
"2941",2023-03-11,5,0,3222,139,0,0,23.1884057971014,0,0,3222,139,0,0,0,0
"2942",2023-03-11,5,5,3200,138,0,0,23.1884057971014,0,0,3222,139,0,0,0,0
"2943",2023-03-11,5,10,3200,138,0,0,23.1884057971014,0,0,3222,139,0,0,0,0
"2944",2023-03-11,5,15,3200,138,0,0,23.1884057971014,0,0,3222,139,0,0,0,0
"2945",2023-03-11,5,20,3200,138,0,0,23.1884057971014,0,0,3222,139,0,0,0,0
"2946",2023-03-11,5,25,3200,138,0,0,23.1884057971014,0,0,3222,139,0,0,0,0
"2947",2023-03-11,5,30,3140,137,0,0,23.1884057971014,0,0,3222,139,0,0,0,0
"2948",2023-03-11,5,35,3140,137,0,0,23.1884057971014,0,0,3222,139,0,0,0,0
"2949",2023-03-11,5,40,3140,137,0,0,23.1884057971014,0,0,3222,139,0,0,0,0
"2950",2023-03-11,5,45,3140,137,0,0,23.1884057971014,0,0,3222,139,0,0,0,0
"2951",2023-03-11,5,50,3140,137,0,0,23.1884057971014,0,0,3222,139,0,0,0,0
"2952",2023-03-11,5,55,3140,137,0,0,23.1884057971014,0,0,3222,139,0,0,0,0
"2953",2023-03-11,6,0,3118,136,0,0,22.9264705882353,0,0,3118,136,0,0,0,0
"2954",2023-03-11,6,5,3118,136,0,0,22.9264705882353,0,0,3118,136,0,0,0,0
"2955",2023-03-11,6,10,3118,136,0,0,22.9264705882353,0,0,3118,136,0,0,0,0
"2956",2023-03-11,6,15,3118,136,0,0,22.9264705882353,0,0,3118,136,0,0,0,0
"2957",2023-03-11,6,20,3118,136,0,0,22.9264705882353,0,0,3118,136,0,0,0,0
"2958",2023-03-11,6,25,3118,136,0,0,22.9264705882353,0,0,3118,136,0,0,0,0
"2959",2023-03-11,6,30,3118,136,0,0,22.9264705882353,0,0,3118,136,0,0,0,0
"2960",2023-03-11,6,35,3118,136,0,0,22.9264705882353,0,0,3118,136,0,0,0,0
"2961",2023-03-11,6,40,3118,136,0,0,22.9264705882353,0,0,3118,136,0,0,0,0
"2962",2023-03-11,6,45,3118,136,0,0,22.9264705882353,0,0,3118,136,0,0,0,0
"2963",2023-03-11,6,50,3118,136,0,0,22.9264705882353,0,0,3118,136,0,0,0,0
"2964",2023-03-11,6,55,3118,136,0,0,22.9264705882353,0,0,3118,136,0,0,0,0
"2965",2023-03-11,7,0,3118,136,0,0,23.4264705882353,0,0,3208,137,0,0,0,0
"2966",2023-03-11,7,5,3208,137,0,0,23.4264705882353,0,0,3208,137,0,0,0,0
"2967",2023-03-11,7,10,3208,137,0,0,23.4264705882353,0,0,3208,137,0,0,0,0
"2968",2023-03-11,7,15,3208,137,0,0,23.4264705882353,0,0,3208,137,0,0,0,0
"2969",2023-03-11,7,20,3208,137,0,0,23.4264705882353,0,0,3208,137,0,0,0,0
"2970",2023-03-11,7,25,3208,137,0,0,23.4264705882353,0,0,3208,137,0,0,0,0
"2971",2023-03-11,7,30,3186,136,0,0,23.4264705882353,0,0,3208,137,0,0,0,0
"2972",2023-03-11,7,35,3186,136,0,0,23.4264705882353,0,0,3208,137,0,0,0,0
"2973",2023-03-11,7,40,3186,136,0,0,23.4264705882353,0,0,3208,137,0,0,0,0
"2974",2023-03-11,7,45,3074,134,0,0,23.4264705882353,0,0,3208,137,0,0,0,0
"2975",2023-03-11,7,50,3074,134,0,0,23.4264705882353,0,0,3208,137,0,0,0,0
"2976",2023-03-11,7,55,3074,134,0,0,23.4264705882353,0,0,3208,137,0,0,0,0
"2977",2023-03-11,8,0,3074,134,0,0,23.25,0,0,3074,134,0,0,0,0
"2978",2023-03-11,8,5,3074,134,0,0,23.25,0,0,3074,134,0,0,0,0
"2979",2023-03-11,8,10,3063,133,0,0,23.25,0,0,3074,134,0,0,0,0
"2980",2023-03-11,8,15,3063,133,0,0,23.25,0,0,3074,134,0,0,0,0
"2981",2023-03-11,8,20,3069,132,0,0,23.25,0,0,3074,134,0,0,0,0
"2982",2023-03-11,8,25,3037,131,0,0,23.25,0,0,3074,134,0,0,0,0
"2983",2023-03-11,8,30,3037,131,0,0,23.25,0,0,3074,134,0,0,0,0
"2984",2023-03-11,8,35,3037,131,0,0,23.25,0,0,3074,134,0,0,0,0
"2985",2023-03-11,8,40,3013,130,0,0,23.25,0,0,3074,134,0,0,0,0
"2986",2023-03-11,8,45,3035,131,0,0,23.25,0,0,3074,134,0,0,0,0
"2987",2023-03-11,8,50,3035,131,0,0,23.25,0,0,3074,134,0,0,0,0
"2988",2023-03-11,8,55,3035,131,0,0,23.25,0,0,3074,134,0,0,0,0
"2989",2023-03-11,9,0,3057,132,0,0,23.1590909090909,0,0,3107,137,0,0,0,0
"2990",2023-03-11,9,5,3068,133,0,0,23.1590909090909,0,0,3107,137,0,0,0,0
"2991",2023-03-11,9,10,3068,133,0,0,23.1590909090909,0,0,3107,137,0,0,0,0
"2992",2023-03-11,9,15,3090,134,0,0,23.1590909090909,0,0,3107,137,0,0,0,0
"2993",2023-03-11,9,20,3090,134,0,0,23.1590909090909,0,0,3107,137,0,0,0,0
"2994",2023-03-11,9,25,3047,132,0,0,23.1590909090909,0,0,3107,137,0,0,0,0
"2995",2023-03-11,9,30,3032,133,0,0,23.1590909090909,0,0,3107,137,0,0,0,0
"2996",2023-03-11,9,35,3043,134,0,0,23.1590909090909,0,0,3107,137,0,0,0,0
"2997",2023-03-11,9,40,3043,134,0,0,23.1590909090909,0,0,3107,137,0,0,0,0
"2998",2023-03-11,9,45,3065,135,0,0,23.1590909090909,0,0,3107,137,0,0,0,0
"2999",2023-03-11,9,50,3085,136,0,0,23.1590909090909,0,0,3107,137,0,0,0,0
"3000",2023-03-11,9,55,3107,137,0,0,23.1590909090909,0,0,3107,137,0,0,0,0
"3001",2023-03-11,10,5,3217,143,0,0,22.5857142857143,0,0,3338,149,0,0,0,0
"3002",2023-03-11,10,10,3272,146,0,0,22.5857142857143,0,0,3338,149,0,0,0,0
"3003",2023-03-11,10,15,3250,145,0,0,22.5857142857143,0,0,3338,149,0,0,0,0
"3004",2023-03-11,10,20,3250,145,0,0,22.5857142857143,0,0,3338,149,0,0,0,0
"3005",2023-03-11,10,25,3250,145,0,0,22.5857142857143,0,0,3338,149,0,0,0,0
"3006",2023-03-11,10,30,3294,147,0,0,22.5857142857143,0,0,3338,149,0,0,0,0
"3007",2023-03-11,10,35,3294,147,0,0,22.5857142857143,0,0,3338,149,0,0,0,0
"3008",2023-03-11,10,40,3272,146,0,0,22.5857142857143,0,0,3338,149,0,0,0,0
"3009",2023-03-11,10,45,3338,149,0,0,22.5857142857143,0,0,3338,149,0,0,0,0
"3010",2023-03-11,10,50,3316,148,0,0,22.5857142857143,0,0,3338,149,0,0,0,0
"3011",2023-03-11,10,55,3338,149,0,0,22.5857142857143,0,0,3338,149,0,0,0,0
"3012",2023-03-11,10,0,3162,140,0,0,22.5857142857143,0,0,3338,149,0,0,0,0
"3013",2023-03-11,11,0,3404,152,0,0,24.3312101910828,0,0,3820,157,0,0,0,0
"3014",2023-03-11,11,5,3391,151,0,0,24.3312101910828,0,0,3820,157,0,0,0,0
"3015",2023-03-11,11,10,3371,150,0,0,24.3312101910828,0,0,3820,157,0,0,0,0
"3016",2023-03-11,11,15,3329,148,0,0,24.3312101910828,0,0,3820,157,0,0,0,0
"3017",2023-03-11,11,20,3329,148,0,0,24.3312101910828,0,0,3820,157,0,0,0,0
"3018",2023-03-11,11,25,3307,147,0,0,24.3312101910828,0,0,3820,157,0,0,0,0
"3019",2023-03-11,11,30,3351,149,0,0,24.3312101910828,0,0,3820,157,0,0,0,0
"3020",2023-03-11,11,35,3395,151,0,0,24.3312101910828,0,0,3820,157,0,0,0,0
"3021",2023-03-11,11,40,3437,153,0,0,24.3312101910828,0,0,3820,157,0,0,0,0
"3022",2023-03-11,11,45,3448,154,0,0,24.3312101910828,0,0,3820,157,0,0,0,0
"3023",2023-03-11,11,50,3498,155,0,0,24.3312101910828,0,0,3820,157,0,0,0,0
"3024",2023-03-11,11,55,3820,157,0,0,24.3312101910828,0,0,3820,157,0,0,0,0
"3025",2023-03-11,12,0,3870,158,0,0,27.120253164557,0,0,4407,164,0,0,0,0
"3026",2023-03-11,12,5,4230,159,0,0,27.120253164557,0,0,4407,164,0,0,0,0
"3027",2023-03-11,12,10,4247,158,0,0,27.120253164557,0,0,4407,164,0,0,0,0
"3028",2023-03-11,12,15,4236,158,0,0,27.120253164557,0,0,4407,164,0,0,0,0
"3029",2023-03-11,12,20,4285,158,0,0,27.120253164557,0,0,4407,164,0,0,0,0
"3030",2023-03-11,12,25,4407,163,0,0,27.120253164557,0,0,4407,164,0,0,0,0
"3031",2023-03-11,12,30,4074,161,0,0,27.120253164557,0,0,4407,164,0,0,0,0
"3032",2023-03-11,12,35,3802,164,0,0,27.120253164557,0,0,4407,164,0,0,0,0
"3033",2023-03-11,12,40,3713,159,0,0,27.120253164557,0,0,4407,164,0,0,0,0
"3034",2023-03-11,12,45,3603,157,0,0,27.120253164557,0,0,4407,164,0,0,0,0
"3035",2023-03-11,12,50,3925,159,0,0,27.120253164557,0,0,4407,164,0,0,0,0
"3036",2023-03-11,12,55,3921,160,0,0,27.120253164557,0,0,4407,164,0,0,0,0
"3037",2023-03-11,13,0,3970,161,0,0,28.0182926829268,0,0,4831,177,0,0,0,0
"3038",2023-03-11,13,5,4006,164,0,0,28.0182926829268,0,0,4831,177,0,0,0,0
"3039",2023-03-11,13,10,4595,164,0,0,28.0182926829268,0,0,4831,177,0,0,0,0
"3040",2023-03-11,13,15,4611,165,0,0,28.0182926829268,0,0,4831,177,0,0,0,0
"3041",2023-03-11,13,20,4677,169,0,0,28.0182926829268,0,0,4831,177,0,0,0,0
"3042",2023-03-11,13,25,4355,167,0,0,28.0182926829268,0,0,4831,177,0,0,0,0
"3043",2023-03-11,13,30,4349,168,0,0,28.0182926829268,0,0,4831,177,0,0,0,0
"3044",2023-03-11,13,35,4360,169,0,0,28.0182926829268,0,0,4831,177,0,0,0,0
"3045",2023-03-11,13,40,4640,168,0,0,28.0182926829268,0,0,4831,177,0,0,0,0
"3046",2023-03-11,13,45,4338,167,0,0,28.0182926829268,0,0,4831,177,0,0,0,0
"3047",2023-03-11,13,50,4693,171,0,0,28.0182926829268,0,0,4831,177,0,0,0,0
"3048",2023-03-11,13,55,4831,177,0,0,28.0182926829268,0,0,4831,177,0,0,0,0
"3049",2023-03-11,14,0,4891,178,0,0,27.4775280898876,0,0,4891,184,0,0,0,0
"3050",2023-03-11,14,5,4891,178,0,0,27.4775280898876,0,0,4891,184,0,0,0,0
"3051",2023-03-11,14,10,4341,177,0,0,27.4775280898876,0,0,4891,184,0,0,0,0
"3052",2023-03-11,14,15,4720,180,0,0,27.4775280898876,0,0,4891,184,0,0,0,0
"3053",2023-03-11,14,20,4460,181,0,0,27.4775280898876,0,0,4891,184,0,0,0,0
"3054",2023-03-11,14,25,4482,182,0,0,27.4775280898876,0,0,4891,184,0,0,0,0
"3055",2023-03-11,14,30,4460,181,0,0,27.4775280898876,0,0,4891,184,0,0,0,0
"3056",2023-03-11,14,35,4532,183,0,0,27.4775280898876,0,0,4891,184,0,0,0,0
"3057",2023-03-11,14,40,4477,180,0,0,27.4775280898876,0,0,4891,184,0,0,0,0
"3058",2023-03-11,14,45,4843,184,0,0,27.4775280898876,0,0,4891,184,0,0,0,0
"3059",2023-03-11,14,50,4499,181,0,0,27.4775280898876,0,0,4891,184,0,0,0,0
"3060",2023-03-11,14,55,4421,180,0,0,27.4775280898876,0,0,4891,184,0,0,0,0
"3061",2023-03-11,15,0,4360,178,0,0,25.028901734104,0,0,4360,178,0,0,0,0
"3062",2023-03-11,15,5,4338,177,0,0,25.028901734104,0,0,4360,178,0,0,0,0
"3063",2023-03-11,15,10,4259,173,0,0,25.028901734104,0,0,4360,178,0,0,0,0
"3064",2023-03-11,15,15,4298,175,0,0,25.028901734104,0,0,4360,178,0,0,0,0
"3065",2023-03-11,15,20,4276,174,0,0,25.028901734104,0,0,4360,178,0,0,0,0
"3066",2023-03-11,15,25,4194,171,0,0,25.028901734104,0,0,4360,178,0,0,0,0
"3067",2023-03-11,15,30,4255,172,0,0,25.028901734104,0,0,4360,178,0,0,0,0
"3068",2023-03-11,15,35,4227,172,0,0,25.028901734104,0,0,4360,178,0,0,0,0
"3069",2023-03-11,15,40,4309,174,0,0,25.028901734104,0,0,4360,178,0,0,0,0
"3070",2023-03-11,15,45,4331,175,0,0,25.028901734104,0,0,4360,178,0,0,0,0
"3071",2023-03-11,15,50,4020,173,0,0,25.028901734104,0,0,4360,178,0,0,0,0
"3072",2023-03-11,15,55,4330,173,0,0,25.028901734104,0,0,4360,178,0,0,0,0
"3073",2023-03-11,16,0,4293,172,0,0,26.1091954022989,0,0,4587,176,0,0,0,0
"3074",2023-03-11,16,5,4293,172,0,0,26.1091954022989,0,0,4587,176,0,0,0,0
"3075",2023-03-11,16,10,4539,176,0,0,26.1091954022989,0,0,4587,176,0,0,0,0
"3076",2023-03-11,16,15,4533,174,0,0,26.1091954022989,0,0,4587,176,0,0,0,0
"3077",2023-03-11,16,20,4543,174,0,0,26.1091954022989,0,0,4587,176,0,0,0,0
"3078",2023-03-11,16,25,4543,174,0,0,26.1091954022989,0,0,4587,176,0,0,0,0
"3079",2023-03-11,16,30,4587,176,0,0,26.1091954022989,0,0,4587,176,0,0,0,0
"3080",2023-03-11,16,35,4210,174,0,0,26.1091954022989,0,0,4587,176,0,0,0,0
"3081",2023-03-11,16,40,4216,176,0,0,26.1091954022989,0,0,4587,176,0,0,0,0
"3082",2023-03-11,16,45,4167,175,0,0,26.1091954022989,0,0,4587,176,0,0,0,0
"3083",2023-03-11,16,50,4156,175,0,0,26.1091954022989,0,0,4587,176,0,0,0,0
"3084",2023-03-11,16,55,4134,174,0,0,26.1091954022989,0,0,4587,176,0,0,0,0
"3085",2023-03-11,17,0,4566,177,0,0,27.6666666666667,0,0,4814,178,0,0,0,0
"3086",2023-03-11,17,5,4558,178,0,0,27.6666666666667,0,0,4814,178,0,0,0,0
"3087",2023-03-11,17,10,4536,177,0,0,27.6666666666667,0,0,4814,178,0,0,0,0
"3088",2023-03-11,17,15,4465,172,0,0,27.6666666666667,0,0,4814,178,0,0,0,0
"3089",2023-03-11,17,20,4373,176,0,0,27.6666666666667,0,0,4814,178,0,0,0,0
"3090",2023-03-11,17,25,4303,174,0,0,27.6666666666667,0,0,4814,178,0,0,0,0
"3091",2023-03-11,17,30,4281,173,0,0,27.6666666666667,0,0,4814,178,0,0,0,0
"3092",2023-03-11,17,35,4231,172,0,0,27.6666666666667,0,0,4814,178,0,0,0,0
"3093",2023-03-11,17,40,4275,174,0,0,27.6666666666667,0,0,4814,178,0,0,0,0
"3094",2023-03-11,17,45,4814,174,0,0,27.6666666666667,0,0,4814,178,0,0,0,0
"3095",2023-03-11,17,50,4513,174,0,0,27.6666666666667,0,0,4814,178,0,0,0,0
"3096",2023-03-11,17,55,4508,172,0,0,27.6666666666667,0,0,4814,178,0,0,0,0
"3097",2023-03-11,18,15,4093,179,0,0,26,0,0,4704,181,0,0,0,0
"3098",2023-03-11,18,20,4093,179,0,0,26,0,0,4704,181,0,0,0,0
"3099",2023-03-11,18,25,4071,178,0,0,26,0,0,4704,181,0,0,0,0
"3100",2023-03-11,18,30,4016,175,0,0,26,0,0,4704,181,0,0,0,0
"3101",2023-03-11,18,35,3994,174,0,0,26,0,0,4704,181,0,0,0,0
"3102",2023-03-11,18,40,4071,178,0,0,26,0,0,4704,181,0,0,0,0
"3103",2023-03-11,18,45,4049,177,0,0,26,0,0,4704,181,0,0,0,0
"3104",2023-03-11,18,50,3939,172,0,0,26,0,0,4704,181,0,0,0,0
"3105",2023-03-11,18,55,3873,169,0,0,26,0,0,4704,181,0,0,0,0
"3106",2023-03-11,18,0,4586,177,0,0,26,0,0,4704,181,0,0,0,0
"3107",2023-03-11,18,5,4680,180,0,0,26,0,0,4704,181,0,0,0,0
"3108",2023-03-11,18,10,4704,181,0,0,26,0,0,4704,181,0,0,0,0
"3109",2023-03-11,19,0,3834,169,0,0,23.8941176470588,0,0,4062,177,0,0,0,0
"3110",2023-03-11,19,5,3900,172,0,0,23.8941176470588,0,0,4062,177,0,0,0,0
"3111",2023-03-11,19,10,3928,173,0,0,23.8941176470588,0,0,4062,177,0,0,0,0
"3112",2023-03-11,19,15,3867,172,0,0,23.8941176470588,0,0,4062,177,0,0,0,0
"3113",2023-03-11,19,20,3845,171,0,0,23.8941176470588,0,0,4062,177,0,0,0,0
"3114",2023-03-11,19,25,3817,171,0,0,23.8941176470588,0,0,4062,177,0,0,0,0
"3115",2023-03-11,19,30,3817,171,0,0,23.8941176470588,0,0,4062,177,0,0,0,0
"3116",2023-03-11,19,35,4062,170,0,0,23.8941176470588,0,0,4062,177,0,0,0,0
"3117",2023-03-11,19,40,3762,169,0,0,23.8941176470588,0,0,4062,177,0,0,0,0
"3118",2023-03-11,19,45,3844,171,0,0,23.8941176470588,0,0,4062,177,0,0,0,0
"3119",2023-03-11,19,50,3914,173,0,0,23.8941176470588,0,0,4062,177,0,0,0,0
"3120",2023-03-11,19,55,4030,177,0,0,23.8941176470588,0,0,4062,177,0,0,0,0
"3121",2023-03-11,20,0,3947,174,0,0,22.683908045977,0,0,3947,178,0,0,0,0
"3122",2023-03-11,20,5,3853,171,0,0,22.683908045977,0,0,3947,178,0,0,0,0
"3123",2023-03-11,20,10,3884,173,0,0,22.683908045977,0,0,3947,178,0,0,0,0
"3124",2023-03-11,20,15,3928,175,0,0,22.683908045977,0,0,3947,178,0,0,0,0
"3125",2023-03-11,20,20,3934,177,0,0,22.683908045977,0,0,3947,178,0,0,0,0
"3126",2023-03-11,20,25,3945,178,0,0,22.683908045977,0,0,3947,178,0,0,0,0
"3127",2023-03-11,20,30,3901,176,0,0,22.683908045977,0,0,3947,178,0,0,0,0
"3128",2023-03-11,20,35,3890,175,0,0,22.683908045977,0,0,3947,178,0,0,0,0
"3129",2023-03-11,20,40,3879,174,0,0,22.683908045977,0,0,3947,178,0,0,0,0
"3130",2023-03-11,20,45,3901,175,0,0,22.683908045977,0,0,3947,178,0,0,0,0
"3131",2023-03-11,20,50,3879,174,0,0,22.683908045977,0,0,3947,178,0,0,0,0
"3132",2023-03-11,20,55,3857,173,0,0,22.683908045977,0,0,3947,178,0,0,0,0
"3133",2023-03-11,21,0,3824,171,0,0,22.4294117647059,0,0,3835,171,0,0,0,0
"3134",2023-03-11,21,5,3813,170,0,0,22.4294117647059,0,0,3835,171,0,0,0,0
"3135",2023-03-11,21,10,3835,171,0,0,22.4294117647059,0,0,3835,171,0,0,0,0
"3136",2023-03-11,21,15,3835,171,0,0,22.4294117647059,0,0,3835,171,0,0,0,0
"3137",2023-03-11,21,20,3743,168,0,0,22.4294117647059,0,0,3835,171,0,0,0,0
"3138",2023-03-11,21,25,3787,170,0,0,22.4294117647059,0,0,3835,171,0,0,0,0
"3139",2023-03-11,21,30,3732,168,0,0,22.4294117647059,0,0,3835,171,0,0,0,0
"3140",2023-03-11,21,35,3732,168,0,0,22.4294117647059,0,0,3835,171,0,0,0,0
"3141",2023-03-11,21,40,3688,166,0,0,22.4294117647059,0,0,3835,171,0,0,0,0
"3142",2023-03-11,21,45,3710,167,0,0,22.4294117647059,0,0,3835,171,0,0,0,0
"3143",2023-03-11,21,50,3655,164,0,0,22.4294117647059,0,0,3835,171,0,0,0,0
"3144",2023-03-11,21,55,3655,164,0,0,22.4294117647059,0,0,3835,171,0,0,0,0
"3145",2023-03-11,22,0,3655,164,0,0,22.6114649681529,0,0,3666,165,0,0,0,0
"3146",2023-03-11,22,5,3655,164,0,0,22.6114649681529,0,0,3666,165,0,0,0,0
"3147",2023-03-11,22,10,3655,164,0,0,22.6114649681529,0,0,3666,165,0,0,0,0
"3148",2023-03-11,22,15,3666,165,0,0,22.6114649681529,0,0,3666,165,0,0,0,0
"3149",2023-03-11,22,20,3633,163,0,0,22.6114649681529,0,0,3666,165,0,0,0,0
"3150",2023-03-11,22,25,3611,162,0,0,22.6114649681529,0,0,3666,165,0,0,0,0
"3151",2023-03-11,22,30,3589,161,0,0,22.6114649681529,0,0,3666,165,0,0,0,0
"3152",2023-03-11,22,35,3627,161,0,0,22.6114649681529,0,0,3666,165,0,0,0,0
"3153",2023-03-11,22,40,3594,159,0,0,22.6114649681529,0,0,3666,165,0,0,0,0
"3154",2023-03-11,22,45,3572,158,0,0,22.6114649681529,0,0,3666,165,0,0,0,0
"3155",2023-03-11,22,50,3572,158,0,0,22.6114649681529,0,0,3666,165,0,0,0,0
"3156",2023-03-11,22,55,3550,157,0,0,22.6114649681529,0,0,3666,165,0,0,0,0
"3157",2023-03-11,23,0,3538,156,0,0,22.7597402597403,0,0,3538,156,0,0,0,0
"3158",2023-03-11,23,5,3538,156,0,0,22.7597402597403,0,0,3538,156,0,0,0,0
"3159",2023-03-11,23,10,3505,154,0,0,22.7597402597403,0,0,3538,156,0,0,0,0
"3160",2023-03-11,23,15,3445,153,0,0,22.7597402597403,0,0,3538,156,0,0,0,0
"3161",2023-03-11,23,20,3423,152,0,0,22.7597402597403,0,0,3538,156,0,0,0,0
"3162",2023-03-11,23,25,3423,152,0,0,22.7597402597403,0,0,3538,156,0,0,0,0
"3163",2023-03-11,23,30,3445,153,0,0,22.7597402597403,0,0,3538,156,0,0,0,0
"3164",2023-03-11,23,35,3467,154,0,0,22.7597402597403,0,0,3538,156,0,0,0,0
"3165",2023-03-11,23,40,3445,153,0,0,22.7597402597403,0,0,3538,156,0,0,0,0
"3166",2023-03-11,23,45,3434,152,0,0,22.7597402597403,0,0,3538,156,0,0,0,0
"3167",2023-03-11,23,50,3434,152,0,0,22.7597402597403,0,0,3538,156,0,0,0,0
"3168",2023-03-11,23,55,3414,151,0,0,22.7597402597403,0,0,3538,156,0,0,0,0
"3169",2023-03-12,0,0,2610,113,0,0,23.0973451327434,0,0,2621,114,0,0,0,0
"3170",2023-03-12,0,5,2621,114,0,0,23.0973451327434,0,0,2621,114,0,0,0,0
"3171",2023-03-12,0,10,2621,114,0,0,23.0973451327434,0,0,2621,114,0,0,0,0
"3172",2023-03-12,0,15,2621,114,0,0,23.0973451327434,0,0,2621,114,0,0,0,0
"3173",2023-03-12,0,20,2621,114,0,0,23.0973451327434,0,0,2621,114,0,0,0,0
"3174",2023-03-12,0,25,2621,114,0,0,23.0973451327434,0,0,2621,114,0,0,0,0
"3175",2023-03-12,0,30,2621,114,0,0,23.0973451327434,0,0,2621,114,0,0,0,0
"3176",2023-03-12,0,35,2621,114,0,0,23.0973451327434,0,0,2621,114,0,0,0,0
"3177",2023-03-12,0,40,2621,114,0,0,23.0973451327434,0,0,2621,114,0,0,0,0
"3178",2023-03-12,0,45,2621,114,0,0,23.0973451327434,0,0,2621,114,0,0,0,0
"3179",2023-03-12,0,50,2621,114,0,0,23.0973451327434,0,0,2621,114,0,0,0,0
"3180",2023-03-12,0,55,2599,113,0,0,23.0973451327434,0,0,2621,114,0,0,0,0
"3181",2023-03-12,1,0,3364,147,0,0,24.7605633802817,0,0,3571,147,0,0,0,0
"3182",2023-03-12,1,5,3342,146,0,0,24.7605633802817,0,0,3571,147,0,0,0,0
"3183",2023-03-12,1,10,3331,145,0,0,24.7605633802817,0,0,3571,147,0,0,0,0
"3184",2023-03-12,1,15,3271,144,0,0,24.7605633802817,0,0,3571,147,0,0,0,0
"3185",2023-03-12,1,20,3571,145,0,0,24.7605633802817,0,0,3571,147,0,0,0,0
"3186",2023-03-12,1,25,3560,144,0,0,24.7605633802817,0,0,3571,147,0,0,0,0
"3187",2023-03-12,1,30,3538,143,0,0,24.7605633802817,0,0,3571,147,0,0,0,0
"3188",2023-03-12,1,35,3216,141,0,0,24.7605633802817,0,0,3571,147,0,0,0,0
"3189",2023-03-12,1,40,3216,141,0,0,24.7605633802817,0,0,3571,147,0,0,0,0
"3190",2023-03-12,1,45,3216,141,0,0,24.7605633802817,0,0,3571,147,0,0,0,0
"3191",2023-03-12,1,50,3516,142,0,0,24.7605633802817,0,0,3571,147,0,0,0,0
"3192",2023-03-12,1,55,3516,142,0,0,24.7605633802817,0,0,3571,147,0,0,0,0
"3193",2023-03-12,2,0,3516,142,0,0,24.7605633802817,0,0,3516,142,0,0,0,0
"3194",2023-03-12,2,5,3194,140,0,0,24.7605633802817,0,0,3516,142,0,0,0,0
"3195",2023-03-12,2,10,3194,140,0,0,24.7605633802817,0,0,3516,142,0,0,0,0
"3196",2023-03-12,2,15,3194,140,0,0,24.7605633802817,0,0,3516,142,0,0,0,0
"3197",2023-03-12,2,20,3194,140,0,0,24.7605633802817,0,0,3516,142,0,0,0,0
"3198",2023-03-12,2,25,3194,140,0,0,24.7605633802817,0,0,3516,142,0,0,0,0
"3199",2023-03-12,2,30,3194,140,0,0,24.7605633802817,0,0,3516,142,0,0,0,0
"3200",2023-03-12,2,35,3194,140,0,0,24.7605633802817,0,0,3516,142,0,0,0,0
"3201",2023-03-12,2,40,3194,140,0,0,24.7605633802817,0,0,3516,142,0,0,0,0
"3202",2023-03-12,2,45,3194,140,0,0,24.7605633802817,0,0,3516,142,0,0,0,0
"3203",2023-03-12,2,50,3194,140,0,0,24.7605633802817,0,0,3516,142,0,0,0,0
"3204",2023-03-12,2,55,3194,140,0,0,24.7605633802817,0,0,3516,142,0,0,0,0
"3205",2023-03-12,3,0,3183,139,0,0,24.8992805755396,0,0,3461,139,0,0,0,0
"3206",2023-03-12,3,5,3161,138,0,0,24.8992805755396,0,0,3461,139,0,0,0,0
"3207",2023-03-12,3,10,3161,138,0,0,24.8992805755396,0,0,3461,139,0,0,0,0
"3208",2023-03-12,3,15,3161,138,0,0,24.8992805755396,0,0,3461,139,0,0,0,0
"3209",2023-03-12,3,20,3161,138,0,0,24.8992805755396,0,0,3461,139,0,0,0,0
"3210",2023-03-12,3,25,3161,138,0,0,24.8992805755396,0,0,3461,139,0,0,0,0
"3211",2023-03-12,3,30,3161,138,0,0,24.8992805755396,0,0,3461,139,0,0,0,0
"3212",2023-03-12,3,35,3161,138,0,0,24.8992805755396,0,0,3461,139,0,0,0,0
"3213",2023-03-12,3,40,3161,138,0,0,24.8992805755396,0,0,3461,139,0,0,0,0
"3214",2023-03-12,3,45,3161,138,0,0,24.8992805755396,0,0,3461,139,0,0,0,0
"3215",2023-03-12,3,50,3461,139,0,0,24.8992805755396,0,0,3461,139,0,0,0,0
"3216",2023-03-12,3,55,3461,139,0,0,24.8992805755396,0,0,3461,139,0,0,0,0
"3217",2023-03-12,4,0,3461,139,0,0,24.8992805755396,0,0,3461,139,0,0,0,0
"3218",2023-03-12,4,5,3161,138,0,0,24.8992805755396,0,0,3461,139,0,0,0,0
"3219",2023-03-12,4,10,3161,138,0,0,24.8992805755396,0,0,3461,139,0,0,0,0
"3220",2023-03-12,4,15,3161,138,0,0,24.8992805755396,0,0,3461,139,0,0,0,0
"3221",2023-03-12,4,20,3161,138,0,0,24.8992805755396,0,0,3461,139,0,0,0,0
"3222",2023-03-12,4,25,3161,138,0,0,24.8992805755396,0,0,3461,139,0,0,0,0
"3223",2023-03-12,4,30,3461,139,0,0,24.8992805755396,0,0,3461,139,0,0,0,0
"3224",2023-03-12,4,35,3161,138,0,0,24.8992805755396,0,0,3461,139,0,0,0,0
"3225",2023-03-12,4,40,3161,138,0,0,24.8992805755396,0,0,3461,139,0,0,0,0
"3226",2023-03-12,4,45,3161,138,0,0,24.8992805755396,0,0,3461,139,0,0,0,0
"3227",2023-03-12,4,50,3161,138,0,0,24.8992805755396,0,0,3461,139,0,0,0,0
"3228",2023-03-12,4,55,3161,138,0,0,24.8992805755396,0,0,3461,139,0,0,0,0
"3229",2023-03-12,5,0,3161,138,0,0,22.9057971014493,0,0,3161,138,0,0,0,0
"3230",2023-03-12,5,5,3161,138,0,0,22.9057971014493,0,0,3161,138,0,0,0,0
"3231",2023-03-12,5,10,3161,138,0,0,22.9057971014493,0,0,3161,138,0,0,0,0
"3232",2023-03-12,5,15,3161,138,0,0,22.9057971014493,0,0,3161,138,0,0,0,0
"3233",2023-03-12,5,20,3161,138,0,0,22.9057971014493,0,0,3161,138,0,0,0,0
"3234",2023-03-12,5,25,3161,138,0,0,22.9057971014493,0,0,3161,138,0,0,0,0
"3235",2023-03-12,5,30,3161,138,0,0,22.9057971014493,0,0,3161,138,0,0,0,0
"3236",2023-03-12,5,35,3161,138,0,0,22.9057971014493,0,0,3161,138,0,0,0,0
"3237",2023-03-12,5,40,3161,138,0,0,22.9057971014493,0,0,3161,138,0,0,0,0
"3238",2023-03-12,5,45,3161,138,0,0,22.9057971014493,0,0,3161,138,0,0,0,0
"3239",2023-03-12,5,50,3161,138,0,0,22.9057971014493,0,0,3161,138,0,0,0,0
"3240",2023-03-12,5,55,3161,138,0,0,22.9057971014493,0,0,3161,138,0,0,0,0
"3241",2023-03-12,6,0,3161,138,0,0,22.9124087591241,0,0,3161,138,0,0,0,0
"3242",2023-03-12,6,5,3161,138,0,0,22.9124087591241,0,0,3161,138,0,0,0,0
"3243",2023-03-12,6,10,3161,138,0,0,22.9124087591241,0,0,3161,138,0,0,0,0
"3244",2023-03-12,6,15,3139,137,0,0,22.9124087591241,0,0,3161,138,0,0,0,0
"3245",2023-03-12,6,20,3139,137,0,0,22.9124087591241,0,0,3161,138,0,0,0,0
"3246",2023-03-12,6,25,3139,137,0,0,22.9124087591241,0,0,3161,138,0,0,0,0
"3247",2023-03-12,6,30,3139,137,0,0,22.9124087591241,0,0,3161,138,0,0,0,0
"3248",2023-03-12,6,35,3139,137,0,0,22.9124087591241,0,0,3161,138,0,0,0,0
"3249",2023-03-12,6,40,3139,137,0,0,22.9124087591241,0,0,3161,138,0,0,0,0
"3250",2023-03-12,6,45,3139,137,0,0,22.9124087591241,0,0,3161,138,0,0,0,0
"3251",2023-03-12,6,50,3139,137,0,0,22.9124087591241,0,0,3161,138,0,0,0,0
"3252",2023-03-12,6,55,3139,137,0,0,22.9124087591241,0,0,3161,138,0,0,0,0
"3253",2023-03-12,7,0,3139,137,0,0,22.9259259259259,0,0,3139,137,0,0,0,0
"3254",2023-03-12,7,5,3139,137,0,0,22.9259259259259,0,0,3139,137,0,0,0,0
"3255",2023-03-12,7,10,3117,136,0,0,22.9259259259259,0,0,3139,137,0,0,0,0
"3256",2023-03-12,7,15,3117,136,0,0,22.9259259259259,0,0,3139,137,0,0,0,0
"3257",2023-03-12,7,20,3117,136,0,0,22.9259259259259,0,0,3139,137,0,0,0,0
"3258",2023-03-12,7,25,3117,136,0,0,22.9259259259259,0,0,3139,137,0,0,0,0
"3259",2023-03-12,7,30,3095,135,0,0,22.9259259259259,0,0,3139,137,0,0,0,0
"3260",2023-03-12,7,35,3095,135,0,0,22.9259259259259,0,0,3139,137,0,0,0,0
"3261",2023-03-12,7,40,3095,135,0,0,22.9259259259259,0,0,3139,137,0,0,0,0
"3262",2023-03-12,7,45,3095,135,0,0,22.9259259259259,0,0,3139,137,0,0,0,0
"3263",2023-03-12,7,50,3095,135,0,0,22.9259259259259,0,0,3139,137,0,0,0,0
"3264",2023-03-12,7,55,3139,137,0,0,22.9259259259259,0,0,3139,137,0,0,0,0
"3265",2023-03-12,8,0,3139,137,0,0,24.9202898550725,0,0,3439,138,0,0,0,0
"3266",2023-03-12,8,5,3139,137,0,0,24.9202898550725,0,0,3439,138,0,0,0,0
"3267",2023-03-12,8,10,3139,137,0,0,24.9202898550725,0,0,3439,138,0,0,0,0
"3268",2023-03-12,8,15,3439,138,0,0,24.9202898550725,0,0,3439,138,0,0,0,0
"3269",2023-03-12,8,20,3439,138,0,0,24.9202898550725,0,0,3439,138,0,0,0,0
"3270",2023-03-12,8,25,3439,138,0,0,24.9202898550725,0,0,3439,138,0,0,0,0
"3271",2023-03-12,8,30,3439,138,0,0,24.9202898550725,0,0,3439,138,0,0,0,0
"3272",2023-03-12,8,35,3439,138,0,0,24.9202898550725,0,0,3439,138,0,0,0,0
"3273",2023-03-12,8,40,3439,138,0,0,24.9202898550725,0,0,3439,138,0,0,0,0
"3274",2023-03-12,8,45,3139,137,0,0,24.9202898550725,0,0,3439,138,0,0,0,0
"3275",2023-03-12,8,50,3139,137,0,0,24.9202898550725,0,0,3439,138,0,0,0,0
"3276",2023-03-12,8,55,3139,137,0,0,24.9202898550725,0,0,3439,138,0,0,0,0
"3277",2023-03-12,9,0,3139,137,0,0,22.9407407407407,0,0,3139,137,0,0,0,0
"3278",2023-03-12,9,5,3119,136,0,0,22.9407407407407,0,0,3139,137,0,0,0,0
"3279",2023-03-12,9,10,3119,136,0,0,22.9407407407407,0,0,3139,137,0,0,0,0
"3280",2023-03-12,9,15,3097,135,0,0,22.9407407407407,0,0,3139,137,0,0,0,0
"3281",2023-03-12,9,20,3108,136,0,0,22.9407407407407,0,0,3139,137,0,0,0,0
"3282",2023-03-12,9,25,3108,136,0,0,22.9407407407407,0,0,3139,137,0,0,0,0
"3283",2023-03-12,9,30,3086,135,0,0,22.9407407407407,0,0,3139,137,0,0,0,0
"3284",2023-03-12,9,35,3108,136,0,0,22.9407407407407,0,0,3139,137,0,0,0,0
"3285",2023-03-12,9,40,3108,136,0,0,22.9407407407407,0,0,3139,137,0,0,0,0
"3286",2023-03-12,9,45,3086,135,0,0,22.9407407407407,0,0,3139,137,0,0,0,0
"3287",2023-03-12,9,50,3086,136,0,0,22.9407407407407,0,0,3139,137,0,0,0,0
"3288",2023-03-12,9,55,3086,136,0,0,22.9407407407407,0,0,3139,137,0,0,0,0
"3289",2023-03-12,10,0,3086,136,0,0,22.6911764705882,0,0,3274,146,0,0,0,0
"3290",2023-03-12,10,5,3103,137,0,0,22.6911764705882,0,0,3274,146,0,0,0,0
"3291",2023-03-12,10,10,3103,137,0,0,22.6911764705882,0,0,3274,146,0,0,0,0
"3292",2023-03-12,10,15,3081,136,0,0,22.6911764705882,0,0,3274,146,0,0,0,0
"3293",2023-03-12,10,20,3109,138,0,0,22.6911764705882,0,0,3274,146,0,0,0,0
"3294",2023-03-12,10,25,3114,138,0,0,22.6911764705882,0,0,3274,146,0,0,0,0
"3295",2023-03-12,10,30,3142,140,0,0,22.6911764705882,0,0,3274,146,0,0,0,0
"3296",2023-03-12,10,35,3192,141,0,0,22.6911764705882,0,0,3274,146,0,0,0,0
"3297",2023-03-12,10,40,3225,143,0,0,22.6911764705882,0,0,3274,146,0,0,0,0
"3298",2023-03-12,10,45,3197,143,0,0,22.6911764705882,0,0,3274,146,0,0,0,0
"3299",2023-03-12,10,50,3252,145,0,0,22.6911764705882,0,0,3274,146,0,0,0,0
"3300",2023-03-12,10,55,3274,146,0,0,22.6911764705882,0,0,3274,146,0,0,0,0
"3301",2023-03-12,11,0,3274,146,0,0,28.0855263157895,0,0,4269,152,0,0,0,0
"3302",2023-03-12,11,5,3274,146,0,0,28.0855263157895,0,0,4269,152,0,0,0,0
"3303",2023-03-12,11,10,3324,147,0,0,28.0855263157895,0,0,4269,152,0,0,0,0
"3304",2023-03-12,11,15,3395,149,0,0,28.0855263157895,0,0,4269,152,0,0,0,0
"3305",2023-03-12,11,20,3435,150,0,0,28.0855263157895,0,0,4269,152,0,0,0,0
"3306",2023-03-12,11,25,3735,151,0,0,28.0855263157895,0,0,4269,152,0,0,0,0
"3307",2023-03-12,11,30,3691,151,0,0,28.0855263157895,0,0,4269,152,0,0,0,0
"3308",2023-03-12,11,35,3713,152,0,0,28.0855263157895,0,0,4269,152,0,0,0,0
"3309",2023-03-12,11,40,4269,152,0,0,28.0855263157895,0,0,4269,152,0,0,0,0
"3310",2023-03-12,11,45,4208,150,0,0,28.0855263157895,0,0,4269,152,0,0,0,0
"3311",2023-03-12,11,50,3886,148,0,0,28.0855263157895,0,0,4269,152,0,0,0,0
"3312",2023-03-12,11,55,3842,146,0,0,28.0855263157895,0,0,4269,152,0,0,0,0
"3313",2023-03-12,12,0,3242,144,0,0,28.483660130719,0,0,4368,158,0,0,0,0
"3314",2023-03-12,12,5,3325,147,0,0,28.483660130719,0,0,4368,158,0,0,0,0
"3315",2023-03-12,12,10,3325,147,0,0,28.483660130719,0,0,4368,158,0,0,0,0
"3316",2023-03-12,12,15,3347,148,0,0,28.483660130719,0,0,4368,158,0,0,0,0
"3317",2023-03-12,12,20,3702,152,0,0,28.483660130719,0,0,4368,158,0,0,0,0
"3318",2023-03-12,12,25,4096,156,0,0,28.483660130719,0,0,4368,158,0,0,0,0
"3319",2023-03-12,12,30,3796,155,0,0,28.483660130719,0,0,4368,158,0,0,0,0
"3320",2023-03-12,12,35,3807,155,0,0,28.483660130719,0,0,4368,158,0,0,0,0
"3321",2023-03-12,12,40,4080,153,0,0,28.483660130719,0,0,4368,158,0,0,0,0
"3322",2023-03-12,12,45,4358,153,0,0,28.483660130719,0,0,4368,158,0,0,0,0
"3323",2023-03-12,12,50,4368,156,0,0,28.483660130719,0,0,4368,158,0,0,0,0
"3324",2023-03-12,12,55,4134,158,0,0,28.483660130719,0,0,4368,158,0,0,0,0
"3325",2023-03-12,13,0,3550,155,0,0,26.6144578313253,0,0,4418,166,0,0,0,0
"3326",2023-03-12,13,5,3550,155,0,0,26.6144578313253,0,0,4418,166,0,0,0,0
"3327",2023-03-12,13,10,3522,155,0,0,26.6144578313253,0,0,4418,166,0,0,0,0
"3328",2023-03-12,13,15,3544,156,0,0,26.6144578313253,0,0,4418,166,0,0,0,0
"3329",2023-03-12,13,20,3577,158,0,0,26.6144578313253,0,0,4418,166,0,0,0,0
"3330",2023-03-12,13,25,3844,157,0,0,26.6144578313253,0,0,4418,166,0,0,0,0
"3331",2023-03-12,13,30,3844,157,0,0,26.6144578313253,0,0,4418,166,0,0,0,0
"3332",2023-03-12,13,35,3910,160,0,0,26.6144578313253,0,0,4418,166,0,0,0,0
"3333",2023-03-12,13,40,3992,162,0,0,26.6144578313253,0,0,4418,166,0,0,0,0
"3334",2023-03-12,13,45,4107,166,0,0,26.6144578313253,0,0,4418,166,0,0,0,0
"3335",2023-03-12,13,50,4347,166,0,0,26.6144578313253,0,0,4418,166,0,0,0,0
"3336",2023-03-12,13,55,4418,166,0,0,26.6144578313253,0,0,4418,166,0,0,0,0
"3337",2023-03-12,14,0,4058,161,0,0,27.0920245398773,0,0,4416,163,0,0,0,0
"3338",2023-03-12,14,5,4116,162,0,0,27.0920245398773,0,0,4416,163,0,0,0,0
"3339",2023-03-12,14,10,4138,163,0,0,27.0920245398773,0,0,4416,163,0,0,0,0
"3340",2023-03-12,14,15,4416,163,0,0,27.0920245398773,0,0,4416,163,0,0,0,0
"3341",2023-03-12,14,20,4388,163,0,0,27.0920245398773,0,0,4416,163,0,0,0,0
"3342",2023-03-12,14,25,3940,158,0,0,27.0920245398773,0,0,4416,163,0,0,0,0
"3343",2023-03-12,14,30,3918,157,0,0,27.0920245398773,0,0,4416,163,0,0,0,0
"3344",2023-03-12,14,35,4120,157,0,0,27.0920245398773,0,0,4416,163,0,0,0,0
"3345",2023-03-12,14,40,4098,156,0,0,27.0920245398773,0,0,4416,163,0,0,0,0
"3346",2023-03-12,14,45,4081,155,0,0,27.0920245398773,0,0,4416,163,0,0,0,0
"3347",2023-03-12,14,50,4070,154,0,0,27.0920245398773,0,0,4416,163,0,0,0,0
"3348",2023-03-12,14,55,3748,152,0,0,27.0920245398773,0,0,4416,163,0,0,0,0
"3349",2023-03-12,15,0,3808,153,0,0,30.3205128205128,0,0,4730,159,0,0,0,0
"3350",2023-03-12,15,5,4130,155,0,0,30.3205128205128,0,0,4730,159,0,0,0,0
"3351",2023-03-12,15,10,4174,157,0,0,30.3205128205128,0,0,4730,159,0,0,0,0
"3352",2023-03-12,15,15,4485,159,0,0,30.3205128205128,0,0,4730,159,0,0,0,0
"3353",2023-03-12,15,20,4185,158,0,0,30.3205128205128,0,0,4730,159,0,0,0,0
"3354",2023-03-12,15,25,3819,154,0,0,30.3205128205128,0,0,4730,159,0,0,0,0
"3355",2023-03-12,15,30,3858,154,0,0,30.3205128205128,0,0,4730,159,0,0,0,0
"3356",2023-03-12,15,35,4212,157,0,0,30.3205128205128,0,0,4730,159,0,0,0,0
"3357",2023-03-12,15,40,4201,156,0,0,30.3205128205128,0,0,4730,159,0,0,0,0
"3358",2023-03-12,15,45,4469,156,0,0,30.3205128205128,0,0,4730,159,0,0,0,0
"3359",2023-03-12,15,50,4730,156,0,0,30.3205128205128,0,0,4730,159,0,0,0,0
"3360",2023-03-12,15,55,4670,155,0,0,30.3205128205128,0,0,4730,159,0,0,0,0
"3361",2023-03-12,16,20,4141,154,0,0,30.3618421052632,0,0,4615,157,0,0,0,0
"3362",2023-03-12,16,25,4201,157,0,0,30.3618421052632,0,0,4615,157,0,0,0,0
"3363",2023-03-12,16,30,4151,156,0,0,30.3618421052632,0,0,4615,157,0,0,0,0
"3364",2023-03-12,16,35,4140,155,0,0,30.3618421052632,0,0,4615,157,0,0,0,0
"3365",2023-03-12,16,40,4418,155,0,0,30.3618421052632,0,0,4615,157,0,0,0,0
"3366",2023-03-12,16,45,4429,156,0,0,30.3618421052632,0,0,4615,157,0,0,0,0
"3367",2023-03-12,16,50,4397,154,0,0,30.3618421052632,0,0,4615,157,0,0,0,0
"3368",2023-03-12,16,55,3597,154,0,0,30.3618421052632,0,0,4615,157,0,0,0,0
"3369",2023-03-12,16,0,4615,152,0,0,30.3618421052632,0,0,4615,157,0,0,0,0
"3370",2023-03-12,16,5,4315,151,0,0,30.3618421052632,0,0,4615,157,0,0,0,0
"3371",2023-03-12,16,10,4359,153,0,0,30.3618421052632,0,0,4615,157,0,0,0,0
"3372",2023-03-12,16,15,4391,154,0,0,30.3618421052632,0,0,4615,157,0,0,0,0
"3373",2023-03-12,17,0,3581,152,0,0,25.2337662337662,0,0,3908,155,0,0,0,0
"3374",2023-03-12,17,5,3831,152,0,0,25.2337662337662,0,0,3908,155,0,0,0,0
"3375",2023-03-12,17,10,3831,152,0,0,25.2337662337662,0,0,3908,155,0,0,0,0
"3376",2023-03-12,17,15,3853,153,0,0,25.2337662337662,0,0,3908,155,0,0,0,0
"3377",2023-03-12,17,20,3886,154,0,0,25.2337662337662,0,0,3908,155,0,0,0,0
"3378",2023-03-12,17,25,3908,155,0,0,25.2337662337662,0,0,3908,155,0,0,0,0
"3379",2023-03-12,17,30,3509,149,0,0,25.2337662337662,0,0,3908,155,0,0,0,0
"3380",2023-03-12,17,35,3487,148,0,0,25.2337662337662,0,0,3908,155,0,0,0,0
"3381",2023-03-12,17,40,3498,148,0,0,25.2337662337662,0,0,3908,155,0,0,0,0
"3382",2023-03-12,17,45,3476,147,0,0,25.2337662337662,0,0,3908,155,0,0,0,0
"3383",2023-03-12,17,50,3498,148,0,0,25.2337662337662,0,0,3908,155,0,0,0,0
"3384",2023-03-12,17,55,3426,146,0,0,25.2337662337662,0,0,3908,155,0,0,0,0
"3385",2023-03-12,18,0,3404,145,0,0,27.5069444444444,0,0,3988,146,0,0,0,0
"3386",2023-03-12,18,5,3638,143,0,0,27.5069444444444,0,0,3988,146,0,0,0,0
"3387",2023-03-12,18,10,3616,142,0,0,27.5069444444444,0,0,3988,146,0,0,0,0
"3388",2023-03-12,18,15,3666,144,0,0,27.5069444444444,0,0,3988,146,0,0,0,0
"3389",2023-03-12,18,20,3988,146,0,0,27.5069444444444,0,0,3988,146,0,0,0,0
"3390",2023-03-12,18,25,3901,143,0,0,27.5069444444444,0,0,3988,146,0,0,0,0
"3391",2023-03-12,18,30,3961,144,0,0,27.5069444444444,0,0,3988,146,0,0,0,0
"3392",2023-03-12,18,35,3961,144,0,0,27.5069444444444,0,0,3988,146,0,0,0,0
"3393",2023-03-12,18,40,3653,144,0,0,27.5069444444444,0,0,3988,146,0,0,0,0
"3394",2023-03-12,18,45,3631,143,0,0,27.5069444444444,0,0,3988,146,0,0,0,0
"3395",2023-03-12,18,50,3653,144,0,0,27.5069444444444,0,0,3988,146,0,0,0,0
"3396",2023-03-12,18,55,3587,141,0,0,27.5069444444444,0,0,3988,146,0,0,0,0
"3397",2023-03-12,19,0,3576,141,0,0,25.3617021276596,0,0,3576,141,0,0,0,0
"3398",2023-03-12,19,5,3400,136,0,0,25.3617021276596,0,0,3576,141,0,0,0,0
"3399",2023-03-12,19,10,3100,135,0,0,25.3617021276596,0,0,3576,141,0,0,0,0
"3400",2023-03-12,19,15,3089,134,0,0,25.3617021276596,0,0,3576,141,0,0,0,0
"3401",2023-03-12,19,20,3122,136,0,0,25.3617021276596,0,0,3576,141,0,0,0,0
"3402",2023-03-12,19,25,3148,136,0,0,25.3617021276596,0,0,3576,141,0,0,0,0
"3403",2023-03-12,19,30,3146,136,0,0,25.3617021276596,0,0,3576,141,0,0,0,0
"3404",2023-03-12,19,35,3076,134,0,0,25.3617021276596,0,0,3576,141,0,0,0,0
"3405",2023-03-12,19,40,3114,133,0,0,25.3617021276596,0,0,3576,141,0,0,0,0
"3406",2023-03-12,19,45,3364,133,0,0,25.3617021276596,0,0,3576,141,0,0,0,0
"3407",2023-03-12,19,50,3408,135,0,0,25.3617021276596,0,0,3576,141,0,0,0,0
"3408",2023-03-12,19,55,3430,136,0,0,25.3617021276596,0,0,3576,141,0,0,0,0
"3409",2023-03-12,20,0,3108,134,0,0,25.2537313432836,0,0,3384,134,0,0,0,0
"3410",2023-03-12,20,5,3086,133,0,0,25.2537313432836,0,0,3384,134,0,0,0,0
"3411",2023-03-12,20,10,3106,134,0,0,25.2537313432836,0,0,3384,134,0,0,0,0
"3412",2023-03-12,20,15,3384,134,0,0,25.2537313432836,0,0,3384,134,0,0,0,0
"3413",2023-03-12,20,20,3324,133,0,0,25.2537313432836,0,0,3384,134,0,0,0,0
"3414",2023-03-12,20,25,3270,131,0,0,25.2537313432836,0,0,3384,134,0,0,0,0
"3415",2023-03-12,20,30,3226,129,0,0,25.2537313432836,0,0,3384,134,0,0,0,0
"3416",2023-03-12,20,35,3204,128,0,0,25.2537313432836,0,0,3384,134,0,0,0,0
"3417",2023-03-12,20,40,2937,129,0,0,25.2537313432836,0,0,3384,134,0,0,0,0
"3418",2023-03-12,20,45,2937,129,0,0,25.2537313432836,0,0,3384,134,0,0,0,0
"3419",2023-03-12,20,50,2975,129,0,0,25.2537313432836,0,0,3384,134,0,0,0,0
"3420",2023-03-12,20,55,2942,127,0,0,25.2537313432836,0,0,3384,134,0,0,0,0
"3421",2023-03-12,21,0,2964,128,0,0,23.1746031746032,0,0,2964,128,0,0,0,0
"3422",2023-03-12,21,5,2964,128,0,0,23.1746031746032,0,0,2964,128,0,0,0,0
"3423",2023-03-12,21,10,2942,127,0,0,23.1746031746032,0,0,2964,128,0,0,0,0
"3424",2023-03-12,21,15,2920,126,0,0,23.1746031746032,0,0,2964,128,0,0,0,0
"3425",2023-03-12,21,20,2882,126,0,0,23.1746031746032,0,0,2964,128,0,0,0,0
"3426",2023-03-12,21,25,2904,127,0,0,23.1746031746032,0,0,2964,128,0,0,0,0
"3427",2023-03-12,21,30,2893,126,0,0,23.1746031746032,0,0,2964,128,0,0,0,0
"3428",2023-03-12,21,35,2871,125,0,0,23.1746031746032,0,0,2964,128,0,0,0,0
"3429",2023-03-12,21,40,2871,125,0,0,23.1746031746032,0,0,2964,128,0,0,0,0
"3430",2023-03-12,21,45,2871,125,0,0,23.1746031746032,0,0,2964,128,0,0,0,0
"3431",2023-03-12,21,50,2904,126,0,0,23.1746031746032,0,0,2964,128,0,0,0,0
"3432",2023-03-12,21,55,2904,126,0,0,23.1746031746032,0,0,2964,128,0,0,0,0
"3433",2023-03-12,22,0,2904,126,0,0,25.184,0,0,3214,128,0,0,0,0
"3434",2023-03-12,22,5,2926,127,0,0,25.184,0,0,3214,128,0,0,0,0
"3435",2023-03-12,22,10,2926,127,0,0,25.184,0,0,3214,128,0,0,0,0
"3436",2023-03-12,22,15,2948,128,0,0,25.184,0,0,3214,128,0,0,0,0
"3437",2023-03-12,22,20,2914,127,0,0,25.184,0,0,3214,128,0,0,0,0
"3438",2023-03-12,22,25,3214,128,0,0,25.184,0,0,3214,128,0,0,0,0
"3439",2023-03-12,22,30,3148,125,0,0,25.184,0,0,3214,128,0,0,0,0
"3440",2023-03-12,22,35,2806,122,0,0,25.184,0,0,3214,128,0,0,0,0
"3441",2023-03-12,22,40,2784,121,0,0,25.184,0,0,3214,128,0,0,0,0
"3442",2023-03-12,22,45,2762,120,0,0,25.184,0,0,3214,128,0,0,0,0
"3443",2023-03-12,22,50,2762,120,0,0,25.184,0,0,3214,128,0,0,0,0
"3444",2023-03-12,22,55,2698,117,0,0,25.184,0,0,3214,128,0,0,0,0
"3445",2023-03-12,23,0,2698,117,0,0,25.5263157894737,0,0,2954,117,0,0,0,0
"3446",2023-03-12,23,5,2676,116,0,0,25.5263157894737,0,0,2954,117,0,0,0,0
"3447",2023-03-12,23,10,2654,115,0,0,25.5263157894737,0,0,2954,117,0,0,0,0
"3448",2023-03-12,23,15,2954,116,0,0,25.5263157894737,0,0,2954,117,0,0,0,0
"3449",2023-03-12,23,20,2954,116,0,0,25.5263157894737,0,0,2954,117,0,0,0,0
"3450",2023-03-12,23,25,2954,116,0,0,25.5263157894737,0,0,2954,117,0,0,0,0
"3451",2023-03-12,23,30,2954,116,0,0,25.5263157894737,0,0,2954,117,0,0,0,0
"3452",2023-03-12,23,35,2932,115,0,0,25.5263157894737,0,0,2954,117,0,0,0,0
"3453",2023-03-12,23,40,2932,115,0,0,25.5263157894737,0,0,2954,117,0,0,0,0
"3454",2023-03-12,23,45,2910,114,0,0,25.5263157894737,0,0,2954,117,0,0,0,0
"3455",2023-03-12,23,50,2610,113,0,0,25.5263157894737,0,0,2954,117,0,0,0,0
"3456",2023-03-12,23,55,2610,113,0,0,25.5263157894737,0,0,2954,117,0,0,0,0
"3457",2023-03-13,0,0,2933,130,0,0,22.5793650793651,0,0,2933,130,0,0,0,0
"3458",2023-03-13,0,5,2933,130,0,0,22.5793650793651,0,0,2933,130,0,0,0,0
"3459",2023-03-13,0,10,2911,129,0,0,22.5793650793651,0,0,2933,130,0,0,0,0
"3460",2023-03-13,0,15,2889,128,0,0,22.5793650793651,0,0,2933,130,0,0,0,0
"3461",2023-03-13,0,20,2889,128,0,0,22.5793650793651,0,0,2933,130,0,0,0,0
"3462",2023-03-13,0,25,2867,127,0,0,22.5793650793651,0,0,2933,130,0,0,0,0
"3463",2023-03-13,0,30,2867,127,0,0,22.5793650793651,0,0,2933,130,0,0,0,0
"3464",2023-03-13,0,35,2867,127,0,0,22.5793650793651,0,0,2933,130,0,0,0,0
"3465",2023-03-13,0,40,2867,127,0,0,22.5793650793651,0,0,2933,130,0,0,0,0
"3466",2023-03-13,0,45,2845,126,0,0,22.5793650793651,0,0,2933,130,0,0,0,0
"3467",2023-03-13,0,50,2845,126,0,0,22.5793650793651,0,0,2933,130,0,0,0,0
"3468",2023-03-13,0,55,2845,126,0,0,22.5793650793651,0,0,2933,130,0,0,0,0
"3469",2023-03-13,1,0,2599,113,0,0,23.0089285714286,0,0,2599,113,0,0,0,0
"3470",2023-03-13,1,5,2599,113,0,0,23.0089285714286,0,0,2599,113,0,0,0,0
"3471",2023-03-13,1,10,2599,113,0,0,23.0089285714286,0,0,2599,113,0,0,0,0
"3472",2023-03-13,1,15,2599,113,0,0,23.0089285714286,0,0,2599,113,0,0,0,0
"3473",2023-03-13,1,20,2599,113,0,0,23.0089285714286,0,0,2599,113,0,0,0,0
"3474",2023-03-13,1,25,2577,112,0,0,23.0089285714286,0,0,2599,113,0,0,0,0
"3475",2023-03-13,1,30,2577,112,0,0,23.0089285714286,0,0,2599,113,0,0,0,0
"3476",2023-03-13,1,35,2577,112,0,0,23.0089285714286,0,0,2599,113,0,0,0,0
"3477",2023-03-13,1,40,2577,112,0,0,23.0089285714286,0,0,2599,113,0,0,0,0
"3478",2023-03-13,1,45,2577,112,0,0,23.0089285714286,0,0,2599,113,0,0,0,0
"3479",2023-03-13,1,50,2577,112,0,0,23.0089285714286,0,0,2599,113,0,0,0,0
"3480",2023-03-13,1,55,2577,112,0,0,23.0089285714286,0,0,2599,113,0,0,0,0
"3481",2023-03-13,2,0,2577,112,0,0,23.1171171171171,0,0,2577,112,0,0,0,0
"3482",2023-03-13,2,5,2566,111,0,0,23.1171171171171,0,0,2577,112,0,0,0,0
"3483",2023-03-13,2,10,2566,111,0,0,23.1171171171171,0,0,2577,112,0,0,0,0
"3484",2023-03-13,2,15,2566,111,0,0,23.1171171171171,0,0,2577,112,0,0,0,0
"3485",2023-03-13,2,20,2566,111,0,0,23.1171171171171,0,0,2577,112,0,0,0,0
"3486",2023-03-13,2,25,2566,111,0,0,23.1171171171171,0,0,2577,112,0,0,0,0
"3487",2023-03-13,2,30,2566,111,0,0,23.1171171171171,0,0,2577,112,0,0,0,0
"3488",2023-03-13,2,35,2566,111,0,0,23.1171171171171,0,0,2577,112,0,0,0,0
"3489",2023-03-13,2,40,2566,111,0,0,23.1171171171171,0,0,2577,112,0,0,0,0
"3490",2023-03-13,2,45,2566,111,0,0,23.1171171171171,0,0,2577,112,0,0,0,0
"3491",2023-03-13,2,50,2566,111,0,0,23.1171171171171,0,0,2577,112,0,0,0,0
"3492",2023-03-13,2,55,2566,111,0,0,23.1171171171171,0,0,2577,112,0,0,0,0
"3493",2023-03-13,3,0,2866,112,0,0,25.5892857142857,0,0,2866,112,0,0,0,0
"3494",2023-03-13,3,5,2866,112,0,0,25.5892857142857,0,0,2866,112,0,0,0,0
"3495",2023-03-13,3,10,2866,112,0,0,25.5892857142857,0,0,2866,112,0,0,0,0
"3496",2023-03-13,3,15,2866,112,0,0,25.5892857142857,0,0,2866,112,0,0,0,0
"3497",2023-03-13,3,20,2866,112,0,0,25.5892857142857,0,0,2866,112,0,0,0,0
"3498",2023-03-13,3,25,2866,112,0,0,25.5892857142857,0,0,2866,112,0,0,0,0
"3499",2023-03-13,3,30,2866,112,0,0,25.5892857142857,0,0,2866,112,0,0,0,0
"3500",2023-03-13,3,35,2546,110,0,0,25.5892857142857,0,0,2866,112,0,0,0,0
"3501",2023-03-13,3,40,2546,110,0,0,25.5892857142857,0,0,2866,112,0,0,0,0
"3502",2023-03-13,3,45,2535,109,0,0,25.5892857142857,0,0,2866,112,0,0,0,0
"3503",2023-03-13,3,50,2535,109,0,0,25.5892857142857,0,0,2866,112,0,0,0,0
"3504",2023-03-13,3,55,2535,109,0,0,25.5892857142857,0,0,2866,112,0,0,0,0
"3505",2023-03-13,4,0,2535,109,0,0,23.256880733945,0,0,2555,110,0,0,0,0
"3506",2023-03-13,4,5,2535,109,0,0,23.256880733945,0,0,2555,110,0,0,0,0
"3507",2023-03-13,4,10,2535,109,0,0,23.256880733945,0,0,2555,110,0,0,0,0
"3508",2023-03-13,4,15,2535,109,0,0,23.256880733945,0,0,2555,110,0,0,0,0
"3509",2023-03-13,4,20,2535,109,0,0,23.256880733945,0,0,2555,110,0,0,0,0
"3510",2023-03-13,4,25,2535,109,0,0,23.256880733945,0,0,2555,110,0,0,0,0
"3511",2023-03-13,4,30,2535,109,0,0,23.256880733945,0,0,2555,110,0,0,0,0
"3512",2023-03-13,4,35,2555,110,0,0,23.256880733945,0,0,2555,110,0,0,0,0
"3513",2023-03-13,4,40,2555,110,0,0,23.256880733945,0,0,2555,110,0,0,0,0
"3514",2023-03-13,4,45,2555,110,0,0,23.256880733945,0,0,2555,110,0,0,0,0
"3515",2023-03-13,4,50,2555,110,0,0,23.256880733945,0,0,2555,110,0,0,0,0
"3516",2023-03-13,4,55,2555,110,0,0,23.256880733945,0,0,2555,110,0,0,0,0
"3517",2023-03-13,5,0,2555,110,0,0,23.2385321100917,0,0,2555,110,0,0,0,0
"3518",2023-03-13,5,5,2555,110,0,0,23.2385321100917,0,0,2555,110,0,0,0,0
"3519",2023-03-13,5,10,2555,110,0,0,23.2385321100917,0,0,2555,110,0,0,0,0
"3520",2023-03-13,5,15,2555,110,0,0,23.2385321100917,0,0,2555,110,0,0,0,0
"3521",2023-03-13,5,20,2533,109,0,0,23.2385321100917,0,0,2555,110,0,0,0,0
"3522",2023-03-13,5,25,2533,109,0,0,23.2385321100917,0,0,2555,110,0,0,0,0
"3523",2023-03-13,5,30,2533,109,0,0,23.2385321100917,0,0,2555,110,0,0,0,0
"3524",2023-03-13,5,35,2533,109,0,0,23.2385321100917,0,0,2555,110,0,0,0,0
"3525",2023-03-13,5,40,2533,109,0,0,23.2385321100917,0,0,2555,110,0,0,0,0
"3526",2023-03-13,5,45,2533,109,0,0,23.2385321100917,0,0,2555,110,0,0,0,0
"3527",2023-03-13,5,50,2533,109,0,0,23.2385321100917,0,0,2555,110,0,0,0,0
"3528",2023-03-13,5,55,2533,109,0,0,23.2385321100917,0,0,2555,110,0,0,0,0
"3529",2023-03-13,6,0,2533,109,0,0,23.2857142857143,0,0,2544,110,0,0,0,0
"3530",2023-03-13,6,5,2533,109,0,0,23.2857142857143,0,0,2544,110,0,0,0,0
"3531",2023-03-13,6,10,2544,110,0,0,23.2857142857143,0,0,2544,110,0,0,0,0
"3532",2023-03-13,6,15,2544,110,0,0,23.2857142857143,0,0,2544,110,0,0,0,0
"3533",2023-03-13,6,20,2445,105,0,0,23.2857142857143,0,0,2544,110,0,0,0,0
"3534",2023-03-13,6,25,2511,108,0,0,23.2857142857143,0,0,2544,110,0,0,0,0
"3535",2023-03-13,6,30,2511,108,0,0,23.2857142857143,0,0,2544,110,0,0,0,0
"3536",2023-03-13,6,35,2511,108,0,0,23.2857142857143,0,0,2544,110,0,0,0,0
"3537",2023-03-13,6,40,2511,108,0,0,23.2857142857143,0,0,2544,110,0,0,0,0
"3538",2023-03-13,6,45,2511,108,0,0,23.2857142857143,0,0,2544,110,0,0,0,0
"3539",2023-03-13,6,50,2511,108,0,0,23.2857142857143,0,0,2544,110,0,0,0,0
"3540",2023-03-13,6,55,2511,108,0,0,23.2857142857143,0,0,2544,110,0,0,0,0
"3541",2023-03-13,7,35,2632,115,0,0,23.25,0,0,2852,128,0,0,0,0
"3542",2023-03-13,7,40,2720,119,0,0,23.25,0,0,2852,128,0,0,0,0
"3543",2023-03-13,7,45,2731,121,0,0,23.25,0,0,2852,128,0,0,0,0
"3544",2023-03-13,7,50,2786,125,0,0,23.25,0,0,2852,128,0,0,0,0
"3545",2023-03-13,7,55,2852,128,0,0,23.25,0,0,2852,128,0,0,0,0
"3546",2023-03-13,7,0,2511,108,0,0,23.25,0,0,2852,128,0,0,0,0
"3547",2023-03-13,7,5,2511,108,0,0,23.25,0,0,2852,128,0,0,0,0
"3548",2023-03-13,7,10,2511,108,0,0,23.25,0,0,2852,128,0,0,0,0
"3549",2023-03-13,7,15,2511,109,0,0,23.25,0,0,2852,128,0,0,0,0
"3550",2023-03-13,7,20,2511,109,0,0,23.25,0,0,2852,128,0,0,0,0
"3551",2023-03-13,7,25,2544,111,0,0,23.25,0,0,2852,128,0,0,0,0
"3552",2023-03-13,7,30,2566,112,0,0,23.25,0,0,2852,128,0,0,0,0
"3553",2023-03-13,8,0,2907,131,0,0,22.3021582733813,0,0,3340,152,0,0,0,0
"3554",2023-03-13,8,5,2995,135,0,0,22.3021582733813,0,0,3340,152,0,0,0,0
"3555",2023-03-13,8,10,3028,137,0,0,22.3021582733813,0,0,3340,152,0,0,0,0
"3556",2023-03-13,8,15,3100,139,0,0,22.3021582733813,0,0,3340,152,0,0,0,0
"3557",2023-03-13,8,20,3100,139,0,0,22.3021582733813,0,0,3340,152,0,0,0,0
"3558",2023-03-13,8,25,3144,141,0,0,22.3021582733813,0,0,3340,152,0,0,0,0
"3559",2023-03-13,8,40,3232,147,0,0,22.3021582733813,0,0,3340,152,0,0,0,0
"3560",2023-03-13,8,45,3230,147,0,0,22.3021582733813,0,0,3340,152,0,0,0,0
"3561",2023-03-13,8,50,3252,148,0,0,22.3021582733813,0,0,3340,152,0,0,0,0
"3562",2023-03-13,8,55,3340,152,0,0,22.3021582733813,0,0,3340,152,0,0,0,0
"3563",2023-03-13,8,30,3188,144,0,0,22.3021582733813,0,0,3340,152,0,0,0,0
"3564",2023-03-13,8,35,3210,146,0,0,22.3021582733813,0,0,3340,152,0,0,0,0
"3565",2023-03-13,9,0,3340,152,0,0,21.9736842105263,0,0,3875,179,0,0,0,0
"3566",2023-03-13,9,5,3406,156,0,0,21.9736842105263,0,0,3875,179,0,0,0,0
"3567",2023-03-13,9,10,3450,158,0,0,21.9736842105263,0,0,3875,179,0,0,0,0
"3568",2023-03-13,9,15,3463,159,0,0,21.9736842105263,0,0,3875,179,0,0,0,0
"3569",2023-03-13,9,20,3545,162,0,0,21.9736842105263,0,0,3875,179,0,0,0,0
"3570",2023-03-13,9,25,3578,165,0,0,21.9736842105263,0,0,3875,179,0,0,0,0
"3571",2023-03-13,9,30,3677,170,0,0,21.9736842105263,0,0,3875,179,0,0,0,0
"3572",2023-03-13,9,35,3754,173,0,0,21.9736842105263,0,0,3875,179,0,0,0,0
"3573",2023-03-13,9,40,3754,173,0,0,21.9736842105263,0,0,3875,179,0,0,0,0
"3574",2023-03-13,9,45,3831,177,0,0,21.9736842105263,0,0,3875,179,0,0,0,0
"3575",2023-03-13,9,50,3771,176,0,0,21.9736842105263,0,0,3875,179,0,0,0,0
"3576",2023-03-13,9,55,3875,179,0,0,21.9736842105263,0,0,3875,179,0,0,0,0
"3577",2023-03-13,10,0,3925,180,0,0,21.8688524590164,0,0,4006,184,0,0,0,0
"3578",2023-03-13,10,5,3980,183,0,0,21.8688524590164,0,0,4006,184,0,0,0,0
"3579",2023-03-13,10,10,3898,181,0,0,21.8688524590164,0,0,4006,184,0,0,0,0
"3580",2023-03-13,10,15,3898,181,0,0,21.8688524590164,0,0,4006,184,0,0,0,0
"3581",2023-03-13,10,20,3991,184,0,0,21.8688524590164,0,0,4006,184,0,0,0,0
"3582",2023-03-13,10,25,3947,181,0,0,21.8688524590164,0,0,4006,184,0,0,0,0
"3583",2023-03-13,10,30,4002,183,0,0,21.8688524590164,0,0,4006,184,0,0,0,0
"3584",2023-03-13,10,35,3984,183,0,0,21.8688524590164,0,0,4006,184,0,0,0,0
"3585",2023-03-13,10,40,4006,184,0,0,21.8688524590164,0,0,4006,184,0,0,0,0
"3586",2023-03-13,10,45,3975,182,0,0,21.8688524590164,0,0,4006,184,0,0,0,0
"3587",2023-03-13,10,50,3925,181,0,0,21.8688524590164,0,0,4006,184,0,0,0,0
"3588",2023-03-13,10,55,3975,183,0,0,21.8688524590164,0,0,4006,184,0,0,0,0
"3589",2023-03-13,11,0,3926,182,0,0,22.9526315789474,0,0,4361,190,0,0,0,0
"3590",2023-03-13,11,5,3959,184,0,0,22.9526315789474,0,0,4361,190,0,0,0,0
"3591",2023-03-13,11,10,3959,184,0,0,22.9526315789474,0,0,4361,190,0,0,0,0
"3592",2023-03-13,11,15,3959,184,0,0,22.9526315789474,0,0,4361,190,0,0,0,0
"3593",2023-03-13,11,20,4012,187,0,0,22.9526315789474,0,0,4361,190,0,0,0,0
"3594",2023-03-13,11,25,4012,187,0,0,22.9526315789474,0,0,4361,190,0,0,0,0
"3595",2023-03-13,11,30,4350,190,0,0,22.9526315789474,0,0,4361,190,0,0,0,0
"3596",2023-03-13,11,35,4339,190,0,0,22.9526315789474,0,0,4361,190,0,0,0,0
"3597",2023-03-13,11,40,4361,190,0,0,22.9526315789474,0,0,4361,190,0,0,0,0
"3598",2023-03-13,11,45,4361,190,0,0,22.9526315789474,0,0,4361,190,0,0,0,0
"3599",2023-03-13,11,50,4061,189,0,0,22.9526315789474,0,0,4361,190,0,0,0,0
"3600",2023-03-13,11,55,4006,185,0,0,22.9526315789474,0,0,4361,190,0,0,0,0
"3601",2023-03-13,12,0,4006,185,0,0,21.6540540540541,0,0,4028,187,0,0,0,0
"3602",2023-03-13,12,5,3995,185,0,0,21.6540540540541,0,0,4028,187,0,0,0,0
"3603",2023-03-13,12,10,4028,187,0,0,21.6540540540541,0,0,4028,187,0,0,0,0
"3604",2023-03-13,12,15,3968,186,0,0,21.6540540540541,0,0,4028,187,0,0,0,0
"3605",2023-03-13,12,20,3946,185,0,0,21.6540540540541,0,0,4028,187,0,0,0,0
"3606",2023-03-13,12,25,3902,183,0,0,21.6540540540541,0,0,4028,187,0,0,0,0
"3607",2023-03-13,12,30,3836,179,0,0,21.6540540540541,0,0,4028,187,0,0,0,0
"3608",2023-03-13,12,35,3803,177,0,0,21.6540540540541,0,0,4028,187,0,0,0,0
"3609",2023-03-13,12,40,3880,180,0,0,21.6540540540541,0,0,4028,187,0,0,0,0
"3610",2023-03-13,12,45,3869,179,0,0,21.6540540540541,0,0,4028,187,0,0,0,0
"3611",2023-03-13,12,50,3836,178,0,0,21.6540540540541,0,0,4028,187,0,0,0,0
"3612",2023-03-13,12,55,3420,160,0,0,21.6540540540541,0,0,4028,187,0,0,0,0
"3613",2023-03-13,13,20,3454,159,0,0,21.7232704402516,0,0,3798,176,0,0,0,0
"3614",2023-03-13,13,25,3509,162,0,0,21.7232704402516,0,0,3798,176,0,0,0,0
"3615",2023-03-13,13,30,3487,161,0,0,21.7232704402516,0,0,3798,176,0,0,0,0
"3616",2023-03-13,13,35,3699,171,0,0,21.7232704402516,0,0,3798,176,0,0,0,0
"3617",2023-03-13,13,40,3798,176,0,0,21.7232704402516,0,0,3798,176,0,0,0,0
"3618",2023-03-13,13,45,3732,173,0,0,21.7232704402516,0,0,3798,176,0,0,0,0
"3619",2023-03-13,13,50,3732,173,0,0,21.7232704402516,0,0,3798,176,0,0,0,0
"3620",2023-03-13,13,55,3765,175,0,0,21.7232704402516,0,0,3798,176,0,0,0,0
"3621",2023-03-13,13,0,3365,157,0,0,21.7232704402516,0,0,3798,176,0,0,0,0
"3622",2023-03-13,13,5,3365,157,0,0,21.7232704402516,0,0,3798,176,0,0,0,0
"3623",2023-03-13,13,10,3365,157,0,0,21.7232704402516,0,0,3798,176,0,0,0,0
"3624",2023-03-13,13,15,3432,158,0,0,21.7232704402516,0,0,3798,176,0,0,0,0
"3625",2023-03-13,14,0,3743,174,0,0,24.7441860465116,0,0,4256,180,0,0,0,0
"3626",2023-03-13,14,5,3721,174,0,0,24.7441860465116,0,0,4256,180,0,0,0,0
"3627",2023-03-13,14,10,3754,175,0,0,24.7441860465116,0,0,4256,180,0,0,0,0
"3628",2023-03-13,14,15,3634,172,0,0,24.7441860465116,0,0,4256,180,0,0,0,0
"3629",2023-03-13,14,20,4000,176,0,0,24.7441860465116,0,0,4256,180,0,0,0,0
"3630",2023-03-13,14,25,3956,172,0,0,24.7441860465116,0,0,4256,180,0,0,0,0
"3631",2023-03-13,14,30,4256,172,0,0,24.7441860465116,0,0,4256,180,0,0,0,0
"3632",2023-03-13,14,35,4109,176,0,0,24.7441860465116,0,0,4256,180,0,0,0,0
"3633",2023-03-13,14,40,3925,180,0,0,24.7441860465116,0,0,4256,180,0,0,0,0
"3634",2023-03-13,14,45,3892,178,0,0,24.7441860465116,0,0,4256,180,0,0,0,0
"3635",2023-03-13,14,50,3892,178,0,0,24.7441860465116,0,0,4256,180,0,0,0,0
"3636",2023-03-13,14,55,3897,180,0,0,24.7441860465116,0,0,4256,180,0,0,0,0
"3637",2023-03-13,15,0,4285,185,0,0,23.1621621621622,0,0,4285,185,0,0,0,0
"3638",2023-03-13,15,5,4230,183,0,0,23.1621621621622,0,0,4285,185,0,0,0,0
"3639",2023-03-13,15,10,4241,184,0,0,23.1621621621622,0,0,4285,185,0,0,0,0
"3640",2023-03-13,15,15,4114,179,0,0,23.1621621621622,0,0,4285,185,0,0,0,0
"3641",2023-03-13,15,20,4175,181,0,0,23.1621621621622,0,0,4285,185,0,0,0,0
"3642",2023-03-13,15,25,4251,184,0,0,23.1621621621622,0,0,4285,185,0,0,0,0
"3643",2023-03-13,15,30,4201,183,0,0,23.1621621621622,0,0,4285,185,0,0,0,0
"3644",2023-03-13,15,35,4234,184,0,0,23.1621621621622,0,0,4285,185,0,0,0,0
"3645",2023-03-13,15,40,3930.4,183,0,0,23.1621621621622,0,0,4285,185,0,0,0,0
"3646",2023-03-13,15,45,4012.4,185,0,0,23.1621621621622,0,0,4285,185,0,0,0,0
"3647",2023-03-13,15,50,3968.4,183,0,0,23.1621621621622,0,0,4285,185,0,0,0,0
"3648",2023-03-13,15,55,4001.4,185,0,0,23.1621621621622,0,0,4285,185,0,0,0,0
"3649",2023-03-13,16,25,4138.4,178,0,0,24.7038674033149,0,0,4471.4,183,0,0,0,0
"3650",2023-03-13,16,30,4471.4,181,0,0,24.7038674033149,0,0,4471.4,183,0,0,0,0
"3651",2023-03-13,16,35,4111.4,180,0,0,24.7038674033149,0,0,4471.4,183,0,0,0,0
"3652",2023-03-13,16,40,4155.4,182,0,0,24.7038674033149,0,0,4471.4,183,0,0,0,0
"3653",2023-03-13,16,45,4160.4,180,0,0,24.7038674033149,0,0,4471.4,183,0,0,0,0
"3654",2023-03-13,16,50,4138.4,179,0,0,24.7038674033149,0,0,4471.4,183,0,0,0,0
"3655",2023-03-13,16,55,4094.4,176,0,0,24.7038674033149,0,0,4471.4,183,0,0,0,0
"3656",2023-03-13,16,0,3968.4,183,0,0,24.7038674033149,0,0,4471.4,183,0,0,0,0
"3657",2023-03-13,16,5,4295.4,182,0,0,24.7038674033149,0,0,4471.4,183,0,0,0,0
"3658",2023-03-13,16,10,4219.4,180,0,0,24.7038674033149,0,0,4471.4,183,0,0,0,0
"3659",2023-03-13,16,15,4199.4,179,0,0,24.7038674033149,0,0,4471.4,183,0,0,0,0
"3660",2023-03-13,16,20,4193.4,180,0,0,24.7038674033149,0,0,4471.4,183,0,0,0,0
"3661",2023-03-13,17,0,3987.4,173,0,0,23.5905882352941,0,0,4010.4,173,0,0,0,0
"3662",2023-03-13,17,5,3715.4,172,0,0,23.5905882352941,0,0,4010.4,173,0,0,0,0
"3663",2023-03-13,17,10,3938.4,169,0,0,23.5905882352941,0,0,4010.4,173,0,0,0,0
"3664",2023-03-13,17,15,3983.4,170,0,0,23.5905882352941,0,0,4010.4,173,0,0,0,0
"3665",2023-03-13,17,20,3972.4,170,0,0,23.5905882352941,0,0,4010.4,173,0,0,0,0
"3666",2023-03-13,17,25,4010.4,170,0,0,23.5905882352941,0,0,4010.4,173,0,0,0,0
"3667",2023-03-13,17,30,3941.4,169,0,0,23.5905882352941,0,0,4010.4,173,0,0,0,0
"3668",2023-03-13,17,35,3950.4,171,0,0,23.5905882352941,0,0,4010.4,173,0,0,0,0
"3669",2023-03-13,17,40,3607.4,169,0,0,23.5905882352941,0,0,4010.4,173,0,0,0,0
"3670",2023-03-13,17,45,3690.4,172,0,0,23.5905882352941,0,0,4010.4,173,0,0,0,0
"3671",2023-03-13,17,50,3690.4,172,0,0,23.5905882352941,0,0,4010.4,173,0,0,0,0
"3672",2023-03-13,17,55,3701.4,173,0,0,23.5905882352941,0,0,4010.4,173,0,0,0,0
"3673",2023-03-13,18,0,3696.4,171,0,0,23.565,0,0,3919.4,171,0,0,0,0
"3674",2023-03-13,18,5,3696.4,171,0,0,23.565,0,0,3919.4,171,0,0,0,0
"3675",2023-03-13,18,10,3696.4,171,0,0,23.565,0,0,3919.4,171,0,0,0,0
"3676",2023-03-13,18,15,3614.4,169,0,0,23.565,0,0,3919.4,171,0,0,0,0
"3677",2023-03-13,18,20,3559.4,166,0,0,23.565,0,0,3919.4,171,0,0,0,0
"3678",2023-03-13,18,25,3559.4,166,0,0,23.565,0,0,3919.4,171,0,0,0,0
"3679",2023-03-13,18,30,3919.4,167,0,0,23.565,0,0,3919.4,171,0,0,0,0
"3680",2023-03-13,18,35,3897.4,166,0,0,23.565,0,0,3919.4,171,0,0,0,0
"3681",2023-03-13,18,40,3759.4,161,0,0,23.565,0,0,3919.4,171,0,0,0,0
"3682",2023-03-13,18,45,3781.4,161,0,0,23.565,0,0,3919.4,171,0,0,0,0
"3683",2023-03-13,18,50,3803.4,162,0,0,23.565,0,0,3919.4,171,0,0,0,0
"3684",2023-03-13,18,55,3770.4,160,0,0,23.565,0,0,3919.4,171,0,0,0,0
"3685",2023-03-13,19,0,3759.4,159,0,0,24.6066666666667,0,0,3759.4,159,0,0,0,0
"3686",2023-03-13,19,5,3730,155,0,0,24.6066666666667,0,0,3759.4,159,0,0,0,0
"3687",2023-03-13,19,10,3686,152,0,0,24.6066666666667,0,0,3759.4,159,0,0,0,0
"3688",2023-03-13,19,15,3691,150,0,0,24.6066666666667,0,0,3759.4,159,0,0,0,0
"3689",2023-03-13,19,20,3386,151,0,0,24.6066666666667,0,0,3759.4,159,0,0,0,0
"3690",2023-03-13,19,25,3386,151,0,0,24.6066666666667,0,0,3759.4,159,0,0,0,0
"3691",2023-03-13,19,30,3364,150,0,0,24.6066666666667,0,0,3759.4,159,0,0,0,0
"3692",2023-03-13,19,35,3353,149,0,0,24.6066666666667,0,0,3759.4,159,0,0,0,0
"3693",2023-03-13,19,40,3288,146,0,0,24.6066666666667,0,0,3759.4,159,0,0,0,0
"3694",2023-03-13,19,45,3233,143,0,0,24.6066666666667,0,0,3759.4,159,0,0,0,0
"3695",2023-03-13,19,50,3538,145,0,0,24.6066666666667,0,0,3759.4,159,0,0,0,0
"3696",2023-03-13,19,55,3260,145,0,0,24.6066666666667,0,0,3759.4,159,0,0,0,0
"3697",2023-03-13,20,0,3238,144,0,0,22.8095238095238,0,0,3397,149,0,0,0,0
"3698",2023-03-13,20,5,3238,144,0,0,22.8095238095238,0,0,3397,149,0,0,0,0
"3699",2023-03-13,20,10,3282,146,0,0,22.8095238095238,0,0,3397,149,0,0,0,0
"3700",2023-03-13,20,15,3282,146,0,0,22.8095238095238,0,0,3397,149,0,0,0,0
"3701",2023-03-13,20,20,3304,147,0,0,22.8095238095238,0,0,3397,149,0,0,0,0
"3702",2023-03-13,20,25,3326,148,0,0,22.8095238095238,0,0,3397,149,0,0,0,0
"3703",2023-03-13,20,30,3397,149,0,0,22.8095238095238,0,0,3397,149,0,0,0,0
"3704",2023-03-13,20,35,3353,147,0,0,22.8095238095238,0,0,3397,149,0,0,0,0
"3705",2023-03-13,20,40,3353,147,0,0,22.8095238095238,0,0,3397,149,0,0,0,0
"3706",2023-03-13,20,45,3375,148,0,0,22.8095238095238,0,0,3397,149,0,0,0,0
"3707",2023-03-13,20,50,3353,147,0,0,22.8095238095238,0,0,3397,149,0,0,0,0
"3708",2023-03-13,20,55,3353,147,0,0,22.8095238095238,0,0,3397,149,0,0,0,0
"3709",2023-03-13,21,0,3331,146,0,0,24.4285714285714,0,0,3420,146,0,0,0,0
"3710",2023-03-13,21,5,3216,143,0,0,24.4285714285714,0,0,3420,146,0,0,0,0
"3711",2023-03-13,21,10,3196,142,0,0,24.4285714285714,0,0,3420,146,0,0,0,0
"3712",2023-03-13,21,15,3196,142,0,0,24.4285714285714,0,0,3420,146,0,0,0,0
"3713",2023-03-13,21,20,3420,140,0,0,24.4285714285714,0,0,3420,146,0,0,0,0
"3714",2023-03-13,21,25,3120,139,0,0,24.4285714285714,0,0,3420,146,0,0,0,0
"3715",2023-03-13,21,30,3120,139,0,0,24.4285714285714,0,0,3420,146,0,0,0,0
"3716",2023-03-13,21,35,3170,140,0,0,24.4285714285714,0,0,3420,146,0,0,0,0
"3717",2023-03-13,21,40,3148,139,0,0,24.4285714285714,0,0,3420,146,0,0,0,0
"3718",2023-03-13,21,45,3126,138,0,0,24.4285714285714,0,0,3420,146,0,0,0,0
"3719",2023-03-13,21,50,3126,138,0,0,24.4285714285714,0,0,3420,146,0,0,0,0
"3720",2023-03-13,21,55,3148,139,0,0,24.4285714285714,0,0,3420,146,0,0,0,0
"3721",2023-03-13,22,0,3054,136,0,0,22.5407407407407,0,0,3076,137,0,0,0,0
"3722",2023-03-13,22,5,3054,136,0,0,22.5407407407407,0,0,3076,137,0,0,0,0
"3723",2023-03-13,22,10,3032,135,0,0,22.5407407407407,0,0,3076,137,0,0,0,0
"3724",2023-03-13,22,15,3010,134,0,0,22.5407407407407,0,0,3076,137,0,0,0,0
"3725",2023-03-13,22,20,3054,136,0,0,22.5407407407407,0,0,3076,137,0,0,0,0
"3726",2023-03-13,22,25,3076,137,0,0,22.5407407407407,0,0,3076,137,0,0,0,0
"3727",2023-03-13,22,30,3076,137,0,0,22.5407407407407,0,0,3076,137,0,0,0,0
"3728",2023-03-13,22,35,3076,137,0,0,22.5407407407407,0,0,3076,137,0,0,0,0
"3729",2023-03-13,22,40,3076,137,0,0,22.5407407407407,0,0,3076,137,0,0,0,0
"3730",2023-03-13,22,45,3076,137,0,0,22.5407407407407,0,0,3076,137,0,0,0,0
"3731",2023-03-13,22,50,3043,135,0,0,22.5407407407407,0,0,3076,137,0,0,0,0
"3732",2023-03-13,22,55,3043,135,0,0,22.5407407407407,0,0,3076,137,0,0,0,0
"3733",2023-03-13,23,0,3021,134,0,0,22.5615384615385,0,0,3043,135,0,0,0,0
"3734",2023-03-13,23,5,3021,134,0,0,22.5615384615385,0,0,3043,135,0,0,0,0
"3735",2023-03-13,23,10,3043,135,0,0,22.5615384615385,0,0,3043,135,0,0,0,0
"3736",2023-03-13,23,15,3043,135,0,0,22.5615384615385,0,0,3043,135,0,0,0,0
"3737",2023-03-13,23,20,3021,134,0,0,22.5615384615385,0,0,3043,135,0,0,0,0
"3738",2023-03-13,23,25,2999,133,0,0,22.5615384615385,0,0,3043,135,0,0,0,0
"3739",2023-03-13,23,30,2977,132,0,0,22.5615384615385,0,0,3043,135,0,0,0,0
"3740",2023-03-13,23,35,2977,132,0,0,22.5615384615385,0,0,3043,135,0,0,0,0
"3741",2023-03-13,23,40,2977,132,0,0,22.5615384615385,0,0,3043,135,0,0,0,0
"3742",2023-03-13,23,45,2977,132,0,0,22.5615384615385,0,0,3043,135,0,0,0,0
"3743",2023-03-13,23,50,2955,131,0,0,22.5615384615385,0,0,3043,135,0,0,0,0
"3744",2023-03-13,23,55,2933,130,0,0,22.5615384615385,0,0,3043,135,0,0,0,0
"3745",2023-03-14,0,0,3456,142,0,0,24.354609929078,0,0,3456,142,0,0,0,0
"3746",2023-03-14,0,5,3434,141,0,0,24.354609929078,0,0,3456,142,0,0,0,0
"3747",2023-03-14,0,10,3434,141,0,0,24.354609929078,0,0,3456,142,0,0,0,0
"3748",2023-03-14,0,15,3134,140,0,0,24.354609929078,0,0,3456,142,0,0,0,0
"3749",2023-03-14,0,20,3091,139,0,0,24.354609929078,0,0,3456,142,0,0,0,0
"3750",2023-03-14,0,25,3091,139,0,0,24.354609929078,0,0,3456,142,0,0,0,0
"3751",2023-03-14,0,30,3091,139,0,0,24.354609929078,0,0,3456,142,0,0,0,0
"3752",2023-03-14,0,35,3091,139,0,0,24.354609929078,0,0,3456,142,0,0,0,0
"3753",2023-03-14,0,40,3091,138,0,0,24.354609929078,0,0,3456,142,0,0,0,0
"3754",2023-03-14,0,45,3091,138,0,0,24.354609929078,0,0,3456,142,0,0,0,0
"3755",2023-03-14,0,50,3080,137,0,0,24.354609929078,0,0,3456,142,0,0,0,0
"3756",2023-03-14,0,55,3080,137,0,0,24.354609929078,0,0,3456,142,0,0,0,0
"3757",2023-03-14,1,0,2845,126,0,0,22.584,0,0,2845,126,0,0,0,0
"3758",2023-03-14,1,5,2845,126,0,0,22.584,0,0,2845,126,0,0,0,0
"3759",2023-03-14,1,10,2845,126,0,0,22.584,0,0,2845,126,0,0,0,0
"3760",2023-03-14,1,15,2845,126,0,0,22.584,0,0,2845,126,0,0,0,0
"3761",2023-03-14,1,20,2845,126,0,0,22.584,0,0,2845,126,0,0,0,0
"3762",2023-03-14,1,25,2845,126,0,0,22.584,0,0,2845,126,0,0,0,0
"3763",2023-03-14,1,30,2845,126,0,0,22.584,0,0,2845,126,0,0,0,0
"3764",2023-03-14,1,35,2823,125,0,0,22.584,0,0,2845,126,0,0,0,0
"3765",2023-03-14,1,40,2823,125,0,0,22.584,0,0,2845,126,0,0,0,0
"3766",2023-03-14,1,45,2823,125,0,0,22.584,0,0,2845,126,0,0,0,0
"3767",2023-03-14,1,50,2823,125,0,0,22.584,0,0,2845,126,0,0,0,0
"3768",2023-03-14,1,55,2823,125,0,0,22.584,0,0,2845,126,0,0,0,0
"3769",2023-03-14,2,0,2823,125,0,0,22.584,0,0,2823,125,0,0,0,0
"3770",2023-03-14,2,5,2823,125,0,0,22.584,0,0,2823,125,0,0,0,0
"3771",2023-03-14,2,10,2823,125,0,0,22.584,0,0,2823,125,0,0,0,0
"3772",2023-03-14,2,15,2823,125,0,0,22.584,0,0,2823,125,0,0,0,0
"3773",2023-03-14,2,20,2823,125,0,0,22.584,0,0,2823,125,0,0,0,0
"3774",2023-03-14,2,25,2823,125,0,0,22.584,0,0,2823,125,0,0,0,0
"3775",2023-03-14,2,30,2823,125,0,0,22.584,0,0,2823,125,0,0,0,0
"3776",2023-03-14,2,35,2823,125,0,0,22.584,0,0,2823,125,0,0,0,0
"3777",2023-03-14,2,40,2823,125,0,0,22.584,0,0,2823,125,0,0,0,0
"3778",2023-03-14,2,45,2823,125,0,0,22.584,0,0,2823,125,0,0,0,0
"3779",2023-03-14,2,50,2823,125,0,0,22.584,0,0,2823,125,0,0,0,0
"3780",2023-03-14,2,55,2823,125,0,0,22.584,0,0,2823,125,0,0,0,0
"3781",2023-03-14,3,0,2823,125,0,0,22.5887096774194,0,0,2823,125,0,0,0,0
"3782",2023-03-14,3,5,2823,125,0,0,22.5887096774194,0,0,2823,125,0,0,0,0
"3783",2023-03-14,3,10,2823,125,0,0,22.5887096774194,0,0,2823,125,0,0,0,0
"3784",2023-03-14,3,15,2801,124,0,0,22.5887096774194,0,0,2823,125,0,0,0,0
"3785",2023-03-14,3,20,2801,124,0,0,22.5887096774194,0,0,2823,125,0,0,0,0
"3786",2023-03-14,3,25,2801,124,0,0,22.5887096774194,0,0,2823,125,0,0,0,0
"3787",2023-03-14,3,30,2801,124,0,0,22.5887096774194,0,0,2823,125,0,0,0,0
"3788",2023-03-14,3,35,2801,124,0,0,22.5887096774194,0,0,2823,125,0,0,0,0
"3789",2023-03-14,3,40,2801,124,0,0,22.5887096774194,0,0,2823,125,0,0,0,0
"3790",2023-03-14,3,45,2801,124,0,0,22.5887096774194,0,0,2823,125,0,0,0,0
"3791",2023-03-14,3,50,2801,124,0,0,22.5887096774194,0,0,2823,125,0,0,0,0
"3792",2023-03-14,3,55,2801,124,0,0,22.5887096774194,0,0,2823,125,0,0,0,0
"3793",2023-03-14,4,0,2801,124,0,0,22.5887096774194,0,0,2801,124,0,0,0,0
"3794",2023-03-14,4,5,2801,124,0,0,22.5887096774194,0,0,2801,124,0,0,0,0
"3795",2023-03-14,4,10,2801,124,0,0,22.5887096774194,0,0,2801,124,0,0,0,0
"3796",2023-03-14,4,15,2801,124,0,0,22.5887096774194,0,0,2801,124,0,0,0,0
"3797",2023-03-14,4,20,2801,124,0,0,22.5887096774194,0,0,2801,124,0,0,0,0
"3798",2023-03-14,4,25,2801,124,0,0,22.5887096774194,0,0,2801,124,0,0,0,0
"3799",2023-03-14,4,30,2801,124,0,0,22.5887096774194,0,0,2801,124,0,0,0,0
"3800",2023-03-14,4,35,2801,124,0,0,22.5887096774194,0,0,2801,124,0,0,0,0
"3801",2023-03-14,4,40,2801,124,0,0,22.5887096774194,0,0,2801,124,0,0,0,0
"3802",2023-03-14,4,45,2801,124,0,0,22.5887096774194,0,0,2801,124,0,0,0,0
"3803",2023-03-14,4,50,2801,124,0,0,22.5887096774194,0,0,2801,124,0,0,0,0
"3804",2023-03-14,4,55,2801,124,0,0,22.5887096774194,0,0,2801,124,0,0,0,0
"3805",2023-03-14,5,0,2801,124,0,0,22.5887096774194,0,0,2801,124,0,0,0,0
"3806",2023-03-14,5,5,2801,124,0,0,22.5887096774194,0,0,2801,124,0,0,0,0
"3807",2023-03-14,5,10,2801,124,0,0,22.5887096774194,0,0,2801,124,0,0,0,0
"3808",2023-03-14,5,15,2801,124,0,0,22.5887096774194,0,0,2801,124,0,0,0,0
"3809",2023-03-14,5,20,2801,124,0,0,22.5887096774194,0,0,2801,124,0,0,0,0
"3810",2023-03-14,5,25,2801,124,0,0,22.5887096774194,0,0,2801,124,0,0,0,0
"3811",2023-03-14,5,30,2801,124,0,0,22.5887096774194,0,0,2801,124,0,0,0,0
"3812",2023-03-14,5,35,2801,124,0,0,22.5887096774194,0,0,2801,124,0,0,0,0
"3813",2023-03-14,5,40,2801,124,0,0,22.5887096774194,0,0,2801,124,0,0,0,0
"3814",2023-03-14,5,45,2801,124,0,0,22.5887096774194,0,0,2801,124,0,0,0,0
"3815",2023-03-14,5,50,2801,124,0,0,22.5887096774194,0,0,2801,124,0,0,0,0
"3816",2023-03-14,5,55,2801,124,0,0,22.5887096774194,0,0,2801,124,0,0,0,0
"3817",2023-03-14,6,0,2801,124,0,0,24.7642276422764,0,0,3046,124,0,0,0,0
"3818",2023-03-14,6,5,2801,124,0,0,24.7642276422764,0,0,3046,124,0,0,0,0
"3819",2023-03-14,6,10,2801,124,0,0,24.7642276422764,0,0,3046,124,0,0,0,0
"3820",2023-03-14,6,15,2801,124,0,0,24.7642276422764,0,0,3046,124,0,0,0,0
"3821",2023-03-14,6,20,2790,124,0,0,24.7642276422764,0,0,3046,124,0,0,0,0
"3822",2023-03-14,6,25,2768,123,0,0,24.7642276422764,0,0,3046,124,0,0,0,0
"3823",2023-03-14,6,30,2768,123,0,0,24.7642276422764,0,0,3046,124,0,0,0,0
"3824",2023-03-14,6,35,2768,123,0,0,24.7642276422764,0,0,3046,124,0,0,0,0
"3825",2023-03-14,6,40,2746,122,0,0,24.7642276422764,0,0,3046,124,0,0,0,0
"3826",2023-03-14,6,45,2746,122,0,0,24.7642276422764,0,0,3046,124,0,0,0,0
"3827",2023-03-14,6,50,2746,122,0,0,24.7642276422764,0,0,3046,124,0,0,0,0
"3828",2023-03-14,6,55,3046,123,0,0,24.7642276422764,0,0,3046,124,0,0,0,0
"3829",2023-03-14,7,20,2812,127,0,0,24.7642276422764,0,0,3112,135,0,0,0,0
"3830",2023-03-14,7,25,2812,128,0,0,24.7642276422764,0,0,3112,135,0,0,0,0
"3831",2023-03-14,7,0,3046,123,0,0,24.7642276422764,0,0,3112,135,0,0,0,0
"3832",2023-03-14,7,5,3046,123,0,0,24.7642276422764,0,0,3112,135,0,0,0,0
"3833",2023-03-14,7,10,3101,126,0,0,24.7642276422764,0,0,3112,135,0,0,0,0
"3834",2023-03-14,7,15,3112,128,0,0,24.7642276422764,0,0,3112,135,0,0,0,0
"3835",2023-03-14,7,30,2801,127,0,0,24.7642276422764,0,0,3112,135,0,0,0,0
"3836",2023-03-14,7,35,2845,129,0,0,24.7642276422764,0,0,3112,135,0,0,0,0
"3837",2023-03-14,7,40,2878,131,0,0,24.7642276422764,0,0,3112,135,0,0,0,0
"3838",2023-03-14,7,45,2955,135,0,0,24.7642276422764,0,0,3112,135,0,0,0,0
"3839",2023-03-14,7,50,2944,135,0,0,24.7642276422764,0,0,3112,135,0,0,0,0
"3840",2023-03-14,7,55,2944,135,0,0,24.7642276422764,0,0,3112,135,0,0,0,0
"3841",2023-03-14,8,55,3668,157,0,0,23.3717948717949,0,0,3668,157,0,0,0,0
"3842",2023-03-14,8,25,3120,145,0,0,23.3717948717949,0,0,3668,157,0,0,0,0
"3843",2023-03-14,8,30,3120,145,0,0,23.3717948717949,0,0,3668,157,0,0,0,0
"3844",2023-03-14,8,35,3197,149,0,0,23.3717948717949,0,0,3668,157,0,0,0,0
"3845",2023-03-14,8,40,3269,151,0,0,23.3717948717949,0,0,3668,157,0,0,0,0
"3846",2023-03-14,8,45,3313,153,0,0,23.3717948717949,0,0,3668,157,0,0,0,0
"3847",2023-03-14,8,50,3646,156,0,0,23.3717948717949,0,0,3668,157,0,0,0,0
"3848",2023-03-14,8,0,3021,140,0,0,23.3717948717949,0,0,3668,157,0,0,0,0
"3849",2023-03-14,8,5,3076,142,0,0,23.3717948717949,0,0,3668,157,0,0,0,0
"3850",2023-03-14,8,10,3054,141,0,0,23.3717948717949,0,0,3668,157,0,0,0,0
"3851",2023-03-14,8,15,3032,140,0,0,23.3717948717949,0,0,3668,157,0,0,0,0
"3852",2023-03-14,8,20,3054,141,0,0,23.3717948717949,0,0,3668,157,0,0,0,0
"3853",2023-03-14,9,30,3720,176,0,0,23.58125,0,0,4195,184,0,0,0,0
"3854",2023-03-14,9,35,3758,176,0,0,23.58125,0,0,4195,184,0,0,0,0
"3855",2023-03-14,9,40,3780,177,0,0,23.58125,0,0,4195,184,0,0,0,0
"3856",2023-03-14,9,45,4052,178,0,0,23.58125,0,0,4195,184,0,0,0,0
"3857",2023-03-14,9,50,4129,181,0,0,23.58125,0,0,4195,184,0,0,0,0
"3858",2023-03-14,9,55,4195,184,0,0,23.58125,0,0,4195,184,0,0,0,0
"3859",2023-03-14,9,0,3773,160,0,0,23.58125,0,0,4195,184,0,0,0,0
"3860",2023-03-14,9,5,3839,164,0,0,23.58125,0,0,4195,184,0,0,0,0
"3861",2023-03-14,9,10,3861,165,0,0,23.58125,0,0,4195,184,0,0,0,0
"3862",2023-03-14,9,15,3877,167,0,0,23.58125,0,0,4195,184,0,0,0,0
"3863",2023-03-14,9,20,3954,172,0,0,23.58125,0,0,4195,184,0,0,0,0
"3864",2023-03-14,9,25,3976,174,0,0,23.58125,0,0,4195,184,0,0,0,0
"3865",2023-03-14,10,0,4151,183,0,0,22.952380952381,0,0,4338,192,0,0,0,0
"3866",2023-03-14,10,5,4173,184,0,0,22.952380952381,0,0,4338,192,0,0,0,0
"3867",2023-03-14,10,10,4277,187,0,0,22.952380952381,0,0,4338,192,0,0,0,0
"3868",2023-03-14,10,15,4338,189,0,0,22.952380952381,0,0,4338,192,0,0,0,0
"3869",2023-03-14,10,20,4071,190,0,0,22.952380952381,0,0,4338,192,0,0,0,0
"3870",2023-03-14,10,25,4093,191,0,0,22.952380952381,0,0,4338,192,0,0,0,0
"3871",2023-03-14,10,30,4071,190,0,0,22.952380952381,0,0,4338,192,0,0,0,0
"3872",2023-03-14,10,35,4121,191,0,0,22.952380952381,0,0,4338,192,0,0,0,0
"3873",2023-03-14,10,40,4141,192,0,0,22.952380952381,0,0,4338,192,0,0,0,0
"3874",2023-03-14,10,45,4080,190,0,0,22.952380952381,0,0,4338,192,0,0,0,0
"3875",2023-03-14,10,50,4080,190,0,0,22.952380952381,0,0,4338,192,0,0,0,0
"3876",2023-03-14,10,55,4140,191,0,0,22.952380952381,0,0,4338,192,0,0,0,0
"3877",2023-03-14,11,0,4068,189,0,0,21.5978260869565,0,0,4079,193,0,0,0,0
"3878",2023-03-14,11,5,4079,190,0,0,21.5978260869565,0,0,4079,193,0,0,0,0
"3879",2023-03-14,11,10,3974,184,0,0,21.5978260869565,0,0,4079,193,0,0,0,0
"3880",2023-03-14,11,15,3909,186,0,0,21.5978260869565,0,0,4079,193,0,0,0,0
"3881",2023-03-14,11,20,4008,193,0,0,21.5978260869565,0,0,4079,193,0,0,0,0
"3882",2023-03-14,11,25,4008,193,0,0,21.5978260869565,0,0,4079,193,0,0,0,0
"3883",2023-03-14,11,30,3986,192,0,0,21.5978260869565,0,0,4079,193,0,0,0,0
"3884",2023-03-14,11,35,3986,192,0,0,21.5978260869565,0,0,4079,193,0,0,0,0
"3885",2023-03-14,11,40,3999,193,0,0,21.5978260869565,0,0,4079,193,0,0,0,0
"3886",2023-03-14,11,45,3988,192,0,0,21.5978260869565,0,0,4079,193,0,0,0,0
"3887",2023-03-14,11,50,3944,190,0,0,21.5978260869565,0,0,4079,193,0,0,0,0
"3888",2023-03-14,11,55,3986,192,0,0,21.5978260869565,0,0,4079,193,0,0,0,0
"3889",2023-03-14,12,0,3975,191,0,0,22.6473684210526,0,0,4358,195,0,0,0,0
"3890",2023-03-14,12,5,3953,190,0,0,22.6473684210526,0,0,4358,195,0,0,0,0
"3891",2023-03-14,12,10,3975,191,0,0,22.6473684210526,0,0,4358,195,0,0,0,0
"3892",2023-03-14,12,15,4264,191,0,0,22.6473684210526,0,0,4358,195,0,0,0,0
"3893",2023-03-14,12,20,4286,192,0,0,22.6473684210526,0,0,4358,195,0,0,0,0
"3894",2023-03-14,12,25,3964,191,0,0,22.6473684210526,0,0,4358,195,0,0,0,0
"3895",2023-03-14,12,30,3704,179,0,0,22.6473684210526,0,0,4358,195,0,0,0,0
"3896",2023-03-14,12,35,3986,192,0,0,22.6473684210526,0,0,4358,195,0,0,0,0
"3897",2023-03-14,12,40,4080,195,0,0,22.6473684210526,0,0,4358,195,0,0,0,0
"3898",2023-03-14,12,45,4080,194,0,0,22.6473684210526,0,0,4358,195,0,0,0,0
"3899",2023-03-14,12,50,4358,194,0,0,22.6473684210526,0,0,4358,195,0,0,0,0
"3900",2023-03-14,12,55,4303,190,0,0,22.6473684210526,0,0,4358,195,0,0,0,0
"3901",2023-03-14,13,0,4619,189,0,0,24.4391534391534,0,0,4619,189,0,0,0,0
"3902",2023-03-14,13,5,4149,183,0,0,24.4391534391534,0,0,4619,189,0,0,0,0
"3903",2023-03-14,13,10,4061,177,0,0,24.4391534391534,0,0,4619,189,0,0,0,0
"3904",2023-03-14,13,15,4028,175,0,0,24.4391534391534,0,0,4619,189,0,0,0,0
"3905",2023-03-14,13,20,4066,175,0,0,24.4391534391534,0,0,4619,189,0,0,0,0
"3906",2023-03-14,13,25,4016,174,0,0,24.4391534391534,0,0,4619,189,0,0,0,0
"3907",2023-03-14,13,30,3749,175,0,0,24.4391534391534,0,0,4619,189,0,0,0,0
"3908",2023-03-14,13,35,3683,171,0,0,24.4391534391534,0,0,4619,189,0,0,0,0
"3909",2023-03-14,13,40,3678,170,0,0,24.4391534391534,0,0,4619,189,0,0,0,0
"3910",2023-03-14,13,45,3700,171,0,0,24.4391534391534,0,0,4619,189,0,0,0,0
"3911",2023-03-14,13,50,3722,172,0,0,24.4391534391534,0,0,4619,189,0,0,0,0
"3912",2023-03-14,13,55,3733,172,0,0,24.4391534391534,0,0,4619,189,0,0,0,0
"3913",2023-03-14,14,0,4055,174,0,0,25,0,0,4408,177,0,0,0,0
"3914",2023-03-14,14,5,4375,175,0,0,25,0,0,4408,177,0,0,0,0
"3915",2023-03-14,14,10,4408,177,0,0,25,0,0,4408,177,0,0,0,0
"3916",2023-03-14,14,15,4097,176,0,0,25,0,0,4408,177,0,0,0,0
"3917",2023-03-14,14,20,3737,174,0,0,25,0,0,4408,177,0,0,0,0
"3918",2023-03-14,14,25,3726,172,0,0,25,0,0,4408,177,0,0,0,0
"3919",2023-03-14,14,30,3715,171,0,0,25,0,0,4408,177,0,0,0,0
"3920",2023-03-14,14,35,3860,175,0,0,25,0,0,4408,177,0,0,0,0
"3921",2023-03-14,14,40,3817,174,0,0,25,0,0,4408,177,0,0,0,0
"3922",2023-03-14,14,45,3817,174,0,0,25,0,0,4408,177,0,0,0,0
"3923",2023-03-14,14,50,3705,172,0,0,25,0,0,4408,177,0,0,0,0
"3924",2023-03-14,14,55,3727,173,0,0,25,0,0,4408,177,0,0,0,0
"3925",2023-03-14,15,0,3771,176,0,0,24.816091954023,0,0,4318,176,0,0,0,0
"3926",2023-03-14,15,5,3738,174,0,0,24.816091954023,0,0,4318,176,0,0,0,0
"3927",2023-03-14,15,10,4005,173,0,0,24.816091954023,0,0,4318,176,0,0,0,0
"3928",2023-03-14,15,15,4285,173,0,0,24.816091954023,0,0,4318,176,0,0,0,0
"3929",2023-03-14,15,20,4263,172,0,0,24.816091954023,0,0,4318,176,0,0,0,0
"3930",2023-03-14,15,25,4318,174,0,0,24.816091954023,0,0,4318,176,0,0,0,0
"3931",2023-03-14,15,30,4318,174,0,0,24.816091954023,0,0,4318,176,0,0,0,0
"3932",2023-03-14,15,35,4034,172,0,0,24.816091954023,0,0,4318,176,0,0,0,0
"3933",2023-03-14,15,40,3751,170,0,0,24.816091954023,0,0,4318,176,0,0,0,0
"3934",2023-03-14,15,45,3762,171,0,0,24.816091954023,0,0,4318,176,0,0,0,0
"3935",2023-03-14,15,50,3771,171,0,0,24.816091954023,0,0,4318,176,0,0,0,0
"3936",2023-03-14,15,55,3766,173,0,0,24.816091954023,0,0,4318,176,0,0,0,0
"3937",2023-03-14,16,0,3744,172,0,0,23.7897727272727,0,0,4187,178,0,0,0,0
"3938",2023-03-14,16,5,4148,176,0,0,23.7897727272727,0,0,4187,178,0,0,0,0
"3939",2023-03-14,16,10,4148,176,0,0,23.7897727272727,0,0,4187,178,0,0,0,0
"3940",2023-03-14,16,15,3859,175,0,0,23.7897727272727,0,0,4187,178,0,0,0,0
"3941",2023-03-14,16,20,3859,175,0,0,23.7897727272727,0,0,4187,178,0,0,0,0
"3942",2023-03-14,16,25,3837,174,0,0,23.7897727272727,0,0,4187,178,0,0,0,0
"3943",2023-03-14,16,30,3837,174,0,0,23.7897727272727,0,0,4187,178,0,0,0,0
"3944",2023-03-14,16,35,3887,175,0,0,23.7897727272727,0,0,4187,178,0,0,0,0
"3945",2023-03-14,16,40,4187,176,0,0,23.7897727272727,0,0,4187,178,0,0,0,0
"3946",2023-03-14,16,45,4149,176,0,0,23.7897727272727,0,0,4187,178,0,0,0,0
"3947",2023-03-14,16,50,4182,178,0,0,23.7897727272727,0,0,4187,178,0,0,0,0
"3948",2023-03-14,16,55,4160,177,0,0,23.7897727272727,0,0,4187,178,0,0,0,0
"3949",2023-03-14,17,0,4116,175,0,0,23.546511627907,0,0,4116,175,0,0,0,0
"3950",2023-03-14,17,5,4116,175,0,0,23.546511627907,0,0,4116,175,0,0,0,0
"3951",2023-03-14,17,10,4050,172,0,0,23.546511627907,0,0,4116,175,0,0,0,0
"3952",2023-03-14,17,15,4022,172,0,0,23.546511627907,0,0,4116,175,0,0,0,0
"3953",2023-03-14,17,20,3956,169,0,0,23.546511627907,0,0,4116,175,0,0,0,0
"3954",2023-03-14,17,25,3634,167,0,0,23.546511627907,0,0,4116,175,0,0,0,0
"3955",2023-03-14,17,30,3694,168,0,0,23.546511627907,0,0,4116,175,0,0,0,0
"3956",2023-03-14,17,35,3716,169,0,0,23.546511627907,0,0,4116,175,0,0,0,0
"3957",2023-03-14,17,40,3688,169,0,0,23.546511627907,0,0,4116,175,0,0,0,0
"3958",2023-03-14,17,45,3720,170,0,0,23.546511627907,0,0,4116,175,0,0,0,0
"3959",2023-03-14,17,50,3709,170,0,0,23.546511627907,0,0,4116,175,0,0,0,0
"3960",2023-03-14,17,55,4009,171,0,0,23.546511627907,0,0,4116,175,0,0,0,0
"3961",2023-03-14,18,0,3965,169,0,0,23.4615384615385,0,0,3965,169,0,0,0,0
"3962",2023-03-14,18,5,3965,169,0,0,23.4615384615385,0,0,3965,169,0,0,0,0
"3963",2023-03-14,18,10,3612,166,0,0,23.4615384615385,0,0,3965,169,0,0,0,0
"3964",2023-03-14,18,15,3557,164,0,0,23.4615384615385,0,0,3965,169,0,0,0,0
"3965",2023-03-14,18,20,3579,165,0,0,23.4615384615385,0,0,3965,169,0,0,0,0
"3966",2023-03-14,18,25,3612,167,0,0,23.4615384615385,0,0,3965,169,0,0,0,0
"3967",2023-03-14,18,30,3809,165,0,0,23.4615384615385,0,0,3965,169,0,0,0,0
"3968",2023-03-14,18,35,3754,162,0,0,23.4615384615385,0,0,3965,169,0,0,0,0
"3969",2023-03-14,18,40,3776,163,0,0,23.4615384615385,0,0,3965,169,0,0,0,0
"3970",2023-03-14,18,45,3454,160,0,0,23.4615384615385,0,0,3965,169,0,0,0,0
"3971",2023-03-14,18,50,3432,158,0,0,23.4615384615385,0,0,3965,169,0,0,0,0
"3972",2023-03-14,18,55,3515,161,0,0,23.4615384615385,0,0,3965,169,0,0,0,0
"3973",2023-03-14,19,0,3881,165,0,0,25.5886075949367,0,0,4076,165,0,0,0,0
"3974",2023-03-14,19,5,3765,159,0,0,25.5886075949367,0,0,4076,165,0,0,0,0
"3975",2023-03-14,19,10,3754,158,0,0,25.5886075949367,0,0,4076,165,0,0,0,0
"3976",2023-03-14,19,15,3710,156,0,0,25.5886075949367,0,0,4076,165,0,0,0,0
"3977",2023-03-14,19,20,3732,157,0,0,25.5886075949367,0,0,4076,165,0,0,0,0
"3978",2023-03-14,19,25,3732,157,0,0,25.5886075949367,0,0,4076,165,0,0,0,0
"3979",2023-03-14,19,30,4054,159,0,0,25.5886075949367,0,0,4076,165,0,0,0,0
"3980",2023-03-14,19,35,4076,160,0,0,25.5886075949367,0,0,4076,165,0,0,0,0
"3981",2023-03-14,19,40,4043,158,0,0,25.5886075949367,0,0,4076,165,0,0,0,0
"3982",2023-03-14,19,45,3721,156,0,0,25.5886075949367,0,0,4076,165,0,0,0,0
"3983",2023-03-14,19,50,3410,154,0,0,25.5886075949367,0,0,4076,165,0,0,0,0
"3984",2023-03-14,19,55,3377,152,0,0,25.5886075949367,0,0,4076,165,0,0,0,0
"3985",2023-03-14,20,0,3355,151,0,0,24.4025974025974,0,0,3758,156,0,0,0,0
"3986",2023-03-14,20,5,3333,150,0,0,24.4025974025974,0,0,3758,156,0,0,0,0
"3987",2023-03-14,20,10,3344,151,0,0,24.4025974025974,0,0,3758,156,0,0,0,0
"3988",2023-03-14,20,15,3655,152,0,0,24.4025974025974,0,0,3758,156,0,0,0,0
"3989",2023-03-14,20,20,3758,154,0,0,24.4025974025974,0,0,3758,156,0,0,0,0
"3990",2023-03-14,20,25,3436,152,0,0,24.4025974025974,0,0,3758,156,0,0,0,0
"3991",2023-03-14,20,30,3447,152,0,0,24.4025974025974,0,0,3758,156,0,0,0,0
"3992",2023-03-14,20,35,3469,153,0,0,24.4025974025974,0,0,3758,156,0,0,0,0
"3993",2023-03-14,20,40,3491,154,0,0,24.4025974025974,0,0,3758,156,0,0,0,0
"3994",2023-03-14,20,45,3524,156,0,0,24.4025974025974,0,0,3758,156,0,0,0,0
"3995",2023-03-14,20,50,3524,156,0,0,24.4025974025974,0,0,3758,156,0,0,0,0
"3996",2023-03-14,20,55,3524,156,0,0,24.4025974025974,0,0,3758,156,0,0,0,0
"3997",2023-03-14,21,0,3546,157,0,0,26.0324675324675,0,0,4009,157,0,0,0,0
"3998",2023-03-14,21,5,3486,156,0,0,26.0324675324675,0,0,4009,157,0,0,0,0
"3999",2023-03-14,21,10,3753,155,0,0,26.0324675324675,0,0,4009,157,0,0,0,0
"4000",2023-03-14,21,15,3753,155,0,0,26.0324675324675,0,0,4009,157,0,0,0,0
"4001",2023-03-14,21,20,3709,153,0,0,26.0324675324675,0,0,4009,157,0,0,0,0
"4002",2023-03-14,21,25,4009,154,0,0,26.0324675324675,0,0,4009,157,0,0,0,0
"4003",2023-03-14,21,30,3709,153,0,0,26.0324675324675,0,0,4009,157,0,0,0,0
"4004",2023-03-14,21,35,3709,153,0,0,26.0324675324675,0,0,4009,157,0,0,0,0
"4005",2023-03-14,21,40,3709,153,0,0,26.0324675324675,0,0,4009,157,0,0,0,0
"4006",2023-03-14,21,45,3676,152,0,0,26.0324675324675,0,0,4009,157,0,0,0,0
"4007",2023-03-14,21,50,3676,152,0,0,26.0324675324675,0,0,4009,157,0,0,0,0
"4008",2023-03-14,21,55,3420,153,0,0,26.0324675324675,0,0,4009,157,0,0,0,0
"4009",2023-03-14,22,0,3420,153,0,0,24.012987012987,0,0,3720,155,0,0,0,0
"4010",2023-03-14,22,5,3398,152,0,0,24.012987012987,0,0,3720,155,0,0,0,0
"4011",2023-03-14,22,10,3420,154,0,0,24.012987012987,0,0,3720,155,0,0,0,0
"4012",2023-03-14,22,15,3720,155,0,0,24.012987012987,0,0,3720,155,0,0,0,0
"4013",2023-03-14,22,20,3720,155,0,0,24.012987012987,0,0,3720,155,0,0,0,0
"4014",2023-03-14,22,25,3698,154,0,0,24.012987012987,0,0,3720,155,0,0,0,0
"4015",2023-03-14,22,30,3398,153,0,0,24.012987012987,0,0,3720,155,0,0,0,0
"4016",2023-03-14,22,35,3376,152,0,0,24.012987012987,0,0,3720,155,0,0,0,0
"4017",2023-03-14,22,40,3354,151,0,0,24.012987012987,0,0,3720,155,0,0,0,0
"4018",2023-03-14,22,45,3687,154,0,0,24.012987012987,0,0,3720,155,0,0,0,0
"4019",2023-03-14,22,50,3687,154,0,0,24.012987012987,0,0,3720,155,0,0,0,0
"4020",2023-03-14,22,55,3387,153,0,0,24.012987012987,0,0,3720,155,0,0,0,0
"4021",2023-03-14,23,0,3332,150,0,0,24.3380281690141,0,0,3522,150,0,0,0,0
"4022",2023-03-14,23,5,3310,149,0,0,24.3380281690141,0,0,3522,150,0,0,0,0
"4023",2023-03-14,23,10,3288,148,0,0,24.3380281690141,0,0,3522,150,0,0,0,0
"4024",2023-03-14,23,15,3266,147,0,0,24.3380281690141,0,0,3522,150,0,0,0,0
"4025",2023-03-14,23,20,3266,147,0,0,24.3380281690141,0,0,3522,150,0,0,0,0
"4026",2023-03-14,23,25,3244,146,0,0,24.3380281690141,0,0,3522,150,0,0,0,0
"4027",2023-03-14,23,30,3522,146,0,0,24.3380281690141,0,0,3522,150,0,0,0,0
"4028",2023-03-14,23,35,3500,145,0,0,24.3380281690141,0,0,3522,150,0,0,0,0
"4029",2023-03-14,23,40,3489,144,0,0,24.3380281690141,0,0,3522,150,0,0,0,0
"4030",2023-03-14,23,45,3456,142,0,0,24.3380281690141,0,0,3522,150,0,0,0,0
"4031",2023-03-14,23,50,3456,142,0,0,24.3380281690141,0,0,3522,150,0,0,0,0
"4032",2023-03-14,23,55,3456,142,0,0,24.3380281690141,0,0,3522,150,0,0,0,0
"4033",2023-03-15,0,0,4370,192,0,0,23.7282608695652,0,0,4443,192,0,0,0,0
"4034",2023-03-15,0,5,4359,191,0,0,23.7282608695652,0,0,4443,192,0,0,0,0
"4035",2023-03-15,0,10,4348,190,0,0,23.7282608695652,0,0,4443,192,0,0,0,0
"4036",2023-03-15,0,15,4348,190,0,0,23.7282608695652,0,0,4443,192,0,0,0,0
"4037",2023-03-15,0,20,4348,190,0,0,23.7282608695652,0,0,4443,192,0,0,0,0
"4038",2023-03-15,0,25,4326,189,0,0,23.7282608695652,0,0,4443,192,0,0,0,0
"4039",2023-03-15,0,30,4443,188,0,0,23.7282608695652,0,0,4443,192,0,0,0,0
"4040",2023-03-15,0,35,4421,187,0,0,23.7282608695652,0,0,4443,192,0,0,0,0
"4041",2023-03-15,0,40,4421,187,0,0,23.7282608695652,0,0,4443,192,0,0,0,0
"4042",2023-03-15,0,45,4410,186,0,0,23.7282608695652,0,0,4443,192,0,0,0,0
"4043",2023-03-15,0,50,4388,185,0,0,23.7282608695652,0,0,4443,192,0,0,0,0
"4044",2023-03-15,0,55,4366,184,0,0,23.7282608695652,0,0,4443,192,0,0,0,0
"4045",2023-03-15,1,0,3080,137,0,0,22.4817518248175,0,0,3080,137,0,0,0,0
"4046",2023-03-15,1,5,3080,137,0,0,22.4817518248175,0,0,3080,137,0,0,0,0
"4047",2023-03-15,1,10,3080,137,0,0,22.4817518248175,0,0,3080,137,0,0,0,0
"4048",2023-03-15,1,15,3080,137,0,0,22.4817518248175,0,0,3080,137,0,0,0,0
"4049",2023-03-15,1,20,3080,137,0,0,22.4817518248175,0,0,3080,137,0,0,0,0
"4050",2023-03-15,1,25,3080,137,0,0,22.4817518248175,0,0,3080,137,0,0,0,0
"4051",2023-03-15,1,30,3080,137,0,0,22.4817518248175,0,0,3080,137,0,0,0,0
"4052",2023-03-15,1,35,3080,137,0,0,22.4817518248175,0,0,3080,137,0,0,0,0
"4053",2023-03-15,1,40,3080,137,0,0,22.4817518248175,0,0,3080,137,0,0,0,0
"4054",2023-03-15,1,45,3080,137,0,0,22.4817518248175,0,0,3080,137,0,0,0,0
"4055",2023-03-15,1,50,3080,137,0,0,22.4817518248175,0,0,3080,137,0,0,0,0
"4056",2023-03-15,1,55,3080,137,0,0,22.4817518248175,0,0,3080,137,0,0,0,0
"4057",2023-03-15,2,0,3080,137,0,0,22.4817518248175,0,0,3080,137,0,0,0,0
"4058",2023-03-15,2,5,3080,137,0,0,22.4817518248175,0,0,3080,137,0,0,0,0
"4059",2023-03-15,2,10,3080,137,0,0,22.4817518248175,0,0,3080,137,0,0,0,0
"4060",2023-03-15,2,15,3080,137,0,0,22.4817518248175,0,0,3080,137,0,0,0,0
"4061",2023-03-15,2,20,3080,137,0,0,22.4817518248175,0,0,3080,137,0,0,0,0
"4062",2023-03-15,2,25,3080,137,0,0,22.4817518248175,0,0,3080,137,0,0,0,0
"4063",2023-03-15,2,30,3080,137,0,0,22.4817518248175,0,0,3080,137,0,0,0,0
"4064",2023-03-15,2,35,3080,137,0,0,22.4817518248175,0,0,3080,137,0,0,0,0
"4065",2023-03-15,2,40,3080,137,0,0,22.4817518248175,0,0,3080,137,0,0,0,0
"4066",2023-03-15,2,45,3080,137,0,0,22.4817518248175,0,0,3080,137,0,0,0,0
"4067",2023-03-15,2,50,3080,137,0,0,22.4817518248175,0,0,3080,137,0,0,0,0
"4068",2023-03-15,2,55,3080,137,0,0,22.4817518248175,0,0,3080,137,0,0,0,0
"4069",2023-03-15,3,0,3080,137,0,0,22.4817518248175,0,0,3080,137,0,0,0,0
"4070",2023-03-15,3,5,3080,137,0,0,22.4817518248175,0,0,3080,137,0,0,0,0
"4071",2023-03-15,3,10,3080,137,0,0,22.4817518248175,0,0,3080,137,0,0,0,0
"4072",2023-03-15,3,15,3080,137,0,0,22.4817518248175,0,0,3080,137,0,0,0,0
"4073",2023-03-15,3,20,3080,137,0,0,22.4817518248175,0,0,3080,137,0,0,0,0
"4074",2023-03-15,3,25,3080,137,0,0,22.4817518248175,0,0,3080,137,0,0,0,0
"4075",2023-03-15,3,30,3080,137,0,0,22.4817518248175,0,0,3080,137,0,0,0,0
"4076",2023-03-15,3,35,3080,137,0,0,22.4817518248175,0,0,3080,137,0,0,0,0
"4077",2023-03-15,3,40,3080,137,0,0,22.4817518248175,0,0,3080,137,0,0,0,0
"4078",2023-03-15,3,45,3080,137,0,0,22.4817518248175,0,0,3080,137,0,0,0,0
"4079",2023-03-15,3,50,3080,137,0,0,22.4817518248175,0,0,3080,137,0,0,0,0
"4080",2023-03-15,3,55,3080,137,0,0,22.4817518248175,0,0,3080,137,0,0,0,0
"4081",2023-03-15,4,0,3080,137,0,0,22.7536231884058,0,0,3140,138,0,0,0,0
"4082",2023-03-15,4,5,3140,138,0,0,22.7536231884058,0,0,3140,138,0,0,0,0
"4083",2023-03-15,4,10,3140,138,0,0,22.7536231884058,0,0,3140,138,0,0,0,0
"4084",2023-03-15,4,15,3140,138,0,0,22.7536231884058,0,0,3140,138,0,0,0,0
"4085",2023-03-15,4,20,3140,138,0,0,22.7536231884058,0,0,3140,138,0,0,0,0
"4086",2023-03-15,4,25,3140,138,0,0,22.7536231884058,0,0,3140,138,0,0,0,0
"4087",2023-03-15,4,30,3140,138,0,0,22.7536231884058,0,0,3140,138,0,0,0,0
"4088",2023-03-15,4,35,3140,138,0,0,22.7536231884058,0,0,3140,138,0,0,0,0
"4089",2023-03-15,4,40,3140,138,0,0,22.7536231884058,0,0,3140,138,0,0,0,0
"4090",2023-03-15,4,45,3140,138,0,0,22.7536231884058,0,0,3140,138,0,0,0,0
"4091",2023-03-15,4,50,3140,138,0,0,22.7536231884058,0,0,3140,138,0,0,0,0
"4092",2023-03-15,4,55,3080,137,0,0,22.7536231884058,0,0,3140,138,0,0,0,0
"4093",2023-03-15,5,0,3080,137,0,0,22.4817518248175,0,0,3091,138,0,0,0,0
"4094",2023-03-15,5,5,3080,137,0,0,22.4817518248175,0,0,3091,138,0,0,0,0
"4095",2023-03-15,5,10,3080,137,0,0,22.4817518248175,0,0,3091,138,0,0,0,0
"4096",2023-03-15,5,15,3080,137,0,0,22.4817518248175,0,0,3091,138,0,0,0,0
"4097",2023-03-15,5,20,3080,137,0,0,22.4817518248175,0,0,3091,138,0,0,0,0
"4098",2023-03-15,5,25,3080,137,0,0,22.4817518248175,0,0,3091,138,0,0,0,0
"4099",2023-03-15,5,30,3080,137,0,0,22.4817518248175,0,0,3091,138,0,0,0,0
"4100",2023-03-15,5,35,3080,137,0,0,22.4817518248175,0,0,3091,138,0,0,0,0
"4101",2023-03-15,5,40,3091,138,0,0,22.4817518248175,0,0,3091,138,0,0,0,0
"4102",2023-03-15,5,45,3091,138,0,0,22.4817518248175,0,0,3091,138,0,0,0,0
"4103",2023-03-15,5,50,3091,138,0,0,22.4817518248175,0,0,3091,138,0,0,0,0
"4104",2023-03-15,5,55,3091,138,0,0,22.4817518248175,0,0,3091,138,0,0,0,0
"4105",2023-03-15,6,0,3091,138,0,0,24.3165467625899,0,0,3380,139,0,0,0,0
"4106",2023-03-15,6,5,3091,138,0,0,24.3165467625899,0,0,3380,139,0,0,0,0
"4107",2023-03-15,6,10,3091,138,0,0,24.3165467625899,0,0,3380,139,0,0,0,0
"4108",2023-03-15,6,15,3091,138,0,0,24.3165467625899,0,0,3380,139,0,0,0,0
"4109",2023-03-15,6,20,3091,138,0,0,24.3165467625899,0,0,3380,139,0,0,0,0
"4110",2023-03-15,6,25,3091,138,0,0,24.3165467625899,0,0,3380,139,0,0,0,0
"4111",2023-03-15,6,30,3091,138,0,0,24.3165467625899,0,0,3380,139,0,0,0,0
"4112",2023-03-15,6,35,3091,138,0,0,24.3165467625899,0,0,3380,139,0,0,0,0
"4113",2023-03-15,6,40,3091,138,0,0,24.3165467625899,0,0,3380,139,0,0,0,0
"4114",2023-03-15,6,45,3080,138,0,0,24.3165467625899,0,0,3380,139,0,0,0,0
"4115",2023-03-15,6,50,3380,139,0,0,24.3165467625899,0,0,3380,139,0,0,0,0
"4116",2023-03-15,6,55,3380,139,0,0,24.3165467625899,0,0,3380,139,0,0,0,0
"4117",2023-03-15,7,0,3380,139,0,0,24.3503649635037,0,0,3380,139,0,0,0,0
"4118",2023-03-15,7,5,3358,138,0,0,24.3503649635037,0,0,3380,139,0,0,0,0
"4119",2023-03-15,7,10,3358,138,0,0,24.3503649635037,0,0,3380,139,0,0,0,0
"4120",2023-03-15,7,15,3336,137,0,0,24.3503649635037,0,0,3380,139,0,0,0,0
"4121",2023-03-15,7,20,3336,138,0,0,24.3503649635037,0,0,3380,139,0,0,0,0
"4122",2023-03-15,7,25,3058,138,0,0,24.3503649635037,0,0,3380,139,0,0,0,0
"4123",2023-03-15,7,30,3080,139,0,0,24.3503649635037,0,0,3380,139,0,0,0,0
"4124",2023-03-15,7,35,3080,139,0,0,24.3503649635037,0,0,3380,139,0,0,0,0
"4125",2023-03-15,7,40,3080,139,0,0,24.3503649635037,0,0,3380,139,0,0,0,0
"4126",2023-03-15,7,45,3080,138,0,0,24.3503649635037,0,0,3380,139,0,0,0,0
"4127",2023-03-15,7,50,3091,138,0,0,24.3503649635037,0,0,3380,139,0,0,0,0
"4128",2023-03-15,7,55,3113,139,0,0,24.3503649635037,0,0,3380,139,0,0,0,0
"4129",2023-03-15,8,0,3135,141,0,0,26.156862745098,0,0,4046,155,0,0,0,0
"4130",2023-03-15,8,5,3168,142,0,0,26.156862745098,0,0,4046,155,0,0,0,0
"4131",2023-03-15,8,10,3234,145,0,0,26.156862745098,0,0,4046,155,0,0,0,0
"4132",2023-03-15,8,15,3234,145,0,0,26.156862745098,0,0,4046,155,0,0,0,0
"4133",2023-03-15,8,20,3298,148,0,0,26.156862745098,0,0,4046,155,0,0,0,0
"4134",2023-03-15,8,25,3364,151,0,0,26.156862745098,0,0,4046,155,0,0,0,0
"4135",2023-03-15,8,30,3364,151,0,0,26.156862745098,0,0,4046,155,0,0,0,0
"4136",2023-03-15,8,35,3457,154,0,0,26.156862745098,0,0,4046,155,0,0,0,0
"4137",2023-03-15,8,40,3746,154,0,0,26.156862745098,0,0,4046,155,0,0,0,0
"4138",2023-03-15,8,45,4046,155,0,0,26.156862745098,0,0,4046,155,0,0,0,0
"4139",2023-03-15,8,50,4002,153,0,0,26.156862745098,0,0,4046,155,0,0,0,0
"4140",2023-03-15,8,55,4024,155,0,0,26.156862745098,0,0,4046,155,0,0,0,0
"4141",2023-03-15,9,0,4046,156,0,0,25.9358974358974,0,0,4046,162,0,0,0,0
"4142",2023-03-15,9,5,4033,156,0,0,25.9358974358974,0,0,4046,162,0,0,0,0
"4143",2023-03-15,9,10,3684,155,0,0,25.9358974358974,0,0,4046,162,0,0,0,0
"4144",2023-03-15,9,15,3728,157,0,0,25.9358974358974,0,0,4046,162,0,0,0,0
"4145",2023-03-15,9,20,3728,157,0,0,25.9358974358974,0,0,4046,162,0,0,0,0
"4146",2023-03-15,9,25,3428,156,0,0,25.9358974358974,0,0,4046,162,0,0,0,0
"4147",2023-03-15,9,30,3494,159,0,0,25.9358974358974,0,0,4046,162,0,0,0,0
"4148",2023-03-15,9,35,3516,161,0,0,25.9358974358974,0,0,4046,162,0,0,0,0
"4149",2023-03-15,9,40,3516,161,0,0,25.9358974358974,0,0,4046,162,0,0,0,0
"4150",2023-03-15,9,45,3516,161,0,0,25.9358974358974,0,0,4046,162,0,0,0,0
"4151",2023-03-15,9,50,3516,161,0,0,25.9358974358974,0,0,4046,162,0,0,0,0
"4152",2023-03-15,9,55,3538,162,0,0,25.9358974358974,0,0,4046,162,0,0,0,0
"4153",2023-03-15,10,0,3571,164,0,0,23.5581395348837,0,0,4052,172,0,0,0,0
"4154",2023-03-15,10,5,3614,165,0,0,23.5581395348837,0,0,4052,172,0,0,0,0
"4155",2023-03-15,10,10,3980,170,0,0,23.5581395348837,0,0,4052,172,0,0,0,0
"4156",2023-03-15,10,15,3702,170,0,0,23.5581395348837,0,0,4052,172,0,0,0,0
"4157",2023-03-15,10,20,4002,171,0,0,23.5581395348837,0,0,4052,172,0,0,0,0
"4158",2023-03-15,10,25,3680,169,0,0,23.5581395348837,0,0,4052,172,0,0,0,0
"4159",2023-03-15,10,30,3960,169,0,0,23.5581395348837,0,0,4052,172,0,0,0,0
"4160",2023-03-15,10,35,3971,170,0,0,23.5581395348837,0,0,4052,172,0,0,0,0
"4161",2023-03-15,10,40,3971,170,0,0,23.5581395348837,0,0,4052,172,0,0,0,0
"4162",2023-03-15,10,45,3993,171,0,0,23.5581395348837,0,0,4052,172,0,0,0,0
"4163",2023-03-15,10,50,4043,172,0,0,23.5581395348837,0,0,4052,172,0,0,0,0
"4164",2023-03-15,10,55,4052,172,0,0,23.5581395348837,0,0,4052,172,0,0,0,0
"4165",2023-03-15,11,0,4096,174,0,0,24.6318681318681,0,0,8505,369,0,0,0,0
"4166",2023-03-15,11,5,3796,173,0,0,24.6318681318681,0,0,8505,369,0,0,0,0
"4167",2023-03-15,11,10,3818,174,0,0,24.6318681318681,0,0,8505,369,0,0,0,0
"4168",2023-03-15,11,15,3840,175,0,0,24.6318681318681,0,0,8505,369,0,0,0,0
"4169",2023-03-15,11,50,6942,303,0,0,24.6318681318681,0,0,8505,369,0,0,0,0
"4170",2023-03-15,11,55,6942,303,0,0,24.6318681318681,0,0,8505,369,0,0,0,0
"4171",2023-03-15,11,20,4483,182,0,0,24.6318681318681,0,0,8505,369,0,0,0,0
"4172",2023-03-15,11,25,8272,366,0,0,24.6318681318681,0,0,8505,369,0,0,0,0
"4173",2023-03-15,11,30,8505,369,0,0,24.6318681318681,0,0,8505,369,0,0,0,0
"4174",2023-03-15,11,35,8217,366,0,0,24.6318681318681,0,0,8505,369,0,0,0,0
"4175",2023-03-15,11,40,8164,364,0,0,24.6318681318681,0,0,8505,369,0,0,0,0
"4176",2023-03-15,11,45,8164,364,0,0,24.6318681318681,0,0,8505,369,0,0,0,0
"4177",2023-03-15,12,0,6642,298,0,0,23.4426229508197,0,0,6642,298,0,0,0,0
"4178",2023-03-15,12,5,6204,294,0,0,23.4426229508197,0,0,6642,298,0,0,0,0
"4179",2023-03-15,12,10,6204,294,0,0,23.4426229508197,0,0,6642,298,0,0,0,0
"4180",2023-03-15,12,15,6084,290,0,0,23.4426229508197,0,0,6642,298,0,0,0,0
"4181",2023-03-15,12,20,6007,284,0,0,23.4426229508197,0,0,6642,298,0,0,0,0
"4182",2023-03-15,12,25,2860,122,0,0,23.4426229508197,0,0,6642,298,0,0,0,0
"4183",2023-03-15,12,30,5802,279,0,0,23.4426229508197,0,0,6642,298,0,0,0,0
"4184",2023-03-15,12,35,5802,279,0,0,23.4426229508197,0,0,6642,298,0,0,0,0
"4185",2023-03-15,12,40,5725,274,0,0,23.4426229508197,0,0,6642,298,0,0,0,0
"4186",2023-03-15,12,45,5527,263,0,0,23.4426229508197,0,0,6642,298,0,0,0,0
"4187",2023-03-15,12,50,5400,255,0,0,23.4426229508197,0,0,6642,298,0,0,0,0
"4188",2023-03-15,12,55,5345,252,0,0,23.4426229508197,0,0,6642,298,0,0,0,0
"4189",2023-03-15,13,0,5246,246,0,0,27.9032258064516,0,0,5550,246,0,0,0,0
"4190",2023-03-15,13,5,5035,239,0,0,27.9032258064516,0,0,5550,246,0,0,0,0
"4191",2023-03-15,13,10,2860,122,0,0,27.9032258064516,0,0,5550,246,0,0,0,0
"4192",2023-03-15,13,15,5550,221,0,0,27.9032258064516,0,0,5550,246,0,0,0,0
"4193",2023-03-15,13,20,5539,219,0,0,27.9032258064516,0,0,5550,246,0,0,0,0
"4194",2023-03-15,13,25,3460,124,0,0,27.9032258064516,0,0,5550,246,0,0,0,0
"4195",2023-03-15,13,30,3160,123,0,0,27.9032258064516,0,0,5550,246,0,0,0,0
"4196",2023-03-15,13,35,5402,214,0,0,27.9032258064516,0,0,5550,246,0,0,0,0
"4197",2023-03-15,13,40,3460,124,0,0,27.9032258064516,0,0,5550,246,0,0,0,0
"4198",2023-03-15,13,45,3460,124,0,0,27.9032258064516,0,0,5550,246,0,0,0,0
"4199",2023-03-15,13,50,5454,211,0,0,27.9032258064516,0,0,5550,246,0,0,0,0
"4200",2023-03-15,13,55,3160,123,0,0,27.9032258064516,0,0,5550,246,0,0,0,0
"4201",2023-03-15,14,0,5088,207,0,0,27.9032258064516,0,0,5088,207,0,0,0,0
"4202",2023-03-15,14,5,5088,207,0,0,27.9032258064516,0,0,5088,207,0,0,0,0
"4203",2023-03-15,14,10,4967,201,0,0,27.9032258064516,0,0,5088,207,0,0,0,0
"4204",2023-03-15,14,15,3160,123,0,0,27.9032258064516,0,0,5088,207,0,0,0,0
"4205",2023-03-15,14,20,4934,199,0,0,27.9032258064516,0,0,5088,207,0,0,0,0
"4206",2023-03-15,14,25,5065,199,0,0,27.9032258064516,0,0,5088,207,0,0,0,0
"4207",2023-03-15,14,30,3460,124,0,0,27.9032258064516,0,0,5088,207,0,0,0,0
"4208",2023-03-15,14,35,4742,191,0,0,27.9032258064516,0,0,5088,207,0,0,0,0
"4209",2023-03-15,14,40,4387,188,0,0,27.9032258064516,0,0,5088,207,0,0,0,0
"4210",2023-03-15,14,45,3160,123,0,0,27.9032258064516,0,0,5088,207,0,0,0,0
"4211",2023-03-15,14,50,4725,188,0,0,27.9032258064516,0,0,5088,207,0,0,0,0
"4212",2023-03-15,14,55,4414,187,0,0,27.9032258064516,0,0,5088,207,0,0,0,0
"4213",2023-03-15,15,0,4469,190,0,0,25.6910569105691,0,0,5294,217,0,0,0,0
"4214",2023-03-15,15,5,4524,193,0,0,25.6910569105691,0,0,5294,217,0,0,0,0
"4215",2023-03-15,15,10,4524,194,0,0,25.6910569105691,0,0,5294,217,0,0,0,0
"4216",2023-03-15,15,15,4371,193,0,0,25.6910569105691,0,0,5294,217,0,0,0,0
"4217",2023-03-15,15,20,3160,123,0,0,25.6910569105691,0,0,5294,217,0,0,0,0
"4218",2023-03-15,15,25,4766,207,0,0,25.6910569105691,0,0,5294,217,0,0,0,0
"4219",2023-03-15,15,30,5065,213,0,0,25.6910569105691,0,0,5294,217,0,0,0,0
"4220",2023-03-15,15,35,5043,212,0,0,25.6910569105691,0,0,5294,217,0,0,0,0
"4221",2023-03-15,15,40,5021,211,0,0,25.6910569105691,0,0,5294,217,0,0,0,0
"4222",2023-03-15,15,45,5026,212,0,0,25.6910569105691,0,0,5294,217,0,0,0,0
"4223",2023-03-15,15,50,5294,217,0,0,25.6910569105691,0,0,5294,217,0,0,0,0
"4224",2023-03-15,15,55,5294,216,0,0,25.6910569105691,0,0,5294,217,0,0,0,0
"4225",2023-03-15,16,0,5233,215,0,0,25.2260869565217,0,0,5802,238,0,0,0,0
"4226",2023-03-15,16,5,5053,215,0,0,25.2260869565217,0,0,5802,238,0,0,0,0
"4227",2023-03-15,16,10,5304,221,0,0,25.2260869565217,0,0,5802,238,0,0,0,0
"4228",2023-03-15,16,15,5358,219,0,0,25.2260869565217,0,0,5802,238,0,0,0,0
"4229",2023-03-15,16,20,5583,224,0,0,25.2260869565217,0,0,5802,238,0,0,0,0
"4230",2023-03-15,16,25,5802,230,0,0,25.2260869565217,0,0,5802,238,0,0,0,0
"4231",2023-03-15,16,30,5632,229,0,0,25.2260869565217,0,0,5802,238,0,0,0,0
"4232",2023-03-15,16,35,5594,231,0,0,25.2260869565217,0,0,5802,238,0,0,0,0
"4233",2023-03-15,16,40,5660,235,0,0,25.2260869565217,0,0,5802,238,0,0,0,0
"4234",2023-03-15,16,45,5704,238,0,0,25.2260869565217,0,0,5802,238,0,0,0,0
"4235",2023-03-15,16,50,5643,236,0,0,25.2260869565217,0,0,5802,238,0,0,0,0
"4236",2023-03-15,16,55,5475,236,0,0,25.2260869565217,0,0,5802,238,0,0,0,0
"4237",2023-03-15,17,0,5377,236,0,0,23.7931034482759,0,0,5520,236,0,0,0,0
"4238",2023-03-15,17,5,5349,236,0,0,23.7931034482759,0,0,5520,236,0,0,0,0
"4239",2023-03-15,17,10,5376,236,0,0,23.7931034482759,0,0,5520,236,0,0,0,0
"4240",2023-03-15,17,15,5332,233,0,0,23.7931034482759,0,0,5520,236,0,0,0,0
"4241",2023-03-15,17,20,5293,234,0,0,23.7931034482759,0,0,5520,236,0,0,0,0
"4242",2023-03-15,17,25,5143,233,0,0,23.7931034482759,0,0,5520,236,0,0,0,0
"4243",2023-03-15,17,30,5110,232,0,0,23.7931034482759,0,0,5520,236,0,0,0,0
"4244",2023-03-15,17,35,5121,233,0,0,23.7931034482759,0,0,5520,236,0,0,0,0
"4245",2023-03-15,17,40,5121,233,0,0,23.7931034482759,0,0,5520,236,0,0,0,0
"4246",2023-03-15,17,45,5208,234,0,0,23.7931034482759,0,0,5520,236,0,0,0,0
"4247",2023-03-15,17,50,5142,231,0,0,23.7931034482759,0,0,5520,236,0,0,0,0
"4248",2023-03-15,17,55,5520,232,0,0,23.7931034482759,0,0,5520,236,0,0,0,0
"4249",2023-03-15,18,0,5695,231,0,0,26.7896995708155,0,0,6242,235,0,0,0,0
"4250",2023-03-15,18,5,6145,233,0,0,26.7896995708155,0,0,6242,235,0,0,0,0
"4251",2023-03-15,18,10,6242,233,0,0,26.7896995708155,0,0,6242,235,0,0,0,0
"4252",2023-03-15,18,15,6203,234,0,0,26.7896995708155,0,0,6242,235,0,0,0,0
"4253",2023-03-15,18,20,6206,235,0,0,26.7896995708155,0,0,6242,235,0,0,0,0
"4254",2023-03-15,18,25,6217,235,0,0,26.7896995708155,0,0,6242,235,0,0,0,0
"4255",2023-03-15,18,30,5968,229,0,0,26.7896995708155,0,0,6242,235,0,0,0,0
"4256",2023-03-15,18,35,5692,228,0,0,26.7896995708155,0,0,6242,235,0,0,0,0
"4257",2023-03-15,18,40,5485,227,0,0,26.7896995708155,0,0,6242,235,0,0,0,0
"4258",2023-03-15,18,45,5534,230,0,0,26.7896995708155,0,0,6242,235,0,0,0,0
"4259",2023-03-15,18,50,5606,231,0,0,26.7896995708155,0,0,6242,235,0,0,0,0
"4260",2023-03-15,18,55,5245,229,0,0,26.7896995708155,0,0,6242,235,0,0,0,0
"4261",2023-03-15,19,0,5339,232,0,0,25.9815668202765,0,0,5638,233,0,0,0,0
"4262",2023-03-15,19,5,5546,233,0,0,25.9815668202765,0,0,5638,233,0,0,0,0
"4263",2023-03-15,19,10,5485,231,0,0,25.9815668202765,0,0,5638,233,0,0,0,0
"4264",2023-03-15,19,15,5424,227,0,0,25.9815668202765,0,0,5638,233,0,0,0,0
"4265",2023-03-15,19,20,5391,224,0,0,25.9815668202765,0,0,5638,233,0,0,0,0
"4266",2023-03-15,19,25,5446,226,0,0,25.9815668202765,0,0,5638,233,0,0,0,0
"4267",2023-03-15,19,30,5281,223,0,0,25.9815668202765,0,0,5638,233,0,0,0,0
"4268",2023-03-15,19,35,5266,218,0,0,25.9815668202765,0,0,5638,233,0,0,0,0
"4269",2023-03-15,19,40,5244,217,0,0,25.9815668202765,0,0,5638,233,0,0,0,0
"4270",2023-03-15,19,45,5528,215,0,0,25.9815668202765,0,0,5638,233,0,0,0,0
"4271",2023-03-15,19,50,5638,217,0,0,25.9815668202765,0,0,5638,233,0,0,0,0
"4272",2023-03-15,19,55,5466,215,0,0,25.9815668202765,0,0,5638,233,0,0,0,0
"4273",2023-03-15,20,0,5017,214,0,0,25.7409090909091,0,0,5737,223,0,0,0,0
"4274",2023-03-15,20,5,5094,217,0,0,25.7409090909091,0,0,5737,223,0,0,0,0
"4275",2023-03-15,20,10,5461,218,0,0,25.7409090909091,0,0,5737,223,0,0,0,0
"4276",2023-03-15,20,15,5663,220,0,0,25.7409090909091,0,0,5737,223,0,0,0,0
"4277",2023-03-15,20,20,5587,221,0,0,25.7409090909091,0,0,5737,223,0,0,0,0
"4278",2023-03-15,20,25,5737,223,0,0,25.7409090909091,0,0,5737,223,0,0,0,0
"4279",2023-03-15,20,30,5617,222,0,0,25.7409090909091,0,0,5737,223,0,0,0,0
"4280",2023-03-15,20,35,5603,220,0,0,25.7409090909091,0,0,5737,223,0,0,0,0
"4281",2023-03-15,20,40,5521,218,0,0,25.7409090909091,0,0,5737,223,0,0,0,0
"4282",2023-03-15,20,45,5460,217,0,0,25.7409090909091,0,0,5737,223,0,0,0,0
"4283",2023-03-15,20,50,5438,216,0,0,25.7409090909091,0,0,5737,223,0,0,0,0
"4284",2023-03-15,20,55,5438,216,0,0,25.7409090909091,0,0,5737,223,0,0,0,0
"4285",2023-03-15,21,0,5447,216,0,0,26.1059907834101,0,0,5665,218,0,0,0,0
"4286",2023-03-15,21,5,5665,217,0,0,26.1059907834101,0,0,5665,218,0,0,0,0
"4287",2023-03-15,21,10,5665,217,0,0,26.1059907834101,0,0,5665,218,0,0,0,0
"4288",2023-03-15,21,15,5305,215,0,0,26.1059907834101,0,0,5665,218,0,0,0,0
"4289",2023-03-15,21,20,5010,217,0,0,26.1059907834101,0,0,5665,218,0,0,0,0
"4290",2023-03-15,21,25,5032,218,0,0,26.1059907834101,0,0,5665,218,0,0,0,0
"4291",2023-03-15,21,30,5049,218,0,0,26.1059907834101,0,0,5665,218,0,0,0,0
"4292",2023-03-15,21,35,5029,217,0,0,26.1059907834101,0,0,5665,218,0,0,0,0
"4293",2023-03-15,21,40,4968,213,0,0,26.1059907834101,0,0,5665,218,0,0,0,0
"4294",2023-03-15,21,45,5006,213,0,0,26.1059907834101,0,0,5665,218,0,0,0,0
"4295",2023-03-15,21,50,5401,213,0,0,26.1059907834101,0,0,5665,218,0,0,0,0
"4296",2023-03-15,21,55,5451,213,0,0,26.1059907834101,0,0,5665,218,0,0,0,0
"4297",2023-03-15,22,0,5369,210,0,0,25.5666666666667,0,0,5369,210,0,0,0,0
"4298",2023-03-15,22,5,5227,208,0,0,25.5666666666667,0,0,5369,210,0,0,0,0
"4299",2023-03-15,22,10,5227,208,0,0,25.5666666666667,0,0,5369,210,0,0,0,0
"4300",2023-03-15,22,15,5205,207,0,0,25.5666666666667,0,0,5369,210,0,0,0,0
"4301",2023-03-15,22,20,4905,205,0,0,25.5666666666667,0,0,5369,210,0,0,0,0
"4302",2023-03-15,22,25,4883,204,0,0,25.5666666666667,0,0,5369,210,0,0,0,0
"4303",2023-03-15,22,30,4861,203,0,0,25.5666666666667,0,0,5369,210,0,0,0,0
"4304",2023-03-15,22,35,4817,200,0,0,25.5666666666667,0,0,5369,210,0,0,0,0
"4305",2023-03-15,22,40,4828,201,0,0,25.5666666666667,0,0,5369,210,0,0,0,0
"4306",2023-03-15,22,45,4745,198,0,0,25.5666666666667,0,0,5369,210,0,0,0,0
"4307",2023-03-15,22,50,4606,197,0,0,25.5666666666667,0,0,5369,210,0,0,0,0
"4308",2023-03-15,22,55,4606,197,0,0,25.5666666666667,0,0,5369,210,0,0,0,0
"4309",2023-03-15,23,0,4486,196,0,0,23.696335078534,0,0,4592,196,0,0,0,0
"4310",2023-03-15,23,5,4464,194,0,0,23.696335078534,0,0,4592,196,0,0,0,0
"4311",2023-03-15,23,10,4420,192,0,0,23.696335078534,0,0,4592,196,0,0,0,0
"4312",2023-03-15,23,15,4420,192,0,0,23.696335078534,0,0,4592,196,0,0,0,0
"4313",2023-03-15,23,20,4592,194,0,0,23.696335078534,0,0,4592,196,0,0,0,0
"4314",2023-03-15,23,25,4526,191,0,0,23.696335078534,0,0,4592,196,0,0,0,0
"4315",2023-03-15,23,30,4376,190,0,0,23.696335078534,0,0,4592,196,0,0,0,0
"4316",2023-03-15,23,35,4436,191,0,0,23.696335078534,0,0,4592,196,0,0,0,0
"4317",2023-03-15,23,40,4419,192,0,0,23.696335078534,0,0,4592,196,0,0,0,0
"4318",2023-03-15,23,45,4397,191,0,0,23.696335078534,0,0,4592,196,0,0,0,0
"4319",2023-03-15,23,50,4375,190,0,0,23.696335078534,0,0,4592,196,0,0,0,0
"4320",2023-03-15,23,55,4397,191,0,0,23.696335078534,0,0,4592,196,0,0,0,0
"4321",2023-03-16,0,0,4730,207,0,0,22.9257425742574,0,0,4730,207,0,0,0,0
"4322",2023-03-16,0,5,4669,206,0,0,22.9257425742574,0,0,4730,207,0,0,0,0
"4323",2023-03-16,0,10,4697,206,0,0,22.9257425742574,0,0,4730,207,0,0,0,0
"4324",2023-03-16,0,15,4675,205,0,0,22.9257425742574,0,0,4730,207,0,0,0,0
"4325",2023-03-16,0,20,4653,203,0,0,22.9257425742574,0,0,4730,207,0,0,0,0
"4326",2023-03-16,0,25,4664,204,0,0,22.9257425742574,0,0,4730,207,0,0,0,0
"4327",2023-03-16,0,30,4664,204,0,0,22.9257425742574,0,0,4730,207,0,0,0,0
"4328",2023-03-16,0,35,4686,205,0,0,22.9257425742574,0,0,4730,207,0,0,0,0
"4329",2023-03-16,0,40,4653,203,0,0,22.9257425742574,0,0,4730,207,0,0,0,0
"4330",2023-03-16,0,45,4653,203,0,0,22.9257425742574,0,0,4730,207,0,0,0,0
"4331",2023-03-16,0,50,4631,202,0,0,22.9257425742574,0,0,4730,207,0,0,0,0
"4332",2023-03-16,0,55,4581,201,0,0,22.9257425742574,0,0,4730,207,0,0,0,0
"4333",2023-03-16,1,0,4333,182,0,0,23.8681318681319,0,0,4344,183,0,0,0,0
"4334",2023-03-16,1,5,4344,182,0,0,23.8681318681319,0,0,4344,183,0,0,0,0
"4335",2023-03-16,1,10,4194,181,0,0,23.8681318681319,0,0,4344,183,0,0,0,0
"4336",2023-03-16,1,15,4276,183,0,0,23.8681318681319,0,0,4344,183,0,0,0,0
"4337",2023-03-16,1,20,4254,182,0,0,23.8681318681319,0,0,4344,183,0,0,0,0
"4338",2023-03-16,1,25,4265,183,0,0,23.8681318681319,0,0,4344,183,0,0,0,0
"4339",2023-03-16,1,30,4265,183,0,0,23.8681318681319,0,0,4344,183,0,0,0,0
"4340",2023-03-16,1,35,4205,182,0,0,23.8681318681319,0,0,4344,183,0,0,0,0
"4341",2023-03-16,1,40,4205,182,0,0,23.8681318681319,0,0,4344,183,0,0,0,0
"4342",2023-03-16,1,45,4265,183,0,0,23.8681318681319,0,0,4344,183,0,0,0,0
"4343",2023-03-16,1,50,4265,183,0,0,23.8681318681319,0,0,4344,183,0,0,0,0
"4344",2023-03-16,1,55,4265,183,0,0,23.8681318681319,0,0,4344,183,0,0,0,0
"4345",2023-03-16,2,0,4243,182,0,0,24.4944444444444,0,0,4431,183,0,0,0,0
"4346",2023-03-16,2,5,4243,182,0,0,24.4944444444444,0,0,4431,183,0,0,0,0
"4347",2023-03-16,2,10,4333,183,0,0,24.4944444444444,0,0,4431,183,0,0,0,0
"4348",2023-03-16,2,15,4262,181,0,0,24.4944444444444,0,0,4431,183,0,0,0,0
"4349",2023-03-16,2,20,4431,181,0,0,24.4944444444444,0,0,4431,183,0,0,0,0
"4350",2023-03-16,2,25,4409,180,0,0,24.4944444444444,0,0,4431,183,0,0,0,0
"4351",2023-03-16,2,30,4409,180,0,0,24.4944444444444,0,0,4431,183,0,0,0,0
"4352",2023-03-16,2,35,4297,178,0,0,24.4944444444444,0,0,4431,183,0,0,0,0
"4353",2023-03-16,2,40,4297,178,0,0,24.4944444444444,0,0,4431,183,0,0,0,0
"4354",2023-03-16,2,45,4275,177,0,0,24.4944444444444,0,0,4431,183,0,0,0,0
"4355",2023-03-16,2,50,4245,177,0,0,24.4944444444444,0,0,4431,183,0,0,0,0
"4356",2023-03-16,2,55,4245,177,0,0,24.4944444444444,0,0,4431,183,0,0,0,0
"4357",2023-03-16,3,0,4223,176,0,0,24.0057142857143,0,0,4223,176,0,0,0,0
"4358",2023-03-16,3,5,4201,175,0,0,24.0057142857143,0,0,4223,176,0,0,0,0
"4359",2023-03-16,3,10,4201,175,0,0,24.0057142857143,0,0,4223,176,0,0,0,0
"4360",2023-03-16,3,15,4051,174,0,0,24.0057142857143,0,0,4223,176,0,0,0,0
"4361",2023-03-16,3,20,4029,173,0,0,24.0057142857143,0,0,4223,176,0,0,0,0
"4362",2023-03-16,3,25,4029,173,0,0,24.0057142857143,0,0,4223,176,0,0,0,0
"4363",2023-03-16,3,30,4029,173,0,0,24.0057142857143,0,0,4223,176,0,0,0,0
"4364",2023-03-16,3,35,4029,173,0,0,24.0057142857143,0,0,4223,176,0,0,0,0
"4365",2023-03-16,3,40,3996,171,0,0,24.0057142857143,0,0,4223,176,0,0,0,0
"4366",2023-03-16,3,45,3996,171,0,0,24.0057142857143,0,0,4223,176,0,0,0,0
"4367",2023-03-16,3,50,3996,171,0,0,24.0057142857143,0,0,4223,176,0,0,0,0
"4368",2023-03-16,3,55,3974,170,0,0,24.0057142857143,0,0,4223,176,0,0,0,0
"4369",2023-03-16,4,0,3974,170,0,0,24.3058823529412,0,0,4132,170,0,0,0,0
"4370",2023-03-16,4,5,3974,170,0,0,24.3058823529412,0,0,4132,170,0,0,0,0
"4371",2023-03-16,4,10,3974,170,0,0,24.3058823529412,0,0,4132,170,0,0,0,0
"4372",2023-03-16,4,15,3974,170,0,0,24.3058823529412,0,0,4132,170,0,0,0,0
"4373",2023-03-16,4,20,3974,170,0,0,24.3058823529412,0,0,4132,170,0,0,0,0
"4374",2023-03-16,4,25,3974,170,0,0,24.3058823529412,0,0,4132,170,0,0,0,0
"4375",2023-03-16,4,30,3974,170,0,0,24.3058823529412,0,0,4132,170,0,0,0,0
"4376",2023-03-16,4,35,4132,170,0,0,24.3058823529412,0,0,4132,170,0,0,0,0
"4377",2023-03-16,4,40,4132,170,0,0,24.3058823529412,0,0,4132,170,0,0,0,0
"4378",2023-03-16,4,45,4132,170,0,0,24.3058823529412,0,0,4132,170,0,0,0,0
"4379",2023-03-16,4,50,4132,170,0,0,24.3058823529412,0,0,4132,170,0,0,0,0
"4380",2023-03-16,4,55,4132,170,0,0,24.3058823529412,0,0,4132,170,0,0,0,0
"4381",2023-03-16,5,0,3952,169,0,0,24.3846153846154,0,0,4132,170,0,0,0,0
"4382",2023-03-16,5,5,4132,170,0,0,24.3846153846154,0,0,4132,170,0,0,0,0
"4383",2023-03-16,5,10,4132,170,0,0,24.3846153846154,0,0,4132,170,0,0,0,0
"4384",2023-03-16,5,15,4132,170,0,0,24.3846153846154,0,0,4132,170,0,0,0,0
"4385",2023-03-16,5,20,4132,170,0,0,24.3846153846154,0,0,4132,170,0,0,0,0
"4386",2023-03-16,5,25,4121,169,0,0,24.3846153846154,0,0,4132,170,0,0,0,0
"4387",2023-03-16,5,30,3941,168,0,0,24.3846153846154,0,0,4132,170,0,0,0,0
"4388",2023-03-16,5,35,3941,168,0,0,24.3846153846154,0,0,4132,170,0,0,0,0
"4389",2023-03-16,5,40,3908,166,0,0,24.3846153846154,0,0,4132,170,0,0,0,0
"4390",2023-03-16,5,45,3908,166,0,0,24.3846153846154,0,0,4132,170,0,0,0,0
"4391",2023-03-16,5,50,3908,166,0,0,24.3846153846154,0,0,4132,170,0,0,0,0
"4392",2023-03-16,5,55,3908,166,0,0,24.3846153846154,0,0,4132,170,0,0,0,0
"4393",2023-03-16,6,0,3908,166,0,0,23.6848484848485,0,0,3930,166,0,0,0,0
"4394",2023-03-16,6,5,3908,166,0,0,23.6848484848485,0,0,3930,166,0,0,0,0
"4395",2023-03-16,6,10,3908,166,0,0,23.6848484848485,0,0,3930,166,0,0,0,0
"4396",2023-03-16,6,15,3908,166,0,0,23.6848484848485,0,0,3930,166,0,0,0,0
"4397",2023-03-16,6,20,3908,166,0,0,23.6848484848485,0,0,3930,166,0,0,0,0
"4398",2023-03-16,6,25,3908,166,0,0,23.6848484848485,0,0,3930,166,0,0,0,0
"4399",2023-03-16,6,30,3908,166,0,0,23.6848484848485,0,0,3930,166,0,0,0,0
"4400",2023-03-16,6,35,3886,165,0,0,23.6848484848485,0,0,3930,166,0,0,0,0
"4401",2023-03-16,6,40,3908,166,0,0,23.6848484848485,0,0,3930,166,0,0,0,0
"4402",2023-03-16,6,45,3930,166,0,0,23.6848484848485,0,0,3930,166,0,0,0,0
"4403",2023-03-16,6,50,3908,165,0,0,23.6848484848485,0,0,3930,166,0,0,0,0
"4404",2023-03-16,6,55,3930,166,0,0,23.6848484848485,0,0,3930,166,0,0,0,0
"4405",2023-03-16,7,0,3952,167,0,0,25.3093922651934,0,0,4724,198,0,0,0,0
"4406",2023-03-16,7,5,3963,169,0,0,25.3093922651934,0,0,4724,198,0,0,0,0
"4407",2023-03-16,7,10,3985,170,0,0,25.3093922651934,0,0,4724,198,0,0,0,0
"4408",2023-03-16,7,15,3952,168,0,0,25.3093922651934,0,0,4724,198,0,0,0,0
"4409",2023-03-16,7,20,4029,173,0,0,25.3093922651934,0,0,4724,198,0,0,0,0
"4410",2023-03-16,7,25,4129,174,0,0,25.3093922651934,0,0,4724,198,0,0,0,0
"4411",2023-03-16,7,30,4151,175,0,0,25.3093922651934,0,0,4724,198,0,0,0,0
"4412",2023-03-16,7,35,4386,179,0,0,25.3093922651934,0,0,4724,198,0,0,0,0
"4413",2023-03-16,7,40,4581,181,0,0,25.3093922651934,0,0,4724,198,0,0,0,0
"4414",2023-03-16,7,45,4702,188,0,0,25.3093922651934,0,0,4724,198,0,0,0,0
"4415",2023-03-16,7,50,4724,190,0,0,25.3093922651934,0,0,4724,198,0,0,0,0
"4416",2023-03-16,7,55,4703,198,0,0,25.3093922651934,0,0,4724,198,0,0,0,0
"4417",2023-03-16,8,0,4830,204,0,0,24.6486486486486,0,0,5875,255,0,0,0,0
"4418",2023-03-16,8,5,4907,209,0,0,24.6486486486486,0,0,5875,255,0,0,0,0
"4419",2023-03-16,8,10,5113,213,0,0,24.6486486486486,0,0,5875,255,0,0,0,0
"4420",2023-03-16,8,15,5472,222,0,0,24.6486486486486,0,0,5875,255,0,0,0,0
"4421",2023-03-16,8,20,5457,224,0,0,24.6486486486486,0,0,5875,255,0,0,0,0
"4422",2023-03-16,8,25,5434,227,0,0,24.6486486486486,0,0,5875,255,0,0,0,0
"4423",2023-03-16,8,30,5340,233,0,0,24.6486486486486,0,0,5875,255,0,0,0,0
"4424",2023-03-16,8,35,5456,237,0,0,24.6486486486486,0,0,5875,255,0,0,0,0
"4425",2023-03-16,8,40,5719,246,0,0,24.6486486486486,0,0,5875,255,0,0,0,0
"4426",2023-03-16,8,45,5763,250,0,0,24.6486486486486,0,0,5875,255,0,0,0,0
"4427",2023-03-16,8,50,5853,254,0,0,24.6486486486486,0,0,5875,255,0,0,0,0
"4428",2023-03-16,8,55,5875,255,0,0,24.6486486486486,0,0,5875,255,0,0,0,0
"4429",2023-03-16,9,0,6203,266,0,0,23.3195488721805,0,0,6870,307,0,0,0,0
"4430",2023-03-16,9,5,6324,272,0,0,23.3195488721805,0,0,6870,307,0,0,0,0
"4431",2023-03-16,9,10,6522,284,0,0,23.3195488721805,0,0,6870,307,0,0,0,0
"4432",2023-03-16,9,15,6533,285,0,0,23.3195488721805,0,0,6870,307,0,0,0,0
"4433",2023-03-16,9,20,6752,292,0,0,23.3195488721805,0,0,6870,307,0,0,0,0
"4434",2023-03-16,9,25,6701,296,0,0,23.3195488721805,0,0,6870,307,0,0,0,0
"4435",2023-03-16,9,30,6515,298,0,0,23.3195488721805,0,0,6870,307,0,0,0,0
"4436",2023-03-16,9,35,6714,304,0,0,23.3195488721805,0,0,6870,307,0,0,0,0
"4437",2023-03-16,9,40,6769,307,0,0,23.3195488721805,0,0,6870,307,0,0,0,0
"4438",2023-03-16,9,45,6747,306,0,0,23.3195488721805,0,0,6870,307,0,0,0,0
"4439",2023-03-16,9,50,6870,306,0,0,23.3195488721805,0,0,6870,307,0,0,0,0
"4440",2023-03-16,9,55,6768,303,0,0,23.3195488721805,0,0,6870,307,0,0,0,0
"4441",2023-03-16,10,0,7051,305,0,0,23.2387096774194,0,0,7226,311,0,0,0,0
"4442",2023-03-16,10,5,7204,310,0,0,23.2387096774194,0,0,7226,311,0,0,0,0
"4443",2023-03-16,10,10,7226,311,0,0,23.2387096774194,0,0,7226,311,0,0,0,0
"4444",2023-03-16,10,15,7117,310,0,0,23.2387096774194,0,0,7226,311,0,0,0,0
"4445",2023-03-16,10,20,6953,307,0,0,23.2387096774194,0,0,7226,311,0,0,0,0
"4446",2023-03-16,10,25,6679,298,0,0,23.2387096774194,0,0,7226,311,0,0,0,0
"4447",2023-03-16,10,30,6722,306,0,0,23.2387096774194,0,0,7226,311,0,0,0,0
"4448",2023-03-16,10,35,6467,300,0,0,23.2387096774194,0,0,7226,311,0,0,0,0
"4449",2023-03-16,10,40,6423,298,0,0,23.2387096774194,0,0,7226,311,0,0,0,0
"4450",2023-03-16,10,45,6671,301,0,0,23.2387096774194,0,0,7226,311,0,0,0,0
"4451",2023-03-16,10,50,6576,302,0,0,23.2387096774194,0,0,7226,311,0,0,0,0
"4452",2023-03-16,10,55,6456,301,0,0,23.2387096774194,0,0,7226,311,0,0,0,0
"4453",2023-03-16,11,0,6478,302,0,0,22.3033333333333,0,0,6713,302,0,0,0,0
"4454",2023-03-16,11,5,6434,300,0,0,22.3033333333333,0,0,6713,302,0,0,0,0
"4455",2023-03-16,11,10,6314,299,0,0,22.3033333333333,0,0,6713,302,0,0,0,0
"4456",2023-03-16,11,15,6359,298,0,0,22.3033333333333,0,0,6713,302,0,0,0,0
"4457",2023-03-16,11,20,6533,300,0,0,22.3033333333333,0,0,6713,302,0,0,0,0
"4458",2023-03-16,11,25,6544,300,0,0,22.3033333333333,0,0,6713,302,0,0,0,0
"4459",2023-03-16,11,30,6713,301,0,0,22.3033333333333,0,0,6713,302,0,0,0,0
"4460",2023-03-16,11,35,6713,302,0,0,22.3033333333333,0,0,6713,302,0,0,0,0
"4461",2023-03-16,11,40,6691,300,0,0,22.3033333333333,0,0,6713,302,0,0,0,0
"4462",2023-03-16,11,45,6680,301,0,0,22.3033333333333,0,0,6713,302,0,0,0,0
"4463",2023-03-16,11,50,6691,301,0,0,22.3033333333333,0,0,6713,302,0,0,0,0
"4464",2023-03-16,11,55,6467,297,0,0,22.3033333333333,0,0,6713,302,0,0,0,0
"4465",2023-03-16,12,0,6592,295,0,0,23.5206896551724,0,0,6821,295,0,0,0,0
"4466",2023-03-16,12,5,6449,287,0,0,23.5206896551724,0,0,6821,295,0,0,0,0
"4467",2023-03-16,12,10,6587,287,0,0,23.5206896551724,0,0,6821,295,0,0,0,0
"4468",2023-03-16,12,15,6619,288,0,0,23.5206896551724,0,0,6821,295,0,0,0,0
"4469",2023-03-16,12,20,6821,290,0,0,23.5206896551724,0,0,6821,295,0,0,0,0
"4470",2023-03-16,12,25,6586,286,0,0,23.5206896551724,0,0,6821,295,0,0,0,0
"4471",2023-03-16,12,30,6417,285,0,0,23.5206896551724,0,0,6821,295,0,0,0,0
"4472",2023-03-16,12,35,6472,288,0,0,23.5206896551724,0,0,6821,295,0,0,0,0
"4473",2023-03-16,12,40,6619,287,0,0,23.5206896551724,0,0,6821,295,0,0,0,0
"4474",2023-03-16,12,45,6624,284,0,0,23.5206896551724,0,0,6821,295,0,0,0,0
"4475",2023-03-16,12,50,6592,281,0,0,23.5206896551724,0,0,6821,295,0,0,0,0
"4476",2023-03-16,12,55,6417,277,0,0,23.5206896551724,0,0,6821,295,0,0,0,0
"4477",2023-03-16,13,0,6362,273,0,0,24.1944444444444,0,0,6362,273,0,0,0,0
"4478",2023-03-16,13,5,6219,264,0,0,24.1944444444444,0,0,6362,273,0,0,0,0
"4479",2023-03-16,13,10,6142,260,0,0,24.1944444444444,0,0,6362,273,0,0,0,0
"4480",2023-03-16,13,15,5992,260,0,0,24.1944444444444,0,0,6362,273,0,0,0,0
"4481",2023-03-16,13,20,5970,259,0,0,24.1944444444444,0,0,6362,273,0,0,0,0
"4482",2023-03-16,13,25,5992,260,0,0,24.1944444444444,0,0,6362,273,0,0,0,0
"4483",2023-03-16,13,30,5976,257,0,0,24.1944444444444,0,0,6362,273,0,0,0,0
"4484",2023-03-16,13,35,6136,257,0,0,24.1944444444444,0,0,6362,273,0,0,0,0
"4485",2023-03-16,13,40,6092,254,0,0,24.1944444444444,0,0,6362,273,0,0,0,0
"4486",2023-03-16,13,45,6097,252,0,0,24.1944444444444,0,0,6362,273,0,0,0,0
"4487",2023-03-16,13,50,6141,254,0,0,24.1944444444444,0,0,6362,273,0,0,0,0
"4488",2023-03-16,13,55,6197,257,0,0,24.1944444444444,0,0,6362,273,0,0,0,0
"4489",2023-03-16,14,0,6397,264,0,0,24.7399267399267,0,0,6754,277,0,0,0,0
"4490",2023-03-16,14,5,6458,266,0,0,24.7399267399267,0,0,6754,277,0,0,0,0
"4491",2023-03-16,14,10,6754,273,0,0,24.7399267399267,0,0,6754,277,0,0,0,0
"4492",2023-03-16,14,15,6383,271,0,0,24.7399267399267,0,0,6754,277,0,0,0,0
"4493",2023-03-16,14,20,6618,277,0,0,24.7399267399267,0,0,6754,277,0,0,0,0
"4494",2023-03-16,14,25,6571,273,0,0,24.7399267399267,0,0,6754,277,0,0,0,0
"4495",2023-03-16,14,30,6576,275,0,0,24.7399267399267,0,0,6754,277,0,0,0,0
"4496",2023-03-16,14,35,6543,274,0,0,24.7399267399267,0,0,6754,277,0,0,0,0
"4497",2023-03-16,14,40,6333,272,0,0,24.7399267399267,0,0,6754,277,0,0,0,0
"4498",2023-03-16,14,45,6322,272,0,0,24.7399267399267,0,0,6754,277,0,0,0,0
"4499",2023-03-16,14,50,6300,271,0,0,24.7399267399267,0,0,6754,277,0,0,0,0
"4500",2023-03-16,14,55,6164,273,0,0,24.7399267399267,0,0,6754,277,0,0,0,0
"4501",2023-03-16,15,0,5985,266,0,0,23.2546125461255,0,0,6592,287,0,0,0,0
"4502",2023-03-16,15,5,6040,269,0,0,23.2546125461255,0,0,6592,287,0,0,0,0
"4503",2023-03-16,15,10,6138,269,0,0,23.2546125461255,0,0,6592,287,0,0,0,0
"4504",2023-03-16,15,15,6302,271,0,0,23.2546125461255,0,0,6592,287,0,0,0,0
"4505",2023-03-16,15,20,6111,270,0,0,23.2546125461255,0,0,6592,287,0,0,0,0
"4506",2023-03-16,15,25,5964,271,0,0,23.2546125461255,0,0,6592,287,0,0,0,0
"4507",2023-03-16,15,30,5997,273,0,0,23.2546125461255,0,0,6592,287,0,0,0,0
"4508",2023-03-16,15,35,6217,278,0,0,23.2546125461255,0,0,6592,287,0,0,0,0
"4509",2023-03-16,15,40,6310,279,0,0,23.2546125461255,0,0,6592,287,0,0,0,0
"4510",2023-03-16,15,45,6398,283,0,0,23.2546125461255,0,0,6592,287,0,0,0,0
"4511",2023-03-16,15,50,6592,287,0,0,23.2546125461255,0,0,6592,287,0,0,0,0
"4512",2023-03-16,15,55,6531,286,0,0,23.2546125461255,0,0,6592,287,0,0,0,0
"4513",2023-03-16,16,0,6487,282,0,0,23.1033210332103,0,0,6487,282,0,0,0,0
"4514",2023-03-16,16,5,6378,281,0,0,23.1033210332103,0,0,6487,282,0,0,0,0
"4515",2023-03-16,16,10,6132,276,0,0,23.1033210332103,0,0,6487,282,0,0,0,0
"4516",2023-03-16,16,15,6124,277,0,0,23.1033210332103,0,0,6487,282,0,0,0,0
"4517",2023-03-16,16,20,5908,273,0,0,23.1033210332103,0,0,6487,282,0,0,0,0
"4518",2023-03-16,16,25,5952,275,0,0,23.1033210332103,0,0,6487,282,0,0,0,0
"4519",2023-03-16,16,30,5969,274,0,0,23.1033210332103,0,0,6487,282,0,0,0,0
"4520",2023-03-16,16,35,5879,269,0,0,23.1033210332103,0,0,6487,282,0,0,0,0
"4521",2023-03-16,16,40,6081,271,0,0,23.1033210332103,0,0,6487,282,0,0,0,0
"4522",2023-03-16,16,45,6261,271,0,0,23.1033210332103,0,0,6487,282,0,0,0,0
"4523",2023-03-16,16,50,6048,269,0,0,23.1033210332103,0,0,6487,282,0,0,0,0
"4524",2023-03-16,16,55,6152,274,0,0,23.1033210332103,0,0,6487,282,0,0,0,0
"4525",2023-03-16,17,0,6218,278,0,0,24.24,0,0,6666,280,0,0,0,0
"4526",2023-03-16,17,5,6398,279,0,0,24.24,0,0,6666,280,0,0,0,0
"4527",2023-03-16,17,10,6582,280,0,0,24.24,0,0,6666,280,0,0,0,0
"4528",2023-03-16,17,15,6326,280,0,0,24.24,0,0,6666,280,0,0,0,0
"4529",2023-03-16,17,20,6666,275,0,0,24.24,0,0,6666,280,0,0,0,0
"4530",2023-03-16,17,25,6551,272,0,0,24.24,0,0,6666,280,0,0,0,0
"4531",2023-03-16,17,30,6321,270,0,0,24.24,0,0,6666,280,0,0,0,0
"4532",2023-03-16,17,35,6398,273,0,0,24.24,0,0,6666,280,0,0,0,0
"4533",2023-03-16,17,40,6004,270,0,0,24.24,0,0,6666,280,0,0,0,0
"4534",2023-03-16,17,45,5960,267,0,0,24.24,0,0,6666,280,0,0,0,0
"4535",2023-03-16,17,50,5809,266,0,0,24.24,0,0,6666,280,0,0,0,0
"4536",2023-03-16,17,55,5644,263,0,0,24.24,0,0,6666,280,0,0,0,0
"4537",2023-03-16,18,0,5946,261,0,0,24.0553359683794,0,0,6108,263,0,0,0,0
"4538",2023-03-16,18,5,5993,263,0,0,24.0553359683794,0,0,6108,263,0,0,0,0
"4539",2023-03-16,18,10,6041,256,0,0,24.0553359683794,0,0,6108,263,0,0,0,0
"4540",2023-03-16,18,15,6080,257,0,0,24.0553359683794,0,0,6108,263,0,0,0,0
"4541",2023-03-16,18,20,5966,252,0,0,24.0553359683794,0,0,6108,263,0,0,0,0
"4542",2023-03-16,18,25,6108,254,0,0,24.0553359683794,0,0,6108,263,0,0,0,0
"4543",2023-03-16,18,30,6086,253,0,0,24.0553359683794,0,0,6108,263,0,0,0,0
"4544",2023-03-16,18,35,6089,254,0,0,24.0553359683794,0,0,6108,263,0,0,0,0
"4545",2023-03-16,18,40,5967,253,0,0,24.0553359683794,0,0,6108,263,0,0,0,0
"4546",2023-03-16,18,45,5857,247,0,0,24.0553359683794,0,0,6108,263,0,0,0,0
"4547",2023-03-16,18,50,5612,243,0,0,24.0553359683794,0,0,6108,263,0,0,0,0
"4548",2023-03-16,18,55,5606,240,0,0,24.0553359683794,0,0,6108,263,0,0,0,0
"4549",2023-03-16,19,0,5606,240,0,0,25.2521008403361,0,0,6010,240,0,0,0,0
"4550",2023-03-16,19,5,5475,238,0,0,25.2521008403361,0,0,6010,240,0,0,0,0
"4551",2023-03-16,19,10,5442,236,0,0,25.2521008403361,0,0,6010,240,0,0,0,0
"4552",2023-03-16,19,15,5492,237,0,0,25.2521008403361,0,0,6010,240,0,0,0,0
"4553",2023-03-16,19,20,5627,236,0,0,25.2521008403361,0,0,6010,240,0,0,0,0
"4554",2023-03-16,19,25,6010,238,0,0,25.2521008403361,0,0,6010,240,0,0,0,0
"4555",2023-03-16,19,30,5827,235,0,0,25.2521008403361,0,0,6010,240,0,0,0,0
"4556",2023-03-16,19,35,5805,234,0,0,25.2521008403361,0,0,6010,240,0,0,0,0
"4557",2023-03-16,19,40,5611,230,0,0,25.2521008403361,0,0,6010,240,0,0,0,0
"4558",2023-03-16,19,45,5758,229,0,0,25.2521008403361,0,0,6010,240,0,0,0,0
"4559",2023-03-16,19,50,5681,225,0,0,25.2521008403361,0,0,6010,240,0,0,0,0
"4560",2023-03-16,19,55,5274,225,0,0,25.2521008403361,0,0,6010,240,0,0,0,0
"4561",2023-03-16,20,0,5274,225,0,0,23.5296610169492,0,0,5553,236,0,0,0,0
"4562",2023-03-16,20,5,5362,229,0,0,23.5296610169492,0,0,5553,236,0,0,0,0
"4563",2023-03-16,20,10,5362,229,0,0,23.5296610169492,0,0,5553,236,0,0,0,0
"4564",2023-03-16,20,15,5351,228,0,0,23.5296610169492,0,0,5553,236,0,0,0,0
"4565",2023-03-16,20,20,5322,228,0,0,23.5296610169492,0,0,5553,236,0,0,0,0
"4566",2023-03-16,20,25,5333,228,0,0,23.5296610169492,0,0,5553,236,0,0,0,0
"4567",2023-03-16,20,30,5377,230,0,0,23.5296610169492,0,0,5553,236,0,0,0,0
"4568",2023-03-16,20,35,5421,234,0,0,23.5296610169492,0,0,5553,236,0,0,0,0
"4569",2023-03-16,20,40,5410,234,0,0,23.5296610169492,0,0,5553,236,0,0,0,0
"4570",2023-03-16,20,45,5182,233,0,0,23.5296610169492,0,0,5553,236,0,0,0,0
"4571",2023-03-16,20,50,5182,233,0,0,23.5296610169492,0,0,5553,236,0,0,0,0
"4572",2023-03-16,20,55,5553,236,0,0,23.5296610169492,0,0,5553,236,0,0,0,0
"4573",2023-03-16,21,0,5553,236,0,0,23.7554585152838,0,0,5558,236,0,0,0,0
"4574",2023-03-16,21,5,5520,234,0,0,23.7554585152838,0,0,5558,236,0,0,0,0
"4575",2023-03-16,21,10,5542,235,0,0,23.7554585152838,0,0,5558,236,0,0,0,0
"4576",2023-03-16,21,15,5531,234,0,0,23.7554585152838,0,0,5558,236,0,0,0,0
"4577",2023-03-16,21,20,5498,233,0,0,23.7554585152838,0,0,5558,236,0,0,0,0
"4578",2023-03-16,21,25,5558,234,0,0,23.7554585152838,0,0,5558,236,0,0,0,0
"4579",2023-03-16,21,30,5312,230,0,0,23.7554585152838,0,0,5558,236,0,0,0,0
"4580",2023-03-16,21,35,5246,226,0,0,23.7554585152838,0,0,5558,236,0,0,0,0
"4581",2023-03-16,21,40,5440,229,0,0,23.7554585152838,0,0,5558,236,0,0,0,0
"4582",2023-03-16,21,45,5305,229,0,0,23.7554585152838,0,0,5558,236,0,0,0,0
"4583",2023-03-16,21,50,5348,230,0,0,23.7554585152838,0,0,5558,236,0,0,0,0
"4584",2023-03-16,21,55,5142,228,0,0,23.7554585152838,0,0,5558,236,0,0,0,0
"4585",2023-03-16,22,0,5120,227,0,0,23.5772727272727,0,0,5187,228,0,0,0,0
"4586",2023-03-16,22,5,5160,228,0,0,23.5772727272727,0,0,5187,228,0,0,0,0
"4587",2023-03-16,22,10,5138,227,0,0,23.5772727272727,0,0,5187,228,0,0,0,0
"4588",2023-03-16,22,15,5116,226,0,0,23.5772727272727,0,0,5187,228,0,0,0,0
"4589",2023-03-16,22,20,5173,225,0,0,23.5772727272727,0,0,5187,228,0,0,0,0
"4590",2023-03-16,22,25,5123,224,0,0,23.5772727272727,0,0,5187,228,0,0,0,0
"4591",2023-03-16,22,30,5101,223,0,0,23.5772727272727,0,0,5187,228,0,0,0,0
"4592",2023-03-16,22,35,5101,223,0,0,23.5772727272727,0,0,5187,228,0,0,0,0
"4593",2023-03-16,22,40,5101,223,0,0,23.5772727272727,0,0,5187,228,0,0,0,0
"4594",2023-03-16,22,45,5029,221,0,0,23.5772727272727,0,0,5187,228,0,0,0,0
"4595",2023-03-16,22,50,5051,222,0,0,23.5772727272727,0,0,5187,228,0,0,0,0
"4596",2023-03-16,22,55,5187,220,0,0,23.5772727272727,0,0,5187,228,0,0,0,0
"4597",2023-03-16,23,0,4979,217,0,0,23.5167464114833,0,0,5025,217,0,0,0,0
"4598",2023-03-16,23,5,4979,217,0,0,23.5167464114833,0,0,5025,217,0,0,0,0
"4599",2023-03-16,23,10,4935,214,0,0,23.5167464114833,0,0,5025,217,0,0,0,0
"4600",2023-03-16,23,15,4856,214,0,0,23.5167464114833,0,0,5025,217,0,0,0,0
"4601",2023-03-16,23,20,5025,215,0,0,23.5167464114833,0,0,5025,217,0,0,0,0
"4602",2023-03-16,23,25,4981,213,0,0,23.5167464114833,0,0,5025,217,0,0,0,0
"4603",2023-03-16,23,30,4970,212,0,0,23.5167464114833,0,0,5025,217,0,0,0,0
"4604",2023-03-16,23,35,4915,209,0,0,23.5167464114833,0,0,5025,217,0,0,0,0
"4605",2023-03-16,23,40,4691,206,0,0,23.5167464114833,0,0,5025,217,0,0,0,0
"4606",2023-03-16,23,45,4669,205,0,0,23.5167464114833,0,0,5025,217,0,0,0,0
"4607",2023-03-16,23,50,4625,203,0,0,23.5167464114833,0,0,5025,217,0,0,0,0
"4608",2023-03-16,23,55,4625,203,0,0,23.5167464114833,0,0,5025,217,0,0,0,0
"4609",2023-03-17,0,0,4651,202,0,0,23.0792079207921,0,0,4673,203,0,0,0,0
"4610",2023-03-17,0,5,4651,202,0,0,23.0792079207921,0,0,4673,203,0,0,0,0
"4611",2023-03-17,0,10,4673,203,0,0,23.0792079207921,0,0,4673,203,0,0,0,0
"4612",2023-03-17,0,15,4662,202,0,0,23.0792079207921,0,0,4673,203,0,0,0,0
"4613",2023-03-17,0,20,4634,202,0,0,23.0792079207921,0,0,4673,203,0,0,0,0
"4614",2023-03-17,0,25,4634,202,0,0,23.0792079207921,0,0,4673,203,0,0,0,0
"4615",2023-03-17,0,30,4645,203,0,0,23.0792079207921,0,0,4673,203,0,0,0,0
"4616",2023-03-17,0,35,4601,201,0,0,23.0792079207921,0,0,4673,203,0,0,0,0
"4617",2023-03-17,0,40,4579,201,0,0,23.0792079207921,0,0,4673,203,0,0,0,0
"4618",2023-03-17,0,45,4557,200,0,0,23.0792079207921,0,0,4673,203,0,0,0,0
"4619",2023-03-17,0,50,4579,201,0,0,23.0792079207921,0,0,4673,203,0,0,0,0
"4620",2023-03-17,0,55,4579,201,0,0,23.0792079207921,0,0,4673,203,0,0,0,0
"4621",2023-03-17,1,0,4581,201,0,0,23.8118811881188,0,0,4810,202,0,0,0,0
"4622",2023-03-17,1,5,4581,201,0,0,23.8118811881188,0,0,4810,202,0,0,0,0
"4623",2023-03-17,1,10,4581,201,0,0,23.8118811881188,0,0,4810,202,0,0,0,0
"4624",2023-03-17,1,15,4559,200,0,0,23.8118811881188,0,0,4810,202,0,0,0,0
"4625",2023-03-17,1,20,4581,201,0,0,23.8118811881188,0,0,4810,202,0,0,0,0
"4626",2023-03-17,1,25,4581,201,0,0,23.8118811881188,0,0,4810,202,0,0,0,0
"4627",2023-03-17,1,30,4570,200,0,0,23.8118811881188,0,0,4810,202,0,0,0,0
"4628",2023-03-17,1,35,4570,200,0,0,23.8118811881188,0,0,4810,202,0,0,0,0
"4629",2023-03-17,1,40,4750,201,0,0,23.8118811881188,0,0,4810,202,0,0,0,0
"4630",2023-03-17,1,45,4810,202,0,0,23.8118811881188,0,0,4810,202,0,0,0,0
"4631",2023-03-17,1,50,4745,200,0,0,23.8118811881188,0,0,4810,202,0,0,0,0
"4632",2023-03-17,1,55,4565,199,0,0,23.8118811881188,0,0,4810,202,0,0,0,0
"4633",2023-03-17,2,0,4532,197,0,0,23.639175257732,0,0,4586,197,0,0,0,0
"4634",2023-03-17,2,5,4532,197,0,0,23.639175257732,0,0,4586,197,0,0,0,0
"4635",2023-03-17,2,10,4532,197,0,0,23.639175257732,0,0,4586,197,0,0,0,0
"4636",2023-03-17,2,15,4472,196,0,0,23.639175257732,0,0,4586,197,0,0,0,0
"4637",2023-03-17,2,20,4472,196,0,0,23.639175257732,0,0,4586,197,0,0,0,0
"4638",2023-03-17,2,25,4472,196,0,0,23.639175257732,0,0,4586,197,0,0,0,0
"4639",2023-03-17,2,30,4532,197,0,0,23.639175257732,0,0,4586,197,0,0,0,0
"4640",2023-03-17,2,35,4510,196,0,0,23.639175257732,0,0,4586,197,0,0,0,0
"4641",2023-03-17,2,40,4510,196,0,0,23.639175257732,0,0,4586,197,0,0,0,0
"4642",2023-03-17,2,45,4510,196,0,0,23.639175257732,0,0,4586,197,0,0,0,0
"4643",2023-03-17,2,50,4450,195,0,0,23.639175257732,0,0,4586,197,0,0,0,0
"4644",2023-03-17,2,55,4586,194,0,0,23.639175257732,0,0,4586,197,0,0,0,0
"4645",2023-03-17,3,0,4586,194,0,0,23.6649214659686,0,0,4586,194,0,0,0,0
"4646",2023-03-17,3,5,4586,194,0,0,23.6649214659686,0,0,4586,194,0,0,0,0
"4647",2023-03-17,3,10,4564,193,0,0,23.6649214659686,0,0,4586,194,0,0,0,0
"4648",2023-03-17,3,15,4564,193,0,0,23.6649214659686,0,0,4586,194,0,0,0,0
"4649",2023-03-17,3,20,4362,191,0,0,23.6649214659686,0,0,4586,194,0,0,0,0
"4650",2023-03-17,3,25,4362,191,0,0,23.6649214659686,0,0,4586,194,0,0,0,0
"4651",2023-03-17,3,30,4542,192,0,0,23.6649214659686,0,0,4586,194,0,0,0,0
"4652",2023-03-17,3,35,4542,192,0,0,23.6649214659686,0,0,4586,194,0,0,0,0
"4653",2023-03-17,3,40,4520,191,0,0,23.6649214659686,0,0,4586,194,0,0,0,0
"4654",2023-03-17,3,45,4340,190,0,0,23.6649214659686,0,0,4586,194,0,0,0,0
"4655",2023-03-17,3,50,4340,190,0,0,23.6649214659686,0,0,4586,194,0,0,0,0
"4656",2023-03-17,3,55,4340,190,0,0,23.6649214659686,0,0,4586,194,0,0,0,0
"4657",2023-03-17,4,0,4340,190,0,0,22.9837837837838,0,0,4340,190,0,0,0,0
"4658",2023-03-17,4,5,4329,189,0,0,22.9837837837838,0,0,4340,190,0,0,0,0
"4659",2023-03-17,4,10,4329,189,0,0,22.9837837837838,0,0,4340,190,0,0,0,0
"4660",2023-03-17,4,15,4329,189,0,0,22.9837837837838,0,0,4340,190,0,0,0,0
"4661",2023-03-17,4,20,4329,189,0,0,22.9837837837838,0,0,4340,190,0,0,0,0
"4662",2023-03-17,4,25,4307,188,0,0,22.9837837837838,0,0,4340,190,0,0,0,0
"4663",2023-03-17,4,30,4307,188,0,0,22.9837837837838,0,0,4340,190,0,0,0,0
"4664",2023-03-17,4,35,4285,187,0,0,22.9837837837838,0,0,4340,190,0,0,0,0
"4665",2023-03-17,4,40,4274,186,0,0,22.9837837837838,0,0,4340,190,0,0,0,0
"4666",2023-03-17,4,45,4274,186,0,0,22.9837837837838,0,0,4340,190,0,0,0,0
"4667",2023-03-17,4,50,4252,185,0,0,22.9837837837838,0,0,4340,190,0,0,0,0
"4668",2023-03-17,4,55,4252,185,0,0,22.9837837837838,0,0,4340,190,0,0,0,0
"4669",2023-03-17,5,0,4252,185,0,0,22.9945355191257,0,0,4252,185,0,0,0,0
"4670",2023-03-17,5,5,4252,185,0,0,22.9945355191257,0,0,4252,185,0,0,0,0
"4671",2023-03-17,5,10,4252,185,0,0,22.9945355191257,0,0,4252,185,0,0,0,0
"4672",2023-03-17,5,15,4252,185,0,0,22.9945355191257,0,0,4252,185,0,0,0,0
"4673",2023-03-17,5,20,4230,184,0,0,22.9945355191257,0,0,4252,185,0,0,0,0
"4674",2023-03-17,5,25,4230,184,0,0,22.9945355191257,0,0,4252,185,0,0,0,0
"4675",2023-03-17,5,30,4230,184,0,0,22.9945355191257,0,0,4252,185,0,0,0,0
"4676",2023-03-17,5,35,4252,185,0,0,22.9945355191257,0,0,4252,185,0,0,0,0
"4677",2023-03-17,5,40,4230,184,0,0,22.9945355191257,0,0,4252,185,0,0,0,0
"4678",2023-03-17,5,45,4230,184,0,0,22.9945355191257,0,0,4252,185,0,0,0,0
"4679",2023-03-17,5,50,4208,183,0,0,22.9945355191257,0,0,4252,185,0,0,0,0
"4680",2023-03-17,5,55,4208,183,0,0,22.9945355191257,0,0,4252,185,0,0,0,0
"4681",2023-03-17,6,0,4208,183,0,0,22.9945355191257,0,0,4241,185,0,0,0,0
"4682",2023-03-17,6,5,4219,184,0,0,22.9945355191257,0,0,4241,185,0,0,0,0
"4683",2023-03-17,6,10,4219,184,0,0,22.9945355191257,0,0,4241,185,0,0,0,0
"4684",2023-03-17,6,15,4219,184,0,0,22.9945355191257,0,0,4241,185,0,0,0,0
"4685",2023-03-17,6,20,4197,183,0,0,22.9945355191257,0,0,4241,185,0,0,0,0
"4686",2023-03-17,6,25,4219,184,0,0,22.9945355191257,0,0,4241,185,0,0,0,0
"4687",2023-03-17,6,30,4241,185,0,0,22.9945355191257,0,0,4241,185,0,0,0,0
"4688",2023-03-17,6,35,4219,184,0,0,22.9945355191257,0,0,4241,185,0,0,0,0
"4689",2023-03-17,6,40,4219,184,0,0,22.9945355191257,0,0,4241,185,0,0,0,0
"4690",2023-03-17,6,45,4219,184,0,0,22.9945355191257,0,0,4241,185,0,0,0,0
"4691",2023-03-17,6,50,4219,184,0,0,22.9945355191257,0,0,4241,185,0,0,0,0
"4692",2023-03-17,6,55,4230,185,0,0,22.9945355191257,0,0,4241,185,0,0,0,0
"4693",2023-03-17,7,0,4274,187,0,0,23.1155778894472,0,0,5047,220,0,0,0,0
"4694",2023-03-17,7,5,4263,187,0,0,23.1155778894472,0,0,5047,220,0,0,0,0
"4695",2023-03-17,7,10,4357,190,0,0,23.1155778894472,0,0,5047,220,0,0,0,0
"4696",2023-03-17,7,15,4412,193,0,0,23.1155778894472,0,0,5047,220,0,0,0,0
"4697",2023-03-17,7,20,4412,193,0,0,23.1155778894472,0,0,5047,220,0,0,0,0
"4698",2023-03-17,7,25,4423,194,0,0,23.1155778894472,0,0,5047,220,0,0,0,0
"4699",2023-03-17,7,30,4434,195,0,0,23.1155778894472,0,0,5047,220,0,0,0,0
"4700",2023-03-17,7,35,4600,199,0,0,23.1155778894472,0,0,5047,220,0,0,0,0
"4701",2023-03-17,7,40,4622,201,0,0,23.1155778894472,0,0,5047,220,0,0,0,0
"4702",2023-03-17,7,45,4660,207,0,0,23.1155778894472,0,0,5047,220,0,0,0,0
"4703",2023-03-17,7,50,4926,214,0,0,23.1155778894472,0,0,5047,220,0,0,0,0
"4704",2023-03-17,7,55,5047,220,0,0,23.1155778894472,0,0,5047,220,0,0,0,0
"4705",2023-03-17,8,0,5380,224,0,0,26.0952380952381,0,0,6121,256,0,0,0,0
"4706",2023-03-17,8,5,5615,228,0,0,26.0952380952381,0,0,6121,256,0,0,0,0
"4707",2023-03-17,8,10,6028,231,0,0,26.0952380952381,0,0,6121,256,0,0,0,0
"4708",2023-03-17,8,15,6050,232,0,0,26.0952380952381,0,0,6121,256,0,0,0,0
"4709",2023-03-17,8,20,6005,234,0,0,26.0952380952381,0,0,6121,256,0,0,0,0
"4710",2023-03-17,8,25,6055,236,0,0,26.0952380952381,0,0,6121,256,0,0,0,0
"4711",2023-03-17,8,30,6121,241,0,0,26.0952380952381,0,0,6121,256,0,0,0,0
"4712",2023-03-17,8,35,6035,244,0,0,26.0952380952381,0,0,6121,256,0,0,0,0
"4713",2023-03-17,8,40,5879,246,0,0,26.0952380952381,0,0,6121,256,0,0,0,0
"4714",2023-03-17,8,45,5562,247,0,0,26.0952380952381,0,0,6121,256,0,0,0,0
"4715",2023-03-17,8,50,5655,251,0,0,26.0952380952381,0,0,6121,256,0,0,0,0
"4716",2023-03-17,8,55,5716,256,0,0,26.0952380952381,0,0,6121,256,0,0,0,0
"4717",2023-03-17,9,0,5884,268,0,0,21.955223880597,0,0,6684,306,0,0,0,0
"4718",2023-03-17,9,5,5819,270,0,0,21.955223880597,0,0,6684,306,0,0,0,0
"4719",2023-03-17,9,10,5799,278,0,0,21.955223880597,0,0,6684,306,0,0,0,0
"4720",2023-03-17,9,15,5933,281,0,0,21.955223880597,0,0,6684,306,0,0,0,0
"4721",2023-03-17,9,20,6065,288,0,0,21.955223880597,0,0,6684,306,0,0,0,0
"4722",2023-03-17,9,25,6065,290,0,0,21.955223880597,0,0,6684,306,0,0,0,0
"4723",2023-03-17,9,30,6175,296,0,0,21.955223880597,0,0,6684,306,0,0,0,0
"4724",2023-03-17,9,35,6153,294,0,0,21.955223880597,0,0,6684,306,0,0,0,0
"4725",2023-03-17,9,40,6264,294,0,0,21.955223880597,0,0,6684,306,0,0,0,0
"4726",2023-03-17,9,45,6569,302,0,0,21.955223880597,0,0,6684,306,0,0,0,0
"4727",2023-03-17,9,50,6591,303,0,0,21.955223880597,0,0,6684,306,0,0,0,0
"4728",2023-03-17,9,55,6684,306,0,0,21.955223880597,0,0,6684,306,0,0,0,0
"4729",2023-03-17,10,0,6918,310,0,0,23.6314102564103,0,0,7373,313,0,0,0,0
"4730",2023-03-17,10,5,6907,309,0,0,23.6314102564103,0,0,7373,313,0,0,0,0
"4731",2023-03-17,10,10,6918,310,0,0,23.6314102564103,0,0,7373,313,0,0,0,0
"4732",2023-03-17,10,15,6816,311,0,0,23.6314102564103,0,0,7373,313,0,0,0,0
"4733",2023-03-17,10,20,6925,311,0,0,23.6314102564103,0,0,7373,313,0,0,0,0
"4734",2023-03-17,10,25,6925,312,0,0,23.6314102564103,0,0,7373,313,0,0,0,0
"4735",2023-03-17,10,30,7067,313,0,0,23.6314102564103,0,0,7373,313,0,0,0,0
"4736",2023-03-17,10,35,7006,313,0,0,23.6314102564103,0,0,7373,313,0,0,0,0
"4737",2023-03-17,10,40,7171,310,0,0,23.6314102564103,0,0,7373,313,0,0,0,0
"4738",2023-03-17,10,45,7373,312,0,0,23.6314102564103,0,0,7373,313,0,0,0,0
"4739",2023-03-17,10,50,7216,313,0,0,23.6314102564103,0,0,7373,313,0,0,0,0
"4740",2023-03-17,10,55,7156,312,0,0,23.6314102564103,0,0,7373,313,0,0,0,0
"4741",2023-03-17,11,0,7103,310,0,0,22.9262820512821,0,0,7153,312,0,0,0,0
"4742",2023-03-17,11,5,6945,309,0,0,22.9262820512821,0,0,7153,312,0,0,0,0
"4743",2023-03-17,11,10,6960,311,0,0,22.9262820512821,0,0,7153,312,0,0,0,0
"4744",2023-03-17,11,15,7110,312,0,0,22.9262820512821,0,0,7153,312,0,0,0,0
"4745",2023-03-17,11,20,7038,310,0,0,22.9262820512821,0,0,7153,312,0,0,0,0
"4746",2023-03-17,11,25,7153,312,0,0,22.9262820512821,0,0,7153,312,0,0,0,0
"4747",2023-03-17,11,30,6982,311,0,0,22.9262820512821,0,0,7153,312,0,0,0,0
"4748",2023-03-17,11,35,6769,309,0,0,22.9262820512821,0,0,7153,312,0,0,0,0
"4749",2023-03-17,11,40,6641,309,0,0,22.9262820512821,0,0,7153,312,0,0,0,0
"4750",2023-03-17,11,45,6685,309,0,0,22.9262820512821,0,0,7153,312,0,0,0,0
"4751",2023-03-17,11,50,6658,310,0,0,22.9262820512821,0,0,7153,312,0,0,0,0
"4752",2023-03-17,11,55,6903,312,0,0,22.9262820512821,0,0,7153,312,0,0,0,0
"4753",2023-03-17,12,0,6783,311,0,0,24.1107266435986,0,0,7301,311,0,0,0,0
"4754",2023-03-17,12,5,6756,308,0,0,24.1107266435986,0,0,7301,311,0,0,0,0
"4755",2023-03-17,12,10,6646,304,0,0,24.1107266435986,0,0,7301,311,0,0,0,0
"4756",2023-03-17,12,15,6837,306,0,0,24.1107266435986,0,0,7301,311,0,0,0,0
"4757",2023-03-17,12,20,6782,303,0,0,24.1107266435986,0,0,7301,311,0,0,0,0
"4758",2023-03-17,12,25,7301,305,0,0,24.1107266435986,0,0,7301,311,0,0,0,0
"4759",2023-03-17,12,30,7139,304,0,0,24.1107266435986,0,0,7301,311,0,0,0,0
"4760",2023-03-17,12,35,7133,305,0,0,24.1107266435986,0,0,7301,311,0,0,0,0
"4761",2023-03-17,12,40,7051,298,0,0,24.1107266435986,0,0,7301,311,0,0,0,0
"4762",2023-03-17,12,45,6897,288,0,0,24.1107266435986,0,0,7301,311,0,0,0,0
"4763",2023-03-17,12,50,6919,288,0,0,24.1107266435986,0,0,7301,311,0,0,0,0
"4764",2023-03-17,12,55,6968,289,0,0,24.1107266435986,0,0,7301,311,0,0,0,0
"4765",2023-03-17,13,0,7108,284,0,0,25.7242647058824,0,0,7124,284,0,0,0,0
"4766",2023-03-17,13,5,7124,277,0,0,25.7242647058824,0,0,7124,284,0,0,0,0
"4767",2023-03-17,13,10,6997,272,0,0,25.7242647058824,0,0,7124,284,0,0,0,0
"4768",2023-03-17,13,15,6834,270,0,0,25.7242647058824,0,0,7124,284,0,0,0,0
"4769",2023-03-17,13,20,6550,265,0,0,25.7242647058824,0,0,7124,284,0,0,0,0
"4770",2023-03-17,13,25,6561,265,0,0,25.7242647058824,0,0,7124,284,0,0,0,0
"4771",2023-03-17,13,30,6517,263,0,0,25.7242647058824,0,0,7124,284,0,0,0,0
"4772",2023-03-17,13,35,6743,264,0,0,25.7242647058824,0,0,7124,284,0,0,0,0
"4773",2023-03-17,13,40,6572,262,0,0,25.7242647058824,0,0,7124,284,0,0,0,0
"4774",2023-03-17,13,45,6408,261,0,0,25.7242647058824,0,0,7124,284,0,0,0,0
"4775",2023-03-17,13,50,6450,263,0,0,25.7242647058824,0,0,7124,284,0,0,0,0
"4776",2023-03-17,13,55,6372,263,0,0,25.7242647058824,0,0,7124,284,0,0,0,0
"4777",2023-03-17,14,0,6349,264,0,0,24.8612099644128,0,0,6986,281,0,0,0,0
"4778",2023-03-17,14,5,6534,272,0,0,24.8612099644128,0,0,6986,281,0,0,0,0
"4779",2023-03-17,14,10,6562,274,0,0,24.8612099644128,0,0,6986,281,0,0,0,0
"4780",2023-03-17,14,15,6573,275,0,0,24.8612099644128,0,0,6986,281,0,0,0,0
"4781",2023-03-17,14,20,6372,273,0,0,24.8612099644128,0,0,6986,281,0,0,0,0
"4782",2023-03-17,14,25,6594,278,0,0,24.8612099644128,0,0,6986,281,0,0,0,0
"4783",2023-03-17,14,30,6725,279,0,0,24.8612099644128,0,0,6986,281,0,0,0,0
"4784",2023-03-17,14,35,6676,279,0,0,24.8612099644128,0,0,6986,281,0,0,0,0
"4785",2023-03-17,14,40,6654,278,0,0,24.8612099644128,0,0,6986,281,0,0,0,0
"4786",2023-03-17,14,45,6628,276,0,0,24.8612099644128,0,0,6986,281,0,0,0,0
"4787",2023-03-17,14,50,6766,281,0,0,24.8612099644128,0,0,6986,281,0,0,0,0
"4788",2023-03-17,14,55,6986,281,0,0,24.8612099644128,0,0,6986,281,0,0,0,0
"4789",2023-03-17,15,0,7188,285,0,0,25.8494623655914,0,0,7256,285,0,0,0,0
"4790",2023-03-17,15,5,7158,281,0,0,25.8494623655914,0,0,7256,285,0,0,0,0
"4791",2023-03-17,15,10,7212,279,0,0,25.8494623655914,0,0,7256,285,0,0,0,0
"4792",2023-03-17,15,15,7256,281,0,0,25.8494623655914,0,0,7256,285,0,0,0,0
"4793",2023-03-17,15,20,7170,283,0,0,25.8494623655914,0,0,7256,285,0,0,0,0
"4794",2023-03-17,15,25,7006,280,0,0,25.8494623655914,0,0,7256,285,0,0,0,0
"4795",2023-03-17,15,30,7131,282,0,0,25.8494623655914,0,0,7256,285,0,0,0,0
"4796",2023-03-17,15,35,7131,282,0,0,25.8494623655914,0,0,7256,285,0,0,0,0
"4797",2023-03-17,15,40,7017,285,0,0,25.8494623655914,0,0,7256,285,0,0,0,0
"4798",2023-03-17,15,45,6940,281,0,0,25.8494623655914,0,0,7256,285,0,0,0,0
"4799",2023-03-17,15,50,6590,277,0,0,25.8494623655914,0,0,7256,285,0,0,0,0
"4800",2023-03-17,15,55,7250,281,0,0,25.8494623655914,0,0,7256,285,0,0,0,0
"4801",2023-03-17,16,0,7169,281,0,0,25.984962406015,0,0,7169,281,0,0,0,0
"4802",2023-03-17,16,5,7147,280,0,0,25.984962406015,0,0,7169,281,0,0,0,0
"4803",2023-03-17,16,10,7103,276,0,0,25.984962406015,0,0,7169,281,0,0,0,0
"4804",2023-03-17,16,15,7153,276,0,0,25.984962406015,0,0,7169,281,0,0,0,0
"4805",2023-03-17,16,20,6881,271,0,0,25.984962406015,0,0,7169,281,0,0,0,0
"4806",2023-03-17,16,25,6815,268,0,0,25.984962406015,0,0,7169,281,0,0,0,0
"4807",2023-03-17,16,30,6912,266,0,0,25.984962406015,0,0,7169,281,0,0,0,0
"4808",2023-03-17,16,35,6563,265,0,0,25.984962406015,0,0,7169,281,0,0,0,0
"4809",2023-03-17,16,40,6557,266,0,0,25.984962406015,0,0,7169,281,0,0,0,0
"4810",2023-03-17,16,45,6612,270,0,0,25.984962406015,0,0,7169,281,0,0,0,0
"4811",2023-03-17,16,50,6524,266,0,0,25.984962406015,0,0,7169,281,0,0,0,0
"4812",2023-03-17,16,55,6564,259,0,0,25.984962406015,0,0,7169,281,0,0,0,0
"4813",2023-03-17,17,0,6328,254,0,0,25.6235741444867,0,0,6739,264,0,0,0,0
"4814",2023-03-17,17,5,6497,254,0,0,25.6235741444867,0,0,6739,264,0,0,0,0
"4815",2023-03-17,17,10,6352,251,0,0,25.6235741444867,0,0,6739,264,0,0,0,0
"4816",2023-03-17,17,15,5921,249,0,0,25.6235741444867,0,0,6739,264,0,0,0,0
"4817",2023-03-17,17,20,5921,248,0,0,25.6235741444867,0,0,6739,264,0,0,0,0
"4818",2023-03-17,17,25,5993,251,0,0,25.6235741444867,0,0,6739,264,0,0,0,0
"4819",2023-03-17,17,30,6321,256,0,0,25.6235741444867,0,0,6739,264,0,0,0,0
"4820",2023-03-17,17,35,6288,255,0,0,25.6235741444867,0,0,6739,264,0,0,0,0
"4821",2023-03-17,17,40,6382,258,0,0,25.6235741444867,0,0,6739,264,0,0,0,0
"4822",2023-03-17,17,45,6668,262,0,0,25.6235741444867,0,0,6739,264,0,0,0,0
"4823",2023-03-17,17,50,6739,263,0,0,25.6235741444867,0,0,6739,264,0,0,0,0
"4824",2023-03-17,17,55,6658,264,0,0,25.6235741444867,0,0,6739,264,0,0,0,0
"4825",2023-03-17,18,0,6696,264,0,0,26.6528925619835,0,0,6696,264,0,0,0,0
"4826",2023-03-17,18,5,6333,253,0,0,26.6528925619835,0,0,6696,264,0,0,0,0
"4827",2023-03-17,18,10,6325,251,0,0,26.6528925619835,0,0,6696,264,0,0,0,0
"4828",2023-03-17,18,15,6270,249,0,0,26.6528925619835,0,0,6696,264,0,0,0,0
"4829",2023-03-17,18,20,6187,246,0,0,26.6528925619835,0,0,6696,264,0,0,0,0
"4830",2023-03-17,18,25,6241,244,0,0,26.6528925619835,0,0,6696,264,0,0,0,0
"4831",2023-03-17,18,30,6383,246,0,0,26.6528925619835,0,0,6696,264,0,0,0,0
"4832",2023-03-17,18,35,6290,243,0,0,26.6528925619835,0,0,6696,264,0,0,0,0
"4833",2023-03-17,18,40,6470,244,0,0,26.6528925619835,0,0,6696,264,0,0,0,0
"4834",2023-03-17,18,45,6450,242,0,0,26.6528925619835,0,0,6696,264,0,0,0,0
"4835",2023-03-17,18,50,6173,235,0,0,26.6528925619835,0,0,6696,264,0,0,0,0
"4836",2023-03-17,18,55,6062,233,0,0,26.6528925619835,0,0,6696,264,0,0,0,0
"4837",2023-03-17,19,0,5964,233,0,0,26.2327586206897,0,0,6108,234,0,0,0,0
"4838",2023-03-17,19,5,6108,234,0,0,26.2327586206897,0,0,6108,234,0,0,0,0
"4839",2023-03-17,19,10,6086,232,0,0,26.2327586206897,0,0,6108,234,0,0,0,0
"4840",2023-03-17,19,15,5944,230,0,0,26.2327586206897,0,0,6108,234,0,0,0,0
"4841",2023-03-17,19,20,5814,231,0,0,26.2327586206897,0,0,6108,234,0,0,0,0
"4842",2023-03-17,19,25,5670,229,0,0,26.2327586206897,0,0,6108,234,0,0,0,0
"4843",2023-03-17,19,30,5451,224,0,0,26.2327586206897,0,0,6108,234,0,0,0,0
"4844",2023-03-17,19,35,5385,219,0,0,26.2327586206897,0,0,6108,234,0,0,0,0
"4845",2023-03-17,19,40,5297,214,0,0,26.2327586206897,0,0,6108,234,0,0,0,0
"4846",2023-03-17,19,45,5160,210,0,0,26.2327586206897,0,0,6108,234,0,0,0,0
"4847",2023-03-17,19,50,5150,211,0,0,26.2327586206897,0,0,6108,234,0,0,0,0
"4848",2023-03-17,19,55,5395,215,0,0,26.2327586206897,0,0,6108,234,0,0,0,0
"4849",2023-03-17,20,0,5428,216,0,0,26.8703703703704,0,0,5890,221,0,0,0,0
"4850",2023-03-17,20,5,5600,218,0,0,26.8703703703704,0,0,5890,221,0,0,0,0
"4851",2023-03-17,20,10,5464,219,0,0,26.8703703703704,0,0,5890,221,0,0,0,0
"4852",2023-03-17,20,15,5890,220,0,0,26.8703703703704,0,0,5890,221,0,0,0,0
"4853",2023-03-17,20,20,5821,221,0,0,26.8703703703704,0,0,5890,221,0,0,0,0
"4854",2023-03-17,20,25,5810,220,0,0,26.8703703703704,0,0,5890,221,0,0,0,0
"4855",2023-03-17,20,30,5788,218,0,0,26.8703703703704,0,0,5890,221,0,0,0,0
"4856",2023-03-17,20,35,5668,217,0,0,26.8703703703704,0,0,5890,221,0,0,0,0
"4857",2023-03-17,20,40,5804,216,0,0,26.8703703703704,0,0,5890,221,0,0,0,0
"4858",2023-03-17,20,45,5665,216,0,0,26.8703703703704,0,0,5890,221,0,0,0,0
"4859",2023-03-17,20,50,5665,216,0,0,26.8703703703704,0,0,5890,221,0,0,0,0
"4860",2023-03-17,20,55,5693,215,0,0,26.8703703703704,0,0,5890,221,0,0,0,0
"4861",2023-03-17,21,0,5791,215,0,0,28.0045454545455,0,0,6161,225,0,0,0,0
"4862",2023-03-17,21,5,5802,216,0,0,28.0045454545455,0,0,6161,225,0,0,0,0
"4863",2023-03-17,21,10,6161,220,0,0,28.0045454545455,0,0,6161,225,0,0,0,0
"4864",2023-03-17,21,15,6058,222,0,0,28.0045454545455,0,0,6161,225,0,0,0,0
"4865",2023-03-17,21,20,6079,224,0,0,28.0045454545455,0,0,6161,225,0,0,0,0
"4866",2023-03-17,21,25,6079,224,0,0,28.0045454545455,0,0,6161,225,0,0,0,0
"4867",2023-03-17,21,30,5919,224,0,0,28.0045454545455,0,0,6161,225,0,0,0,0
"4868",2023-03-17,21,35,5930,225,0,0,28.0045454545455,0,0,6161,225,0,0,0,0
"4869",2023-03-17,21,40,5864,222,0,0,28.0045454545455,0,0,6161,225,0,0,0,0
"4870",2023-03-17,21,45,5728,222,0,0,28.0045454545455,0,0,6161,225,0,0,0,0
"4871",2023-03-17,21,50,5588,223,0,0,28.0045454545455,0,0,6161,225,0,0,0,0
"4872",2023-03-17,21,55,5566,222,0,0,28.0045454545455,0,0,6161,225,0,0,0,0
"4873",2023-03-17,22,0,5394,220,0,0,24.5412844036697,0,0,5394,220,0,0,0,0
"4874",2023-03-17,22,5,5372,219,0,0,24.5412844036697,0,0,5394,220,0,0,0,0
"4875",2023-03-17,22,10,5350,218,0,0,24.5412844036697,0,0,5394,220,0,0,0,0
"4876",2023-03-17,22,15,5230,217,0,0,24.5412844036697,0,0,5394,220,0,0,0,0
"4877",2023-03-17,22,20,5153,214,0,0,24.5412844036697,0,0,5394,220,0,0,0,0
"4878",2023-03-17,22,25,5131,213,0,0,24.5412844036697,0,0,5394,220,0,0,0,0
"4879",2023-03-17,22,30,5110,213,0,0,24.5412844036697,0,0,5394,220,0,0,0,0
"4880",2023-03-17,22,35,5110,213,0,0,24.5412844036697,0,0,5394,220,0,0,0,0
"4881",2023-03-17,22,40,5110,213,0,0,24.5412844036697,0,0,5394,220,0,0,0,0
"4882",2023-03-17,22,45,5121,214,0,0,24.5412844036697,0,0,5394,220,0,0,0,0
"4883",2023-03-17,22,50,5121,214,0,0,24.5412844036697,0,0,5394,220,0,0,0,0
"4884",2023-03-17,22,55,5171,215,0,0,24.5412844036697,0,0,5394,220,0,0,0,0
"4885",2023-03-17,23,0,5171,215,0,0,25.1571428571429,0,0,5327,215,0,0,0,0
"4886",2023-03-17,23,5,5327,214,0,0,25.1571428571429,0,0,5327,215,0,0,0,0
"4887",2023-03-17,23,10,5305,213,0,0,25.1571428571429,0,0,5327,215,0,0,0,0
"4888",2023-03-17,23,15,5283,211,0,0,25.1571428571429,0,0,5327,215,0,0,0,0
"4889",2023-03-17,23,20,5283,210,0,0,25.1571428571429,0,0,5327,215,0,0,0,0
"4890",2023-03-17,23,25,5294,211,0,0,25.1571428571429,0,0,5327,215,0,0,0,0
"4891",2023-03-17,23,30,5072,209,0,0,25.1571428571429,0,0,5327,215,0,0,0,0
"4892",2023-03-17,23,35,5094,210,0,0,25.1571428571429,0,0,5327,215,0,0,0,0
"4893",2023-03-17,23,40,5083,209,0,0,25.1571428571429,0,0,5327,215,0,0,0,0
"4894",2023-03-17,23,45,5050,207,0,0,25.1571428571429,0,0,5327,215,0,0,0,0
"4895",2023-03-17,23,50,4684,204,0,0,25.1571428571429,0,0,5327,215,0,0,0,0
"4896",2023-03-17,23,55,4662,203,0,0,25.1571428571429,0,0,5327,215,0,0,0,0
"4897",2023-03-18,0,0,4128,175,0,0,24.0941176470588,0,0,4200,177,0,0,0,0
"4898",2023-03-18,0,5,4200,177,0,0,24.0941176470588,0,0,4200,177,0,0,0,0
"4899",2023-03-18,0,10,4178,176,0,0,24.0941176470588,0,0,4200,177,0,0,0,0
"4900",2023-03-18,0,15,4106,174,0,0,24.0941176470588,0,0,4200,177,0,0,0,0
"4901",2023-03-18,0,20,4106,174,0,0,24.0941176470588,0,0,4200,177,0,0,0,0
"4902",2023-03-18,0,25,4106,174,0,0,24.0941176470588,0,0,4200,177,0,0,0,0
"4903",2023-03-18,0,30,4084,173,0,0,24.0941176470588,0,0,4200,177,0,0,0,0
"4904",2023-03-18,0,35,4084,173,0,0,24.0941176470588,0,0,4200,177,0,0,0,0
"4905",2023-03-18,0,40,4184,174,0,0,24.0941176470588,0,0,4200,177,0,0,0,0
"4906",2023-03-18,0,45,4184,174,0,0,24.0941176470588,0,0,4200,177,0,0,0,0
"4907",2023-03-18,0,50,4096,170,0,0,24.0941176470588,0,0,4200,177,0,0,0,0
"4908",2023-03-18,0,55,3985,168,0,0,24.0941176470588,0,0,4200,177,0,0,0,0
"4909",2023-03-18,1,0,4557,199,0,0,24.5555555555556,0,0,4884,199,0,0,0,0
"4910",2023-03-18,1,5,4546,198,0,0,24.5555555555556,0,0,4884,199,0,0,0,0
"4911",2023-03-18,1,10,4693,198,0,0,24.5555555555556,0,0,4884,199,0,0,0,0
"4912",2023-03-18,1,15,4704,198,0,0,24.5555555555556,0,0,4884,199,0,0,0,0
"4913",2023-03-18,1,20,4884,199,0,0,24.5555555555556,0,0,4884,199,0,0,0,0
"4914",2023-03-18,1,25,4862,198,0,0,24.5555555555556,0,0,4884,199,0,0,0,0
"4915",2023-03-18,1,30,4660,196,0,0,24.5555555555556,0,0,4884,199,0,0,0,0
"4916",2023-03-18,1,35,4660,196,0,0,24.5555555555556,0,0,4884,199,0,0,0,0
"4917",2023-03-18,1,40,4627,195,0,0,24.5555555555556,0,0,4884,199,0,0,0,0
"4918",2023-03-18,1,45,4627,195,0,0,24.5555555555556,0,0,4884,199,0,0,0,0
"4919",2023-03-18,1,50,4605,194,0,0,24.5555555555556,0,0,4884,199,0,0,0,0
"4920",2023-03-18,1,55,4605,194,0,0,24.5555555555556,0,0,4884,199,0,0,0,0
"4921",2023-03-18,2,0,4605,194,0,0,24.2307692307692,0,0,4725,195,0,0,0,0
"4922",2023-03-18,2,5,4583,193,0,0,24.2307692307692,0,0,4725,195,0,0,0,0
"4923",2023-03-18,2,10,4381,191,0,0,24.2307692307692,0,0,4725,195,0,0,0,0
"4924",2023-03-18,2,15,4583,193,0,0,24.2307692307692,0,0,4725,195,0,0,0,0
"4925",2023-03-18,2,20,4605,194,0,0,24.2307692307692,0,0,4725,195,0,0,0,0
"4926",2023-03-18,2,25,4725,195,0,0,24.2307692307692,0,0,4725,195,0,0,0,0
"4927",2023-03-18,2,30,4725,195,0,0,24.2307692307692,0,0,4725,195,0,0,0,0
"4928",2023-03-18,2,35,4725,195,0,0,24.2307692307692,0,0,4725,195,0,0,0,0
"4929",2023-03-18,2,40,4725,195,0,0,24.2307692307692,0,0,4725,195,0,0,0,0
"4930",2023-03-18,2,45,4512,192,0,0,24.2307692307692,0,0,4725,195,0,0,0,0
"4931",2023-03-18,2,50,4512,192,0,0,24.2307692307692,0,0,4725,195,0,0,0,0
"4932",2023-03-18,2,55,4534,193,0,0,24.2307692307692,0,0,4725,195,0,0,0,0
"4933",2023-03-18,3,0,4512,192,0,0,23.9368421052632,0,0,4570,192,0,0,0,0
"4934",2023-03-18,3,5,4512,192,0,0,23.9368421052632,0,0,4570,192,0,0,0,0
"4935",2023-03-18,3,10,4512,192,0,0,23.9368421052632,0,0,4570,192,0,0,0,0
"4936",2023-03-18,3,15,4490,191,0,0,23.9368421052632,0,0,4570,192,0,0,0,0
"4937",2023-03-18,3,20,4490,191,0,0,23.9368421052632,0,0,4570,192,0,0,0,0
"4938",2023-03-18,3,25,4370,190,0,0,23.9368421052632,0,0,4570,192,0,0,0,0
"4939",2023-03-18,3,30,4370,190,0,0,23.9368421052632,0,0,4570,192,0,0,0,0
"4940",2023-03-18,3,35,4370,190,0,0,23.9368421052632,0,0,4570,192,0,0,0,0
"4941",2023-03-18,3,40,4370,190,0,0,23.9368421052632,0,0,4570,192,0,0,0,0
"4942",2023-03-18,3,45,4570,191,0,0,23.9368421052632,0,0,4570,192,0,0,0,0
"4943",2023-03-18,3,50,4570,191,0,0,23.9368421052632,0,0,4570,192,0,0,0,0
"4944",2023-03-18,3,55,4548,190,0,0,23.9368421052632,0,0,4570,192,0,0,0,0
"4945",2023-03-18,4,0,4548,190,0,0,23.9368421052632,0,0,4548,190,0,0,0,0
"4946",2023-03-18,4,5,4326,188,0,0,23.9368421052632,0,0,4548,190,0,0,0,0
"4947",2023-03-18,4,10,4282,186,0,0,23.9368421052632,0,0,4548,190,0,0,0,0
"4948",2023-03-18,4,15,4282,186,0,0,23.9368421052632,0,0,4548,190,0,0,0,0
"4949",2023-03-18,4,20,4260,185,0,0,23.9368421052632,0,0,4548,190,0,0,0,0
"4950",2023-03-18,4,25,4216,183,0,0,23.9368421052632,0,0,4548,190,0,0,0,0
"4951",2023-03-18,4,30,4205,182,0,0,23.9368421052632,0,0,4548,190,0,0,0,0
"4952",2023-03-18,4,35,4194,181,0,0,23.9368421052632,0,0,4548,190,0,0,0,0
"4953",2023-03-18,4,40,4194,181,0,0,23.9368421052632,0,0,4548,190,0,0,0,0
"4954",2023-03-18,4,45,4172,180,0,0,23.9368421052632,0,0,4548,190,0,0,0,0
"4955",2023-03-18,4,50,4150,179,0,0,23.9368421052632,0,0,4548,190,0,0,0,0
"4956",2023-03-18,4,55,4150,179,0,0,23.9368421052632,0,0,4548,190,0,0,0,0
"4957",2023-03-18,5,0,4330,180,0,0,24.2897727272727,0,0,4330,180,0,0,0,0
"4958",2023-03-18,5,5,4330,180,0,0,24.2897727272727,0,0,4330,180,0,0,0,0
"4959",2023-03-18,5,10,4330,180,0,0,24.2897727272727,0,0,4330,180,0,0,0,0
"4960",2023-03-18,5,15,4308,179,0,0,24.2897727272727,0,0,4330,180,0,0,0,0
"4961",2023-03-18,5,20,4297,178,0,0,24.2897727272727,0,0,4330,180,0,0,0,0
"4962",2023-03-18,5,25,4286,177,0,0,24.2897727272727,0,0,4330,180,0,0,0,0
"4963",2023-03-18,5,30,4286,177,0,0,24.2897727272727,0,0,4330,180,0,0,0,0
"4964",2023-03-18,5,35,4286,177,0,0,24.2897727272727,0,0,4330,180,0,0,0,0
"4965",2023-03-18,5,40,4286,177,0,0,24.2897727272727,0,0,4330,180,0,0,0,0
"4966",2023-03-18,5,45,4286,177,0,0,24.2897727272727,0,0,4330,180,0,0,0,0
"4967",2023-03-18,5,50,4286,177,0,0,24.2897727272727,0,0,4330,180,0,0,0,0
"4968",2023-03-18,5,55,4275,176,0,0,24.2897727272727,0,0,4330,180,0,0,0,0
"4969",2023-03-18,6,0,4275,176,0,0,24.2897727272727,0,0,4297,177,0,0,0,0
"4970",2023-03-18,6,5,4095,175,0,0,24.2897727272727,0,0,4297,177,0,0,0,0
"4971",2023-03-18,6,10,4297,177,0,0,24.2897727272727,0,0,4297,177,0,0,0,0
"4972",2023-03-18,6,15,4297,177,0,0,24.2897727272727,0,0,4297,177,0,0,0,0
"4973",2023-03-18,6,20,4297,177,0,0,24.2897727272727,0,0,4297,177,0,0,0,0
"4974",2023-03-18,6,25,4297,177,0,0,24.2897727272727,0,0,4297,177,0,0,0,0
"4975",2023-03-18,6,30,4117,176,0,0,24.2897727272727,0,0,4297,177,0,0,0,0
"4976",2023-03-18,6,35,4117,176,0,0,24.2897727272727,0,0,4297,177,0,0,0,0
"4977",2023-03-18,6,40,4095,175,0,0,24.2897727272727,0,0,4297,177,0,0,0,0
"4978",2023-03-18,6,45,4073,174,0,0,24.2897727272727,0,0,4297,177,0,0,0,0
"4979",2023-03-18,6,50,4029,172,0,0,24.2897727272727,0,0,4297,177,0,0,0,0
"4980",2023-03-18,6,55,4029,172,0,0,24.2897727272727,0,0,4297,177,0,0,0,0
"4981",2023-03-18,7,0,4029,172,0,0,23.4327485380117,0,0,4062,174,0,0,0,0
"4982",2023-03-18,7,5,4007,171,0,0,23.4327485380117,0,0,4062,174,0,0,0,0
"4983",2023-03-18,7,10,4029,172,0,0,23.4327485380117,0,0,4062,174,0,0,0,0
"4984",2023-03-18,7,15,4029,172,0,0,23.4327485380117,0,0,4062,174,0,0,0,0
"4985",2023-03-18,7,20,4040,173,0,0,23.4327485380117,0,0,4062,174,0,0,0,0
"4986",2023-03-18,7,25,4062,174,0,0,23.4327485380117,0,0,4062,174,0,0,0,0
"4987",2023-03-18,7,30,4062,174,0,0,23.4327485380117,0,0,4062,174,0,0,0,0
"4988",2023-03-18,7,35,4040,173,0,0,23.4327485380117,0,0,4062,174,0,0,0,0
"4989",2023-03-18,7,40,4040,173,0,0,23.4327485380117,0,0,4062,174,0,0,0,0
"4990",2023-03-18,7,45,4040,173,0,0,23.4327485380117,0,0,4062,174,0,0,0,0
"4991",2023-03-18,7,50,4040,173,0,0,23.4327485380117,0,0,4062,174,0,0,0,0
"4992",2023-03-18,7,55,4040,173,0,0,23.4327485380117,0,0,4062,174,0,0,0,0
"4993",2023-03-18,8,0,4062,174,0,0,23.6127167630058,0,0,4085,177,0,0,0,0
"4994",2023-03-18,8,5,4073,175,0,0,23.6127167630058,0,0,4085,177,0,0,0,0
"4995",2023-03-18,8,10,4051,174,0,0,23.6127167630058,0,0,4085,177,0,0,0,0
"4996",2023-03-18,8,15,4051,174,0,0,23.6127167630058,0,0,4085,177,0,0,0,0
"4997",2023-03-18,8,20,4029,173,0,0,23.6127167630058,0,0,4085,177,0,0,0,0
"4998",2023-03-18,8,25,4007,172,0,0,23.6127167630058,0,0,4085,177,0,0,0,0
"4999",2023-03-18,8,30,3974,171,0,0,23.6127167630058,0,0,4085,177,0,0,0,0
"5000",2023-03-18,8,35,4085,173,0,0,23.6127167630058,0,0,4085,177,0,0,0,0
"5001",2023-03-18,8,40,4007,173,0,0,23.6127167630058,0,0,4085,177,0,0,0,0
"5002",2023-03-18,8,45,4040,175,0,0,23.6127167630058,0,0,4085,177,0,0,0,0
"5003",2023-03-18,8,50,4040,175,0,0,23.6127167630058,0,0,4085,177,0,0,0,0
"5004",2023-03-18,8,55,4073,177,0,0,23.6127167630058,0,0,4085,177,0,0,0,0
"5005",2023-03-18,9,0,4095,178,0,0,24.7103825136612,0,0,5220,218,0,0,0,0
"5006",2023-03-18,9,5,4106,179,0,0,24.7103825136612,0,0,5220,218,0,0,0,0
"5007",2023-03-18,9,10,4522,183,0,0,24.7103825136612,0,0,5220,218,0,0,0,0
"5008",2023-03-18,9,15,4533,184,0,0,24.7103825136612,0,0,5220,218,0,0,0,0
"5009",2023-03-18,9,20,4566,187,0,0,24.7103825136612,0,0,5220,218,0,0,0,0
"5010",2023-03-18,9,25,4687,193,0,0,24.7103825136612,0,0,5220,218,0,0,0,0
"5011",2023-03-18,9,30,4698,195,0,0,24.7103825136612,0,0,5220,218,0,0,0,0
"5012",2023-03-18,9,35,4753,199,0,0,24.7103825136612,0,0,5220,218,0,0,0,0
"5013",2023-03-18,9,40,4775,201,0,0,24.7103825136612,0,0,5220,218,0,0,0,0
"5014",2023-03-18,9,45,4939,204,0,0,24.7103825136612,0,0,5220,218,0,0,0,0
"5015",2023-03-18,9,50,5154,215,0,0,24.7103825136612,0,0,5220,218,0,0,0,0
"5016",2023-03-18,9,55,5220,218,0,0,24.7103825136612,0,0,5220,218,0,0,0,0
"5017",2023-03-18,10,0,5319,223,0,0,25.0742358078603,0,0,5742,231,0,0,0,0
"5018",2023-03-18,10,5,5499,223,0,0,25.0742358078603,0,0,5742,231,0,0,0,0
"5019",2023-03-18,10,10,5182,222,0,0,25.0742358078603,0,0,5742,231,0,0,0,0
"5020",2023-03-18,10,15,5139,224,0,0,25.0742358078603,0,0,5742,231,0,0,0,0
"5021",2023-03-18,10,20,5194,227,0,0,25.0742358078603,0,0,5742,231,0,0,0,0
"5022",2023-03-18,10,25,5216,228,0,0,25.0742358078603,0,0,5742,231,0,0,0,0
"5023",2023-03-18,10,30,5353,228,0,0,25.0742358078603,0,0,5742,231,0,0,0,0
"5024",2023-03-18,10,35,5353,228,0,0,25.0742358078603,0,0,5742,231,0,0,0,0
"5025",2023-03-18,10,40,5408,231,0,0,25.0742358078603,0,0,5742,231,0,0,0,0
"5026",2023-03-18,10,45,5525,229,0,0,25.0742358078603,0,0,5742,231,0,0,0,0
"5027",2023-03-18,10,50,5742,230,0,0,25.0742358078603,0,0,5742,231,0,0,0,0
"5028",2023-03-18,10,55,5742,229,0,0,25.0742358078603,0,0,5742,231,0,0,0,0
"5029",2023-03-18,11,0,5786,231,0,0,25.6833333333333,0,0,6164,241,0,0,0,0
"5030",2023-03-18,11,5,5786,231,0,0,25.6833333333333,0,0,6164,241,0,0,0,0
"5031",2023-03-18,11,10,5874,236,0,0,25.6833333333333,0,0,6164,241,0,0,0,0
"5032",2023-03-18,11,15,6049,241,0,0,25.6833333333333,0,0,6164,241,0,0,0,0
"5033",2023-03-18,11,20,6164,240,0,0,25.6833333333333,0,0,6164,241,0,0,0,0
"5034",2023-03-18,11,25,6070,237,0,0,25.6833333333333,0,0,6164,241,0,0,0,0
"5035",2023-03-18,11,30,5825,238,0,0,25.6833333333333,0,0,6164,241,0,0,0,0
"5036",2023-03-18,11,35,5760,239,0,0,25.6833333333333,0,0,6164,241,0,0,0,0
"5037",2023-03-18,11,40,5710,238,0,0,25.6833333333333,0,0,6164,241,0,0,0,0
"5038",2023-03-18,11,45,5764,240,0,0,25.6833333333333,0,0,6164,241,0,0,0,0
"5039",2023-03-18,11,50,5633,238,0,0,25.6833333333333,0,0,6164,241,0,0,0,0
"5040",2023-03-18,11,55,5644,239,0,0,25.6833333333333,0,0,6164,241,0,0,0,0
"5041",2023-03-18,12,0,5702,238,0,0,24.025,0,0,5810,249,0,0,0,0
"5042",2023-03-18,12,5,5697,240,0,0,24.025,0,0,5810,249,0,0,0,0
"5043",2023-03-18,12,10,5610,241,0,0,24.025,0,0,5810,249,0,0,0,0
"5044",2023-03-18,12,15,5810,243,0,0,24.025,0,0,5810,249,0,0,0,0
"5045",2023-03-18,12,20,5766,240,0,0,24.025,0,0,5810,249,0,0,0,0
"5046",2023-03-18,12,25,5586,240,0,0,24.025,0,0,5810,249,0,0,0,0
"5047",2023-03-18,12,30,5551,240,0,0,24.025,0,0,5810,249,0,0,0,0
"5048",2023-03-18,12,35,5595,242,0,0,24.025,0,0,5810,249,0,0,0,0
"5049",2023-03-18,12,40,5650,245,0,0,24.025,0,0,5810,249,0,0,0,0
"5050",2023-03-18,12,45,5418,243,0,0,24.025,0,0,5810,249,0,0,0,0
"5051",2023-03-18,12,50,5549,245,0,0,24.025,0,0,5810,249,0,0,0,0
"5052",2023-03-18,12,55,5642,249,0,0,24.025,0,0,5810,249,0,0,0,0
"5053",2023-03-18,13,0,5511,247,0,0,23.2851239669421,0,0,5635,248,0,0,0,0
"5054",2023-03-18,13,5,5522,248,0,0,23.2851239669421,0,0,5635,248,0,0,0,0
"5055",2023-03-18,13,10,5511,248,0,0,23.2851239669421,0,0,5635,248,0,0,0,0
"5056",2023-03-18,13,15,5436,245,0,0,23.2851239669421,0,0,5635,248,0,0,0,0
"5057",2023-03-18,13,20,5431,243,0,0,23.2851239669421,0,0,5635,248,0,0,0,0
"5058",2023-03-18,13,25,5431,242,0,0,23.2851239669421,0,0,5635,248,0,0,0,0
"5059",2023-03-18,13,30,5573,244,0,0,23.2851239669421,0,0,5635,248,0,0,0,0
"5060",2023-03-18,13,35,5595,244,0,0,23.2851239669421,0,0,5635,248,0,0,0,0
"5061",2023-03-18,13,40,5567,243,0,0,23.2851239669421,0,0,5635,248,0,0,0,0
"5062",2023-03-18,13,45,5376,241,0,0,23.2851239669421,0,0,5635,248,0,0,0,0
"5063",2023-03-18,13,50,5513,241,0,0,23.2851239669421,0,0,5635,248,0,0,0,0
"5064",2023-03-18,13,55,5635,242,0,0,23.2851239669421,0,0,5635,248,0,0,0,0
"5065",2023-03-18,14,0,5469,238,0,0,24.1776859504132,0,0,5851,242,0,0,0,0
"5066",2023-03-18,14,5,5497,238,0,0,24.1776859504132,0,0,5851,242,0,0,0,0
"5067",2023-03-18,14,10,5488,238,0,0,24.1776859504132,0,0,5851,242,0,0,0,0
"5068",2023-03-18,14,15,5851,242,0,0,24.1776859504132,0,0,5851,242,0,0,0,0
"5069",2023-03-18,14,20,5579,239,0,0,24.1776859504132,0,0,5851,242,0,0,0,0
"5070",2023-03-18,14,25,5462,239,0,0,24.1776859504132,0,0,5851,242,0,0,0,0
"5071",2023-03-18,14,30,5451,238,0,0,24.1776859504132,0,0,5851,242,0,0,0,0
"5072",2023-03-18,14,35,5429,236,0,0,24.1776859504132,0,0,5851,242,0,0,0,0
"5073",2023-03-18,14,40,5299,235,0,0,24.1776859504132,0,0,5851,242,0,0,0,0
"5074",2023-03-18,14,45,5479,236,0,0,24.1776859504132,0,0,5851,242,0,0,0,0
"5075",2023-03-18,14,50,5437,234,0,0,24.1776859504132,0,0,5851,242,0,0,0,0
"5076",2023-03-18,14,55,5333,230,0,0,24.1776859504132,0,0,5851,242,0,0,0,0
"5077",2023-03-18,15,0,5342,230,0,0,23.2260869565217,0,0,5549,241,0,0,0,0
"5078",2023-03-18,15,5,5106,230,0,0,23.2260869565217,0,0,5549,241,0,0,0,0
"5079",2023-03-18,15,10,5303,234,0,0,23.2260869565217,0,0,5549,241,0,0,0,0
"5080",2023-03-18,15,15,5369,237,0,0,23.2260869565217,0,0,5549,241,0,0,0,0
"5081",2023-03-18,15,20,5358,238,0,0,23.2260869565217,0,0,5549,241,0,0,0,0
"5082",2023-03-18,15,25,5549,241,0,0,23.2260869565217,0,0,5549,241,0,0,0,0
"5083",2023-03-18,15,30,5505,238,0,0,23.2260869565217,0,0,5549,241,0,0,0,0
"5084",2023-03-18,15,35,5330,234,0,0,23.2260869565217,0,0,5549,241,0,0,0,0
"5085",2023-03-18,15,40,5242,230,0,0,23.2260869565217,0,0,5549,241,0,0,0,0
"5086",2023-03-18,15,45,5198,228,0,0,23.2260869565217,0,0,5549,241,0,0,0,0
"5087",2023-03-18,15,50,5225,229,0,0,23.2260869565217,0,0,5549,241,0,0,0,0
"5088",2023-03-18,15,55,5067,229,0,0,23.2260869565217,0,0,5549,241,0,0,0,0
"5089",2023-03-18,16,0,5045,228,0,0,23.9383259911894,0,0,5582,236,0,0,0,0
"5090",2023-03-18,16,5,5089,230,0,0,23.9383259911894,0,0,5582,236,0,0,0,0
"5091",2023-03-18,16,10,5045,228,0,0,23.9383259911894,0,0,5582,236,0,0,0,0
"5092",2023-03-18,16,15,5121,232,0,0,23.9383259911894,0,0,5582,236,0,0,0,0
"5093",2023-03-18,16,20,5143,233,0,0,23.9383259911894,0,0,5582,236,0,0,0,0
"5094",2023-03-18,16,25,5199,232,0,0,23.9383259911894,0,0,5582,236,0,0,0,0
"5095",2023-03-18,16,30,5390,233,0,0,23.9383259911894,0,0,5582,236,0,0,0,0
"5096",2023-03-18,16,35,5582,236,0,0,23.9383259911894,0,0,5582,236,0,0,0,0
"5097",2023-03-18,16,40,5516,233,0,0,23.9383259911894,0,0,5582,236,0,0,0,0
"5098",2023-03-18,16,45,5489,230,0,0,23.9383259911894,0,0,5582,236,0,0,0,0
"5099",2023-03-18,16,50,5434,227,0,0,23.9383259911894,0,0,5582,236,0,0,0,0
"5100",2023-03-18,16,55,5178,222,0,0,23.9383259911894,0,0,5582,236,0,0,0,0
"5101",2023-03-18,17,0,5095,222,0,0,24,0,0,5183,222,0,0,0,0
"5102",2023-03-18,17,5,5053,220,0,0,24,0,0,5183,222,0,0,0,0
"5103",2023-03-18,17,10,5014,218,0,0,24,0,0,5183,222,0,0,0,0
"5104",2023-03-18,17,15,4965,218,0,0,24,0,0,5183,222,0,0,0,0
"5105",2023-03-18,17,20,4993,217,0,0,24,0,0,5183,222,0,0,0,0
"5106",2023-03-18,17,25,5085,218,0,0,24,0,0,5183,222,0,0,0,0
"5107",2023-03-18,17,30,5183,218,0,0,24,0,0,5183,222,0,0,0,0
"5108",2023-03-18,17,35,5149,215,0,0,24,0,0,5183,222,0,0,0,0
"5109",2023-03-18,17,40,5149,215,0,0,24,0,0,5183,222,0,0,0,0
"5110",2023-03-18,17,45,5064,211,0,0,24,0,0,5183,222,0,0,0,0
"5111",2023-03-18,17,50,4944,210,0,0,24,0,0,5183,222,0,0,0,0
"5112",2023-03-18,17,55,4955,211,0,0,24,0,0,5183,222,0,0,0,0
"5113",2023-03-18,18,0,4911,208,0,0,24.555023923445,0,0,5132,209,0,0,0,0
"5114",2023-03-18,18,5,4711,206,0,0,24.555023923445,0,0,5132,209,0,0,0,0
"5115",2023-03-18,18,10,4661,204,0,0,24.555023923445,0,0,5132,209,0,0,0,0
"5116",2023-03-18,18,15,4616,201,0,0,24.555023923445,0,0,5132,209,0,0,0,0
"5117",2023-03-18,18,20,4734,202,0,0,24.555023923445,0,0,5132,209,0,0,0,0
"5118",2023-03-18,18,25,4789,205,0,0,24.555023923445,0,0,5132,209,0,0,0,0
"5119",2023-03-18,18,30,4778,205,0,0,24.555023923445,0,0,5132,209,0,0,0,0
"5120",2023-03-18,18,35,4919,206,0,0,24.555023923445,0,0,5132,209,0,0,0,0
"5121",2023-03-18,18,40,4930,207,0,0,24.555023923445,0,0,5132,209,0,0,0,0
"5122",2023-03-18,18,45,5132,209,0,0,24.555023923445,0,0,5132,209,0,0,0,0
"5123",2023-03-18,18,50,5017,205,0,0,24.555023923445,0,0,5132,209,0,0,0,0
"5124",2023-03-18,18,55,4946,203,0,0,24.555023923445,0,0,5132,209,0,0,0,0
"5125",2023-03-18,19,0,4957,203,0,0,25.4129353233831,0,0,5108,204,0,0,0,0
"5126",2023-03-18,19,5,5055,204,0,0,25.4129353233831,0,0,5108,204,0,0,0,0
"5127",2023-03-18,19,10,5043,203,0,0,25.4129353233831,0,0,5108,204,0,0,0,0
"5128",2023-03-18,19,15,5108,201,0,0,25.4129353233831,0,0,5108,204,0,0,0,0
"5129",2023-03-18,19,20,5047,199,0,0,25.4129353233831,0,0,5108,204,0,0,0,0
"5130",2023-03-18,19,25,4905,196,0,0,25.4129353233831,0,0,5108,204,0,0,0,0
"5131",2023-03-18,19,30,4670,196,0,0,25.4129353233831,0,0,5108,204,0,0,0,0
"5132",2023-03-18,19,35,4610,195,0,0,25.4129353233831,0,0,5108,204,0,0,0,0
"5133",2023-03-18,19,40,4561,195,0,0,25.4129353233831,0,0,5108,204,0,0,0,0
"5134",2023-03-18,19,45,4695,199,0,0,25.4129353233831,0,0,5108,204,0,0,0,0
"5135",2023-03-18,19,50,4782,198,0,0,25.4129353233831,0,0,5108,204,0,0,0,0
"5136",2023-03-18,19,55,4710,197,0,0,25.4129353233831,0,0,5108,204,0,0,0,0
"5137",2023-03-18,20,0,4968,198,0,0,26.4242424242424,0,0,5271,201,0,0,0,0
"5138",2023-03-18,20,5,5058,198,0,0,26.4242424242424,0,0,5271,201,0,0,0,0
"5139",2023-03-18,20,10,5271,201,0,0,26.4242424242424,0,0,5271,201,0,0,0,0
"5140",2023-03-18,20,15,5194,197,0,0,26.4242424242424,0,0,5271,201,0,0,0,0
"5141",2023-03-18,20,20,5232,198,0,0,26.4242424242424,0,0,5271,201,0,0,0,0
"5142",2023-03-18,20,25,5232,198,0,0,26.4242424242424,0,0,5271,201,0,0,0,0
"5143",2023-03-18,20,30,5077,194,0,0,26.4242424242424,0,0,5271,201,0,0,0,0
"5144",2023-03-18,20,35,4930,195,0,0,26.4242424242424,0,0,5271,201,0,0,0,0
"5145",2023-03-18,20,40,4886,193,0,0,26.4242424242424,0,0,5271,201,0,0,0,0
"5146",2023-03-18,20,45,4897,193,0,0,26.4242424242424,0,0,5271,201,0,0,0,0
"5147",2023-03-18,20,50,4637,190,0,0,26.4242424242424,0,0,5271,201,0,0,0,0
"5148",2023-03-18,20,55,4692,192,0,0,26.4242424242424,0,0,5271,201,0,0,0,0
"5149",2023-03-18,21,0,4670,191,0,0,24.4761904761905,0,0,4681,192,0,0,0,0
"5150",2023-03-18,21,5,4648,190,0,0,24.4761904761905,0,0,4681,192,0,0,0,0
"5151",2023-03-18,21,10,4626,189,0,0,24.4761904761905,0,0,4681,192,0,0,0,0
"5152",2023-03-18,21,15,4648,190,0,0,24.4761904761905,0,0,4681,192,0,0,0,0
"5153",2023-03-18,21,20,4681,192,0,0,24.4761904761905,0,0,4681,192,0,0,0,0
"5154",2023-03-18,21,25,4659,191,0,0,24.4761904761905,0,0,4681,192,0,0,0,0
"5155",2023-03-18,21,30,4577,190,0,0,24.4761904761905,0,0,4681,192,0,0,0,0
"5156",2023-03-18,21,35,4408,189,0,0,24.4761904761905,0,0,4681,192,0,0,0,0
"5157",2023-03-18,21,40,4375,187,0,0,24.4761904761905,0,0,4681,192,0,0,0,0
"5158",2023-03-18,21,45,4424,188,0,0,24.4761904761905,0,0,4681,192,0,0,0,0
"5159",2023-03-18,21,50,4446,189,0,0,24.4761904761905,0,0,4681,192,0,0,0,0
"5160",2023-03-18,21,55,4446,189,0,0,24.4761904761905,0,0,4681,192,0,0,0,0
"5161",2023-03-18,22,0,4468,190,0,0,24.1304347826087,0,0,4506,190,0,0,0,0
"5162",2023-03-18,22,5,4446,188,0,0,24.1304347826087,0,0,4506,190,0,0,0,0
"5163",2023-03-18,22,10,4446,188,0,0,24.1304347826087,0,0,4506,190,0,0,0,0
"5164",2023-03-18,22,15,4326,186,0,0,24.1304347826087,0,0,4506,190,0,0,0,0
"5165",2023-03-18,22,20,4506,187,0,0,24.1304347826087,0,0,4506,190,0,0,0,0
"5166",2023-03-18,22,25,4484,186,0,0,24.1304347826087,0,0,4506,190,0,0,0,0
"5167",2023-03-18,22,30,4462,185,0,0,24.1304347826087,0,0,4506,190,0,0,0,0
"5168",2023-03-18,22,35,4462,185,0,0,24.1304347826087,0,0,4506,190,0,0,0,0
"5169",2023-03-18,22,40,4440,184,0,0,24.1304347826087,0,0,4506,190,0,0,0,0
"5170",2023-03-18,22,45,4429,184,0,0,24.1304347826087,0,0,4506,190,0,0,0,0
"5171",2023-03-18,22,50,4495,187,0,0,24.1304347826087,0,0,4506,190,0,0,0,0
"5172",2023-03-18,22,55,4293,185,0,0,24.1304347826087,0,0,4506,190,0,0,0,0
"5173",2023-03-18,23,0,4282,184,0,0,23.5084745762712,0,0,4282,184,0,0,0,0
"5174",2023-03-18,23,5,4282,184,0,0,23.5084745762712,0,0,4282,184,0,0,0,0
"5175",2023-03-18,23,10,4260,183,0,0,23.5084745762712,0,0,4282,184,0,0,0,0
"5176",2023-03-18,23,15,4238,182,0,0,23.5084745762712,0,0,4282,184,0,0,0,0
"5177",2023-03-18,23,20,4238,182,0,0,23.5084745762712,0,0,4282,184,0,0,0,0
"5178",2023-03-18,23,25,4238,182,0,0,23.5084745762712,0,0,4282,184,0,0,0,0
"5179",2023-03-18,23,30,4216,181,0,0,23.5084745762712,0,0,4282,184,0,0,0,0
"5180",2023-03-18,23,35,4216,181,0,0,23.5084745762712,0,0,4282,184,0,0,0,0
"5181",2023-03-18,23,40,4238,182,0,0,23.5084745762712,0,0,4282,184,0,0,0,0
"5182",2023-03-18,23,45,4216,180,0,0,23.5084745762712,0,0,4282,184,0,0,0,0
"5183",2023-03-18,23,50,4194,179,0,0,23.5084745762712,0,0,4282,184,0,0,0,0
"5184",2023-03-18,23,55,4161,177,0,0,23.5084745762712,0,0,4282,184,0,0,0,0
"5185",2023-03-19,0,0,3948,148,0,0,26.6756756756757,0,0,3948,148,0,0,0,0
"5186",2023-03-19,0,5,3948,148,0,0,26.6756756756757,0,0,3948,148,0,0,0,0
"5187",2023-03-19,0,10,3948,148,0,0,26.6756756756757,0,0,3948,148,0,0,0,0
"5188",2023-03-19,0,15,3948,148,0,0,26.6756756756757,0,0,3948,148,0,0,0,0
"5189",2023-03-19,0,20,3778,146,0,0,26.6756756756757,0,0,3948,148,0,0,0,0
"5190",2023-03-19,0,25,3778,146,0,0,26.6756756756757,0,0,3948,148,0,0,0,0
"5191",2023-03-19,0,30,3598,145,0,0,26.6756756756757,0,0,3948,148,0,0,0,0
"5192",2023-03-19,0,35,3638,145,0,0,26.6756756756757,0,0,3948,148,0,0,0,0
"5193",2023-03-19,0,40,3638,145,0,0,26.6756756756757,0,0,3948,148,0,0,0,0
"5194",2023-03-19,0,45,3638,145,0,0,26.6756756756757,0,0,3948,148,0,0,0,0
"5195",2023-03-19,0,50,3638,145,0,0,26.6756756756757,0,0,3948,148,0,0,0,0
"5196",2023-03-19,0,55,3638,145,0,0,26.6756756756757,0,0,3948,148,0,0,0,0
"5197",2023-03-19,1,0,3985,168,0,0,24.3454545454545,0,0,4017,168,0,0,0,0
"5198",2023-03-19,1,5,3963,167,0,0,24.3454545454545,0,0,4017,168,0,0,0,0
"5199",2023-03-19,1,10,3963,167,0,0,24.3454545454545,0,0,4017,168,0,0,0,0
"5200",2023-03-19,1,15,3963,168,0,0,24.3454545454545,0,0,4017,168,0,0,0,0
"5201",2023-03-19,1,20,3908,165,0,0,24.3454545454545,0,0,4017,168,0,0,0,0
"5202",2023-03-19,1,25,3990,167,0,0,24.3454545454545,0,0,4017,168,0,0,0,0
"5203",2023-03-19,1,30,3979,166,0,0,24.3454545454545,0,0,4017,168,0,0,0,0
"5204",2023-03-19,1,35,3957,165,0,0,24.3454545454545,0,0,4017,168,0,0,0,0
"5205",2023-03-19,1,40,3957,165,0,0,24.3454545454545,0,0,4017,168,0,0,0,0
"5206",2023-03-19,1,45,3897,164,0,0,24.3454545454545,0,0,4017,168,0,0,0,0
"5207",2023-03-19,1,50,4017,165,0,0,24.3454545454545,0,0,4017,168,0,0,0,0
"5208",2023-03-19,1,55,4017,165,0,0,24.3454545454545,0,0,4017,168,0,0,0,0
"5209",2023-03-19,2,0,3995,164,0,0,24.6585365853659,0,0,4077,166,0,0,0,0
"5210",2023-03-19,2,5,3995,164,0,0,24.6585365853659,0,0,4077,166,0,0,0,0
"5211",2023-03-19,2,10,3875,163,0,0,24.6585365853659,0,0,4077,166,0,0,0,0
"5212",2023-03-19,2,15,3875,163,0,0,24.6585365853659,0,0,4077,166,0,0,0,0
"5213",2023-03-19,2,20,3853,162,0,0,24.6585365853659,0,0,4077,166,0,0,0,0
"5214",2023-03-19,2,25,3864,163,0,0,24.6585365853659,0,0,4077,166,0,0,0,0
"5215",2023-03-19,2,30,3864,163,0,0,24.6585365853659,0,0,4077,166,0,0,0,0
"5216",2023-03-19,2,35,3864,163,0,0,24.6585365853659,0,0,4077,166,0,0,0,0
"5217",2023-03-19,2,40,4044,164,0,0,24.6585365853659,0,0,4077,166,0,0,0,0
"5218",2023-03-19,2,45,4044,164,0,0,24.6585365853659,0,0,4077,166,0,0,0,0
"5219",2023-03-19,2,50,4044,164,0,0,24.6585365853659,0,0,4077,166,0,0,0,0
"5220",2023-03-19,2,55,4077,166,0,0,24.6585365853659,0,0,4077,166,0,0,0,0
"5221",2023-03-19,3,0,4077,166,0,0,24.5602409638554,0,0,4077,166,0,0,0,0
"5222",2023-03-19,3,5,3957,166,0,0,24.5602409638554,0,0,4077,166,0,0,0,0
"5223",2023-03-19,3,10,3957,166,0,0,24.5602409638554,0,0,4077,166,0,0,0,0
"5224",2023-03-19,3,15,3957,166,0,0,24.5602409638554,0,0,4077,166,0,0,0,0
"5225",2023-03-19,3,20,3957,166,0,0,24.5602409638554,0,0,4077,166,0,0,0,0
"5226",2023-03-19,3,25,3957,166,0,0,24.5602409638554,0,0,4077,166,0,0,0,0
"5227",2023-03-19,3,30,3957,166,0,0,24.5602409638554,0,0,4077,166,0,0,0,0
"5228",2023-03-19,3,35,3957,166,0,0,24.5602409638554,0,0,4077,166,0,0,0,0
"5229",2023-03-19,3,40,3935,165,0,0,24.5602409638554,0,0,4077,166,0,0,0,0
"5230",2023-03-19,3,45,3935,165,0,0,24.5602409638554,0,0,4077,166,0,0,0,0
"5231",2023-03-19,3,50,3875,164,0,0,24.5602409638554,0,0,4077,166,0,0,0,0
"5232",2023-03-19,3,55,3875,164,0,0,24.5602409638554,0,0,4077,166,0,0,0,0
"5233",2023-03-19,4,0,3875,164,0,0,23.80625,0,0,3875,164,0,0,0,0
"5234",2023-03-19,4,5,3875,164,0,0,23.80625,0,0,3875,164,0,0,0,0
"5235",2023-03-19,4,10,3875,164,0,0,23.80625,0,0,3875,164,0,0,0,0
"5236",2023-03-19,4,15,3853,163,0,0,23.80625,0,0,3875,164,0,0,0,0
"5237",2023-03-19,4,20,3853,163,0,0,23.80625,0,0,3875,164,0,0,0,0
"5238",2023-03-19,4,25,3820,161,0,0,23.80625,0,0,3875,164,0,0,0,0
"5239",2023-03-19,4,30,3820,161,0,0,23.80625,0,0,3875,164,0,0,0,0
"5240",2023-03-19,4,35,3820,161,0,0,23.80625,0,0,3875,164,0,0,0,0
"5241",2023-03-19,4,40,3820,161,0,0,23.80625,0,0,3875,164,0,0,0,0
"5242",2023-03-19,4,45,3809,160,0,0,23.80625,0,0,3875,164,0,0,0,0
"5243",2023-03-19,4,50,3809,160,0,0,23.80625,0,0,3875,164,0,0,0,0
"5244",2023-03-19,4,55,3809,160,0,0,23.80625,0,0,3875,164,0,0,0,0
"5245",2023-03-19,5,0,3809,160,0,0,24.79375,0,0,3967,160,0,0,0,0
"5246",2023-03-19,5,5,3809,160,0,0,24.79375,0,0,3967,160,0,0,0,0
"5247",2023-03-19,5,10,3809,160,0,0,24.79375,0,0,3967,160,0,0,0,0
"5248",2023-03-19,5,15,3809,160,0,0,24.79375,0,0,3967,160,0,0,0,0
"5249",2023-03-19,5,20,3809,160,0,0,24.79375,0,0,3967,160,0,0,0,0
"5250",2023-03-19,5,25,3967,160,0,0,24.79375,0,0,3967,160,0,0,0,0
"5251",2023-03-19,5,30,3967,160,0,0,24.79375,0,0,3967,160,0,0,0,0
"5252",2023-03-19,5,35,3967,160,0,0,24.79375,0,0,3967,160,0,0,0,0
"5253",2023-03-19,5,40,3967,160,0,0,24.79375,0,0,3967,160,0,0,0,0
"5254",2023-03-19,5,45,3967,160,0,0,24.79375,0,0,3967,160,0,0,0,0
"5255",2023-03-19,5,50,3967,160,0,0,24.79375,0,0,3967,160,0,0,0,0
"5256",2023-03-19,5,55,3967,160,0,0,24.79375,0,0,3967,160,0,0,0,0
"5257",2023-03-19,6,0,3967,160,0,0,24.79375,0,0,3967,160,0,0,0,0
"5258",2023-03-19,6,5,3967,160,0,0,24.79375,0,0,3967,160,0,0,0,0
"5259",2023-03-19,6,10,3967,160,0,0,24.79375,0,0,3967,160,0,0,0,0
"5260",2023-03-19,6,15,3967,160,0,0,24.79375,0,0,3967,160,0,0,0,0
"5261",2023-03-19,6,20,3787,159,0,0,24.79375,0,0,3967,160,0,0,0,0
"5262",2023-03-19,6,25,3787,159,0,0,24.79375,0,0,3967,160,0,0,0,0
"5263",2023-03-19,6,30,3787,159,0,0,24.79375,0,0,3967,160,0,0,0,0
"5264",2023-03-19,6,35,3787,159,0,0,24.79375,0,0,3967,160,0,0,0,0
"5265",2023-03-19,6,40,3787,159,0,0,24.79375,0,0,3967,160,0,0,0,0
"5266",2023-03-19,6,45,3787,159,0,0,24.79375,0,0,3967,160,0,0,0,0
"5267",2023-03-19,6,50,3787,159,0,0,24.79375,0,0,3967,160,0,0,0,0
"5268",2023-03-19,6,55,3847,160,0,0,24.79375,0,0,3967,160,0,0,0,0
"5269",2023-03-19,7,0,3847,160,0,0,24.1392405063291,0,0,3847,160,0,0,0,0
"5270",2023-03-19,7,5,3814,158,0,0,24.1392405063291,0,0,3847,160,0,0,0,0
"5271",2023-03-19,7,10,3814,158,0,0,24.1392405063291,0,0,3847,160,0,0,0,0
"5272",2023-03-19,7,15,3814,158,0,0,24.1392405063291,0,0,3847,160,0,0,0,0
"5273",2023-03-19,7,20,3803,158,0,0,24.1392405063291,0,0,3847,160,0,0,0,0
"5274",2023-03-19,7,25,3803,158,0,0,24.1392405063291,0,0,3847,160,0,0,0,0
"5275",2023-03-19,7,30,3803,158,0,0,24.1392405063291,0,0,3847,160,0,0,0,0
"5276",2023-03-19,7,35,3803,158,0,0,24.1392405063291,0,0,3847,160,0,0,0,0
"5277",2023-03-19,7,40,3803,158,0,0,24.1392405063291,0,0,3847,160,0,0,0,0
"5278",2023-03-19,7,45,3743,157,0,0,24.1392405063291,0,0,3847,160,0,0,0,0
"5279",2023-03-19,7,50,3743,157,0,0,24.1392405063291,0,0,3847,160,0,0,0,0
"5280",2023-03-19,7,55,3721,156,0,0,24.1392405063291,0,0,3847,160,0,0,0,0
"5281",2023-03-19,8,0,3961,158,0,0,25.2292993630573,0,0,4019,161,0,0,0,0
"5282",2023-03-19,8,5,3939,157,0,0,25.2292993630573,0,0,4019,161,0,0,0,0
"5283",2023-03-19,8,10,3917,156,0,0,25.2292993630573,0,0,4019,161,0,0,0,0
"5284",2023-03-19,8,15,3917,156,0,0,25.2292993630573,0,0,4019,161,0,0,0,0
"5285",2023-03-19,8,20,3961,157,0,0,25.2292993630573,0,0,4019,161,0,0,0,0
"5286",2023-03-19,8,25,3961,157,0,0,25.2292993630573,0,0,4019,161,0,0,0,0
"5287",2023-03-19,8,30,3961,157,0,0,25.2292993630573,0,0,4019,161,0,0,0,0
"5288",2023-03-19,8,35,3972,158,0,0,25.2292993630573,0,0,4019,161,0,0,0,0
"5289",2023-03-19,8,40,3866,158,0,0,25.2292993630573,0,0,4019,161,0,0,0,0
"5290",2023-03-19,8,45,3986,159,0,0,25.2292993630573,0,0,4019,161,0,0,0,0
"5291",2023-03-19,8,50,3997,160,0,0,25.2292993630573,0,0,4019,161,0,0,0,0
"5292",2023-03-19,8,55,4019,161,0,0,25.2292993630573,0,0,4019,161,0,0,0,0
"5293",2023-03-19,9,0,3921,161,0,0,24.3712574850299,0,0,4070,167,0,0,0,0
"5294",2023-03-19,9,5,3921,161,0,0,24.3712574850299,0,0,4070,167,0,0,0,0
"5295",2023-03-19,9,10,3812,161,0,0,24.3712574850299,0,0,4070,167,0,0,0,0
"5296",2023-03-19,9,15,3834,162,0,0,24.3712574850299,0,0,4070,167,0,0,0,0
"5297",2023-03-19,9,20,3834,162,0,0,24.3712574850299,0,0,4070,167,0,0,0,0
"5298",2023-03-19,9,25,3878,163,0,0,24.3712574850299,0,0,4070,167,0,0,0,0
"5299",2023-03-19,9,30,3878,163,0,0,24.3712574850299,0,0,4070,167,0,0,0,0
"5300",2023-03-19,9,35,3889,164,0,0,24.3712574850299,0,0,4070,167,0,0,0,0
"5301",2023-03-19,9,40,4009,165,0,0,24.3712574850299,0,0,4070,167,0,0,0,0
"5302",2023-03-19,9,45,4053,167,0,0,24.3712574850299,0,0,4070,167,0,0,0,0
"5303",2023-03-19,9,50,4070,167,0,0,24.3712574850299,0,0,4070,167,0,0,0,0
"5304",2023-03-19,9,55,4070,167,0,0,24.3712574850299,0,0,4070,167,0,0,0,0
"5305",2023-03-19,10,0,4114,170,0,0,25.1777777777778,0,0,4532,181,0,0,0,0
"5306",2023-03-19,10,5,4136,171,0,0,25.1777777777778,0,0,4532,181,0,0,0,0
"5307",2023-03-19,10,10,3966,169,0,0,25.1777777777778,0,0,4532,181,0,0,0,0
"5308",2023-03-19,10,15,4060,172,0,0,25.1777777777778,0,0,4532,181,0,0,0,0
"5309",2023-03-19,10,20,4126,175,0,0,25.1777777777778,0,0,4532,181,0,0,0,0
"5310",2023-03-19,10,25,4054,173,0,0,25.1777777777778,0,0,4532,181,0,0,0,0
"5311",2023-03-19,10,30,4278,177,0,0,25.1777777777778,0,0,4532,181,0,0,0,0
"5312",2023-03-19,10,35,4404,181,0,0,25.1777777777778,0,0,4532,181,0,0,0,0
"5313",2023-03-19,10,40,4393,180,0,0,25.1777777777778,0,0,4532,181,0,0,0,0
"5314",2023-03-19,10,45,4393,179,0,0,25.1777777777778,0,0,4532,181,0,0,0,0
"5315",2023-03-19,10,50,4482,179,0,0,25.1777777777778,0,0,4532,181,0,0,0,0
"5316",2023-03-19,10,55,4532,180,0,0,25.1777777777778,0,0,4532,181,0,0,0,0
"5317",2023-03-19,11,0,4443,180,0,0,27.8677248677249,0,0,5267,192,0,0,0,0
"5318",2023-03-19,11,5,4585,182,0,0,27.8677248677249,0,0,5267,192,0,0,0,0
"5319",2023-03-19,11,10,4607,183,0,0,27.8677248677249,0,0,5267,192,0,0,0,0
"5320",2023-03-19,11,15,4689,185,0,0,27.8677248677249,0,0,5267,192,0,0,0,0
"5321",2023-03-19,11,20,4726,186,0,0,27.8677248677249,0,0,5267,192,0,0,0,0
"5322",2023-03-19,11,25,5267,189,0,0,27.8677248677249,0,0,5267,192,0,0,0,0
"5323",2023-03-19,11,30,5138,192,0,0,27.8677248677249,0,0,5267,192,0,0,0,0
"5324",2023-03-19,11,35,5166,192,0,0,27.8677248677249,0,0,5267,192,0,0,0,0
"5325",2023-03-19,11,40,5122,190,0,0,27.8677248677249,0,0,5267,192,0,0,0,0
"5326",2023-03-19,11,45,5024,190,0,0,27.8677248677249,0,0,5267,192,0,0,0,0
"5327",2023-03-19,11,50,4931,187,0,0,27.8677248677249,0,0,5267,192,0,0,0,0
"5328",2023-03-19,11,55,4931,187,0,0,27.8677248677249,0,0,5267,192,0,0,0,0
"5329",2023-03-19,12,0,4887,185,0,0,26.4162162162162,0,0,4887,189,0,0,0,0
"5330",2023-03-19,12,5,4477,183,0,0,26.4162162162162,0,0,4887,189,0,0,0,0
"5331",2023-03-19,12,10,4487,182,0,0,26.4162162162162,0,0,4887,189,0,0,0,0
"5332",2023-03-19,12,15,4700,185,0,0,26.4162162162162,0,0,4887,189,0,0,0,0
"5333",2023-03-19,12,20,4689,185,0,0,26.4162162162162,0,0,4887,189,0,0,0,0
"5334",2023-03-19,12,25,4509,183,0,0,26.4162162162162,0,0,4887,189,0,0,0,0
"5335",2023-03-19,12,30,4542,184,0,0,26.4162162162162,0,0,4887,189,0,0,0,0
"5336",2023-03-19,12,35,4503,184,0,0,26.4162162162162,0,0,4887,189,0,0,0,0
"5337",2023-03-19,12,40,4492,183,0,0,26.4162162162162,0,0,4887,189,0,0,0,0
"5338",2023-03-19,12,45,4514,186,0,0,26.4162162162162,0,0,4887,189,0,0,0,0
"5339",2023-03-19,12,50,4342,185,0,0,26.4162162162162,0,0,4887,189,0,0,0,0
"5340",2023-03-19,12,55,4558,189,0,0,26.4162162162162,0,0,4887,189,0,0,0,0
"5341",2023-03-19,13,0,4782,192,0,0,25.7333333333333,0,0,5062,197,0,0,0,0
"5342",2023-03-19,13,5,4793,193,0,0,25.7333333333333,0,0,5062,197,0,0,0,0
"5343",2023-03-19,13,10,4730,191,0,0,25.7333333333333,0,0,5062,197,0,0,0,0
"5344",2023-03-19,13,15,4910,192,0,0,25.7333333333333,0,0,5062,197,0,0,0,0
"5345",2023-03-19,13,20,4741,192,0,0,25.7333333333333,0,0,5062,197,0,0,0,0
"5346",2023-03-19,13,25,4965,195,0,0,25.7333333333333,0,0,5062,197,0,0,0,0
"5347",2023-03-19,13,30,4867,195,0,0,25.7333333333333,0,0,5062,197,0,0,0,0
"5348",2023-03-19,13,35,4857,195,0,0,25.7333333333333,0,0,5062,197,0,0,0,0
"5349",2023-03-19,13,40,4835,194,0,0,25.7333333333333,0,0,5062,197,0,0,0,0
"5350",2023-03-19,13,45,5018,195,0,0,25.7333333333333,0,0,5062,197,0,0,0,0
"5351",2023-03-19,13,50,5062,197,0,0,25.7333333333333,0,0,5062,197,0,0,0,0
"5352",2023-03-19,13,55,4835,192,0,0,25.7333333333333,0,0,5062,197,0,0,0,0
"5353",2023-03-19,14,0,4835,192,0,0,25.1822916666667,0,0,4835,192,0,0,0,0
"5354",2023-03-19,14,5,4503,190,0,0,25.1822916666667,0,0,4835,192,0,0,0,0
"5355",2023-03-19,14,10,4492,189,0,0,25.1822916666667,0,0,4835,192,0,0,0,0
"5356",2023-03-19,14,15,4393,184,0,0,25.1822916666667,0,0,4835,192,0,0,0,0
"5357",2023-03-19,14,20,4365,184,0,0,25.1822916666667,0,0,4835,192,0,0,0,0
"5358",2023-03-19,14,25,4321,182,0,0,25.1822916666667,0,0,4835,192,0,0,0,0
"5359",2023-03-19,14,30,4321,182,0,0,25.1822916666667,0,0,4835,192,0,0,0,0
"5360",2023-03-19,14,35,4332,182,0,0,25.1822916666667,0,0,4835,192,0,0,0,0
"5361",2023-03-19,14,40,4282,181,0,0,25.1822916666667,0,0,4835,192,0,0,0,0
"5362",2023-03-19,14,45,4424,183,0,0,25.1822916666667,0,0,4835,192,0,0,0,0
"5363",2023-03-19,14,50,4440,181,0,0,25.1822916666667,0,0,4835,192,0,0,0,0
"5364",2023-03-19,14,55,4413,178,0,0,25.1822916666667,0,0,4835,192,0,0,0,0
"5365",2023-03-19,15,0,4616,181,0,0,25.7885714285714,0,0,4616,181,0,0,0,0
"5366",2023-03-19,15,5,4544,179,0,0,25.7885714285714,0,0,4616,181,0,0,0,0
"5367",2023-03-19,15,10,4544,179,0,0,25.7885714285714,0,0,4616,181,0,0,0,0
"5368",2023-03-19,15,15,4612,179,0,0,25.7885714285714,0,0,4616,181,0,0,0,0
"5369",2023-03-19,15,20,4601,179,0,0,25.7885714285714,0,0,4616,181,0,0,0,0
"5370",2023-03-19,15,25,4513,175,0,0,25.7885714285714,0,0,4616,181,0,0,0,0
"5371",2023-03-19,15,30,4524,176,0,0,25.7885714285714,0,0,4616,181,0,0,0,0
"5372",2023-03-19,15,35,4434,175,0,0,25.7885714285714,0,0,4616,181,0,0,0,0
"5373",2023-03-19,15,40,4434,175,0,0,25.7885714285714,0,0,4616,181,0,0,0,0
"5374",2023-03-19,15,45,4079,169,0,0,25.7885714285714,0,0,4616,181,0,0,0,0
"5375",2023-03-19,15,50,4057,168,0,0,25.7885714285714,0,0,4616,181,0,0,0,0
"5376",2023-03-19,15,55,4169,170,0,0,25.7885714285714,0,0,4616,181,0,0,0,0
"5377",2023-03-19,16,0,4191,171,0,0,26.6511627906977,0,0,4628,175,0,0,0,0
"5378",2023-03-19,16,5,4169,170,0,0,26.6511627906977,0,0,4628,175,0,0,0,0
"5379",2023-03-19,16,10,4461,173,0,0,26.6511627906977,0,0,4628,175,0,0,0,0
"5380",2023-03-19,16,15,4461,173,0,0,26.6511627906977,0,0,4628,175,0,0,0,0
"5381",2023-03-19,16,20,4600,175,0,0,26.6511627906977,0,0,4628,175,0,0,0,0
"5382",2023-03-19,16,25,4628,174,0,0,26.6511627906977,0,0,4628,175,0,0,0,0
"5383",2023-03-19,16,30,4584,172,0,0,26.6511627906977,0,0,4628,175,0,0,0,0
"5384",2023-03-19,16,35,4535,172,0,0,26.6511627906977,0,0,4628,175,0,0,0,0
"5385",2023-03-19,16,40,4453,170,0,0,26.6511627906977,0,0,4628,175,0,0,0,0
"5386",2023-03-19,16,45,4403,169,0,0,26.6511627906977,0,0,4628,175,0,0,0,0
"5387",2023-03-19,16,50,4425,170,0,0,26.6511627906977,0,0,4628,175,0,0,0,0
"5388",2023-03-19,16,55,4375,170,0,0,26.6511627906977,0,0,4628,175,0,0,0,0
"5389",2023-03-19,17,0,4233,168,0,0,25.7393939393939,0,0,4247,168,0,0,0,0
"5390",2023-03-19,17,5,4183,167,0,0,25.7393939393939,0,0,4247,168,0,0,0,0
"5391",2023-03-19,17,10,4194,168,0,0,25.7393939393939,0,0,4247,168,0,0,0,0
"5392",2023-03-19,17,15,4161,166,0,0,25.7393939393939,0,0,4247,168,0,0,0,0
"5393",2023-03-19,17,20,4067,163,0,0,25.7393939393939,0,0,4247,168,0,0,0,0
"5394",2023-03-19,17,25,4247,165,0,0,25.7393939393939,0,0,4247,168,0,0,0,0
"5395",2023-03-19,17,30,4159,165,0,0,25.7393939393939,0,0,4247,168,0,0,0,0
"5396",2023-03-19,17,35,4109,165,0,0,25.7393939393939,0,0,4247,168,0,0,0,0
"5397",2023-03-19,17,40,3951,165,0,0,25.7393939393939,0,0,4247,168,0,0,0,0
"5398",2023-03-19,17,45,3907,163,0,0,25.7393939393939,0,0,4247,168,0,0,0,0
"5399",2023-03-19,17,50,3975,163,0,0,25.7393939393939,0,0,4247,168,0,0,0,0
"5400",2023-03-19,17,55,3909,160,0,0,25.7393939393939,0,0,4247,168,0,0,0,0
"5401",2023-03-19,18,0,3865,158,0,0,26.2909090909091,0,0,4426,169,0,0,0,0
"5402",2023-03-19,18,5,4013,158,0,0,26.2909090909091,0,0,4426,169,0,0,0,0
"5403",2023-03-19,18,10,4112,165,0,0,26.2909090909091,0,0,4426,169,0,0,0,0
"5404",2023-03-19,18,15,4184,167,0,0,26.2909090909091,0,0,4426,169,0,0,0,0
"5405",2023-03-19,18,20,4251,165,0,0,26.2909090909091,0,0,4426,169,0,0,0,0
"5406",2023-03-19,18,25,4426,169,0,0,26.2909090909091,0,0,4426,169,0,0,0,0
"5407",2023-03-19,18,30,4338,165,0,0,26.2909090909091,0,0,4426,169,0,0,0,0
"5408",2023-03-19,18,35,4136,162,0,0,26.2909090909091,0,0,4426,169,0,0,0,0
"5409",2023-03-19,18,40,4016,162,0,0,26.2909090909091,0,0,4426,169,0,0,0,0
"5410",2023-03-19,18,45,3885,161,0,0,26.2909090909091,0,0,4426,169,0,0,0,0
"5411",2023-03-19,18,50,4065,162,0,0,26.2909090909091,0,0,4426,169,0,0,0,0
"5412",2023-03-19,18,55,4087,163,0,0,26.2909090909091,0,0,4426,169,0,0,0,0
"5413",2023-03-19,19,0,4380,165,0,0,26.6867469879518,0,0,4430,167,0,0,0,0
"5414",2023-03-19,19,5,4430,166,0,0,26.6867469879518,0,0,4430,167,0,0,0,0
"5415",2023-03-19,19,10,4424,167,0,0,26.6867469879518,0,0,4430,167,0,0,0,0
"5416",2023-03-19,19,15,4218,164,0,0,26.6867469879518,0,0,4430,167,0,0,0,0
"5417",2023-03-19,19,20,4098,163,0,0,26.6867469879518,0,0,4430,167,0,0,0,0
"5418",2023-03-19,19,25,4218,164,0,0,26.6867469879518,0,0,4430,167,0,0,0,0
"5419",2023-03-19,19,30,4196,163,0,0,26.6867469879518,0,0,4430,167,0,0,0,0
"5420",2023-03-19,19,35,4098,163,0,0,26.6867469879518,0,0,4430,167,0,0,0,0
"5421",2023-03-19,19,40,3885,160,0,0,26.6867469879518,0,0,4430,167,0,0,0,0
"5422",2023-03-19,19,45,3885,160,0,0,26.6867469879518,0,0,4430,167,0,0,0,0
"5423",2023-03-19,19,50,3918,160,0,0,26.6867469879518,0,0,4430,167,0,0,0,0
"5424",2023-03-19,19,55,4000,162,0,0,26.6867469879518,0,0,4430,167,0,0,0,0
"5425",2023-03-19,20,0,4022,163,0,0,25.2608695652174,0,0,4067,164,0,0,0,0
"5426",2023-03-19,20,5,4000,162,0,0,25.2608695652174,0,0,4067,164,0,0,0,0
"5427",2023-03-19,20,10,4022,163,0,0,25.2608695652174,0,0,4067,164,0,0,0,0
"5428",2023-03-19,20,15,3989,162,0,0,25.2608695652174,0,0,4067,164,0,0,0,0
"5429",2023-03-19,20,20,4031,164,0,0,25.2608695652174,0,0,4067,164,0,0,0,0
"5430",2023-03-19,20,25,3911,163,0,0,25.2608695652174,0,0,4067,164,0,0,0,0
"5431",2023-03-19,20,30,3889,162,0,0,25.2608695652174,0,0,4067,164,0,0,0,0
"5432",2023-03-19,20,35,3867,161,0,0,25.2608695652174,0,0,4067,164,0,0,0,0
"5433",2023-03-19,20,40,4067,161,0,0,25.2608695652174,0,0,4067,164,0,0,0,0
"5434",2023-03-19,20,45,4067,161,0,0,25.2608695652174,0,0,4067,164,0,0,0,0
"5435",2023-03-19,20,50,3867,160,0,0,25.2608695652174,0,0,4067,164,0,0,0,0
"5436",2023-03-19,20,55,3867,160,0,0,25.2608695652174,0,0,4067,164,0,0,0,0
"5437",2023-03-19,21,0,3867,160,0,0,24.3207547169811,0,0,3867,160,0,0,0,0
"5438",2023-03-19,21,5,3867,160,0,0,24.3207547169811,0,0,3867,160,0,0,0,0
"5439",2023-03-19,21,10,3867,160,0,0,24.3207547169811,0,0,3867,160,0,0,0,0
"5440",2023-03-19,21,15,3867,160,0,0,24.3207547169811,0,0,3867,160,0,0,0,0
"5441",2023-03-19,21,20,3867,159,0,0,24.3207547169811,0,0,3867,160,0,0,0,0
"5442",2023-03-19,21,25,3807,158,0,0,24.3207547169811,0,0,3867,160,0,0,0,0
"5443",2023-03-19,21,30,3851,160,0,0,24.3207547169811,0,0,3867,160,0,0,0,0
"5444",2023-03-19,21,35,3851,160,0,0,24.3207547169811,0,0,3867,160,0,0,0,0
"5445",2023-03-19,21,40,3851,160,0,0,24.3207547169811,0,0,3867,160,0,0,0,0
"5446",2023-03-19,21,45,3851,160,0,0,24.3207547169811,0,0,3867,160,0,0,0,0
"5447",2023-03-19,21,50,3851,160,0,0,24.3207547169811,0,0,3867,160,0,0,0,0
"5448",2023-03-19,21,55,3829,159,0,0,24.3207547169811,0,0,3867,160,0,0,0,0
"5449",2023-03-19,22,0,3807,158,0,0,26.0134228187919,0,0,3916,158,0,0,0,0
"5450",2023-03-19,22,5,3796,157,0,0,26.0134228187919,0,0,3916,158,0,0,0,0
"5451",2023-03-19,22,10,3741,154,0,0,26.0134228187919,0,0,3916,158,0,0,0,0
"5452",2023-03-19,22,15,3736,152,0,0,26.0134228187919,0,0,3916,158,0,0,0,0
"5453",2023-03-19,22,20,3736,152,0,0,26.0134228187919,0,0,3916,158,0,0,0,0
"5454",2023-03-19,22,25,3905,152,0,0,26.0134228187919,0,0,3916,158,0,0,0,0
"5455",2023-03-19,22,30,3894,151,0,0,26.0134228187919,0,0,3916,158,0,0,0,0
"5456",2023-03-19,22,35,3894,151,0,0,26.0134228187919,0,0,3916,158,0,0,0,0
"5457",2023-03-19,22,40,3916,151,0,0,26.0134228187919,0,0,3916,158,0,0,0,0
"5458",2023-03-19,22,45,3736,150,0,0,26.0134228187919,0,0,3916,158,0,0,0,0
"5459",2023-03-19,22,50,3876,149,0,0,26.0134228187919,0,0,3916,158,0,0,0,0
"5460",2023-03-19,22,55,3876,149,0,0,26.0134228187919,0,0,3916,158,0,0,0,0
"5461",2023-03-19,23,0,3996,150,0,0,27.2933333333333,0,0,4138,152,0,0,0,0
"5462",2023-03-19,23,5,4094,150,0,0,27.2933333333333,0,0,4138,152,0,0,0,0
"5463",2023-03-19,23,10,4138,152,0,0,27.2933333333333,0,0,4138,152,0,0,0,0
"5464",2023-03-19,23,15,4138,152,0,0,27.2933333333333,0,0,4138,152,0,0,0,0
"5465",2023-03-19,23,20,4018,151,0,0,27.2933333333333,0,0,4138,152,0,0,0,0
"5466",2023-03-19,23,25,4018,151,0,0,27.2933333333333,0,0,4138,152,0,0,0,0
"5467",2023-03-19,23,30,4018,151,0,0,27.2933333333333,0,0,4138,152,0,0,0,0
"5468",2023-03-19,23,35,4018,151,0,0,27.2933333333333,0,0,4138,152,0,0,0,0
"5469",2023-03-19,23,40,4018,151,0,0,27.2933333333333,0,0,4138,152,0,0,0,0
"5470",2023-03-19,23,45,4018,151,0,0,27.2933333333333,0,0,4138,152,0,0,0,0
"5471",2023-03-19,23,50,3834,150,0,0,27.2933333333333,0,0,4138,152,0,0,0,0
"5472",2023-03-19,23,55,3970,149,0,0,27.2933333333333,0,0,4138,152,0,0,0,0
"5473",2023-03-20,0,0,3255,162,0,0,20.0925925925926,0,0,3255,162,0,0,0,0
"5474",2023-03-20,0,5,3233,161,0,0,20.0925925925926,0,0,3255,162,0,0,0,0
"5475",2023-03-20,0,10,3233,161,0,0,20.0925925925926,0,0,3255,162,0,0,0,0
"5476",2023-03-20,0,15,3233,161,0,0,20.0925925925926,0,0,3255,162,0,0,0,0
"5477",2023-03-20,0,20,3255,162,0,0,20.0925925925926,0,0,3255,162,0,0,0,0
"5478",2023-03-20,0,25,3244,162,0,0,20.0925925925926,0,0,3255,162,0,0,0,0
"5479",2023-03-20,0,30,3244,162,0,0,20.0925925925926,0,0,3255,162,0,0,0,0
"5480",2023-03-20,0,35,3222,161,0,0,20.0925925925926,0,0,3255,162,0,0,0,0
"5481",2023-03-20,0,40,3222,161,0,0,20.0925925925926,0,0,3255,162,0,0,0,0
"5482",2023-03-20,0,45,3244,162,0,0,20.0925925925926,0,0,3255,162,0,0,0,0
"5483",2023-03-20,0,50,3222,161,0,0,20.0925925925926,0,0,3255,162,0,0,0,0
"5484",2023-03-20,0,55,3222,161,0,0,20.0925925925926,0,0,3255,162,0,0,0,0
"5485",2023-03-20,1,0,3578,144,0,0,24.9078014184397,0,0,3578,144,0,0,0,0
"5486",2023-03-20,1,5,3556,143,0,0,24.9078014184397,0,0,3578,144,0,0,0,0
"5487",2023-03-20,1,10,3534,142,0,0,24.9078014184397,0,0,3578,144,0,0,0,0
"5488",2023-03-20,1,15,3534,142,0,0,24.9078014184397,0,0,3578,144,0,0,0,0
"5489",2023-03-20,1,20,3534,142,0,0,24.9078014184397,0,0,3578,144,0,0,0,0
"5490",2023-03-20,1,25,3512,141,0,0,24.9078014184397,0,0,3578,144,0,0,0,0
"5491",2023-03-20,1,30,3512,141,0,0,24.9078014184397,0,0,3578,144,0,0,0,0
"5492",2023-03-20,1,35,3512,141,0,0,24.9078014184397,0,0,3578,144,0,0,0,0
"5493",2023-03-20,1,40,3512,141,0,0,24.9078014184397,0,0,3578,144,0,0,0,0
"5494",2023-03-20,1,45,3512,141,0,0,24.9078014184397,0,0,3578,144,0,0,0,0
"5495",2023-03-20,1,50,3512,141,0,0,24.9078014184397,0,0,3578,144,0,0,0,0
"5496",2023-03-20,1,55,3512,141,0,0,24.9078014184397,0,0,3578,144,0,0,0,0
"5497",2023-03-20,2,0,3512,141,0,0,26.0283687943262,0,0,3692,142,0,0,0,0
"5498",2023-03-20,2,5,3512,141,0,0,26.0283687943262,0,0,3692,142,0,0,0,0
"5499",2023-03-20,2,10,3512,141,0,0,26.0283687943262,0,0,3692,142,0,0,0,0
"5500",2023-03-20,2,15,3512,141,0,0,26.0283687943262,0,0,3692,142,0,0,0,0
"5501",2023-03-20,2,20,3512,141,0,0,26.0283687943262,0,0,3692,142,0,0,0,0
"5502",2023-03-20,2,25,3512,141,0,0,26.0283687943262,0,0,3692,142,0,0,0,0
"5503",2023-03-20,2,30,3512,141,0,0,26.0283687943262,0,0,3692,142,0,0,0,0
"5504",2023-03-20,2,35,3512,141,0,0,26.0283687943262,0,0,3692,142,0,0,0,0
"5505",2023-03-20,2,40,3692,142,0,0,26.0283687943262,0,0,3692,142,0,0,0,0
"5506",2023-03-20,2,45,3692,142,0,0,26.0283687943262,0,0,3692,142,0,0,0,0
"5507",2023-03-20,2,50,3692,142,0,0,26.0283687943262,0,0,3692,142,0,0,0,0
"5508",2023-03-20,2,55,3670,141,0,0,26.0283687943262,0,0,3692,142,0,0,0,0
"5509",2023-03-20,3,0,3670,141,0,0,26.0283687943262,0,0,3670,141,0,0,0,0
"5510",2023-03-20,3,5,3670,141,0,0,26.0283687943262,0,0,3670,141,0,0,0,0
"5511",2023-03-20,3,10,3490,140,0,0,26.0283687943262,0,0,3670,141,0,0,0,0
"5512",2023-03-20,3,15,3490,140,0,0,26.0283687943262,0,0,3670,141,0,0,0,0
"5513",2023-03-20,3,20,3490,140,0,0,26.0283687943262,0,0,3670,141,0,0,0,0
"5514",2023-03-20,3,25,3490,140,0,0,26.0283687943262,0,0,3670,141,0,0,0,0
"5515",2023-03-20,3,30,3490,140,0,0,26.0283687943262,0,0,3670,141,0,0,0,0
"5516",2023-03-20,3,35,3490,140,0,0,26.0283687943262,0,0,3670,141,0,0,0,0
"5517",2023-03-20,3,40,3490,140,0,0,26.0283687943262,0,0,3670,141,0,0,0,0
"5518",2023-03-20,3,45,3468,139,0,0,26.0283687943262,0,0,3670,141,0,0,0,0
"5519",2023-03-20,3,50,3468,139,0,0,26.0283687943262,0,0,3670,141,0,0,0,0
"5520",2023-03-20,3,55,3468,139,0,0,26.0283687943262,0,0,3670,141,0,0,0,0
"5521",2023-03-20,4,0,3468,139,0,0,24.9496402877698,0,0,3468,139,0,0,0,0
"5522",2023-03-20,4,5,3468,139,0,0,24.9496402877698,0,0,3468,139,0,0,0,0
"5523",2023-03-20,4,10,3468,139,0,0,24.9496402877698,0,0,3468,139,0,0,0,0
"5524",2023-03-20,4,15,3468,139,0,0,24.9496402877698,0,0,3468,139,0,0,0,0
"5525",2023-03-20,4,20,3468,139,0,0,24.9496402877698,0,0,3468,139,0,0,0,0
"5526",2023-03-20,4,25,3468,139,0,0,24.9496402877698,0,0,3468,139,0,0,0,0
"5527",2023-03-20,4,30,3468,139,0,0,24.9496402877698,0,0,3468,139,0,0,0,0
"5528",2023-03-20,4,35,3468,139,0,0,24.9496402877698,0,0,3468,139,0,0,0,0
"5529",2023-03-20,4,40,3468,139,0,0,24.9496402877698,0,0,3468,139,0,0,0,0
"5530",2023-03-20,4,45,3468,139,0,0,24.9496402877698,0,0,3468,139,0,0,0,0
"5531",2023-03-20,4,50,3468,139,0,0,24.9496402877698,0,0,3468,139,0,0,0,0
"5532",2023-03-20,4,55,3468,139,0,0,24.9496402877698,0,0,3468,139,0,0,0,0
"5533",2023-03-20,5,0,3468,139,0,0,24.9710144927536,0,0,3468,139,0,0,0,0
"5534",2023-03-20,5,5,3468,139,0,0,24.9710144927536,0,0,3468,139,0,0,0,0
"5535",2023-03-20,5,10,3468,139,0,0,24.9710144927536,0,0,3468,139,0,0,0,0
"5536",2023-03-20,5,15,3468,139,0,0,24.9710144927536,0,0,3468,139,0,0,0,0
"5537",2023-03-20,5,20,3468,139,0,0,24.9710144927536,0,0,3468,139,0,0,0,0
"5538",2023-03-20,5,25,3468,139,0,0,24.9710144927536,0,0,3468,139,0,0,0,0
"5539",2023-03-20,5,30,3468,139,0,0,24.9710144927536,0,0,3468,139,0,0,0,0
"5540",2023-03-20,5,35,3446,138,0,0,24.9710144927536,0,0,3468,139,0,0,0,0
"5541",2023-03-20,5,40,3446,138,0,0,24.9710144927536,0,0,3468,139,0,0,0,0
"5542",2023-03-20,5,45,3446,138,0,0,24.9710144927536,0,0,3468,139,0,0,0,0
"5543",2023-03-20,5,50,3446,138,0,0,24.9710144927536,0,0,3468,139,0,0,0,0
"5544",2023-03-20,5,55,3468,139,0,0,24.9710144927536,0,0,3468,139,0,0,0,0
"5545",2023-03-20,6,0,3468,139,0,0,25.177304964539,0,0,3561,142,0,0,0,0
"5546",2023-03-20,6,5,3468,139,0,0,25.177304964539,0,0,3561,142,0,0,0,0
"5547",2023-03-20,6,10,3468,139,0,0,25.177304964539,0,0,3561,142,0,0,0,0
"5548",2023-03-20,6,15,3468,139,0,0,25.177304964539,0,0,3561,142,0,0,0,0
"5549",2023-03-20,6,20,3512,141,0,0,25.177304964539,0,0,3561,142,0,0,0,0
"5550",2023-03-20,6,25,3512,141,0,0,25.177304964539,0,0,3561,142,0,0,0,0
"5551",2023-03-20,6,30,3512,141,0,0,25.177304964539,0,0,3561,142,0,0,0,0
"5552",2023-03-20,6,35,3550,141,0,0,25.177304964539,0,0,3561,142,0,0,0,0
"5553",2023-03-20,6,40,3550,141,0,0,25.177304964539,0,0,3561,142,0,0,0,0
"5554",2023-03-20,6,45,3550,141,0,0,25.177304964539,0,0,3561,142,0,0,0,0
"5555",2023-03-20,6,50,3561,142,0,0,25.177304964539,0,0,3561,142,0,0,0,0
"5556",2023-03-20,6,55,3561,142,0,0,25.177304964539,0,0,3561,142,0,0,0,0
"5557",2023-03-20,7,0,3583,143,0,0,25.624203821656,0,0,4276,174,0,0,0,0
"5558",2023-03-20,7,5,3616,145,0,0,25.624203821656,0,0,4276,174,0,0,0,0
"5559",2023-03-20,7,10,3638,147,0,0,25.624203821656,0,0,4276,174,0,0,0,0
"5560",2023-03-20,7,15,3646,149,0,0,25.624203821656,0,0,4276,174,0,0,0,0
"5561",2023-03-20,7,20,3646,149,0,0,25.624203821656,0,0,4276,174,0,0,0,0
"5562",2023-03-20,7,25,3723,154,0,0,25.624203821656,0,0,4276,174,0,0,0,0
"5563",2023-03-20,7,30,4023,157,0,0,25.624203821656,0,0,4276,174,0,0,0,0
"5564",2023-03-20,7,35,4122,162,0,0,25.624203821656,0,0,4276,174,0,0,0,0
"5565",2023-03-20,7,40,4188,165,0,0,25.624203821656,0,0,4276,174,0,0,0,0
"5566",2023-03-20,7,45,4276,171,0,0,25.624203821656,0,0,4276,174,0,0,0,0
"5567",2023-03-20,7,50,4189,172,0,0,25.624203821656,0,0,4276,174,0,0,0,0
"5568",2023-03-20,7,55,4075,174,0,0,25.624203821656,0,0,4276,174,0,0,0,0
"5569",2023-03-20,8,0,4247,177,0,0,25.1809523809524,0,0,5799,235,0,0,0,0
"5570",2023-03-20,8,5,4434,186,0,0,25.1809523809524,0,0,5799,235,0,0,0,0
"5571",2023-03-20,8,10,4533,193,0,0,25.1809523809524,0,0,5799,235,0,0,0,0
"5572",2023-03-20,8,15,4632,199,0,0,25.1809523809524,0,0,5799,235,0,0,0,0
"5573",2023-03-20,8,20,4665,201,0,0,25.1809523809524,0,0,5799,235,0,0,0,0
"5574",2023-03-20,8,25,4829,204,0,0,25.1809523809524,0,0,5799,235,0,0,0,0
"5575",2023-03-20,8,30,5288,210,0,0,25.1809523809524,0,0,5799,235,0,0,0,0
"5576",2023-03-20,8,35,5404,215,0,0,25.1809523809524,0,0,5799,235,0,0,0,0
"5577",2023-03-20,8,40,5426,216,0,0,25.1809523809524,0,0,5799,235,0,0,0,0
"5578",2023-03-20,8,45,5603,223,0,0,25.1809523809524,0,0,5799,235,0,0,0,0
"5579",2023-03-20,8,50,5702,229,0,0,25.1809523809524,0,0,5799,235,0,0,0,0
"5580",2023-03-20,8,55,5799,235,0,0,25.1809523809524,0,0,5799,235,0,0,0,0
"5581",2023-03-20,9,0,5726,238,0,0,24.3621399176955,0,0,6490,271,0,0,0,0
"5582",2023-03-20,9,5,5920,243,0,0,24.3621399176955,0,0,6490,271,0,0,0,0
"5583",2023-03-20,9,10,6008,248,0,0,24.3621399176955,0,0,6490,271,0,0,0,0
"5584",2023-03-20,9,15,6085,252,0,0,24.3621399176955,0,0,6490,271,0,0,0,0
"5585",2023-03-20,9,20,5960,253,0,0,24.3621399176955,0,0,6490,271,0,0,0,0
"5586",2023-03-20,9,25,5890,258,0,0,24.3621399176955,0,0,6490,271,0,0,0,0
"5587",2023-03-20,9,30,6196,264,0,0,24.3621399176955,0,0,6490,271,0,0,0,0
"5588",2023-03-20,9,35,6382,264,0,0,24.3621399176955,0,0,6490,271,0,0,0,0
"5589",2023-03-20,9,40,6476,267,0,0,24.3621399176955,0,0,6490,271,0,0,0,0
"5590",2023-03-20,9,45,6155,266,0,0,24.3621399176955,0,0,6490,271,0,0,0,0
"5591",2023-03-20,9,50,6490,271,0,0,24.3621399176955,0,0,6490,271,0,0,0,0
"5592",2023-03-20,9,55,6151,267,0,0,24.3621399176955,0,0,6490,271,0,0,0,0
"5593",2023-03-20,10,0,6141,272,0,0,23.779359430605,0,0,6682,281,0,0,0,0
"5594",2023-03-20,10,5,6261,273,0,0,23.779359430605,0,0,6682,281,0,0,0,0
"5595",2023-03-20,10,10,6305,275,0,0,23.779359430605,0,0,6682,281,0,0,0,0
"5596",2023-03-20,10,15,6125,274,0,0,23.779359430605,0,0,6682,281,0,0,0,0
"5597",2023-03-20,10,20,6158,276,0,0,23.779359430605,0,0,6682,281,0,0,0,0
"5598",2023-03-20,10,25,6285,275,0,0,23.779359430605,0,0,6682,281,0,0,0,0
"5599",2023-03-20,10,30,6263,273,0,0,23.779359430605,0,0,6682,281,0,0,0,0
"5600",2023-03-20,10,35,6394,275,0,0,23.779359430605,0,0,6682,281,0,0,0,0
"5601",2023-03-20,10,40,6268,275,0,0,23.779359430605,0,0,6682,281,0,0,0,0
"5602",2023-03-20,10,45,6539,278,0,0,23.779359430605,0,0,6682,281,0,0,0,0
"5603",2023-03-20,10,50,6600,279,0,0,23.779359430605,0,0,6682,281,0,0,0,0
"5604",2023-03-20,10,55,6682,281,0,0,23.779359430605,0,0,6682,281,0,0,0,0
"5605",2023-03-20,11,0,6792,287,0,0,23.7957746478873,0,0,6792,287,0,0,0,0
"5606",2023-03-20,11,5,6758,284,0,0,23.7957746478873,0,0,6792,287,0,0,0,0
"5607",2023-03-20,11,10,6567,283,0,0,23.7957746478873,0,0,6792,287,0,0,0,0
"5608",2023-03-20,11,15,6350,282,0,0,23.7957746478873,0,0,6792,287,0,0,0,0
"5609",2023-03-20,11,20,6406,281,0,0,23.7957746478873,0,0,6792,287,0,0,0,0
"5610",2023-03-20,11,25,6252,276,0,0,23.7957746478873,0,0,6792,287,0,0,0,0
"5611",2023-03-20,11,30,6307,279,0,0,23.7957746478873,0,0,6792,287,0,0,0,0
"5612",2023-03-20,11,35,6099,274,0,0,23.7957746478873,0,0,6792,287,0,0,0,0
"5613",2023-03-20,11,40,6121,275,0,0,23.7957746478873,0,0,6792,287,0,0,0,0
"5614",2023-03-20,11,45,6110,274,0,0,23.7957746478873,0,0,6792,287,0,0,0,0
"5615",2023-03-20,11,50,5907,270,0,0,23.7957746478873,0,0,6792,287,0,0,0,0
"5616",2023-03-20,11,55,5885,269,0,0,23.7957746478873,0,0,6792,287,0,0,0,0
"5617",2023-03-20,12,0,5819,266,0,0,24.448,0,0,6310,266,0,0,0,0
"5618",2023-03-20,12,5,5769,265,0,0,24.448,0,0,6310,266,0,0,0,0
"5619",2023-03-20,12,10,5918,265,0,0,24.448,0,0,6310,266,0,0,0,0
"5620",2023-03-20,12,15,5830,261,0,0,24.448,0,0,6310,266,0,0,0,0
"5621",2023-03-20,12,20,5863,263,0,0,24.448,0,0,6310,266,0,0,0,0
"5622",2023-03-20,12,25,5808,260,0,0,24.448,0,0,6310,266,0,0,0,0
"5623",2023-03-20,12,30,5977,262,0,0,24.448,0,0,6310,266,0,0,0,0
"5624",2023-03-20,12,35,5855,260,0,0,24.448,0,0,6310,266,0,0,0,0
"5625",2023-03-20,12,40,5822,258,0,0,24.448,0,0,6310,266,0,0,0,0
"5626",2023-03-20,12,45,5811,257,0,0,24.448,0,0,6310,266,0,0,0,0
"5627",2023-03-20,12,50,6310,259,0,0,24.448,0,0,6310,266,0,0,0,0
"5628",2023-03-20,12,55,6112,250,0,0,24.448,0,0,6310,266,0,0,0,0
"5629",2023-03-20,13,0,5883,245,0,0,24.3487394957983,0,0,5883,245,0,0,0,0
"5630",2023-03-20,13,5,5795,238,0,0,24.3487394957983,0,0,5883,245,0,0,0,0
"5631",2023-03-20,13,10,5656,238,0,0,24.3487394957983,0,0,5883,245,0,0,0,0
"5632",2023-03-20,13,15,5667,240,0,0,24.3487394957983,0,0,5883,245,0,0,0,0
"5633",2023-03-20,13,20,5767,242,0,0,24.3487394957983,0,0,5883,245,0,0,0,0
"5634",2023-03-20,13,25,5723,239,0,0,24.3487394957983,0,0,5883,245,0,0,0,0
"5635",2023-03-20,13,30,5483,238,0,0,24.3487394957983,0,0,5883,245,0,0,0,0
"5636",2023-03-20,13,35,5356,241,0,0,24.3487394957983,0,0,5883,245,0,0,0,0
"5637",2023-03-20,13,40,5295,239,0,0,24.3487394957983,0,0,5883,245,0,0,0,0
"5638",2023-03-20,13,45,5273,238,0,0,24.3487394957983,0,0,5883,245,0,0,0,0
"5639",2023-03-20,13,50,5129,235,0,0,24.3487394957983,0,0,5883,245,0,0,0,0
"5640",2023-03-20,13,55,5173,238,0,0,24.3487394957983,0,0,5883,245,0,0,0,0
"5641",2023-03-20,14,0,5244,240,0,0,22.6894736842105,0,0,5424,242,0,0,0,0
"5642",2023-03-20,14,5,5211,238,0,0,22.6894736842105,0,0,5424,242,0,0,0,0
"5643",2023-03-20,14,10,5424,242,0,0,22.6894736842105,0,0,5424,242,0,0,0,0
"5644",2023-03-20,14,15,4333,191,0,0,22.6894736842105,0,0,5424,242,0,0,0,0
"5645",2023-03-20,14,20,4311,190,0,0,22.6894736842105,0,0,5424,242,0,0,0,0
"5646",2023-03-20,14,25,4311,190,0,0,22.6894736842105,0,0,5424,242,0,0,0,0
"5647",2023-03-20,14,30,4375,193,0,0,22.6894736842105,0,0,5424,242,0,0,0,0
"5648",2023-03-20,14,35,4375,193,0,0,22.6894736842105,0,0,5424,242,0,0,0,0
"5649",2023-03-20,14,40,4397,194,0,0,22.6894736842105,0,0,5424,242,0,0,0,0
"5650",2023-03-20,14,45,4397,194,0,0,22.6894736842105,0,0,5424,242,0,0,0,0
"5651",2023-03-20,14,50,4397,194,0,0,22.6894736842105,0,0,5424,242,0,0,0,0
"5652",2023-03-20,14,55,4397,194,0,0,22.6894736842105,0,0,5424,242,0,0,0,0
"5653",2023-03-20,15,0,4375,193,0,0,25.4041450777202,0,0,4903,195,0,0,0,0
"5654",2023-03-20,15,5,4397,194,0,0,25.4041450777202,0,0,4903,195,0,0,0,0
"5655",2023-03-20,15,10,4697,195,0,0,25.4041450777202,0,0,4903,195,0,0,0,0
"5656",2023-03-20,15,15,4903,193,0,0,25.4041450777202,0,0,4903,195,0,0,0,0
"5657",2023-03-20,15,20,4627,193,0,0,25.4041450777202,0,0,4903,195,0,0,0,0
"5658",2023-03-20,15,25,4327,192,0,0,25.4041450777202,0,0,4903,195,0,0,0,0
"5659",2023-03-20,15,30,4327,192,0,0,25.4041450777202,0,0,4903,195,0,0,0,0
"5660",2023-03-20,15,35,4327,192,0,0,25.4041450777202,0,0,4903,195,0,0,0,0
"5661",2023-03-20,15,40,4327,192,0,0,25.4041450777202,0,0,4903,195,0,0,0,0
"5662",2023-03-20,15,45,4327,192,0,0,25.4041450777202,0,0,4903,195,0,0,0,0
"5663",2023-03-20,15,50,4305,191,0,0,25.4041450777202,0,0,4903,195,0,0,0,0
"5664",2023-03-20,15,55,4285,190,0,0,25.4041450777202,0,0,4903,195,0,0,0,0
"5665",2023-03-20,16,0,4029,191,0,0,21.0942408376963,0,0,5007,238,0,0,0,0
"5666",2023-03-20,16,5,4029,191,0,0,21.0942408376963,0,0,5007,238,0,0,0,0
"5667",2023-03-20,16,10,2146,102,0,0,21.0942408376963,0,0,5007,238,0,0,0,0
"5668",2023-03-20,16,15,4754,238,0,0,21.0942408376963,0,0,5007,238,0,0,0,0
"5669",2023-03-20,16,20,4716,235,0,0,21.0942408376963,0,0,5007,238,0,0,0,0
"5670",2023-03-20,16,25,4624,236,0,0,21.0942408376963,0,0,5007,238,0,0,0,0
"5671",2023-03-20,16,30,4815,238,0,0,21.0942408376963,0,0,5007,238,0,0,0,0
"5672",2023-03-20,16,35,4815,238,0,0,21.0942408376963,0,0,5007,238,0,0,0,0
"5673",2023-03-20,16,40,3299,168,0,0,21.0942408376963,0,0,5007,238,0,0,0,0
"5674",2023-03-20,16,45,4453,228,0,0,21.0942408376963,0,0,5007,238,0,0,0,0
"5675",2023-03-20,16,50,4847,232,0,0,21.0942408376963,0,0,5007,238,0,0,0,0
"5676",2023-03-20,16,55,5007,238,0,0,21.0942408376963,0,0,5007,238,0,0,0,0
"5677",2023-03-20,17,0,5115,237,0,0,24.5205479452055,0,0,5370,237,0,0,0,0
"5678",2023-03-20,17,5,4804,236,0,0,24.5205479452055,0,0,5370,237,0,0,0,0
"5679",2023-03-20,17,10,4762,233,0,0,24.5205479452055,0,0,5370,237,0,0,0,0
"5680",2023-03-20,17,15,5176,233,0,0,24.5205479452055,0,0,5370,237,0,0,0,0
"5681",2023-03-20,17,20,5002,231,0,0,24.5205479452055,0,0,5370,237,0,0,0,0
"5682",2023-03-20,17,25,4881,224,0,0,24.5205479452055,0,0,5370,237,0,0,0,0
"5683",2023-03-20,17,30,5036,222,0,0,24.5205479452055,0,0,5370,237,0,0,0,0
"5684",2023-03-20,17,35,5110,222,0,0,24.5205479452055,0,0,5370,237,0,0,0,0
"5685",2023-03-20,17,40,5212,220,0,0,24.5205479452055,0,0,5370,237,0,0,0,0
"5686",2023-03-20,17,45,5370,219,0,0,24.5205479452055,0,0,5370,237,0,0,0,0
"5687",2023-03-20,17,50,5154,215,0,0,24.5205479452055,0,0,5370,237,0,0,0,0
"5688",2023-03-20,17,55,5159,216,0,0,24.5205479452055,0,0,5370,237,0,0,0,0
"5689",2023-03-20,18,0,4990,214,0,0,23.7028301886792,0,0,5025,214,0,0,0,0
"5690",2023-03-20,18,5,5025,212,0,0,23.7028301886792,0,0,5025,214,0,0,0,0
"5691",2023-03-20,18,10,4370,204,0,0,23.7028301886792,0,0,5025,214,0,0,0,0
"5692",2023-03-20,18,15,4497,209,0,0,23.7028301886792,0,0,5025,214,0,0,0,0
"5693",2023-03-20,18,20,4325,205,0,0,23.7028301886792,0,0,5025,214,0,0,0,0
"5694",2023-03-20,18,25,4792,208,0,0,23.7028301886792,0,0,5025,214,0,0,0,0
"5695",2023-03-20,18,30,4770,207,0,0,23.7028301886792,0,0,5025,214,0,0,0,0
"5696",2023-03-20,18,35,4503,200,0,0,23.7028301886792,0,0,5025,214,0,0,0,0
"5697",2023-03-20,18,40,4700,200,0,0,23.7028301886792,0,0,5025,214,0,0,0,0
"5698",2023-03-20,18,45,4247,195,0,0,23.7028301886792,0,0,5025,214,0,0,0,0
"5699",2023-03-20,18,50,4433,194,0,0,23.7028301886792,0,0,5025,214,0,0,0,0
"5700",2023-03-20,18,55,4282,188,0,0,23.7028301886792,0,0,5025,214,0,0,0,0
"5701",2023-03-20,19,0,4069,185,0,0,26.8021390374332,0,0,5055,191,0,0,0,0
"5702",2023-03-20,19,5,3897,181,0,0,26.8021390374332,0,0,5055,191,0,0,0,0
"5703",2023-03-20,19,10,3941,183,0,0,26.8021390374332,0,0,5055,191,0,0,0,0
"5704",2023-03-20,19,15,3891,182,0,0,26.8021390374332,0,0,5055,191,0,0,0,0
"5705",2023-03-20,19,20,3879,183,0,0,26.8021390374332,0,0,5055,191,0,0,0,0
"5706",2023-03-20,19,25,4031,184,0,0,26.8021390374332,0,0,5055,191,0,0,0,0
"5707",2023-03-20,19,30,4123,183,0,0,26.8021390374332,0,0,5055,191,0,0,0,0
"5708",2023-03-20,19,35,4445,185,0,0,26.8021390374332,0,0,5055,191,0,0,0,0
"5709",2023-03-20,19,40,4698,183,0,0,26.8021390374332,0,0,5055,191,0,0,0,0
"5710",2023-03-20,19,45,5012,187,0,0,26.8021390374332,0,0,5055,191,0,0,0,0
"5711",2023-03-20,19,50,5055,191,0,0,26.8021390374332,0,0,5055,191,0,0,0,0
"5712",2023-03-20,19,55,4809,187,0,0,26.8021390374332,0,0,5055,191,0,0,0,0
"5713",2023-03-20,20,0,4609,187,0,0,24.6470588235294,0,0,4697,193,0,0,0,0
"5714",2023-03-20,20,5,4697,191,0,0,24.6470588235294,0,0,4697,193,0,0,0,0
"5715",2023-03-20,20,10,4123,189,0,0,24.6470588235294,0,0,4697,193,0,0,0,0
"5716",2023-03-20,20,15,4003,188,0,0,24.6470588235294,0,0,4697,193,0,0,0,0
"5717",2023-03-20,20,20,4036,190,0,0,24.6470588235294,0,0,4697,193,0,0,0,0
"5718",2023-03-20,20,25,4492,190,0,0,24.6470588235294,0,0,4697,193,0,0,0,0
"5719",2023-03-20,20,30,4364,190,0,0,24.6470588235294,0,0,4697,193,0,0,0,0
"5720",2023-03-20,20,35,4347,191,0,0,24.6470588235294,0,0,4697,193,0,0,0,0
"5721",2023-03-20,20,40,4538,193,0,0,24.6470588235294,0,0,4697,193,0,0,0,0
"5722",2023-03-20,20,45,4238,192,0,0,24.6470588235294,0,0,4697,193,0,0,0,0
"5723",2023-03-20,20,50,4265,191,0,0,24.6470588235294,0,0,4697,193,0,0,0,0
"5724",2023-03-20,20,55,4243,190,0,0,24.6470588235294,0,0,4697,193,0,0,0,0
"5725",2023-03-20,21,0,4043,184,0,0,21.9728260869565,0,0,4043,184,0,0,0,0
"5726",2023-03-20,21,5,3893,183,0,0,21.9728260869565,0,0,4043,184,0,0,0,0
"5727",2023-03-20,21,10,3865,182,0,0,21.9728260869565,0,0,4043,184,0,0,0,0
"5728",2023-03-20,21,15,3685,181,0,0,21.9728260869565,0,0,4043,184,0,0,0,0
"5729",2023-03-20,21,20,3707,182,0,0,21.9728260869565,0,0,4043,184,0,0,0,0
"5730",2023-03-20,21,25,3685,181,0,0,21.9728260869565,0,0,4043,184,0,0,0,0
"5731",2023-03-20,21,30,3963,181,0,0,21.9728260869565,0,0,4043,184,0,0,0,0
"5732",2023-03-20,21,35,3985,182,0,0,21.9728260869565,0,0,4043,184,0,0,0,0
"5733",2023-03-20,21,40,3974,182,0,0,21.9728260869565,0,0,4043,184,0,0,0,0
"5734",2023-03-20,21,45,3696,182,0,0,21.9728260869565,0,0,4043,184,0,0,0,0
"5735",2023-03-20,21,50,3718,183,0,0,21.9728260869565,0,0,4043,184,0,0,0,0
"5736",2023-03-20,21,55,3735,182,0,0,21.9728260869565,0,0,4043,184,0,0,0,0
"5737",2023-03-20,22,0,3702,181,0,0,23.656976744186,0,0,4266,182,0,0,0,0
"5738",2023-03-20,22,5,3896,182,0,0,23.656976744186,0,0,4266,182,0,0,0,0
"5739",2023-03-20,22,10,3874,181,0,0,23.656976744186,0,0,4266,182,0,0,0,0
"5740",2023-03-20,22,15,3766,179,0,0,23.656976744186,0,0,4266,182,0,0,0,0
"5741",2023-03-20,22,20,3788,179,0,0,23.656976744186,0,0,4266,182,0,0,0,0
"5742",2023-03-20,22,25,3938,180,0,0,23.656976744186,0,0,4266,182,0,0,0,0
"5743",2023-03-20,22,30,4266,181,0,0,23.656976744186,0,0,4266,182,0,0,0,0
"5744",2023-03-20,22,35,3933,178,0,0,23.656976744186,0,0,4266,182,0,0,0,0
"5745",2023-03-20,22,40,3728,173,0,0,23.656976744186,0,0,4266,182,0,0,0,0
"5746",2023-03-20,22,45,3869,171,0,0,23.656976744186,0,0,4266,182,0,0,0,0
"5747",2023-03-20,22,50,3749,170,0,0,23.656976744186,0,0,4266,182,0,0,0,0
"5748",2023-03-20,22,55,4069,172,0,0,23.656976744186,0,0,4266,182,0,0,0,0
"5749",2023-03-20,23,0,4025,170,0,0,23.6764705882353,0,0,4025,170,0,0,0,0
"5750",2023-03-20,23,5,3425,168,0,0,23.6764705882353,0,0,4025,170,0,0,0,0
"5751",2023-03-20,23,10,3381,166,0,0,23.6764705882353,0,0,4025,170,0,0,0,0
"5752",2023-03-20,23,15,3315,163,0,0,23.6764705882353,0,0,4025,170,0,0,0,0
"5753",2023-03-20,23,20,3659,166,0,0,23.6764705882353,0,0,4025,170,0,0,0,0
"5754",2023-03-20,23,25,3648,166,0,0,23.6764705882353,0,0,4025,170,0,0,0,0
"5755",2023-03-20,23,30,3648,166,0,0,23.6764705882353,0,0,4025,170,0,0,0,0
"5756",2023-03-20,23,35,3769,168,0,0,23.6764705882353,0,0,4025,170,0,0,0,0
"5757",2023-03-20,23,40,3769,168,0,0,23.6764705882353,0,0,4025,170,0,0,0,0
"5758",2023-03-20,23,45,3447,166,0,0,23.6764705882353,0,0,4025,170,0,0,0,0
"5759",2023-03-20,23,50,3375,163,0,0,23.6764705882353,0,0,4025,170,0,0,0,0
"5760",2023-03-20,23,55,3255,162,0,0,23.6764705882353,0,0,4025,170,0,0,0,0
"5761",2023-03-21,0,0,3222,161,0,0,20.0124223602484,0,0,3222,161,0,0,0,0
"5762",2023-03-21,0,5,3222,161,0,0,20.0124223602484,0,0,3222,161,0,0,0,0
"5763",2023-03-21,0,10,3222,161,0,0,20.0124223602484,0,0,3222,161,0,0,0,0
"5764",2023-03-21,0,15,3222,161,0,0,20.0124223602484,0,0,3222,161,0,0,0,0
"5765",2023-03-21,0,20,3222,161,0,0,20.0124223602484,0,0,3222,161,0,0,0,0
"5766",2023-03-21,0,25,3222,161,0,0,20.0124223602484,0,0,3222,161,0,0,0,0
"5767",2023-03-21,0,30,3222,161,0,0,20.0124223602484,0,0,3222,161,0,0,0,0
"5768",2023-03-21,0,35,3222,161,0,0,20.0124223602484,0,0,3222,161,0,0,0,0
"5769",2023-03-21,0,40,3222,161,0,0,20.0124223602484,0,0,3222,161,0,0,0,0
"5770",2023-03-21,0,45,3222,161,0,0,20.0124223602484,0,0,3222,161,0,0,0,0
"5771",2023-03-21,0,50,3222,161,0,0,20.0124223602484,0,0,3222,161,0,0,0,0
"5772",2023-03-21,0,55,3222,161,0,0,20.0124223602484,0,0,3222,161,0,0,0,0
"5773",2023-03-21,1,0,3222,161,0,0,20.0124223602484,0,0,3222,161,0,0,0,0
"5774",2023-03-21,1,5,3222,161,0,0,20.0124223602484,0,0,3222,161,0,0,0,0
"5775",2023-03-21,1,10,3222,161,0,0,20.0124223602484,0,0,3222,161,0,0,0,0
"5776",2023-03-21,1,15,3222,161,0,0,20.0124223602484,0,0,3222,161,0,0,0,0
"5777",2023-03-21,1,20,3222,161,0,0,20.0124223602484,0,0,3222,161,0,0,0,0
"5778",2023-03-21,1,25,3222,161,0,0,20.0124223602484,0,0,3222,161,0,0,0,0
"5779",2023-03-21,1,30,3222,161,0,0,20.0124223602484,0,0,3222,161,0,0,0,0
"5780",2023-03-21,1,35,3222,161,0,0,20.0124223602484,0,0,3222,161,0,0,0,0
"5781",2023-03-21,1,40,3222,161,0,0,20.0124223602484,0,0,3222,161,0,0,0,0
"5782",2023-03-21,1,45,3222,161,0,0,20.0124223602484,0,0,3222,161,0,0,0,0
"5783",2023-03-21,1,50,3222,161,0,0,20.0124223602484,0,0,3222,161,0,0,0,0
"5784",2023-03-21,1,55,3222,161,0,0,20.0124223602484,0,0,3222,161,0,0,0,0
"5785",2023-03-21,2,0,3222,161,0,0,20.0124223602484,0,0,3222,161,0,0,0,0
"5786",2023-03-21,2,5,3222,161,0,0,20.0124223602484,0,0,3222,161,0,0,0,0
"5787",2023-03-21,2,10,3222,161,0,0,20.0124223602484,0,0,3222,161,0,0,0,0
"5788",2023-03-21,2,15,3222,161,0,0,20.0124223602484,0,0,3222,161,0,0,0,0
"5789",2023-03-21,2,20,3222,161,0,0,20.0124223602484,0,0,3222,161,0,0,0,0
"5790",2023-03-21,2,25,3222,161,0,0,20.0124223602484,0,0,3222,161,0,0,0,0
"5791",2023-03-21,2,30,3222,161,0,0,20.0124223602484,0,0,3222,161,0,0,0,0
"5792",2023-03-21,2,35,3222,161,0,0,20.0124223602484,0,0,3222,161,0,0,0,0
"5793",2023-03-21,2,40,3222,161,0,0,20.0124223602484,0,0,3222,161,0,0,0,0
"5794",2023-03-21,2,45,3222,161,0,0,20.0124223602484,0,0,3222,161,0,0,0,0
"5795",2023-03-21,2,50,3222,161,0,0,20.0124223602484,0,0,3222,161,0,0,0,0
"5796",2023-03-21,2,55,3222,161,0,0,20.0124223602484,0,0,3222,161,0,0,0,0
"5797",2023-03-21,3,0,3222,161,0,0,20.0124223602484,0,0,3222,161,0,0,0,0
"5798",2023-03-21,3,5,3222,161,0,0,20.0124223602484,0,0,3222,161,0,0,0,0
"5799",2023-03-21,3,10,3222,161,0,0,20.0124223602484,0,0,3222,161,0,0,0,0
"5800",2023-03-21,3,15,3222,161,0,0,20.0124223602484,0,0,3222,161,0,0,0,0
"5801",2023-03-21,3,20,3222,161,0,0,20.0124223602484,0,0,3222,161,0,0,0,0
"5802",2023-03-21,3,25,3222,161,0,0,20.0124223602484,0,0,3222,161,0,0,0,0
"5803",2023-03-21,3,30,3222,161,0,0,20.0124223602484,0,0,3222,161,0,0,0,0
"5804",2023-03-21,3,35,3222,161,0,0,20.0124223602484,0,0,3222,161,0,0,0,0
"5805",2023-03-21,3,40,3222,161,0,0,20.0124223602484,0,0,3222,161,0,0,0,0
"5806",2023-03-21,3,45,3222,161,0,0,20.0124223602484,0,0,3222,161,0,0,0,0
"5807",2023-03-21,3,50,3222,161,0,0,20.0124223602484,0,0,3222,161,0,0,0,0
"5808",2023-03-21,3,55,3222,161,0,0,20.0124223602484,0,0,3222,161,0,0,0,0
"5809",2023-03-21,4,0,3222,161,0,0,20.0124223602484,0,0,3222,161,0,0,0,0
"5810",2023-03-21,4,5,3222,161,0,0,20.0124223602484,0,0,3222,161,0,0,0,0
"5811",2023-03-21,4,10,3222,161,0,0,20.0124223602484,0,0,3222,161,0,0,0,0
"5812",2023-03-21,4,15,3222,161,0,0,20.0124223602484,0,0,3222,161,0,0,0,0
"5813",2023-03-21,4,20,3222,161,0,0,20.0124223602484,0,0,3222,161,0,0,0,0
"5814",2023-03-21,4,25,3222,161,0,0,20.0124223602484,0,0,3222,161,0,0,0,0
"5815",2023-03-21,4,30,3222,161,0,0,20.0124223602484,0,0,3222,161,0,0,0,0
"5816",2023-03-21,4,35,3222,161,0,0,20.0124223602484,0,0,3222,161,0,0,0,0
"5817",2023-03-21,4,40,3222,161,0,0,20.0124223602484,0,0,3222,161,0,0,0,0
"5818",2023-03-21,4,45,3222,161,0,0,20.0124223602484,0,0,3222,161,0,0,0,0
"5819",2023-03-21,4,50,3222,161,0,0,20.0124223602484,0,0,3222,161,0,0,0,0
"5820",2023-03-21,4,55,3222,161,0,0,20.0124223602484,0,0,3222,161,0,0,0,0
"5821",2023-03-21,5,0,3222,161,0,0,20.0124223602484,0,0,3222,161,0,0,0,0
"5822",2023-03-21,5,5,3222,161,0,0,20.0124223602484,0,0,3222,161,0,0,0,0
"5823",2023-03-21,5,10,3222,161,0,0,20.0124223602484,0,0,3222,161,0,0,0,0
"5824",2023-03-21,5,15,3222,161,0,0,20.0124223602484,0,0,3222,161,0,0,0,0
"5825",2023-03-21,5,20,3222,161,0,0,20.0124223602484,0,0,3222,161,0,0,0,0
"5826",2023-03-21,5,25,3222,161,0,0,20.0124223602484,0,0,3222,161,0,0,0,0
"5827",2023-03-21,5,30,3222,161,0,0,20.0124223602484,0,0,3222,161,0,0,0,0
"5828",2023-03-21,5,35,3222,161,0,0,20.0124223602484,0,0,3222,161,0,0,0,0
"5829",2023-03-21,5,40,3222,161,0,0,20.0124223602484,0,0,3222,161,0,0,0,0
"5830",2023-03-21,5,45,3222,161,0,0,20.0124223602484,0,0,3222,161,0,0,0,0
"5831",2023-03-21,5,50,3222,161,0,0,20.0124223602484,0,0,3222,161,0,0,0,0
"5832",2023-03-21,5,55,3222,161,0,0,20.0124223602484,0,0,3222,161,0,0,0,0
"5833",2023-03-21,6,0,3222,161,0,0,20.0124223602484,0,0,3222,161,0,0,0,0
"5834",2023-03-21,6,5,3222,161,0,0,20.0124223602484,0,0,3222,161,0,0,0,0
"5835",2023-03-21,6,10,3222,161,0,0,20.0124223602484,0,0,3222,161,0,0,0,0
"5836",2023-03-21,6,15,3222,161,0,0,20.0124223602484,0,0,3222,161,0,0,0,0
"5837",2023-03-21,6,20,3222,161,0,0,20.0124223602484,0,0,3222,161,0,0,0,0
"5838",2023-03-21,6,25,3222,161,0,0,20.0124223602484,0,0,3222,161,0,0,0,0
"5839",2023-03-21,6,30,3222,161,0,0,20.0124223602484,0,0,3222,161,0,0,0,0
"5840",2023-03-21,6,35,3222,161,0,0,20.0124223602484,0,0,3222,161,0,0,0,0
"5841",2023-03-21,6,40,3222,161,0,0,20.0124223602484,0,0,3222,161,0,0,0,0
"5842",2023-03-21,6,45,3222,161,0,0,20.0124223602484,0,0,3222,161,0,0,0,0
"5843",2023-03-21,6,50,3222,161,0,0,20.0124223602484,0,0,3222,161,0,0,0,0
"5844",2023-03-21,6,55,3222,161,0,0,20.0124223602484,0,0,3222,161,0,0,0,0
"5845",2023-03-21,7,0,3222,161,0,0,20.0124223602484,0,0,3222,161,0,0,0,0
"5846",2023-03-21,7,5,3222,161,0,0,20.0124223602484,0,0,3222,161,0,0,0,0
"5847",2023-03-21,7,10,3222,161,0,0,20.0124223602484,0,0,3222,161,0,0,0,0
"5848",2023-03-21,7,15,3222,161,0,0,20.0124223602484,0,0,3222,161,0,0,0,0
"5849",2023-03-21,7,20,3222,161,0,0,20.0124223602484,0,0,3222,161,0,0,0,0
"5850",2023-03-21,7,25,3222,161,0,0,20.0124223602484,0,0,3222,161,0,0,0,0
"5851",2023-03-21,7,30,3222,161,0,0,20.0124223602484,0,0,3222,161,0,0,0,0
"5852",2023-03-21,7,35,3222,161,0,0,20.0124223602484,0,0,3222,161,0,0,0,0
"5853",2023-03-21,7,40,3222,161,0,0,20.0124223602484,0,0,3222,161,0,0,0,0
"5854",2023-03-21,7,45,3222,161,0,0,20.0124223602484,0,0,3222,161,0,0,0,0
"5855",2023-03-21,7,50,3222,161,0,0,20.0124223602484,0,0,3222,161,0,0,0,0
"5856",2023-03-21,7,55,3222,161,0,0,20.0124223602484,0,0,3222,161,0,0,0,0
"5857",2023-03-21,8,0,3222,161,0,0,20.0124223602484,0,0,3222,161,0,0,0,0
"5858",2023-03-21,8,5,3222,161,0,0,20.0124223602484,0,0,3222,161,0,0,0,0
"5859",2023-03-21,8,10,3222,161,0,0,20.0124223602484,0,0,3222,161,0,0,0,0
"5860",2023-03-21,8,15,3222,161,0,0,20.0124223602484,0,0,3222,161,0,0,0,0
"5861",2023-03-21,8,20,3222,161,0,0,20.0124223602484,0,0,3222,161,0,0,0,0
"5862",2023-03-21,8,25,3222,161,0,0,20.0124223602484,0,0,3222,161,0,0,0,0
"5863",2023-03-21,8,30,3222,161,0,0,20.0124223602484,0,0,3222,161,0,0,0,0
"5864",2023-03-21,8,35,3222,161,0,0,20.0124223602484,0,0,3222,161,0,0,0,0
"5865",2023-03-21,8,40,3222,161,0,0,20.0124223602484,0,0,3222,161,0,0,0,0
"5866",2023-03-21,8,45,3222,161,0,0,20.0124223602484,0,0,3222,161,0,0,0,0
"5867",2023-03-21,8,50,3222,161,0,0,20.0124223602484,0,0,3222,161,0,0,0,0
"5868",2023-03-21,8,55,3222,161,0,0,20.0124223602484,0,0,3222,161,0,0,0,0
"5869",2023-03-21,9,0,3222,161,0,0,20.0124223602484,0,0,3222,161,0,0,0,0
"5870",2023-03-21,9,5,3222,161,0,0,20.0124223602484,0,0,3222,161,0,0,0,0
"5871",2023-03-21,9,10,3222,161,0,0,20.0124223602484,0,0,3222,161,0,0,0,0
"5872",2023-03-21,9,15,3222,161,0,0,20.0124223602484,0,0,3222,161,0,0,0,0
"5873",2023-03-21,9,20,3222,161,0,0,20.0124223602484,0,0,3222,161,0,0,0,0
"5874",2023-03-21,9,25,3222,161,0,0,20.0124223602484,0,0,3222,161,0,0,0,0
"5875",2023-03-21,9,30,3222,161,0,0,20.0124223602484,0,0,3222,161,0,0,0,0
"5876",2023-03-21,9,35,3222,161,0,0,20.0124223602484,0,0,3222,161,0,0,0,0
"5877",2023-03-21,9,40,3222,161,0,0,20.0124223602484,0,0,3222,161,0,0,0,0
"5878",2023-03-21,9,45,3222,161,0,0,20.0124223602484,0,0,3222,161,0,0,0,0
"5879",2023-03-21,9,50,3222,161,0,0,20.0124223602484,0,0,3222,161,0,0,0,0
"5880",2023-03-21,9,55,3222,161,0,0,20.0124223602484,0,0,3222,161,0,0,0,0
"5881",2023-03-21,10,0,3222,161,0,0,20.0124223602484,0,0,3222,161,0,0,0,0
"5882",2023-03-21,10,5,3222,161,0,0,20.0124223602484,0,0,3222,161,0,0,0,0
"5883",2023-03-21,10,10,3222,161,0,0,20.0124223602484,0,0,3222,161,0,0,0,0
"5884",2023-03-21,10,15,3222,161,0,0,20.0124223602484,0,0,3222,161,0,0,0,0
"5885",2023-03-21,10,20,3222,161,0,0,20.0124223602484,0,0,3222,161,0,0,0,0
"5886",2023-03-21,10,25,3222,161,0,0,20.0124223602484,0,0,3222,161,0,0,0,0
"5887",2023-03-21,10,30,3222,161,0,0,20.0124223602484,0,0,3222,161,0,0,0,0
"5888",2023-03-21,10,35,3222,161,0,0,20.0124223602484,0,0,3222,161,0,0,0,0
"5889",2023-03-21,10,40,3222,161,0,0,20.0124223602484,0,0,3222,161,0,0,0,0
"5890",2023-03-21,10,45,3222,161,0,0,20.0124223602484,0,0,3222,161,0,0,0,0
"5891",2023-03-21,10,50,3222,161,0,0,20.0124223602484,0,0,3222,161,0,0,0,0
"5892",2023-03-21,10,55,3222,161,0,0,20.0124223602484,0,0,3222,161,0,0,0,0
"5893",2023-03-21,11,0,3222,161,0,0,20.0124223602484,0,0,3222,161,0,0,0,0
"5894",2023-03-21,11,5,3222,161,0,0,20.0124223602484,0,0,3222,161,0,0,0,0
"5895",2023-03-21,11,10,3222,161,0,0,20.0124223602484,0,0,3222,161,0,0,0,0
"5896",2023-03-21,11,15,3222,161,0,0,20.0124223602484,0,0,3222,161,0,0,0,0
"5897",2023-03-21,11,20,3222,161,0,0,20.0124223602484,0,0,3222,161,0,0,0,0
"5898",2023-03-21,11,25,3222,161,0,0,20.0124223602484,0,0,3222,161,0,0,0,0
"5899",2023-03-21,11,30,3222,161,0,0,20.0124223602484,0,0,3222,161,0,0,0,0
"5900",2023-03-21,11,35,3222,161,0,0,20.0124223602484,0,0,3222,161,0,0,0,0
"5901",2023-03-21,11,40,3222,161,0,0,20.0124223602484,0,0,3222,161,0,0,0,0
"5902",2023-03-21,11,45,3222,161,0,0,20.0124223602484,0,0,3222,161,0,0,0,0
"5903",2023-03-21,11,50,3222,161,0,0,20.0124223602484,0,0,3222,161,0,0,0,0
"5904",2023-03-21,11,55,3222,161,0,0,20.0124223602484,0,0,3222,161,0,0,0,0
"5905",2023-03-21,12,0,3222,161,0,0,20.0124223602484,0,0,3222,161,0,0,0,0
"5906",2023-03-21,12,5,3222,161,0,0,20.0124223602484,0,0,3222,161,0,0,0,0
"5907",2023-03-21,12,10,3222,161,0,0,20.0124223602484,0,0,3222,161,0,0,0,0
"5908",2023-03-21,12,15,3222,161,0,0,20.0124223602484,0,0,3222,161,0,0,0,0
"5909",2023-03-21,12,20,3222,161,0,0,20.0124223602484,0,0,3222,161,0,0,0,0
"5910",2023-03-21,12,25,3222,161,0,0,20.0124223602484,0,0,3222,161,0,0,0,0
"5911",2023-03-21,12,30,3222,161,0,0,20.0124223602484,0,0,3222,161,0,0,0,0
"5912",2023-03-21,12,35,3222,161,0,0,20.0124223602484,0,0,3222,161,0,0,0,0
"5913",2023-03-21,12,40,3222,161,0,0,20.0124223602484,0,0,3222,161,0,0,0,0
"5914",2023-03-21,12,45,3222,161,0,0,20.0124223602484,0,0,3222,161,0,0,0,0
"5915",2023-03-21,12,50,3222,161,0,0,20.0124223602484,0,0,3222,161,0,0,0,0
"5916",2023-03-21,12,55,3222,161,0,0,20.0124223602484,0,0,3222,161,0,0,0,0
"5917",2023-03-21,13,0,3222,161,0,0,20.0124223602484,0,0,3222,161,0,0,0,0
"5918",2023-03-21,13,5,3222,161,0,0,20.0124223602484,0,0,3222,161,0,0,0,0
"5919",2023-03-21,13,10,3222,161,0,0,20.0124223602484,0,0,3222,161,0,0,0,0
"5920",2023-03-21,13,15,3222,161,0,0,20.0124223602484,0,0,3222,161,0,0,0,0
"5921",2023-03-21,13,20,3222,161,0,0,20.0124223602484,0,0,3222,161,0,0,0,0
"5922",2023-03-21,13,25,3222,161,0,0,20.0124223602484,0,0,3222,161,0,0,0,0
"5923",2023-03-21,13,30,3222,161,0,0,20.0124223602484,0,0,3222,161,0,0,0,0
"5924",2023-03-21,13,35,3222,161,0,0,20.0124223602484,0,0,3222,161,0,0,0,0
"5925",2023-03-21,13,40,3222,161,0,0,20.0124223602484,0,0,3222,161,0,0,0,0
"5926",2023-03-21,13,45,3222,161,0,0,20.0124223602484,0,0,3222,161,0,0,0,0
"5927",2023-03-21,13,50,3222,161,0,0,20.0124223602484,0,0,3222,161,0,0,0,0
"5928",2023-03-21,13,55,3222,161,0,0,20.0124223602484,0,0,3222,161,0,0,0,0
"5929",2023-03-21,14,0,3222,161,0,0,20.0124223602484,0,0,3222,161,0,0,0,0
"5930",2023-03-21,14,5,3222,161,0,0,20.0124223602484,0,0,3222,161,0,0,0,0
"5931",2023-03-21,14,10,3222,161,0,0,20.0124223602484,0,0,3222,161,0,0,0,0
"5932",2023-03-21,14,15,3222,161,0,0,20.0124223602484,0,0,3222,161,0,0,0,0
"5933",2023-03-21,14,20,3222,161,0,0,20.0124223602484,0,0,3222,161,0,0,0,0
"5934",2023-03-21,14,25,3222,161,0,0,20.0124223602484,0,0,3222,161,0,0,0,0
"5935",2023-03-21,14,30,3222,161,0,0,20.0124223602484,0,0,3222,161,0,0,0,0
"5936",2023-03-21,14,35,3222,161,0,0,20.0124223602484,0,0,3222,161,0,0,0,0
"5937",2023-03-21,14,40,3222,161,0,0,20.0124223602484,0,0,3222,161,0,0,0,0
"5938",2023-03-21,14,45,3222,161,0,0,20.0124223602484,0,0,3222,161,0,0,0,0
"5939",2023-03-21,14,50,3222,161,0,0,20.0124223602484,0,0,3222,161,0,0,0,0
"5940",2023-03-21,14,55,3222,161,0,0,20.0124223602484,0,0,3222,161,0,0,0,0
"5941",2023-03-21,15,0,3222,161,0,0,20.0124223602484,0,0,3222,161,0,0,0,0
"5942",2023-03-21,15,5,3222,161,0,0,20.0124223602484,0,0,3222,161,0,0,0,0
"5943",2023-03-21,15,10,3222,161,0,0,20.0124223602484,0,0,3222,161,0,0,0,0
"5944",2023-03-21,15,15,3222,161,0,0,20.0124223602484,0,0,3222,161,0,0,0,0
"5945",2023-03-21,15,20,3222,161,0,0,20.0124223602484,0,0,3222,161,0,0,0,0
"5946",2023-03-21,15,25,3222,161,0,0,20.0124223602484,0,0,3222,161,0,0,0,0
"5947",2023-03-21,15,30,3222,161,0,0,20.0124223602484,0,0,3222,161,0,0,0,0
"5948",2023-03-21,15,35,3222,161,0,0,20.0124223602484,0,0,3222,161,0,0,0,0
"5949",2023-03-21,15,40,3222,161,0,0,20.0124223602484,0,0,3222,161,0,0,0,0
"5950",2023-03-21,15,45,3222,161,0,0,20.0124223602484,0,0,3222,161,0,0,0,0
"5951",2023-03-21,15,50,3222,161,0,0,20.0124223602484,0,0,3222,161,0,0,0,0
"5952",2023-03-21,15,55,3222,161,0,0,20.0124223602484,0,0,3222,161,0,0,0,0
"5953",2023-03-21,16,0,3222,161,0,0,20.0124223602484,0,0,3222,161,0,0,0,0
"5954",2023-03-21,16,5,3222,161,0,0,20.0124223602484,0,0,3222,161,0,0,0,0
"5955",2023-03-21,16,10,3222,161,0,0,20.0124223602484,0,0,3222,161,0,0,0,0
"5956",2023-03-21,16,15,3222,161,0,0,20.0124223602484,0,0,3222,161,0,0,0,0
"5957",2023-03-21,16,20,3222,161,0,0,20.0124223602484,0,0,3222,161,0,0,0,0
"5958",2023-03-21,16,25,3222,161,0,0,20.0124223602484,0,0,3222,161,0,0,0,0
"5959",2023-03-21,16,30,3222,161,0,0,20.0124223602484,0,0,3222,161,0,0,0,0
"5960",2023-03-21,16,35,3222,161,0,0,20.0124223602484,0,0,3222,161,0,0,0,0
"5961",2023-03-21,16,40,3222,161,0,0,20.0124223602484,0,0,3222,161,0,0,0,0
"5962",2023-03-21,16,45,3222,161,0,0,20.0124223602484,0,0,3222,161,0,0,0,0
"5963",2023-03-21,16,50,3222,161,0,0,20.0124223602484,0,0,3222,161,0,0,0,0
"5964",2023-03-21,16,55,3222,161,0,0,20.0124223602484,0,0,3222,161,0,0,0,0
"5965",2023-03-21,17,0,3222,161,0,0,20.0124223602484,0,0,3222,161,0,0,0,0
"5966",2023-03-21,17,5,3222,161,0,0,20.0124223602484,0,0,3222,161,0,0,0,0
"5967",2023-03-21,17,10,3222,161,0,0,20.0124223602484,0,0,3222,161,0,0,0,0
"5968",2023-03-21,17,15,3222,161,0,0,20.0124223602484,0,0,3222,161,0,0,0,0
"5969",2023-03-21,17,20,3222,161,0,0,20.0124223602484,0,0,3222,161,0,0,0,0
"5970",2023-03-21,17,25,3222,161,0,0,20.0124223602484,0,0,3222,161,0,0,0,0
"5971",2023-03-21,17,30,3222,161,0,0,20.0124223602484,0,0,3222,161,0,0,0,0
"5972",2023-03-21,17,35,3222,161,0,0,20.0124223602484,0,0,3222,161,0,0,0,0
"5973",2023-03-21,17,40,3222,161,0,0,20.0124223602484,0,0,3222,161,0,0,0,0
"5974",2023-03-21,17,45,3222,161,0,0,20.0124223602484,0,0,3222,161,0,0,0,0
"5975",2023-03-21,17,50,3222,161,0,0,20.0124223602484,0,0,3222,161,0,0,0,0
"5976",2023-03-21,17,55,3222,161,0,0,20.0124223602484,0,0,3222,161,0,0,0,0
"5977",2023-03-21,18,0,3222,161,0,0,20.0124223602484,0,0,3222,161,0,0,0,0
"5978",2023-03-21,18,5,3222,161,0,0,20.0124223602484,0,0,3222,161,0,0,0,0
"5979",2023-03-21,18,10,3222,161,0,0,20.0124223602484,0,0,3222,161,0,0,0,0
"5980",2023-03-21,18,15,3222,161,0,0,20.0124223602484,0,0,3222,161,0,0,0,0
"5981",2023-03-21,18,20,3222,161,0,0,20.0124223602484,0,0,3222,161,0,0,0,0
"5982",2023-03-21,18,25,3222,161,0,0,20.0124223602484,0,0,3222,161,0,0,0,0
"5983",2023-03-21,18,30,3222,161,0,0,20.0124223602484,0,0,3222,161,0,0,0,0
"5984",2023-03-21,18,35,3222,161,0,0,20.0124223602484,0,0,3222,161,0,0,0,0
"5985",2023-03-21,18,40,3222,161,0,0,20.0124223602484,0,0,3222,161,0,0,0,0
"5986",2023-03-21,18,45,3222,161,0,0,20.0124223602484,0,0,3222,161,0,0,0,0
"5987",2023-03-21,18,50,3222,161,0,0,20.0124223602484,0,0,3222,161,0,0,0,0
"5988",2023-03-21,18,55,3222,161,0,0,20.0124223602484,0,0,3222,161,0,0,0,0
"5989",2023-03-21,19,0,3222,161,0,0,20.0124223602484,0,0,3222,161,0,0,0,0
"5990",2023-03-21,19,5,3222,161,0,0,20.0124223602484,0,0,3222,161,0,0,0,0
"5991",2023-03-21,19,10,3222,161,0,0,20.0124223602484,0,0,3222,161,0,0,0,0
"5992",2023-03-21,19,15,3222,161,0,0,20.0124223602484,0,0,3222,161,0,0,0,0
"5993",2023-03-21,19,20,3222,161,0,0,20.0124223602484,0,0,3222,161,0,0,0,0
"5994",2023-03-21,19,25,3222,161,0,0,20.0124223602484,0,0,3222,161,0,0,0,0
"5995",2023-03-21,19,30,3222,161,0,0,20.0124223602484,0,0,3222,161,0,0,0,0
"5996",2023-03-21,19,35,3222,161,0,0,20.0124223602484,0,0,3222,161,0,0,0,0
"5997",2023-03-21,19,40,3222,161,0,0,20.0124223602484,0,0,3222,161,0,0,0,0
"5998",2023-03-21,19,45,3222,161,0,0,20.0124223602484,0,0,3222,161,0,0,0,0
"5999",2023-03-21,19,50,3222,161,0,0,20.0124223602484,0,0,3222,161,0,0,0,0
"6000",2023-03-21,19,55,3222,161,0,0,20.0124223602484,0,0,3222,161,0,0,0,0
"6001",2023-03-21,20,0,3222,161,0,0,20.0124223602484,0,0,3222,161,0,0,0,0
"6002",2023-03-21,20,5,3222,161,0,0,20.0124223602484,0,0,3222,161,0,0,0,0
"6003",2023-03-21,20,10,3222,161,0,0,20.0124223602484,0,0,3222,161,0,0,0,0
"6004",2023-03-21,20,15,3222,161,0,0,20.0124223602484,0,0,3222,161,0,0,0,0
"6005",2023-03-21,20,20,3222,161,0,0,20.0124223602484,0,0,3222,161,0,0,0,0
"6006",2023-03-21,20,25,3222,161,0,0,20.0124223602484,0,0,3222,161,0,0,0,0
"6007",2023-03-21,20,30,3222,161,0,0,20.0124223602484,0,0,3222,161,0,0,0,0
"6008",2023-03-21,20,35,3222,161,0,0,20.0124223602484,0,0,3222,161,0,0,0,0
"6009",2023-03-21,20,40,3222,161,0,0,20.0124223602484,0,0,3222,161,0,0,0,0
"6010",2023-03-21,20,45,3222,161,0,0,20.0124223602484,0,0,3222,161,0,0,0,0
"6011",2023-03-21,20,50,3222,161,0,0,20.0124223602484,0,0,3222,161,0,0,0,0
"6012",2023-03-21,20,55,3222,161,0,0,20.0124223602484,0,0,3222,161,0,0,0,0
"6013",2023-03-21,21,0,3222,161,0,0,20.0124223602484,0,0,3222,161,0,0,0,0
"6014",2023-03-21,21,5,3222,161,0,0,20.0124223602484,0,0,3222,161,0,0,0,0
"6015",2023-03-21,21,10,3222,161,0,0,20.0124223602484,0,0,3222,161,0,0,0,0
"6016",2023-03-21,21,15,3222,161,0,0,20.0124223602484,0,0,3222,161,0,0,0,0
"6017",2023-03-21,21,20,3222,161,0,0,20.0124223602484,0,0,3222,161,0,0,0,0
"6018",2023-03-21,21,25,3222,161,0,0,20.0124223602484,0,0,3222,161,0,0,0,0
"6019",2023-03-21,21,30,3222,161,0,0,20.0124223602484,0,0,3222,161,0,0,0,0
"6020",2023-03-21,21,35,3222,161,0,0,20.0124223602484,0,0,3222,161,0,0,0,0
"6021",2023-03-21,21,40,3222,161,0,0,20.0124223602484,0,0,3222,161,0,0,0,0
"6022",2023-03-21,21,45,3222,161,0,0,20.0124223602484,0,0,3222,161,0,0,0,0
"6023",2023-03-21,21,50,3222,161,0,0,20.0124223602484,0,0,3222,161,0,0,0,0
"6024",2023-03-21,21,55,3222,161,0,0,20.0124223602484,0,0,3222,161,0,0,0,0
"6025",2023-03-21,22,0,3222,161,0,0,20.0124223602484,0,0,3222,161,0,0,0,0
"6026",2023-03-21,22,5,3222,161,0,0,20.0124223602484,0,0,3222,161,0,0,0,0
"6027",2023-03-21,22,10,3222,161,0,0,20.0124223602484,0,0,3222,161,0,0,0,0
"6028",2023-03-21,22,15,3222,161,0,0,20.0124223602484,0,0,3222,161,0,0,0,0
"6029",2023-03-21,22,20,3222,161,0,0,20.0124223602484,0,0,3222,161,0,0,0,0
"6030",2023-03-21,22,25,3222,161,0,0,20.0124223602484,0,0,3222,161,0,0,0,0
"6031",2023-03-21,22,30,3222,161,0,0,20.0124223602484,0,0,3222,161,0,0,0,0
"6032",2023-03-21,22,35,3222,161,0,0,20.0124223602484,0,0,3222,161,0,0,0,0
"6033",2023-03-21,22,40,3222,161,0,0,20.0124223602484,0,0,3222,161,0,0,0,0
"6034",2023-03-21,22,45,3222,161,0,0,20.0124223602484,0,0,3222,161,0,0,0,0
"6035",2023-03-21,22,50,3222,161,0,0,20.0124223602484,0,0,3222,161,0,0,0,0
"6036",2023-03-21,22,55,3222,161,0,0,20.0124223602484,0,0,3222,161,0,0,0,0
"6037",2023-03-21,23,0,3222,161,0,0,20.0124223602484,0,0,3222,161,0,0,0,0
"6038",2023-03-21,23,5,3222,161,0,0,20.0124223602484,0,0,3222,161,0,0,0,0
"6039",2023-03-21,23,10,3222,161,0,0,20.0124223602484,0,0,3222,161,0,0,0,0
"6040",2023-03-21,23,15,3222,161,0,0,20.0124223602484,0,0,3222,161,0,0,0,0
"6041",2023-03-21,23,20,3222,161,0,0,20.0124223602484,0,0,3222,161,0,0,0,0
"6042",2023-03-21,23,25,3222,161,0,0,20.0124223602484,0,0,3222,161,0,0,0,0
"6043",2023-03-21,23,30,3222,161,0,0,20.0124223602484,0,0,3222,161,0,0,0,0
"6044",2023-03-21,23,35,3222,161,0,0,20.0124223602484,0,0,3222,161,0,0,0,0
"6045",2023-03-21,23,40,3222,161,0,0,20.0124223602484,0,0,3222,161,0,0,0,0
"6046",2023-03-21,23,45,3222,161,0,0,20.0124223602484,0,0,3222,161,0,0,0,0
"6047",2023-03-21,23,50,3222,161,0,0,20.0124223602484,0,0,3222,161,0,0,0,0
"6048",2023-03-21,23,55,3222,161,0,0,20.0124223602484,0,0,3222,161,0,0,0,0
"6049",2023-03-22,0,0,4082,166,0,0,24.5903614457831,0,0,4082,166,0,0,0,0
"6050",2023-03-22,0,5,4082,166,0,0,24.5903614457831,0,0,4082,166,0,0,0,0
"6051",2023-03-22,0,10,4082,166,0,0,24.5903614457831,0,0,4082,166,0,0,0,0
"6052",2023-03-22,0,15,4082,166,0,0,24.5903614457831,0,0,4082,166,0,0,0,0
"6053",2023-03-22,0,20,4082,166,0,0,24.5903614457831,0,0,4082,166,0,0,0,0
"6054",2023-03-22,0,25,4082,166,0,0,24.5903614457831,0,0,4082,166,0,0,0,0
"6055",2023-03-22,0,30,4082,166,0,0,24.5903614457831,0,0,4082,166,0,0,0,0
"6056",2023-03-22,0,35,4082,166,0,0,24.5903614457831,0,0,4082,166,0,0,0,0
"6057",2023-03-22,0,40,4082,166,0,0,24.5903614457831,0,0,4082,166,0,0,0,0
"6058",2023-03-22,0,45,4082,166,0,0,24.5903614457831,0,0,4082,166,0,0,0,0
"6059",2023-03-22,0,50,4082,166,0,0,24.5903614457831,0,0,4082,166,0,0,0,0
"6060",2023-03-22,0,55,4082,166,0,0,24.5903614457831,0,0,4082,166,0,0,0,0
"6061",2023-03-22,1,0,3222,161,0,0,20.0124223602484,0,0,3222,161,0,0,0,0
"6062",2023-03-22,1,5,3222,161,0,0,20.0124223602484,0,0,3222,161,0,0,0,0
"6063",2023-03-22,1,10,3222,161,0,0,20.0124223602484,0,0,3222,161,0,0,0,0
"6064",2023-03-22,1,15,3222,161,0,0,20.0124223602484,0,0,3222,161,0,0,0,0
"6065",2023-03-22,1,20,3222,161,0,0,20.0124223602484,0,0,3222,161,0,0,0,0
"6066",2023-03-22,1,25,3222,161,0,0,20.0124223602484,0,0,3222,161,0,0,0,0
"6067",2023-03-22,1,30,3222,161,0,0,20.0124223602484,0,0,3222,161,0,0,0,0
"6068",2023-03-22,1,35,3222,161,0,0,20.0124223602484,0,0,3222,161,0,0,0,0
"6069",2023-03-22,1,40,3222,161,0,0,20.0124223602484,0,0,3222,161,0,0,0,0
"6070",2023-03-22,1,45,3222,161,0,0,20.0124223602484,0,0,3222,161,0,0,0,0
"6071",2023-03-22,1,50,3222,161,0,0,20.0124223602484,0,0,3222,161,0,0,0,0
"6072",2023-03-22,1,55,3222,161,0,0,20.0124223602484,0,0,3222,161,0,0,0,0
"6073",2023-03-22,2,0,3222,161,0,0,20.0124223602484,0,0,3222,161,0,0,0,0
"6074",2023-03-22,2,5,3222,161,0,0,20.0124223602484,0,0,3222,161,0,0,0,0
"6075",2023-03-22,2,10,3222,161,0,0,20.0124223602484,0,0,3222,161,0,0,0,0
"6076",2023-03-22,2,15,3222,161,0,0,20.0124223602484,0,0,3222,161,0,0,0,0
"6077",2023-03-22,2,20,3222,161,0,0,20.0124223602484,0,0,3222,161,0,0,0,0
"6078",2023-03-22,2,25,3222,161,0,0,20.0124223602484,0,0,3222,161,0,0,0,0
"6079",2023-03-22,2,30,3222,161,0,0,20.0124223602484,0,0,3222,161,0,0,0,0
"6080",2023-03-22,2,35,3222,161,0,0,20.0124223602484,0,0,3222,161,0,0,0,0
"6081",2023-03-22,2,40,3222,161,0,0,20.0124223602484,0,0,3222,161,0,0,0,0
"6082",2023-03-22,2,45,3222,161,0,0,20.0124223602484,0,0,3222,161,0,0,0,0
"6083",2023-03-22,2,50,3222,161,0,0,20.0124223602484,0,0,3222,161,0,0,0,0
"6084",2023-03-22,2,55,3222,161,0,0,20.0124223602484,0,0,3222,161,0,0,0,0
"6085",2023-03-22,3,0,3222,161,0,0,20.0124223602484,0,0,3222,161,0,0,0,0
"6086",2023-03-22,3,5,3222,161,0,0,20.0124223602484,0,0,3222,161,0,0,0,0
"6087",2023-03-22,3,10,3222,161,0,0,20.0124223602484,0,0,3222,161,0,0,0,0
"6088",2023-03-22,3,15,3222,161,0,0,20.0124223602484,0,0,3222,161,0,0,0,0
"6089",2023-03-22,3,20,3222,161,0,0,20.0124223602484,0,0,3222,161,0,0,0,0
"6090",2023-03-22,3,25,3222,161,0,0,20.0124223602484,0,0,3222,161,0,0,0,0
"6091",2023-03-22,3,30,3222,161,0,0,20.0124223602484,0,0,3222,161,0,0,0,0
"6092",2023-03-22,3,35,3222,161,0,0,20.0124223602484,0,0,3222,161,0,0,0,0
"6093",2023-03-22,3,40,3222,161,0,0,20.0124223602484,0,0,3222,161,0,0,0,0
"6094",2023-03-22,3,45,3222,161,0,0,20.0124223602484,0,0,3222,161,0,0,0,0
"6095",2023-03-22,3,50,3222,161,0,0,20.0124223602484,0,0,3222,161,0,0,0,0
"6096",2023-03-22,3,55,3222,161,0,0,20.0124223602484,0,0,3222,161,0,0,0,0
"6097",2023-03-22,4,0,3222,161,0,0,20.0124223602484,0,0,3222,161,0,0,0,0
"6098",2023-03-22,4,5,3222,161,0,0,20.0124223602484,0,0,3222,161,0,0,0,0
"6099",2023-03-22,4,10,3222,161,0,0,20.0124223602484,0,0,3222,161,0,0,0,0
"6100",2023-03-22,4,15,3222,161,0,0,20.0124223602484,0,0,3222,161,0,0,0,0
"6101",2023-03-22,4,20,3222,161,0,0,20.0124223602484,0,0,3222,161,0,0,0,0
"6102",2023-03-22,4,25,3222,161,0,0,20.0124223602484,0,0,3222,161,0,0,0,0
"6103",2023-03-22,4,30,3222,161,0,0,20.0124223602484,0,0,3222,161,0,0,0,0
"6104",2023-03-22,4,35,3222,161,0,0,20.0124223602484,0,0,3222,161,0,0,0,0
"6105",2023-03-22,4,40,3222,161,0,0,20.0124223602484,0,0,3222,161,0,0,0,0
"6106",2023-03-22,4,45,3222,161,0,0,20.0124223602484,0,0,3222,161,0,0,0,0
"6107",2023-03-22,4,50,3222,161,0,0,20.0124223602484,0,0,3222,161,0,0,0,0
"6108",2023-03-22,4,55,3222,161,0,0,20.0124223602484,0,0,3222,161,0,0,0,0
"6109",2023-03-22,5,0,3222,161,0,0,20.0124223602484,0,0,3222,161,0,0,0,0
"6110",2023-03-22,5,5,3222,161,0,0,20.0124223602484,0,0,3222,161,0,0,0,0
"6111",2023-03-22,5,10,3222,161,0,0,20.0124223602484,0,0,3222,161,0,0,0,0
"6112",2023-03-22,5,15,3222,161,0,0,20.0124223602484,0,0,3222,161,0,0,0,0
"6113",2023-03-22,5,20,3222,161,0,0,20.0124223602484,0,0,3222,161,0,0,0,0
"6114",2023-03-22,5,25,3222,161,0,0,20.0124223602484,0,0,3222,161,0,0,0,0
"6115",2023-03-22,5,30,3222,161,0,0,20.0124223602484,0,0,3222,161,0,0,0,0
"6116",2023-03-22,5,35,3222,161,0,0,20.0124223602484,0,0,3222,161,0,0,0,0
"6117",2023-03-22,5,40,3222,161,0,0,20.0124223602484,0,0,3222,161,0,0,0,0
"6118",2023-03-22,5,45,3222,161,0,0,20.0124223602484,0,0,3222,161,0,0,0,0
"6119",2023-03-22,5,50,3222,161,0,0,20.0124223602484,0,0,3222,161,0,0,0,0
"6120",2023-03-22,5,55,3222,161,0,0,20.0124223602484,0,0,3222,161,0,0,0,0
"6121",2023-03-22,6,0,3222,161,0,0,20.0124223602484,0,0,3222,161,0,0,0,0
"6122",2023-03-22,6,5,3222,161,0,0,20.0124223602484,0,0,3222,161,0,0,0,0
"6123",2023-03-22,6,10,3222,161,0,0,20.0124223602484,0,0,3222,161,0,0,0,0
"6124",2023-03-22,6,15,3222,161,0,0,20.0124223602484,0,0,3222,161,0,0,0,0
"6125",2023-03-22,6,20,3222,161,0,0,20.0124223602484,0,0,3222,161,0,0,0,0
"6126",2023-03-22,6,25,3222,161,0,0,20.0124223602484,0,0,3222,161,0,0,0,0
"6127",2023-03-22,6,30,3222,161,0,0,20.0124223602484,0,0,3222,161,0,0,0,0
"6128",2023-03-22,6,35,3222,161,0,0,20.0124223602484,0,0,3222,161,0,0,0,0
"6129",2023-03-22,6,40,3222,161,0,0,20.0124223602484,0,0,3222,161,0,0,0,0
"6130",2023-03-22,6,45,3222,161,0,0,20.0124223602484,0,0,3222,161,0,0,0,0
"6131",2023-03-22,6,50,3222,161,0,0,20.0124223602484,0,0,3222,161,0,0,0,0
"6132",2023-03-22,6,55,3222,161,0,0,20.0124223602484,0,0,3222,161,0,0,0,0
"6133",2023-03-22,7,0,3222,161,0,0,20.0124223602484,0,0,3222,161,0,0,0,0
"6134",2023-03-22,7,5,3222,161,0,0,20.0124223602484,0,0,3222,161,0,0,0,0
"6135",2023-03-22,7,10,3222,161,0,0,20.0124223602484,0,0,3222,161,0,0,0,0
"6136",2023-03-22,7,15,3222,161,0,0,20.0124223602484,0,0,3222,161,0,0,0,0
"6137",2023-03-22,7,20,3222,161,0,0,20.0124223602484,0,0,3222,161,0,0,0,0
"6138",2023-03-22,7,25,3222,161,0,0,20.0124223602484,0,0,3222,161,0,0,0,0
"6139",2023-03-22,7,30,3222,161,0,0,20.0124223602484,0,0,3222,161,0,0,0,0
"6140",2023-03-22,7,35,3222,161,0,0,20.0124223602484,0,0,3222,161,0,0,0,0
"6141",2023-03-22,7,40,3222,161,0,0,20.0124223602484,0,0,3222,161,0,0,0,0
"6142",2023-03-22,7,45,3222,161,0,0,20.0124223602484,0,0,3222,161,0,0,0,0
"6143",2023-03-22,7,50,3222,161,0,0,20.0124223602484,0,0,3222,161,0,0,0,0
"6144",2023-03-22,7,55,3222,161,0,0,20.0124223602484,0,0,3222,161,0,0,0,0
"6145",2023-03-22,8,0,3222,161,0,0,20.0124223602484,0,0,3222,161,0,0,0,0
"6146",2023-03-22,8,5,3222,161,0,0,20.0124223602484,0,0,3222,161,0,0,0,0
"6147",2023-03-22,8,10,3222,161,0,0,20.0124223602484,0,0,3222,161,0,0,0,0
"6148",2023-03-22,8,15,3222,161,0,0,20.0124223602484,0,0,3222,161,0,0,0,0
"6149",2023-03-22,8,20,3222,161,0,0,20.0124223602484,0,0,3222,161,0,0,0,0
"6150",2023-03-22,8,25,3222,161,0,0,20.0124223602484,0,0,3222,161,0,0,0,0
"6151",2023-03-22,8,30,3222,161,0,0,20.0124223602484,0,0,3222,161,0,0,0,0
"6152",2023-03-22,8,35,3222,161,0,0,20.0124223602484,0,0,3222,161,0,0,0,0
"6153",2023-03-22,8,40,3222,161,0,0,20.0124223602484,0,0,3222,161,0,0,0,0
"6154",2023-03-22,8,45,3222,161,0,0,20.0124223602484,0,0,3222,161,0,0,0,0
"6155",2023-03-22,8,50,3222,161,0,0,20.0124223602484,0,0,3222,161,0,0,0,0
"6156",2023-03-22,8,55,3222,161,0,0,20.0124223602484,0,0,3222,161,0,0,0,0
"6157",2023-03-22,9,0,3222,161,0,0,20.0124223602484,0,0,3222,161,0,0,0,0
"6158",2023-03-22,9,5,3222,161,0,0,20.0124223602484,0,0,3222,161,0,0,0,0
"6159",2023-03-22,9,10,3222,161,0,0,20.0124223602484,0,0,3222,161,0,0,0,0
"6160",2023-03-22,9,15,3222,161,0,0,20.0124223602484,0,0,3222,161,0,0,0,0
"6161",2023-03-22,9,20,3222,161,0,0,20.0124223602484,0,0,3222,161,0,0,0,0
"6162",2023-03-22,9,25,3222,161,0,0,20.0124223602484,0,0,3222,161,0,0,0,0
"6163",2023-03-22,9,30,3222,161,0,0,20.0124223602484,0,0,3222,161,0,0,0,0
"6164",2023-03-22,9,35,3222,161,0,0,20.0124223602484,0,0,3222,161,0,0,0,0
"6165",2023-03-22,9,40,3222,161,0,0,20.0124223602484,0,0,3222,161,0,0,0,0
"6166",2023-03-22,9,45,3222,161,0,0,20.0124223602484,0,0,3222,161,0,0,0,0
"6167",2023-03-22,9,50,3222,161,0,0,20.0124223602484,0,0,3222,161,0,0,0,0
"6168",2023-03-22,9,55,3222,161,0,0,20.0124223602484,0,0,3222,161,0,0,0,0
"6169",2023-03-22,10,0,3222,161,0,0,20.0124223602484,0,0,3222,161,0,0,0,0
"6170",2023-03-22,10,5,3222,161,0,0,20.0124223602484,0,0,3222,161,0,0,0,0
"6171",2023-03-22,10,10,3222,161,0,0,20.0124223602484,0,0,3222,161,0,0,0,0
"6172",2023-03-22,10,15,3222,161,0,0,20.0124223602484,0,0,3222,161,0,0,0,0
"6173",2023-03-22,10,20,3222,161,0,0,20.0124223602484,0,0,3222,161,0,0,0,0
"6174",2023-03-22,10,25,3222,161,0,0,20.0124223602484,0,0,3222,161,0,0,0,0
"6175",2023-03-22,10,30,3222,161,0,0,20.0124223602484,0,0,3222,161,0,0,0,0
"6176",2023-03-22,10,35,3222,161,0,0,20.0124223602484,0,0,3222,161,0,0,0,0
"6177",2023-03-22,10,40,3222,161,0,0,20.0124223602484,0,0,3222,161,0,0,0,0
"6178",2023-03-22,10,45,3222,161,0,0,20.0124223602484,0,0,3222,161,0,0,0,0
"6179",2023-03-22,10,50,3222,161,0,0,20.0124223602484,0,0,3222,161,0,0,0,0
"6180",2023-03-22,10,55,3222,161,0,0,20.0124223602484,0,0,3222,161,0,0,0,0
"6181",2023-03-22,11,0,3222,161,0,0,20.0124223602484,0,0,3222,161,0,0,0,0
"6182",2023-03-22,11,5,3222,161,0,0,20.0124223602484,0,0,3222,161,0,0,0,0
"6183",2023-03-22,11,10,3222,161,0,0,20.0124223602484,0,0,3222,161,0,0,0,0
"6184",2023-03-22,11,15,3222,161,0,0,20.0124223602484,0,0,3222,161,0,0,0,0
"6185",2023-03-22,11,20,3222,161,0,0,20.0124223602484,0,0,3222,161,0,0,0,0
"6186",2023-03-22,11,25,3222,161,0,0,20.0124223602484,0,0,3222,161,0,0,0,0
"6187",2023-03-22,11,30,3222,161,0,0,20.0124223602484,0,0,3222,161,0,0,0,0
"6188",2023-03-22,11,35,3222,161,0,0,20.0124223602484,0,0,3222,161,0,0,0,0
"6189",2023-03-22,11,40,3222,161,0,0,20.0124223602484,0,0,3222,161,0,0,0,0
"6190",2023-03-22,11,45,3222,161,0,0,20.0124223602484,0,0,3222,161,0,0,0,0
"6191",2023-03-22,11,50,3222,161,0,0,20.0124223602484,0,0,3222,161,0,0,0,0
"6192",2023-03-22,11,55,3222,161,0,0,20.0124223602484,0,0,3222,161,0,0,0,0
"6193",2023-03-22,12,0,3222,161,0,0,20.0124223602484,0,0,3222,161,0,0,0,0
"6194",2023-03-22,12,5,3222,161,0,0,20.0124223602484,0,0,3222,161,0,0,0,0
"6195",2023-03-22,12,10,3222,161,0,0,20.0124223602484,0,0,3222,161,0,0,0,0
"6196",2023-03-22,12,15,3222,161,0,0,20.0124223602484,0,0,3222,161,0,0,0,0
"6197",2023-03-22,12,20,3222,161,0,0,20.0124223602484,0,0,3222,161,0,0,0,0
"6198",2023-03-22,12,25,3222,161,0,0,20.0124223602484,0,0,3222,161,0,0,0,0
"6199",2023-03-22,12,30,3222,161,0,0,20.0124223602484,0,0,3222,161,0,0,0,0
"6200",2023-03-22,12,35,3222,161,0,0,20.0124223602484,0,0,3222,161,0,0,0,0
"6201",2023-03-22,12,40,3222,161,0,0,20.0124223602484,0,0,3222,161,0,0,0,0
"6202",2023-03-22,12,45,3222,161,0,0,20.0124223602484,0,0,3222,161,0,0,0,0
"6203",2023-03-22,12,50,3222,161,0,0,20.0124223602484,0,0,3222,161,0,0,0,0
"6204",2023-03-22,12,55,3222,161,0,0,20.0124223602484,0,0,3222,161,0,0,0,0
"6205",2023-03-22,13,0,3222,161,0,0,20.0124223602484,0,0,3222,161,0,0,0,0
"6206",2023-03-22,13,5,3222,161,0,0,20.0124223602484,0,0,3222,161,0,0,0,0
"6207",2023-03-22,13,10,3222,161,0,0,20.0124223602484,0,0,3222,161,0,0,0,0
"6208",2023-03-22,13,15,3222,161,0,0,20.0124223602484,0,0,3222,161,0,0,0,0
"6209",2023-03-22,13,20,3222,161,0,0,20.0124223602484,0,0,3222,161,0,0,0,0
"6210",2023-03-22,13,25,3222,161,0,0,20.0124223602484,0,0,3222,161,0,0,0,0
"6211",2023-03-22,13,30,3222,161,0,0,20.0124223602484,0,0,3222,161,0,0,0,0
"6212",2023-03-22,13,35,3222,161,0,0,20.0124223602484,0,0,3222,161,0,0,0,0
"6213",2023-03-22,13,40,3222,161,0,0,20.0124223602484,0,0,3222,161,0,0,0,0
"6214",2023-03-22,13,45,3222,161,0,0,20.0124223602484,0,0,3222,161,0,0,0,0
"6215",2023-03-22,13,50,3222,161,0,0,20.0124223602484,0,0,3222,161,0,0,0,0
"6216",2023-03-22,13,55,3222,161,0,0,20.0124223602484,0,0,3222,161,0,0,0,0
"6217",2023-03-22,14,0,3222,161,0,0,20.0124223602484,0,0,3222,161,0,0,0,0
"6218",2023-03-22,14,5,3222,161,0,0,20.0124223602484,0,0,3222,161,0,0,0,0
"6219",2023-03-22,14,10,3222,161,0,0,20.0124223602484,0,0,3222,161,0,0,0,0
"6220",2023-03-22,14,15,3222,161,0,0,20.0124223602484,0,0,3222,161,0,0,0,0
"6221",2023-03-22,14,20,3222,161,0,0,20.0124223602484,0,0,3222,161,0,0,0,0
"6222",2023-03-22,14,25,3222,161,0,0,20.0124223602484,0,0,3222,161,0,0,0,0
"6223",2023-03-22,14,30,3222,161,0,0,20.0124223602484,0,0,3222,161,0,0,0,0
"6224",2023-03-22,14,35,3222,161,0,0,20.0124223602484,0,0,3222,161,0,0,0,0
"6225",2023-03-22,14,40,3222,161,0,0,20.0124223602484,0,0,3222,161,0,0,0,0
"6226",2023-03-22,14,45,3222,161,0,0,20.0124223602484,0,0,3222,161,0,0,0,0
"6227",2023-03-22,14,50,3222,161,0,0,20.0124223602484,0,0,3222,161,0,0,0,0
"6228",2023-03-22,14,55,3222,161,0,0,20.0124223602484,0,0,3222,161,0,0,0,0
"6229",2023-03-22,15,0,3222,161,0,0,20.0124223602484,0,0,3222,161,0,0,0,0
"6230",2023-03-22,15,5,3222,161,0,0,20.0124223602484,0,0,3222,161,0,0,0,0
"6231",2023-03-22,15,10,3222,161,0,0,20.0124223602484,0,0,3222,161,0,0,0,0
"6232",2023-03-22,15,15,3222,161,0,0,20.0124223602484,0,0,3222,161,0,0,0,0
"6233",2023-03-22,15,20,3222,161,0,0,20.0124223602484,0,0,3222,161,0,0,0,0
"6234",2023-03-22,15,25,3222,161,0,0,20.0124223602484,0,0,3222,161,0,0,0,0
"6235",2023-03-22,15,30,3222,161,0,0,20.0124223602484,0,0,3222,161,0,0,0,0
"6236",2023-03-22,15,35,3222,161,0,0,20.0124223602484,0,0,3222,161,0,0,0,0
"6237",2023-03-22,15,40,3222,161,0,0,20.0124223602484,0,0,3222,161,0,0,0,0
"6238",2023-03-22,15,45,3222,161,0,0,20.0124223602484,0,0,3222,161,0,0,0,0
"6239",2023-03-22,15,50,3222,161,0,0,20.0124223602484,0,0,3222,161,0,0,0,0
"6240",2023-03-22,15,55,3222,161,0,0,20.0124223602484,0,0,3222,161,0,0,0,0
"6241",2023-03-22,16,0,3222,161,0,0,20.0124223602484,0,0,3222,161,0,0,0,0
"6242",2023-03-22,16,5,3222,161,0,0,20.0124223602484,0,0,3222,161,0,0,0,0
"6243",2023-03-22,16,10,3222,161,0,0,20.0124223602484,0,0,3222,161,0,0,0,0
"6244",2023-03-22,16,15,3222,161,0,0,20.0124223602484,0,0,3222,161,0,0,0,0
"6245",2023-03-22,16,20,3222,161,0,0,20.0124223602484,0,0,3222,161,0,0,0,0
"6246",2023-03-22,16,25,3222,161,0,0,20.0124223602484,0,0,3222,161,0,0,0,0
"6247",2023-03-22,16,30,3222,161,0,0,20.0124223602484,0,0,3222,161,0,0,0,0
"6248",2023-03-22,16,35,3222,161,0,0,20.0124223602484,0,0,3222,161,0,0,0,0
"6249",2023-03-22,16,40,3222,161,0,0,20.0124223602484,0,0,3222,161,0,0,0,0
"6250",2023-03-22,16,45,3222,161,0,0,20.0124223602484,0,0,3222,161,0,0,0,0
"6251",2023-03-22,16,50,3222,161,0,0,20.0124223602484,0,0,3222,161,0,0,0,0
"6252",2023-03-22,16,55,3222,161,0,0,20.0124223602484,0,0,3222,161,0,0,0,0
"6253",2023-03-22,17,0,3222,161,0,0,20.0124223602484,0,0,3222,161,0,0,0,0
"6254",2023-03-22,17,5,3222,161,0,0,20.0124223602484,0,0,3222,161,0,0,0,0
"6255",2023-03-22,17,10,3222,161,0,0,20.0124223602484,0,0,3222,161,0,0,0,0
"6256",2023-03-22,17,15,3222,161,0,0,20.0124223602484,0,0,3222,161,0,0,0,0
"6257",2023-03-22,17,20,3222,161,0,0,20.0124223602484,0,0,3222,161,0,0,0,0
"6258",2023-03-22,17,25,3222,161,0,0,20.0124223602484,0,0,3222,161,0,0,0,0
"6259",2023-03-22,17,30,3222,161,0,0,20.0124223602484,0,0,3222,161,0,0,0,0
"6260",2023-03-22,17,35,3222,161,0,0,20.0124223602484,0,0,3222,161,0,0,0,0
"6261",2023-03-22,17,40,3222,161,0,0,20.0124223602484,0,0,3222,161,0,0,0,0
"6262",2023-03-22,17,45,3222,161,0,0,20.0124223602484,0,0,3222,161,0,0,0,0
"6263",2023-03-22,17,50,3222,161,0,0,20.0124223602484,0,0,3222,161,0,0,0,0
"6264",2023-03-22,17,55,3222,161,0,0,20.0124223602484,0,0,3222,161,0,0,0,0
"6265",2023-03-22,18,0,3222,161,0,0,23.9353233830846,0,0,4815,203,0,0,0,0
"6266",2023-03-22,18,5,3222,161,0,0,23.9353233830846,0,0,4815,203,0,0,0,0
"6267",2023-03-22,18,10,3222,161,0,0,23.9353233830846,0,0,4815,203,0,0,0,0
"6268",2023-03-22,18,15,4815,202,0,0,23.9353233830846,0,0,4815,203,0,0,0,0
"6269",2023-03-22,18,20,4811,201,0,0,23.9353233830846,0,0,4815,203,0,0,0,0
"6270",2023-03-22,18,25,4381,200,0,0,23.9353233830846,0,0,4815,203,0,0,0,0
"6271",2023-03-22,18,30,4222,198,0,0,23.9353233830846,0,0,4815,203,0,0,0,0
"6272",2023-03-22,18,35,4327,202,0,0,23.9353233830846,0,0,4815,203,0,0,0,0
"6273",2023-03-22,18,40,4338,203,0,0,23.9353233830846,0,0,4815,203,0,0,0,0
"6274",2023-03-22,18,45,4125,199,0,0,23.9353233830846,0,0,4815,203,0,0,0,0
"6275",2023-03-22,18,50,4359,196,0,0,23.9353233830846,0,0,4815,203,0,0,0,0
"6276",2023-03-22,18,55,4468,201,0,0,23.9353233830846,0,0,4815,203,0,0,0,0
"6277",2023-03-22,19,0,4478,200,0,0,23.8817733990148,0,0,4848,203,0,0,0,0
"6278",2023-03-22,19,5,4800,201,0,0,23.8817733990148,0,0,4848,203,0,0,0,0
"6279",2023-03-22,19,10,4789,201,0,0,23.8817733990148,0,0,4848,203,0,0,0,0
"6280",2023-03-22,19,15,4609,200,0,0,23.8817733990148,0,0,4848,203,0,0,0,0
"6281",2023-03-22,19,20,4848,203,0,0,23.8817733990148,0,0,4848,203,0,0,0,0
"6282",2023-03-22,19,25,4515,201,0,0,23.8817733990148,0,0,4848,203,0,0,0,0
"6283",2023-03-22,19,30,4565,202,0,0,23.8817733990148,0,0,4848,203,0,0,0,0
"6284",2023-03-22,19,35,4378,196,0,0,23.8817733990148,0,0,4848,203,0,0,0,0
"6285",2023-03-22,19,40,4247,193,0,0,23.8817733990148,0,0,4848,203,0,0,0,0
"6286",2023-03-22,19,45,4347,194,0,0,23.8817733990148,0,0,4848,203,0,0,0,0
"6287",2023-03-22,19,50,4237,189,0,0,23.8817733990148,0,0,4848,203,0,0,0,0
"6288",2023-03-22,19,55,4149,190,0,0,23.8817733990148,0,0,4848,203,0,0,0,0
"6289",2023-03-22,20,0,4121,190,0,0,24.4329896907216,0,0,4740,196,0,0,0,0
"6290",2023-03-22,20,5,4695,194,0,0,24.4329896907216,0,0,4740,196,0,0,0,0
"6291",2023-03-22,20,10,4608,190,0,0,24.4329896907216,0,0,4740,196,0,0,0,0
"6292",2023-03-22,20,15,4652,193,0,0,24.4329896907216,0,0,4740,196,0,0,0,0
"6293",2023-03-22,20,20,4511,189,0,0,24.4329896907216,0,0,4740,196,0,0,0,0
"6294",2023-03-22,20,25,4544,190,0,0,24.4329896907216,0,0,4740,196,0,0,0,0
"6295",2023-03-22,20,30,4588,192,0,0,24.4329896907216,0,0,4740,196,0,0,0,0
"6296",2023-03-22,20,35,4560,192,0,0,24.4329896907216,0,0,4740,196,0,0,0,0
"6297",2023-03-22,20,40,4740,194,0,0,24.4329896907216,0,0,4740,196,0,0,0,0
"6298",2023-03-22,20,45,4691,194,0,0,24.4329896907216,0,0,4740,196,0,0,0,0
"6299",2023-03-22,20,50,4626,195,0,0,24.4329896907216,0,0,4740,196,0,0,0,0
"6300",2023-03-22,20,55,4648,196,0,0,24.4329896907216,0,0,4740,196,0,0,0,0
"6301",2023-03-22,21,45,4371,196,0,0,25.479381443299,0,0,4965,199,0,0,0,0
"6302",2023-03-22,21,50,4892,199,0,0,25.479381443299,0,0,4965,199,0,0,0,0
"6303",2023-03-22,21,55,4848,197,0,0,25.479381443299,0,0,4965,199,0,0,0,0
"6304",2023-03-22,21,0,4774,195,0,0,25.479381443299,0,0,4965,199,0,0,0,0
"6305",2023-03-22,21,5,4594,194,0,0,25.479381443299,0,0,4965,199,0,0,0,0
"6306",2023-03-22,21,10,4943,194,0,0,25.479381443299,0,0,4965,199,0,0,0,0
"6307",2023-03-22,21,15,4965,196,0,0,25.479381443299,0,0,4965,199,0,0,0,0
"6308",2023-03-22,21,20,4615,195,0,0,25.479381443299,0,0,4965,199,0,0,0,0
"6309",2023-03-22,21,25,4539,196,0,0,25.479381443299,0,0,4965,199,0,0,0,0
"6310",2023-03-22,21,30,4680,198,0,0,25.479381443299,0,0,4965,199,0,0,0,0
"6311",2023-03-22,21,35,4298,196,0,0,25.479381443299,0,0,4965,199,0,0,0,0
"6312",2023-03-22,21,40,4377,196,0,0,25.479381443299,0,0,4965,199,0,0,0,0
"6313",2023-03-22,22,0,4665,193,0,0,24.5903614457831,0,0,4665,193,0,0,0,0
"6314",2023-03-22,22,5,4082,166,0,0,24.5903614457831,0,0,4665,193,0,0,0,0
"6315",2023-03-22,22,10,4082,166,0,0,24.5903614457831,0,0,4665,193,0,0,0,0
"6316",2023-03-22,22,15,4082,166,0,0,24.5903614457831,0,0,4665,193,0,0,0,0
"6317",2023-03-22,22,20,4082,166,0,0,24.5903614457831,0,0,4665,193,0,0,0,0
"6318",2023-03-22,22,25,4082,166,0,0,24.5903614457831,0,0,4665,193,0,0,0,0
"6319",2023-03-22,22,30,4082,166,0,0,24.5903614457831,0,0,4665,193,0,0,0,0
"6320",2023-03-22,22,35,4082,166,0,0,24.5903614457831,0,0,4665,193,0,0,0,0
"6321",2023-03-22,22,40,4082,166,0,0,24.5903614457831,0,0,4665,193,0,0,0,0
"6322",2023-03-22,22,45,4082,166,0,0,24.5903614457831,0,0,4665,193,0,0,0,0
"6323",2023-03-22,22,50,4082,166,0,0,24.5903614457831,0,0,4665,193,0,0,0,0
"6324",2023-03-22,22,55,4082,166,0,0,24.5903614457831,0,0,4665,193,0,0,0,0
"6325",2023-03-22,23,0,4082,166,0,0,24.5903614457831,0,0,4082,166,0,0,0,0
"6326",2023-03-22,23,5,4082,166,0,0,24.5903614457831,0,0,4082,166,0,0,0,0
"6327",2023-03-22,23,10,4082,166,0,0,24.5903614457831,0,0,4082,166,0,0,0,0
"6328",2023-03-22,23,15,4082,166,0,0,24.5903614457831,0,0,4082,166,0,0,0,0
"6329",2023-03-22,23,20,4082,166,0,0,24.5903614457831,0,0,4082,166,0,0,0,0
"6330",2023-03-22,23,25,4082,166,0,0,24.5903614457831,0,0,4082,166,0,0,0,0
"6331",2023-03-22,23,30,4082,166,0,0,24.5903614457831,0,0,4082,166,0,0,0,0
"6332",2023-03-22,23,35,4082,166,0,0,24.5903614457831,0,0,4082,166,0,0,0,0
"6333",2023-03-22,23,40,4082,166,0,0,24.5903614457831,0,0,4082,166,0,0,0,0
"6334",2023-03-22,23,45,4082,166,0,0,24.5903614457831,0,0,4082,166,0,0,0,0
"6335",2023-03-22,23,50,4082,166,0,0,24.5903614457831,0,0,4082,166,0,0,0,0
"6336",2023-03-22,23,55,4082,166,0,0,24.5903614457831,0,0,4082,166,0,0,0,0
"6337",2023-03-23,0,0,4092,196,0,0,20.8775510204082,0,0,4092,196,0,0,0,0
"6338",2023-03-23,0,5,4092,196,0,0,20.8775510204082,0,0,4092,196,0,0,0,0
"6339",2023-03-23,0,10,4092,196,0,0,20.8775510204082,0,0,4092,196,0,0,0,0
"6340",2023-03-23,0,15,4092,196,0,0,20.8775510204082,0,0,4092,196,0,0,0,0
"6341",2023-03-23,0,20,4092,196,0,0,20.8775510204082,0,0,4092,196,0,0,0,0
"6342",2023-03-23,0,25,4092,196,0,0,20.8775510204082,0,0,4092,196,0,0,0,0
"6343",2023-03-23,0,30,4092,196,0,0,20.8775510204082,0,0,4092,196,0,0,0,0
"6344",2023-03-23,0,35,4092,196,0,0,20.8775510204082,0,0,4092,196,0,0,0,0
"6345",2023-03-23,0,40,4092,196,0,0,20.8775510204082,0,0,4092,196,0,0,0,0
"6346",2023-03-23,0,45,4092,196,0,0,20.8775510204082,0,0,4092,196,0,0,0,0
"6347",2023-03-23,0,50,4092,196,0,0,20.8775510204082,0,0,4092,196,0,0,0,0
"6348",2023-03-23,0,55,4092,196,0,0,20.8775510204082,0,0,4092,196,0,0,0,0
"6349",2023-03-23,1,0,4082,166,0,0,24.5903614457831,0,0,4082,166,0,0,0,0
"6350",2023-03-23,1,5,4082,166,0,0,24.5903614457831,0,0,4082,166,0,0,0,0
"6351",2023-03-23,1,10,4082,166,0,0,24.5903614457831,0,0,4082,166,0,0,0,0
"6352",2023-03-23,1,15,4082,166,0,0,24.5903614457831,0,0,4082,166,0,0,0,0
"6353",2023-03-23,1,20,4082,166,0,0,24.5903614457831,0,0,4082,166,0,0,0,0
"6354",2023-03-23,1,25,4082,166,0,0,24.5903614457831,0,0,4082,166,0,0,0,0
"6355",2023-03-23,1,30,4082,166,0,0,24.5903614457831,0,0,4082,166,0,0,0,0
"6356",2023-03-23,1,35,4082,166,0,0,24.5903614457831,0,0,4082,166,0,0,0,0
"6357",2023-03-23,1,40,4082,166,0,0,24.5903614457831,0,0,4082,166,0,0,0,0
"6358",2023-03-23,1,45,4082,166,0,0,24.5903614457831,0,0,4082,166,0,0,0,0
"6359",2023-03-23,1,50,4082,166,0,0,24.5903614457831,0,0,4082,166,0,0,0,0
"6360",2023-03-23,1,55,4082,166,0,0,24.5903614457831,0,0,4082,166,0,0,0,0
"6361",2023-03-23,2,0,4082,166,0,0,24.5903614457831,0,0,4082,166,0,0,0,0
"6362",2023-03-23,2,5,4082,166,0,0,24.5903614457831,0,0,4082,166,0,0,0,0
"6363",2023-03-23,2,10,4082,166,0,0,24.5903614457831,0,0,4082,166,0,0,0,0
"6364",2023-03-23,2,15,4082,166,0,0,24.5903614457831,0,0,4082,166,0,0,0,0
"6365",2023-03-23,2,20,4082,166,0,0,24.5903614457831,0,0,4082,166,0,0,0,0
"6366",2023-03-23,2,25,4082,166,0,0,24.5903614457831,0,0,4082,166,0,0,0,0
"6367",2023-03-23,2,30,4082,166,0,0,24.5903614457831,0,0,4082,166,0,0,0,0
"6368",2023-03-23,2,35,4082,166,0,0,24.5903614457831,0,0,4082,166,0,0,0,0
"6369",2023-03-23,2,40,4082,166,0,0,24.5903614457831,0,0,4082,166,0,0,0,0
"6370",2023-03-23,2,45,4082,166,0,0,24.5903614457831,0,0,4082,166,0,0,0,0
"6371",2023-03-23,2,50,4082,166,0,0,24.5903614457831,0,0,4082,166,0,0,0,0
"6372",2023-03-23,2,55,4082,166,0,0,24.5903614457831,0,0,4082,166,0,0,0,0
"6373",2023-03-23,3,0,4082,166,0,0,24.5903614457831,0,0,4082,166,0,0,0,0
"6374",2023-03-23,3,5,4082,166,0,0,24.5903614457831,0,0,4082,166,0,0,0,0
"6375",2023-03-23,3,10,4082,166,0,0,24.5903614457831,0,0,4082,166,0,0,0,0
"6376",2023-03-23,3,15,4082,166,0,0,24.5903614457831,0,0,4082,166,0,0,0,0
"6377",2023-03-23,3,20,4082,166,0,0,24.5903614457831,0,0,4082,166,0,0,0,0
"6378",2023-03-23,3,25,4082,166,0,0,24.5903614457831,0,0,4082,166,0,0,0,0
"6379",2023-03-23,3,30,4082,166,0,0,24.5903614457831,0,0,4082,166,0,0,0,0
"6380",2023-03-23,3,35,4082,166,0,0,24.5903614457831,0,0,4082,166,0,0,0,0
"6381",2023-03-23,3,40,4082,166,0,0,24.5903614457831,0,0,4082,166,0,0,0,0
"6382",2023-03-23,3,45,4082,166,0,0,24.5903614457831,0,0,4082,166,0,0,0,0
"6383",2023-03-23,3,50,4082,166,0,0,24.5903614457831,0,0,4082,166,0,0,0,0
"6384",2023-03-23,3,55,4082,166,0,0,24.5903614457831,0,0,4082,166,0,0,0,0
"6385",2023-03-23,4,0,4082,166,0,0,24.5903614457831,0,0,4082,166,0,0,0,0
"6386",2023-03-23,4,5,4082,166,0,0,24.5903614457831,0,0,4082,166,0,0,0,0
"6387",2023-03-23,4,10,4082,166,0,0,24.5903614457831,0,0,4082,166,0,0,0,0
"6388",2023-03-23,4,15,4082,166,0,0,24.5903614457831,0,0,4082,166,0,0,0,0
"6389",2023-03-23,4,20,4082,166,0,0,24.5903614457831,0,0,4082,166,0,0,0,0
"6390",2023-03-23,4,25,4082,166,0,0,24.5903614457831,0,0,4082,166,0,0,0,0
"6391",2023-03-23,4,30,4082,166,0,0,24.5903614457831,0,0,4082,166,0,0,0,0
"6392",2023-03-23,4,35,4082,166,0,0,24.5903614457831,0,0,4082,166,0,0,0,0
"6393",2023-03-23,4,40,4082,166,0,0,24.5903614457831,0,0,4082,166,0,0,0,0
"6394",2023-03-23,4,45,4082,166,0,0,24.5903614457831,0,0,4082,166,0,0,0,0
"6395",2023-03-23,4,50,4082,166,0,0,24.5903614457831,0,0,4082,166,0,0,0,0
"6396",2023-03-23,4,55,4082,166,0,0,24.5903614457831,0,0,4082,166,0,0,0,0
"6397",2023-03-23,5,0,4082,166,0,0,24.5903614457831,0,0,4082,166,0,0,0,0
"6398",2023-03-23,5,5,4082,166,0,0,24.5903614457831,0,0,4082,166,0,0,0,0
"6399",2023-03-23,5,10,4082,166,0,0,24.5903614457831,0,0,4082,166,0,0,0,0
"6400",2023-03-23,5,15,4082,166,0,0,24.5903614457831,0,0,4082,166,0,0,0,0
"6401",2023-03-23,5,20,4082,166,0,0,24.5903614457831,0,0,4082,166,0,0,0,0
"6402",2023-03-23,5,25,4082,166,0,0,24.5903614457831,0,0,4082,166,0,0,0,0
"6403",2023-03-23,5,30,4082,166,0,0,24.5903614457831,0,0,4082,166,0,0,0,0
"6404",2023-03-23,5,35,4082,166,0,0,24.5903614457831,0,0,4082,166,0,0,0,0
"6405",2023-03-23,5,40,4082,166,0,0,24.5903614457831,0,0,4082,166,0,0,0,0
"6406",2023-03-23,5,45,4082,166,0,0,24.5903614457831,0,0,4082,166,0,0,0,0
"6407",2023-03-23,5,50,4082,166,0,0,24.5903614457831,0,0,4082,166,0,0,0,0
"6408",2023-03-23,5,55,4082,166,0,0,24.5903614457831,0,0,4082,166,0,0,0,0
"6409",2023-03-23,6,0,4082,166,0,0,24.5903614457831,0,0,4082,166,0,0,0,0
"6410",2023-03-23,6,5,4082,166,0,0,24.5903614457831,0,0,4082,166,0,0,0,0
"6411",2023-03-23,6,10,4082,166,0,0,24.5903614457831,0,0,4082,166,0,0,0,0
"6412",2023-03-23,6,15,4082,166,0,0,24.5903614457831,0,0,4082,166,0,0,0,0
"6413",2023-03-23,6,20,4082,166,0,0,24.5903614457831,0,0,4082,166,0,0,0,0
"6414",2023-03-23,6,25,4082,166,0,0,24.5903614457831,0,0,4082,166,0,0,0,0
"6415",2023-03-23,6,30,4082,166,0,0,24.5903614457831,0,0,4082,166,0,0,0,0
"6416",2023-03-23,6,35,4082,166,0,0,24.5903614457831,0,0,4082,166,0,0,0,0
"6417",2023-03-23,6,40,4082,166,0,0,24.5903614457831,0,0,4082,166,0,0,0,0
"6418",2023-03-23,6,45,4082,166,0,0,24.5903614457831,0,0,4082,166,0,0,0,0
"6419",2023-03-23,6,50,4082,166,0,0,24.5903614457831,0,0,4082,166,0,0,0,0
"6420",2023-03-23,6,55,4082,166,0,0,24.5903614457831,0,0,4082,166,0,0,0,0
"6421",2023-03-23,7,0,4082,166,0,0,24.5903614457831,0,0,4082,166,0,0,0,0
"6422",2023-03-23,7,5,4082,166,0,0,24.5903614457831,0,0,4082,166,0,0,0,0
"6423",2023-03-23,7,10,4082,166,0,0,24.5903614457831,0,0,4082,166,0,0,0,0
"6424",2023-03-23,7,15,4082,166,0,0,24.5903614457831,0,0,4082,166,0,0,0,0
"6425",2023-03-23,7,20,4082,166,0,0,24.5903614457831,0,0,4082,166,0,0,0,0
"6426",2023-03-23,7,25,4082,166,0,0,24.5903614457831,0,0,4082,166,0,0,0,0
"6427",2023-03-23,7,30,4082,166,0,0,24.5903614457831,0,0,4082,166,0,0,0,0
"6428",2023-03-23,7,35,4082,166,0,0,24.5903614457831,0,0,4082,166,0,0,0,0
"6429",2023-03-23,7,40,4082,166,0,0,24.5903614457831,0,0,4082,166,0,0,0,0
"6430",2023-03-23,7,45,4082,166,0,0,24.5903614457831,0,0,4082,166,0,0,0,0
"6431",2023-03-23,7,50,4082,166,0,0,24.5903614457831,0,0,4082,166,0,0,0,0
"6432",2023-03-23,7,55,4082,166,0,0,24.5903614457831,0,0,4082,166,0,0,0,0
"6433",2023-03-23,8,0,4082,166,0,0,24.5903614457831,0,0,4082,166,0,0,0,0
"6434",2023-03-23,8,5,4082,166,0,0,24.5903614457831,0,0,4082,166,0,0,0,0
"6435",2023-03-23,8,10,4082,166,0,0,24.5903614457831,0,0,4082,166,0,0,0,0
"6436",2023-03-23,8,15,4082,166,0,0,24.5903614457831,0,0,4082,166,0,0,0,0
"6437",2023-03-23,8,20,4082,166,0,0,24.5903614457831,0,0,4082,166,0,0,0,0
"6438",2023-03-23,8,25,4082,166,0,0,24.5903614457831,0,0,4082,166,0,0,0,0
"6439",2023-03-23,8,30,4082,166,0,0,24.5903614457831,0,0,4082,166,0,0,0,0
"6440",2023-03-23,8,35,4082,166,0,0,24.5903614457831,0,0,4082,166,0,0,0,0
"6441",2023-03-23,8,40,4082,166,0,0,24.5903614457831,0,0,4082,166,0,0,0,0
"6442",2023-03-23,8,45,4082,166,0,0,24.5903614457831,0,0,4082,166,0,0,0,0
"6443",2023-03-23,8,50,4082,166,0,0,24.5903614457831,0,0,4082,166,0,0,0,0
"6444",2023-03-23,8,55,4082,166,0,0,24.5903614457831,0,0,4082,166,0,0,0,0
"6445",2023-03-23,9,0,4082,166,0,0,24.5903614457831,0,0,4082,166,0,0,0,0
"6446",2023-03-23,9,5,4082,166,0,0,24.5903614457831,0,0,4082,166,0,0,0,0
"6447",2023-03-23,9,10,4082,166,0,0,24.5903614457831,0,0,4082,166,0,0,0,0
"6448",2023-03-23,9,15,4082,166,0,0,24.5903614457831,0,0,4082,166,0,0,0,0
"6449",2023-03-23,9,20,4082,166,0,0,24.5903614457831,0,0,4082,166,0,0,0,0
"6450",2023-03-23,9,25,4082,166,0,0,24.5903614457831,0,0,4082,166,0,0,0,0
"6451",2023-03-23,9,30,4082,166,0,0,24.5903614457831,0,0,4082,166,0,0,0,0
"6452",2023-03-23,9,35,4082,166,0,0,24.5903614457831,0,0,4082,166,0,0,0,0
"6453",2023-03-23,9,40,4082,166,0,0,24.5903614457831,0,0,4082,166,0,0,0,0
"6454",2023-03-23,9,45,4082,166,0,0,24.5903614457831,0,0,4082,166,0,0,0,0
"6455",2023-03-23,9,50,4082,166,0,0,24.5903614457831,0,0,4082,166,0,0,0,0
"6456",2023-03-23,9,55,4082,166,0,0,24.5903614457831,0,0,4082,166,0,0,0,0
"6457",2023-03-23,10,0,4082,166,0,0,24.5903614457831,0,0,4082,166,0,0,0,0
"6458",2023-03-23,10,5,4082,166,0,0,24.5903614457831,0,0,4082,166,0,0,0,0
"6459",2023-03-23,10,10,4082,166,0,0,24.5903614457831,0,0,4082,166,0,0,0,0
"6460",2023-03-23,10,15,4082,166,0,0,24.5903614457831,0,0,4082,166,0,0,0,0
"6461",2023-03-23,10,20,4082,166,0,0,24.5903614457831,0,0,4082,166,0,0,0,0
"6462",2023-03-23,10,25,4082,166,0,0,24.5903614457831,0,0,4082,166,0,0,0,0
"6463",2023-03-23,10,30,4082,166,0,0,24.5903614457831,0,0,4082,166,0,0,0,0
"6464",2023-03-23,10,35,4082,166,0,0,24.5903614457831,0,0,4082,166,0,0,0,0
"6465",2023-03-23,10,40,4082,166,0,0,24.5903614457831,0,0,4082,166,0,0,0,0
"6466",2023-03-23,10,45,4082,166,0,0,24.5903614457831,0,0,4082,166,0,0,0,0
"6467",2023-03-23,10,50,4082,166,0,0,24.5903614457831,0,0,4082,166,0,0,0,0
"6468",2023-03-23,10,55,4082,166,0,0,24.5903614457831,0,0,4082,166,0,0,0,0
"6469",2023-03-23,11,0,4082,166,0,0,24.5903614457831,0,0,4082,166,0,0,0,0
"6470",2023-03-23,11,5,4082,166,0,0,24.5903614457831,0,0,4082,166,0,0,0,0
"6471",2023-03-23,11,10,4082,166,0,0,24.5903614457831,0,0,4082,166,0,0,0,0
"6472",2023-03-23,11,15,4082,166,0,0,24.5903614457831,0,0,4082,166,0,0,0,0
"6473",2023-03-23,11,20,4082,166,0,0,24.5903614457831,0,0,4082,166,0,0,0,0
"6474",2023-03-23,11,25,4082,166,0,0,24.5903614457831,0,0,4082,166,0,0,0,0
"6475",2023-03-23,11,30,4082,166,0,0,24.5903614457831,0,0,4082,166,0,0,0,0
"6476",2023-03-23,11,35,4082,166,0,0,24.5903614457831,0,0,4082,166,0,0,0,0
"6477",2023-03-23,11,40,4082,166,0,0,24.5903614457831,0,0,4082,166,0,0,0,0
"6478",2023-03-23,11,45,4082,166,0,0,24.5903614457831,0,0,4082,166,0,0,0,0
"6479",2023-03-23,11,50,4082,166,0,0,24.5903614457831,0,0,4082,166,0,0,0,0
"6480",2023-03-23,11,55,4082,166,0,0,24.5903614457831,0,0,4082,166,0,0,0,0
"6481",2023-03-23,12,20,5558,249,0,0,24.5903614457831,0,0,5571,249,0,0,0,0
"6482",2023-03-23,12,25,5295,244,0,0,24.5903614457831,0,0,5571,249,0,0,0,0
"6483",2023-03-23,12,30,5508,247,0,0,24.5903614457831,0,0,5571,249,0,0,0,0
"6484",2023-03-23,12,35,5440,243,0,0,24.5903614457831,0,0,5571,249,0,0,0,0
"6485",2023-03-23,12,40,5571,244,0,0,24.5903614457831,0,0,5571,249,0,0,0,0
"6486",2023-03-23,12,45,5384,244,0,0,24.5903614457831,0,0,5571,249,0,0,0,0
"6487",2023-03-23,12,50,5233,242,0,0,24.5903614457831,0,0,5571,249,0,0,0,0
"6488",2023-03-23,12,55,5050,238,0,0,24.5903614457831,0,0,5571,249,0,0,0,0
"6489",2023-03-23,12,0,4082,166,0,0,24.5903614457831,0,0,5571,249,0,0,0,0
"6490",2023-03-23,12,5,4082,166,0,0,24.5903614457831,0,0,5571,249,0,0,0,0
"6491",2023-03-23,12,10,4082,166,0,0,24.5903614457831,0,0,5571,249,0,0,0,0
"6492",2023-03-23,12,15,4082,166,0,0,24.5903614457831,0,0,5571,249,0,0,0,0
"6493",2023-03-23,13,0,5051,240,0,0,24.4780701754386,0,0,5581,240,0,0,0,0
"6494",2023-03-23,13,5,4913,235,0,0,24.4780701754386,0,0,5581,240,0,0,0,0
"6495",2023-03-23,13,10,4869,233,0,0,24.4780701754386,0,0,5581,240,0,0,0,0
"6496",2023-03-23,13,15,4804,229,0,0,24.4780701754386,0,0,5581,240,0,0,0,0
"6497",2023-03-23,13,20,4940,227,0,0,24.4780701754386,0,0,5581,240,0,0,0,0
"6498",2023-03-23,13,25,4635,224,0,0,24.4780701754386,0,0,5581,240,0,0,0,0
"6499",2023-03-23,13,30,4697,221,0,0,24.4780701754386,0,0,5581,240,0,0,0,0
"6500",2023-03-23,13,35,4853,225,0,0,24.4780701754386,0,0,5581,240,0,0,0,0
"6501",2023-03-23,13,40,5475,229,0,0,24.4780701754386,0,0,5581,240,0,0,0,0
"6502",2023-03-23,13,45,5517,231,0,0,24.4780701754386,0,0,5581,240,0,0,0,0
"6503",2023-03-23,13,50,5423,228,0,0,24.4780701754386,0,0,5581,240,0,0,0,0
"6504",2023-03-23,13,55,5581,228,0,0,24.4780701754386,0,0,5581,240,0,0,0,0
"6505",2023-03-23,14,0,5399,224,0,0,25.3818181818182,0,0,5584,224,0,0,0,0
"6506",2023-03-23,14,5,5584,220,0,0,25.3818181818182,0,0,5584,224,0,0,0,0
"6507",2023-03-23,14,10,5053,217,0,0,25.3818181818182,0,0,5584,224,0,0,0,0
"6508",2023-03-23,14,15,4847,219,0,0,25.3818181818182,0,0,5584,224,0,0,0,0
"6509",2023-03-23,14,20,5180,222,0,0,25.3818181818182,0,0,5584,224,0,0,0,0
"6510",2023-03-23,14,25,5269,223,0,0,25.3818181818182,0,0,5584,224,0,0,0,0
"6511",2023-03-23,14,30,5111,224,0,0,25.3818181818182,0,0,5584,224,0,0,0,0
"6512",2023-03-23,14,35,4538,222,0,0,25.3818181818182,0,0,5584,224,0,0,0,0
"6513",2023-03-23,14,40,4413,224,0,0,25.3818181818182,0,0,5584,224,0,0,0,0
"6514",2023-03-23,14,45,4533,224,0,0,25.3818181818182,0,0,5584,224,0,0,0,0
"6515",2023-03-23,14,50,4522,223,0,0,25.3818181818182,0,0,5584,224,0,0,0,0
"6516",2023-03-23,14,55,4544,224,0,0,25.3818181818182,0,0,5584,224,0,0,0,0
"6517",2023-03-23,15,55,5837,225,0,0,25.9422222222222,0,0,5837,227,0,0,0,0
"6518",2023-03-23,15,0,4599,227,0,0,25.9422222222222,0,0,5837,227,0,0,0,0
"6519",2023-03-23,15,5,4478,221,0,0,25.9422222222222,0,0,5837,227,0,0,0,0
"6520",2023-03-23,15,10,4347,221,0,0,25.9422222222222,0,0,5837,227,0,0,0,0
"6521",2023-03-23,15,15,4447,220,0,0,25.9422222222222,0,0,5837,227,0,0,0,0
"6522",2023-03-23,15,20,4527,219,0,0,25.9422222222222,0,0,5837,227,0,0,0,0
"6523",2023-03-23,15,25,4816,221,0,0,25.9422222222222,0,0,5837,227,0,0,0,0
"6524",2023-03-23,15,30,4822,220,0,0,25.9422222222222,0,0,5837,227,0,0,0,0
"6525",2023-03-23,15,35,4822,220,0,0,25.9422222222222,0,0,5837,227,0,0,0,0
"6526",2023-03-23,15,40,4873,216,0,0,25.9422222222222,0,0,5837,227,0,0,0,0
"6527",2023-03-23,15,45,5209,219,0,0,25.9422222222222,0,0,5837,227,0,0,0,0
"6528",2023-03-23,15,50,5471,220,0,0,25.9422222222222,0,0,5837,227,0,0,0,0
"6529",2023-03-23,16,0,5895,225,0,0,26.2,0,0,5895,229,0,0,0,0
"6530",2023-03-23,16,5,5447,225,0,0,26.2,0,0,5895,229,0,0,0,0
"6531",2023-03-23,16,10,3821,171,0,0,26.2,0,0,5895,229,0,0,0,0
"6532",2023-03-23,16,15,5225,223,0,0,26.2,0,0,5895,229,0,0,0,0
"6533",2023-03-23,16,20,4854,221,0,0,26.2,0,0,5895,229,0,0,0,0
"6534",2023-03-23,16,25,4688,222,0,0,26.2,0,0,5895,229,0,0,0,0
"6535",2023-03-23,16,30,5311,226,0,0,26.2,0,0,5895,229,0,0,0,0
"6536",2023-03-23,16,35,5373,228,0,0,26.2,0,0,5895,229,0,0,0,0
"6537",2023-03-23,16,40,5784,224,0,0,26.2,0,0,5895,229,0,0,0,0
"6538",2023-03-23,16,45,5462,222,0,0,26.2,0,0,5895,229,0,0,0,0
"6539",2023-03-23,16,50,5545,224,0,0,26.2,0,0,5895,229,0,0,0,0
"6540",2023-03-23,16,55,5650,229,0,0,26.2,0,0,5895,229,0,0,0,0
"6541",2023-03-23,17,0,5387,225,0,0,23.9422222222222,0,0,5387,231,0,0,0,0
"6542",2023-03-23,17,5,5180,226,0,0,23.9422222222222,0,0,5387,231,0,0,0,0
"6543",2023-03-23,17,10,5180,226,0,0,23.9422222222222,0,0,5387,231,0,0,0,0
"6544",2023-03-23,17,15,4979,230,0,0,23.9422222222222,0,0,5387,231,0,0,0,0
"6545",2023-03-23,17,20,4317,225,0,0,23.9422222222222,0,0,5387,231,0,0,0,0
"6546",2023-03-23,17,25,4379,223,0,0,23.9422222222222,0,0,5387,231,0,0,0,0
"6547",2023-03-23,17,30,4412,225,0,0,23.9422222222222,0,0,5387,231,0,0,0,0
"6548",2023-03-23,17,35,4543,226,0,0,23.9422222222222,0,0,5387,231,0,0,0,0
"6549",2023-03-23,17,40,4704,226,0,0,23.9422222222222,0,0,5387,231,0,0,0,0
"6550",2023-03-23,17,45,4759,230,0,0,23.9422222222222,0,0,5387,231,0,0,0,0
"6551",2023-03-23,17,50,5037,231,0,0,23.9422222222222,0,0,5387,231,0,0,0,0
"6552",2023-03-23,17,55,4572,223,0,0,23.9422222222222,0,0,5387,231,0,0,0,0
"6553",2023-03-23,18,5,4381,220,0,0,22.2648401826484,0,0,4876,224,0,0,0,0
"6554",2023-03-23,18,10,4392,220,0,0,22.2648401826484,0,0,4876,224,0,0,0,0
"6555",2023-03-23,18,15,4187,218,0,0,22.2648401826484,0,0,4876,224,0,0,0,0
"6556",2023-03-23,18,20,4371,215,0,0,22.2648401826484,0,0,4876,224,0,0,0,0
"6557",2023-03-23,18,25,4876,219,0,0,22.2648401826484,0,0,4876,224,0,0,0,0
"6558",2023-03-23,18,30,4670,220,0,0,22.2648401826484,0,0,4876,224,0,0,0,0
"6559",2023-03-23,18,35,4747,224,0,0,22.2648401826484,0,0,4876,224,0,0,0,0
"6560",2023-03-23,18,40,4420,215,0,0,22.2648401826484,0,0,4876,224,0,0,0,0
"6561",2023-03-23,18,45,4486,218,0,0,22.2648401826484,0,0,4876,224,0,0,0,0
"6562",2023-03-23,18,50,3998,213,0,0,22.2648401826484,0,0,4876,224,0,0,0,0
"6563",2023-03-23,18,55,3998,213,0,0,22.2648401826484,0,0,4876,224,0,0,0,0
"6564",2023-03-23,18,0,3721,189,0,0,22.2648401826484,0,0,4876,224,0,0,0,0
"6565",2023-03-23,19,0,3987,207,0,0,22.0233918128655,0,0,4360,208,0,0,0,0
"6566",2023-03-23,19,5,4033,207,0,0,22.0233918128655,0,0,4360,208,0,0,0,0
"6567",2023-03-23,19,10,4224,208,0,0,22.0233918128655,0,0,4360,208,0,0,0,0
"6568",2023-03-23,19,15,4119,204,0,0,22.0233918128655,0,0,4360,208,0,0,0,0
"6569",2023-03-23,19,20,4191,206,0,0,22.0233918128655,0,0,4360,208,0,0,0,0
"6570",2023-03-23,19,25,4017,202,0,0,22.0233918128655,0,0,4360,208,0,0,0,0
"6571",2023-03-23,19,30,4039,202,0,0,22.0233918128655,0,0,4360,208,0,0,0,0
"6572",2023-03-23,19,35,4082,199,0,0,22.0233918128655,0,0,4360,208,0,0,0,0
"6573",2023-03-23,19,40,4218,198,0,0,22.0233918128655,0,0,4360,208,0,0,0,0
"6574",2023-03-23,19,45,3766,171,0,0,22.0233918128655,0,0,4360,208,0,0,0,0
"6575",2023-03-23,19,50,4360,198,0,0,22.0233918128655,0,0,4360,208,0,0,0,0
"6576",2023-03-23,19,55,4320,200,0,0,22.0233918128655,0,0,4360,208,0,0,0,0
"6577",2023-03-23,20,0,4764,204,0,0,23.425,0,0,4764,204,0,0,0,0
"6578",2023-03-23,20,5,4685,200,0,0,23.425,0,0,4764,204,0,0,0,0
"6579",2023-03-23,20,10,4165,197,0,0,23.425,0,0,4764,204,0,0,0,0
"6580",2023-03-23,20,15,4198,199,0,0,23.425,0,0,4764,204,0,0,0,0
"6581",2023-03-23,20,20,4618,201,0,0,23.425,0,0,4764,204,0,0,0,0
"6582",2023-03-23,20,25,4594,200,0,0,23.425,0,0,4764,204,0,0,0,0
"6583",2023-03-23,20,30,4572,201,0,0,23.425,0,0,4764,204,0,0,0,0
"6584",2023-03-23,20,35,4605,203,0,0,23.425,0,0,4764,204,0,0,0,0
"6585",2023-03-23,20,40,4144,200,0,0,23.425,0,0,4764,204,0,0,0,0
"6586",2023-03-23,20,45,4144,200,0,0,23.425,0,0,4764,204,0,0,0,0
"6587",2023-03-23,20,50,4063,204,0,0,23.425,0,0,4764,204,0,0,0,0
"6588",2023-03-23,20,55,3932,203,0,0,23.425,0,0,4764,204,0,0,0,0
"6589",2023-03-23,21,0,3965,204,0,0,20.9,0,0,4180,205,0,0,0,0
"6590",2023-03-23,21,5,3943,204,0,0,20.9,0,0,4180,205,0,0,0,0
"6591",2023-03-23,21,10,3921,203,0,0,20.9,0,0,4180,205,0,0,0,0
"6592",2023-03-23,21,15,3966,204,0,0,20.9,0,0,4180,205,0,0,0,0
"6593",2023-03-23,21,20,3933,203,0,0,20.9,0,0,4180,205,0,0,0,0
"6594",2023-03-23,21,25,3988,205,0,0,20.9,0,0,4180,205,0,0,0,0
"6595",2023-03-23,21,30,3955,203,0,0,20.9,0,0,4180,205,0,0,0,0
"6596",2023-03-23,21,35,3889,200,0,0,20.9,0,0,4180,205,0,0,0,0
"6597",2023-03-23,21,40,3880,199,0,0,20.9,0,0,4180,205,0,0,0,0
"6598",2023-03-23,21,45,4180,200,0,0,20.9,0,0,4180,205,0,0,0,0
"6599",2023-03-23,21,50,4092,196,0,0,20.9,0,0,4180,205,0,0,0,0
"6600",2023-03-23,21,55,4092,196,0,0,20.9,0,0,4180,205,0,0,0,0
"6601",2023-03-23,22,0,4092,196,0,0,20.8775510204082,0,0,4092,196,0,0,0,0
"6602",2023-03-23,22,5,4092,196,0,0,20.8775510204082,0,0,4092,196,0,0,0,0
"6603",2023-03-23,22,10,4092,196,0,0,20.8775510204082,0,0,4092,196,0,0,0,0
"6604",2023-03-23,22,15,4092,196,0,0,20.8775510204082,0,0,4092,196,0,0,0,0
"6605",2023-03-23,22,20,4092,196,0,0,20.8775510204082,0,0,4092,196,0,0,0,0
"6606",2023-03-23,22,25,4092,196,0,0,20.8775510204082,0,0,4092,196,0,0,0,0
"6607",2023-03-23,22,30,4092,196,0,0,20.8775510204082,0,0,4092,196,0,0,0,0
"6608",2023-03-23,22,35,4092,196,0,0,20.8775510204082,0,0,4092,196,0,0,0,0
"6609",2023-03-23,22,40,4092,196,0,0,20.8775510204082,0,0,4092,196,0,0,0,0
"6610",2023-03-23,22,45,4092,196,0,0,20.8775510204082,0,0,4092,196,0,0,0,0
"6611",2023-03-23,22,50,4092,196,0,0,20.8775510204082,0,0,4092,196,0,0,0,0
"6612",2023-03-23,22,55,4092,196,0,0,20.8775510204082,0,0,4092,196,0,0,0,0
"6613",2023-03-23,23,0,4092,196,0,0,20.8775510204082,0,0,4092,196,0,0,0,0
"6614",2023-03-23,23,5,4092,196,0,0,20.8775510204082,0,0,4092,196,0,0,0,0
"6615",2023-03-23,23,10,4092,196,0,0,20.8775510204082,0,0,4092,196,0,0,0,0
"6616",2023-03-23,23,15,4092,196,0,0,20.8775510204082,0,0,4092,196,0,0,0,0
"6617",2023-03-23,23,20,4092,196,0,0,20.8775510204082,0,0,4092,196,0,0,0,0
"6618",2023-03-23,23,25,4092,196,0,0,20.8775510204082,0,0,4092,196,0,0,0,0
"6619",2023-03-23,23,30,4092,196,0,0,20.8775510204082,0,0,4092,196,0,0,0,0
"6620",2023-03-23,23,35,4092,196,0,0,20.8775510204082,0,0,4092,196,0,0,0,0
"6621",2023-03-23,23,40,4092,196,0,0,20.8775510204082,0,0,4092,196,0,0,0,0
"6622",2023-03-23,23,45,4092,196,0,0,20.8775510204082,0,0,4092,196,0,0,0,0
"6623",2023-03-23,23,50,4092,196,0,0,20.8775510204082,0,0,4092,196,0,0,0,0
"6624",2023-03-23,23,55,4092,196,0,0,20.8775510204082,0,0,4092,196,0,0,0,0
"6625",2023-03-24,0,0,6246,249,0,0,25.0843373493976,0,0,6246,249,0,0,0,0
"6626",2023-03-24,0,5,6246,249,0,0,25.0843373493976,0,0,6246,249,0,0,0,0
"6627",2023-03-24,0,10,6246,249,0,0,25.0843373493976,0,0,6246,249,0,0,0,0
"6628",2023-03-24,0,15,6246,249,0,0,25.0843373493976,0,0,6246,249,0,0,0,0
"6629",2023-03-24,0,20,6246,249,0,0,25.0843373493976,0,0,6246,249,0,0,0,0
"6630",2023-03-24,0,25,6246,249,0,0,25.0843373493976,0,0,6246,249,0,0,0,0
"6631",2023-03-24,0,30,6246,249,0,0,25.0843373493976,0,0,6246,249,0,0,0,0
"6632",2023-03-24,0,35,6246,249,0,0,25.0843373493976,0,0,6246,249,0,0,0,0
"6633",2023-03-24,0,40,6246,249,0,0,25.0843373493976,0,0,6246,249,0,0,0,0
"6634",2023-03-24,0,45,6246,249,0,0,25.0843373493976,0,0,6246,249,0,0,0,0
"6635",2023-03-24,0,50,6246,249,0,0,25.0843373493976,0,0,6246,249,0,0,0,0
"6636",2023-03-24,0,55,6246,249,0,0,25.0843373493976,0,0,6246,249,0,0,0,0
"6637",2023-03-24,1,0,4092,196,0,0,20.8775510204082,0,0,4092,196,0,0,0,0
"6638",2023-03-24,1,5,4092,196,0,0,20.8775510204082,0,0,4092,196,0,0,0,0
"6639",2023-03-24,1,10,4092,196,0,0,20.8775510204082,0,0,4092,196,0,0,0,0
"6640",2023-03-24,1,15,4092,196,0,0,20.8775510204082,0,0,4092,196,0,0,0,0
"6641",2023-03-24,1,20,4092,196,0,0,20.8775510204082,0,0,4092,196,0,0,0,0
"6642",2023-03-24,1,25,4092,196,0,0,20.8775510204082,0,0,4092,196,0,0,0,0
"6643",2023-03-24,1,30,4092,196,0,0,20.8775510204082,0,0,4092,196,0,0,0,0
"6644",2023-03-24,1,35,4092,196,0,0,20.8775510204082,0,0,4092,196,0,0,0,0
"6645",2023-03-24,1,40,4092,196,0,0,20.8775510204082,0,0,4092,196,0,0,0,0
"6646",2023-03-24,1,45,4092,196,0,0,20.8775510204082,0,0,4092,196,0,0,0,0
"6647",2023-03-24,1,50,4092,196,0,0,20.8775510204082,0,0,4092,196,0,0,0,0
"6648",2023-03-24,1,55,4092,196,0,0,20.8775510204082,0,0,4092,196,0,0,0,0
"6649",2023-03-24,2,0,4092,196,0,0,20.8775510204082,0,0,4092,196,0,0,0,0
"6650",2023-03-24,2,5,4092,196,0,0,20.8775510204082,0,0,4092,196,0,0,0,0
"6651",2023-03-24,2,10,4092,196,0,0,20.8775510204082,0,0,4092,196,0,0,0,0
"6652",2023-03-24,2,15,4092,196,0,0,20.8775510204082,0,0,4092,196,0,0,0,0
"6653",2023-03-24,2,20,4092,196,0,0,20.8775510204082,0,0,4092,196,0,0,0,0
"6654",2023-03-24,2,25,4092,196,0,0,20.8775510204082,0,0,4092,196,0,0,0,0
"6655",2023-03-24,2,30,4092,196,0,0,20.8775510204082,0,0,4092,196,0,0,0,0
"6656",2023-03-24,2,35,4092,196,0,0,20.8775510204082,0,0,4092,196,0,0,0,0
"6657",2023-03-24,2,40,4092,196,0,0,20.8775510204082,0,0,4092,196,0,0,0,0
"6658",2023-03-24,2,45,4092,196,0,0,20.8775510204082,0,0,4092,196,0,0,0,0
"6659",2023-03-24,2,50,4092,196,0,0,20.8775510204082,0,0,4092,196,0,0,0,0
"6660",2023-03-24,2,55,4092,196,0,0,20.8775510204082,0,0,4092,196,0,0,0,0
"6661",2023-03-24,3,0,4092,196,0,0,20.8775510204082,0,0,4092,196,0,0,0,0
"6662",2023-03-24,3,5,4092,196,0,0,20.8775510204082,0,0,4092,196,0,0,0,0
"6663",2023-03-24,3,10,4092,196,0,0,20.8775510204082,0,0,4092,196,0,0,0,0
"6664",2023-03-24,3,15,4092,196,0,0,20.8775510204082,0,0,4092,196,0,0,0,0
"6665",2023-03-24,3,20,4092,196,0,0,20.8775510204082,0,0,4092,196,0,0,0,0
"6666",2023-03-24,3,25,4092,196,0,0,20.8775510204082,0,0,4092,196,0,0,0,0
"6667",2023-03-24,3,30,4092,196,0,0,20.8775510204082,0,0,4092,196,0,0,0,0
"6668",2023-03-24,3,35,4092,196,0,0,20.8775510204082,0,0,4092,196,0,0,0,0
"6669",2023-03-24,3,40,4092,196,0,0,20.8775510204082,0,0,4092,196,0,0,0,0
"6670",2023-03-24,3,45,4092,196,0,0,20.8775510204082,0,0,4092,196,0,0,0,0
"6671",2023-03-24,3,50,4092,196,0,0,20.8775510204082,0,0,4092,196,0,0,0,0
"6672",2023-03-24,3,55,4092,196,0,0,20.8775510204082,0,0,4092,196,0,0,0,0
"6673",2023-03-24,4,0,4092,196,0,0,20.8775510204082,0,0,4092,196,0,0,0,0
"6674",2023-03-24,4,5,4092,196,0,0,20.8775510204082,0,0,4092,196,0,0,0,0
"6675",2023-03-24,4,10,4092,196,0,0,20.8775510204082,0,0,4092,196,0,0,0,0
"6676",2023-03-24,4,15,4092,196,0,0,20.8775510204082,0,0,4092,196,0,0,0,0
"6677",2023-03-24,4,20,4092,196,0,0,20.8775510204082,0,0,4092,196,0,0,0,0
"6678",2023-03-24,4,25,4092,196,0,0,20.8775510204082,0,0,4092,196,0,0,0,0
"6679",2023-03-24,4,30,4092,196,0,0,20.8775510204082,0,0,4092,196,0,0,0,0
"6680",2023-03-24,4,35,4092,196,0,0,20.8775510204082,0,0,4092,196,0,0,0,0
"6681",2023-03-24,4,40,4092,196,0,0,20.8775510204082,0,0,4092,196,0,0,0,0
"6682",2023-03-24,4,45,4092,196,0,0,20.8775510204082,0,0,4092,196,0,0,0,0
"6683",2023-03-24,4,50,4092,196,0,0,20.8775510204082,0,0,4092,196,0,0,0,0
"6684",2023-03-24,4,55,4092,196,0,0,20.8775510204082,0,0,4092,196,0,0,0,0
"6685",2023-03-24,5,0,4092,196,0,0,20.8775510204082,0,0,4092,196,0,0,0,0
"6686",2023-03-24,5,5,4092,196,0,0,20.8775510204082,0,0,4092,196,0,0,0,0
"6687",2023-03-24,5,10,4092,196,0,0,20.8775510204082,0,0,4092,196,0,0,0,0
"6688",2023-03-24,5,15,4092,196,0,0,20.8775510204082,0,0,4092,196,0,0,0,0
"6689",2023-03-24,5,20,4092,196,0,0,20.8775510204082,0,0,4092,196,0,0,0,0
"6690",2023-03-24,5,25,4092,196,0,0,20.8775510204082,0,0,4092,196,0,0,0,0
"6691",2023-03-24,5,30,4092,196,0,0,20.8775510204082,0,0,4092,196,0,0,0,0
"6692",2023-03-24,5,35,4092,196,0,0,20.8775510204082,0,0,4092,196,0,0,0,0
"6693",2023-03-24,5,40,4092,196,0,0,20.8775510204082,0,0,4092,196,0,0,0,0
"6694",2023-03-24,5,45,4092,196,0,0,20.8775510204082,0,0,4092,196,0,0,0,0
"6695",2023-03-24,5,50,4092,196,0,0,20.8775510204082,0,0,4092,196,0,0,0,0
"6696",2023-03-24,5,55,4092,196,0,0,20.8775510204082,0,0,4092,196,0,0,0,0
"6697",2023-03-24,6,0,4092,196,0,0,20.8775510204082,0,0,4092,196,0,0,0,0
"6698",2023-03-24,6,5,4092,196,0,0,20.8775510204082,0,0,4092,196,0,0,0,0
"6699",2023-03-24,6,10,4092,196,0,0,20.8775510204082,0,0,4092,196,0,0,0,0
"6700",2023-03-24,6,15,4092,196,0,0,20.8775510204082,0,0,4092,196,0,0,0,0
"6701",2023-03-24,6,20,4092,196,0,0,20.8775510204082,0,0,4092,196,0,0,0,0
"6702",2023-03-24,6,25,4092,196,0,0,20.8775510204082,0,0,4092,196,0,0,0,0
"6703",2023-03-24,6,30,4092,196,0,0,20.8775510204082,0,0,4092,196,0,0,0,0
"6704",2023-03-24,6,35,4092,196,0,0,20.8775510204082,0,0,4092,196,0,0,0,0
"6705",2023-03-24,6,40,4092,196,0,0,20.8775510204082,0,0,4092,196,0,0,0,0
"6706",2023-03-24,6,45,4092,196,0,0,20.8775510204082,0,0,4092,196,0,0,0,0
"6707",2023-03-24,6,50,4092,196,0,0,20.8775510204082,0,0,4092,196,0,0,0,0
"6708",2023-03-24,6,55,4092,196,0,0,20.8775510204082,0,0,4092,196,0,0,0,0
"6709",2023-03-24,7,40,4689,193,0,0,24.6020408163265,0,0,5061,208,0,0,0,0
"6710",2023-03-24,7,45,4822,196,0,0,24.6020408163265,0,0,5061,208,0,0,0,0
"6711",2023-03-24,7,50,4866,199,0,0,24.6020408163265,0,0,5061,208,0,0,0,0
"6712",2023-03-24,7,55,5061,208,0,0,24.6020408163265,0,0,5061,208,0,0,0,0
"6713",2023-03-24,7,0,4092,196,0,0,24.6020408163265,0,0,5061,208,0,0,0,0
"6714",2023-03-24,7,5,4092,196,0,0,24.6020408163265,0,0,5061,208,0,0,0,0
"6715",2023-03-24,7,10,4092,196,0,0,24.6020408163265,0,0,5061,208,0,0,0,0
"6716",2023-03-24,7,15,4092,196,0,0,24.6020408163265,0,0,5061,208,0,0,0,0
"6717",2023-03-24,7,20,4092,196,0,0,24.6020408163265,0,0,5061,208,0,0,0,0
"6718",2023-03-24,7,25,4481,186,0,0,24.6020408163265,0,0,5061,208,0,0,0,0
"6719",2023-03-24,7,30,4514,188,0,0,24.6020408163265,0,0,5061,208,0,0,0,0
"6720",2023-03-24,7,35,4656,190,0,0,24.6020408163265,0,0,5061,208,0,0,0,0
"6721",2023-03-24,8,0,4991,212,0,0,24.8764940239044,0,0,6316,254,0,0,0,0
"6722",2023-03-24,8,5,5118,217,0,0,24.8764940239044,0,0,6316,254,0,0,0,0
"6723",2023-03-24,8,10,5162,219,0,0,24.8764940239044,0,0,6316,254,0,0,0,0
"6724",2023-03-24,8,15,5195,221,0,0,24.8764940239044,0,0,6316,254,0,0,0,0
"6725",2023-03-24,8,20,5327,229,0,0,24.8764940239044,0,0,6316,254,0,0,0,0
"6726",2023-03-24,8,25,5628,236,0,0,24.8764940239044,0,0,6316,254,0,0,0,0
"6727",2023-03-24,8,30,5768,238,0,0,24.8764940239044,0,0,6316,254,0,0,0,0
"6728",2023-03-24,8,35,5811,245,0,0,24.8764940239044,0,0,6316,254,0,0,0,0
"6729",2023-03-24,8,40,5746,248,0,0,24.8764940239044,0,0,6316,254,0,0,0,0
"6730",2023-03-24,8,45,5774,248,0,0,24.8764940239044,0,0,6316,254,0,0,0,0
"6731",2023-03-24,8,50,6316,254,0,0,24.8764940239044,0,0,6316,254,0,0,0,0
"6732",2023-03-24,8,55,6244,251,0,0,24.8764940239044,0,0,6316,254,0,0,0,0
"6733",2023-03-24,9,0,6572,253,0,0,26.7137404580153,0,0,6999,280,0,0,0,0
"6734",2023-03-24,9,30,6855,280,0,0,26.7137404580153,0,0,6999,280,0,0,0,0
"6735",2023-03-24,9,40,6455,279,0,0,26.7137404580153,0,0,6999,280,0,0,0,0
"6736",2023-03-24,9,45,6416,278,0,0,26.7137404580153,0,0,6999,280,0,0,0,0
"6737",2023-03-24,9,50,6635,280,0,0,26.7137404580153,0,0,6999,280,0,0,0,0
"6738",2023-03-24,9,55,6493,279,0,0,26.7137404580153,0,0,6999,280,0,0,0,0
"6739",2023-03-24,9,5,6999,262,0,0,26.7137404580153,0,0,6999,280,0,0,0,0
"6740",2023-03-24,9,10,6774,265,0,0,26.7137404580153,0,0,6999,280,0,0,0,0
"6741",2023-03-24,9,15,6786,270,0,0,26.7137404580153,0,0,6999,280,0,0,0,0
"6742",2023-03-24,9,20,6907,276,0,0,26.7137404580153,0,0,6999,280,0,0,0,0
"6743",2023-03-24,9,25,6614,273,0,0,26.7137404580153,0,0,6999,280,0,0,0,0
"6744",2023-03-24,9,35,6366,262,0,0,26.7137404580153,0,0,6999,280,0,0,0,0
"6745",2023-03-24,10,0,6559,283,0,0,23.5656565656566,0,0,7117,303,0,0,0,0
"6746",2023-03-24,10,5,6600,288,0,0,23.5656565656566,0,0,7117,303,0,0,0,0
"6747",2023-03-24,10,10,6688,292,0,0,23.5656565656566,0,0,7117,303,0,0,0,0
"6748",2023-03-24,10,15,6687,295,0,0,23.5656565656566,0,0,7117,303,0,0,0,0
"6749",2023-03-24,10,20,6854,294,0,0,23.5656565656566,0,0,7117,303,0,0,0,0
"6750",2023-03-24,10,25,6999,297,0,0,23.5656565656566,0,0,7117,303,0,0,0,0
"6751",2023-03-24,10,30,7032,299,0,0,23.5656565656566,0,0,7117,303,0,0,0,0
"6752",2023-03-24,10,35,6890,297,0,0,23.5656565656566,0,0,7117,303,0,0,0,0
"6753",2023-03-24,10,40,6976,301,0,0,23.5656565656566,0,0,7117,303,0,0,0,0
"6754",2023-03-24,10,45,7074,301,0,0,23.5656565656566,0,0,7117,303,0,0,0,0
"6755",2023-03-24,10,50,7117,303,0,0,23.5656565656566,0,0,7117,303,0,0,0,0
"6756",2023-03-24,10,55,7002,299,0,0,23.5656565656566,0,0,7117,303,0,0,0,0
"6757",2023-03-24,11,0,6871,297,0,0,26.1019736842105,0,0,7935,304,0,0,0,0
"6758",2023-03-24,11,5,6653,298,0,0,26.1019736842105,0,0,7935,304,0,0,0,0
"6759",2023-03-24,11,10,6853,300,0,0,26.1019736842105,0,0,7935,304,0,0,0,0
"6760",2023-03-24,11,15,7219,303,0,0,26.1019736842105,0,0,7935,304,0,0,0,0
"6761",2023-03-24,11,20,7377,302,0,0,26.1019736842105,0,0,7935,304,0,0,0,0
"6762",2023-03-24,11,25,7935,304,0,0,26.1019736842105,0,0,7935,304,0,0,0,0
"6763",2023-03-24,11,30,7564,302,0,0,26.1019736842105,0,0,7935,304,0,0,0,0
"6764",2023-03-24,11,35,7564,302,0,0,26.1019736842105,0,0,7935,304,0,0,0,0
"6765",2023-03-24,11,40,7062,299,0,0,26.1019736842105,0,0,7935,304,0,0,0,0
"6766",2023-03-24,11,45,6726,298,0,0,26.1019736842105,0,0,7935,304,0,0,0,0
"6767",2023-03-24,11,50,6814,303,0,0,26.1019736842105,0,0,7935,304,0,0,0,0
"6768",2023-03-24,11,55,6879,301,0,0,26.1019736842105,0,0,7935,304,0,0,0,0
"6769",2023-03-24,12,0,6779,300,0,0,22.5966666666667,0,0,6779,302,0,0,0,0
"6770",2023-03-24,12,5,6620,300,0,0,22.5966666666667,0,0,6779,302,0,0,0,0
"6771",2023-03-24,12,10,6760,302,0,0,22.5966666666667,0,0,6779,302,0,0,0,0
"6772",2023-03-24,12,15,6738,301,0,0,22.5966666666667,0,0,6779,302,0,0,0,0
"6773",2023-03-24,12,20,6613,298,0,0,22.5966666666667,0,0,6779,302,0,0,0,0
"6774",2023-03-24,12,25,6613,298,0,0,22.5966666666667,0,0,6779,302,0,0,0,0
"6775",2023-03-24,12,30,6613,298,0,0,22.5966666666667,0,0,6779,302,0,0,0,0
"6776",2023-03-24,12,35,6613,298,0,0,22.5966666666667,0,0,6779,302,0,0,0,0
"6777",2023-03-24,12,40,6613,298,0,0,22.5966666666667,0,0,6779,302,0,0,0,0
"6778",2023-03-24,12,45,6613,298,0,0,22.5966666666667,0,0,6779,302,0,0,0,0
"6779",2023-03-24,12,50,6613,298,0,0,22.5966666666667,0,0,6779,302,0,0,0,0
"6780",2023-03-24,12,55,6613,298,0,0,22.5966666666667,0,0,6779,302,0,0,0,0
"6781",2023-03-24,13,50,6431,260,0,0,25.8461538461538,0,0,7056,298,0,0,0,0
"6782",2023-03-24,13,55,6648,263,0,0,25.8461538461538,0,0,7056,298,0,0,0,0
"6783",2023-03-24,13,0,6613,298,0,0,25.8461538461538,0,0,7056,298,0,0,0,0
"6784",2023-03-24,13,5,6613,298,0,0,25.8461538461538,0,0,7056,298,0,0,0,0
"6785",2023-03-24,13,10,7056,273,0,0,25.8461538461538,0,0,7056,298,0,0,0,0
"6786",2023-03-24,13,15,6958,273,0,0,25.8461538461538,0,0,7056,298,0,0,0,0
"6787",2023-03-24,13,20,6703,271,0,0,25.8461538461538,0,0,7056,298,0,0,0,0
"6788",2023-03-24,13,25,6588,267,0,0,25.8461538461538,0,0,7056,298,0,0,0,0
"6789",2023-03-24,13,30,6566,265,0,0,25.8461538461538,0,0,7056,298,0,0,0,0
"6790",2023-03-24,13,35,6648,266,0,0,25.8461538461538,0,0,7056,298,0,0,0,0
"6791",2023-03-24,13,40,6653,263,0,0,25.8461538461538,0,0,7056,298,0,0,0,0
"6792",2023-03-24,13,45,6403,259,0,0,25.8461538461538,0,0,7056,298,0,0,0,0
"6793",2023-03-24,14,0,6515,259,0,0,26.2873134328358,0,0,7045,269,0,0,0,0
"6794",2023-03-24,14,5,6702,262,0,0,26.2873134328358,0,0,7045,269,0,0,0,0
"6795",2023-03-24,14,10,6619,260,0,0,26.2873134328358,0,0,7045,269,0,0,0,0
"6796",2023-03-24,14,15,6745,269,0,0,26.2873134328358,0,0,7045,269,0,0,0,0
"6797",2023-03-24,14,20,6701,268,0,0,26.2873134328358,0,0,7045,269,0,0,0,0
"6798",2023-03-24,14,25,7045,268,0,0,26.2873134328358,0,0,7045,269,0,0,0,0
"6799",2023-03-24,14,30,6568,262,0,0,26.2873134328358,0,0,7045,269,0,0,0,0
"6800",2023-03-24,14,35,6630,262,0,0,26.2873134328358,0,0,7045,269,0,0,0,0
"6801",2023-03-24,14,40,6242,260,0,0,26.2873134328358,0,0,7045,269,0,0,0,0
"6802",2023-03-24,14,45,6586,262,0,0,26.2873134328358,0,0,7045,269,0,0,0,0
"6803",2023-03-24,14,50,6214,258,0,0,26.2873134328358,0,0,7045,269,0,0,0,0
"6804",2023-03-24,14,55,6159,255,0,0,26.2873134328358,0,0,7045,269,0,0,0,0
"6805",2023-03-24,15,0,5997,256,0,0,24.7376425855513,0,0,6506,264,0,0,0,0
"6806",2023-03-24,15,5,6074,260,0,0,24.7376425855513,0,0,6506,264,0,0,0,0
"6807",2023-03-24,15,10,6036,261,0,0,24.7376425855513,0,0,6506,264,0,0,0,0
"6808",2023-03-24,15,15,5974,260,0,0,24.7376425855513,0,0,6506,264,0,0,0,0
"6809",2023-03-24,15,20,5854,260,0,0,24.7376425855513,0,0,6506,264,0,0,0,0
"6810",2023-03-24,15,25,5821,258,0,0,24.7376425855513,0,0,6506,264,0,0,0,0
"6811",2023-03-24,15,30,5832,260,0,0,24.7376425855513,0,0,6506,264,0,0,0,0
"6812",2023-03-24,15,35,5898,263,0,0,24.7376425855513,0,0,6506,264,0,0,0,0
"6813",2023-03-24,15,40,6506,263,0,0,24.7376425855513,0,0,6506,264,0,0,0,0
"6814",2023-03-24,15,45,6337,262,0,0,24.7376425855513,0,0,6506,264,0,0,0,0
"6815",2023-03-24,15,50,6379,264,0,0,24.7376425855513,0,0,6506,264,0,0,0,0
"6816",2023-03-24,15,55,6368,264,0,0,24.7376425855513,0,0,6506,264,0,0,0,0
"6817",2023-03-24,16,0,6392,266,0,0,27.9444444444444,0,0,7291,272,0,0,0,0
"6818",2023-03-24,16,5,6550,271,0,0,27.9444444444444,0,0,7291,272,0,0,0,0
"6819",2023-03-24,16,10,3521,126,0,0,27.9444444444444,0,0,7291,272,0,0,0,0
"6820",2023-03-24,16,15,6835,272,0,0,27.9444444444444,0,0,7291,272,0,0,0,0
"6821",2023-03-24,16,20,6491,268,0,0,27.9444444444444,0,0,7291,272,0,0,0,0
"6822",2023-03-24,16,25,6895,271,0,0,27.9444444444444,0,0,7291,272,0,0,0,0
"6823",2023-03-24,16,30,6945,271,0,0,27.9444444444444,0,0,7291,272,0,0,0,0
"6824",2023-03-24,16,35,6825,272,0,0,27.9444444444444,0,0,7291,272,0,0,0,0
"6825",2023-03-24,16,40,6710,270,0,0,27.9444444444444,0,0,7291,272,0,0,0,0
"6826",2023-03-24,16,45,7075,270,0,0,27.9444444444444,0,0,7291,272,0,0,0,0
"6827",2023-03-24,16,50,7291,268,0,0,27.9444444444444,0,0,7291,272,0,0,0,0
"6828",2023-03-24,16,55,6753,263,0,0,27.9444444444444,0,0,7291,272,0,0,0,0
"6829",2023-03-24,17,0,6720,261,0,0,26.6091954022989,0,0,6945,264,0,0,0,0
"6830",2023-03-24,17,5,6789,261,0,0,26.6091954022989,0,0,6945,264,0,0,0,0
"6831",2023-03-24,17,10,6874,263,0,0,26.6091954022989,0,0,6945,264,0,0,0,0
"6832",2023-03-24,17,15,6886,264,0,0,26.6091954022989,0,0,6945,264,0,0,0,0
"6833",2023-03-24,17,20,6945,261,0,0,26.6091954022989,0,0,6945,264,0,0,0,0
"6834",2023-03-24,17,25,6686,259,0,0,26.6091954022989,0,0,6945,264,0,0,0,0
"6835",2023-03-24,17,30,6330,254,0,0,26.6091954022989,0,0,6945,264,0,0,0,0
"6836",2023-03-24,17,35,6742,258,0,0,26.6091954022989,0,0,6945,264,0,0,0,0
"6837",2023-03-24,17,40,6676,254,0,0,26.6091954022989,0,0,6945,264,0,0,0,0
"6838",2023-03-24,17,45,6267,250,0,0,26.6091954022989,0,0,6945,264,0,0,0,0
"6839",2023-03-24,17,50,5638,245,0,0,26.6091954022989,0,0,6945,264,0,0,0,0
"6840",2023-03-24,17,55,5649,245,0,0,26.6091954022989,0,0,6945,264,0,0,0,0
"6841",2023-03-24,18,0,5632,244,0,0,25.0843373493976,0,0,6246,249,0,0,0,0
"6842",2023-03-24,18,5,6246,249,0,0,25.0843373493976,0,0,6246,249,0,0,0,0
"6843",2023-03-24,18,10,6246,249,0,0,25.0843373493976,0,0,6246,249,0,0,0,0
"6844",2023-03-24,18,15,6246,249,0,0,25.0843373493976,0,0,6246,249,0,0,0,0
"6845",2023-03-24,18,20,6246,249,0,0,25.0843373493976,0,0,6246,249,0,0,0,0
"6846",2023-03-24,18,25,6246,249,0,0,25.0843373493976,0,0,6246,249,0,0,0,0
"6847",2023-03-24,18,30,6246,249,0,0,25.0843373493976,0,0,6246,249,0,0,0,0
"6848",2023-03-24,18,35,6246,249,0,0,25.0843373493976,0,0,6246,249,0,0,0,0
"6849",2023-03-24,18,40,6246,249,0,0,25.0843373493976,0,0,6246,249,0,0,0,0
"6850",2023-03-24,18,45,6246,249,0,0,25.0843373493976,0,0,6246,249,0,0,0,0
"6851",2023-03-24,18,50,6246,249,0,0,25.0843373493976,0,0,6246,249,0,0,0,0
"6852",2023-03-24,18,55,6246,249,0,0,25.0843373493976,0,0,6246,249,0,0,0,0
"6853",2023-03-24,19,0,6246,249,0,0,25.0843373493976,0,0,6246,249,0,0,0,0
"6854",2023-03-24,19,5,6246,249,0,0,25.0843373493976,0,0,6246,249,0,0,0,0
"6855",2023-03-24,19,10,6246,249,0,0,25.0843373493976,0,0,6246,249,0,0,0,0
"6856",2023-03-24,19,15,6246,249,0,0,25.0843373493976,0,0,6246,249,0,0,0,0
"6857",2023-03-24,19,20,6246,249,0,0,25.0843373493976,0,0,6246,249,0,0,0,0
"6858",2023-03-24,19,25,6246,249,0,0,25.0843373493976,0,0,6246,249,0,0,0,0
"6859",2023-03-24,19,30,6246,249,0,0,25.0843373493976,0,0,6246,249,0,0,0,0
"6860",2023-03-24,19,35,6246,249,0,0,25.0843373493976,0,0,6246,249,0,0,0,0
"6861",2023-03-24,19,40,6246,249,0,0,25.0843373493976,0,0,6246,249,0,0,0,0
"6862",2023-03-24,19,45,6246,249,0,0,25.0843373493976,0,0,6246,249,0,0,0,0
"6863",2023-03-24,19,50,6246,249,0,0,25.0843373493976,0,0,6246,249,0,0,0,0
"6864",2023-03-24,19,55,6246,249,0,0,25.0843373493976,0,0,6246,249,0,0,0,0
"6865",2023-03-24,20,0,6246,249,0,0,25.0843373493976,0,0,6246,249,0,0,0,0
"6866",2023-03-24,20,5,6246,249,0,0,25.0843373493976,0,0,6246,249,0,0,0,0
"6867",2023-03-24,20,10,6246,249,0,0,25.0843373493976,0,0,6246,249,0,0,0,0
"6868",2023-03-24,20,15,6246,249,0,0,25.0843373493976,0,0,6246,249,0,0,0,0
"6869",2023-03-24,20,20,6246,249,0,0,25.0843373493976,0,0,6246,249,0,0,0,0
"6870",2023-03-24,20,25,6246,249,0,0,25.0843373493976,0,0,6246,249,0,0,0,0
"6871",2023-03-24,20,30,6246,249,0,0,25.0843373493976,0,0,6246,249,0,0,0,0
"6872",2023-03-24,20,35,6246,249,0,0,25.0843373493976,0,0,6246,249,0,0,0,0
"6873",2023-03-24,20,40,6246,249,0,0,25.0843373493976,0,0,6246,249,0,0,0,0
"6874",2023-03-24,20,45,6246,249,0,0,25.0843373493976,0,0,6246,249,0,0,0,0
"6875",2023-03-24,20,50,6246,249,0,0,25.0843373493976,0,0,6246,249,0,0,0,0
"6876",2023-03-24,20,55,6246,249,0,0,25.0843373493976,0,0,6246,249,0,0,0,0
"6877",2023-03-24,21,0,6246,249,0,0,25.0843373493976,0,0,6246,249,0,0,0,0
"6878",2023-03-24,21,5,6246,249,0,0,25.0843373493976,0,0,6246,249,0,0,0,0
"6879",2023-03-24,21,10,6246,249,0,0,25.0843373493976,0,0,6246,249,0,0,0,0
"6880",2023-03-24,21,15,6246,249,0,0,25.0843373493976,0,0,6246,249,0,0,0,0
"6881",2023-03-24,21,20,6246,249,0,0,25.0843373493976,0,0,6246,249,0,0,0,0
"6882",2023-03-24,21,25,6246,249,0,0,25.0843373493976,0,0,6246,249,0,0,0,0
"6883",2023-03-24,21,30,6246,249,0,0,25.0843373493976,0,0,6246,249,0,0,0,0
"6884",2023-03-24,21,35,6246,249,0,0,25.0843373493976,0,0,6246,249,0,0,0,0
"6885",2023-03-24,21,40,6246,249,0,0,25.0843373493976,0,0,6246,249,0,0,0,0
"6886",2023-03-24,21,45,6246,249,0,0,25.0843373493976,0,0,6246,249,0,0,0,0
"6887",2023-03-24,21,50,6246,249,0,0,25.0843373493976,0,0,6246,249,0,0,0,0
"6888",2023-03-24,21,55,6246,249,0,0,25.0843373493976,0,0,6246,249,0,0,0,0
"6889",2023-03-24,22,0,6246,249,0,0,25.0843373493976,0,0,6246,249,0,0,0,0
"6890",2023-03-24,22,5,6246,249,0,0,25.0843373493976,0,0,6246,249,0,0,0,0
"6891",2023-03-24,22,10,6246,249,0,0,25.0843373493976,0,0,6246,249,0,0,0,0
"6892",2023-03-24,22,15,6246,249,0,0,25.0843373493976,0,0,6246,249,0,0,0,0
"6893",2023-03-24,22,20,6246,249,0,0,25.0843373493976,0,0,6246,249,0,0,0,0
"6894",2023-03-24,22,25,6246,249,0,0,25.0843373493976,0,0,6246,249,0,0,0,0
"6895",2023-03-24,22,30,6246,249,0,0,25.0843373493976,0,0,6246,249,0,0,0,0
"6896",2023-03-24,22,35,6246,249,0,0,25.0843373493976,0,0,6246,249,0,0,0,0
"6897",2023-03-24,22,40,6246,249,0,0,25.0843373493976,0,0,6246,249,0,0,0,0
"6898",2023-03-24,22,45,6246,249,0,0,25.0843373493976,0,0,6246,249,0,0,0,0
"6899",2023-03-24,22,50,6246,249,0,0,25.0843373493976,0,0,6246,249,0,0,0,0
"6900",2023-03-24,22,55,6246,249,0,0,25.0843373493976,0,0,6246,249,0,0,0,0
"6901",2023-03-24,23,0,6246,249,0,0,25.0843373493976,0,0,6246,249,0,0,0,0
"6902",2023-03-24,23,5,6246,249,0,0,25.0843373493976,0,0,6246,249,0,0,0,0
"6903",2023-03-24,23,10,6246,249,0,0,25.0843373493976,0,0,6246,249,0,0,0,0
"6904",2023-03-24,23,15,6246,249,0,0,25.0843373493976,0,0,6246,249,0,0,0,0
"6905",2023-03-24,23,20,6246,249,0,0,25.0843373493976,0,0,6246,249,0,0,0,0
"6906",2023-03-24,23,25,6246,249,0,0,25.0843373493976,0,0,6246,249,0,0,0,0
"6907",2023-03-24,23,30,6246,249,0,0,25.0843373493976,0,0,6246,249,0,0,0,0
"6908",2023-03-24,23,35,6246,249,0,0,25.0843373493976,0,0,6246,249,0,0,0,0
"6909",2023-03-24,23,40,6246,249,0,0,25.0843373493976,0,0,6246,249,0,0,0,0
"6910",2023-03-24,23,45,6246,249,0,0,25.0843373493976,0,0,6246,249,0,0,0,0
"6911",2023-03-24,23,50,6246,249,0,0,25.0843373493976,0,0,6246,249,0,0,0,0
"6912",2023-03-24,23,55,6246,249,0,0,25.0843373493976,0,0,6246,249,0,0,0,0
"6913",2023-03-25,0,0,6246,249,0,0,25.0843373493976,0,0,6246,249,0,0,0,0
"6914",2023-03-25,0,5,6246,249,0,0,25.0843373493976,0,0,6246,249,0,0,0,0
"6915",2023-03-25,0,10,6246,249,0,0,25.0843373493976,0,0,6246,249,0,0,0,0
"6916",2023-03-25,0,15,6246,249,0,0,25.0843373493976,0,0,6246,249,0,0,0,0
"6917",2023-03-25,0,20,6246,249,0,0,25.0843373493976,0,0,6246,249,0,0,0,0
"6918",2023-03-25,0,25,6246,249,0,0,25.0843373493976,0,0,6246,249,0,0,0,0
"6919",2023-03-25,0,30,6246,249,0,0,25.0843373493976,0,0,6246,249,0,0,0,0
"6920",2023-03-25,0,35,6246,249,0,0,25.0843373493976,0,0,6246,249,0,0,0,0
"6921",2023-03-25,0,40,6246,249,0,0,25.0843373493976,0,0,6246,249,0,0,0,0
"6922",2023-03-25,0,45,6246,249,0,0,25.0843373493976,0,0,6246,249,0,0,0,0
"6923",2023-03-25,0,50,6246,249,0,0,25.0843373493976,0,0,6246,249,0,0,0,0
"6924",2023-03-25,0,55,6246,249,0,0,25.0843373493976,0,0,6246,249,0,0,0,0
"6925",2023-03-25,1,0,6246,249,0,0,25.0843373493976,0,0,6246,249,0,0,0,0
"6926",2023-03-25,1,5,6246,249,0,0,25.0843373493976,0,0,6246,249,0,0,0,0
"6927",2023-03-25,1,10,6246,249,0,0,25.0843373493976,0,0,6246,249,0,0,0,0
"6928",2023-03-25,1,15,6246,249,0,0,25.0843373493976,0,0,6246,249,0,0,0,0
"6929",2023-03-25,1,20,6246,249,0,0,25.0843373493976,0,0,6246,249,0,0,0,0
"6930",2023-03-25,1,25,6246,249,0,0,25.0843373493976,0,0,6246,249,0,0,0,0
"6931",2023-03-25,1,30,6246,249,0,0,25.0843373493976,0,0,6246,249,0,0,0,0
"6932",2023-03-25,1,35,6246,249,0,0,25.0843373493976,0,0,6246,249,0,0,0,0
"6933",2023-03-25,1,40,6246,249,0,0,25.0843373493976,0,0,6246,249,0,0,0,0
"6934",2023-03-25,1,45,6246,249,0,0,25.0843373493976,0,0,6246,249,0,0,0,0
"6935",2023-03-25,1,50,6246,249,0,0,25.0843373493976,0,0,6246,249,0,0,0,0
"6936",2023-03-25,1,55,6246,249,0,0,25.0843373493976,0,0,6246,249,0,0,0,0
"6937",2023-03-25,2,0,6246,249,0,0,25.0843373493976,0,0,6246,249,0,0,0,0
"6938",2023-03-25,2,5,6246,249,0,0,25.0843373493976,0,0,6246,249,0,0,0,0
"6939",2023-03-25,2,10,6246,249,0,0,25.0843373493976,0,0,6246,249,0,0,0,0
"6940",2023-03-25,2,15,6246,249,0,0,25.0843373493976,0,0,6246,249,0,0,0,0
"6941",2023-03-25,2,20,6246,249,0,0,25.0843373493976,0,0,6246,249,0,0,0,0
"6942",2023-03-25,2,25,6246,249,0,0,25.0843373493976,0,0,6246,249,0,0,0,0
"6943",2023-03-25,2,30,6246,249,0,0,25.0843373493976,0,0,6246,249,0,0,0,0
"6944",2023-03-25,2,35,6246,249,0,0,25.0843373493976,0,0,6246,249,0,0,0,0
"6945",2023-03-25,2,40,6246,249,0,0,25.0843373493976,0,0,6246,249,0,0,0,0
"6946",2023-03-25,2,45,6246,249,0,0,25.0843373493976,0,0,6246,249,0,0,0,0
"6947",2023-03-25,2,50,6246,249,0,0,25.0843373493976,0,0,6246,249,0,0,0,0
"6948",2023-03-25,2,55,6246,249,0,0,25.0843373493976,0,0,6246,249,0,0,0,0
"6949",2023-03-25,3,0,6246,249,0,0,25.0843373493976,0,0,6246,249,0,0,0,0
"6950",2023-03-25,3,5,6246,249,0,0,25.0843373493976,0,0,6246,249,0,0,0,0
"6951",2023-03-25,3,10,6246,249,0,0,25.0843373493976,0,0,6246,249,0,0,0,0
"6952",2023-03-25,3,15,6246,249,0,0,25.0843373493976,0,0,6246,249,0,0,0,0
"6953",2023-03-25,3,20,6246,249,0,0,25.0843373493976,0,0,6246,249,0,0,0,0
"6954",2023-03-25,3,25,6246,249,0,0,25.0843373493976,0,0,6246,249,0,0,0,0
"6955",2023-03-25,3,30,6246,249,0,0,25.0843373493976,0,0,6246,249,0,0,0,0
"6956",2023-03-25,3,35,6246,249,0,0,25.0843373493976,0,0,6246,249,0,0,0,0
"6957",2023-03-25,3,40,6246,249,0,0,25.0843373493976,0,0,6246,249,0,0,0,0
"6958",2023-03-25,3,45,6246,249,0,0,25.0843373493976,0,0,6246,249,0,0,0,0
"6959",2023-03-25,3,50,6246,249,0,0,25.0843373493976,0,0,6246,249,0,0,0,0
"6960",2023-03-25,3,55,6246,249,0,0,25.0843373493976,0,0,6246,249,0,0,0,0
"6961",2023-03-25,4,0,6246,249,0,0,25.0843373493976,0,0,6246,249,0,0,0,0
"6962",2023-03-25,4,5,6246,249,0,0,25.0843373493976,0,0,6246,249,0,0,0,0
"6963",2023-03-25,4,10,6246,249,0,0,25.0843373493976,0,0,6246,249,0,0,0,0
"6964",2023-03-25,4,15,6246,249,0,0,25.0843373493976,0,0,6246,249,0,0,0,0
"6965",2023-03-25,4,20,6246,249,0,0,25.0843373493976,0,0,6246,249,0,0,0,0
"6966",2023-03-25,4,25,6246,249,0,0,25.0843373493976,0,0,6246,249,0,0,0,0
"6967",2023-03-25,4,30,6246,249,0,0,25.0843373493976,0,0,6246,249,0,0,0,0
"6968",2023-03-25,4,35,6246,249,0,0,25.0843373493976,0,0,6246,249,0,0,0,0
"6969",2023-03-25,4,40,6246,249,0,0,25.0843373493976,0,0,6246,249,0,0,0,0
"6970",2023-03-25,4,45,6246,249,0,0,25.0843373493976,0,0,6246,249,0,0,0,0
"6971",2023-03-25,4,50,6246,249,0,0,25.0843373493976,0,0,6246,249,0,0,0,0
"6972",2023-03-25,4,55,6246,249,0,0,25.0843373493976,0,0,6246,249,0,0,0,0
"6973",2023-03-25,5,0,6246,249,0,0,25.0843373493976,0,0,6246,249,0,0,0,0
"6974",2023-03-25,5,5,6246,249,0,0,25.0843373493976,0,0,6246,249,0,0,0,0
"6975",2023-03-25,5,10,6246,249,0,0,25.0843373493976,0,0,6246,249,0,0,0,0
"6976",2023-03-25,5,15,6246,249,0,0,25.0843373493976,0,0,6246,249,0,0,0,0
"6977",2023-03-25,5,20,6246,249,0,0,25.0843373493976,0,0,6246,249,0,0,0,0
"6978",2023-03-25,5,25,6246,249,0,0,25.0843373493976,0,0,6246,249,0,0,0,0
"6979",2023-03-25,5,30,6246,249,0,0,25.0843373493976,0,0,6246,249,0,0,0,0
"6980",2023-03-25,5,35,6246,249,0,0,25.0843373493976,0,0,6246,249,0,0,0,0
"6981",2023-03-25,5,40,6246,249,0,0,25.0843373493976,0,0,6246,249,0,0,0,0
"6982",2023-03-25,5,45,6246,249,0,0,25.0843373493976,0,0,6246,249,0,0,0,0
"6983",2023-03-25,5,50,6246,249,0,0,25.0843373493976,0,0,6246,249,0,0,0,0
"6984",2023-03-25,5,55,6246,249,0,0,25.0843373493976,0,0,6246,249,0,0,0,0
"6985",2023-03-25,6,0,6246,249,0,0,25.0843373493976,0,0,6246,249,0,0,0,0
"6986",2023-03-25,6,5,6246,249,0,0,25.0843373493976,0,0,6246,249,0,0,0,0
"6987",2023-03-25,6,10,6246,249,0,0,25.0843373493976,0,0,6246,249,0,0,0,0
"6988",2023-03-25,6,15,6246,249,0,0,25.0843373493976,0,0,6246,249,0,0,0,0
"6989",2023-03-25,6,20,6246,249,0,0,25.0843373493976,0,0,6246,249,0,0,0,0
"6990",2023-03-25,6,25,6246,249,0,0,25.0843373493976,0,0,6246,249,0,0,0,0
"6991",2023-03-25,6,30,6246,249,0,0,25.0843373493976,0,0,6246,249,0,0,0,0
"6992",2023-03-25,6,35,6246,249,0,0,25.0843373493976,0,0,6246,249,0,0,0,0
"6993",2023-03-25,6,40,6246,249,0,0,25.0843373493976,0,0,6246,249,0,0,0,0
"6994",2023-03-25,6,45,6246,249,0,0,25.0843373493976,0,0,6246,249,0,0,0,0
"6995",2023-03-25,6,50,6246,249,0,0,25.0843373493976,0,0,6246,249,0,0,0,0
"6996",2023-03-25,6,55,6246,249,0,0,25.0843373493976,0,0,6246,249,0,0,0,0
"6997",2023-03-25,7,0,6246,249,0,0,25.0843373493976,0,0,6246,249,0,0,0,0
"6998",2023-03-25,7,5,6246,249,0,0,25.0843373493976,0,0,6246,249,0,0,0,0
"6999",2023-03-25,7,10,6246,249,0,0,25.0843373493976,0,0,6246,249,0,0,0,0
"7000",2023-03-25,7,15,6246,249,0,0,25.0843373493976,0,0,6246,249,0,0,0,0
"7001",2023-03-25,7,20,6246,249,0,0,25.0843373493976,0,0,6246,249,0,0,0,0
"7002",2023-03-25,7,25,6246,249,0,0,25.0843373493976,0,0,6246,249,0,0,0,0
"7003",2023-03-25,7,30,6246,249,0,0,25.0843373493976,0,0,6246,249,0,0,0,0
"7004",2023-03-25,7,35,6246,249,0,0,25.0843373493976,0,0,6246,249,0,0,0,0
"7005",2023-03-25,7,40,6246,249,0,0,25.0843373493976,0,0,6246,249,0,0,0,0
"7006",2023-03-25,7,45,6246,249,0,0,25.0843373493976,0,0,6246,249,0,0,0,0
"7007",2023-03-25,7,50,6246,249,0,0,25.0843373493976,0,0,6246,249,0,0,0,0
"7008",2023-03-25,7,55,6246,249,0,0,25.0843373493976,0,0,6246,249,0,0,0,0
"7009",2023-03-25,8,0,6246,249,0,0,25.0843373493976,0,0,6246,249,0,0,0,0
"7010",2023-03-25,8,5,6246,249,0,0,25.0843373493976,0,0,6246,249,0,0,0,0
"7011",2023-03-25,8,10,6246,249,0,0,25.0843373493976,0,0,6246,249,0,0,0,0
"7012",2023-03-25,8,15,6246,249,0,0,25.0843373493976,0,0,6246,249,0,0,0,0
"7013",2023-03-25,8,20,6246,249,0,0,25.0843373493976,0,0,6246,249,0,0,0,0
"7014",2023-03-25,8,25,6246,249,0,0,25.0843373493976,0,0,6246,249,0,0,0,0
"7015",2023-03-25,8,30,6246,249,0,0,25.0843373493976,0,0,6246,249,0,0,0,0
"7016",2023-03-25,8,35,6246,249,0,0,25.0843373493976,0,0,6246,249,0,0,0,0
"7017",2023-03-25,8,40,6246,249,0,0,25.0843373493976,0,0,6246,249,0,0,0,0
"7018",2023-03-25,8,45,6246,249,0,0,25.0843373493976,0,0,6246,249,0,0,0,0
"7019",2023-03-25,8,50,6246,249,0,0,25.0843373493976,0,0,6246,249,0,0,0,0
"7020",2023-03-25,8,55,6246,249,0,0,25.0843373493976,0,0,6246,249,0,0,0,0
"7021",2023-03-25,9,0,6246,249,0,0,25.0843373493976,0,0,6246,249,0,0,0,0
"7022",2023-03-25,9,5,6246,249,0,0,25.0843373493976,0,0,6246,249,0,0,0,0
"7023",2023-03-25,9,10,6246,249,0,0,25.0843373493976,0,0,6246,249,0,0,0,0
"7024",2023-03-25,9,15,6246,249,0,0,25.0843373493976,0,0,6246,249,0,0,0,0
"7025",2023-03-25,9,20,6246,249,0,0,25.0843373493976,0,0,6246,249,0,0,0,0
"7026",2023-03-25,9,25,6246,249,0,0,25.0843373493976,0,0,6246,249,0,0,0,0
"7027",2023-03-25,9,30,6246,249,0,0,25.0843373493976,0,0,6246,249,0,0,0,0
"7028",2023-03-25,9,35,6246,249,0,0,25.0843373493976,0,0,6246,249,0,0,0,0
"7029",2023-03-25,9,40,6246,249,0,0,25.0843373493976,0,0,6246,249,0,0,0,0
"7030",2023-03-25,9,45,6246,249,0,0,25.0843373493976,0,0,6246,249,0,0,0,0
"7031",2023-03-25,9,50,6246,249,0,0,25.0843373493976,0,0,6246,249,0,0,0,0
"7032",2023-03-25,9,55,6246,249,0,0,25.0843373493976,0,0,6246,249,0,0,0,0
"7033",2023-03-25,10,0,6246,249,0,0,25.0843373493976,0,0,6246,249,0,0,0,0
"7034",2023-03-25,10,5,6246,249,0,0,25.0843373493976,0,0,6246,249,0,0,0,0
"7035",2023-03-25,10,10,6246,249,0,0,25.0843373493976,0,0,6246,249,0,0,0,0
"7036",2023-03-25,10,15,6246,249,0,0,25.0843373493976,0,0,6246,249,0,0,0,0
"7037",2023-03-25,10,20,6246,249,0,0,25.0843373493976,0,0,6246,249,0,0,0,0
"7038",2023-03-25,10,25,6246,249,0,0,25.0843373493976,0,0,6246,249,0,0,0,0
"7039",2023-03-25,10,30,6246,249,0,0,25.0843373493976,0,0,6246,249,0,0,0,0
"7040",2023-03-25,10,35,6246,249,0,0,25.0843373493976,0,0,6246,249,0,0,0,0
"7041",2023-03-25,10,40,6246,249,0,0,25.0843373493976,0,0,6246,249,0,0,0,0
"7042",2023-03-25,10,45,6246,249,0,0,25.0843373493976,0,0,6246,249,0,0,0,0
"7043",2023-03-25,10,50,6246,249,0,0,25.0843373493976,0,0,6246,249,0,0,0,0
"7044",2023-03-25,10,55,6246,249,0,0,25.0843373493976,0,0,6246,249,0,0,0,0
"7045",2023-03-25,11,0,6246,249,0,0,25.0843373493976,0,0,6246,249,0,0,0,0
"7046",2023-03-25,11,5,6246,249,0,0,25.0843373493976,0,0,6246,249,0,0,0,0
"7047",2023-03-25,11,10,6246,249,0,0,25.0843373493976,0,0,6246,249,0,0,0,0
"7048",2023-03-25,11,15,6246,249,0,0,25.0843373493976,0,0,6246,249,0,0,0,0
"7049",2023-03-25,11,20,6246,249,0,0,25.0843373493976,0,0,6246,249,0,0,0,0
"7050",2023-03-25,11,25,6246,249,0,0,25.0843373493976,0,0,6246,249,0,0,0,0
"7051",2023-03-25,11,30,6246,249,0,0,25.0843373493976,0,0,6246,249,0,0,0,0
"7052",2023-03-25,11,35,6246,249,0,0,25.0843373493976,0,0,6246,249,0,0,0,0
"7053",2023-03-25,11,40,6246,249,0,0,25.0843373493976,0,0,6246,249,0,0,0,0
"7054",2023-03-25,11,45,6246,249,0,0,25.0843373493976,0,0,6246,249,0,0,0,0
"7055",2023-03-25,11,50,6246,249,0,0,25.0843373493976,0,0,6246,249,0,0,0,0
"7056",2023-03-25,11,55,6246,249,0,0,25.0843373493976,0,0,6246,249,0,0,0,0
"7057",2023-03-25,12,0,6246,249,0,0,25.0843373493976,0,0,6246,249,0,0,0,0
"7058",2023-03-25,12,5,6246,249,0,0,25.0843373493976,0,0,6246,249,0,0,0,0
"7059",2023-03-25,12,10,6246,249,0,0,25.0843373493976,0,0,6246,249,0,0,0,0
"7060",2023-03-25,12,15,6246,249,0,0,25.0843373493976,0,0,6246,249,0,0,0,0
"7061",2023-03-25,12,20,6246,249,0,0,25.0843373493976,0,0,6246,249,0,0,0,0
"7062",2023-03-25,12,25,6246,249,0,0,25.0843373493976,0,0,6246,249,0,0,0,0
"7063",2023-03-25,12,30,6246,249,0,0,25.0843373493976,0,0,6246,249,0,0,0,0
"7064",2023-03-25,12,35,6246,249,0,0,25.0843373493976,0,0,6246,249,0,0,0,0
"7065",2023-03-25,12,40,6246,249,0,0,25.0843373493976,0,0,6246,249,0,0,0,0
"7066",2023-03-25,12,45,6246,249,0,0,25.0843373493976,0,0,6246,249,0,0,0,0
"7067",2023-03-25,12,50,6246,249,0,0,25.0843373493976,0,0,6246,249,0,0,0,0
"7068",2023-03-25,12,55,6246,249,0,0,25.0843373493976,0,0,6246,249,0,0,0,0
"7069",2023-03-25,13,0,6246,249,0,0,25.0843373493976,0,0,6246,249,0,0,0,0
"7070",2023-03-25,13,5,6246,249,0,0,25.0843373493976,0,0,6246,249,0,0,0,0
"7071",2023-03-25,13,10,6246,249,0,0,25.0843373493976,0,0,6246,249,0,0,0,0
"7072",2023-03-25,13,15,6246,249,0,0,25.0843373493976,0,0,6246,249,0,0,0,0
"7073",2023-03-25,13,20,6246,249,0,0,25.0843373493976,0,0,6246,249,0,0,0,0
"7074",2023-03-25,13,25,6246,249,0,0,25.0843373493976,0,0,6246,249,0,0,0,0
"7075",2023-03-25,13,30,6246,249,0,0,25.0843373493976,0,0,6246,249,0,0,0,0
"7076",2023-03-25,13,35,6246,249,0,0,25.0843373493976,0,0,6246,249,0,0,0,0
"7077",2023-03-25,13,40,6246,249,0,0,25.0843373493976,0,0,6246,249,0,0,0,0
"7078",2023-03-25,13,45,6246,249,0,0,25.0843373493976,0,0,6246,249,0,0,0,0
"7079",2023-03-25,13,50,6246,249,0,0,25.0843373493976,0,0,6246,249,0,0,0,0
"7080",2023-03-25,13,55,6246,249,0,0,25.0843373493976,0,0,6246,249,0,0,0,0
"7081",2023-03-25,14,0,6246,249,0,0,25.0843373493976,0,0,6246,249,0,0,0,0
"7082",2023-03-25,14,5,6246,249,0,0,25.0843373493976,0,0,6246,249,0,0,0,0
"7083",2023-03-25,14,10,6246,249,0,0,25.0843373493976,0,0,6246,249,0,0,0,0
"7084",2023-03-25,14,15,6246,249,0,0,25.0843373493976,0,0,6246,249,0,0,0,0
"7085",2023-03-25,14,20,6246,249,0,0,25.0843373493976,0,0,6246,249,0,0,0,0
"7086",2023-03-25,14,25,6246,249,0,0,25.0843373493976,0,0,6246,249,0,0,0,0
"7087",2023-03-25,14,30,6246,249,0,0,25.0843373493976,0,0,6246,249,0,0,0,0
"7088",2023-03-25,14,35,6246,249,0,0,25.0843373493976,0,0,6246,249,0,0,0,0
"7089",2023-03-25,14,40,6246,249,0,0,25.0843373493976,0,0,6246,249,0,0,0,0
"7090",2023-03-25,14,45,6246,249,0,0,25.0843373493976,0,0,6246,249,0,0,0,0
"7091",2023-03-25,14,50,6246,249,0,0,25.0843373493976,0,0,6246,249,0,0,0,0
"7092",2023-03-25,14,55,6246,249,0,0,25.0843373493976,0,0,6246,249,0,0,0,0
"7093",2023-03-25,15,0,6246,249,0,0,25.0843373493976,0,0,6246,249,0,0,0,0
"7094",2023-03-25,15,5,6246,249,0,0,25.0843373493976,0,0,6246,249,0,0,0,0
"7095",2023-03-25,15,10,6246,249,0,0,25.0843373493976,0,0,6246,249,0,0,0,0
"7096",2023-03-25,15,15,6246,249,0,0,25.0843373493976,0,0,6246,249,0,0,0,0
"7097",2023-03-25,15,20,6246,249,0,0,25.0843373493976,0,0,6246,249,0,0,0,0
"7098",2023-03-25,15,25,6246,249,0,0,25.0843373493976,0,0,6246,249,0,0,0,0
"7099",2023-03-25,15,30,6246,249,0,0,25.0843373493976,0,0,6246,249,0,0,0,0
"7100",2023-03-25,15,35,6246,249,0,0,25.0843373493976,0,0,6246,249,0,0,0,0
"7101",2023-03-25,15,40,6246,249,0,0,25.0843373493976,0,0,6246,249,0,0,0,0
"7102",2023-03-25,15,45,6246,249,0,0,25.0843373493976,0,0,6246,249,0,0,0,0
"7103",2023-03-25,15,50,6246,249,0,0,25.0843373493976,0,0,6246,249,0,0,0,0
"7104",2023-03-25,15,55,6246,249,0,0,25.0843373493976,0,0,6246,249,0,0,0,0
"7105",2023-03-25,16,0,6246,249,0,0,25.0843373493976,0,0,6246,249,0,0,0,0
"7106",2023-03-25,16,5,6246,249,0,0,25.0843373493976,0,0,6246,249,0,0,0,0
"7107",2023-03-25,16,10,6246,249,0,0,25.0843373493976,0,0,6246,249,0,0,0,0
"7108",2023-03-25,16,15,6246,249,0,0,25.0843373493976,0,0,6246,249,0,0,0,0
"7109",2023-03-25,16,20,6246,249,0,0,25.0843373493976,0,0,6246,249,0,0,0,0
"7110",2023-03-25,16,25,6246,249,0,0,25.0843373493976,0,0,6246,249,0,0,0,0
"7111",2023-03-25,16,30,6246,249,0,0,25.0843373493976,0,0,6246,249,0,0,0,0
"7112",2023-03-25,16,35,6246,249,0,0,25.0843373493976,0,0,6246,249,0,0,0,0
"7113",2023-03-25,16,40,6246,249,0,0,25.0843373493976,0,0,6246,249,0,0,0,0
"7114",2023-03-25,16,45,6246,249,0,0,25.0843373493976,0,0,6246,249,0,0,0,0
"7115",2023-03-25,16,50,6246,249,0,0,25.0843373493976,0,0,6246,249,0,0,0,0
"7116",2023-03-25,16,55,6246,249,0,0,25.0843373493976,0,0,6246,249,0,0,0,0
"7117",2023-03-25,17,0,6246,249,0,0,25.0843373493976,0,0,6246,249,0,0,0,0
"7118",2023-03-25,17,5,6246,249,0,0,25.0843373493976,0,0,6246,249,0,0,0,0
"7119",2023-03-25,17,10,6246,249,0,0,25.0843373493976,0,0,6246,249,0,0,0,0
"7120",2023-03-25,17,15,6246,249,0,0,25.0843373493976,0,0,6246,249,0,0,0,0
"7121",2023-03-25,17,20,6246,249,0,0,25.0843373493976,0,0,6246,249,0,0,0,0
"7122",2023-03-25,17,25,6246,249,0,0,25.0843373493976,0,0,6246,249,0,0,0,0
"7123",2023-03-25,17,30,6246,249,0,0,25.0843373493976,0,0,6246,249,0,0,0,0
"7124",2023-03-25,17,35,6246,249,0,0,25.0843373493976,0,0,6246,249,0,0,0,0
"7125",2023-03-25,17,40,6246,249,0,0,25.0843373493976,0,0,6246,249,0,0,0,0
"7126",2023-03-25,17,45,6246,249,0,0,25.0843373493976,0,0,6246,249,0,0,0,0
"7127",2023-03-25,17,50,6246,249,0,0,25.0843373493976,0,0,6246,249,0,0,0,0
"7128",2023-03-25,17,55,6246,249,0,0,25.0843373493976,0,0,6246,249,0,0,0,0
"7129",2023-03-25,18,0,6246,249,0,0,25.0843373493976,0,0,6246,249,0,0,0,0
"7130",2023-03-25,18,5,6246,249,0,0,25.0843373493976,0,0,6246,249,0,0,0,0
"7131",2023-03-25,18,10,6246,249,0,0,25.0843373493976,0,0,6246,249,0,0,0,0
"7132",2023-03-25,18,15,6246,249,0,0,25.0843373493976,0,0,6246,249,0,0,0,0
"7133",2023-03-25,18,20,6246,249,0,0,25.0843373493976,0,0,6246,249,0,0,0,0
"7134",2023-03-25,18,25,6246,249,0,0,25.0843373493976,0,0,6246,249,0,0,0,0
"7135",2023-03-25,18,30,6246,249,0,0,25.0843373493976,0,0,6246,249,0,0,0,0
"7136",2023-03-25,18,35,6246,249,0,0,25.0843373493976,0,0,6246,249,0,0,0,0
"7137",2023-03-25,18,40,6246,249,0,0,25.0843373493976,0,0,6246,249,0,0,0,0
"7138",2023-03-25,18,45,6246,249,0,0,25.0843373493976,0,0,6246,249,0,0,0,0
"7139",2023-03-25,18,50,6246,249,0,0,25.0843373493976,0,0,6246,249,0,0,0,0
"7140",2023-03-25,18,55,6246,249,0,0,25.0843373493976,0,0,6246,249,0,0,0,0
"7141",2023-03-25,19,0,6246,249,0,0,25.0843373493976,0,0,6246,249,0,0,0,0
"7142",2023-03-25,19,5,6246,249,0,0,25.0843373493976,0,0,6246,249,0,0,0,0
"7143",2023-03-25,19,10,6246,249,0,0,25.0843373493976,0,0,6246,249,0,0,0,0
"7144",2023-03-25,19,15,6246,249,0,0,25.0843373493976,0,0,6246,249,0,0,0,0
"7145",2023-03-25,19,20,6246,249,0,0,25.0843373493976,0,0,6246,249,0,0,0,0
"7146",2023-03-25,19,25,6246,249,0,0,25.0843373493976,0,0,6246,249,0,0,0,0
"7147",2023-03-25,19,30,6246,249,0,0,25.0843373493976,0,0,6246,249,0,0,0,0
"7148",2023-03-25,19,35,6246,249,0,0,25.0843373493976,0,0,6246,249,0,0,0,0
"7149",2023-03-25,19,40,6246,249,0,0,25.0843373493976,0,0,6246,249,0,0,0,0
"7150",2023-03-25,19,45,6246,249,0,0,25.0843373493976,0,0,6246,249,0,0,0,0
"7151",2023-03-25,19,50,6246,249,0,0,25.0843373493976,0,0,6246,249,0,0,0,0
"7152",2023-03-25,19,55,6246,249,0,0,25.0843373493976,0,0,6246,249,0,0,0,0
"7153",2023-03-25,20,0,6246,249,0,0,25.0843373493976,0,0,6246,249,0,0,0,0
"7154",2023-03-25,20,5,6246,249,0,0,25.0843373493976,0,0,6246,249,0,0,0,0
"7155",2023-03-25,20,10,6246,249,0,0,25.0843373493976,0,0,6246,249,0,0,0,0
"7156",2023-03-25,20,15,6246,249,0,0,25.0843373493976,0,0,6246,249,0,0,0,0
"7157",2023-03-25,20,20,6246,249,0,0,25.0843373493976,0,0,6246,249,0,0,0,0
"7158",2023-03-25,20,25,6246,249,0,0,25.0843373493976,0,0,6246,249,0,0,0,0
"7159",2023-03-25,20,30,6246,249,0,0,25.0843373493976,0,0,6246,249,0,0,0,0
"7160",2023-03-25,20,35,6246,249,0,0,25.0843373493976,0,0,6246,249,0,0,0,0
"7161",2023-03-25,20,40,6246,249,0,0,25.0843373493976,0,0,6246,249,0,0,0,0
"7162",2023-03-25,20,45,6246,249,0,0,25.0843373493976,0,0,6246,249,0,0,0,0
"7163",2023-03-25,20,50,6246,249,0,0,25.0843373493976,0,0,6246,249,0,0,0,0
"7164",2023-03-25,20,55,6246,249,0,0,25.0843373493976,0,0,6246,249,0,0,0,0
"7165",2023-03-25,21,0,6246,249,0,0,25.0843373493976,0,0,6246,249,0,0,0,0
"7166",2023-03-25,21,5,6246,249,0,0,25.0843373493976,0,0,6246,249,0,0,0,0
"7167",2023-03-25,21,10,6246,249,0,0,25.0843373493976,0,0,6246,249,0,0,0,0
"7168",2023-03-25,21,15,6246,249,0,0,25.0843373493976,0,0,6246,249,0,0,0,0
"7169",2023-03-25,21,20,6246,249,0,0,25.0843373493976,0,0,6246,249,0,0,0,0
"7170",2023-03-25,21,25,6246,249,0,0,25.0843373493976,0,0,6246,249,0,0,0,0
"7171",2023-03-25,21,30,6246,249,0,0,25.0843373493976,0,0,6246,249,0,0,0,0
"7172",2023-03-25,21,35,6246,249,0,0,25.0843373493976,0,0,6246,249,0,0,0,0
"7173",2023-03-25,21,40,6246,249,0,0,25.0843373493976,0,0,6246,249,0,0,0,0
"7174",2023-03-25,21,45,6246,249,0,0,25.0843373493976,0,0,6246,249,0,0,0,0
"7175",2023-03-25,21,50,6246,249,0,0,25.0843373493976,0,0,6246,249,0,0,0,0
"7176",2023-03-25,21,55,6246,249,0,0,25.0843373493976,0,0,6246,249,0,0,0,0
"7177",2023-03-25,22,0,6246,249,0,0,25.0843373493976,0,0,6246,249,0,0,0,0
"7178",2023-03-25,22,5,6246,249,0,0,25.0843373493976,0,0,6246,249,0,0,0,0
"7179",2023-03-25,22,10,6246,249,0,0,25.0843373493976,0,0,6246,249,0,0,0,0
"7180",2023-03-25,22,15,6246,249,0,0,25.0843373493976,0,0,6246,249,0,0,0,0
"7181",2023-03-25,22,20,6246,249,0,0,25.0843373493976,0,0,6246,249,0,0,0,0
"7182",2023-03-25,22,25,6246,249,0,0,25.0843373493976,0,0,6246,249,0,0,0,0
"7183",2023-03-25,22,30,6246,249,0,0,25.0843373493976,0,0,6246,249,0,0,0,0
"7184",2023-03-25,22,35,6246,249,0,0,25.0843373493976,0,0,6246,249,0,0,0,0
"7185",2023-03-25,22,40,6246,249,0,0,25.0843373493976,0,0,6246,249,0,0,0,0
"7186",2023-03-25,22,45,6246,249,0,0,25.0843373493976,0,0,6246,249,0,0,0,0
"7187",2023-03-25,22,50,6246,249,0,0,25.0843373493976,0,0,6246,249,0,0,0,0
"7188",2023-03-25,22,55,6246,249,0,0,25.0843373493976,0,0,6246,249,0,0,0,0
"7189",2023-03-25,23,0,6246,249,0,0,25.0843373493976,0,0,6246,249,0,0,0,0
"7190",2023-03-25,23,5,6246,249,0,0,25.0843373493976,0,0,6246,249,0,0,0,0
"7191",2023-03-25,23,10,6246,249,0,0,25.0843373493976,0,0,6246,249,0,0,0,0
"7192",2023-03-25,23,15,6246,249,0,0,25.0843373493976,0,0,6246,249,0,0,0,0
"7193",2023-03-25,23,20,6246,249,0,0,25.0843373493976,0,0,6246,249,0,0,0,0
"7194",2023-03-25,23,25,6246,249,0,0,25.0843373493976,0,0,6246,249,0,0,0,0
"7195",2023-03-25,23,30,6246,249,0,0,25.0843373493976,0,0,6246,249,0,0,0,0
"7196",2023-03-25,23,35,6246,249,0,0,25.0843373493976,0,0,6246,249,0,0,0,0
"7197",2023-03-25,23,40,6246,249,0,0,25.0843373493976,0,0,6246,249,0,0,0,0
"7198",2023-03-25,23,45,6246,249,0,0,25.0843373493976,0,0,6246,249,0,0,0,0
"7199",2023-03-25,23,50,6246,249,0,0,25.0843373493976,0,0,6246,249,0,0,0,0
"7200",2023-03-25,23,55,6246,249,0,0,25.0843373493976,0,0,6246,249,0,0,0,0
"7201",2023-03-26,0,0,6246,249,0,0,25.0843373493976,0,0,6246,249,0,0,0,0
"7202",2023-03-26,0,5,6246,249,0,0,25.0843373493976,0,0,6246,249,0,0,0,0
"7203",2023-03-26,0,10,6246,249,0,0,25.0843373493976,0,0,6246,249,0,0,0,0
"7204",2023-03-26,0,15,6246,249,0,0,25.0843373493976,0,0,6246,249,0,0,0,0
"7205",2023-03-26,0,20,6246,249,0,0,25.0843373493976,0,0,6246,249,0,0,0,0
"7206",2023-03-26,0,25,6246,249,0,0,25.0843373493976,0,0,6246,249,0,0,0,0
"7207",2023-03-26,0,30,6246,249,0,0,25.0843373493976,0,0,6246,249,0,0,0,0
"7208",2023-03-26,0,35,6246,249,0,0,25.0843373493976,0,0,6246,249,0,0,0,0
"7209",2023-03-26,0,40,6246,249,0,0,25.0843373493976,0,0,6246,249,0,0,0,0
"7210",2023-03-26,0,45,6246,249,0,0,25.0843373493976,0,0,6246,249,0,0,0,0
"7211",2023-03-26,0,50,6246,249,0,0,25.0843373493976,0,0,6246,249,0,0,0,0
"7212",2023-03-26,0,55,6246,249,0,0,25.0843373493976,0,0,6246,249,0,0,0,0
"7213",2023-03-26,1,0,12492,498,0,0,25.0843373493976,0,0,12492,498,0,0,0,0
"7214",2023-03-26,1,5,12492,498,0,0,25.0843373493976,0,0,12492,498,0,0,0,0
"7215",2023-03-26,1,10,12492,498,0,0,25.0843373493976,0,0,12492,498,0,0,0,0
"7216",2023-03-26,1,15,12492,498,0,0,25.0843373493976,0,0,12492,498,0,0,0,0
"7217",2023-03-26,1,20,12492,498,0,0,25.0843373493976,0,0,12492,498,0,0,0,0
"7218",2023-03-26,1,25,12492,498,0,0,25.0843373493976,0,0,12492,498,0,0,0,0
"7219",2023-03-26,1,30,12492,498,0,0,25.0843373493976,0,0,12492,498,0,0,0,0
"7220",2023-03-26,1,35,12492,498,0,0,25.0843373493976,0,0,12492,498,0,0,0,0
"7221",2023-03-26,1,40,12492,498,0,0,25.0843373493976,0,0,12492,498,0,0,0,0
"7222",2023-03-26,1,45,12492,498,0,0,25.0843373493976,0,0,12492,498,0,0,0,0
"7223",2023-03-26,1,50,12492,498,0,0,25.0843373493976,0,0,12492,498,0,0,0,0
"7224",2023-03-26,1,55,12492,498,0,0,25.0843373493976,0,0,12492,498,0,0,0,0
"7225",2023-03-26,3,0,6246,249,0,0,25.0843373493976,0,0,6246,249,0,0,0,0
"7226",2023-03-26,3,5,6246,249,0,0,25.0843373493976,0,0,6246,249,0,0,0,0
"7227",2023-03-26,3,10,6246,249,0,0,25.0843373493976,0,0,6246,249,0,0,0,0
"7228",2023-03-26,3,15,6246,249,0,0,25.0843373493976,0,0,6246,249,0,0,0,0
"7229",2023-03-26,3,20,6246,249,0,0,25.0843373493976,0,0,6246,249,0,0,0,0
"7230",2023-03-26,3,25,6246,249,0,0,25.0843373493976,0,0,6246,249,0,0,0,0
"7231",2023-03-26,3,30,6246,249,0,0,25.0843373493976,0,0,6246,249,0,0,0,0
"7232",2023-03-26,3,35,6246,249,0,0,25.0843373493976,0,0,6246,249,0,0,0,0
"7233",2023-03-26,3,40,6246,249,0,0,25.0843373493976,0,0,6246,249,0,0,0,0
"7234",2023-03-26,3,45,6246,249,0,0,25.0843373493976,0,0,6246,249,0,0,0,0
"7235",2023-03-26,3,50,6246,249,0,0,25.0843373493976,0,0,6246,249,0,0,0,0
"7236",2023-03-26,3,55,6246,249,0,0,25.0843373493976,0,0,6246,249,0,0,0,0
"7237",2023-03-26,5,0,6246,249,0,0,25.0843373493976,0,0,6246,249,0,0,0,0
"7238",2023-03-26,5,5,6246,249,0,0,25.0843373493976,0,0,6246,249,0,0,0,0
"7239",2023-03-26,5,10,6246,249,0,0,25.0843373493976,0,0,6246,249,0,0,0,0
"7240",2023-03-26,5,15,6246,249,0,0,25.0843373493976,0,0,6246,249,0,0,0,0
"7241",2023-03-26,5,20,6246,249,0,0,25.0843373493976,0,0,6246,249,0,0,0,0
"7242",2023-03-26,5,25,6246,249,0,0,25.0843373493976,0,0,6246,249,0,0,0,0
"7243",2023-03-26,5,30,6246,249,0,0,25.0843373493976,0,0,6246,249,0,0,0,0
"7244",2023-03-26,5,35,6246,249,0,0,25.0843373493976,0,0,6246,249,0,0,0,0
"7245",2023-03-26,5,40,6246,249,0,0,25.0843373493976,0,0,6246,249,0,0,0,0
"7246",2023-03-26,5,45,6246,249,0,0,25.0843373493976,0,0,6246,249,0,0,0,0
"7247",2023-03-26,5,50,6246,249,0,0,25.0843373493976,0,0,6246,249,0,0,0,0
"7248",2023-03-26,5,55,6246,249,0,0,25.0843373493976,0,0,6246,249,0,0,0,0
"7249",2023-03-26,6,0,6246,249,0,0,25.0843373493976,0,0,6246,249,0,0,0,0
"7250",2023-03-26,6,5,6246,249,0,0,25.0843373493976,0,0,6246,249,0,0,0,0
"7251",2023-03-26,6,10,6246,249,0,0,25.0843373493976,0,0,6246,249,0,0,0,0
"7252",2023-03-26,6,15,6246,249,0,0,25.0843373493976,0,0,6246,249,0,0,0,0
"7253",2023-03-26,6,20,6246,249,0,0,25.0843373493976,0,0,6246,249,0,0,0,0
"7254",2023-03-26,6,25,6246,249,0,0,25.0843373493976,0,0,6246,249,0,0,0,0
"7255",2023-03-26,6,30,6246,249,0,0,25.0843373493976,0,0,6246,249,0,0,0,0
"7256",2023-03-26,6,35,6246,249,0,0,25.0843373493976,0,0,6246,249,0,0,0,0
"7257",2023-03-26,6,40,6246,249,0,0,25.0843373493976,0,0,6246,249,0,0,0,0
"7258",2023-03-26,6,45,6246,249,0,0,25.0843373493976,0,0,6246,249,0,0,0,0
"7259",2023-03-26,6,50,6246,249,0,0,25.0843373493976,0,0,6246,249,0,0,0,0
"7260",2023-03-26,6,55,6246,249,0,0,25.0843373493976,0,0,6246,249,0,0,0,0
"7261",2023-03-26,7,0,6246,249,0,0,25.0843373493976,0,0,6246,249,0,0,0,0
"7262",2023-03-26,7,5,6246,249,0,0,25.0843373493976,0,0,6246,249,0,0,0,0
"7263",2023-03-26,7,10,6246,249,0,0,25.0843373493976,0,0,6246,249,0,0,0,0
"7264",2023-03-26,7,15,6246,249,0,0,25.0843373493976,0,0,6246,249,0,0,0,0
"7265",2023-03-26,7,20,6246,249,0,0,25.0843373493976,0,0,6246,249,0,0,0,0
"7266",2023-03-26,7,25,6246,249,0,0,25.0843373493976,0,0,6246,249,0,0,0,0
"7267",2023-03-26,7,30,6246,249,0,0,25.0843373493976,0,0,6246,249,0,0,0,0
"7268",2023-03-26,7,35,6246,249,0,0,25.0843373493976,0,0,6246,249,0,0,0,0
"7269",2023-03-26,7,40,6246,249,0,0,25.0843373493976,0,0,6246,249,0,0,0,0
"7270",2023-03-26,7,45,6246,249,0,0,25.0843373493976,0,0,6246,249,0,0,0,0
"7271",2023-03-26,7,50,6246,249,0,0,25.0843373493976,0,0,6246,249,0,0,0,0
"7272",2023-03-26,7,55,6246,249,0,0,25.0843373493976,0,0,6246,249,0,0,0,0
"7273",2023-03-26,8,0,6246,249,0,0,25.0843373493976,0,0,6246,249,0,0,0,0
"7274",2023-03-26,8,5,6246,249,0,0,25.0843373493976,0,0,6246,249,0,0,0,0
"7275",2023-03-26,8,10,6246,249,0,0,25.0843373493976,0,0,6246,249,0,0,0,0
"7276",2023-03-26,8,15,6246,249,0,0,25.0843373493976,0,0,6246,249,0,0,0,0
"7277",2023-03-26,8,20,6246,249,0,0,25.0843373493976,0,0,6246,249,0,0,0,0
"7278",2023-03-26,8,25,6246,249,0,0,25.0843373493976,0,0,6246,249,0,0,0,0
"7279",2023-03-26,8,30,6246,249,0,0,25.0843373493976,0,0,6246,249,0,0,0,0
"7280",2023-03-26,8,35,6246,249,0,0,25.0843373493976,0,0,6246,249,0,0,0,0
"7281",2023-03-26,8,40,6246,249,0,0,25.0843373493976,0,0,6246,249,0,0,0,0
"7282",2023-03-26,8,45,6246,249,0,0,25.0843373493976,0,0,6246,249,0,0,0,0
"7283",2023-03-26,8,50,6246,249,0,0,25.0843373493976,0,0,6246,249,0,0,0,0
"7284",2023-03-26,8,55,6246,249,0,0,25.0843373493976,0,0,6246,249,0,0,0,0
"7285",2023-03-26,9,0,6246,249,0,0,25.0843373493976,0,0,6246,249,0,0,0,0
"7286",2023-03-26,9,5,6246,249,0,0,25.0843373493976,0,0,6246,249,0,0,0,0
"7287",2023-03-26,9,10,6246,249,0,0,25.0843373493976,0,0,6246,249,0,0,0,0
"7288",2023-03-26,9,15,6246,249,0,0,25.0843373493976,0,0,6246,249,0,0,0,0
"7289",2023-03-26,9,20,6246,249,0,0,25.0843373493976,0,0,6246,249,0,0,0,0
"7290",2023-03-26,9,25,6246,249,0,0,25.0843373493976,0,0,6246,249,0,0,0,0
"7291",2023-03-26,9,30,6246,249,0,0,25.0843373493976,0,0,6246,249,0,0,0,0
"7292",2023-03-26,9,35,6246,249,0,0,25.0843373493976,0,0,6246,249,0,0,0,0
"7293",2023-03-26,9,40,6246,249,0,0,25.0843373493976,0,0,6246,249,0,0,0,0
"7294",2023-03-26,9,45,6246,249,0,0,25.0843373493976,0,0,6246,249,0,0,0,0
"7295",2023-03-26,9,50,6246,249,0,0,25.0843373493976,0,0,6246,249,0,0,0,0
"7296",2023-03-26,9,55,6246,249,0,0,25.0843373493976,0,0,6246,249,0,0,0,0
"7297",2023-03-26,10,0,6246,249,0,0,25.0843373493976,0,0,6246,249,0,0,0,0
"7298",2023-03-26,10,5,6246,249,0,0,25.0843373493976,0,0,6246,249,0,0,0,0
"7299",2023-03-26,10,10,6246,249,0,0,25.0843373493976,0,0,6246,249,0,0,0,0
"7300",2023-03-26,10,15,6246,249,0,0,25.0843373493976,0,0,6246,249,0,0,0,0
"7301",2023-03-26,10,20,6246,249,0,0,25.0843373493976,0,0,6246,249,0,0,0,0
"7302",2023-03-26,10,25,6246,249,0,0,25.0843373493976,0,0,6246,249,0,0,0,0
"7303",2023-03-26,10,30,6246,249,0,0,25.0843373493976,0,0,6246,249,0,0,0,0
"7304",2023-03-26,10,35,6246,249,0,0,25.0843373493976,0,0,6246,249,0,0,0,0
"7305",2023-03-26,10,40,6246,249,0,0,25.0843373493976,0,0,6246,249,0,0,0,0
"7306",2023-03-26,10,45,6246,249,0,0,25.0843373493976,0,0,6246,249,0,0,0,0
"7307",2023-03-26,10,50,6246,249,0,0,25.0843373493976,0,0,6246,249,0,0,0,0
"7308",2023-03-26,10,55,6246,249,0,0,25.0843373493976,0,0,6246,249,0,0,0,0
"7309",2023-03-26,11,0,6246,249,0,0,25.0843373493976,0,0,6246,249,0,0,0,0
"7310",2023-03-26,11,5,6246,249,0,0,25.0843373493976,0,0,6246,249,0,0,0,0
"7311",2023-03-26,11,10,6246,249,0,0,25.0843373493976,0,0,6246,249,0,0,0,0
"7312",2023-03-26,11,15,6246,249,0,0,25.0843373493976,0,0,6246,249,0,0,0,0
"7313",2023-03-26,11,20,6246,249,0,0,25.0843373493976,0,0,6246,249,0,0,0,0
"7314",2023-03-26,11,25,6246,249,0,0,25.0843373493976,0,0,6246,249,0,0,0,0
"7315",2023-03-26,11,30,6246,249,0,0,25.0843373493976,0,0,6246,249,0,0,0,0
"7316",2023-03-26,11,35,6246,249,0,0,25.0843373493976,0,0,6246,249,0,0,0,0
"7317",2023-03-26,11,40,6246,249,0,0,25.0843373493976,0,0,6246,249,0,0,0,0
"7318",2023-03-26,11,45,6246,249,0,0,25.0843373493976,0,0,6246,249,0,0,0,0
"7319",2023-03-26,11,50,6246,249,0,0,25.0843373493976,0,0,6246,249,0,0,0,0
"7320",2023-03-26,11,55,6246,249,0,0,25.0843373493976,0,0,6246,249,0,0,0,0
"7321",2023-03-26,12,0,6246,249,0,0,25.0843373493976,0,0,6246,249,0,0,0,0
"7322",2023-03-26,12,5,6246,249,0,0,25.0843373493976,0,0,6246,249,0,0,0,0
"7323",2023-03-26,12,10,6246,249,0,0,25.0843373493976,0,0,6246,249,0,0,0,0
"7324",2023-03-26,12,15,6246,249,0,0,25.0843373493976,0,0,6246,249,0,0,0,0
"7325",2023-03-26,12,20,6246,249,0,0,25.0843373493976,0,0,6246,249,0,0,0,0
"7326",2023-03-26,12,25,6246,249,0,0,25.0843373493976,0,0,6246,249,0,0,0,0
"7327",2023-03-26,12,30,6246,249,0,0,25.0843373493976,0,0,6246,249,0,0,0,0
"7328",2023-03-26,12,35,6246,249,0,0,25.0843373493976,0,0,6246,249,0,0,0,0
"7329",2023-03-26,12,40,6246,249,0,0,25.0843373493976,0,0,6246,249,0,0,0,0
"7330",2023-03-26,12,45,6246,249,0,0,25.0843373493976,0,0,6246,249,0,0,0,0
"7331",2023-03-26,12,50,6246,249,0,0,25.0843373493976,0,0,6246,249,0,0,0,0
"7332",2023-03-26,12,55,6246,249,0,0,25.0843373493976,0,0,6246,249,0,0,0,0
"7333",2023-03-26,13,0,6246,249,0,0,25.0843373493976,0,0,6246,249,0,0,0,0
"7334",2023-03-26,13,5,6246,249,0,0,25.0843373493976,0,0,6246,249,0,0,0,0
"7335",2023-03-26,13,10,6246,249,0,0,25.0843373493976,0,0,6246,249,0,0,0,0
"7336",2023-03-26,13,15,6246,249,0,0,25.0843373493976,0,0,6246,249,0,0,0,0
"7337",2023-03-26,13,20,6246,249,0,0,25.0843373493976,0,0,6246,249,0,0,0,0
"7338",2023-03-26,13,25,6246,249,0,0,25.0843373493976,0,0,6246,249,0,0,0,0
"7339",2023-03-26,13,30,6246,249,0,0,25.0843373493976,0,0,6246,249,0,0,0,0
"7340",2023-03-26,13,35,6246,249,0,0,25.0843373493976,0,0,6246,249,0,0,0,0
"7341",2023-03-26,13,40,6246,249,0,0,25.0843373493976,0,0,6246,249,0,0,0,0
"7342",2023-03-26,13,45,6246,249,0,0,25.0843373493976,0,0,6246,249,0,0,0,0
"7343",2023-03-26,13,50,6246,249,0,0,25.0843373493976,0,0,6246,249,0,0,0,0
"7344",2023-03-26,13,55,6246,249,0,0,25.0843373493976,0,0,6246,249,0,0,0,0
"7345",2023-03-26,14,0,6246,249,0,0,25.0843373493976,0,0,6246,249,0,0,0,0
"7346",2023-03-26,14,5,6246,249,0,0,25.0843373493976,0,0,6246,249,0,0,0,0
"7347",2023-03-26,14,10,6246,249,0,0,25.0843373493976,0,0,6246,249,0,0,0,0
"7348",2023-03-26,14,15,6246,249,0,0,25.0843373493976,0,0,6246,249,0,0,0,0
"7349",2023-03-26,14,20,6246,249,0,0,25.0843373493976,0,0,6246,249,0,0,0,0
"7350",2023-03-26,14,25,6246,249,0,0,25.0843373493976,0,0,6246,249,0,0,0,0
"7351",2023-03-26,14,30,6246,249,0,0,25.0843373493976,0,0,6246,249,0,0,0,0
"7352",2023-03-26,14,35,6246,249,0,0,25.0843373493976,0,0,6246,249,0,0,0,0
"7353",2023-03-26,14,40,6246,249,0,0,25.0843373493976,0,0,6246,249,0,0,0,0
"7354",2023-03-26,14,45,6246,249,0,0,25.0843373493976,0,0,6246,249,0,0,0,0
"7355",2023-03-26,14,50,6246,249,0,0,25.0843373493976,0,0,6246,249,0,0,0,0
"7356",2023-03-26,14,55,6246,249,0,0,25.0843373493976,0,0,6246,249,0,0,0,0
"7357",2023-03-26,15,0,6246,249,0,0,25.0843373493976,0,0,6246,249,0,0,0,0
"7358",2023-03-26,15,5,6246,249,0,0,25.0843373493976,0,0,6246,249,0,0,0,0
"7359",2023-03-26,15,10,6246,249,0,0,25.0843373493976,0,0,6246,249,0,0,0,0
"7360",2023-03-26,15,15,6246,249,0,0,25.0843373493976,0,0,6246,249,0,0,0,0
"7361",2023-03-26,15,20,6246,249,0,0,25.0843373493976,0,0,6246,249,0,0,0,0
"7362",2023-03-26,15,25,6246,249,0,0,25.0843373493976,0,0,6246,249,0,0,0,0
"7363",2023-03-26,15,30,6246,249,0,0,25.0843373493976,0,0,6246,249,0,0,0,0
"7364",2023-03-26,15,35,6246,249,0,0,25.0843373493976,0,0,6246,249,0,0,0,0
"7365",2023-03-26,15,40,6246,249,0,0,25.0843373493976,0,0,6246,249,0,0,0,0
"7366",2023-03-26,15,45,6246,249,0,0,25.0843373493976,0,0,6246,249,0,0,0,0
"7367",2023-03-26,15,50,6246,249,0,0,25.0843373493976,0,0,6246,249,0,0,0,0
"7368",2023-03-26,15,55,6246,249,0,0,25.0843373493976,0,0,6246,249,0,0,0,0
"7369",2023-03-26,16,0,6246,249,0,0,25.0843373493976,0,0,6246,249,0,0,0,0
"7370",2023-03-26,16,5,6246,249,0,0,25.0843373493976,0,0,6246,249,0,0,0,0
"7371",2023-03-26,16,10,6246,249,0,0,25.0843373493976,0,0,6246,249,0,0,0,0
"7372",2023-03-26,16,15,6246,249,0,0,25.0843373493976,0,0,6246,249,0,0,0,0
"7373",2023-03-26,16,20,6246,249,0,0,25.0843373493976,0,0,6246,249,0,0,0,0
"7374",2023-03-26,16,25,6246,249,0,0,25.0843373493976,0,0,6246,249,0,0,0,0
"7375",2023-03-26,16,30,6246,249,0,0,25.0843373493976,0,0,6246,249,0,0,0,0
"7376",2023-03-26,16,35,6246,249,0,0,25.0843373493976,0,0,6246,249,0,0,0,0
"7377",2023-03-26,16,40,6246,249,0,0,25.0843373493976,0,0,6246,249,0,0,0,0
"7378",2023-03-26,16,45,6246,249,0,0,25.0843373493976,0,0,6246,249,0,0,0,0
"7379",2023-03-26,16,50,6246,249,0,0,25.0843373493976,0,0,6246,249,0,0,0,0
"7380",2023-03-26,16,55,6246,249,0,0,25.0843373493976,0,0,6246,249,0,0,0,0
"7381",2023-03-26,17,0,6246,249,0,0,25.0843373493976,0,0,6246,249,0,0,0,0
"7382",2023-03-26,17,5,6246,249,0,0,25.0843373493976,0,0,6246,249,0,0,0,0
"7383",2023-03-26,17,10,6246,249,0,0,25.0843373493976,0,0,6246,249,0,0,0,0
"7384",2023-03-26,17,15,6246,249,0,0,25.0843373493976,0,0,6246,249,0,0,0,0
"7385",2023-03-26,17,20,6246,249,0,0,25.0843373493976,0,0,6246,249,0,0,0,0
"7386",2023-03-26,17,25,6246,249,0,0,25.0843373493976,0,0,6246,249,0,0,0,0
"7387",2023-03-26,17,30,6246,249,0,0,25.0843373493976,0,0,6246,249,0,0,0,0
"7388",2023-03-26,17,35,6246,249,0,0,25.0843373493976,0,0,6246,249,0,0,0,0
"7389",2023-03-26,17,40,6246,249,0,0,25.0843373493976,0,0,6246,249,0,0,0,0
"7390",2023-03-26,17,45,6246,249,0,0,25.0843373493976,0,0,6246,249,0,0,0,0
"7391",2023-03-26,17,50,6246,249,0,0,25.0843373493976,0,0,6246,249,0,0,0,0
"7392",2023-03-26,17,55,6246,249,0,0,25.0843373493976,0,0,6246,249,0,0,0,0
"7393",2023-03-26,18,0,6246,249,0,0,25.0843373493976,0,0,6246,249,0,0,0,0
"7394",2023-03-26,18,5,6246,249,0,0,25.0843373493976,0,0,6246,249,0,0,0,0
"7395",2023-03-26,18,10,6246,249,0,0,25.0843373493976,0,0,6246,249,0,0,0,0
"7396",2023-03-26,18,15,6246,249,0,0,25.0843373493976,0,0,6246,249,0,0,0,0
"7397",2023-03-26,18,20,6246,249,0,0,25.0843373493976,0,0,6246,249,0,0,0,0
"7398",2023-03-26,18,25,6246,249,0,0,25.0843373493976,0,0,6246,249,0,0,0,0
"7399",2023-03-26,18,30,6246,249,0,0,25.0843373493976,0,0,6246,249,0,0,0,0
"7400",2023-03-26,18,35,6246,249,0,0,25.0843373493976,0,0,6246,249,0,0,0,0
"7401",2023-03-26,18,40,6246,249,0,0,25.0843373493976,0,0,6246,249,0,0,0,0
"7402",2023-03-26,18,45,6246,249,0,0,25.0843373493976,0,0,6246,249,0,0,0,0
"7403",2023-03-26,18,50,6246,249,0,0,25.0843373493976,0,0,6246,249,0,0,0,0
"7404",2023-03-26,18,55,6246,249,0,0,25.0843373493976,0,0,6246,249,0,0,0,0
"7405",2023-03-26,19,0,6246,249,0,0,25.0843373493976,0,0,6246,249,0,0,0,0
"7406",2023-03-26,19,5,6246,249,0,0,25.0843373493976,0,0,6246,249,0,0,0,0
"7407",2023-03-26,19,10,6246,249,0,0,25.0843373493976,0,0,6246,249,0,0,0,0
"7408",2023-03-26,19,15,6246,249,0,0,25.0843373493976,0,0,6246,249,0,0,0,0
"7409",2023-03-26,19,20,6246,249,0,0,25.0843373493976,0,0,6246,249,0,0,0,0
"7410",2023-03-26,19,25,6246,249,0,0,25.0843373493976,0,0,6246,249,0,0,0,0
"7411",2023-03-26,19,30,6246,249,0,0,25.0843373493976,0,0,6246,249,0,0,0,0
"7412",2023-03-26,19,35,6246,249,0,0,25.0843373493976,0,0,6246,249,0,0,0,0
"7413",2023-03-26,19,40,6246,249,0,0,25.0843373493976,0,0,6246,249,0,0,0,0
"7414",2023-03-26,19,45,6246,249,0,0,25.0843373493976,0,0,6246,249,0,0,0,0
"7415",2023-03-26,19,50,6246,249,0,0,25.0843373493976,0,0,6246,249,0,0,0,0
"7416",2023-03-26,19,55,6246,249,0,0,25.0843373493976,0,0,6246,249,0,0,0,0
"7417",2023-03-26,20,0,6246,249,0,0,25.0843373493976,0,0,6246,249,0,0,0,0
"7418",2023-03-26,20,5,6246,249,0,0,25.0843373493976,0,0,6246,249,0,0,0,0
"7419",2023-03-26,20,10,6246,249,0,0,25.0843373493976,0,0,6246,249,0,0,0,0
"7420",2023-03-26,20,15,6246,249,0,0,25.0843373493976,0,0,6246,249,0,0,0,0
"7421",2023-03-26,20,20,6246,249,0,0,25.0843373493976,0,0,6246,249,0,0,0,0
"7422",2023-03-26,20,25,6246,249,0,0,25.0843373493976,0,0,6246,249,0,0,0,0
"7423",2023-03-26,20,30,6246,249,0,0,25.0843373493976,0,0,6246,249,0,0,0,0
"7424",2023-03-26,20,35,6246,249,0,0,25.0843373493976,0,0,6246,249,0,0,0,0
"7425",2023-03-26,20,40,6246,249,0,0,25.0843373493976,0,0,6246,249,0,0,0,0
"7426",2023-03-26,20,45,6246,249,0,0,25.0843373493976,0,0,6246,249,0,0,0,0
"7427",2023-03-26,20,50,6246,249,0,0,25.0843373493976,0,0,6246,249,0,0,0,0
"7428",2023-03-26,20,55,6246,249,0,0,25.0843373493976,0,0,6246,249,0,0,0,0
"7429",2023-03-26,21,0,6246,249,0,0,25.0843373493976,0,0,6246,249,0,0,0,0
"7430",2023-03-26,21,5,6246,249,0,0,25.0843373493976,0,0,6246,249,0,0,0,0
"7431",2023-03-26,21,10,6246,249,0,0,25.0843373493976,0,0,6246,249,0,0,0,0
"7432",2023-03-26,21,15,6246,249,0,0,25.0843373493976,0,0,6246,249,0,0,0,0
"7433",2023-03-26,21,20,6246,249,0,0,25.0843373493976,0,0,6246,249,0,0,0,0
"7434",2023-03-26,21,25,6246,249,0,0,25.0843373493976,0,0,6246,249,0,0,0,0
"7435",2023-03-26,21,30,6246,249,0,0,25.0843373493976,0,0,6246,249,0,0,0,0
"7436",2023-03-26,21,35,6246,249,0,0,25.0843373493976,0,0,6246,249,0,0,0,0
"7437",2023-03-26,21,40,6246,249,0,0,25.0843373493976,0,0,6246,249,0,0,0,0
"7438",2023-03-26,21,45,6246,249,0,0,25.0843373493976,0,0,6246,249,0,0,0,0
"7439",2023-03-26,21,50,6246,249,0,0,25.0843373493976,0,0,6246,249,0,0,0,0
"7440",2023-03-26,21,55,6246,249,0,0,25.0843373493976,0,0,6246,249,0,0,0,0
"7441",2023-03-26,22,0,6246,249,0,0,25.0843373493976,0,0,6246,249,0,0,0,0
"7442",2023-03-26,22,5,6246,249,0,0,25.0843373493976,0,0,6246,249,0,0,0,0
"7443",2023-03-26,22,10,6246,249,0,0,25.0843373493976,0,0,6246,249,0,0,0,0
"7444",2023-03-26,22,15,6246,249,0,0,25.0843373493976,0,0,6246,249,0,0,0,0
"7445",2023-03-26,22,20,6246,249,0,0,25.0843373493976,0,0,6246,249,0,0,0,0
"7446",2023-03-26,22,25,6246,249,0,0,25.0843373493976,0,0,6246,249,0,0,0,0
"7447",2023-03-26,22,30,6246,249,0,0,25.0843373493976,0,0,6246,249,0,0,0,0
"7448",2023-03-26,22,35,6246,249,0,0,25.0843373493976,0,0,6246,249,0,0,0,0
"7449",2023-03-26,22,40,6246,249,0,0,25.0843373493976,0,0,6246,249,0,0,0,0
"7450",2023-03-26,22,45,6246,249,0,0,25.0843373493976,0,0,6246,249,0,0,0,0
"7451",2023-03-26,22,50,6246,249,0,0,25.0843373493976,0,0,6246,249,0,0,0,0
"7452",2023-03-26,22,55,6246,249,0,0,25.0843373493976,0,0,6246,249,0,0,0,0
"7453",2023-03-26,23,0,6246,249,0,0,25.0843373493976,0,0,6246,249,0,0,0,0
"7454",2023-03-26,23,5,6246,249,0,0,25.0843373493976,0,0,6246,249,0,0,0,0
"7455",2023-03-26,23,10,6246,249,0,0,25.0843373493976,0,0,6246,249,0,0,0,0
"7456",2023-03-26,23,15,6246,249,0,0,25.0843373493976,0,0,6246,249,0,0,0,0
"7457",2023-03-26,23,20,6246,249,0,0,25.0843373493976,0,0,6246,249,0,0,0,0
"7458",2023-03-26,23,25,6246,249,0,0,25.0843373493976,0,0,6246,249,0,0,0,0
"7459",2023-03-26,23,30,6246,249,0,0,25.0843373493976,0,0,6246,249,0,0,0,0
"7460",2023-03-26,23,35,6246,249,0,0,25.0843373493976,0,0,6246,249,0,0,0,0
"7461",2023-03-26,23,40,6246,249,0,0,25.0843373493976,0,0,6246,249,0,0,0,0
"7462",2023-03-26,23,45,6246,249,0,0,25.0843373493976,0,0,6246,249,0,0,0,0
"7463",2023-03-26,23,50,6246,249,0,0,25.0843373493976,0,0,6246,249,0,0,0,0
"7464",2023-03-26,23,55,6246,249,0,0,25.0843373493976,0,0,6246,249,0,0,0,0
"7465",2023-03-27,0,0,3713,178,0,0,21.6781609195402,0,0,3772,178,0,0,0,0
"7466",2023-03-27,0,5,3691,177,0,0,21.6781609195402,0,0,3772,178,0,0,0,0
"7467",2023-03-27,0,10,3669,176,0,0,21.6781609195402,0,0,3772,178,0,0,0,0
"7468",2023-03-27,0,15,3616,173,0,0,21.6781609195402,0,0,3772,178,0,0,0,0
"7469",2023-03-27,0,20,3466,172,0,0,21.6781609195402,0,0,3772,178,0,0,0,0
"7470",2023-03-27,0,25,3499,174,0,0,21.6781609195402,0,0,3772,178,0,0,0,0
"7471",2023-03-27,0,30,3455,172,0,0,21.6781609195402,0,0,3772,178,0,0,0,0
"7472",2023-03-27,0,35,3466,173,0,0,21.6781609195402,0,0,3772,178,0,0,0,0
"7473",2023-03-27,0,40,3466,173,0,0,21.6781609195402,0,0,3772,178,0,0,0,0
"7474",2023-03-27,0,45,3505,174,0,0,21.6781609195402,0,0,3772,178,0,0,0,0
"7475",2023-03-27,0,50,3494,174,0,0,21.6781609195402,0,0,3772,178,0,0,0,0
"7476",2023-03-27,0,55,3772,174,0,0,21.6781609195402,0,0,3772,178,0,0,0,0
"7477",2023-03-27,1,0,3832,175,0,0,21.8971428571429,0,0,3832,175,0,0,0,0
"7478",2023-03-27,1,5,3694,170,0,0,21.8971428571429,0,0,3832,175,0,0,0,0
"7479",2023-03-27,1,10,3672,169,0,0,21.8971428571429,0,0,3832,175,0,0,0,0
"7480",2023-03-27,1,15,3661,168,0,0,21.8971428571429,0,0,3832,175,0,0,0,0
"7481",2023-03-27,1,20,3579,166,0,0,21.8971428571429,0,0,3832,175,0,0,0,0
"7482",2023-03-27,1,25,3579,166,0,0,21.8971428571429,0,0,3832,175,0,0,0,0
"7483",2023-03-27,1,30,3579,166,0,0,21.8971428571429,0,0,3832,175,0,0,0,0
"7484",2023-03-27,1,35,3257,164,0,0,21.8971428571429,0,0,3832,175,0,0,0,0
"7485",2023-03-27,1,40,3257,164,0,0,21.8971428571429,0,0,3832,175,0,0,0,0
"7486",2023-03-27,1,45,3257,164,0,0,21.8971428571429,0,0,3832,175,0,0,0,0
"7487",2023-03-27,1,50,3279,165,0,0,21.8971428571429,0,0,3832,175,0,0,0,0
"7488",2023-03-27,1,55,3557,165,0,0,21.8971428571429,0,0,3832,175,0,0,0,0
"7489",2023-03-27,2,0,6246,249,0,0,25.0843373493976,0,0,6246,249,0,0,0,0
"7490",2023-03-27,2,5,6246,249,0,0,25.0843373493976,0,0,6246,249,0,0,0,0
"7491",2023-03-27,2,10,6246,249,0,0,25.0843373493976,0,0,6246,249,0,0,0,0
"7492",2023-03-27,2,15,6246,249,0,0,25.0843373493976,0,0,6246,249,0,0,0,0
"7493",2023-03-27,2,20,6246,249,0,0,25.0843373493976,0,0,6246,249,0,0,0,0
"7494",2023-03-27,2,25,6246,249,0,0,25.0843373493976,0,0,6246,249,0,0,0,0
"7495",2023-03-27,2,30,6246,249,0,0,25.0843373493976,0,0,6246,249,0,0,0,0
"7496",2023-03-27,2,35,6246,249,0,0,25.0843373493976,0,0,6246,249,0,0,0,0
"7497",2023-03-27,2,40,6246,249,0,0,25.0843373493976,0,0,6246,249,0,0,0,0
"7498",2023-03-27,2,45,6246,249,0,0,25.0843373493976,0,0,6246,249,0,0,0,0
"7499",2023-03-27,2,50,6246,249,0,0,25.0843373493976,0,0,6246,249,0,0,0,0
"7500",2023-03-27,2,55,6246,249,0,0,25.0843373493976,0,0,6246,249,0,0,0,0
"7501",2023-03-27,3,0,6246,249,0,0,25.0843373493976,0,0,6246,249,0,0,0,0
"7502",2023-03-27,3,5,6246,249,0,0,25.0843373493976,0,0,6246,249,0,0,0,0
"7503",2023-03-27,3,10,6246,249,0,0,25.0843373493976,0,0,6246,249,0,0,0,0
"7504",2023-03-27,3,15,6246,249,0,0,25.0843373493976,0,0,6246,249,0,0,0,0
"7505",2023-03-27,3,20,6246,249,0,0,25.0843373493976,0,0,6246,249,0,0,0,0
"7506",2023-03-27,3,25,6246,249,0,0,25.0843373493976,0,0,6246,249,0,0,0,0
"7507",2023-03-27,3,30,6246,249,0,0,25.0843373493976,0,0,6246,249,0,0,0,0
"7508",2023-03-27,3,35,6246,249,0,0,25.0843373493976,0,0,6246,249,0,0,0,0
"7509",2023-03-27,3,40,6246,249,0,0,25.0843373493976,0,0,6246,249,0,0,0,0
"7510",2023-03-27,3,45,6246,249,0,0,25.0843373493976,0,0,6246,249,0,0,0,0
"7511",2023-03-27,3,50,6246,249,0,0,25.0843373493976,0,0,6246,249,0,0,0,0
"7512",2023-03-27,3,55,6246,249,0,0,25.0843373493976,0,0,6246,249,0,0,0,0
"7513",2023-03-27,4,0,6246,249,0,0,25.0843373493976,0,0,6246,249,0,0,0,0
"7514",2023-03-27,4,5,6246,249,0,0,25.0843373493976,0,0,6246,249,0,0,0,0
"7515",2023-03-27,4,10,6246,249,0,0,25.0843373493976,0,0,6246,249,0,0,0,0
"7516",2023-03-27,4,15,6246,249,0,0,25.0843373493976,0,0,6246,249,0,0,0,0
"7517",2023-03-27,4,20,6246,249,0,0,25.0843373493976,0,0,6246,249,0,0,0,0
"7518",2023-03-27,4,25,6246,249,0,0,25.0843373493976,0,0,6246,249,0,0,0,0
"7519",2023-03-27,4,30,6246,249,0,0,25.0843373493976,0,0,6246,249,0,0,0,0
"7520",2023-03-27,4,35,6246,249,0,0,25.0843373493976,0,0,6246,249,0,0,0,0
"7521",2023-03-27,4,40,6246,249,0,0,25.0843373493976,0,0,6246,249,0,0,0,0
"7522",2023-03-27,4,45,6246,249,0,0,25.0843373493976,0,0,6246,249,0,0,0,0
"7523",2023-03-27,4,50,6246,249,0,0,25.0843373493976,0,0,6246,249,0,0,0,0
"7524",2023-03-27,4,55,6246,249,0,0,25.0843373493976,0,0,6246,249,0,0,0,0
"7525",2023-03-27,5,0,6246,249,0,0,25.0843373493976,0,0,6246,249,0,0,0,0
"7526",2023-03-27,5,5,6246,249,0,0,25.0843373493976,0,0,6246,249,0,0,0,0
"7527",2023-03-27,5,10,6246,249,0,0,25.0843373493976,0,0,6246,249,0,0,0,0
"7528",2023-03-27,5,15,6246,249,0,0,25.0843373493976,0,0,6246,249,0,0,0,0
"7529",2023-03-27,5,20,6246,249,0,0,25.0843373493976,0,0,6246,249,0,0,0,0
"7530",2023-03-27,5,25,6246,249,0,0,25.0843373493976,0,0,6246,249,0,0,0,0
"7531",2023-03-27,5,30,6246,249,0,0,25.0843373493976,0,0,6246,249,0,0,0,0
"7532",2023-03-27,5,35,6246,249,0,0,25.0843373493976,0,0,6246,249,0,0,0,0
"7533",2023-03-27,5,40,6246,249,0,0,25.0843373493976,0,0,6246,249,0,0,0,0
"7534",2023-03-27,5,45,6246,249,0,0,25.0843373493976,0,0,6246,249,0,0,0,0
"7535",2023-03-27,5,50,6246,249,0,0,25.0843373493976,0,0,6246,249,0,0,0,0
"7536",2023-03-27,5,55,6246,249,0,0,25.0843373493976,0,0,6246,249,0,0,0,0
"7537",2023-03-27,6,0,6246,249,0,0,25.0843373493976,0,0,6246,249,0,0,0,0
"7538",2023-03-27,6,5,6246,249,0,0,25.0843373493976,0,0,6246,249,0,0,0,0
"7539",2023-03-27,6,10,6246,249,0,0,25.0843373493976,0,0,6246,249,0,0,0,0
"7540",2023-03-27,6,15,6246,249,0,0,25.0843373493976,0,0,6246,249,0,0,0,0
"7541",2023-03-27,6,20,6246,249,0,0,25.0843373493976,0,0,6246,249,0,0,0,0
"7542",2023-03-27,6,25,6246,249,0,0,25.0843373493976,0,0,6246,249,0,0,0,0
"7543",2023-03-27,6,30,6246,249,0,0,25.0843373493976,0,0,6246,249,0,0,0,0
"7544",2023-03-27,6,35,6246,249,0,0,25.0843373493976,0,0,6246,249,0,0,0,0
"7545",2023-03-27,6,40,6246,249,0,0,25.0843373493976,0,0,6246,249,0,0,0,0
"7546",2023-03-27,6,45,6246,249,0,0,25.0843373493976,0,0,6246,249,0,0,0,0
"7547",2023-03-27,6,50,6246,249,0,0,25.0843373493976,0,0,6246,249,0,0,0,0
"7548",2023-03-27,6,55,6246,249,0,0,25.0843373493976,0,0,6246,249,0,0,0,0
"7549",2023-03-27,7,0,6246,249,0,0,25.0843373493976,0,0,6246,249,0,0,0,0
"7550",2023-03-27,7,5,6246,249,0,0,25.0843373493976,0,0,6246,249,0,0,0,0
"7551",2023-03-27,7,10,6246,249,0,0,25.0843373493976,0,0,6246,249,0,0,0,0
"7552",2023-03-27,7,15,6246,249,0,0,25.0843373493976,0,0,6246,249,0,0,0,0
"7553",2023-03-27,7,20,6246,249,0,0,25.0843373493976,0,0,6246,249,0,0,0,0
"7554",2023-03-27,7,25,6246,249,0,0,25.0843373493976,0,0,6246,249,0,0,0,0
"7555",2023-03-27,7,30,6246,249,0,0,25.0843373493976,0,0,6246,249,0,0,0,0
"7556",2023-03-27,7,35,6246,249,0,0,25.0843373493976,0,0,6246,249,0,0,0,0
"7557",2023-03-27,7,40,6246,249,0,0,25.0843373493976,0,0,6246,249,0,0,0,0
"7558",2023-03-27,7,45,6246,249,0,0,25.0843373493976,0,0,6246,249,0,0,0,0
"7559",2023-03-27,7,50,6246,249,0,0,25.0843373493976,0,0,6246,249,0,0,0,0
"7560",2023-03-27,7,55,6246,249,0,0,25.0843373493976,0,0,6246,249,0,0,0,0
"7561",2023-03-27,8,0,6246,249,0,0,25.0843373493976,0,0,6246,249,0,0,0,0
"7562",2023-03-27,8,5,6246,249,0,0,25.0843373493976,0,0,6246,249,0,0,0,0
"7563",2023-03-27,8,10,6246,249,0,0,25.0843373493976,0,0,6246,249,0,0,0,0
"7564",2023-03-27,8,15,6246,249,0,0,25.0843373493976,0,0,6246,249,0,0,0,0
"7565",2023-03-27,8,20,6246,249,0,0,25.0843373493976,0,0,6246,249,0,0,0,0
"7566",2023-03-27,8,25,6246,249,0,0,25.0843373493976,0,0,6246,249,0,0,0,0
"7567",2023-03-27,8,30,6246,249,0,0,25.0843373493976,0,0,6246,249,0,0,0,0
"7568",2023-03-27,8,35,6246,249,0,0,25.0843373493976,0,0,6246,249,0,0,0,0
"7569",2023-03-27,8,40,6246,249,0,0,25.0843373493976,0,0,6246,249,0,0,0,0
"7570",2023-03-27,8,45,6246,249,0,0,25.0843373493976,0,0,6246,249,0,0,0,0
"7571",2023-03-27,8,50,6246,249,0,0,25.0843373493976,0,0,6246,249,0,0,0,0
"7572",2023-03-27,8,55,6246,249,0,0,25.0843373493976,0,0,6246,249,0,0,0,0
"7573",2023-03-27,9,0,6246,249,0,0,25.0843373493976,0,0,6246,249,0,0,0,0
"7574",2023-03-27,9,5,6246,249,0,0,25.0843373493976,0,0,6246,249,0,0,0,0
"7575",2023-03-27,9,10,6246,249,0,0,25.0843373493976,0,0,6246,249,0,0,0,0
"7576",2023-03-27,9,15,6246,249,0,0,25.0843373493976,0,0,6246,249,0,0,0,0
"7577",2023-03-27,9,20,6246,249,0,0,25.0843373493976,0,0,6246,249,0,0,0,0
"7578",2023-03-27,9,25,6246,249,0,0,25.0843373493976,0,0,6246,249,0,0,0,0
"7579",2023-03-27,9,30,6246,249,0,0,25.0843373493976,0,0,6246,249,0,0,0,0
"7580",2023-03-27,9,35,6246,249,0,0,25.0843373493976,0,0,6246,249,0,0,0,0
"7581",2023-03-27,9,40,6246,249,0,0,25.0843373493976,0,0,6246,249,0,0,0,0
"7582",2023-03-27,9,45,6246,249,0,0,25.0843373493976,0,0,6246,249,0,0,0,0
"7583",2023-03-27,9,50,6246,249,0,0,25.0843373493976,0,0,6246,249,0,0,0,0
"7584",2023-03-27,9,55,6246,249,0,0,25.0843373493976,0,0,6246,249,0,0,0,0
"7585",2023-03-27,10,0,6246,249,0,0,25.0843373493976,0,0,6246,249,0,0,0,0
"7586",2023-03-27,10,5,6246,249,0,0,25.0843373493976,0,0,6246,249,0,0,0,0
"7587",2023-03-27,10,10,6246,249,0,0,25.0843373493976,0,0,6246,249,0,0,0,0
"7588",2023-03-27,10,15,6246,249,0,0,25.0843373493976,0,0,6246,249,0,0,0,0
"7589",2023-03-27,10,20,6246,249,0,0,25.0843373493976,0,0,6246,249,0,0,0,0
"7590",2023-03-27,10,25,6246,249,0,0,25.0843373493976,0,0,6246,249,0,0,0,0
"7591",2023-03-27,10,30,6246,249,0,0,25.0843373493976,0,0,6246,249,0,0,0,0
"7592",2023-03-27,10,35,6246,249,0,0,25.0843373493976,0,0,6246,249,0,0,0,0
"7593",2023-03-27,10,40,6246,249,0,0,25.0843373493976,0,0,6246,249,0,0,0,0
"7594",2023-03-27,10,45,6246,249,0,0,25.0843373493976,0,0,6246,249,0,0,0,0
"7595",2023-03-27,10,50,6246,249,0,0,25.0843373493976,0,0,6246,249,0,0,0,0
"7596",2023-03-27,10,55,6246,249,0,0,25.0843373493976,0,0,6246,249,0,0,0,0
"7597",2023-03-27,11,0,6246,249,0,0,25.0843373493976,0,0,6564,279,0,0,0,0
"7598",2023-03-27,11,5,6024,278,0,0,25.0843373493976,0,0,6564,279,0,0,0,0
"7599",2023-03-27,11,10,6035,279,0,0,25.0843373493976,0,0,6564,279,0,0,0,0
"7600",2023-03-27,11,15,5953,277,0,0,25.0843373493976,0,0,6564,279,0,0,0,0
"7601",2023-03-27,11,20,5803,276,0,0,25.0843373493976,0,0,6564,279,0,0,0,0
"7602",2023-03-27,11,25,6370,276,0,0,25.0843373493976,0,0,6564,279,0,0,0,0
"7603",2023-03-27,11,30,6564,279,0,0,25.0843373493976,0,0,6564,279,0,0,0,0
"7604",2023-03-27,11,35,5819,279,0,0,25.0843373493976,0,0,6564,279,0,0,0,0
"7605",2023-03-27,11,40,5818,278,0,0,25.0843373493976,0,0,6564,279,0,0,0,0
"7606",2023-03-27,11,45,5824,276,0,0,25.0843373493976,0,0,6564,279,0,0,0,0
"7607",2023-03-27,11,50,5841,275,0,0,25.0843373493976,0,0,6564,279,0,0,0,0
"7608",2023-03-27,11,55,5876,277,0,0,25.0843373493976,0,0,6564,279,0,0,0,0
"7609",2023-03-27,12,0,5876,277,0,0,21.7854545454545,0,0,6046,278,0,0,0,0
"7610",2023-03-27,12,5,5847,276,0,0,21.7854545454545,0,0,6046,278,0,0,0,0
"7611",2023-03-27,12,10,5869,277,0,0,21.7854545454545,0,0,6046,278,0,0,0,0
"7612",2023-03-27,12,15,5525,274,0,0,21.7854545454545,0,0,6046,278,0,0,0,0
"7613",2023-03-27,12,20,5601,273,0,0,21.7854545454545,0,0,6046,278,0,0,0,0
"7614",2023-03-27,12,25,5873,278,0,0,21.7854545454545,0,0,6046,278,0,0,0,0
"7615",2023-03-27,12,30,5952,278,0,0,21.7854545454545,0,0,6046,278,0,0,0,0
"7616",2023-03-27,12,35,6000,277,0,0,21.7854545454545,0,0,6046,278,0,0,0,0
"7617",2023-03-27,12,40,5760,276,0,0,21.7854545454545,0,0,6046,278,0,0,0,0
"7618",2023-03-27,12,45,5620,278,0,0,21.7854545454545,0,0,6046,278,0,0,0,0
"7619",2023-03-27,12,50,6046,278,0,0,21.7854545454545,0,0,6046,278,0,0,0,0
"7620",2023-03-27,12,55,5991,275,0,0,21.7854545454545,0,0,6046,278,0,0,0,0
"7621",2023-03-27,13,0,5958,274,0,0,21.7445255474453,0,0,5958,274,0,0,0,0
"7622",2023-03-27,13,5,5930,274,0,0,21.7445255474453,0,0,5958,274,0,0,0,0
"7623",2023-03-27,13,10,5769,273,0,0,21.7445255474453,0,0,5958,274,0,0,0,0
"7624",2023-03-27,13,15,5725,271,0,0,21.7445255474453,0,0,5958,274,0,0,0,0
"7625",2023-03-27,13,20,5725,271,0,0,21.7445255474453,0,0,5958,274,0,0,0,0
"7626",2023-03-27,13,25,5481,266,0,0,21.7445255474453,0,0,5958,274,0,0,0,0
"7627",2023-03-27,13,30,5601,268,0,0,21.7445255474453,0,0,5958,274,0,0,0,0
"7628",2023-03-27,13,35,5131,261,0,0,21.7445255474453,0,0,5958,274,0,0,0,0
"7629",2023-03-27,13,40,5240,258,0,0,21.7445255474453,0,0,5958,274,0,0,0,0
"7630",2023-03-27,13,45,4763,230,0,0,21.7445255474453,0,0,5958,274,0,0,0,0
"7631",2023-03-27,13,50,5357,258,0,0,21.7445255474453,0,0,5958,274,0,0,0,0
"7632",2023-03-27,13,55,5269,252,0,0,21.7445255474453,0,0,5958,274,0,0,0,0
"7633",2023-03-27,14,0,5105,248,0,0,25.1930501930502,0,0,6525,259,0,0,0,0
"7634",2023-03-27,14,5,4927,245,0,0,25.1930501930502,0,0,6525,259,0,0,0,0
"7635",2023-03-27,14,10,4993,248,0,0,25.1930501930502,0,0,6525,259,0,0,0,0
"7636",2023-03-27,14,15,5006,250,0,0,25.1930501930502,0,0,6525,259,0,0,0,0
"7637",2023-03-27,14,20,5475,252,0,0,25.1930501930502,0,0,6525,259,0,0,0,0
"7638",2023-03-27,14,25,5084,249,0,0,25.1930501930502,0,0,6525,259,0,0,0,0
"7639",2023-03-27,14,30,5414,251,0,0,25.1930501930502,0,0,6525,259,0,0,0,0
"7640",2023-03-27,14,35,5692,251,0,0,25.1930501930502,0,0,6525,259,0,0,0,0
"7641",2023-03-27,14,40,5955,255,0,0,25.1930501930502,0,0,6525,259,0,0,0,0
"7642",2023-03-27,14,45,6525,259,0,0,25.1930501930502,0,0,6525,259,0,0,0,0
"7643",2023-03-27,14,50,6141,256,0,0,25.1930501930502,0,0,6525,259,0,0,0,0
"7644",2023-03-27,14,55,5806,256,0,0,25.1930501930502,0,0,6525,259,0,0,0,0
"7645",2023-03-27,15,10,5253,253,0,0,22.591439688716,0,0,5806,278,0,0,0,0
"7646",2023-03-27,15,15,5419,257,0,0,22.591439688716,0,0,5806,278,0,0,0,0
"7647",2023-03-27,15,20,5430,259,0,0,22.591439688716,0,0,5806,278,0,0,0,0
"7648",2023-03-27,15,25,5580,265,0,0,22.591439688716,0,0,5806,278,0,0,0,0
"7649",2023-03-27,15,30,5569,265,0,0,22.591439688716,0,0,5806,278,0,0,0,0
"7650",2023-03-27,15,35,5366,268,0,0,22.591439688716,0,0,5806,278,0,0,0,0
"7651",2023-03-27,15,40,5366,268,0,0,22.591439688716,0,0,5806,278,0,0,0,0
"7652",2023-03-27,15,45,5410,271,0,0,22.591439688716,0,0,5806,278,0,0,0,0
"7653",2023-03-27,15,50,5520,276,0,0,22.591439688716,0,0,5806,278,0,0,0,0
"7654",2023-03-27,15,55,5553,278,0,0,22.591439688716,0,0,5806,278,0,0,0,0
"7655",2023-03-27,15,0,5806,257,0,0,22.591439688716,0,0,5806,278,0,0,0,0
"7656",2023-03-27,15,5,5239,250,0,0,22.591439688716,0,0,5806,278,0,0,0,0
"7657",2023-03-27,16,0,5902,279,0,0,23.7735191637631,0,0,6867,289,0,0,0,0
"7658",2023-03-27,16,5,5880,278,0,0,23.7735191637631,0,0,6867,289,0,0,0,0
"7659",2023-03-27,16,10,5902,279,0,0,23.7735191637631,0,0,6867,289,0,0,0,0
"7660",2023-03-27,16,15,6056,287,0,0,23.7735191637631,0,0,6867,289,0,0,0,0
"7661",2023-03-27,16,20,5950,288,0,0,23.7735191637631,0,0,6867,289,0,0,0,0
"7662",2023-03-27,16,25,5906,286,0,0,23.7735191637631,0,0,6867,289,0,0,0,0
"7663",2023-03-27,16,30,6329,285,0,0,23.7735191637631,0,0,6867,289,0,0,0,0
"7664",2023-03-27,16,35,6264,286,0,0,23.7735191637631,0,0,6867,289,0,0,0,0
"7665",2023-03-27,16,40,6319,289,0,0,23.7735191637631,0,0,6867,289,0,0,0,0
"7666",2023-03-27,16,45,6695,288,0,0,23.7735191637631,0,0,6867,289,0,0,0,0
"7667",2023-03-27,16,50,6867,289,0,0,23.7735191637631,0,0,6867,289,0,0,0,0
"7668",2023-03-27,16,55,6823,287,0,0,23.7735191637631,0,0,6867,289,0,0,0,0
"7669",2023-03-27,17,0,6379,287,0,0,24.0862068965517,0,0,6985,290,0,0,0,0
"7670",2023-03-27,17,5,6985,290,0,0,24.0862068965517,0,0,6985,290,0,0,0,0
"7671",2023-03-27,17,10,6581,287,0,0,24.0862068965517,0,0,6985,290,0,0,0,0
"7672",2023-03-27,17,15,6501,288,0,0,24.0862068965517,0,0,6985,290,0,0,0,0
"7673",2023-03-27,17,20,6223,288,0,0,24.0862068965517,0,0,6985,290,0,0,0,0
"7674",2023-03-27,17,25,5940,286,0,0,24.0862068965517,0,0,6985,290,0,0,0,0
"7675",2023-03-27,17,30,5609,279,0,0,24.0862068965517,0,0,6985,290,0,0,0,0
"7676",2023-03-27,17,35,5488,273,0,0,24.0862068965517,0,0,6985,290,0,0,0,0
"7677",2023-03-27,17,40,5446,271,0,0,24.0862068965517,0,0,6985,290,0,0,0,0
"7678",2023-03-27,17,45,5501,273,0,0,24.0862068965517,0,0,6985,290,0,0,0,0
"7679",2023-03-27,17,50,5429,274,0,0,24.0862068965517,0,0,6985,290,0,0,0,0
"7680",2023-03-27,17,55,5898,275,0,0,24.0862068965517,0,0,6985,290,0,0,0,0
"7681",2023-03-27,18,0,6026,276,0,0,25.0581818181818,0,0,6891,279,0,0,0,0
"7682",2023-03-27,18,5,6288,279,0,0,25.0581818181818,0,0,6891,279,0,0,0,0
"7683",2023-03-27,18,10,6566,279,0,0,25.0581818181818,0,0,6891,279,0,0,0,0
"7684",2023-03-27,18,15,6891,275,0,0,25.0581818181818,0,0,6891,279,0,0,0,0
"7685",2023-03-27,18,20,6464,269,0,0,25.0581818181818,0,0,6891,279,0,0,0,0
"7686",2023-03-27,18,25,6349,266,0,0,25.0581818181818,0,0,6891,279,0,0,0,0
"7687",2023-03-27,18,30,6333,265,0,0,25.0581818181818,0,0,6891,279,0,0,0,0
"7688",2023-03-27,18,35,6368,265,0,0,25.0581818181818,0,0,6891,279,0,0,0,0
"7689",2023-03-27,18,40,6112,265,0,0,25.0581818181818,0,0,6891,279,0,0,0,0
"7690",2023-03-27,18,45,6031,261,0,0,25.0581818181818,0,0,6891,279,0,0,0,0
"7691",2023-03-27,18,50,5806,259,0,0,25.0581818181818,0,0,6891,279,0,0,0,0
"7692",2023-03-27,18,55,5112,250,0,0,25.0581818181818,0,0,6891,279,0,0,0,0
"7693",2023-03-27,19,0,5045,246,0,0,22.6222222222222,0,0,5235,246,0,0,0,0
"7694",2023-03-27,19,5,5045,246,0,0,22.6222222222222,0,0,5235,246,0,0,0,0
"7695",2023-03-27,19,10,5235,242,0,0,22.6222222222222,0,0,5235,246,0,0,0,0
"7696",2023-03-27,19,15,4749,237,0,0,22.6222222222222,0,0,5235,246,0,0,0,0
"7697",2023-03-27,19,20,4716,235,0,0,22.6222222222222,0,0,5235,246,0,0,0,0
"7698",2023-03-27,19,25,4789,231,0,0,22.6222222222222,0,0,5235,246,0,0,0,0
"7699",2023-03-27,19,30,4691,231,0,0,22.6222222222222,0,0,5235,246,0,0,0,0
"7700",2023-03-27,19,35,4712,225,0,0,22.6222222222222,0,0,5235,246,0,0,0,0
"7701",2023-03-27,19,40,4946,223,0,0,22.6222222222222,0,0,5235,246,0,0,0,0
"7702",2023-03-27,19,45,5090,225,0,0,22.6222222222222,0,0,5235,246,0,0,0,0
"7703",2023-03-27,19,50,4641,218,0,0,22.6222222222222,0,0,5235,246,0,0,0,0
"7704",2023-03-27,19,55,4695,215,0,0,22.6222222222222,0,0,5235,246,0,0,0,0
"7705",2023-03-27,20,0,5045,217,0,0,23.4615384615385,0,0,5045,217,0,0,0,0
"7706",2023-03-27,20,5,4902,209,0,0,23.4615384615385,0,0,5045,217,0,0,0,0
"7707",2023-03-27,20,10,4880,208,0,0,23.4615384615385,0,0,5045,217,0,0,0,0
"7708",2023-03-27,20,15,4592,206,0,0,23.4615384615385,0,0,5045,217,0,0,0,0
"7709",2023-03-27,20,20,4493,201,0,0,23.4615384615385,0,0,5045,217,0,0,0,0
"7710",2023-03-27,20,25,4537,203,0,0,23.4615384615385,0,0,5045,217,0,0,0,0
"7711",2023-03-27,20,30,4677,204,0,0,23.4615384615385,0,0,5045,217,0,0,0,0
"7712",2023-03-27,20,35,4622,201,0,0,23.4615384615385,0,0,5045,217,0,0,0,0
"7713",2023-03-27,20,40,4117,198,0,0,23.4615384615385,0,0,5045,217,0,0,0,0
"7714",2023-03-27,20,45,4095,196,0,0,23.4615384615385,0,0,5045,217,0,0,0,0
"7715",2023-03-27,20,50,4302,196,0,0,23.4615384615385,0,0,5045,217,0,0,0,0
"7716",2023-03-27,20,55,4346,198,0,0,23.4615384615385,0,0,5045,217,0,0,0,0
"7717",2023-03-27,21,0,4772,201,0,0,25.0095238095238,0,0,5252,210,0,0,0,0
"7718",2023-03-27,21,5,4805,203,0,0,25.0095238095238,0,0,5252,210,0,0,0,0
"7719",2023-03-27,21,10,5132,209,0,0,25.0095238095238,0,0,5252,210,0,0,0,0
"7720",2023-03-27,21,15,5252,210,0,0,25.0095238095238,0,0,5252,210,0,0,0,0
"7721",2023-03-27,21,20,5025,209,0,0,25.0095238095238,0,0,5252,210,0,0,0,0
"7722",2023-03-27,21,25,5114,209,0,0,25.0095238095238,0,0,5252,210,0,0,0,0
"7723",2023-03-27,21,30,4649,203,0,0,25.0095238095238,0,0,5252,210,0,0,0,0
"7724",2023-03-27,21,35,4887,203,0,0,25.0095238095238,0,0,5252,210,0,0,0,0
"7725",2023-03-27,21,40,4740,203,0,0,25.0095238095238,0,0,5252,210,0,0,0,0
"7726",2023-03-27,21,45,4772,199,0,0,25.0095238095238,0,0,5252,210,0,0,0,0
"7727",2023-03-27,21,50,4450,197,0,0,25.0095238095238,0,0,5252,210,0,0,0,0
"7728",2023-03-27,21,55,4472,198,0,0,25.0095238095238,0,0,5252,210,0,0,0,0
"7729",2023-03-27,22,0,4238,195,0,0,23.7319587628866,0,0,4626,195,0,0,0,0
"7730",2023-03-27,22,5,4036,192,0,0,23.7319587628866,0,0,4626,195,0,0,0,0
"7731",2023-03-27,22,10,4091,192,0,0,23.7319587628866,0,0,4626,195,0,0,0,0
"7732",2023-03-27,22,15,4080,191,0,0,23.7319587628866,0,0,4626,195,0,0,0,0
"7733",2023-03-27,22,20,4413,193,0,0,23.7319587628866,0,0,4626,195,0,0,0,0
"7734",2023-03-27,22,25,4424,193,0,0,23.7319587628866,0,0,4626,195,0,0,0,0
"7735",2023-03-27,22,30,4626,195,0,0,23.7319587628866,0,0,4626,195,0,0,0,0
"7736",2023-03-27,22,35,4626,195,0,0,23.7319587628866,0,0,4626,195,0,0,0,0
"7737",2023-03-27,22,40,4604,194,0,0,23.7319587628866,0,0,4626,195,0,0,0,0
"7738",2023-03-27,22,45,4332,193,0,0,23.7319587628866,0,0,4626,195,0,0,0,0
"7739",2023-03-27,22,50,4272,192,0,0,23.7319587628866,0,0,4626,195,0,0,0,0
"7740",2023-03-27,22,55,4288,191,0,0,23.7319587628866,0,0,4626,195,0,0,0,0
"7741",2023-03-27,23,0,4107,189,0,0,24.2702702702703,0,0,4490,189,0,0,0,0
"7742",2023-03-27,23,5,3970,184,0,0,24.2702702702703,0,0,4490,189,0,0,0,0
"7743",2023-03-27,23,10,3970,184,0,0,24.2702702702703,0,0,4490,189,0,0,0,0
"7744",2023-03-27,23,15,4403,187,0,0,24.2702702702703,0,0,4490,189,0,0,0,0
"7745",2023-03-27,23,20,4223,186,0,0,24.2702702702703,0,0,4490,189,0,0,0,0
"7746",2023-03-27,23,25,4223,186,0,0,24.2702702702703,0,0,4490,189,0,0,0,0
"7747",2023-03-27,23,30,4403,187,0,0,24.2702702702703,0,0,4490,189,0,0,0,0
"7748",2023-03-27,23,35,4392,186,0,0,24.2702702702703,0,0,4490,189,0,0,0,0
"7749",2023-03-27,23,40,4190,184,0,0,24.2702702702703,0,0,4490,189,0,0,0,0
"7750",2023-03-27,23,45,4490,185,0,0,24.2702702702703,0,0,4490,189,0,0,0,0
"7751",2023-03-27,23,50,4490,185,0,0,24.2702702702703,0,0,4490,189,0,0,0,0
"7752",2023-03-27,23,55,4057,181,0,0,24.2702702702703,0,0,4490,189,0,0,0,0
"7753",2023-03-28,0,0,4237,193,0,0,23.7553191489362,0,0,4499,193,0,0,0,0
"7754",2023-03-28,0,5,4139,189,0,0,23.7553191489362,0,0,4499,193,0,0,0,0
"7755",2023-03-28,0,10,4499,190,0,0,23.7553191489362,0,0,4499,193,0,0,0,0
"7756",2023-03-28,0,15,4466,188,0,0,23.7553191489362,0,0,4499,193,0,0,0,0
"7757",2023-03-28,0,20,4018,183,0,0,23.7553191489362,0,0,4499,193,0,0,0,0
"7758",2023-03-28,0,25,4018,183,0,0,23.7553191489362,0,0,4499,193,0,0,0,0
"7759",2023-03-28,0,30,4040,185,0,0,23.7553191489362,0,0,4499,193,0,0,0,0
"7760",2023-03-28,0,35,4029,184,0,0,23.7553191489362,0,0,4499,193,0,0,0,0
"7761",2023-03-28,0,40,4024,182,0,0,23.7553191489362,0,0,4499,193,0,0,0,0
"7762",2023-03-28,0,45,3844,181,0,0,23.7553191489362,0,0,4499,193,0,0,0,0
"7763",2023-03-28,0,50,3827,182,0,0,23.7553191489362,0,0,4499,193,0,0,0,0
"7764",2023-03-28,0,55,3767,180,0,0,23.7553191489362,0,0,4499,193,0,0,0,0
"7765",2023-03-28,1,0,3673,177,0,0,21.0804597701149,0,0,3673,177,0,0,0,0
"7766",2023-03-28,1,5,3629,174,0,0,21.0804597701149,0,0,3673,177,0,0,0,0
"7767",2023-03-28,1,10,3629,174,0,0,21.0804597701149,0,0,3673,177,0,0,0,0
"7768",2023-03-28,1,15,3668,174,0,0,21.0804597701149,0,0,3673,177,0,0,0,0
"7769",2023-03-28,1,20,3647,174,0,0,21.0804597701149,0,0,3673,177,0,0,0,0
"7770",2023-03-28,1,25,3603,172,0,0,21.0804597701149,0,0,3673,177,0,0,0,0
"7771",2023-03-28,1,30,3603,172,0,0,21.0804597701149,0,0,3673,177,0,0,0,0
"7772",2023-03-28,1,35,3603,172,0,0,21.0804597701149,0,0,3673,177,0,0,0,0
"7773",2023-03-28,1,40,3625,173,0,0,21.0804597701149,0,0,3673,177,0,0,0,0
"7774",2023-03-28,1,45,3553,171,0,0,21.0804597701149,0,0,3673,177,0,0,0,0
"7775",2023-03-28,1,50,3575,172,0,0,21.0804597701149,0,0,3673,177,0,0,0,0
"7776",2023-03-28,1,55,3597,173,0,0,21.0804597701149,0,0,3673,177,0,0,0,0
"7777",2023-03-28,2,0,3557,165,0,0,21.5575757575758,0,0,3557,165,0,0,0,0
"7778",2023-03-28,2,5,3557,165,0,0,21.5575757575758,0,0,3557,165,0,0,0,0
"7779",2023-03-28,2,10,3557,165,0,0,21.5575757575758,0,0,3557,165,0,0,0,0
"7780",2023-03-28,2,15,3557,165,0,0,21.5575757575758,0,0,3557,165,0,0,0,0
"7781",2023-03-28,2,20,3535,164,0,0,21.5575757575758,0,0,3557,165,0,0,0,0
"7782",2023-03-28,2,25,3557,165,0,0,21.5575757575758,0,0,3557,165,0,0,0,0
"7783",2023-03-28,2,30,3213,162,0,0,21.5575757575758,0,0,3557,165,0,0,0,0
"7784",2023-03-28,2,35,3213,162,0,0,21.5575757575758,0,0,3557,165,0,0,0,0
"7785",2023-03-28,2,40,3213,162,0,0,21.5575757575758,0,0,3557,165,0,0,0,0
"7786",2023-03-28,2,45,3202,161,0,0,21.5575757575758,0,0,3557,165,0,0,0,0
"7787",2023-03-28,2,50,3191,160,0,0,21.5575757575758,0,0,3557,165,0,0,0,0
"7788",2023-03-28,2,55,3191,160,0,0,21.5575757575758,0,0,3557,165,0,0,0,0
"7789",2023-03-28,3,0,3180,159,0,0,21.062893081761,0,0,3360,160,0,0,0,0
"7790",2023-03-28,3,5,3360,160,0,0,21.062893081761,0,0,3360,160,0,0,0,0
"7791",2023-03-28,3,10,3349,159,0,0,21.062893081761,0,0,3360,160,0,0,0,0
"7792",2023-03-28,3,15,3349,159,0,0,21.062893081761,0,0,3360,160,0,0,0,0
"7793",2023-03-28,3,20,3305,157,0,0,21.062893081761,0,0,3360,160,0,0,0,0
"7794",2023-03-28,3,25,3283,156,0,0,21.062893081761,0,0,3360,160,0,0,0,0
"7795",2023-03-28,3,30,3283,156,0,0,21.062893081761,0,0,3360,160,0,0,0,0
"7796",2023-03-28,3,35,3103,155,0,0,21.062893081761,0,0,3360,160,0,0,0,0
"7797",2023-03-28,3,40,3103,155,0,0,21.062893081761,0,0,3360,160,0,0,0,0
"7798",2023-03-28,3,45,3163,156,0,0,21.062893081761,0,0,3360,160,0,0,0,0
"7799",2023-03-28,3,50,3152,155,0,0,21.062893081761,0,0,3360,160,0,0,0,0
"7800",2023-03-28,3,55,3152,155,0,0,21.062893081761,0,0,3360,160,0,0,0,0
"7801",2023-03-28,4,0,3152,155,0,0,22.1282051282051,0,0,3452,156,0,0,0,0
"7802",2023-03-28,4,5,3152,155,0,0,22.1282051282051,0,0,3452,156,0,0,0,0
"7803",2023-03-28,4,10,3452,156,0,0,22.1282051282051,0,0,3452,156,0,0,0,0
"7804",2023-03-28,4,15,3392,155,0,0,22.1282051282051,0,0,3452,156,0,0,0,0
"7805",2023-03-28,4,20,3392,155,0,0,22.1282051282051,0,0,3452,156,0,0,0,0
"7806",2023-03-28,4,25,3092,154,0,0,22.1282051282051,0,0,3452,156,0,0,0,0
"7807",2023-03-28,4,30,3092,154,0,0,22.1282051282051,0,0,3452,156,0,0,0,0
"7808",2023-03-28,4,35,3081,153,0,0,22.1282051282051,0,0,3452,156,0,0,0,0
"7809",2023-03-28,4,40,3059,152,0,0,22.1282051282051,0,0,3452,156,0,0,0,0
"7810",2023-03-28,4,45,3059,152,0,0,22.1282051282051,0,0,3452,156,0,0,0,0
"7811",2023-03-28,4,50,3070,153,0,0,22.1282051282051,0,0,3452,156,0,0,0,0
"7812",2023-03-28,4,55,3070,153,0,0,22.1282051282051,0,0,3452,156,0,0,0,0
"7813",2023-03-28,5,0,3048,152,0,0,20.112582781457,0,0,3048,152,0,0,0,0
"7814",2023-03-28,5,5,3048,152,0,0,20.112582781457,0,0,3048,152,0,0,0,0
"7815",2023-03-28,5,10,3048,152,0,0,20.112582781457,0,0,3048,152,0,0,0,0
"7816",2023-03-28,5,15,3048,152,0,0,20.112582781457,0,0,3048,152,0,0,0,0
"7817",2023-03-28,5,20,3048,152,0,0,20.112582781457,0,0,3048,152,0,0,0,0
"7818",2023-03-28,5,25,3037,151,0,0,20.112582781457,0,0,3048,152,0,0,0,0
"7819",2023-03-28,5,30,3037,151,0,0,20.112582781457,0,0,3048,152,0,0,0,0
"7820",2023-03-28,5,35,3037,151,0,0,20.112582781457,0,0,3048,152,0,0,0,0
"7821",2023-03-28,5,40,3037,151,0,0,20.112582781457,0,0,3048,152,0,0,0,0
"7822",2023-03-28,5,45,3037,151,0,0,20.112582781457,0,0,3048,152,0,0,0,0
"7823",2023-03-28,5,50,3037,151,0,0,20.112582781457,0,0,3048,152,0,0,0,0
"7824",2023-03-28,5,55,3015,150,0,0,20.112582781457,0,0,3048,152,0,0,0,0
"7825",2023-03-28,6,0,3015,150,0,0,21.5376344086022,0,0,3015,150,0,0,0,0
"7826",2023-03-28,6,5,1889,95,0,0,21.5376344086022,0,0,3015,150,0,0,0,0
"7827",2023-03-28,6,10,1889,95,0,0,21.5376344086022,0,0,3015,150,0,0,0,0
"7828",2023-03-28,6,15,1867,94,0,0,21.5376344086022,0,0,3015,150,0,0,0,0
"7829",2023-03-28,6,20,1867,94,0,0,21.5376344086022,0,0,3015,150,0,0,0,0
"7830",2023-03-28,6,25,1867,94,0,0,21.5376344086022,0,0,3015,150,0,0,0,0
"7831",2023-03-28,6,30,1867,94,0,0,21.5376344086022,0,0,3015,150,0,0,0,0
"7832",2023-03-28,6,35,1823,92,0,0,21.5376344086022,0,0,3015,150,0,0,0,0
"7833",2023-03-28,6,40,1823,92,0,0,21.5376344086022,0,0,3015,150,0,0,0,0
"7834",2023-03-28,6,45,2003,93,0,0,21.5376344086022,0,0,3015,150,0,0,0,0
"7835",2023-03-28,6,50,1834,92,0,0,21.5376344086022,0,0,3015,150,0,0,0,0
"7836",2023-03-28,6,55,1856,93,0,0,21.5376344086022,0,0,3015,150,0,0,0,0
"7837",2023-03-28,7,0,1878,94,0,0,22.1764705882353,0,0,3393,153,0,0,0,0
"7838",2023-03-28,7,5,3393,153,0,0,22.1764705882353,0,0,3393,153,0,0,0,0
"7839",2023-03-28,7,10,3393,153,0,0,22.1764705882353,0,0,3393,153,0,0,0,0
"7840",2023-03-28,7,15,3393,153,0,0,22.1764705882353,0,0,3393,153,0,0,0,0
"7841",2023-03-28,7,20,3393,153,0,0,22.1764705882353,0,0,3393,153,0,0,0,0
"7842",2023-03-28,7,25,3393,153,0,0,22.1764705882353,0,0,3393,153,0,0,0,0
"7843",2023-03-28,7,30,3393,153,0,0,22.1764705882353,0,0,3393,153,0,0,0,0
"7844",2023-03-28,7,35,3393,153,0,0,22.1764705882353,0,0,3393,153,0,0,0,0
"7845",2023-03-28,7,40,3393,153,0,0,22.1764705882353,0,0,3393,153,0,0,0,0
"7846",2023-03-28,7,45,3393,153,0,0,22.1764705882353,0,0,3393,153,0,0,0,0
"7847",2023-03-28,7,50,3393,153,0,0,22.1764705882353,0,0,3393,153,0,0,0,0
"7848",2023-03-28,7,55,3393,153,0,0,22.1764705882353,0,0,3393,153,0,0,0,0
"7849",2023-03-28,8,0,3393,153,0,0,22.1764705882353,0,0,3393,153,0,0,0,0
"7850",2023-03-28,8,5,3393,153,0,0,22.1764705882353,0,0,3393,153,0,0,0,0
"7851",2023-03-28,8,10,3393,153,0,0,22.1764705882353,0,0,3393,153,0,0,0,0
"7852",2023-03-28,8,15,3393,153,0,0,22.1764705882353,0,0,3393,153,0,0,0,0
"7853",2023-03-28,8,20,3393,153,0,0,22.1764705882353,0,0,3393,153,0,0,0,0
"7854",2023-03-28,8,25,3393,153,0,0,22.1764705882353,0,0,3393,153,0,0,0,0
"7855",2023-03-28,8,30,3393,153,0,0,22.1764705882353,0,0,3393,153,0,0,0,0
"7856",2023-03-28,8,35,3393,153,0,0,22.1764705882353,0,0,3393,153,0,0,0,0
"7857",2023-03-28,8,40,3393,153,0,0,22.1764705882353,0,0,3393,153,0,0,0,0
"7858",2023-03-28,8,45,3393,153,0,0,22.1764705882353,0,0,3393,153,0,0,0,0
"7859",2023-03-28,8,50,3393,153,0,0,22.1764705882353,0,0,3393,153,0,0,0,0
"7860",2023-03-28,8,55,3393,153,0,0,22.1764705882353,0,0,3393,153,0,0,0,0
"7861",2023-03-28,9,0,3393,153,0,0,22.1764705882353,0,0,3393,153,0,0,0,0
"7862",2023-03-28,9,5,3393,153,0,0,22.1764705882353,0,0,3393,153,0,0,0,0
"7863",2023-03-28,9,10,3393,153,0,0,22.1764705882353,0,0,3393,153,0,0,0,0
"7864",2023-03-28,9,15,3393,153,0,0,22.1764705882353,0,0,3393,153,0,0,0,0
"7865",2023-03-28,9,20,3393,153,0,0,22.1764705882353,0,0,3393,153,0,0,0,0
"7866",2023-03-28,9,25,3393,153,0,0,22.1764705882353,0,0,3393,153,0,0,0,0
"7867",2023-03-28,9,30,3393,153,0,0,22.1764705882353,0,0,3393,153,0,0,0,0
"7868",2023-03-28,9,35,3393,153,0,0,22.1764705882353,0,0,3393,153,0,0,0,0
"7869",2023-03-28,9,40,3393,153,0,0,22.1764705882353,0,0,3393,153,0,0,0,0
"7870",2023-03-28,9,45,3393,153,0,0,22.1764705882353,0,0,3393,153,0,0,0,0
"7871",2023-03-28,9,50,3393,153,0,0,22.1764705882353,0,0,3393,153,0,0,0,0
"7872",2023-03-28,9,55,3393,153,0,0,22.1764705882353,0,0,3393,153,0,0,0,0
"7873",2023-03-28,10,0,3393,153,0,0,22.1764705882353,0,0,3393,153,0,0,0,0
"7874",2023-03-28,10,5,3393,153,0,0,22.1764705882353,0,0,3393,153,0,0,0,0
"7875",2023-03-28,10,10,3393,153,0,0,22.1764705882353,0,0,3393,153,0,0,0,0
"7876",2023-03-28,10,15,3393,153,0,0,22.1764705882353,0,0,3393,153,0,0,0,0
"7877",2023-03-28,10,20,3393,153,0,0,22.1764705882353,0,0,3393,153,0,0,0,0
"7878",2023-03-28,10,25,3393,153,0,0,22.1764705882353,0,0,3393,153,0,0,0,0
"7879",2023-03-28,10,30,3393,153,0,0,22.1764705882353,0,0,3393,153,0,0,0,0
"7880",2023-03-28,10,35,3393,153,0,0,22.1764705882353,0,0,3393,153,0,0,0,0
"7881",2023-03-28,10,40,3393,153,0,0,22.1764705882353,0,0,3393,153,0,0,0,0
"7882",2023-03-28,10,45,3393,153,0,0,22.1764705882353,0,0,3393,153,0,0,0,0
"7883",2023-03-28,10,50,3393,153,0,0,22.1764705882353,0,0,3393,153,0,0,0,0
"7884",2023-03-28,10,55,3393,153,0,0,22.1764705882353,0,0,3393,153,0,0,0,0
"7885",2023-03-28,11,45,6649,295,0,0,23.6387959866221,0,0,7068,299,0,0,0,0
"7886",2023-03-28,11,50,7018,298,0,0,23.6387959866221,0,0,7068,299,0,0,0,0
"7887",2023-03-28,11,55,7068,299,0,0,23.6387959866221,0,0,7068,299,0,0,0,0
"7888",2023-03-28,11,0,3393,153,0,0,23.6387959866221,0,0,7068,299,0,0,0,0
"7889",2023-03-28,11,5,3393,153,0,0,23.6387959866221,0,0,7068,299,0,0,0,0
"7890",2023-03-28,11,10,3393,153,0,0,23.6387959866221,0,0,7068,299,0,0,0,0
"7891",2023-03-28,11,15,3393,153,0,0,23.6387959866221,0,0,7068,299,0,0,0,0
"7892",2023-03-28,11,20,3393,153,0,0,23.6387959866221,0,0,7068,299,0,0,0,0
"7893",2023-03-28,11,25,3393,153,0,0,23.6387959866221,0,0,7068,299,0,0,0,0
"7894",2023-03-28,11,30,3393,153,0,0,23.6387959866221,0,0,7068,299,0,0,0,0
"7895",2023-03-28,11,35,3393,153,0,0,23.6387959866221,0,0,7068,299,0,0,0,0
"7896",2023-03-28,11,40,3393,153,0,0,23.6387959866221,0,0,7068,299,0,0,0,0
"7897",2023-03-28,12,0,6669,297,0,0,23.5890410958904,0,0,6888,297,0,0,0,0
"7898",2023-03-28,12,5,6647,296,0,0,23.5890410958904,0,0,6888,297,0,0,0,0
"7899",2023-03-28,12,10,6838,296,0,0,23.5890410958904,0,0,6888,297,0,0,0,0
"7900",2023-03-28,12,15,6665,295,0,0,23.5890410958904,0,0,6888,297,0,0,0,0
"7901",2023-03-28,12,20,6610,292,0,0,23.5890410958904,0,0,6888,297,0,0,0,0
"7902",2023-03-28,12,25,6888,292,0,0,23.5890410958904,0,0,6888,297,0,0,0,0
"7903",2023-03-28,12,30,6888,293,0,0,23.5890410958904,0,0,6888,297,0,0,0,0
"7904",2023-03-28,12,35,6741,294,0,0,23.5890410958904,0,0,6888,297,0,0,0,0
"7905",2023-03-28,12,40,6135,293,0,0,23.5890410958904,0,0,6888,297,0,0,0,0
"7906",2023-03-28,12,45,6445,293,0,0,23.5890410958904,0,0,6888,297,0,0,0,0
"7907",2023-03-28,12,50,6304,293,0,0,23.5890410958904,0,0,6888,297,0,0,0,0
"7908",2023-03-28,12,55,6247,295,0,0,23.5890410958904,0,0,6888,297,0,0,0,0
"7909",2023-03-28,13,0,6589,296,0,0,22.3169014084507,0,0,6589,298,0,0,0,0
"7910",2023-03-28,13,5,6109,295,0,0,22.3169014084507,0,0,6589,298,0,0,0,0
"7911",2023-03-28,13,10,6109,295,0,0,22.3169014084507,0,0,6589,298,0,0,0,0
"7912",2023-03-28,13,15,6447,296,0,0,22.3169014084507,0,0,6589,298,0,0,0,0
"7913",2023-03-28,13,20,6494,298,0,0,22.3169014084507,0,0,6589,298,0,0,0,0
"7914",2023-03-28,13,25,6105,293,0,0,22.3169014084507,0,0,6589,298,0,0,0,0
"7915",2023-03-28,13,30,6197,290,0,0,22.3169014084507,0,0,6589,298,0,0,0,0
"7916",2023-03-28,13,35,6164,289,0,0,22.3169014084507,0,0,6589,298,0,0,0,0
"7917",2023-03-28,13,40,6131,287,0,0,22.3169014084507,0,0,6589,298,0,0,0,0
"7918",2023-03-28,13,45,6338,284,0,0,22.3169014084507,0,0,6589,298,0,0,0,0
"7919",2023-03-28,13,50,6048,277,0,0,22.3169014084507,0,0,6589,298,0,0,0,0
"7920",2023-03-28,13,55,5566,262,0,0,22.3169014084507,0,0,6589,298,0,0,0,0
"7921",2023-03-28,14,0,6085,274,0,0,25.4083969465649,0,0,6657,274,0,0,0,0
"7922",2023-03-28,14,5,6095,265,0,0,25.4083969465649,0,0,6657,274,0,0,0,0
"7923",2023-03-28,14,10,6146,262,0,0,25.4083969465649,0,0,6657,274,0,0,0,0
"7924",2023-03-28,14,15,5793,255,0,0,25.4083969465649,0,0,6657,274,0,0,0,0
"7925",2023-03-28,14,20,5760,254,0,0,25.4083969465649,0,0,6657,274,0,0,0,0
"7926",2023-03-28,14,25,6162,258,0,0,25.4083969465649,0,0,6657,274,0,0,0,0
"7927",2023-03-28,14,30,6462,259,0,0,25.4083969465649,0,0,6657,274,0,0,0,0
"7928",2023-03-28,14,35,6260,257,0,0,25.4083969465649,0,0,6657,274,0,0,0,0
"7929",2023-03-28,14,40,6552,258,0,0,25.4083969465649,0,0,6657,274,0,0,0,0
"7930",2023-03-28,14,45,6585,260,0,0,25.4083969465649,0,0,6657,274,0,0,0,0
"7931",2023-03-28,14,50,6657,262,0,0,25.4083969465649,0,0,6657,274,0,0,0,0
"7932",2023-03-28,14,55,6578,262,0,0,25.4083969465649,0,0,6657,274,0,0,0,0
"7933",2023-03-28,15,0,7360,272,0,0,27.0588235294118,0,0,7360,284,0,0,0,0
"7934",2023-03-28,15,5,6664,267,0,0,27.0588235294118,0,0,7360,284,0,0,0,0
"7935",2023-03-28,15,10,7157,277,0,0,27.0588235294118,0,0,7360,284,0,0,0,0
"7936",2023-03-28,15,15,6936,277,0,0,27.0588235294118,0,0,7360,284,0,0,0,0
"7937",2023-03-28,15,20,6587,271,0,0,27.0588235294118,0,0,7360,284,0,0,0,0
"7938",2023-03-28,15,25,6454,273,0,0,27.0588235294118,0,0,7360,284,0,0,0,0
"7939",2023-03-28,15,30,6520,276,0,0,27.0588235294118,0,0,7360,284,0,0,0,0
"7940",2023-03-28,15,35,6844,282,0,0,27.0588235294118,0,0,7360,284,0,0,0,0
"7941",2023-03-28,15,40,6888,284,0,0,27.0588235294118,0,0,7360,284,0,0,0,0
"7942",2023-03-28,15,45,6393,281,0,0,27.0588235294118,0,0,7360,284,0,0,0,0
"7943",2023-03-28,15,50,5968,279,0,0,27.0588235294118,0,0,7360,284,0,0,0,0
"7944",2023-03-28,15,55,6000,276,0,0,27.0588235294118,0,0,7360,284,0,0,0,0
"7945",2023-03-28,16,0,6125,279,0,0,23.2109090909091,0,0,6383,279,0,0,0,0
"7946",2023-03-28,16,5,5998,274,0,0,23.2109090909091,0,0,6383,279,0,0,0,0
"7947",2023-03-28,16,10,5961,275,0,0,23.2109090909091,0,0,6383,279,0,0,0,0
"7948",2023-03-28,16,15,5937,273,0,0,23.2109090909091,0,0,6383,279,0,0,0,0
"7949",2023-03-28,16,20,5926,272,0,0,23.2109090909091,0,0,6383,279,0,0,0,0
"7950",2023-03-28,16,25,5937,273,0,0,23.2109090909091,0,0,6383,279,0,0,0,0
"7951",2023-03-28,16,30,6013,271,0,0,23.2109090909091,0,0,6383,279,0,0,0,0
"7952",2023-03-28,16,35,6091,271,0,0,23.2109090909091,0,0,6383,279,0,0,0,0
"7953",2023-03-28,16,40,6383,275,0,0,23.2109090909091,0,0,6383,279,0,0,0,0
"7954",2023-03-28,16,45,6101,267,0,0,23.2109090909091,0,0,6383,279,0,0,0,0
"7955",2023-03-28,16,50,6238,272,0,0,23.2109090909091,0,0,6383,279,0,0,0,0
"7956",2023-03-28,16,55,6009,271,0,0,23.2109090909091,0,0,6383,279,0,0,0,0
"7957",2023-03-28,17,55,6618,264,0,0,25.4576923076923,0,0,6619,266,0,0,0,0
"7958",2023-03-28,17,0,5511,263,0,0,25.4576923076923,0,0,6619,266,0,0,0,0
"7959",2023-03-28,17,5,5669,263,0,0,25.4576923076923,0,0,6619,266,0,0,0,0
"7960",2023-03-28,17,10,5500,262,0,0,25.4576923076923,0,0,6619,266,0,0,0,0
"7961",2023-03-28,17,15,5617,262,0,0,25.4576923076923,0,0,6619,266,0,0,0,0
"7962",2023-03-28,17,20,5534,259,0,0,25.4576923076923,0,0,6619,266,0,0,0,0
"7963",2023-03-28,17,25,5966,266,0,0,25.4576923076923,0,0,6619,266,0,0,0,0
"7964",2023-03-28,17,30,5867,261,0,0,25.4576923076923,0,0,6619,266,0,0,0,0
"7965",2023-03-28,17,35,5823,259,0,0,25.4576923076923,0,0,6619,266,0,0,0,0
"7966",2023-03-28,17,40,6002,254,0,0,25.4576923076923,0,0,6619,266,0,0,0,0
"7967",2023-03-28,17,45,6406,258,0,0,25.4576923076923,0,0,6619,266,0,0,0,0
"7968",2023-03-28,17,50,6619,260,0,0,25.4576923076923,0,0,6619,266,0,0,0,0
"7969",2023-03-28,18,0,6787,265,0,0,28.6016949152542,0,0,6787,266,0,0,0,0
"7970",2023-03-28,18,5,6285,263,0,0,28.6016949152542,0,0,6787,266,0,0,0,0
"7971",2023-03-28,18,10,6305,264,0,0,28.6016949152542,0,0,6787,266,0,0,0,0
"7972",2023-03-28,18,15,3375,118,0,0,28.6016949152542,0,0,6787,266,0,0,0,0
"7973",2023-03-28,18,20,5967,262,0,0,28.6016949152542,0,0,6787,266,0,0,0,0
"7974",2023-03-28,18,25,6372,266,0,0,28.6016949152542,0,0,6787,266,0,0,0,0
"7975",2023-03-28,18,30,6178,263,0,0,28.6016949152542,0,0,6787,266,0,0,0,0
"7976",2023-03-28,18,35,6265,262,0,0,28.6016949152542,0,0,6787,266,0,0,0,0
"7977",2023-03-28,18,40,6407,265,0,0,28.6016949152542,0,0,6787,266,0,0,0,0
"7978",2023-03-28,18,45,6297,260,0,0,28.6016949152542,0,0,6787,266,0,0,0,0
"7979",2023-03-28,18,50,6062,256,0,0,28.6016949152542,0,0,6787,266,0,0,0,0
"7980",2023-03-28,18,55,6433,258,0,0,28.6016949152542,0,0,6787,266,0,0,0,0
"7981",2023-03-28,19,0,6490,257,0,0,25.7651821862348,0,0,6490,257,0,0,0,0
"7982",2023-03-28,19,5,6463,253,0,0,25.7651821862348,0,0,6490,257,0,0,0,0
"7983",2023-03-28,19,10,6364,247,0,0,25.7651821862348,0,0,6490,257,0,0,0,0
"7984",2023-03-28,19,15,5849,247,0,0,25.7651821862348,0,0,6490,257,0,0,0,0
"7985",2023-03-28,19,20,5649,237,0,0,25.7651821862348,0,0,6490,257,0,0,0,0
"7986",2023-03-28,19,25,5594,234,0,0,25.7651821862348,0,0,6490,257,0,0,0,0
"7987",2023-03-28,19,30,5348,227,0,0,25.7651821862348,0,0,6490,257,0,0,0,0
"7988",2023-03-28,19,35,5201,228,0,0,25.7651821862348,0,0,6490,257,0,0,0,0
"7989",2023-03-28,19,40,5056,226,0,0,25.7651821862348,0,0,6490,257,0,0,0,0
"7990",2023-03-28,19,45,4990,222,0,0,25.7651821862348,0,0,6490,257,0,0,0,0
"7991",2023-03-28,19,50,4822,223,0,0,25.7651821862348,0,0,6490,257,0,0,0,0
"7992",2023-03-28,19,55,4713,218,0,0,25.7651821862348,0,0,6490,257,0,0,0,0
"7993",2023-03-28,20,0,4768,220,0,0,22.8571428571429,0,0,4960,223,0,0,0,0
"7994",2023-03-28,20,5,4794,219,0,0,22.8571428571429,0,0,4960,223,0,0,0,0
"7995",2023-03-28,20,10,4843,219,0,0,22.8571428571429,0,0,4960,223,0,0,0,0
"7996",2023-03-28,20,15,4876,220,0,0,22.8571428571429,0,0,4960,223,0,0,0,0
"7997",2023-03-28,20,20,4942,223,0,0,22.8571428571429,0,0,4960,223,0,0,0,0
"7998",2023-03-28,20,25,4960,217,0,0,22.8571428571429,0,0,4960,223,0,0,0,0
"7999",2023-03-28,20,30,4763,211,0,0,22.8571428571429,0,0,4960,223,0,0,0,0
"8000",2023-03-28,20,35,4681,213,0,0,22.8571428571429,0,0,4960,223,0,0,0,0
"8001",2023-03-28,20,40,4615,210,0,0,22.8571428571429,0,0,4960,223,0,0,0,0
"8002",2023-03-28,20,45,4626,211,0,0,22.8571428571429,0,0,4960,223,0,0,0,0
"8003",2023-03-28,20,50,4637,211,0,0,22.8571428571429,0,0,4960,223,0,0,0,0
"8004",2023-03-28,20,55,4721,210,0,0,22.8571428571429,0,0,4960,223,0,0,0,0
"8005",2023-03-28,21,0,5036,208,0,0,24.2115384615385,0,0,5036,213,0,0,0,0
"8006",2023-03-28,21,5,4921,205,0,0,24.2115384615385,0,0,5036,213,0,0,0,0
"8007",2023-03-28,21,10,4843,207,0,0,24.2115384615385,0,0,5036,213,0,0,0,0
"8008",2023-03-28,21,15,4815,208,0,0,24.2115384615385,0,0,5036,213,0,0,0,0
"8009",2023-03-28,21,20,4850,210,0,0,24.2115384615385,0,0,5036,213,0,0,0,0
"8010",2023-03-28,21,25,5009,212,0,0,24.2115384615385,0,0,5036,213,0,0,0,0
"8011",2023-03-28,21,30,4626,210,0,0,24.2115384615385,0,0,5036,213,0,0,0,0
"8012",2023-03-28,21,35,4915,211,0,0,24.2115384615385,0,0,5036,213,0,0,0,0
"8013",2023-03-28,21,40,5031,212,0,0,24.2115384615385,0,0,5036,213,0,0,0,0
"8014",2023-03-28,21,45,4720,211,0,0,24.2115384615385,0,0,5036,213,0,0,0,0
"8015",2023-03-28,21,50,4840,213,0,0,24.2115384615385,0,0,5036,213,0,0,0,0
"8016",2023-03-28,21,55,4757,209,0,0,24.2115384615385,0,0,5036,213,0,0,0,0
"8017",2023-03-28,22,0,4768,210,0,0,22.7047619047619,0,0,4768,210,0,0,0,0
"8018",2023-03-28,22,5,4596,207,0,0,22.7047619047619,0,0,4768,210,0,0,0,0
"8019",2023-03-28,22,10,4531,209,0,0,22.7047619047619,0,0,4768,210,0,0,0,0
"8020",2023-03-28,22,15,4498,206,0,0,22.7047619047619,0,0,4768,210,0,0,0,0
"8021",2023-03-28,22,20,4460,206,0,0,22.7047619047619,0,0,4768,210,0,0,0,0
"8022",2023-03-28,22,25,4262,205,0,0,22.7047619047619,0,0,4768,210,0,0,0,0
"8023",2023-03-28,22,30,4284,205,0,0,22.7047619047619,0,0,4768,210,0,0,0,0
"8024",2023-03-28,22,35,4404,207,0,0,22.7047619047619,0,0,4768,210,0,0,0,0
"8025",2023-03-28,22,40,4360,205,0,0,22.7047619047619,0,0,4768,210,0,0,0,0
"8026",2023-03-28,22,45,4627,205,0,0,22.7047619047619,0,0,4768,210,0,0,0,0
"8027",2023-03-28,22,50,4294,203,0,0,22.7047619047619,0,0,4768,210,0,0,0,0
"8028",2023-03-28,22,55,4433,203,0,0,22.7047619047619,0,0,4768,210,0,0,0,0
"8029",2023-03-28,23,0,4369,200,0,0,24.2562814070352,0,0,4827,200,0,0,0,0
"8030",2023-03-28,23,5,4314,197,0,0,24.2562814070352,0,0,4827,200,0,0,0,0
"8031",2023-03-28,23,10,4636,199,0,0,24.2562814070352,0,0,4827,200,0,0,0,0
"8032",2023-03-28,23,15,4827,199,0,0,24.2562814070352,0,0,4827,200,0,0,0,0
"8033",2023-03-28,23,20,4827,199,0,0,24.2562814070352,0,0,4827,200,0,0,0,0
"8034",2023-03-28,23,25,4335,195,0,0,24.2562814070352,0,0,4827,200,0,0,0,0
"8035",2023-03-28,23,30,4291,193,0,0,24.2562814070352,0,0,4827,200,0,0,0,0
"8036",2023-03-28,23,35,4269,192,0,0,24.2562814070352,0,0,4827,200,0,0,0,0
"8037",2023-03-28,23,40,4352,195,0,0,24.2562814070352,0,0,4827,200,0,0,0,0
"8038",2023-03-28,23,45,4341,195,0,0,24.2562814070352,0,0,4827,200,0,0,0,0
"8039",2023-03-28,23,50,4063,195,0,0,24.2562814070352,0,0,4827,200,0,0,0,0
"8040",2023-03-28,23,55,4019,192,0,0,24.2562814070352,0,0,4827,200,0,0,0,0
"8041",2023-03-29,0,0,4477,208,0,0,21.5240384615385,0,0,4477,208,0,0,0,0
"8042",2023-03-29,0,5,4477,208,0,0,21.5240384615385,0,0,4477,208,0,0,0,0
"8043",2023-03-29,0,10,4477,208,0,0,21.5240384615385,0,0,4477,208,0,0,0,0
"8044",2023-03-29,0,15,4477,208,0,0,21.5240384615385,0,0,4477,208,0,0,0,0
"8045",2023-03-29,0,20,4477,208,0,0,21.5240384615385,0,0,4477,208,0,0,0,0
"8046",2023-03-29,0,25,4477,208,0,0,21.5240384615385,0,0,4477,208,0,0,0,0
"8047",2023-03-29,0,30,4477,208,0,0,21.5240384615385,0,0,4477,208,0,0,0,0
"8048",2023-03-29,0,35,4477,208,0,0,21.5240384615385,0,0,4477,208,0,0,0,0
"8049",2023-03-29,0,40,4477,208,0,0,21.5240384615385,0,0,4477,208,0,0,0,0
"8050",2023-03-29,0,45,4477,208,0,0,21.5240384615385,0,0,4477,208,0,0,0,0
"8051",2023-03-29,0,50,4477,208,0,0,21.5240384615385,0,0,4477,208,0,0,0,0
"8052",2023-03-29,0,55,4477,208,0,0,21.5240384615385,0,0,4477,208,0,0,0,0
"8053",2023-03-29,1,0,4477,208,0,0,21.5240384615385,0,0,4477,208,0,0,0,0
"8054",2023-03-29,1,5,4477,208,0,0,21.5240384615385,0,0,4477,208,0,0,0,0
"8055",2023-03-29,1,10,4477,208,0,0,21.5240384615385,0,0,4477,208,0,0,0,0
"8056",2023-03-29,1,15,4477,208,0,0,21.5240384615385,0,0,4477,208,0,0,0,0
"8057",2023-03-29,1,20,4477,208,0,0,21.5240384615385,0,0,4477,208,0,0,0,0
"8058",2023-03-29,1,25,4477,208,0,0,21.5240384615385,0,0,4477,208,0,0,0,0
"8059",2023-03-29,1,30,4477,208,0,0,21.5240384615385,0,0,4477,208,0,0,0,0
"8060",2023-03-29,1,35,4477,208,0,0,21.5240384615385,0,0,4477,208,0,0,0,0
"8061",2023-03-29,1,40,4477,208,0,0,21.5240384615385,0,0,4477,208,0,0,0,0
"8062",2023-03-29,1,45,4477,208,0,0,21.5240384615385,0,0,4477,208,0,0,0,0
"8063",2023-03-29,1,50,4477,208,0,0,21.5240384615385,0,0,4477,208,0,0,0,0
"8064",2023-03-29,1,55,4477,208,0,0,21.5240384615385,0,0,4477,208,0,0,0,0
"8065",2023-03-29,2,0,3575,172,0,0,22.4011627906977,0,0,3853,172,0,0,0,0
"8066",2023-03-29,2,5,3853,172,0,0,22.4011627906977,0,0,3853,172,0,0,0,0
"8067",2023-03-29,2,10,3553,171,0,0,22.4011627906977,0,0,3853,172,0,0,0,0
"8068",2023-03-29,2,15,3553,171,0,0,22.4011627906977,0,0,3853,172,0,0,0,0
"8069",2023-03-29,2,20,3531,170,0,0,22.4011627906977,0,0,3853,172,0,0,0,0
"8070",2023-03-29,2,25,3591,171,0,0,22.4011627906977,0,0,3853,172,0,0,0,0
"8071",2023-03-29,2,30,3580,170,0,0,22.4011627906977,0,0,3853,172,0,0,0,0
"8072",2023-03-29,2,35,3558,169,0,0,22.4011627906977,0,0,3853,172,0,0,0,0
"8073",2023-03-29,2,40,3558,169,0,0,22.4011627906977,0,0,3853,172,0,0,0,0
"8074",2023-03-29,2,45,3558,169,0,0,22.4011627906977,0,0,3853,172,0,0,0,0
"8075",2023-03-29,2,50,3525,167,0,0,22.4011627906977,0,0,3853,172,0,0,0,0
"8076",2023-03-29,2,55,3525,167,0,0,22.4011627906977,0,0,3853,172,0,0,0,0
"8077",2023-03-29,3,0,3525,167,0,0,21.230303030303,0,0,3525,167,0,0,0,0
"8078",2023-03-29,3,5,3514,166,0,0,21.230303030303,0,0,3525,167,0,0,0,0
"8079",2023-03-29,3,10,3503,165,0,0,21.230303030303,0,0,3525,167,0,0,0,0
"8080",2023-03-29,3,15,3432,163,0,0,21.230303030303,0,0,3525,167,0,0,0,0
"8081",2023-03-29,3,20,3432,163,0,0,21.230303030303,0,0,3525,167,0,0,0,0
"8082",2023-03-29,3,25,3432,163,0,0,21.230303030303,0,0,3525,167,0,0,0,0
"8083",2023-03-29,3,30,3432,163,0,0,21.230303030303,0,0,3525,167,0,0,0,0
"8084",2023-03-29,3,35,3443,164,0,0,21.230303030303,0,0,3525,167,0,0,0,0
"8085",2023-03-29,3,40,3399,162,0,0,21.230303030303,0,0,3525,167,0,0,0,0
"8086",2023-03-29,3,45,3399,162,0,0,21.230303030303,0,0,3525,167,0,0,0,0
"8087",2023-03-29,3,50,3377,161,0,0,21.230303030303,0,0,3525,167,0,0,0,0
"8088",2023-03-29,3,55,3355,160,0,0,21.230303030303,0,0,3525,167,0,0,0,0
"8089",2023-03-29,4,0,3355,160,0,0,22.7151898734177,0,0,3633,160,0,0,0,0
"8090",2023-03-29,4,5,3355,160,0,0,22.7151898734177,0,0,3633,160,0,0,0,0
"8091",2023-03-29,4,10,3633,160,0,0,22.7151898734177,0,0,3633,160,0,0,0,0
"8092",2023-03-29,4,15,3611,159,0,0,22.7151898734177,0,0,3633,160,0,0,0,0
"8093",2023-03-29,4,20,3611,159,0,0,22.7151898734177,0,0,3633,160,0,0,0,0
"8094",2023-03-29,4,25,3589,158,0,0,22.7151898734177,0,0,3633,160,0,0,0,0
"8095",2023-03-29,4,30,3289,157,0,0,22.7151898734177,0,0,3633,160,0,0,0,0
"8096",2023-03-29,4,35,3289,157,0,0,22.7151898734177,0,0,3633,160,0,0,0,0
"8097",2023-03-29,4,40,3289,157,0,0,22.7151898734177,0,0,3633,160,0,0,0,0
"8098",2023-03-29,4,45,3289,157,0,0,22.7151898734177,0,0,3633,160,0,0,0,0
"8099",2023-03-29,4,50,3289,157,0,0,22.7151898734177,0,0,3633,160,0,0,0,0
"8100",2023-03-29,4,55,3289,157,0,0,22.7151898734177,0,0,3633,160,0,0,0,0
"8101",2023-03-29,5,0,3289,157,0,0,21.0833333333333,0,0,3289,157,0,0,0,0
"8102",2023-03-29,5,5,3289,157,0,0,21.0833333333333,0,0,3289,157,0,0,0,0
"8103",2023-03-29,5,10,3289,157,0,0,21.0833333333333,0,0,3289,157,0,0,0,0
"8104",2023-03-29,5,15,3289,156,0,0,21.0833333333333,0,0,3289,157,0,0,0,0
"8105",2023-03-29,5,20,3289,156,0,0,21.0833333333333,0,0,3289,157,0,0,0,0
"8106",2023-03-29,5,25,3289,156,0,0,21.0833333333333,0,0,3289,157,0,0,0,0
"8107",2023-03-29,5,30,3289,156,0,0,21.0833333333333,0,0,3289,157,0,0,0,0
"8108",2023-03-29,5,35,3289,156,0,0,21.0833333333333,0,0,3289,157,0,0,0,0
"8109",2023-03-29,5,40,3289,156,0,0,21.0833333333333,0,0,3289,157,0,0,0,0
"8110",2023-03-29,5,45,3289,156,0,0,21.0833333333333,0,0,3289,157,0,0,0,0
"8111",2023-03-29,5,50,3289,156,0,0,21.0833333333333,0,0,3289,157,0,0,0,0
"8112",2023-03-29,5,55,3289,156,0,0,21.0833333333333,0,0,3289,157,0,0,0,0
"8113",2023-03-29,6,0,3289,156,0,0,21.0833333333333,0,0,3289,156,0,0,0,0
"8114",2023-03-29,6,5,3289,156,0,0,21.0833333333333,0,0,3289,156,0,0,0,0
"8115",2023-03-29,6,10,3289,156,0,0,21.0833333333333,0,0,3289,156,0,0,0,0
"8116",2023-03-29,6,15,3289,156,0,0,21.0833333333333,0,0,3289,156,0,0,0,0
"8117",2023-03-29,6,20,3289,156,0,0,21.0833333333333,0,0,3289,156,0,0,0,0
"8118",2023-03-29,6,25,3289,156,0,0,21.0833333333333,0,0,3289,156,0,0,0,0
"8119",2023-03-29,6,30,3289,156,0,0,21.0833333333333,0,0,3289,156,0,0,0,0
"8120",2023-03-29,6,35,3289,156,0,0,21.0833333333333,0,0,3289,156,0,0,0,0
"8121",2023-03-29,6,40,3289,156,0,0,21.0833333333333,0,0,3289,156,0,0,0,0
"8122",2023-03-29,6,45,3289,156,0,0,21.0833333333333,0,0,3289,156,0,0,0,0
"8123",2023-03-29,6,50,3289,156,0,0,21.0833333333333,0,0,3289,156,0,0,0,0
"8124",2023-03-29,6,55,3289,156,0,0,21.0833333333333,0,0,3289,156,0,0,0,0
"8125",2023-03-29,7,0,3289,156,0,0,21.0833333333333,0,0,3289,156,0,0,0,0
"8126",2023-03-29,7,5,3289,156,0,0,21.0833333333333,0,0,3289,156,0,0,0,0
"8127",2023-03-29,7,10,3289,156,0,0,21.0833333333333,0,0,3289,156,0,0,0,0
"8128",2023-03-29,7,15,3289,156,0,0,21.0833333333333,0,0,3289,156,0,0,0,0
"8129",2023-03-29,7,20,3289,156,0,0,21.0833333333333,0,0,3289,156,0,0,0,0
"8130",2023-03-29,7,25,3289,156,0,0,21.0833333333333,0,0,3289,156,0,0,0,0
"8131",2023-03-29,7,30,3289,156,0,0,21.0833333333333,0,0,3289,156,0,0,0,0
"8132",2023-03-29,7,35,3289,156,0,0,21.0833333333333,0,0,3289,156,0,0,0,0
"8133",2023-03-29,7,40,3289,156,0,0,21.0833333333333,0,0,3289,156,0,0,0,0
"8134",2023-03-29,7,45,3289,156,0,0,21.0833333333333,0,0,3289,156,0,0,0,0
"8135",2023-03-29,7,50,3289,156,0,0,21.0833333333333,0,0,3289,156,0,0,0,0
"8136",2023-03-29,7,55,3289,156,0,0,21.0833333333333,0,0,3289,156,0,0,0,0
"8137",2023-03-29,8,0,3289,156,0,0,21.0833333333333,0,0,3289,156,0,0,0,0
"8138",2023-03-29,8,5,3289,156,0,0,21.0833333333333,0,0,3289,156,0,0,0,0
"8139",2023-03-29,8,10,3289,156,0,0,21.0833333333333,0,0,3289,156,0,0,0,0
"8140",2023-03-29,8,15,3289,156,0,0,21.0833333333333,0,0,3289,156,0,0,0,0
"8141",2023-03-29,8,20,3289,156,0,0,21.0833333333333,0,0,3289,156,0,0,0,0
"8142",2023-03-29,8,25,3289,156,0,0,21.0833333333333,0,0,3289,156,0,0,0,0
"8143",2023-03-29,8,30,3289,156,0,0,21.0833333333333,0,0,3289,156,0,0,0,0
"8144",2023-03-29,8,35,3289,156,0,0,21.0833333333333,0,0,3289,156,0,0,0,0
"8145",2023-03-29,8,40,3289,156,0,0,21.0833333333333,0,0,3289,156,0,0,0,0
"8146",2023-03-29,8,45,3289,156,0,0,21.0833333333333,0,0,3289,156,0,0,0,0
"8147",2023-03-29,8,50,3289,156,0,0,21.0833333333333,0,0,3289,156,0,0,0,0
"8148",2023-03-29,8,55,3289,156,0,0,21.0833333333333,0,0,3289,156,0,0,0,0
"8149",2023-03-29,9,0,3289,156,0,0,21.0833333333333,0,0,3289,156,0,0,0,0
"8150",2023-03-29,9,5,3289,156,0,0,21.0833333333333,0,0,3289,156,0,0,0,0
"8151",2023-03-29,9,10,3289,156,0,0,21.0833333333333,0,0,3289,156,0,0,0,0
"8152",2023-03-29,9,15,3289,156,0,0,21.0833333333333,0,0,3289,156,0,0,0,0
"8153",2023-03-29,9,20,3289,156,0,0,21.0833333333333,0,0,3289,156,0,0,0,0
"8154",2023-03-29,9,25,3289,156,0,0,21.0833333333333,0,0,3289,156,0,0,0,0
"8155",2023-03-29,9,30,3289,156,0,0,21.0833333333333,0,0,3289,156,0,0,0,0
"8156",2023-03-29,9,35,3289,156,0,0,21.0833333333333,0,0,3289,156,0,0,0,0
"8157",2023-03-29,9,40,3289,156,0,0,21.0833333333333,0,0,3289,156,0,0,0,0
"8158",2023-03-29,9,45,3289,156,0,0,21.0833333333333,0,0,3289,156,0,0,0,0
"8159",2023-03-29,9,50,3289,156,0,0,21.0833333333333,0,0,3289,156,0,0,0,0
"8160",2023-03-29,9,55,3289,156,0,0,21.0833333333333,0,0,3289,156,0,0,0,0
"8161",2023-03-29,10,0,3289,156,0,0,21.0833333333333,0,0,5340,258,0,0,0,0
"8162",2023-03-29,10,5,3289,156,0,0,21.0833333333333,0,0,5340,258,0,0,0,0
"8163",2023-03-29,10,10,3289,156,0,0,21.0833333333333,0,0,5340,258,0,0,0,0
"8164",2023-03-29,10,15,3289,156,0,0,21.0833333333333,0,0,5340,258,0,0,0,0
"8165",2023-03-29,10,20,3289,156,0,0,21.0833333333333,0,0,5340,258,0,0,0,0
"8166",2023-03-29,10,25,3289,156,0,0,21.0833333333333,0,0,5340,258,0,0,0,0
"8167",2023-03-29,10,30,3289,156,0,0,21.0833333333333,0,0,5340,258,0,0,0,0
"8168",2023-03-29,10,35,3289,156,0,0,21.0833333333333,0,0,5340,258,0,0,0,0
"8169",2023-03-29,10,40,3289,156,0,0,21.0833333333333,0,0,5340,258,0,0,0,0
"8170",2023-03-29,10,45,3289,156,0,0,21.0833333333333,0,0,5340,258,0,0,0,0
"8171",2023-03-29,10,50,3289,156,0,0,21.0833333333333,0,0,5340,258,0,0,0,0
"8172",2023-03-29,10,55,5340,258,0,0,21.0833333333333,0,0,5340,258,0,0,0,0
"8173",2023-03-29,11,25,5229,261,0,0,20.8653846153846,0,0,5425,261,0,0,0,0
"8174",2023-03-29,11,30,5013,257,0,0,20.8653846153846,0,0,5425,261,0,0,0,0
"8175",2023-03-29,11,35,5035,259,0,0,20.8653846153846,0,0,5425,261,0,0,0,0
"8176",2023-03-29,11,40,4953,257,0,0,20.8653846153846,0,0,5425,261,0,0,0,0
"8177",2023-03-29,11,45,5137,253,0,0,20.8653846153846,0,0,5425,261,0,0,0,0
"8178",2023-03-29,11,50,5142,255,0,0,20.8653846153846,0,0,5425,261,0,0,0,0
"8179",2023-03-29,11,55,5243,257,0,0,20.8653846153846,0,0,5425,261,0,0,0,0
"8180",2023-03-29,11,0,5425,260,0,0,20.8653846153846,0,0,5425,261,0,0,0,0
"8181",2023-03-29,11,5,5185,261,0,0,20.8653846153846,0,0,5425,261,0,0,0,0
"8182",2023-03-29,11,10,5135,260,0,0,20.8653846153846,0,0,5425,261,0,0,0,0
"8183",2023-03-29,11,15,5124,258,0,0,20.8653846153846,0,0,5425,261,0,0,0,0
"8184",2023-03-29,11,20,5113,257,0,0,20.8653846153846,0,0,5425,261,0,0,0,0
"8185",2023-03-29,12,0,5265,258,0,0,20.5916030534351,0,0,5395,262,0,0,0,0
"8186",2023-03-29,12,5,5219,258,0,0,20.5916030534351,0,0,5395,262,0,0,0,0
"8187",2023-03-29,12,10,4919,257,0,0,20.5916030534351,0,0,5395,262,0,0,0,0
"8188",2023-03-29,12,15,5121,259,0,0,20.5916030534351,0,0,5395,262,0,0,0,0
"8189",2023-03-29,12,20,5204,261,0,0,20.5916030534351,0,0,5395,262,0,0,0,0
"8190",2023-03-29,12,25,5204,260,0,0,20.5916030534351,0,0,5395,262,0,0,0,0
"8191",2023-03-29,12,30,5254,260,0,0,20.5916030534351,0,0,5395,262,0,0,0,0
"8192",2023-03-29,12,35,5324,260,0,0,20.5916030534351,0,0,5395,262,0,0,0,0
"8193",2023-03-29,12,40,5313,260,0,0,20.5916030534351,0,0,5395,262,0,0,0,0
"8194",2023-03-29,12,45,5373,261,0,0,20.5916030534351,0,0,5395,262,0,0,0,0
"8195",2023-03-29,12,50,5395,262,0,0,20.5916030534351,0,0,5395,262,0,0,0,0
"8196",2023-03-29,12,55,5345,260,0,0,20.5916030534351,0,0,5395,262,0,0,0,0
"8197",2023-03-29,13,0,5661,260,0,0,22.8715953307393,0,0,5878,260,0,0,0,0
"8198",2023-03-29,13,5,5650,259,0,0,22.8715953307393,0,0,5878,260,0,0,0,0
"8199",2023-03-29,13,10,5878,257,0,0,22.8715953307393,0,0,5878,260,0,0,0,0
"8200",2023-03-29,13,15,5638,255,0,0,22.8715953307393,0,0,5878,260,0,0,0,0
"8201",2023-03-29,13,20,5371,254,0,0,22.8715953307393,0,0,5878,260,0,0,0,0
"8202",2023-03-29,13,25,5393,255,0,0,22.8715953307393,0,0,5878,260,0,0,0,0
"8203",2023-03-29,13,30,5382,253,0,0,22.8715953307393,0,0,5878,260,0,0,0,0
"8204",2023-03-29,13,35,5246,253,0,0,22.8715953307393,0,0,5878,260,0,0,0,0
"8205",2023-03-29,13,40,5158,248,0,0,22.8715953307393,0,0,5878,260,0,0,0,0
"8206",2023-03-29,13,45,4971,239,0,0,22.8715953307393,0,0,5878,260,0,0,0,0
"8207",2023-03-29,13,50,5121,240,0,0,22.8715953307393,0,0,5878,260,0,0,0,0
"8208",2023-03-29,13,55,5327,233,0,0,22.8715953307393,0,0,5878,260,0,0,0,0
"8209",2023-03-29,14,25,5020,216,0,0,24,0,0,5616,234,0,0,0,0
"8210",2023-03-29,14,30,4931,216,0,0,24,0,0,5616,234,0,0,0,0
"8211",2023-03-29,14,35,5019,221,0,0,24,0,0,5616,234,0,0,0,0
"8212",2023-03-29,14,40,4975,219,0,0,24,0,0,5616,234,0,0,0,0
"8213",2023-03-29,14,45,4934,220,0,0,24,0,0,5616,234,0,0,0,0
"8214",2023-03-29,14,50,5071,220,0,0,24,0,0,5616,234,0,0,0,0
"8215",2023-03-29,14,55,4785,222,0,0,24,0,0,5616,234,0,0,0,0
"8216",2023-03-29,14,0,5616,234,0,0,24,0,0,5616,234,0,0,0,0
"8217",2023-03-29,14,5,5173,226,0,0,24,0,0,5616,234,0,0,0,0
"8218",2023-03-29,14,10,5019,217,0,0,24,0,0,5616,234,0,0,0,0
"8219",2023-03-29,14,15,4867,211,0,0,24,0,0,5616,234,0,0,0,0
"8220",2023-03-29,14,20,4965,213,0,0,24,0,0,5616,234,0,0,0,0
"8221",2023-03-29,15,0,4477,208,0,0,21.5240384615385,0,0,4477,208,0,0,0,0
"8222",2023-03-29,15,5,4477,208,0,0,21.5240384615385,0,0,4477,208,0,0,0,0
"8223",2023-03-29,15,10,4477,208,0,0,21.5240384615385,0,0,4477,208,0,0,0,0
"8224",2023-03-29,15,15,4477,208,0,0,21.5240384615385,0,0,4477,208,0,0,0,0
"8225",2023-03-29,15,20,4477,208,0,0,21.5240384615385,0,0,4477,208,0,0,0,0
"8226",2023-03-29,15,25,4477,208,0,0,21.5240384615385,0,0,4477,208,0,0,0,0
"8227",2023-03-29,15,30,4477,208,0,0,21.5240384615385,0,0,4477,208,0,0,0,0
"8228",2023-03-29,15,35,4477,208,0,0,21.5240384615385,0,0,4477,208,0,0,0,0
"8229",2023-03-29,15,40,4477,208,0,0,21.5240384615385,0,0,4477,208,0,0,0,0
"8230",2023-03-29,15,45,4477,208,0,0,21.5240384615385,0,0,4477,208,0,0,0,0
"8231",2023-03-29,15,50,4477,208,0,0,21.5240384615385,0,0,4477,208,0,0,0,0
"8232",2023-03-29,15,55,4477,208,0,0,21.5240384615385,0,0,4477,208,0,0,0,0
"8233",2023-03-29,16,0,4477,208,0,0,21.5240384615385,0,0,4477,208,0,0,0,0
"8234",2023-03-29,16,5,4477,208,0,0,21.5240384615385,0,0,4477,208,0,0,0,0
"8235",2023-03-29,16,10,4477,208,0,0,21.5240384615385,0,0,4477,208,0,0,0,0
"8236",2023-03-29,16,15,4477,208,0,0,21.5240384615385,0,0,4477,208,0,0,0,0
"8237",2023-03-29,16,20,4477,208,0,0,21.5240384615385,0,0,4477,208,0,0,0,0
"8238",2023-03-29,16,25,4477,208,0,0,21.5240384615385,0,0,4477,208,0,0,0,0
"8239",2023-03-29,16,30,4477,208,0,0,21.5240384615385,0,0,4477,208,0,0,0,0
"8240",2023-03-29,16,35,4477,208,0,0,21.5240384615385,0,0,4477,208,0,0,0,0
"8241",2023-03-29,16,40,4477,208,0,0,21.5240384615385,0,0,4477,208,0,0,0,0
"8242",2023-03-29,16,45,4477,208,0,0,21.5240384615385,0,0,4477,208,0,0,0,0
"8243",2023-03-29,16,50,4477,208,0,0,21.5240384615385,0,0,4477,208,0,0,0,0
"8244",2023-03-29,16,55,4477,208,0,0,21.5240384615385,0,0,4477,208,0,0,0,0
"8245",2023-03-29,17,0,4477,208,0,0,21.5240384615385,0,0,4477,208,0,0,0,0
"8246",2023-03-29,17,5,4477,208,0,0,21.5240384615385,0,0,4477,208,0,0,0,0
"8247",2023-03-29,17,10,4477,208,0,0,21.5240384615385,0,0,4477,208,0,0,0,0
"8248",2023-03-29,17,15,4477,208,0,0,21.5240384615385,0,0,4477,208,0,0,0,0
"8249",2023-03-29,17,20,4477,208,0,0,21.5240384615385,0,0,4477,208,0,0,0,0
"8250",2023-03-29,17,25,4477,208,0,0,21.5240384615385,0,0,4477,208,0,0,0,0
"8251",2023-03-29,17,30,4477,208,0,0,21.5240384615385,0,0,4477,208,0,0,0,0
"8252",2023-03-29,17,35,4477,208,0,0,21.5240384615385,0,0,4477,208,0,0,0,0
"8253",2023-03-29,17,40,4477,208,0,0,21.5240384615385,0,0,4477,208,0,0,0,0
"8254",2023-03-29,17,45,4477,208,0,0,21.5240384615385,0,0,4477,208,0,0,0,0
"8255",2023-03-29,17,50,4477,208,0,0,21.5240384615385,0,0,4477,208,0,0,0,0
"8256",2023-03-29,17,55,4477,208,0,0,21.5240384615385,0,0,4477,208,0,0,0,0
"8257",2023-03-29,18,0,4477,208,0,0,21.5240384615385,0,0,4477,208,0,0,0,0
"8258",2023-03-29,18,5,4477,208,0,0,21.5240384615385,0,0,4477,208,0,0,0,0
"8259",2023-03-29,18,10,4477,208,0,0,21.5240384615385,0,0,4477,208,0,0,0,0
"8260",2023-03-29,18,15,4477,208,0,0,21.5240384615385,0,0,4477,208,0,0,0,0
"8261",2023-03-29,18,20,4477,208,0,0,21.5240384615385,0,0,4477,208,0,0,0,0
"8262",2023-03-29,18,25,4477,208,0,0,21.5240384615385,0,0,4477,208,0,0,0,0
"8263",2023-03-29,18,30,4477,208,0,0,21.5240384615385,0,0,4477,208,0,0,0,0
"8264",2023-03-29,18,35,4477,208,0,0,21.5240384615385,0,0,4477,208,0,0,0,0
"8265",2023-03-29,18,40,4477,208,0,0,21.5240384615385,0,0,4477,208,0,0,0,0
"8266",2023-03-29,18,45,4477,208,0,0,21.5240384615385,0,0,4477,208,0,0,0,0
"8267",2023-03-29,18,50,4477,208,0,0,21.5240384615385,0,0,4477,208,0,0,0,0
"8268",2023-03-29,18,55,4477,208,0,0,21.5240384615385,0,0,4477,208,0,0,0,0
"8269",2023-03-29,19,0,4477,208,0,0,21.5240384615385,0,0,4477,208,0,0,0,0
"8270",2023-03-29,19,5,4477,208,0,0,21.5240384615385,0,0,4477,208,0,0,0,0
"8271",2023-03-29,19,10,4477,208,0,0,21.5240384615385,0,0,4477,208,0,0,0,0
"8272",2023-03-29,19,15,4477,208,0,0,21.5240384615385,0,0,4477,208,0,0,0,0
"8273",2023-03-29,19,20,4477,208,0,0,21.5240384615385,0,0,4477,208,0,0,0,0
"8274",2023-03-29,19,25,4477,208,0,0,21.5240384615385,0,0,4477,208,0,0,0,0
"8275",2023-03-29,19,30,4477,208,0,0,21.5240384615385,0,0,4477,208,0,0,0,0
"8276",2023-03-29,19,35,4477,208,0,0,21.5240384615385,0,0,4477,208,0,0,0,0
"8277",2023-03-29,19,40,4477,208,0,0,21.5240384615385,0,0,4477,208,0,0,0,0
"8278",2023-03-29,19,45,4477,208,0,0,21.5240384615385,0,0,4477,208,0,0,0,0
"8279",2023-03-29,19,50,4477,208,0,0,21.5240384615385,0,0,4477,208,0,0,0,0
"8280",2023-03-29,19,55,4477,208,0,0,21.5240384615385,0,0,4477,208,0,0,0,0
"8281",2023-03-29,20,0,4477,208,0,0,21.5240384615385,0,0,4477,208,0,0,0,0
"8282",2023-03-29,20,5,4477,208,0,0,21.5240384615385,0,0,4477,208,0,0,0,0
"8283",2023-03-29,20,10,4477,208,0,0,21.5240384615385,0,0,4477,208,0,0,0,0
"8284",2023-03-29,20,15,4477,208,0,0,21.5240384615385,0,0,4477,208,0,0,0,0
"8285",2023-03-29,20,20,4477,208,0,0,21.5240384615385,0,0,4477,208,0,0,0,0
"8286",2023-03-29,20,25,4477,208,0,0,21.5240384615385,0,0,4477,208,0,0,0,0
"8287",2023-03-29,20,30,4477,208,0,0,21.5240384615385,0,0,4477,208,0,0,0,0
"8288",2023-03-29,20,35,4477,208,0,0,21.5240384615385,0,0,4477,208,0,0,0,0
"8289",2023-03-29,20,40,4477,208,0,0,21.5240384615385,0,0,4477,208,0,0,0,0
"8290",2023-03-29,20,45,4477,208,0,0,21.5240384615385,0,0,4477,208,0,0,0,0
"8291",2023-03-29,20,50,4477,208,0,0,21.5240384615385,0,0,4477,208,0,0,0,0
"8292",2023-03-29,20,55,4477,208,0,0,21.5240384615385,0,0,4477,208,0,0,0,0
"8293",2023-03-29,21,0,4477,208,0,0,21.5240384615385,0,0,4477,208,0,0,0,0
"8294",2023-03-29,21,5,4477,208,0,0,21.5240384615385,0,0,4477,208,0,0,0,0
"8295",2023-03-29,21,10,4477,208,0,0,21.5240384615385,0,0,4477,208,0,0,0,0
"8296",2023-03-29,21,15,4477,208,0,0,21.5240384615385,0,0,4477,208,0,0,0,0
"8297",2023-03-29,21,20,4477,208,0,0,21.5240384615385,0,0,4477,208,0,0,0,0
"8298",2023-03-29,21,25,4477,208,0,0,21.5240384615385,0,0,4477,208,0,0,0,0
"8299",2023-03-29,21,30,4477,208,0,0,21.5240384615385,0,0,4477,208,0,0,0,0
"8300",2023-03-29,21,35,4477,208,0,0,21.5240384615385,0,0,4477,208,0,0,0,0
"8301",2023-03-29,21,40,4477,208,0,0,21.5240384615385,0,0,4477,208,0,0,0,0
"8302",2023-03-29,21,45,4477,208,0,0,21.5240384615385,0,0,4477,208,0,0,0,0
"8303",2023-03-29,21,50,4477,208,0,0,21.5240384615385,0,0,4477,208,0,0,0,0
"8304",2023-03-29,21,55,4477,208,0,0,21.5240384615385,0,0,4477,208,0,0,0,0
"8305",2023-03-29,22,0,4477,208,0,0,21.5240384615385,0,0,4477,208,0,0,0,0
"8306",2023-03-29,22,5,4477,208,0,0,21.5240384615385,0,0,4477,208,0,0,0,0
"8307",2023-03-29,22,10,4477,208,0,0,21.5240384615385,0,0,4477,208,0,0,0,0
"8308",2023-03-29,22,15,4477,208,0,0,21.5240384615385,0,0,4477,208,0,0,0,0
"8309",2023-03-29,22,20,4477,208,0,0,21.5240384615385,0,0,4477,208,0,0,0,0
"8310",2023-03-29,22,25,4477,208,0,0,21.5240384615385,0,0,4477,208,0,0,0,0
"8311",2023-03-29,22,30,4477,208,0,0,21.5240384615385,0,0,4477,208,0,0,0,0
"8312",2023-03-29,22,35,4477,208,0,0,21.5240384615385,0,0,4477,208,0,0,0,0
"8313",2023-03-29,22,40,4477,208,0,0,21.5240384615385,0,0,4477,208,0,0,0,0
"8314",2023-03-29,22,45,4477,208,0,0,21.5240384615385,0,0,4477,208,0,0,0,0
"8315",2023-03-29,22,50,4477,208,0,0,21.5240384615385,0,0,4477,208,0,0,0,0
"8316",2023-03-29,22,55,4477,208,0,0,21.5240384615385,0,0,4477,208,0,0,0,0
"8317",2023-03-29,23,0,4477,208,0,0,21.5240384615385,0,0,4477,208,0,0,0,0
"8318",2023-03-29,23,5,4477,208,0,0,21.5240384615385,0,0,4477,208,0,0,0,0
"8319",2023-03-29,23,10,4477,208,0,0,21.5240384615385,0,0,4477,208,0,0,0,0
"8320",2023-03-29,23,15,4477,208,0,0,21.5240384615385,0,0,4477,208,0,0,0,0
"8321",2023-03-29,23,20,4477,208,0,0,21.5240384615385,0,0,4477,208,0,0,0,0
"8322",2023-03-29,23,25,4477,208,0,0,21.5240384615385,0,0,4477,208,0,0,0,0
"8323",2023-03-29,23,30,4477,208,0,0,21.5240384615385,0,0,4477,208,0,0,0,0
"8324",2023-03-29,23,35,4477,208,0,0,21.5240384615385,0,0,4477,208,0,0,0,0
"8325",2023-03-29,23,40,4477,208,0,0,21.5240384615385,0,0,4477,208,0,0,0,0
"8326",2023-03-29,23,45,4477,208,0,0,21.5240384615385,0,0,4477,208,0,0,0,0
"8327",2023-03-29,23,50,4477,208,0,0,21.5240384615385,0,0,4477,208,0,0,0,0
"8328",2023-03-29,23,55,4477,208,0,0,21.5240384615385,0,0,4477,208,0,0,0,0
"8329",2023-03-30,0,0,4477,208,0,0,21.5240384615385,0,0,4477,208,0,0,0,0
"8330",2023-03-30,0,5,4477,208,0,0,21.5240384615385,0,0,4477,208,0,0,0,0
"8331",2023-03-30,0,10,4477,208,0,0,21.5240384615385,0,0,4477,208,0,0,0,0
"8332",2023-03-30,0,15,4477,208,0,0,21.5240384615385,0,0,4477,208,0,0,0,0
"8333",2023-03-30,0,20,4477,208,0,0,21.5240384615385,0,0,4477,208,0,0,0,0
"8334",2023-03-30,0,25,4477,208,0,0,21.5240384615385,0,0,4477,208,0,0,0,0
"8335",2023-03-30,0,30,4477,208,0,0,21.5240384615385,0,0,4477,208,0,0,0,0
"8336",2023-03-30,0,35,4477,208,0,0,21.5240384615385,0,0,4477,208,0,0,0,0
"8337",2023-03-30,0,40,4477,208,0,0,21.5240384615385,0,0,4477,208,0,0,0,0
"8338",2023-03-30,0,45,4477,208,0,0,21.5240384615385,0,0,4477,208,0,0,0,0
"8339",2023-03-30,0,50,4477,208,0,0,21.5240384615385,0,0,4477,208,0,0,0,0
"8340",2023-03-30,0,55,4477,208,0,0,21.5240384615385,0,0,4477,208,0,0,0,0
"8341",2023-03-30,1,0,4477,208,0,0,21.5240384615385,0,0,4477,208,0,0,0,0
"8342",2023-03-30,1,5,4477,208,0,0,21.5240384615385,0,0,4477,208,0,0,0,0
"8343",2023-03-30,1,10,4477,208,0,0,21.5240384615385,0,0,4477,208,0,0,0,0
"8344",2023-03-30,1,15,4477,208,0,0,21.5240384615385,0,0,4477,208,0,0,0,0
"8345",2023-03-30,1,20,4477,208,0,0,21.5240384615385,0,0,4477,208,0,0,0,0
"8346",2023-03-30,1,25,4477,208,0,0,21.5240384615385,0,0,4477,208,0,0,0,0
"8347",2023-03-30,1,30,4477,208,0,0,21.5240384615385,0,0,4477,208,0,0,0,0
"8348",2023-03-30,1,35,4477,208,0,0,21.5240384615385,0,0,4477,208,0,0,0,0
"8349",2023-03-30,1,40,4477,208,0,0,21.5240384615385,0,0,4477,208,0,0,0,0
"8350",2023-03-30,1,45,4477,208,0,0,21.5240384615385,0,0,4477,208,0,0,0,0
"8351",2023-03-30,1,50,4477,208,0,0,21.5240384615385,0,0,4477,208,0,0,0,0
"8352",2023-03-30,1,55,4477,208,0,0,21.5240384615385,0,0,4477,208,0,0,0,0
"8353",2023-03-30,2,0,4477,208,0,0,21.5240384615385,0,0,4477,208,0,0,0,0
"8354",2023-03-30,2,5,4477,208,0,0,21.5240384615385,0,0,4477,208,0,0,0,0
"8355",2023-03-30,2,10,4477,208,0,0,21.5240384615385,0,0,4477,208,0,0,0,0
"8356",2023-03-30,2,15,4477,208,0,0,21.5240384615385,0,0,4477,208,0,0,0,0
"8357",2023-03-30,2,20,4477,208,0,0,21.5240384615385,0,0,4477,208,0,0,0,0
"8358",2023-03-30,2,25,4477,208,0,0,21.5240384615385,0,0,4477,208,0,0,0,0
"8359",2023-03-30,2,30,4477,208,0,0,21.5240384615385,0,0,4477,208,0,0,0,0
"8360",2023-03-30,2,35,4477,208,0,0,21.5240384615385,0,0,4477,208,0,0,0,0
"8361",2023-03-30,2,40,4477,208,0,0,21.5240384615385,0,0,4477,208,0,0,0,0
"8362",2023-03-30,2,45,4477,208,0,0,21.5240384615385,0,0,4477,208,0,0,0,0
"8363",2023-03-30,2,50,4477,208,0,0,21.5240384615385,0,0,4477,208,0,0,0,0
"8364",2023-03-30,2,55,4477,208,0,0,21.5240384615385,0,0,4477,208,0,0,0,0
"8365",2023-03-30,3,0,4477,208,0,0,21.5240384615385,0,0,4477,208,0,0,0,0
"8366",2023-03-30,3,5,4477,208,0,0,21.5240384615385,0,0,4477,208,0,0,0,0
"8367",2023-03-30,3,10,4477,208,0,0,21.5240384615385,0,0,4477,208,0,0,0,0
"8368",2023-03-30,3,15,4477,208,0,0,21.5240384615385,0,0,4477,208,0,0,0,0
"8369",2023-03-30,3,20,4477,208,0,0,21.5240384615385,0,0,4477,208,0,0,0,0
"8370",2023-03-30,3,25,4477,208,0,0,21.5240384615385,0,0,4477,208,0,0,0,0
"8371",2023-03-30,3,30,4477,208,0,0,21.5240384615385,0,0,4477,208,0,0,0,0
"8372",2023-03-30,3,35,4477,208,0,0,21.5240384615385,0,0,4477,208,0,0,0,0
"8373",2023-03-30,3,40,4477,208,0,0,21.5240384615385,0,0,4477,208,0,0,0,0
"8374",2023-03-30,3,45,4477,208,0,0,21.5240384615385,0,0,4477,208,0,0,0,0
"8375",2023-03-30,3,50,4477,208,0,0,21.5240384615385,0,0,4477,208,0,0,0,0
"8376",2023-03-30,3,55,4477,208,0,0,21.5240384615385,0,0,4477,208,0,0,0,0
"8377",2023-03-30,4,0,4477,208,0,0,21.5240384615385,0,0,4477,208,0,0,0,0
"8378",2023-03-30,4,5,4477,208,0,0,21.5240384615385,0,0,4477,208,0,0,0,0
"8379",2023-03-30,4,10,4477,208,0,0,21.5240384615385,0,0,4477,208,0,0,0,0
"8380",2023-03-30,4,15,4477,208,0,0,21.5240384615385,0,0,4477,208,0,0,0,0
"8381",2023-03-30,4,20,4477,208,0,0,21.5240384615385,0,0,4477,208,0,0,0,0
"8382",2023-03-30,4,25,4477,208,0,0,21.5240384615385,0,0,4477,208,0,0,0,0
"8383",2023-03-30,4,30,4477,208,0,0,21.5240384615385,0,0,4477,208,0,0,0,0
"8384",2023-03-30,4,35,4477,208,0,0,21.5240384615385,0,0,4477,208,0,0,0,0
"8385",2023-03-30,4,40,4477,208,0,0,21.5240384615385,0,0,4477,208,0,0,0,0
"8386",2023-03-30,4,45,4477,208,0,0,21.5240384615385,0,0,4477,208,0,0,0,0
"8387",2023-03-30,4,50,4477,208,0,0,21.5240384615385,0,0,4477,208,0,0,0,0
"8388",2023-03-30,4,55,4477,208,0,0,21.5240384615385,0,0,4477,208,0,0,0,0
"8389",2023-03-30,5,0,4477,208,0,0,21.5240384615385,0,0,4477,208,0,0,0,0
"8390",2023-03-30,5,5,4477,208,0,0,21.5240384615385,0,0,4477,208,0,0,0,0
"8391",2023-03-30,5,10,4477,208,0,0,21.5240384615385,0,0,4477,208,0,0,0,0
"8392",2023-03-30,5,15,4477,208,0,0,21.5240384615385,0,0,4477,208,0,0,0,0
"8393",2023-03-30,5,20,4477,208,0,0,21.5240384615385,0,0,4477,208,0,0,0,0
"8394",2023-03-30,5,25,4477,208,0,0,21.5240384615385,0,0,4477,208,0,0,0,0
"8395",2023-03-30,5,30,4477,208,0,0,21.5240384615385,0,0,4477,208,0,0,0,0
"8396",2023-03-30,5,35,4477,208,0,0,21.5240384615385,0,0,4477,208,0,0,0,0
"8397",2023-03-30,5,40,4477,208,0,0,21.5240384615385,0,0,4477,208,0,0,0,0
"8398",2023-03-30,5,45,4477,208,0,0,21.5240384615385,0,0,4477,208,0,0,0,0
"8399",2023-03-30,5,50,4477,208,0,0,21.5240384615385,0,0,4477,208,0,0,0,0
"8400",2023-03-30,5,55,4477,208,0,0,21.5240384615385,0,0,4477,208,0,0,0,0
"8401",2023-03-30,6,0,4477,208,0,0,21.5240384615385,0,0,4477,208,0,0,0,0
"8402",2023-03-30,6,5,4477,208,0,0,21.5240384615385,0,0,4477,208,0,0,0,0
"8403",2023-03-30,6,10,4477,208,0,0,21.5240384615385,0,0,4477,208,0,0,0,0
"8404",2023-03-30,6,15,4477,208,0,0,21.5240384615385,0,0,4477,208,0,0,0,0
"8405",2023-03-30,6,20,4477,208,0,0,21.5240384615385,0,0,4477,208,0,0,0,0
"8406",2023-03-30,6,25,4477,208,0,0,21.5240384615385,0,0,4477,208,0,0,0,0
"8407",2023-03-30,6,30,4477,208,0,0,21.5240384615385,0,0,4477,208,0,0,0,0
"8408",2023-03-30,6,35,4477,208,0,0,21.5240384615385,0,0,4477,208,0,0,0,0
"8409",2023-03-30,6,40,4477,208,0,0,21.5240384615385,0,0,4477,208,0,0,0,0
"8410",2023-03-30,6,45,4477,208,0,0,21.5240384615385,0,0,4477,208,0,0,0,0
"8411",2023-03-30,6,50,4477,208,0,0,21.5240384615385,0,0,4477,208,0,0,0,0
"8412",2023-03-30,6,55,4477,208,0,0,21.5240384615385,0,0,4477,208,0,0,0,0
"8413",2023-03-30,7,0,4477,208,0,0,21.5240384615385,0,0,4477,208,0,0,0,0
"8414",2023-03-30,7,5,4477,208,0,0,21.5240384615385,0,0,4477,208,0,0,0,0
"8415",2023-03-30,7,10,4477,208,0,0,21.5240384615385,0,0,4477,208,0,0,0,0
"8416",2023-03-30,7,15,4477,208,0,0,21.5240384615385,0,0,4477,208,0,0,0,0
"8417",2023-03-30,7,20,4477,208,0,0,21.5240384615385,0,0,4477,208,0,0,0,0
"8418",2023-03-30,7,25,4477,208,0,0,21.5240384615385,0,0,4477,208,0,0,0,0
"8419",2023-03-30,7,30,4477,208,0,0,21.5240384615385,0,0,4477,208,0,0,0,0
"8420",2023-03-30,7,35,4477,208,0,0,21.5240384615385,0,0,4477,208,0,0,0,0
"8421",2023-03-30,7,40,4477,208,0,0,21.5240384615385,0,0,4477,208,0,0,0,0
"8422",2023-03-30,7,45,4477,208,0,0,21.5240384615385,0,0,4477,208,0,0,0,0
"8423",2023-03-30,7,50,4477,208,0,0,21.5240384615385,0,0,4477,208,0,0,0,0
"8424",2023-03-30,7,55,4477,208,0,0,21.5240384615385,0,0,4477,208,0,0,0,0
"8425",2023-03-30,8,0,4477,208,0,0,21.5240384615385,0,0,4477,208,0,0,0,0
"8426",2023-03-30,8,5,4477,208,0,0,21.5240384615385,0,0,4477,208,0,0,0,0
"8427",2023-03-30,8,10,4477,208,0,0,21.5240384615385,0,0,4477,208,0,0,0,0
"8428",2023-03-30,8,15,4477,208,0,0,21.5240384615385,0,0,4477,208,0,0,0,0
"8429",2023-03-30,8,20,4477,208,0,0,21.5240384615385,0,0,4477,208,0,0,0,0
"8430",2023-03-30,8,25,4477,208,0,0,21.5240384615385,0,0,4477,208,0,0,0,0
"8431",2023-03-30,8,30,4477,208,0,0,21.5240384615385,0,0,4477,208,0,0,0,0
"8432",2023-03-30,8,35,4477,208,0,0,21.5240384615385,0,0,4477,208,0,0,0,0
"8433",2023-03-30,8,40,4477,208,0,0,21.5240384615385,0,0,4477,208,0,0,0,0
"8434",2023-03-30,8,45,4477,208,0,0,21.5240384615385,0,0,4477,208,0,0,0,0
"8435",2023-03-30,8,50,4477,208,0,0,21.5240384615385,0,0,4477,208,0,0,0,0
"8436",2023-03-30,8,55,4477,208,0,0,21.5240384615385,0,0,4477,208,0,0,0,0
"8437",2023-03-30,9,0,4477,208,0,0,21.5240384615385,0,0,4477,208,0,0,0,0
"8438",2023-03-30,9,5,4477,208,0,0,21.5240384615385,0,0,4477,208,0,0,0,0
"8439",2023-03-30,9,10,4477,208,0,0,21.5240384615385,0,0,4477,208,0,0,0,0
"8440",2023-03-30,9,15,4477,208,0,0,21.5240384615385,0,0,4477,208,0,0,0,0
"8441",2023-03-30,9,20,4477,208,0,0,21.5240384615385,0,0,4477,208,0,0,0,0
"8442",2023-03-30,9,25,4477,208,0,0,21.5240384615385,0,0,4477,208,0,0,0,0
"8443",2023-03-30,9,30,4477,208,0,0,21.5240384615385,0,0,4477,208,0,0,0,0
"8444",2023-03-30,9,35,4477,208,0,0,21.5240384615385,0,0,4477,208,0,0,0,0
"8445",2023-03-30,9,40,4477,208,0,0,21.5240384615385,0,0,4477,208,0,0,0,0
"8446",2023-03-30,9,45,4477,208,0,0,21.5240384615385,0,0,4477,208,0,0,0,0
"8447",2023-03-30,9,50,4477,208,0,0,21.5240384615385,0,0,4477,208,0,0,0,0
"8448",2023-03-30,9,55,4477,208,0,0,21.5240384615385,0,0,4477,208,0,0,0,0
"8449",2023-03-30,10,0,4477,208,0,0,21.5240384615385,0,0,4477,208,0,0,0,0
"8450",2023-03-30,10,5,4477,208,0,0,21.5240384615385,0,0,4477,208,0,0,0,0
"8451",2023-03-30,10,10,4477,208,0,0,21.5240384615385,0,0,4477,208,0,0,0,0
"8452",2023-03-30,10,15,4477,208,0,0,21.5240384615385,0,0,4477,208,0,0,0,0
"8453",2023-03-30,10,20,4477,208,0,0,21.5240384615385,0,0,4477,208,0,0,0,0
"8454",2023-03-30,10,25,4477,208,0,0,21.5240384615385,0,0,4477,208,0,0,0,0
"8455",2023-03-30,10,30,4477,208,0,0,21.5240384615385,0,0,4477,208,0,0,0,0
"8456",2023-03-30,10,35,4477,208,0,0,21.5240384615385,0,0,4477,208,0,0,0,0
"8457",2023-03-30,10,40,4477,208,0,0,21.5240384615385,0,0,4477,208,0,0,0,0
"8458",2023-03-30,10,45,4477,208,0,0,21.5240384615385,0,0,4477,208,0,0,0,0
"8459",2023-03-30,10,50,4477,208,0,0,21.5240384615385,0,0,4477,208,0,0,0,0
"8460",2023-03-30,10,55,4477,208,0,0,21.5240384615385,0,0,4477,208,0,0,0,0
"8461",2023-03-30,11,0,4477,208,0,0,21.5240384615385,0,0,4477,208,0,0,0,0
"8462",2023-03-30,11,5,4477,208,0,0,21.5240384615385,0,0,4477,208,0,0,0,0
"8463",2023-03-30,11,10,4477,208,0,0,21.5240384615385,0,0,4477,208,0,0,0,0
"8464",2023-03-30,11,15,4477,208,0,0,21.5240384615385,0,0,4477,208,0,0,0,0
"8465",2023-03-30,11,20,4477,208,0,0,21.5240384615385,0,0,4477,208,0,0,0,0
"8466",2023-03-30,11,25,4477,208,0,0,21.5240384615385,0,0,4477,208,0,0,0,0
"8467",2023-03-30,11,30,4477,208,0,0,21.5240384615385,0,0,4477,208,0,0,0,0
"8468",2023-03-30,11,35,4477,208,0,0,21.5240384615385,0,0,4477,208,0,0,0,0
"8469",2023-03-30,11,40,4477,208,0,0,21.5240384615385,0,0,4477,208,0,0,0,0
"8470",2023-03-30,11,45,4477,208,0,0,21.5240384615385,0,0,4477,208,0,0,0,0
"8471",2023-03-30,11,50,4477,208,0,0,21.5240384615385,0,0,4477,208,0,0,0,0
"8472",2023-03-30,11,55,4477,208,0,0,21.5240384615385,0,0,4477,208,0,0,0,0
"8473",2023-03-30,12,0,4477,208,0,0,21.5240384615385,0,0,4477,208,0,0,0,0
"8474",2023-03-30,12,5,4477,208,0,0,21.5240384615385,0,0,4477,208,0,0,0,0
"8475",2023-03-30,12,10,4477,208,0,0,21.5240384615385,0,0,4477,208,0,0,0,0
"8476",2023-03-30,12,15,4477,208,0,0,21.5240384615385,0,0,4477,208,0,0,0,0
"8477",2023-03-30,12,20,4477,208,0,0,21.5240384615385,0,0,4477,208,0,0,0,0
"8478",2023-03-30,12,25,4477,208,0,0,21.5240384615385,0,0,4477,208,0,0,0,0
"8479",2023-03-30,12,30,4477,208,0,0,21.5240384615385,0,0,4477,208,0,0,0,0
"8480",2023-03-30,12,35,4477,208,0,0,21.5240384615385,0,0,4477,208,0,0,0,0
"8481",2023-03-30,12,40,4477,208,0,0,21.5240384615385,0,0,4477,208,0,0,0,0
"8482",2023-03-30,12,45,4477,208,0,0,21.5240384615385,0,0,4477,208,0,0,0,0
"8483",2023-03-30,12,50,4477,208,0,0,21.5240384615385,0,0,4477,208,0,0,0,0
"8484",2023-03-30,12,55,4477,208,0,0,21.5240384615385,0,0,4477,208,0,0,0,0
"8485",2023-03-30,13,0,4477,208,0,0,21.5240384615385,0,0,4477,208,0,0,0,0
"8486",2023-03-30,13,5,4477,208,0,0,21.5240384615385,0,0,4477,208,0,0,0,0
"8487",2023-03-30,13,10,4477,208,0,0,21.5240384615385,0,0,4477,208,0,0,0,0
"8488",2023-03-30,13,15,4477,208,0,0,21.5240384615385,0,0,4477,208,0,0,0,0
"8489",2023-03-30,13,20,4477,208,0,0,21.5240384615385,0,0,4477,208,0,0,0,0
"8490",2023-03-30,13,25,4477,208,0,0,21.5240384615385,0,0,4477,208,0,0,0,0
"8491",2023-03-30,13,30,4477,208,0,0,21.5240384615385,0,0,4477,208,0,0,0,0
"8492",2023-03-30,13,35,4477,208,0,0,21.5240384615385,0,0,4477,208,0,0,0,0
"8493",2023-03-30,13,40,4477,208,0,0,21.5240384615385,0,0,4477,208,0,0,0,0
"8494",2023-03-30,13,45,4477,208,0,0,21.5240384615385,0,0,4477,208,0,0,0,0
"8495",2023-03-30,13,50,4477,208,0,0,21.5240384615385,0,0,4477,208,0,0,0,0
"8496",2023-03-30,13,55,4477,208,0,0,21.5240384615385,0,0,4477,208,0,0,0,0
"8497",2023-03-30,14,0,4477,208,0,0,21.5240384615385,0,0,4477,208,0,0,0,0
"8498",2023-03-30,14,5,4477,208,0,0,21.5240384615385,0,0,4477,208,0,0,0,0
"8499",2023-03-30,14,10,4477,208,0,0,21.5240384615385,0,0,4477,208,0,0,0,0
"8500",2023-03-30,14,15,4477,208,0,0,21.5240384615385,0,0,4477,208,0,0,0,0
"8501",2023-03-30,14,20,4477,208,0,0,21.5240384615385,0,0,4477,208,0,0,0,0
"8502",2023-03-30,14,25,4477,208,0,0,21.5240384615385,0,0,4477,208,0,0,0,0
"8503",2023-03-30,14,30,4477,208,0,0,21.5240384615385,0,0,4477,208,0,0,0,0
"8504",2023-03-30,14,35,4477,208,0,0,21.5240384615385,0,0,4477,208,0,0,0,0
"8505",2023-03-30,14,40,4477,208,0,0,21.5240384615385,0,0,4477,208,0,0,0,0
"8506",2023-03-30,14,45,4477,208,0,0,21.5240384615385,0,0,4477,208,0,0,0,0
"8507",2023-03-30,14,50,4477,208,0,0,21.5240384615385,0,0,4477,208,0,0,0,0
"8508",2023-03-30,14,55,4477,208,0,0,21.5240384615385,0,0,4477,208,0,0,0,0
"8509",2023-03-30,15,0,4477,208,0,0,21.5240384615385,0,0,4477,208,0,0,0,0
"8510",2023-03-30,15,5,4477,208,0,0,21.5240384615385,0,0,4477,208,0,0,0,0
"8511",2023-03-30,15,10,4477,208,0,0,21.5240384615385,0,0,4477,208,0,0,0,0
"8512",2023-03-30,15,15,4477,208,0,0,21.5240384615385,0,0,4477,208,0,0,0,0
"8513",2023-03-30,15,20,4477,208,0,0,21.5240384615385,0,0,4477,208,0,0,0,0
"8514",2023-03-30,15,25,4477,208,0,0,21.5240384615385,0,0,4477,208,0,0,0,0
"8515",2023-03-30,15,30,4477,208,0,0,21.5240384615385,0,0,4477,208,0,0,0,0
"8516",2023-03-30,15,35,4477,208,0,0,21.5240384615385,0,0,4477,208,0,0,0,0
"8517",2023-03-30,15,40,4477,208,0,0,21.5240384615385,0,0,4477,208,0,0,0,0
"8518",2023-03-30,15,45,4477,208,0,0,21.5240384615385,0,0,4477,208,0,0,0,0
"8519",2023-03-30,15,50,4477,208,0,0,21.5240384615385,0,0,4477,208,0,0,0,0
"8520",2023-03-30,15,55,4477,208,0,0,21.5240384615385,0,0,4477,208,0,0,0,0
"8521",2023-03-30,16,0,4477,208,0,0,21.5240384615385,0,0,4477,208,0,0,0,0
"8522",2023-03-30,16,5,4477,208,0,0,21.5240384615385,0,0,4477,208,0,0,0,0
"8523",2023-03-30,16,10,4477,208,0,0,21.5240384615385,0,0,4477,208,0,0,0,0
"8524",2023-03-30,16,15,4477,208,0,0,21.5240384615385,0,0,4477,208,0,0,0,0
"8525",2023-03-30,16,20,4477,208,0,0,21.5240384615385,0,0,4477,208,0,0,0,0
"8526",2023-03-30,16,25,4477,208,0,0,21.5240384615385,0,0,4477,208,0,0,0,0
"8527",2023-03-30,16,30,4477,208,0,0,21.5240384615385,0,0,4477,208,0,0,0,0
"8528",2023-03-30,16,35,4477,208,0,0,21.5240384615385,0,0,4477,208,0,0,0,0
"8529",2023-03-30,16,40,4477,208,0,0,21.5240384615385,0,0,4477,208,0,0,0,0
"8530",2023-03-30,16,45,4477,208,0,0,21.5240384615385,0,0,4477,208,0,0,0,0
"8531",2023-03-30,16,50,4477,208,0,0,21.5240384615385,0,0,4477,208,0,0,0,0
"8532",2023-03-30,16,55,4477,208,0,0,21.5240384615385,0,0,4477,208,0,0,0,0
"8533",2023-03-30,17,0,4477,208,0,0,21.5240384615385,0,0,4477,208,0,0,0,0
"8534",2023-03-30,17,5,4477,208,0,0,21.5240384615385,0,0,4477,208,0,0,0,0
"8535",2023-03-30,17,10,4477,208,0,0,21.5240384615385,0,0,4477,208,0,0,0,0
"8536",2023-03-30,17,15,4477,208,0,0,21.5240384615385,0,0,4477,208,0,0,0,0
"8537",2023-03-30,17,20,4477,208,0,0,21.5240384615385,0,0,4477,208,0,0,0,0
"8538",2023-03-30,17,25,4477,208,0,0,21.5240384615385,0,0,4477,208,0,0,0,0
"8539",2023-03-30,17,30,4477,208,0,0,21.5240384615385,0,0,4477,208,0,0,0,0
"8540",2023-03-30,17,35,4477,208,0,0,21.5240384615385,0,0,4477,208,0,0,0,0
"8541",2023-03-30,17,40,4477,208,0,0,21.5240384615385,0,0,4477,208,0,0,0,0
"8542",2023-03-30,17,45,4477,208,0,0,21.5240384615385,0,0,4477,208,0,0,0,0
"8543",2023-03-30,17,50,4477,208,0,0,21.5240384615385,0,0,4477,208,0,0,0,0
"8544",2023-03-30,17,55,4477,208,0,0,21.5240384615385,0,0,4477,208,0,0,0,0
"8545",2023-03-30,18,0,4477,208,0,0,21.5240384615385,0,0,4477,208,0,0,0,0
"8546",2023-03-30,18,5,4477,208,0,0,21.5240384615385,0,0,4477,208,0,0,0,0
"8547",2023-03-30,18,10,4477,208,0,0,21.5240384615385,0,0,4477,208,0,0,0,0
"8548",2023-03-30,18,15,4477,208,0,0,21.5240384615385,0,0,4477,208,0,0,0,0
"8549",2023-03-30,18,20,4477,208,0,0,21.5240384615385,0,0,4477,208,0,0,0,0
"8550",2023-03-30,18,25,4477,208,0,0,21.5240384615385,0,0,4477,208,0,0,0,0
"8551",2023-03-30,18,30,4477,208,0,0,21.5240384615385,0,0,4477,208,0,0,0,0
"8552",2023-03-30,18,35,4477,208,0,0,21.5240384615385,0,0,4477,208,0,0,0,0
"8553",2023-03-30,18,40,4477,208,0,0,21.5240384615385,0,0,4477,208,0,0,0,0
"8554",2023-03-30,18,45,4477,208,0,0,21.5240384615385,0,0,4477,208,0,0,0,0
"8555",2023-03-30,18,50,4477,208,0,0,21.5240384615385,0,0,4477,208,0,0,0,0
"8556",2023-03-30,18,55,4477,208,0,0,21.5240384615385,0,0,4477,208,0,0,0,0
"8557",2023-03-30,19,0,4477,208,0,0,21.5240384615385,0,0,4477,208,0,0,0,0
"8558",2023-03-30,19,5,4477,208,0,0,21.5240384615385,0,0,4477,208,0,0,0,0
"8559",2023-03-30,19,10,4477,208,0,0,21.5240384615385,0,0,4477,208,0,0,0,0
"8560",2023-03-30,19,15,4477,208,0,0,21.5240384615385,0,0,4477,208,0,0,0,0
"8561",2023-03-30,19,20,4477,208,0,0,21.5240384615385,0,0,4477,208,0,0,0,0
"8562",2023-03-30,19,25,4477,208,0,0,21.5240384615385,0,0,4477,208,0,0,0,0
"8563",2023-03-30,19,30,4477,208,0,0,21.5240384615385,0,0,4477,208,0,0,0,0
"8564",2023-03-30,19,35,4477,208,0,0,21.5240384615385,0,0,4477,208,0,0,0,0
"8565",2023-03-30,19,40,4477,208,0,0,21.5240384615385,0,0,4477,208,0,0,0,0
"8566",2023-03-30,19,45,4477,208,0,0,21.5240384615385,0,0,4477,208,0,0,0,0
"8567",2023-03-30,19,50,4477,208,0,0,21.5240384615385,0,0,4477,208,0,0,0,0
"8568",2023-03-30,19,55,4477,208,0,0,21.5240384615385,0,0,4477,208,0,0,0,0
"8569",2023-03-30,20,0,4477,208,0,0,21.5240384615385,0,0,4477,208,0,0,0,0
"8570",2023-03-30,20,5,4477,208,0,0,21.5240384615385,0,0,4477,208,0,0,0,0
"8571",2023-03-30,20,10,4477,208,0,0,21.5240384615385,0,0,4477,208,0,0,0,0
"8572",2023-03-30,20,15,4477,208,0,0,21.5240384615385,0,0,4477,208,0,0,0,0
"8573",2023-03-30,20,20,4477,208,0,0,21.5240384615385,0,0,4477,208,0,0,0,0
"8574",2023-03-30,20,25,4477,208,0,0,21.5240384615385,0,0,4477,208,0,0,0,0
"8575",2023-03-30,20,30,4477,208,0,0,21.5240384615385,0,0,4477,208,0,0,0,0
"8576",2023-03-30,20,35,4477,208,0,0,21.5240384615385,0,0,4477,208,0,0,0,0
"8577",2023-03-30,20,40,4477,208,0,0,21.5240384615385,0,0,4477,208,0,0,0,0
"8578",2023-03-30,20,45,4477,208,0,0,21.5240384615385,0,0,4477,208,0,0,0,0
"8579",2023-03-30,20,50,4477,208,0,0,21.5240384615385,0,0,4477,208,0,0,0,0
"8580",2023-03-30,20,55,4477,208,0,0,21.5240384615385,0,0,4477,208,0,0,0,0
"8581",2023-03-30,21,0,4477,208,0,0,21.5240384615385,0,0,4477,208,0,0,0,0
"8582",2023-03-30,21,5,4477,208,0,0,21.5240384615385,0,0,4477,208,0,0,0,0
"8583",2023-03-30,21,10,4477,208,0,0,21.5240384615385,0,0,4477,208,0,0,0,0
"8584",2023-03-30,21,15,4477,208,0,0,21.5240384615385,0,0,4477,208,0,0,0,0
"8585",2023-03-30,21,20,4477,208,0,0,21.5240384615385,0,0,4477,208,0,0,0,0
"8586",2023-03-30,21,25,4477,208,0,0,21.5240384615385,0,0,4477,208,0,0,0,0
"8587",2023-03-30,21,30,4477,208,0,0,21.5240384615385,0,0,4477,208,0,0,0,0
"8588",2023-03-30,21,35,4477,208,0,0,21.5240384615385,0,0,4477,208,0,0,0,0
"8589",2023-03-30,21,40,4477,208,0,0,21.5240384615385,0,0,4477,208,0,0,0,0
"8590",2023-03-30,21,45,4477,208,0,0,21.5240384615385,0,0,4477,208,0,0,0,0
"8591",2023-03-30,21,50,4477,208,0,0,21.5240384615385,0,0,4477,208,0,0,0,0
"8592",2023-03-30,21,55,4477,208,0,0,21.5240384615385,0,0,4477,208,0,0,0,0
"8593",2023-03-30,22,0,4477,208,0,0,21.5240384615385,0,0,4477,208,0,0,0,0
"8594",2023-03-30,22,5,4477,208,0,0,21.5240384615385,0,0,4477,208,0,0,0,0
"8595",2023-03-30,22,10,4477,208,0,0,21.5240384615385,0,0,4477,208,0,0,0,0
"8596",2023-03-30,22,15,4477,208,0,0,21.5240384615385,0,0,4477,208,0,0,0,0
"8597",2023-03-30,22,20,4477,208,0,0,21.5240384615385,0,0,4477,208,0,0,0,0
"8598",2023-03-30,22,25,4477,208,0,0,21.5240384615385,0,0,4477,208,0,0,0,0
"8599",2023-03-30,22,30,4477,208,0,0,21.5240384615385,0,0,4477,208,0,0,0,0
"8600",2023-03-30,22,35,4477,208,0,0,21.5240384615385,0,0,4477,208,0,0,0,0
"8601",2023-03-30,22,40,4477,208,0,0,21.5240384615385,0,0,4477,208,0,0,0,0
"8602",2023-03-30,22,45,4477,208,0,0,21.5240384615385,0,0,4477,208,0,0,0,0
"8603",2023-03-30,22,50,4477,208,0,0,21.5240384615385,0,0,4477,208,0,0,0,0
"8604",2023-03-30,22,55,4477,208,0,0,21.5240384615385,0,0,4477,208,0,0,0,0
"8605",2023-03-30,23,0,4477,208,0,0,21.5240384615385,0,0,4477,208,0,0,0,0
"8606",2023-03-30,23,5,4477,208,0,0,21.5240384615385,0,0,4477,208,0,0,0,0
"8607",2023-03-30,23,10,4477,208,0,0,21.5240384615385,0,0,4477,208,0,0,0,0
"8608",2023-03-30,23,15,4477,208,0,0,21.5240384615385,0,0,4477,208,0,0,0,0
"8609",2023-03-30,23,20,4477,208,0,0,21.5240384615385,0,0,4477,208,0,0,0,0
"8610",2023-03-30,23,25,4477,208,0,0,21.5240384615385,0,0,4477,208,0,0,0,0
"8611",2023-03-30,23,30,4477,208,0,0,21.5240384615385,0,0,4477,208,0,0,0,0
"8612",2023-03-30,23,35,4477,208,0,0,21.5240384615385,0,0,4477,208,0,0,0,0
"8613",2023-03-30,23,40,4477,208,0,0,21.5240384615385,0,0,4477,208,0,0,0,0
"8614",2023-03-30,23,45,4477,208,0,0,21.5240384615385,0,0,4477,208,0,0,0,0
"8615",2023-03-30,23,50,4477,208,0,0,21.5240384615385,0,0,4477,208,0,0,0,0
"8616",2023-03-30,23,55,4477,208,0,0,21.5240384615385,0,0,4477,208,0,0,0,0
"8617",2023-03-31,0,0,4755,207,0,0,22.9710144927536,0,0,4755,207,0,0,0,0
"8618",2023-03-31,0,5,4755,207,0,0,22.9710144927536,0,0,4755,207,0,0,0,0
"8619",2023-03-31,0,10,4755,207,0,0,22.9710144927536,0,0,4755,207,0,0,0,0
"8620",2023-03-31,0,15,4755,207,0,0,22.9710144927536,0,0,4755,207,0,0,0,0
"8621",2023-03-31,0,20,4755,207,0,0,22.9710144927536,0,0,4755,207,0,0,0,0
"8622",2023-03-31,0,25,4755,207,0,0,22.9710144927536,0,0,4755,207,0,0,0,0
"8623",2023-03-31,0,30,4755,207,0,0,22.9710144927536,0,0,4755,207,0,0,0,0
"8624",2023-03-31,0,35,4755,207,0,0,22.9710144927536,0,0,4755,207,0,0,0,0
"8625",2023-03-31,0,40,4755,207,0,0,22.9710144927536,0,0,4755,207,0,0,0,0
"8626",2023-03-31,0,45,4755,207,0,0,22.9710144927536,0,0,4755,207,0,0,0,0
"8627",2023-03-31,0,50,4755,207,0,0,22.9710144927536,0,0,4755,207,0,0,0,0
"8628",2023-03-31,0,55,4755,207,0,0,22.9710144927536,0,0,4755,207,0,0,0,0
"8629",2023-03-31,1,0,4755,207,0,0,22.9710144927536,0,0,4755,207,0,0,0,0
"8630",2023-03-31,1,5,4755,207,0,0,22.9710144927536,0,0,4755,207,0,0,0,0
"8631",2023-03-31,1,10,4755,207,0,0,22.9710144927536,0,0,4755,207,0,0,0,0
"8632",2023-03-31,1,15,4755,207,0,0,22.9710144927536,0,0,4755,207,0,0,0,0
"8633",2023-03-31,1,20,4755,207,0,0,22.9710144927536,0,0,4755,207,0,0,0,0
"8634",2023-03-31,1,25,4755,207,0,0,22.9710144927536,0,0,4755,207,0,0,0,0
"8635",2023-03-31,1,30,4755,207,0,0,22.9710144927536,0,0,4755,207,0,0,0,0
"8636",2023-03-31,1,35,4755,207,0,0,22.9710144927536,0,0,4755,207,0,0,0,0
"8637",2023-03-31,1,40,4755,207,0,0,22.9710144927536,0,0,4755,207,0,0,0,0
"8638",2023-03-31,1,45,4755,207,0,0,22.9710144927536,0,0,4755,207,0,0,0,0
"8639",2023-03-31,1,50,4755,207,0,0,22.9710144927536,0,0,4755,207,0,0,0,0
"8640",2023-03-31,1,55,4755,207,0,0,22.9710144927536,0,0,4755,207,0,0,0,0
"8641",2023-03-31,2,0,4477,208,0,0,21.5240384615385,0,0,4477,208,0,0,0,0
"8642",2023-03-31,2,5,4477,208,0,0,21.5240384615385,0,0,4477,208,0,0,0,0
"8643",2023-03-31,2,10,4477,208,0,0,21.5240384615385,0,0,4477,208,0,0,0,0
"8644",2023-03-31,2,15,4477,208,0,0,21.5240384615385,0,0,4477,208,0,0,0,0
"8645",2023-03-31,2,20,4477,208,0,0,21.5240384615385,0,0,4477,208,0,0,0,0
"8646",2023-03-31,2,25,4477,208,0,0,21.5240384615385,0,0,4477,208,0,0,0,0
"8647",2023-03-31,2,30,4477,208,0,0,21.5240384615385,0,0,4477,208,0,0,0,0
"8648",2023-03-31,2,35,4477,208,0,0,21.5240384615385,0,0,4477,208,0,0,0,0
"8649",2023-03-31,2,40,4477,208,0,0,21.5240384615385,0,0,4477,208,0,0,0,0
"8650",2023-03-31,2,45,4477,208,0,0,21.5240384615385,0,0,4477,208,0,0,0,0
"8651",2023-03-31,2,50,4477,208,0,0,21.5240384615385,0,0,4477,208,0,0,0,0
"8652",2023-03-31,2,55,4477,208,0,0,21.5240384615385,0,0,4477,208,0,0,0,0
"8653",2023-03-31,3,0,4477,208,0,0,21.5240384615385,0,0,4477,208,0,0,0,0
"8654",2023-03-31,3,5,4477,208,0,0,21.5240384615385,0,0,4477,208,0,0,0,0
"8655",2023-03-31,3,10,4477,208,0,0,21.5240384615385,0,0,4477,208,0,0,0,0
"8656",2023-03-31,3,15,4477,208,0,0,21.5240384615385,0,0,4477,208,0,0,0,0
"8657",2023-03-31,3,20,4477,208,0,0,21.5240384615385,0,0,4477,208,0,0,0,0
"8658",2023-03-31,3,25,4477,208,0,0,21.5240384615385,0,0,4477,208,0,0,0,0
"8659",2023-03-31,3,30,4477,208,0,0,21.5240384615385,0,0,4477,208,0,0,0,0
"8660",2023-03-31,3,35,4477,208,0,0,21.5240384615385,0,0,4477,208,0,0,0,0
"8661",2023-03-31,3,40,4477,208,0,0,21.5240384615385,0,0,4477,208,0,0,0,0
"8662",2023-03-31,3,45,4477,208,0,0,21.5240384615385,0,0,4477,208,0,0,0,0
"8663",2023-03-31,3,50,4477,208,0,0,21.5240384615385,0,0,4477,208,0,0,0,0
"8664",2023-03-31,3,55,4477,208,0,0,21.5240384615385,0,0,4477,208,0,0,0,0
"8665",2023-03-31,4,0,4477,208,0,0,21.5240384615385,0,0,4477,208,0,0,0,0
"8666",2023-03-31,4,5,4477,208,0,0,21.5240384615385,0,0,4477,208,0,0,0,0
"8667",2023-03-31,4,10,4477,208,0,0,21.5240384615385,0,0,4477,208,0,0,0,0
"8668",2023-03-31,4,15,4477,208,0,0,21.5240384615385,0,0,4477,208,0,0,0,0
"8669",2023-03-31,4,20,4477,208,0,0,21.5240384615385,0,0,4477,208,0,0,0,0
"8670",2023-03-31,4,25,4477,208,0,0,21.5240384615385,0,0,4477,208,0,0,0,0
"8671",2023-03-31,4,30,4477,208,0,0,21.5240384615385,0,0,4477,208,0,0,0,0
"8672",2023-03-31,4,35,4477,208,0,0,21.5240384615385,0,0,4477,208,0,0,0,0
"8673",2023-03-31,4,40,4477,208,0,0,21.5240384615385,0,0,4477,208,0,0,0,0
"8674",2023-03-31,4,45,4477,208,0,0,21.5240384615385,0,0,4477,208,0,0,0,0
"8675",2023-03-31,4,50,4477,208,0,0,21.5240384615385,0,0,4477,208,0,0,0,0
"8676",2023-03-31,4,55,4477,208,0,0,21.5240384615385,0,0,4477,208,0,0,0,0
"8677",2023-03-31,5,0,4477,208,0,0,21.5240384615385,0,0,4477,208,0,0,0,0
"8678",2023-03-31,5,5,4477,208,0,0,21.5240384615385,0,0,4477,208,0,0,0,0
"8679",2023-03-31,5,10,4477,208,0,0,21.5240384615385,0,0,4477,208,0,0,0,0
"8680",2023-03-31,5,15,4477,208,0,0,21.5240384615385,0,0,4477,208,0,0,0,0
"8681",2023-03-31,5,20,4477,208,0,0,21.5240384615385,0,0,4477,208,0,0,0,0
"8682",2023-03-31,5,25,4477,208,0,0,21.5240384615385,0,0,4477,208,0,0,0,0
"8683",2023-03-31,5,30,4477,208,0,0,21.5240384615385,0,0,4477,208,0,0,0,0
"8684",2023-03-31,5,35,4477,208,0,0,21.5240384615385,0,0,4477,208,0,0,0,0
"8685",2023-03-31,5,40,4477,208,0,0,21.5240384615385,0,0,4477,208,0,0,0,0
"8686",2023-03-31,5,45,4477,208,0,0,21.5240384615385,0,0,4477,208,0,0,0,0
"8687",2023-03-31,5,50,4477,208,0,0,21.5240384615385,0,0,4477,208,0,0,0,0
"8688",2023-03-31,5,55,4477,208,0,0,21.5240384615385,0,0,4477,208,0,0,0,0
"8689",2023-03-31,6,0,4477,208,0,0,21.5240384615385,0,0,4477,208,0,0,0,0
"8690",2023-03-31,6,5,4477,208,0,0,21.5240384615385,0,0,4477,208,0,0,0,0
"8691",2023-03-31,6,10,4477,208,0,0,21.5240384615385,0,0,4477,208,0,0,0,0
"8692",2023-03-31,6,15,4477,208,0,0,21.5240384615385,0,0,4477,208,0,0,0,0
"8693",2023-03-31,6,20,4477,208,0,0,21.5240384615385,0,0,4477,208,0,0,0,0
"8694",2023-03-31,6,25,4477,208,0,0,21.5240384615385,0,0,4477,208,0,0,0,0
"8695",2023-03-31,6,30,4477,208,0,0,21.5240384615385,0,0,4477,208,0,0,0,0
"8696",2023-03-31,6,35,4477,208,0,0,21.5240384615385,0,0,4477,208,0,0,0,0
"8697",2023-03-31,6,40,4477,208,0,0,21.5240384615385,0,0,4477,208,0,0,0,0
"8698",2023-03-31,6,45,4477,208,0,0,21.5240384615385,0,0,4477,208,0,0,0,0
"8699",2023-03-31,6,50,4477,208,0,0,21.5240384615385,0,0,4477,208,0,0,0,0
"8700",2023-03-31,6,55,4477,208,0,0,21.5240384615385,0,0,4477,208,0,0,0,0
"8701",2023-03-31,7,0,4477,208,0,0,21.5240384615385,0,0,4477,208,0,0,0,0
"8702",2023-03-31,7,5,4477,208,0,0,21.5240384615385,0,0,4477,208,0,0,0,0
"8703",2023-03-31,7,10,4477,208,0,0,21.5240384615385,0,0,4477,208,0,0,0,0
"8704",2023-03-31,7,15,4477,208,0,0,21.5240384615385,0,0,4477,208,0,0,0,0
"8705",2023-03-31,7,20,4477,208,0,0,21.5240384615385,0,0,4477,208,0,0,0,0
"8706",2023-03-31,7,25,4477,208,0,0,21.5240384615385,0,0,4477,208,0,0,0,0
"8707",2023-03-31,7,30,4477,208,0,0,21.5240384615385,0,0,4477,208,0,0,0,0
"8708",2023-03-31,7,35,4477,208,0,0,21.5240384615385,0,0,4477,208,0,0,0,0
"8709",2023-03-31,7,40,4477,208,0,0,21.5240384615385,0,0,4477,208,0,0,0,0
"8710",2023-03-31,7,45,4477,208,0,0,21.5240384615385,0,0,4477,208,0,0,0,0
"8711",2023-03-31,7,50,4477,208,0,0,21.5240384615385,0,0,4477,208,0,0,0,0
"8712",2023-03-31,7,55,4477,208,0,0,21.5240384615385,0,0,4477,208,0,0,0,0
"8713",2023-03-31,8,0,4477,208,0,0,21.5240384615385,0,0,4477,208,0,0,0,0
"8714",2023-03-31,8,5,4477,208,0,0,21.5240384615385,0,0,4477,208,0,0,0,0
"8715",2023-03-31,8,10,4477,208,0,0,21.5240384615385,0,0,4477,208,0,0,0,0
"8716",2023-03-31,8,15,4477,208,0,0,21.5240384615385,0,0,4477,208,0,0,0,0
"8717",2023-03-31,8,20,4477,208,0,0,21.5240384615385,0,0,4477,208,0,0,0,0
"8718",2023-03-31,8,25,4477,208,0,0,21.5240384615385,0,0,4477,208,0,0,0,0
"8719",2023-03-31,8,30,4477,208,0,0,21.5240384615385,0,0,4477,208,0,0,0,0
"8720",2023-03-31,8,35,4477,208,0,0,21.5240384615385,0,0,4477,208,0,0,0,0
"8721",2023-03-31,8,40,4477,208,0,0,21.5240384615385,0,0,4477,208,0,0,0,0
"8722",2023-03-31,8,45,4477,208,0,0,21.5240384615385,0,0,4477,208,0,0,0,0
"8723",2023-03-31,8,50,4477,208,0,0,21.5240384615385,0,0,4477,208,0,0,0,0
"8724",2023-03-31,8,55,4477,208,0,0,21.5240384615385,0,0,4477,208,0,0,0,0
"8725",2023-03-31,9,0,4477,208,0,0,21.5240384615385,0,0,4477,208,0,0,0,0
"8726",2023-03-31,9,5,4477,208,0,0,21.5240384615385,0,0,4477,208,0,0,0,0
"8727",2023-03-31,9,10,4477,208,0,0,21.5240384615385,0,0,4477,208,0,0,0,0
"8728",2023-03-31,9,15,4477,208,0,0,21.5240384615385,0,0,4477,208,0,0,0,0
"8729",2023-03-31,9,20,4477,208,0,0,21.5240384615385,0,0,4477,208,0,0,0,0
"8730",2023-03-31,9,25,4477,208,0,0,21.5240384615385,0,0,4477,208,0,0,0,0
"8731",2023-03-31,9,30,4477,208,0,0,21.5240384615385,0,0,4477,208,0,0,0,0
"8732",2023-03-31,9,35,4477,208,0,0,21.5240384615385,0,0,4477,208,0,0,0,0
"8733",2023-03-31,9,40,4477,208,0,0,21.5240384615385,0,0,4477,208,0,0,0,0
"8734",2023-03-31,9,45,4477,208,0,0,21.5240384615385,0,0,4477,208,0,0,0,0
"8735",2023-03-31,9,50,4477,208,0,0,21.5240384615385,0,0,4477,208,0,0,0,0
"8736",2023-03-31,9,55,4477,208,0,0,21.5240384615385,0,0,4477,208,0,0,0,0
"8737",2023-03-31,10,0,4477,208,0,0,21.5240384615385,0,0,4477,208,0,0,0,0
"8738",2023-03-31,10,5,4477,208,0,0,21.5240384615385,0,0,4477,208,0,0,0,0
"8739",2023-03-31,10,10,4477,208,0,0,21.5240384615385,0,0,4477,208,0,0,0,0
"8740",2023-03-31,10,15,4477,208,0,0,21.5240384615385,0,0,4477,208,0,0,0,0
"8741",2023-03-31,10,20,4477,208,0,0,21.5240384615385,0,0,4477,208,0,0,0,0
"8742",2023-03-31,10,25,4477,208,0,0,21.5240384615385,0,0,4477,208,0,0,0,0
"8743",2023-03-31,10,30,4477,208,0,0,21.5240384615385,0,0,4477,208,0,0,0,0
"8744",2023-03-31,10,35,4477,208,0,0,21.5240384615385,0,0,4477,208,0,0,0,0
"8745",2023-03-31,10,40,4477,208,0,0,21.5240384615385,0,0,4477,208,0,0,0,0
"8746",2023-03-31,10,45,4477,208,0,0,21.5240384615385,0,0,4477,208,0,0,0,0
"8747",2023-03-31,10,50,4477,208,0,0,21.5240384615385,0,0,4477,208,0,0,0,0
"8748",2023-03-31,10,55,4477,208,0,0,21.5240384615385,0,0,4477,208,0,0,0,0
"8749",2023-03-31,11,0,4477,208,0,0,21.5240384615385,0,0,4477,208,0,0,0,0
"8750",2023-03-31,11,5,4477,208,0,0,21.5240384615385,0,0,4477,208,0,0,0,0
"8751",2023-03-31,11,10,4477,208,0,0,21.5240384615385,0,0,4477,208,0,0,0,0
"8752",2023-03-31,11,15,4477,208,0,0,21.5240384615385,0,0,4477,208,0,0,0,0
"8753",2023-03-31,11,20,4477,208,0,0,21.5240384615385,0,0,4477,208,0,0,0,0
"8754",2023-03-31,11,25,4477,208,0,0,21.5240384615385,0,0,4477,208,0,0,0,0
"8755",2023-03-31,11,30,4477,208,0,0,21.5240384615385,0,0,4477,208,0,0,0,0
"8756",2023-03-31,11,35,4477,208,0,0,21.5240384615385,0,0,4477,208,0,0,0,0
"8757",2023-03-31,11,40,4477,208,0,0,21.5240384615385,0,0,4477,208,0,0,0,0
"8758",2023-03-31,11,45,4477,208,0,0,21.5240384615385,0,0,4477,208,0,0,0,0
"8759",2023-03-31,11,50,4477,208,0,0,21.5240384615385,0,0,4477,208,0,0,0,0
"8760",2023-03-31,11,55,4477,208,0,0,21.5240384615385,0,0,4477,208,0,0,0,0
"8761",2023-03-31,12,0,4477,208,0,0,21.5240384615385,0,0,4477,208,0,0,0,0
"8762",2023-03-31,12,5,4477,208,0,0,21.5240384615385,0,0,4477,208,0,0,0,0
"8763",2023-03-31,12,10,4477,208,0,0,21.5240384615385,0,0,4477,208,0,0,0,0
"8764",2023-03-31,12,15,4477,208,0,0,21.5240384615385,0,0,4477,208,0,0,0,0
"8765",2023-03-31,12,20,4477,208,0,0,21.5240384615385,0,0,4477,208,0,0,0,0
"8766",2023-03-31,12,25,4477,208,0,0,21.5240384615385,0,0,4477,208,0,0,0,0
"8767",2023-03-31,12,30,4477,208,0,0,21.5240384615385,0,0,4477,208,0,0,0,0
"8768",2023-03-31,12,35,4477,208,0,0,21.5240384615385,0,0,4477,208,0,0,0,0
"8769",2023-03-31,12,40,4477,208,0,0,21.5240384615385,0,0,4477,208,0,0,0,0
"8770",2023-03-31,12,45,4477,208,0,0,21.5240384615385,0,0,4477,208,0,0,0,0
"8771",2023-03-31,12,50,4477,208,0,0,21.5240384615385,0,0,4477,208,0,0,0,0
"8772",2023-03-31,12,55,4477,208,0,0,21.5240384615385,0,0,4477,208,0,0,0,0
"8773",2023-03-31,13,0,4477,208,0,0,21.5240384615385,0,0,4477,208,0,0,0,0
"8774",2023-03-31,13,5,4477,208,0,0,21.5240384615385,0,0,4477,208,0,0,0,0
"8775",2023-03-31,13,10,4477,208,0,0,21.5240384615385,0,0,4477,208,0,0,0,0
"8776",2023-03-31,13,15,4477,208,0,0,21.5240384615385,0,0,4477,208,0,0,0,0
"8777",2023-03-31,13,20,4477,208,0,0,21.5240384615385,0,0,4477,208,0,0,0,0
"8778",2023-03-31,13,25,4477,208,0,0,21.5240384615385,0,0,4477,208,0,0,0,0
"8779",2023-03-31,13,30,4477,208,0,0,21.5240384615385,0,0,4477,208,0,0,0,0
"8780",2023-03-31,13,35,4477,208,0,0,21.5240384615385,0,0,4477,208,0,0,0,0
"8781",2023-03-31,13,40,4477,208,0,0,21.5240384615385,0,0,4477,208,0,0,0,0
"8782",2023-03-31,13,45,4477,208,0,0,21.5240384615385,0,0,4477,208,0,0,0,0
"8783",2023-03-31,13,50,4477,208,0,0,21.5240384615385,0,0,4477,208,0,0,0,0
"8784",2023-03-31,13,55,4477,208,0,0,21.5240384615385,0,0,4477,208,0,0,0,0
"8785",2023-03-31,14,0,4477,208,0,0,21.5240384615385,0,0,4477,208,0,0,0,0
"8786",2023-03-31,14,5,4477,208,0,0,21.5240384615385,0,0,4477,208,0,0,0,0
"8787",2023-03-31,14,10,4477,208,0,0,21.5240384615385,0,0,4477,208,0,0,0,0
"8788",2023-03-31,14,15,4477,208,0,0,21.5240384615385,0,0,4477,208,0,0,0,0
"8789",2023-03-31,14,20,4477,208,0,0,21.5240384615385,0,0,4477,208,0,0,0,0
"8790",2023-03-31,14,25,4477,208,0,0,21.5240384615385,0,0,4477,208,0,0,0,0
"8791",2023-03-31,14,30,4477,208,0,0,21.5240384615385,0,0,4477,208,0,0,0,0
"8792",2023-03-31,14,35,4477,208,0,0,21.5240384615385,0,0,4477,208,0,0,0,0
"8793",2023-03-31,14,40,4477,208,0,0,21.5240384615385,0,0,4477,208,0,0,0,0
"8794",2023-03-31,14,45,4477,208,0,0,21.5240384615385,0,0,4477,208,0,0,0,0
"8795",2023-03-31,14,50,4477,208,0,0,21.5240384615385,0,0,4477,208,0,0,0,0
"8796",2023-03-31,14,55,4477,208,0,0,21.5240384615385,0,0,4477,208,0,0,0,0
"8797",2023-03-31,15,0,4477,208,0,0,21.5240384615385,0,0,4477,208,0,0,0,0
"8798",2023-03-31,15,5,4477,208,0,0,21.5240384615385,0,0,4477,208,0,0,0,0
"8799",2023-03-31,15,10,4477,208,0,0,21.5240384615385,0,0,4477,208,0,0,0,0
"8800",2023-03-31,15,15,4477,208,0,0,21.5240384615385,0,0,4477,208,0,0,0,0
"8801",2023-03-31,15,20,4477,208,0,0,21.5240384615385,0,0,4477,208,0,0,0,0
"8802",2023-03-31,15,25,4477,208,0,0,21.5240384615385,0,0,4477,208,0,0,0,0
"8803",2023-03-31,15,30,4477,208,0,0,21.5240384615385,0,0,4477,208,0,0,0,0
"8804",2023-03-31,15,35,4477,208,0,0,21.5240384615385,0,0,4477,208,0,0,0,0
"8805",2023-03-31,15,40,4477,208,0,0,21.5240384615385,0,0,4477,208,0,0,0,0
"8806",2023-03-31,15,45,4477,208,0,0,21.5240384615385,0,0,4477,208,0,0,0,0
"8807",2023-03-31,15,50,4477,208,0,0,21.5240384615385,0,0,4477,208,0,0,0,0
"8808",2023-03-31,15,55,4477,208,0,0,21.5240384615385,0,0,4477,208,0,0,0,0
"8809",2023-03-31,16,0,4477,208,0,0,21.5240384615385,0,0,4477,208,0,0,0,0
"8810",2023-03-31,16,5,4477,208,0,0,21.5240384615385,0,0,4477,208,0,0,0,0
"8811",2023-03-31,16,10,4477,208,0,0,21.5240384615385,0,0,4477,208,0,0,0,0
"8812",2023-03-31,16,15,4477,208,0,0,21.5240384615385,0,0,4477,208,0,0,0,0
"8813",2023-03-31,16,20,4477,208,0,0,21.5240384615385,0,0,4477,208,0,0,0,0
"8814",2023-03-31,16,25,4477,208,0,0,21.5240384615385,0,0,4477,208,0,0,0,0
"8815",2023-03-31,16,30,4477,208,0,0,21.5240384615385,0,0,4477,208,0,0,0,0
"8816",2023-03-31,16,35,4477,208,0,0,21.5240384615385,0,0,4477,208,0,0,0,0
"8817",2023-03-31,16,40,4477,208,0,0,21.5240384615385,0,0,4477,208,0,0,0,0
"8818",2023-03-31,16,45,4477,208,0,0,21.5240384615385,0,0,4477,208,0,0,0,0
"8819",2023-03-31,16,50,4477,208,0,0,21.5240384615385,0,0,4477,208,0,0,0,0
"8820",2023-03-31,16,55,4477,208,0,0,21.5240384615385,0,0,4477,208,0,0,0,0
"8821",2023-03-31,17,0,4477,208,0,0,21.5240384615385,0,0,4477,208,0,0,0,0
"8822",2023-03-31,17,5,4477,208,0,0,21.5240384615385,0,0,4477,208,0,0,0,0
"8823",2023-03-31,17,10,4477,208,0,0,21.5240384615385,0,0,4477,208,0,0,0,0
"8824",2023-03-31,17,15,4477,208,0,0,21.5240384615385,0,0,4477,208,0,0,0,0
"8825",2023-03-31,17,20,4477,208,0,0,21.5240384615385,0,0,4477,208,0,0,0,0
"8826",2023-03-31,17,25,4477,208,0,0,21.5240384615385,0,0,4477,208,0,0,0,0
"8827",2023-03-31,17,30,4477,208,0,0,21.5240384615385,0,0,4477,208,0,0,0,0
"8828",2023-03-31,17,35,4477,208,0,0,21.5240384615385,0,0,4477,208,0,0,0,0
"8829",2023-03-31,17,40,4477,208,0,0,21.5240384615385,0,0,4477,208,0,0,0,0
"8830",2023-03-31,17,45,4477,208,0,0,21.5240384615385,0,0,4477,208,0,0,0,0
"8831",2023-03-31,17,50,4477,208,0,0,21.5240384615385,0,0,4477,208,0,0,0,0
"8832",2023-03-31,17,55,4477,208,0,0,21.5240384615385,0,0,4477,208,0,0,0,0
"8833",2023-03-31,18,0,4477,208,0,0,21.5240384615385,0,0,4477,208,0,0,0,0
"8834",2023-03-31,18,5,4477,208,0,0,21.5240384615385,0,0,4477,208,0,0,0,0
"8835",2023-03-31,18,10,4477,208,0,0,21.5240384615385,0,0,4477,208,0,0,0,0
"8836",2023-03-31,18,15,4477,208,0,0,21.5240384615385,0,0,4477,208,0,0,0,0
"8837",2023-03-31,18,20,4477,208,0,0,21.5240384615385,0,0,4477,208,0,0,0,0
"8838",2023-03-31,18,25,4477,208,0,0,21.5240384615385,0,0,4477,208,0,0,0,0
"8839",2023-03-31,18,30,4477,208,0,0,21.5240384615385,0,0,4477,208,0,0,0,0
"8840",2023-03-31,18,35,4477,208,0,0,21.5240384615385,0,0,4477,208,0,0,0,0
"8841",2023-03-31,18,40,4477,208,0,0,21.5240384615385,0,0,4477,208,0,0,0,0
"8842",2023-03-31,18,45,4477,208,0,0,21.5240384615385,0,0,4477,208,0,0,0,0
"8843",2023-03-31,18,50,4477,208,0,0,21.5240384615385,0,0,4477,208,0,0,0,0
"8844",2023-03-31,18,55,4477,208,0,0,21.5240384615385,0,0,4477,208,0,0,0,0
"8845",2023-03-31,19,0,8505,302,0,0,29.5266903914591,0,0,8505,302,0,0,0,0
"8846",2023-03-31,19,5,8091,293,0,0,29.5266903914591,0,0,8505,302,0,0,0,0
"8847",2023-03-31,19,10,7636,290,0,0,29.5266903914591,0,0,8505,302,0,0,0,0
"8848",2023-03-31,19,15,7816,290,0,0,29.5266903914591,0,0,8505,302,0,0,0,0
"8849",2023-03-31,19,20,7796,288,0,0,29.5266903914591,0,0,8505,302,0,0,0,0
"8850",2023-03-31,19,25,7310,278,0,0,29.5266903914591,0,0,8505,302,0,0,0,0
"8851",2023-03-31,19,30,7714,281,0,0,29.5266903914591,0,0,8505,302,0,0,0,0
"8852",2023-03-31,19,35,8145,278,0,0,29.5266903914591,0,0,8505,302,0,0,0,0
"8853",2023-03-31,19,40,8134,278,0,0,29.5266903914591,0,0,8505,302,0,0,0,0
"8854",2023-03-31,19,45,8297,281,0,0,29.5266903914591,0,0,8505,302,0,0,0,0
"8855",2023-03-31,19,50,8396,285,0,0,29.5266903914591,0,0,8505,302,0,0,0,0
"8856",2023-03-31,19,55,8025,285,0,0,29.5266903914591,0,0,8505,302,0,0,0,0
"8857",2023-03-31,20,0,8097,287,0,0,28.212543554007,0,0,8097,287,0,0,0,0
"8858",2023-03-31,20,5,6811,270,0,0,28.212543554007,0,0,8097,287,0,0,0,0
"8859",2023-03-31,20,10,6728,268,0,0,28.212543554007,0,0,8097,287,0,0,0,0
"8860",2023-03-31,20,15,6674,265,0,0,28.212543554007,0,0,8097,287,0,0,0,0
"8861",2023-03-31,20,20,6586,261,0,0,28.212543554007,0,0,8097,287,0,0,0,0
"8862",2023-03-31,20,25,6804,261,0,0,28.212543554007,0,0,8097,287,0,0,0,0
"8863",2023-03-31,20,30,6611,259,0,0,28.212543554007,0,0,8097,287,0,0,0,0
"8864",2023-03-31,20,35,6584,254,0,0,28.212543554007,0,0,8097,287,0,0,0,0
"8865",2023-03-31,20,40,6643,250,0,0,28.212543554007,0,0,8097,287,0,0,0,0
"8866",2023-03-31,20,45,6331,242,0,0,28.212543554007,0,0,8097,287,0,0,0,0
"8867",2023-03-31,20,50,6265,237,0,0,28.212543554007,0,0,8097,287,0,0,0,0
"8868",2023-03-31,20,55,6309,235,0,0,28.212543554007,0,0,8097,287,0,0,0,0
"8869",2023-03-31,21,0,6347,233,0,0,30.6696428571429,0,0,6870,234,0,0,0,0
"8870",2023-03-31,21,5,6439,222,0,0,30.6696428571429,0,0,6870,234,0,0,0,0
"8871",2023-03-31,21,10,6499,221,0,0,30.6696428571429,0,0,6870,234,0,0,0,0
"8872",2023-03-31,21,15,6870,224,0,0,30.6696428571429,0,0,6870,234,0,0,0,0
"8873",2023-03-31,21,20,6544,225,0,0,30.6696428571429,0,0,6870,234,0,0,0,0
"8874",2023-03-31,21,25,6511,223,0,0,30.6696428571429,0,0,6870,234,0,0,0,0
"8875",2023-03-31,21,30,5777,217,0,0,30.6696428571429,0,0,6870,234,0,0,0,0
"8876",2023-03-31,21,35,5958,227,0,0,30.6696428571429,0,0,6870,234,0,0,0,0
"8877",2023-03-31,21,40,5914,225,0,0,30.6696428571429,0,0,6870,234,0,0,0,0
"8878",2023-03-31,21,45,6143,226,0,0,30.6696428571429,0,0,6870,234,0,0,0,0
"8879",2023-03-31,21,50,6520,230,0,0,30.6696428571429,0,0,6870,234,0,0,0,0
"8880",2023-03-31,21,55,6815,234,0,0,30.6696428571429,0,0,6870,234,0,0,0,0
"8881",2023-03-31,22,0,6559,235,0,0,27.9106382978723,0,0,6559,235,0,0,0,0
"8882",2023-03-31,22,5,6375,229,0,0,27.9106382978723,0,0,6559,235,0,0,0,0
"8883",2023-03-31,22,10,6318,229,0,0,27.9106382978723,0,0,6559,235,0,0,0,0
"8884",2023-03-31,22,15,6307,229,0,0,27.9106382978723,0,0,6559,235,0,0,0,0
"8885",2023-03-31,22,20,5987,227,0,0,27.9106382978723,0,0,6559,235,0,0,0,0
"8886",2023-03-31,22,25,5921,224,0,0,27.9106382978723,0,0,6559,235,0,0,0,0
"8887",2023-03-31,22,30,5599,222,0,0,27.9106382978723,0,0,6559,235,0,0,0,0
"8888",2023-03-31,22,35,5855,221,0,0,27.9106382978723,0,0,6559,235,0,0,0,0
"8889",2023-03-31,22,40,5811,218,0,0,27.9106382978723,0,0,6559,235,0,0,0,0
"8890",2023-03-31,22,45,5616,216,0,0,27.9106382978723,0,0,6559,235,0,0,0,0
"8891",2023-03-31,22,50,5436,216,0,0,27.9106382978723,0,0,6559,235,0,0,0,0
"8892",2023-03-31,22,55,5364,214,0,0,27.9106382978723,0,0,6559,235,0,0,0,0
"8893",2023-03-31,23,0,5320,212,0,0,25.125,0,0,5427,218,0,0,0,0
"8894",2023-03-31,23,5,5233,213,0,0,25.125,0,0,5427,218,0,0,0,0
"8895",2023-03-31,23,10,5266,215,0,0,25.125,0,0,5427,218,0,0,0,0
"8896",2023-03-31,23,15,5288,216,0,0,25.125,0,0,5427,218,0,0,0,0
"8897",2023-03-31,23,20,5332,218,0,0,25.125,0,0,5427,218,0,0,0,0
"8898",2023-03-31,23,25,5427,216,0,0,25.125,0,0,5427,218,0,0,0,0
"8899",2023-03-31,23,30,5416,216,0,0,25.125,0,0,5427,218,0,0,0,0
"8900",2023-03-31,23,35,4777,208,0,0,25.125,0,0,5427,218,0,0,0,0
"8901",2023-03-31,23,40,4733,206,0,0,25.125,0,0,5427,218,0,0,0,0
"8902",2023-03-31,23,45,4777,208,0,0,25.125,0,0,5427,218,0,0,0,0
"8903",2023-03-31,23,50,4755,207,0,0,25.125,0,0,5427,218,0,0,0,0
"8904",2023-03-31,23,55,4755,207,0,0,25.125,0,0,5427,218,0,0,0,0
