"","date","hour","minute","total_load","count_occ","NA_sum","pct_NA_points","mean_EVSE","mean_imputed","pct_imputed","max_load","max_occ","max_pct_NA_pts","NA_max","max_imputed","max_pct_imputed"
"1",2024-06-01,0,0,11499.4,407,0,0,30.3079283887468,0,0,11850.4,407,0,0,0,0
"2",2024-06-01,0,5,10828.4,391,0,0,30.3079283887468,0,0,11850.4,407,0,0,0,0
"3",2024-06-01,0,10,11074.4,390,0,0,30.3079283887468,0,0,11850.4,407,0,0,0,0
"4",2024-06-01,0,15,11850.4,391,0,0,30.3079283887468,0,0,11850.4,407,0,0,0,0
"5",2024-06-01,0,20,11590.4,392,0,0,30.3079283887468,0,0,11850.4,407,0,0,0,0
"6",2024-06-01,0,25,11586.7,391,0,0,30.3079283887468,0,0,11850.4,407,0,0,0,0
"7",2024-06-01,0,30,11363.7,394,0,0,30.3079283887468,0,0,11850.4,407,0,0,0,0
"8",2024-06-01,0,35,10367.7,387,0,0,30.3079283887468,0,0,11850.4,407,0,0,0,0
"9",2024-06-01,0,40,9895.7,384,0,0,30.3079283887468,0,0,11850.4,407,0,0,0,0
"10",2024-06-01,0,45,9917.7,385,0,0,30.3079283887468,0,0,11850.4,407,0,0,0,0
"11",2024-06-01,0,50,10351.7,384,0,0,30.3079283887468,0,0,11850.4,407,0,0,0,0
"12",2024-06-01,0,55,10384.7,385,0,0,30.3079283887468,0,0,11850.4,407,0,0,0,0
"13",2024-06-01,1,0,10139.7,385,0,0,27.252676056338,0,0,10139.7,385,0,0,0,0
"14",2024-06-01,1,5,9864.7,376,0,0,27.252676056338,0,0,10139.7,385,0,0,0,0
"15",2024-06-01,1,10,9759.7,372,0,0,27.252676056338,0,0,10139.7,385,0,0,0,0
"16",2024-06-01,1,15,9208.7,371,0,0,27.252676056338,0,0,10139.7,385,0,0,0,0
"17",2024-06-01,1,20,8943.7,365,0,0,27.252676056338,0,0,10139.7,385,0,0,0,0
"18",2024-06-01,1,25,8899.7,361,0,0,27.252676056338,0,0,10139.7,385,0,0,0,0
"19",2024-06-01,1,30,8748.7,360,0,0,27.252676056338,0,0,10139.7,385,0,0,0,0
"20",2024-06-01,1,35,8635.7,357,0,0,27.252676056338,0,0,10139.7,385,0,0,0,0
"21",2024-06-01,1,40,9052.7,356,0,0,27.252676056338,0,0,10139.7,385,0,0,0,0
"22",2024-06-01,1,45,8829.7,355,0,0,27.252676056338,0,0,10139.7,385,0,0,0,0
"23",2024-06-01,1,50,9674.7,355,0,0,27.252676056338,0,0,10139.7,385,0,0,0,0
"24",2024-06-01,1,55,9074.7,353,0,0,27.252676056338,0,0,10139.7,385,0,0,0,0
"25",2024-06-01,2,0,7564.4,333,0,0,25.3065868263473,0,0,8452.4,334,0,0,0,0
"26",2024-06-01,2,5,7473.4,330,0,0,25.3065868263473,0,0,8452.4,334,0,0,0,0
"27",2024-06-01,2,10,7517.4,332,0,0,25.3065868263473,0,0,8452.4,334,0,0,0,0
"28",2024-06-01,2,15,7773.4,331,0,0,25.3065868263473,0,0,8452.4,334,0,0,0,0
"29",2024-06-01,2,20,7539.4,331,0,0,25.3065868263473,0,0,8452.4,334,0,0,0,0
"30",2024-06-01,2,25,7517.4,330,0,0,25.3065868263473,0,0,8452.4,334,0,0,0,0
"31",2024-06-01,2,30,7239.4,330,0,0,25.3065868263473,0,0,8452.4,334,0,0,0,0
"32",2024-06-01,2,35,7791.4,330,0,0,25.3065868263473,0,0,8452.4,334,0,0,0,0
"33",2024-06-01,2,40,7819.4,330,0,0,25.3065868263473,0,0,8452.4,334,0,0,0,0
"34",2024-06-01,2,45,8452.4,334,0,0,25.3065868263473,0,0,8452.4,334,0,0,0,0
"35",2024-06-01,2,50,8152.4,333,0,0,25.3065868263473,0,0,8452.4,334,0,0,0,0
"36",2024-06-01,2,55,8178.4,331,0,0,25.3065868263473,0,0,8452.4,334,0,0,0,0
"37",2024-06-01,3,0,8456.4,331,0,0,25.5480362537764,0,0,8456.4,331,0,0,0,0
"38",2024-06-01,3,5,7987.4,329,0,0,25.5480362537764,0,0,8456.4,331,0,0,0,0
"39",2024-06-01,3,10,7387.4,327,0,0,25.5480362537764,0,0,8456.4,331,0,0,0,0
"40",2024-06-01,3,15,7687.4,328,0,0,25.5480362537764,0,0,8456.4,331,0,0,0,0
"41",2024-06-01,3,20,7687.4,328,0,0,25.5480362537764,0,0,8456.4,331,0,0,0,0
"42",2024-06-01,3,25,7289.4,328,0,0,25.5480362537764,0,0,8456.4,331,0,0,0,0
"43",2024-06-01,3,30,7267.4,327,0,0,25.5480362537764,0,0,8456.4,331,0,0,0,0
"44",2024-06-01,3,35,7251.4,327,0,0,25.5480362537764,0,0,8456.4,331,0,0,0,0
"45",2024-06-01,3,40,7251.4,327,0,0,25.5480362537764,0,0,8456.4,331,0,0,0,0
"46",2024-06-01,3,45,7551.4,328,0,0,25.5480362537764,0,0,8456.4,331,0,0,0,0
"47",2024-06-01,3,50,7251.4,327,0,0,25.5480362537764,0,0,8456.4,331,0,0,0,0
"48",2024-06-01,3,55,7262.4,328,0,0,25.5480362537764,0,0,8456.4,331,0,0,0,0
"49",2024-06-01,4,0,7562.4,329,0,0,23.1633027522936,0,0,7574.4,329,0,0,0,0
"50",2024-06-01,4,5,7290.4,328,0,0,23.1633027522936,0,0,7574.4,329,0,0,0,0
"51",2024-06-01,4,10,7050.4,328,0,0,23.1633027522936,0,0,7574.4,329,0,0,0,0
"52",2024-06-01,4,15,7028.4,326,0,0,23.1633027522936,0,0,7574.4,329,0,0,0,0
"53",2024-06-01,4,20,7006.4,325,0,0,23.1633027522936,0,0,7574.4,329,0,0,0,0
"54",2024-06-01,4,25,7306.4,326,0,0,23.1633027522936,0,0,7574.4,329,0,0,0,0
"55",2024-06-01,4,30,7306.4,326,0,0,23.1633027522936,0,0,7574.4,329,0,0,0,0
"56",2024-06-01,4,35,7454.4,327,0,0,23.1633027522936,0,0,7574.4,329,0,0,0,0
"57",2024-06-01,4,40,7454.4,326,0,0,23.1633027522936,0,0,7574.4,329,0,0,0,0
"58",2024-06-01,4,45,7154.4,325,0,0,23.1633027522936,0,0,7574.4,329,0,0,0,0
"59",2024-06-01,4,50,7154.4,325,0,0,23.1633027522936,0,0,7574.4,329,0,0,0,0
"60",2024-06-01,4,55,7574.4,327,0,0,23.1633027522936,0,0,7574.4,329,0,0,0,0
"61",2024-06-01,5,0,7244.4,325,0,0,22.6118380062305,0,0,7302.4,325,0,0,0,0
"62",2024-06-01,5,5,6871.4,323,0,0,22.6118380062305,0,0,7302.4,325,0,0,0,0
"63",2024-06-01,5,10,6871.4,323,0,0,22.6118380062305,0,0,7302.4,325,0,0,0,0
"64",2024-06-01,5,15,6631.4,323,0,0,22.6118380062305,0,0,7302.4,325,0,0,0,0
"65",2024-06-01,5,20,6631.4,323,0,0,22.6118380062305,0,0,7302.4,325,0,0,0,0
"66",2024-06-01,5,25,6620.4,322,0,0,22.6118380062305,0,0,7302.4,325,0,0,0,0
"67",2024-06-01,5,30,6620.4,322,0,0,22.6118380062305,0,0,7302.4,325,0,0,0,0
"68",2024-06-01,5,35,7002.4,322,0,0,22.6118380062305,0,0,7302.4,325,0,0,0,0
"69",2024-06-01,5,40,7302.4,323,0,0,22.6118380062305,0,0,7302.4,325,0,0,0,0
"70",2024-06-01,5,45,7280.4,322,0,0,22.6118380062305,0,0,7302.4,325,0,0,0,0
"71",2024-06-01,5,50,7280.4,322,0,0,22.6118380062305,0,0,7302.4,325,0,0,0,0
"72",2024-06-01,5,55,7258.4,321,0,0,22.6118380062305,0,0,7302.4,325,0,0,0,0
"73",2024-06-01,6,0,7258.4,321,0,0,23.1347826086957,0,0,7449.4,322,0,0,0,0
"74",2024-06-01,6,5,7247.4,320,0,0,23.1347826086957,0,0,7449.4,322,0,0,0,0
"75",2024-06-01,6,10,7187.4,319,0,0,23.1347826086957,0,0,7449.4,322,0,0,0,0
"76",2024-06-01,6,15,7209.4,320,0,0,23.1347826086957,0,0,7449.4,322,0,0,0,0
"77",2024-06-01,6,20,7209.4,320,0,0,23.1347826086957,0,0,7449.4,322,0,0,0,0
"78",2024-06-01,6,25,7149.4,321,0,0,23.1347826086957,0,0,7449.4,322,0,0,0,0
"79",2024-06-01,6,30,7449.4,322,0,0,23.1347826086957,0,0,7449.4,322,0,0,0,0
"80",2024-06-01,6,35,7299.4,321,0,0,23.1347826086957,0,0,7449.4,322,0,0,0,0
"81",2024-06-01,6,40,6999.4,319,0,0,23.1347826086957,0,0,7449.4,322,0,0,0,0
"82",2024-06-01,6,45,6999.4,320,0,0,23.1347826086957,0,0,7449.4,322,0,0,0,0
"83",2024-06-01,6,50,7021.4,321,0,0,23.1347826086957,0,0,7449.4,322,0,0,0,0
"84",2024-06-01,6,55,6721.4,320,0,0,23.1347826086957,0,0,7449.4,322,0,0,0,0
"85",2024-06-01,7,0,6743.4,321,0,0,21.9420560747664,0,0,7043.4,324,0,0,0,0
"86",2024-06-01,7,5,6809.4,324,0,0,21.9420560747664,0,0,7043.4,324,0,0,0,0
"87",2024-06-01,7,10,6809.4,324,0,0,21.9420560747664,0,0,7043.4,324,0,0,0,0
"88",2024-06-01,7,15,6765.4,322,0,0,21.9420560747664,0,0,7043.4,324,0,0,0,0
"89",2024-06-01,7,20,6765.4,322,0,0,21.9420560747664,0,0,7043.4,324,0,0,0,0
"90",2024-06-01,7,25,6743.4,320,0,0,21.9420560747664,0,0,7043.4,324,0,0,0,0
"91",2024-06-01,7,30,7043.4,321,0,0,21.9420560747664,0,0,7043.4,324,0,0,0,0
"92",2024-06-01,7,35,6655.4,316,0,0,21.9420560747664,0,0,7043.4,324,0,0,0,0
"93",2024-06-01,7,40,6655.4,316,0,0,21.9420560747664,0,0,7043.4,324,0,0,0,0
"94",2024-06-01,7,45,6655.4,316,0,0,21.9420560747664,0,0,7043.4,324,0,0,0,0
"95",2024-06-01,7,50,6666.4,317,0,0,21.9420560747664,0,0,7043.4,324,0,0,0,0
"96",2024-06-01,7,55,6666.4,317,0,0,21.9420560747664,0,0,7043.4,324,0,0,0,0
"97",2024-06-01,8,35,6540.4,319,0,0,21.9069182389937,0,0,6966.4,322,0,0,0,0
"98",2024-06-01,8,40,6660.4,320,0,0,21.9069182389937,0,0,6966.4,322,0,0,0,0
"99",2024-06-01,8,45,6802.4,322,0,0,21.9069182389937,0,0,6966.4,322,0,0,0,0
"100",2024-06-01,8,50,6813.4,322,0,0,21.9069182389937,0,0,6966.4,322,0,0,0,0
"101",2024-06-01,8,55,6606.4,322,0,0,21.9069182389937,0,0,6966.4,322,0,0,0,0
"102",2024-06-01,8,0,6966.4,318,0,0,21.9069182389937,0,0,6966.4,322,0,0,0,0
"103",2024-06-01,8,5,6600.4,314,0,0,21.9069182389937,0,0,6966.4,322,0,0,0,0
"104",2024-06-01,8,10,6300.4,313,0,0,21.9069182389937,0,0,6966.4,322,0,0,0,0
"105",2024-06-01,8,15,6300.4,313,0,0,21.9069182389937,0,0,6966.4,322,0,0,0,0
"106",2024-06-01,8,20,6278.4,312,0,0,21.9069182389937,0,0,6966.4,322,0,0,0,0
"107",2024-06-01,8,25,6398.4,313,0,0,21.9069182389937,0,0,6966.4,322,0,0,0,0
"108",2024-06-01,8,30,6109.4,313,0,0,21.9069182389937,0,0,6966.4,322,0,0,0,0
"109",2024-06-01,9,0,6600.1,322,0,0,23.8506024096386,0,0,7918.4,335,0,0,0,0
"110",2024-06-01,9,5,6758.1,325,0,0,23.8506024096386,0,0,7918.4,335,0,0,0,0
"111",2024-06-01,9,10,6780.1,327,0,0,23.8506024096386,0,0,7918.4,335,0,0,0,0
"112",2024-06-01,9,15,6660.1,326,0,0,23.8506024096386,0,0,7918.4,335,0,0,0,0
"113",2024-06-01,9,20,7091.1,329,0,0,23.8506024096386,0,0,7918.4,335,0,0,0,0
"114",2024-06-01,9,25,7047.1,327,0,0,23.8506024096386,0,0,7918.4,335,0,0,0,0
"115",2024-06-01,9,30,6747.1,326,0,0,23.8506024096386,0,0,7918.4,335,0,0,0,0
"116",2024-06-01,9,35,7266.1,330,0,0,23.8506024096386,0,0,7918.4,335,0,0,0,0
"117",2024-06-01,9,40,7266.1,331,0,0,23.8506024096386,0,0,7918.4,335,0,0,0,0
"118",2024-06-01,9,45,7918.4,332,0,0,23.8506024096386,0,0,7918.4,335,0,0,0,0
"119",2024-06-01,9,50,7553.4,332,0,0,23.8506024096386,0,0,7918.4,335,0,0,0,0
"120",2024-06-01,9,55,7597.4,335,0,0,23.8506024096386,0,0,7918.4,335,0,0,0,0
"121",2024-06-01,10,0,7074.4,336,0,0,25.8948228882834,0,0,9503.4,372,0,0,0,0
"122",2024-06-01,10,5,7056.4,337,0,0,25.8948228882834,0,0,9503.4,372,0,0,0,0
"123",2024-06-01,10,10,7174.7,339,0,0,25.8948228882834,0,0,9503.4,372,0,0,0,0
"124",2024-06-01,10,15,7430.7,338,0,0,25.8948228882834,0,0,9503.4,372,0,0,0,0
"125",2024-06-01,10,20,7858.7,339,0,0,25.8948228882834,0,0,9503.4,372,0,0,0,0
"126",2024-06-01,10,25,7924.7,342,0,0,25.8948228882834,0,0,9503.4,372,0,0,0,0
"127",2024-06-01,10,30,8000.4,346,0,0,25.8948228882834,0,0,9503.4,372,0,0,0,0
"128",2024-06-01,10,35,8581.4,353,0,0,25.8948228882834,0,0,9503.4,372,0,0,0,0
"129",2024-06-01,10,40,8875.4,362,0,0,25.8948228882834,0,0,9503.4,372,0,0,0,0
"130",2024-06-01,10,45,9503.4,367,0,0,25.8948228882834,0,0,9503.4,372,0,0,0,0
"131",2024-06-01,10,50,9312.7,372,0,0,25.8948228882834,0,0,9503.4,372,0,0,0,0
"132",2024-06-01,10,55,9429.7,371,0,0,25.8948228882834,0,0,9503.4,372,0,0,0,0
"133",2024-06-01,11,0,9324.7,367,0,0,30.7933823529412,0,0,12563.7,410,0,0,0,0
"134",2024-06-01,11,5,9830.7,376,0,0,30.7933823529412,0,0,12563.7,410,0,0,0,0
"135",2024-06-01,11,10,10046.7,380,0,0,30.7933823529412,0,0,12563.7,410,0,0,0,0
"136",2024-06-01,11,15,9722.7,380,0,0,30.7933823529412,0,0,12563.7,410,0,0,0,0
"137",2024-06-01,11,20,11138.7,388,0,0,30.7933823529412,0,0,12563.7,410,0,0,0,0
"138",2024-06-01,11,25,12001.7,392,0,0,30.7933823529412,0,0,12563.7,410,0,0,0,0
"139",2024-06-01,11,30,11022.7,393,0,0,30.7933823529412,0,0,12563.7,410,0,0,0,0
"140",2024-06-01,11,35,12163.7,405,0,0,30.7933823529412,0,0,12563.7,410,0,0,0,0
"141",2024-06-01,11,40,12563.7,408,0,0,30.7933823529412,0,0,12563.7,410,0,0,0,0
"142",2024-06-01,11,45,12352.7,407,0,0,30.7933823529412,0,0,12563.7,410,0,0,0,0
"143",2024-06-01,11,50,11453.7,410,0,0,30.7933823529412,0,0,12563.7,410,0,0,0,0
"144",2024-06-01,11,55,11336.7,409,0,0,30.7933823529412,0,0,12563.7,410,0,0,0,0
"145",2024-06-01,12,0,12689.7,414,0,0,31.7498834498834,0,0,13723.4,464,0,0,0,0
"146",2024-06-01,12,5,13145.7,426,0,0,31.7498834498834,0,0,13723.4,464,0,0,0,0
"147",2024-06-01,12,10,13620.7,429,0,0,31.7498834498834,0,0,13723.4,464,0,0,0,0
"148",2024-06-01,12,15,12614.7,425,0,0,31.7498834498834,0,0,13723.4,464,0,0,0,0
"149",2024-06-01,12,20,11818.7,423,0,0,31.7498834498834,0,0,13723.4,464,0,0,0,0
"150",2024-06-01,12,25,11352.7,419,0,0,31.7498834498834,0,0,13723.4,464,0,0,0,0
"151",2024-06-01,12,30,11865.4,427,0,0,31.7498834498834,0,0,13723.4,464,0,0,0,0
"152",2024-06-01,12,35,13083.4,452,0,0,31.7498834498834,0,0,13723.4,464,0,0,0,0
"153",2024-06-01,12,40,13723.4,453,0,0,31.7498834498834,0,0,13723.4,464,0,0,0,0
"154",2024-06-01,12,45,13020.7,459,0,0,31.7498834498834,0,0,13723.4,464,0,0,0,0
"155",2024-06-01,12,50,12993.7,464,0,0,31.7498834498834,0,0,13723.4,464,0,0,0,0
"156",2024-06-01,12,55,12942.7,464,0,0,31.7498834498834,0,0,13723.4,464,0,0,0,0
"157",2024-06-01,13,0,12513.7,463,0,0,29.0033073929961,0,0,15032.7,525,0,0,0,0
"158",2024-06-01,13,5,12524.7,481,0,0,29.0033073929961,0,0,15032.7,525,0,0,0,0
"159",2024-06-01,13,10,13234.7,488,0,0,29.0033073929961,0,0,15032.7,525,0,0,0,0
"160",2024-06-01,13,15,13162.7,490,0,0,29.0033073929961,0,0,15032.7,525,0,0,0,0
"161",2024-06-01,13,20,14083.7,500,0,0,29.0033073929961,0,0,15032.7,525,0,0,0,0
"162",2024-06-01,13,25,14487.7,512,0,0,29.0033073929961,0,0,15032.7,525,0,0,0,0
"163",2024-06-01,13,30,14907.7,514,0,0,29.0033073929961,0,0,15032.7,525,0,0,0,0
"164",2024-06-01,13,35,14152.7,518,0,0,29.0033073929961,0,0,15032.7,525,0,0,0,0
"165",2024-06-01,13,40,13721.7,514,0,0,29.0033073929961,0,0,15032.7,525,0,0,0,0
"166",2024-06-01,13,45,14101.7,521,0,0,29.0033073929961,0,0,15032.7,525,0,0,0,0
"167",2024-06-01,13,50,15032.7,522,0,0,29.0033073929961,0,0,15032.7,525,0,0,0,0
"168",2024-06-01,13,55,14937.7,525,0,0,29.0033073929961,0,0,15032.7,525,0,0,0,0
"169",2024-06-01,14,0,13379.7,518,0,0,29.5228037383178,0,0,16181.7,550,0,0,0,0
"170",2024-06-01,14,5,14298.7,531,0,0,29.5228037383178,0,0,16181.7,550,0,0,0,0
"171",2024-06-01,14,10,14853.7,530,0,0,29.5228037383178,0,0,16181.7,550,0,0,0,0
"172",2024-06-01,14,15,15591.7,541,0,0,29.5228037383178,0,0,16181.7,550,0,0,0,0
"173",2024-06-01,14,20,15675.7,539,0,0,29.5228037383178,0,0,16181.7,550,0,0,0,0
"174",2024-06-01,14,25,15433.7,531,0,0,29.5228037383178,0,0,16181.7,550,0,0,0,0
"175",2024-06-01,14,30,15794.7,535,0,0,29.5228037383178,0,0,16181.7,550,0,0,0,0
"176",2024-06-01,14,35,15920,547,0,0,29.5228037383178,0,0,16181.7,550,0,0,0,0
"177",2024-06-01,14,40,15734.7,548,0,0,29.5228037383178,0,0,16181.7,550,0,0,0,0
"178",2024-06-01,14,45,14931.7,543,0,0,29.5228037383178,0,0,16181.7,550,0,0,0,0
"179",2024-06-01,14,50,14949.7,543,0,0,29.5228037383178,0,0,16181.7,550,0,0,0,0
"180",2024-06-01,14,55,16181.7,550,0,0,29.5228037383178,0,0,16181.7,550,0,0,0,0
"181",2024-06-01,15,0,16097.7,551,0,0,32.1839059674503,0,0,17797.7,563,0,0,0,0
"182",2024-06-01,15,5,17491.7,556,0,0,32.1839059674503,0,0,17797.7,563,0,0,0,0
"183",2024-06-01,15,10,17797.7,553,0,0,32.1839059674503,0,0,17797.7,563,0,0,0,0
"184",2024-06-01,15,15,16768.7,551,0,0,32.1839059674503,0,0,17797.7,563,0,0,0,0
"185",2024-06-01,15,20,17438.4,557,0,0,32.1839059674503,0,0,17797.7,563,0,0,0,0
"186",2024-06-01,15,25,17487.4,558,0,0,32.1839059674503,0,0,17797.7,563,0,0,0,0
"187",2024-06-01,15,30,17341.4,563,0,0,32.1839059674503,0,0,17797.7,563,0,0,0,0
"188",2024-06-01,15,35,17573.4,557,0,0,32.1839059674503,0,0,17797.7,563,0,0,0,0
"189",2024-06-01,15,40,17082.7,550,0,0,32.1839059674503,0,0,17797.7,563,0,0,0,0
"190",2024-06-01,15,45,16868.7,549,0,0,32.1839059674503,0,0,17797.7,563,0,0,0,0
"191",2024-06-01,15,50,16259.7,550,0,0,32.1839059674503,0,0,17797.7,563,0,0,0,0
"192",2024-06-01,15,55,16191.7,556,0,0,32.1839059674503,0,0,17797.7,563,0,0,0,0
"193",2024-06-01,16,0,16539.7,554,0,0,30.7731182795699,0,0,17171.4,558,0,0,0,0
"194",2024-06-01,16,5,14525.7,550,0,0,30.7731182795699,0,0,17171.4,558,0,0,0,0
"195",2024-06-01,16,10,14696.7,551,0,0,30.7731182795699,0,0,17171.4,558,0,0,0,0
"196",2024-06-01,16,15,15492.7,556,0,0,30.7731182795699,0,0,17171.4,558,0,0,0,0
"197",2024-06-01,16,20,16242.7,558,0,0,30.7731182795699,0,0,17171.4,558,0,0,0,0
"198",2024-06-01,16,25,16762.7,557,0,0,30.7731182795699,0,0,17171.4,558,0,0,0,0
"199",2024-06-01,16,30,17093.7,557,0,0,30.7731182795699,0,0,17171.4,558,0,0,0,0
"200",2024-06-01,16,35,16428.7,556,0,0,30.7731182795699,0,0,17171.4,558,0,0,0,0
"201",2024-06-01,16,40,17171.4,558,0,0,30.7731182795699,0,0,17171.4,558,0,0,0,0
"202",2024-06-01,16,45,17128.4,557,0,0,30.7731182795699,0,0,17171.4,558,0,0,0,0
"203",2024-06-01,16,50,16795.4,558,0,0,30.7731182795699,0,0,17171.4,558,0,0,0,0
"204",2024-06-01,16,55,17037.4,555,0,0,30.7731182795699,0,0,17171.4,558,0,0,0,0
"205",2024-06-01,17,25,15776.4,553,0,0,40.2411575562701,0,0,17576.4,560,0,0,0,0
"206",2024-06-01,17,30,16537.4,554,0,0,40.2411575562701,0,0,17576.4,560,0,0,0,0
"207",2024-06-01,17,35,16429.4,536,0,0,40.2411575562701,0,0,17576.4,560,0,0,0,0
"208",2024-06-01,17,40,16573.4,539,0,0,40.2411575562701,0,0,17576.4,560,0,0,0,0
"209",2024-06-01,17,45,17251.4,538,0,0,40.2411575562701,0,0,17576.4,560,0,0,0,0
"210",2024-06-01,17,50,16876.4,532,0,0,40.2411575562701,0,0,17576.4,560,0,0,0,0
"211",2024-06-01,17,55,12515,311,0,0,40.2411575562701,0,0,17576.4,560,0,0,0,0
"212",2024-06-01,17,0,17576.4,560,0,0,40.2411575562701,0,0,17576.4,560,0,0,0,0
"213",2024-06-01,17,5,16781.4,557,0,0,40.2411575562701,0,0,17576.4,560,0,0,0,0
"214",2024-06-01,17,10,16217.4,553,0,0,40.2411575562701,0,0,17576.4,560,0,0,0,0
"215",2024-06-01,17,15,16084.4,553,0,0,40.2411575562701,0,0,17576.4,560,0,0,0,0
"216",2024-06-01,17,20,15713.4,551,0,0,40.2411575562701,0,0,17576.4,560,0,0,0,0
"217",2024-06-01,18,25,14927.9,510,0,0,41.5993150684931,0,0,15884.9,514,0,0,0,0
"218",2024-06-01,18,30,15157.9,502,0,0,41.5993150684931,0,0,15884.9,514,0,0,0,0
"219",2024-06-01,18,35,15294.9,482,0,0,41.5993150684931,0,0,15884.9,514,0,0,0,0
"220",2024-06-01,18,40,14880.9,484,0,0,41.5993150684931,0,0,15884.9,514,0,0,0,0
"221",2024-06-01,18,45,14928.9,477,0,0,41.5993150684931,0,0,15884.9,514,0,0,0,0
"222",2024-06-01,18,50,15380.9,479,0,0,41.5993150684931,0,0,15884.9,514,0,0,0,0
"223",2024-06-01,18,0,12147,292,0,0,41.5993150684931,0,0,15884.9,514,0,0,0,0
"224",2024-06-01,18,5,14658.6,514,0,0,41.5993150684931,0,0,15884.9,514,0,0,0,0
"225",2024-06-01,18,10,15041.9,511,0,0,41.5993150684931,0,0,15884.9,514,0,0,0,0
"226",2024-06-01,18,15,15884.9,511,0,0,41.5993150684931,0,0,15884.9,514,0,0,0,0
"227",2024-06-01,18,20,14778.9,510,0,0,41.5993150684931,0,0,15884.9,514,0,0,0,0
"228",2024-06-01,18,55,15436.9,473,0,0,41.5993150684931,0,0,15884.9,514,0,0,0,0
"229",2024-06-01,19,0,15442.6,472,0,0,33.127114967462,0,0,15442.6,472,0,0,0,0
"230",2024-06-01,19,5,15271.6,461,0,0,33.127114967462,0,0,15442.6,472,0,0,0,0
"231",2024-06-01,19,10,14949.6,459,0,0,33.127114967462,0,0,15442.6,472,0,0,0,0
"232",2024-06-01,19,15,15277.3,465,0,0,33.127114967462,0,0,15442.6,472,0,0,0,0
"233",2024-06-01,19,20,14316.6,463,0,0,33.127114967462,0,0,15442.6,472,0,0,0,0
"234",2024-06-01,19,25,14754.6,470,0,0,33.127114967462,0,0,15442.6,472,0,0,0,0
"235",2024-06-01,19,30,14285.6,469,0,0,33.127114967462,0,0,15442.6,472,0,0,0,0
"236",2024-06-01,19,35,14416.6,456,0,0,33.127114967462,0,0,15442.6,472,0,0,0,0
"237",2024-06-01,19,40,14904.6,461,0,0,33.127114967462,0,0,15442.6,472,0,0,0,0
"238",2024-06-01,19,45,14859.6,457,0,0,33.127114967462,0,0,15442.6,472,0,0,0,0
"239",2024-06-01,19,50,15022.6,458,0,0,33.127114967462,0,0,15442.6,472,0,0,0,0
"240",2024-06-01,19,55,14557.6,459,0,0,33.127114967462,0,0,15442.6,472,0,0,0,0
"241",2024-06-01,20,5,14200.4,447,0,0,33.1364444444444,0,0,14911.4,458,0,0,0,0
"242",2024-06-01,20,10,14911.4,450,0,0,33.1364444444444,0,0,14911.4,458,0,0,0,0
"243",2024-06-01,20,15,14056.4,440,0,0,33.1364444444444,0,0,14911.4,458,0,0,0,0
"244",2024-06-01,20,20,13747.7,436,0,0,33.1364444444444,0,0,14911.4,458,0,0,0,0
"245",2024-06-01,20,25,13156.4,437,0,0,33.1364444444444,0,0,14911.4,458,0,0,0,0
"246",2024-06-01,20,30,13306.4,438,0,0,33.1364444444444,0,0,14911.4,458,0,0,0,0
"247",2024-06-01,20,35,12424.4,437,0,0,33.1364444444444,0,0,14911.4,458,0,0,0,0
"248",2024-06-01,20,40,12216.4,432,0,0,33.1364444444444,0,0,14911.4,458,0,0,0,0
"249",2024-06-01,20,45,11222.4,426,0,0,33.1364444444444,0,0,14911.4,458,0,0,0,0
"250",2024-06-01,20,50,11367.4,429,0,0,33.1364444444444,0,0,14911.4,458,0,0,0,0
"251",2024-06-01,20,55,11171.7,428,0,0,33.1364444444444,0,0,14911.4,458,0,0,0,0
"252",2024-06-01,20,0,14762.6,458,0,0,33.1364444444444,0,0,14911.4,458,0,0,0,0
"253",2024-06-01,21,0,11175.7,429,0,0,31.4002277904328,0,0,13784.7,442,0,0,0,0
"254",2024-06-01,21,5,12428.7,437,0,0,31.4002277904328,0,0,13784.7,442,0,0,0,0
"255",2024-06-01,21,10,13622.7,442,0,0,31.4002277904328,0,0,13784.7,442,0,0,0,0
"256",2024-06-01,21,15,13784.7,439,0,0,31.4002277904328,0,0,13784.7,442,0,0,0,0
"257",2024-06-01,21,20,13012.7,436,0,0,31.4002277904328,0,0,13784.7,442,0,0,0,0
"258",2024-06-01,21,25,12983.7,431,0,0,31.4002277904328,0,0,13784.7,442,0,0,0,0
"259",2024-06-01,21,30,12440.7,429,0,0,31.4002277904328,0,0,13784.7,442,0,0,0,0
"260",2024-06-01,21,35,11189.7,427,0,0,31.4002277904328,0,0,13784.7,442,0,0,0,0
"261",2024-06-01,21,40,11395.7,425,0,0,31.4002277904328,0,0,13784.7,442,0,0,0,0
"262",2024-06-01,21,45,11679.7,424,0,0,31.4002277904328,0,0,13784.7,442,0,0,0,0
"263",2024-06-01,21,50,10823.7,422,0,0,31.4002277904328,0,0,13784.7,442,0,0,0,0
"264",2024-06-01,21,55,9879.7,416,0,0,31.4002277904328,0,0,13784.7,442,0,0,0,0
"265",2024-06-01,22,0,10490.7,419,0,0,26.7216470588235,0,0,11400.7,427,0,0,0,0
"266",2024-06-01,22,5,10729.7,424,0,0,26.7216470588235,0,0,11400.7,427,0,0,0,0
"267",2024-06-01,22,10,10457.7,424,0,0,26.7216470588235,0,0,11400.7,427,0,0,0,0
"268",2024-06-01,22,15,9819.7,423,0,0,26.7216470588235,0,0,11400.7,427,0,0,0,0
"269",2024-06-01,22,20,9841.7,424,0,0,26.7216470588235,0,0,11400.7,427,0,0,0,0
"270",2024-06-01,22,25,10980.7,423,0,0,26.7216470588235,0,0,11400.7,427,0,0,0,0
"271",2024-06-01,22,30,10830.7,422,0,0,26.7216470588235,0,0,11400.7,427,0,0,0,0
"272",2024-06-01,22,35,11400.7,427,0,0,26.7216470588235,0,0,11400.7,427,0,0,0,0
"273",2024-06-01,22,40,11356.7,425,0,0,26.7216470588235,0,0,11400.7,427,0,0,0,0
"274",2024-06-01,22,45,11136.4,422,0,0,26.7216470588235,0,0,11400.7,427,0,0,0,0
"275",2024-06-01,22,50,10434.4,418,0,0,26.7216470588235,0,0,11400.7,427,0,0,0,0
"276",2024-06-01,22,55,10384.4,418,0,0,26.7216470588235,0,0,11400.7,427,0,0,0,0
"277",2024-06-01,23,0,10924.4,419,0,0,28.9521951219512,0,0,11958.4,427,0,0,0,0
"278",2024-06-01,23,5,10452.4,413,0,0,28.9521951219512,0,0,11958.4,427,0,0,0,0
"279",2024-06-01,23,10,11339.4,424,0,0,28.9521951219512,0,0,11958.4,427,0,0,0,0
"280",2024-06-01,23,15,11836.4,427,0,0,28.9521951219512,0,0,11958.4,427,0,0,0,0
"281",2024-06-01,23,20,11694.4,425,0,0,28.9521951219512,0,0,11958.4,427,0,0,0,0
"282",2024-06-01,23,25,11290.4,419,0,0,28.9521951219512,0,0,11958.4,427,0,0,0,0
"283",2024-06-01,23,30,11470.4,420,0,0,28.9521951219512,0,0,11958.4,427,0,0,0,0
"284",2024-06-01,23,35,11844.4,417,0,0,28.9521951219512,0,0,11958.4,427,0,0,0,0
"285",2024-06-01,23,40,11958.4,414,0,0,28.9521951219512,0,0,11958.4,427,0,0,0,0
"286",2024-06-01,23,45,11870.4,410,0,0,28.9521951219512,0,0,11958.4,427,0,0,0,0
"287",2024-06-01,23,50,11590.4,408,0,0,28.9521951219512,0,0,11958.4,427,0,0,0,0
"288",2024-06-01,23,55,11457.4,407,0,0,28.9521951219512,0,0,11958.4,427,0,0,0,0
"289",2024-06-02,0,0,5169,140,0,0,44.5547445255474,0,0,6104,140,0,0,0,0
"290",2024-06-02,0,5,4882,132,0,0,44.5547445255474,0,0,6104,140,0,0,0,0
"291",2024-06-02,0,10,5482,134,0,0,44.5547445255474,0,0,6104,140,0,0,0,0
"292",2024-06-02,0,15,6104,137,0,0,44.5547445255474,0,0,6104,140,0,0,0,0
"293",2024-06-02,0,20,5504,135,0,0,44.5547445255474,0,0,6104,140,0,0,0,0
"294",2024-06-02,0,25,5526,136,0,0,44.5547445255474,0,0,6104,140,0,0,0,0
"295",2024-06-02,0,30,5526,136,0,0,44.5547445255474,0,0,6104,140,0,0,0,0
"296",2024-06-02,0,35,4862,131,0,0,44.5547445255474,0,0,6104,140,0,0,0,0
"297",2024-06-02,0,40,4862,131,0,0,44.5547445255474,0,0,6104,140,0,0,0,0
"298",2024-06-02,0,45,4862,131,0,0,44.5547445255474,0,0,6104,140,0,0,0,0
"299",2024-06-02,0,50,4562,130,0,0,44.5547445255474,0,0,6104,140,0,0,0,0
"300",2024-06-02,0,55,4562,130,0,0,44.5547445255474,0,0,6104,140,0,0,0,0
"301",2024-06-02,1,0,5184,133,0,0,39.7426470588235,0,0,5405,136,0,0,0,0
"302",2024-06-02,1,5,5405,136,0,0,39.7426470588235,0,0,5405,136,0,0,0,0
"303",2024-06-02,1,10,5083,134,0,0,39.7426470588235,0,0,5405,136,0,0,0,0
"304",2024-06-02,1,15,4783,133,0,0,39.7426470588235,0,0,5405,136,0,0,0,0
"305",2024-06-02,1,20,4483,132,0,0,39.7426470588235,0,0,5405,136,0,0,0,0
"306",2024-06-02,1,25,4483,132,0,0,39.7426470588235,0,0,5405,136,0,0,0,0
"307",2024-06-02,1,30,3823,130,0,0,39.7426470588235,0,0,5405,136,0,0,0,0
"308",2024-06-02,1,35,2974,120,0,0,39.7426470588235,0,0,5405,136,0,0,0,0
"309",2024-06-02,1,40,2974,120,0,0,39.7426470588235,0,0,5405,136,0,0,0,0
"310",2024-06-02,1,45,2974,120,0,0,39.7426470588235,0,0,5405,136,0,0,0,0
"311",2024-06-02,1,50,2974,120,0,0,39.7426470588235,0,0,5405,136,0,0,0,0
"312",2024-06-02,1,55,3018,120,0,0,39.7426470588235,0,0,5405,136,0,0,0,0
"313",2024-06-02,2,0,9003.7,351,0,0,26.6132394366197,0,0,9447.7,355,0,0,0,0
"314",2024-06-02,2,5,9097.7,354,0,0,26.6132394366197,0,0,9447.7,355,0,0,0,0
"315",2024-06-02,2,10,9119.7,355,0,0,26.6132394366197,0,0,9447.7,355,0,0,0,0
"316",2024-06-02,2,15,9447.7,355,0,0,26.6132394366197,0,0,9447.7,355,0,0,0,0
"317",2024-06-02,2,20,9053.7,352,0,0,26.6132394366197,0,0,9447.7,355,0,0,0,0
"318",2024-06-02,2,25,9188.4,354,0,0,26.6132394366197,0,0,9447.7,355,0,0,0,0
"319",2024-06-02,2,30,9188.4,354,0,0,26.6132394366197,0,0,9447.7,355,0,0,0,0
"320",2024-06-02,2,35,8463.4,350,0,0,26.6132394366197,0,0,9447.7,355,0,0,0,0
"321",2024-06-02,2,40,7977.4,347,0,0,26.6132394366197,0,0,9447.7,355,0,0,0,0
"322",2024-06-02,2,45,7797.4,346,0,0,26.6132394366197,0,0,9447.7,355,0,0,0,0
"323",2024-06-02,2,50,8119.4,348,0,0,26.6132394366197,0,0,9447.7,355,0,0,0,0
"324",2024-06-02,2,55,8119.4,348,0,0,26.6132394366197,0,0,9447.7,355,0,0,0,0
"325",2024-06-02,3,0,8097.4,347,0,0,26.065306122449,0,0,8940.4,347,0,0,0,0
"326",2024-06-02,3,5,7859.4,342,0,0,26.065306122449,0,0,8940.4,347,0,0,0,0
"327",2024-06-02,3,10,7881.4,343,0,0,26.065306122449,0,0,8940.4,347,0,0,0,0
"328",2024-06-02,3,15,7859.4,342,0,0,26.065306122449,0,0,8940.4,347,0,0,0,0
"329",2024-06-02,3,20,8181.4,344,0,0,26.065306122449,0,0,8940.4,347,0,0,0,0
"330",2024-06-02,3,25,8361.4,344,0,0,26.065306122449,0,0,8940.4,347,0,0,0,0
"331",2024-06-02,3,30,8252.4,344,0,0,26.065306122449,0,0,8940.4,347,0,0,0,0
"332",2024-06-02,3,35,8662.4,343,0,0,26.065306122449,0,0,8940.4,347,0,0,0,0
"333",2024-06-02,3,40,8640.4,342,0,0,26.065306122449,0,0,8940.4,347,0,0,0,0
"334",2024-06-02,3,45,8940.4,343,0,0,26.065306122449,0,0,8940.4,347,0,0,0,0
"335",2024-06-02,3,50,7882.4,340,0,0,26.065306122449,0,0,8940.4,347,0,0,0,0
"336",2024-06-02,3,55,7582.4,339,0,0,26.065306122449,0,0,8940.4,347,0,0,0,0
"337",2024-06-02,4,0,7582.4,338,0,0,25.9490797546012,0,0,8459.4,338,0,0,0,0
"338",2024-06-02,4,5,7394.4,330,0,0,25.9490797546012,0,0,8459.4,338,0,0,0,0
"339",2024-06-02,4,10,7394.4,330,0,0,25.9490797546012,0,0,8459.4,338,0,0,0,0
"340",2024-06-02,4,15,7394.4,330,0,0,25.9490797546012,0,0,8459.4,338,0,0,0,0
"341",2024-06-02,4,20,7394.4,330,0,0,25.9490797546012,0,0,8459.4,338,0,0,0,0
"342",2024-06-02,4,25,7372.4,329,0,0,25.9490797546012,0,0,8459.4,338,0,0,0,0
"343",2024-06-02,4,30,7350.4,328,0,0,25.9490797546012,0,0,8459.4,338,0,0,0,0
"344",2024-06-02,4,35,7423.4,324,0,0,25.9490797546012,0,0,8459.4,338,0,0,0,0
"345",2024-06-02,4,40,7723.4,325,0,0,25.9490797546012,0,0,8459.4,338,0,0,0,0
"346",2024-06-02,4,45,7881.4,325,0,0,25.9490797546012,0,0,8459.4,338,0,0,0,0
"347",2024-06-02,4,50,8459.4,326,0,0,25.9490797546012,0,0,8459.4,338,0,0,0,0
"348",2024-06-02,4,55,8459.4,326,0,0,25.9490797546012,0,0,8459.4,338,0,0,0,0
"349",2024-06-02,5,0,8159.4,325,0,0,26.0501529051988,0,0,8518.4,327,0,0,0,0
"350",2024-06-02,5,5,7859.4,324,0,0,26.0501529051988,0,0,8518.4,327,0,0,0,0
"351",2024-06-02,5,10,7881.4,325,0,0,26.0501529051988,0,0,8518.4,327,0,0,0,0
"352",2024-06-02,5,15,7859.4,324,0,0,26.0501529051988,0,0,8518.4,327,0,0,0,0
"353",2024-06-02,5,20,7679.4,323,0,0,26.0501529051988,0,0,8518.4,327,0,0,0,0
"354",2024-06-02,5,25,7479.4,323,0,0,26.0501529051988,0,0,8518.4,327,0,0,0,0
"355",2024-06-02,5,30,7779.4,324,0,0,26.0501529051988,0,0,8518.4,327,0,0,0,0
"356",2024-06-02,5,35,8518.4,327,0,0,26.0501529051988,0,0,8518.4,327,0,0,0,0
"357",2024-06-02,5,40,8140.4,326,0,0,26.0501529051988,0,0,8518.4,327,0,0,0,0
"358",2024-06-02,5,45,8190.4,327,0,0,26.0501529051988,0,0,8518.4,327,0,0,0,0
"359",2024-06-02,5,50,8190.4,327,0,0,26.0501529051988,0,0,8518.4,327,0,0,0,0
"360",2024-06-02,5,55,8162.4,327,0,0,26.0501529051988,0,0,8518.4,327,0,0,0,0
"361",2024-06-02,6,0,8140.4,326,0,0,25.4289156626506,0,0,8442.4,332,0,0,0,0
"362",2024-06-02,6,5,7262.4,324,0,0,25.4289156626506,0,0,8442.4,332,0,0,0,0
"363",2024-06-02,6,10,7262.4,324,0,0,25.4289156626506,0,0,8442.4,332,0,0,0,0
"364",2024-06-02,6,15,7284.4,325,0,0,25.4289156626506,0,0,8442.4,332,0,0,0,0
"365",2024-06-02,6,20,7584.4,326,0,0,25.4289156626506,0,0,8442.4,332,0,0,0,0
"366",2024-06-02,6,25,7562.4,325,0,0,25.4289156626506,0,0,8442.4,332,0,0,0,0
"367",2024-06-02,6,30,7862.4,326,0,0,25.4289156626506,0,0,8442.4,332,0,0,0,0
"368",2024-06-02,6,35,7760.4,329,0,0,25.4289156626506,0,0,8442.4,332,0,0,0,0
"369",2024-06-02,6,40,8142.4,331,0,0,25.4289156626506,0,0,8442.4,332,0,0,0,0
"370",2024-06-02,6,45,8120.4,330,0,0,25.4289156626506,0,0,8442.4,332,0,0,0,0
"371",2024-06-02,6,50,8442.4,332,0,0,25.4289156626506,0,0,8442.4,332,0,0,0,0
"372",2024-06-02,6,55,8442.4,332,0,0,25.4289156626506,0,0,8442.4,332,0,0,0,0
"373",2024-06-02,7,0,8742.4,333,0,0,26.2534534534535,0,0,8742.4,334,0,0,0,0
"374",2024-06-02,7,5,8704.4,334,0,0,26.2534534534535,0,0,8742.4,334,0,0,0,0
"375",2024-06-02,7,10,8404.4,333,0,0,26.2534534534535,0,0,8742.4,334,0,0,0,0
"376",2024-06-02,7,15,8104.4,332,0,0,26.2534534534535,0,0,8742.4,334,0,0,0,0
"377",2024-06-02,7,20,8082.4,331,0,0,26.2534534534535,0,0,8742.4,334,0,0,0,0
"378",2024-06-02,7,25,7782.4,330,0,0,26.2534534534535,0,0,8742.4,334,0,0,0,0
"379",2024-06-02,7,30,7760.4,329,0,0,26.2534534534535,0,0,8742.4,334,0,0,0,0
"380",2024-06-02,7,35,7712.4,327,0,0,26.2534534534535,0,0,8742.4,334,0,0,0,0
"381",2024-06-02,7,40,7712.4,327,0,0,26.2534534534535,0,0,8742.4,334,0,0,0,0
"382",2024-06-02,7,45,8012.4,328,0,0,26.2534534534535,0,0,8742.4,334,0,0,0,0
"383",2024-06-02,7,50,7712.4,327,0,0,26.2534534534535,0,0,8742.4,334,0,0,0,0
"384",2024-06-02,7,55,7712.4,327,0,0,26.2534534534535,0,0,8742.4,334,0,0,0,0
"385",2024-06-02,8,0,7712.4,327,0,0,25.394512195122,0,0,8329.4,328,0,0,0,0
"386",2024-06-02,8,5,7429.4,324,0,0,25.394512195122,0,0,8329.4,328,0,0,0,0
"387",2024-06-02,8,10,7429.4,324,0,0,25.394512195122,0,0,8329.4,328,0,0,0,0
"388",2024-06-02,8,15,7429.4,324,0,0,25.394512195122,0,0,8329.4,328,0,0,0,0
"389",2024-06-02,8,20,7429.4,324,0,0,25.394512195122,0,0,8329.4,328,0,0,0,0
"390",2024-06-02,8,25,7707.4,324,0,0,25.394512195122,0,0,8329.4,328,0,0,0,0
"391",2024-06-02,8,30,7718.4,325,0,0,25.394512195122,0,0,8329.4,328,0,0,0,0
"392",2024-06-02,8,35,7729.4,326,0,0,25.394512195122,0,0,8329.4,328,0,0,0,0
"393",2024-06-02,8,40,7451.4,326,0,0,25.394512195122,0,0,8329.4,328,0,0,0,0
"394",2024-06-02,8,45,7729.4,327,0,0,25.394512195122,0,0,8329.4,328,0,0,0,0
"395",2024-06-02,8,50,8051.4,328,0,0,25.394512195122,0,0,8329.4,328,0,0,0,0
"396",2024-06-02,8,55,8329.4,328,0,0,25.394512195122,0,0,8329.4,328,0,0,0,0
"397",2024-06-02,9,25,8741.4,327,0,0,27.0291925465839,0,0,8784.4,329,0,0,0,0
"398",2024-06-02,9,30,8763.4,327,0,0,27.0291925465839,0,0,8784.4,329,0,0,0,0
"399",2024-06-02,9,35,8784.4,325,0,0,27.0291925465839,0,0,8784.4,329,0,0,0,0
"400",2024-06-02,9,40,8473.4,323,0,0,27.0291925465839,0,0,8784.4,329,0,0,0,0
"401",2024-06-02,9,45,8475.4,323,0,0,27.0291925465839,0,0,8784.4,329,0,0,0,0
"402",2024-06-02,9,50,8497.4,324,0,0,27.0291925465839,0,0,8784.4,329,0,0,0,0
"403",2024-06-02,9,55,8703.4,322,0,0,27.0291925465839,0,0,8784.4,329,0,0,0,0
"404",2024-06-02,9,0,8329.4,328,0,0,27.0291925465839,0,0,8784.4,329,0,0,0,0
"405",2024-06-02,9,5,8479.4,329,0,0,27.0291925465839,0,0,8784.4,329,0,0,0,0
"406",2024-06-02,9,10,8457.4,328,0,0,27.0291925465839,0,0,8784.4,329,0,0,0,0
"407",2024-06-02,9,15,8424.4,326,0,0,27.0291925465839,0,0,8784.4,329,0,0,0,0
"408",2024-06-02,9,20,8380.4,324,0,0,27.0291925465839,0,0,8784.4,329,0,0,0,0
"409",2024-06-02,10,35,9068.4,338,0,0,28.7823708206687,0,0,9469.4,340,0,0,0,0
"410",2024-06-02,10,40,9024.4,336,0,0,28.7823708206687,0,0,9469.4,340,0,0,0,0
"411",2024-06-02,10,45,9024.4,336,0,0,28.7823708206687,0,0,9469.4,340,0,0,0,0
"412",2024-06-02,10,50,9199.4,340,0,0,28.7823708206687,0,0,9469.4,340,0,0,0,0
"413",2024-06-02,10,55,9177.4,339,0,0,28.7823708206687,0,0,9469.4,340,0,0,0,0
"414",2024-06-02,10,0,9003.4,323,0,0,28.7823708206687,0,0,9469.4,340,0,0,0,0
"415",2024-06-02,10,5,9469.4,329,0,0,28.7823708206687,0,0,9469.4,340,0,0,0,0
"416",2024-06-02,10,10,8902.4,329,0,0,28.7823708206687,0,0,9469.4,340,0,0,0,0
"417",2024-06-02,10,15,8924.4,330,0,0,28.7823708206687,0,0,9469.4,340,0,0,0,0
"418",2024-06-02,10,20,8924.4,330,0,0,28.7823708206687,0,0,9469.4,340,0,0,0,0
"419",2024-06-02,10,25,8600.4,328,0,0,28.7823708206687,0,0,9469.4,340,0,0,0,0
"420",2024-06-02,10,30,8611.4,328,0,0,28.7823708206687,0,0,9469.4,340,0,0,0,0
"421",2024-06-02,11,0,9426.4,343,0,0,29.2299435028249,0,0,10369.4,355,0,0,0,0
"422",2024-06-02,11,5,9216.4,342,0,0,29.2299435028249,0,0,10369.4,355,0,0,0,0
"423",2024-06-02,11,10,9295.4,342,0,0,29.2299435028249,0,0,10369.4,355,0,0,0,0
"424",2024-06-02,11,15,9273.4,341,0,0,29.2299435028249,0,0,10369.4,355,0,0,0,0
"425",2024-06-02,11,20,8995.4,341,0,0,29.2299435028249,0,0,10369.4,355,0,0,0,0
"426",2024-06-02,11,25,9333.4,341,0,0,29.2299435028249,0,0,10369.4,355,0,0,0,0
"427",2024-06-02,11,30,9229.4,343,0,0,29.2299435028249,0,0,10369.4,355,0,0,0,0
"428",2024-06-02,11,35,9350.4,354,0,0,29.2299435028249,0,0,10369.4,355,0,0,0,0
"429",2024-06-02,11,40,9178.4,352,0,0,29.2299435028249,0,0,10369.4,355,0,0,0,0
"430",2024-06-02,11,45,10014.4,352,0,0,29.2299435028249,0,0,10369.4,355,0,0,0,0
"431",2024-06-02,11,50,10347.4,354,0,0,29.2299435028249,0,0,10369.4,355,0,0,0,0
"432",2024-06-02,11,55,10369.4,355,0,0,29.2299435028249,0,0,10369.4,355,0,0,0,0
"433",2024-06-02,12,0,10901.4,358,0,0,33.5854961832061,0,0,13574.1,407,0,0,0,0
"434",2024-06-02,12,5,11748.4,370,0,0,33.5854961832061,0,0,13574.1,407,0,0,0,0
"435",2024-06-02,12,10,11719.1,370,0,0,33.5854961832061,0,0,13574.1,407,0,0,0,0
"436",2024-06-02,12,15,11921.1,373,0,0,33.5854961832061,0,0,13574.1,407,0,0,0,0
"437",2024-06-02,12,20,12168.1,379,0,0,33.5854961832061,0,0,13574.1,407,0,0,0,0
"438",2024-06-02,12,25,11964.1,380,0,0,33.5854961832061,0,0,13574.1,407,0,0,0,0
"439",2024-06-02,12,30,11833.1,379,0,0,33.5854961832061,0,0,13574.1,407,0,0,0,0
"440",2024-06-02,12,35,13199.1,393,0,0,33.5854961832061,0,0,13574.1,407,0,0,0,0
"441",2024-06-02,12,40,12411.1,392,0,0,33.5854961832061,0,0,13574.1,407,0,0,0,0
"442",2024-06-02,12,45,13349.1,403,0,0,33.5854961832061,0,0,13574.1,407,0,0,0,0
"443",2024-06-02,12,50,13388.1,404,0,0,33.5854961832061,0,0,13574.1,407,0,0,0,0
"444",2024-06-02,12,55,13574.1,407,0,0,33.5854961832061,0,0,13574.1,407,0,0,0,0
"445",2024-06-02,13,0,13933.4,410,0,0,35.9544578313253,0,0,15106.1,437,0,0,0,0
"446",2024-06-02,13,5,13264.4,397,0,0,35.9544578313253,0,0,15106.1,437,0,0,0,0
"447",2024-06-02,13,10,14501.1,410,0,0,35.9544578313253,0,0,15106.1,437,0,0,0,0
"448",2024-06-02,13,15,14359.1,413,0,0,35.9544578313253,0,0,15106.1,437,0,0,0,0
"449",2024-06-02,13,20,14703.1,415,0,0,35.9544578313253,0,0,15106.1,437,0,0,0,0
"450",2024-06-02,13,25,14921.1,415,0,0,35.9544578313253,0,0,15106.1,437,0,0,0,0
"451",2024-06-02,13,30,14291.1,411,0,0,35.9544578313253,0,0,15106.1,437,0,0,0,0
"452",2024-06-02,13,35,14329.8,433,0,0,35.9544578313253,0,0,15106.1,437,0,0,0,0
"453",2024-06-02,13,40,15106.1,437,0,0,35.9544578313253,0,0,15106.1,437,0,0,0,0
"454",2024-06-02,13,45,13757.1,429,0,0,35.9544578313253,0,0,15106.1,437,0,0,0,0
"455",2024-06-02,13,50,13807.1,435,0,0,35.9544578313253,0,0,15106.1,437,0,0,0,0
"456",2024-06-02,13,55,14149.1,436,0,0,35.9544578313253,0,0,15106.1,437,0,0,0,0
"457",2024-06-02,14,55,16403.1,471,0,0,36.2892405063291,0,0,17201.1,474,0,0,0,0
"458",2024-06-02,14,0,15504.1,443,0,0,36.2892405063291,0,0,17201.1,474,0,0,0,0
"459",2024-06-02,14,5,15509.1,462,0,0,36.2892405063291,0,0,17201.1,474,0,0,0,0
"460",2024-06-02,14,10,15401.1,463,0,0,36.2892405063291,0,0,17201.1,474,0,0,0,0
"461",2024-06-02,14,15,16216.1,464,0,0,36.2892405063291,0,0,17201.1,474,0,0,0,0
"462",2024-06-02,14,20,15761.1,465,0,0,36.2892405063291,0,0,17201.1,474,0,0,0,0
"463",2024-06-02,14,25,16748.8,471,0,0,36.2892405063291,0,0,17201.1,474,0,0,0,0
"464",2024-06-02,14,30,17201.1,474,0,0,36.2892405063291,0,0,17201.1,474,0,0,0,0
"465",2024-06-02,14,35,16749.1,468,0,0,36.2892405063291,0,0,17201.1,474,0,0,0,0
"466",2024-06-02,14,40,16363.1,470,0,0,36.2892405063291,0,0,17201.1,474,0,0,0,0
"467",2024-06-02,14,45,16201.1,471,0,0,36.2892405063291,0,0,17201.1,474,0,0,0,0
"468",2024-06-02,14,50,16370.1,471,0,0,36.2892405063291,0,0,17201.1,474,0,0,0,0
"469",2024-06-02,15,0,15965.1,464,0,0,34.4075431034483,0,0,15965.1,489,0,0,0,0
"470",2024-06-02,15,5,15507.1,469,0,0,34.4075431034483,0,0,15965.1,489,0,0,0,0
"471",2024-06-02,15,10,15100.8,471,0,0,34.4075431034483,0,0,15965.1,489,0,0,0,0
"472",2024-06-02,15,15,14734.8,472,0,0,34.4075431034483,0,0,15965.1,489,0,0,0,0
"473",2024-06-02,15,20,14965.8,471,0,0,34.4075431034483,0,0,15965.1,489,0,0,0,0
"474",2024-06-02,15,25,15090.5,472,0,0,34.4075431034483,0,0,15965.1,489,0,0,0,0
"475",2024-06-02,15,30,14610.5,472,0,0,34.4075431034483,0,0,15965.1,489,0,0,0,0
"476",2024-06-02,15,35,14942.5,484,0,0,34.4075431034483,0,0,15965.1,489,0,0,0,0
"477",2024-06-02,15,40,14786.5,488,0,0,34.4075431034483,0,0,15965.1,489,0,0,0,0
"478",2024-06-02,15,45,14720.8,487,0,0,34.4075431034483,0,0,15965.1,489,0,0,0,0
"479",2024-06-02,15,50,14397.8,487,0,0,34.4075431034483,0,0,15965.1,489,0,0,0,0
"480",2024-06-02,15,55,13992.8,489,0,0,34.4075431034483,0,0,15965.1,489,0,0,0,0
"481",2024-06-02,16,0,15157.8,498,0,0,33.2679536679537,0,0,17232.8,518,0,0,0,0
"482",2024-06-02,16,5,15792.8,513,0,0,33.2679536679537,0,0,17232.8,518,0,0,0,0
"483",2024-06-02,16,10,17232.8,518,0,0,33.2679536679537,0,0,17232.8,518,0,0,0,0
"484",2024-06-02,16,15,16518.8,509,0,0,33.2679536679537,0,0,17232.8,518,0,0,0,0
"485",2024-06-02,16,20,15361.8,506,0,0,33.2679536679537,0,0,17232.8,518,0,0,0,0
"486",2024-06-02,16,25,15309.1,506,0,0,33.2679536679537,0,0,17232.8,518,0,0,0,0
"487",2024-06-02,16,30,15409.1,509,0,0,33.2679536679537,0,0,17232.8,518,0,0,0,0
"488",2024-06-02,16,35,14493.1,503,0,0,33.2679536679537,0,0,17232.8,518,0,0,0,0
"489",2024-06-02,16,40,15273.1,503,0,0,33.2679536679537,0,0,17232.8,518,0,0,0,0
"490",2024-06-02,16,45,15835.1,515,0,0,33.2679536679537,0,0,17232.8,518,0,0,0,0
"491",2024-06-02,16,50,16045.1,513,0,0,33.2679536679537,0,0,17232.8,518,0,0,0,0
"492",2024-06-02,16,55,15867.1,513,0,0,33.2679536679537,0,0,17232.8,518,0,0,0,0
"493",2024-06-02,17,0,15056.1,508,0,0,29.6379921259843,0,0,15271.1,521,0,0,0,0
"494",2024-06-02,17,5,15271.1,521,0,0,29.6379921259843,0,0,15271.1,521,0,0,0,0
"495",2024-06-02,17,10,14929.4,520,0,0,29.6379921259843,0,0,15271.1,521,0,0,0,0
"496",2024-06-02,17,15,15265.1,519,0,0,29.6379921259843,0,0,15271.1,521,0,0,0,0
"497",2024-06-02,17,20,14999.4,517,0,0,29.6379921259843,0,0,15271.1,521,0,0,0,0
"498",2024-06-02,17,25,15118.4,516,0,0,29.6379921259843,0,0,15271.1,521,0,0,0,0
"499",2024-06-02,17,30,14985.4,513,0,0,29.6379921259843,0,0,15271.1,521,0,0,0,0
"500",2024-06-02,17,35,13970.1,516,0,0,29.6379921259843,0,0,15271.1,521,0,0,0,0
"501",2024-06-02,17,40,13991.1,512,0,0,29.6379921259843,0,0,15271.1,521,0,0,0,0
"502",2024-06-02,17,45,14281.1,509,0,0,29.6379921259843,0,0,15271.1,521,0,0,0,0
"503",2024-06-02,17,50,13921.1,506,0,0,29.6379921259843,0,0,15271.1,521,0,0,0,0
"504",2024-06-02,17,55,10026.7,344,0,0,29.6379921259843,0,0,15271.1,521,0,0,0,0
"505",2024-06-02,18,0,8189.7,268,0,0,38.7614785992218,0,0,9961.7,268,0,0,0,0
"506",2024-06-02,18,5,9006.7,259,0,0,38.7614785992218,0,0,9961.7,268,0,0,0,0
"507",2024-06-02,18,10,9028.7,260,0,0,38.7614785992218,0,0,9961.7,268,0,0,0,0
"508",2024-06-02,18,15,8984.7,258,0,0,38.7614785992218,0,0,9961.7,268,0,0,0,0
"509",2024-06-02,18,20,9884.7,261,0,0,38.7614785992218,0,0,9961.7,268,0,0,0,0
"510",2024-06-02,18,25,9672.7,264,0,0,38.7614785992218,0,0,9961.7,268,0,0,0,0
"511",2024-06-02,18,30,9372.7,263,0,0,38.7614785992218,0,0,9961.7,268,0,0,0,0
"512",2024-06-02,18,35,8739.7,253,0,0,38.7614785992218,0,0,9961.7,268,0,0,0,0
"513",2024-06-02,18,40,9705.7,258,0,0,38.7614785992218,0,0,9961.7,268,0,0,0,0
"514",2024-06-02,18,45,9961.7,257,0,0,38.7614785992218,0,0,9961.7,268,0,0,0,0
"515",2024-06-02,18,50,9369,255,0,0,38.7614785992218,0,0,9961.7,268,0,0,0,0
"516",2024-06-02,18,55,9013,253,0,0,38.7614785992218,0,0,9961.7,268,0,0,0,0
"517",2024-06-02,19,0,8735,253,0,0,37.0692640692641,0,0,8735,253,0,0,0,0
"518",2024-06-02,19,5,8686,235,0,0,37.0692640692641,0,0,8735,253,0,0,0,0
"519",2024-06-02,19,10,8307,230,0,0,37.0692640692641,0,0,8735,253,0,0,0,0
"520",2024-06-02,19,15,8563,231,0,0,37.0692640692641,0,0,8735,253,0,0,0,0
"521",2024-06-02,19,20,8263,230,0,0,37.0692640692641,0,0,8735,253,0,0,0,0
"522",2024-06-02,19,25,8261,230,0,0,37.0692640692641,0,0,8735,253,0,0,0,0
"523",2024-06-02,19,30,7705,230,0,0,37.0692640692641,0,0,8735,253,0,0,0,0
"524",2024-06-02,19,35,6920,213,0,0,37.0692640692641,0,0,8735,253,0,0,0,0
"525",2024-06-02,19,40,6677,211,0,0,37.0692640692641,0,0,8735,253,0,0,0,0
"526",2024-06-02,19,45,6699,212,0,0,37.0692640692641,0,0,8735,253,0,0,0,0
"527",2024-06-02,19,50,7021,214,0,0,37.0692640692641,0,0,8735,253,0,0,0,0
"528",2024-06-02,19,55,6677,211,0,0,37.0692640692641,0,0,8735,253,0,0,0,0
"529",2024-06-02,20,0,7381,215,0,0,41.9223744292237,0,0,9181,223,0,0,0,0
"530",2024-06-02,20,5,8988,220,0,0,41.9223744292237,0,0,9181,223,0,0,0,0
"531",2024-06-02,20,10,9181,219,0,0,41.9223744292237,0,0,9181,223,0,0,0,0
"532",2024-06-02,20,15,8843,219,0,0,41.9223744292237,0,0,9181,223,0,0,0,0
"533",2024-06-02,20,20,8929,223,0,0,41.9223744292237,0,0,9181,223,0,0,0,0
"534",2024-06-02,20,25,8909,222,0,0,41.9223744292237,0,0,9181,223,0,0,0,0
"535",2024-06-02,20,30,8887,221,0,0,41.9223744292237,0,0,9181,223,0,0,0,0
"536",2024-06-02,20,35,7333,211,0,0,41.9223744292237,0,0,9181,223,0,0,0,0
"537",2024-06-02,20,40,6733,209,0,0,41.9223744292237,0,0,9181,223,0,0,0,0
"538",2024-06-02,20,45,7011,209,0,0,41.9223744292237,0,0,9181,223,0,0,0,0
"539",2024-06-02,20,50,7267,208,0,0,41.9223744292237,0,0,9181,223,0,0,0,0
"540",2024-06-02,20,55,7245,207,0,0,41.9223744292237,0,0,9181,223,0,0,0,0
"541",2024-06-02,21,0,6711,206,0,0,43.3502512562814,0,0,8626.7,206,0,0,0,0
"542",2024-06-02,21,5,7079,206,0,0,43.3502512562814,0,0,8626.7,206,0,0,0,0
"543",2024-06-02,21,10,7357,206,0,0,43.3502512562814,0,0,8626.7,206,0,0,0,0
"544",2024-06-02,21,15,6969,201,0,0,43.3502512562814,0,0,8626.7,206,0,0,0,0
"545",2024-06-02,21,20,6658,199,0,0,43.3502512562814,0,0,8626.7,206,0,0,0,0
"546",2024-06-02,21,25,6958,200,0,0,43.3502512562814,0,0,8626.7,206,0,0,0,0
"547",2024-06-02,21,30,6936,199,0,0,43.3502512562814,0,0,8626.7,206,0,0,0,0
"548",2024-06-02,21,35,8302.7,198,0,0,43.3502512562814,0,0,8626.7,206,0,0,0,0
"549",2024-06-02,21,40,8626.7,199,0,0,43.3502512562814,0,0,8626.7,206,0,0,0,0
"550",2024-06-02,21,45,7644.7,193,0,0,43.3502512562814,0,0,8626.7,206,0,0,0,0
"551",2024-06-02,21,50,6744.7,190,0,0,43.3502512562814,0,0,8626.7,206,0,0,0,0
"552",2024-06-02,21,55,6488.7,191,0,0,43.3502512562814,0,0,8626.7,206,0,0,0,0
"553",2024-06-02,22,0,6488.7,191,0,0,44.0151685393258,0,0,7834.7,191,0,0,0,0
"554",2024-06-02,22,5,5924.7,171,0,0,44.0151685393258,0,0,7834.7,191,0,0,0,0
"555",2024-06-02,22,10,7234.7,176,0,0,44.0151685393258,0,0,7834.7,191,0,0,0,0
"556",2024-06-02,22,15,7834.7,178,0,0,44.0151685393258,0,0,7834.7,191,0,0,0,0
"557",2024-06-02,22,20,7484.7,176,0,0,44.0151685393258,0,0,7834.7,191,0,0,0,0
"558",2024-06-02,22,25,6502.7,172,0,0,44.0151685393258,0,0,7834.7,191,0,0,0,0
"559",2024-06-02,22,30,6202.7,171,0,0,44.0151685393258,0,0,7834.7,191,0,0,0,0
"560",2024-06-02,22,35,4865.7,157,0,0,44.0151685393258,0,0,7834.7,191,0,0,0,0
"561",2024-06-02,22,40,4821.7,155,0,0,44.0151685393258,0,0,7834.7,191,0,0,0,0
"562",2024-06-02,22,45,4796,153,0,0,44.0151685393258,0,0,7834.7,191,0,0,0,0
"563",2024-06-02,22,50,5096,154,0,0,44.0151685393258,0,0,7834.7,191,0,0,0,0
"564",2024-06-02,22,55,5096,154,0,0,44.0151685393258,0,0,7834.7,191,0,0,0,0
"565",2024-06-02,23,15,4581,138,0,0,37.1376811594203,0,0,5456,155,0,0,0,0
"566",2024-06-02,23,20,4845,150,0,0,37.1376811594203,0,0,5456,155,0,0,0,0
"567",2024-06-02,23,0,5118,155,0,0,37.1376811594203,0,0,5456,155,0,0,0,0
"568",2024-06-02,23,5,3802,140,0,0,37.1376811594203,0,0,5456,155,0,0,0,0
"569",2024-06-02,23,10,5456,152,0,0,37.1376811594203,0,0,5456,155,0,0,0,0
"570",2024-06-02,23,25,4834,149,0,0,37.1376811594203,0,0,5456,155,0,0,0,0
"571",2024-06-02,23,30,5156,151,0,0,37.1376811594203,0,0,5456,155,0,0,0,0
"572",2024-06-02,23,35,4547,137,0,0,37.1376811594203,0,0,5456,155,0,0,0,0
"573",2024-06-02,23,40,4569,138,0,0,37.1376811594203,0,0,5456,155,0,0,0,0
"574",2024-06-02,23,45,5125,138,0,0,37.1376811594203,0,0,5456,155,0,0,0,0
"575",2024-06-02,23,50,5147,139,0,0,37.1376811594203,0,0,5456,155,0,0,0,0
"576",2024-06-02,23,55,4847,138,0,0,37.1376811594203,0,0,5456,155,0,0,0,0
"577",2024-06-03,0,0,8489.4,340,0,0,26.1329341317365,0,0,8728.4,340,0,0,0,0
"578",2024-06-03,0,5,8706.4,337,0,0,26.1329341317365,0,0,8728.4,340,0,0,0,0
"579",2024-06-03,0,10,8728.4,334,0,0,26.1329341317365,0,0,8728.4,340,0,0,0,0
"580",2024-06-03,0,15,8406.4,332,0,0,26.1329341317365,0,0,8728.4,340,0,0,0,0
"581",2024-06-03,0,20,8084.4,332,0,0,26.1329341317365,0,0,8728.4,340,0,0,0,0
"582",2024-06-03,0,25,8106.4,333,0,0,26.1329341317365,0,0,8728.4,340,0,0,0,0
"583",2024-06-03,0,30,8128.4,334,0,0,26.1329341317365,0,0,8728.4,340,0,0,0,0
"584",2024-06-03,0,35,7350.4,325,0,0,26.1329341317365,0,0,8728.4,340,0,0,0,0
"585",2024-06-03,0,40,7756.4,326,0,0,26.1329341317365,0,0,8728.4,340,0,0,0,0
"586",2024-06-03,0,45,7313.4,318,0,0,26.1329341317365,0,0,8728.4,340,0,0,0,0
"587",2024-06-03,0,50,6669.4,314,0,0,26.1329341317365,0,0,8728.4,340,0,0,0,0
"588",2024-06-03,0,55,7285.4,314,0,0,26.1329341317365,0,0,8728.4,340,0,0,0,0
"589",2024-06-03,1,0,7508.4,316,0,0,27.1236760124611,0,0,8706.7,322,0,0,0,0
"590",2024-06-03,1,5,8050.4,320,0,0,27.1236760124611,0,0,8706.7,322,0,0,0,0
"591",2024-06-03,1,10,8706.7,321,0,0,27.1236760124611,0,0,8706.7,322,0,0,0,0
"592",2024-06-03,1,15,8548.7,322,0,0,27.1236760124611,0,0,8706.7,322,0,0,0,0
"593",2024-06-03,1,20,8376.7,320,0,0,27.1236760124611,0,0,8706.7,322,0,0,0,0
"594",2024-06-03,1,25,7848.7,320,0,0,27.1236760124611,0,0,8706.7,322,0,0,0,0
"595",2024-06-03,1,30,7362.7,315,0,0,27.1236760124611,0,0,8706.7,322,0,0,0,0
"596",2024-06-03,1,35,6777.7,308,0,0,27.1236760124611,0,0,8706.7,322,0,0,0,0
"597",2024-06-03,1,40,6427.7,306,0,0,27.1236760124611,0,0,8706.7,322,0,0,0,0
"598",2024-06-03,1,45,6149.7,306,0,0,27.1236760124611,0,0,8706.7,322,0,0,0,0
"599",2024-06-03,1,50,6149.7,306,0,0,27.1236760124611,0,0,8706.7,322,0,0,0,0
"600",2024-06-03,1,55,6531.7,308,0,0,27.1236760124611,0,0,8706.7,322,0,0,0,0
"601",2024-06-03,2,0,3018,120,0,0,27.3305785123967,0,0,3307,121,0,0,0,0
"602",2024-06-03,2,5,3307,121,0,0,27.3305785123967,0,0,3307,121,0,0,0,0
"603",2024-06-03,2,10,3307,121,0,0,27.3305785123967,0,0,3307,121,0,0,0,0
"604",2024-06-03,2,15,3307,121,0,0,27.3305785123967,0,0,3307,121,0,0,0,0
"605",2024-06-03,2,20,3307,121,0,0,27.3305785123967,0,0,3307,121,0,0,0,0
"606",2024-06-03,2,25,3307,121,0,0,27.3305785123967,0,0,3307,121,0,0,0,0
"607",2024-06-03,2,30,3241,120,0,0,27.3305785123967,0,0,3307,121,0,0,0,0
"608",2024-06-03,2,35,3132,118,0,0,27.3305785123967,0,0,3307,121,0,0,0,0
"609",2024-06-03,2,40,3132,118,0,0,27.3305785123967,0,0,3307,121,0,0,0,0
"610",2024-06-03,2,45,3132,118,0,0,27.3305785123967,0,0,3307,121,0,0,0,0
"611",2024-06-03,2,50,3132,118,0,0,27.3305785123967,0,0,3307,121,0,0,0,0
"612",2024-06-03,2,55,3132,118,0,0,27.3305785123967,0,0,3307,121,0,0,0,0
"613",2024-06-03,3,0,3110,117,0,0,29.781512605042,0,0,3544,119,0,0,0,0
"614",2024-06-03,3,5,3140,116,0,0,29.781512605042,0,0,3544,119,0,0,0,0
"615",2024-06-03,3,10,3140,116,0,0,29.781512605042,0,0,3544,119,0,0,0,0
"616",2024-06-03,3,15,3140,116,0,0,29.781512605042,0,0,3544,119,0,0,0,0
"617",2024-06-03,3,20,3140,116,0,0,29.781512605042,0,0,3544,119,0,0,0,0
"618",2024-06-03,3,25,3140,116,0,0,29.781512605042,0,0,3544,119,0,0,0,0
"619",2024-06-03,3,30,3140,116,0,0,29.781512605042,0,0,3544,119,0,0,0,0
"620",2024-06-03,3,35,3244,118,0,0,29.781512605042,0,0,3544,119,0,0,0,0
"621",2024-06-03,3,40,3244,118,0,0,29.781512605042,0,0,3544,119,0,0,0,0
"622",2024-06-03,3,45,3544,119,0,0,29.781512605042,0,0,3544,119,0,0,0,0
"623",2024-06-03,3,50,3544,119,0,0,29.781512605042,0,0,3544,119,0,0,0,0
"624",2024-06-03,3,55,3544,119,0,0,29.781512605042,0,0,3544,119,0,0,0,0
"625",2024-06-03,4,0,3544,119,0,0,30.9159663865546,0,0,3679,119,0,0,0,0
"626",2024-06-03,4,5,3679,119,0,0,30.9159663865546,0,0,3679,119,0,0,0,0
"627",2024-06-03,4,10,3679,119,0,0,30.9159663865546,0,0,3679,119,0,0,0,0
"628",2024-06-03,4,15,3679,119,0,0,30.9159663865546,0,0,3679,119,0,0,0,0
"629",2024-06-03,4,20,3679,119,0,0,30.9159663865546,0,0,3679,119,0,0,0,0
"630",2024-06-03,4,25,3679,119,0,0,30.9159663865546,0,0,3679,119,0,0,0,0
"631",2024-06-03,4,30,3019,117,0,0,30.9159663865546,0,0,3679,119,0,0,0,0
"632",2024-06-03,4,35,2880,117,0,0,30.9159663865546,0,0,3679,119,0,0,0,0
"633",2024-06-03,4,40,2880,117,0,0,30.9159663865546,0,0,3679,119,0,0,0,0
"634",2024-06-03,4,45,2880,117,0,0,30.9159663865546,0,0,3679,119,0,0,0,0
"635",2024-06-03,4,50,2880,117,0,0,30.9159663865546,0,0,3679,119,0,0,0,0
"636",2024-06-03,4,55,2880,117,0,0,30.9159663865546,0,0,3679,119,0,0,0,0
"637",2024-06-03,5,0,2880,117,0,0,26.7627118644068,0,0,3158,118,0,0,0,0
"638",2024-06-03,5,5,2902,118,0,0,26.7627118644068,0,0,3158,118,0,0,0,0
"639",2024-06-03,5,10,2902,118,0,0,26.7627118644068,0,0,3158,118,0,0,0,0
"640",2024-06-03,5,15,2902,118,0,0,26.7627118644068,0,0,3158,118,0,0,0,0
"641",2024-06-03,5,20,2902,118,0,0,26.7627118644068,0,0,3158,118,0,0,0,0
"642",2024-06-03,5,25,2902,118,0,0,26.7627118644068,0,0,3158,118,0,0,0,0
"643",2024-06-03,5,30,2902,118,0,0,26.7627118644068,0,0,3158,118,0,0,0,0
"644",2024-06-03,5,35,3158,118,0,0,26.7627118644068,0,0,3158,118,0,0,0,0
"645",2024-06-03,5,40,3158,118,0,0,26.7627118644068,0,0,3158,118,0,0,0,0
"646",2024-06-03,5,45,3158,118,0,0,26.7627118644068,0,0,3158,118,0,0,0,0
"647",2024-06-03,5,50,3158,118,0,0,26.7627118644068,0,0,3158,118,0,0,0,0
"648",2024-06-03,5,55,3158,118,0,0,26.7627118644068,0,0,3158,118,0,0,0,0
"649",2024-06-03,6,0,3224,119,0,0,30.1147540983607,0,0,3674,122,0,0,0,0
"650",2024-06-03,6,5,3118,120,0,0,30.1147540983607,0,0,3674,122,0,0,0,0
"651",2024-06-03,6,10,3118,120,0,0,30.1147540983607,0,0,3674,122,0,0,0,0
"652",2024-06-03,6,15,3118,120,0,0,30.1147540983607,0,0,3674,122,0,0,0,0
"653",2024-06-03,6,20,3118,120,0,0,30.1147540983607,0,0,3674,122,0,0,0,0
"654",2024-06-03,6,25,3118,120,0,0,30.1147540983607,0,0,3674,122,0,0,0,0
"655",2024-06-03,6,30,3118,120,0,0,30.1147540983607,0,0,3674,122,0,0,0,0
"656",2024-06-03,6,35,3118,120,0,0,30.1147540983607,0,0,3674,122,0,0,0,0
"657",2024-06-03,6,40,3052,119,0,0,30.1147540983607,0,0,3674,122,0,0,0,0
"658",2024-06-03,6,45,3374,121,0,0,30.1147540983607,0,0,3674,122,0,0,0,0
"659",2024-06-03,6,50,3374,121,0,0,30.1147540983607,0,0,3674,122,0,0,0,0
"660",2024-06-03,6,55,3674,122,0,0,30.1147540983607,0,0,3674,122,0,0,0,0
"661",2024-06-03,7,0,3674,122,0,0,30.1147540983607,0,0,3696,123,0,0,0,0
"662",2024-06-03,7,5,3696,123,0,0,30.1147540983607,0,0,3696,123,0,0,0,0
"663",2024-06-03,7,10,3696,123,0,0,30.1147540983607,0,0,3696,123,0,0,0,0
"664",2024-06-03,7,15,3096,121,0,0,30.1147540983607,0,0,3696,123,0,0,0,0
"665",2024-06-03,7,20,3096,121,0,0,30.1147540983607,0,0,3696,123,0,0,0,0
"666",2024-06-03,7,25,3096,121,0,0,30.1147540983607,0,0,3696,123,0,0,0,0
"667",2024-06-03,7,30,3096,121,0,0,30.1147540983607,0,0,3696,123,0,0,0,0
"668",2024-06-03,7,35,3224,120,0,0,30.1147540983607,0,0,3696,123,0,0,0,0
"669",2024-06-03,7,40,3202,119,0,0,30.1147540983607,0,0,3696,123,0,0,0,0
"670",2024-06-03,7,45,3202,119,0,0,30.1147540983607,0,0,3696,123,0,0,0,0
"671",2024-06-03,7,50,3202,119,0,0,30.1147540983607,0,0,3696,123,0,0,0,0
"672",2024-06-03,7,55,3180,118,0,0,30.1147540983607,0,0,3696,123,0,0,0,0
"673",2024-06-03,8,15,3414,122,0,0,32.9842519685039,0,0,4255,130,0,0,0,0
"674",2024-06-03,8,20,3114,121,0,0,32.9842519685039,0,0,4255,130,0,0,0,0
"675",2024-06-03,8,25,3052,120,0,0,32.9842519685039,0,0,4255,130,0,0,0,0
"676",2024-06-03,8,30,3074,121,0,0,32.9842519685039,0,0,4255,130,0,0,0,0
"677",2024-06-03,8,35,3589,125,0,0,32.9842519685039,0,0,4255,130,0,0,0,0
"678",2024-06-03,8,40,3589,125,0,0,32.9842519685039,0,0,4255,130,0,0,0,0
"679",2024-06-03,8,45,3911,127,0,0,32.9842519685039,0,0,4255,130,0,0,0,0
"680",2024-06-03,8,50,4189,127,0,0,32.9842519685039,0,0,4255,130,0,0,0,0
"681",2024-06-03,8,55,4255,130,0,0,32.9842519685039,0,0,4255,130,0,0,0,0
"682",2024-06-03,8,0,3180,118,0,0,32.9842519685039,0,0,4255,130,0,0,0,0
"683",2024-06-03,8,5,3041,119,0,0,32.9842519685039,0,0,4255,130,0,0,0,0
"684",2024-06-03,8,10,3041,119,0,0,32.9842519685039,0,0,4255,130,0,0,0,0
"685",2024-06-03,9,55,5873,163,0,0,41.2147239263804,0,0,6718,163,0,0,0,0
"686",2024-06-03,9,0,4255,130,0,0,41.2147239263804,0,0,6718,163,0,0,0,0
"687",2024-06-03,9,5,5082,145,0,0,41.2147239263804,0,0,6718,163,0,0,0,0
"688",2024-06-03,9,10,5120,147,0,0,41.2147239263804,0,0,6718,163,0,0,0,0
"689",2024-06-03,9,15,4798,145,0,0,41.2147239263804,0,0,6718,163,0,0,0,0
"690",2024-06-03,9,20,4498,144,0,0,41.2147239263804,0,0,6718,163,0,0,0,0
"691",2024-06-03,9,25,5120,147,0,0,41.2147239263804,0,0,6718,163,0,0,0,0
"692",2024-06-03,9,30,5076,145,0,0,41.2147239263804,0,0,6718,163,0,0,0,0
"693",2024-06-03,9,35,5997,156,0,0,41.2147239263804,0,0,6718,163,0,0,0,0
"694",2024-06-03,9,40,6019,157,0,0,41.2147239263804,0,0,6718,163,0,0,0,0
"695",2024-06-03,9,45,6074,159,0,0,41.2147239263804,0,0,6718,163,0,0,0,0
"696",2024-06-03,9,50,6718,163,0,0,41.2147239263804,0,0,6718,163,0,0,0,0
"697",2024-06-03,10,0,5895,164,0,0,37.5506607929515,0,0,8524,235,0,0,0,0
"698",2024-06-03,10,5,5709,176,0,0,37.5506607929515,0,0,8524,235,0,0,0,0
"699",2024-06-03,10,10,6983,196,0,0,37.5506607929515,0,0,8524,235,0,0,0,0
"700",2024-06-03,10,15,7090,197,0,0,37.5506607929515,0,0,8524,235,0,0,0,0
"701",2024-06-03,10,20,7532,202,0,0,37.5506607929515,0,0,8524,235,0,0,0,0
"702",2024-06-03,10,25,7642,205,0,0,37.5506607929515,0,0,8524,235,0,0,0,0
"703",2024-06-03,10,30,7664,206,0,0,37.5506607929515,0,0,8524,235,0,0,0,0
"704",2024-06-03,10,35,8524,227,0,0,37.5506607929515,0,0,8524,235,0,0,0,0
"705",2024-06-03,10,40,8252,229,0,0,37.5506607929515,0,0,8524,235,0,0,0,0
"706",2024-06-03,10,45,8274,230,0,0,37.5506607929515,0,0,8524,235,0,0,0,0
"707",2024-06-03,10,50,8277.7,231,0,0,37.5506607929515,0,0,8524,235,0,0,0,0
"708",2024-06-03,10,55,8087.7,235,0,0,37.5506607929515,0,0,8524,235,0,0,0,0
"709",2024-06-03,11,0,9053.7,241,0,0,38.5958955223881,0,0,10668.7,277,0,0,0,0
"710",2024-06-03,11,5,9042.7,262,0,0,38.5958955223881,0,0,10668.7,277,0,0,0,0
"711",2024-06-03,11,10,9342.7,263,0,0,38.5958955223881,0,0,10668.7,277,0,0,0,0
"712",2024-06-03,11,15,10343.7,268,0,0,38.5958955223881,0,0,10668.7,277,0,0,0,0
"713",2024-06-03,11,20,10043.7,267,0,0,38.5958955223881,0,0,10668.7,277,0,0,0,0
"714",2024-06-03,11,25,9678.7,267,0,0,38.5958955223881,0,0,10668.7,277,0,0,0,0
"715",2024-06-03,11,30,9650.7,267,0,0,38.5958955223881,0,0,10668.7,277,0,0,0,0
"716",2024-06-03,11,35,9818.7,275,0,0,38.5958955223881,0,0,10668.7,277,0,0,0,0
"717",2024-06-03,11,40,9818.7,275,0,0,38.5958955223881,0,0,10668.7,277,0,0,0,0
"718",2024-06-03,11,45,10046.7,274,0,0,38.5958955223881,0,0,10668.7,277,0,0,0,0
"719",2024-06-03,11,50,10646.7,276,0,0,38.5958955223881,0,0,10668.7,277,0,0,0,0
"720",2024-06-03,11,55,10668.7,277,0,0,38.5958955223881,0,0,10668.7,277,0,0,0,0
"721",2024-06-03,12,0,10494.7,277,0,0,38.2742160278746,0,0,10984.7,292,0,0,0,0
"722",2024-06-03,12,5,10984.7,287,0,0,38.2742160278746,0,0,10984.7,292,0,0,0,0
"723",2024-06-03,12,10,10384.7,285,0,0,38.2742160278746,0,0,10984.7,292,0,0,0,0
"724",2024-06-03,12,15,10478.7,286,0,0,38.2742160278746,0,0,10984.7,292,0,0,0,0
"725",2024-06-03,12,20,10500.7,287,0,0,38.2742160278746,0,0,10984.7,292,0,0,0,0
"726",2024-06-03,12,25,9942.7,285,0,0,38.2742160278746,0,0,10984.7,292,0,0,0,0
"727",2024-06-03,12,30,10264.7,287,0,0,38.2742160278746,0,0,10984.7,292,0,0,0,0
"728",2024-06-03,12,35,9830.7,290,0,0,38.2742160278746,0,0,10984.7,292,0,0,0,0
"729",2024-06-03,12,40,10430.7,292,0,0,38.2742160278746,0,0,10984.7,292,0,0,0,0
"730",2024-06-03,12,45,10108.7,290,0,0,38.2742160278746,0,0,10984.7,292,0,0,0,0
"731",2024-06-03,12,50,10708.7,292,0,0,38.2742160278746,0,0,10984.7,292,0,0,0,0
"732",2024-06-03,12,55,10675.7,290,0,0,38.2742160278746,0,0,10984.7,292,0,0,0,0
"733",2024-06-03,13,0,10631.7,288,0,0,37.4250859106529,0,0,10890.7,291,0,0,0,0
"734",2024-06-03,13,5,10690.7,288,0,0,37.4250859106529,0,0,10890.7,291,0,0,0,0
"735",2024-06-03,13,10,10690.7,288,0,0,37.4250859106529,0,0,10890.7,291,0,0,0,0
"736",2024-06-03,13,15,10046.7,284,0,0,37.4250859106529,0,0,10890.7,291,0,0,0,0
"737",2024-06-03,13,20,10068.7,285,0,0,37.4250859106529,0,0,10890.7,291,0,0,0,0
"738",2024-06-03,13,25,10068.7,285,0,0,37.4250859106529,0,0,10890.7,291,0,0,0,0
"739",2024-06-03,13,30,10068.7,285,0,0,37.4250859106529,0,0,10890.7,291,0,0,0,0
"740",2024-06-03,13,35,10546.7,288,0,0,37.4250859106529,0,0,10890.7,291,0,0,0,0
"741",2024-06-03,13,40,10890.7,291,0,0,37.4250859106529,0,0,10890.7,291,0,0,0,0
"742",2024-06-03,13,45,10502.7,286,0,0,37.4250859106529,0,0,10890.7,291,0,0,0,0
"743",2024-06-03,13,50,10202.7,285,0,0,37.4250859106529,0,0,10890.7,291,0,0,0,0
"744",2024-06-03,13,55,10246.7,287,0,0,37.4250859106529,0,0,10890.7,291,0,0,0,0
"745",2024-06-03,14,55,9077,262,0,0,37.5730337078652,0,0,10301.7,287,0,0,0,0
"746",2024-06-03,14,0,10301.7,287,0,0,37.5730337078652,0,0,10301.7,287,0,0,0,0
"747",2024-06-03,14,5,9687.7,278,0,0,37.5730337078652,0,0,10301.7,287,0,0,0,0
"748",2024-06-03,14,10,9649.7,276,0,0,37.5730337078652,0,0,10301.7,287,0,0,0,0
"749",2024-06-03,14,15,10277.7,278,0,0,37.5730337078652,0,0,10301.7,287,0,0,0,0
"750",2024-06-03,14,20,9685,275,0,0,37.5730337078652,0,0,10301.7,287,0,0,0,0
"751",2024-06-03,14,25,8719,269,0,0,37.5730337078652,0,0,10301.7,287,0,0,0,0
"752",2024-06-03,14,30,9669,273,0,0,37.5730337078652,0,0,10301.7,287,0,0,0,0
"753",2024-06-03,14,35,9476,267,0,0,37.5730337078652,0,0,10301.7,287,0,0,0,0
"754",2024-06-03,14,40,10032,267,0,0,37.5730337078652,0,0,10301.7,287,0,0,0,0
"755",2024-06-03,14,45,9894,264,0,0,37.5730337078652,0,0,10301.7,287,0,0,0,0
"756",2024-06-03,14,50,9638,265,0,0,37.5730337078652,0,0,10301.7,287,0,0,0,0
"757",2024-06-03,15,0,9399,264,0,0,39.5688405797101,0,0,10921,277,0,0,0,0
"758",2024-06-03,15,5,10175,275,0,0,39.5688405797101,0,0,10921,277,0,0,0,0
"759",2024-06-03,15,10,10065,272,0,0,39.5688405797101,0,0,10921,277,0,0,0,0
"760",2024-06-03,15,15,10567,275,0,0,39.5688405797101,0,0,10921,277,0,0,0,0
"761",2024-06-03,15,20,10545,274,0,0,39.5688405797101,0,0,10921,277,0,0,0,0
"762",2024-06-03,15,25,10823,274,0,0,39.5688405797101,0,0,10921,277,0,0,0,0
"763",2024-06-03,15,30,10823,274,0,0,39.5688405797101,0,0,10921,277,0,0,0,0
"764",2024-06-03,15,35,10921,276,0,0,39.5688405797101,0,0,10921,277,0,0,0,0
"765",2024-06-03,15,40,10343,275,0,0,39.5688405797101,0,0,10921,277,0,0,0,0
"766",2024-06-03,15,45,10507,277,0,0,39.5688405797101,0,0,10921,277,0,0,0,0
"767",2024-06-03,15,50,10157,275,0,0,39.5688405797101,0,0,10921,277,0,0,0,0
"768",2024-06-03,15,55,10702,274,0,0,39.5688405797101,0,0,10921,277,0,0,0,0
"769",2024-06-03,16,0,10757,277,0,0,39.1636363636364,0,0,10770,277,0,0,0,0
"770",2024-06-03,16,5,10518,275,0,0,39.1636363636364,0,0,10770,277,0,0,0,0
"771",2024-06-03,16,10,10540,276,0,0,39.1636363636364,0,0,10770,277,0,0,0,0
"772",2024-06-03,16,15,9940,276,0,0,39.1636363636364,0,0,10770,277,0,0,0,0
"773",2024-06-03,16,20,9230,273,0,0,39.1636363636364,0,0,10770,277,0,0,0,0
"774",2024-06-03,16,25,10430,277,0,0,39.1636363636364,0,0,10770,277,0,0,0,0
"775",2024-06-03,16,30,10386,275,0,0,39.1636363636364,0,0,10770,277,0,0,0,0
"776",2024-06-03,16,35,10770,275,0,0,39.1636363636364,0,0,10770,277,0,0,0,0
"777",2024-06-03,16,40,10498,274,0,0,39.1636363636364,0,0,10770,277,0,0,0,0
"778",2024-06-03,16,45,9270,270,0,0,39.1636363636364,0,0,10770,277,0,0,0,0
"779",2024-06-03,16,50,8992,270,0,0,39.1636363636364,0,0,10770,277,0,0,0,0
"780",2024-06-03,16,55,9526,270,0,0,39.1636363636364,0,0,10770,277,0,0,0,0
"781",2024-06-03,17,0,9804,270,0,0,37.4360902255639,0,0,9958,272,0,0,0,0
"782",2024-06-03,17,5,9294,272,0,0,37.4360902255639,0,0,9958,272,0,0,0,0
"783",2024-06-03,17,10,9572,272,0,0,37.4360902255639,0,0,9958,272,0,0,0,0
"784",2024-06-03,17,15,9272,271,0,0,37.4360902255639,0,0,9958,272,0,0,0,0
"785",2024-06-03,17,20,9250,270,0,0,37.4360902255639,0,0,9958,272,0,0,0,0
"786",2024-06-03,17,25,9272,271,0,0,37.4360902255639,0,0,9958,272,0,0,0,0
"787",2024-06-03,17,30,8672,269,0,0,37.4360902255639,0,0,9958,272,0,0,0,0
"788",2024-06-03,17,35,8758,262,0,0,37.4360902255639,0,0,9958,272,0,0,0,0
"789",2024-06-03,17,40,9336,263,0,0,37.4360902255639,0,0,9958,272,0,0,0,0
"790",2024-06-03,17,45,9958,266,0,0,37.4360902255639,0,0,9958,272,0,0,0,0
"791",2024-06-03,17,50,9064,262,0,0,37.4360902255639,0,0,9958,272,0,0,0,0
"792",2024-06-03,17,55,9708,266,0,0,37.4360902255639,0,0,9958,272,0,0,0,0
"793",2024-06-03,18,0,9554,258,0,0,37.031007751938,0,0,15409.4,556,0,0,0,0
"794",2024-06-03,18,5,15304.1,556,0,0,37.031007751938,0,0,15409.4,556,0,0,0,0
"795",2024-06-03,18,10,15247.4,553,0,0,37.031007751938,0,0,15409.4,556,0,0,0,0
"796",2024-06-03,18,15,15409.4,543,0,0,37.031007751938,0,0,15409.4,556,0,0,0,0
"797",2024-06-03,18,20,14589.4,530,0,0,37.031007751938,0,0,15409.4,556,0,0,0,0
"798",2024-06-03,18,25,14212.4,525,0,0,37.031007751938,0,0,15409.4,556,0,0,0,0
"799",2024-06-03,18,30,14845.4,530,0,0,37.031007751938,0,0,15409.4,556,0,0,0,0
"800",2024-06-03,18,35,15119.4,538,0,0,37.031007751938,0,0,15409.4,556,0,0,0,0
"801",2024-06-03,18,40,14794.1,535,0,0,37.031007751938,0,0,15409.4,556,0,0,0,0
"802",2024-06-03,18,45,14037.8,533,0,0,37.031007751938,0,0,15409.4,556,0,0,0,0
"803",2024-06-03,18,50,13166.8,525,0,0,37.031007751938,0,0,15409.4,556,0,0,0,0
"804",2024-06-03,18,55,13463.8,522,0,0,37.031007751938,0,0,15409.4,556,0,0,0,0
"805",2024-06-03,19,0,13833.8,517,0,0,30.6149184149184,0,0,13972.1,517,0,0,0,0
"806",2024-06-03,19,5,13603.1,496,0,0,30.6149184149184,0,0,13972.1,517,0,0,0,0
"807",2024-06-03,19,10,13343.1,490,0,0,30.6149184149184,0,0,13972.1,517,0,0,0,0
"808",2024-06-03,19,15,13202.1,479,0,0,30.6149184149184,0,0,13972.1,517,0,0,0,0
"809",2024-06-03,19,20,13152.8,477,0,0,30.6149184149184,0,0,13972.1,517,0,0,0,0
"810",2024-06-03,19,25,13388.1,470,0,0,30.6149184149184,0,0,13972.1,517,0,0,0,0
"811",2024-06-03,19,30,13972.1,472,0,0,30.6149184149184,0,0,13972.1,517,0,0,0,0
"812",2024-06-03,19,35,12563.1,454,0,0,30.6149184149184,0,0,13972.1,517,0,0,0,0
"813",2024-06-03,19,40,12709.1,446,0,0,30.6149184149184,0,0,13972.1,517,0,0,0,0
"814",2024-06-03,19,45,13098.8,436,0,0,30.6149184149184,0,0,13972.1,517,0,0,0,0
"815",2024-06-03,19,50,13306.8,439,0,0,30.6149184149184,0,0,13972.1,517,0,0,0,0
"816",2024-06-03,19,55,13133.8,429,0,0,30.6149184149184,0,0,13972.1,517,0,0,0,0
"817",2024-06-03,20,0,12932.8,432,0,0,32.0632754342432,0,0,12932.8,432,0,0,0,0
"818",2024-06-03,20,35,12165.5,388,0,0,32.0632754342432,0,0,12932.8,432,0,0,0,0
"819",2024-06-03,20,40,11444.5,377,0,0,32.0632754342432,0,0,12932.8,432,0,0,0,0
"820",2024-06-03,20,45,11297.1,375,0,0,32.0632754342432,0,0,12932.8,432,0,0,0,0
"821",2024-06-03,20,50,11662.8,379,0,0,32.0632754342432,0,0,12932.8,432,0,0,0,0
"822",2024-06-03,20,55,11313.8,378,0,0,32.0632754342432,0,0,12932.8,432,0,0,0,0
"823",2024-06-03,20,5,12263.8,415,0,0,32.0632754342432,0,0,12932.8,432,0,0,0,0
"824",2024-06-03,20,10,12711.8,417,0,0,32.0632754342432,0,0,12932.8,432,0,0,0,0
"825",2024-06-03,20,15,12802.8,412,0,0,32.0632754342432,0,0,12932.8,432,0,0,0,0
"826",2024-06-03,20,20,12724.5,414,0,0,32.0632754342432,0,0,12932.8,432,0,0,0,0
"827",2024-06-03,20,25,12581.5,407,0,0,32.0632754342432,0,0,12932.8,432,0,0,0,0
"828",2024-06-03,20,30,12921.5,403,0,0,32.0632754342432,0,0,12932.8,432,0,0,0,0
"829",2024-06-03,21,0,10514.8,375,0,0,28.1806366047745,0,0,10624.1,377,0,0,0,0
"830",2024-06-03,21,5,9826.8,373,0,0,28.1806366047745,0,0,10624.1,377,0,0,0,0
"831",2024-06-03,21,10,9823.1,372,0,0,28.1806366047745,0,0,10624.1,377,0,0,0,0
"832",2024-06-03,21,15,10172.1,373,0,0,28.1806366047745,0,0,10624.1,377,0,0,0,0
"833",2024-06-03,21,20,10614.1,377,0,0,28.1806366047745,0,0,10624.1,377,0,0,0,0
"834",2024-06-03,21,25,10624.1,377,0,0,28.1806366047745,0,0,10624.1,377,0,0,0,0
"835",2024-06-03,21,30,9641.1,371,0,0,28.1806366047745,0,0,10624.1,377,0,0,0,0
"836",2024-06-03,21,35,10187.1,375,0,0,28.1806366047745,0,0,10624.1,377,0,0,0,0
"837",2024-06-03,21,40,10323.1,377,0,0,28.1806366047745,0,0,10624.1,377,0,0,0,0
"838",2024-06-03,21,45,10263.1,375,0,0,28.1806366047745,0,0,10624.1,377,0,0,0,0
"839",2024-06-03,21,50,9897.8,374,0,0,28.1806366047745,0,0,10624.1,377,0,0,0,0
"840",2024-06-03,21,55,9957.8,374,0,0,28.1806366047745,0,0,10624.1,377,0,0,0,0
"841",2024-06-03,22,0,10811.8,374,0,0,29.4315363881402,0,0,10919.1,374,0,0,0,0
"842",2024-06-03,22,5,10693.1,374,0,0,29.4315363881402,0,0,10919.1,374,0,0,0,0
"843",2024-06-03,22,10,10638.1,373,0,0,29.4315363881402,0,0,10919.1,374,0,0,0,0
"844",2024-06-03,22,15,10919.1,371,0,0,29.4315363881402,0,0,10919.1,374,0,0,0,0
"845",2024-06-03,22,20,10207.1,366,0,0,29.4315363881402,0,0,10919.1,374,0,0,0,0
"846",2024-06-03,22,25,10245.1,369,0,0,29.4315363881402,0,0,10919.1,374,0,0,0,0
"847",2024-06-03,22,30,9501.4,367,0,0,29.4315363881402,0,0,10919.1,374,0,0,0,0
"848",2024-06-03,22,35,9413.4,359,0,0,29.4315363881402,0,0,10919.1,374,0,0,0,0
"849",2024-06-03,22,40,9459.4,360,0,0,29.4315363881402,0,0,10919.1,374,0,0,0,0
"850",2024-06-03,22,45,9898.4,362,0,0,29.4315363881402,0,0,10919.1,374,0,0,0,0
"851",2024-06-03,22,50,9800.4,364,0,0,29.4315363881402,0,0,10919.1,374,0,0,0,0
"852",2024-06-03,22,55,9707.4,362,0,0,29.4315363881402,0,0,10919.1,374,0,0,0,0
"853",2024-06-03,23,0,9297.4,356,0,0,27.1106628242075,0,0,9473.4,356,0,0,0,0
"854",2024-06-03,23,5,7809.4,343,0,0,27.1106628242075,0,0,9473.4,356,0,0,0,0
"855",2024-06-03,23,10,9193.4,354,0,0,27.1106628242075,0,0,9473.4,356,0,0,0,0
"856",2024-06-03,23,15,9315.4,351,0,0,27.1106628242075,0,0,9473.4,356,0,0,0,0
"857",2024-06-03,23,20,9473.4,350,0,0,27.1106628242075,0,0,9473.4,356,0,0,0,0
"858",2024-06-03,23,25,9407.4,347,0,0,27.1106628242075,0,0,9473.4,356,0,0,0,0
"859",2024-06-03,23,30,8635.4,343,0,0,27.1106628242075,0,0,9473.4,356,0,0,0,0
"860",2024-06-03,23,35,7816.4,341,0,0,27.1106628242075,0,0,9473.4,356,0,0,0,0
"861",2024-06-03,23,40,7908.4,338,0,0,27.1106628242075,0,0,9473.4,356,0,0,0,0
"862",2024-06-03,23,45,8596.4,344,0,0,27.1106628242075,0,0,9473.4,356,0,0,0,0
"863",2024-06-03,23,50,8391.4,341,0,0,27.1106628242075,0,0,9473.4,356,0,0,0,0
"864",2024-06-03,23,55,8167.4,338,0,0,27.1106628242075,0,0,9473.4,356,0,0,0,0
"865",2024-06-04,0,0,7788.8,317,0,0,25.8578947368421,0,0,7860.8,317,0,0,0,0
"866",2024-06-04,0,5,7860.8,304,0,0,25.8578947368421,0,0,7860.8,317,0,0,0,0
"867",2024-06-04,0,10,7412.8,299,0,0,25.8578947368421,0,0,7860.8,317,0,0,0,0
"868",2024-06-04,0,15,7456.1,295,0,0,25.8578947368421,0,0,7860.8,317,0,0,0,0
"869",2024-06-04,0,20,7478.1,296,0,0,25.8578947368421,0,0,7860.8,317,0,0,0,0
"870",2024-06-04,0,25,7133.1,292,0,0,25.8578947368421,0,0,7860.8,317,0,0,0,0
"871",2024-06-04,0,30,6847.1,291,0,0,25.8578947368421,0,0,7860.8,317,0,0,0,0
"872",2024-06-04,0,35,6314.1,281,0,0,25.8578947368421,0,0,7860.8,317,0,0,0,0
"873",2024-06-04,0,40,6270.1,279,0,0,25.8578947368421,0,0,7860.8,317,0,0,0,0
"874",2024-06-04,0,45,6150.1,277,0,0,25.8578947368421,0,0,7860.8,317,0,0,0,0
"875",2024-06-04,0,50,6417.1,276,0,0,25.8578947368421,0,0,7860.8,317,0,0,0,0
"876",2024-06-04,0,55,6631.1,276,0,0,25.8578947368421,0,0,7860.8,317,0,0,0,0
"877",2024-06-04,1,0,6637.1,275,0,0,24.1349090909091,0,0,6658.1,279,0,0,0,0
"878",2024-06-04,1,5,6570.1,275,0,0,24.1349090909091,0,0,6658.1,279,0,0,0,0
"879",2024-06-04,1,10,6636.1,278,0,0,24.1349090909091,0,0,6658.1,279,0,0,0,0
"880",2024-06-04,1,15,6658.1,279,0,0,24.1349090909091,0,0,6658.1,279,0,0,0,0
"881",2024-06-04,1,20,6008.1,276,0,0,24.1349090909091,0,0,6658.1,279,0,0,0,0
"882",2024-06-04,1,25,6090.1,277,0,0,24.1349090909091,0,0,6658.1,279,0,0,0,0
"883",2024-06-04,1,30,5856.1,277,0,0,24.1349090909091,0,0,6658.1,279,0,0,0,0
"884",2024-06-04,1,35,5768.1,272,0,0,24.1349090909091,0,0,6658.1,279,0,0,0,0
"885",2024-06-04,1,40,5746.1,271,0,0,24.1349090909091,0,0,6658.1,279,0,0,0,0
"886",2024-06-04,1,45,5724.1,270,0,0,24.1349090909091,0,0,6658.1,279,0,0,0,0
"887",2024-06-04,1,50,5980.1,269,0,0,24.1349090909091,0,0,6658.1,279,0,0,0,0
"888",2024-06-04,1,55,5976.4,268,0,0,24.1349090909091,0,0,6658.1,279,0,0,0,0
"889",2024-06-04,2,0,6481.7,307,0,0,23.0282467532468,0,0,7092.7,309,0,0,0,0
"890",2024-06-04,2,5,6492.7,308,0,0,23.0282467532468,0,0,7092.7,309,0,0,0,0
"891",2024-06-04,2,10,6514.7,308,0,0,23.0282467532468,0,0,7092.7,309,0,0,0,0
"892",2024-06-04,2,15,6814.7,309,0,0,23.0282467532468,0,0,7092.7,309,0,0,0,0
"893",2024-06-04,2,20,7092.7,308,0,0,23.0282467532468,0,0,7092.7,309,0,0,0,0
"894",2024-06-04,2,25,6732.7,307,0,0,23.0282467532468,0,0,7092.7,309,0,0,0,0
"895",2024-06-04,2,30,6732.7,307,0,0,23.0282467532468,0,0,7092.7,309,0,0,0,0
"896",2024-06-04,2,35,6858.7,307,0,0,23.0282467532468,0,0,7092.7,309,0,0,0,0
"897",2024-06-04,2,40,6858.7,307,0,0,23.0282467532468,0,0,7092.7,309,0,0,0,0
"898",2024-06-04,2,45,6558.7,306,0,0,23.0282467532468,0,0,7092.7,309,0,0,0,0
"899",2024-06-04,2,50,6580.7,307,0,0,23.0282467532468,0,0,7092.7,309,0,0,0,0
"900",2024-06-04,2,55,6880.7,308,0,0,23.0282467532468,0,0,7092.7,309,0,0,0,0
"901",2024-06-04,3,0,6880.7,308,0,0,22.3399350649351,0,0,6880.7,308,0,0,0,0
"902",2024-06-04,3,5,6443.7,306,0,0,22.3399350649351,0,0,6880.7,308,0,0,0,0
"903",2024-06-04,3,10,6443.7,306,0,0,22.3399350649351,0,0,6880.7,308,0,0,0,0
"904",2024-06-04,3,15,6443.7,306,0,0,22.3399350649351,0,0,6880.7,308,0,0,0,0
"905",2024-06-04,3,20,6443.7,306,0,0,22.3399350649351,0,0,6880.7,308,0,0,0,0
"906",2024-06-04,3,25,6443.7,306,0,0,22.3399350649351,0,0,6880.7,308,0,0,0,0
"907",2024-06-04,3,30,6443.7,306,0,0,22.3399350649351,0,0,6880.7,308,0,0,0,0
"908",2024-06-04,3,35,6382.7,305,0,0,22.3399350649351,0,0,6880.7,308,0,0,0,0
"909",2024-06-04,3,40,6382.7,305,0,0,22.3399350649351,0,0,6880.7,308,0,0,0,0
"910",2024-06-04,3,45,6404.7,306,0,0,22.3399350649351,0,0,6880.7,308,0,0,0,0
"911",2024-06-04,3,50,6104.7,305,0,0,22.3399350649351,0,0,6880.7,308,0,0,0,0
"912",2024-06-04,3,55,6115.7,306,0,0,22.3399350649351,0,0,6880.7,308,0,0,0,0
"913",2024-06-04,4,0,6115.7,306,0,0,21.8042207792208,0,0,6715.7,308,0,0,0,0
"914",2024-06-04,4,5,6137.7,307,0,0,21.8042207792208,0,0,6715.7,308,0,0,0,0
"915",2024-06-04,4,10,6137.7,307,0,0,21.8042207792208,0,0,6715.7,308,0,0,0,0
"916",2024-06-04,4,15,6137.7,307,0,0,21.8042207792208,0,0,6715.7,308,0,0,0,0
"917",2024-06-04,4,20,6137.7,307,0,0,21.8042207792208,0,0,6715.7,308,0,0,0,0
"918",2024-06-04,4,25,6137.7,307,0,0,21.8042207792208,0,0,6715.7,308,0,0,0,0
"919",2024-06-04,4,30,6437.7,308,0,0,21.8042207792208,0,0,6715.7,308,0,0,0,0
"920",2024-06-04,4,35,6415.7,307,0,0,21.8042207792208,0,0,6715.7,308,0,0,0,0
"921",2024-06-04,4,40,6715.7,308,0,0,21.8042207792208,0,0,6715.7,308,0,0,0,0
"922",2024-06-04,4,45,6715.7,308,0,0,21.8042207792208,0,0,6715.7,308,0,0,0,0
"923",2024-06-04,4,50,6715.7,308,0,0,21.8042207792208,0,0,6715.7,308,0,0,0,0
"924",2024-06-04,4,55,6715.7,308,0,0,21.8042207792208,0,0,6715.7,308,0,0,0,0
"925",2024-06-04,5,0,6715.7,308,0,0,21.8042207792208,0,0,6715.7,311,0,0,0,0
"926",2024-06-04,5,5,6715.7,308,0,0,21.8042207792208,0,0,6715.7,311,0,0,0,0
"927",2024-06-04,5,10,6415.7,307,0,0,21.8042207792208,0,0,6715.7,311,0,0,0,0
"928",2024-06-04,5,15,6415.7,307,0,0,21.8042207792208,0,0,6715.7,311,0,0,0,0
"929",2024-06-04,5,20,6415.7,307,0,0,21.8042207792208,0,0,6715.7,311,0,0,0,0
"930",2024-06-04,5,25,6415.7,307,0,0,21.8042207792208,0,0,6715.7,311,0,0,0,0
"931",2024-06-04,5,30,6437.7,308,0,0,21.8042207792208,0,0,6715.7,311,0,0,0,0
"932",2024-06-04,5,35,6659.7,311,0,0,21.8042207792208,0,0,6715.7,311,0,0,0,0
"933",2024-06-04,5,40,6659.7,311,0,0,21.8042207792208,0,0,6715.7,311,0,0,0,0
"934",2024-06-04,5,45,6659.7,311,0,0,21.8042207792208,0,0,6715.7,311,0,0,0,0
"935",2024-06-04,5,50,6659.7,311,0,0,21.8042207792208,0,0,6715.7,311,0,0,0,0
"936",2024-06-04,5,55,6659.7,311,0,0,21.8042207792208,0,0,6715.7,311,0,0,0,0
"937",2024-06-04,6,0,6648.7,310,0,0,21.7522435897436,0,0,6786.7,312,0,0,0,0
"938",2024-06-04,6,5,6598.7,309,0,0,21.7522435897436,0,0,6786.7,312,0,0,0,0
"939",2024-06-04,6,10,6664.7,310,0,0,21.7522435897436,0,0,6786.7,312,0,0,0,0
"940",2024-06-04,6,15,6664.7,310,0,0,21.7522435897436,0,0,6786.7,312,0,0,0,0
"941",2024-06-04,6,20,6664.7,310,0,0,21.7522435897436,0,0,6786.7,312,0,0,0,0
"942",2024-06-04,6,25,6664.7,310,0,0,21.7522435897436,0,0,6786.7,312,0,0,0,0
"943",2024-06-04,6,30,6786.7,312,0,0,21.7522435897436,0,0,6786.7,312,0,0,0,0
"944",2024-06-04,6,35,6764.7,311,0,0,21.7522435897436,0,0,6786.7,312,0,0,0,0
"945",2024-06-04,6,40,6764.7,311,0,0,21.7522435897436,0,0,6786.7,312,0,0,0,0
"946",2024-06-04,6,45,6698.7,310,0,0,21.7522435897436,0,0,6786.7,312,0,0,0,0
"947",2024-06-04,6,50,6720.7,311,0,0,21.7522435897436,0,0,6786.7,312,0,0,0,0
"948",2024-06-04,6,55,6720.7,311,0,0,21.7522435897436,0,0,6786.7,312,0,0,0,0
"949",2024-06-04,7,0,6698.7,310,0,0,23.7858934169279,0,0,7653.7,323,0,0,0,0
"950",2024-06-04,7,5,6731.7,311,0,0,23.7858934169279,0,0,7653.7,323,0,0,0,0
"951",2024-06-04,7,10,6753.7,312,0,0,23.7858934169279,0,0,7653.7,323,0,0,0,0
"952",2024-06-04,7,15,6721.7,311,0,0,23.7858934169279,0,0,7653.7,323,0,0,0,0
"953",2024-06-04,7,20,6699.7,310,0,0,23.7858934169279,0,0,7653.7,323,0,0,0,0
"954",2024-06-04,7,25,6621.7,310,0,0,23.7858934169279,0,0,7653.7,323,0,0,0,0
"955",2024-06-04,7,30,6821.7,311,0,0,23.7858934169279,0,0,7653.7,323,0,0,0,0
"956",2024-06-04,7,35,7093.7,314,0,0,23.7858934169279,0,0,7653.7,323,0,0,0,0
"957",2024-06-04,7,40,7093.7,314,0,0,23.7858934169279,0,0,7653.7,323,0,0,0,0
"958",2024-06-04,7,45,7295.7,316,0,0,23.7858934169279,0,0,7653.7,323,0,0,0,0
"959",2024-06-04,7,50,7587.7,319,0,0,23.7858934169279,0,0,7653.7,323,0,0,0,0
"960",2024-06-04,7,55,7653.7,323,0,0,23.7858934169279,0,0,7653.7,323,0,0,0,0
"961",2024-06-04,8,0,7708.7,326,0,0,26.2439678284182,0,0,9789,379,0,0,0,0
"962",2024-06-04,8,5,7236.7,322,0,0,26.2439678284182,0,0,9789,379,0,0,0,0
"963",2024-06-04,8,10,7438.7,324,0,0,26.2439678284182,0,0,9789,379,0,0,0,0
"964",2024-06-04,8,15,7394.7,323,0,0,26.2439678284182,0,0,9789,379,0,0,0,0
"965",2024-06-04,8,20,7359,329,0,0,26.2439678284182,0,0,9789,379,0,0,0,0
"966",2024-06-04,8,25,7736,335,0,0,26.2439678284182,0,0,9789,379,0,0,0,0
"967",2024-06-04,8,30,8081,348,0,0,26.2439678284182,0,0,9789,379,0,0,0,0
"968",2024-06-04,8,35,8900,360,0,0,26.2439678284182,0,0,9789,379,0,0,0,0
"969",2024-06-04,8,40,9270,367,0,0,26.2439678284182,0,0,9789,379,0,0,0,0
"970",2024-06-04,8,45,9789,373,0,0,26.2439678284182,0,0,9789,379,0,0,0,0
"971",2024-06-04,8,50,9599,374,0,0,26.2439678284182,0,0,9789,379,0,0,0,0
"972",2024-06-04,8,55,9670,379,0,0,26.2439678284182,0,0,9789,379,0,0,0,0
"973",2024-06-04,9,25,11280,410,0,0,27.9201995012469,0,0,11474.7,453,0,0,0,0
"974",2024-06-04,9,30,10464,414,0,0,27.9201995012469,0,0,11474.7,453,0,0,0,0
"975",2024-06-04,9,35,10968.7,422,0,0,27.9201995012469,0,0,11474.7,453,0,0,0,0
"976",2024-06-04,9,40,11384.7,432,0,0,27.9201995012469,0,0,11474.7,453,0,0,0,0
"977",2024-06-04,9,45,11386.7,441,0,0,27.9201995012469,0,0,11474.7,453,0,0,0,0
"978",2024-06-04,9,50,11474.7,448,0,0,27.9201995012469,0,0,11474.7,453,0,0,0,0
"979",2024-06-04,9,15,10873,391,0,0,27.9201995012469,0,0,11474.7,453,0,0,0,0
"980",2024-06-04,9,20,11196,401,0,0,27.9201995012469,0,0,11474.7,453,0,0,0,0
"981",2024-06-04,9,55,11371.7,453,0,0,27.9201995012469,0,0,11474.7,453,0,0,0,0
"982",2024-06-04,9,0,9877,378,0,0,27.9201995012469,0,0,11474.7,453,0,0,0,0
"983",2024-06-04,9,5,10474,384,0,0,27.9201995012469,0,0,11474.7,453,0,0,0,0
"984",2024-06-04,9,10,10660,388,0,0,27.9201995012469,0,0,11474.7,453,0,0,0,0
"985",2024-06-04,10,0,11300.7,458,0,0,25.7014285714286,0,0,13628.7,553,0,0,0,0
"986",2024-06-04,10,5,12593.7,490,0,0,25.7014285714286,0,0,13628.7,553,0,0,0,0
"987",2024-06-04,10,10,12643.7,494,0,0,25.7014285714286,0,0,13628.7,553,0,0,0,0
"988",2024-06-04,10,15,12229.7,495,0,0,25.7014285714286,0,0,13628.7,553,0,0,0,0
"989",2024-06-04,10,20,12061.7,498,0,0,25.7014285714286,0,0,13628.7,553,0,0,0,0
"990",2024-06-04,10,25,11961.7,497,0,0,25.7014285714286,0,0,13628.7,553,0,0,0,0
"991",2024-06-04,10,30,12556.7,501,0,0,25.7014285714286,0,0,13628.7,553,0,0,0,0
"992",2024-06-04,10,35,12846.7,534,0,0,25.7014285714286,0,0,13628.7,553,0,0,0,0
"993",2024-06-04,10,40,12558.7,537,0,0,25.7014285714286,0,0,13628.7,553,0,0,0,0
"994",2024-06-04,10,45,12963.7,541,0,0,25.7014285714286,0,0,13628.7,553,0,0,0,0
"995",2024-06-04,10,50,12727.7,544,0,0,25.7014285714286,0,0,13628.7,553,0,0,0,0
"996",2024-06-04,10,55,13628.7,553,0,0,25.7014285714286,0,0,13628.7,553,0,0,0,0
"997",2024-06-04,11,0,14284.7,566,0,0,29.1683006535948,0,0,17851,614,0,0,0,0
"998",2024-06-04,11,5,15979.7,591,0,0,29.1683006535948,0,0,17851,614,0,0,0,0
"999",2024-06-04,11,10,16444.7,598,0,0,29.1683006535948,0,0,17851,614,0,0,0,0
"1000",2024-06-04,11,15,17398.7,604,0,0,29.1683006535948,0,0,17851,614,0,0,0,0
"1001",2024-06-04,11,20,17851,612,0,0,29.1683006535948,0,0,17851,614,0,0,0,0
"1002",2024-06-04,11,25,17197,614,0,0,29.1683006535948,0,0,17851,614,0,0,0,0
"1003",2024-06-04,11,30,16715,605,0,0,29.1683006535948,0,0,17851,614,0,0,0,0
"1004",2024-06-04,11,35,14984,609,0,0,29.1683006535948,0,0,17851,614,0,0,0,0
"1005",2024-06-04,11,40,14117,604,0,0,29.1683006535948,0,0,17851,614,0,0,0,0
"1006",2024-06-04,11,45,13901,602,0,0,29.1683006535948,0,0,17851,614,0,0,0,0
"1007",2024-06-04,11,50,13656,602,0,0,29.1683006535948,0,0,17851,614,0,0,0,0
"1008",2024-06-04,11,55,13677,598,0,0,29.1683006535948,0,0,17851,614,0,0,0,0
"1009",2024-06-04,12,5,14770.4,614,0,0,24.3126623376623,0,0,14989.4,622,0,0,0,0
"1010",2024-06-04,12,10,14827.4,616,0,0,24.3126623376623,0,0,14989.4,622,0,0,0,0
"1011",2024-06-04,12,15,14742.4,613,0,0,24.3126623376623,0,0,14989.4,622,0,0,0,0
"1012",2024-06-04,12,20,14840.4,615,0,0,24.3126623376623,0,0,14989.4,622,0,0,0,0
"1013",2024-06-04,12,25,14702.4,615,0,0,24.3126623376623,0,0,14989.4,622,0,0,0,0
"1014",2024-06-04,12,30,14297.4,613,0,0,24.3126623376623,0,0,14989.4,622,0,0,0,0
"1015",2024-06-04,12,35,14519.4,617,0,0,24.3126623376623,0,0,14989.4,622,0,0,0,0
"1016",2024-06-04,12,40,14635.4,618,0,0,24.3126623376623,0,0,14989.4,622,0,0,0,0
"1017",2024-06-04,12,45,14989.4,622,0,0,24.3126623376623,0,0,14989.4,622,0,0,0,0
"1018",2024-06-04,12,50,14768.4,618,0,0,24.3126623376623,0,0,14989.4,622,0,0,0,0
"1019",2024-06-04,12,55,14976.6,616,0,0,24.3126623376623,0,0,14989.4,622,0,0,0,0
"1020",2024-06-04,12,0,14068.7,598,0,0,24.3126623376623,0,0,14989.4,622,0,0,0,0
"1021",2024-06-04,13,0,15488.6,617,0,0,26.6508885298869,0,0,16496.9,628,0,0,0,0
"1022",2024-06-04,13,5,14445.6,621,0,0,26.6508885298869,0,0,16496.9,628,0,0,0,0
"1023",2024-06-04,13,10,14261.6,620,0,0,26.6508885298869,0,0,16496.9,628,0,0,0,0
"1024",2024-06-04,13,15,13805.9,623,0,0,26.6508885298869,0,0,16496.9,628,0,0,0,0
"1025",2024-06-04,13,20,15198.9,628,0,0,26.6508885298869,0,0,16496.9,628,0,0,0,0
"1026",2024-06-04,13,25,15421.9,628,0,0,26.6508885298869,0,0,16496.9,628,0,0,0,0
"1027",2024-06-04,13,30,15590.9,626,0,0,26.6508885298869,0,0,16496.9,628,0,0,0,0
"1028",2024-06-04,13,35,16208.9,625,0,0,26.6508885298869,0,0,16496.9,628,0,0,0,0
"1029",2024-06-04,13,40,16496.9,619,0,0,26.6508885298869,0,0,16496.9,628,0,0,0,0
"1030",2024-06-04,13,45,16371.2,621,0,0,26.6508885298869,0,0,16496.9,628,0,0,0,0
"1031",2024-06-04,13,50,15519.2,617,0,0,26.6508885298869,0,0,16496.9,628,0,0,0,0
"1032",2024-06-04,13,55,15271.2,611,0,0,26.6508885298869,0,0,16496.9,628,0,0,0,0
"1033",2024-06-04,14,0,16045.2,615,0,0,27.3458333333333,0,0,16045.2,615,0,0,0,0
"1034",2024-06-04,14,5,15141.2,580,0,0,27.3458333333333,0,0,16045.2,615,0,0,0,0
"1035",2024-06-04,14,10,14615.2,567,0,0,27.3458333333333,0,0,16045.2,615,0,0,0,0
"1036",2024-06-04,14,15,14468.2,566,0,0,27.3458333333333,0,0,16045.2,615,0,0,0,0
"1037",2024-06-04,14,20,14327.2,568,0,0,27.3458333333333,0,0,16045.2,615,0,0,0,0
"1038",2024-06-04,14,25,15115.2,568,0,0,27.3458333333333,0,0,16045.2,615,0,0,0,0
"1039",2024-06-04,14,30,15275.2,569,0,0,27.3458333333333,0,0,16045.2,615,0,0,0,0
"1040",2024-06-04,14,35,15751.2,576,0,0,27.3458333333333,0,0,16045.2,615,0,0,0,0
"1041",2024-06-04,14,40,14903.2,574,0,0,27.3458333333333,0,0,16045.2,615,0,0,0,0
"1042",2024-06-04,14,45,14879.2,573,0,0,27.3458333333333,0,0,16045.2,615,0,0,0,0
"1043",2024-06-04,14,50,14738.2,578,0,0,27.3458333333333,0,0,16045.2,615,0,0,0,0
"1044",2024-06-04,14,55,15018.2,579,0,0,27.3458333333333,0,0,16045.2,615,0,0,0,0
"1045",2024-06-04,15,0,14157.2,577,0,0,26.4614853195164,0,0,15321.2,581,0,0,0,0
"1046",2024-06-04,15,5,14388.2,573,0,0,26.4614853195164,0,0,15321.2,581,0,0,0,0
"1047",2024-06-04,15,10,15321.2,579,0,0,26.4614853195164,0,0,15321.2,581,0,0,0,0
"1048",2024-06-04,15,15,15077.2,581,0,0,26.4614853195164,0,0,15321.2,581,0,0,0,0
"1049",2024-06-04,15,20,14938.2,581,0,0,26.4614853195164,0,0,15321.2,581,0,0,0,0
"1050",2024-06-04,15,25,14809.2,577,0,0,26.4614853195164,0,0,15321.2,581,0,0,0,0
"1051",2024-06-04,15,30,14278.2,570,0,0,26.4614853195164,0,0,15321.2,581,0,0,0,0
"1052",2024-06-04,15,35,14359.2,569,0,0,26.4614853195164,0,0,15321.2,581,0,0,0,0
"1053",2024-06-04,15,40,14026.2,567,0,0,26.4614853195164,0,0,15321.2,581,0,0,0,0
"1054",2024-06-04,15,45,14020.2,561,0,0,26.4614853195164,0,0,15321.2,581,0,0,0,0
"1055",2024-06-04,15,50,14609.2,563,0,0,26.4614853195164,0,0,15321.2,581,0,0,0,0
"1056",2024-06-04,15,55,14511.2,564,0,0,26.4614853195164,0,0,15321.2,581,0,0,0,0
"1057",2024-06-04,16,0,14186.2,564,0,0,26.1494718309859,0,0,14896.6,576,0,0,0,0
"1058",2024-06-04,16,5,13444.2,554,0,0,26.1494718309859,0,0,14896.6,576,0,0,0,0
"1059",2024-06-04,16,10,13813.2,557,0,0,26.1494718309859,0,0,14896.6,576,0,0,0,0
"1060",2024-06-04,16,15,13725.3,560,0,0,26.1494718309859,0,0,14896.6,576,0,0,0,0
"1061",2024-06-04,16,20,14431.3,560,0,0,26.1494718309859,0,0,14896.6,576,0,0,0,0
"1062",2024-06-04,16,25,14508.3,561,0,0,26.1494718309859,0,0,14896.6,576,0,0,0,0
"1063",2024-06-04,16,30,14229.9,560,0,0,26.1494718309859,0,0,14896.6,576,0,0,0,0
"1064",2024-06-04,16,35,14852.9,568,0,0,26.1494718309859,0,0,14896.6,576,0,0,0,0
"1065",2024-06-04,16,40,14541.9,566,0,0,26.1494718309859,0,0,14896.6,576,0,0,0,0
"1066",2024-06-04,16,45,14563.9,566,0,0,26.1494718309859,0,0,14896.6,576,0,0,0,0
"1067",2024-06-04,16,50,14205.6,566,0,0,26.1494718309859,0,0,14896.6,576,0,0,0,0
"1068",2024-06-04,16,55,14896.6,576,0,0,26.1494718309859,0,0,14896.6,576,0,0,0,0
"1069",2024-06-04,17,0,14868.6,576,0,0,26.2568400770713,0,0,14868.6,576,0,0,0,0
"1070",2024-06-04,17,5,13992.6,560,0,0,26.2568400770713,0,0,14868.6,576,0,0,0,0
"1071",2024-06-04,17,10,13446.3,558,0,0,26.2568400770713,0,0,14868.6,576,0,0,0,0
"1072",2024-06-04,17,15,13626.3,558,0,0,26.2568400770713,0,0,14868.6,576,0,0,0,0
"1073",2024-06-04,17,20,13153.3,550,0,0,26.2568400770713,0,0,14868.6,576,0,0,0,0
"1074",2024-06-04,17,25,13929.3,548,0,0,26.2568400770713,0,0,14868.6,576,0,0,0,0
"1075",2024-06-04,17,30,13067.3,548,0,0,26.2568400770713,0,0,14868.6,576,0,0,0,0
"1076",2024-06-04,17,35,12937.3,527,0,0,26.2568400770713,0,0,14868.6,576,0,0,0,0
"1077",2024-06-04,17,40,12924.3,520,0,0,26.2568400770713,0,0,14868.6,576,0,0,0,0
"1078",2024-06-04,17,45,13260.3,522,0,0,26.2568400770713,0,0,14868.6,576,0,0,0,0
"1079",2024-06-04,17,50,13627.3,519,0,0,26.2568400770713,0,0,14868.6,576,0,0,0,0
"1080",2024-06-04,17,55,13034.3,515,0,0,26.2568400770713,0,0,14868.6,576,0,0,0,0
"1081",2024-06-04,18,0,13208.3,512,0,0,31.7734426229508,0,0,14847.3,512,0,0,0,0
"1082",2024-06-04,18,5,12789.3,502,0,0,31.7734426229508,0,0,14847.3,512,0,0,0,0
"1083",2024-06-04,18,10,12756.3,500,0,0,31.7734426229508,0,0,14847.3,512,0,0,0,0
"1084",2024-06-04,18,15,14098.6,499,0,0,31.7734426229508,0,0,14847.3,512,0,0,0,0
"1085",2024-06-04,18,20,14426.3,495,0,0,31.7734426229508,0,0,14847.3,512,0,0,0,0
"1086",2024-06-04,18,25,14847.3,491,0,0,31.7734426229508,0,0,14847.3,512,0,0,0,0
"1087",2024-06-04,18,30,13647.3,486,0,0,31.7734426229508,0,0,14847.3,512,0,0,0,0
"1088",2024-06-04,18,35,9690.9,305,0,0,31.7734426229508,0,0,14847.3,512,0,0,0,0
"1089",2024-06-04,18,40,13394.3,466,0,0,31.7734426229508,0,0,14847.3,512,0,0,0,0
"1090",2024-06-04,18,45,12862.3,460,0,0,31.7734426229508,0,0,14847.3,512,0,0,0,0
"1091",2024-06-04,18,50,12229.3,458,0,0,31.7734426229508,0,0,14847.3,512,0,0,0,0
"1092",2024-06-04,18,55,11494.3,452,0,0,31.7734426229508,0,0,14847.3,512,0,0,0,0
"1093",2024-06-04,19,5,13341.3,455,0,0,30.7284360189573,0,0,13341.3,455,0,0,0,0
"1094",2024-06-04,19,10,12663.6,449,0,0,30.7284360189573,0,0,13341.3,455,0,0,0,0
"1095",2024-06-04,19,15,12553.6,441,0,0,30.7284360189573,0,0,13341.3,455,0,0,0,0
"1096",2024-06-04,19,20,12419.6,441,0,0,30.7284360189573,0,0,13341.3,455,0,0,0,0
"1097",2024-06-04,19,25,12309.6,436,0,0,30.7284360189573,0,0,13341.3,455,0,0,0,0
"1098",2024-06-04,19,30,12133.6,435,0,0,30.7284360189573,0,0,13341.3,455,0,0,0,0
"1099",2024-06-04,19,35,12474.4,422,0,0,30.7284360189573,0,0,13341.3,455,0,0,0,0
"1100",2024-06-04,19,40,12158.4,419,0,0,30.7284360189573,0,0,13341.3,455,0,0,0,0
"1101",2024-06-04,19,45,12967.4,422,0,0,30.7284360189573,0,0,13341.3,455,0,0,0,0
"1102",2024-06-04,19,50,12362.4,417,0,0,30.7284360189573,0,0,13341.3,455,0,0,0,0
"1103",2024-06-04,19,55,12567.1,414,0,0,30.7284360189573,0,0,13341.3,455,0,0,0,0
"1104",2024-06-04,19,0,12487.3,454,0,0,30.7284360189573,0,0,13341.3,455,0,0,0,0
"1105",2024-06-04,20,0,11862.1,408,0,0,32.8849872773537,0,0,12923.8,408,0,0,0,0
"1106",2024-06-04,20,5,12371.1,406,0,0,32.8849872773537,0,0,12923.8,408,0,0,0,0
"1107",2024-06-04,20,10,12250.8,406,0,0,32.8849872773537,0,0,12923.8,408,0,0,0,0
"1108",2024-06-04,20,15,11588.8,399,0,0,32.8849872773537,0,0,12923.8,408,0,0,0,0
"1109",2024-06-04,20,20,11795.8,396,0,0,32.8849872773537,0,0,12923.8,408,0,0,0,0
"1110",2024-06-04,20,25,12050.8,395,0,0,32.8849872773537,0,0,12923.8,408,0,0,0,0
"1111",2024-06-04,20,30,12923.8,393,0,0,32.8849872773537,0,0,12923.8,408,0,0,0,0
"1112",2024-06-04,20,35,12013.8,380,0,0,32.8849872773537,0,0,12923.8,408,0,0,0,0
"1113",2024-06-04,20,40,10938.8,372,0,0,32.8849872773537,0,0,12923.8,408,0,0,0,0
"1114",2024-06-04,20,45,11058.8,373,0,0,32.8849872773537,0,0,12923.8,408,0,0,0,0
"1115",2024-06-04,20,50,11301.8,375,0,0,32.8849872773537,0,0,12923.8,408,0,0,0,0
"1116",2024-06-04,20,55,11018.8,372,0,0,32.8849872773537,0,0,12923.8,408,0,0,0,0
"1117",2024-06-04,21,55,11674.8,381,0,0,30.6425196850394,0,0,11674.8,381,0,0,0,0
"1118",2024-06-04,21,0,10673.8,376,0,0,30.6425196850394,0,0,11674.8,381,0,0,0,0
"1119",2024-06-04,21,5,9619.8,369,0,0,30.6425196850394,0,0,11674.8,381,0,0,0,0
"1120",2024-06-04,21,10,9826.8,372,0,0,30.6425196850394,0,0,11674.8,381,0,0,0,0
"1121",2024-06-04,21,15,9898.8,373,0,0,30.6425196850394,0,0,11674.8,381,0,0,0,0
"1122",2024-06-04,21,20,9576.8,371,0,0,30.6425196850394,0,0,11674.8,381,0,0,0,0
"1123",2024-06-04,21,25,9621.8,372,0,0,30.6425196850394,0,0,11674.8,381,0,0,0,0
"1124",2024-06-04,21,30,9855.8,370,0,0,30.6425196850394,0,0,11674.8,381,0,0,0,0
"1125",2024-06-04,21,35,10206.8,373,0,0,30.6425196850394,0,0,11674.8,381,0,0,0,0
"1126",2024-06-04,21,40,10974.8,372,0,0,30.6425196850394,0,0,11674.8,381,0,0,0,0
"1127",2024-06-04,21,45,11511.8,376,0,0,30.6425196850394,0,0,11674.8,381,0,0,0,0
"1128",2024-06-04,21,50,10913.8,374,0,0,30.6425196850394,0,0,11674.8,381,0,0,0,0
"1129",2024-06-04,22,0,10732.8,376,0,0,28.5446808510638,0,0,10732.8,376,0,0,0,0
"1130",2024-06-04,22,5,9617.5,370,0,0,28.5446808510638,0,0,10732.8,376,0,0,0,0
"1131",2024-06-04,22,10,9706.5,364,0,0,28.5446808510638,0,0,10732.8,376,0,0,0,0
"1132",2024-06-04,22,15,9881.5,362,0,0,28.5446808510638,0,0,10732.8,376,0,0,0,0
"1133",2024-06-04,22,20,9327.5,359,0,0,28.5446808510638,0,0,10732.8,376,0,0,0,0
"1134",2024-06-04,22,25,9647.5,359,0,0,28.5446808510638,0,0,10732.8,376,0,0,0,0
"1135",2024-06-04,22,30,9321.8,356,0,0,28.5446808510638,0,0,10732.8,376,0,0,0,0
"1136",2024-06-04,22,35,7838.8,347,0,0,28.5446808510638,0,0,10732.8,376,0,0,0,0
"1137",2024-06-04,22,40,7758.8,343,0,0,28.5446808510638,0,0,10732.8,376,0,0,0,0
"1138",2024-06-04,22,45,7583.8,340,0,0,28.5446808510638,0,0,10732.8,376,0,0,0,0
"1139",2024-06-04,22,50,7949.8,343,0,0,28.5446808510638,0,0,10732.8,376,0,0,0,0
"1140",2024-06-04,22,55,7905.8,341,0,0,28.5446808510638,0,0,10732.8,376,0,0,0,0
"1141",2024-06-04,23,0,8119.8,344,0,0,25.6854651162791,0,0,8882.8,347,0,0,0,0
"1142",2024-06-04,23,5,7621.8,334,0,0,25.6854651162791,0,0,8882.8,347,0,0,0,0
"1143",2024-06-04,23,10,8655.8,342,0,0,25.6854651162791,0,0,8882.8,347,0,0,0,0
"1144",2024-06-04,23,15,8835.8,344,0,0,25.6854651162791,0,0,8882.8,347,0,0,0,0
"1145",2024-06-04,23,20,8882.8,347,0,0,25.6854651162791,0,0,8882.8,347,0,0,0,0
"1146",2024-06-04,23,25,8755.8,341,0,0,25.6854651162791,0,0,8882.8,347,0,0,0,0
"1147",2024-06-04,23,30,8111.8,336,0,0,25.6854651162791,0,0,8882.8,347,0,0,0,0
"1148",2024-06-04,23,35,7688.8,325,0,0,25.6854651162791,0,0,8882.8,347,0,0,0,0
"1149",2024-06-04,23,40,7664.8,324,0,0,25.6854651162791,0,0,8882.8,347,0,0,0,0
"1150",2024-06-04,23,45,7298.8,320,0,0,25.6854651162791,0,0,8882.8,347,0,0,0,0
"1151",2024-06-04,23,50,7865.8,320,0,0,25.6854651162791,0,0,8882.8,347,0,0,0,0
"1152",2024-06-04,23,55,7777.8,316,0,0,25.6854651162791,0,0,8882.8,347,0,0,0,0
"1153",2024-06-05,0,0,10042.1,346,0,0,29.0234104046243,0,0,10042.1,346,0,0,0,0
"1154",2024-06-05,0,5,9273.1,326,0,0,29.0234104046243,0,0,10042.1,346,0,0,0,0
"1155",2024-06-05,0,10,8951.1,324,0,0,29.0234104046243,0,0,10042.1,346,0,0,0,0
"1156",2024-06-05,0,15,8585.1,321,0,0,29.0234104046243,0,0,10042.1,346,0,0,0,0
"1157",2024-06-05,0,20,8563.1,320,0,0,29.0234104046243,0,0,10042.1,346,0,0,0,0
"1158",2024-06-05,0,25,8519.1,318,0,0,29.0234104046243,0,0,10042.1,346,0,0,0,0
"1159",2024-06-05,0,30,8720.1,314,0,0,29.0234104046243,0,0,10042.1,346,0,0,0,0
"1160",2024-06-05,0,35,8400.1,311,0,0,29.0234104046243,0,0,10042.1,346,0,0,0,0
"1161",2024-06-05,0,40,8634.1,309,0,0,29.0234104046243,0,0,10042.1,346,0,0,0,0
"1162",2024-06-05,0,45,8634.1,310,0,0,29.0234104046243,0,0,10042.1,346,0,0,0,0
"1163",2024-06-05,0,50,8634.1,310,0,0,29.0234104046243,0,0,10042.1,346,0,0,0,0
"1164",2024-06-05,0,55,8094.1,308,0,0,29.0234104046243,0,0,10042.1,346,0,0,0,0
"1165",2024-06-05,1,0,7816.1,308,0,0,25.9127946127946,0,0,7816.1,308,0,0,0,0
"1166",2024-06-05,1,5,7696.1,297,0,0,25.9127946127946,0,0,7816.1,308,0,0,0,0
"1167",2024-06-05,1,10,7010.4,293,0,0,25.9127946127946,0,0,7816.1,308,0,0,0,0
"1168",2024-06-05,1,15,7058.1,296,0,0,25.9127946127946,0,0,7816.1,308,0,0,0,0
"1169",2024-06-05,1,20,6736.1,294,0,0,25.9127946127946,0,0,7816.1,308,0,0,0,0
"1170",2024-06-05,1,25,6736.1,294,0,0,25.9127946127946,0,0,7816.1,308,0,0,0,0
"1171",2024-06-05,1,30,6780.1,295,0,0,25.9127946127946,0,0,7816.1,308,0,0,0,0
"1172",2024-06-05,1,35,6007.4,282,0,0,25.9127946127946,0,0,7816.1,308,0,0,0,0
"1173",2024-06-05,1,40,6007.4,282,0,0,25.9127946127946,0,0,7816.1,308,0,0,0,0
"1174",2024-06-05,1,45,6007.4,282,0,0,25.9127946127946,0,0,7816.1,308,0,0,0,0
"1175",2024-06-05,1,50,6007.4,282,0,0,25.9127946127946,0,0,7816.1,308,0,0,0,0
"1176",2024-06-05,1,55,6307.4,283,0,0,25.9127946127946,0,0,7816.1,308,0,0,0,0
"1177",2024-06-05,2,0,5932.4,268,0,0,22.9676691729323,0,0,6109.4,268,0,0,0,0
"1178",2024-06-05,2,5,5984.4,267,0,0,22.9676691729323,0,0,6109.4,268,0,0,0,0
"1179",2024-06-05,2,10,5940.4,265,0,0,22.9676691729323,0,0,6109.4,268,0,0,0,0
"1180",2024-06-05,2,15,5640.4,264,0,0,22.9676691729323,0,0,6109.4,268,0,0,0,0
"1181",2024-06-05,2,20,5629.4,264,0,0,22.9676691729323,0,0,6109.4,268,0,0,0,0
"1182",2024-06-05,2,25,6109.4,266,0,0,22.9676691729323,0,0,6109.4,268,0,0,0,0
"1183",2024-06-05,2,30,5738.4,263,0,0,22.9676691729323,0,0,6109.4,268,0,0,0,0
"1184",2024-06-05,2,35,6016.4,263,0,0,22.9676691729323,0,0,6109.4,268,0,0,0,0
"1185",2024-06-05,2,40,6016.4,263,0,0,22.9676691729323,0,0,6109.4,268,0,0,0,0
"1186",2024-06-05,2,45,5716.4,262,0,0,22.9676691729323,0,0,6109.4,268,0,0,0,0
"1187",2024-06-05,2,50,5705.4,261,0,0,22.9676691729323,0,0,6109.4,268,0,0,0,0
"1188",2024-06-05,2,55,5727.4,262,0,0,22.9676691729323,0,0,6109.4,268,0,0,0,0
"1189",2024-06-05,3,0,5727.4,262,0,0,23.0438461538462,0,0,6013.4,262,0,0,0,0
"1190",2024-06-05,3,5,5211.4,257,0,0,23.0438461538462,0,0,6013.4,262,0,0,0,0
"1191",2024-06-05,3,10,5391.4,258,0,0,23.0438461538462,0,0,6013.4,262,0,0,0,0
"1192",2024-06-05,3,15,5691.4,259,0,0,23.0438461538462,0,0,6013.4,262,0,0,0,0
"1193",2024-06-05,3,20,5691.4,259,0,0,23.0438461538462,0,0,6013.4,262,0,0,0,0
"1194",2024-06-05,3,25,5691.4,259,0,0,23.0438461538462,0,0,6013.4,262,0,0,0,0
"1195",2024-06-05,3,30,5691.4,259,0,0,23.0438461538462,0,0,6013.4,262,0,0,0,0
"1196",2024-06-05,3,35,5991.4,260,0,0,23.0438461538462,0,0,6013.4,262,0,0,0,0
"1197",2024-06-05,3,40,6013.4,261,0,0,23.0438461538462,0,0,6013.4,262,0,0,0,0
"1198",2024-06-05,3,45,5713.4,260,0,0,23.0438461538462,0,0,6013.4,262,0,0,0,0
"1199",2024-06-05,3,50,5713.4,260,0,0,23.0438461538462,0,0,6013.4,262,0,0,0,0
"1200",2024-06-05,3,55,5533.4,259,0,0,23.0438461538462,0,0,6013.4,262,0,0,0,0
"1201",2024-06-05,4,0,5233.4,258,0,0,20.284496124031,0,0,5233.4,258,0,0,0,0
"1202",2024-06-05,4,5,5211.4,257,0,0,20.284496124031,0,0,5233.4,258,0,0,0,0
"1203",2024-06-05,4,10,5211.4,257,0,0,20.284496124031,0,0,5233.4,258,0,0,0,0
"1204",2024-06-05,4,15,5211.4,257,0,0,20.284496124031,0,0,5233.4,258,0,0,0,0
"1205",2024-06-05,4,20,5189.4,256,0,0,20.284496124031,0,0,5233.4,258,0,0,0,0
"1206",2024-06-05,4,25,5167.4,255,0,0,20.284496124031,0,0,5233.4,258,0,0,0,0
"1207",2024-06-05,4,30,5167.4,255,0,0,20.284496124031,0,0,5233.4,258,0,0,0,0
"1208",2024-06-05,4,35,5145.4,254,0,0,20.284496124031,0,0,5233.4,258,0,0,0,0
"1209",2024-06-05,4,40,5145.4,254,0,0,20.284496124031,0,0,5233.4,258,0,0,0,0
"1210",2024-06-05,4,45,5167.4,255,0,0,20.284496124031,0,0,5233.4,258,0,0,0,0
"1211",2024-06-05,4,50,5167.4,255,0,0,20.284496124031,0,0,5233.4,258,0,0,0,0
"1212",2024-06-05,4,55,5167.4,255,0,0,20.284496124031,0,0,5233.4,258,0,0,0,0
"1213",2024-06-05,5,0,5167.4,255,0,0,20.7662745098039,0,0,5295.4,256,0,0,0,0
"1214",2024-06-05,5,5,5217.4,256,0,0,20.7662745098039,0,0,5295.4,256,0,0,0,0
"1215",2024-06-05,5,10,5217.4,256,0,0,20.7662745098039,0,0,5295.4,256,0,0,0,0
"1216",2024-06-05,5,15,5217.4,256,0,0,20.7662745098039,0,0,5295.4,256,0,0,0,0
"1217",2024-06-05,5,20,5195.4,255,0,0,20.7662745098039,0,0,5295.4,256,0,0,0,0
"1218",2024-06-05,5,25,5195.4,255,0,0,20.7662745098039,0,0,5295.4,256,0,0,0,0
"1219",2024-06-05,5,30,5195.4,255,0,0,20.7662745098039,0,0,5295.4,256,0,0,0,0
"1220",2024-06-05,5,35,5295.4,255,0,0,20.7662745098039,0,0,5295.4,256,0,0,0,0
"1221",2024-06-05,5,40,5295.4,255,0,0,20.7662745098039,0,0,5295.4,256,0,0,0,0
"1222",2024-06-05,5,45,5295.4,255,0,0,20.7662745098039,0,0,5295.4,256,0,0,0,0
"1223",2024-06-05,5,50,5295.4,255,0,0,20.7662745098039,0,0,5295.4,256,0,0,0,0
"1224",2024-06-05,5,55,5295.4,255,0,0,20.7662745098039,0,0,5295.4,256,0,0,0,0
"1225",2024-06-05,6,0,5295.4,255,0,0,21.362015503876,0,0,5511.4,258,0,0,0,0
"1226",2024-06-05,6,5,5317.4,256,0,0,21.362015503876,0,0,5511.4,258,0,0,0,0
"1227",2024-06-05,6,10,5339.4,257,0,0,21.362015503876,0,0,5511.4,258,0,0,0,0
"1228",2024-06-05,6,15,5339.4,257,0,0,21.362015503876,0,0,5511.4,258,0,0,0,0
"1229",2024-06-05,6,20,5361.4,258,0,0,21.362015503876,0,0,5511.4,258,0,0,0,0
"1230",2024-06-05,6,25,5361.4,258,0,0,21.362015503876,0,0,5511.4,258,0,0,0,0
"1231",2024-06-05,6,30,5361.4,258,0,0,21.362015503876,0,0,5511.4,258,0,0,0,0
"1232",2024-06-05,6,35,5211.4,257,0,0,21.362015503876,0,0,5511.4,258,0,0,0,0
"1233",2024-06-05,6,40,5211.4,257,0,0,21.362015503876,0,0,5511.4,258,0,0,0,0
"1234",2024-06-05,6,45,5211.4,257,0,0,21.362015503876,0,0,5511.4,258,0,0,0,0
"1235",2024-06-05,6,50,5211.4,257,0,0,21.362015503876,0,0,5511.4,258,0,0,0,0
"1236",2024-06-05,6,55,5511.4,258,0,0,21.362015503876,0,0,5511.4,258,0,0,0,0
"1237",2024-06-05,7,0,5211.4,257,0,0,21.3992424242424,0,0,5693.4,267,0,0,0,0
"1238",2024-06-05,7,5,5449.4,262,0,0,21.3992424242424,0,0,5693.4,267,0,0,0,0
"1239",2024-06-05,7,10,5449.4,262,0,0,21.3992424242424,0,0,5693.4,267,0,0,0,0
"1240",2024-06-05,7,15,5449.4,262,0,0,21.3992424242424,0,0,5693.4,267,0,0,0,0
"1241",2024-06-05,7,20,5449.4,262,0,0,21.3992424242424,0,0,5693.4,267,0,0,0,0
"1242",2024-06-05,7,25,5405.4,260,0,0,21.3992424242424,0,0,5693.4,267,0,0,0,0
"1243",2024-06-05,7,30,5405.4,260,0,0,21.3992424242424,0,0,5693.4,267,0,0,0,0
"1244",2024-06-05,7,35,5682.4,267,0,0,21.3992424242424,0,0,5693.4,267,0,0,0,0
"1245",2024-06-05,7,40,5693.4,267,0,0,21.3992424242424,0,0,5693.4,267,0,0,0,0
"1246",2024-06-05,7,45,5638.4,264,0,0,21.3992424242424,0,0,5693.4,267,0,0,0,0
"1247",2024-06-05,7,50,5649.4,264,0,0,21.3992424242424,0,0,5693.4,267,0,0,0,0
"1248",2024-06-05,7,55,5671.4,266,0,0,21.3992424242424,0,0,5693.4,267,0,0,0,0
"1249",2024-06-05,8,35,6979.7,295,0,0,25.4532679738562,0,0,7788.7,314,0,0,0,0
"1250",2024-06-05,8,40,7356.7,300,0,0,25.4532679738562,0,0,7788.7,314,0,0,0,0
"1251",2024-06-05,8,45,7788.7,306,0,0,25.4532679738562,0,0,7788.7,314,0,0,0,0
"1252",2024-06-05,8,50,7385.7,309,0,0,25.4532679738562,0,0,7788.7,314,0,0,0,0
"1253",2024-06-05,8,55,7632.7,314,0,0,25.4532679738562,0,0,7788.7,314,0,0,0,0
"1254",2024-06-05,8,0,5677.4,267,0,0,25.4532679738562,0,0,7788.7,314,0,0,0,0
"1255",2024-06-05,8,5,5813.4,270,0,0,25.4532679738562,0,0,7788.7,314,0,0,0,0
"1256",2024-06-05,8,10,6173.4,271,0,0,25.4532679738562,0,0,7788.7,314,0,0,0,0
"1257",2024-06-05,8,15,6316.4,278,0,0,25.4532679738562,0,0,7788.7,314,0,0,0,0
"1258",2024-06-05,8,20,6426.4,283,0,0,25.4532679738562,0,0,7788.7,314,0,0,0,0
"1259",2024-06-05,8,25,6393.4,282,0,0,25.4532679738562,0,0,7788.7,314,0,0,0,0
"1260",2024-06-05,8,30,6530.4,288,0,0,25.4532679738562,0,0,7788.7,314,0,0,0,0
"1261",2024-06-05,9,0,7475.7,320,0,0,27.24175,0,0,10896.7,400,0,0,0,0
"1262",2024-06-05,9,5,8108.7,337,0,0,27.24175,0,0,10896.7,400,0,0,0,0
"1263",2024-06-05,9,10,8389.7,340,0,0,27.24175,0,0,10896.7,400,0,0,0,0
"1264",2024-06-05,9,15,8455.7,345,0,0,27.24175,0,0,10896.7,400,0,0,0,0
"1265",2024-06-05,9,20,8477.7,346,0,0,27.24175,0,0,10896.7,400,0,0,0,0
"1266",2024-06-05,9,25,8532.7,349,0,0,27.24175,0,0,10896.7,400,0,0,0,0
"1267",2024-06-05,9,30,8609.7,354,0,0,27.24175,0,0,10896.7,400,0,0,0,0
"1268",2024-06-05,9,35,10044.7,375,0,0,27.24175,0,0,10896.7,400,0,0,0,0
"1269",2024-06-05,9,40,10282.7,381,0,0,27.24175,0,0,10896.7,400,0,0,0,0
"1270",2024-06-05,9,45,10485.7,385,0,0,27.24175,0,0,10896.7,400,0,0,0,0
"1271",2024-06-05,9,50,10896.7,400,0,0,27.24175,0,0,10896.7,400,0,0,0,0
"1272",2024-06-05,9,55,10563.7,398,0,0,27.24175,0,0,10896.7,400,0,0,0,0
"1273",2024-06-05,10,0,10924.7,412,0,0,28.0957399103139,0,0,13694.7,493,0,0,0,0
"1274",2024-06-05,10,5,11772.7,437,0,0,28.0957399103139,0,0,13694.7,493,0,0,0,0
"1275",2024-06-05,10,10,12530.7,446,0,0,28.0957399103139,0,0,13694.7,493,0,0,0,0
"1276",2024-06-05,10,45,13694.7,489,0,0,28.0957399103139,0,0,13694.7,493,0,0,0,0
"1277",2024-06-05,10,50,13394.7,488,0,0,28.0957399103139,0,0,13694.7,493,0,0,0,0
"1278",2024-06-05,10,55,13350.7,493,0,0,28.0957399103139,0,0,13694.7,493,0,0,0,0
"1279",2024-06-05,10,15,12391.7,449,0,0,28.0957399103139,0,0,13694.7,493,0,0,0,0
"1280",2024-06-05,10,20,12381.7,452,0,0,28.0957399103139,0,0,13694.7,493,0,0,0,0
"1281",2024-06-05,10,25,12050.7,449,0,0,28.0957399103139,0,0,13694.7,493,0,0,0,0
"1282",2024-06-05,10,30,11900.7,455,0,0,28.0957399103139,0,0,13694.7,493,0,0,0,0
"1283",2024-06-05,10,35,12470.7,475,0,0,28.0957399103139,0,0,13694.7,493,0,0,0,0
"1284",2024-06-05,10,40,13257.7,481,0,0,28.0957399103139,0,0,13694.7,493,0,0,0,0
"1285",2024-06-05,11,0,12397.7,491,0,0,26.4024482109228,0,0,14019.7,532,0,0,0,0
"1286",2024-06-05,11,5,12703.7,524,0,0,26.4024482109228,0,0,14019.7,532,0,0,0,0
"1287",2024-06-05,11,10,12769.7,531,0,0,26.4024482109228,0,0,14019.7,532,0,0,0,0
"1288",2024-06-05,11,15,12856.7,528,0,0,26.4024482109228,0,0,14019.7,532,0,0,0,0
"1289",2024-06-05,11,20,12812.7,525,0,0,26.4024482109228,0,0,14019.7,532,0,0,0,0
"1290",2024-06-05,11,25,13505.7,529,0,0,26.4024482109228,0,0,14019.7,532,0,0,0,0
"1291",2024-06-05,11,30,13451.7,532,0,0,26.4024482109228,0,0,14019.7,532,0,0,0,0
"1292",2024-06-05,11,35,12959.7,524,0,0,26.4024482109228,0,0,14019.7,532,0,0,0,0
"1293",2024-06-05,11,40,13458.7,525,0,0,26.4024482109228,0,0,14019.7,532,0,0,0,0
"1294",2024-06-05,11,45,13770.7,527,0,0,26.4024482109228,0,0,14019.7,532,0,0,0,0
"1295",2024-06-05,11,50,13397.7,530,0,0,26.4024482109228,0,0,14019.7,532,0,0,0,0
"1296",2024-06-05,11,55,14019.7,531,0,0,26.4024482109228,0,0,14019.7,532,0,0,0,0
"1297",2024-06-05,12,0,14723.7,537,0,0,27.9494584837545,0,0,15484,569,0,0,0,0
"1298",2024-06-05,12,5,15484,554,0,0,27.9494584837545,0,0,15484,569,0,0,0,0
"1299",2024-06-05,12,10,14993,554,0,0,27.9494584837545,0,0,15484,569,0,0,0,0
"1300",2024-06-05,12,15,14642,557,0,0,27.9494584837545,0,0,15484,569,0,0,0,0
"1301",2024-06-05,12,20,13832,552,0,0,27.9494584837545,0,0,15484,569,0,0,0,0
"1302",2024-06-05,12,25,14220,556,0,0,27.9494584837545,0,0,15484,569,0,0,0,0
"1303",2024-06-05,12,30,14127,554,0,0,27.9494584837545,0,0,15484,569,0,0,0,0
"1304",2024-06-05,12,35,13943,553,0,0,27.9494584837545,0,0,15484,569,0,0,0,0
"1305",2024-06-05,12,40,14287,557,0,0,27.9494584837545,0,0,15484,569,0,0,0,0
"1306",2024-06-05,12,45,13738,558,0,0,27.9494584837545,0,0,15484,569,0,0,0,0
"1307",2024-06-05,12,50,15002,569,0,0,27.9494584837545,0,0,15484,569,0,0,0,0
"1308",2024-06-05,12,55,14645,562,0,0,27.9494584837545,0,0,15484,569,0,0,0,0
"1309",2024-06-05,13,0,14265.2,561,0,0,28.7602888086643,0,0,15933.2,561,0,0,0,0
"1310",2024-06-05,13,5,14313.2,557,0,0,28.7602888086643,0,0,15933.2,561,0,0,0,0
"1311",2024-06-05,13,10,14376.2,558,0,0,28.7602888086643,0,0,15933.2,561,0,0,0,0
"1312",2024-06-05,13,15,14622.2,561,0,0,28.7602888086643,0,0,15933.2,561,0,0,0,0
"1313",2024-06-05,13,20,14243.2,559,0,0,28.7602888086643,0,0,15933.2,561,0,0,0,0
"1314",2024-06-05,13,25,14198.2,559,0,0,28.7602888086643,0,0,15933.2,561,0,0,0,0
"1315",2024-06-05,13,30,14126.2,554,0,0,28.7602888086643,0,0,15933.2,561,0,0,0,0
"1316",2024-06-05,13,35,15556.2,556,0,0,28.7602888086643,0,0,15933.2,561,0,0,0,0
"1317",2024-06-05,13,40,15933.2,554,0,0,28.7602888086643,0,0,15933.2,561,0,0,0,0
"1318",2024-06-05,13,45,15396.2,553,0,0,28.7602888086643,0,0,15933.2,561,0,0,0,0
"1319",2024-06-05,13,50,14603,548,0,0,28.7602888086643,0,0,15933.2,561,0,0,0,0
"1320",2024-06-05,13,55,14938,542,0,0,28.7602888086643,0,0,15933.2,561,0,0,0,0
"1321",2024-06-05,14,0,14745.7,538,0,0,30.3462571976967,0,0,15857.4,538,0,0,0,0
"1322",2024-06-05,14,5,15105.7,538,0,0,30.3462571976967,0,0,15857.4,538,0,0,0,0
"1323",2024-06-05,14,10,14756.7,533,0,0,30.3462571976967,0,0,15857.4,538,0,0,0,0
"1324",2024-06-05,14,15,14339.7,527,0,0,30.3462571976967,0,0,15857.4,538,0,0,0,0
"1325",2024-06-05,14,20,13962.7,523,0,0,30.3462571976967,0,0,15857.4,538,0,0,0,0
"1326",2024-06-05,14,25,13731.4,521,0,0,30.3462571976967,0,0,15857.4,538,0,0,0,0
"1327",2024-06-05,14,30,13797.4,519,0,0,30.3462571976967,0,0,15857.4,538,0,0,0,0
"1328",2024-06-05,14,35,14317.4,514,0,0,30.3462571976967,0,0,15857.4,538,0,0,0,0
"1329",2024-06-05,14,40,14785.4,516,0,0,30.3462571976967,0,0,15857.4,538,0,0,0,0
"1330",2024-06-05,14,45,15810.4,521,0,0,30.3462571976967,0,0,15857.4,538,0,0,0,0
"1331",2024-06-05,14,50,15857.4,523,0,0,30.3462571976967,0,0,15857.4,538,0,0,0,0
"1332",2024-06-05,14,55,15405.4,522,0,0,30.3462571976967,0,0,15857.4,538,0,0,0,0
"1333",2024-06-05,15,0,15650.4,519,0,0,30.1549132947977,0,0,15650.4,534,0,0,0,0
"1334",2024-06-05,15,5,15396.4,522,0,0,30.1549132947977,0,0,15650.4,534,0,0,0,0
"1335",2024-06-05,15,10,15012.4,523,0,0,30.1549132947977,0,0,15650.4,534,0,0,0,0
"1336",2024-06-05,15,15,14819.4,516,0,0,30.1549132947977,0,0,15650.4,534,0,0,0,0
"1337",2024-06-05,15,20,14591.4,517,0,0,30.1549132947977,0,0,15650.4,534,0,0,0,0
"1338",2024-06-05,15,25,15433.4,530,0,0,30.1549132947977,0,0,15650.4,534,0,0,0,0
"1339",2024-06-05,15,30,15586.4,534,0,0,30.1549132947977,0,0,15650.4,534,0,0,0,0
"1340",2024-06-05,15,35,13529.4,510,0,0,30.1549132947977,0,0,15650.4,534,0,0,0,0
"1341",2024-06-05,15,40,13219.4,509,0,0,30.1549132947977,0,0,15650.4,534,0,0,0,0
"1342",2024-06-05,15,45,13463.4,510,0,0,30.1549132947977,0,0,15650.4,534,0,0,0,0
"1343",2024-06-05,15,50,13351.4,513,0,0,30.1549132947977,0,0,15650.4,534,0,0,0,0
"1344",2024-06-05,15,55,12403.4,511,0,0,30.1549132947977,0,0,15650.4,534,0,0,0,0
"1345",2024-06-05,16,15,14718.7,525,0,0,30.2135755258126,0,0,15950.7,529,0,0,0,0
"1346",2024-06-05,16,20,15054.7,526,0,0,30.2135755258126,0,0,15950.7,529,0,0,0,0
"1347",2024-06-05,16,25,14443.7,524,0,0,30.2135755258126,0,0,15950.7,529,0,0,0,0
"1348",2024-06-05,16,30,15027.7,527,0,0,30.2135755258126,0,0,15950.7,529,0,0,0,0
"1349",2024-06-05,16,35,15503.7,529,0,0,30.2135755258126,0,0,15950.7,529,0,0,0,0
"1350",2024-06-05,16,40,15950.7,528,0,0,30.2135755258126,0,0,15950.7,529,0,0,0,0
"1351",2024-06-05,16,45,15801.7,523,0,0,30.2135755258126,0,0,15950.7,529,0,0,0,0
"1352",2024-06-05,16,50,15282.7,522,0,0,30.2135755258126,0,0,15950.7,529,0,0,0,0
"1353",2024-06-05,16,55,15001.7,521,0,0,30.2135755258126,0,0,15950.7,529,0,0,0,0
"1354",2024-06-05,16,0,12644.4,518,0,0,30.2135755258126,0,0,15950.7,529,0,0,0,0
"1355",2024-06-05,16,5,13275.4,514,0,0,30.2135755258126,0,0,15950.7,529,0,0,0,0
"1356",2024-06-05,16,10,14143.7,512,0,0,30.2135755258126,0,0,15950.7,529,0,0,0,0
"1357",2024-06-05,17,0,15345.7,524,0,0,29.2856870229008,0,0,15345.7,524,0,0,0,0
"1358",2024-06-05,17,5,14195.7,517,0,0,29.2856870229008,0,0,15345.7,524,0,0,0,0
"1359",2024-06-05,17,10,13774.4,518,0,0,29.2856870229008,0,0,15345.7,524,0,0,0,0
"1360",2024-06-05,17,15,13922.4,520,0,0,29.2856870229008,0,0,15345.7,524,0,0,0,0
"1361",2024-06-05,17,20,13059.1,519,0,0,29.2856870229008,0,0,15345.7,524,0,0,0,0
"1362",2024-06-05,17,25,13391.1,517,0,0,29.2856870229008,0,0,15345.7,524,0,0,0,0
"1363",2024-06-05,17,30,13260.1,516,0,0,29.2856870229008,0,0,15345.7,524,0,0,0,0
"1364",2024-06-05,17,35,14214.1,506,0,0,29.2856870229008,0,0,15345.7,524,0,0,0,0
"1365",2024-06-05,17,40,13764.1,506,0,0,29.2856870229008,0,0,15345.7,524,0,0,0,0
"1366",2024-06-05,17,45,13420.1,497,0,0,29.2856870229008,0,0,15345.7,524,0,0,0,0
"1367",2024-06-05,17,50,13336.1,495,0,0,29.2856870229008,0,0,15345.7,524,0,0,0,0
"1368",2024-06-05,17,55,13267.1,491,0,0,29.2856870229008,0,0,15345.7,524,0,0,0,0
"1369",2024-06-05,18,15,12739.1,482,0,0,32.851282051282,0,0,15770.4,490,0,0,0,0
"1370",2024-06-05,18,20,12755.1,480,0,0,32.851282051282,0,0,15770.4,490,0,0,0,0
"1371",2024-06-05,18,25,13027.1,483,0,0,32.851282051282,0,0,15770.4,490,0,0,0,0
"1372",2024-06-05,18,30,13391.1,487,0,0,32.851282051282,0,0,15770.4,490,0,0,0,0
"1373",2024-06-05,18,35,11743.1,360,0,0,32.851282051282,0,0,15770.4,490,0,0,0,0
"1374",2024-06-05,18,40,13948.1,482,0,0,32.851282051282,0,0,15770.4,490,0,0,0,0
"1375",2024-06-05,18,45,14460.1,484,0,0,32.851282051282,0,0,15770.4,490,0,0,0,0
"1376",2024-06-05,18,50,15001.4,486,0,0,32.851282051282,0,0,15770.4,490,0,0,0,0
"1377",2024-06-05,18,55,15770.4,486,0,0,32.851282051282,0,0,15770.4,490,0,0,0,0
"1378",2024-06-05,18,0,8968.4,273,0,0,32.851282051282,0,0,15770.4,490,0,0,0,0
"1379",2024-06-05,18,5,13115.1,490,0,0,32.851282051282,0,0,15770.4,490,0,0,0,0
"1380",2024-06-05,18,10,12450.1,482,0,0,32.851282051282,0,0,15770.4,490,0,0,0,0
"1381",2024-06-05,19,0,16061.4,484,0,0,33.3428884026258,0,0,16061.4,484,0,0,0,0
"1382",2024-06-05,19,5,14803.7,463,0,0,33.3428884026258,0,0,16061.4,484,0,0,0,0
"1383",2024-06-05,19,10,14073,454,0,0,33.3428884026258,0,0,16061.4,484,0,0,0,0
"1384",2024-06-05,19,15,13987.7,450,0,0,33.3428884026258,0,0,16061.4,484,0,0,0,0
"1385",2024-06-05,19,20,15237.7,457,0,0,33.3428884026258,0,0,16061.4,484,0,0,0,0
"1386",2024-06-05,19,25,14548.7,444,0,0,33.3428884026258,0,0,16061.4,484,0,0,0,0
"1387",2024-06-05,19,30,14242.7,436,0,0,33.3428884026258,0,0,16061.4,484,0,0,0,0
"1388",2024-06-05,19,35,13809.7,429,0,0,33.3428884026258,0,0,16061.4,484,0,0,0,0
"1389",2024-06-05,19,40,13390.7,420,0,0,33.3428884026258,0,0,16061.4,484,0,0,0,0
"1390",2024-06-05,19,45,12627.9,412,0,0,33.3428884026258,0,0,16061.4,484,0,0,0,0
"1391",2024-06-05,19,50,13363.9,417,0,0,33.3428884026258,0,0,16061.4,484,0,0,0,0
"1392",2024-06-05,19,55,13537.9,415,0,0,33.3428884026258,0,0,16061.4,484,0,0,0,0
"1393",2024-06-05,20,0,13232.9,410,0,0,33.0101694915254,0,0,13633.2,413,0,0,0,0
"1394",2024-06-05,20,5,13633.2,413,0,0,33.0101694915254,0,0,13633.2,413,0,0,0,0
"1395",2024-06-05,20,10,13089.2,408,0,0,33.0101694915254,0,0,13633.2,413,0,0,0,0
"1396",2024-06-05,20,15,11947.2,398,0,0,33.0101694915254,0,0,13633.2,413,0,0,0,0
"1397",2024-06-05,20,20,11786.2,397,0,0,33.0101694915254,0,0,13633.2,413,0,0,0,0
"1398",2024-06-05,20,25,11950.2,399,0,0,33.0101694915254,0,0,13633.2,413,0,0,0,0
"1399",2024-06-05,20,30,11535.6,398,0,0,33.0101694915254,0,0,13633.2,413,0,0,0,0
"1400",2024-06-05,20,35,10332.6,388,0,0,33.0101694915254,0,0,13633.2,413,0,0,0,0
"1401",2024-06-05,20,40,10805.6,390,0,0,33.0101694915254,0,0,13633.2,413,0,0,0,0
"1402",2024-06-05,20,45,11098.4,387,0,0,33.0101694915254,0,0,13633.2,413,0,0,0,0
"1403",2024-06-05,20,50,11325.4,390,0,0,33.0101694915254,0,0,13633.2,413,0,0,0,0
"1404",2024-06-05,20,55,10975.4,387,0,0,33.0101694915254,0,0,13633.2,413,0,0,0,0
"1405",2024-06-05,21,0,11097.1,391,0,0,28.3813299232737,0,0,11097.1,391,0,0,0,0
"1406",2024-06-05,21,5,10275.1,389,0,0,28.3813299232737,0,0,11097.1,391,0,0,0,0
"1407",2024-06-05,21,10,10176.1,387,0,0,28.3813299232737,0,0,11097.1,391,0,0,0,0
"1408",2024-06-05,21,15,9915.1,381,0,0,28.3813299232737,0,0,11097.1,391,0,0,0,0
"1409",2024-06-05,21,20,9521.1,377,0,0,28.3813299232737,0,0,11097.1,391,0,0,0,0
"1410",2024-06-05,21,25,9532.1,377,0,0,28.3813299232737,0,0,11097.1,391,0,0,0,0
"1411",2024-06-05,21,30,10123.1,378,0,0,28.3813299232737,0,0,11097.1,391,0,0,0,0
"1412",2024-06-05,21,35,10237.1,379,0,0,28.3813299232737,0,0,11097.1,391,0,0,0,0
"1413",2024-06-05,21,40,10565.1,379,0,0,28.3813299232737,0,0,11097.1,391,0,0,0,0
"1414",2024-06-05,21,45,10815.1,383,0,0,28.3813299232737,0,0,11097.1,391,0,0,0,0
"1415",2024-06-05,21,50,9998.1,380,0,0,28.3813299232737,0,0,11097.1,391,0,0,0,0
"1416",2024-06-05,21,55,9492.1,378,0,0,28.3813299232737,0,0,11097.1,391,0,0,0,0
"1417",2024-06-05,22,0,9538.4,378,0,0,31.1427807486631,0,0,11647.4,379,0,0,0,0
"1418",2024-06-05,22,5,9956.4,379,0,0,31.1427807486631,0,0,11647.4,379,0,0,0,0
"1419",2024-06-05,22,10,10070.4,378,0,0,31.1427807486631,0,0,11647.4,379,0,0,0,0
"1420",2024-06-05,22,15,10038.4,375,0,0,31.1427807486631,0,0,11647.4,379,0,0,0,0
"1421",2024-06-05,22,20,10086.4,373,0,0,31.1427807486631,0,0,11647.4,379,0,0,0,0
"1422",2024-06-05,22,25,9975.4,374,0,0,31.1427807486631,0,0,11647.4,379,0,0,0,0
"1423",2024-06-05,22,30,10608.4,378,0,0,31.1427807486631,0,0,11647.4,379,0,0,0,0
"1424",2024-06-05,22,35,11297.4,376,0,0,31.1427807486631,0,0,11647.4,379,0,0,0,0
"1425",2024-06-05,22,40,11275.4,375,0,0,31.1427807486631,0,0,11647.4,379,0,0,0,0
"1426",2024-06-05,22,45,10969.4,372,0,0,31.1427807486631,0,0,11647.4,379,0,0,0,0
"1427",2024-06-05,22,50,11100.4,374,0,0,31.1427807486631,0,0,11647.4,379,0,0,0,0
"1428",2024-06-05,22,55,11647.4,374,0,0,31.1427807486631,0,0,11647.4,379,0,0,0,0
"1429",2024-06-05,23,0,11369.4,374,0,0,30.3994652406417,0,0,11369.4,374,0,0,0,0
"1430",2024-06-05,23,5,8868.4,340,0,0,30.3994652406417,0,0,11369.4,374,0,0,0,0
"1431",2024-06-05,23,10,10355.4,351,0,0,30.3994652406417,0,0,11369.4,374,0,0,0,0
"1432",2024-06-05,23,15,10311.4,351,0,0,30.3994652406417,0,0,11369.4,374,0,0,0,0
"1433",2024-06-05,23,20,9498.4,346,0,0,30.3994652406417,0,0,11369.4,374,0,0,0,0
"1434",2024-06-05,23,25,9498.4,346,0,0,30.3994652406417,0,0,11369.4,374,0,0,0,0
"1435",2024-06-05,23,30,9720.1,348,0,0,30.3994652406417,0,0,11369.4,374,0,0,0,0
"1436",2024-06-05,23,35,9821.1,350,0,0,30.3994652406417,0,0,11369.4,374,0,0,0,0
"1437",2024-06-05,23,40,10114.1,348,0,0,30.3994652406417,0,0,11369.4,374,0,0,0,0
"1438",2024-06-05,23,45,9939.1,345,0,0,30.3994652406417,0,0,11369.4,374,0,0,0,0
"1439",2024-06-05,23,50,9425.1,341,0,0,30.3994652406417,0,0,11369.4,374,0,0,0,0
"1440",2024-06-05,23,55,10320.1,346,0,0,30.3994652406417,0,0,11369.4,374,0,0,0,0
"1441",2024-06-06,0,0,9199.7,373,0,0,27.4002777777778,0,0,9864.1,373,0,0,0,0
"1442",2024-06-06,0,5,8589.4,359,0,0,27.4002777777778,0,0,9864.1,373,0,0,0,0
"1443",2024-06-06,0,10,9267.4,361,0,0,27.4002777777778,0,0,9864.1,373,0,0,0,0
"1444",2024-06-06,0,15,9117.4,359,0,0,27.4002777777778,0,0,9864.1,373,0,0,0,0
"1445",2024-06-06,0,20,9541.4,360,0,0,27.4002777777778,0,0,9864.1,373,0,0,0,0
"1446",2024-06-06,0,25,9823.1,360,0,0,27.4002777777778,0,0,9864.1,373,0,0,0,0
"1447",2024-06-06,0,30,9864.1,360,0,0,27.4002777777778,0,0,9864.1,373,0,0,0,0
"1448",2024-06-06,0,35,8949.1,349,0,0,27.4002777777778,0,0,9864.1,373,0,0,0,0
"1449",2024-06-06,0,40,8683.1,346,0,0,27.4002777777778,0,0,9864.1,373,0,0,0,0
"1450",2024-06-06,0,45,8650.1,344,0,0,27.4002777777778,0,0,9864.1,373,0,0,0,0
"1451",2024-06-06,0,50,8252.1,343,0,0,27.4002777777778,0,0,9864.1,373,0,0,0,0
"1452",2024-06-06,0,55,8348.1,343,0,0,27.4002777777778,0,0,9864.1,373,0,0,0,0
"1453",2024-06-06,1,0,7772.1,337,0,0,23.0626112759644,0,0,7772.1,337,0,0,0,0
"1454",2024-06-06,1,5,6910.1,321,0,0,23.0626112759644,0,0,7772.1,337,0,0,0,0
"1455",2024-06-06,1,10,6910.1,321,0,0,23.0626112759644,0,0,7772.1,337,0,0,0,0
"1456",2024-06-06,1,15,6776.1,318,0,0,23.0626112759644,0,0,7772.1,337,0,0,0,0
"1457",2024-06-06,1,20,6772.4,317,0,0,23.0626112759644,0,0,7772.1,337,0,0,0,0
"1458",2024-06-06,1,25,6772.4,317,0,0,23.0626112759644,0,0,7772.1,337,0,0,0,0
"1459",2024-06-06,1,30,6461.4,314,0,0,23.0626112759644,0,0,7772.1,337,0,0,0,0
"1460",2024-06-06,1,35,6551.4,318,0,0,23.0626112759644,0,0,7772.1,337,0,0,0,0
"1461",2024-06-06,1,40,6829.4,318,0,0,23.0626112759644,0,0,7772.1,337,0,0,0,0
"1462",2024-06-06,1,45,6829.4,318,0,0,23.0626112759644,0,0,7772.1,337,0,0,0,0
"1463",2024-06-06,1,50,6840.4,319,0,0,23.0626112759644,0,0,7772.1,337,0,0,0,0
"1464",2024-06-06,1,55,6540.4,318,0,0,23.0626112759644,0,0,7772.1,337,0,0,0,0
"1465",2024-06-06,2,0,6296.4,283,0,0,23.3136842105263,0,0,6644.4,285,0,0,0,0
"1466",2024-06-06,2,5,6402.4,282,0,0,23.3136842105263,0,0,6644.4,285,0,0,0,0
"1467",2024-06-06,2,10,6644.4,285,0,0,23.3136842105263,0,0,6644.4,285,0,0,0,0
"1468",2024-06-06,2,15,6622.4,285,0,0,23.3136842105263,0,0,6644.4,285,0,0,0,0
"1469",2024-06-06,2,20,6622.4,285,0,0,23.3136842105263,0,0,6644.4,285,0,0,0,0
"1470",2024-06-06,2,25,6611.4,284,0,0,23.3136842105263,0,0,6644.4,285,0,0,0,0
"1471",2024-06-06,2,30,6611.4,284,0,0,23.3136842105263,0,0,6644.4,285,0,0,0,0
"1472",2024-06-06,2,35,6373.4,279,0,0,23.3136842105263,0,0,6644.4,285,0,0,0,0
"1473",2024-06-06,2,40,5953.4,277,0,0,23.3136842105263,0,0,6644.4,285,0,0,0,0
"1474",2024-06-06,2,45,5920.4,275,0,0,23.3136842105263,0,0,6644.4,285,0,0,0,0
"1475",2024-06-06,2,50,5920.4,275,0,0,23.3136842105263,0,0,6644.4,285,0,0,0,0
"1476",2024-06-06,2,55,5920.4,275,0,0,23.3136842105263,0,0,6644.4,285,0,0,0,0
"1477",2024-06-06,3,0,5820.4,274,0,0,21.2423357664234,0,0,5820.4,274,0,0,0,0
"1478",2024-06-06,3,5,5726.4,271,0,0,21.2423357664234,0,0,5820.4,274,0,0,0,0
"1479",2024-06-06,3,10,5726.4,271,0,0,21.2423357664234,0,0,5820.4,274,0,0,0,0
"1480",2024-06-06,3,15,5726.4,271,0,0,21.2423357664234,0,0,5820.4,274,0,0,0,0
"1481",2024-06-06,3,20,5726.4,271,0,0,21.2423357664234,0,0,5820.4,274,0,0,0,0
"1482",2024-06-06,3,25,5726.4,271,0,0,21.2423357664234,0,0,5820.4,274,0,0,0,0
"1483",2024-06-06,3,30,5726.4,271,0,0,21.2423357664234,0,0,5820.4,274,0,0,0,0
"1484",2024-06-06,3,35,5638.4,266,0,0,21.2423357664234,0,0,5820.4,274,0,0,0,0
"1485",2024-06-06,3,40,5638.4,266,0,0,21.2423357664234,0,0,5820.4,274,0,0,0,0
"1486",2024-06-06,3,45,5660.4,267,0,0,21.2423357664234,0,0,5820.4,274,0,0,0,0
"1487",2024-06-06,3,50,5682.4,268,0,0,21.2423357664234,0,0,5820.4,274,0,0,0,0
"1488",2024-06-06,3,55,5682.4,268,0,0,21.2423357664234,0,0,5820.4,274,0,0,0,0
"1489",2024-06-06,4,0,5682.4,268,0,0,21.2411985018727,0,0,5682.4,268,0,0,0,0
"1490",2024-06-06,4,5,5682.4,268,0,0,21.2411985018727,0,0,5682.4,268,0,0,0,0
"1491",2024-06-06,4,10,5671.4,267,0,0,21.2411985018727,0,0,5682.4,268,0,0,0,0
"1492",2024-06-06,4,15,5671.4,267,0,0,21.2411985018727,0,0,5682.4,268,0,0,0,0
"1493",2024-06-06,4,20,5671.4,267,0,0,21.2411985018727,0,0,5682.4,268,0,0,0,0
"1494",2024-06-06,4,25,5671.4,267,0,0,21.2411985018727,0,0,5682.4,268,0,0,0,0
"1495",2024-06-06,4,30,5671.4,267,0,0,21.2411985018727,0,0,5682.4,268,0,0,0,0
"1496",2024-06-06,4,35,5682.4,268,0,0,21.2411985018727,0,0,5682.4,268,0,0,0,0
"1497",2024-06-06,4,40,5682.4,268,0,0,21.2411985018727,0,0,5682.4,268,0,0,0,0
"1498",2024-06-06,4,45,5682.4,268,0,0,21.2411985018727,0,0,5682.4,268,0,0,0,0
"1499",2024-06-06,4,50,5682.4,268,0,0,21.2411985018727,0,0,5682.4,268,0,0,0,0
"1500",2024-06-06,4,55,5682.4,268,0,0,21.2411985018727,0,0,5682.4,268,0,0,0,0
"1501",2024-06-06,5,0,5682.4,268,0,0,22.6358208955224,0,0,6088.4,269,0,0,0,0
"1502",2024-06-06,5,5,5660.4,268,0,0,22.6358208955224,0,0,6088.4,269,0,0,0,0
"1503",2024-06-06,5,10,5660.4,268,0,0,22.6358208955224,0,0,6088.4,269,0,0,0,0
"1504",2024-06-06,5,15,5682.4,269,0,0,22.6358208955224,0,0,6088.4,269,0,0,0,0
"1505",2024-06-06,5,20,5682.4,269,0,0,22.6358208955224,0,0,6088.4,269,0,0,0,0
"1506",2024-06-06,5,25,5660.4,268,0,0,22.6358208955224,0,0,6088.4,269,0,0,0,0
"1507",2024-06-06,5,30,5660.4,268,0,0,22.6358208955224,0,0,6088.4,269,0,0,0,0
"1508",2024-06-06,5,35,5766.4,267,0,0,22.6358208955224,0,0,6088.4,269,0,0,0,0
"1509",2024-06-06,5,40,6066.4,268,0,0,22.6358208955224,0,0,6088.4,269,0,0,0,0
"1510",2024-06-06,5,45,6066.4,268,0,0,22.6358208955224,0,0,6088.4,269,0,0,0,0
"1511",2024-06-06,5,50,6066.4,268,0,0,22.6358208955224,0,0,6088.4,269,0,0,0,0
"1512",2024-06-06,5,55,6088.4,269,0,0,22.6358208955224,0,0,6088.4,269,0,0,0,0
"1513",2024-06-06,6,0,6088.4,269,0,0,23.2588235294118,0,0,6348.4,273,0,0,0,0
"1514",2024-06-06,6,5,6260.4,271,0,0,23.2588235294118,0,0,6348.4,273,0,0,0,0
"1515",2024-06-06,6,10,6326.4,272,0,0,23.2588235294118,0,0,6348.4,273,0,0,0,0
"1516",2024-06-06,6,15,6326.4,272,0,0,23.2588235294118,0,0,6348.4,273,0,0,0,0
"1517",2024-06-06,6,20,6348.4,273,0,0,23.2588235294118,0,0,6348.4,273,0,0,0,0
"1518",2024-06-06,6,25,6026.4,271,0,0,23.2588235294118,0,0,6348.4,273,0,0,0,0
"1519",2024-06-06,6,30,6026.4,271,0,0,23.2588235294118,0,0,6348.4,273,0,0,0,0
"1520",2024-06-06,6,35,5876.4,270,0,0,23.2588235294118,0,0,6348.4,273,0,0,0,0
"1521",2024-06-06,6,40,5810.4,269,0,0,23.2588235294118,0,0,6348.4,273,0,0,0,0
"1522",2024-06-06,6,45,5832.4,270,0,0,23.2588235294118,0,0,6348.4,273,0,0,0,0
"1523",2024-06-06,6,50,5932.4,271,0,0,23.2588235294118,0,0,6348.4,273,0,0,0,0
"1524",2024-06-06,6,55,5932.4,271,0,0,23.2588235294118,0,0,6348.4,273,0,0,0,0
"1525",2024-06-06,7,0,5932.4,271,0,0,22.0613970588235,0,0,6209.7,283,0,0,0,0
"1526",2024-06-06,7,5,5976.4,273,0,0,22.0613970588235,0,0,6209.7,283,0,0,0,0
"1527",2024-06-06,7,10,5872.7,271,0,0,22.0613970588235,0,0,6209.7,283,0,0,0,0
"1528",2024-06-06,7,15,5872.7,271,0,0,22.0613970588235,0,0,6209.7,283,0,0,0,0
"1529",2024-06-06,7,20,5872.7,271,0,0,22.0613970588235,0,0,6209.7,283,0,0,0,0
"1530",2024-06-06,7,25,5894.7,273,0,0,22.0613970588235,0,0,6209.7,283,0,0,0,0
"1531",2024-06-06,7,30,5894.7,273,0,0,22.0613970588235,0,0,6209.7,283,0,0,0,0
"1532",2024-06-06,7,35,6000.7,272,0,0,22.0613970588235,0,0,6209.7,283,0,0,0,0
"1533",2024-06-06,7,40,6022.7,273,0,0,22.0613970588235,0,0,6209.7,283,0,0,0,0
"1534",2024-06-06,7,45,6077.7,277,0,0,22.0613970588235,0,0,6209.7,283,0,0,0,0
"1535",2024-06-06,7,50,6055.7,276,0,0,22.0613970588235,0,0,6209.7,283,0,0,0,0
"1536",2024-06-06,7,55,6209.7,283,0,0,22.0613970588235,0,0,6209.7,283,0,0,0,0
"1537",2024-06-06,8,0,6209.7,284,0,0,26.5549342105263,0,0,8399.7,332,0,0,0,0
"1538",2024-06-06,8,5,6996.7,292,0,0,26.5549342105263,0,0,8399.7,332,0,0,0,0
"1539",2024-06-06,8,10,7106.7,297,0,0,26.5549342105263,0,0,8399.7,332,0,0,0,0
"1540",2024-06-06,8,15,7706.7,300,0,0,26.5549342105263,0,0,8399.7,332,0,0,0,0
"1541",2024-06-06,8,20,8072.7,304,0,0,26.5549342105263,0,0,8399.7,332,0,0,0,0
"1542",2024-06-06,8,25,7816.7,307,0,0,26.5549342105263,0,0,8399.7,332,0,0,0,0
"1543",2024-06-06,8,30,7669.7,308,0,0,26.5549342105263,0,0,8399.7,332,0,0,0,0
"1544",2024-06-06,8,35,8200.7,322,0,0,26.5549342105263,0,0,8399.7,332,0,0,0,0
"1545",2024-06-06,8,40,8399.7,330,0,0,26.5549342105263,0,0,8399.7,332,0,0,0,0
"1546",2024-06-06,8,45,7653.7,332,0,0,26.5549342105263,0,0,8399.7,332,0,0,0,0
"1547",2024-06-06,8,50,7831.7,328,0,0,26.5549342105263,0,0,8399.7,332,0,0,0,0
"1548",2024-06-06,8,55,7908.7,332,0,0,26.5549342105263,0,0,8399.7,332,0,0,0,0
"1549",2024-06-06,9,0,8041.7,333,0,0,26.6927419354839,0,0,10481.7,429,0,0,0,0
"1550",2024-06-06,9,5,8283.7,347,0,0,26.6927419354839,0,0,10481.7,429,0,0,0,0
"1551",2024-06-06,9,10,9245.7,359,0,0,26.6927419354839,0,0,10481.7,429,0,0,0,0
"1552",2024-06-06,9,15,9312.7,363,0,0,26.6927419354839,0,0,10481.7,429,0,0,0,0
"1553",2024-06-06,9,20,9929.7,372,0,0,26.6927419354839,0,0,10481.7,429,0,0,0,0
"1554",2024-06-06,9,25,9676.7,378,0,0,26.6927419354839,0,0,10481.7,429,0,0,0,0
"1555",2024-06-06,9,30,10288.7,387,0,0,26.6927419354839,0,0,10481.7,429,0,0,0,0
"1556",2024-06-06,9,35,10481.7,407,0,0,26.6927419354839,0,0,10481.7,429,0,0,0,0
"1557",2024-06-06,9,40,9990.7,404,0,0,26.6927419354839,0,0,10481.7,429,0,0,0,0
"1558",2024-06-06,9,45,9707.7,406,0,0,26.6927419354839,0,0,10481.7,429,0,0,0,0
"1559",2024-06-06,9,50,9806.7,412,0,0,26.6927419354839,0,0,10481.7,429,0,0,0,0
"1560",2024-06-06,9,55,10414.7,429,0,0,26.6927419354839,0,0,10481.7,429,0,0,0,0
"1561",2024-06-06,10,5,11583.7,457,0,0,25.3924406047516,0,0,12761.3,525,0,0,0,0
"1562",2024-06-06,10,10,11647.7,462,0,0,25.3924406047516,0,0,12761.3,525,0,0,0,0
"1563",2024-06-06,10,15,11756.7,463,0,0,25.3924406047516,0,0,12761.3,525,0,0,0,0
"1564",2024-06-06,10,20,11866.7,470,0,0,25.3924406047516,0,0,12761.3,525,0,0,0,0
"1565",2024-06-06,10,25,11900.7,478,0,0,25.3924406047516,0,0,12761.3,525,0,0,0,0
"1566",2024-06-06,10,30,12066.7,484,0,0,25.3924406047516,0,0,12761.3,525,0,0,0,0
"1567",2024-06-06,10,35,12109.7,508,0,0,25.3924406047516,0,0,12761.3,525,0,0,0,0
"1568",2024-06-06,10,40,12246.3,514,0,0,25.3924406047516,0,0,12761.3,525,0,0,0,0
"1569",2024-06-06,10,45,12356.3,520,0,0,25.3924406047516,0,0,12761.3,525,0,0,0,0
"1570",2024-06-06,10,50,12667.3,521,0,0,25.3924406047516,0,0,12761.3,525,0,0,0,0
"1571",2024-06-06,10,55,12761.3,525,0,0,25.3924406047516,0,0,12761.3,525,0,0,0,0
"1572",2024-06-06,10,0,10741.7,431,0,0,25.3924406047516,0,0,12761.3,525,0,0,0,0
"1573",2024-06-06,11,15,12949.3,557,0,0,28.3161234991424,0,0,16508.3,583,0,0,0,0
"1574",2024-06-06,11,20,12875.3,553,0,0,28.3161234991424,0,0,16508.3,583,0,0,0,0
"1575",2024-06-06,11,25,13453.3,561,0,0,28.3161234991424,0,0,16508.3,583,0,0,0,0
"1576",2024-06-06,11,30,14074.3,563,0,0,28.3161234991424,0,0,16508.3,583,0,0,0,0
"1577",2024-06-06,11,35,16508.3,583,0,0,28.3161234991424,0,0,16508.3,583,0,0,0,0
"1578",2024-06-06,11,40,16404.3,580,0,0,28.3161234991424,0,0,16508.3,583,0,0,0,0
"1579",2024-06-06,11,45,15208.3,570,0,0,28.3161234991424,0,0,16508.3,583,0,0,0,0
"1580",2024-06-06,11,50,15661.3,573,0,0,28.3161234991424,0,0,16508.3,583,0,0,0,0
"1581",2024-06-06,11,55,15278.3,574,0,0,28.3161234991424,0,0,16508.3,583,0,0,0,0
"1582",2024-06-06,11,0,12735.3,527,0,0,28.3161234991424,0,0,16508.3,583,0,0,0,0
"1583",2024-06-06,11,5,12102.3,545,0,0,28.3161234991424,0,0,16508.3,583,0,0,0,0
"1584",2024-06-06,11,10,12462.3,550,0,0,28.3161234991424,0,0,16508.3,583,0,0,0,0
"1585",2024-06-06,12,0,14321.3,572,0,0,27.1436026936027,0,0,16123.3,611,0,0,0,0
"1586",2024-06-06,12,5,15109.3,585,0,0,27.1436026936027,0,0,16123.3,611,0,0,0,0
"1587",2024-06-06,12,10,15737.3,592,0,0,27.1436026936027,0,0,16123.3,611,0,0,0,0
"1588",2024-06-06,12,15,15680.3,587,0,0,27.1436026936027,0,0,16123.3,611,0,0,0,0
"1589",2024-06-06,12,20,16123.3,594,0,0,27.1436026936027,0,0,16123.3,611,0,0,0,0
"1590",2024-06-06,12,25,16044.3,596,0,0,27.1436026936027,0,0,16123.3,611,0,0,0,0
"1591",2024-06-06,12,30,15216.3,593,0,0,27.1436026936027,0,0,16123.3,611,0,0,0,0
"1592",2024-06-06,12,35,15412.3,598,0,0,27.1436026936027,0,0,16123.3,611,0,0,0,0
"1593",2024-06-06,12,40,15529.3,599,0,0,27.1436026936027,0,0,16123.3,611,0,0,0,0
"1594",2024-06-06,12,45,15334.3,602,0,0,27.1436026936027,0,0,16123.3,611,0,0,0,0
"1595",2024-06-06,12,50,15013.3,603,0,0,27.1436026936027,0,0,16123.3,611,0,0,0,0
"1596",2024-06-06,12,55,15903.3,611,0,0,27.1436026936027,0,0,16123.3,611,0,0,0,0
"1597",2024-06-06,13,0,15969.6,611,0,0,27.1458262350937,0,0,16302.6,611,0,0,0,0
"1598",2024-06-06,13,5,15143.6,595,0,0,27.1458262350937,0,0,16302.6,611,0,0,0,0
"1599",2024-06-06,13,10,15121.6,594,0,0,27.1458262350937,0,0,16302.6,611,0,0,0,0
"1600",2024-06-06,13,15,15121.6,594,0,0,27.1458262350937,0,0,16302.6,611,0,0,0,0
"1601",2024-06-06,13,20,15068.6,592,0,0,27.1458262350937,0,0,16302.6,611,0,0,0,0
"1602",2024-06-06,13,25,15036.6,593,0,0,27.1458262350937,0,0,16302.6,611,0,0,0,0
"1603",2024-06-06,13,30,14697.6,591,0,0,27.1458262350937,0,0,16302.6,611,0,0,0,0
"1604",2024-06-06,13,35,16088.6,600,0,0,27.1458262350937,0,0,16302.6,611,0,0,0,0
"1605",2024-06-06,13,40,16302.6,603,0,0,27.1458262350937,0,0,16302.6,611,0,0,0,0
"1606",2024-06-06,13,45,15788.6,594,0,0,27.1458262350937,0,0,16302.6,611,0,0,0,0
"1607",2024-06-06,13,50,15998.6,591,0,0,27.1458262350937,0,0,16302.6,611,0,0,0,0
"1608",2024-06-06,13,55,15934.6,587,0,0,27.1458262350937,0,0,16302.6,611,0,0,0,0
"1609",2024-06-06,14,0,16317.6,591,0,0,30.7979452054795,0,0,17986,591,0,0,0,0
"1610",2024-06-06,14,5,17067.6,580,0,0,30.7979452054795,0,0,17986,591,0,0,0,0
"1611",2024-06-06,14,10,17964,585,0,0,30.7979452054795,0,0,17986,591,0,0,0,0
"1612",2024-06-06,14,15,17986,584,0,0,30.7979452054795,0,0,17986,591,0,0,0,0
"1613",2024-06-06,14,20,17092,579,0,0,30.7979452054795,0,0,17986,591,0,0,0,0
"1614",2024-06-06,14,25,17626,581,0,0,30.7979452054795,0,0,17986,591,0,0,0,0
"1615",2024-06-06,14,30,17668,581,0,0,30.7979452054795,0,0,17986,591,0,0,0,0
"1616",2024-06-06,14,35,17212,571,0,0,30.7979452054795,0,0,17986,591,0,0,0,0
"1617",2024-06-06,14,40,17046,571,0,0,30.7979452054795,0,0,17986,591,0,0,0,0
"1618",2024-06-06,14,45,16801,573,0,0,30.7979452054795,0,0,17986,591,0,0,0,0
"1619",2024-06-06,14,50,16806,573,0,0,30.7979452054795,0,0,17986,591,0,0,0,0
"1620",2024-06-06,14,55,17076,572,0,0,30.7979452054795,0,0,17986,591,0,0,0,0
"1621",2024-06-06,15,5,15886.6,572,0,0,28.8143106457243,0,0,16510.6,593,0,0,0,0
"1622",2024-06-06,15,10,15575.6,569,0,0,28.8143106457243,0,0,16510.6,593,0,0,0,0
"1623",2024-06-06,15,15,15047.6,574,0,0,28.8143106457243,0,0,16510.6,593,0,0,0,0
"1624",2024-06-06,15,20,15967.6,584,0,0,28.8143106457243,0,0,16510.6,593,0,0,0,0
"1625",2024-06-06,15,25,16055.6,579,0,0,28.8143106457243,0,0,16510.6,593,0,0,0,0
"1626",2024-06-06,15,30,15479.6,579,0,0,28.8143106457243,0,0,16510.6,593,0,0,0,0
"1627",2024-06-06,15,35,16330.6,582,0,0,28.8143106457243,0,0,16510.6,593,0,0,0,0
"1628",2024-06-06,15,40,16334.6,589,0,0,28.8143106457243,0,0,16510.6,593,0,0,0,0
"1629",2024-06-06,15,45,16106.6,591,0,0,28.8143106457243,0,0,16510.6,593,0,0,0,0
"1630",2024-06-06,15,50,16362.6,593,0,0,28.8143106457243,0,0,16510.6,593,0,0,0,0
"1631",2024-06-06,15,55,15550,589,0,0,28.8143106457243,0,0,16510.6,593,0,0,0,0
"1632",2024-06-06,15,0,16510.6,573,0,0,28.8143106457243,0,0,16510.6,593,0,0,0,0
"1633",2024-06-06,16,0,14803,589,0,0,26.3772046589018,0,0,15852.7,601,0,0,0,0
"1634",2024-06-06,16,5,15259,594,0,0,26.3772046589018,0,0,15852.7,601,0,0,0,0
"1635",2024-06-06,16,10,15469,600,0,0,26.3772046589018,0,0,15852.7,601,0,0,0,0
"1636",2024-06-06,16,15,15477,599,0,0,26.3772046589018,0,0,15852.7,601,0,0,0,0
"1637",2024-06-06,16,20,15600,593,0,0,26.3772046589018,0,0,15852.7,601,0,0,0,0
"1638",2024-06-06,16,25,15033,593,0,0,26.3772046589018,0,0,15852.7,601,0,0,0,0
"1639",2024-06-06,16,30,14771,596,0,0,26.3772046589018,0,0,15852.7,601,0,0,0,0
"1640",2024-06-06,16,35,14803.7,593,0,0,26.3772046589018,0,0,15852.7,601,0,0,0,0
"1641",2024-06-06,16,40,14432.7,590,0,0,26.3772046589018,0,0,15852.7,601,0,0,0,0
"1642",2024-06-06,16,45,15021.7,591,0,0,26.3772046589018,0,0,15852.7,601,0,0,0,0
"1643",2024-06-06,16,50,15308.7,595,0,0,26.3772046589018,0,0,15852.7,601,0,0,0,0
"1644",2024-06-06,16,55,15852.7,601,0,0,26.3772046589018,0,0,15852.7,601,0,0,0,0
"1645",2024-06-06,17,0,16627.7,606,0,0,27.4425862068966,0,0,16627.7,606,0,0,0,0
"1646",2024-06-06,17,5,15955.7,582,0,0,27.4425862068966,0,0,16627.7,606,0,0,0,0
"1647",2024-06-06,17,10,15907.7,581,0,0,27.4425862068966,0,0,16627.7,606,0,0,0,0
"1648",2024-06-06,17,15,15802.7,578,0,0,27.4425862068966,0,0,16627.7,606,0,0,0,0
"1649",2024-06-06,17,20,15916.7,580,0,0,27.4425862068966,0,0,16627.7,606,0,0,0,0
"1650",2024-06-06,17,25,15511.7,574,0,0,27.4425862068966,0,0,16627.7,606,0,0,0,0
"1651",2024-06-06,17,30,15212.4,571,0,0,27.4425862068966,0,0,16627.7,606,0,0,0,0
"1652",2024-06-06,17,35,14058.4,564,0,0,27.4425862068966,0,0,16627.7,606,0,0,0,0
"1653",2024-06-06,17,40,14406.4,559,0,0,27.4425862068966,0,0,16627.7,606,0,0,0,0
"1654",2024-06-06,17,45,13919.4,553,0,0,27.4425862068966,0,0,16627.7,606,0,0,0,0
"1655",2024-06-06,17,50,13886.4,551,0,0,27.4425862068966,0,0,16627.7,606,0,0,0,0
"1656",2024-06-06,17,55,13445.4,549,0,0,27.4425862068966,0,0,16627.7,606,0,0,0,0
"1657",2024-06-06,18,0,8558.7,291,0,0,29.4113402061856,0,0,15044.4,544,0,0,0,0
"1658",2024-06-06,18,5,15044.4,544,0,0,29.4113402061856,0,0,15044.4,544,0,0,0,0
"1659",2024-06-06,18,10,14985.7,540,0,0,29.4113402061856,0,0,15044.4,544,0,0,0,0
"1660",2024-06-06,18,15,14855.7,532,0,0,29.4113402061856,0,0,15044.4,544,0,0,0,0
"1661",2024-06-06,18,20,13962.7,528,0,0,29.4113402061856,0,0,15044.4,544,0,0,0,0
"1662",2024-06-06,18,25,14634.7,530,0,0,29.4113402061856,0,0,15044.4,544,0,0,0,0
"1663",2024-06-06,18,30,15036.7,525,0,0,29.4113402061856,0,0,15044.4,544,0,0,0,0
"1664",2024-06-06,18,35,14158.7,511,0,0,29.4113402061856,0,0,15044.4,544,0,0,0,0
"1665",2024-06-06,18,40,13209.7,504,0,0,29.4113402061856,0,0,15044.4,544,0,0,0,0
"1666",2024-06-06,18,45,13505.7,498,0,0,29.4113402061856,0,0,15044.4,544,0,0,0,0
"1667",2024-06-06,18,50,14249.7,503,0,0,29.4113402061856,0,0,15044.4,544,0,0,0,0
"1668",2024-06-06,18,55,14430.7,500,0,0,29.4113402061856,0,0,15044.4,544,0,0,0,0
"1669",2024-06-06,19,0,14172.7,494,0,0,32.0057324840764,0,0,15074.7,494,0,0,0,0
"1670",2024-06-06,19,5,15043.7,475,0,0,32.0057324840764,0,0,15074.7,494,0,0,0,0
"1671",2024-06-06,19,10,14807.7,473,0,0,32.0057324840764,0,0,15074.7,494,0,0,0,0
"1672",2024-06-06,19,15,14032.7,469,0,0,32.0057324840764,0,0,15074.7,494,0,0,0,0
"1673",2024-06-06,19,20,14525.7,474,0,0,32.0057324840764,0,0,15074.7,494,0,0,0,0
"1674",2024-06-06,19,25,15074.7,471,0,0,32.0057324840764,0,0,15074.7,494,0,0,0,0
"1675",2024-06-06,19,30,14592.7,459,0,0,32.0057324840764,0,0,15074.7,494,0,0,0,0
"1676",2024-06-06,19,35,12457.7,437,0,0,32.0057324840764,0,0,15074.7,494,0,0,0,0
"1677",2024-06-06,19,40,11995.7,432,0,0,32.0057324840764,0,0,15074.7,494,0,0,0,0
"1678",2024-06-06,19,45,12101.7,433,0,0,32.0057324840764,0,0,15074.7,494,0,0,0,0
"1679",2024-06-06,19,50,10856.4,424,0,0,32.0057324840764,0,0,15074.7,494,0,0,0,0
"1680",2024-06-06,19,55,11318.4,420,0,0,32.0057324840764,0,0,15074.7,494,0,0,0,0
"1681",2024-06-06,20,0,11224.4,416,0,0,31.1299251870324,0,0,12530.1,417,0,0,0,0
"1682",2024-06-06,20,5,9786.1,405,0,0,31.1299251870324,0,0,12530.1,417,0,0,0,0
"1683",2024-06-06,20,10,10692.1,413,0,0,31.1299251870324,0,0,12530.1,417,0,0,0,0
"1684",2024-06-06,20,15,11504.1,411,0,0,31.1299251870324,0,0,12530.1,417,0,0,0,0
"1685",2024-06-06,20,20,11751.1,417,0,0,31.1299251870324,0,0,12530.1,417,0,0,0,0
"1686",2024-06-06,20,25,12317.1,413,0,0,31.1299251870324,0,0,12530.1,417,0,0,0,0
"1687",2024-06-06,20,30,12530.1,414,0,0,31.1299251870324,0,0,12530.1,417,0,0,0,0
"1688",2024-06-06,20,35,12383.1,411,0,0,31.1299251870324,0,0,12530.1,417,0,0,0,0
"1689",2024-06-06,20,40,11640.1,400,0,0,31.1299251870324,0,0,12530.1,417,0,0,0,0
"1690",2024-06-06,20,45,12483.1,401,0,0,31.1299251870324,0,0,12530.1,417,0,0,0,0
"1691",2024-06-06,20,50,12423.1,401,0,0,31.1299251870324,0,0,12530.1,417,0,0,0,0
"1692",2024-06-06,20,55,12450.8,405,0,0,31.1299251870324,0,0,12530.1,417,0,0,0,0
"1693",2024-06-06,21,0,12955.8,409,0,0,31.6767726161369,0,0,12955.8,420,0,0,0,0
"1694",2024-06-06,21,5,12200.8,417,0,0,31.6767726161369,0,0,12955.8,420,0,0,0,0
"1695",2024-06-06,21,10,12380.8,418,0,0,31.6767726161369,0,0,12955.8,420,0,0,0,0
"1696",2024-06-06,21,15,11944.8,418,0,0,31.6767726161369,0,0,12955.8,420,0,0,0,0
"1697",2024-06-06,21,20,11392.1,417,0,0,31.6767726161369,0,0,12955.8,420,0,0,0,0
"1698",2024-06-06,21,25,11416.1,420,0,0,31.6767726161369,0,0,12955.8,420,0,0,0,0
"1699",2024-06-06,21,30,11708.1,417,0,0,31.6767726161369,0,0,12955.8,420,0,0,0,0
"1700",2024-06-06,21,35,11276.1,415,0,0,31.6767726161369,0,0,12955.8,420,0,0,0,0
"1701",2024-06-06,21,40,10485.1,413,0,0,31.6767726161369,0,0,12955.8,420,0,0,0,0
"1702",2024-06-06,21,45,10737.1,413,0,0,31.6767726161369,0,0,12955.8,420,0,0,0,0
"1703",2024-06-06,21,50,10294.1,411,0,0,31.6767726161369,0,0,12955.8,420,0,0,0,0
"1704",2024-06-06,21,55,10546.1,413,0,0,31.6767726161369,0,0,12955.8,420,0,0,0,0
"1705",2024-06-06,22,0,11785.1,421,0,0,28.5037296037296,0,0,12228.1,438,0,0,0,0
"1706",2024-06-06,22,5,12228.1,429,0,0,28.5037296037296,0,0,12228.1,438,0,0,0,0
"1707",2024-06-06,22,10,11880.1,429,0,0,28.5037296037296,0,0,12228.1,438,0,0,0,0
"1708",2024-06-06,22,15,11891.1,429,0,0,28.5037296037296,0,0,12228.1,438,0,0,0,0
"1709",2024-06-06,22,20,11858.1,430,0,0,28.5037296037296,0,0,12228.1,438,0,0,0,0
"1710",2024-06-06,22,25,11771.1,438,0,0,28.5037296037296,0,0,12228.1,438,0,0,0,0
"1711",2024-06-06,22,30,11651.1,437,0,0,28.5037296037296,0,0,12228.1,438,0,0,0,0
"1712",2024-06-06,22,35,10913.1,422,0,0,28.5037296037296,0,0,12228.1,438,0,0,0,0
"1713",2024-06-06,22,40,10884.8,420,0,0,28.5037296037296,0,0,12228.1,438,0,0,0,0
"1714",2024-06-06,22,45,10990.8,418,0,0,28.5037296037296,0,0,12228.1,438,0,0,0,0
"1715",2024-06-06,22,50,10657.8,415,0,0,28.5037296037296,0,0,12228.1,438,0,0,0,0
"1716",2024-06-06,22,55,10509.8,413,0,0,28.5037296037296,0,0,12228.1,438,0,0,0,0
"1717",2024-06-06,23,0,10106.8,411,0,0,24.9723958333333,0,0,10106.8,411,0,0,0,0
"1718",2024-06-06,23,5,9280.8,392,0,0,24.9723958333333,0,0,10106.8,411,0,0,0,0
"1719",2024-06-06,23,10,9712.8,398,0,0,24.9723958333333,0,0,10106.8,411,0,0,0,0
"1720",2024-06-06,23,15,9495.1,392,0,0,24.9723958333333,0,0,10106.8,411,0,0,0,0
"1721",2024-06-06,23,20,9374.1,385,0,0,24.9723958333333,0,0,10106.8,411,0,0,0,0
"1722",2024-06-06,23,25,9384.1,385,0,0,24.9723958333333,0,0,10106.8,411,0,0,0,0
"1723",2024-06-06,23,30,9589.4,384,0,0,24.9723958333333,0,0,10106.8,411,0,0,0,0
"1724",2024-06-06,23,35,9292.4,380,0,0,24.9723958333333,0,0,10106.8,411,0,0,0,0
"1725",2024-06-06,23,40,9194.4,380,0,0,24.9723958333333,0,0,10106.8,411,0,0,0,0
"1726",2024-06-06,23,45,9439.4,379,0,0,24.9723958333333,0,0,10106.8,411,0,0,0,0
"1727",2024-06-06,23,50,9173.4,375,0,0,24.9723958333333,0,0,10106.8,411,0,0,0,0
"1728",2024-06-06,23,55,9322.7,376,0,0,24.9723958333333,0,0,10106.8,411,0,0,0,0
"1729",2024-06-07,0,0,10057,390,0,0,25.7871794871795,0,0,10057,390,0,0,0,0
"1730",2024-06-07,0,5,9214,378,0,0,25.7871794871795,0,0,10057,390,0,0,0,0
"1731",2024-06-07,0,10,8632.4,379,0,0,25.7871794871795,0,0,10057,390,0,0,0,0
"1732",2024-06-07,0,15,8805.1,379,0,0,25.7871794871795,0,0,10057,390,0,0,0,0
"1733",2024-06-07,0,20,8783.1,378,0,0,25.7871794871795,0,0,10057,390,0,0,0,0
"1734",2024-06-07,0,25,8794.1,378,0,0,25.7871794871795,0,0,10057,390,0,0,0,0
"1735",2024-06-07,0,30,8817.1,374,0,0,25.7871794871795,0,0,10057,390,0,0,0,0
"1736",2024-06-07,0,35,9063.1,375,0,0,25.7871794871795,0,0,10057,390,0,0,0,0
"1737",2024-06-07,0,40,9314.1,372,0,0,25.7871794871795,0,0,10057,390,0,0,0,0
"1738",2024-06-07,0,45,9259.1,369,0,0,25.7871794871795,0,0,10057,390,0,0,0,0
"1739",2024-06-07,0,50,8893.1,367,0,0,25.7871794871795,0,0,10057,390,0,0,0,0
"1740",2024-06-07,0,55,8871.1,366,0,0,25.7871794871795,0,0,10057,390,0,0,0,0
"1741",2024-06-07,1,0,8548.1,362,0,0,23.6135359116022,0,0,8548.1,362,0,0,0,0
"1742",2024-06-07,1,5,7855.1,354,0,0,23.6135359116022,0,0,8548.1,362,0,0,0,0
"1743",2024-06-07,1,10,8149.1,354,0,0,23.6135359116022,0,0,8548.1,362,0,0,0,0
"1744",2024-06-07,1,15,7838.1,352,0,0,23.6135359116022,0,0,8548.1,362,0,0,0,0
"1745",2024-06-07,1,20,7834.4,351,0,0,23.6135359116022,0,0,8548.1,362,0,0,0,0
"1746",2024-06-07,1,25,7995.4,352,0,0,23.6135359116022,0,0,8548.1,362,0,0,0,0
"1747",2024-06-07,1,30,8045.4,353,0,0,23.6135359116022,0,0,8548.1,362,0,0,0,0
"1748",2024-06-07,1,35,8214.4,353,0,0,23.6135359116022,0,0,8548.1,362,0,0,0,0
"1749",2024-06-07,1,40,8181.4,352,0,0,23.6135359116022,0,0,8548.1,362,0,0,0,0
"1750",2024-06-07,1,45,8031.4,351,0,0,23.6135359116022,0,0,8548.1,362,0,0,0,0
"1751",2024-06-07,1,50,8031.4,351,0,0,23.6135359116022,0,0,8548.1,362,0,0,0,0
"1752",2024-06-07,1,55,8249.4,350,0,0,23.6135359116022,0,0,8548.1,362,0,0,0,0
"1753",2024-06-07,2,0,6507.4,317,0,0,24.0656441717791,0,0,7845.4,326,0,0,0,0
"1754",2024-06-07,2,5,7195.4,323,0,0,24.0656441717791,0,0,7845.4,326,0,0,0,0
"1755",2024-06-07,2,10,7195.4,323,0,0,24.0656441717791,0,0,7845.4,326,0,0,0,0
"1756",2024-06-07,2,15,7545.4,325,0,0,24.0656441717791,0,0,7845.4,326,0,0,0,0
"1757",2024-06-07,2,20,7845.4,326,0,0,24.0656441717791,0,0,7845.4,326,0,0,0,0
"1758",2024-06-07,2,25,7473.4,323,0,0,24.0656441717791,0,0,7845.4,326,0,0,0,0
"1759",2024-06-07,2,30,7451.4,322,0,0,24.0656441717791,0,0,7845.4,326,0,0,0,0
"1760",2024-06-07,2,35,7446.4,321,0,0,24.0656441717791,0,0,7845.4,326,0,0,0,0
"1761",2024-06-07,2,40,7446.4,321,0,0,24.0656441717791,0,0,7845.4,326,0,0,0,0
"1762",2024-06-07,2,45,7746.4,322,0,0,24.0656441717791,0,0,7845.4,326,0,0,0,0
"1763",2024-06-07,2,50,7446.4,321,0,0,24.0656441717791,0,0,7845.4,326,0,0,0,0
"1764",2024-06-07,2,55,7468.4,322,0,0,24.0656441717791,0,0,7845.4,326,0,0,0,0
"1765",2024-06-07,3,0,7168.4,321,0,0,22.3314641744548,0,0,7168.4,321,0,0,0,0
"1766",2024-06-07,3,5,6857.4,320,0,0,22.3314641744548,0,0,7168.4,321,0,0,0,0
"1767",2024-06-07,3,10,6857.4,320,0,0,22.3314641744548,0,0,7168.4,321,0,0,0,0
"1768",2024-06-07,3,15,7135.4,320,0,0,22.3314641744548,0,0,7168.4,321,0,0,0,0
"1769",2024-06-07,3,20,7135.4,320,0,0,22.3314641744548,0,0,7168.4,321,0,0,0,0
"1770",2024-06-07,3,25,6524.4,317,0,0,22.3314641744548,0,0,7168.4,321,0,0,0,0
"1771",2024-06-07,3,30,6491.4,315,0,0,22.3314641744548,0,0,7168.4,321,0,0,0,0
"1772",2024-06-07,3,35,6652.4,316,0,0,22.3314641744548,0,0,7168.4,321,0,0,0,0
"1773",2024-06-07,3,40,6652.4,316,0,0,22.3314641744548,0,0,7168.4,321,0,0,0,0
"1774",2024-06-07,3,45,6652.4,316,0,0,22.3314641744548,0,0,7168.4,321,0,0,0,0
"1775",2024-06-07,3,50,6674.4,317,0,0,22.3314641744548,0,0,7168.4,321,0,0,0,0
"1776",2024-06-07,3,55,6674.4,317,0,0,22.3314641744548,0,0,7168.4,321,0,0,0,0
"1777",2024-06-07,4,0,6674.4,317,0,0,21.0548895899054,0,0,6674.4,318,0,0,0,0
"1778",2024-06-07,4,5,6663.4,317,0,0,21.0548895899054,0,0,6674.4,318,0,0,0,0
"1779",2024-06-07,4,10,6674.4,318,0,0,21.0548895899054,0,0,6674.4,318,0,0,0,0
"1780",2024-06-07,4,15,6674.4,318,0,0,21.0548895899054,0,0,6674.4,318,0,0,0,0
"1781",2024-06-07,4,20,6674.4,318,0,0,21.0548895899054,0,0,6674.4,318,0,0,0,0
"1782",2024-06-07,4,25,6674.4,318,0,0,21.0548895899054,0,0,6674.4,318,0,0,0,0
"1783",2024-06-07,4,30,6674.4,318,0,0,21.0548895899054,0,0,6674.4,318,0,0,0,0
"1784",2024-06-07,4,35,6352.4,314,0,0,21.0548895899054,0,0,6674.4,318,0,0,0,0
"1785",2024-06-07,4,40,6352.4,314,0,0,21.0548895899054,0,0,6674.4,318,0,0,0,0
"1786",2024-06-07,4,45,6330.4,313,0,0,21.0548895899054,0,0,6674.4,318,0,0,0,0
"1787",2024-06-07,4,50,6330.4,313,0,0,21.0548895899054,0,0,6674.4,318,0,0,0,0
"1788",2024-06-07,4,55,6352.4,314,0,0,21.0548895899054,0,0,6674.4,318,0,0,0,0
"1789",2024-06-07,5,0,6352.4,314,0,0,20.5140127388535,0,0,6441.4,315,0,0,0,0
"1790",2024-06-07,5,5,6324.4,315,0,0,20.5140127388535,0,0,6441.4,315,0,0,0,0
"1791",2024-06-07,5,10,6324.4,315,0,0,20.5140127388535,0,0,6441.4,315,0,0,0,0
"1792",2024-06-07,5,15,6324.4,315,0,0,20.5140127388535,0,0,6441.4,315,0,0,0,0
"1793",2024-06-07,5,20,6324.4,315,0,0,20.5140127388535,0,0,6441.4,315,0,0,0,0
"1794",2024-06-07,5,25,6324.4,315,0,0,20.5140127388535,0,0,6441.4,315,0,0,0,0
"1795",2024-06-07,5,30,6324.4,315,0,0,20.5140127388535,0,0,6441.4,315,0,0,0,0
"1796",2024-06-07,5,35,6441.4,314,0,0,20.5140127388535,0,0,6441.4,315,0,0,0,0
"1797",2024-06-07,5,40,6441.4,314,0,0,20.5140127388535,0,0,6441.4,315,0,0,0,0
"1798",2024-06-07,5,45,6441.4,314,0,0,20.5140127388535,0,0,6441.4,315,0,0,0,0
"1799",2024-06-07,5,50,6441.4,314,0,0,20.5140127388535,0,0,6441.4,315,0,0,0,0
"1800",2024-06-07,5,55,6441.4,314,0,0,20.5140127388535,0,0,6441.4,315,0,0,0,0
"1801",2024-06-07,6,0,6441.4,314,0,0,20.6305295950156,0,0,6622.4,321,0,0,0,0
"1802",2024-06-07,6,5,6496.4,317,0,0,20.6305295950156,0,0,6622.4,321,0,0,0,0
"1803",2024-06-07,6,10,6518.4,318,0,0,20.6305295950156,0,0,6622.4,321,0,0,0,0
"1804",2024-06-07,6,15,6540.4,319,0,0,20.6305295950156,0,0,6622.4,321,0,0,0,0
"1805",2024-06-07,6,20,6540.4,319,0,0,20.6305295950156,0,0,6622.4,321,0,0,0,0
"1806",2024-06-07,6,25,6600.4,320,0,0,20.6305295950156,0,0,6622.4,321,0,0,0,0
"1807",2024-06-07,6,30,6600.4,320,0,0,20.6305295950156,0,0,6622.4,321,0,0,0,0
"1808",2024-06-07,6,35,6622.4,321,0,0,20.6305295950156,0,0,6622.4,321,0,0,0,0
"1809",2024-06-07,6,40,6622.4,321,0,0,20.6305295950156,0,0,6622.4,321,0,0,0,0
"1810",2024-06-07,6,45,6622.4,321,0,0,20.6305295950156,0,0,6622.4,321,0,0,0,0
"1811",2024-06-07,6,50,6584.4,321,0,0,20.6305295950156,0,0,6622.4,321,0,0,0,0
"1812",2024-06-07,6,55,6562.4,320,0,0,20.6305295950156,0,0,6622.4,321,0,0,0,0
"1813",2024-06-07,7,0,6606.4,322,0,0,21.7582554517134,0,0,6995.4,322,0,0,0,0
"1814",2024-06-07,7,5,6562.4,320,0,0,21.7582554517134,0,0,6995.4,322,0,0,0,0
"1815",2024-06-07,7,10,6562.4,320,0,0,21.7582554517134,0,0,6995.4,322,0,0,0,0
"1816",2024-06-07,7,15,6562.4,320,0,0,21.7582554517134,0,0,6995.4,322,0,0,0,0
"1817",2024-06-07,7,20,6562.4,320,0,0,21.7582554517134,0,0,6995.4,322,0,0,0,0
"1818",2024-06-07,7,25,6512.4,319,0,0,21.7582554517134,0,0,6995.4,322,0,0,0,0
"1819",2024-06-07,7,30,6562.4,320,0,0,21.7582554517134,0,0,6995.4,322,0,0,0,0
"1820",2024-06-07,7,35,6524.4,315,0,0,21.7582554517134,0,0,6995.4,322,0,0,0,0
"1821",2024-06-07,7,40,6824.4,316,0,0,21.7582554517134,0,0,6995.4,322,0,0,0,0
"1822",2024-06-07,7,45,6818.4,317,0,0,21.7582554517134,0,0,6995.4,322,0,0,0,0
"1823",2024-06-07,7,50,6984.4,321,0,0,21.7582554517134,0,0,6995.4,322,0,0,0,0
"1824",2024-06-07,7,55,6995.4,322,0,0,21.7582554517134,0,0,6995.4,322,0,0,0,0
"1825",2024-06-07,8,0,6973.4,321,0,0,23.7550151975684,0,0,8904.7,382,0,0,0,0
"1826",2024-06-07,8,5,7826.4,330,0,0,23.7550151975684,0,0,8904.7,382,0,0,0,0
"1827",2024-06-07,8,10,7815.4,329,0,0,23.7550151975684,0,0,8904.7,382,0,0,0,0
"1828",2024-06-07,8,15,7870.4,332,0,0,23.7550151975684,0,0,8904.7,382,0,0,0,0
"1829",2024-06-07,8,20,7581.4,331,0,0,23.7550151975684,0,0,8904.7,382,0,0,0,0
"1830",2024-06-07,8,25,7635.4,342,0,0,23.7550151975684,0,0,8904.7,382,0,0,0,0
"1831",2024-06-07,8,30,7734.4,348,0,0,23.7550151975684,0,0,8904.7,382,0,0,0,0
"1832",2024-06-07,8,35,7897.4,365,0,0,23.7550151975684,0,0,8904.7,382,0,0,0,0
"1833",2024-06-07,8,40,8025.7,371,0,0,23.7550151975684,0,0,8904.7,382,0,0,0,0
"1834",2024-06-07,8,45,8358.7,374,0,0,23.7550151975684,0,0,8904.7,382,0,0,0,0
"1835",2024-06-07,8,50,8446.7,380,0,0,23.7550151975684,0,0,8904.7,382,0,0,0,0
"1836",2024-06-07,8,55,8904.7,382,0,0,23.7550151975684,0,0,8904.7,382,0,0,0,0
"1837",2024-06-07,9,0,8981.7,385,0,0,24.806498951782,0,0,11832.7,477,0,0,0,0
"1838",2024-06-07,9,5,9243.7,399,0,0,24.806498951782,0,0,11832.7,477,0,0,0,0
"1839",2024-06-07,9,10,9152.7,409,0,0,24.806498951782,0,0,11832.7,477,0,0,0,0
"1840",2024-06-07,9,15,9306.7,418,0,0,24.806498951782,0,0,11832.7,477,0,0,0,0
"1841",2024-06-07,9,20,9650.7,422,0,0,24.806498951782,0,0,11832.7,477,0,0,0,0
"1842",2024-06-07,9,25,9866.7,427,0,0,24.806498951782,0,0,11832.7,477,0,0,0,0
"1843",2024-06-07,9,30,9533.7,425,0,0,24.806498951782,0,0,11832.7,477,0,0,0,0
"1844",2024-06-07,9,35,10144.7,443,0,0,24.806498951782,0,0,11832.7,477,0,0,0,0
"1845",2024-06-07,9,40,10660.7,449,0,0,24.806498951782,0,0,11832.7,477,0,0,0,0
"1846",2024-06-07,9,45,10824.7,452,0,0,24.806498951782,0,0,11832.7,477,0,0,0,0
"1847",2024-06-07,9,50,11482.7,470,0,0,24.806498951782,0,0,11832.7,477,0,0,0,0
"1848",2024-06-07,9,55,11832.7,477,0,0,24.806498951782,0,0,11832.7,477,0,0,0,0
"1849",2024-06-07,10,0,12195.7,490,0,0,26.7456766917293,0,0,15162.7,582,0,0,0,0
"1850",2024-06-07,10,5,13185.7,512,0,0,26.7456766917293,0,0,15162.7,582,0,0,0,0
"1851",2024-06-07,10,10,13759.7,522,0,0,26.7456766917293,0,0,15162.7,582,0,0,0,0
"1852",2024-06-07,10,15,14228.7,532,0,0,26.7456766917293,0,0,15162.7,582,0,0,0,0
"1853",2024-06-07,10,20,14320.7,537,0,0,26.7456766917293,0,0,15162.7,582,0,0,0,0
"1854",2024-06-07,10,25,14209.7,543,0,0,26.7456766917293,0,0,15162.7,582,0,0,0,0
"1855",2024-06-07,10,30,14403.7,548,0,0,26.7456766917293,0,0,15162.7,582,0,0,0,0
"1856",2024-06-07,10,35,14189.7,571,0,0,26.7456766917293,0,0,15162.7,582,0,0,0,0
"1857",2024-06-07,10,40,13923.7,577,0,0,26.7456766917293,0,0,15162.7,582,0,0,0,0
"1858",2024-06-07,10,45,14429.7,577,0,0,26.7456766917293,0,0,15162.7,582,0,0,0,0
"1859",2024-06-07,10,50,14641.7,574,0,0,26.7456766917293,0,0,15162.7,582,0,0,0,0
"1860",2024-06-07,10,55,15162.7,582,0,0,26.7456766917293,0,0,15162.7,582,0,0,0,0
"1861",2024-06-07,11,0,14414.7,583,0,0,24.7250428816467,0,0,14901,610,0,0,0,0
"1862",2024-06-07,11,5,14522.7,604,0,0,24.7250428816467,0,0,14901,610,0,0,0,0
"1863",2024-06-07,11,10,14424.7,605,0,0,24.7250428816467,0,0,14901,610,0,0,0,0
"1864",2024-06-07,11,15,13891.7,602,0,0,24.7250428816467,0,0,14901,610,0,0,0,0
"1865",2024-06-07,11,20,13710,601,0,0,24.7250428816467,0,0,14901,610,0,0,0,0
"1866",2024-06-07,11,25,14267,607,0,0,24.7250428816467,0,0,14901,610,0,0,0,0
"1867",2024-06-07,11,30,13501,608,0,0,24.7250428816467,0,0,14901,610,0,0,0,0
"1868",2024-06-07,11,35,14852,607,0,0,24.7250428816467,0,0,14901,610,0,0,0,0
"1869",2024-06-07,11,40,14901,610,0,0,24.7250428816467,0,0,14901,610,0,0,0,0
"1870",2024-06-07,11,45,14724,606,0,0,24.7250428816467,0,0,14901,610,0,0,0,0
"1871",2024-06-07,11,50,14841,605,0,0,24.7250428816467,0,0,14901,610,0,0,0,0
"1872",2024-06-07,11,55,14629,608,0,0,24.7250428816467,0,0,14901,610,0,0,0,0
"1873",2024-06-07,12,0,14621.2,613,0,0,25.21312,0,0,15758.2,634,0,0,0,0
"1874",2024-06-07,12,5,14207.2,622,0,0,25.21312,0,0,15758.2,634,0,0,0,0
"1875",2024-06-07,12,10,14030.2,621,0,0,25.21312,0,0,15758.2,634,0,0,0,0
"1876",2024-06-07,12,15,14778.2,618,0,0,25.21312,0,0,15758.2,634,0,0,0,0
"1877",2024-06-07,12,20,14967.2,619,0,0,25.21312,0,0,15758.2,634,0,0,0,0
"1878",2024-06-07,12,25,15306.2,622,0,0,25.21312,0,0,15758.2,634,0,0,0,0
"1879",2024-06-07,12,30,15758.2,625,0,0,25.21312,0,0,15758.2,634,0,0,0,0
"1880",2024-06-07,12,35,14730.2,627,0,0,25.21312,0,0,15758.2,634,0,0,0,0
"1881",2024-06-07,12,40,15118.2,631,0,0,25.21312,0,0,15758.2,634,0,0,0,0
"1882",2024-06-07,12,45,15479.2,634,0,0,25.21312,0,0,15758.2,634,0,0,0,0
"1883",2024-06-07,12,50,15096.2,631,0,0,25.21312,0,0,15758.2,634,0,0,0,0
"1884",2024-06-07,12,55,14143.2,630,0,0,25.21312,0,0,15758.2,634,0,0,0,0
"1885",2024-06-07,13,0,14482.2,631,0,0,28.517665615142,0,0,18080.2,637,0,0,0,0
"1886",2024-06-07,13,5,14510.2,628,0,0,28.517665615142,0,0,18080.2,637,0,0,0,0
"1887",2024-06-07,13,10,14726.2,629,0,0,28.517665615142,0,0,18080.2,637,0,0,0,0
"1888",2024-06-07,13,15,15758.2,636,0,0,28.517665615142,0,0,18080.2,637,0,0,0,0
"1889",2024-06-07,13,20,15589.2,636,0,0,28.517665615142,0,0,18080.2,637,0,0,0,0
"1890",2024-06-07,13,25,15303.2,637,0,0,28.517665615142,0,0,18080.2,637,0,0,0,0
"1891",2024-06-07,13,30,15073.2,630,0,0,28.517665615142,0,0,18080.2,637,0,0,0,0
"1892",2024-06-07,13,35,16261.2,636,0,0,28.517665615142,0,0,18080.2,637,0,0,0,0
"1893",2024-06-07,13,40,16856.2,635,0,0,28.517665615142,0,0,18080.2,637,0,0,0,0
"1894",2024-06-07,13,45,17270.2,634,0,0,28.517665615142,0,0,18080.2,637,0,0,0,0
"1895",2024-06-07,13,50,17315.2,632,0,0,28.517665615142,0,0,18080.2,637,0,0,0,0
"1896",2024-06-07,13,55,18080.2,634,0,0,28.517665615142,0,0,18080.2,637,0,0,0,0
"1897",2024-06-07,14,0,17969.2,621,0,0,32.9961794019934,0,0,19863.7,621,0,0,0,0
"1898",2024-06-07,14,5,16646.2,610,0,0,32.9961794019934,0,0,19863.7,621,0,0,0,0
"1899",2024-06-07,14,10,17435.2,597,0,0,32.9961794019934,0,0,19863.7,621,0,0,0,0
"1900",2024-06-07,14,15,16919.7,588,0,0,32.9961794019934,0,0,19863.7,621,0,0,0,0
"1901",2024-06-07,14,20,16956.7,583,0,0,32.9961794019934,0,0,19863.7,621,0,0,0,0
"1902",2024-06-07,14,25,16759.7,588,0,0,32.9961794019934,0,0,19863.7,621,0,0,0,0
"1903",2024-06-07,14,30,17857.7,592,0,0,32.9961794019934,0,0,19863.7,621,0,0,0,0
"1904",2024-06-07,14,35,18719.7,590,0,0,32.9961794019934,0,0,19863.7,621,0,0,0,0
"1905",2024-06-07,14,40,19158.7,589,0,0,32.9961794019934,0,0,19863.7,621,0,0,0,0
"1906",2024-06-07,14,45,19304.7,592,0,0,32.9961794019934,0,0,19863.7,621,0,0,0,0
"1907",2024-06-07,14,50,19376.7,598,0,0,32.9961794019934,0,0,19863.7,621,0,0,0,0
"1908",2024-06-07,14,55,19863.7,602,0,0,32.9961794019934,0,0,19863.7,621,0,0,0,0
"1909",2024-06-07,15,45,16424.3,593,0,0,31.8590524534687,0,0,18828.7,593,0,0,0,0
"1910",2024-06-07,15,50,16213.3,592,0,0,31.8590524534687,0,0,18828.7,593,0,0,0,0
"1911",2024-06-07,15,55,16730.3,593,0,0,31.8590524534687,0,0,18828.7,593,0,0,0,0
"1912",2024-06-07,15,0,18828.7,591,0,0,31.8590524534687,0,0,18828.7,593,0,0,0,0
"1913",2024-06-07,15,5,17356.7,586,0,0,31.8590524534687,0,0,18828.7,593,0,0,0,0
"1914",2024-06-07,15,10,17483.7,581,0,0,31.8590524534687,0,0,18828.7,593,0,0,0,0
"1915",2024-06-07,15,15,16835.7,579,0,0,31.8590524534687,0,0,18828.7,593,0,0,0,0
"1916",2024-06-07,15,20,16653.7,580,0,0,31.8590524534687,0,0,18828.7,593,0,0,0,0
"1917",2024-06-07,15,25,16453.7,581,0,0,31.8590524534687,0,0,18828.7,593,0,0,0,0
"1918",2024-06-07,15,30,16980.7,585,0,0,31.8590524534687,0,0,18828.7,593,0,0,0,0
"1919",2024-06-07,15,35,17314.3,587,0,0,31.8590524534687,0,0,18828.7,593,0,0,0,0
"1920",2024-06-07,15,40,16494.3,588,0,0,31.8590524534687,0,0,18828.7,593,0,0,0,0
"1921",2024-06-07,16,5,15780.3,588,0,0,31.2221105527638,0,0,18639.6,597,0,0,0,0
"1922",2024-06-07,16,10,16277.3,588,0,0,31.2221105527638,0,0,18639.6,597,0,0,0,0
"1923",2024-06-07,16,15,16682.3,593,0,0,31.2221105527638,0,0,18639.6,597,0,0,0,0
"1924",2024-06-07,16,20,15879.3,587,0,0,31.2221105527638,0,0,18639.6,597,0,0,0,0
"1925",2024-06-07,16,25,15692.3,580,0,0,31.2221105527638,0,0,18639.6,597,0,0,0,0
"1926",2024-06-07,16,30,15322.6,574,0,0,31.2221105527638,0,0,18639.6,597,0,0,0,0
"1927",2024-06-07,16,35,16424.6,579,0,0,31.2221105527638,0,0,18639.6,597,0,0,0,0
"1928",2024-06-07,16,40,16823.6,584,0,0,31.2221105527638,0,0,18639.6,597,0,0,0,0
"1929",2024-06-07,16,45,17351.6,587,0,0,31.2221105527638,0,0,18639.6,597,0,0,0,0
"1930",2024-06-07,16,50,18218.6,592,0,0,31.2221105527638,0,0,18639.6,597,0,0,0,0
"1931",2024-06-07,16,55,18639.6,597,0,0,31.2221105527638,0,0,18639.6,597,0,0,0,0
"1932",2024-06-07,16,0,16905.3,596,0,0,31.2221105527638,0,0,18639.6,597,0,0,0,0
"1933",2024-06-07,17,0,18529.6,593,0,0,32.6032590051458,0,0,19259.7,594,0,0,0,0
"1934",2024-06-07,17,5,17545.6,593,0,0,32.6032590051458,0,0,19259.7,594,0,0,0,0
"1935",2024-06-07,17,10,17545.6,593,0,0,32.6032590051458,0,0,19259.7,594,0,0,0,0
"1936",2024-06-07,17,15,16001.6,583,0,0,32.6032590051458,0,0,19259.7,594,0,0,0,0
"1937",2024-06-07,17,20,15855.6,586,0,0,32.6032590051458,0,0,19259.7,594,0,0,0,0
"1938",2024-06-07,17,25,15593.3,592,0,0,32.6032590051458,0,0,19259.7,594,0,0,0,0
"1939",2024-06-07,17,30,15743.3,594,0,0,32.6032590051458,0,0,19259.7,594,0,0,0,0
"1940",2024-06-07,17,35,16558.3,593,0,0,32.6032590051458,0,0,19259.7,594,0,0,0,0
"1941",2024-06-07,17,40,17760.7,593,0,0,32.6032590051458,0,0,19259.7,594,0,0,0,0
"1942",2024-06-07,17,45,19259.7,592,0,0,32.6032590051458,0,0,19259.7,594,0,0,0,0
"1943",2024-06-07,17,50,19007.7,583,0,0,32.6032590051458,0,0,19259.7,594,0,0,0,0
"1944",2024-06-07,17,55,17855.7,579,0,0,32.6032590051458,0,0,19259.7,594,0,0,0,0
"1945",2024-06-07,18,0,18941.7,587,0,0,32.2686541737649,0,0,18941.7,587,0,0,0,0
"1946",2024-06-07,18,5,17872.7,585,0,0,32.2686541737649,0,0,18941.7,587,0,0,0,0
"1947",2024-06-07,18,10,17004.7,576,0,0,32.2686541737649,0,0,18941.7,587,0,0,0,0
"1948",2024-06-07,18,15,16787.7,575,0,0,32.2686541737649,0,0,18941.7,587,0,0,0,0
"1949",2024-06-07,18,20,17381.7,579,0,0,32.2686541737649,0,0,18941.7,587,0,0,0,0
"1950",2024-06-07,18,25,16288.7,571,0,0,32.2686541737649,0,0,18941.7,587,0,0,0,0
"1951",2024-06-07,18,30,15968.9,569,0,0,32.2686541737649,0,0,18941.7,587,0,0,0,0
"1952",2024-06-07,18,35,16085.9,564,0,0,32.2686541737649,0,0,18941.7,587,0,0,0,0
"1953",2024-06-07,18,40,14726.9,550,0,0,32.2686541737649,0,0,18941.7,587,0,0,0,0
"1954",2024-06-07,18,45,14460.9,545,0,0,32.2686541737649,0,0,18941.7,587,0,0,0,0
"1955",2024-06-07,18,50,15033.9,541,0,0,32.2686541737649,0,0,18941.7,587,0,0,0,0
"1956",2024-06-07,18,55,15072.9,537,0,0,32.2686541737649,0,0,18941.7,587,0,0,0,0
"1957",2024-06-07,19,0,14992.2,534,0,0,31.8195744680851,0,0,14992.2,534,0,0,0,0
"1958",2024-06-07,19,5,13830.2,509,0,0,31.8195744680851,0,0,14992.2,534,0,0,0,0
"1959",2024-06-07,19,10,13557.2,511,0,0,31.8195744680851,0,0,14992.2,534,0,0,0,0
"1960",2024-06-07,19,15,13696.2,504,0,0,31.8195744680851,0,0,14992.2,534,0,0,0,0
"1961",2024-06-07,19,20,13347.2,496,0,0,31.8195744680851,0,0,14992.2,534,0,0,0,0
"1962",2024-06-07,19,25,13561.2,490,0,0,31.8195744680851,0,0,14992.2,534,0,0,0,0
"1963",2024-06-07,19,30,12911.2,480,0,0,31.8195744680851,0,0,14992.2,534,0,0,0,0
"1964",2024-06-07,19,35,14161.2,468,0,0,31.8195744680851,0,0,14992.2,534,0,0,0,0
"1965",2024-06-07,19,40,14859.2,468,0,0,31.8195744680851,0,0,14992.2,534,0,0,0,0
"1966",2024-06-07,19,45,14879.2,468,0,0,31.8195744680851,0,0,14992.2,534,0,0,0,0
"1967",2024-06-07,19,50,14955.2,470,0,0,31.8195744680851,0,0,14992.2,534,0,0,0,0
"1968",2024-06-07,19,55,13848.2,469,0,0,31.8195744680851,0,0,14992.2,534,0,0,0,0
"1969",2024-06-07,20,45,14247.4,448,0,0,32.2402272727273,0,0,14315.4,464,0,0,0,0
"1970",2024-06-07,20,50,14315.4,448,0,0,32.2402272727273,0,0,14315.4,464,0,0,0,0
"1971",2024-06-07,20,55,14031.4,449,0,0,32.2402272727273,0,0,14315.4,464,0,0,0,0
"1972",2024-06-07,20,0,14007,464,0,0,32.2402272727273,0,0,14315.4,464,0,0,0,0
"1973",2024-06-07,20,5,13951,455,0,0,32.2402272727273,0,0,14315.4,464,0,0,0,0
"1974",2024-06-07,20,10,13425,443,0,0,32.2402272727273,0,0,14315.4,464,0,0,0,0
"1975",2024-06-07,20,15,13516,441,0,0,32.2402272727273,0,0,14315.4,464,0,0,0,0
"1976",2024-06-07,20,20,13713,441,0,0,32.2402272727273,0,0,14315.4,464,0,0,0,0
"1977",2024-06-07,20,25,13723,437,0,0,32.2402272727273,0,0,14315.4,464,0,0,0,0
"1978",2024-06-07,20,30,14185.7,440,0,0,32.2402272727273,0,0,14315.4,464,0,0,0,0
"1979",2024-06-07,20,35,14065.4,450,0,0,32.2402272727273,0,0,14315.4,464,0,0,0,0
"1980",2024-06-07,20,40,13819.4,447,0,0,32.2402272727273,0,0,14315.4,464,0,0,0,0
"1981",2024-06-07,21,0,14634.4,451,0,0,32.4487804878049,0,0,14634.4,451,0,0,0,0
"1982",2024-06-07,21,5,13009.4,448,0,0,32.4487804878049,0,0,14634.4,451,0,0,0,0
"1983",2024-06-07,21,10,13253.4,444,0,0,32.4487804878049,0,0,14634.4,451,0,0,0,0
"1984",2024-06-07,21,15,13929.7,450,0,0,32.4487804878049,0,0,14634.4,451,0,0,0,0
"1985",2024-06-07,21,20,14109.7,449,0,0,32.4487804878049,0,0,14634.4,451,0,0,0,0
"1986",2024-06-07,21,25,13704.4,446,0,0,32.4487804878049,0,0,14634.4,451,0,0,0,0
"1987",2024-06-07,21,30,13377.4,446,0,0,32.4487804878049,0,0,14634.4,451,0,0,0,0
"1988",2024-06-07,21,35,13553.7,443,0,0,32.4487804878049,0,0,14634.4,451,0,0,0,0
"1989",2024-06-07,21,40,13280.7,440,0,0,32.4487804878049,0,0,14634.4,451,0,0,0,0
"1990",2024-06-07,21,45,13367,444,0,0,32.4487804878049,0,0,14634.4,451,0,0,0,0
"1991",2024-06-07,21,50,13531,448,0,0,32.4487804878049,0,0,14634.4,451,0,0,0,0
"1992",2024-06-07,21,55,13346,449,0,0,32.4487804878049,0,0,14634.4,451,0,0,0,0
"1993",2024-06-07,22,0,13787,452,0,0,30.5022123893805,0,0,13787,456,0,0,0,0
"1994",2024-06-07,22,5,13111,454,0,0,30.5022123893805,0,0,13787,456,0,0,0,0
"1995",2024-06-07,22,10,13543,456,0,0,30.5022123893805,0,0,13787,456,0,0,0,0
"1996",2024-06-07,22,15,12844,449,0,0,30.5022123893805,0,0,13787,456,0,0,0,0
"1997",2024-06-07,22,20,12822,450,0,0,30.5022123893805,0,0,13787,456,0,0,0,0
"1998",2024-06-07,22,25,12779,450,0,0,30.5022123893805,0,0,13787,456,0,0,0,0
"1999",2024-06-07,22,30,13059,446,0,0,30.5022123893805,0,0,13787,456,0,0,0,0
"2000",2024-06-07,22,35,12281,443,0,0,30.5022123893805,0,0,13787,456,0,0,0,0
"2001",2024-06-07,22,40,11779,440,0,0,30.5022123893805,0,0,13787,456,0,0,0,0
"2002",2024-06-07,22,45,11863,442,0,0,30.5022123893805,0,0,13787,456,0,0,0,0
"2003",2024-06-07,22,50,11606,437,0,0,30.5022123893805,0,0,13787,456,0,0,0,0
"2004",2024-06-07,22,55,11508,438,0,0,30.5022123893805,0,0,13787,456,0,0,0,0
"2005",2024-06-07,23,0,11432,435,0,0,26.2804597701149,0,0,11432,435,0,0,0,0
"2006",2024-06-07,23,5,10509,422,0,0,26.2804597701149,0,0,11432,435,0,0,0,0
"2007",2024-06-07,23,10,10450.7,423,0,0,26.2804597701149,0,0,11432,435,0,0,0,0
"2008",2024-06-07,23,15,9985.7,413,0,0,26.2804597701149,0,0,11432,435,0,0,0,0
"2009",2024-06-07,23,20,9993.7,412,0,0,26.2804597701149,0,0,11432,435,0,0,0,0
"2010",2024-06-07,23,25,10109.7,411,0,0,26.2804597701149,0,0,11432,435,0,0,0,0
"2011",2024-06-07,23,30,10071.7,411,0,0,26.2804597701149,0,0,11432,435,0,0,0,0
"2012",2024-06-07,23,35,9965.7,403,0,0,26.2804597701149,0,0,11432,435,0,0,0,0
"2013",2024-06-07,23,40,9853.7,401,0,0,26.2804597701149,0,0,11432,435,0,0,0,0
"2014",2024-06-07,23,45,9747.7,398,0,0,26.2804597701149,0,0,11432,435,0,0,0,0
"2015",2024-06-07,23,50,9981.7,396,0,0,26.2804597701149,0,0,11432,435,0,0,0,0
"2016",2024-06-07,23,55,10134,392,0,0,26.2804597701149,0,0,11432,435,0,0,0,0
"2017",2024-06-08,0,0,10835.4,390,0,0,28.4505319148936,0,0,10835.4,390,0,0,0,0
"2018",2024-06-08,0,5,10697.4,376,0,0,28.4505319148936,0,0,10835.4,390,0,0,0,0
"2019",2024-06-08,0,10,10544.4,373,0,0,28.4505319148936,0,0,10835.4,390,0,0,0,0
"2020",2024-06-08,0,15,9326.4,364,0,0,28.4505319148936,0,0,10835.4,390,0,0,0,0
"2021",2024-06-08,0,20,9070.4,364,0,0,28.4505319148936,0,0,10835.4,390,0,0,0,0
"2022",2024-06-08,0,25,8715.4,361,0,0,28.4505319148936,0,0,10835.4,390,0,0,0,0
"2023",2024-06-08,0,30,9311.7,363,0,0,28.4505319148936,0,0,10835.4,390,0,0,0,0
"2024",2024-06-08,0,35,8767.7,354,0,0,28.4505319148936,0,0,10835.4,390,0,0,0,0
"2025",2024-06-08,0,40,9116.7,355,0,0,28.4505319148936,0,0,10835.4,390,0,0,0,0
"2026",2024-06-08,0,45,8788.7,354,0,0,28.4505319148936,0,0,10835.4,390,0,0,0,0
"2027",2024-06-08,0,50,8788.7,354,0,0,28.4505319148936,0,0,10835.4,390,0,0,0,0
"2028",2024-06-08,0,55,8766.7,353,0,0,28.4505319148936,0,0,10835.4,390,0,0,0,0
"2029",2024-06-08,1,0,8722.7,352,0,0,24.7803977272727,0,0,8722.7,352,0,0,0,0
"2030",2024-06-08,1,5,7793.7,341,0,0,24.7803977272727,0,0,8722.7,352,0,0,0,0
"2031",2024-06-08,1,10,7471.7,339,0,0,24.7803977272727,0,0,8722.7,352,0,0,0,0
"2032",2024-06-08,1,15,7351.7,339,0,0,24.7803977272727,0,0,8722.7,352,0,0,0,0
"2033",2024-06-08,1,20,7673.7,341,0,0,24.7803977272727,0,0,8722.7,352,0,0,0,0
"2034",2024-06-08,1,25,7673.7,341,0,0,24.7803977272727,0,0,8722.7,352,0,0,0,0
"2035",2024-06-08,1,30,8311.7,343,0,0,24.7803977272727,0,0,8722.7,352,0,0,0,0
"2036",2024-06-08,1,35,7313.7,332,0,0,24.7803977272727,0,0,8722.7,352,0,0,0,0
"2037",2024-06-08,1,40,7291.7,331,0,0,24.7803977272727,0,0,8722.7,352,0,0,0,0
"2038",2024-06-08,1,45,7041.7,331,0,0,24.7803977272727,0,0,8722.7,352,0,0,0,0
"2039",2024-06-08,1,50,6741.7,330,0,0,24.7803977272727,0,0,8722.7,352,0,0,0,0
"2040",2024-06-08,1,55,6823.7,332,0,0,24.7803977272727,0,0,8722.7,352,0,0,0,0
"2041",2024-06-08,2,0,7889.4,348,0,0,25.4049132947977,0,0,8790.1,348,0,0,0,0
"2042",2024-06-08,2,5,8334.4,344,0,0,25.4049132947977,0,0,8790.1,348,0,0,0,0
"2043",2024-06-08,2,10,8456.4,346,0,0,25.4049132947977,0,0,8790.1,348,0,0,0,0
"2044",2024-06-08,2,15,8485.4,345,0,0,25.4049132947977,0,0,8790.1,348,0,0,0,0
"2045",2024-06-08,2,20,8385.4,344,0,0,25.4049132947977,0,0,8790.1,348,0,0,0,0
"2046",2024-06-08,2,25,8385.4,344,0,0,25.4049132947977,0,0,8790.1,348,0,0,0,0
"2047",2024-06-08,2,30,8407.4,345,0,0,25.4049132947977,0,0,8790.1,348,0,0,0,0
"2048",2024-06-08,2,35,8702.1,344,0,0,25.4049132947977,0,0,8790.1,348,0,0,0,0
"2049",2024-06-08,2,40,8790.1,346,0,0,25.4049132947977,0,0,8790.1,348,0,0,0,0
"2050",2024-06-08,2,45,8678.1,344,0,0,25.4049132947977,0,0,8790.1,348,0,0,0,0
"2051",2024-06-08,2,50,8678.1,343,0,0,25.4049132947977,0,0,8790.1,348,0,0,0,0
"2052",2024-06-08,2,55,8378.1,342,0,0,25.4049132947977,0,0,8790.1,348,0,0,0,0
"2053",2024-06-08,3,0,8378.1,342,0,0,24.4973684210526,0,0,8378.1,342,0,0,0,0
"2054",2024-06-08,3,5,7257.1,331,0,0,24.4973684210526,0,0,8378.1,342,0,0,0,0
"2055",2024-06-08,3,10,7257.1,331,0,0,24.4973684210526,0,0,8378.1,342,0,0,0,0
"2056",2024-06-08,3,15,7257.1,331,0,0,24.4973684210526,0,0,8378.1,342,0,0,0,0
"2057",2024-06-08,3,20,7257.1,331,0,0,24.4973684210526,0,0,8378.1,342,0,0,0,0
"2058",2024-06-08,3,25,7213.1,331,0,0,24.4973684210526,0,0,8378.1,342,0,0,0,0
"2059",2024-06-08,3,30,7213.1,331,0,0,24.4973684210526,0,0,8378.1,342,0,0,0,0
"2060",2024-06-08,3,35,7524.1,334,0,0,24.4973684210526,0,0,8378.1,342,0,0,0,0
"2061",2024-06-08,3,40,7524.1,334,0,0,24.4973684210526,0,0,8378.1,342,0,0,0,0
"2062",2024-06-08,3,45,7524.1,334,0,0,24.4973684210526,0,0,8378.1,342,0,0,0,0
"2063",2024-06-08,3,50,7824.1,335,0,0,24.4973684210526,0,0,8378.1,342,0,0,0,0
"2064",2024-06-08,3,55,7824.1,335,0,0,24.4973684210526,0,0,8378.1,342,0,0,0,0
"2065",2024-06-08,4,0,7524.1,334,0,0,22.6021276595745,0,0,7524.1,334,0,0,0,0
"2066",2024-06-08,4,5,6825.1,326,0,0,22.6021276595745,0,0,7524.1,334,0,0,0,0
"2067",2024-06-08,4,10,6903.1,326,0,0,22.6021276595745,0,0,7524.1,334,0,0,0,0
"2068",2024-06-08,4,15,6881.1,325,0,0,22.6021276595745,0,0,7524.1,334,0,0,0,0
"2069",2024-06-08,4,20,6881.1,325,0,0,22.6021276595745,0,0,7524.1,334,0,0,0,0
"2070",2024-06-08,4,25,6881.1,325,0,0,22.6021276595745,0,0,7524.1,334,0,0,0,0
"2071",2024-06-08,4,30,7181.1,326,0,0,22.6021276595745,0,0,7524.1,334,0,0,0,0
"2072",2024-06-08,4,35,7436.1,329,0,0,22.6021276595745,0,0,7524.1,334,0,0,0,0
"2073",2024-06-08,4,40,7436.1,329,0,0,22.6021276595745,0,0,7524.1,334,0,0,0,0
"2074",2024-06-08,4,45,7436.1,329,0,0,22.6021276595745,0,0,7524.1,334,0,0,0,0
"2075",2024-06-08,4,50,6836.1,327,0,0,22.6021276595745,0,0,7524.1,334,0,0,0,0
"2076",2024-06-08,4,55,6836.1,327,0,0,22.6021276595745,0,0,7524.1,334,0,0,0,0
"2077",2024-06-08,5,0,6836.1,327,0,0,23.4581325301205,0,0,7788.1,332,0,0,0,0
"2078",2024-06-08,5,5,7158.1,329,0,0,23.4581325301205,0,0,7788.1,332,0,0,0,0
"2079",2024-06-08,5,10,7158.1,329,0,0,23.4581325301205,0,0,7788.1,332,0,0,0,0
"2080",2024-06-08,5,15,7158.1,329,0,0,23.4581325301205,0,0,7788.1,332,0,0,0,0
"2081",2024-06-08,5,20,7458.1,330,0,0,23.4581325301205,0,0,7788.1,332,0,0,0,0
"2082",2024-06-08,5,25,7458.1,330,0,0,23.4581325301205,0,0,7788.1,332,0,0,0,0
"2083",2024-06-08,5,30,7638.1,331,0,0,23.4581325301205,0,0,7788.1,332,0,0,0,0
"2084",2024-06-08,5,35,7488.1,331,0,0,23.4581325301205,0,0,7788.1,332,0,0,0,0
"2085",2024-06-08,5,40,7488.1,331,0,0,23.4581325301205,0,0,7788.1,332,0,0,0,0
"2086",2024-06-08,5,45,7788.1,332,0,0,23.4581325301205,0,0,7788.1,332,0,0,0,0
"2087",2024-06-08,5,50,7488.1,331,0,0,23.4581325301205,0,0,7788.1,332,0,0,0,0
"2088",2024-06-08,5,55,7488.1,331,0,0,23.4581325301205,0,0,7788.1,332,0,0,0,0
"2089",2024-06-08,6,0,7766.1,331,0,0,23.5477064220183,0,0,7766.1,331,0,0,0,0
"2090",2024-06-08,6,5,7700.1,327,0,0,23.5477064220183,0,0,7766.1,331,0,0,0,0
"2091",2024-06-08,6,10,7520.1,326,0,0,23.5477064220183,0,0,7766.1,331,0,0,0,0
"2092",2024-06-08,6,15,7220.1,325,0,0,23.5477064220183,0,0,7766.1,331,0,0,0,0
"2093",2024-06-08,6,20,7220.1,325,0,0,23.5477064220183,0,0,7766.1,331,0,0,0,0
"2094",2024-06-08,6,25,7220.1,325,0,0,23.5477064220183,0,0,7766.1,331,0,0,0,0
"2095",2024-06-08,6,30,7520.1,326,0,0,23.5477064220183,0,0,7766.1,331,0,0,0,0
"2096",2024-06-08,6,35,7631.1,328,0,0,23.5477064220183,0,0,7766.1,331,0,0,0,0
"2097",2024-06-08,6,40,7631.1,328,0,0,23.5477064220183,0,0,7766.1,331,0,0,0,0
"2098",2024-06-08,6,45,7631.1,328,0,0,23.5477064220183,0,0,7766.1,331,0,0,0,0
"2099",2024-06-08,6,50,7631.1,328,0,0,23.5477064220183,0,0,7766.1,331,0,0,0,0
"2100",2024-06-08,6,55,7609.1,327,0,0,23.5477064220183,0,0,7766.1,331,0,0,0,0
"2101",2024-06-08,7,0,7342.1,328,0,0,23.2937125748503,0,0,7780.1,334,0,0,0,0
"2102",2024-06-08,7,5,7676.1,331,0,0,23.2937125748503,0,0,7780.1,334,0,0,0,0
"2103",2024-06-08,7,10,7676.1,331,0,0,23.2937125748503,0,0,7780.1,334,0,0,0,0
"2104",2024-06-08,7,15,7698.1,332,0,0,23.2937125748503,0,0,7780.1,334,0,0,0,0
"2105",2024-06-08,7,20,7780.1,334,0,0,23.2937125748503,0,0,7780.1,334,0,0,0,0
"2106",2024-06-08,7,25,7780.1,334,0,0,23.2937125748503,0,0,7780.1,334,0,0,0,0
"2107",2024-06-08,7,30,7780.1,334,0,0,23.2937125748503,0,0,7780.1,334,0,0,0,0
"2108",2024-06-08,7,35,7330.1,331,0,0,23.2937125748503,0,0,7780.1,334,0,0,0,0
"2109",2024-06-08,7,40,7008.1,329,0,0,23.2937125748503,0,0,7780.1,334,0,0,0,0
"2110",2024-06-08,7,45,7008.1,329,0,0,23.2937125748503,0,0,7780.1,334,0,0,0,0
"2111",2024-06-08,7,50,7286.1,329,0,0,23.2937125748503,0,0,7780.1,334,0,0,0,0
"2112",2024-06-08,7,55,7286.1,329,0,0,23.2937125748503,0,0,7780.1,334,0,0,0,0
"2113",2024-06-08,8,0,7286.1,329,0,0,22.5352583586626,0,0,7447.1,333,0,0,0,0
"2114",2024-06-08,8,5,7425.1,330,0,0,22.5352583586626,0,0,7447.1,333,0,0,0,0
"2115",2024-06-08,8,10,7414.1,329,0,0,22.5352583586626,0,0,7447.1,333,0,0,0,0
"2116",2024-06-08,8,15,7447.1,331,0,0,22.5352583586626,0,0,7447.1,333,0,0,0,0
"2117",2024-06-08,8,20,7103.1,328,0,0,22.5352583586626,0,0,7447.1,333,0,0,0,0
"2118",2024-06-08,8,25,7081.1,327,0,0,22.5352583586626,0,0,7447.1,333,0,0,0,0
"2119",2024-06-08,8,30,7081.1,327,0,0,22.5352583586626,0,0,7447.1,333,0,0,0,0
"2120",2024-06-08,8,35,7025.1,330,0,0,22.5352583586626,0,0,7447.1,333,0,0,0,0
"2121",2024-06-08,8,40,7091.1,333,0,0,22.5352583586626,0,0,7447.1,333,0,0,0,0
"2122",2024-06-08,8,45,7069.1,332,0,0,22.5352583586626,0,0,7447.1,333,0,0,0,0
"2123",2024-06-08,8,50,7014.1,329,0,0,22.5352583586626,0,0,7447.1,333,0,0,0,0
"2124",2024-06-08,8,55,7003.1,329,0,0,22.5352583586626,0,0,7447.1,333,0,0,0,0
"2125",2024-06-08,9,0,7101.1,329,0,0,25.2326347305389,0,0,8427.7,340,0,0,0,0
"2126",2024-06-08,9,5,6980.4,325,0,0,25.2326347305389,0,0,8427.7,340,0,0,0,0
"2127",2024-06-08,9,10,6980.4,325,0,0,25.2326347305389,0,0,8427.7,340,0,0,0,0
"2128",2024-06-08,9,15,7280.4,326,0,0,25.2326347305389,0,0,8427.7,340,0,0,0,0
"2129",2024-06-08,9,20,7280.4,325,0,0,25.2326347305389,0,0,8427.7,340,0,0,0,0
"2130",2024-06-08,9,25,7532.7,323,0,0,25.2326347305389,0,0,8427.7,340,0,0,0,0
"2131",2024-06-08,9,30,7604.7,326,0,0,25.2326347305389,0,0,8427.7,340,0,0,0,0
"2132",2024-06-08,9,35,8372.7,332,0,0,25.2326347305389,0,0,8427.7,340,0,0,0,0
"2133",2024-06-08,9,40,8427.7,334,0,0,25.2326347305389,0,0,8427.7,340,0,0,0,0
"2134",2024-06-08,9,45,8182.7,336,0,0,25.2326347305389,0,0,8427.7,340,0,0,0,0
"2135",2024-06-08,9,50,7904.7,336,0,0,25.2326347305389,0,0,8427.7,340,0,0,0,0
"2136",2024-06-08,9,55,7970.7,340,0,0,25.2326347305389,0,0,8427.7,340,0,0,0,0
"2137",2024-06-08,10,0,8167.7,341,0,0,26.3711590296496,0,0,9783.7,371,0,0,0,0
"2138",2024-06-08,10,5,8069.7,337,0,0,26.3711590296496,0,0,9783.7,371,0,0,0,0
"2139",2024-06-08,10,10,8241.7,339,0,0,26.3711590296496,0,0,9783.7,371,0,0,0,0
"2140",2024-06-08,10,15,8432.7,341,0,0,26.3711590296496,0,0,9783.7,371,0,0,0,0
"2141",2024-06-08,10,20,8824.7,345,0,0,26.3711590296496,0,0,9783.7,371,0,0,0,0
"2142",2024-06-08,10,25,8485.7,344,0,0,26.3711590296496,0,0,9783.7,371,0,0,0,0
"2143",2024-06-08,10,30,8261.7,344,0,0,26.3711590296496,0,0,9783.7,371,0,0,0,0
"2144",2024-06-08,10,35,8477.7,355,0,0,26.3711590296496,0,0,9783.7,371,0,0,0,0
"2145",2024-06-08,10,40,8488.7,357,0,0,26.3711590296496,0,0,9783.7,371,0,0,0,0
"2146",2024-06-08,10,45,9071.7,362,0,0,26.3711590296496,0,0,9783.7,371,0,0,0,0
"2147",2024-06-08,10,50,9356.7,364,0,0,26.3711590296496,0,0,9783.7,371,0,0,0,0
"2148",2024-06-08,10,55,9783.7,371,0,0,26.3711590296496,0,0,9783.7,371,0,0,0,0
"2149",2024-06-08,11,0,10015.4,375,0,0,30.9646489104116,0,0,12788.4,423,0,0,0,0
"2150",2024-06-08,11,5,11253.4,394,0,0,30.9646489104116,0,0,12788.4,423,0,0,0,0
"2151",2024-06-08,11,10,11195.4,396,0,0,30.9646489104116,0,0,12788.4,423,0,0,0,0
"2152",2024-06-08,11,15,11322.4,400,0,0,30.9646489104116,0,0,12788.4,423,0,0,0,0
"2153",2024-06-08,11,20,12609.4,411,0,0,30.9646489104116,0,0,12788.4,423,0,0,0,0
"2154",2024-06-08,11,25,12788.4,413,0,0,30.9646489104116,0,0,12788.4,423,0,0,0,0
"2155",2024-06-08,11,30,12710.4,412,0,0,30.9646489104116,0,0,12788.4,423,0,0,0,0
"2156",2024-06-08,11,35,12031,419,0,0,30.9646489104116,0,0,12788.4,423,0,0,0,0
"2157",2024-06-08,11,40,11957,422,0,0,30.9646489104116,0,0,12788.4,423,0,0,0,0
"2158",2024-06-08,11,45,11835,421,0,0,30.9646489104116,0,0,12788.4,423,0,0,0,0
"2159",2024-06-08,11,50,11204,423,0,0,30.9646489104116,0,0,12788.4,423,0,0,0,0
"2160",2024-06-08,11,55,10521,419,0,0,30.9646489104116,0,0,12788.4,423,0,0,0,0
"2161",2024-06-08,12,0,10318,415,0,0,29.0997816593886,0,0,13327.7,458,0,0,0,0
"2162",2024-06-08,12,5,11855,434,0,0,29.0997816593886,0,0,13327.7,458,0,0,0,0
"2163",2024-06-08,12,10,12149,439,0,0,29.0997816593886,0,0,13327.7,458,0,0,0,0
"2164",2024-06-08,12,15,11904,439,0,0,29.0997816593886,0,0,13327.7,458,0,0,0,0
"2165",2024-06-08,12,20,11509,438,0,0,29.0997816593886,0,0,13327.7,458,0,0,0,0
"2166",2024-06-08,12,25,11720,440,0,0,29.0997816593886,0,0,13327.7,458,0,0,0,0
"2167",2024-06-08,12,30,11659,438,0,0,29.0997816593886,0,0,13327.7,458,0,0,0,0
"2168",2024-06-08,12,35,11542,443,0,0,29.0997816593886,0,0,13327.7,458,0,0,0,0
"2169",2024-06-08,12,40,12231,445,0,0,29.0997816593886,0,0,13327.7,458,0,0,0,0
"2170",2024-06-08,12,45,12877,449,0,0,29.0997816593886,0,0,13327.7,458,0,0,0,0
"2171",2024-06-08,12,50,13051.7,451,0,0,29.0997816593886,0,0,13327.7,458,0,0,0,0
"2172",2024-06-08,12,55,13327.7,458,0,0,29.0997816593886,0,0,13327.7,458,0,0,0,0
"2173",2024-06-08,13,0,13659.4,461,0,0,30.7224101479915,0,0,14531.7,477,0,0,0,0
"2174",2024-06-08,13,5,13286.7,471,0,0,30.7224101479915,0,0,14531.7,477,0,0,0,0
"2175",2024-06-08,13,10,13444.7,471,0,0,30.7224101479915,0,0,14531.7,477,0,0,0,0
"2176",2024-06-08,13,15,13105.7,470,0,0,30.7224101479915,0,0,14531.7,477,0,0,0,0
"2177",2024-06-08,13,20,14012.7,472,0,0,30.7224101479915,0,0,14531.7,477,0,0,0,0
"2178",2024-06-08,13,25,14239.7,477,0,0,30.7224101479915,0,0,14531.7,477,0,0,0,0
"2179",2024-06-08,13,30,13522.7,475,0,0,30.7224101479915,0,0,14531.7,477,0,0,0,0
"2180",2024-06-08,13,35,13757.7,467,0,0,30.7224101479915,0,0,14531.7,477,0,0,0,0
"2181",2024-06-08,13,40,14025.7,472,0,0,30.7224101479915,0,0,14531.7,477,0,0,0,0
"2182",2024-06-08,13,45,13815.7,470,0,0,30.7224101479915,0,0,14531.7,477,0,0,0,0
"2183",2024-06-08,13,50,14531.7,473,0,0,30.7224101479915,0,0,14531.7,477,0,0,0,0
"2184",2024-06-08,13,55,13860.7,463,0,0,30.7224101479915,0,0,14531.7,477,0,0,0,0
"2185",2024-06-08,14,0,13761,461,0,0,31.8093220338983,0,0,15014,481,0,0,0,0
"2186",2024-06-08,14,5,14340,481,0,0,31.8093220338983,0,0,15014,481,0,0,0,0
"2187",2024-06-08,14,10,14723,479,0,0,31.8093220338983,0,0,15014,481,0,0,0,0
"2188",2024-06-08,14,15,15014,472,0,0,31.8093220338983,0,0,15014,481,0,0,0,0
"2189",2024-06-08,14,20,14461,468,0,0,31.8093220338983,0,0,15014,481,0,0,0,0
"2190",2024-06-08,14,25,13781,464,0,0,31.8093220338983,0,0,15014,481,0,0,0,0
"2191",2024-06-08,14,30,13416,464,0,0,31.8093220338983,0,0,15014,481,0,0,0,0
"2192",2024-06-08,14,35,14169,467,0,0,31.8093220338983,0,0,15014,481,0,0,0,0
"2193",2024-06-08,14,40,14002,469,0,0,31.8093220338983,0,0,15014,481,0,0,0,0
"2194",2024-06-08,14,45,13390.7,464,0,0,31.8093220338983,0,0,15014,481,0,0,0,0
"2195",2024-06-08,14,50,12980.7,459,0,0,31.8093220338983,0,0,15014,481,0,0,0,0
"2196",2024-06-08,14,55,13420.7,460,0,0,31.8093220338983,0,0,15014,481,0,0,0,0
"2197",2024-06-08,15,25,14573.7,470,0,0,31.4908510638298,0,0,14800.7,471,0,0,0,0
"2198",2024-06-08,15,30,14363.4,469,0,0,31.4908510638298,0,0,14800.7,471,0,0,0,0
"2199",2024-06-08,15,35,13902.4,467,0,0,31.4908510638298,0,0,14800.7,471,0,0,0,0
"2200",2024-06-08,15,40,14078.7,466,0,0,31.4908510638298,0,0,14800.7,471,0,0,0,0
"2201",2024-06-08,15,45,14800.7,470,0,0,31.4908510638298,0,0,14800.7,471,0,0,0,0
"2202",2024-06-08,15,50,14647.7,467,0,0,31.4908510638298,0,0,14800.7,471,0,0,0,0
"2203",2024-06-08,15,55,14746.7,471,0,0,31.4908510638298,0,0,14800.7,471,0,0,0,0
"2204",2024-06-08,15,5,14281.4,469,0,0,31.4908510638298,0,0,14800.7,471,0,0,0,0
"2205",2024-06-08,15,10,13476.1,465,0,0,31.4908510638298,0,0,14800.7,471,0,0,0,0
"2206",2024-06-08,15,15,14140.1,469,0,0,31.4908510638298,0,0,14800.7,471,0,0,0,0
"2207",2024-06-08,15,20,14666.1,468,0,0,31.4908510638298,0,0,14800.7,471,0,0,0,0
"2208",2024-06-08,15,0,13735.4,462,0,0,31.4908510638298,0,0,14800.7,471,0,0,0,0
"2209",2024-06-08,16,0,15811.7,479,0,0,33.8457023060797,0,0,16144.4,479,0,0,0,0
"2210",2024-06-08,16,5,14847.7,470,0,0,33.8457023060797,0,0,16144.4,479,0,0,0,0
"2211",2024-06-08,16,10,14760.7,472,0,0,33.8457023060797,0,0,16144.4,479,0,0,0,0
"2212",2024-06-08,16,15,15284.4,477,0,0,33.8457023060797,0,0,16144.4,479,0,0,0,0
"2213",2024-06-08,16,20,15035.4,472,0,0,33.8457023060797,0,0,16144.4,479,0,0,0,0
"2214",2024-06-08,16,25,15289.4,472,0,0,33.8457023060797,0,0,16144.4,479,0,0,0,0
"2215",2024-06-08,16,30,16144.4,477,0,0,33.8457023060797,0,0,16144.4,479,0,0,0,0
"2216",2024-06-08,16,35,14686.4,471,0,0,33.8457023060797,0,0,16144.4,479,0,0,0,0
"2217",2024-06-08,16,40,14122.4,468,0,0,33.8457023060797,0,0,16144.4,479,0,0,0,0
"2218",2024-06-08,16,45,13663.4,468,0,0,33.8457023060797,0,0,16144.4,479,0,0,0,0
"2219",2024-06-08,16,50,14237.4,472,0,0,33.8457023060797,0,0,16144.4,479,0,0,0,0
"2220",2024-06-08,16,55,14317.4,469,0,0,33.8457023060797,0,0,16144.4,479,0,0,0,0
"2221",2024-06-08,17,0,13513.4,465,0,0,32.231453362256,0,0,14923.4,470,0,0,0,0
"2222",2024-06-08,17,5,14689.4,470,0,0,32.231453362256,0,0,14923.4,470,0,0,0,0
"2223",2024-06-08,17,10,14923.4,467,0,0,32.231453362256,0,0,14923.4,470,0,0,0,0
"2224",2024-06-08,17,15,14740.7,470,0,0,32.231453362256,0,0,14923.4,470,0,0,0,0
"2225",2024-06-08,17,20,14858.7,461,0,0,32.231453362256,0,0,14923.4,470,0,0,0,0
"2226",2024-06-08,17,25,14592.7,459,0,0,32.231453362256,0,0,14923.4,470,0,0,0,0
"2227",2024-06-08,17,30,13750.7,460,0,0,32.231453362256,0,0,14923.4,470,0,0,0,0
"2228",2024-06-08,17,35,13833.7,461,0,0,32.231453362256,0,0,14923.4,470,0,0,0,0
"2229",2024-06-08,17,40,12727.7,453,0,0,32.231453362256,0,0,14923.4,470,0,0,0,0
"2230",2024-06-08,17,45,13266.7,451,0,0,32.231453362256,0,0,14923.4,470,0,0,0,0
"2231",2024-06-08,17,50,14015.7,454,0,0,32.231453362256,0,0,14923.4,470,0,0,0,0
"2232",2024-06-08,17,55,13265.7,452,0,0,32.231453362256,0,0,14923.4,470,0,0,0,0
"2233",2024-06-08,18,55,14413.7,452,0,0,33.0701327433628,0,0,14947.7,454,0,0,0,0
"2234",2024-06-08,18,0,12959.7,448,0,0,33.0701327433628,0,0,14947.7,454,0,0,0,0
"2235",2024-06-08,18,5,12110.7,445,0,0,33.0701327433628,0,0,14947.7,454,0,0,0,0
"2236",2024-06-08,18,10,12974.7,449,0,0,33.0701327433628,0,0,14947.7,454,0,0,0,0
"2237",2024-06-08,18,15,13532.7,454,0,0,33.0701327433628,0,0,14947.7,454,0,0,0,0
"2238",2024-06-08,18,20,13804.7,452,0,0,33.0701327433628,0,0,14947.7,454,0,0,0,0
"2239",2024-06-08,18,25,14189.7,451,0,0,33.0701327433628,0,0,14947.7,454,0,0,0,0
"2240",2024-06-08,18,30,12533.7,447,0,0,33.0701327433628,0,0,14947.7,454,0,0,0,0
"2241",2024-06-08,18,35,12326.7,375,0,0,33.0701327433628,0,0,14947.7,454,0,0,0,0
"2242",2024-06-08,18,40,14726.7,448,0,0,33.0701327433628,0,0,14947.7,454,0,0,0,0
"2243",2024-06-08,18,45,14420.7,449,0,0,33.0701327433628,0,0,14947.7,454,0,0,0,0
"2244",2024-06-08,18,50,14947.7,452,0,0,33.0701327433628,0,0,14947.7,454,0,0,0,0
"2245",2024-06-08,19,0,13950.7,449,0,0,31.120871559633,0,0,13950.7,451,0,0,0,0
"2246",2024-06-08,19,5,13837.7,451,0,0,31.120871559633,0,0,13950.7,451,0,0,0,0
"2247",2024-06-08,19,10,13581.7,447,0,0,31.120871559633,0,0,13950.7,451,0,0,0,0
"2248",2024-06-08,19,15,12948.7,446,0,0,31.120871559633,0,0,13950.7,451,0,0,0,0
"2249",2024-06-08,19,20,13220.7,447,0,0,31.120871559633,0,0,13950.7,451,0,0,0,0
"2250",2024-06-08,19,25,13260.7,445,0,0,31.120871559633,0,0,13950.7,451,0,0,0,0
"2251",2024-06-08,19,30,13882.7,448,0,0,31.120871559633,0,0,13950.7,451,0,0,0,0
"2252",2024-06-08,19,35,13568.7,436,0,0,31.120871559633,0,0,13950.7,451,0,0,0,0
"2253",2024-06-08,19,40,13350.7,431,0,0,31.120871559633,0,0,13950.7,451,0,0,0,0
"2254",2024-06-08,19,45,12822.7,430,0,0,31.120871559633,0,0,13950.7,451,0,0,0,0
"2255",2024-06-08,19,50,12511.7,429,0,0,31.120871559633,0,0,13950.7,451,0,0,0,0
"2256",2024-06-08,19,55,12165.7,423,0,0,31.120871559633,0,0,13950.7,451,0,0,0,0
"2257",2024-06-08,20,0,12233.7,423,0,0,28.9212765957447,0,0,12233.7,423,0,0,0,0
"2258",2024-06-08,20,5,11600.7,423,0,0,28.9212765957447,0,0,12233.7,423,0,0,0,0
"2259",2024-06-08,20,10,10558.7,418,0,0,28.9212765957447,0,0,12233.7,423,0,0,0,0
"2260",2024-06-08,20,15,11082.7,422,0,0,28.9212765957447,0,0,12233.7,423,0,0,0,0
"2261",2024-06-08,20,20,10858.7,420,0,0,28.9212765957447,0,0,12233.7,423,0,0,0,0
"2262",2024-06-08,20,25,11147.7,421,0,0,28.9212765957447,0,0,12233.7,423,0,0,0,0
"2263",2024-06-08,20,30,11250.7,422,0,0,28.9212765957447,0,0,12233.7,423,0,0,0,0
"2264",2024-06-08,20,35,10955.7,411,0,0,28.9212765957447,0,0,12233.7,423,0,0,0,0
"2265",2024-06-08,20,40,10891.7,408,0,0,28.9212765957447,0,0,12233.7,423,0,0,0,0
"2266",2024-06-08,20,45,10818.7,409,0,0,28.9212765957447,0,0,12233.7,423,0,0,0,0
"2267",2024-06-08,20,50,10895.7,413,0,0,28.9212765957447,0,0,12233.7,423,0,0,0,0
"2268",2024-06-08,20,55,10906.7,414,0,0,28.9212765957447,0,0,12233.7,423,0,0,0,0
"2269",2024-06-08,21,0,10983.7,417,0,0,30.4104761904762,0,0,12772.4,420,0,0,0,0
"2270",2024-06-08,21,5,10175.7,410,0,0,30.4104761904762,0,0,12772.4,420,0,0,0,0
"2271",2024-06-08,21,10,9900.7,411,0,0,30.4104761904762,0,0,12772.4,420,0,0,0,0
"2272",2024-06-08,21,15,9578.7,409,0,0,30.4104761904762,0,0,12772.4,420,0,0,0,0
"2273",2024-06-08,21,20,10072.4,407,0,0,30.4104761904762,0,0,12772.4,420,0,0,0,0
"2274",2024-06-08,21,25,10531.4,409,0,0,30.4104761904762,0,0,12772.4,420,0,0,0,0
"2275",2024-06-08,21,30,11441.4,412,0,0,30.4104761904762,0,0,12772.4,420,0,0,0,0
"2276",2024-06-08,21,35,12772.4,420,0,0,30.4104761904762,0,0,12772.4,420,0,0,0,0
"2277",2024-06-08,21,40,12290.1,416,0,0,30.4104761904762,0,0,12772.4,420,0,0,0,0
"2278",2024-06-08,21,45,12317.1,418,0,0,30.4104761904762,0,0,12772.4,420,0,0,0,0
"2279",2024-06-08,21,50,12647.1,419,0,0,30.4104761904762,0,0,12772.4,420,0,0,0,0
"2280",2024-06-08,21,55,12581.1,415,0,0,30.4104761904762,0,0,12772.4,420,0,0,0,0
"2281",2024-06-08,22,0,11905.1,413,0,0,28.8259079903148,0,0,11905.1,413,0,0,0,0
"2282",2024-06-08,22,5,11041.1,406,0,0,28.8259079903148,0,0,11905.1,413,0,0,0,0
"2283",2024-06-08,22,10,10486.1,401,0,0,28.8259079903148,0,0,11905.1,413,0,0,0,0
"2284",2024-06-08,22,15,10436.1,400,0,0,28.8259079903148,0,0,11905.1,413,0,0,0,0
"2285",2024-06-08,22,20,10158.1,400,0,0,28.8259079903148,0,0,11905.1,413,0,0,0,0
"2286",2024-06-08,22,25,10180.1,401,0,0,28.8259079903148,0,0,11905.1,413,0,0,0,0
"2287",2024-06-08,22,30,10466.1,401,0,0,28.8259079903148,0,0,11905.1,413,0,0,0,0
"2288",2024-06-08,22,35,10916.1,401,0,0,28.8259079903148,0,0,11905.1,413,0,0,0,0
"2289",2024-06-08,22,40,11288.1,404,0,0,28.8259079903148,0,0,11905.1,413,0,0,0,0
"2290",2024-06-08,22,45,11054.1,406,0,0,28.8259079903148,0,0,11905.1,413,0,0,0,0
"2291",2024-06-08,22,50,11032.1,405,0,0,28.8259079903148,0,0,11905.1,413,0,0,0,0
"2292",2024-06-08,22,55,10582.1,403,0,0,28.8259079903148,0,0,11905.1,413,0,0,0,0
"2293",2024-06-08,23,0,10788.1,401,0,0,29.0061381074169,0,0,11341.4,401,0,0,0,0
"2294",2024-06-08,23,5,8492.1,381,0,0,29.0061381074169,0,0,11341.4,401,0,0,0,0
"2295",2024-06-08,23,10,10467.1,390,0,0,29.0061381074169,0,0,11341.4,401,0,0,0,0
"2296",2024-06-08,23,15,10691.1,393,0,0,29.0061381074169,0,0,11341.4,401,0,0,0,0
"2297",2024-06-08,23,20,10386.1,390,0,0,29.0061381074169,0,0,11341.4,401,0,0,0,0
"2298",2024-06-08,23,25,11062.1,391,0,0,29.0061381074169,0,0,11341.4,401,0,0,0,0
"2299",2024-06-08,23,30,10173.1,389,0,0,29.0061381074169,0,0,11341.4,401,0,0,0,0
"2300",2024-06-08,23,35,10760.1,391,0,0,29.0061381074169,0,0,11341.4,401,0,0,0,0
"2301",2024-06-08,23,40,10850.4,389,0,0,29.0061381074169,0,0,11341.4,401,0,0,0,0
"2302",2024-06-08,23,45,10850.4,389,0,0,29.0061381074169,0,0,11341.4,401,0,0,0,0
"2303",2024-06-08,23,50,11172.4,391,0,0,29.0061381074169,0,0,11341.4,401,0,0,0,0
"2304",2024-06-08,23,55,11341.4,391,0,0,29.0061381074169,0,0,11341.4,401,0,0,0,0
"2305",2024-06-09,0,0,7236.7,297,0,0,24.3659932659933,0,0,7236.7,297,0,0,0,0
"2306",2024-06-09,0,5,6828.7,296,0,0,24.3659932659933,0,0,7236.7,297,0,0,0,0
"2307",2024-06-09,0,10,6806.7,295,0,0,24.3659932659933,0,0,7236.7,297,0,0,0,0
"2308",2024-06-09,0,15,6484.7,293,0,0,24.3659932659933,0,0,7236.7,297,0,0,0,0
"2309",2024-06-09,0,20,6745.7,294,0,0,24.3659932659933,0,0,7236.7,297,0,0,0,0
"2310",2024-06-09,0,25,6955.7,291,0,0,24.3659932659933,0,0,7236.7,297,0,0,0,0
"2311",2024-06-09,0,30,6979.7,292,0,0,24.3659932659933,0,0,7236.7,297,0,0,0,0
"2312",2024-06-09,0,35,6525.7,283,0,0,24.3659932659933,0,0,7236.7,297,0,0,0,0
"2313",2024-06-09,0,40,6225.7,282,0,0,24.3659932659933,0,0,7236.7,297,0,0,0,0
"2314",2024-06-09,0,45,6818.4,284,0,0,24.3659932659933,0,0,7236.7,297,0,0,0,0
"2315",2024-06-09,0,50,6540.4,284,0,0,24.3659932659933,0,0,7236.7,297,0,0,0,0
"2316",2024-06-09,0,55,6840.4,285,0,0,24.3659932659933,0,0,7236.7,297,0,0,0,0
"2317",2024-06-09,1,0,7222.4,287,0,0,25.1651567944251,0,0,7222.4,287,0,0,0,0
"2318",2024-06-09,1,5,6941.4,282,0,0,25.1651567944251,0,0,7222.4,287,0,0,0,0
"2319",2024-06-09,1,10,6919.4,281,0,0,25.1651567944251,0,0,7222.4,287,0,0,0,0
"2320",2024-06-09,1,15,6619.4,279,0,0,25.1651567944251,0,0,7222.4,287,0,0,0,0
"2321",2024-06-09,1,20,6319.4,278,0,0,25.1651567944251,0,0,7222.4,287,0,0,0,0
"2322",2024-06-09,1,25,6597.4,278,0,0,25.1651567944251,0,0,7222.4,287,0,0,0,0
"2323",2024-06-09,1,30,6553.4,276,0,0,25.1651567944251,0,0,7222.4,287,0,0,0,0
"2324",2024-06-09,1,35,6042.4,273,0,0,25.1651567944251,0,0,7222.4,287,0,0,0,0
"2325",2024-06-09,1,40,6020.4,272,0,0,25.1651567944251,0,0,7222.4,287,0,0,0,0
"2326",2024-06-09,1,45,6276.4,271,0,0,25.1651567944251,0,0,7222.4,287,0,0,0,0
"2327",2024-06-09,1,50,6276.4,271,0,0,25.1651567944251,0,0,7222.4,287,0,0,0,0
"2328",2024-06-09,1,55,5954.4,269,0,0,25.1651567944251,0,0,7222.4,287,0,0,0,0
"2329",2024-06-09,2,0,6812.7,332,0,0,22.5506060606061,0,0,7441.7,332,0,0,0,0
"2330",2024-06-09,2,5,6775.7,329,0,0,22.5506060606061,0,0,7441.7,332,0,0,0,0
"2331",2024-06-09,2,10,6595.7,328,0,0,22.5506060606061,0,0,7441.7,332,0,0,0,0
"2332",2024-06-09,2,15,6813.7,327,0,0,22.5506060606061,0,0,7441.7,332,0,0,0,0
"2333",2024-06-09,2,20,7097.7,329,0,0,22.5506060606061,0,0,7441.7,332,0,0,0,0
"2334",2024-06-09,2,25,7441.7,330,0,0,22.5506060606061,0,0,7441.7,332,0,0,0,0
"2335",2024-06-09,2,30,7163.7,330,0,0,22.5506060606061,0,0,7441.7,332,0,0,0,0
"2336",2024-06-09,2,35,6453.7,322,0,0,22.5506060606061,0,0,7441.7,332,0,0,0,0
"2337",2024-06-09,2,40,6633.7,323,0,0,22.5506060606061,0,0,7441.7,332,0,0,0,0
"2338",2024-06-09,2,45,6861.7,322,0,0,22.5506060606061,0,0,7441.7,332,0,0,0,0
"2339",2024-06-09,2,50,6839.7,321,0,0,22.5506060606061,0,0,7441.7,332,0,0,0,0
"2340",2024-06-09,2,55,6883.7,321,0,0,22.5506060606061,0,0,7441.7,332,0,0,0,0
"2341",2024-06-09,3,0,7202,322,0,0,23.1379310344828,0,0,7381,322,0,0,0,0
"2342",2024-06-09,3,5,7191,321,0,0,23.1379310344828,0,0,7381,322,0,0,0,0
"2343",2024-06-09,3,10,7169,320,0,0,23.1379310344828,0,0,7381,322,0,0,0,0
"2344",2024-06-09,3,15,7381,319,0,0,23.1379310344828,0,0,7381,322,0,0,0,0
"2345",2024-06-09,3,20,7081,318,0,0,23.1379310344828,0,0,7381,322,0,0,0,0
"2346",2024-06-09,3,25,7081,318,0,0,23.1379310344828,0,0,7381,322,0,0,0,0
"2347",2024-06-09,3,30,7103,319,0,0,23.1379310344828,0,0,7381,322,0,0,0,0
"2348",2024-06-09,3,35,6555,314,0,0,23.1379310344828,0,0,7381,322,0,0,0,0
"2349",2024-06-09,3,40,6533,313,0,0,23.1379310344828,0,0,7381,322,0,0,0,0
"2350",2024-06-09,3,45,6533,313,0,0,23.1379310344828,0,0,7381,322,0,0,0,0
"2351",2024-06-09,3,50,6915,315,0,0,23.1379310344828,0,0,7381,322,0,0,0,0
"2352",2024-06-09,3,55,6915,315,0,0,23.1379310344828,0,0,7381,322,0,0,0,0
"2353",2024-06-09,4,0,6915,315,0,0,21.952380952381,0,0,6915,315,0,0,0,0
"2354",2024-06-09,4,5,6538,314,0,0,21.952380952381,0,0,6915,315,0,0,0,0
"2355",2024-06-09,4,10,6516,313,0,0,21.952380952381,0,0,6915,315,0,0,0,0
"2356",2024-06-09,4,15,6472,311,0,0,21.952380952381,0,0,6915,315,0,0,0,0
"2357",2024-06-09,4,20,6472,311,0,0,21.952380952381,0,0,6915,315,0,0,0,0
"2358",2024-06-09,4,25,6428,309,0,0,21.952380952381,0,0,6915,315,0,0,0,0
"2359",2024-06-09,4,30,6466,309,0,0,21.952380952381,0,0,6915,315,0,0,0,0
"2360",2024-06-09,4,35,6488,310,0,0,21.952380952381,0,0,6915,315,0,0,0,0
"2361",2024-06-09,4,40,6488,310,0,0,21.952380952381,0,0,6915,315,0,0,0,0
"2362",2024-06-09,4,45,6488,310,0,0,21.952380952381,0,0,6915,315,0,0,0,0
"2363",2024-06-09,4,50,6488,310,0,0,21.952380952381,0,0,6915,315,0,0,0,0
"2364",2024-06-09,4,55,6510,311,0,0,21.952380952381,0,0,6915,315,0,0,0,0
"2365",2024-06-09,5,0,6510,311,0,0,21.1838709677419,0,0,6567,311,0,0,0,0
"2366",2024-06-09,5,5,6477,310,0,0,21.1838709677419,0,0,6567,311,0,0,0,0
"2367",2024-06-09,5,10,6477,310,0,0,21.1838709677419,0,0,6567,311,0,0,0,0
"2368",2024-06-09,5,15,6477,310,0,0,21.1838709677419,0,0,6567,311,0,0,0,0
"2369",2024-06-09,5,20,6417,309,0,0,21.1838709677419,0,0,6567,311,0,0,0,0
"2370",2024-06-09,5,25,6417,309,0,0,21.1838709677419,0,0,6567,311,0,0,0,0
"2371",2024-06-09,5,30,6417,309,0,0,21.1838709677419,0,0,6567,311,0,0,0,0
"2372",2024-06-09,5,35,6567,310,0,0,21.1838709677419,0,0,6567,311,0,0,0,0
"2373",2024-06-09,5,40,6567,310,0,0,21.1838709677419,0,0,6567,311,0,0,0,0
"2374",2024-06-09,5,45,6567,310,0,0,21.1838709677419,0,0,6567,311,0,0,0,0
"2375",2024-06-09,5,50,6567,310,0,0,21.1838709677419,0,0,6567,311,0,0,0,0
"2376",2024-06-09,5,55,6567,310,0,0,21.1838709677419,0,0,6567,311,0,0,0,0
"2377",2024-06-09,6,0,6567,310,0,0,22.4322580645161,0,0,6954,314,0,0,0,0
"2378",2024-06-09,6,5,6534,308,0,0,22.4322580645161,0,0,6954,314,0,0,0,0
"2379",2024-06-09,6,10,6534,308,0,0,22.4322580645161,0,0,6954,314,0,0,0,0
"2380",2024-06-09,6,15,6834,309,0,0,22.4322580645161,0,0,6954,314,0,0,0,0
"2381",2024-06-09,6,20,6954,310,0,0,22.4322580645161,0,0,6954,314,0,0,0,0
"2382",2024-06-09,6,25,6654,309,0,0,22.4322580645161,0,0,6954,314,0,0,0,0
"2383",2024-06-09,6,30,6676,310,0,0,22.4322580645161,0,0,6954,314,0,0,0,0
"2384",2024-06-09,6,35,6870,313,0,0,22.4322580645161,0,0,6954,314,0,0,0,0
"2385",2024-06-09,6,40,6870,313,0,0,22.4322580645161,0,0,6954,314,0,0,0,0
"2386",2024-06-09,6,45,6881,314,0,0,22.4322580645161,0,0,6954,314,0,0,0,0
"2387",2024-06-09,6,50,6761,313,0,0,22.4322580645161,0,0,6954,314,0,0,0,0
"2388",2024-06-09,6,55,6827,314,0,0,22.4322580645161,0,0,6954,314,0,0,0,0
"2389",2024-06-09,7,0,6761,313,0,0,22.1157556270096,0,0,6900,313,0,0,0,0
"2390",2024-06-09,7,5,6900,312,0,0,22.1157556270096,0,0,6900,313,0,0,0,0
"2391",2024-06-09,7,10,6900,312,0,0,22.1157556270096,0,0,6900,313,0,0,0,0
"2392",2024-06-09,7,15,6900,312,0,0,22.1157556270096,0,0,6900,313,0,0,0,0
"2393",2024-06-09,7,20,6900,312,0,0,22.1157556270096,0,0,6900,313,0,0,0,0
"2394",2024-06-09,7,25,6900,312,0,0,22.1157556270096,0,0,6900,313,0,0,0,0
"2395",2024-06-09,7,30,6900,312,0,0,22.1157556270096,0,0,6900,313,0,0,0,0
"2396",2024-06-09,7,35,6878,311,0,0,22.1157556270096,0,0,6900,313,0,0,0,0
"2397",2024-06-09,7,40,6900,312,0,0,22.1157556270096,0,0,6900,313,0,0,0,0
"2398",2024-06-09,7,45,6834,311,0,0,22.1157556270096,0,0,6900,313,0,0,0,0
"2399",2024-06-09,7,50,6534,310,0,0,22.1157556270096,0,0,6900,313,0,0,0,0
"2400",2024-06-09,7,55,6856,312,0,0,22.1157556270096,0,0,6900,313,0,0,0,0
"2401",2024-06-09,8,0,6556,311,0,0,21.9047619047619,0,0,6900,315,0,0,0,0
"2402",2024-06-09,8,5,6878,314,0,0,21.9047619047619,0,0,6900,315,0,0,0,0
"2403",2024-06-09,8,10,6578,313,0,0,21.9047619047619,0,0,6900,315,0,0,0,0
"2404",2024-06-09,8,15,6900,315,0,0,21.9047619047619,0,0,6900,315,0,0,0,0
"2405",2024-06-09,8,20,6578,313,0,0,21.9047619047619,0,0,6900,315,0,0,0,0
"2406",2024-06-09,8,25,6578,313,0,0,21.9047619047619,0,0,6900,315,0,0,0,0
"2407",2024-06-09,8,30,6834,312,0,0,21.9047619047619,0,0,6900,315,0,0,0,0
"2408",2024-06-09,8,35,6823,312,0,0,21.9047619047619,0,0,6900,315,0,0,0,0
"2409",2024-06-09,8,40,6823,312,0,0,21.9047619047619,0,0,6900,315,0,0,0,0
"2410",2024-06-09,8,45,6545,312,0,0,21.9047619047619,0,0,6900,315,0,0,0,0
"2411",2024-06-09,8,50,6545,312,0,0,21.9047619047619,0,0,6900,315,0,0,0,0
"2412",2024-06-09,8,55,6845,313,0,0,21.9047619047619,0,0,6900,315,0,0,0,0
"2413",2024-06-09,9,0,6845,313,0,0,22.4975683890578,0,0,7401.7,330,0,0,0,0
"2414",2024-06-09,9,5,7010,318,0,0,22.4975683890578,0,0,7401.7,330,0,0,0,0
"2415",2024-06-09,9,10,7013.7,319,0,0,22.4975683890578,0,0,7401.7,330,0,0,0,0
"2416",2024-06-09,9,15,6735.7,319,0,0,22.4975683890578,0,0,7401.7,330,0,0,0,0
"2417",2024-06-09,9,20,6757.7,320,0,0,22.4975683890578,0,0,7401.7,330,0,0,0,0
"2418",2024-06-09,9,25,6757.7,320,0,0,22.4975683890578,0,0,7401.7,330,0,0,0,0
"2419",2024-06-09,9,30,6768.7,321,0,0,22.4975683890578,0,0,7401.7,330,0,0,0,0
"2420",2024-06-09,9,35,6941.7,325,0,0,22.4975683890578,0,0,7401.7,330,0,0,0,0
"2421",2024-06-09,9,40,6974.7,328,0,0,22.4975683890578,0,0,7401.7,330,0,0,0,0
"2422",2024-06-09,9,45,7156.7,330,0,0,22.4975683890578,0,0,7401.7,330,0,0,0,0
"2423",2024-06-09,9,50,7090.7,327,0,0,22.4975683890578,0,0,7401.7,330,0,0,0,0
"2424",2024-06-09,9,55,7401.7,329,0,0,22.4975683890578,0,0,7401.7,330,0,0,0,0
"2425",2024-06-09,10,0,7401.7,329,0,0,25.3151975683891,0,0,8442.7,339,0,0,0,0
"2426",2024-06-09,10,5,8028.7,328,0,0,25.3151975683891,0,0,8442.7,339,0,0,0,0
"2427",2024-06-09,10,10,8328.7,329,0,0,25.3151975683891,0,0,8442.7,339,0,0,0,0
"2428",2024-06-09,10,15,8083.7,332,0,0,25.3151975683891,0,0,8442.7,339,0,0,0,0
"2429",2024-06-09,10,20,8394.7,333,0,0,25.3151975683891,0,0,8442.7,339,0,0,0,0
"2430",2024-06-09,10,25,8376.7,334,0,0,25.3151975683891,0,0,8442.7,339,0,0,0,0
"2431",2024-06-09,10,30,8442.7,337,0,0,25.3151975683891,0,0,8442.7,339,0,0,0,0
"2432",2024-06-09,10,35,7775.7,335,0,0,25.3151975683891,0,0,8442.7,339,0,0,0,0
"2433",2024-06-09,10,40,7775.7,335,0,0,25.3151975683891,0,0,8442.7,339,0,0,0,0
"2434",2024-06-09,10,45,8064.7,336,0,0,25.3151975683891,0,0,8442.7,339,0,0,0,0
"2435",2024-06-09,10,50,8408.7,339,0,0,25.3151975683891,0,0,8442.7,339,0,0,0,0
"2436",2024-06-09,10,55,8375.7,337,0,0,25.3151975683891,0,0,8442.7,339,0,0,0,0
"2437",2024-06-09,11,0,8481.4,341,0,0,30.0727272727273,0,0,10916.4,363,0,0,0,0
"2438",2024-06-09,11,5,9453.4,345,0,0,30.0727272727273,0,0,10916.4,363,0,0,0,0
"2439",2024-06-09,11,10,9638.4,344,0,0,30.0727272727273,0,0,10916.4,363,0,0,0,0
"2440",2024-06-09,11,15,9627.4,344,0,0,30.0727272727273,0,0,10916.4,363,0,0,0,0
"2441",2024-06-09,11,20,9616.4,344,0,0,30.0727272727273,0,0,10916.4,363,0,0,0,0
"2442",2024-06-09,11,25,9452.4,347,0,0,30.0727272727273,0,0,10916.4,363,0,0,0,0
"2443",2024-06-09,11,30,9676.4,350,0,0,30.0727272727273,0,0,10916.4,363,0,0,0,0
"2444",2024-06-09,11,35,10045.4,354,0,0,30.0727272727273,0,0,10916.4,363,0,0,0,0
"2445",2024-06-09,11,40,9693.4,352,0,0,30.0727272727273,0,0,10916.4,363,0,0,0,0
"2446",2024-06-09,11,45,9730.4,355,0,0,30.0727272727273,0,0,10916.4,363,0,0,0,0
"2447",2024-06-09,11,50,10225.4,355,0,0,30.0727272727273,0,0,10916.4,363,0,0,0,0
"2448",2024-06-09,11,55,10916.4,363,0,0,30.0727272727273,0,0,10916.4,363,0,0,0,0
"2449",2024-06-09,12,0,11221.4,366,0,0,30.6595628415301,0,0,11949.7,398,0,0,0,0
"2450",2024-06-09,12,5,9881.4,369,0,0,30.6595628415301,0,0,11949.7,398,0,0,0,0
"2451",2024-06-09,12,10,9720.4,368,0,0,30.6595628415301,0,0,11949.7,398,0,0,0,0
"2452",2024-06-09,12,15,9639.7,366,0,0,30.6595628415301,0,0,11949.7,398,0,0,0,0
"2453",2024-06-09,12,20,9504.7,373,0,0,30.6595628415301,0,0,11949.7,398,0,0,0,0
"2454",2024-06-09,12,25,9918.7,376,0,0,30.6595628415301,0,0,11949.7,398,0,0,0,0
"2455",2024-06-09,12,30,9325.7,380,0,0,30.6595628415301,0,0,11949.7,398,0,0,0,0
"2456",2024-06-09,12,35,9391.7,384,0,0,30.6595628415301,0,0,11949.7,398,0,0,0,0
"2457",2024-06-09,12,40,10013.7,388,0,0,30.6595628415301,0,0,11949.7,398,0,0,0,0
"2458",2024-06-09,12,45,11074.7,392,0,0,30.6595628415301,0,0,11949.7,398,0,0,0,0
"2459",2024-06-09,12,50,11949.7,398,0,0,30.6595628415301,0,0,11949.7,398,0,0,0,0
"2460",2024-06-09,12,55,11894.7,396,0,0,30.6595628415301,0,0,11949.7,398,0,0,0,0
"2461",2024-06-09,13,25,13941.7,438,0,0,31.8303652968037,0,0,14822.7,469,0,0,0,0
"2462",2024-06-09,13,30,13368.7,439,0,0,31.8303652968037,0,0,14822.7,469,0,0,0,0
"2463",2024-06-09,13,35,14561.7,464,0,0,31.8303652968037,0,0,14822.7,469,0,0,0,0
"2464",2024-06-09,13,40,14660.7,469,0,0,31.8303652968037,0,0,14822.7,469,0,0,0,0
"2465",2024-06-09,13,45,13849.7,464,0,0,31.8303652968037,0,0,14822.7,469,0,0,0,0
"2466",2024-06-09,13,50,14201.7,467,0,0,31.8303652968037,0,0,14822.7,469,0,0,0,0
"2467",2024-06-09,13,55,14822.7,468,0,0,31.8303652968037,0,0,14822.7,469,0,0,0,0
"2468",2024-06-09,13,5,13299.7,428,0,0,31.8303652968037,0,0,14822.7,469,0,0,0,0
"2469",2024-06-09,13,10,12067.7,425,0,0,31.8303652968037,0,0,14822.7,469,0,0,0,0
"2470",2024-06-09,13,15,12996.7,428,0,0,31.8303652968037,0,0,14822.7,469,0,0,0,0
"2471",2024-06-09,13,20,12718.7,429,0,0,31.8303652968037,0,0,14822.7,469,0,0,0,0
"2472",2024-06-09,13,0,11627.7,397,0,0,31.8303652968037,0,0,14822.7,469,0,0,0,0
"2473",2024-06-09,14,0,14202.7,464,0,0,31.8528662420382,0,0,15002.7,482,0,0,0,0
"2474",2024-06-09,14,5,14611.7,471,0,0,31.8528662420382,0,0,15002.7,482,0,0,0,0
"2475",2024-06-09,14,10,15002.7,471,0,0,31.8528662420382,0,0,15002.7,482,0,0,0,0
"2476",2024-06-09,14,15,14499.7,473,0,0,31.8528662420382,0,0,15002.7,482,0,0,0,0
"2477",2024-06-09,14,20,14206.7,471,0,0,31.8528662420382,0,0,15002.7,482,0,0,0,0
"2478",2024-06-09,14,25,13571.7,466,0,0,31.8528662420382,0,0,15002.7,482,0,0,0,0
"2479",2024-06-09,14,30,14460.7,467,0,0,31.8528662420382,0,0,15002.7,482,0,0,0,0
"2480",2024-06-09,14,35,14466.3,474,0,0,31.8528662420382,0,0,15002.7,482,0,0,0,0
"2481",2024-06-09,14,40,14599.3,476,0,0,31.8528662420382,0,0,15002.7,482,0,0,0,0
"2482",2024-06-09,14,45,14477.3,475,0,0,31.8528662420382,0,0,15002.7,482,0,0,0,0
"2483",2024-06-09,14,50,14533.3,477,0,0,31.8528662420382,0,0,15002.7,482,0,0,0,0
"2484",2024-06-09,14,55,14828.3,482,0,0,31.8528662420382,0,0,15002.7,482,0,0,0,0
"2485",2024-06-09,15,0,15135.3,479,0,0,31.5977035490605,0,0,15298,492,0,0,0,0
"2486",2024-06-09,15,5,14938.3,477,0,0,31.5977035490605,0,0,15298,492,0,0,0,0
"2487",2024-06-09,15,10,13464.3,470,0,0,31.5977035490605,0,0,15298,492,0,0,0,0
"2488",2024-06-09,15,15,14423,476,0,0,31.5977035490605,0,0,15298,492,0,0,0,0
"2489",2024-06-09,15,20,14941,477,0,0,31.5977035490605,0,0,15298,492,0,0,0,0
"2490",2024-06-09,15,25,14033,479,0,0,31.5977035490605,0,0,15298,492,0,0,0,0
"2491",2024-06-09,15,30,14074,478,0,0,31.5977035490605,0,0,15298,492,0,0,0,0
"2492",2024-06-09,15,35,14286,486,0,0,31.5977035490605,0,0,15298,492,0,0,0,0
"2493",2024-06-09,15,40,14422,488,0,0,31.5977035490605,0,0,15298,492,0,0,0,0
"2494",2024-06-09,15,45,14638,492,0,0,31.5977035490605,0,0,15298,492,0,0,0,0
"2495",2024-06-09,15,50,14387,489,0,0,31.5977035490605,0,0,15298,492,0,0,0,0
"2496",2024-06-09,15,55,15298,491,0,0,31.5977035490605,0,0,15298,492,0,0,0,0
"2497",2024-06-09,16,0,14174,486,0,0,34.0664543524416,0,0,16108.3,488,0,0,0,0
"2498",2024-06-09,16,5,15208.3,488,0,0,34.0664543524416,0,0,16108.3,488,0,0,0,0
"2499",2024-06-09,16,10,14662.3,480,0,0,34.0664543524416,0,0,16108.3,488,0,0,0,0
"2500",2024-06-09,16,15,14767.3,481,0,0,34.0664543524416,0,0,16108.3,488,0,0,0,0
"2501",2024-06-09,16,20,14363.3,478,0,0,34.0664543524416,0,0,16108.3,488,0,0,0,0
"2502",2024-06-09,16,25,15370.3,480,0,0,34.0664543524416,0,0,16108.3,488,0,0,0,0
"2503",2024-06-09,16,30,16108.3,483,0,0,34.0664543524416,0,0,16108.3,488,0,0,0,0
"2504",2024-06-09,16,35,16045.3,471,0,0,34.0664543524416,0,0,16108.3,488,0,0,0,0
"2505",2024-06-09,16,40,15814.3,467,0,0,34.0664543524416,0,0,16108.3,488,0,0,0,0
"2506",2024-06-09,16,45,15243.3,458,0,0,34.0664543524416,0,0,16108.3,488,0,0,0,0
"2507",2024-06-09,16,50,15068.3,455,0,0,34.0664543524416,0,0,16108.3,488,0,0,0,0
"2508",2024-06-09,16,55,15424.3,456,0,0,34.0664543524416,0,0,16108.3,488,0,0,0,0
"2509",2024-06-09,17,0,15720.3,459,0,0,34.2490196078431,0,0,15720.3,459,0,0,0,0
"2510",2024-06-09,17,5,14482.3,458,0,0,34.2490196078431,0,0,15720.3,459,0,0,0,0
"2511",2024-06-09,17,10,13714.6,452,0,0,34.2490196078431,0,0,15720.3,459,0,0,0,0
"2512",2024-06-09,17,15,13270.6,454,0,0,34.2490196078431,0,0,15720.3,459,0,0,0,0
"2513",2024-06-09,17,20,13817.6,454,0,0,34.2490196078431,0,0,15720.3,459,0,0,0,0
"2514",2024-06-09,17,25,12881.6,446,0,0,34.2490196078431,0,0,15720.3,459,0,0,0,0
"2515",2024-06-09,17,30,12777.6,447,0,0,34.2490196078431,0,0,15720.3,459,0,0,0,0
"2516",2024-06-09,17,35,13786.6,449,0,0,34.2490196078431,0,0,15720.3,459,0,0,0,0
"2517",2024-06-09,17,40,13429.6,447,0,0,34.2490196078431,0,0,15720.3,459,0,0,0,0
"2518",2024-06-09,17,45,13299.3,451,0,0,34.2490196078431,0,0,15720.3,459,0,0,0,0
"2519",2024-06-09,17,50,13217.3,446,0,0,34.2490196078431,0,0,15720.3,459,0,0,0,0
"2520",2024-06-09,17,55,13512.3,445,0,0,34.2490196078431,0,0,15720.3,459,0,0,0,0
"2521",2024-06-09,18,0,13436.3,447,0,0,31.6673333333333,0,0,14250.3,452,0,0,0,0
"2522",2024-06-09,18,5,14246.3,450,0,0,31.6673333333333,0,0,14250.3,452,0,0,0,0
"2523",2024-06-09,18,10,14125.3,447,0,0,31.6673333333333,0,0,14250.3,452,0,0,0,0
"2524",2024-06-09,18,15,14250.3,450,0,0,31.6673333333333,0,0,14250.3,452,0,0,0,0
"2525",2024-06-09,18,20,14026,452,0,0,31.6673333333333,0,0,14250.3,452,0,0,0,0
"2526",2024-06-09,18,25,13939,450,0,0,31.6673333333333,0,0,14250.3,452,0,0,0,0
"2527",2024-06-09,18,30,13740.7,446,0,0,31.6673333333333,0,0,14250.3,452,0,0,0,0
"2528",2024-06-09,18,35,12386.7,435,0,0,31.6673333333333,0,0,14250.3,452,0,0,0,0
"2529",2024-06-09,18,40,11097.7,430,0,0,31.6673333333333,0,0,14250.3,452,0,0,0,0
"2530",2024-06-09,18,45,10945.7,429,0,0,31.6673333333333,0,0,14250.3,452,0,0,0,0
"2531",2024-06-09,18,50,11338.7,434,0,0,31.6673333333333,0,0,14250.3,452,0,0,0,0
"2532",2024-06-09,18,55,12088.7,438,0,0,31.6673333333333,0,0,14250.3,452,0,0,0,0
"2533",2024-06-09,19,0,12163.7,436,0,0,35.1385514018692,0,0,15039.3,436,0,0,0,0
"2534",2024-06-09,19,5,13069.7,422,0,0,35.1385514018692,0,0,15039.3,436,0,0,0,0
"2535",2024-06-09,19,10,13096.1,421,0,0,35.1385514018692,0,0,15039.3,436,0,0,0,0
"2536",2024-06-09,19,15,13384.1,420,0,0,35.1385514018692,0,0,15039.3,436,0,0,0,0
"2537",2024-06-09,19,20,13678.1,419,0,0,35.1385514018692,0,0,15039.3,436,0,0,0,0
"2538",2024-06-09,19,25,15039.3,428,0,0,35.1385514018692,0,0,15039.3,436,0,0,0,0
"2539",2024-06-09,19,30,13573.3,418,0,0,35.1385514018692,0,0,15039.3,436,0,0,0,0
"2540",2024-06-09,19,35,11759.3,403,0,0,35.1385514018692,0,0,15039.3,436,0,0,0,0
"2541",2024-06-09,19,40,12316.3,403,0,0,35.1385514018692,0,0,15039.3,436,0,0,0,0
"2542",2024-06-09,19,45,12095.3,400,0,0,35.1385514018692,0,0,15039.3,436,0,0,0,0
"2543",2024-06-09,19,50,11608.3,398,0,0,35.1385514018692,0,0,15039.3,436,0,0,0,0
"2544",2024-06-09,19,55,12036.3,399,0,0,35.1385514018692,0,0,15039.3,436,0,0,0,0
"2545",2024-06-09,20,0,11404,395,0,0,31.7005291005291,0,0,11982.8,395,0,0,0,0
"2546",2024-06-09,20,5,11970,389,0,0,31.7005291005291,0,0,11982.8,395,0,0,0,0
"2547",2024-06-09,20,10,11564,383,0,0,31.7005291005291,0,0,11982.8,395,0,0,0,0
"2548",2024-06-09,20,15,11684.8,382,0,0,31.7005291005291,0,0,11982.8,395,0,0,0,0
"2549",2024-06-09,20,20,11982.8,378,0,0,31.7005291005291,0,0,11982.8,395,0,0,0,0
"2550",2024-06-09,20,25,11061.8,372,0,0,31.7005291005291,0,0,11982.8,395,0,0,0,0
"2551",2024-06-09,20,30,11582.8,377,0,0,31.7005291005291,0,0,11982.8,395,0,0,0,0
"2552",2024-06-09,20,35,11070.8,377,0,0,31.7005291005291,0,0,11982.8,395,0,0,0,0
"2553",2024-06-09,20,40,10548.8,373,0,0,31.7005291005291,0,0,11982.8,395,0,0,0,0
"2554",2024-06-09,20,45,9732.8,366,0,0,31.7005291005291,0,0,11982.8,395,0,0,0,0
"2555",2024-06-09,20,50,10552.8,370,0,0,31.7005291005291,0,0,11982.8,395,0,0,0,0
"2556",2024-06-09,20,55,10088.8,364,0,0,31.7005291005291,0,0,11982.8,395,0,0,0,0
"2557",2024-06-09,21,0,10421.8,366,0,0,29.2538028169014,0,0,10491.8,372,0,0,0,0
"2558",2024-06-09,21,5,9866.8,365,0,0,29.2538028169014,0,0,10491.8,372,0,0,0,0
"2559",2024-06-09,21,10,10430.8,370,0,0,29.2538028169014,0,0,10491.8,372,0,0,0,0
"2560",2024-06-09,21,15,10491.8,372,0,0,29.2538028169014,0,0,10491.8,372,0,0,0,0
"2561",2024-06-09,21,20,10055.1,366,0,0,29.2538028169014,0,0,10491.8,372,0,0,0,0
"2562",2024-06-09,21,25,9945.1,360,0,0,29.2538028169014,0,0,10491.8,372,0,0,0,0
"2563",2024-06-09,21,30,9967.1,361,0,0,29.2538028169014,0,0,10491.8,372,0,0,0,0
"2564",2024-06-09,21,35,9789.1,355,0,0,29.2538028169014,0,0,10491.8,372,0,0,0,0
"2565",2024-06-09,21,40,9417.1,353,0,0,29.2538028169014,0,0,10491.8,372,0,0,0,0
"2566",2024-06-09,21,45,10385.1,355,0,0,29.2538028169014,0,0,10491.8,372,0,0,0,0
"2567",2024-06-09,21,50,9997.1,351,0,0,29.2538028169014,0,0,10491.8,372,0,0,0,0
"2568",2024-06-09,21,55,10213.1,354,0,0,29.2538028169014,0,0,10491.8,372,0,0,0,0
"2569",2024-06-09,22,0,9624.1,354,0,0,28.7154069767442,0,0,9933.1,354,0,0,0,0
"2570",2024-06-09,22,5,9790.1,345,0,0,28.7154069767442,0,0,9933.1,354,0,0,0,0
"2571",2024-06-09,22,10,9933.1,348,0,0,28.7154069767442,0,0,9933.1,354,0,0,0,0
"2572",2024-06-09,22,15,9878.1,344,0,0,28.7154069767442,0,0,9933.1,354,0,0,0,0
"2573",2024-06-09,22,20,9672.1,346,0,0,28.7154069767442,0,0,9933.1,354,0,0,0,0
"2574",2024-06-09,22,25,9657.4,344,0,0,28.7154069767442,0,0,9933.1,354,0,0,0,0
"2575",2024-06-09,22,30,9267.4,342,0,0,28.7154069767442,0,0,9933.1,354,0,0,0,0
"2576",2024-06-09,22,35,8358.4,331,0,0,28.7154069767442,0,0,9933.1,354,0,0,0,0
"2577",2024-06-09,22,40,8927.4,331,0,0,28.7154069767442,0,0,9933.1,354,0,0,0,0
"2578",2024-06-09,22,45,8755.4,329,0,0,28.7154069767442,0,0,9933.1,354,0,0,0,0
"2579",2024-06-09,22,50,9352.4,331,0,0,28.7154069767442,0,0,9933.1,354,0,0,0,0
"2580",2024-06-09,22,55,9118.4,326,0,0,28.7154069767442,0,0,9933.1,354,0,0,0,0
"2581",2024-06-09,23,0,8817.7,324,0,0,27.2151234567901,0,0,8817.7,324,0,0,0,0
"2582",2024-06-09,23,5,7229.7,312,0,0,27.2151234567901,0,0,8817.7,324,0,0,0,0
"2583",2024-06-09,23,10,8107.7,314,0,0,27.2151234567901,0,0,8817.7,324,0,0,0,0
"2584",2024-06-09,23,15,8038,310,0,0,27.2151234567901,0,0,8817.7,324,0,0,0,0
"2585",2024-06-09,23,20,7716,307,0,0,27.2151234567901,0,0,8817.7,324,0,0,0,0
"2586",2024-06-09,23,25,7708,308,0,0,27.2151234567901,0,0,8817.7,324,0,0,0,0
"2587",2024-06-09,23,30,7458,308,0,0,27.2151234567901,0,0,8817.7,324,0,0,0,0
"2588",2024-06-09,23,35,7198,300,0,0,27.2151234567901,0,0,8817.7,324,0,0,0,0
"2589",2024-06-09,23,40,7179.7,300,0,0,27.2151234567901,0,0,8817.7,324,0,0,0,0
"2590",2024-06-09,23,45,7800.7,302,0,0,27.2151234567901,0,0,8817.7,324,0,0,0,0
"2591",2024-06-09,23,50,7716.7,299,0,0,27.2151234567901,0,0,8817.7,324,0,0,0,0
"2592",2024-06-09,23,55,7558.7,299,0,0,27.2151234567901,0,0,8817.7,324,0,0,0,0
"2593",2024-06-10,0,0,8828.4,340,0,0,25.9658823529412,0,0,8828.4,340,0,0,0,0
"2594",2024-06-10,0,5,8290.4,332,0,0,25.9658823529412,0,0,8828.4,340,0,0,0,0
"2595",2024-06-10,0,10,8290.4,332,0,0,25.9658823529412,0,0,8828.4,340,0,0,0,0
"2596",2024-06-10,0,15,7885.4,327,0,0,25.9658823529412,0,0,8828.4,340,0,0,0,0
"2597",2024-06-10,0,20,8207.4,329,0,0,25.9658823529412,0,0,8828.4,340,0,0,0,0
"2598",2024-06-10,0,25,8163.4,327,0,0,25.9658823529412,0,0,8828.4,340,0,0,0,0
"2599",2024-06-10,0,30,8002.4,326,0,0,25.9658823529412,0,0,8828.4,340,0,0,0,0
"2600",2024-06-10,0,35,8069.4,328,0,0,25.9658823529412,0,0,8828.4,340,0,0,0,0
"2601",2024-06-10,0,40,7769.4,327,0,0,25.9658823529412,0,0,8828.4,340,0,0,0,0
"2602",2024-06-10,0,45,7235.4,327,0,0,25.9658823529412,0,0,8828.4,340,0,0,0,0
"2603",2024-06-10,0,50,7213.4,326,0,0,25.9658823529412,0,0,8828.4,340,0,0,0,0
"2604",2024-06-10,0,55,7491.4,326,0,0,25.9658823529412,0,0,8828.4,340,0,0,0,0
"2605",2024-06-10,1,0,7491.4,326,0,0,24.3281553398058,0,0,7517.4,326,0,0,0,0
"2606",2024-06-10,1,5,7190.4,320,0,0,24.3281553398058,0,0,7517.4,326,0,0,0,0
"2607",2024-06-10,1,10,7146.4,318,0,0,24.3281553398058,0,0,7517.4,326,0,0,0,0
"2608",2024-06-10,1,15,7157.4,318,0,0,24.3281553398058,0,0,7517.4,326,0,0,0,0
"2609",2024-06-10,1,20,7058.4,314,0,0,24.3281553398058,0,0,7517.4,326,0,0,0,0
"2610",2024-06-10,1,25,7058.4,314,0,0,24.3281553398058,0,0,7517.4,326,0,0,0,0
"2611",2024-06-10,1,30,7036.4,313,0,0,24.3281553398058,0,0,7517.4,326,0,0,0,0
"2612",2024-06-10,1,35,7026.4,307,0,0,24.3281553398058,0,0,7517.4,326,0,0,0,0
"2613",2024-06-10,1,40,7326.4,308,0,0,24.3281553398058,0,0,7517.4,326,0,0,0,0
"2614",2024-06-10,1,45,7348.4,309,0,0,24.3281553398058,0,0,7517.4,326,0,0,0,0
"2615",2024-06-10,1,50,7348.4,309,0,0,24.3281553398058,0,0,7517.4,326,0,0,0,0
"2616",2024-06-10,1,55,7517.4,309,0,0,24.3281553398058,0,0,7517.4,326,0,0,0,0
"2617",2024-06-10,2,0,5976.4,270,0,0,22.1348148148148,0,0,5976.4,270,0,0,0,0
"2618",2024-06-10,2,5,5899.4,267,0,0,22.1348148148148,0,0,5976.4,270,0,0,0,0
"2619",2024-06-10,2,10,5599.4,266,0,0,22.1348148148148,0,0,5976.4,270,0,0,0,0
"2620",2024-06-10,2,15,5621.4,267,0,0,22.1348148148148,0,0,5976.4,270,0,0,0,0
"2621",2024-06-10,2,20,5621.4,267,0,0,22.1348148148148,0,0,5976.4,270,0,0,0,0
"2622",2024-06-10,2,25,5899.4,267,0,0,22.1348148148148,0,0,5976.4,270,0,0,0,0
"2623",2024-06-10,2,30,5599.4,266,0,0,22.1348148148148,0,0,5976.4,270,0,0,0,0
"2624",2024-06-10,2,35,5327.4,265,0,0,22.1348148148148,0,0,5976.4,270,0,0,0,0
"2625",2024-06-10,2,40,5305.4,264,0,0,22.1348148148148,0,0,5976.4,270,0,0,0,0
"2626",2024-06-10,2,45,5305.4,264,0,0,22.1348148148148,0,0,5976.4,270,0,0,0,0
"2627",2024-06-10,2,50,5305.4,264,0,0,22.1348148148148,0,0,5976.4,270,0,0,0,0
"2628",2024-06-10,2,55,5305.4,264,0,0,22.1348148148148,0,0,5976.4,270,0,0,0,0
"2629",2024-06-10,3,0,5305.4,264,0,0,20.5053435114504,0,0,5372.4,264,0,0,0,0
"2630",2024-06-10,3,5,5372.4,262,0,0,20.5053435114504,0,0,5372.4,264,0,0,0,0
"2631",2024-06-10,3,10,5372.4,262,0,0,20.5053435114504,0,0,5372.4,264,0,0,0,0
"2632",2024-06-10,3,15,5372.4,262,0,0,20.5053435114504,0,0,5372.4,264,0,0,0,0
"2633",2024-06-10,3,20,5372.4,262,0,0,20.5053435114504,0,0,5372.4,264,0,0,0,0
"2634",2024-06-10,3,25,5372.4,262,0,0,20.5053435114504,0,0,5372.4,264,0,0,0,0
"2635",2024-06-10,3,30,5372.4,262,0,0,20.5053435114504,0,0,5372.4,264,0,0,0,0
"2636",2024-06-10,3,35,5350.4,261,0,0,20.5053435114504,0,0,5372.4,264,0,0,0,0
"2637",2024-06-10,3,40,5350.4,261,0,0,20.5053435114504,0,0,5372.4,264,0,0,0,0
"2638",2024-06-10,3,45,5350.4,261,0,0,20.5053435114504,0,0,5372.4,264,0,0,0,0
"2639",2024-06-10,3,50,5350.4,261,0,0,20.5053435114504,0,0,5372.4,264,0,0,0,0
"2640",2024-06-10,3,55,5350.4,261,0,0,20.5053435114504,0,0,5372.4,264,0,0,0,0
"2641",2024-06-10,4,45,5517.4,264,0,0,20.9368821292776,0,0,5517.4,264,0,0,0,0
"2642",2024-06-10,4,50,5517.4,264,0,0,20.9368821292776,0,0,5517.4,264,0,0,0,0
"2643",2024-06-10,4,0,5372.4,262,0,0,20.9368821292776,0,0,5517.4,264,0,0,0,0
"2644",2024-06-10,4,5,5233.4,261,0,0,20.9368821292776,0,0,5517.4,264,0,0,0,0
"2645",2024-06-10,4,10,5233.4,261,0,0,20.9368821292776,0,0,5517.4,264,0,0,0,0
"2646",2024-06-10,4,15,5233.4,261,0,0,20.9368821292776,0,0,5517.4,264,0,0,0,0
"2647",2024-06-10,4,20,5233.4,261,0,0,20.9368821292776,0,0,5517.4,264,0,0,0,0
"2648",2024-06-10,4,25,5233.4,261,0,0,20.9368821292776,0,0,5517.4,264,0,0,0,0
"2649",2024-06-10,4,30,5211.4,260,0,0,20.9368821292776,0,0,5517.4,264,0,0,0,0
"2650",2024-06-10,4,35,5350.4,260,0,0,20.9368821292776,0,0,5517.4,264,0,0,0,0
"2651",2024-06-10,4,40,5372.4,261,0,0,20.9368821292776,0,0,5517.4,264,0,0,0,0
"2652",2024-06-10,4,55,5506.4,263,0,0,20.9368821292776,0,0,5517.4,264,0,0,0,0
"2653",2024-06-10,5,0,5386.4,262,0,0,21.5810606060606,0,0,5697.4,264,0,0,0,0
"2654",2024-06-10,5,5,5258.4,262,0,0,21.5810606060606,0,0,5697.4,264,0,0,0,0
"2655",2024-06-10,5,10,5258.4,262,0,0,21.5810606060606,0,0,5697.4,264,0,0,0,0
"2656",2024-06-10,5,15,5258.4,262,0,0,21.5810606060606,0,0,5697.4,264,0,0,0,0
"2657",2024-06-10,5,20,5258.4,262,0,0,21.5810606060606,0,0,5697.4,264,0,0,0,0
"2658",2024-06-10,5,25,5258.4,262,0,0,21.5810606060606,0,0,5697.4,264,0,0,0,0
"2659",2024-06-10,5,30,5280.4,263,0,0,21.5810606060606,0,0,5697.4,264,0,0,0,0
"2660",2024-06-10,5,35,5397.4,263,0,0,21.5810606060606,0,0,5697.4,264,0,0,0,0
"2661",2024-06-10,5,40,5397.4,263,0,0,21.5810606060606,0,0,5697.4,264,0,0,0,0
"2662",2024-06-10,5,45,5397.4,263,0,0,21.5810606060606,0,0,5697.4,264,0,0,0,0
"2663",2024-06-10,5,50,5397.4,263,0,0,21.5810606060606,0,0,5697.4,264,0,0,0,0
"2664",2024-06-10,5,55,5697.4,264,0,0,21.5810606060606,0,0,5697.4,264,0,0,0,0
"2665",2024-06-10,6,0,5697.4,264,0,0,24.3174721189591,0,0,6541.4,269,0,0,0,0
"2666",2024-06-10,6,5,5697.4,264,0,0,24.3174721189591,0,0,6541.4,269,0,0,0,0
"2667",2024-06-10,6,10,5719.4,265,0,0,24.3174721189591,0,0,6541.4,269,0,0,0,0
"2668",2024-06-10,6,15,5719.4,265,0,0,24.3174721189591,0,0,6541.4,269,0,0,0,0
"2669",2024-06-10,6,20,5719.4,265,0,0,24.3174721189591,0,0,6541.4,269,0,0,0,0
"2670",2024-06-10,6,25,5819.4,266,0,0,24.3174721189591,0,0,6541.4,269,0,0,0,0
"2671",2024-06-10,6,30,5819.4,266,0,0,24.3174721189591,0,0,6541.4,269,0,0,0,0
"2672",2024-06-10,6,35,5791.4,266,0,0,24.3174721189591,0,0,6541.4,269,0,0,0,0
"2673",2024-06-10,6,40,5791.4,266,0,0,24.3174721189591,0,0,6541.4,269,0,0,0,0
"2674",2024-06-10,6,45,6091.4,267,0,0,24.3174721189591,0,0,6541.4,269,0,0,0,0
"2675",2024-06-10,6,50,6541.4,269,0,0,24.3174721189591,0,0,6541.4,269,0,0,0,0
"2676",2024-06-10,6,55,6219.4,267,0,0,24.3174721189591,0,0,6541.4,269,0,0,0,0
"2677",2024-06-10,7,0,5919.4,266,0,0,23.1802919708029,0,0,6351.4,274,0,0,0,0
"2678",2024-06-10,7,5,5996.4,270,0,0,23.1802919708029,0,0,6351.4,274,0,0,0,0
"2679",2024-06-10,7,10,5996.4,270,0,0,23.1802919708029,0,0,6351.4,274,0,0,0,0
"2680",2024-06-10,7,15,5974.4,269,0,0,23.1802919708029,0,0,6351.4,274,0,0,0,0
"2681",2024-06-10,7,20,5724.4,267,0,0,23.1802919708029,0,0,6351.4,274,0,0,0,0
"2682",2024-06-10,7,25,5702.4,266,0,0,23.1802919708029,0,0,6351.4,274,0,0,0,0
"2683",2024-06-10,7,30,5822.4,267,0,0,23.1802919708029,0,0,6351.4,274,0,0,0,0
"2684",2024-06-10,7,35,5601.4,265,0,0,23.1802919708029,0,0,6351.4,274,0,0,0,0
"2685",2024-06-10,7,40,5623.4,266,0,0,23.1802919708029,0,0,6351.4,274,0,0,0,0
"2686",2024-06-10,7,45,5673.4,267,0,0,23.1802919708029,0,0,6351.4,274,0,0,0,0
"2687",2024-06-10,7,50,5761.4,272,0,0,23.1802919708029,0,0,6351.4,274,0,0,0,0
"2688",2024-06-10,7,55,6351.4,274,0,0,23.1802919708029,0,0,6351.4,274,0,0,0,0
"2689",2024-06-10,8,0,6084.4,276,0,0,25.2,0,0,7862.4,332,0,0,0,0
"2690",2024-06-10,8,5,6199.4,280,0,0,25.2,0,0,7862.4,332,0,0,0,0
"2691",2024-06-10,8,10,6243.4,281,0,0,25.2,0,0,7862.4,332,0,0,0,0
"2692",2024-06-10,8,15,6597.4,285,0,0,25.2,0,0,7862.4,332,0,0,0,0
"2693",2024-06-10,8,20,7029.4,292,0,0,25.2,0,0,7862.4,332,0,0,0,0
"2694",2024-06-10,8,25,6901.4,295,0,0,25.2,0,0,7862.4,332,0,0,0,0
"2695",2024-06-10,8,30,7415.4,305,0,0,25.2,0,0,7862.4,332,0,0,0,0
"2696",2024-06-10,8,35,7862.4,312,0,0,25.2,0,0,7862.4,332,0,0,0,0
"2697",2024-06-10,8,40,7288.4,318,0,0,25.2,0,0,7862.4,332,0,0,0,0
"2698",2024-06-10,8,45,7496.4,324,0,0,25.2,0,0,7862.4,332,0,0,0,0
"2699",2024-06-10,8,50,7415.4,327,0,0,25.2,0,0,7862.4,332,0,0,0,0
"2700",2024-06-10,8,55,7630.4,332,0,0,25.2,0,0,7862.4,332,0,0,0,0
"2701",2024-06-10,9,25,8398.7,373,0,0,24.5806179775281,0,0,10123.7,435,0,0,0,0
"2702",2024-06-10,9,30,8497.7,381,0,0,24.5806179775281,0,0,10123.7,435,0,0,0,0
"2703",2024-06-10,9,35,9439.7,402,0,0,24.5806179775281,0,0,10123.7,435,0,0,0,0
"2704",2024-06-10,9,40,9711.7,412,0,0,24.5806179775281,0,0,10123.7,435,0,0,0,0
"2705",2024-06-10,9,45,9454.7,416,0,0,24.5806179775281,0,0,10123.7,435,0,0,0,0
"2706",2024-06-10,9,50,9667.7,421,0,0,24.5806179775281,0,0,10123.7,435,0,0,0,0
"2707",2024-06-10,9,55,10123.7,435,0,0,24.5806179775281,0,0,10123.7,435,0,0,0,0
"2708",2024-06-10,9,5,8292,347,0,0,24.5806179775281,0,0,10123.7,435,0,0,0,0
"2709",2024-06-10,9,10,8750.7,356,0,0,24.5806179775281,0,0,10123.7,435,0,0,0,0
"2710",2024-06-10,9,15,8792.7,363,0,0,24.5806179775281,0,0,10123.7,435,0,0,0,0
"2711",2024-06-10,9,20,8711.7,370,0,0,24.5806179775281,0,0,10123.7,435,0,0,0,0
"2712",2024-06-10,9,0,8206.7,338,0,0,24.5806179775281,0,0,10123.7,435,0,0,0,0
"2713",2024-06-10,10,0,11150.7,444,0,0,27.2953736654804,0,0,15340,569,0,0,0,0
"2714",2024-06-10,10,5,12277.7,480,0,0,27.2953736654804,0,0,15340,569,0,0,0,0
"2715",2024-06-10,10,10,11872.7,486,0,0,27.2953736654804,0,0,15340,569,0,0,0,0
"2716",2024-06-10,10,15,12506.7,496,0,0,27.2953736654804,0,0,15340,569,0,0,0,0
"2717",2024-06-10,10,20,12965.7,502,0,0,27.2953736654804,0,0,15340,569,0,0,0,0
"2718",2024-06-10,10,25,12631,511,0,0,27.2953736654804,0,0,15340,569,0,0,0,0
"2719",2024-06-10,10,30,13253,515,0,0,27.2953736654804,0,0,15340,569,0,0,0,0
"2720",2024-06-10,10,35,14396,544,0,0,27.2953736654804,0,0,15340,569,0,0,0,0
"2721",2024-06-10,10,40,14564,551,0,0,27.2953736654804,0,0,15340,569,0,0,0,0
"2722",2024-06-10,10,45,15340,562,0,0,27.2953736654804,0,0,15340,569,0,0,0,0
"2723",2024-06-10,10,50,15102,569,0,0,27.2953736654804,0,0,15340,569,0,0,0,0
"2724",2024-06-10,10,55,15102,569,0,0,27.2953736654804,0,0,15340,569,0,0,0,0
"2725",2024-06-10,11,0,14926.7,569,0,0,26.8809682804674,0,0,16101.7,602,0,0,0,0
"2726",2024-06-10,11,5,14958.7,584,0,0,26.8809682804674,0,0,16101.7,602,0,0,0,0
"2727",2024-06-10,11,10,15417.7,586,0,0,26.8809682804674,0,0,16101.7,602,0,0,0,0
"2728",2024-06-10,11,15,15373.7,584,0,0,26.8809682804674,0,0,16101.7,602,0,0,0,0
"2729",2024-06-10,11,20,15778.7,591,0,0,26.8809682804674,0,0,16101.7,602,0,0,0,0
"2730",2024-06-10,11,25,16101.7,599,0,0,26.8809682804674,0,0,16101.7,602,0,0,0,0
"2731",2024-06-10,11,30,15092.7,595,0,0,26.8809682804674,0,0,16101.7,602,0,0,0,0
"2732",2024-06-10,11,35,15355.7,601,0,0,26.8809682804674,0,0,16101.7,602,0,0,0,0
"2733",2024-06-10,11,40,14660.7,599,0,0,26.8809682804674,0,0,16101.7,602,0,0,0,0
"2734",2024-06-10,11,45,14098.7,595,0,0,26.8809682804674,0,0,16101.7,602,0,0,0,0
"2735",2024-06-10,11,50,14032.3,601,0,0,26.8809682804674,0,0,16101.7,602,0,0,0,0
"2736",2024-06-10,11,55,13876.3,602,0,0,26.8809682804674,0,0,16101.7,602,0,0,0,0
"2737",2024-06-10,12,0,13478.3,601,0,0,27.68901453958,0,0,17139.5,624,0,0,0,0
"2738",2024-06-10,12,5,13875.3,612,0,0,27.68901453958,0,0,17139.5,624,0,0,0,0
"2739",2024-06-10,12,10,14508.3,614,0,0,27.68901453958,0,0,17139.5,624,0,0,0,0
"2740",2024-06-10,12,15,14295.3,612,0,0,27.68901453958,0,0,17139.5,624,0,0,0,0
"2741",2024-06-10,12,20,14464.3,613,0,0,27.68901453958,0,0,17139.5,624,0,0,0,0
"2742",2024-06-10,12,25,14481.5,611,0,0,27.68901453958,0,0,17139.5,624,0,0,0,0
"2743",2024-06-10,12,30,14853.5,614,0,0,27.68901453958,0,0,17139.5,624,0,0,0,0
"2744",2024-06-10,12,35,15122.5,613,0,0,27.68901453958,0,0,17139.5,624,0,0,0,0
"2745",2024-06-10,12,40,15507.5,620,0,0,27.68901453958,0,0,17139.5,624,0,0,0,0
"2746",2024-06-10,12,45,16355.5,621,0,0,27.68901453958,0,0,17139.5,624,0,0,0,0
"2747",2024-06-10,12,50,17139.5,619,0,0,27.68901453958,0,0,17139.5,624,0,0,0,0
"2748",2024-06-10,12,55,17118.5,624,0,0,27.68901453958,0,0,17139.5,624,0,0,0,0
"2749",2024-06-10,13,0,16818.5,623,0,0,27.8977812995246,0,0,17603.5,631,0,0,0,0
"2750",2024-06-10,13,5,17603.5,631,0,0,27.8977812995246,0,0,17603.5,631,0,0,0,0
"2751",2024-06-10,13,10,17059.5,627,0,0,27.8977812995246,0,0,17603.5,631,0,0,0,0
"2752",2024-06-10,13,15,16843.5,623,0,0,27.8977812995246,0,0,17603.5,631,0,0,0,0
"2753",2024-06-10,13,20,16893.8,625,0,0,27.8977812995246,0,0,17603.5,631,0,0,0,0
"2754",2024-06-10,13,25,17072.8,620,0,0,27.8977812995246,0,0,17603.5,631,0,0,0,0
"2755",2024-06-10,13,30,17113.8,622,0,0,27.8977812995246,0,0,17603.5,631,0,0,0,0
"2756",2024-06-10,13,35,15904.8,605,0,0,27.8977812995246,0,0,17603.5,631,0,0,0,0
"2757",2024-06-10,13,40,15825.8,601,0,0,27.8977812995246,0,0,17603.5,631,0,0,0,0
"2758",2024-06-10,13,45,15729.8,596,0,0,27.8977812995246,0,0,17603.5,631,0,0,0,0
"2759",2024-06-10,13,50,14904.8,590,0,0,27.8977812995246,0,0,17603.5,631,0,0,0,0
"2760",2024-06-10,13,55,14886.6,586,0,0,27.8977812995246,0,0,17603.5,631,0,0,0,0
"2761",2024-06-10,14,55,16691.3,567,0,0,29.5183274021352,0,0,16691.3,583,0,0,0,0
"2762",2024-06-10,14,0,15465.6,583,0,0,29.5183274021352,0,0,16691.3,583,0,0,0,0
"2763",2024-06-10,14,5,15065.6,566,0,0,29.5183274021352,0,0,16691.3,583,0,0,0,0
"2764",2024-06-10,14,10,14944.6,560,0,0,29.5183274021352,0,0,16691.3,583,0,0,0,0
"2765",2024-06-10,14,15,14849.6,555,0,0,29.5183274021352,0,0,16691.3,583,0,0,0,0
"2766",2024-06-10,14,20,14282.6,553,0,0,29.5183274021352,0,0,16691.3,583,0,0,0,0
"2767",2024-06-10,14,25,14810.6,555,0,0,29.5183274021352,0,0,16691.3,583,0,0,0,0
"2768",2024-06-10,14,30,14575.3,553,0,0,29.5183274021352,0,0,16691.3,583,0,0,0,0
"2769",2024-06-10,14,35,15498.3,558,0,0,29.5183274021352,0,0,16691.3,583,0,0,0,0
"2770",2024-06-10,14,40,15871.3,554,0,0,29.5183274021352,0,0,16691.3,583,0,0,0,0
"2771",2024-06-10,14,45,16032.3,557,0,0,29.5183274021352,0,0,16691.3,583,0,0,0,0
"2772",2024-06-10,14,50,16589.3,562,0,0,29.5183274021352,0,0,16691.3,583,0,0,0,0
"2773",2024-06-10,15,0,16718.3,569,0,0,30.130204778157,0,0,17656.3,588,0,0,0,0
"2774",2024-06-10,15,5,16132.3,575,0,0,30.130204778157,0,0,17656.3,588,0,0,0,0
"2775",2024-06-10,15,10,16238.3,577,0,0,30.130204778157,0,0,17656.3,588,0,0,0,0
"2776",2024-06-10,15,15,16825.3,579,0,0,30.130204778157,0,0,17656.3,588,0,0,0,0
"2777",2024-06-10,15,20,16296.3,578,0,0,30.130204778157,0,0,17656.3,588,0,0,0,0
"2778",2024-06-10,15,25,16575.3,583,0,0,30.130204778157,0,0,17656.3,588,0,0,0,0
"2779",2024-06-10,15,30,16567.3,587,0,0,30.130204778157,0,0,17656.3,588,0,0,0,0
"2780",2024-06-10,15,35,16888.3,587,0,0,30.130204778157,0,0,17656.3,588,0,0,0,0
"2781",2024-06-10,15,40,17313.3,588,0,0,30.130204778157,0,0,17656.3,588,0,0,0,0
"2782",2024-06-10,15,45,17656.3,586,0,0,30.130204778157,0,0,17656.3,588,0,0,0,0
"2783",2024-06-10,15,50,16718.3,582,0,0,30.130204778157,0,0,17656.3,588,0,0,0,0
"2784",2024-06-10,15,55,16670.3,585,0,0,30.130204778157,0,0,17656.3,588,0,0,0,0
"2785",2024-06-10,16,0,15477.7,583,0,0,29.1826890756303,0,0,17363.7,596,0,0,0,0
"2786",2024-06-10,16,5,17251.7,594,0,0,29.1826890756303,0,0,17363.7,596,0,0,0,0
"2787",2024-06-10,16,10,16887.7,592,0,0,29.1826890756303,0,0,17363.7,596,0,0,0,0
"2788",2024-06-10,16,15,17253.7,596,0,0,29.1826890756303,0,0,17363.7,596,0,0,0,0
"2789",2024-06-10,16,20,16829.7,596,0,0,29.1826890756303,0,0,17363.7,596,0,0,0,0
"2790",2024-06-10,16,25,16352.7,591,0,0,29.1826890756303,0,0,17363.7,596,0,0,0,0
"2791",2024-06-10,16,30,17363.7,595,0,0,29.1826890756303,0,0,17363.7,596,0,0,0,0
"2792",2024-06-10,16,35,15521.7,572,0,0,29.1826890756303,0,0,17363.7,596,0,0,0,0
"2793",2024-06-10,16,40,15406.7,574,0,0,29.1826890756303,0,0,17363.7,596,0,0,0,0
"2794",2024-06-10,16,45,15804.7,577,0,0,29.1826890756303,0,0,17363.7,596,0,0,0,0
"2795",2024-06-10,16,50,15815.7,577,0,0,29.1826890756303,0,0,17363.7,596,0,0,0,0
"2796",2024-06-10,16,55,14770.9,575,0,0,29.1826890756303,0,0,17363.7,596,0,0,0,0
"2797",2024-06-10,17,0,14791.9,578,0,0,28.0850847457627,0,0,16614.9,592,0,0,0,0
"2798",2024-06-10,17,5,16220.9,590,0,0,28.0850847457627,0,0,16614.9,592,0,0,0,0
"2799",2024-06-10,17,10,16614.9,592,0,0,28.0850847457627,0,0,16614.9,592,0,0,0,0
"2800",2024-06-10,17,15,16570.2,590,0,0,28.0850847457627,0,0,16614.9,592,0,0,0,0
"2801",2024-06-10,17,20,16191.9,588,0,0,28.0850847457627,0,0,16614.9,592,0,0,0,0
"2802",2024-06-10,17,25,16171.9,590,0,0,28.0850847457627,0,0,16614.9,592,0,0,0,0
"2803",2024-06-10,17,30,15832.9,589,0,0,28.0850847457627,0,0,16614.9,592,0,0,0,0
"2804",2024-06-10,17,35,14531.9,584,0,0,28.0850847457627,0,0,16614.9,592,0,0,0,0
"2805",2024-06-10,17,40,13592.9,580,0,0,28.0850847457627,0,0,16614.9,592,0,0,0,0
"2806",2024-06-10,17,45,14922.9,586,0,0,28.0850847457627,0,0,16614.9,592,0,0,0,0
"2807",2024-06-10,17,50,14964.9,573,0,0,28.0850847457627,0,0,16614.9,592,0,0,0,0
"2808",2024-06-10,17,55,15293.9,579,0,0,28.0850847457627,0,0,16614.9,592,0,0,0,0
"2809",2024-06-10,18,0,14439.9,561,0,0,26.3044802867384,0,0,14677.9,567,0,0,0,0
"2810",2024-06-10,18,5,14188.9,567,0,0,26.3044802867384,0,0,14677.9,567,0,0,0,0
"2811",2024-06-10,18,10,14023.9,558,0,0,26.3044802867384,0,0,14677.9,567,0,0,0,0
"2812",2024-06-10,18,15,14677.9,558,0,0,26.3044802867384,0,0,14677.9,567,0,0,0,0
"2813",2024-06-10,18,20,14324.9,554,0,0,26.3044802867384,0,0,14677.9,567,0,0,0,0
"2814",2024-06-10,18,25,14339.9,548,0,0,26.3044802867384,0,0,14677.9,567,0,0,0,0
"2815",2024-06-10,18,30,14009.2,551,0,0,26.3044802867384,0,0,14677.9,567,0,0,0,0
"2816",2024-06-10,18,35,11203.2,451,0,0,26.3044802867384,0,0,14677.9,567,0,0,0,0
"2817",2024-06-10,18,40,12553.2,544,0,0,26.3044802867384,0,0,14677.9,567,0,0,0,0
"2818",2024-06-10,18,45,13462.2,548,0,0,26.3044802867384,0,0,14677.9,567,0,0,0,0
"2819",2024-06-10,18,50,13210,539,0,0,26.3044802867384,0,0,14677.9,567,0,0,0,0
"2820",2024-06-10,18,55,12729.3,532,0,0,26.3044802867384,0,0,14677.9,567,0,0,0,0
"2821",2024-06-10,19,0,13049,535,0,0,29.1441048034934,0,0,13817,535,0,0,0,0
"2822",2024-06-10,19,5,13032,514,0,0,29.1441048034934,0,0,13817,535,0,0,0,0
"2823",2024-06-10,19,10,13817,518,0,0,29.1441048034934,0,0,13817,535,0,0,0,0
"2824",2024-06-10,19,15,13304.3,501,0,0,29.1441048034934,0,0,13817,535,0,0,0,0
"2825",2024-06-10,19,20,13282,497,0,0,29.1441048034934,0,0,13817,535,0,0,0,0
"2826",2024-06-10,19,25,13775,493,0,0,29.1441048034934,0,0,13817,535,0,0,0,0
"2827",2024-06-10,19,30,13727,488,0,0,29.1441048034934,0,0,13817,535,0,0,0,0
"2828",2024-06-10,19,35,12766,470,0,0,29.1441048034934,0,0,13817,535,0,0,0,0
"2829",2024-06-10,19,40,12923,463,0,0,29.1441048034934,0,0,13817,535,0,0,0,0
"2830",2024-06-10,19,45,13256,455,0,0,29.1441048034934,0,0,13817,535,0,0,0,0
"2831",2024-06-10,19,50,13348,458,0,0,29.1441048034934,0,0,13817,535,0,0,0,0
"2832",2024-06-10,19,55,12067,444,0,0,29.1441048034934,0,0,13817,535,0,0,0,0
"2833",2024-06-10,20,0,11101,439,0,0,31.0986979166667,0,0,12034.2,439,0,0,0,0
"2834",2024-06-10,20,5,11997.2,425,0,0,31.0986979166667,0,0,12034.2,439,0,0,0,0
"2835",2024-06-10,20,10,12034.2,417,0,0,31.0986979166667,0,0,12034.2,439,0,0,0,0
"2836",2024-06-10,20,15,11869.9,409,0,0,31.0986979166667,0,0,12034.2,439,0,0,0,0
"2837",2024-06-10,20,20,11687.9,401,0,0,31.0986979166667,0,0,12034.2,439,0,0,0,0
"2838",2024-06-10,20,35,11648.9,382,0,0,31.0986979166667,0,0,12034.2,439,0,0,0,0
"2839",2024-06-10,20,40,11510.9,385,0,0,31.0986979166667,0,0,12034.2,439,0,0,0,0
"2840",2024-06-10,20,45,11120.9,380,0,0,31.0986979166667,0,0,12034.2,439,0,0,0,0
"2841",2024-06-10,20,50,11687.9,380,0,0,31.0986979166667,0,0,12034.2,439,0,0,0,0
"2842",2024-06-10,20,55,11941.9,384,0,0,31.0986979166667,0,0,12034.2,439,0,0,0,0
"2843",2024-06-10,20,25,11569.9,395,0,0,31.0986979166667,0,0,12034.2,439,0,0,0,0
"2844",2024-06-10,20,30,11569.9,392,0,0,31.0986979166667,0,0,12034.2,439,0,0,0,0
"2845",2024-06-10,21,5,12986.9,383,0,0,35.1411311053985,0,0,13669.9,389,0,0,0,0
"2846",2024-06-10,21,10,13669.9,389,0,0,35.1411311053985,0,0,13669.9,389,0,0,0,0
"2847",2024-06-10,21,15,13358.9,387,0,0,35.1411311053985,0,0,13669.9,389,0,0,0,0
"2848",2024-06-10,21,20,12650.6,383,0,0,35.1411311053985,0,0,13669.9,389,0,0,0,0
"2849",2024-06-10,21,25,12039.6,380,0,0,35.1411311053985,0,0,13669.9,389,0,0,0,0
"2850",2024-06-10,21,30,11650.6,378,0,0,35.1411311053985,0,0,13669.9,389,0,0,0,0
"2851",2024-06-10,21,35,10592.9,385,0,0,35.1411311053985,0,0,13669.9,389,0,0,0,0
"2852",2024-06-10,21,40,11136.9,389,0,0,35.1411311053985,0,0,13669.9,389,0,0,0,0
"2853",2024-06-10,21,45,11365.9,388,0,0,35.1411311053985,0,0,13669.9,389,0,0,0,0
"2854",2024-06-10,21,50,11224.7,387,0,0,35.1411311053985,0,0,13669.9,389,0,0,0,0
"2855",2024-06-10,21,55,11176.7,389,0,0,35.1411311053985,0,0,13669.9,389,0,0,0,0
"2856",2024-06-10,21,0,11913.9,382,0,0,35.1411311053985,0,0,13669.9,389,0,0,0,0
"2857",2024-06-10,22,0,10981.7,386,0,0,28.45,0,0,10981.7,386,0,0,0,0
"2858",2024-06-10,22,5,9660.7,382,0,0,28.45,0,0,10981.7,386,0,0,0,0
"2859",2024-06-10,22,10,9749.7,381,0,0,28.45,0,0,10981.7,386,0,0,0,0
"2860",2024-06-10,22,15,9655.7,377,0,0,28.45,0,0,10981.7,386,0,0,0,0
"2861",2024-06-10,22,20,10333.7,379,0,0,28.45,0,0,10981.7,386,0,0,0,0
"2862",2024-06-10,22,35,10681.7,382,0,0,28.45,0,0,10981.7,386,0,0,0,0
"2863",2024-06-10,22,40,10188.4,381,0,0,28.45,0,0,10981.7,386,0,0,0,0
"2864",2024-06-10,22,45,10543.4,380,0,0,28.45,0,0,10981.7,386,0,0,0,0
"2865",2024-06-10,22,50,10166.4,376,0,0,28.45,0,0,10981.7,386,0,0,0,0
"2866",2024-06-10,22,55,10097.4,374,0,0,28.45,0,0,10981.7,386,0,0,0,0
"2867",2024-06-10,22,25,10322.7,378,0,0,28.45,0,0,10981.7,386,0,0,0,0
"2868",2024-06-10,22,30,10272.7,377,0,0,28.45,0,0,10981.7,386,0,0,0,0
"2869",2024-06-10,23,0,10408.4,376,0,0,28.074358974359,0,0,10408.4,376,0,0,0,0
"2870",2024-06-10,23,5,9140.4,353,0,0,28.074358974359,0,0,10408.4,376,0,0,0,0
"2871",2024-06-10,23,10,9561.4,359,0,0,28.074358974359,0,0,10408.4,376,0,0,0,0
"2872",2024-06-10,23,15,9659.1,361,0,0,28.074358974359,0,0,10408.4,376,0,0,0,0
"2873",2024-06-10,23,20,9404.1,356,0,0,28.074358974359,0,0,10408.4,376,0,0,0,0
"2874",2024-06-10,23,25,9984.1,357,0,0,28.074358974359,0,0,10408.4,376,0,0,0,0
"2875",2024-06-10,23,30,9995.1,357,0,0,28.074358974359,0,0,10408.4,376,0,0,0,0
"2876",2024-06-10,23,35,9854.1,351,0,0,28.074358974359,0,0,10408.4,376,0,0,0,0
"2877",2024-06-10,23,40,9640.1,346,0,0,28.074358974359,0,0,10408.4,376,0,0,0,0
"2878",2024-06-10,23,45,9121.1,341,0,0,28.074358974359,0,0,10408.4,376,0,0,0,0
"2879",2024-06-10,23,50,8755.1,337,0,0,28.074358974359,0,0,10408.4,376,0,0,0,0
"2880",2024-06-10,23,55,8755.1,337,0,0,28.074358974359,0,0,10408.4,376,0,0,0,0
"2881",2024-06-11,0,0,8364.8,352,0,0,23.7636363636364,0,0,8364.8,352,0,0,0,0
"2882",2024-06-11,0,5,7883.8,345,0,0,23.7636363636364,0,0,8364.8,352,0,0,0,0
"2883",2024-06-11,0,10,7981.8,345,0,0,23.7636363636364,0,0,8364.8,352,0,0,0,0
"2884",2024-06-11,0,15,7959.8,344,0,0,23.7636363636364,0,0,8364.8,352,0,0,0,0
"2885",2024-06-11,0,20,7981.8,344,0,0,23.7636363636364,0,0,8364.8,352,0,0,0,0
"2886",2024-06-11,0,25,7883.8,345,0,0,23.7636363636364,0,0,8364.8,352,0,0,0,0
"2887",2024-06-11,0,30,7927.8,346,0,0,23.7636363636364,0,0,8364.8,352,0,0,0,0
"2888",2024-06-11,0,35,7825.8,338,0,0,23.7636363636364,0,0,8364.8,352,0,0,0,0
"2889",2024-06-11,0,40,7492.8,335,0,0,23.7636363636364,0,0,8364.8,352,0,0,0,0
"2890",2024-06-11,0,45,7170.8,333,0,0,23.7636363636364,0,0,8364.8,352,0,0,0,0
"2891",2024-06-11,0,50,7170.8,333,0,0,23.7636363636364,0,0,8364.8,352,0,0,0,0
"2892",2024-06-11,0,55,7426.8,331,0,0,23.7636363636364,0,0,8364.8,352,0,0,0,0
"2893",2024-06-11,1,0,7404.8,329,0,0,22.506990881459,0,0,7404.8,329,0,0,0,0
"2894",2024-06-11,1,5,7063.8,323,0,0,22.506990881459,0,0,7404.8,329,0,0,0,0
"2895",2024-06-11,1,10,7063.8,323,0,0,22.506990881459,0,0,7404.8,329,0,0,0,0
"2896",2024-06-11,1,15,7049.1,322,0,0,22.506990881459,0,0,7404.8,329,0,0,0,0
"2897",2024-06-11,1,20,7038.1,320,0,0,22.506990881459,0,0,7404.8,329,0,0,0,0
"2898",2024-06-11,1,25,7027.1,319,0,0,22.506990881459,0,0,7404.8,329,0,0,0,0
"2899",2024-06-11,1,30,7005.1,318,0,0,22.506990881459,0,0,7404.8,329,0,0,0,0
"2900",2024-06-11,1,35,6986.1,316,0,0,22.506990881459,0,0,7404.8,329,0,0,0,0
"2901",2024-06-11,1,40,7019.1,318,0,0,22.506990881459,0,0,7404.8,329,0,0,0,0
"2902",2024-06-11,1,45,7063.1,320,0,0,22.506990881459,0,0,7404.8,329,0,0,0,0
"2903",2024-06-11,1,50,7041.1,319,0,0,22.506990881459,0,0,7404.8,329,0,0,0,0
"2904",2024-06-11,1,55,7026.4,317,0,0,22.506990881459,0,0,7404.8,329,0,0,0,0
"2905",2024-06-11,2,0,7506.4,308,0,0,24.7447457627119,0,0,7506.4,308,0,0,0,0
"2906",2024-06-11,2,5,7343.7,297,0,0,24.7447457627119,0,0,7506.4,308,0,0,0,0
"2907",2024-06-11,2,10,7299.7,295,0,0,24.7447457627119,0,0,7506.4,308,0,0,0,0
"2908",2024-06-11,2,15,7299.7,295,0,0,24.7447457627119,0,0,7506.4,308,0,0,0,0
"2909",2024-06-11,2,20,7021.7,295,0,0,24.7447457627119,0,0,7506.4,308,0,0,0,0
"2910",2024-06-11,2,25,7021.7,295,0,0,24.7447457627119,0,0,7506.4,308,0,0,0,0
"2911",2024-06-11,2,30,6841.7,294,0,0,24.7447457627119,0,0,7506.4,308,0,0,0,0
"2912",2024-06-11,2,35,6613.7,295,0,0,24.7447457627119,0,0,7506.4,308,0,0,0,0
"2913",2024-06-11,2,40,6613.7,295,0,0,24.7447457627119,0,0,7506.4,308,0,0,0,0
"2914",2024-06-11,2,45,6591.7,294,0,0,24.7447457627119,0,0,7506.4,308,0,0,0,0
"2915",2024-06-11,2,50,6591.7,294,0,0,24.7447457627119,0,0,7506.4,308,0,0,0,0
"2916",2024-06-11,2,55,6935.7,297,0,0,24.7447457627119,0,0,7506.4,308,0,0,0,0
"2917",2024-06-11,3,0,6935.7,297,0,0,23.3525252525253,0,0,6935.7,297,0,0,0,0
"2918",2024-06-11,3,5,6737.7,295,0,0,23.3525252525253,0,0,6935.7,297,0,0,0,0
"2919",2024-06-11,3,10,6737.7,295,0,0,23.3525252525253,0,0,6935.7,297,0,0,0,0
"2920",2024-06-11,3,15,6737.7,295,0,0,23.3525252525253,0,0,6935.7,297,0,0,0,0
"2921",2024-06-11,3,20,6437.7,294,0,0,23.3525252525253,0,0,6935.7,297,0,0,0,0
"2922",2024-06-11,3,25,6437.7,294,0,0,23.3525252525253,0,0,6935.7,297,0,0,0,0
"2923",2024-06-11,3,30,6737.7,295,0,0,23.3525252525253,0,0,6935.7,297,0,0,0,0
"2924",2024-06-11,3,35,6709.7,295,0,0,23.3525252525253,0,0,6935.7,297,0,0,0,0
"2925",2024-06-11,3,40,6709.7,295,0,0,23.3525252525253,0,0,6935.7,297,0,0,0,0
"2926",2024-06-11,3,45,6687.7,294,0,0,23.3525252525253,0,0,6935.7,297,0,0,0,0
"2927",2024-06-11,3,50,6709.7,295,0,0,23.3525252525253,0,0,6935.7,297,0,0,0,0
"2928",2024-06-11,3,55,6687.7,294,0,0,23.3525252525253,0,0,6935.7,297,0,0,0,0
"2929",2024-06-11,4,0,6687.7,294,0,0,22.7472789115646,0,0,6687.7,294,0,0,0,0
"2930",2024-06-11,4,5,6493.7,292,0,0,22.7472789115646,0,0,6687.7,294,0,0,0,0
"2931",2024-06-11,4,10,6493.7,292,0,0,22.7472789115646,0,0,6687.7,294,0,0,0,0
"2932",2024-06-11,4,15,6493.7,292,0,0,22.7472789115646,0,0,6687.7,294,0,0,0,0
"2933",2024-06-11,4,20,6493.7,292,0,0,22.7472789115646,0,0,6687.7,294,0,0,0,0
"2934",2024-06-11,4,25,6493.7,292,0,0,22.7472789115646,0,0,6687.7,294,0,0,0,0
"2935",2024-06-11,4,30,6471.7,291,0,0,22.7472789115646,0,0,6687.7,294,0,0,0,0
"2936",2024-06-11,4,35,6277.7,288,0,0,22.7472789115646,0,0,6687.7,294,0,0,0,0
"2937",2024-06-11,4,40,6277.7,288,0,0,22.7472789115646,0,0,6687.7,294,0,0,0,0
"2938",2024-06-11,4,45,6277.7,288,0,0,22.7472789115646,0,0,6687.7,294,0,0,0,0
"2939",2024-06-11,4,50,6277.7,288,0,0,22.7472789115646,0,0,6687.7,294,0,0,0,0
"2940",2024-06-11,4,55,6277.7,288,0,0,22.7472789115646,0,0,6687.7,294,0,0,0,0
"2941",2024-06-11,5,0,6299.7,289,0,0,22.2395189003436,0,0,6471.7,291,0,0,0,0
"2942",2024-06-11,5,5,6321.7,290,0,0,22.2395189003436,0,0,6471.7,291,0,0,0,0
"2943",2024-06-11,5,10,6321.7,290,0,0,22.2395189003436,0,0,6471.7,291,0,0,0,0
"2944",2024-06-11,5,15,6321.7,290,0,0,22.2395189003436,0,0,6471.7,291,0,0,0,0
"2945",2024-06-11,5,20,6321.7,290,0,0,22.2395189003436,0,0,6471.7,291,0,0,0,0
"2946",2024-06-11,5,25,6321.7,290,0,0,22.2395189003436,0,0,6471.7,291,0,0,0,0
"2947",2024-06-11,5,30,6321.7,290,0,0,22.2395189003436,0,0,6471.7,291,0,0,0,0
"2948",2024-06-11,5,35,6471.7,291,0,0,22.2395189003436,0,0,6471.7,291,0,0,0,0
"2949",2024-06-11,5,40,6471.7,291,0,0,22.2395189003436,0,0,6471.7,291,0,0,0,0
"2950",2024-06-11,5,45,6471.7,291,0,0,22.2395189003436,0,0,6471.7,291,0,0,0,0
"2951",2024-06-11,5,50,6471.7,291,0,0,22.2395189003436,0,0,6471.7,291,0,0,0,0
"2952",2024-06-11,5,55,6471.7,291,0,0,22.2395189003436,0,0,6471.7,291,0,0,0,0
"2953",2024-06-11,6,0,6471.7,291,0,0,24.9136518771331,0,0,7321.7,294,0,0,0,0
"2954",2024-06-11,6,5,6449.7,290,0,0,24.9136518771331,0,0,7321.7,294,0,0,0,0
"2955",2024-06-11,6,10,6537.7,292,0,0,24.9136518771331,0,0,7321.7,294,0,0,0,0
"2956",2024-06-11,6,15,6515.7,291,0,0,24.9136518771331,0,0,7321.7,294,0,0,0,0
"2957",2024-06-11,6,20,6515.7,291,0,0,24.9136518771331,0,0,7321.7,294,0,0,0,0
"2958",2024-06-11,6,25,6815.7,292,0,0,24.9136518771331,0,0,7321.7,294,0,0,0,0
"2959",2024-06-11,6,30,6815.7,292,0,0,24.9136518771331,0,0,7321.7,294,0,0,0,0
"2960",2024-06-11,6,35,6899.7,291,0,0,24.9136518771331,0,0,7321.7,294,0,0,0,0
"2961",2024-06-11,6,40,7299.7,293,0,0,24.9136518771331,0,0,7321.7,294,0,0,0,0
"2962",2024-06-11,6,45,7321.7,294,0,0,24.9136518771331,0,0,7321.7,294,0,0,0,0
"2963",2024-06-11,6,50,7119.7,293,0,0,24.9136518771331,0,0,7321.7,294,0,0,0,0
"2964",2024-06-11,6,55,6819.7,292,0,0,24.9136518771331,0,0,7321.7,294,0,0,0,0
"2965",2024-06-11,7,0,6819.7,292,0,0,24.7591216216216,0,0,7350.7,299,0,0,0,0
"2966",2024-06-11,7,5,7028.7,295,0,0,24.7591216216216,0,0,7350.7,299,0,0,0,0
"2967",2024-06-11,7,10,7328.7,296,0,0,24.7591216216216,0,0,7350.7,299,0,0,0,0
"2968",2024-06-11,7,15,7350.7,297,0,0,24.7591216216216,0,0,7350.7,299,0,0,0,0
"2969",2024-06-11,7,20,7350.7,297,0,0,24.7591216216216,0,0,7350.7,299,0,0,0,0
"2970",2024-06-11,7,25,7252.7,298,0,0,24.7591216216216,0,0,7350.7,299,0,0,0,0
"2971",2024-06-11,7,30,6930.7,296,0,0,24.7591216216216,0,0,7350.7,299,0,0,0,0
"2972",2024-06-11,7,35,6937.7,297,0,0,24.7591216216216,0,0,7350.7,299,0,0,0,0
"2973",2024-06-11,7,40,6987.7,298,0,0,24.7591216216216,0,0,7350.7,299,0,0,0,0
"2974",2024-06-11,7,45,6987.7,298,0,0,24.7591216216216,0,0,7350.7,299,0,0,0,0
"2975",2024-06-11,7,50,7009.7,299,0,0,24.7591216216216,0,0,7350.7,299,0,0,0,0
"2976",2024-06-11,7,55,6909.7,298,0,0,24.7591216216216,0,0,7350.7,299,0,0,0,0
"2977",2024-06-11,8,0,6997.7,302,0,0,26.5405405405405,0,0,9022,360,0,0,0,0
"2978",2024-06-11,8,5,6532.7,293,0,0,26.5405405405405,0,0,9022,360,0,0,0,0
"2979",2024-06-11,8,10,6565.7,294,0,0,26.5405405405405,0,0,9022,360,0,0,0,0
"2980",2024-06-11,8,15,6906,299,0,0,26.5405405405405,0,0,9022,360,0,0,0,0
"2981",2024-06-11,8,20,7294,304,0,0,26.5405405405405,0,0,9022,360,0,0,0,0
"2982",2024-06-11,8,25,7498,314,0,0,26.5405405405405,0,0,9022,360,0,0,0,0
"2983",2024-06-11,8,30,7897,321,0,0,26.5405405405405,0,0,9022,360,0,0,0,0
"2984",2024-06-11,8,35,8838,333,0,0,26.5405405405405,0,0,9022,360,0,0,0,0
"2985",2024-06-11,8,40,8326,336,0,0,26.5405405405405,0,0,9022,360,0,0,0,0
"2986",2024-06-11,8,45,8480,345,0,0,26.5405405405405,0,0,9022,360,0,0,0,0
"2987",2024-06-11,8,50,8645,352,0,0,26.5405405405405,0,0,9022,360,0,0,0,0
"2988",2024-06-11,8,55,9022,360,0,0,26.5405405405405,0,0,9022,360,0,0,0,0
"2989",2024-06-11,9,0,9110,366,0,0,27.4667469879518,0,0,11585.7,430,0,0,0,0
"2990",2024-06-11,9,5,9555.7,384,0,0,27.4667469879518,0,0,11585.7,430,0,0,0,0
"2991",2024-06-11,9,10,10244.7,387,0,0,27.4667469879518,0,0,11585.7,430,0,0,0,0
"2992",2024-06-11,9,15,10165.7,393,0,0,27.4667469879518,0,0,11585.7,430,0,0,0,0
"2993",2024-06-11,9,20,10523.7,397,0,0,27.4667469879518,0,0,11585.7,430,0,0,0,0
"2994",2024-06-11,9,25,10392.7,397,0,0,27.4667469879518,0,0,11585.7,430,0,0,0,0
"2995",2024-06-11,9,30,9874.7,403,0,0,27.4667469879518,0,0,11585.7,430,0,0,0,0
"2996",2024-06-11,9,35,10732.7,412,0,0,27.4667469879518,0,0,11585.7,430,0,0,0,0
"2997",2024-06-11,9,40,11398.7,415,0,0,27.4667469879518,0,0,11585.7,430,0,0,0,0
"2998",2024-06-11,9,45,11182.7,418,0,0,27.4667469879518,0,0,11585.7,430,0,0,0,0
"2999",2024-06-11,9,50,11087.7,418,0,0,27.4667469879518,0,0,11585.7,430,0,0,0,0
"3000",2024-06-11,9,55,11585.7,430,0,0,27.4667469879518,0,0,11585.7,430,0,0,0,0
"3001",2024-06-11,10,0,11997.7,434,0,0,27.644470046083,0,0,14205.3,547,0,0,0,0
"3002",2024-06-11,10,5,12076.7,458,0,0,27.644470046083,0,0,14205.3,547,0,0,0,0
"3003",2024-06-11,10,10,12771.7,472,0,0,27.644470046083,0,0,14205.3,547,0,0,0,0
"3004",2024-06-11,10,15,12763.7,485,0,0,27.644470046083,0,0,14205.3,547,0,0,0,0
"3005",2024-06-11,10,20,12285.7,487,0,0,27.644470046083,0,0,14205.3,547,0,0,0,0
"3006",2024-06-11,10,25,12243.7,493,0,0,27.644470046083,0,0,14205.3,547,0,0,0,0
"3007",2024-06-11,10,30,12001.7,498,0,0,27.644470046083,0,0,14205.3,547,0,0,0,0
"3008",2024-06-11,10,35,14028.3,542,0,0,27.644470046083,0,0,14205.3,547,0,0,0,0
"3009",2024-06-11,10,40,14191.3,541,0,0,27.644470046083,0,0,14205.3,547,0,0,0,0
"3010",2024-06-11,10,45,14205.3,546,0,0,27.644470046083,0,0,14205.3,547,0,0,0,0
"3011",2024-06-11,10,50,13977.3,547,0,0,27.644470046083,0,0,14205.3,547,0,0,0,0
"3012",2024-06-11,10,55,13465.6,547,0,0,27.644470046083,0,0,14205.3,547,0,0,0,0
"3013",2024-06-11,11,15,13201.3,567,0,0,27.4015100671141,0,0,16331.3,598,0,0,0,0
"3014",2024-06-11,11,20,13245.3,567,0,0,27.4015100671141,0,0,16331.3,598,0,0,0,0
"3015",2024-06-11,11,25,14185.3,574,0,0,27.4015100671141,0,0,16331.3,598,0,0,0,0
"3016",2024-06-11,11,30,14680.3,577,0,0,27.4015100671141,0,0,16331.3,598,0,0,0,0
"3017",2024-06-11,11,35,15309.3,598,0,0,27.4015100671141,0,0,16331.3,598,0,0,0,0
"3018",2024-06-11,11,40,15335.3,594,0,0,27.4015100671141,0,0,16331.3,598,0,0,0,0
"3019",2024-06-11,11,45,15576.3,596,0,0,27.4015100671141,0,0,16331.3,598,0,0,0,0
"3020",2024-06-11,11,50,15632.3,593,0,0,27.4015100671141,0,0,16331.3,598,0,0,0,0
"3021",2024-06-11,11,55,16331.3,596,0,0,27.4015100671141,0,0,16331.3,598,0,0,0,0
"3022",2024-06-11,11,0,12996.6,546,0,0,27.4015100671141,0,0,16331.3,598,0,0,0,0
"3023",2024-06-11,11,5,12882.3,558,0,0,27.4015100671141,0,0,16331.3,598,0,0,0,0
"3024",2024-06-11,11,10,12773.3,559,0,0,27.4015100671141,0,0,16331.3,598,0,0,0,0
"3025",2024-06-11,12,0,16537.3,598,0,0,30.1695652173913,0,0,18735.3,625,0,0,0,0
"3026",2024-06-11,12,5,16647.3,609,0,0,30.1695652173913,0,0,18735.3,625,0,0,0,0
"3027",2024-06-11,12,10,17144.3,613,0,0,30.1695652173913,0,0,18735.3,625,0,0,0,0
"3028",2024-06-11,12,15,17411.3,614,0,0,30.1695652173913,0,0,18735.3,625,0,0,0,0
"3029",2024-06-11,12,20,17258.3,614,0,0,30.1695652173913,0,0,18735.3,625,0,0,0,0
"3030",2024-06-11,12,25,17054.3,608,0,0,30.1695652173913,0,0,18735.3,625,0,0,0,0
"3031",2024-06-11,12,30,16459.3,604,0,0,30.1695652173913,0,0,18735.3,625,0,0,0,0
"3032",2024-06-11,12,35,18397.3,622,0,0,30.1695652173913,0,0,18735.3,625,0,0,0,0
"3033",2024-06-11,12,40,18735.3,621,0,0,30.1695652173913,0,0,18735.3,625,0,0,0,0
"3034",2024-06-11,12,45,18722.3,625,0,0,30.1695652173913,0,0,18735.3,625,0,0,0,0
"3035",2024-06-11,12,50,17987.3,621,0,0,30.1695652173913,0,0,18735.3,625,0,0,0,0
"3036",2024-06-11,12,55,17505.3,622,0,0,30.1695652173913,0,0,18735.3,625,0,0,0,0
"3037",2024-06-11,13,25,14667.3,602,0,0,28.1793867120954,0,0,17439.3,619,0,0,0,0
"3038",2024-06-11,13,30,15025.3,599,0,0,28.1793867120954,0,0,17439.3,619,0,0,0,0
"3039",2024-06-11,13,35,14809.3,589,0,0,28.1793867120954,0,0,17439.3,619,0,0,0,0
"3040",2024-06-11,13,40,14999.3,584,0,0,28.1793867120954,0,0,17439.3,619,0,0,0,0
"3041",2024-06-11,13,45,15234.3,581,0,0,28.1793867120954,0,0,17439.3,619,0,0,0,0
"3042",2024-06-11,13,50,15984.3,585,0,0,28.1793867120954,0,0,17439.3,619,0,0,0,0
"3043",2024-06-11,13,55,16541.3,587,0,0,28.1793867120954,0,0,17439.3,619,0,0,0,0
"3044",2024-06-11,13,5,16305.3,609,0,0,28.1793867120954,0,0,17439.3,619,0,0,0,0
"3045",2024-06-11,13,10,15719.3,608,0,0,28.1793867120954,0,0,17439.3,619,0,0,0,0
"3046",2024-06-11,13,15,15685.3,613,0,0,28.1793867120954,0,0,17439.3,619,0,0,0,0
"3047",2024-06-11,13,20,15302.3,608,0,0,28.1793867120954,0,0,17439.3,619,0,0,0,0
"3048",2024-06-11,13,0,17439.3,619,0,0,28.1793867120954,0,0,17439.3,619,0,0,0,0
"3049",2024-06-11,14,0,16961,588,0,0,30.3208928571429,0,0,16979.7,588,0,0,0,0
"3050",2024-06-11,14,5,16669,569,0,0,30.3208928571429,0,0,16979.7,588,0,0,0,0
"3051",2024-06-11,14,10,16811.7,562,0,0,30.3208928571429,0,0,16979.7,588,0,0,0,0
"3052",2024-06-11,14,15,16145.7,556,0,0,30.3208928571429,0,0,16979.7,588,0,0,0,0
"3053",2024-06-11,14,20,16635.7,555,0,0,30.3208928571429,0,0,16979.7,588,0,0,0,0
"3054",2024-06-11,14,25,16979.7,560,0,0,30.3208928571429,0,0,16979.7,588,0,0,0,0
"3055",2024-06-11,14,30,15677.7,555,0,0,30.3208928571429,0,0,16979.7,588,0,0,0,0
"3056",2024-06-11,14,35,16586.7,559,0,0,30.3208928571429,0,0,16979.7,588,0,0,0,0
"3057",2024-06-11,14,40,16881.7,558,0,0,30.3208928571429,0,0,16979.7,588,0,0,0,0
"3058",2024-06-11,14,45,16707.7,562,0,0,30.3208928571429,0,0,16979.7,588,0,0,0,0
"3059",2024-06-11,14,50,16696.7,562,0,0,30.3208928571429,0,0,16979.7,588,0,0,0,0
"3060",2024-06-11,14,55,15647.7,552,0,0,30.3208928571429,0,0,16979.7,588,0,0,0,0
"3061",2024-06-11,15,0,15494.7,555,0,0,29.128125,0,0,15918.7,555,0,0,0,0
"3062",2024-06-11,15,5,15845.7,544,0,0,29.128125,0,0,15918.7,555,0,0,0,0
"3063",2024-06-11,15,10,15577.7,548,0,0,29.128125,0,0,15918.7,555,0,0,0,0
"3064",2024-06-11,15,15,15527.7,547,0,0,29.128125,0,0,15918.7,555,0,0,0,0
"3065",2024-06-11,15,20,15918.7,548,0,0,29.128125,0,0,15918.7,555,0,0,0,0
"3066",2024-06-11,15,25,15794.1,552,0,0,29.128125,0,0,15918.7,555,0,0,0,0
"3067",2024-06-11,15,30,15773.4,548,0,0,29.128125,0,0,15918.7,555,0,0,0,0
"3068",2024-06-11,15,35,14218.4,543,0,0,29.128125,0,0,15918.7,555,0,0,0,0
"3069",2024-06-11,15,40,14267.4,544,0,0,29.128125,0,0,15918.7,555,0,0,0,0
"3070",2024-06-11,15,45,15172.1,554,0,0,29.128125,0,0,15918.7,555,0,0,0,0
"3071",2024-06-11,15,50,15233.1,555,0,0,29.128125,0,0,15918.7,555,0,0,0,0
"3072",2024-06-11,15,55,14316.1,553,0,0,29.128125,0,0,15918.7,555,0,0,0,0
"3073",2024-06-11,16,0,14444.1,551,0,0,29.437456445993,0,0,16897.1,574,0,0,0,0
"3074",2024-06-11,16,5,15113.1,563,0,0,29.437456445993,0,0,16897.1,574,0,0,0,0
"3075",2024-06-11,16,10,15589.1,563,0,0,29.437456445993,0,0,16897.1,574,0,0,0,0
"3076",2024-06-11,16,15,14264.1,565,0,0,29.437456445993,0,0,16897.1,574,0,0,0,0
"3077",2024-06-11,16,20,14430.1,568,0,0,29.437456445993,0,0,16897.1,574,0,0,0,0
"3078",2024-06-11,16,25,15255.1,568,0,0,29.437456445993,0,0,16897.1,574,0,0,0,0
"3079",2024-06-11,16,30,16036.1,572,0,0,29.437456445993,0,0,16897.1,574,0,0,0,0
"3080",2024-06-11,16,35,16638.1,573,0,0,29.437456445993,0,0,16897.1,574,0,0,0,0
"3081",2024-06-11,16,40,16897.1,574,0,0,29.437456445993,0,0,16897.1,574,0,0,0,0
"3082",2024-06-11,16,45,16297.1,572,0,0,29.437456445993,0,0,16897.1,574,0,0,0,0
"3083",2024-06-11,16,50,15877.1,568,0,0,29.437456445993,0,0,16897.1,574,0,0,0,0
"3084",2024-06-11,16,55,15810.1,570,0,0,29.437456445993,0,0,16897.1,574,0,0,0,0
"3085",2024-06-11,17,0,16533.1,570,0,0,30.0435763888889,0,0,17305.1,578,0,0,0,0
"3086",2024-06-11,17,5,17305.1,576,0,0,30.0435763888889,0,0,17305.1,578,0,0,0,0
"3087",2024-06-11,17,10,16921.1,578,0,0,30.0435763888889,0,0,17305.1,578,0,0,0,0
"3088",2024-06-11,17,15,16965.1,578,0,0,30.0435763888889,0,0,17305.1,578,0,0,0,0
"3089",2024-06-11,17,20,16412.1,572,0,0,30.0435763888889,0,0,17305.1,578,0,0,0,0
"3090",2024-06-11,17,25,15901.1,566,0,0,30.0435763888889,0,0,17305.1,578,0,0,0,0
"3091",2024-06-11,17,30,15702.1,564,0,0,30.0435763888889,0,0,17305.1,578,0,0,0,0
"3092",2024-06-11,17,35,14798.4,556,0,0,30.0435763888889,0,0,17305.1,578,0,0,0,0
"3093",2024-06-11,17,40,15436.1,557,0,0,30.0435763888889,0,0,17305.1,578,0,0,0,0
"3094",2024-06-11,17,45,15618.4,553,0,0,30.0435763888889,0,0,17305.1,578,0,0,0,0
"3095",2024-06-11,17,50,15046.1,554,0,0,30.0435763888889,0,0,17305.1,578,0,0,0,0
"3096",2024-06-11,17,55,15918.1,559,0,0,30.0435763888889,0,0,17305.1,578,0,0,0,0
"3097",2024-06-11,18,0,12141,375,0,0,32.376,0,0,15973.1,550,0,0,0,0
"3098",2024-06-11,18,5,15201.4,550,0,0,32.376,0,0,15973.1,550,0,0,0,0
"3099",2024-06-11,18,10,15756.4,545,0,0,32.376,0,0,15973.1,550,0,0,0,0
"3100",2024-06-11,18,15,15613.4,539,0,0,32.376,0,0,15973.1,550,0,0,0,0
"3101",2024-06-11,18,20,15496.4,538,0,0,32.376,0,0,15973.1,550,0,0,0,0
"3102",2024-06-11,18,25,14996.4,534,0,0,32.376,0,0,15973.1,550,0,0,0,0
"3103",2024-06-11,18,30,15629.4,536,0,0,32.376,0,0,15973.1,550,0,0,0,0
"3104",2024-06-11,18,35,15100.4,514,0,0,32.376,0,0,15973.1,550,0,0,0,0
"3105",2024-06-11,18,40,15973.1,520,0,0,32.376,0,0,15973.1,550,0,0,0,0
"3106",2024-06-11,18,45,15509.1,521,0,0,32.376,0,0,15973.1,550,0,0,0,0
"3107",2024-06-11,18,50,14234.1,513,0,0,32.376,0,0,15973.1,550,0,0,0,0
"3108",2024-06-11,18,55,13886.1,507,0,0,32.376,0,0,15973.1,550,0,0,0,0
"3109",2024-06-11,19,0,13484.1,502,0,0,29.2928229665072,0,0,13484.1,502,0,0,0,0
"3110",2024-06-11,19,5,12813.1,484,0,0,29.2928229665072,0,0,13484.1,502,0,0,0,0
"3111",2024-06-11,19,10,12287.1,474,0,0,29.2928229665072,0,0,13484.1,502,0,0,0,0
"3112",2024-06-11,19,15,12063.4,464,0,0,29.2928229665072,0,0,13484.1,502,0,0,0,0
"3113",2024-06-11,19,20,11645.4,457,0,0,29.2928229665072,0,0,13484.1,502,0,0,0,0
"3114",2024-06-11,19,25,11546.4,450,0,0,29.2928229665072,0,0,13484.1,502,0,0,0,0
"3115",2024-06-11,19,30,11223.4,446,0,0,29.2928229665072,0,0,13484.1,502,0,0,0,0
"3116",2024-06-11,19,35,11479.4,432,0,0,29.2928229665072,0,0,13484.1,502,0,0,0,0
"3117",2024-06-11,19,40,11713.4,430,0,0,29.2928229665072,0,0,13484.1,502,0,0,0,0
"3118",2024-06-11,19,45,12052.4,429,0,0,29.2928229665072,0,0,13484.1,502,0,0,0,0
"3119",2024-06-11,19,50,12170.4,420,0,0,29.2928229665072,0,0,13484.1,502,0,0,0,0
"3120",2024-06-11,19,55,12244.4,418,0,0,29.2928229665072,0,0,13484.1,502,0,0,0,0
"3121",2024-06-11,20,0,12496.7,415,0,0,31.4817480719794,0,0,12496.7,415,0,0,0,0
"3122",2024-06-11,20,5,12332.4,410,0,0,31.4817480719794,0,0,12496.7,415,0,0,0,0
"3123",2024-06-11,20,10,12472.4,407,0,0,31.4817480719794,0,0,12496.7,415,0,0,0,0
"3124",2024-06-11,20,15,12126.4,406,0,0,31.4817480719794,0,0,12496.7,415,0,0,0,0
"3125",2024-06-11,20,20,12209.4,401,0,0,31.4817480719794,0,0,12496.7,415,0,0,0,0
"3126",2024-06-11,20,25,11677.4,396,0,0,31.4817480719794,0,0,12496.7,415,0,0,0,0
"3127",2024-06-11,20,30,11902.4,400,0,0,31.4817480719794,0,0,12496.7,415,0,0,0,0
"3128",2024-06-11,20,35,12246.4,389,0,0,31.4817480719794,0,0,12496.7,415,0,0,0,0
"3129",2024-06-11,20,40,12071.1,390,0,0,31.4817480719794,0,0,12496.7,415,0,0,0,0
"3130",2024-06-11,20,45,11909.8,387,0,0,31.4817480719794,0,0,12496.7,415,0,0,0,0
"3131",2024-06-11,20,50,11749.8,385,0,0,31.4817480719794,0,0,12496.7,415,0,0,0,0
"3132",2024-06-11,20,55,11683.8,382,0,0,31.4817480719794,0,0,12496.7,415,0,0,0,0
"3133",2024-06-11,21,45,9930.8,391,0,0,31.7875968992248,0,0,12301.8,391,0,0,0,0
"3134",2024-06-11,21,50,9816.8,390,0,0,31.7875968992248,0,0,12301.8,391,0,0,0,0
"3135",2024-06-11,21,55,9983.8,388,0,0,31.7875968992248,0,0,12301.8,391,0,0,0,0
"3136",2024-06-11,21,0,12301.8,387,0,0,31.7875968992248,0,0,12301.8,391,0,0,0,0
"3137",2024-06-11,21,5,11766.8,387,0,0,31.7875968992248,0,0,12301.8,391,0,0,0,0
"3138",2024-06-11,21,10,11332.8,390,0,0,31.7875968992248,0,0,12301.8,391,0,0,0,0
"3139",2024-06-11,21,15,11607.1,389,0,0,31.7875968992248,0,0,12301.8,391,0,0,0,0
"3140",2024-06-11,21,20,11964.1,390,0,0,31.7875968992248,0,0,12301.8,391,0,0,0,0
"3141",2024-06-11,21,25,12020.1,389,0,0,31.7875968992248,0,0,12301.8,391,0,0,0,0
"3142",2024-06-11,21,30,11015.1,382,0,0,31.7875968992248,0,0,12301.8,391,0,0,0,0
"3143",2024-06-11,21,35,10197.1,385,0,0,31.7875968992248,0,0,12301.8,391,0,0,0,0
"3144",2024-06-11,21,40,10066.8,389,0,0,31.7875968992248,0,0,12301.8,391,0,0,0,0
"3145",2024-06-11,22,0,9687.8,388,0,0,28.4791878172589,0,0,11220.8,400,0,0,0,0
"3146",2024-06-11,22,5,10712.8,395,0,0,28.4791878172589,0,0,11220.8,400,0,0,0,0
"3147",2024-06-11,22,10,11089.8,400,0,0,28.4791878172589,0,0,11220.8,400,0,0,0,0
"3148",2024-06-11,22,15,10903.8,398,0,0,28.4791878172589,0,0,11220.8,400,0,0,0,0
"3149",2024-06-11,22,20,11008.8,397,0,0,28.4791878172589,0,0,11220.8,400,0,0,0,0
"3150",2024-06-11,22,25,11220.8,394,0,0,28.4791878172589,0,0,11220.8,400,0,0,0,0
"3151",2024-06-11,22,30,11078.8,392,0,0,28.4791878172589,0,0,11220.8,400,0,0,0,0
"3152",2024-06-11,22,35,10278.8,386,0,0,28.4791878172589,0,0,11220.8,400,0,0,0,0
"3153",2024-06-11,22,40,9733.8,387,0,0,28.4791878172589,0,0,11220.8,400,0,0,0,0
"3154",2024-06-11,22,45,9313.8,385,0,0,28.4791878172589,0,0,11220.8,400,0,0,0,0
"3155",2024-06-11,22,50,9613.8,386,0,0,28.4791878172589,0,0,11220.8,400,0,0,0,0
"3156",2024-06-11,22,55,9064.8,380,0,0,28.4791878172589,0,0,11220.8,400,0,0,0,0
"3157",2024-06-11,23,0,9075.8,380,0,0,24.5628169014084,0,0,9394.8,383,0,0,0,0
"3158",2024-06-11,23,5,8844.8,378,0,0,24.5628169014084,0,0,9394.8,383,0,0,0,0
"3159",2024-06-11,23,10,9394.8,383,0,0,24.5628169014084,0,0,9394.8,383,0,0,0,0
"3160",2024-06-11,23,15,8962.8,376,0,0,24.5628169014084,0,0,9394.8,383,0,0,0,0
"3161",2024-06-11,23,20,8585.8,372,0,0,24.5628169014084,0,0,9394.8,383,0,0,0,0
"3162",2024-06-11,23,25,8624.8,369,0,0,24.5628169014084,0,0,9394.8,383,0,0,0,0
"3163",2024-06-11,23,30,8657.8,370,0,0,24.5628169014084,0,0,9394.8,383,0,0,0,0
"3164",2024-06-11,23,35,8291.8,355,0,0,24.5628169014084,0,0,9394.8,383,0,0,0,0
"3165",2024-06-11,23,40,8291.8,355,0,0,24.5628169014084,0,0,9394.8,383,0,0,0,0
"3166",2024-06-11,23,45,8269.8,354,0,0,24.5628169014084,0,0,9394.8,383,0,0,0,0
"3167",2024-06-11,23,50,8719.8,356,0,0,24.5628169014084,0,0,9394.8,383,0,0,0,0
"3168",2024-06-11,23,55,8719.8,355,0,0,24.5628169014084,0,0,9394.8,383,0,0,0,0
"3169",2024-06-12,0,0,9262.4,365,0,0,27.4765217391304,0,0,9479.4,365,0,0,0,0
"3170",2024-06-12,0,5,8650.4,347,0,0,27.4765217391304,0,0,9479.4,365,0,0,0,0
"3171",2024-06-12,0,10,8595.4,346,0,0,27.4765217391304,0,0,9479.4,365,0,0,0,0
"3172",2024-06-12,0,15,8731.4,344,0,0,27.4765217391304,0,0,9479.4,365,0,0,0,0
"3173",2024-06-12,0,20,8961.4,346,0,0,27.4765217391304,0,0,9479.4,365,0,0,0,0
"3174",2024-06-12,0,25,9004.4,341,0,0,27.4765217391304,0,0,9479.4,365,0,0,0,0
"3175",2024-06-12,0,30,9479.4,345,0,0,27.4765217391304,0,0,9479.4,365,0,0,0,0
"3176",2024-06-12,0,35,8904.4,328,0,0,27.4765217391304,0,0,9479.4,365,0,0,0,0
"3177",2024-06-12,0,40,8860.4,326,0,0,27.4765217391304,0,0,9479.4,365,0,0,0,0
"3178",2024-06-12,0,45,8860.4,325,0,0,27.4765217391304,0,0,9479.4,365,0,0,0,0
"3179",2024-06-12,0,50,8538.4,323,0,0,27.4765217391304,0,0,9479.4,365,0,0,0,0
"3180",2024-06-12,0,55,8505.4,322,0,0,27.4765217391304,0,0,9479.4,365,0,0,0,0
"3181",2024-06-12,1,0,8139.4,318,0,0,25.5955974842767,0,0,8139.4,324,0,0,0,0
"3182",2024-06-12,1,5,7382.4,323,0,0,25.5955974842767,0,0,8139.4,324,0,0,0,0
"3183",2024-06-12,1,10,7363.4,324,0,0,25.5955974842767,0,0,8139.4,324,0,0,0,0
"3184",2024-06-12,1,15,7269.4,324,0,0,25.5955974842767,0,0,8139.4,324,0,0,0,0
"3185",2024-06-12,1,20,7258.4,323,0,0,25.5955974842767,0,0,8139.4,324,0,0,0,0
"3186",2024-06-12,1,25,7236.4,322,0,0,25.5955974842767,0,0,8139.4,324,0,0,0,0
"3187",2024-06-12,1,30,7120.4,320,0,0,25.5955974842767,0,0,8139.4,324,0,0,0,0
"3188",2024-06-12,1,35,7194.4,314,0,0,25.5955974842767,0,0,8139.4,324,0,0,0,0
"3189",2024-06-12,1,40,7205.4,315,0,0,25.5955974842767,0,0,8139.4,324,0,0,0,0
"3190",2024-06-12,1,45,7205.4,315,0,0,25.5955974842767,0,0,8139.4,324,0,0,0,0
"3191",2024-06-12,1,50,7161.4,314,0,0,25.5955974842767,0,0,8139.4,324,0,0,0,0
"3192",2024-06-12,1,55,7395.4,312,0,0,25.5955974842767,0,0,8139.4,324,0,0,0,0
"3193",2024-06-12,2,0,7026.4,317,0,0,22.84,0,0,7091.4,317,0,0,0,0
"3194",2024-06-12,2,5,6496.4,310,0,0,22.84,0,0,7091.4,317,0,0,0,0
"3195",2024-06-12,2,10,6774.4,310,0,0,22.84,0,0,7091.4,317,0,0,0,0
"3196",2024-06-12,2,15,7074.4,311,0,0,22.84,0,0,7091.4,317,0,0,0,0
"3197",2024-06-12,2,20,7074.4,311,0,0,22.84,0,0,7091.4,317,0,0,0,0
"3198",2024-06-12,2,25,7074.4,311,0,0,22.84,0,0,7091.4,317,0,0,0,0
"3199",2024-06-12,2,30,7085.4,312,0,0,22.84,0,0,7091.4,317,0,0,0,0
"3200",2024-06-12,2,35,7091.4,311,0,0,22.84,0,0,7091.4,317,0,0,0,0
"3201",2024-06-12,2,40,7080.4,310,0,0,22.84,0,0,7091.4,317,0,0,0,0
"3202",2024-06-12,2,45,7080.4,310,0,0,22.84,0,0,7091.4,317,0,0,0,0
"3203",2024-06-12,2,50,7080.4,310,0,0,22.84,0,0,7091.4,317,0,0,0,0
"3204",2024-06-12,2,55,7030.4,309,0,0,22.84,0,0,7091.4,317,0,0,0,0
"3205",2024-06-12,3,0,7030.4,309,0,0,23.2472131147541,0,0,7090.4,309,0,0,0,0
"3206",2024-06-12,3,5,6869.4,307,0,0,23.2472131147541,0,0,7090.4,309,0,0,0,0
"3207",2024-06-12,3,10,6607.4,306,0,0,23.2472131147541,0,0,7090.4,309,0,0,0,0
"3208",2024-06-12,3,15,6607.4,306,0,0,23.2472131147541,0,0,7090.4,309,0,0,0,0
"3209",2024-06-12,3,20,6607.4,306,0,0,23.2472131147541,0,0,7090.4,309,0,0,0,0
"3210",2024-06-12,3,25,6885.4,306,0,0,23.2472131147541,0,0,7090.4,309,0,0,0,0
"3211",2024-06-12,3,30,6885.4,306,0,0,23.2472131147541,0,0,7090.4,309,0,0,0,0
"3212",2024-06-12,3,35,7090.4,305,0,0,23.2472131147541,0,0,7090.4,309,0,0,0,0
"3213",2024-06-12,3,40,7090.4,305,0,0,23.2472131147541,0,0,7090.4,309,0,0,0,0
"3214",2024-06-12,3,45,6790.4,304,0,0,23.2472131147541,0,0,7090.4,309,0,0,0,0
"3215",2024-06-12,3,50,6790.4,304,0,0,23.2472131147541,0,0,7090.4,309,0,0,0,0
"3216",2024-06-12,3,55,6812.4,305,0,0,23.2472131147541,0,0,7090.4,309,0,0,0,0
"3217",2024-06-12,4,0,6812.4,305,0,0,22.335737704918,0,0,6812.4,305,0,0,0,0
"3218",2024-06-12,4,5,6302.4,303,0,0,22.335737704918,0,0,6812.4,305,0,0,0,0
"3219",2024-06-12,4,10,6242.4,302,0,0,22.335737704918,0,0,6812.4,305,0,0,0,0
"3220",2024-06-12,4,15,6242.4,302,0,0,22.335737704918,0,0,6812.4,305,0,0,0,0
"3221",2024-06-12,4,20,6542.4,303,0,0,22.335737704918,0,0,6812.4,305,0,0,0,0
"3222",2024-06-12,4,25,6542.4,303,0,0,22.335737704918,0,0,6812.4,305,0,0,0,0
"3223",2024-06-12,4,30,6542.4,303,0,0,22.335737704918,0,0,6812.4,305,0,0,0,0
"3224",2024-06-12,4,35,6492.4,302,0,0,22.335737704918,0,0,6812.4,305,0,0,0,0
"3225",2024-06-12,4,40,6492.4,302,0,0,22.335737704918,0,0,6812.4,305,0,0,0,0
"3226",2024-06-12,4,45,6214.4,302,0,0,22.335737704918,0,0,6812.4,305,0,0,0,0
"3227",2024-06-12,4,50,6214.4,302,0,0,22.335737704918,0,0,6812.4,305,0,0,0,0
"3228",2024-06-12,4,55,6214.4,302,0,0,22.335737704918,0,0,6812.4,305,0,0,0,0
"3229",2024-06-12,5,0,6214.4,302,0,0,21.2358306188925,0,0,6552.4,309,0,0,0,0
"3230",2024-06-12,5,5,6236.4,304,0,0,21.2358306188925,0,0,6552.4,309,0,0,0,0
"3231",2024-06-12,5,10,6236.4,304,0,0,21.2358306188925,0,0,6552.4,309,0,0,0,0
"3232",2024-06-12,5,15,6258.4,305,0,0,21.2358306188925,0,0,6552.4,309,0,0,0,0
"3233",2024-06-12,5,20,6258.4,305,0,0,21.2358306188925,0,0,6552.4,309,0,0,0,0
"3234",2024-06-12,5,25,6258.4,305,0,0,21.2358306188925,0,0,6552.4,309,0,0,0,0
"3235",2024-06-12,5,30,6258.4,305,0,0,21.2358306188925,0,0,6552.4,309,0,0,0,0
"3236",2024-06-12,5,35,6552.4,309,0,0,21.2358306188925,0,0,6552.4,309,0,0,0,0
"3237",2024-06-12,5,40,6552.4,309,0,0,21.2358306188925,0,0,6552.4,309,0,0,0,0
"3238",2024-06-12,5,45,6552.4,309,0,0,21.2358306188925,0,0,6552.4,309,0,0,0,0
"3239",2024-06-12,5,50,6552.4,309,0,0,21.2358306188925,0,0,6552.4,309,0,0,0,0
"3240",2024-06-12,5,55,6519.4,307,0,0,21.2358306188925,0,0,6552.4,309,0,0,0,0
"3241",2024-06-12,6,0,6519.4,307,0,0,22.7169329073482,0,0,7110.4,313,0,0,0,0
"3242",2024-06-12,6,5,6739.4,310,0,0,22.7169329073482,0,0,7110.4,313,0,0,0,0
"3243",2024-06-12,6,10,6728.4,310,0,0,22.7169329073482,0,0,7110.4,313,0,0,0,0
"3244",2024-06-12,6,15,6728.4,310,0,0,22.7169329073482,0,0,7110.4,313,0,0,0,0
"3245",2024-06-12,6,20,6788.4,311,0,0,22.7169329073482,0,0,7110.4,313,0,0,0,0
"3246",2024-06-12,6,25,6788.4,311,0,0,22.7169329073482,0,0,7110.4,313,0,0,0,0
"3247",2024-06-12,6,30,7110.4,313,0,0,22.7169329073482,0,0,7110.4,313,0,0,0,0
"3248",2024-06-12,6,35,7040.4,311,0,0,22.7169329073482,0,0,7110.4,313,0,0,0,0
"3249",2024-06-12,6,40,7040.4,311,0,0,22.7169329073482,0,0,7110.4,313,0,0,0,0
"3250",2024-06-12,6,45,7040.4,311,0,0,22.7169329073482,0,0,7110.4,313,0,0,0,0
"3251",2024-06-12,6,50,7040.4,311,0,0,22.7169329073482,0,0,7110.4,313,0,0,0,0
"3252",2024-06-12,6,55,7040.4,311,0,0,22.7169329073482,0,0,7110.4,313,0,0,0,0
"3253",2024-06-12,7,0,6762.4,311,0,0,23.2006430868167,0,0,7248.4,314,0,0,0,0
"3254",2024-06-12,7,5,6773.4,311,0,0,23.2006430868167,0,0,7248.4,314,0,0,0,0
"3255",2024-06-12,7,10,6773.4,311,0,0,23.2006430868167,0,0,7248.4,314,0,0,0,0
"3256",2024-06-12,7,15,6669.4,309,0,0,23.2006430868167,0,0,7248.4,314,0,0,0,0
"3257",2024-06-12,7,20,6647.4,308,0,0,23.2006430868167,0,0,7248.4,314,0,0,0,0
"3258",2024-06-12,7,25,6647.4,308,0,0,23.2006430868167,0,0,7248.4,314,0,0,0,0
"3259",2024-06-12,7,30,6614.4,306,0,0,23.2006430868167,0,0,7248.4,314,0,0,0,0
"3260",2024-06-12,7,35,6775.4,309,0,0,23.2006430868167,0,0,7248.4,314,0,0,0,0
"3261",2024-06-12,7,40,6955.4,310,0,0,23.2006430868167,0,0,7248.4,314,0,0,0,0
"3262",2024-06-12,7,45,6855.4,309,0,0,23.2006430868167,0,0,7248.4,314,0,0,0,0
"3263",2024-06-12,7,50,7215.4,311,0,0,23.2006430868167,0,0,7248.4,314,0,0,0,0
"3264",2024-06-12,7,55,7248.4,314,0,0,23.2006430868167,0,0,7248.4,314,0,0,0,0
"3265",2024-06-12,8,45,9056.4,372,0,0,26.1983561643836,0,0,9562.4,382,0,0,0,0
"3266",2024-06-12,8,50,9100.4,375,0,0,26.1983561643836,0,0,9562.4,382,0,0,0,0
"3267",2024-06-12,8,55,9289.4,382,0,0,26.1983561643836,0,0,9562.4,382,0,0,0,0
"3268",2024-06-12,8,0,7281.4,315,0,0,26.1983561643836,0,0,9562.4,382,0,0,0,0
"3269",2024-06-12,8,5,7284.4,319,0,0,26.1983561643836,0,0,9562.4,382,0,0,0,0
"3270",2024-06-12,8,10,7460.4,327,0,0,26.1983561643836,0,0,9562.4,382,0,0,0,0
"3271",2024-06-12,8,15,7526.4,330,0,0,26.1983561643836,0,0,9562.4,382,0,0,0,0
"3272",2024-06-12,8,20,7663.4,335,0,0,26.1983561643836,0,0,9562.4,382,0,0,0,0
"3273",2024-06-12,8,25,8519.4,346,0,0,26.1983561643836,0,0,9562.4,382,0,0,0,0
"3274",2024-06-12,8,30,8881.4,359,0,0,26.1983561643836,0,0,9562.4,382,0,0,0,0
"3275",2024-06-12,8,35,9562.4,365,0,0,26.1983561643836,0,0,9562.4,382,0,0,0,0
"3276",2024-06-12,8,40,9231.7,366,0,0,26.1983561643836,0,0,9562.4,382,0,0,0,0
"3277",2024-06-12,9,0,9415.4,389,0,0,27.5384928716904,0,0,13521.4,491,0,0,0,0
"3278",2024-06-12,9,5,10007.4,418,0,0,27.5384928716904,0,0,13521.4,491,0,0,0,0
"3279",2024-06-12,9,10,9883.4,427,0,0,27.5384928716904,0,0,13521.4,491,0,0,0,0
"3280",2024-06-12,9,15,10119.4,427,0,0,27.5384928716904,0,0,13521.4,491,0,0,0,0
"3281",2024-06-12,9,20,10494.4,429,0,0,27.5384928716904,0,0,13521.4,491,0,0,0,0
"3282",2024-06-12,9,25,10691.4,439,0,0,27.5384928716904,0,0,13521.4,491,0,0,0,0
"3283",2024-06-12,9,30,10796.4,444,0,0,27.5384928716904,0,0,13521.4,491,0,0,0,0
"3284",2024-06-12,9,35,12218.4,463,0,0,27.5384928716904,0,0,13521.4,491,0,0,0,0
"3285",2024-06-12,9,40,12818.4,467,0,0,27.5384928716904,0,0,13521.4,491,0,0,0,0
"3286",2024-06-12,9,45,12922.4,476,0,0,27.5384928716904,0,0,13521.4,491,0,0,0,0
"3287",2024-06-12,9,50,12816.4,480,0,0,27.5384928716904,0,0,13521.4,491,0,0,0,0
"3288",2024-06-12,9,55,13521.4,491,0,0,27.5384928716904,0,0,13521.4,491,0,0,0,0
"3289",2024-06-12,10,0,13435.4,492,0,0,28.407326007326,0,0,15628.4,584,0,0,0,0
"3290",2024-06-12,10,5,13927.4,517,0,0,28.407326007326,0,0,15628.4,584,0,0,0,0
"3291",2024-06-12,10,10,14287.4,523,0,0,28.407326007326,0,0,15628.4,584,0,0,0,0
"3292",2024-06-12,10,15,14997.4,532,0,0,28.407326007326,0,0,15628.4,584,0,0,0,0
"3293",2024-06-12,10,20,15510.4,546,0,0,28.407326007326,0,0,15628.4,584,0,0,0,0
"3294",2024-06-12,10,25,15609.4,551,0,0,28.407326007326,0,0,15628.4,584,0,0,0,0
"3295",2024-06-12,10,30,15628.4,553,0,0,28.407326007326,0,0,15628.4,584,0,0,0,0
"3296",2024-06-12,10,35,15271.4,568,0,0,28.407326007326,0,0,15628.4,584,0,0,0,0
"3297",2024-06-12,10,40,14868.4,570,0,0,28.407326007326,0,0,15628.4,584,0,0,0,0
"3298",2024-06-12,10,45,15383.4,580,0,0,28.407326007326,0,0,15628.4,584,0,0,0,0
"3299",2024-06-12,10,50,14903.4,584,0,0,28.407326007326,0,0,15628.4,584,0,0,0,0
"3300",2024-06-12,10,55,14622.4,583,0,0,28.407326007326,0,0,15628.4,584,0,0,0,0
"3301",2024-06-12,11,0,14453.4,581,0,0,25.0604651162791,0,0,15086.4,604,0,0,0,0
"3302",2024-06-12,11,5,15004.4,600,0,0,25.0604651162791,0,0,15086.4,604,0,0,0,0
"3303",2024-06-12,11,10,15086.4,602,0,0,25.0604651162791,0,0,15086.4,604,0,0,0,0
"3304",2024-06-12,11,15,15010.4,603,0,0,25.0604651162791,0,0,15086.4,604,0,0,0,0
"3305",2024-06-12,11,20,14909.4,604,0,0,25.0604651162791,0,0,15086.4,604,0,0,0,0
"3306",2024-06-12,11,25,14758.4,600,0,0,25.0604651162791,0,0,15086.4,604,0,0,0,0
"3307",2024-06-12,11,30,14798.4,601,0,0,25.0604651162791,0,0,15086.4,604,0,0,0,0
"3308",2024-06-12,11,35,14248.4,600,0,0,25.0604651162791,0,0,15086.4,604,0,0,0,0
"3309",2024-06-12,11,40,14171.4,596,0,0,25.0604651162791,0,0,15086.4,604,0,0,0,0
"3310",2024-06-12,11,45,14176.4,597,0,0,25.0604651162791,0,0,15086.4,604,0,0,0,0
"3311",2024-06-12,11,50,14454.4,596,0,0,25.0604651162791,0,0,15086.4,604,0,0,0,0
"3312",2024-06-12,11,55,14449.4,594,0,0,25.0604651162791,0,0,15086.4,604,0,0,0,0
"3313",2024-06-12,12,0,14865.4,601,0,0,25.3580327868852,0,0,15468.4,618,0,0,0,0
"3314",2024-06-12,12,5,14938.4,605,0,0,25.3580327868852,0,0,15468.4,618,0,0,0,0
"3315",2024-06-12,12,10,14661.4,607,0,0,25.3580327868852,0,0,15468.4,618,0,0,0,0
"3316",2024-06-12,12,15,14819.4,608,0,0,25.3580327868852,0,0,15468.4,618,0,0,0,0
"3317",2024-06-12,12,20,14863.4,610,0,0,25.3580327868852,0,0,15468.4,618,0,0,0,0
"3318",2024-06-12,12,25,14062.4,614,0,0,25.3580327868852,0,0,15468.4,618,0,0,0,0
"3319",2024-06-12,12,30,14231.4,614,0,0,25.3580327868852,0,0,15468.4,618,0,0,0,0
"3320",2024-06-12,12,35,14442.4,615,0,0,25.3580327868852,0,0,15468.4,618,0,0,0,0
"3321",2024-06-12,12,40,14797.4,618,0,0,25.3580327868852,0,0,15468.4,618,0,0,0,0
"3322",2024-06-12,12,45,15135.4,617,0,0,25.3580327868852,0,0,15468.4,618,0,0,0,0
"3323",2024-06-12,12,50,15248.4,610,0,0,25.3580327868852,0,0,15468.4,618,0,0,0,0
"3324",2024-06-12,12,55,15468.4,610,0,0,25.3580327868852,0,0,15468.4,618,0,0,0,0
"3325",2024-06-12,13,5,15714.4,610,0,0,28.6242122719735,0,0,17374.4,617,0,0,0,0
"3326",2024-06-12,13,10,15856.4,610,0,0,28.6242122719735,0,0,17374.4,617,0,0,0,0
"3327",2024-06-12,13,15,16167.4,611,0,0,28.6242122719735,0,0,17374.4,617,0,0,0,0
"3328",2024-06-12,13,20,16669.4,615,0,0,28.6242122719735,0,0,17374.4,617,0,0,0,0
"3329",2024-06-12,13,25,16592.4,612,0,0,28.6242122719735,0,0,17374.4,617,0,0,0,0
"3330",2024-06-12,13,30,16892.4,617,0,0,28.6242122719735,0,0,17374.4,617,0,0,0,0
"3331",2024-06-12,13,35,17374.4,608,0,0,28.6242122719735,0,0,17374.4,617,0,0,0,0
"3332",2024-06-12,13,40,16132.4,601,0,0,28.6242122719735,0,0,17374.4,617,0,0,0,0
"3333",2024-06-12,13,45,17260.4,603,0,0,28.6242122719735,0,0,17374.4,617,0,0,0,0
"3334",2024-06-12,13,50,16636.4,592,0,0,28.6242122719735,0,0,17374.4,617,0,0,0,0
"3335",2024-06-12,13,55,16796.1,590,0,0,28.6242122719735,0,0,17374.4,617,0,0,0,0
"3336",2024-06-12,13,0,15321.4,612,0,0,28.6242122719735,0,0,17374.4,617,0,0,0,0
"3337",2024-06-12,14,35,18776.5,577,0,0,32.5904347826087,0,0,18776.5,584,0,0,0,0
"3338",2024-06-12,14,40,18056.5,564,0,0,32.5904347826087,0,0,18776.5,584,0,0,0,0
"3339",2024-06-12,14,45,17289.5,562,0,0,32.5904347826087,0,0,18776.5,584,0,0,0,0
"3340",2024-06-12,14,50,17073.5,563,0,0,32.5904347826087,0,0,18776.5,584,0,0,0,0
"3341",2024-06-12,14,55,15528.5,562,0,0,32.5904347826087,0,0,18776.5,584,0,0,0,0
"3342",2024-06-12,14,0,16468.1,584,0,0,32.5904347826087,0,0,18776.5,584,0,0,0,0
"3343",2024-06-12,14,5,16671.1,581,0,0,32.5904347826087,0,0,18776.5,584,0,0,0,0
"3344",2024-06-12,14,10,16719.1,575,0,0,32.5904347826087,0,0,18776.5,584,0,0,0,0
"3345",2024-06-12,14,15,16477.5,570,0,0,32.5904347826087,0,0,18776.5,584,0,0,0,0
"3346",2024-06-12,14,20,17839.5,574,0,0,32.5904347826087,0,0,18776.5,584,0,0,0,0
"3347",2024-06-12,14,25,17864.5,572,0,0,32.5904347826087,0,0,18776.5,584,0,0,0,0
"3348",2024-06-12,14,30,18739.5,575,0,0,32.5904347826087,0,0,18776.5,584,0,0,0,0
"3349",2024-06-12,15,0,15471.5,562,0,0,27.7370766488414,0,0,15560.5,563,0,0,0,0
"3350",2024-06-12,15,5,15548.5,563,0,0,27.7370766488414,0,0,15560.5,563,0,0,0,0
"3351",2024-06-12,15,10,15227.5,559,0,0,27.7370766488414,0,0,15560.5,563,0,0,0,0
"3352",2024-06-12,15,15,15560.5,561,0,0,27.7370766488414,0,0,15560.5,563,0,0,0,0
"3353",2024-06-12,15,20,15484.5,563,0,0,27.7370766488414,0,0,15560.5,563,0,0,0,0
"3354",2024-06-12,15,25,15281.5,560,0,0,27.7370766488414,0,0,15560.5,563,0,0,0,0
"3355",2024-06-12,15,30,15074.5,562,0,0,27.7370766488414,0,0,15560.5,563,0,0,0,0
"3356",2024-06-12,15,35,13868.5,543,0,0,27.7370766488414,0,0,15560.5,563,0,0,0,0
"3357",2024-06-12,15,40,13958.5,539,0,0,27.7370766488414,0,0,15560.5,563,0,0,0,0
"3358",2024-06-12,15,45,13767.5,538,0,0,27.7370766488414,0,0,15560.5,563,0,0,0,0
"3359",2024-06-12,15,50,14057.5,548,0,0,27.7370766488414,0,0,15560.5,563,0,0,0,0
"3360",2024-06-12,15,55,14450.5,552,0,0,27.7370766488414,0,0,15560.5,563,0,0,0,0
"3361",2024-06-12,16,5,14702.5,557,0,0,28.8106960950764,0,0,16969.5,589,0,0,0,0
"3362",2024-06-12,16,10,15047.5,562,0,0,28.8106960950764,0,0,16969.5,589,0,0,0,0
"3363",2024-06-12,16,15,15312.5,573,0,0,28.8106960950764,0,0,16969.5,589,0,0,0,0
"3364",2024-06-12,16,20,15252.5,575,0,0,28.8106960950764,0,0,16969.5,589,0,0,0,0
"3365",2024-06-12,16,25,16067.5,577,0,0,28.8106960950764,0,0,16969.5,589,0,0,0,0
"3366",2024-06-12,16,30,16053.5,579,0,0,28.8106960950764,0,0,16969.5,589,0,0,0,0
"3367",2024-06-12,16,35,16969.5,589,0,0,28.8106960950764,0,0,16969.5,589,0,0,0,0
"3368",2024-06-12,16,40,15659.5,584,0,0,28.8106960950764,0,0,16969.5,589,0,0,0,0
"3369",2024-06-12,16,45,16564.8,587,0,0,28.8106960950764,0,0,16969.5,589,0,0,0,0
"3370",2024-06-12,16,50,16260.2,584,0,0,28.8106960950764,0,0,16969.5,589,0,0,0,0
"3371",2024-06-12,16,55,16047.2,579,0,0,28.8106960950764,0,0,16969.5,589,0,0,0,0
"3372",2024-06-12,16,0,15148.5,555,0,0,28.8106960950764,0,0,16969.5,589,0,0,0,0
"3373",2024-06-12,17,0,15051.2,571,0,0,28.772192513369,0,0,16565.2,578,0,0,0,0
"3374",2024-06-12,17,5,15120.2,573,0,0,28.772192513369,0,0,16565.2,578,0,0,0,0
"3375",2024-06-12,17,10,14752.2,578,0,0,28.772192513369,0,0,16565.2,578,0,0,0,0
"3376",2024-06-12,17,15,14928.2,575,0,0,28.772192513369,0,0,16565.2,578,0,0,0,0
"3377",2024-06-12,17,20,15246.2,574,0,0,28.772192513369,0,0,16565.2,578,0,0,0,0
"3378",2024-06-12,17,25,15695.2,578,0,0,28.772192513369,0,0,16565.2,578,0,0,0,0
"3379",2024-06-12,17,30,16565.2,576,0,0,28.772192513369,0,0,16565.2,578,0,0,0,0
"3380",2024-06-12,17,35,16141.2,561,0,0,28.772192513369,0,0,16565.2,578,0,0,0,0
"3381",2024-06-12,17,40,15536.2,562,0,0,28.772192513369,0,0,16565.2,578,0,0,0,0
"3382",2024-06-12,17,45,15037.2,555,0,0,28.772192513369,0,0,16565.2,578,0,0,0,0
"3383",2024-06-12,17,50,14989.2,561,0,0,28.772192513369,0,0,16565.2,578,0,0,0,0
"3384",2024-06-12,17,55,15043.9,559,0,0,28.772192513369,0,0,16565.2,578,0,0,0,0
"3385",2024-06-12,18,0,7828,245,0,0,31.9510204081633,0,0,15545.9,559,0,0,0,0
"3386",2024-06-12,18,5,15310.9,559,0,0,31.9510204081633,0,0,15545.9,559,0,0,0,0
"3387",2024-06-12,18,10,15545.9,557,0,0,31.9510204081633,0,0,15545.9,559,0,0,0,0
"3388",2024-06-12,18,15,15252.9,549,0,0,31.9510204081633,0,0,15545.9,559,0,0,0,0
"3389",2024-06-12,18,20,15114.9,549,0,0,31.9510204081633,0,0,15545.9,559,0,0,0,0
"3390",2024-06-12,18,25,14983.9,542,0,0,31.9510204081633,0,0,15545.9,559,0,0,0,0
"3391",2024-06-12,18,30,13890.2,536,0,0,31.9510204081633,0,0,15545.9,559,0,0,0,0
"3392",2024-06-12,18,35,14018.2,530,0,0,31.9510204081633,0,0,15545.9,559,0,0,0,0
"3393",2024-06-12,18,40,14653.2,528,0,0,31.9510204081633,0,0,15545.9,559,0,0,0,0
"3394",2024-06-12,18,45,14739.2,522,0,0,31.9510204081633,0,0,15545.9,559,0,0,0,0
"3395",2024-06-12,18,50,15416.2,527,0,0,31.9510204081633,0,0,15545.9,559,0,0,0,0
"3396",2024-06-12,18,55,14951.2,526,0,0,31.9510204081633,0,0,15545.9,559,0,0,0,0
"3397",2024-06-12,19,0,14568.8,520,0,0,29.2349557522124,0,0,14568.8,520,0,0,0,0
"3398",2024-06-12,19,5,14408.5,508,0,0,29.2349557522124,0,0,14568.8,520,0,0,0,0
"3399",2024-06-12,19,10,13630.5,498,0,0,29.2349557522124,0,0,14568.8,520,0,0,0,0
"3400",2024-06-12,19,15,13752.5,489,0,0,29.2349557522124,0,0,14568.8,520,0,0,0,0
"3401",2024-06-12,19,20,13204.2,488,0,0,29.2349557522124,0,0,14568.8,520,0,0,0,0
"3402",2024-06-12,19,25,13504.2,488,0,0,29.2349557522124,0,0,14568.8,520,0,0,0,0
"3403",2024-06-12,19,30,14055.2,489,0,0,29.2349557522124,0,0,14568.8,520,0,0,0,0
"3404",2024-06-12,19,35,13736.2,476,0,0,29.2349557522124,0,0,14568.8,520,0,0,0,0
"3405",2024-06-12,19,40,13341.2,466,0,0,29.2349557522124,0,0,14568.8,520,0,0,0,0
"3406",2024-06-12,19,45,13237.2,464,0,0,29.2349557522124,0,0,14568.8,520,0,0,0,0
"3407",2024-06-12,19,50,13133.2,457,0,0,29.2349557522124,0,0,14568.8,520,0,0,0,0
"3408",2024-06-12,19,55,13214.2,452,0,0,29.2349557522124,0,0,14568.8,520,0,0,0,0
"3409",2024-06-12,20,0,12317.2,444,0,0,28.812037037037,0,0,12446.8,444,0,0,0,0
"3410",2024-06-12,20,5,11435.2,438,0,0,28.812037037037,0,0,12446.8,444,0,0,0,0
"3411",2024-06-12,20,10,11935.2,431,0,0,28.812037037037,0,0,12446.8,444,0,0,0,0
"3412",2024-06-12,20,15,12198.2,433,0,0,28.812037037037,0,0,12446.8,444,0,0,0,0
"3413",2024-06-12,20,20,12446.8,432,0,0,28.812037037037,0,0,12446.8,444,0,0,0,0
"3414",2024-06-12,20,25,12245.8,436,0,0,28.812037037037,0,0,12446.8,444,0,0,0,0
"3415",2024-06-12,20,30,11323.8,431,0,0,28.812037037037,0,0,12446.8,444,0,0,0,0
"3416",2024-06-12,20,35,11136.8,431,0,0,28.812037037037,0,0,12446.8,444,0,0,0,0
"3417",2024-06-12,20,40,10678.8,422,0,0,28.812037037037,0,0,12446.8,444,0,0,0,0
"3418",2024-06-12,20,45,11575.8,428,0,0,28.812037037037,0,0,12446.8,444,0,0,0,0
"3419",2024-06-12,20,50,11597.8,424,0,0,28.812037037037,0,0,12446.8,444,0,0,0,0
"3420",2024-06-12,20,55,12230.8,426,0,0,28.812037037037,0,0,12446.8,444,0,0,0,0
"3421",2024-06-12,21,0,12557.8,428,0,0,30.2496503496503,0,0,12977.1,438,0,0,0,0
"3422",2024-06-12,21,5,12977.1,429,0,0,30.2496503496503,0,0,12977.1,438,0,0,0,0
"3423",2024-06-12,21,10,12856.1,425,0,0,30.2496503496503,0,0,12977.1,438,0,0,0,0
"3424",2024-06-12,21,15,12308.1,430,0,0,30.2496503496503,0,0,12977.1,438,0,0,0,0
"3425",2024-06-12,21,20,12064.1,429,0,0,30.2496503496503,0,0,12977.1,438,0,0,0,0
"3426",2024-06-12,21,25,11852.1,434,0,0,30.2496503496503,0,0,12977.1,438,0,0,0,0
"3427",2024-06-12,21,30,11874.8,438,0,0,30.2496503496503,0,0,12977.1,438,0,0,0,0
"3428",2024-06-12,21,35,10536.8,421,0,0,30.2496503496503,0,0,12977.1,438,0,0,0,0
"3429",2024-06-12,21,40,10997.8,423,0,0,30.2496503496503,0,0,12977.1,438,0,0,0,0
"3430",2024-06-12,21,45,11276.8,424,0,0,30.2496503496503,0,0,12977.1,438,0,0,0,0
"3431",2024-06-12,21,50,10867.1,424,0,0,30.2496503496503,0,0,12977.1,438,0,0,0,0
"3432",2024-06-12,21,55,11059.1,421,0,0,30.2496503496503,0,0,12977.1,438,0,0,0,0
"3433",2024-06-12,22,0,11330.1,420,0,0,28.6941588785047,0,0,12281.1,428,0,0,0,0
"3434",2024-06-12,22,5,12033.1,428,0,0,28.6941588785047,0,0,12281.1,428,0,0,0,0
"3435",2024-06-12,22,10,12281.1,428,0,0,28.6941588785047,0,0,12281.1,428,0,0,0,0
"3436",2024-06-12,22,15,12078.1,426,0,0,28.6941588785047,0,0,12281.1,428,0,0,0,0
"3437",2024-06-12,22,20,11440.1,424,0,0,28.6941588785047,0,0,12281.1,428,0,0,0,0
"3438",2024-06-12,22,25,11868.1,426,0,0,28.6941588785047,0,0,12281.1,428,0,0,0,0
"3439",2024-06-12,22,30,11342.1,426,0,0,28.6941588785047,0,0,12281.1,428,0,0,0,0
"3440",2024-06-12,22,35,11374.1,408,0,0,28.6941588785047,0,0,12281.1,428,0,0,0,0
"3441",2024-06-12,22,40,10419.1,407,0,0,28.6941588785047,0,0,12281.1,428,0,0,0,0
"3442",2024-06-12,22,45,10150.1,402,0,0,28.6941588785047,0,0,12281.1,428,0,0,0,0
"3443",2024-06-12,22,50,10253.1,401,0,0,28.6941588785047,0,0,12281.1,428,0,0,0,0
"3444",2024-06-12,22,55,10309.1,401,0,0,28.6941588785047,0,0,12281.1,428,0,0,0,0
"3445",2024-06-12,23,0,10870.1,404,0,0,28.5243037974684,0,0,11267.1,404,0,0,0,0
"3446",2024-06-12,23,5,9653.1,383,0,0,28.5243037974684,0,0,11267.1,404,0,0,0,0
"3447",2024-06-12,23,10,11211.1,395,0,0,28.5243037974684,0,0,11267.1,404,0,0,0,0
"3448",2024-06-12,23,15,11267.1,395,0,0,28.5243037974684,0,0,11267.1,404,0,0,0,0
"3449",2024-06-12,23,20,11167.1,394,0,0,28.5243037974684,0,0,11267.1,404,0,0,0,0
"3450",2024-06-12,23,25,10797.4,389,0,0,28.5243037974684,0,0,11267.1,404,0,0,0,0
"3451",2024-06-12,23,30,10680.4,389,0,0,28.5243037974684,0,0,11267.1,404,0,0,0,0
"3452",2024-06-12,23,35,10240.4,380,0,0,28.5243037974684,0,0,11267.1,404,0,0,0,0
"3453",2024-06-12,23,40,10136.4,377,0,0,28.5243037974684,0,0,11267.1,404,0,0,0,0
"3454",2024-06-12,23,45,10458.4,379,0,0,28.5243037974684,0,0,11267.1,404,0,0,0,0
"3455",2024-06-12,23,50,9805.4,374,0,0,28.5243037974684,0,0,11267.1,404,0,0,0,0
"3456",2024-06-12,23,55,9372.4,370,0,0,28.5243037974684,0,0,11267.1,404,0,0,0,0
"3457",2024-06-13,0,25,7784.6,339,0,0,24.9123919308357,0,0,9007.6,365,0,0,0,0
"3458",2024-06-13,0,30,8205.6,346,0,0,24.9123919308357,0,0,9007.6,365,0,0,0,0
"3459",2024-06-13,0,35,8176.6,343,0,0,24.9123919308357,0,0,9007.6,365,0,0,0,0
"3460",2024-06-13,0,40,8056.6,341,0,0,24.9123919308357,0,0,9007.6,365,0,0,0,0
"3461",2024-06-13,0,45,7849.6,345,0,0,24.9123919308357,0,0,9007.6,365,0,0,0,0
"3462",2024-06-13,0,50,7773.6,347,0,0,24.9123919308357,0,0,9007.6,365,0,0,0,0
"3463",2024-06-13,0,55,7719.6,345,0,0,24.9123919308357,0,0,9007.6,365,0,0,0,0
"3464",2024-06-13,0,0,9007.6,365,0,0,24.9123919308357,0,0,9007.6,365,0,0,0,0
"3465",2024-06-13,0,5,8172.6,344,0,0,24.9123919308357,0,0,9007.6,365,0,0,0,0
"3466",2024-06-13,0,10,8644.6,347,0,0,24.9123919308357,0,0,9007.6,365,0,0,0,0
"3467",2024-06-13,0,15,8136.6,341,0,0,24.9123919308357,0,0,9007.6,365,0,0,0,0
"3468",2024-06-13,0,20,8278.6,343,0,0,24.9123919308357,0,0,9007.6,365,0,0,0,0
"3469",2024-06-13,1,0,7653.6,342,0,0,24.7524926686217,0,0,8440.6,342,0,0,0,0
"3470",2024-06-13,1,5,7884.6,341,0,0,24.7524926686217,0,0,8440.6,342,0,0,0,0
"3471",2024-06-13,1,10,8162.6,341,0,0,24.7524926686217,0,0,8440.6,342,0,0,0,0
"3472",2024-06-13,1,15,8440.6,341,0,0,24.7524926686217,0,0,8440.6,342,0,0,0,0
"3473",2024-06-13,1,20,8201.9,336,0,0,24.7524926686217,0,0,8440.6,342,0,0,0,0
"3474",2024-06-13,1,25,7901.9,335,0,0,24.7524926686217,0,0,8440.6,342,0,0,0,0
"3475",2024-06-13,1,30,7677.9,332,0,0,24.7524926686217,0,0,8440.6,342,0,0,0,0
"3476",2024-06-13,1,35,7376.9,327,0,0,24.7524926686217,0,0,8440.6,342,0,0,0,0
"3477",2024-06-13,1,40,7212.9,324,0,0,24.7524926686217,0,0,8440.6,342,0,0,0,0
"3478",2024-06-13,1,45,6890.9,322,0,0,24.7524926686217,0,0,8440.6,342,0,0,0,0
"3479",2024-06-13,1,50,7201.9,324,0,0,24.7524926686217,0,0,8440.6,342,0,0,0,0
"3480",2024-06-13,1,55,7201.9,324,0,0,24.7524926686217,0,0,8440.6,342,0,0,0,0
"3481",2024-06-13,2,0,7395.4,312,0,0,25.3601328903654,0,0,7759.4,312,0,0,0,0
"3482",2024-06-13,2,5,7759.4,310,0,0,25.3601328903654,0,0,7759.4,312,0,0,0,0
"3483",2024-06-13,2,10,7459.4,309,0,0,25.3601328903654,0,0,7759.4,312,0,0,0,0
"3484",2024-06-13,2,15,7437.4,309,0,0,25.3601328903654,0,0,7759.4,312,0,0,0,0
"3485",2024-06-13,2,20,7437.4,309,0,0,25.3601328903654,0,0,7759.4,312,0,0,0,0
"3486",2024-06-13,2,25,7337.4,307,0,0,25.3601328903654,0,0,7759.4,312,0,0,0,0
"3487",2024-06-13,2,30,7271.4,303,0,0,25.3601328903654,0,0,7759.4,312,0,0,0,0
"3488",2024-06-13,2,35,7655.4,302,0,0,25.3601328903654,0,0,7759.4,312,0,0,0,0
"3489",2024-06-13,2,40,7655.4,302,0,0,25.3601328903654,0,0,7759.4,312,0,0,0,0
"3490",2024-06-13,2,45,7655.4,302,0,0,25.3601328903654,0,0,7759.4,312,0,0,0,0
"3491",2024-06-13,2,50,7633.4,301,0,0,25.3601328903654,0,0,7759.4,312,0,0,0,0
"3492",2024-06-13,2,55,7633.4,301,0,0,25.3601328903654,0,0,7759.4,312,0,0,0,0
"3493",2024-06-13,3,0,7633.4,301,0,0,25.3601328903654,0,0,7633.4,301,0,0,0,0
"3494",2024-06-13,3,5,6989.4,296,0,0,25.3601328903654,0,0,7633.4,301,0,0,0,0
"3495",2024-06-13,3,10,6989.4,296,0,0,25.3601328903654,0,0,7633.4,301,0,0,0,0
"3496",2024-06-13,3,15,7387.4,297,0,0,25.3601328903654,0,0,7633.4,301,0,0,0,0
"3497",2024-06-13,3,20,7365.4,296,0,0,25.3601328903654,0,0,7633.4,301,0,0,0,0
"3498",2024-06-13,3,25,7065.4,295,0,0,25.3601328903654,0,0,7633.4,301,0,0,0,0
"3499",2024-06-13,3,30,7087.4,296,0,0,25.3601328903654,0,0,7633.4,301,0,0,0,0
"3500",2024-06-13,3,35,7098.4,297,0,0,25.3601328903654,0,0,7633.4,301,0,0,0,0
"3501",2024-06-13,3,40,6826.4,296,0,0,25.3601328903654,0,0,7633.4,301,0,0,0,0
"3502",2024-06-13,3,45,6848.4,297,0,0,25.3601328903654,0,0,7633.4,301,0,0,0,0
"3503",2024-06-13,3,50,6848.4,297,0,0,25.3601328903654,0,0,7633.4,301,0,0,0,0
"3504",2024-06-13,3,55,7126.4,297,0,0,25.3601328903654,0,0,7633.4,301,0,0,0,0
"3505",2024-06-13,4,0,7126.4,297,0,0,24.6013559322034,0,0,7257.4,297,0,0,0,0
"3506",2024-06-13,4,5,7257.4,295,0,0,24.6013559322034,0,0,7257.4,297,0,0,0,0
"3507",2024-06-13,4,10,6837.4,293,0,0,24.6013559322034,0,0,7257.4,297,0,0,0,0
"3508",2024-06-13,4,15,6815.4,292,0,0,24.6013559322034,0,0,7257.4,297,0,0,0,0
"3509",2024-06-13,4,20,6815.4,292,0,0,24.6013559322034,0,0,7257.4,297,0,0,0,0
"3510",2024-06-13,4,25,6793.4,291,0,0,24.6013559322034,0,0,7257.4,297,0,0,0,0
"3511",2024-06-13,4,30,6793.4,291,0,0,24.6013559322034,0,0,7257.4,297,0,0,0,0
"3512",2024-06-13,4,35,6590.4,291,0,0,24.6013559322034,0,0,7257.4,297,0,0,0,0
"3513",2024-06-13,4,40,6612.4,292,0,0,24.6013559322034,0,0,7257.4,297,0,0,0,0
"3514",2024-06-13,4,45,6612.4,292,0,0,24.6013559322034,0,0,7257.4,297,0,0,0,0
"3515",2024-06-13,4,50,6590.4,291,0,0,24.6013559322034,0,0,7257.4,297,0,0,0,0
"3516",2024-06-13,4,55,6590.4,291,0,0,24.6013559322034,0,0,7257.4,297,0,0,0,0
"3517",2024-06-13,5,0,6590.4,291,0,0,23.0910344827586,0,0,6696.4,291,0,0,0,0
"3518",2024-06-13,5,5,6524.4,288,0,0,23.0910344827586,0,0,6696.4,291,0,0,0,0
"3519",2024-06-13,5,10,6524.4,288,0,0,23.0910344827586,0,0,6696.4,291,0,0,0,0
"3520",2024-06-13,5,15,6524.4,288,0,0,23.0910344827586,0,0,6696.4,291,0,0,0,0
"3521",2024-06-13,5,20,6524.4,288,0,0,23.0910344827586,0,0,6696.4,291,0,0,0,0
"3522",2024-06-13,5,25,6524.4,288,0,0,23.0910344827586,0,0,6696.4,291,0,0,0,0
"3523",2024-06-13,5,30,6524.4,288,0,0,23.0910344827586,0,0,6696.4,291,0,0,0,0
"3524",2024-06-13,5,35,6696.4,290,0,0,23.0910344827586,0,0,6696.4,291,0,0,0,0
"3525",2024-06-13,5,40,6696.4,290,0,0,23.0910344827586,0,0,6696.4,291,0,0,0,0
"3526",2024-06-13,5,45,6696.4,290,0,0,23.0910344827586,0,0,6696.4,291,0,0,0,0
"3527",2024-06-13,5,50,6696.4,290,0,0,23.0910344827586,0,0,6696.4,291,0,0,0,0
"3528",2024-06-13,5,55,6696.4,290,0,0,23.0910344827586,0,0,6696.4,291,0,0,0,0
"3529",2024-06-13,6,0,6740.4,292,0,0,25.5440273037543,0,0,7484.4,294,0,0,0,0
"3530",2024-06-13,6,5,7190.4,294,0,0,25.5440273037543,0,0,7484.4,294,0,0,0,0
"3531",2024-06-13,6,10,7168.4,293,0,0,25.5440273037543,0,0,7484.4,294,0,0,0,0
"3532",2024-06-13,6,15,7168.4,293,0,0,25.5440273037543,0,0,7484.4,294,0,0,0,0
"3533",2024-06-13,6,20,7206.4,293,0,0,25.5440273037543,0,0,7484.4,294,0,0,0,0
"3534",2024-06-13,6,25,7206.4,293,0,0,25.5440273037543,0,0,7484.4,294,0,0,0,0
"3535",2024-06-13,6,30,7484.4,293,0,0,25.5440273037543,0,0,7484.4,294,0,0,0,0
"3536",2024-06-13,6,35,7034.4,291,0,0,25.5440273037543,0,0,7484.4,294,0,0,0,0
"3537",2024-06-13,6,40,7112.4,291,0,0,25.5440273037543,0,0,7484.4,294,0,0,0,0
"3538",2024-06-13,6,45,7112.4,291,0,0,25.5440273037543,0,0,7484.4,294,0,0,0,0
"3539",2024-06-13,6,50,7134.4,292,0,0,25.5440273037543,0,0,7484.4,294,0,0,0,0
"3540",2024-06-13,6,55,6834.4,291,0,0,25.5440273037543,0,0,7484.4,294,0,0,0,0
"3541",2024-06-13,7,0,6796.4,291,0,0,25.6183050847458,0,0,7557.4,296,0,0,0,0
"3542",2024-06-13,7,5,6796.4,291,0,0,25.6183050847458,0,0,7557.4,296,0,0,0,0
"3543",2024-06-13,7,10,7074.4,291,0,0,25.6183050847458,0,0,7557.4,296,0,0,0,0
"3544",2024-06-13,7,15,7074.4,291,0,0,25.6183050847458,0,0,7557.4,296,0,0,0,0
"3545",2024-06-13,7,20,7085.4,292,0,0,25.6183050847458,0,0,7557.4,296,0,0,0,0
"3546",2024-06-13,7,25,7385.4,293,0,0,25.6183050847458,0,0,7557.4,296,0,0,0,0
"3547",2024-06-13,7,30,7385.4,293,0,0,25.6183050847458,0,0,7557.4,296,0,0,0,0
"3548",2024-06-13,7,35,7557.4,295,0,0,25.6183050847458,0,0,7557.4,296,0,0,0,0
"3549",2024-06-13,7,40,7557.4,295,0,0,25.6183050847458,0,0,7557.4,296,0,0,0,0
"3550",2024-06-13,7,45,7223.4,296,0,0,25.6183050847458,0,0,7557.4,296,0,0,0,0
"3551",2024-06-13,7,50,6929.4,295,0,0,25.6183050847458,0,0,7557.4,296,0,0,0,0
"3552",2024-06-13,7,55,7229.4,296,0,0,25.6183050847458,0,0,7557.4,296,0,0,0,0
"3553",2024-06-13,8,0,7273.4,299,0,0,27.5315315315315,0,0,9168,350,0,0,0,0
"3554",2024-06-13,8,5,7484.4,304,0,0,27.5315315315315,0,0,9168,350,0,0,0,0
"3555",2024-06-13,8,10,7517.4,306,0,0,27.5315315315315,0,0,9168,350,0,0,0,0
"3556",2024-06-13,8,15,7484.4,304,0,0,27.5315315315315,0,0,9168,350,0,0,0,0
"3557",2024-06-13,8,20,7491.7,304,0,0,27.5315315315315,0,0,9168,350,0,0,0,0
"3558",2024-06-13,8,25,7524.7,308,0,0,27.5315315315315,0,0,9168,350,0,0,0,0
"3559",2024-06-13,8,30,7323.7,313,0,0,27.5315315315315,0,0,9168,350,0,0,0,0
"3560",2024-06-13,8,35,8677.7,331,0,0,27.5315315315315,0,0,9168,350,0,0,0,0
"3561",2024-06-13,8,40,9168,333,0,0,27.5315315315315,0,0,9168,350,0,0,0,0
"3562",2024-06-13,8,45,8587.7,336,0,0,27.5315315315315,0,0,9168,350,0,0,0,0
"3563",2024-06-13,8,50,8675.7,340,0,0,27.5315315315315,0,0,9168,350,0,0,0,0
"3564",2024-06-13,8,55,8621.4,350,0,0,27.5315315315315,0,0,9168,350,0,0,0,0
"3565",2024-06-13,9,0,8851.4,353,0,0,26.9543640897756,0,0,10808.7,431,0,0,0,0
"3566",2024-06-13,9,5,8799.7,361,0,0,26.9543640897756,0,0,10808.7,431,0,0,0,0
"3567",2024-06-13,9,10,8931.7,370,0,0,26.9543640897756,0,0,10808.7,431,0,0,0,0
"3568",2024-06-13,9,15,10345.7,389,0,0,26.9543640897756,0,0,10808.7,431,0,0,0,0
"3569",2024-06-13,9,20,10808.7,401,0,0,26.9543640897756,0,0,10808.7,431,0,0,0,0
"3570",2024-06-13,9,25,10062.7,405,0,0,26.9543640897756,0,0,10808.7,431,0,0,0,0
"3571",2024-06-13,9,30,10138.7,401,0,0,26.9543640897756,0,0,10808.7,431,0,0,0,0
"3572",2024-06-13,9,35,10681.7,415,0,0,26.9543640897756,0,0,10808.7,431,0,0,0,0
"3573",2024-06-13,9,40,10714.7,417,0,0,26.9543640897756,0,0,10808.7,431,0,0,0,0
"3574",2024-06-13,9,45,10292.7,417,0,0,26.9543640897756,0,0,10808.7,431,0,0,0,0
"3575",2024-06-13,9,50,10331.7,423,0,0,26.9543640897756,0,0,10808.7,431,0,0,0,0
"3576",2024-06-13,9,55,10266.7,431,0,0,26.9543640897756,0,0,10808.7,431,0,0,0,0
"3577",2024-06-13,10,35,13203,538,0,0,26.0895491803279,0,0,13891,550,0,0,0,0
"3578",2024-06-13,10,40,13891,545,0,0,26.0895491803279,0,0,13891,550,0,0,0,0
"3579",2024-06-13,10,45,13792,542,0,0,26.0895491803279,0,0,13891,550,0,0,0,0
"3580",2024-06-13,10,50,13482,545,0,0,26.0895491803279,0,0,13891,550,0,0,0,0
"3581",2024-06-13,10,55,13478,550,0,0,26.0895491803279,0,0,13891,550,0,0,0,0
"3582",2024-06-13,10,0,10790.7,435,0,0,26.0895491803279,0,0,13891,550,0,0,0,0
"3583",2024-06-13,10,5,12731.7,488,0,0,26.0895491803279,0,0,13891,550,0,0,0,0
"3584",2024-06-13,10,10,12325.7,491,0,0,26.0895491803279,0,0,13891,550,0,0,0,0
"3585",2024-06-13,10,15,12044.7,494,0,0,26.0895491803279,0,0,13891,550,0,0,0,0
"3586",2024-06-13,10,20,12003,500,0,0,26.0895491803279,0,0,13891,550,0,0,0,0
"3587",2024-06-13,10,25,12387,510,0,0,26.0895491803279,0,0,13891,550,0,0,0,0
"3588",2024-06-13,10,30,12599,508,0,0,26.0895491803279,0,0,13891,550,0,0,0,0
"3589",2024-06-13,11,0,13988,555,0,0,26.5294019933555,0,0,16269.9,617,0,0,0,0
"3590",2024-06-13,11,5,15066,589,0,0,26.5294019933555,0,0,16269.9,617,0,0,0,0
"3591",2024-06-13,11,10,15482.7,594,0,0,26.5294019933555,0,0,16269.9,617,0,0,0,0
"3592",2024-06-13,11,15,15854.7,598,0,0,26.5294019933555,0,0,16269.9,617,0,0,0,0
"3593",2024-06-13,11,20,15970.7,602,0,0,26.5294019933555,0,0,16269.9,617,0,0,0,0
"3594",2024-06-13,11,25,15525.9,602,0,0,26.5294019933555,0,0,16269.9,617,0,0,0,0
"3595",2024-06-13,11,30,15580.9,604,0,0,26.5294019933555,0,0,16269.9,617,0,0,0,0
"3596",2024-06-13,11,35,15407.9,615,0,0,26.5294019933555,0,0,16269.9,617,0,0,0,0
"3597",2024-06-13,11,40,15350.9,615,0,0,26.5294019933555,0,0,16269.9,617,0,0,0,0
"3598",2024-06-13,11,45,15720.9,614,0,0,26.5294019933555,0,0,16269.9,617,0,0,0,0
"3599",2024-06-13,11,50,15631.9,612,0,0,26.5294019933555,0,0,16269.9,617,0,0,0,0
"3600",2024-06-13,11,55,16269.9,617,0,0,26.5294019933555,0,0,16269.9,617,0,0,0,0
"3601",2024-06-13,12,0,17058.5,623,0,0,27.3812199036918,0,0,17413.5,645,0,0,0,0
"3602",2024-06-13,12,5,16815.5,635,0,0,27.3812199036918,0,0,17413.5,645,0,0,0,0
"3603",2024-06-13,12,10,16591.5,632,0,0,27.3812199036918,0,0,17413.5,645,0,0,0,0
"3604",2024-06-13,12,15,16749.5,632,0,0,27.3812199036918,0,0,17413.5,645,0,0,0,0
"3605",2024-06-13,12,20,17065.5,634,0,0,27.3812199036918,0,0,17413.5,645,0,0,0,0
"3606",2024-06-13,12,25,16659.5,634,0,0,27.3812199036918,0,0,17413.5,645,0,0,0,0
"3607",2024-06-13,12,30,16277.5,639,0,0,27.3812199036918,0,0,17413.5,645,0,0,0,0
"3608",2024-06-13,12,35,16612.5,645,0,0,27.3812199036918,0,0,17413.5,645,0,0,0,0
"3609",2024-06-13,12,40,16396.5,641,0,0,27.3812199036918,0,0,17413.5,645,0,0,0,0
"3610",2024-06-13,12,45,16876.5,637,0,0,27.3812199036918,0,0,17413.5,645,0,0,0,0
"3611",2024-06-13,12,50,17413.5,643,0,0,27.3812199036918,0,0,17413.5,645,0,0,0,0
"3612",2024-06-13,12,55,16594.5,633,0,0,27.3812199036918,0,0,17413.5,645,0,0,0,0
"3613",2024-06-13,13,0,16513.5,630,0,0,36.5884615384615,0,0,17886.2,653,0,0,0,0
"3614",2024-06-13,13,5,16362.2,632,0,0,36.5884615384615,0,0,17886.2,653,0,0,0,0
"3615",2024-06-13,13,10,16663.2,639,0,0,36.5884615384615,0,0,17886.2,653,0,0,0,0
"3616",2024-06-13,13,15,17252.2,641,0,0,36.5884615384615,0,0,17886.2,653,0,0,0,0
"3617",2024-06-13,13,20,17629.2,648,0,0,36.5884615384615,0,0,17886.2,653,0,0,0,0
"3618",2024-06-13,13,25,17886.2,652,0,0,36.5884615384615,0,0,17886.2,653,0,0,0,0
"3619",2024-06-13,13,30,17358.2,653,0,0,36.5884615384615,0,0,17886.2,653,0,0,0,0
"3620",2024-06-13,13,35,9513,260,0,0,36.5884615384615,0,0,17886.2,653,0,0,0,0
"3621",2024-06-13,13,40,9513,260,0,0,36.5884615384615,0,0,17886.2,653,0,0,0,0
"3622",2024-06-13,13,45,16485.2,602,0,0,36.5884615384615,0,0,17886.2,653,0,0,0,0
"3623",2024-06-13,13,50,16741.2,605,0,0,36.5884615384615,0,0,17886.2,653,0,0,0,0
"3624",2024-06-13,13,55,16444.2,601,0,0,36.5884615384615,0,0,17886.2,653,0,0,0,0
"3625",2024-06-13,14,0,16421.2,593,0,0,34.2201298701299,0,0,21079.6,616,0,0,0,0
"3626",2024-06-13,14,5,16743.2,596,0,0,34.2201298701299,0,0,21079.6,616,0,0,0,0
"3627",2024-06-13,14,10,16782.2,595,0,0,34.2201298701299,0,0,21079.6,616,0,0,0,0
"3628",2024-06-13,14,15,16764.2,597,0,0,34.2201298701299,0,0,21079.6,616,0,0,0,0
"3629",2024-06-13,14,20,16573.2,589,0,0,34.2201298701299,0,0,21079.6,616,0,0,0,0
"3630",2024-06-13,14,25,16533.2,589,0,0,34.2201298701299,0,0,21079.6,616,0,0,0,0
"3631",2024-06-13,14,30,16453.2,585,0,0,34.2201298701299,0,0,21079.6,616,0,0,0,0
"3632",2024-06-13,14,35,18297.2,601,0,0,34.2201298701299,0,0,21079.6,616,0,0,0,0
"3633",2024-06-13,14,40,18948.2,607,0,0,34.2201298701299,0,0,21079.6,616,0,0,0,0
"3634",2024-06-13,14,45,19406.2,608,0,0,34.2201298701299,0,0,21079.6,616,0,0,0,0
"3635",2024-06-13,14,50,20113.6,609,0,0,34.2201298701299,0,0,21079.6,616,0,0,0,0
"3636",2024-06-13,14,55,21079.6,616,0,0,34.2201298701299,0,0,21079.6,616,0,0,0,0
"3637",2024-06-13,15,25,18324.6,590,0,0,35.3915721231767,0,0,21836.6,617,0,0,0,0
"3638",2024-06-13,15,30,17382.6,589,0,0,35.3915721231767,0,0,21836.6,617,0,0,0,0
"3639",2024-06-13,15,35,15937.6,575,0,0,35.3915721231767,0,0,21836.6,617,0,0,0,0
"3640",2024-06-13,15,40,15738.6,574,0,0,35.3915721231767,0,0,21836.6,617,0,0,0,0
"3641",2024-06-13,15,45,15788.6,573,0,0,35.3915721231767,0,0,21836.6,617,0,0,0,0
"3642",2024-06-13,15,50,15848.4,569,0,0,35.3915721231767,0,0,21836.6,617,0,0,0,0
"3643",2024-06-13,15,55,15887.4,569,0,0,35.3915721231767,0,0,21836.6,617,0,0,0,0
"3644",2024-06-13,15,0,21836.6,617,0,0,35.3915721231767,0,0,21836.6,617,0,0,0,0
"3645",2024-06-13,15,5,19030.6,596,0,0,35.3915721231767,0,0,21836.6,617,0,0,0,0
"3646",2024-06-13,15,10,18685.9,592,0,0,35.3915721231767,0,0,21836.6,617,0,0,0,0
"3647",2024-06-13,15,15,18434.9,588,0,0,35.3915721231767,0,0,21836.6,617,0,0,0,0
"3648",2024-06-13,15,20,18442.6,588,0,0,35.3915721231767,0,0,21836.6,617,0,0,0,0
"3649",2024-06-13,16,0,14131.4,561,0,0,27.6483592400691,0,0,16008.4,579,0,0,0,0
"3650",2024-06-13,16,5,13102.4,567,0,0,27.6483592400691,0,0,16008.4,579,0,0,0,0
"3651",2024-06-13,16,10,13585.4,565,0,0,27.6483592400691,0,0,16008.4,579,0,0,0,0
"3652",2024-06-13,16,15,14041.4,569,0,0,27.6483592400691,0,0,16008.4,579,0,0,0,0
"3653",2024-06-13,16,20,14305.4,573,0,0,27.6483592400691,0,0,16008.4,579,0,0,0,0
"3654",2024-06-13,16,25,14307.4,574,0,0,27.6483592400691,0,0,16008.4,579,0,0,0,0
"3655",2024-06-13,16,30,14962.4,578,0,0,27.6483592400691,0,0,16008.4,579,0,0,0,0
"3656",2024-06-13,16,35,14082.4,566,0,0,27.6483592400691,0,0,16008.4,579,0,0,0,0
"3657",2024-06-13,16,40,15661.7,572,0,0,27.6483592400691,0,0,16008.4,579,0,0,0,0
"3658",2024-06-13,16,45,15105.7,573,0,0,27.6483592400691,0,0,16008.4,579,0,0,0,0
"3659",2024-06-13,16,50,14630.4,576,0,0,27.6483592400691,0,0,16008.4,579,0,0,0,0
"3660",2024-06-13,16,55,16008.4,579,0,0,27.6483592400691,0,0,16008.4,579,0,0,0,0
"3661",2024-06-13,17,0,16097.4,579,0,0,30.6614601018676,0,0,18059.6,594,0,0,0,0
"3662",2024-06-13,17,5,16712.4,589,0,0,30.6614601018676,0,0,18059.6,594,0,0,0,0
"3663",2024-06-13,17,10,17297.4,594,0,0,30.6614601018676,0,0,18059.6,594,0,0,0,0
"3664",2024-06-13,17,15,16567.4,589,0,0,30.6614601018676,0,0,18059.6,594,0,0,0,0
"3665",2024-06-13,17,20,16072.4,587,0,0,30.6614601018676,0,0,18059.6,594,0,0,0,0
"3666",2024-06-13,17,25,15988.6,589,0,0,30.6614601018676,0,0,18059.6,594,0,0,0,0
"3667",2024-06-13,17,30,16492.6,584,0,0,30.6614601018676,0,0,18059.6,594,0,0,0,0
"3668",2024-06-13,17,35,16943.6,584,0,0,30.6614601018676,0,0,18059.6,594,0,0,0,0
"3669",2024-06-13,17,40,16748.6,587,0,0,30.6614601018676,0,0,18059.6,594,0,0,0,0
"3670",2024-06-13,17,45,17100.6,583,0,0,30.6614601018676,0,0,18059.6,594,0,0,0,0
"3671",2024-06-13,17,50,18059.6,589,0,0,30.6614601018676,0,0,18059.6,594,0,0,0,0
"3672",2024-06-13,17,55,17893.6,585,0,0,30.6614601018676,0,0,18059.6,594,0,0,0,0
"3673",2024-06-13,18,0,17385.6,583,0,0,30.0356701030928,0,0,17385.6,583,0,0,0,0
"3674",2024-06-13,18,5,15864.9,574,0,0,30.0356701030928,0,0,17385.6,583,0,0,0,0
"3675",2024-06-13,18,10,15411.6,570,0,0,30.0356701030928,0,0,17385.6,583,0,0,0,0
"3676",2024-06-13,18,15,15675,571,0,0,30.0356701030928,0,0,17385.6,583,0,0,0,0
"3677",2024-06-13,18,20,16089,568,0,0,30.0356701030928,0,0,17385.6,583,0,0,0,0
"3678",2024-06-13,18,25,15311.3,560,0,0,30.0356701030928,0,0,17385.6,583,0,0,0,0
"3679",2024-06-13,18,30,16014.3,561,0,0,30.0356701030928,0,0,17385.6,583,0,0,0,0
"3680",2024-06-13,18,35,13021.3,485,0,0,30.0356701030928,0,0,17385.6,583,0,0,0,0
"3681",2024-06-13,18,40,13683.3,483,0,0,30.0356701030928,0,0,17385.6,583,0,0,0,0
"3682",2024-06-13,18,45,14567.3,485,0,0,30.0356701030928,0,0,17385.6,583,0,0,0,0
"3683",2024-06-13,18,50,13956.3,483,0,0,30.0356701030928,0,0,17385.6,583,0,0,0,0
"3684",2024-06-13,18,55,14363,483,0,0,30.0356701030928,0,0,17385.6,583,0,0,0,0
"3685",2024-06-13,19,0,13483,476,0,0,31.8538461538462,0,0,15144,482,0,0,0,0
"3686",2024-06-13,19,5,15144,482,0,0,31.8538461538462,0,0,15144,482,0,0,0,0
"3687",2024-06-13,19,10,15072,476,0,0,31.8538461538462,0,0,15144,482,0,0,0,0
"3688",2024-06-13,19,15,14251,465,0,0,31.8538461538462,0,0,15144,482,0,0,0,0
"3689",2024-06-13,19,20,13820,458,0,0,31.8538461538462,0,0,15144,482,0,0,0,0
"3690",2024-06-13,19,25,13249.3,453,0,0,31.8538461538462,0,0,15144,482,0,0,0,0
"3691",2024-06-13,19,30,13809.3,449,0,0,31.8538461538462,0,0,15144,482,0,0,0,0
"3692",2024-06-13,19,45,13528.3,429,0,0,31.8538461538462,0,0,15144,482,0,0,0,0
"3693",2024-06-13,19,50,12496.3,419,0,0,31.8538461538462,0,0,15144,482,0,0,0,0
"3694",2024-06-13,19,55,12594.3,418,0,0,31.8538461538462,0,0,15144,482,0,0,0,0
"3695",2024-06-13,19,35,13616.3,431,0,0,31.8538461538462,0,0,15144,482,0,0,0,0
"3696",2024-06-13,19,40,13665.3,429,0,0,31.8538461538462,0,0,15144,482,0,0,0,0
"3697",2024-06-13,20,35,11075.6,391,0,0,30.7,0,0,12241.9,411,0,0,0,0
"3698",2024-06-13,20,40,11015.6,390,0,0,30.7,0,0,12241.9,411,0,0,0,0
"3699",2024-06-13,20,45,11333.6,390,0,0,30.7,0,0,12241.9,411,0,0,0,0
"3700",2024-06-13,20,50,11911.6,388,0,0,30.7,0,0,12241.9,411,0,0,0,0
"3701",2024-06-13,20,55,12064.9,396,0,0,30.7,0,0,12241.9,411,0,0,0,0
"3702",2024-06-13,20,0,12241.9,411,0,0,30.7,0,0,12241.9,411,0,0,0,0
"3703",2024-06-13,20,5,11037.9,400,0,0,30.7,0,0,12241.9,411,0,0,0,0
"3704",2024-06-13,20,10,10674.9,392,0,0,30.7,0,0,12241.9,411,0,0,0,0
"3705",2024-06-13,20,15,10696.9,392,0,0,30.7,0,0,12241.9,411,0,0,0,0
"3706",2024-06-13,20,20,10809.9,394,0,0,30.7,0,0,12241.9,411,0,0,0,0
"3707",2024-06-13,20,25,11033.6,403,0,0,30.7,0,0,12241.9,411,0,0,0,0
"3708",2024-06-13,20,30,10696.6,402,0,0,30.7,0,0,12241.9,411,0,0,0,0
"3709",2024-06-13,21,0,12079.9,399,0,0,30.2754385964912,0,0,12889.6,427,0,0,0,0
"3710",2024-06-13,21,5,11059.9,405,0,0,30.2754385964912,0,0,12889.6,427,0,0,0,0
"3711",2024-06-13,21,10,10771.6,404,0,0,30.2754385964912,0,0,12889.6,427,0,0,0,0
"3712",2024-06-13,21,15,11250.6,405,0,0,30.2754385964912,0,0,12889.6,427,0,0,0,0
"3713",2024-06-13,21,20,10883.6,402,0,0,30.2754385964912,0,0,12889.6,427,0,0,0,0
"3714",2024-06-13,21,25,11191.6,401,0,0,30.2754385964912,0,0,12889.6,427,0,0,0,0
"3715",2024-06-13,21,30,11753.6,409,0,0,30.2754385964912,0,0,12889.6,427,0,0,0,0
"3716",2024-06-13,21,35,12889.6,427,0,0,30.2754385964912,0,0,12889.6,427,0,0,0,0
"3717",2024-06-13,21,40,12348.6,420,0,0,30.2754385964912,0,0,12889.6,427,0,0,0,0
"3718",2024-06-13,21,45,12114.6,421,0,0,30.2754385964912,0,0,12889.6,427,0,0,0,0
"3719",2024-06-13,21,50,11944.6,419,0,0,30.2754385964912,0,0,12889.6,427,0,0,0,0
"3720",2024-06-13,21,55,11688.3,415,0,0,30.2754385964912,0,0,12889.6,427,0,0,0,0
"3721",2024-06-13,22,0,11711.3,422,0,0,27.7686419753086,0,0,11711.3,422,0,0,0,0
"3722",2024-06-13,22,5,11465.3,419,0,0,27.7686419753086,0,0,11711.3,422,0,0,0,0
"3723",2024-06-13,22,10,11505.3,418,0,0,27.7686419753086,0,0,11711.3,422,0,0,0,0
"3724",2024-06-13,22,15,10466.6,405,0,0,27.7686419753086,0,0,11711.3,422,0,0,0,0
"3725",2024-06-13,22,20,10613.6,404,0,0,27.7686419753086,0,0,11711.3,422,0,0,0,0
"3726",2024-06-13,22,25,10591.6,402,0,0,27.7686419753086,0,0,11711.3,422,0,0,0,0
"3727",2024-06-13,22,30,11246.3,405,0,0,27.7686419753086,0,0,11711.3,422,0,0,0,0
"3728",2024-06-13,22,35,9619.3,395,0,0,27.7686419753086,0,0,11711.3,422,0,0,0,0
"3729",2024-06-13,22,40,9712.3,396,0,0,27.7686419753086,0,0,11711.3,422,0,0,0,0
"3730",2024-06-13,22,45,9856.3,398,0,0,27.7686419753086,0,0,11711.3,422,0,0,0,0
"3731",2024-06-13,22,50,9790.3,394,0,0,27.7686419753086,0,0,11711.3,422,0,0,0,0
"3732",2024-06-13,22,55,10001.3,393,0,0,27.7686419753086,0,0,11711.3,422,0,0,0,0
"3733",2024-06-13,23,0,9613.3,388,0,0,26.1302949061662,0,0,9748.3,388,0,0,0,0
"3734",2024-06-13,23,5,8951.3,384,0,0,26.1302949061662,0,0,9748.3,388,0,0,0,0
"3735",2024-06-13,23,10,9748.3,387,0,0,26.1302949061662,0,0,9748.3,388,0,0,0,0
"3736",2024-06-13,23,15,9049.3,379,0,0,26.1302949061662,0,0,9748.3,388,0,0,0,0
"3737",2024-06-13,23,20,9027.3,378,0,0,26.1302949061662,0,0,9748.3,388,0,0,0,0
"3738",2024-06-13,23,25,9135.6,372,0,0,26.1302949061662,0,0,9748.3,388,0,0,0,0
"3739",2024-06-13,23,30,9746.6,373,0,0,26.1302949061662,0,0,9748.3,388,0,0,0,0
"3740",2024-06-13,23,35,8858.6,364,0,0,26.1302949061662,0,0,9748.3,388,0,0,0,0
"3741",2024-06-13,23,40,8358.6,362,0,0,26.1302949061662,0,0,9748.3,388,0,0,0,0
"3742",2024-06-13,23,45,8669.6,364,0,0,26.1302949061662,0,0,9748.3,388,0,0,0,0
"3743",2024-06-13,23,50,8658.6,364,0,0,26.1302949061662,0,0,9748.3,388,0,0,0,0
"3744",2024-06-13,23,55,9057.6,366,0,0,26.1302949061662,0,0,9748.3,388,0,0,0,0
"3745",2024-06-14,0,0,10034.1,424,0,0,26.918313253012,0,0,11227.1,426,0,0,0,0
"3746",2024-06-14,0,5,9792.1,423,0,0,26.918313253012,0,0,11227.1,426,0,0,0,0
"3747",2024-06-14,0,10,10537.1,423,0,0,26.918313253012,0,0,11227.1,426,0,0,0,0
"3748",2024-06-14,0,15,11227.1,426,0,0,26.918313253012,0,0,11227.1,426,0,0,0,0
"3749",2024-06-14,0,20,11183.1,424,0,0,26.918313253012,0,0,11227.1,426,0,0,0,0
"3750",2024-06-14,0,25,10987.1,423,0,0,26.918313253012,0,0,11227.1,426,0,0,0,0
"3751",2024-06-14,0,30,10681.1,419,0,0,26.918313253012,0,0,11227.1,426,0,0,0,0
"3752",2024-06-14,0,35,11193.1,416,0,0,26.918313253012,0,0,11227.1,426,0,0,0,0
"3753",2024-06-14,0,40,11171.1,415,0,0,26.918313253012,0,0,11227.1,426,0,0,0,0
"3754",2024-06-14,0,45,10606.1,410,0,0,26.918313253012,0,0,11227.1,426,0,0,0,0
"3755",2024-06-14,0,50,9773.1,404,0,0,26.918313253012,0,0,11227.1,426,0,0,0,0
"3756",2024-06-14,0,55,9413.1,402,0,0,26.918313253012,0,0,11227.1,426,0,0,0,0
"3757",2024-06-14,1,0,9263.1,402,0,0,24.1167088607595,0,0,9526.1,402,0,0,0,0
"3758",2024-06-14,1,5,8724.1,397,0,0,24.1167088607595,0,0,9526.1,402,0,0,0,0
"3759",2024-06-14,1,10,8920.1,400,0,0,24.1167088607595,0,0,9526.1,402,0,0,0,0
"3760",2024-06-14,1,15,8829.1,397,0,0,24.1167088607595,0,0,9526.1,402,0,0,0,0
"3761",2024-06-14,1,20,8807.1,396,0,0,24.1167088607595,0,0,9526.1,402,0,0,0,0
"3762",2024-06-14,1,25,9140.1,399,0,0,24.1167088607595,0,0,9526.1,402,0,0,0,0
"3763",2024-06-14,1,30,9162.1,399,0,0,24.1167088607595,0,0,9526.1,402,0,0,0,0
"3764",2024-06-14,1,35,9501.1,400,0,0,24.1167088607595,0,0,9526.1,402,0,0,0,0
"3765",2024-06-14,1,40,9375.1,396,0,0,24.1167088607595,0,0,9526.1,402,0,0,0,0
"3766",2024-06-14,1,45,9526.1,395,0,0,24.1167088607595,0,0,9526.1,402,0,0,0,0
"3767",2024-06-14,1,50,9406.1,394,0,0,24.1167088607595,0,0,9526.1,402,0,0,0,0
"3768",2024-06-14,1,55,9002.1,391,0,0,24.1167088607595,0,0,9526.1,402,0,0,0,0
"3769",2024-06-14,2,0,6868.9,321,0,0,22.103785488959,0,0,7061.9,321,0,0,0,0
"3770",2024-06-14,2,5,6739.9,319,0,0,22.103785488959,0,0,7061.9,321,0,0,0,0
"3771",2024-06-14,2,10,7061.9,321,0,0,22.103785488959,0,0,7061.9,321,0,0,0,0
"3772",2024-06-14,2,15,7039.9,320,0,0,22.103785488959,0,0,7061.9,321,0,0,0,0
"3773",2024-06-14,2,20,7028.9,319,0,0,22.103785488959,0,0,7061.9,321,0,0,0,0
"3774",2024-06-14,2,25,7006.9,317,0,0,22.103785488959,0,0,7061.9,321,0,0,0,0
"3775",2024-06-14,2,30,7006.9,317,0,0,22.103785488959,0,0,7061.9,321,0,0,0,0
"3776",2024-06-14,2,35,6811.9,310,0,0,22.103785488959,0,0,7061.9,321,0,0,0,0
"3777",2024-06-14,2,40,6811.9,310,0,0,22.103785488959,0,0,7061.9,321,0,0,0,0
"3778",2024-06-14,2,45,6833.9,311,0,0,22.103785488959,0,0,7061.9,321,0,0,0,0
"3779",2024-06-14,2,50,6811.9,310,0,0,22.103785488959,0,0,7061.9,321,0,0,0,0
"3780",2024-06-14,2,55,6811.9,310,0,0,22.103785488959,0,0,7061.9,321,0,0,0,0
"3781",2024-06-14,3,0,6833.9,311,0,0,21.9739549839228,0,0,6833.9,311,0,0,0,0
"3782",2024-06-14,3,5,6405.9,309,0,0,21.9739549839228,0,0,6833.9,311,0,0,0,0
"3783",2024-06-14,3,10,6105.9,308,0,0,21.9739549839228,0,0,6833.9,311,0,0,0,0
"3784",2024-06-14,3,15,6105.9,308,0,0,21.9739549839228,0,0,6833.9,311,0,0,0,0
"3785",2024-06-14,3,20,6083.9,307,0,0,21.9739549839228,0,0,6833.9,311,0,0,0,0
"3786",2024-06-14,3,25,6339.9,306,0,0,21.9739549839228,0,0,6833.9,311,0,0,0,0
"3787",2024-06-14,3,30,6317.9,305,0,0,21.9739549839228,0,0,6833.9,311,0,0,0,0
"3788",2024-06-14,3,35,6262.9,302,0,0,21.9739549839228,0,0,6833.9,311,0,0,0,0
"3789",2024-06-14,3,40,6262.9,302,0,0,21.9739549839228,0,0,6833.9,311,0,0,0,0
"3790",2024-06-14,3,45,6262.9,302,0,0,21.9739549839228,0,0,6833.9,311,0,0,0,0
"3791",2024-06-14,3,50,6284.9,303,0,0,21.9739549839228,0,0,6833.9,311,0,0,0,0
"3792",2024-06-14,3,55,6306.9,304,0,0,21.9739549839228,0,0,6833.9,311,0,0,0,0
"3793",2024-06-14,4,0,6006.9,303,0,0,20.4669934640523,0,0,6262.9,306,0,0,0,0
"3794",2024-06-14,4,5,6136.9,306,0,0,20.4669934640523,0,0,6262.9,306,0,0,0,0
"3795",2024-06-14,4,10,6136.9,306,0,0,20.4669934640523,0,0,6262.9,306,0,0,0,0
"3796",2024-06-14,4,15,6136.9,306,0,0,20.4669934640523,0,0,6262.9,306,0,0,0,0
"3797",2024-06-14,4,20,6234.9,306,0,0,20.4669934640523,0,0,6262.9,306,0,0,0,0
"3798",2024-06-14,4,25,6212.9,305,0,0,20.4669934640523,0,0,6262.9,306,0,0,0,0
"3799",2024-06-14,4,30,6212.9,305,0,0,20.4669934640523,0,0,6262.9,306,0,0,0,0
"3800",2024-06-14,4,35,6262.9,306,0,0,20.4669934640523,0,0,6262.9,306,0,0,0,0
"3801",2024-06-14,4,40,6240.9,305,0,0,20.4669934640523,0,0,6262.9,306,0,0,0,0
"3802",2024-06-14,4,45,6240.9,305,0,0,20.4669934640523,0,0,6262.9,306,0,0,0,0
"3803",2024-06-14,4,50,6120.9,304,0,0,20.4669934640523,0,0,6262.9,306,0,0,0,0
"3804",2024-06-14,4,55,6120.9,304,0,0,20.4669934640523,0,0,6262.9,306,0,0,0,0
"3805",2024-06-14,5,0,6120.9,304,0,0,20.7332236842105,0,0,6302.9,306,0,0,0,0
"3806",2024-06-14,5,5,6114.9,305,0,0,20.7332236842105,0,0,6302.9,306,0,0,0,0
"3807",2024-06-14,5,10,6114.9,305,0,0,20.7332236842105,0,0,6302.9,306,0,0,0,0
"3808",2024-06-14,5,15,6114.9,305,0,0,20.7332236842105,0,0,6302.9,306,0,0,0,0
"3809",2024-06-14,5,20,6174.9,306,0,0,20.7332236842105,0,0,6302.9,306,0,0,0,0
"3810",2024-06-14,5,25,6174.9,306,0,0,20.7332236842105,0,0,6302.9,306,0,0,0,0
"3811",2024-06-14,5,30,6174.9,306,0,0,20.7332236842105,0,0,6302.9,306,0,0,0,0
"3812",2024-06-14,5,35,6302.9,304,0,0,20.7332236842105,0,0,6302.9,306,0,0,0,0
"3813",2024-06-14,5,40,6302.9,304,0,0,20.7332236842105,0,0,6302.9,306,0,0,0,0
"3814",2024-06-14,5,45,6302.9,304,0,0,20.7332236842105,0,0,6302.9,306,0,0,0,0
"3815",2024-06-14,5,50,6302.9,304,0,0,20.7332236842105,0,0,6302.9,306,0,0,0,0
"3816",2024-06-14,5,55,6302.9,304,0,0,20.7332236842105,0,0,6302.9,306,0,0,0,0
"3817",2024-06-14,6,0,6302.9,304,0,0,22.3209836065574,0,0,6829.9,306,0,0,0,0
"3818",2024-06-14,6,5,6295.9,303,0,0,22.3209836065574,0,0,6829.9,306,0,0,0,0
"3819",2024-06-14,6,10,6311.9,304,0,0,22.3209836065574,0,0,6829.9,306,0,0,0,0
"3820",2024-06-14,6,15,6251.9,303,0,0,22.3209836065574,0,0,6829.9,306,0,0,0,0
"3821",2024-06-14,6,20,6251.9,303,0,0,22.3209836065574,0,0,6829.9,306,0,0,0,0
"3822",2024-06-14,6,25,6551.9,304,0,0,22.3209836065574,0,0,6829.9,306,0,0,0,0
"3823",2024-06-14,6,30,6551.9,304,0,0,22.3209836065574,0,0,6829.9,306,0,0,0,0
"3824",2024-06-14,6,35,6567.9,305,0,0,22.3209836065574,0,0,6829.9,306,0,0,0,0
"3825",2024-06-14,6,40,6507.9,304,0,0,22.3209836065574,0,0,6829.9,306,0,0,0,0
"3826",2024-06-14,6,45,6807.9,305,0,0,22.3209836065574,0,0,6829.9,306,0,0,0,0
"3827",2024-06-14,6,50,6829.9,306,0,0,22.3209836065574,0,0,6829.9,306,0,0,0,0
"3828",2024-06-14,6,55,6551.9,306,0,0,22.3209836065574,0,0,6829.9,306,0,0,0,0
"3829",2024-06-14,7,0,6551.9,307,0,0,22.3584126984127,0,0,7108.9,318,0,0,0,0
"3830",2024-06-14,7,5,6551.9,307,0,0,22.3584126984127,0,0,7108.9,318,0,0,0,0
"3831",2024-06-14,7,10,6351.9,307,0,0,22.3584126984127,0,0,7108.9,318,0,0,0,0
"3832",2024-06-14,7,15,6351.9,307,0,0,22.3584126984127,0,0,7108.9,318,0,0,0,0
"3833",2024-06-14,7,20,6351.9,307,0,0,22.3584126984127,0,0,7108.9,318,0,0,0,0
"3834",2024-06-14,7,25,6301.9,306,0,0,22.3584126984127,0,0,7108.9,318,0,0,0,0
"3835",2024-06-14,7,30,6301.9,306,0,0,22.3584126984127,0,0,7108.9,318,0,0,0,0
"3836",2024-06-14,7,35,6376.9,310,0,0,22.3584126984127,0,0,7108.9,318,0,0,0,0
"3837",2024-06-14,7,40,6676.9,311,0,0,22.3584126984127,0,0,7108.9,318,0,0,0,0
"3838",2024-06-14,7,45,6698.9,312,0,0,22.3584126984127,0,0,7108.9,318,0,0,0,0
"3839",2024-06-14,7,50,7042.9,315,0,0,22.3584126984127,0,0,7108.9,318,0,0,0,0
"3840",2024-06-14,7,55,7108.9,318,0,0,22.3584126984127,0,0,7108.9,318,0,0,0,0
"3841",2024-06-14,8,0,7163.9,321,0,0,22.378247734139,0,0,8199.2,377,0,0,0,0
"3842",2024-06-14,8,5,7240.9,324,0,0,22.378247734139,0,0,8199.2,377,0,0,0,0
"3843",2024-06-14,8,10,7117.9,326,0,0,22.378247734139,0,0,8199.2,377,0,0,0,0
"3844",2024-06-14,8,15,7311.9,329,0,0,22.378247734139,0,0,8199.2,377,0,0,0,0
"3845",2024-06-14,8,20,7407.2,331,0,0,22.378247734139,0,0,8199.2,377,0,0,0,0
"3846",2024-06-14,8,25,7478.2,337,0,0,22.378247734139,0,0,8199.2,377,0,0,0,0
"3847",2024-06-14,8,30,7305.2,341,0,0,22.378247734139,0,0,8199.2,377,0,0,0,0
"3848",2024-06-14,8,35,7559.2,354,0,0,22.378247734139,0,0,8199.2,377,0,0,0,0
"3849",2024-06-14,8,40,7448.2,355,0,0,22.378247734139,0,0,8199.2,377,0,0,0,0
"3850",2024-06-14,8,45,7913.2,363,0,0,22.378247734139,0,0,8199.2,377,0,0,0,0
"3851",2024-06-14,8,50,8102.5,368,0,0,22.378247734139,0,0,8199.2,377,0,0,0,0
"3852",2024-06-14,8,55,8199.2,377,0,0,22.378247734139,0,0,8199.2,377,0,0,0,0
"3853",2024-06-14,9,0,8095.2,375,0,0,26.2063043478261,0,0,12054.9,470,0,0,0,0
"3854",2024-06-14,9,5,9223.9,394,0,0,26.2063043478261,0,0,12054.9,470,0,0,0,0
"3855",2024-06-14,9,10,9527.9,400,0,0,26.2063043478261,0,0,12054.9,470,0,0,0,0
"3856",2024-06-14,9,15,10075.9,412,0,0,26.2063043478261,0,0,12054.9,470,0,0,0,0
"3857",2024-06-14,9,20,10263.9,414,0,0,26.2063043478261,0,0,12054.9,470,0,0,0,0
"3858",2024-06-14,9,25,10483.9,425,0,0,26.2063043478261,0,0,12054.9,470,0,0,0,0
"3859",2024-06-14,9,30,10446.9,432,0,0,26.2063043478261,0,0,12054.9,470,0,0,0,0
"3860",2024-06-14,9,35,11250.9,447,0,0,26.2063043478261,0,0,12054.9,470,0,0,0,0
"3861",2024-06-14,9,40,12054.9,460,0,0,26.2063043478261,0,0,12054.9,470,0,0,0,0
"3862",2024-06-14,9,45,11921.9,458,0,0,26.2063043478261,0,0,12054.9,470,0,0,0,0
"3863",2024-06-14,9,50,11990.9,466,0,0,26.2063043478261,0,0,12054.9,470,0,0,0,0
"3864",2024-06-14,9,55,11609.9,470,0,0,26.2063043478261,0,0,12054.9,470,0,0,0,0
"3865",2024-06-14,10,0,11933.9,483,0,0,27.7071307300509,0,0,16319.5,593,0,0,0,0
"3866",2024-06-14,10,5,13616.9,508,0,0,27.7071307300509,0,0,16319.5,593,0,0,0,0
"3867",2024-06-14,10,10,13880.9,523,0,0,27.7071307300509,0,0,16319.5,593,0,0,0,0
"3868",2024-06-14,10,15,13423.9,527,0,0,27.7071307300509,0,0,16319.5,593,0,0,0,0
"3869",2024-06-14,10,20,13047.9,525,0,0,27.7071307300509,0,0,16319.5,593,0,0,0,0
"3870",2024-06-14,10,25,13561.9,535,0,0,27.7071307300509,0,0,16319.5,593,0,0,0,0
"3871",2024-06-14,10,30,14264.9,547,0,0,27.7071307300509,0,0,16319.5,593,0,0,0,0
"3872",2024-06-14,10,35,15441.9,574,0,0,27.7071307300509,0,0,16319.5,593,0,0,0,0
"3873",2024-06-14,10,40,15977.5,585,0,0,27.7071307300509,0,0,16319.5,593,0,0,0,0
"3874",2024-06-14,10,45,16121.5,587,0,0,27.7071307300509,0,0,16319.5,593,0,0,0,0
"3875",2024-06-14,10,50,16319.5,589,0,0,27.7071307300509,0,0,16319.5,593,0,0,0,0
"3876",2024-06-14,10,55,16184.5,593,0,0,27.7071307300509,0,0,16319.5,593,0,0,0,0
"3877",2024-06-14,11,0,16052.5,592,0,0,27.1157094594595,0,0,16886.5,640,0,0,0,0
"3878",2024-06-14,11,5,15413.5,596,0,0,27.1157094594595,0,0,16886.5,640,0,0,0,0
"3879",2024-06-14,11,10,14816.5,594,0,0,27.1157094594595,0,0,16886.5,640,0,0,0,0
"3880",2024-06-14,11,15,14729.5,597,0,0,27.1157094594595,0,0,16886.5,640,0,0,0,0
"3881",2024-06-14,11,20,14964.5,603,0,0,27.1157094594595,0,0,16886.5,640,0,0,0,0
"3882",2024-06-14,11,25,15324.5,609,0,0,27.1157094594595,0,0,16886.5,640,0,0,0,0
"3883",2024-06-14,11,30,14936.5,611,0,0,27.1157094594595,0,0,16886.5,640,0,0,0,0
"3884",2024-06-14,11,35,15671.5,628,0,0,27.1157094594595,0,0,16886.5,640,0,0,0,0
"3885",2024-06-14,11,40,16598.5,635,0,0,27.1157094594595,0,0,16886.5,640,0,0,0,0
"3886",2024-06-14,11,45,16886.5,640,0,0,27.1157094594595,0,0,16886.5,640,0,0,0,0
"3887",2024-06-14,11,50,16377.5,638,0,0,27.1157094594595,0,0,16886.5,640,0,0,0,0
"3888",2024-06-14,11,55,16241.5,639,0,0,27.1157094594595,0,0,16886.5,640,0,0,0,0
"3889",2024-06-14,12,5,16260.3,636,0,0,26.6624213836478,0,0,16957.3,642,0,0,0,0
"3890",2024-06-14,12,10,16203.3,630,0,0,26.6624213836478,0,0,16957.3,642,0,0,0,0
"3891",2024-06-14,12,0,15740.5,642,0,0,26.6624213836478,0,0,16957.3,642,0,0,0,0
"3892",2024-06-14,12,15,16957.3,636,0,0,26.6624213836478,0,0,16957.3,642,0,0,0,0
"3893",2024-06-14,12,20,16101.3,636,0,0,26.6624213836478,0,0,16957.3,642,0,0,0,0
"3894",2024-06-14,12,25,15885.3,631,0,0,26.6624213836478,0,0,16957.3,642,0,0,0,0
"3895",2024-06-14,12,30,14974.3,627,0,0,26.6624213836478,0,0,16957.3,642,0,0,0,0
"3896",2024-06-14,12,35,14780.3,633,0,0,26.6624213836478,0,0,16957.3,642,0,0,0,0
"3897",2024-06-14,12,40,15110.3,633,0,0,26.6624213836478,0,0,16957.3,642,0,0,0,0
"3898",2024-06-14,12,45,14687.3,624,0,0,26.6624213836478,0,0,16957.3,642,0,0,0,0
"3899",2024-06-14,12,50,14244,622,0,0,26.6624213836478,0,0,16957.3,642,0,0,0,0
"3900",2024-06-14,12,55,14316.2,620,0,0,26.6624213836478,0,0,16957.3,642,0,0,0,0
"3901",2024-06-14,13,55,15527,597,0,0,28.8724907063197,0,0,15527,619,0,0,0,0
"3902",2024-06-14,13,0,14294.2,618,0,0,28.8724907063197,0,0,15527,619,0,0,0,0
"3903",2024-06-14,13,5,13938.2,614,0,0,28.8724907063197,0,0,15527,619,0,0,0,0
"3904",2024-06-14,13,10,14505.2,616,0,0,28.8724907063197,0,0,15527,619,0,0,0,0
"3905",2024-06-14,13,15,14901.2,618,0,0,28.8724907063197,0,0,15527,619,0,0,0,0
"3906",2024-06-14,13,20,15037.2,619,0,0,28.8724907063197,0,0,15527,619,0,0,0,0
"3907",2024-06-14,13,25,13847.2,608,0,0,28.8724907063197,0,0,15527,619,0,0,0,0
"3908",2024-06-14,13,30,13918.2,604,0,0,28.8724907063197,0,0,15527,619,0,0,0,0
"3909",2024-06-14,13,35,7766.7,269,0,0,28.8724907063197,0,0,15527,619,0,0,0,0
"3910",2024-06-14,13,40,14569.2,606,0,0,28.8724907063197,0,0,15527,619,0,0,0,0
"3911",2024-06-14,13,45,14595.2,605,0,0,28.8724907063197,0,0,15527,619,0,0,0,0
"3912",2024-06-14,13,50,15232.2,598,0,0,28.8724907063197,0,0,15527,619,0,0,0,0
"3913",2024-06-14,14,0,15700,594,0,0,31.5455160744501,0,0,18643.4,594,0,0,0,0
"3914",2024-06-14,14,5,15964,581,0,0,31.5455160744501,0,0,18643.4,594,0,0,0,0
"3915",2024-06-14,14,10,15420,571,0,0,31.5455160744501,0,0,18643.4,594,0,0,0,0
"3916",2024-06-14,14,15,15625,571,0,0,31.5455160744501,0,0,18643.4,594,0,0,0,0
"3917",2024-06-14,14,20,16305.7,578,0,0,31.5455160744501,0,0,18643.4,594,0,0,0,0
"3918",2024-06-14,14,25,16543.7,582,0,0,31.5455160744501,0,0,18643.4,594,0,0,0,0
"3919",2024-06-14,14,30,16832.7,582,0,0,31.5455160744501,0,0,18643.4,594,0,0,0,0
"3920",2024-06-14,14,35,17870.4,589,0,0,31.5455160744501,0,0,18643.4,594,0,0,0,0
"3921",2024-06-14,14,40,18643.4,591,0,0,31.5455160744501,0,0,18643.4,594,0,0,0,0
"3922",2024-06-14,14,45,17836.4,590,0,0,31.5455160744501,0,0,18643.4,594,0,0,0,0
"3923",2024-06-14,14,50,17320.4,588,0,0,31.5455160744501,0,0,18643.4,594,0,0,0,0
"3924",2024-06-14,14,55,17281.4,587,0,0,31.5455160744501,0,0,18643.4,594,0,0,0,0
"3925",2024-06-14,15,0,17096.4,589,0,0,29.4190559440559,0,0,17096.4,589,0,0,0,0
"3926",2024-06-14,15,5,15354.4,580,0,0,29.4190559440559,0,0,17096.4,589,0,0,0,0
"3927",2024-06-14,15,10,15873.4,580,0,0,29.4190559440559,0,0,17096.4,589,0,0,0,0
"3928",2024-06-14,15,15,16206.3,585,0,0,29.4190559440559,0,0,17096.4,589,0,0,0,0
"3929",2024-06-14,15,20,15255.3,586,0,0,29.4190559440559,0,0,17096.4,589,0,0,0,0
"3930",2024-06-14,15,25,15161.3,583,0,0,29.4190559440559,0,0,17096.4,589,0,0,0,0
"3931",2024-06-14,15,30,15300.3,578,0,0,29.4190559440559,0,0,17096.4,589,0,0,0,0
"3932",2024-06-14,15,35,15133.3,566,0,0,29.4190559440559,0,0,17096.4,589,0,0,0,0
"3933",2024-06-14,15,40,16413.7,574,0,0,29.4190559440559,0,0,17096.4,589,0,0,0,0
"3934",2024-06-14,15,45,16766.7,578,0,0,29.4190559440559,0,0,17096.4,589,0,0,0,0
"3935",2024-06-14,15,50,16519.7,575,0,0,29.4190559440559,0,0,17096.4,589,0,0,0,0
"3936",2024-06-14,15,55,16827.7,572,0,0,29.4190559440559,0,0,17096.4,589,0,0,0,0
"3937",2024-06-14,16,0,17188.7,575,0,0,31.6782392026578,0,0,19070.3,606,0,0,0,0
"3938",2024-06-14,16,5,18081.7,586,0,0,31.6782392026578,0,0,19070.3,606,0,0,0,0
"3939",2024-06-14,16,10,18398.7,592,0,0,31.6782392026578,0,0,19070.3,606,0,0,0,0
"3940",2024-06-14,16,15,18288.7,592,0,0,31.6782392026578,0,0,19070.3,606,0,0,0,0
"3941",2024-06-14,16,20,18447.7,598,0,0,31.6782392026578,0,0,19070.3,606,0,0,0,0
"3942",2024-06-14,16,25,17133.7,592,0,0,31.6782392026578,0,0,19070.3,606,0,0,0,0
"3943",2024-06-14,16,30,17444.7,601,0,0,31.6782392026578,0,0,19070.3,606,0,0,0,0
"3944",2024-06-14,16,35,18008,602,0,0,31.6782392026578,0,0,19070.3,606,0,0,0,0
"3945",2024-06-14,16,40,17569.3,605,0,0,31.6782392026578,0,0,19070.3,606,0,0,0,0
"3946",2024-06-14,16,45,18158.3,605,0,0,31.6782392026578,0,0,19070.3,606,0,0,0,0
"3947",2024-06-14,16,50,18954,606,0,0,31.6782392026578,0,0,19070.3,606,0,0,0,0
"3948",2024-06-14,16,55,19070.3,602,0,0,31.6782392026578,0,0,19070.3,606,0,0,0,0
"3949",2024-06-14,17,0,18445.3,594,0,0,31.0526936026936,0,0,18445.3,594,0,0,0,0
"3950",2024-06-14,17,5,15896.3,578,0,0,31.0526936026936,0,0,18445.3,594,0,0,0,0
"3951",2024-06-14,17,10,16599.3,580,0,0,31.0526936026936,0,0,18445.3,594,0,0,0,0
"3952",2024-06-14,17,15,16594.3,578,0,0,31.0526936026936,0,0,18445.3,594,0,0,0,0
"3953",2024-06-14,17,20,16458.3,579,0,0,31.0526936026936,0,0,18445.3,594,0,0,0,0
"3954",2024-06-14,17,25,16419.3,580,0,0,31.0526936026936,0,0,18445.3,594,0,0,0,0
"3955",2024-06-14,17,30,15753.3,574,0,0,31.0526936026936,0,0,18445.3,594,0,0,0,0
"3956",2024-06-14,17,35,16509.3,577,0,0,31.0526936026936,0,0,18445.3,594,0,0,0,0
"3957",2024-06-14,17,40,15996.3,573,0,0,31.0526936026936,0,0,18445.3,594,0,0,0,0
"3958",2024-06-14,17,45,16104.3,578,0,0,31.0526936026936,0,0,18445.3,594,0,0,0,0
"3959",2024-06-14,17,50,15697.1,574,0,0,31.0526936026936,0,0,18445.3,594,0,0,0,0
"3960",2024-06-14,17,55,15850.1,572,0,0,31.0526936026936,0,0,18445.3,594,0,0,0,0
"3961",2024-06-14,18,0,15484.1,577,0,0,29.4132352941176,0,0,16385.1,577,0,0,0,0
"3962",2024-06-14,18,5,15881.1,565,0,0,29.4132352941176,0,0,16385.1,577,0,0,0,0
"3963",2024-06-14,18,10,15376.1,558,0,0,29.4132352941176,0,0,16385.1,577,0,0,0,0
"3964",2024-06-14,18,15,15193.1,554,0,0,29.4132352941176,0,0,16385.1,577,0,0,0,0
"3965",2024-06-14,18,20,15269.1,553,0,0,29.4132352941176,0,0,16385.1,577,0,0,0,0
"3966",2024-06-14,18,25,16273.1,561,0,0,29.4132352941176,0,0,16385.1,577,0,0,0,0
"3967",2024-06-14,18,30,16385.1,565,0,0,29.4132352941176,0,0,16385.1,577,0,0,0,0
"3968",2024-06-14,18,35,15379.8,554,0,0,29.4132352941176,0,0,16385.1,577,0,0,0,0
"3969",2024-06-14,18,40,15449.8,549,0,0,29.4132352941176,0,0,16385.1,577,0,0,0,0
"3970",2024-06-14,18,45,15866.8,548,0,0,29.4132352941176,0,0,16385.1,577,0,0,0,0
"3971",2024-06-14,18,50,16000.8,544,0,0,29.4132352941176,0,0,16385.1,577,0,0,0,0
"3972",2024-06-14,18,55,15281.8,535,0,0,29.4132352941176,0,0,16385.1,577,0,0,0,0
"3973",2024-06-14,19,5,14874.8,524,0,0,29.7188461538462,0,0,15453.8,533,0,0,0,0
"3974",2024-06-14,19,10,15453.8,520,0,0,29.7188461538462,0,0,15453.8,533,0,0,0,0
"3975",2024-06-14,19,15,15067.8,517,0,0,29.7188461538462,0,0,15453.8,533,0,0,0,0
"3976",2024-06-14,19,20,15060.8,511,0,0,29.7188461538462,0,0,15453.8,533,0,0,0,0
"3977",2024-06-14,19,25,14019.8,505,0,0,29.7188461538462,0,0,15453.8,533,0,0,0,0
"3978",2024-06-14,19,30,13644.1,498,0,0,29.7188461538462,0,0,15453.8,533,0,0,0,0
"3979",2024-06-14,19,0,15259.8,533,0,0,29.7188461538462,0,0,15453.8,533,0,0,0,0
"3980",2024-06-14,19,35,12607.1,483,0,0,29.7188461538462,0,0,15453.8,533,0,0,0,0
"3981",2024-06-14,19,40,12994.1,482,0,0,29.7188461538462,0,0,15453.8,533,0,0,0,0
"3982",2024-06-14,19,45,12814.1,482,0,0,29.7188461538462,0,0,15453.8,533,0,0,0,0
"3983",2024-06-14,19,50,11827.1,477,0,0,29.7188461538462,0,0,15453.8,533,0,0,0,0
"3984",2024-06-14,19,55,12962.1,481,0,0,29.7188461538462,0,0,15453.8,533,0,0,0,0
"3985",2024-06-14,20,0,13476.1,478,0,0,31.7914225941423,0,0,15196.3,489,0,0,0,0
"3986",2024-06-14,20,5,14751.1,489,0,0,31.7914225941423,0,0,15196.3,489,0,0,0,0
"3987",2024-06-14,20,10,14171.1,482,0,0,31.7914225941423,0,0,15196.3,489,0,0,0,0
"3988",2024-06-14,20,15,14794.1,479,0,0,31.7914225941423,0,0,15196.3,489,0,0,0,0
"3989",2024-06-14,20,20,15196.3,478,0,0,31.7914225941423,0,0,15196.3,489,0,0,0,0
"3990",2024-06-14,20,25,14276.3,473,0,0,31.7914225941423,0,0,15196.3,489,0,0,0,0
"3991",2024-06-14,20,30,13842.3,468,0,0,31.7914225941423,0,0,15196.3,489,0,0,0,0
"3992",2024-06-14,20,35,13976.3,461,0,0,31.7914225941423,0,0,15196.3,489,0,0,0,0
"3993",2024-06-14,20,40,13756.3,464,0,0,31.7914225941423,0,0,15196.3,489,0,0,0,0
"3994",2024-06-14,20,45,12895.3,461,0,0,31.7914225941423,0,0,15196.3,489,0,0,0,0
"3995",2024-06-14,20,50,12794.3,459,0,0,31.7914225941423,0,0,15196.3,489,0,0,0,0
"3996",2024-06-14,20,55,12173.3,455,0,0,31.7914225941423,0,0,15196.3,489,0,0,0,0
"3997",2024-06-14,21,0,13070.3,458,0,0,28.5377729257642,0,0,13070.3,458,0,0,0,0
"3998",2024-06-14,21,5,12381.3,455,0,0,28.5377729257642,0,0,13070.3,458,0,0,0,0
"3999",2024-06-14,21,10,12081.3,453,0,0,28.5377729257642,0,0,13070.3,458,0,0,0,0
"4000",2024-06-14,21,15,12232,452,0,0,28.5377729257642,0,0,13070.3,458,0,0,0,0
"4001",2024-06-14,21,20,11743,450,0,0,28.5377729257642,0,0,13070.3,458,0,0,0,0
"4002",2024-06-14,21,25,12387,458,0,0,28.5377729257642,0,0,13070.3,458,0,0,0,0
"4003",2024-06-14,21,30,12279,458,0,0,28.5377729257642,0,0,13070.3,458,0,0,0,0
"4004",2024-06-14,21,35,12107,453,0,0,28.5377729257642,0,0,13070.3,458,0,0,0,0
"4005",2024-06-14,21,40,12832,455,0,0,28.5377729257642,0,0,13070.3,458,0,0,0,0
"4006",2024-06-14,21,45,12451,453,0,0,28.5377729257642,0,0,13070.3,458,0,0,0,0
"4007",2024-06-14,21,50,11846,453,0,0,28.5377729257642,0,0,13070.3,458,0,0,0,0
"4008",2024-06-14,21,55,12208.3,457,0,0,28.5377729257642,0,0,13070.3,458,0,0,0,0
"4009",2024-06-14,22,0,12230.3,458,0,0,27.7426406926407,0,0,12817.1,464,0,0,0,0
"4010",2024-06-14,22,5,12817.1,462,0,0,27.7426406926407,0,0,12817.1,464,0,0,0,0
"4011",2024-06-14,22,10,12681.1,464,0,0,27.7426406926407,0,0,12817.1,464,0,0,0,0
"4012",2024-06-14,22,15,11846.1,459,0,0,27.7426406926407,0,0,12817.1,464,0,0,0,0
"4013",2024-06-14,22,20,12124.1,459,0,0,27.7426406926407,0,0,12817.1,464,0,0,0,0
"4014",2024-06-14,22,25,11370.1,452,0,0,27.7426406926407,0,0,12817.1,464,0,0,0,0
"4015",2024-06-14,22,30,10674.1,444,0,0,27.7426406926407,0,0,12817.1,464,0,0,0,0
"4016",2024-06-14,22,35,10639.1,447,0,0,27.7426406926407,0,0,12817.1,464,0,0,0,0
"4017",2024-06-14,22,40,10584.1,443,0,0,27.7426406926407,0,0,12817.1,464,0,0,0,0
"4018",2024-06-14,22,45,10646.1,439,0,0,27.7426406926407,0,0,12817.1,464,0,0,0,0
"4019",2024-06-14,22,50,10525.1,437,0,0,27.7426406926407,0,0,12817.1,464,0,0,0,0
"4020",2024-06-14,22,55,10705.1,437,0,0,27.7426406926407,0,0,12817.1,464,0,0,0,0
"4021",2024-06-14,23,0,10427.1,437,0,0,23.9932242990654,0,0,10427.1,437,0,0,0,0
"4022",2024-06-14,23,5,9538.1,425,0,0,23.9932242990654,0,0,10427.1,437,0,0,0,0
"4023",2024-06-14,23,10,9735.1,429,0,0,23.9932242990654,0,0,10427.1,437,0,0,0,0
"4024",2024-06-14,23,15,10291.1,429,0,0,23.9932242990654,0,0,10427.1,437,0,0,0,0
"4025",2024-06-14,23,20,10269.1,428,0,0,23.9932242990654,0,0,10427.1,437,0,0,0,0
"4026",2024-06-14,23,25,9614.1,423,0,0,23.9932242990654,0,0,10427.1,437,0,0,0,0
"4027",2024-06-14,23,30,9500.1,427,0,0,23.9932242990654,0,0,10427.1,437,0,0,0,0
"4028",2024-06-14,23,35,9867.1,418,0,0,23.9932242990654,0,0,10427.1,437,0,0,0,0
"4029",2024-06-14,23,40,9747.1,417,0,0,23.9932242990654,0,0,10427.1,437,0,0,0,0
"4030",2024-06-14,23,45,9830.1,421,0,0,23.9932242990654,0,0,10427.1,437,0,0,0,0
"4031",2024-06-14,23,50,10132.1,424,0,0,23.9932242990654,0,0,10427.1,437,0,0,0,0
"4032",2024-06-14,23,55,9723.1,423,0,0,23.9932242990654,0,0,10427.1,437,0,0,0,0
"4033",2024-06-15,0,0,9599.1,400,0,0,23.99775,0,0,9599.1,400,0,0,0,0
"4034",2024-06-15,0,5,8791.1,390,0,0,23.99775,0,0,9599.1,400,0,0,0,0
"4035",2024-06-15,0,10,8823.1,388,0,0,23.99775,0,0,9599.1,400,0,0,0,0
"4036",2024-06-15,0,15,8801.1,388,0,0,23.99775,0,0,9599.1,400,0,0,0,0
"4037",2024-06-15,0,20,8757.1,384,0,0,23.99775,0,0,9599.1,400,0,0,0,0
"4038",2024-06-15,0,25,8807.1,385,0,0,23.99775,0,0,9599.1,400,0,0,0,0
"4039",2024-06-15,0,30,8414.1,383,0,0,23.99775,0,0,9599.1,400,0,0,0,0
"4040",2024-06-15,0,35,8787.1,380,0,0,23.99775,0,0,9599.1,400,0,0,0,0
"4041",2024-06-15,0,40,9065.1,380,0,0,23.99775,0,0,9599.1,400,0,0,0,0
"4042",2024-06-15,0,45,9142.1,384,0,0,23.99775,0,0,9599.1,400,0,0,0,0
"4043",2024-06-15,0,50,8842.1,383,0,0,23.99775,0,0,9599.1,400,0,0,0,0
"4044",2024-06-15,0,55,9075.1,385,0,0,23.99775,0,0,9599.1,400,0,0,0,0
"4045",2024-06-15,1,0,8531.1,381,0,0,23.4096153846154,0,0,8543.1,381,0,0,0,0
"4046",2024-06-15,1,5,8389.1,378,0,0,23.4096153846154,0,0,8543.1,381,0,0,0,0
"4047",2024-06-15,1,10,8389.1,378,0,0,23.4096153846154,0,0,8543.1,381,0,0,0,0
"4048",2024-06-15,1,15,8345.1,376,0,0,23.4096153846154,0,0,8543.1,381,0,0,0,0
"4049",2024-06-15,1,20,8290.1,373,0,0,23.4096153846154,0,0,8543.1,381,0,0,0,0
"4050",2024-06-15,1,25,7957.1,370,0,0,23.4096153846154,0,0,8543.1,381,0,0,0,0
"4051",2024-06-15,1,30,8417.1,372,0,0,23.4096153846154,0,0,8543.1,381,0,0,0,0
"4052",2024-06-15,1,35,8543.1,365,0,0,23.4096153846154,0,0,8543.1,381,0,0,0,0
"4053",2024-06-15,1,40,8243.1,364,0,0,23.4096153846154,0,0,8543.1,381,0,0,0,0
"4054",2024-06-15,1,45,8521.1,364,0,0,23.4096153846154,0,0,8543.1,381,0,0,0,0
"4055",2024-06-15,1,50,8206.4,361,0,0,23.4096153846154,0,0,8543.1,381,0,0,0,0
"4056",2024-06-15,1,55,8206.4,361,0,0,23.4096153846154,0,0,8543.1,381,0,0,0,0
"4057",2024-06-15,2,0,8818.1,390,0,0,22.6105128205128,0,0,8818.1,390,0,0,0,0
"4058",2024-06-15,2,5,7969.1,382,0,0,22.6105128205128,0,0,8818.1,390,0,0,0,0
"4059",2024-06-15,2,10,7898.1,381,0,0,22.6105128205128,0,0,8818.1,390,0,0,0,0
"4060",2024-06-15,2,15,7958.1,382,0,0,22.6105128205128,0,0,8818.1,390,0,0,0,0
"4061",2024-06-15,2,20,7958.1,382,0,0,22.6105128205128,0,0,8818.1,390,0,0,0,0
"4062",2024-06-15,2,25,7991.1,383,0,0,22.6105128205128,0,0,8818.1,390,0,0,0,0
"4063",2024-06-15,2,30,8068.1,385,0,0,22.6105128205128,0,0,8818.1,390,0,0,0,0
"4064",2024-06-15,2,35,8241.1,381,0,0,22.6105128205128,0,0,8818.1,390,0,0,0,0
"4065",2024-06-15,2,40,8159.1,379,0,0,22.6105128205128,0,0,8818.1,390,0,0,0,0
"4066",2024-06-15,2,45,8137.1,378,0,0,22.6105128205128,0,0,8818.1,390,0,0,0,0
"4067",2024-06-15,2,50,8093.1,376,0,0,22.6105128205128,0,0,8818.1,390,0,0,0,0
"4068",2024-06-15,2,55,8115.1,377,0,0,22.6105128205128,0,0,8818.1,390,0,0,0,0
"4069",2024-06-15,3,0,8027.1,375,0,0,21.7184281842818,0,0,8027.1,375,0,0,0,0
"4070",2024-06-15,3,5,7296.1,369,0,0,21.7184281842818,0,0,8027.1,375,0,0,0,0
"4071",2024-06-15,3,10,7296.1,369,0,0,21.7184281842818,0,0,8027.1,375,0,0,0,0
"4072",2024-06-15,3,15,7252.1,367,0,0,21.7184281842818,0,0,8027.1,375,0,0,0,0
"4073",2024-06-15,3,20,7263.1,368,0,0,21.7184281842818,0,0,8027.1,375,0,0,0,0
"4074",2024-06-15,3,25,7585.1,370,0,0,21.7184281842818,0,0,8027.1,375,0,0,0,0
"4075",2024-06-15,3,30,7585.1,370,0,0,21.7184281842818,0,0,8027.1,375,0,0,0,0
"4076",2024-06-15,3,35,7758.1,371,0,0,21.7184281842818,0,0,8027.1,375,0,0,0,0
"4077",2024-06-15,3,40,7758.1,371,0,0,21.7184281842818,0,0,8027.1,375,0,0,0,0
"4078",2024-06-15,3,45,7725.1,369,0,0,21.7184281842818,0,0,8027.1,375,0,0,0,0
"4079",2024-06-15,3,50,7725.1,369,0,0,21.7184281842818,0,0,8027.1,375,0,0,0,0
"4080",2024-06-15,3,55,8014.1,369,0,0,21.7184281842818,0,0,8027.1,375,0,0,0,0
"4081",2024-06-15,4,0,7730.1,371,0,0,21.199730458221,0,0,7865.1,371,0,0,0,0
"4082",2024-06-15,4,5,7591.1,371,0,0,21.199730458221,0,0,7865.1,371,0,0,0,0
"4083",2024-06-15,4,10,7591.1,371,0,0,21.199730458221,0,0,7865.1,371,0,0,0,0
"4084",2024-06-15,4,15,7591.1,371,0,0,21.199730458221,0,0,7865.1,371,0,0,0,0
"4085",2024-06-15,4,20,7591.1,371,0,0,21.199730458221,0,0,7865.1,371,0,0,0,0
"4086",2024-06-15,4,25,7591.1,371,0,0,21.199730458221,0,0,7865.1,371,0,0,0,0
"4087",2024-06-15,4,30,7707.1,371,0,0,21.199730458221,0,0,7865.1,371,0,0,0,0
"4088",2024-06-15,4,35,7865.1,371,0,0,21.199730458221,0,0,7865.1,371,0,0,0,0
"4089",2024-06-15,4,40,7865.1,371,0,0,21.199730458221,0,0,7865.1,371,0,0,0,0
"4090",2024-06-15,4,45,7865.1,371,0,0,21.199730458221,0,0,7865.1,371,0,0,0,0
"4091",2024-06-15,4,50,7565.1,370,0,0,21.199730458221,0,0,7865.1,371,0,0,0,0
"4092",2024-06-15,4,55,7565.1,370,0,0,21.199730458221,0,0,7865.1,371,0,0,0,0
"4093",2024-06-15,5,0,7843.1,370,0,0,22.0765667574932,0,0,8102.1,370,0,0,0,0
"4094",2024-06-15,5,5,7824.1,367,0,0,22.0765667574932,0,0,8102.1,370,0,0,0,0
"4095",2024-06-15,5,10,7824.1,367,0,0,22.0765667574932,0,0,8102.1,370,0,0,0,0
"4096",2024-06-15,5,15,8102.1,367,0,0,22.0765667574932,0,0,8102.1,370,0,0,0,0
"4097",2024-06-15,5,20,8000.1,366,0,0,22.0765667574932,0,0,8102.1,370,0,0,0,0
"4098",2024-06-15,5,25,8022.1,367,0,0,22.0765667574932,0,0,8102.1,370,0,0,0,0
"4099",2024-06-15,5,30,7722.1,366,0,0,22.0765667574932,0,0,8102.1,370,0,0,0,0
"4100",2024-06-15,5,35,7609.1,362,0,0,22.0765667574932,0,0,8102.1,370,0,0,0,0
"4101",2024-06-15,5,40,7609.1,362,0,0,22.0765667574932,0,0,8102.1,370,0,0,0,0
"4102",2024-06-15,5,45,7531.1,362,0,0,22.0765667574932,0,0,8102.1,370,0,0,0,0
"4103",2024-06-15,5,50,7531.1,362,0,0,22.0765667574932,0,0,8102.1,370,0,0,0,0
"4104",2024-06-15,5,55,7531.1,362,0,0,22.0765667574932,0,0,8102.1,370,0,0,0,0
"4105",2024-06-15,6,0,7531.1,362,0,0,22.4742465753425,0,0,8203.1,366,0,0,0,0
"4106",2024-06-15,6,5,7720.1,362,0,0,22.4742465753425,0,0,8203.1,366,0,0,0,0
"4107",2024-06-15,6,10,7742.1,363,0,0,22.4742465753425,0,0,8203.1,366,0,0,0,0
"4108",2024-06-15,6,15,7720.1,362,0,0,22.4742465753425,0,0,8203.1,366,0,0,0,0
"4109",2024-06-15,6,20,8020.1,363,0,0,22.4742465753425,0,0,8203.1,366,0,0,0,0
"4110",2024-06-15,6,25,8042.1,364,0,0,22.4742465753425,0,0,8203.1,366,0,0,0,0
"4111",2024-06-15,6,30,8042.1,364,0,0,22.4742465753425,0,0,8203.1,366,0,0,0,0
"4112",2024-06-15,6,35,8170.1,364,0,0,22.4742465753425,0,0,8203.1,366,0,0,0,0
"4113",2024-06-15,6,40,8170.1,364,0,0,22.4742465753425,0,0,8203.1,366,0,0,0,0
"4114",2024-06-15,6,45,8192.1,365,0,0,22.4742465753425,0,0,8203.1,366,0,0,0,0
"4115",2024-06-15,6,50,8203.1,365,0,0,22.4742465753425,0,0,8203.1,366,0,0,0,0
"4116",2024-06-15,6,55,7947.1,366,0,0,22.4742465753425,0,0,8203.1,366,0,0,0,0
"4117",2024-06-15,7,0,8225.1,366,0,0,22.4729508196721,0,0,8225.1,366,0,0,0,0
"4118",2024-06-15,7,5,7919.1,364,0,0,22.4729508196721,0,0,8225.1,366,0,0,0,0
"4119",2024-06-15,7,10,7619.1,363,0,0,22.4729508196721,0,0,8225.1,366,0,0,0,0
"4120",2024-06-15,7,15,7597.1,362,0,0,22.4729508196721,0,0,8225.1,366,0,0,0,0
"4121",2024-06-15,7,20,7619.1,363,0,0,22.4729508196721,0,0,8225.1,366,0,0,0,0
"4122",2024-06-15,7,25,7641.1,364,0,0,22.4729508196721,0,0,8225.1,366,0,0,0,0
"4123",2024-06-15,7,30,7663.1,365,0,0,22.4729508196721,0,0,8225.1,366,0,0,0,0
"4124",2024-06-15,7,35,7864.1,361,0,0,22.4729508196721,0,0,8225.1,366,0,0,0,0
"4125",2024-06-15,7,40,7564.1,360,0,0,22.4729508196721,0,0,8225.1,366,0,0,0,0
"4126",2024-06-15,7,45,7603.1,362,0,0,22.4729508196721,0,0,8225.1,366,0,0,0,0
"4127",2024-06-15,7,50,7925.1,364,0,0,22.4729508196721,0,0,8225.1,366,0,0,0,0
"4128",2024-06-15,7,55,7925.1,364,0,0,22.4729508196721,0,0,8225.1,366,0,0,0,0
"4129",2024-06-15,8,0,7925.1,364,0,0,22.6597297297297,0,0,8384.1,370,0,0,0,0
"4130",2024-06-15,8,5,7801.1,365,0,0,22.6597297297297,0,0,8384.1,370,0,0,0,0
"4131",2024-06-15,8,10,7923.1,367,0,0,22.6597297297297,0,0,8384.1,370,0,0,0,0
"4132",2024-06-15,8,15,8021.1,367,0,0,22.6597297297297,0,0,8384.1,370,0,0,0,0
"4133",2024-06-15,8,20,8001.1,366,0,0,22.6597297297297,0,0,8384.1,370,0,0,0,0
"4134",2024-06-15,8,25,8157.8,369,0,0,22.6597297297297,0,0,8384.1,370,0,0,0,0
"4135",2024-06-15,8,30,8078.1,369,0,0,22.6597297297297,0,0,8384.1,370,0,0,0,0
"4136",2024-06-15,8,35,8084.1,369,0,0,22.6597297297297,0,0,8384.1,370,0,0,0,0
"4137",2024-06-15,8,40,8384.1,370,0,0,22.6597297297297,0,0,8384.1,370,0,0,0,0
"4138",2024-06-15,8,45,8073.1,368,0,0,22.6597297297297,0,0,8384.1,370,0,0,0,0
"4139",2024-06-15,8,50,8007.1,365,0,0,22.6597297297297,0,0,8384.1,370,0,0,0,0
"4140",2024-06-15,8,55,8056.1,363,0,0,22.6597297297297,0,0,8384.1,370,0,0,0,0
"4141",2024-06-15,9,0,8184.1,363,0,0,25.1207282913165,0,0,8968.1,363,0,0,0,0
"4142",2024-06-15,9,5,7759.1,355,0,0,25.1207282913165,0,0,8968.1,363,0,0,0,0
"4143",2024-06-15,9,10,7881.1,357,0,0,25.1207282913165,0,0,8968.1,363,0,0,0,0
"4144",2024-06-15,9,15,8021.1,356,0,0,25.1207282913165,0,0,8968.1,363,0,0,0,0
"4145",2024-06-15,9,20,7999.1,355,0,0,25.1207282913165,0,0,8968.1,363,0,0,0,0
"4146",2024-06-15,9,25,7699.1,354,0,0,25.1207282913165,0,0,8968.1,363,0,0,0,0
"4147",2024-06-15,9,30,7879.1,354,0,0,25.1207282913165,0,0,8968.1,363,0,0,0,0
"4148",2024-06-15,9,35,8834.1,359,0,0,25.1207282913165,0,0,8968.1,363,0,0,0,0
"4149",2024-06-15,9,40,8884.1,360,0,0,25.1207282913165,0,0,8968.1,363,0,0,0,0
"4150",2024-06-15,9,45,8562.1,359,0,0,25.1207282913165,0,0,8968.1,363,0,0,0,0
"4151",2024-06-15,9,50,8968.1,357,0,0,25.1207282913165,0,0,8968.1,363,0,0,0,0
"4152",2024-06-15,9,55,8690.1,353,0,0,25.1207282913165,0,0,8968.1,363,0,0,0,0
"4153",2024-06-15,10,0,8657.1,351,0,0,24.8294117647059,0,0,8889.8,371,0,0,0,0
"4154",2024-06-15,10,5,8477.1,352,0,0,24.8294117647059,0,0,8889.8,371,0,0,0,0
"4155",2024-06-15,10,10,8519.1,355,0,0,24.8294117647059,0,0,8889.8,371,0,0,0,0
"4156",2024-06-15,10,15,8864.1,357,0,0,24.8294117647059,0,0,8889.8,371,0,0,0,0
"4157",2024-06-15,10,20,8741.1,358,0,0,24.8294117647059,0,0,8889.8,371,0,0,0,0
"4158",2024-06-15,10,25,8883.1,359,0,0,24.8294117647059,0,0,8889.8,371,0,0,0,0
"4159",2024-06-15,10,30,8727.1,361,0,0,24.8294117647059,0,0,8889.8,371,0,0,0,0
"4160",2024-06-15,10,35,8558.1,361,0,0,24.8294117647059,0,0,8889.8,371,0,0,0,0
"4161",2024-06-15,10,40,8544.8,360,0,0,24.8294117647059,0,0,8889.8,371,0,0,0,0
"4162",2024-06-15,10,45,8396.8,360,0,0,24.8294117647059,0,0,8889.8,371,0,0,0,0
"4163",2024-06-15,10,50,8579.8,362,0,0,24.8294117647059,0,0,8889.8,371,0,0,0,0
"4164",2024-06-15,10,55,8889.8,371,0,0,24.8294117647059,0,0,8889.8,371,0,0,0,0
"4165",2024-06-15,11,0,8800.8,372,0,0,31.0942168674699,0,0,12909.1,417,0,0,0,0
"4166",2024-06-15,11,5,9662.8,386,0,0,31.0942168674699,0,0,12909.1,417,0,0,0,0
"4167",2024-06-15,11,10,10372.8,394,0,0,31.0942168674699,0,0,12909.1,417,0,0,0,0
"4168",2024-06-15,11,15,10843.8,397,0,0,31.0942168674699,0,0,12909.1,417,0,0,0,0
"4169",2024-06-15,11,20,10595.1,397,0,0,31.0942168674699,0,0,12909.1,417,0,0,0,0
"4170",2024-06-15,11,25,10983.1,398,0,0,31.0942168674699,0,0,12909.1,417,0,0,0,0
"4171",2024-06-15,11,30,11660.1,403,0,0,31.0942168674699,0,0,12909.1,417,0,0,0,0
"4172",2024-06-15,11,35,11937.1,414,0,0,31.0942168674699,0,0,12909.1,417,0,0,0,0
"4173",2024-06-15,11,40,12530.1,416,0,0,31.0942168674699,0,0,12909.1,417,0,0,0,0
"4174",2024-06-15,11,45,12909.1,416,0,0,31.0942168674699,0,0,12909.1,417,0,0,0,0
"4175",2024-06-15,11,50,12904.1,415,0,0,31.0942168674699,0,0,12909.1,417,0,0,0,0
"4176",2024-06-15,11,55,12843.1,417,0,0,31.0942168674699,0,0,12909.1,417,0,0,0,0
"4177",2024-06-15,12,0,12827.1,420,0,0,30.5407142857143,0,0,14009.4,470,0,0,0,0
"4178",2024-06-15,12,5,12338.1,435,0,0,30.5407142857143,0,0,14009.4,470,0,0,0,0
"4179",2024-06-15,12,10,11760.1,438,0,0,30.5407142857143,0,0,14009.4,470,0,0,0,0
"4180",2024-06-15,12,15,12276.1,444,0,0,30.5407142857143,0,0,14009.4,470,0,0,0,0
"4181",2024-06-15,12,20,12626.1,446,0,0,30.5407142857143,0,0,14009.4,470,0,0,0,0
"4182",2024-06-15,12,25,12349.1,451,0,0,30.5407142857143,0,0,14009.4,470,0,0,0,0
"4183",2024-06-15,12,30,12454.1,453,0,0,30.5407142857143,0,0,14009.4,470,0,0,0,0
"4184",2024-06-15,12,35,12381.1,461,0,0,30.5407142857143,0,0,14009.4,470,0,0,0,0
"4185",2024-06-15,12,40,13519.1,470,0,0,30.5407142857143,0,0,14009.4,470,0,0,0,0
"4186",2024-06-15,12,45,13330.1,467,0,0,30.5407142857143,0,0,14009.4,470,0,0,0,0
"4187",2024-06-15,12,50,13435.1,468,0,0,30.5407142857143,0,0,14009.4,470,0,0,0,0
"4188",2024-06-15,12,55,14009.4,468,0,0,30.5407142857143,0,0,14009.4,470,0,0,0,0
"4189",2024-06-15,13,0,14469.4,472,0,0,44.103305785124,0,0,16592.4,495,0,0,0,0
"4190",2024-06-15,13,5,15822.4,481,0,0,44.103305785124,0,0,16592.4,495,0,0,0,0
"4191",2024-06-15,13,10,16592.4,484,0,0,44.103305785124,0,0,16592.4,495,0,0,0,0
"4192",2024-06-15,13,15,15025.4,478,0,0,44.103305785124,0,0,16592.4,495,0,0,0,0
"4193",2024-06-15,13,20,14823.4,476,0,0,44.103305785124,0,0,16592.4,495,0,0,0,0
"4194",2024-06-15,13,25,15570.4,477,0,0,44.103305785124,0,0,16592.4,495,0,0,0,0
"4195",2024-06-15,13,30,15793.4,474,0,0,44.103305785124,0,0,16592.4,495,0,0,0,0
"4196",2024-06-15,13,35,12405.4,355,0,0,44.103305785124,0,0,16592.4,495,0,0,0,0
"4197",2024-06-15,13,40,10673,242,0,0,44.103305785124,0,0,16592.4,495,0,0,0,0
"4198",2024-06-15,13,45,14819.4,486,0,0,44.103305785124,0,0,16592.4,495,0,0,0,0
"4199",2024-06-15,13,50,16041.4,489,0,0,44.103305785124,0,0,16592.4,495,0,0,0,0
"4200",2024-06-15,13,55,15843.6,495,0,0,44.103305785124,0,0,16592.4,495,0,0,0,0
"4201",2024-06-15,14,0,15807.6,498,0,0,34.5828897338403,0,0,18331.6,534,0,0,0,0
"4202",2024-06-15,14,5,15186.6,502,0,0,34.5828897338403,0,0,18331.6,534,0,0,0,0
"4203",2024-06-15,14,10,15351.6,507,0,0,34.5828897338403,0,0,18331.6,534,0,0,0,0
"4204",2024-06-15,14,15,15385.6,502,0,0,34.5828897338403,0,0,18331.6,534,0,0,0,0
"4205",2024-06-15,14,20,15104.6,502,0,0,34.5828897338403,0,0,18331.6,534,0,0,0,0
"4206",2024-06-15,14,25,15222.6,498,0,0,34.5828897338403,0,0,18331.6,534,0,0,0,0
"4207",2024-06-15,14,30,16551.6,503,0,0,34.5828897338403,0,0,18331.6,534,0,0,0,0
"4208",2024-06-15,14,35,17804.6,521,0,0,34.5828897338403,0,0,18331.6,534,0,0,0,0
"4209",2024-06-15,14,40,18190.6,526,0,0,34.5828897338403,0,0,18331.6,534,0,0,0,0
"4210",2024-06-15,14,45,18040.6,533,0,0,34.5828897338403,0,0,18331.6,534,0,0,0,0
"4211",2024-06-15,14,50,18331.6,534,0,0,34.5828897338403,0,0,18331.6,534,0,0,0,0
"4212",2024-06-15,14,55,17354.6,526,0,0,34.5828897338403,0,0,18331.6,534,0,0,0,0
"4213",2024-06-15,15,0,16162.6,522,0,0,30.9628352490421,0,0,16162.6,522,0,0,0,0
"4214",2024-06-15,15,5,14871,511,0,0,30.9628352490421,0,0,16162.6,522,0,0,0,0
"4215",2024-06-15,15,10,14655,506,0,0,30.9628352490421,0,0,16162.6,522,0,0,0,0
"4216",2024-06-15,15,15,14391,505,0,0,30.9628352490421,0,0,16162.6,522,0,0,0,0
"4217",2024-06-15,15,20,14439,507,0,0,30.9628352490421,0,0,16162.6,522,0,0,0,0
"4218",2024-06-15,15,25,14585,507,0,0,30.9628352490421,0,0,16162.6,522,0,0,0,0
"4219",2024-06-15,15,30,13887,504,0,0,30.9628352490421,0,0,16162.6,522,0,0,0,0
"4220",2024-06-15,15,35,14877,500,0,0,30.9628352490421,0,0,16162.6,522,0,0,0,0
"4221",2024-06-15,15,40,14412,494,0,0,30.9628352490421,0,0,16162.6,522,0,0,0,0
"4222",2024-06-15,15,45,14431,494,0,0,30.9628352490421,0,0,16162.6,522,0,0,0,0
"4223",2024-06-15,15,50,13872,493,0,0,30.9628352490421,0,0,16162.6,522,0,0,0,0
"4224",2024-06-15,15,55,13780.3,486,0,0,30.9628352490421,0,0,16162.6,522,0,0,0,0
"4225",2024-06-15,16,0,14593.3,494,0,0,30.8933198380567,0,0,15261.3,497,0,0,0,0
"4226",2024-06-15,16,5,14616.3,497,0,0,30.8933198380567,0,0,15261.3,497,0,0,0,0
"4227",2024-06-15,16,10,14559.3,496,0,0,30.8933198380567,0,0,15261.3,497,0,0,0,0
"4228",2024-06-15,16,15,14592.6,494,0,0,30.8933198380567,0,0,15261.3,497,0,0,0,0
"4229",2024-06-15,16,20,14508.3,491,0,0,30.8933198380567,0,0,15261.3,497,0,0,0,0
"4230",2024-06-15,16,25,14317.3,495,0,0,30.8933198380567,0,0,15261.3,497,0,0,0,0
"4231",2024-06-15,16,30,14167.3,495,0,0,30.8933198380567,0,0,15261.3,497,0,0,0,0
"4232",2024-06-15,16,35,13533.3,485,0,0,30.8933198380567,0,0,15261.3,497,0,0,0,0
"4233",2024-06-15,16,40,13287.3,486,0,0,30.8933198380567,0,0,15261.3,497,0,0,0,0
"4234",2024-06-15,16,45,14506.3,489,0,0,30.8933198380567,0,0,15261.3,497,0,0,0,0
"4235",2024-06-15,16,50,15261.3,494,0,0,30.8933198380567,0,0,15261.3,497,0,0,0,0
"4236",2024-06-15,16,55,15243.1,497,0,0,30.8933198380567,0,0,15261.3,497,0,0,0,0
"4237",2024-06-15,17,0,15338.8,498,0,0,32.7373517786561,0,0,16686.1,511,0,0,0,0
"4238",2024-06-15,17,5,15445.4,493,0,0,32.7373517786561,0,0,16686.1,511,0,0,0,0
"4239",2024-06-15,17,10,14405.4,490,0,0,32.7373517786561,0,0,16686.1,511,0,0,0,0
"4240",2024-06-15,17,15,14576.4,491,0,0,32.7373517786561,0,0,16686.1,511,0,0,0,0
"4241",2024-06-15,17,20,14118.4,491,0,0,32.7373517786561,0,0,16686.1,511,0,0,0,0
"4242",2024-06-15,17,25,14930.4,499,0,0,32.7373517786561,0,0,16686.1,511,0,0,0,0
"4243",2024-06-15,17,30,14864.4,495,0,0,32.7373517786561,0,0,16686.1,511,0,0,0,0
"4244",2024-06-15,17,35,16686.1,511,0,0,32.7373517786561,0,0,16686.1,511,0,0,0,0
"4245",2024-06-15,17,40,16565.1,506,0,0,32.7373517786561,0,0,16686.1,511,0,0,0,0
"4246",2024-06-15,17,45,15839.1,500,0,0,32.7373517786561,0,0,16686.1,511,0,0,0,0
"4247",2024-06-15,17,50,15299.1,498,0,0,32.7373517786561,0,0,16686.1,511,0,0,0,0
"4248",2024-06-15,17,55,14049.1,493,0,0,32.7373517786561,0,0,16686.1,511,0,0,0,0
"4249",2024-06-15,18,5,13515.1,485,0,0,31.0376623376623,0,0,14656.4,493,0,0,0,0
"4250",2024-06-15,18,10,13837.1,480,0,0,31.0376623376623,0,0,14656.4,493,0,0,0,0
"4251",2024-06-15,18,15,14127.4,479,0,0,31.0376623376623,0,0,14656.4,493,0,0,0,0
"4252",2024-06-15,18,20,14656.4,480,0,0,31.0376623376623,0,0,14656.4,493,0,0,0,0
"4253",2024-06-15,18,25,14083.4,482,0,0,31.0376623376623,0,0,14656.4,493,0,0,0,0
"4254",2024-06-15,18,30,14595.4,479,0,0,31.0376623376623,0,0,14656.4,493,0,0,0,0
"4255",2024-06-15,18,35,13251.4,464,0,0,31.0376623376623,0,0,14656.4,493,0,0,0,0
"4256",2024-06-15,18,40,13200.4,458,0,0,31.0376623376623,0,0,14656.4,493,0,0,0,0
"4257",2024-06-15,18,45,13765.4,466,0,0,31.0376623376623,0,0,14656.4,493,0,0,0,0
"4258",2024-06-15,18,50,13899.4,466,0,0,31.0376623376623,0,0,14656.4,493,0,0,0,0
"4259",2024-06-15,18,55,14339.4,462,0,0,31.0376623376623,0,0,14656.4,493,0,0,0,0
"4260",2024-06-15,18,0,14411.1,493,0,0,31.0376623376623,0,0,14656.4,493,0,0,0,0
"4261",2024-06-15,19,0,13673.4,456,0,0,34.0796875,0,0,15267.7,456,0,0,0,0
"4262",2024-06-15,19,5,14146.7,449,0,0,34.0796875,0,0,15267.7,456,0,0,0,0
"4263",2024-06-15,19,10,14589.7,446,0,0,34.0796875,0,0,15267.7,456,0,0,0,0
"4264",2024-06-15,19,15,14389.7,446,0,0,34.0796875,0,0,15267.7,456,0,0,0,0
"4265",2024-06-15,19,20,15267.7,448,0,0,34.0796875,0,0,15267.7,456,0,0,0,0
"4266",2024-06-15,19,25,14034.7,443,0,0,34.0796875,0,0,15267.7,456,0,0,0,0
"4267",2024-06-15,19,30,13802.4,440,0,0,34.0796875,0,0,15267.7,456,0,0,0,0
"4268",2024-06-15,19,35,12940.4,433,0,0,34.0796875,0,0,15267.7,456,0,0,0,0
"4269",2024-06-15,19,40,12132.4,429,0,0,34.0796875,0,0,15267.7,456,0,0,0,0
"4270",2024-06-15,19,45,12061.4,433,0,0,34.0796875,0,0,15267.7,456,0,0,0,0
"4271",2024-06-15,19,50,11681.7,432,0,0,34.0796875,0,0,15267.7,456,0,0,0,0
"4272",2024-06-15,19,55,12713.7,441,0,0,34.0796875,0,0,15267.7,456,0,0,0,0
"4273",2024-06-15,20,0,12616.7,441,0,0,30.1950892857143,0,0,13527.4,454,0,0,0,0
"4274",2024-06-15,20,25,12265.4,448,0,0,30.1950892857143,0,0,13527.4,454,0,0,0,0
"4275",2024-06-15,20,30,11552.7,444,0,0,30.1950892857143,0,0,13527.4,454,0,0,0,0
"4276",2024-06-15,20,35,11149.1,443,0,0,30.1950892857143,0,0,13527.4,454,0,0,0,0
"4277",2024-06-15,20,40,11679.1,450,0,0,30.1950892857143,0,0,13527.4,454,0,0,0,0
"4278",2024-06-15,20,45,11939.1,454,0,0,30.1950892857143,0,0,13527.4,454,0,0,0,0
"4279",2024-06-15,20,50,11435.1,451,0,0,30.1950892857143,0,0,13527.4,454,0,0,0,0
"4280",2024-06-15,20,55,11479.1,453,0,0,30.1950892857143,0,0,13527.4,454,0,0,0,0
"4281",2024-06-15,20,5,13099.7,446,0,0,30.1950892857143,0,0,13527.4,454,0,0,0,0
"4282",2024-06-15,20,10,13244.7,448,0,0,30.1950892857143,0,0,13527.4,454,0,0,0,0
"4283",2024-06-15,20,15,13527.4,448,0,0,30.1950892857143,0,0,13527.4,454,0,0,0,0
"4284",2024-06-15,20,20,13143.4,447,0,0,30.1950892857143,0,0,13527.4,454,0,0,0,0
"4285",2024-06-15,21,0,11342.1,450,0,0,25.5518681318681,0,0,11626.1,456,0,0,0,0
"4286",2024-06-15,21,5,11070.1,453,0,0,25.5518681318681,0,0,11626.1,456,0,0,0,0
"4287",2024-06-15,21,10,11626.1,455,0,0,25.5518681318681,0,0,11626.1,456,0,0,0,0
"4288",2024-06-15,21,15,11550.1,456,0,0,25.5518681318681,0,0,11626.1,456,0,0,0,0
"4289",2024-06-15,21,20,11055.4,452,0,0,25.5518681318681,0,0,11626.1,456,0,0,0,0
"4290",2024-06-15,21,25,11161.4,450,0,0,25.5518681318681,0,0,11626.1,456,0,0,0,0
"4291",2024-06-15,21,30,11359.4,452,0,0,25.5518681318681,0,0,11626.1,456,0,0,0,0
"4292",2024-06-15,21,35,11506.4,456,0,0,25.5518681318681,0,0,11626.1,456,0,0,0,0
"4293",2024-06-15,21,40,11462.4,453,0,0,25.5518681318681,0,0,11626.1,456,0,0,0,0
"4294",2024-06-15,21,45,11457.4,452,0,0,25.5518681318681,0,0,11626.1,456,0,0,0,0
"4295",2024-06-15,21,50,11315.4,451,0,0,25.5518681318681,0,0,11626.1,456,0,0,0,0
"4296",2024-06-15,21,55,10802.4,448,0,0,25.5518681318681,0,0,11626.1,456,0,0,0,0
"4297",2024-06-15,22,0,10872.4,443,0,0,25.7902777777778,0,0,11207.4,443,0,0,0,0
"4298",2024-06-15,22,5,11045.4,438,0,0,25.7902777777778,0,0,11207.4,443,0,0,0,0
"4299",2024-06-15,22,10,10829.4,435,0,0,25.7902777777778,0,0,11207.4,443,0,0,0,0
"4300",2024-06-15,22,15,10574.4,430,0,0,25.7902777777778,0,0,11207.4,443,0,0,0,0
"4301",2024-06-15,22,20,10841.4,431,0,0,25.7902777777778,0,0,11207.4,443,0,0,0,0
"4302",2024-06-15,22,25,11141.4,432,0,0,25.7902777777778,0,0,11207.4,443,0,0,0,0
"4303",2024-06-15,22,30,11207.4,435,0,0,25.7902777777778,0,0,11207.4,443,0,0,0,0
"4304",2024-06-15,22,35,10565.4,425,0,0,25.7902777777778,0,0,11207.4,443,0,0,0,0
"4305",2024-06-15,22,40,10726.4,426,0,0,25.7902777777778,0,0,11207.4,443,0,0,0,0
"4306",2024-06-15,22,45,10382.4,423,0,0,25.7902777777778,0,0,11207.4,443,0,0,0,0
"4307",2024-06-15,22,50,10512.4,423,0,0,25.7902777777778,0,0,11207.4,443,0,0,0,0
"4308",2024-06-15,22,55,10584.4,424,0,0,25.7902777777778,0,0,11207.4,443,0,0,0,0
"4309",2024-06-15,23,0,10906.4,424,0,0,26.1841981132075,0,0,11102.1,424,0,0,0,0
"4310",2024-06-15,23,5,9513.4,414,0,0,26.1841981132075,0,0,11102.1,424,0,0,0,0
"4311",2024-06-15,23,10,10540.4,421,0,0,26.1841981132075,0,0,11102.1,424,0,0,0,0
"4312",2024-06-15,23,15,10518.4,420,0,0,26.1841981132075,0,0,11102.1,424,0,0,0,0
"4313",2024-06-15,23,20,10694.4,419,0,0,26.1841981132075,0,0,11102.1,424,0,0,0,0
"4314",2024-06-15,23,25,11102.1,424,0,0,26.1841981132075,0,0,11102.1,424,0,0,0,0
"4315",2024-06-15,23,30,10960.1,422,0,0,26.1841981132075,0,0,11102.1,424,0,0,0,0
"4316",2024-06-15,23,35,10585.1,413,0,0,26.1841981132075,0,0,11102.1,424,0,0,0,0
"4317",2024-06-15,23,40,9985.1,411,0,0,26.1841981132075,0,0,11102.1,424,0,0,0,0
"4318",2024-06-15,23,45,9641.1,408,0,0,26.1841981132075,0,0,11102.1,424,0,0,0,0
"4319",2024-06-15,23,50,9410.1,402,0,0,26.1841981132075,0,0,11102.1,424,0,0,0,0
"4320",2024-06-15,23,55,8999.1,398,0,0,26.1841981132075,0,0,11102.1,424,0,0,0,0
"4321",2024-06-16,0,0,7969.1,356,0,0,23.6433628318584,0,0,8136.1,356,0,0,0,0
"4322",2024-06-16,0,5,7309.1,344,0,0,23.6433628318584,0,0,8136.1,356,0,0,0,0
"4323",2024-06-16,0,10,7287.1,343,0,0,23.6433628318584,0,0,8136.1,356,0,0,0,0
"4324",2024-06-16,0,15,7353.1,344,0,0,23.6433628318584,0,0,8136.1,356,0,0,0,0
"4325",2024-06-16,0,20,7353.1,343,0,0,23.6433628318584,0,0,8136.1,356,0,0,0,0
"4326",2024-06-16,0,25,7702.1,345,0,0,23.6433628318584,0,0,8136.1,356,0,0,0,0
"4327",2024-06-16,0,30,7790.1,349,0,0,23.6433628318584,0,0,8136.1,356,0,0,0,0
"4328",2024-06-16,0,35,7814.1,343,0,0,23.6433628318584,0,0,8136.1,356,0,0,0,0
"4329",2024-06-16,0,40,8092.1,343,0,0,23.6433628318584,0,0,8136.1,356,0,0,0,0
"4330",2024-06-16,0,45,8136.1,345,0,0,23.6433628318584,0,0,8136.1,356,0,0,0,0
"4331",2024-06-16,0,50,8070.1,342,0,0,23.6433628318584,0,0,8136.1,356,0,0,0,0
"4332",2024-06-16,0,55,8015.1,339,0,0,23.6433628318584,0,0,8136.1,356,0,0,0,0
"4333",2024-06-16,1,0,7949.1,338,0,0,24.8931547619048,0,0,8364.1,338,0,0,0,0
"4334",2024-06-16,1,5,8364.1,336,0,0,24.8931547619048,0,0,8364.1,338,0,0,0,0
"4335",2024-06-16,1,10,8020.1,333,0,0,24.8931547619048,0,0,8364.1,338,0,0,0,0
"4336",2024-06-16,1,15,7862.1,334,0,0,24.8931547619048,0,0,8364.1,338,0,0,0,0
"4337",2024-06-16,1,20,8031.1,334,0,0,24.8931547619048,0,0,8364.1,338,0,0,0,0
"4338",2024-06-16,1,25,7965.1,330,0,0,24.8931547619048,0,0,8364.1,338,0,0,0,0
"4339",2024-06-16,1,30,7634.1,328,0,0,24.8931547619048,0,0,8364.1,338,0,0,0,0
"4340",2024-06-16,1,35,7266.1,320,0,0,24.8931547619048,0,0,8364.1,338,0,0,0,0
"4341",2024-06-16,1,40,7266.1,319,0,0,24.8931547619048,0,0,8364.1,338,0,0,0,0
"4342",2024-06-16,1,45,6950.1,316,0,0,24.8931547619048,0,0,8364.1,338,0,0,0,0
"4343",2024-06-16,1,50,6922.1,316,0,0,24.8931547619048,0,0,8364.1,338,0,0,0,0
"4344",2024-06-16,1,55,6840.1,314,0,0,24.8931547619048,0,0,8364.1,338,0,0,0,0
"4345",2024-06-16,2,5,7936.4,357,0,0,23.4296703296703,0,0,8528.4,364,0,0,0,0
"4346",2024-06-16,2,10,7892.4,355,0,0,23.4296703296703,0,0,8528.4,364,0,0,0,0
"4347",2024-06-16,2,15,7786.4,356,0,0,23.4296703296703,0,0,8528.4,364,0,0,0,0
"4348",2024-06-16,2,20,7464.4,354,0,0,23.4296703296703,0,0,8528.4,364,0,0,0,0
"4349",2024-06-16,2,25,7420.4,352,0,0,23.4296703296703,0,0,8528.4,364,0,0,0,0
"4350",2024-06-16,2,30,7442.4,353,0,0,23.4296703296703,0,0,8528.4,364,0,0,0,0
"4351",2024-06-16,2,35,7841.4,357,0,0,23.4296703296703,0,0,8528.4,364,0,0,0,0
"4352",2024-06-16,2,40,7863.4,358,0,0,23.4296703296703,0,0,8528.4,364,0,0,0,0
"4353",2024-06-16,2,45,8163.4,359,0,0,23.4296703296703,0,0,8528.4,364,0,0,0,0
"4354",2024-06-16,2,50,8163.4,359,0,0,23.4296703296703,0,0,8528.4,364,0,0,0,0
"4355",2024-06-16,2,55,7830.4,356,0,0,23.4296703296703,0,0,8528.4,364,0,0,0,0
"4356",2024-06-16,2,0,8528.4,364,0,0,23.4296703296703,0,0,8528.4,364,0,0,0,0
"4357",2024-06-16,3,0,7852.4,357,0,0,21.9955182072829,0,0,7852.4,357,0,0,0,0
"4358",2024-06-16,3,5,7574.4,350,0,0,21.9955182072829,0,0,7852.4,357,0,0,0,0
"4359",2024-06-16,3,10,7230.4,347,0,0,21.9955182072829,0,0,7852.4,357,0,0,0,0
"4360",2024-06-16,3,15,6930.4,346,0,0,21.9955182072829,0,0,7852.4,357,0,0,0,0
"4361",2024-06-16,3,20,6952.4,347,0,0,21.9955182072829,0,0,7852.4,357,0,0,0,0
"4362",2024-06-16,3,25,7169.4,350,0,0,21.9955182072829,0,0,7852.4,357,0,0,0,0
"4363",2024-06-16,3,30,7169.4,350,0,0,21.9955182072829,0,0,7852.4,357,0,0,0,0
"4364",2024-06-16,3,35,7281.4,346,0,0,21.9955182072829,0,0,7852.4,357,0,0,0,0
"4365",2024-06-16,3,40,7347.4,347,0,0,21.9955182072829,0,0,7852.4,357,0,0,0,0
"4366",2024-06-16,3,45,7269.4,347,0,0,21.9955182072829,0,0,7852.4,357,0,0,0,0
"4367",2024-06-16,3,50,7385.4,347,0,0,21.9955182072829,0,0,7852.4,357,0,0,0,0
"4368",2024-06-16,3,55,7374.4,346,0,0,21.9955182072829,0,0,7852.4,357,0,0,0,0
"4369",2024-06-16,4,0,7308.4,345,0,0,22.4255813953488,0,0,7758.4,346,0,0,0,0
"4370",2024-06-16,4,5,7758.4,346,0,0,22.4255813953488,0,0,7758.4,346,0,0,0,0
"4371",2024-06-16,4,10,7758.4,346,0,0,22.4255813953488,0,0,7758.4,346,0,0,0,0
"4372",2024-06-16,4,15,7736.4,345,0,0,22.4255813953488,0,0,7758.4,346,0,0,0,0
"4373",2024-06-16,4,20,7714.4,344,0,0,22.4255813953488,0,0,7758.4,346,0,0,0,0
"4374",2024-06-16,4,25,7714.4,344,0,0,22.4255813953488,0,0,7758.4,346,0,0,0,0
"4375",2024-06-16,4,30,7714.4,344,0,0,22.4255813953488,0,0,7758.4,346,0,0,0,0
"4376",2024-06-16,4,35,7403.4,342,0,0,22.4255813953488,0,0,7758.4,346,0,0,0,0
"4377",2024-06-16,4,40,7403.4,342,0,0,22.4255813953488,0,0,7758.4,346,0,0,0,0
"4378",2024-06-16,4,45,7103.4,341,0,0,22.4255813953488,0,0,7758.4,346,0,0,0,0
"4379",2024-06-16,4,50,7081.4,340,0,0,22.4255813953488,0,0,7758.4,346,0,0,0,0
"4380",2024-06-16,4,55,7103.4,341,0,0,22.4255813953488,0,0,7758.4,346,0,0,0,0
"4381",2024-06-16,5,0,7092.4,340,0,0,21.4720930232558,0,0,7386.4,344,0,0,0,0
"4382",2024-06-16,5,5,6864.4,341,0,0,21.4720930232558,0,0,7386.4,344,0,0,0,0
"4383",2024-06-16,5,10,6864.4,341,0,0,21.4720930232558,0,0,7386.4,344,0,0,0,0
"4384",2024-06-16,5,15,7214.4,343,0,0,21.4720930232558,0,0,7386.4,344,0,0,0,0
"4385",2024-06-16,5,20,7214.4,343,0,0,21.4720930232558,0,0,7386.4,344,0,0,0,0
"4386",2024-06-16,5,25,6886.4,342,0,0,21.4720930232558,0,0,7386.4,344,0,0,0,0
"4387",2024-06-16,5,30,7186.4,343,0,0,21.4720930232558,0,0,7386.4,344,0,0,0,0
"4388",2024-06-16,5,35,7308.4,344,0,0,21.4720930232558,0,0,7386.4,344,0,0,0,0
"4389",2024-06-16,5,40,7308.4,344,0,0,21.4720930232558,0,0,7386.4,344,0,0,0,0
"4390",2024-06-16,5,45,7308.4,344,0,0,21.4720930232558,0,0,7386.4,344,0,0,0,0
"4391",2024-06-16,5,50,7386.4,344,0,0,21.4720930232558,0,0,7386.4,344,0,0,0,0
"4392",2024-06-16,5,55,7386.4,344,0,0,21.4720930232558,0,0,7386.4,344,0,0,0,0
"4393",2024-06-16,6,0,7086.4,343,0,0,22.3149560117302,0,0,7631.4,343,0,0,0,0
"4394",2024-06-16,6,5,7042.4,341,0,0,22.3149560117302,0,0,7631.4,343,0,0,0,0
"4395",2024-06-16,6,10,7042.4,341,0,0,22.3149560117302,0,0,7631.4,343,0,0,0,0
"4396",2024-06-16,6,15,7020.4,340,0,0,22.3149560117302,0,0,7631.4,343,0,0,0,0
"4397",2024-06-16,6,20,7020.4,340,0,0,22.3149560117302,0,0,7631.4,343,0,0,0,0
"4398",2024-06-16,6,25,7020.4,340,0,0,22.3149560117302,0,0,7631.4,343,0,0,0,0
"4399",2024-06-16,6,30,7320.4,341,0,0,22.3149560117302,0,0,7631.4,343,0,0,0,0
"4400",2024-06-16,6,35,7609.4,341,0,0,22.3149560117302,0,0,7631.4,343,0,0,0,0
"4401",2024-06-16,6,40,7631.4,342,0,0,22.3149560117302,0,0,7631.4,343,0,0,0,0
"4402",2024-06-16,6,45,7231.4,340,0,0,22.3149560117302,0,0,7631.4,343,0,0,0,0
"4403",2024-06-16,6,50,7281.4,341,0,0,22.3149560117302,0,0,7631.4,343,0,0,0,0
"4404",2024-06-16,6,55,7281.4,341,0,0,22.3149560117302,0,0,7631.4,343,0,0,0,0
"4405",2024-06-16,7,0,7281.4,341,0,0,23.228818443804,0,0,8082.4,348,0,0,0,0
"4406",2024-06-16,7,5,7325.4,343,0,0,23.228818443804,0,0,8082.4,348,0,0,0,0
"4407",2024-06-16,7,10,7275.4,342,0,0,23.228818443804,0,0,8082.4,348,0,0,0,0
"4408",2024-06-16,7,15,7275.4,342,0,0,23.228818443804,0,0,8082.4,348,0,0,0,0
"4409",2024-06-16,7,20,7275.4,342,0,0,23.228818443804,0,0,8082.4,348,0,0,0,0
"4410",2024-06-16,7,25,7297.4,343,0,0,23.228818443804,0,0,8082.4,348,0,0,0,0
"4411",2024-06-16,7,30,7575.4,343,0,0,23.228818443804,0,0,8082.4,348,0,0,0,0
"4412",2024-06-16,7,35,7736.4,345,0,0,23.228818443804,0,0,8082.4,348,0,0,0,0
"4413",2024-06-16,7,40,7736.4,345,0,0,23.228818443804,0,0,8082.4,348,0,0,0,0
"4414",2024-06-16,7,45,7760.4,346,0,0,23.228818443804,0,0,8082.4,348,0,0,0,0
"4415",2024-06-16,7,50,8060.4,347,0,0,23.228818443804,0,0,8082.4,348,0,0,0,0
"4416",2024-06-16,7,55,8082.4,348,0,0,23.228818443804,0,0,8082.4,348,0,0,0,0
"4417",2024-06-16,8,0,8060.4,347,0,0,23.228818443804,0,0,8060.4,353,0,0,0,0
"4418",2024-06-16,8,5,7917.4,347,0,0,23.228818443804,0,0,8060.4,353,0,0,0,0
"4419",2024-06-16,8,10,7617.4,346,0,0,23.228818443804,0,0,8060.4,353,0,0,0,0
"4420",2024-06-16,8,15,7350.4,347,0,0,23.228818443804,0,0,8060.4,353,0,0,0,0
"4421",2024-06-16,8,20,7372.4,348,0,0,23.228818443804,0,0,8060.4,353,0,0,0,0
"4422",2024-06-16,8,25,7372.4,348,0,0,23.228818443804,0,0,8060.4,353,0,0,0,0
"4423",2024-06-16,8,30,7672.4,349,0,0,23.228818443804,0,0,8060.4,353,0,0,0,0
"4424",2024-06-16,8,35,7703.4,350,0,0,23.228818443804,0,0,8060.4,353,0,0,0,0
"4425",2024-06-16,8,40,7831.4,350,0,0,23.228818443804,0,0,8060.4,353,0,0,0,0
"4426",2024-06-16,8,45,7981.4,351,0,0,23.228818443804,0,0,8060.4,353,0,0,0,0
"4427",2024-06-16,8,50,8024.4,353,0,0,23.228818443804,0,0,8060.4,353,0,0,0,0
"4428",2024-06-16,8,55,7746.4,353,0,0,23.228818443804,0,0,8060.4,353,0,0,0,0
"4429",2024-06-16,9,0,8111.4,352,0,0,26.3470930232558,0,0,9063.4,352,0,0,0,0
"4430",2024-06-16,9,5,8339.4,351,0,0,26.3470930232558,0,0,9063.4,352,0,0,0,0
"4431",2024-06-16,9,10,8236.4,352,0,0,26.3470930232558,0,0,9063.4,352,0,0,0,0
"4432",2024-06-16,9,15,8394.4,351,0,0,26.3470930232558,0,0,9063.4,352,0,0,0,0
"4433",2024-06-16,9,20,8662.4,351,0,0,26.3470930232558,0,0,9063.4,352,0,0,0,0
"4434",2024-06-16,9,25,8702.4,352,0,0,26.3470930232558,0,0,9063.4,352,0,0,0,0
"4435",2024-06-16,9,30,8702.4,352,0,0,26.3470930232558,0,0,9063.4,352,0,0,0,0
"4436",2024-06-16,9,35,8836.4,351,0,0,26.3470930232558,0,0,9063.4,352,0,0,0,0
"4437",2024-06-16,9,40,8942.4,349,0,0,26.3470930232558,0,0,9063.4,352,0,0,0,0
"4438",2024-06-16,9,45,8937.4,347,0,0,26.3470930232558,0,0,9063.4,352,0,0,0,0
"4439",2024-06-16,9,50,8507.4,345,0,0,26.3470930232558,0,0,9063.4,352,0,0,0,0
"4440",2024-06-16,9,55,9063.4,344,0,0,26.3470930232558,0,0,9063.4,352,0,0,0,0
"4441",2024-06-16,10,0,8785.4,344,0,0,25.9017045454545,0,0,9117.4,352,0,0,0,0
"4442",2024-06-16,10,5,8665.4,343,0,0,25.9017045454545,0,0,9117.4,352,0,0,0,0
"4443",2024-06-16,10,10,8709.4,345,0,0,25.9017045454545,0,0,9117.4,352,0,0,0,0
"4444",2024-06-16,10,15,8825.4,345,0,0,25.9017045454545,0,0,9117.4,352,0,0,0,0
"4445",2024-06-16,10,20,8383.4,342,0,0,25.9017045454545,0,0,9117.4,352,0,0,0,0
"4446",2024-06-16,10,25,8555.4,344,0,0,25.9017045454545,0,0,9117.4,352,0,0,0,0
"4447",2024-06-16,10,30,8427.4,344,0,0,25.9017045454545,0,0,9117.4,352,0,0,0,0
"4448",2024-06-16,10,35,8520.4,350,0,0,25.9017045454545,0,0,9117.4,352,0,0,0,0
"4449",2024-06-16,10,40,8176.4,346,0,0,25.9017045454545,0,0,9117.4,352,0,0,0,0
"4450",2024-06-16,10,45,8978.4,350,0,0,25.9017045454545,0,0,9117.4,352,0,0,0,0
"4451",2024-06-16,10,50,8934.4,350,0,0,25.9017045454545,0,0,9117.4,352,0,0,0,0
"4452",2024-06-16,10,55,9117.4,352,0,0,25.9017045454545,0,0,9117.4,352,0,0,0,0
"4453",2024-06-16,11,0,9373.4,351,0,0,27.4858288770053,0,0,10279.7,379,0,0,0,0
"4454",2024-06-16,11,55,10279.7,374,0,0,27.4858288770053,0,0,10279.7,379,0,0,0,0
"4455",2024-06-16,11,5,9423.4,360,0,0,27.4858288770053,0,0,10279.7,379,0,0,0,0
"4456",2024-06-16,11,10,9095.4,359,0,0,27.4858288770053,0,0,10279.7,379,0,0,0,0
"4457",2024-06-16,11,15,8769.7,355,0,0,27.4858288770053,0,0,10279.7,379,0,0,0,0
"4458",2024-06-16,11,20,9058.7,355,0,0,27.4858288770053,0,0,10279.7,379,0,0,0,0
"4459",2024-06-16,11,25,9294.7,359,0,0,27.4858288770053,0,0,10279.7,379,0,0,0,0
"4460",2024-06-16,11,30,9028.7,361,0,0,27.4858288770053,0,0,10279.7,379,0,0,0,0
"4461",2024-06-16,11,35,9432.7,372,0,0,27.4858288770053,0,0,10279.7,379,0,0,0,0
"4462",2024-06-16,11,40,9853.7,379,0,0,27.4858288770053,0,0,10279.7,379,0,0,0,0
"4463",2024-06-16,11,45,9876.7,375,0,0,27.4858288770053,0,0,10279.7,379,0,0,0,0
"4464",2024-06-16,11,50,10279.7,374,0,0,27.4858288770053,0,0,10279.7,379,0,0,0,0
"4465",2024-06-16,12,0,10345.7,377,0,0,29.5277251184834,0,0,12555.7,430,0,0,0,0
"4466",2024-06-16,12,5,10695.7,390,0,0,29.5277251184834,0,0,12555.7,430,0,0,0,0
"4467",2024-06-16,12,10,10611.7,391,0,0,29.5277251184834,0,0,12555.7,430,0,0,0,0
"4468",2024-06-16,12,15,9711.7,387,0,0,29.5277251184834,0,0,12555.7,430,0,0,0,0
"4469",2024-06-16,12,20,9661.7,389,0,0,29.5277251184834,0,0,12555.7,430,0,0,0,0
"4470",2024-06-16,12,25,10240.7,395,0,0,29.5277251184834,0,0,12555.7,430,0,0,0,0
"4471",2024-06-16,12,30,10687.7,401,0,0,29.5277251184834,0,0,12555.7,430,0,0,0,0
"4472",2024-06-16,12,35,12053.7,418,0,0,29.5277251184834,0,0,12555.7,430,0,0,0,0
"4473",2024-06-16,12,40,12325.7,420,0,0,29.5277251184834,0,0,12555.7,430,0,0,0,0
"4474",2024-06-16,12,45,12460.7,422,0,0,29.5277251184834,0,0,12555.7,430,0,0,0,0
"4475",2024-06-16,12,50,12076.7,424,0,0,29.5277251184834,0,0,12555.7,430,0,0,0,0
"4476",2024-06-16,12,55,12555.7,430,0,0,29.5277251184834,0,0,12555.7,430,0,0,0,0
"4477",2024-06-16,13,0,12893.7,434,0,0,36.7167235494881,0,0,14839.4,480,0,0,0,0
"4478",2024-06-16,13,5,12489.7,437,0,0,36.7167235494881,0,0,14839.4,480,0,0,0,0
"4479",2024-06-16,13,10,12653.7,441,0,0,36.7167235494881,0,0,14839.4,480,0,0,0,0
"4480",2024-06-16,13,15,13053.7,441,0,0,36.7167235494881,0,0,14839.4,480,0,0,0,0
"4481",2024-06-16,13,20,13222.7,443,0,0,36.7167235494881,0,0,14839.4,480,0,0,0,0
"4482",2024-06-16,13,25,13733.7,448,0,0,36.7167235494881,0,0,14839.4,480,0,0,0,0
"4483",2024-06-16,13,30,14066.7,449,0,0,36.7167235494881,0,0,14839.4,480,0,0,0,0
"4484",2024-06-16,13,35,10758,293,0,0,36.7167235494881,0,0,14839.4,480,0,0,0,0
"4485",2024-06-16,13,40,8483,237,0,0,36.7167235494881,0,0,14839.4,480,0,0,0,0
"4486",2024-06-16,13,45,13940.7,469,0,0,36.7167235494881,0,0,14839.4,480,0,0,0,0
"4487",2024-06-16,13,50,14839.4,476,0,0,36.7167235494881,0,0,14839.4,480,0,0,0,0
"4488",2024-06-16,13,55,14102.4,480,0,0,36.7167235494881,0,0,14839.4,480,0,0,0,0
"4489",2024-06-16,14,0,14407.4,484,0,0,30.2263888888889,0,0,15542.1,515,0,0,0,0
"4490",2024-06-16,14,5,13914.4,483,0,0,30.2263888888889,0,0,15542.1,515,0,0,0,0
"4491",2024-06-16,14,10,14318.4,486,0,0,30.2263888888889,0,0,15542.1,515,0,0,0,0
"4492",2024-06-16,14,15,14029.4,483,0,0,30.2263888888889,0,0,15542.1,515,0,0,0,0
"4493",2024-06-16,14,20,13223.4,481,0,0,30.2263888888889,0,0,15542.1,515,0,0,0,0
"4494",2024-06-16,14,25,13048.1,483,0,0,30.2263888888889,0,0,15542.1,515,0,0,0,0
"4495",2024-06-16,14,30,13656.1,488,0,0,30.2263888888889,0,0,15542.1,515,0,0,0,0
"4496",2024-06-16,14,35,15234.1,504,0,0,30.2263888888889,0,0,15542.1,515,0,0,0,0
"4497",2024-06-16,14,40,15170.1,508,0,0,30.2263888888889,0,0,15542.1,515,0,0,0,0
"4498",2024-06-16,14,45,14980.1,512,0,0,30.2263888888889,0,0,15542.1,515,0,0,0,0
"4499",2024-06-16,14,50,15542.1,515,0,0,30.2263888888889,0,0,15542.1,515,0,0,0,0
"4500",2024-06-16,14,55,15422.1,515,0,0,30.2263888888889,0,0,15542.1,515,0,0,0,0
"4501",2024-06-16,15,0,15162.1,512,0,0,29.643023255814,0,0,15391.1,531,0,0,0,0
"4502",2024-06-16,15,5,15331.1,522,0,0,29.643023255814,0,0,15391.1,531,0,0,0,0
"4503",2024-06-16,15,10,14906.1,525,0,0,29.643023255814,0,0,15391.1,531,0,0,0,0
"4504",2024-06-16,15,15,14992.1,529,0,0,29.643023255814,0,0,15391.1,531,0,0,0,0
"4505",2024-06-16,15,20,15391.1,531,0,0,29.643023255814,0,0,15391.1,531,0,0,0,0
"4506",2024-06-16,15,25,14855.1,523,0,0,29.643023255814,0,0,15391.1,531,0,0,0,0
"4507",2024-06-16,15,30,14863.1,522,0,0,29.643023255814,0,0,15391.1,531,0,0,0,0
"4508",2024-06-16,15,35,14145.1,516,0,0,29.643023255814,0,0,15391.1,531,0,0,0,0
"4509",2024-06-16,15,40,14169.1,513,0,0,29.643023255814,0,0,15391.1,531,0,0,0,0
"4510",2024-06-16,15,45,14698.1,517,0,0,29.643023255814,0,0,15391.1,531,0,0,0,0
"4511",2024-06-16,15,50,15295.8,516,0,0,29.643023255814,0,0,15391.1,531,0,0,0,0
"4512",2024-06-16,15,55,14670.8,513,0,0,29.643023255814,0,0,15391.1,531,0,0,0,0
"4513",2024-06-16,16,0,15032.8,517,0,0,31.4496153846154,0,0,16353.8,520,0,0,0,0
"4514",2024-06-16,16,5,14987.8,513,0,0,31.4496153846154,0,0,16353.8,520,0,0,0,0
"4515",2024-06-16,16,10,15336.8,511,0,0,31.4496153846154,0,0,16353.8,520,0,0,0,0
"4516",2024-06-16,16,15,15858.8,511,0,0,31.4496153846154,0,0,16353.8,520,0,0,0,0
"4517",2024-06-16,16,20,15225.8,507,0,0,31.4496153846154,0,0,16353.8,520,0,0,0,0
"4518",2024-06-16,16,25,15612.8,508,0,0,31.4496153846154,0,0,16353.8,520,0,0,0,0
"4519",2024-06-16,16,30,15574.8,509,0,0,31.4496153846154,0,0,16353.8,520,0,0,0,0
"4520",2024-06-16,16,35,16255.8,517,0,0,31.4496153846154,0,0,16353.8,520,0,0,0,0
"4521",2024-06-16,16,40,16353.8,520,0,0,31.4496153846154,0,0,16353.8,520,0,0,0,0
"4522",2024-06-16,16,45,15493.8,517,0,0,31.4496153846154,0,0,16353.8,520,0,0,0,0
"4523",2024-06-16,16,50,15368.1,513,0,0,31.4496153846154,0,0,16353.8,520,0,0,0,0
"4524",2024-06-16,16,55,15584.1,517,0,0,31.4496153846154,0,0,16353.8,520,0,0,0,0
"4525",2024-06-16,17,25,13650.1,512,0,0,30.6052023121387,0,0,15884.1,519,0,0,0,0
"4526",2024-06-16,17,30,13317.1,508,0,0,30.6052023121387,0,0,15884.1,519,0,0,0,0
"4527",2024-06-16,17,35,12980.1,506,0,0,30.6052023121387,0,0,15884.1,519,0,0,0,0
"4528",2024-06-16,17,40,13153.1,505,0,0,30.6052023121387,0,0,15884.1,519,0,0,0,0
"4529",2024-06-16,17,45,13131.1,504,0,0,30.6052023121387,0,0,15884.1,519,0,0,0,0
"4530",2024-06-16,17,50,13295.1,500,0,0,30.6052023121387,0,0,15884.1,519,0,0,0,0
"4531",2024-06-16,17,55,12900.1,500,0,0,30.6052023121387,0,0,15884.1,519,0,0,0,0
"4532",2024-06-16,17,0,15884.1,519,0,0,30.6052023121387,0,0,15884.1,519,0,0,0,0
"4533",2024-06-16,17,5,15339.1,515,0,0,30.6052023121387,0,0,15884.1,519,0,0,0,0
"4534",2024-06-16,17,10,14496.1,513,0,0,30.6052023121387,0,0,15884.1,519,0,0,0,0
"4535",2024-06-16,17,15,14523.1,513,0,0,30.6052023121387,0,0,15884.1,519,0,0,0,0
"4536",2024-06-16,17,20,13851.1,508,0,0,30.6052023121387,0,0,15884.1,519,0,0,0,0
"4537",2024-06-16,18,35,14159.8,490,0,0,28.8975510204082,0,0,14159.8,498,0,0,0,0
"4538",2024-06-16,18,40,13865.1,487,0,0,28.8975510204082,0,0,14159.8,498,0,0,0,0
"4539",2024-06-16,18,45,13339.1,486,0,0,28.8975510204082,0,0,14159.8,498,0,0,0,0
"4540",2024-06-16,18,50,13401.1,488,0,0,28.8975510204082,0,0,14159.8,498,0,0,0,0
"4541",2024-06-16,18,55,13443.1,493,0,0,28.8975510204082,0,0,14159.8,498,0,0,0,0
"4542",2024-06-16,18,15,13183.5,489,0,0,28.8975510204082,0,0,14159.8,498,0,0,0,0
"4543",2024-06-16,18,20,13235.5,493,0,0,28.8975510204082,0,0,14159.8,498,0,0,0,0
"4544",2024-06-16,18,25,13399.5,496,0,0,28.8975510204082,0,0,14159.8,498,0,0,0,0
"4545",2024-06-16,18,30,13226.5,494,0,0,28.8975510204082,0,0,14159.8,498,0,0,0,0
"4546",2024-06-16,18,0,12837.1,498,0,0,28.8975510204082,0,0,14159.8,498,0,0,0,0
"4547",2024-06-16,18,5,11988.1,479,0,0,28.8975510204082,0,0,14159.8,498,0,0,0,0
"4548",2024-06-16,18,10,12498.5,486,0,0,28.8975510204082,0,0,14159.8,498,0,0,0,0
"4549",2024-06-16,19,45,14318.7,463,0,0,34.8682730923695,0,0,17364.4,499,0,0,0,0
"4550",2024-06-16,19,50,13575.7,459,0,0,34.8682730923695,0,0,17364.4,499,0,0,0,0
"4551",2024-06-16,19,55,13910.7,458,0,0,34.8682730923695,0,0,17364.4,499,0,0,0,0
"4552",2024-06-16,19,0,14604.1,496,0,0,34.8682730923695,0,0,17364.4,499,0,0,0,0
"4553",2024-06-16,19,5,16991.4,499,0,0,34.8682730923695,0,0,17364.4,499,0,0,0,0
"4554",2024-06-16,19,10,17364.4,498,0,0,34.8682730923695,0,0,17364.4,499,0,0,0,0
"4555",2024-06-16,19,15,16654.4,488,0,0,34.8682730923695,0,0,17364.4,499,0,0,0,0
"4556",2024-06-16,19,20,15940.4,486,0,0,34.8682730923695,0,0,17364.4,499,0,0,0,0
"4557",2024-06-16,19,25,16076.4,486,0,0,34.8682730923695,0,0,17364.4,499,0,0,0,0
"4558",2024-06-16,19,30,15170.4,481,0,0,34.8682730923695,0,0,17364.4,499,0,0,0,0
"4559",2024-06-16,19,35,13983.4,456,0,0,34.8682730923695,0,0,17364.4,499,0,0,0,0
"4560",2024-06-16,19,40,14808.7,466,0,0,34.8682730923695,0,0,17364.4,499,0,0,0,0
"4561",2024-06-16,20,0,13418.7,454,0,0,29.5566079295154,0,0,13657.7,465,0,0,0,0
"4562",2024-06-16,20,5,12910.7,465,0,0,29.5566079295154,0,0,13657.7,465,0,0,0,0
"4563",2024-06-16,20,10,12405.7,462,0,0,29.5566079295154,0,0,13657.7,465,0,0,0,0
"4564",2024-06-16,20,15,13171.7,464,0,0,29.5566079295154,0,0,13657.7,465,0,0,0,0
"4565",2024-06-16,20,20,13108.7,463,0,0,29.5566079295154,0,0,13657.7,465,0,0,0,0
"4566",2024-06-16,20,25,13657.7,464,0,0,29.5566079295154,0,0,13657.7,465,0,0,0,0
"4567",2024-06-16,20,30,13193.7,460,0,0,29.5566079295154,0,0,13657.7,465,0,0,0,0
"4568",2024-06-16,20,35,11869.7,448,0,0,29.5566079295154,0,0,13657.7,465,0,0,0,0
"4569",2024-06-16,20,40,11568.7,445,0,0,29.5566079295154,0,0,13657.7,465,0,0,0,0
"4570",2024-06-16,20,45,11666.7,445,0,0,29.5566079295154,0,0,13657.7,465,0,0,0,0
"4571",2024-06-16,20,50,10913.7,439,0,0,29.5566079295154,0,0,13657.7,465,0,0,0,0
"4572",2024-06-16,20,55,11158.7,437,0,0,29.5566079295154,0,0,13657.7,465,0,0,0,0
"4573",2024-06-16,21,0,10956.7,437,0,0,26.9311627906977,0,0,11674.4,437,0,0,0,0
"4574",2024-06-16,21,5,10989.4,436,0,0,26.9311627906977,0,0,11674.4,437,0,0,0,0
"4575",2024-06-16,21,10,11212.4,434,0,0,26.9311627906977,0,0,11674.4,437,0,0,0,0
"4576",2024-06-16,21,15,11060.4,434,0,0,26.9311627906977,0,0,11674.4,437,0,0,0,0
"4577",2024-06-16,21,20,11338.4,435,0,0,26.9311627906977,0,0,11674.4,437,0,0,0,0
"4578",2024-06-16,21,25,11598.4,436,0,0,26.9311627906977,0,0,11674.4,437,0,0,0,0
"4579",2024-06-16,21,30,11482.4,430,0,0,26.9311627906977,0,0,11674.4,437,0,0,0,0
"4580",2024-06-16,21,35,11674.4,434,0,0,26.9311627906977,0,0,11674.4,437,0,0,0,0
"4581",2024-06-16,21,40,11580.4,430,0,0,26.9311627906977,0,0,11674.4,437,0,0,0,0
"4582",2024-06-16,21,45,11251.4,430,0,0,26.9311627906977,0,0,11674.4,437,0,0,0,0
"4583",2024-06-16,21,50,11345.4,433,0,0,26.9311627906977,0,0,11674.4,437,0,0,0,0
"4584",2024-06-16,21,55,11421.4,431,0,0,26.9311627906977,0,0,11674.4,437,0,0,0,0
"4585",2024-06-16,22,0,11031.4,429,0,0,28.1445843828715,0,0,11411.7,429,0,0,0,0
"4586",2024-06-16,22,5,11411.7,426,0,0,28.1445843828715,0,0,11411.7,429,0,0,0,0
"4587",2024-06-16,22,10,11100.7,425,0,0,28.1445843828715,0,0,11411.7,429,0,0,0,0
"4588",2024-06-16,22,15,10687.7,417,0,0,28.1445843828715,0,0,11411.7,429,0,0,0,0
"4589",2024-06-16,22,20,11075.7,423,0,0,28.1445843828715,0,0,11411.7,429,0,0,0,0
"4590",2024-06-16,22,25,10998.7,419,0,0,28.1445843828715,0,0,11411.7,429,0,0,0,0
"4591",2024-06-16,22,30,10704.7,417,0,0,28.1445843828715,0,0,11411.7,429,0,0,0,0
"4592",2024-06-16,22,35,10122.4,398,0,0,28.1445843828715,0,0,11411.7,429,0,0,0,0
"4593",2024-06-16,22,40,10522.4,400,0,0,28.1445843828715,0,0,11411.7,429,0,0,0,0
"4594",2024-06-16,22,45,10539.4,398,0,0,28.1445843828715,0,0,11411.7,429,0,0,0,0
"4595",2024-06-16,22,50,10617.4,397,0,0,28.1445843828715,0,0,11411.7,429,0,0,0,0
"4596",2024-06-16,22,55,11173.4,397,0,0,28.1445843828715,0,0,11411.7,429,0,0,0,0
"4597",2024-06-16,23,0,11118.4,396,0,0,28.0767676767677,0,0,11118.4,396,0,0,0,0
"4598",2024-06-16,23,5,9019.4,380,0,0,28.0767676767677,0,0,11118.4,396,0,0,0,0
"4599",2024-06-16,23,10,9355.4,384,0,0,28.0767676767677,0,0,11118.4,396,0,0,0,0
"4600",2024-06-16,23,15,10192.4,387,0,0,28.0767676767677,0,0,11118.4,396,0,0,0,0
"4601",2024-06-16,23,20,10092.4,386,0,0,28.0767676767677,0,0,11118.4,396,0,0,0,0
"4602",2024-06-16,23,25,10501.4,388,0,0,28.0767676767677,0,0,11118.4,396,0,0,0,0
"4603",2024-06-16,23,30,10198.4,384,0,0,28.0767676767677,0,0,11118.4,396,0,0,0,0
"4604",2024-06-16,23,35,9689.4,369,0,0,28.0767676767677,0,0,11118.4,396,0,0,0,0
"4605",2024-06-16,23,40,9547.4,366,0,0,28.0767676767677,0,0,11118.4,396,0,0,0,0
"4606",2024-06-16,23,45,9132.4,363,0,0,28.0767676767677,0,0,11118.4,396,0,0,0,0
"4607",2024-06-16,23,50,9339.4,364,0,0,28.0767676767677,0,0,11118.4,396,0,0,0,0
"4608",2024-06-16,23,55,8308.4,360,0,0,28.0767676767677,0,0,11118.4,396,0,0,0,0
"4609",2024-06-17,0,0,8962.4,333,0,0,26.9141141141141,0,0,8962.4,333,0,0,0,0
"4610",2024-06-17,0,5,8544.4,326,0,0,26.9141141141141,0,0,8962.4,333,0,0,0,0
"4611",2024-06-17,0,10,8211.4,324,0,0,26.9141141141141,0,0,8962.4,333,0,0,0,0
"4612",2024-06-17,0,15,8233.4,325,0,0,26.9141141141141,0,0,8962.4,333,0,0,0,0
"4613",2024-06-17,0,20,7922.4,323,0,0,26.9141141141141,0,0,8962.4,333,0,0,0,0
"4614",2024-06-17,0,25,7933.4,323,0,0,26.9141141141141,0,0,8962.4,333,0,0,0,0
"4615",2024-06-17,0,30,7977.4,325,0,0,26.9141141141141,0,0,8962.4,333,0,0,0,0
"4616",2024-06-17,0,35,7533.7,315,0,0,26.9141141141141,0,0,8962.4,333,0,0,0,0
"4617",2024-06-17,0,40,7661.7,315,0,0,26.9141141141141,0,0,8962.4,333,0,0,0,0
"4618",2024-06-17,0,45,7639.7,314,0,0,26.9141141141141,0,0,8962.4,333,0,0,0,0
"4619",2024-06-17,0,50,7650.7,313,0,0,26.9141141141141,0,0,8962.4,333,0,0,0,0
"4620",2024-06-17,0,55,7522.7,313,0,0,26.9141141141141,0,0,8962.4,333,0,0,0,0
"4621",2024-06-17,1,0,7178.7,310,0,0,23.1570967741935,0,0,7178.7,310,0,0,0,0
"4622",2024-06-17,1,5,6662.7,304,0,0,23.1570967741935,0,0,7178.7,310,0,0,0,0
"4623",2024-06-17,1,10,6596.7,301,0,0,23.1570967741935,0,0,7178.7,310,0,0,0,0
"4624",2024-06-17,1,15,6574.7,300,0,0,23.1570967741935,0,0,7178.7,310,0,0,0,0
"4625",2024-06-17,1,20,6552.7,299,0,0,23.1570967741935,0,0,7178.7,310,0,0,0,0
"4626",2024-06-17,1,25,6530.7,298,0,0,23.1570967741935,0,0,7178.7,310,0,0,0,0
"4627",2024-06-17,1,30,6230.7,298,0,0,23.1570967741935,0,0,7178.7,310,0,0,0,0
"4628",2024-06-17,1,35,5998.7,289,0,0,23.1570967741935,0,0,7178.7,310,0,0,0,0
"4629",2024-06-17,1,40,5998.7,289,0,0,23.1570967741935,0,0,7178.7,310,0,0,0,0
"4630",2024-06-17,1,45,5998.7,289,0,0,23.1570967741935,0,0,7178.7,310,0,0,0,0
"4631",2024-06-17,1,50,6265.7,288,0,0,23.1570967741935,0,0,7178.7,310,0,0,0,0
"4632",2024-06-17,1,55,6265.7,288,0,0,23.1570967741935,0,0,7178.7,310,0,0,0,0
"4633",2024-06-17,2,0,6569.1,310,0,0,22.3160655737705,0,0,6806.4,310,0,0,0,0
"4634",2024-06-17,2,5,6456.4,303,0,0,22.3160655737705,0,0,6806.4,310,0,0,0,0
"4635",2024-06-17,2,10,6806.4,305,0,0,22.3160655737705,0,0,6806.4,310,0,0,0,0
"4636",2024-06-17,2,15,6440.4,302,0,0,22.3160655737705,0,0,6806.4,310,0,0,0,0
"4637",2024-06-17,2,20,6718.4,302,0,0,22.3160655737705,0,0,6806.4,310,0,0,0,0
"4638",2024-06-17,2,25,6396.4,301,0,0,22.3160655737705,0,0,6806.4,310,0,0,0,0
"4639",2024-06-17,2,30,6396.4,301,0,0,22.3160655737705,0,0,6806.4,310,0,0,0,0
"4640",2024-06-17,2,35,6019.4,296,0,0,22.3160655737705,0,0,6806.4,310,0,0,0,0
"4641",2024-06-17,2,40,5997.4,295,0,0,22.3160655737705,0,0,6806.4,310,0,0,0,0
"4642",2024-06-17,2,45,5647.4,293,0,0,22.3160655737705,0,0,6806.4,310,0,0,0,0
"4643",2024-06-17,2,50,5969.4,295,0,0,22.3160655737705,0,0,6806.4,310,0,0,0,0
"4644",2024-06-17,2,55,5991.4,296,0,0,22.3160655737705,0,0,6806.4,310,0,0,0,0
"4645",2024-06-17,3,0,6413.4,299,0,0,21.5214765100671,0,0,6413.4,299,0,0,0,0
"4646",2024-06-17,3,5,6391.4,297,0,0,21.5214765100671,0,0,6413.4,299,0,0,0,0
"4647",2024-06-17,3,10,6391.4,297,0,0,21.5214765100671,0,0,6413.4,299,0,0,0,0
"4648",2024-06-17,3,15,6091.4,296,0,0,21.5214765100671,0,0,6413.4,299,0,0,0,0
"4649",2024-06-17,3,20,6413.4,298,0,0,21.5214765100671,0,0,6413.4,299,0,0,0,0
"4650",2024-06-17,3,25,5753.4,295,0,0,21.5214765100671,0,0,6413.4,299,0,0,0,0
"4651",2024-06-17,3,30,6053.4,296,0,0,21.5214765100671,0,0,6413.4,299,0,0,0,0
"4652",2024-06-17,3,35,6203.4,297,0,0,21.5214765100671,0,0,6413.4,299,0,0,0,0
"4653",2024-06-17,3,40,6203.4,297,0,0,21.5214765100671,0,0,6413.4,299,0,0,0,0
"4654",2024-06-17,3,45,6103.4,296,0,0,21.5214765100671,0,0,6413.4,299,0,0,0,0
"4655",2024-06-17,3,50,5803.4,295,0,0,21.5214765100671,0,0,6413.4,299,0,0,0,0
"4656",2024-06-17,3,55,5803.4,295,0,0,21.5214765100671,0,0,6413.4,299,0,0,0,0
"4657",2024-06-17,4,0,5803.4,295,0,0,21.5926910299003,0,0,6499.4,301,0,0,0,0
"4658",2024-06-17,4,5,5997.4,298,0,0,21.5926910299003,0,0,6499.4,301,0,0,0,0
"4659",2024-06-17,4,10,6177.4,299,0,0,21.5926910299003,0,0,6499.4,301,0,0,0,0
"4660",2024-06-17,4,15,6177.4,299,0,0,21.5926910299003,0,0,6499.4,301,0,0,0,0
"4661",2024-06-17,4,20,6477.4,300,0,0,21.5926910299003,0,0,6499.4,301,0,0,0,0
"4662",2024-06-17,4,25,6499.4,301,0,0,21.5926910299003,0,0,6499.4,301,0,0,0,0
"4663",2024-06-17,4,30,6477.4,300,0,0,21.5926910299003,0,0,6499.4,301,0,0,0,0
"4664",2024-06-17,4,35,6305.4,298,0,0,21.5926910299003,0,0,6499.4,301,0,0,0,0
"4665",2024-06-17,4,40,6305.4,298,0,0,21.5926910299003,0,0,6499.4,301,0,0,0,0
"4666",2024-06-17,4,45,6125.4,297,0,0,21.5926910299003,0,0,6499.4,301,0,0,0,0
"4667",2024-06-17,4,50,6125.4,297,0,0,21.5926910299003,0,0,6499.4,301,0,0,0,0
"4668",2024-06-17,4,55,5825.4,296,0,0,21.5926910299003,0,0,6499.4,301,0,0,0,0
"4669",2024-06-17,5,0,5825.4,296,0,0,20.3737588652482,0,0,5825.4,296,0,0,0,0
"4670",2024-06-17,5,5,5825.4,296,0,0,20.3737588652482,0,0,5825.4,296,0,0,0,0
"4671",2024-06-17,5,10,5825.4,296,0,0,20.3737588652482,0,0,5825.4,296,0,0,0,0
"4672",2024-06-17,5,15,5825.4,296,0,0,20.3737588652482,0,0,5825.4,296,0,0,0,0
"4673",2024-06-17,5,20,5825.4,296,0,0,20.3737588652482,0,0,5825.4,296,0,0,0,0
"4674",2024-06-17,5,25,5825.4,296,0,0,20.3737588652482,0,0,5825.4,296,0,0,0,0
"4675",2024-06-17,5,30,5825.4,296,0,0,20.3737588652482,0,0,5825.4,296,0,0,0,0
"4676",2024-06-17,5,35,5745.4,282,0,0,20.3737588652482,0,0,5825.4,296,0,0,0,0
"4677",2024-06-17,5,40,5745.4,282,0,0,20.3737588652482,0,0,5825.4,296,0,0,0,0
"4678",2024-06-17,5,45,5745.4,282,0,0,20.3737588652482,0,0,5825.4,296,0,0,0,0
"4679",2024-06-17,5,50,5745.4,282,0,0,20.3737588652482,0,0,5825.4,296,0,0,0,0
"4680",2024-06-17,5,55,5745.4,282,0,0,20.3737588652482,0,0,5825.4,296,0,0,0,0
"4681",2024-06-17,6,0,5745.4,282,0,0,21.0484848484848,0,0,6251.4,297,0,0,0,0
"4682",2024-06-17,6,5,5821.4,291,0,0,21.0484848484848,0,0,6251.4,297,0,0,0,0
"4683",2024-06-17,6,10,5821.4,291,0,0,21.0484848484848,0,0,6251.4,297,0,0,0,0
"4684",2024-06-17,6,15,5843.4,292,0,0,21.0484848484848,0,0,6251.4,297,0,0,0,0
"4685",2024-06-17,6,20,5843.4,292,0,0,21.0484848484848,0,0,6251.4,297,0,0,0,0
"4686",2024-06-17,6,25,5843.4,292,0,0,21.0484848484848,0,0,6251.4,297,0,0,0,0
"4687",2024-06-17,6,30,5843.4,292,0,0,21.0484848484848,0,0,6251.4,297,0,0,0,0
"4688",2024-06-17,6,35,5931.4,296,0,0,21.0484848484848,0,0,6251.4,297,0,0,0,0
"4689",2024-06-17,6,40,6131.4,296,0,0,21.0484848484848,0,0,6251.4,297,0,0,0,0
"4690",2024-06-17,6,45,6131.4,296,0,0,21.0484848484848,0,0,6251.4,297,0,0,0,0
"4691",2024-06-17,6,50,6131.4,296,0,0,21.0484848484848,0,0,6251.4,297,0,0,0,0
"4692",2024-06-17,6,55,6251.4,297,0,0,21.0484848484848,0,0,6251.4,297,0,0,0,0
"4693",2024-06-17,7,0,6240.4,296,0,0,21.0916387959866,0,0,6319.4,303,0,0,0,0
"4694",2024-06-17,7,5,6306.4,299,0,0,21.0916387959866,0,0,6319.4,303,0,0,0,0
"4695",2024-06-17,7,10,6208.4,299,0,0,21.0916387959866,0,0,6319.4,303,0,0,0,0
"4696",2024-06-17,7,15,6208.4,299,0,0,21.0916387959866,0,0,6319.4,303,0,0,0,0
"4697",2024-06-17,7,20,6230.4,300,0,0,21.0916387959866,0,0,6319.4,303,0,0,0,0
"4698",2024-06-17,7,25,6230.4,300,0,0,21.0916387959866,0,0,6319.4,303,0,0,0,0
"4699",2024-06-17,7,30,6252.4,301,0,0,21.0916387959866,0,0,6319.4,303,0,0,0,0
"4700",2024-06-17,7,35,6247.4,301,0,0,21.0916387959866,0,0,6319.4,303,0,0,0,0
"4701",2024-06-17,7,40,5991.4,302,0,0,21.0916387959866,0,0,6319.4,303,0,0,0,0
"4702",2024-06-17,7,45,5991.4,302,0,0,21.0916387959866,0,0,6319.4,303,0,0,0,0
"4703",2024-06-17,7,50,6041.4,303,0,0,21.0916387959866,0,0,6319.4,303,0,0,0,0
"4704",2024-06-17,7,55,6319.4,303,0,0,21.0916387959866,0,0,6319.4,303,0,0,0,0
"4705",2024-06-17,8,0,6418.4,308,0,0,22.2347003154574,0,0,7583.4,356,0,0,0,0
"4706",2024-06-17,8,5,6671.4,313,0,0,22.2347003154574,0,0,7583.4,356,0,0,0,0
"4707",2024-06-17,8,10,7048.4,317,0,0,22.2347003154574,0,0,7583.4,356,0,0,0,0
"4708",2024-06-17,8,15,7081.4,319,0,0,22.2347003154574,0,0,7583.4,356,0,0,0,0
"4709",2024-06-17,8,20,7103.4,321,0,0,22.2347003154574,0,0,7583.4,356,0,0,0,0
"4710",2024-06-17,8,25,6902.4,326,0,0,22.2347003154574,0,0,7583.4,356,0,0,0,0
"4711",2024-06-17,8,30,7040.4,332,0,0,22.2347003154574,0,0,7583.4,356,0,0,0,0
"4712",2024-06-17,8,35,6963.4,337,0,0,22.2347003154574,0,0,7583.4,356,0,0,0,0
"4713",2024-06-17,8,40,7443.4,339,0,0,22.2347003154574,0,0,7583.4,356,0,0,0,0
"4714",2024-06-17,8,45,7297.4,344,0,0,22.2347003154574,0,0,7583.4,356,0,0,0,0
"4715",2024-06-17,8,50,7495.4,352,0,0,22.2347003154574,0,0,7583.4,356,0,0,0,0
"4716",2024-06-17,8,55,7583.4,356,0,0,22.2347003154574,0,0,7583.4,356,0,0,0,0
"4717",2024-06-17,9,45,10622.4,454,0,0,23.7078299776286,0,0,10788.4,468,0,0,0,0
"4718",2024-06-17,9,50,10546.4,457,0,0,23.7078299776286,0,0,10788.4,468,0,0,0,0
"4719",2024-06-17,9,55,10788.4,468,0,0,23.7078299776286,0,0,10788.4,468,0,0,0,0
"4720",2024-06-17,9,0,7856.4,365,0,0,23.7078299776286,0,0,10788.4,468,0,0,0,0
"4721",2024-06-17,9,5,8297.4,379,0,0,23.7078299776286,0,0,10788.4,468,0,0,0,0
"4722",2024-06-17,9,10,9050.4,383,0,0,23.7078299776286,0,0,10788.4,468,0,0,0,0
"4723",2024-06-17,9,15,8959.4,393,0,0,23.7078299776286,0,0,10788.4,468,0,0,0,0
"4724",2024-06-17,9,20,9238.4,404,0,0,23.7078299776286,0,0,10788.4,468,0,0,0,0
"4725",2024-06-17,9,25,9212.4,410,0,0,23.7078299776286,0,0,10788.4,468,0,0,0,0
"4726",2024-06-17,9,30,9241.4,421,0,0,23.7078299776286,0,0,10788.4,468,0,0,0,0
"4727",2024-06-17,9,35,10597.4,447,0,0,23.7078299776286,0,0,10788.4,468,0,0,0,0
"4728",2024-06-17,9,40,10498.4,450,0,0,23.7078299776286,0,0,10788.4,468,0,0,0,0
"4729",2024-06-17,10,0,10839.1,481,0,0,25.6998254799302,0,0,14819,579,0,0,0,0
"4730",2024-06-17,10,5,11080.1,518,0,0,25.6998254799302,0,0,14819,579,0,0,0,0
"4731",2024-06-17,10,10,11076.1,528,0,0,25.6998254799302,0,0,14819,579,0,0,0,0
"4732",2024-06-17,10,15,11295.1,533,0,0,25.6998254799302,0,0,14819,579,0,0,0,0
"4733",2024-06-17,10,20,12000.1,540,0,0,25.6998254799302,0,0,14819,579,0,0,0,0
"4734",2024-06-17,10,25,12478.4,545,0,0,25.6998254799302,0,0,14819,579,0,0,0,0
"4735",2024-06-17,10,30,12627.4,545,0,0,25.6998254799302,0,0,14819,579,0,0,0,0
"4736",2024-06-17,10,35,13823.4,562,0,0,25.6998254799302,0,0,14819,579,0,0,0,0
"4737",2024-06-17,10,40,13905.4,564,0,0,25.6998254799302,0,0,14819,579,0,0,0,0
"4738",2024-06-17,10,45,14726,573,0,0,25.6998254799302,0,0,14819,579,0,0,0,0
"4739",2024-06-17,10,50,14290,574,0,0,25.6998254799302,0,0,14819,579,0,0,0,0
"4740",2024-06-17,10,55,14819,579,0,0,25.6998254799302,0,0,14819,579,0,0,0,0
"4741",2024-06-17,11,0,14352,577,0,0,25.4758942457232,0,0,16381,649,0,0,0,0
"4742",2024-06-17,11,5,15211,613,0,0,25.4758942457232,0,0,16381,649,0,0,0,0
"4743",2024-06-17,11,10,14789,611,0,0,25.4758942457232,0,0,16381,649,0,0,0,0
"4744",2024-06-17,11,15,14926,614,0,0,25.4758942457232,0,0,16381,649,0,0,0,0
"4745",2024-06-17,11,20,15619,620,0,0,25.4758942457232,0,0,16381,649,0,0,0,0
"4746",2024-06-17,11,25,15526,620,0,0,25.4758942457232,0,0,16381,649,0,0,0,0
"4747",2024-06-17,11,30,15801,625,0,0,25.4758942457232,0,0,16381,649,0,0,0,0
"4748",2024-06-17,11,35,16381,643,0,0,25.4758942457232,0,0,16381,649,0,0,0,0
"4749",2024-06-17,11,40,16272,644,0,0,25.4758942457232,0,0,16381,649,0,0,0,0
"4750",2024-06-17,11,45,16273,644,0,0,25.4758942457232,0,0,16381,649,0,0,0,0
"4751",2024-06-17,11,50,16165,645,0,0,25.4758942457232,0,0,16381,649,0,0,0,0
"4752",2024-06-17,11,55,15792,649,0,0,25.4758942457232,0,0,16381,649,0,0,0,0
"4753",2024-06-17,12,0,16108,652,0,0,25.8048048048048,0,0,17186,666,0,0,0,0
"4754",2024-06-17,12,5,15787,651,0,0,25.8048048048048,0,0,17186,666,0,0,0,0
"4755",2024-06-17,12,10,16186,654,0,0,25.8048048048048,0,0,17186,666,0,0,0,0
"4756",2024-06-17,12,15,16252,656,0,0,25.8048048048048,0,0,17186,666,0,0,0,0
"4757",2024-06-17,12,20,16671,658,0,0,25.8048048048048,0,0,17186,666,0,0,0,0
"4758",2024-06-17,12,25,16754,661,0,0,25.8048048048048,0,0,17186,666,0,0,0,0
"4759",2024-06-17,12,30,17186,666,0,0,25.8048048048048,0,0,17186,666,0,0,0,0
"4760",2024-06-17,12,35,16330,660,0,0,25.8048048048048,0,0,17186,666,0,0,0,0
"4761",2024-06-17,12,40,15958,658,0,0,25.8048048048048,0,0,17186,666,0,0,0,0
"4762",2024-06-17,12,45,16382,659,0,0,25.8048048048048,0,0,17186,666,0,0,0,0
"4763",2024-06-17,12,50,15733,656,0,0,25.8048048048048,0,0,17186,666,0,0,0,0
"4764",2024-06-17,12,55,16049.3,657,0,0,25.8048048048048,0,0,17186,666,0,0,0,0
"4765",2024-06-17,13,0,16484.3,660,0,0,40.6838235294118,0,0,19106.5,660,0,0,0,0
"4766",2024-06-17,13,5,16093.5,642,0,0,40.6838235294118,0,0,19106.5,660,0,0,0,0
"4767",2024-06-17,13,10,16139.5,640,0,0,40.6838235294118,0,0,19106.5,660,0,0,0,0
"4768",2024-06-17,13,15,15657.5,637,0,0,40.6838235294118,0,0,19106.5,660,0,0,0,0
"4769",2024-06-17,13,20,16102.5,637,0,0,40.6838235294118,0,0,19106.5,660,0,0,0,0
"4770",2024-06-17,13,25,16638.5,646,0,0,40.6838235294118,0,0,19106.5,660,0,0,0,0
"4771",2024-06-17,13,30,15950.5,639,0,0,40.6838235294118,0,0,19106.5,660,0,0,0,0
"4772",2024-06-17,13,35,10112,284,0,0,40.6838235294118,0,0,19106.5,660,0,0,0,0
"4773",2024-06-17,13,40,11066,272,0,0,40.6838235294118,0,0,19106.5,660,0,0,0,0
"4774",2024-06-17,13,45,18304.5,641,0,0,40.6838235294118,0,0,19106.5,660,0,0,0,0
"4775",2024-06-17,13,50,19106.5,637,0,0,40.6838235294118,0,0,19106.5,660,0,0,0,0
"4776",2024-06-17,13,55,19020.5,627,0,0,40.6838235294118,0,0,19106.5,660,0,0,0,0
"4777",2024-06-17,14,55,14940.2,559,0,0,30.9834459459459,0,0,18342.2,614,0,0,0,0
"4778",2024-06-17,14,0,17925.5,614,0,0,30.9834459459459,0,0,18342.2,614,0,0,0,0
"4779",2024-06-17,14,5,17786.5,604,0,0,30.9834459459459,0,0,18342.2,614,0,0,0,0
"4780",2024-06-17,14,10,18112.9,597,0,0,30.9834459459459,0,0,18342.2,614,0,0,0,0
"4781",2024-06-17,14,15,17227.9,587,0,0,30.9834459459459,0,0,18342.2,614,0,0,0,0
"4782",2024-06-17,14,20,17567.2,587,0,0,30.9834459459459,0,0,18342.2,614,0,0,0,0
"4783",2024-06-17,14,25,17256.2,585,0,0,30.9834459459459,0,0,18342.2,614,0,0,0,0
"4784",2024-06-17,14,30,18342.2,592,0,0,30.9834459459459,0,0,18342.2,614,0,0,0,0
"4785",2024-06-17,14,35,17084.2,569,0,0,30.9834459459459,0,0,18342.2,614,0,0,0,0
"4786",2024-06-17,14,40,17392.2,569,0,0,30.9834459459459,0,0,18342.2,614,0,0,0,0
"4787",2024-06-17,14,45,16828.2,570,0,0,30.9834459459459,0,0,18342.2,614,0,0,0,0
"4788",2024-06-17,14,50,15742.2,562,0,0,30.9834459459459,0,0,18342.2,614,0,0,0,0
"4789",2024-06-17,15,0,14755.2,566,0,0,27.6389084507042,0,0,15698.9,570,0,0,0,0
"4790",2024-06-17,15,5,14012.2,548,0,0,27.6389084507042,0,0,15698.9,570,0,0,0,0
"4791",2024-06-17,15,10,14459.9,555,0,0,27.6389084507042,0,0,15698.9,570,0,0,0,0
"4792",2024-06-17,15,15,15025.9,562,0,0,27.6389084507042,0,0,15698.9,570,0,0,0,0
"4793",2024-06-17,15,20,14556.9,563,0,0,27.6389084507042,0,0,15698.9,570,0,0,0,0
"4794",2024-06-17,15,25,14468.9,562,0,0,27.6389084507042,0,0,15698.9,570,0,0,0,0
"4795",2024-06-17,15,30,14590.9,569,0,0,27.6389084507042,0,0,15698.9,570,0,0,0,0
"4796",2024-06-17,15,35,14673.9,567,0,0,27.6389084507042,0,0,15698.9,570,0,0,0,0
"4797",2024-06-17,15,40,15698.9,568,0,0,27.6389084507042,0,0,15698.9,570,0,0,0,0
"4798",2024-06-17,15,45,15344.9,569,0,0,27.6389084507042,0,0,15698.9,570,0,0,0,0
"4799",2024-06-17,15,50,14784.9,562,0,0,27.6389084507042,0,0,15698.9,570,0,0,0,0
"4800",2024-06-17,15,55,15546.9,570,0,0,27.6389084507042,0,0,15698.9,570,0,0,0,0
"4801",2024-06-17,16,0,15395.9,572,0,0,30.955612244898,0,0,18201.9,588,0,0,0,0
"4802",2024-06-17,16,5,16019.9,583,0,0,30.955612244898,0,0,18201.9,588,0,0,0,0
"4803",2024-06-17,16,10,16735.9,586,0,0,30.955612244898,0,0,18201.9,588,0,0,0,0
"4804",2024-06-17,16,15,16627.9,585,0,0,30.955612244898,0,0,18201.9,588,0,0,0,0
"4805",2024-06-17,16,20,17422.9,588,0,0,30.955612244898,0,0,18201.9,588,0,0,0,0
"4806",2024-06-17,16,25,17378.9,586,0,0,30.955612244898,0,0,18201.9,588,0,0,0,0
"4807",2024-06-17,16,30,18201.9,588,0,0,30.955612244898,0,0,18201.9,588,0,0,0,0
"4808",2024-06-17,16,35,17302.9,580,0,0,30.955612244898,0,0,18201.9,588,0,0,0,0
"4809",2024-06-17,16,40,16276.9,576,0,0,30.955612244898,0,0,18201.9,588,0,0,0,0
"4810",2024-06-17,16,45,16367.9,576,0,0,30.955612244898,0,0,18201.9,588,0,0,0,0
"4811",2024-06-17,16,50,16535.9,571,0,0,30.955612244898,0,0,18201.9,588,0,0,0,0
"4812",2024-06-17,16,55,16142.9,571,0,0,30.955612244898,0,0,18201.9,588,0,0,0,0
"4813",2024-06-17,17,0,16568.9,573,0,0,29.4201086956522,0,0,16568.9,573,0,0,0,0
"4814",2024-06-17,17,5,16239.9,552,0,0,29.4201086956522,0,0,16568.9,573,0,0,0,0
"4815",2024-06-17,17,10,16032.9,552,0,0,29.4201086956522,0,0,16568.9,573,0,0,0,0
"4816",2024-06-17,17,15,14876.9,549,0,0,29.4201086956522,0,0,16568.9,573,0,0,0,0
"4817",2024-06-17,17,20,14644.9,543,0,0,29.4201086956522,0,0,16568.9,573,0,0,0,0
"4818",2024-06-17,17,25,13923.9,536,0,0,29.4201086956522,0,0,16568.9,573,0,0,0,0
"4819",2024-06-17,17,30,13093.9,528,0,0,29.4201086956522,0,0,16568.9,573,0,0,0,0
"4820",2024-06-17,17,35,12385.9,530,0,0,29.4201086956522,0,0,16568.9,573,0,0,0,0
"4821",2024-06-17,17,40,12873.9,530,0,0,29.4201086956522,0,0,16568.9,573,0,0,0,0
"4822",2024-06-17,17,45,12329.2,525,0,0,29.4201086956522,0,0,16568.9,573,0,0,0,0
"4823",2024-06-17,17,50,12282.9,525,0,0,29.4201086956522,0,0,16568.9,573,0,0,0,0
"4824",2024-06-17,17,55,13493.9,528,0,0,29.4201086956522,0,0,16568.9,573,0,0,0,0
"4825",2024-06-17,18,0,13925.9,527,0,0,27.3811650485437,0,0,14101.3,527,0,0,0,0
"4826",2024-06-17,18,5,14101.3,515,0,0,27.3811650485437,0,0,14101.3,527,0,0,0,0
"4827",2024-06-17,18,10,13970.3,514,0,0,27.3811650485437,0,0,14101.3,527,0,0,0,0
"4828",2024-06-17,18,15,13544.3,503,0,0,27.3811650485437,0,0,14101.3,527,0,0,0,0
"4829",2024-06-17,18,20,12754.3,500,0,0,27.3811650485437,0,0,14101.3,527,0,0,0,0
"4830",2024-06-17,18,25,12688.3,496,0,0,27.3811650485437,0,0,14101.3,527,0,0,0,0
"4831",2024-06-17,18,30,12860.3,495,0,0,27.3811650485437,0,0,14101.3,527,0,0,0,0
"4832",2024-06-17,18,35,12633.3,485,0,0,27.3811650485437,0,0,14101.3,527,0,0,0,0
"4833",2024-06-17,18,40,12439.3,487,0,0,27.3811650485437,0,0,14101.3,527,0,0,0,0
"4834",2024-06-17,18,45,12767.3,488,0,0,27.3811650485437,0,0,14101.3,527,0,0,0,0
"4835",2024-06-17,18,50,13145.3,488,0,0,27.3811650485437,0,0,14101.3,527,0,0,0,0
"4836",2024-06-17,18,55,13041.3,483,0,0,27.3811650485437,0,0,14101.3,527,0,0,0,0
"4837",2024-06-17,19,0,13381.3,478,0,0,27.9943514644351,0,0,13381.3,478,0,0,0,0
"4838",2024-06-17,19,5,12537.3,478,0,0,27.9943514644351,0,0,13381.3,478,0,0,0,0
"4839",2024-06-17,19,10,12455.3,472,0,0,27.9943514644351,0,0,13381.3,478,0,0,0,0
"4840",2024-06-17,19,15,12507.3,477,0,0,27.9943514644351,0,0,13381.3,478,0,0,0,0
"4841",2024-06-17,19,20,12303.3,467,0,0,27.9943514644351,0,0,13381.3,478,0,0,0,0
"4842",2024-06-17,19,25,12671.3,468,0,0,27.9943514644351,0,0,13381.3,478,0,0,0,0
"4843",2024-06-17,19,30,11833.3,455,0,0,27.9943514644351,0,0,13381.3,478,0,0,0,0
"4844",2024-06-17,19,35,11791.3,444,0,0,27.9943514644351,0,0,13381.3,478,0,0,0,0
"4845",2024-06-17,19,40,10700.3,438,0,0,27.9943514644351,0,0,13381.3,478,0,0,0,0
"4846",2024-06-17,19,45,10595.3,433,0,0,27.9943514644351,0,0,13381.3,478,0,0,0,0
"4847",2024-06-17,19,50,10620.3,418,0,0,27.9943514644351,0,0,13381.3,478,0,0,0,0
"4848",2024-06-17,19,55,10555.3,422,0,0,27.9943514644351,0,0,13381.3,478,0,0,0,0
"4849",2024-06-17,20,0,11191.3,418,0,0,31.8713947990544,0,0,13481.6,423,0,0,0,0
"4850",2024-06-17,20,5,11938.3,422,0,0,31.8713947990544,0,0,13481.6,423,0,0,0,0
"4851",2024-06-17,20,10,12394.3,421,0,0,31.8713947990544,0,0,13481.6,423,0,0,0,0
"4852",2024-06-17,20,15,11958.3,422,0,0,31.8713947990544,0,0,13481.6,423,0,0,0,0
"4853",2024-06-17,20,20,13120.3,422,0,0,31.8713947990544,0,0,13481.6,423,0,0,0,0
"4854",2024-06-17,20,25,12904.6,423,0,0,31.8713947990544,0,0,13481.6,423,0,0,0,0
"4855",2024-06-17,20,30,13481.6,423,0,0,31.8713947990544,0,0,13481.6,423,0,0,0,0
"4856",2024-06-17,20,35,12429.6,416,0,0,31.8713947990544,0,0,13481.6,423,0,0,0,0
"4857",2024-06-17,20,40,11841.6,409,0,0,31.8713947990544,0,0,13481.6,423,0,0,0,0
"4858",2024-06-17,20,45,12087.6,407,0,0,31.8713947990544,0,0,13481.6,423,0,0,0,0
"4859",2024-06-17,20,50,11656.6,403,0,0,31.8713947990544,0,0,13481.6,423,0,0,0,0
"4860",2024-06-17,20,55,10617.6,391,0,0,31.8713947990544,0,0,13481.6,423,0,0,0,0
"4861",2024-06-17,21,0,10037.4,392,0,0,26.8684350132626,0,0,10129.4,392,0,0,0,0
"4862",2024-06-17,21,5,9935.4,385,0,0,26.8684350132626,0,0,10129.4,392,0,0,0,0
"4863",2024-06-17,21,10,9669.4,386,0,0,26.8684350132626,0,0,10129.4,392,0,0,0,0
"4864",2024-06-17,21,15,10057.4,391,0,0,26.8684350132626,0,0,10129.4,392,0,0,0,0
"4865",2024-06-17,21,20,9696.4,389,0,0,26.8684350132626,0,0,10129.4,392,0,0,0,0
"4866",2024-06-17,21,25,9595.4,387,0,0,26.8684350132626,0,0,10129.4,392,0,0,0,0
"4867",2024-06-17,21,30,9726.4,388,0,0,26.8684350132626,0,0,10129.4,392,0,0,0,0
"4868",2024-06-17,21,35,9895.4,379,0,0,26.8684350132626,0,0,10129.4,392,0,0,0,0
"4869",2024-06-17,21,40,10129.4,377,0,0,26.8684350132626,0,0,10129.4,392,0,0,0,0
"4870",2024-06-17,21,45,9981.4,376,0,0,26.8684350132626,0,0,10129.4,392,0,0,0,0
"4871",2024-06-17,21,50,9777.4,373,0,0,26.8684350132626,0,0,10129.4,392,0,0,0,0
"4872",2024-06-17,21,55,8745.4,365,0,0,26.8684350132626,0,0,10129.4,392,0,0,0,0
"4873",2024-06-17,22,0,8778.4,367,0,0,26.5880434782609,0,0,9784.4,368,0,0,0,0
"4874",2024-06-17,22,5,8738.4,360,0,0,26.5880434782609,0,0,9784.4,368,0,0,0,0
"4875",2024-06-17,22,10,8614.4,358,0,0,26.5880434782609,0,0,9784.4,368,0,0,0,0
"4876",2024-06-17,22,15,8592.4,357,0,0,26.5880434782609,0,0,9784.4,368,0,0,0,0
"4877",2024-06-17,22,20,8674.4,359,0,0,26.5880434782609,0,0,9784.4,368,0,0,0,0
"4878",2024-06-17,22,25,9307.4,363,0,0,26.5880434782609,0,0,9784.4,368,0,0,0,0
"4879",2024-06-17,22,30,9784.4,368,0,0,26.5880434782609,0,0,9784.4,368,0,0,0,0
"4880",2024-06-17,22,35,9222.4,363,0,0,26.5880434782609,0,0,9784.4,368,0,0,0,0
"4881",2024-06-17,22,40,8179.4,356,0,0,26.5880434782609,0,0,9784.4,368,0,0,0,0
"4882",2024-06-17,22,45,8457.4,356,0,0,26.5880434782609,0,0,9784.4,368,0,0,0,0
"4883",2024-06-17,22,50,8885.4,357,0,0,26.5880434782609,0,0,9784.4,368,0,0,0,0
"4884",2024-06-17,22,55,8872.4,356,0,0,26.5880434782609,0,0,9784.4,368,0,0,0,0
"4885",2024-06-17,23,0,8468.4,352,0,0,27.6807121661721,0,0,9328.4,352,0,0,0,0
"4886",2024-06-17,23,5,6726.4,340,0,0,27.6807121661721,0,0,9328.4,352,0,0,0,0
"4887",2024-06-17,23,10,8478.4,351,0,0,27.6807121661721,0,0,9328.4,352,0,0,0,0
"4888",2024-06-17,23,15,8368.4,347,0,0,27.6807121661721,0,0,9328.4,352,0,0,0,0
"4889",2024-06-17,23,20,8052.4,343,0,0,27.6807121661721,0,0,9328.4,352,0,0,0,0
"4890",2024-06-17,23,25,7858.4,340,0,0,27.6807121661721,0,0,9328.4,352,0,0,0,0
"4891",2024-06-17,23,30,7792.4,338,0,0,27.6807121661721,0,0,9328.4,352,0,0,0,0
"4892",2024-06-17,23,35,8477.4,336,0,0,27.6807121661721,0,0,9328.4,352,0,0,0,0
"4893",2024-06-17,23,40,8488.4,336,0,0,27.6807121661721,0,0,9328.4,352,0,0,0,0
"4894",2024-06-17,23,45,8727.4,335,0,0,27.6807121661721,0,0,9328.4,352,0,0,0,0
"4895",2024-06-17,23,50,8984.4,334,0,0,27.6807121661721,0,0,9328.4,352,0,0,0,0
"4896",2024-06-17,23,55,9328.4,337,0,0,27.6807121661721,0,0,9328.4,352,0,0,0,0
"4897",2024-06-18,0,0,9290.1,352,0,0,26.3923295454545,0,0,9290.1,352,0,0,0,0
"4898",2024-06-18,0,5,8451.8,336,0,0,26.3923295454545,0,0,9290.1,352,0,0,0,0
"4899",2024-06-18,0,10,8718.8,335,0,0,26.3923295454545,0,0,9290.1,352,0,0,0,0
"4900",2024-06-18,0,15,8434.8,333,0,0,26.3923295454545,0,0,9290.1,352,0,0,0,0
"4901",2024-06-18,0,20,8177.1,333,0,0,26.3923295454545,0,0,9290.1,352,0,0,0,0
"4902",2024-06-18,0,25,8722.1,332,0,0,26.3923295454545,0,0,9290.1,352,0,0,0,0
"4903",2024-06-18,0,30,8210.1,334,0,0,26.3923295454545,0,0,9290.1,352,0,0,0,0
"4904",2024-06-18,0,35,8292.1,332,0,0,26.3923295454545,0,0,9290.1,352,0,0,0,0
"4905",2024-06-18,0,40,8003.1,332,0,0,26.3923295454545,0,0,9290.1,352,0,0,0,0
"4906",2024-06-18,0,45,7703.1,331,0,0,26.3923295454545,0,0,9290.1,352,0,0,0,0
"4907",2024-06-18,0,50,7081.1,328,0,0,26.3923295454545,0,0,9290.1,352,0,0,0,0
"4908",2024-06-18,0,55,7479.1,330,0,0,26.3923295454545,0,0,9290.1,352,0,0,0,0
"4909",2024-06-18,1,0,7288.1,328,0,0,22.2198170731707,0,0,7288.1,328,0,0,0,0
"4910",2024-06-18,1,5,6507.1,314,0,0,22.2198170731707,0,0,7288.1,328,0,0,0,0
"4911",2024-06-18,1,10,6774.1,316,0,0,22.2198170731707,0,0,7288.1,328,0,0,0,0
"4912",2024-06-18,1,15,6651.1,314,0,0,22.2198170731707,0,0,7288.1,328,0,0,0,0
"4913",2024-06-18,1,20,6618.1,313,0,0,22.2198170731707,0,0,7288.1,328,0,0,0,0
"4914",2024-06-18,1,25,6896.1,314,0,0,22.2198170731707,0,0,7288.1,328,0,0,0,0
"4915",2024-06-18,1,30,6892.4,313,0,0,22.2198170731707,0,0,7288.1,328,0,0,0,0
"4916",2024-06-18,1,35,6600.4,310,0,0,22.2198170731707,0,0,7288.1,328,0,0,0,0
"4917",2024-06-18,1,40,6578.4,309,0,0,22.2198170731707,0,0,7288.1,328,0,0,0,0
"4918",2024-06-18,1,45,6530.7,306,0,0,22.2198170731707,0,0,7288.1,328,0,0,0,0
"4919",2024-06-18,1,50,6530.7,306,0,0,22.2198170731707,0,0,7288.1,328,0,0,0,0
"4920",2024-06-18,1,55,6530.7,306,0,0,22.2198170731707,0,0,7288.1,328,0,0,0,0
"4921",2024-06-18,2,0,6254.7,287,0,0,21.7933797909408,0,0,6254.7,287,0,0,0,0
"4922",2024-06-18,2,5,6134.7,286,0,0,21.7933797909408,0,0,6254.7,287,0,0,0,0
"4923",2024-06-18,2,10,6134.7,286,0,0,21.7933797909408,0,0,6254.7,287,0,0,0,0
"4924",2024-06-18,2,15,5834.7,285,0,0,21.7933797909408,0,0,6254.7,287,0,0,0,0
"4925",2024-06-18,2,20,5834.7,285,0,0,21.7933797909408,0,0,6254.7,287,0,0,0,0
"4926",2024-06-18,2,25,5834.7,285,0,0,21.7933797909408,0,0,6254.7,287,0,0,0,0
"4927",2024-06-18,2,30,5834.7,285,0,0,21.7933797909408,0,0,6254.7,287,0,0,0,0
"4928",2024-06-18,2,35,5670.7,279,0,0,21.7933797909408,0,0,6254.7,287,0,0,0,0
"4929",2024-06-18,2,40,5692.7,280,0,0,21.7933797909408,0,0,6254.7,287,0,0,0,0
"4930",2024-06-18,2,45,5692.7,279,0,0,21.7933797909408,0,0,6254.7,287,0,0,0,0
"4931",2024-06-18,2,50,5692.7,279,0,0,21.7933797909408,0,0,6254.7,287,0,0,0,0
"4932",2024-06-18,2,55,5692.7,279,0,0,21.7933797909408,0,0,6254.7,287,0,0,0,0
"4933",2024-06-18,3,0,5670.7,278,0,0,21.9382142857143,0,0,6142.7,280,0,0,0,0
"4934",2024-06-18,3,5,5520.7,277,0,0,21.9382142857143,0,0,6142.7,280,0,0,0,0
"4935",2024-06-18,3,10,5520.7,277,0,0,21.9382142857143,0,0,6142.7,280,0,0,0,0
"4936",2024-06-18,3,15,5820.7,278,0,0,21.9382142857143,0,0,6142.7,280,0,0,0,0
"4937",2024-06-18,3,20,5820.7,278,0,0,21.9382142857143,0,0,6142.7,280,0,0,0,0
"4938",2024-06-18,3,25,5820.7,278,0,0,21.9382142857143,0,0,6142.7,280,0,0,0,0
"4939",2024-06-18,3,30,5820.7,278,0,0,21.9382142857143,0,0,6142.7,280,0,0,0,0
"4940",2024-06-18,3,35,5820.7,278,0,0,21.9382142857143,0,0,6142.7,280,0,0,0,0
"4941",2024-06-18,3,40,6120.7,279,0,0,21.9382142857143,0,0,6142.7,280,0,0,0,0
"4942",2024-06-18,3,45,6142.7,280,0,0,21.9382142857143,0,0,6142.7,280,0,0,0,0
"4943",2024-06-18,3,50,5842.7,279,0,0,21.9382142857143,0,0,6142.7,280,0,0,0,0
"4944",2024-06-18,3,55,5842.7,279,0,0,21.9382142857143,0,0,6142.7,280,0,0,0,0
"4945",2024-06-18,4,0,5842.7,279,0,0,20.9415770609319,0,0,5842.7,279,0,0,0,0
"4946",2024-06-18,4,5,5520.7,277,0,0,20.9415770609319,0,0,5842.7,279,0,0,0,0
"4947",2024-06-18,4,10,5520.7,277,0,0,20.9415770609319,0,0,5842.7,279,0,0,0,0
"4948",2024-06-18,4,15,5520.7,277,0,0,20.9415770609319,0,0,5842.7,279,0,0,0,0
"4949",2024-06-18,4,20,5520.7,277,0,0,20.9415770609319,0,0,5842.7,279,0,0,0,0
"4950",2024-06-18,4,25,5520.7,277,0,0,20.9415770609319,0,0,5842.7,279,0,0,0,0
"4951",2024-06-18,4,30,5520.7,277,0,0,20.9415770609319,0,0,5842.7,279,0,0,0,0
"4952",2024-06-18,4,35,5487.7,275,0,0,20.9415770609319,0,0,5842.7,279,0,0,0,0
"4953",2024-06-18,4,40,5487.7,275,0,0,20.9415770609319,0,0,5842.7,279,0,0,0,0
"4954",2024-06-18,4,45,5465.7,274,0,0,20.9415770609319,0,0,5842.7,279,0,0,0,0
"4955",2024-06-18,4,50,5465.7,274,0,0,20.9415770609319,0,0,5842.7,279,0,0,0,0
"4956",2024-06-18,4,55,5465.7,274,0,0,20.9415770609319,0,0,5842.7,279,0,0,0,0
"4957",2024-06-18,5,0,5465.7,274,0,0,19.9478102189781,0,0,5498.7,276,0,0,0,0
"4958",2024-06-18,5,5,5454.7,274,0,0,19.9478102189781,0,0,5498.7,276,0,0,0,0
"4959",2024-06-18,5,10,5454.7,274,0,0,19.9478102189781,0,0,5498.7,276,0,0,0,0
"4960",2024-06-18,5,15,5454.7,274,0,0,19.9478102189781,0,0,5498.7,276,0,0,0,0
"4961",2024-06-18,5,20,5454.7,274,0,0,19.9478102189781,0,0,5498.7,276,0,0,0,0
"4962",2024-06-18,5,25,5454.7,274,0,0,19.9478102189781,0,0,5498.7,276,0,0,0,0
"4963",2024-06-18,5,30,5454.7,274,0,0,19.9478102189781,0,0,5498.7,276,0,0,0,0
"4964",2024-06-18,5,35,5498.7,276,0,0,19.9478102189781,0,0,5498.7,276,0,0,0,0
"4965",2024-06-18,5,40,5498.7,276,0,0,19.9478102189781,0,0,5498.7,276,0,0,0,0
"4966",2024-06-18,5,45,5476.7,275,0,0,19.9478102189781,0,0,5498.7,276,0,0,0,0
"4967",2024-06-18,5,50,5454.7,274,0,0,19.9478102189781,0,0,5498.7,276,0,0,0,0
"4968",2024-06-18,5,55,5454.7,274,0,0,19.9478102189781,0,0,5498.7,276,0,0,0,0
"4969",2024-06-18,6,0,5454.7,274,0,0,23.3982014388489,0,0,6504.7,278,0,0,0,0
"4970",2024-06-18,6,5,5498.7,276,0,0,23.3982014388489,0,0,6504.7,278,0,0,0,0
"4971",2024-06-18,6,10,5498.7,276,0,0,23.3982014388489,0,0,6504.7,278,0,0,0,0
"4972",2024-06-18,6,15,5520.7,277,0,0,23.3982014388489,0,0,6504.7,278,0,0,0,0
"4973",2024-06-18,6,20,5520.7,277,0,0,23.3982014388489,0,0,6504.7,278,0,0,0,0
"4974",2024-06-18,6,25,5798.7,277,0,0,23.3982014388489,0,0,6504.7,278,0,0,0,0
"4975",2024-06-18,6,30,6098.7,278,0,0,23.3982014388489,0,0,6504.7,278,0,0,0,0
"4976",2024-06-18,6,35,6504.7,278,0,0,23.3982014388489,0,0,6504.7,278,0,0,0,0
"4977",2024-06-18,6,40,6504.7,278,0,0,23.3982014388489,0,0,6504.7,278,0,0,0,0
"4978",2024-06-18,6,45,6204.7,277,0,0,23.3982014388489,0,0,6504.7,278,0,0,0,0
"4979",2024-06-18,6,50,6504.7,278,0,0,23.3982014388489,0,0,6504.7,278,0,0,0,0
"4980",2024-06-18,6,55,6204.7,277,0,0,23.3982014388489,0,0,6504.7,278,0,0,0,0
"4981",2024-06-18,7,0,6204.7,277,0,0,22.7060714285714,0,0,6357.7,280,0,0,0,0
"4982",2024-06-18,7,5,5935.7,277,0,0,22.7060714285714,0,0,6357.7,280,0,0,0,0
"4983",2024-06-18,7,10,5935.7,277,0,0,22.7060714285714,0,0,6357.7,280,0,0,0,0
"4984",2024-06-18,7,15,5935.7,277,0,0,22.7060714285714,0,0,6357.7,280,0,0,0,0
"4985",2024-06-18,7,20,6046.7,279,0,0,22.7060714285714,0,0,6357.7,280,0,0,0,0
"4986",2024-06-18,7,25,6046.7,279,0,0,22.7060714285714,0,0,6357.7,280,0,0,0,0
"4987",2024-06-18,7,30,6346.7,280,0,0,22.7060714285714,0,0,6357.7,280,0,0,0,0
"4988",2024-06-18,7,35,6313.7,279,0,0,22.7060714285714,0,0,6357.7,280,0,0,0,0
"4989",2024-06-18,7,40,6335.7,280,0,0,22.7060714285714,0,0,6357.7,280,0,0,0,0
"4990",2024-06-18,7,45,6035.7,279,0,0,22.7060714285714,0,0,6357.7,280,0,0,0,0
"4991",2024-06-18,7,50,6357.7,280,0,0,22.7060714285714,0,0,6357.7,280,0,0,0,0
"4992",2024-06-18,7,55,6024.7,278,0,0,22.7060714285714,0,0,6357.7,280,0,0,0,0
"4993",2024-06-18,8,0,6068.7,280,0,0,22.2916666666667,0,0,6992.7,319,0,0,0,0
"4994",2024-06-18,8,5,6136.7,280,0,0,22.2916666666667,0,0,6992.7,319,0,0,0,0
"4995",2024-06-18,8,10,6213.7,284,0,0,22.2916666666667,0,0,6992.7,319,0,0,0,0
"4996",2024-06-18,8,15,5891.7,282,0,0,22.2916666666667,0,0,6992.7,319,0,0,0,0
"4997",2024-06-18,8,20,5946.7,284,0,0,22.2916666666667,0,0,6992.7,319,0,0,0,0
"4998",2024-06-18,8,25,5957.7,285,0,0,22.2916666666667,0,0,6992.7,319,0,0,0,0
"4999",2024-06-18,8,30,6111.7,294,0,0,22.2916666666667,0,0,6992.7,319,0,0,0,0
"5000",2024-06-18,8,35,6306.7,295,0,0,22.2916666666667,0,0,6992.7,319,0,0,0,0
"5001",2024-06-18,8,40,6394.7,300,0,0,22.2916666666667,0,0,6992.7,319,0,0,0,0
"5002",2024-06-18,8,45,6482.7,304,0,0,22.2916666666667,0,0,6992.7,319,0,0,0,0
"5003",2024-06-18,8,50,6955,312,0,0,22.2916666666667,0,0,6992.7,319,0,0,0,0
"5004",2024-06-18,8,55,6992.7,319,0,0,22.2916666666667,0,0,6992.7,319,0,0,0,0
"5005",2024-06-18,9,55,9403.7,419,0,0,23.5136627906977,0,0,9461.7,419,0,0,0,0
"5006",2024-06-18,9,0,7179.7,327,0,0,23.5136627906977,0,0,9461.7,419,0,0,0,0
"5007",2024-06-18,9,5,8088.7,344,0,0,23.5136627906977,0,0,9461.7,419,0,0,0,0
"5008",2024-06-18,9,10,7874.7,347,0,0,23.5136627906977,0,0,9461.7,419,0,0,0,0
"5009",2024-06-18,9,15,7909.7,348,0,0,23.5136627906977,0,0,9461.7,419,0,0,0,0
"5010",2024-06-18,9,20,8302.7,354,0,0,23.5136627906977,0,0,9461.7,419,0,0,0,0
"5011",2024-06-18,9,25,8451.7,362,0,0,23.5136627906977,0,0,9461.7,419,0,0,0,0
"5012",2024-06-18,9,30,8188.7,368,0,0,23.5136627906977,0,0,9461.7,419,0,0,0,0
"5013",2024-06-18,9,35,8352.7,392,0,0,23.5136627906977,0,0,9461.7,419,0,0,0,0
"5014",2024-06-18,9,40,8736.7,403,0,0,23.5136627906977,0,0,9461.7,419,0,0,0,0
"5015",2024-06-18,9,45,9147.7,407,0,0,23.5136627906977,0,0,9461.7,419,0,0,0,0
"5016",2024-06-18,9,50,9461.7,412,0,0,23.5136627906977,0,0,9461.7,419,0,0,0,0
"5017",2024-06-18,10,0,9355.7,427,0,0,24.050790513834,0,0,12169.7,518,0,0,0,0
"5018",2024-06-18,10,5,10106.7,464,0,0,24.050790513834,0,0,12169.7,518,0,0,0,0
"5019",2024-06-18,10,10,10636.7,471,0,0,24.050790513834,0,0,12169.7,518,0,0,0,0
"5020",2024-06-18,10,15,10645.7,471,0,0,24.050790513834,0,0,12169.7,518,0,0,0,0
"5021",2024-06-18,10,20,10583.7,475,0,0,24.050790513834,0,0,12169.7,518,0,0,0,0
"5022",2024-06-18,10,25,10727.7,481,0,0,24.050790513834,0,0,12169.7,518,0,0,0,0
"5023",2024-06-18,10,30,10719.7,482,0,0,24.050790513834,0,0,12169.7,518,0,0,0,0
"5024",2024-06-18,10,35,12169.7,506,0,0,24.050790513834,0,0,12169.7,518,0,0,0,0
"5025",2024-06-18,10,40,11984.7,507,0,0,24.050790513834,0,0,12169.7,518,0,0,0,0
"5026",2024-06-18,10,45,12070.3,512,0,0,24.050790513834,0,0,12169.7,518,0,0,0,0
"5027",2024-06-18,10,50,12167.5,518,0,0,24.050790513834,0,0,12169.7,518,0,0,0,0
"5028",2024-06-18,10,55,11637.5,518,0,0,24.050790513834,0,0,12169.7,518,0,0,0,0
"5029",2024-06-18,11,0,11576.5,518,0,0,26.05,0,0,14327.5,554,0,0,0,0
"5030",2024-06-18,11,5,11597.5,522,0,0,26.05,0,0,14327.5,554,0,0,0,0
"5031",2024-06-18,11,10,11919.5,524,0,0,26.05,0,0,14327.5,554,0,0,0,0
"5032",2024-06-18,11,15,12051.5,528,0,0,26.05,0,0,14327.5,554,0,0,0,0
"5033",2024-06-18,11,20,12897.5,534,0,0,26.05,0,0,14327.5,554,0,0,0,0
"5034",2024-06-18,11,25,13047.5,536,0,0,26.05,0,0,14327.5,554,0,0,0,0
"5035",2024-06-18,11,30,13451.5,544,0,0,26.05,0,0,14327.5,554,0,0,0,0
"5036",2024-06-18,11,35,13555.5,545,0,0,26.05,0,0,14327.5,554,0,0,0,0
"5037",2024-06-18,11,40,13216.5,543,0,0,26.05,0,0,14327.5,554,0,0,0,0
"5038",2024-06-18,11,45,14327.5,550,0,0,26.05,0,0,14327.5,554,0,0,0,0
"5039",2024-06-18,11,50,12912.5,554,0,0,26.05,0,0,14327.5,554,0,0,0,0
"5040",2024-06-18,11,55,12790.5,552,0,0,26.05,0,0,14327.5,554,0,0,0,0
"5041",2024-06-18,12,0,13159.5,555,0,0,29.5067453625632,0,0,17497.5,593,0,0,0,0
"5042",2024-06-18,12,5,15181.5,575,0,0,29.5067453625632,0,0,17497.5,593,0,0,0,0
"5043",2024-06-18,12,10,14936.5,573,0,0,29.5067453625632,0,0,17497.5,593,0,0,0,0
"5044",2024-06-18,12,15,15411.5,574,0,0,29.5067453625632,0,0,17497.5,593,0,0,0,0
"5045",2024-06-18,12,20,15411.5,575,0,0,29.5067453625632,0,0,17497.5,593,0,0,0,0
"5046",2024-06-18,12,25,15426.5,571,0,0,29.5067453625632,0,0,17497.5,593,0,0,0,0
"5047",2024-06-18,12,30,15354.5,568,0,0,29.5067453625632,0,0,17497.5,593,0,0,0,0
"5048",2024-06-18,12,35,17497.5,593,0,0,29.5067453625632,0,0,17497.5,593,0,0,0,0
"5049",2024-06-18,12,40,17117.5,589,0,0,29.5067453625632,0,0,17497.5,593,0,0,0,0
"5050",2024-06-18,12,45,16278.5,586,0,0,29.5067453625632,0,0,17497.5,593,0,0,0,0
"5051",2024-06-18,12,50,16174.5,583,0,0,29.5067453625632,0,0,17497.5,593,0,0,0,0
"5052",2024-06-18,12,55,15367.5,580,0,0,29.5067453625632,0,0,17497.5,593,0,0,0,0
"5053",2024-06-18,13,0,15068.5,577,0,0,29.528855721393,0,0,15767.5,579,0,0,0,0
"5054",2024-06-18,13,5,15767.5,579,0,0,29.528855721393,0,0,15767.5,579,0,0,0,0
"5055",2024-06-18,13,10,15511.2,575,0,0,29.528855721393,0,0,15767.5,579,0,0,0,0
"5056",2024-06-18,13,15,14872.2,572,0,0,29.528855721393,0,0,15767.5,579,0,0,0,0
"5057",2024-06-18,13,20,14266.2,571,0,0,29.528855721393,0,0,15767.5,579,0,0,0,0
"5058",2024-06-18,13,25,14224.2,573,0,0,29.528855721393,0,0,15767.5,579,0,0,0,0
"5059",2024-06-18,13,30,14056.2,572,0,0,29.528855721393,0,0,15767.5,579,0,0,0,0
"5060",2024-06-18,13,35,10559.9,370,0,0,29.528855721393,0,0,15767.5,579,0,0,0,0
"5061",2024-06-18,13,40,11870.6,402,0,0,29.528855721393,0,0,15767.5,579,0,0,0,0
"5062",2024-06-18,13,45,14507.5,555,0,0,29.528855721393,0,0,15767.5,579,0,0,0,0
"5063",2024-06-18,13,50,14424.5,554,0,0,29.528855721393,0,0,15767.5,579,0,0,0,0
"5064",2024-06-18,13,55,13720.5,548,0,0,29.528855721393,0,0,15767.5,579,0,0,0,0
"5065",2024-06-18,14,0,13027.5,540,0,0,40.504780876494,0,0,15783.9,540,0,0,0,0
"5066",2024-06-18,14,5,12909.5,533,0,0,40.504780876494,0,0,15783.9,540,0,0,0,0
"5067",2024-06-18,14,10,13293.5,530,0,0,40.504780876494,0,0,15783.9,540,0,0,0,0
"5068",2024-06-18,14,55,10166.7,251,0,0,40.504780876494,0,0,15783.9,540,0,0,0,0
"5069",2024-06-18,14,15,13405.5,525,0,0,40.504780876494,0,0,15783.9,540,0,0,0,0
"5070",2024-06-18,14,20,13689.5,523,0,0,40.504780876494,0,0,15783.9,540,0,0,0,0
"5071",2024-06-18,14,25,13678.5,523,0,0,40.504780876494,0,0,15783.9,540,0,0,0,0
"5072",2024-06-18,14,30,13776.5,521,0,0,40.504780876494,0,0,15783.9,540,0,0,0,0
"5073",2024-06-18,14,35,15001.9,525,0,0,40.504780876494,0,0,15783.9,540,0,0,0,0
"5074",2024-06-18,14,40,15034.9,527,0,0,40.504780876494,0,0,15783.9,540,0,0,0,0
"5075",2024-06-18,14,45,15091.9,530,0,0,40.504780876494,0,0,15783.9,540,0,0,0,0
"5076",2024-06-18,14,50,15783.9,535,0,0,40.504780876494,0,0,15783.9,540,0,0,0,0
"5077",2024-06-18,15,0,10188.7,252,0,0,40.4313492063492,0,0,15301.6,544,0,0,0,0
"5078",2024-06-18,15,5,14863.6,539,0,0,40.4313492063492,0,0,15301.6,544,0,0,0,0
"5079",2024-06-18,15,10,9720.7,245,0,0,40.4313492063492,0,0,15301.6,544,0,0,0,0
"5080",2024-06-18,15,35,13536.6,530,0,0,40.4313492063492,0,0,15301.6,544,0,0,0,0
"5081",2024-06-18,15,40,13733.6,529,0,0,40.4313492063492,0,0,15301.6,544,0,0,0,0
"5082",2024-06-18,15,45,14111.6,532,0,0,40.4313492063492,0,0,15301.6,544,0,0,0,0
"5083",2024-06-18,15,50,14672.6,531,0,0,40.4313492063492,0,0,15301.6,544,0,0,0,0
"5084",2024-06-18,15,55,13958.6,531,0,0,40.4313492063492,0,0,15301.6,544,0,0,0,0
"5085",2024-06-18,15,15,15301.6,544,0,0,40.4313492063492,0,0,15301.6,544,0,0,0,0
"5086",2024-06-18,15,20,14547.6,543,0,0,40.4313492063492,0,0,15301.6,544,0,0,0,0
"5087",2024-06-18,15,25,14109.6,533,0,0,40.4313492063492,0,0,15301.6,544,0,0,0,0
"5088",2024-06-18,15,30,13764.6,524,0,0,40.4313492063492,0,0,15301.6,544,0,0,0,0
"5089",2024-06-18,16,0,14247.6,532,0,0,27.719619047619,0,0,14552.8,532,0,0,0,0
"5090",2024-06-18,16,5,14105,529,0,0,27.719619047619,0,0,14552.8,532,0,0,0,0
"5091",2024-06-18,16,10,13227,527,0,0,27.719619047619,0,0,14552.8,532,0,0,0,0
"5092",2024-06-18,16,15,13447,528,0,0,27.719619047619,0,0,14552.8,532,0,0,0,0
"5093",2024-06-18,16,20,12534,524,0,0,27.719619047619,0,0,14552.8,532,0,0,0,0
"5094",2024-06-18,16,25,13665,526,0,0,27.719619047619,0,0,14552.8,532,0,0,0,0
"5095",2024-06-18,16,30,14396,529,0,0,27.719619047619,0,0,14552.8,532,0,0,0,0
"5096",2024-06-18,16,35,14005,522,0,0,27.719619047619,0,0,14552.8,532,0,0,0,0
"5097",2024-06-18,16,40,14268,525,0,0,27.719619047619,0,0,14552.8,532,0,0,0,0
"5098",2024-06-18,16,45,14552.8,525,0,0,27.719619047619,0,0,14552.8,532,0,0,0,0
"5099",2024-06-18,16,50,14498.8,528,0,0,27.719619047619,0,0,14552.8,532,0,0,0,0
"5100",2024-06-18,16,55,13210.8,522,0,0,27.719619047619,0,0,14552.8,532,0,0,0,0
"5101",2024-06-18,17,45,15199.5,520,0,0,29.3388030888031,0,0,15199.5,529,0,0,0,0
"5102",2024-06-18,17,50,15197.5,518,0,0,29.3388030888031,0,0,15199.5,529,0,0,0,0
"5103",2024-06-18,17,55,14302.5,513,0,0,29.3388030888031,0,0,15199.5,529,0,0,0,0
"5104",2024-06-18,17,0,13745.8,526,0,0,29.3388030888031,0,0,15199.5,529,0,0,0,0
"5105",2024-06-18,17,15,13495.8,519,0,0,29.3388030888031,0,0,15199.5,529,0,0,0,0
"5106",2024-06-18,17,20,13495.8,520,0,0,29.3388030888031,0,0,15199.5,529,0,0,0,0
"5107",2024-06-18,17,25,13829.8,517,0,0,29.3388030888031,0,0,15199.5,529,0,0,0,0
"5108",2024-06-18,17,30,14522.8,520,0,0,29.3388030888031,0,0,15199.5,529,0,0,0,0
"5109",2024-06-18,17,35,13230.8,510,0,0,29.3388030888031,0,0,15199.5,529,0,0,0,0
"5110",2024-06-18,17,40,13998.5,517,0,0,29.3388030888031,0,0,15199.5,529,0,0,0,0
"5111",2024-06-18,17,5,14750.8,529,0,0,29.3388030888031,0,0,15199.5,529,0,0,0,0
"5112",2024-06-18,17,10,14761.8,526,0,0,29.3388030888031,0,0,15199.5,529,0,0,0,0
"5113",2024-06-18,18,0,13914.5,507,0,0,30.9441584158416,0,0,15838.5,514,0,0,0,0
"5114",2024-06-18,18,5,14568.8,504,0,0,30.9441584158416,0,0,15838.5,514,0,0,0,0
"5115",2024-06-18,18,10,14837.5,505,0,0,30.9441584158416,0,0,15838.5,514,0,0,0,0
"5116",2024-06-18,18,15,14708.5,507,0,0,30.9441584158416,0,0,15838.5,514,0,0,0,0
"5117",2024-06-18,18,20,15092.5,502,0,0,30.9441584158416,0,0,15838.5,514,0,0,0,0
"5118",2024-06-18,18,25,14601.5,501,0,0,30.9441584158416,0,0,15838.5,514,0,0,0,0
"5119",2024-06-18,18,30,15158.5,507,0,0,30.9441584158416,0,0,15838.5,514,0,0,0,0
"5120",2024-06-18,18,35,15838.5,514,0,0,30.9441584158416,0,0,15838.5,514,0,0,0,0
"5121",2024-06-18,18,40,15329.8,509,0,0,30.9441584158416,0,0,15838.5,514,0,0,0,0
"5122",2024-06-18,18,45,15570.8,505,0,0,30.9441584158416,0,0,15838.5,514,0,0,0,0
"5123",2024-06-18,18,50,15626.8,505,0,0,30.9441584158416,0,0,15838.5,514,0,0,0,0
"5124",2024-06-18,18,55,14450.1,499,0,0,30.9441584158416,0,0,15838.5,514,0,0,0,0
"5125",2024-06-18,19,0,14163.8,492,0,0,32.9809917355372,0,0,15962.8,492,0,0,0,0
"5126",2024-06-18,19,5,15962.8,484,0,0,32.9809917355372,0,0,15962.8,492,0,0,0,0
"5127",2024-06-18,19,10,15115.8,478,0,0,32.9809917355372,0,0,15962.8,492,0,0,0,0
"5128",2024-06-18,19,15,14814.8,478,0,0,32.9809917355372,0,0,15962.8,492,0,0,0,0
"5129",2024-06-18,19,20,13919.8,464,0,0,32.9809917355372,0,0,15962.8,492,0,0,0,0
"5130",2024-06-18,19,25,13352.8,462,0,0,32.9809917355372,0,0,15962.8,492,0,0,0,0
"5131",2024-06-18,19,30,13338.8,459,0,0,32.9809917355372,0,0,15962.8,492,0,0,0,0
"5132",2024-06-18,19,35,12347.8,441,0,0,32.9809917355372,0,0,15962.8,492,0,0,0,0
"5133",2024-06-18,19,40,13499.1,442,0,0,32.9809917355372,0,0,15962.8,492,0,0,0,0
"5134",2024-06-18,19,45,13219.1,441,0,0,32.9809917355372,0,0,15962.8,492,0,0,0,0
"5135",2024-06-18,19,50,12135.1,435,0,0,32.9809917355372,0,0,15962.8,492,0,0,0,0
"5136",2024-06-18,19,55,11448.1,430,0,0,32.9809917355372,0,0,15962.8,492,0,0,0,0
"5137",2024-06-18,20,0,12037.1,431,0,0,29.6299760191847,0,0,12682.1,440,0,0,0,0
"5138",2024-06-18,20,5,12296.1,440,0,0,29.6299760191847,0,0,12682.1,440,0,0,0,0
"5139",2024-06-18,20,10,12682.1,440,0,0,29.6299760191847,0,0,12682.1,440,0,0,0,0
"5140",2024-06-18,20,15,12198.7,432,0,0,29.6299760191847,0,0,12682.1,440,0,0,0,0
"5141",2024-06-18,20,20,11998.7,427,0,0,29.6299760191847,0,0,12682.1,440,0,0,0,0
"5142",2024-06-18,20,25,11588.7,418,0,0,29.6299760191847,0,0,12682.1,440,0,0,0,0
"5143",2024-06-18,20,30,12355.7,417,0,0,29.6299760191847,0,0,12682.1,440,0,0,0,0
"5144",2024-06-18,20,35,11289.7,403,0,0,29.6299760191847,0,0,12682.1,440,0,0,0,0
"5145",2024-06-18,20,40,11102,403,0,0,29.6299760191847,0,0,12682.1,440,0,0,0,0
"5146",2024-06-18,20,45,11058,400,0,0,29.6299760191847,0,0,12682.1,440,0,0,0,0
"5147",2024-06-18,20,50,11050.7,400,0,0,29.6299760191847,0,0,12682.1,440,0,0,0,0
"5148",2024-06-18,20,55,11158.7,399,0,0,29.6299760191847,0,0,12682.1,440,0,0,0,0
"5149",2024-06-18,21,0,11764.7,405,0,0,29.0486419753086,0,0,11764.7,405,0,0,0,0
"5150",2024-06-18,21,5,11308.7,401,0,0,29.0486419753086,0,0,11764.7,405,0,0,0,0
"5151",2024-06-18,21,10,11441.7,403,0,0,29.0486419753086,0,0,11764.7,405,0,0,0,0
"5152",2024-06-18,21,15,11368.7,404,0,0,29.0486419753086,0,0,11764.7,405,0,0,0,0
"5153",2024-06-18,21,20,11313.7,400,0,0,29.0486419753086,0,0,11764.7,405,0,0,0,0
"5154",2024-06-18,21,25,10952.7,398,0,0,29.0486419753086,0,0,11764.7,405,0,0,0,0
"5155",2024-06-18,21,30,11113.7,400,0,0,29.0486419753086,0,0,11764.7,405,0,0,0,0
"5156",2024-06-18,21,35,10567.7,394,0,0,29.0486419753086,0,0,11764.7,405,0,0,0,0
"5157",2024-06-18,21,40,10344.7,397,0,0,29.0486419753086,0,0,11764.7,405,0,0,0,0
"5158",2024-06-18,21,45,10017.7,396,0,0,29.0486419753086,0,0,11764.7,405,0,0,0,0
"5159",2024-06-18,21,50,10328.7,397,0,0,29.0486419753086,0,0,11764.7,405,0,0,0,0
"5160",2024-06-18,21,55,10372.7,399,0,0,29.0486419753086,0,0,11764.7,405,0,0,0,0
"5161",2024-06-18,22,0,10722.4,396,0,0,28.0010752688172,0,0,10722.4,396,0,0,0,0
"5162",2024-06-18,22,5,10577.4,389,0,0,28.0010752688172,0,0,10722.4,396,0,0,0,0
"5163",2024-06-18,22,10,9496.4,385,0,0,28.0010752688172,0,0,10722.4,396,0,0,0,0
"5164",2024-06-18,22,15,9770.4,388,0,0,28.0010752688172,0,0,10722.4,396,0,0,0,0
"5165",2024-06-18,22,20,10140.4,386,0,0,28.0010752688172,0,0,10722.4,396,0,0,0,0
"5166",2024-06-18,22,25,10210.4,382,0,0,28.0010752688172,0,0,10722.4,396,0,0,0,0
"5167",2024-06-18,22,30,10231.4,378,0,0,28.0010752688172,0,0,10722.4,396,0,0,0,0
"5168",2024-06-18,22,35,9329.4,371,0,0,28.0010752688172,0,0,10722.4,396,0,0,0,0
"5169",2024-06-18,22,40,8843.4,366,0,0,28.0010752688172,0,0,10722.4,396,0,0,0,0
"5170",2024-06-18,22,45,9255.4,367,0,0,28.0010752688172,0,0,10722.4,396,0,0,0,0
"5171",2024-06-18,22,50,9805.4,369,0,0,28.0010752688172,0,0,10722.4,396,0,0,0,0
"5172",2024-06-18,22,55,10416.4,372,0,0,28.0010752688172,0,0,10722.4,396,0,0,0,0
"5173",2024-06-18,23,0,9838.4,371,0,0,26.5185983827493,0,0,9838.4,371,0,0,0,0
"5174",2024-06-18,23,5,8067.4,360,0,0,26.5185983827493,0,0,9838.4,371,0,0,0,0
"5175",2024-06-18,23,10,9749.4,368,0,0,26.5185983827493,0,0,9838.4,371,0,0,0,0
"5176",2024-06-18,23,15,9383.4,366,0,0,26.5185983827493,0,0,9838.4,371,0,0,0,0
"5177",2024-06-18,23,20,8776.1,363,0,0,26.5185983827493,0,0,9838.4,371,0,0,0,0
"5178",2024-06-18,23,25,8748.1,363,0,0,26.5185983827493,0,0,9838.4,371,0,0,0,0
"5179",2024-06-18,23,30,8370.1,362,0,0,26.5185983827493,0,0,9838.4,371,0,0,0,0
"5180",2024-06-18,23,35,8325.1,352,0,0,26.5185983827493,0,0,9838.4,371,0,0,0,0
"5181",2024-06-18,23,40,8780.1,355,0,0,26.5185983827493,0,0,9838.4,371,0,0,0,0
"5182",2024-06-18,23,45,8818.4,356,0,0,26.5185983827493,0,0,9838.4,371,0,0,0,0
"5183",2024-06-18,23,50,9187.1,356,0,0,26.5185983827493,0,0,9838.4,371,0,0,0,0
"5184",2024-06-18,23,55,9034.1,353,0,0,26.5185983827493,0,0,9838.4,371,0,0,0,0
"5185",2024-06-19,0,0,9369.3,350,0,0,26.7694285714286,0,0,9369.3,350,0,0,0,0
"5186",2024-06-19,0,5,7696.3,333,0,0,26.7694285714286,0,0,9369.3,350,0,0,0,0
"5187",2024-06-19,0,10,8040.3,337,0,0,26.7694285714286,0,0,9369.3,350,0,0,0,0
"5188",2024-06-19,0,15,8468.3,338,0,0,26.7694285714286,0,0,9369.3,350,0,0,0,0
"5189",2024-06-19,0,20,8154.3,334,0,0,26.7694285714286,0,0,9369.3,350,0,0,0,0
"5190",2024-06-19,0,25,7622.3,331,0,0,26.7694285714286,0,0,9369.3,350,0,0,0,0
"5191",2024-06-19,0,30,7644.3,333,0,0,26.7694285714286,0,0,9369.3,350,0,0,0,0
"5192",2024-06-19,0,35,8191.3,334,0,0,26.7694285714286,0,0,9369.3,350,0,0,0,0
"5193",2024-06-19,0,40,8436.3,332,0,0,26.7694285714286,0,0,9369.3,350,0,0,0,0
"5194",2024-06-19,0,45,8432.6,331,0,0,26.7694285714286,0,0,9369.3,350,0,0,0,0
"5195",2024-06-19,0,50,8388.6,329,0,0,26.7694285714286,0,0,9369.3,350,0,0,0,0
"5196",2024-06-19,0,55,8388.6,329,0,0,26.7694285714286,0,0,9369.3,350,0,0,0,0
"5197",2024-06-19,1,0,8366.6,328,0,0,25.853164556962,0,0,8366.6,328,0,0,0,0
"5198",2024-06-19,1,5,8169.6,316,0,0,25.853164556962,0,0,8366.6,328,0,0,0,0
"5199",2024-06-19,1,10,7665.6,312,0,0,25.853164556962,0,0,8366.6,328,0,0,0,0
"5200",2024-06-19,1,15,7566.6,307,0,0,25.853164556962,0,0,8366.6,328,0,0,0,0
"5201",2024-06-19,1,20,7544.6,306,0,0,25.853164556962,0,0,8366.6,328,0,0,0,0
"5202",2024-06-19,1,25,6944.6,304,0,0,25.853164556962,0,0,8366.6,328,0,0,0,0
"5203",2024-06-19,1,30,7189.6,301,0,0,25.853164556962,0,0,8366.6,328,0,0,0,0
"5204",2024-06-19,1,35,6400.6,286,0,0,25.853164556962,0,0,8366.6,328,0,0,0,0
"5205",2024-06-19,1,40,6422.6,288,0,0,25.853164556962,0,0,8366.6,328,0,0,0,0
"5206",2024-06-19,1,45,6328.6,285,0,0,25.853164556962,0,0,8366.6,328,0,0,0,0
"5207",2024-06-19,1,50,6388.6,286,0,0,25.853164556962,0,0,8366.6,328,0,0,0,0
"5208",2024-06-19,1,55,6350.6,286,0,0,25.853164556962,0,0,8366.6,328,0,0,0,0
"5209",2024-06-19,2,0,6197.7,303,0,0,22.9469055374593,0,0,7088.7,309,0,0,0,0
"5210",2024-06-19,2,5,6744.7,306,0,0,22.9469055374593,0,0,7088.7,309,0,0,0,0
"5211",2024-06-19,2,10,6766.7,307,0,0,22.9469055374593,0,0,7088.7,309,0,0,0,0
"5212",2024-06-19,2,15,7088.7,309,0,0,22.9469055374593,0,0,7088.7,309,0,0,0,0
"5213",2024-06-19,2,20,7044.7,307,0,0,22.9469055374593,0,0,7088.7,309,0,0,0,0
"5214",2024-06-19,2,25,6444.7,305,0,0,22.9469055374593,0,0,7088.7,309,0,0,0,0
"5215",2024-06-19,2,30,6444.7,305,0,0,22.9469055374593,0,0,7088.7,309,0,0,0,0
"5216",2024-06-19,2,35,6043.7,303,0,0,22.9469055374593,0,0,7088.7,309,0,0,0,0
"5217",2024-06-19,2,40,6043.7,303,0,0,22.9469055374593,0,0,7088.7,309,0,0,0,0
"5218",2024-06-19,2,45,6043.7,303,0,0,22.9469055374593,0,0,7088.7,309,0,0,0,0
"5219",2024-06-19,2,50,6021.7,302,0,0,22.9469055374593,0,0,7088.7,309,0,0,0,0
"5220",2024-06-19,2,55,6021.7,302,0,0,22.9469055374593,0,0,7088.7,309,0,0,0,0
"5221",2024-06-19,3,0,6021.7,302,0,0,22.5382352941176,0,0,6896.7,306,0,0,0,0
"5222",2024-06-19,3,5,6093.7,304,0,0,22.5382352941176,0,0,6896.7,306,0,0,0,0
"5223",2024-06-19,3,10,6071.7,303,0,0,22.5382352941176,0,0,6896.7,306,0,0,0,0
"5224",2024-06-19,3,15,6371.7,304,0,0,22.5382352941176,0,0,6896.7,306,0,0,0,0
"5225",2024-06-19,3,20,6371.7,304,0,0,22.5382352941176,0,0,6896.7,306,0,0,0,0
"5226",2024-06-19,3,25,6371.7,304,0,0,22.5382352941176,0,0,6896.7,306,0,0,0,0
"5227",2024-06-19,3,30,6371.7,304,0,0,22.5382352941176,0,0,6896.7,306,0,0,0,0
"5228",2024-06-19,3,35,6585.7,305,0,0,22.5382352941176,0,0,6896.7,306,0,0,0,0
"5229",2024-06-19,3,40,6896.7,306,0,0,22.5382352941176,0,0,6896.7,306,0,0,0,0
"5230",2024-06-19,3,45,6896.7,306,0,0,22.5382352941176,0,0,6896.7,306,0,0,0,0
"5231",2024-06-19,3,50,6618.7,306,0,0,22.5382352941176,0,0,6896.7,306,0,0,0,0
"5232",2024-06-19,3,55,6618.7,306,0,0,22.5382352941176,0,0,6896.7,306,0,0,0,0
"5233",2024-06-19,4,0,6618.7,306,0,0,21.6297385620915,0,0,6618.7,306,0,0,0,0
"5234",2024-06-19,4,5,6115.7,305,0,0,21.6297385620915,0,0,6618.7,306,0,0,0,0
"5235",2024-06-19,4,10,6115.7,305,0,0,21.6297385620915,0,0,6618.7,306,0,0,0,0
"5236",2024-06-19,4,15,6295.7,306,0,0,21.6297385620915,0,0,6618.7,306,0,0,0,0
"5237",2024-06-19,4,20,6295.7,306,0,0,21.6297385620915,0,0,6618.7,306,0,0,0,0
"5238",2024-06-19,4,25,6295.7,306,0,0,21.6297385620915,0,0,6618.7,306,0,0,0,0
"5239",2024-06-19,4,30,6115.7,305,0,0,21.6297385620915,0,0,6618.7,306,0,0,0,0
"5240",2024-06-19,4,35,6043.7,303,0,0,21.6297385620915,0,0,6618.7,306,0,0,0,0
"5241",2024-06-19,4,40,6043.7,303,0,0,21.6297385620915,0,0,6618.7,306,0,0,0,0
"5242",2024-06-19,4,45,6043.7,303,0,0,21.6297385620915,0,0,6618.7,306,0,0,0,0
"5243",2024-06-19,4,50,6043.7,303,0,0,21.6297385620915,0,0,6618.7,306,0,0,0,0
"5244",2024-06-19,4,55,6043.7,303,0,0,21.6297385620915,0,0,6618.7,306,0,0,0,0
"5245",2024-06-19,5,0,6109.7,304,0,0,20.2095394736842,0,0,6143.7,304,0,0,0,0
"5246",2024-06-19,5,5,6043.7,303,0,0,20.2095394736842,0,0,6143.7,304,0,0,0,0
"5247",2024-06-19,5,10,6043.7,303,0,0,20.2095394736842,0,0,6143.7,304,0,0,0,0
"5248",2024-06-19,5,15,6143.7,304,0,0,20.2095394736842,0,0,6143.7,304,0,0,0,0
"5249",2024-06-19,5,20,6121.7,303,0,0,20.2095394736842,0,0,6143.7,304,0,0,0,0
"5250",2024-06-19,5,25,6121.7,303,0,0,20.2095394736842,0,0,6143.7,304,0,0,0,0
"5251",2024-06-19,5,30,6121.7,303,0,0,20.2095394736842,0,0,6143.7,304,0,0,0,0
"5252",2024-06-19,5,35,6143.7,304,0,0,20.2095394736842,0,0,6143.7,304,0,0,0,0
"5253",2024-06-19,5,40,6143.7,304,0,0,20.2095394736842,0,0,6143.7,304,0,0,0,0
"5254",2024-06-19,5,45,6121.7,303,0,0,20.2095394736842,0,0,6143.7,304,0,0,0,0
"5255",2024-06-19,5,50,6121.7,303,0,0,20.2095394736842,0,0,6143.7,304,0,0,0,0
"5256",2024-06-19,5,55,6043.7,303,0,0,20.2095394736842,0,0,6143.7,304,0,0,0,0
"5257",2024-06-19,6,0,6043.7,303,0,0,21.479,0,0,6443.7,303,0,0,0,0
"5258",2024-06-19,6,5,6010.7,301,0,0,21.479,0,0,6443.7,303,0,0,0,0
"5259",2024-06-19,6,10,6010.7,301,0,0,21.479,0,0,6443.7,303,0,0,0,0
"5260",2024-06-19,6,15,6048.7,301,0,0,21.479,0,0,6443.7,303,0,0,0,0
"5261",2024-06-19,6,20,6004.7,299,0,0,21.479,0,0,6443.7,303,0,0,0,0
"5262",2024-06-19,6,25,6326.7,301,0,0,21.479,0,0,6443.7,303,0,0,0,0
"5263",2024-06-19,6,30,6326.7,301,0,0,21.479,0,0,6443.7,303,0,0,0,0
"5264",2024-06-19,6,35,6443.7,300,0,0,21.479,0,0,6443.7,303,0,0,0,0
"5265",2024-06-19,6,40,6443.7,300,0,0,21.479,0,0,6443.7,303,0,0,0,0
"5266",2024-06-19,6,45,6443.7,300,0,0,21.479,0,0,6443.7,303,0,0,0,0
"5267",2024-06-19,6,50,6443.7,300,0,0,21.479,0,0,6443.7,303,0,0,0,0
"5268",2024-06-19,6,55,6143.7,299,0,0,21.479,0,0,6443.7,303,0,0,0,0
"5269",2024-06-19,7,0,6585.7,301,0,0,21.8794019933555,0,0,6628.7,307,0,0,0,0
"5270",2024-06-19,7,5,6584.7,306,0,0,21.8794019933555,0,0,6628.7,307,0,0,0,0
"5271",2024-06-19,7,10,6628.7,307,0,0,21.8794019933555,0,0,6628.7,307,0,0,0,0
"5272",2024-06-19,7,15,6628.7,307,0,0,21.8794019933555,0,0,6628.7,307,0,0,0,0
"5273",2024-06-19,7,20,6448.7,306,0,0,21.8794019933555,0,0,6628.7,307,0,0,0,0
"5274",2024-06-19,7,25,6404.7,304,0,0,21.8794019933555,0,0,6628.7,307,0,0,0,0
"5275",2024-06-19,7,30,6398.7,305,0,0,21.8794019933555,0,0,6628.7,307,0,0,0,0
"5276",2024-06-19,7,35,6365.7,303,0,0,21.8794019933555,0,0,6628.7,307,0,0,0,0
"5277",2024-06-19,7,40,6365.7,303,0,0,21.8794019933555,0,0,6628.7,307,0,0,0,0
"5278",2024-06-19,7,45,6365.7,303,0,0,21.8794019933555,0,0,6628.7,307,0,0,0,0
"5279",2024-06-19,7,50,6398.7,304,0,0,21.8794019933555,0,0,6628.7,307,0,0,0,0
"5280",2024-06-19,7,55,6387.7,303,0,0,21.8794019933555,0,0,6628.7,307,0,0,0,0
"5281",2024-06-19,8,55,7672.7,337,0,0,23.6567164179104,0,0,7925,337,0,0,0,0
"5282",2024-06-19,8,0,6442.7,307,0,0,23.6567164179104,0,0,7925,337,0,0,0,0
"5283",2024-06-19,8,5,6506.7,310,0,0,23.6567164179104,0,0,7925,337,0,0,0,0
"5284",2024-06-19,8,10,6949.7,316,0,0,23.6567164179104,0,0,7925,337,0,0,0,0
"5285",2024-06-19,8,15,6693.7,318,0,0,23.6567164179104,0,0,7925,337,0,0,0,0
"5286",2024-06-19,8,20,6726.7,321,0,0,23.6567164179104,0,0,7925,337,0,0,0,0
"5287",2024-06-19,8,25,6770.7,323,0,0,23.6567164179104,0,0,7925,337,0,0,0,0
"5288",2024-06-19,8,30,6913.7,331,0,0,23.6567164179104,0,0,7925,337,0,0,0,0
"5289",2024-06-19,8,35,7317.7,333,0,0,23.6567164179104,0,0,7925,337,0,0,0,0
"5290",2024-06-19,8,40,7339.7,335,0,0,23.6567164179104,0,0,7925,337,0,0,0,0
"5291",2024-06-19,8,45,7584.7,334,0,0,23.6567164179104,0,0,7925,337,0,0,0,0
"5292",2024-06-19,8,50,7925,335,0,0,23.6567164179104,0,0,7925,337,0,0,0,0
"5293",2024-06-19,9,0,8126.7,346,0,0,27.6975824175824,0,0,12602.4,458,0,0,0,0
"5294",2024-06-19,9,5,8762.7,363,0,0,27.6975824175824,0,0,12602.4,458,0,0,0,0
"5295",2024-06-19,9,10,8228.7,364,0,0,27.6975824175824,0,0,12602.4,458,0,0,0,0
"5296",2024-06-19,9,15,8704.7,373,0,0,27.6975824175824,0,0,12602.4,458,0,0,0,0
"5297",2024-06-19,9,20,9099.7,385,0,0,27.6975824175824,0,0,12602.4,458,0,0,0,0
"5298",2024-06-19,9,25,8895.4,391,0,0,27.6975824175824,0,0,12602.4,458,0,0,0,0
"5299",2024-06-19,9,30,9218.4,400,0,0,27.6975824175824,0,0,12602.4,458,0,0,0,0
"5300",2024-06-19,9,35,11835.4,438,0,0,27.6975824175824,0,0,12602.4,458,0,0,0,0
"5301",2024-06-19,9,40,12020.4,447,0,0,27.6975824175824,0,0,12602.4,458,0,0,0,0
"5302",2024-06-19,9,45,12100.4,453,0,0,27.6975824175824,0,0,12602.4,458,0,0,0,0
"5303",2024-06-19,9,50,12177.4,458,0,0,27.6975824175824,0,0,12602.4,458,0,0,0,0
"5304",2024-06-19,9,55,12602.4,455,0,0,27.6975824175824,0,0,12602.4,458,0,0,0,0
"5305",2024-06-19,10,0,12533.4,467,0,0,26.8381156316917,0,0,13557.4,534,0,0,0,0
"5306",2024-06-19,10,5,12044.4,484,0,0,26.8381156316917,0,0,13557.4,534,0,0,0,0
"5307",2024-06-19,10,10,12252.4,487,0,0,26.8381156316917,0,0,13557.4,534,0,0,0,0
"5308",2024-06-19,10,15,12033.4,491,0,0,26.8381156316917,0,0,13557.4,534,0,0,0,0
"5309",2024-06-19,10,20,11672.4,490,0,0,26.8381156316917,0,0,13557.4,534,0,0,0,0
"5310",2024-06-19,10,25,11934.4,497,0,0,26.8381156316917,0,0,13557.4,534,0,0,0,0
"5311",2024-06-19,10,30,12205.4,501,0,0,26.8381156316917,0,0,13557.4,534,0,0,0,0
"5312",2024-06-19,10,35,12531.4,515,0,0,26.8381156316917,0,0,13557.4,534,0,0,0,0
"5313",2024-06-19,10,40,12576.4,510,0,0,26.8381156316917,0,0,13557.4,534,0,0,0,0
"5314",2024-06-19,10,45,12824.4,516,0,0,26.8381156316917,0,0,13557.4,534,0,0,0,0
"5315",2024-06-19,10,50,13557.4,525,0,0,26.8381156316917,0,0,13557.4,534,0,0,0,0
"5316",2024-06-19,10,55,13503.4,534,0,0,26.8381156316917,0,0,13557.4,534,0,0,0,0
"5317",2024-06-19,11,0,14239,547,0,0,27.9057591623037,0,0,15990,599,0,0,0,0
"5318",2024-06-19,11,5,15198,569,0,0,27.9057591623037,0,0,15990,599,0,0,0,0
"5319",2024-06-19,11,10,15705,569,0,0,27.9057591623037,0,0,15990,599,0,0,0,0
"5320",2024-06-19,11,15,15296,568,0,0,27.9057591623037,0,0,15990,599,0,0,0,0
"5321",2024-06-19,11,20,15929,571,0,0,27.9057591623037,0,0,15990,599,0,0,0,0
"5322",2024-06-19,11,25,15990,573,0,0,27.9057591623037,0,0,15990,599,0,0,0,0
"5323",2024-06-19,11,30,14339,566,0,0,27.9057591623037,0,0,15990,599,0,0,0,0
"5324",2024-06-19,11,35,14546,585,0,0,27.9057591623037,0,0,15990,599,0,0,0,0
"5325",2024-06-19,11,40,14590,589,0,0,27.9057591623037,0,0,15990,599,0,0,0,0
"5326",2024-06-19,11,45,14623,592,0,0,27.9057591623037,0,0,15990,599,0,0,0,0
"5327",2024-06-19,11,50,15054,593,0,0,27.9057591623037,0,0,15990,599,0,0,0,0
"5328",2024-06-19,11,55,15531,599,0,0,27.9057591623037,0,0,15990,599,0,0,0,0
"5329",2024-06-19,12,0,15652,603,0,0,27.0145395799677,0,0,16722,621,0,0,0,0
"5330",2024-06-19,12,5,15771,616,0,0,27.0145395799677,0,0,16722,621,0,0,0,0
"5331",2024-06-19,12,10,16038,617,0,0,27.0145395799677,0,0,16722,621,0,0,0,0
"5332",2024-06-19,12,15,16572,617,0,0,27.0145395799677,0,0,16722,621,0,0,0,0
"5333",2024-06-19,12,20,16722,619,0,0,27.0145395799677,0,0,16722,621,0,0,0,0
"5334",2024-06-19,12,25,16616,620,0,0,27.0145395799677,0,0,16722,621,0,0,0,0
"5335",2024-06-19,12,30,16046.2,619,0,0,27.0145395799677,0,0,16722,621,0,0,0,0
"5336",2024-06-19,12,35,16119.2,619,0,0,27.0145395799677,0,0,16722,621,0,0,0,0
"5337",2024-06-19,12,40,16114.6,621,0,0,27.0145395799677,0,0,16722,621,0,0,0,0
"5338",2024-06-19,12,45,15952.6,621,0,0,27.0145395799677,0,0,16722,621,0,0,0,0
"5339",2024-06-19,12,50,15363.6,619,0,0,27.0145395799677,0,0,16722,621,0,0,0,0
"5340",2024-06-19,12,55,15219.6,617,0,0,27.0145395799677,0,0,16722,621,0,0,0,0
"5341",2024-06-19,13,0,15541.6,620,0,0,30.0405498281787,0,0,17483.6,620,0,0,0,0
"5342",2024-06-19,13,5,15672.6,612,0,0,30.0405498281787,0,0,17483.6,620,0,0,0,0
"5343",2024-06-19,13,10,15717.6,611,0,0,30.0405498281787,0,0,17483.6,620,0,0,0,0
"5344",2024-06-19,13,15,16156.6,613,0,0,30.0405498281787,0,0,17483.6,620,0,0,0,0
"5345",2024-06-19,13,20,16190.6,612,0,0,30.0405498281787,0,0,17483.6,620,0,0,0,0
"5346",2024-06-19,13,25,15951.6,610,0,0,30.0405498281787,0,0,17483.6,620,0,0,0,0
"5347",2024-06-19,13,30,16196.6,608,0,0,30.0405498281787,0,0,17483.6,620,0,0,0,0
"5348",2024-06-19,13,35,16127.6,595,0,0,30.0405498281787,0,0,17483.6,620,0,0,0,0
"5349",2024-06-19,13,40,17049.6,600,0,0,30.0405498281787,0,0,17483.6,620,0,0,0,0
"5350",2024-06-19,13,45,16652.6,595,0,0,30.0405498281787,0,0,17483.6,620,0,0,0,0
"5351",2024-06-19,13,50,17342.6,591,0,0,30.0405498281787,0,0,17483.6,620,0,0,0,0
"5352",2024-06-19,13,55,17483.6,582,0,0,30.0405498281787,0,0,17483.6,620,0,0,0,0
"5353",2024-06-19,14,0,16840.6,569,0,0,29.775,0,0,16840.6,569,0,0,0,0
"5354",2024-06-19,14,5,16346.6,554,0,0,29.775,0,0,16840.6,569,0,0,0,0
"5355",2024-06-19,14,10,16197.6,544,0,0,29.775,0,0,16840.6,569,0,0,0,0
"5356",2024-06-19,14,15,15641.6,540,0,0,29.775,0,0,16840.6,569,0,0,0,0
"5357",2024-06-19,14,20,15575.6,539,0,0,29.775,0,0,16840.6,569,0,0,0,0
"5358",2024-06-19,14,25,15264.6,537,0,0,29.775,0,0,16840.6,569,0,0,0,0
"5359",2024-06-19,14,30,15461.6,539,0,0,29.775,0,0,16840.6,569,0,0,0,0
"5360",2024-06-19,14,35,15310.6,528,0,0,29.775,0,0,16840.6,569,0,0,0,0
"5361",2024-06-19,14,40,15332.6,531,0,0,29.775,0,0,16840.6,569,0,0,0,0
"5362",2024-06-19,14,45,15696.6,529,0,0,29.775,0,0,16840.6,569,0,0,0,0
"5363",2024-06-19,14,50,15550.6,536,0,0,29.775,0,0,16840.6,569,0,0,0,0
"5364",2024-06-19,14,55,15532.6,532,0,0,29.775,0,0,16840.6,569,0,0,0,0
"5365",2024-06-19,15,0,16437.6,535,0,0,30.7244859813084,0,0,16437.6,550,0,0,0,0
"5366",2024-06-19,15,5,15026.6,534,0,0,30.7244859813084,0,0,16437.6,550,0,0,0,0
"5367",2024-06-19,15,10,15926.6,537,0,0,30.7244859813084,0,0,16437.6,550,0,0,0,0
"5368",2024-06-19,15,15,15313.6,536,0,0,30.7244859813084,0,0,16437.6,550,0,0,0,0
"5369",2024-06-19,15,20,14867.3,534,0,0,30.7244859813084,0,0,16437.6,550,0,0,0,0
"5370",2024-06-19,15,25,14309.3,533,0,0,30.7244859813084,0,0,16437.6,550,0,0,0,0
"5371",2024-06-19,15,30,14975.7,538,0,0,30.7244859813084,0,0,16437.6,550,0,0,0,0
"5372",2024-06-19,15,35,16217.7,550,0,0,30.7244859813084,0,0,16437.6,550,0,0,0,0
"5373",2024-06-19,15,40,15442.7,545,0,0,30.7244859813084,0,0,16437.6,550,0,0,0,0
"5374",2024-06-19,15,45,14842.7,545,0,0,30.7244859813084,0,0,16437.6,550,0,0,0,0
"5375",2024-06-19,15,50,14378.7,541,0,0,30.7244859813084,0,0,16437.6,550,0,0,0,0
"5376",2024-06-19,15,55,15191.7,547,0,0,30.7244859813084,0,0,16437.6,550,0,0,0,0
"5377",2024-06-19,16,0,15306.7,550,0,0,29.769387755102,0,0,16045.7,550,0,0,0,0
"5378",2024-06-19,16,5,16045.7,539,0,0,29.769387755102,0,0,16045.7,550,0,0,0,0
"5379",2024-06-19,16,10,15607.4,537,0,0,29.769387755102,0,0,16045.7,550,0,0,0,0
"5380",2024-06-19,16,15,15206.7,537,0,0,29.769387755102,0,0,16045.7,550,0,0,0,0
"5381",2024-06-19,16,20,15245.7,538,0,0,29.769387755102,0,0,16045.7,550,0,0,0,0
"5382",2024-06-19,16,25,15927.7,542,0,0,29.769387755102,0,0,16045.7,550,0,0,0,0
"5383",2024-06-19,16,30,15802.7,542,0,0,29.769387755102,0,0,16045.7,550,0,0,0,0
"5384",2024-06-19,16,35,14876.7,532,0,0,29.769387755102,0,0,16045.7,550,0,0,0,0
"5385",2024-06-19,16,40,14308.7,533,0,0,29.769387755102,0,0,16045.7,550,0,0,0,0
"5386",2024-06-19,16,45,14077.7,531,0,0,29.769387755102,0,0,16045.7,550,0,0,0,0
"5387",2024-06-19,16,50,14009.7,519,0,0,29.769387755102,0,0,16045.7,550,0,0,0,0
"5388",2024-06-19,16,55,13414.3,468,0,0,29.769387755102,0,0,16045.7,550,0,0,0,0
"5389",2024-06-19,17,0,14018.7,519,0,0,32.0769961977186,0,0,16872.5,527,0,0,0,0
"5390",2024-06-19,17,5,13922.7,513,0,0,32.0769961977186,0,0,16872.5,527,0,0,0,0
"5391",2024-06-19,17,10,14433.7,515,0,0,32.0769961977186,0,0,16872.5,527,0,0,0,0
"5392",2024-06-19,17,15,14529.7,513,0,0,32.0769961977186,0,0,16872.5,527,0,0,0,0
"5393",2024-06-19,17,20,14387.7,514,0,0,32.0769961977186,0,0,16872.5,527,0,0,0,0
"5394",2024-06-19,17,25,15185.5,511,0,0,32.0769961977186,0,0,16872.5,527,0,0,0,0
"5395",2024-06-19,17,30,15884.5,518,0,0,32.0769961977186,0,0,16872.5,527,0,0,0,0
"5396",2024-06-19,17,35,16648.5,520,0,0,32.0769961977186,0,0,16872.5,527,0,0,0,0
"5397",2024-06-19,17,40,16627.5,524,0,0,32.0769961977186,0,0,16872.5,527,0,0,0,0
"5398",2024-06-19,17,45,16872.5,526,0,0,32.0769961977186,0,0,16872.5,527,0,0,0,0
"5399",2024-06-19,17,50,16703.5,525,0,0,32.0769961977186,0,0,16872.5,527,0,0,0,0
"5400",2024-06-19,17,55,16273.5,527,0,0,32.0769961977186,0,0,16872.5,527,0,0,0,0
"5401",2024-06-19,18,25,14153.5,491,0,0,38.9910714285714,0,0,16796.5,525,0,0,0,0
"5402",2024-06-19,18,30,14346.8,495,0,0,38.9910714285714,0,0,16796.5,525,0,0,0,0
"5403",2024-06-19,18,35,12473.8,462,0,0,38.9910714285714,0,0,16796.5,525,0,0,0,0
"5404",2024-06-19,18,40,12521.8,458,0,0,38.9910714285714,0,0,16796.5,525,0,0,0,0
"5405",2024-06-19,18,45,12913.8,455,0,0,38.9910714285714,0,0,16796.5,525,0,0,0,0
"5406",2024-06-19,18,50,12660.8,452,0,0,38.9910714285714,0,0,16796.5,525,0,0,0,0
"5407",2024-06-19,18,55,12509.8,451,0,0,38.9910714285714,0,0,16796.5,525,0,0,0,0
"5408",2024-06-19,18,0,16796.5,525,0,0,38.9910714285714,0,0,16796.5,525,0,0,0,0
"5409",2024-06-19,18,5,14623.5,508,0,0,38.9910714285714,0,0,16796.5,525,0,0,0,0
"5410",2024-06-19,18,10,14548.5,504,0,0,38.9910714285714,0,0,16796.5,525,0,0,0,0
"5411",2024-06-19,18,15,8734,224,0,0,38.9910714285714,0,0,16796.5,525,0,0,0,0
"5412",2024-06-19,18,20,8716,224,0,0,38.9910714285714,0,0,16796.5,525,0,0,0,0
"5413",2024-06-19,19,0,11886.8,442,0,0,29.9744779582367,0,0,12919,442,0,0,0,0
"5414",2024-06-19,19,5,11942,429,0,0,29.9744779582367,0,0,12919,442,0,0,0,0
"5415",2024-06-19,19,10,11408,429,0,0,29.9744779582367,0,0,12919,442,0,0,0,0
"5416",2024-06-19,19,15,10909,424,0,0,29.9744779582367,0,0,12919,442,0,0,0,0
"5417",2024-06-19,19,20,11493,429,0,0,29.9744779582367,0,0,12919,442,0,0,0,0
"5418",2024-06-19,19,25,11227,422,0,0,29.9744779582367,0,0,12919,442,0,0,0,0
"5419",2024-06-19,19,30,11010.7,422,0,0,29.9744779582367,0,0,12919,442,0,0,0,0
"5420",2024-06-19,19,35,12203.7,435,0,0,29.9744779582367,0,0,12919,442,0,0,0,0
"5421",2024-06-19,19,40,12919,431,0,0,29.9744779582367,0,0,12919,442,0,0,0,0
"5422",2024-06-19,19,45,12166,430,0,0,29.9744779582367,0,0,12919,442,0,0,0,0
"5423",2024-06-19,19,50,12316,429,0,0,29.9744779582367,0,0,12919,442,0,0,0,0
"5424",2024-06-19,19,55,12586,426,0,0,29.9744779582367,0,0,12919,442,0,0,0,0
"5425",2024-06-19,20,0,11856,418,0,0,29.5587654320988,0,0,11971.3,418,0,0,0,0
"5426",2024-06-19,20,5,11867,409,0,0,29.5587654320988,0,0,11971.3,418,0,0,0,0
"5427",2024-06-19,20,10,11659.6,408,0,0,29.5587654320988,0,0,11971.3,418,0,0,0,0
"5428",2024-06-19,20,15,11798.6,407,0,0,29.5587654320988,0,0,11971.3,418,0,0,0,0
"5429",2024-06-19,20,20,11736.3,408,0,0,29.5587654320988,0,0,11971.3,418,0,0,0,0
"5430",2024-06-19,20,25,11620.3,404,0,0,29.5587654320988,0,0,11971.3,418,0,0,0,0
"5431",2024-06-19,20,30,11820.3,407,0,0,29.5587654320988,0,0,11971.3,418,0,0,0,0
"5432",2024-06-19,20,35,11569.3,408,0,0,29.5587654320988,0,0,11971.3,418,0,0,0,0
"5433",2024-06-19,20,40,11532.3,403,0,0,29.5587654320988,0,0,11971.3,418,0,0,0,0
"5434",2024-06-19,20,45,11358.3,400,0,0,29.5587654320988,0,0,11971.3,418,0,0,0,0
"5435",2024-06-19,20,50,11514.3,404,0,0,29.5587654320988,0,0,11971.3,418,0,0,0,0
"5436",2024-06-19,20,55,11971.3,405,0,0,29.5587654320988,0,0,11971.3,418,0,0,0,0
"5437",2024-06-19,21,0,11622.3,404,0,0,28.7680693069307,0,0,11622.3,407,0,0,0,0
"5438",2024-06-19,21,5,11121.6,405,0,0,28.7680693069307,0,0,11622.3,407,0,0,0,0
"5439",2024-06-19,21,10,11187.6,404,0,0,28.7680693069307,0,0,11622.3,407,0,0,0,0
"5440",2024-06-19,21,15,11387.6,404,0,0,28.7680693069307,0,0,11622.3,407,0,0,0,0
"5441",2024-06-19,21,20,11138.6,407,0,0,28.7680693069307,0,0,11622.3,407,0,0,0,0
"5442",2024-06-19,21,25,11443.6,405,0,0,28.7680693069307,0,0,11622.3,407,0,0,0,0
"5443",2024-06-19,21,30,11615.6,404,0,0,28.7680693069307,0,0,11622.3,407,0,0,0,0
"5444",2024-06-19,21,35,11179.6,405,0,0,28.7680693069307,0,0,11622.3,407,0,0,0,0
"5445",2024-06-19,21,40,11362.3,406,0,0,28.7680693069307,0,0,11622.3,407,0,0,0,0
"5446",2024-06-19,21,45,10742.3,402,0,0,28.7680693069307,0,0,11622.3,407,0,0,0,0
"5447",2024-06-19,21,50,10643.3,399,0,0,28.7680693069307,0,0,11622.3,407,0,0,0,0
"5448",2024-06-19,21,55,10421.3,396,0,0,28.7680693069307,0,0,11622.3,407,0,0,0,0
"5449",2024-06-19,22,15,10977.3,400,0,0,29.5250639386189,0,0,11544.3,400,0,0,0,0
"5450",2024-06-19,22,20,10728.3,395,0,0,29.5250639386189,0,0,11544.3,400,0,0,0,0
"5451",2024-06-19,22,25,10575.3,395,0,0,29.5250639386189,0,0,11544.3,400,0,0,0,0
"5452",2024-06-19,22,30,10298.3,389,0,0,29.5250639386189,0,0,11544.3,400,0,0,0,0
"5453",2024-06-19,22,35,11544.3,391,0,0,29.5250639386189,0,0,11544.3,400,0,0,0,0
"5454",2024-06-19,22,40,10993.3,389,0,0,29.5250639386189,0,0,11544.3,400,0,0,0,0
"5455",2024-06-19,22,45,10949.3,387,0,0,29.5250639386189,0,0,11544.3,400,0,0,0,0
"5456",2024-06-19,22,50,10827.3,389,0,0,29.5250639386189,0,0,11544.3,400,0,0,0,0
"5457",2024-06-19,22,55,11105.3,390,0,0,29.5250639386189,0,0,11544.3,400,0,0,0,0
"5458",2024-06-19,22,0,10285.3,398,0,0,29.5250639386189,0,0,11544.3,400,0,0,0,0
"5459",2024-06-19,22,5,10707.3,399,0,0,29.5250639386189,0,0,11544.3,400,0,0,0,0
"5460",2024-06-19,22,10,10933.3,398,0,0,29.5250639386189,0,0,11544.3,400,0,0,0,0
"5461",2024-06-19,23,0,10505.3,388,0,0,27.6835694050991,0,0,10505.3,388,0,0,0,0
"5462",2024-06-19,23,5,8881.3,363,0,0,27.6835694050991,0,0,10505.3,388,0,0,0,0
"5463",2024-06-19,23,10,9124.3,367,0,0,27.6835694050991,0,0,10505.3,388,0,0,0,0
"5464",2024-06-19,23,15,9145.3,367,0,0,27.6835694050991,0,0,10505.3,388,0,0,0,0
"5465",2024-06-19,23,20,9101.3,364,0,0,27.6835694050991,0,0,10505.3,388,0,0,0,0
"5466",2024-06-19,23,25,9030.3,364,0,0,27.6835694050991,0,0,10505.3,388,0,0,0,0
"5467",2024-06-19,23,30,8922.3,362,0,0,27.6835694050991,0,0,10505.3,388,0,0,0,0
"5468",2024-06-19,23,35,9494.3,353,0,0,27.6835694050991,0,0,10505.3,388,0,0,0,0
"5469",2024-06-19,23,40,9772.3,353,0,0,27.6835694050991,0,0,10505.3,388,0,0,0,0
"5470",2024-06-19,23,45,9794.3,354,0,0,27.6835694050991,0,0,10505.3,388,0,0,0,0
"5471",2024-06-19,23,50,9494.3,353,0,0,27.6835694050991,0,0,10505.3,388,0,0,0,0
"5472",2024-06-19,23,55,9519.3,351,0,0,27.6835694050991,0,0,10505.3,388,0,0,0,0
"5473",2024-06-20,0,0,9359.1,370,0,0,26.2877245508982,0,0,9359.1,370,0,0,0,0
"5474",2024-06-20,0,5,8544.1,350,0,0,26.2877245508982,0,0,9359.1,370,0,0,0,0
"5475",2024-06-20,0,10,8285.1,343,0,0,26.2877245508982,0,0,9359.1,370,0,0,0,0
"5476",2024-06-20,0,15,8285.1,343,0,0,26.2877245508982,0,0,9359.1,370,0,0,0,0
"5477",2024-06-20,0,20,8624.1,345,0,0,26.2877245508982,0,0,9359.1,370,0,0,0,0
"5478",2024-06-20,0,25,8574.1,345,0,0,26.2877245508982,0,0,9359.1,370,0,0,0,0
"5479",2024-06-20,0,30,8750.4,345,0,0,26.2877245508982,0,0,9359.1,370,0,0,0,0
"5480",2024-06-20,0,35,8246.1,335,0,0,26.2877245508982,0,0,9359.1,370,0,0,0,0
"5481",2024-06-20,0,40,8224.1,334,0,0,26.2877245508982,0,0,9359.1,370,0,0,0,0
"5482",2024-06-20,0,45,8780.1,334,0,0,26.2877245508982,0,0,9359.1,370,0,0,0,0
"5483",2024-06-20,0,50,8469.1,333,0,0,26.2877245508982,0,0,9359.1,370,0,0,0,0
"5484",2024-06-20,0,55,8497.1,332,0,0,26.2877245508982,0,0,9359.1,370,0,0,0,0
"5485",2024-06-20,1,0,7831.1,327,0,0,23.9483180428135,0,0,7831.1,327,0,0,0,0
"5486",2024-06-20,1,5,7585.1,321,0,0,23.9483180428135,0,0,7831.1,327,0,0,0,0
"5487",2024-06-20,1,10,7263.1,319,0,0,23.9483180428135,0,0,7831.1,327,0,0,0,0
"5488",2024-06-20,1,15,6929.1,318,0,0,23.9483180428135,0,0,7831.1,327,0,0,0,0
"5489",2024-06-20,1,20,6929.1,317,0,0,23.9483180428135,0,0,7831.1,327,0,0,0,0
"5490",2024-06-20,1,25,7175.1,320,0,0,23.9483180428135,0,0,7831.1,327,0,0,0,0
"5491",2024-06-20,1,30,6973.1,318,0,0,23.9483180428135,0,0,7831.1,327,0,0,0,0
"5492",2024-06-20,1,35,6547.1,309,0,0,23.9483180428135,0,0,7831.1,327,0,0,0,0
"5493",2024-06-20,1,40,6569.1,310,0,0,23.9483180428135,0,0,7831.1,327,0,0,0,0
"5494",2024-06-20,1,45,6525.1,308,0,0,23.9483180428135,0,0,7831.1,327,0,0,0,0
"5495",2024-06-20,1,50,6508.1,307,0,0,23.9483180428135,0,0,7831.1,327,0,0,0,0
"5496",2024-06-20,1,55,7152.1,311,0,0,23.9483180428135,0,0,7831.1,327,0,0,0,0
"5497",2024-06-20,2,0,6400.6,287,0,0,22.3017421602787,0,0,6400.6,288,0,0,0,0
"5498",2024-06-20,2,5,5922.6,287,0,0,22.3017421602787,0,0,6400.6,288,0,0,0,0
"5499",2024-06-20,2,10,5872.6,286,0,0,22.3017421602787,0,0,6400.6,288,0,0,0,0
"5500",2024-06-20,2,15,5850.6,285,0,0,22.3017421602787,0,0,6400.6,288,0,0,0,0
"5501",2024-06-20,2,20,5861.6,286,0,0,22.3017421602787,0,0,6400.6,288,0,0,0,0
"5502",2024-06-20,2,25,5861.6,286,0,0,22.3017421602787,0,0,6400.6,288,0,0,0,0
"5503",2024-06-20,2,30,6172.6,288,0,0,22.3017421602787,0,0,6400.6,288,0,0,0,0
"5504",2024-06-20,2,35,5812.6,282,0,0,22.3017421602787,0,0,6400.6,288,0,0,0,0
"5505",2024-06-20,2,40,5834.6,283,0,0,22.3017421602787,0,0,6400.6,288,0,0,0,0
"5506",2024-06-20,2,45,5810.6,282,0,0,22.3017421602787,0,0,6400.6,288,0,0,0,0
"5507",2024-06-20,2,50,5810.6,282,0,0,22.3017421602787,0,0,6400.6,288,0,0,0,0
"5508",2024-06-20,2,55,5810.6,282,0,0,22.3017421602787,0,0,6400.6,288,0,0,0,0
"5509",2024-06-20,3,0,5810.6,282,0,0,22.7767605633803,0,0,6468.6,284,0,0,0,0
"5510",2024-06-20,3,5,5577.6,278,0,0,22.7767605633803,0,0,6468.6,284,0,0,0,0
"5511",2024-06-20,3,10,5577.6,278,0,0,22.7767605633803,0,0,6468.6,284,0,0,0,0
"5512",2024-06-20,3,15,5577.6,278,0,0,22.7767605633803,0,0,6468.6,284,0,0,0,0
"5513",2024-06-20,3,20,5577.6,278,0,0,22.7767605633803,0,0,6468.6,284,0,0,0,0
"5514",2024-06-20,3,25,5577.6,278,0,0,22.7767605633803,0,0,6468.6,284,0,0,0,0
"5515",2024-06-20,3,30,5577.6,278,0,0,22.7767605633803,0,0,6468.6,284,0,0,0,0
"5516",2024-06-20,3,35,5868.6,282,0,0,22.7767605633803,0,0,6468.6,284,0,0,0,0
"5517",2024-06-20,3,40,6168.6,283,0,0,22.7767605633803,0,0,6468.6,284,0,0,0,0
"5518",2024-06-20,3,45,6190.6,284,0,0,22.7767605633803,0,0,6468.6,284,0,0,0,0
"5519",2024-06-20,3,50,6168.6,283,0,0,22.7767605633803,0,0,6468.6,284,0,0,0,0
"5520",2024-06-20,3,55,6468.6,284,0,0,22.7767605633803,0,0,6468.6,284,0,0,0,0
"5521",2024-06-20,4,0,6468.6,284,0,0,23.2231578947368,0,0,6618.6,285,0,0,0,0
"5522",2024-06-20,4,5,6618.6,285,0,0,23.2231578947368,0,0,6618.6,285,0,0,0,0
"5523",2024-06-20,4,10,6318.6,284,0,0,23.2231578947368,0,0,6618.6,285,0,0,0,0
"5524",2024-06-20,4,15,6318.6,284,0,0,23.2231578947368,0,0,6618.6,285,0,0,0,0
"5525",2024-06-20,4,20,6318.6,284,0,0,23.2231578947368,0,0,6618.6,285,0,0,0,0
"5526",2024-06-20,4,25,6318.6,284,0,0,23.2231578947368,0,0,6618.6,285,0,0,0,0
"5527",2024-06-20,4,30,6318.6,284,0,0,23.2231578947368,0,0,6618.6,285,0,0,0,0
"5528",2024-06-20,4,35,6296.6,283,0,0,23.2231578947368,0,0,6618.6,285,0,0,0,0
"5529",2024-06-20,4,40,6260.6,280,0,0,23.2231578947368,0,0,6618.6,285,0,0,0,0
"5530",2024-06-20,4,45,6260.6,280,0,0,23.2231578947368,0,0,6618.6,285,0,0,0,0
"5531",2024-06-20,4,50,6260.6,280,0,0,23.2231578947368,0,0,6618.6,285,0,0,0,0
"5532",2024-06-20,4,55,5960.6,279,0,0,23.2231578947368,0,0,6618.6,285,0,0,0,0
"5533",2024-06-20,5,0,5960.6,279,0,0,21.6416961130742,0,0,6124.6,284,0,0,0,0
"5534",2024-06-20,5,5,6124.6,283,0,0,21.6416961130742,0,0,6124.6,284,0,0,0,0
"5535",2024-06-20,5,10,6096.6,283,0,0,21.6416961130742,0,0,6124.6,284,0,0,0,0
"5536",2024-06-20,5,15,6096.6,283,0,0,21.6416961130742,0,0,6124.6,284,0,0,0,0
"5537",2024-06-20,5,20,6096.6,283,0,0,21.6416961130742,0,0,6124.6,284,0,0,0,0
"5538",2024-06-20,5,25,6096.6,283,0,0,21.6416961130742,0,0,6124.6,284,0,0,0,0
"5539",2024-06-20,5,30,6118.6,284,0,0,21.6416961130742,0,0,6124.6,284,0,0,0,0
"5540",2024-06-20,5,35,6051.6,284,0,0,21.6416961130742,0,0,6124.6,284,0,0,0,0
"5541",2024-06-20,5,40,6051.6,284,0,0,21.6416961130742,0,0,6124.6,284,0,0,0,0
"5542",2024-06-20,5,45,6051.6,284,0,0,21.6416961130742,0,0,6124.6,284,0,0,0,0
"5543",2024-06-20,5,50,6051.6,284,0,0,21.6416961130742,0,0,6124.6,284,0,0,0,0
"5544",2024-06-20,5,55,6029.6,283,0,0,21.6416961130742,0,0,6124.6,284,0,0,0,0
"5545",2024-06-20,6,0,6007.6,282,0,0,22.7198606271777,0,0,6531.6,288,0,0,0,0
"5546",2024-06-20,6,5,6100.6,285,0,0,22.7198606271777,0,0,6531.6,288,0,0,0,0
"5547",2024-06-20,6,10,6222.6,287,0,0,22.7198606271777,0,0,6531.6,288,0,0,0,0
"5548",2024-06-20,6,15,6222.6,287,0,0,22.7198606271777,0,0,6531.6,288,0,0,0,0
"5549",2024-06-20,6,20,6222.6,287,0,0,22.7198606271777,0,0,6531.6,288,0,0,0,0
"5550",2024-06-20,6,25,6222.6,287,0,0,22.7198606271777,0,0,6531.6,288,0,0,0,0
"5551",2024-06-20,6,30,6522.6,288,0,0,22.7198606271777,0,0,6531.6,288,0,0,0,0
"5552",2024-06-20,6,35,6520.6,287,0,0,22.7198606271777,0,0,6531.6,288,0,0,0,0
"5553",2024-06-20,6,40,6531.6,288,0,0,22.7198606271777,0,0,6531.6,288,0,0,0,0
"5554",2024-06-20,6,45,6531.6,288,0,0,22.7198606271777,0,0,6531.6,288,0,0,0,0
"5555",2024-06-20,6,50,6531.6,288,0,0,22.7198606271777,0,0,6531.6,288,0,0,0,0
"5556",2024-06-20,6,55,6271.6,287,0,0,22.7198606271777,0,0,6531.6,288,0,0,0,0
"5557",2024-06-20,7,0,6282.6,287,0,0,24.2477508650519,0,0,7007.6,289,0,0,0,0
"5558",2024-06-20,7,5,5898.6,288,0,0,24.2477508650519,0,0,7007.6,289,0,0,0,0
"5559",2024-06-20,7,10,6078.6,289,0,0,24.2477508650519,0,0,7007.6,289,0,0,0,0
"5560",2024-06-20,7,15,6058.6,289,0,0,24.2477508650519,0,0,7007.6,289,0,0,0,0
"5561",2024-06-20,7,20,6058.6,289,0,0,24.2477508650519,0,0,7007.6,289,0,0,0,0
"5562",2024-06-20,7,25,5878.6,288,0,0,24.2477508650519,0,0,7007.6,289,0,0,0,0
"5563",2024-06-20,7,30,6078.6,288,0,0,24.2477508650519,0,0,7007.6,289,0,0,0,0
"5564",2024-06-20,7,35,6153.6,289,0,0,24.2477508650519,0,0,7007.6,289,0,0,0,0
"5565",2024-06-20,7,40,6031.6,287,0,0,24.2477508650519,0,0,7007.6,289,0,0,0,0
"5566",2024-06-20,7,45,6609.6,288,0,0,24.2477508650519,0,0,7007.6,289,0,0,0,0
"5567",2024-06-20,7,50,6287.6,286,0,0,24.2477508650519,0,0,7007.6,289,0,0,0,0
"5568",2024-06-20,7,55,7007.6,289,0,0,24.2477508650519,0,0,7007.6,289,0,0,0,0
"5569",2024-06-20,8,35,6553.9,308,0,0,24.4173010380623,0,0,7477.9,324,0,0,0,0
"5570",2024-06-20,8,40,6385.9,313,0,0,24.4173010380623,0,0,7477.9,324,0,0,0,0
"5571",2024-06-20,8,45,6462.9,317,0,0,24.4173010380623,0,0,7477.9,324,0,0,0,0
"5572",2024-06-20,8,50,7431.2,321,0,0,24.4173010380623,0,0,7477.9,324,0,0,0,0
"5573",2024-06-20,8,55,7477.9,324,0,0,24.4173010380623,0,0,7477.9,324,0,0,0,0
"5574",2024-06-20,8,0,6691.6,287,0,0,24.4173010380623,0,0,7477.9,324,0,0,0,0
"5575",2024-06-20,8,5,6728.6,288,0,0,24.4173010380623,0,0,7477.9,324,0,0,0,0
"5576",2024-06-20,8,10,7056.6,289,0,0,24.4173010380623,0,0,7477.9,324,0,0,0,0
"5577",2024-06-20,8,15,6845.9,290,0,0,24.4173010380623,0,0,7477.9,324,0,0,0,0
"5578",2024-06-20,8,20,6589.9,291,0,0,24.4173010380623,0,0,7477.9,324,0,0,0,0
"5579",2024-06-20,8,25,6535.9,294,0,0,24.4173010380623,0,0,7477.9,324,0,0,0,0
"5580",2024-06-20,8,30,6290.9,296,0,0,24.4173010380623,0,0,7477.9,324,0,0,0,0
"5581",2024-06-20,9,0,7532.9,326,0,0,25.5112709832134,0,0,10638.2,417,0,0,0,0
"5582",2024-06-20,9,5,8247.9,331,0,0,25.5112709832134,0,0,10638.2,417,0,0,0,0
"5583",2024-06-20,9,10,8423.9,341,0,0,25.5112709832134,0,0,10638.2,417,0,0,0,0
"5584",2024-06-20,9,15,8593.9,348,0,0,25.5112709832134,0,0,10638.2,417,0,0,0,0
"5585",2024-06-20,9,20,8064.9,355,0,0,25.5112709832134,0,0,10638.2,417,0,0,0,0
"5586",2024-06-20,9,25,9096.9,367,0,0,25.5112709832134,0,0,10638.2,417,0,0,0,0
"5587",2024-06-20,9,30,8992.9,371,0,0,25.5112709832134,0,0,10638.2,417,0,0,0,0
"5588",2024-06-20,9,35,10015.9,394,0,0,25.5112709832134,0,0,10638.2,417,0,0,0,0
"5589",2024-06-20,9,40,10064.2,397,0,0,25.5112709832134,0,0,10638.2,417,0,0,0,0
"5590",2024-06-20,9,45,9794.2,395,0,0,25.5112709832134,0,0,10638.2,417,0,0,0,0
"5591",2024-06-20,9,50,10270.2,404,0,0,25.5112709832134,0,0,10638.2,417,0,0,0,0
"5592",2024-06-20,9,55,10638.2,417,0,0,25.5112709832134,0,0,10638.2,417,0,0,0,0
"5593",2024-06-20,10,0,10514.2,427,0,0,25.5570873786408,0,0,13161.9,515,0,0,0,0
"5594",2024-06-20,10,5,10757.2,448,0,0,25.5570873786408,0,0,13161.9,515,0,0,0,0
"5595",2024-06-20,10,10,11046.2,458,0,0,25.5570873786408,0,0,13161.9,515,0,0,0,0
"5596",2024-06-20,10,15,11022.2,463,0,0,25.5570873786408,0,0,13161.9,515,0,0,0,0
"5597",2024-06-20,10,20,11843.2,472,0,0,25.5570873786408,0,0,13161.9,515,0,0,0,0
"5598",2024-06-20,10,25,11652.2,472,0,0,25.5570873786408,0,0,13161.9,515,0,0,0,0
"5599",2024-06-20,10,30,12136.9,483,0,0,25.5570873786408,0,0,13161.9,515,0,0,0,0
"5600",2024-06-20,10,35,11730.9,493,0,0,25.5570873786408,0,0,13161.9,515,0,0,0,0
"5601",2024-06-20,10,40,12015.9,501,0,0,25.5570873786408,0,0,13161.9,515,0,0,0,0
"5602",2024-06-20,10,45,11751.9,489,0,0,25.5570873786408,0,0,13161.9,515,0,0,0,0
"5603",2024-06-20,10,50,11751.9,489,0,0,25.5570873786408,0,0,13161.9,515,0,0,0,0
"5604",2024-06-20,10,55,13161.9,515,0,0,25.5570873786408,0,0,13161.9,515,0,0,0,0
"5605",2024-06-20,11,0,12597.9,510,0,0,26.39440433213,0,0,14622.5,569,0,0,0,0
"5606",2024-06-20,11,5,13839.9,544,0,0,26.39440433213,0,0,14622.5,569,0,0,0,0
"5607",2024-06-20,11,10,13594.5,550,0,0,26.39440433213,0,0,14622.5,569,0,0,0,0
"5608",2024-06-20,11,15,13359.5,551,0,0,26.39440433213,0,0,14622.5,569,0,0,0,0
"5609",2024-06-20,11,20,14025.5,550,0,0,26.39440433213,0,0,14622.5,569,0,0,0,0
"5610",2024-06-20,11,25,14622.5,554,0,0,26.39440433213,0,0,14622.5,569,0,0,0,0
"5611",2024-06-20,11,30,14387.5,551,0,0,26.39440433213,0,0,14622.5,569,0,0,0,0
"5612",2024-06-20,11,35,14386.5,563,0,0,26.39440433213,0,0,14622.5,569,0,0,0,0
"5613",2024-06-20,11,40,14166.5,566,0,0,26.39440433213,0,0,14622.5,569,0,0,0,0
"5614",2024-06-20,11,45,14166.5,566,0,0,26.39440433213,0,0,14622.5,569,0,0,0,0
"5615",2024-06-20,11,50,14166.5,566,0,0,26.39440433213,0,0,14622.5,569,0,0,0,0
"5616",2024-06-20,11,55,14516.2,569,0,0,26.39440433213,0,0,14622.5,569,0,0,0,0
"5617",2024-06-20,12,0,14910.2,574,0,0,26.1900854700855,0,0,15380.2,594,0,0,0,0
"5618",2024-06-20,12,5,15012.2,583,0,0,26.1900854700855,0,0,15380.2,594,0,0,0,0
"5619",2024-06-20,12,10,15179.2,583,0,0,26.1900854700855,0,0,15380.2,594,0,0,0,0
"5620",2024-06-20,12,15,15321.2,585,0,0,26.1900854700855,0,0,15380.2,594,0,0,0,0
"5621",2024-06-20,12,20,15380.2,590,0,0,26.1900854700855,0,0,15380.2,594,0,0,0,0
"5622",2024-06-20,12,25,15380.2,590,0,0,26.1900854700855,0,0,15380.2,594,0,0,0,0
"5623",2024-06-20,12,30,15090.2,587,0,0,26.1900854700855,0,0,15380.2,594,0,0,0,0
"5624",2024-06-20,12,35,14835.2,593,0,0,26.1900854700855,0,0,15380.2,594,0,0,0,0
"5625",2024-06-20,12,40,14724.2,590,0,0,26.1900854700855,0,0,15380.2,594,0,0,0,0
"5626",2024-06-20,12,45,15344.2,594,0,0,26.1900854700855,0,0,15380.2,594,0,0,0,0
"5627",2024-06-20,12,50,15146.2,593,0,0,26.1900854700855,0,0,15380.2,594,0,0,0,0
"5628",2024-06-20,12,55,14707.2,592,0,0,26.1900854700855,0,0,15380.2,594,0,0,0,0
"5629",2024-06-20,13,0,15318.2,596,0,0,29.4384879725086,0,0,17133.2,599,0,0,0,0
"5630",2024-06-20,13,5,15749.2,587,0,0,29.4384879725086,0,0,17133.2,599,0,0,0,0
"5631",2024-06-20,13,10,15760.2,588,0,0,29.4384879725086,0,0,17133.2,599,0,0,0,0
"5632",2024-06-20,13,15,15848.2,592,0,0,29.4384879725086,0,0,17133.2,599,0,0,0,0
"5633",2024-06-20,13,20,16492.2,598,0,0,29.4384879725086,0,0,17133.2,599,0,0,0,0
"5634",2024-06-20,13,25,16533.2,599,0,0,29.4384879725086,0,0,17133.2,599,0,0,0,0
"5635",2024-06-20,13,30,16478.2,594,0,0,29.4384879725086,0,0,17133.2,599,0,0,0,0
"5636",2024-06-20,13,35,17035.2,585,0,0,29.4384879725086,0,0,17133.2,599,0,0,0,0
"5637",2024-06-20,13,40,17133.2,582,0,0,29.4384879725086,0,0,17133.2,599,0,0,0,0
"5638",2024-06-20,13,45,16771.2,582,0,0,29.4384879725086,0,0,17133.2,599,0,0,0,0
"5639",2024-06-20,13,50,15840.2,576,0,0,29.4384879725086,0,0,17133.2,599,0,0,0,0
"5640",2024-06-20,13,55,15862.2,572,0,0,29.4384879725086,0,0,17133.2,599,0,0,0,0
"5641",2024-06-20,14,0,15688.2,562,0,0,29.4890151515152,0,0,15688.2,562,0,0,0,0
"5642",2024-06-20,14,5,14597.2,550,0,0,29.4890151515152,0,0,15688.2,562,0,0,0,0
"5643",2024-06-20,14,10,14426.2,540,0,0,29.4890151515152,0,0,15688.2,562,0,0,0,0
"5644",2024-06-20,14,25,13954.2,531,0,0,29.4890151515152,0,0,15688.2,562,0,0,0,0
"5645",2024-06-20,14,30,14809.2,537,0,0,29.4890151515152,0,0,15688.2,562,0,0,0,0
"5646",2024-06-20,14,35,15570.2,528,0,0,29.4890151515152,0,0,15688.2,562,0,0,0,0
"5647",2024-06-20,14,40,15158.2,526,0,0,29.4890151515152,0,0,15688.2,562,0,0,0,0
"5648",2024-06-20,14,45,15125.6,525,0,0,29.4890151515152,0,0,15688.2,562,0,0,0,0
"5649",2024-06-20,14,50,13473.6,517,0,0,29.4890151515152,0,0,15688.2,562,0,0,0,0
"5650",2024-06-20,14,55,13619.6,513,0,0,29.4890151515152,0,0,15688.2,562,0,0,0,0
"5651",2024-06-20,14,15,13685.2,528,0,0,29.4890151515152,0,0,15688.2,562,0,0,0,0
"5652",2024-06-20,14,20,13869.2,532,0,0,29.4890151515152,0,0,15688.2,562,0,0,0,0
"5653",2024-06-20,15,0,13388.6,511,0,0,31.9738791423002,0,0,16732.6,536,0,0,0,0
"5654",2024-06-20,15,5,15421.6,534,0,0,31.9738791423002,0,0,16732.6,536,0,0,0,0
"5655",2024-06-20,15,10,15658.6,535,0,0,31.9738791423002,0,0,16732.6,536,0,0,0,0
"5656",2024-06-20,15,15,15346.6,529,0,0,31.9738791423002,0,0,16732.6,536,0,0,0,0
"5657",2024-06-20,15,20,15386.6,530,0,0,31.9738791423002,0,0,16732.6,536,0,0,0,0
"5658",2024-06-20,15,25,16099.6,532,0,0,31.9738791423002,0,0,16732.6,536,0,0,0,0
"5659",2024-06-20,15,30,16732.6,536,0,0,31.9738791423002,0,0,16732.6,536,0,0,0,0
"5660",2024-06-20,15,35,16402.6,513,0,0,31.9738791423002,0,0,16732.6,536,0,0,0,0
"5661",2024-06-20,15,40,15049.6,496,0,0,31.9738791423002,0,0,16732.6,536,0,0,0,0
"5662",2024-06-20,15,45,14485.6,500,0,0,31.9738791423002,0,0,16732.6,536,0,0,0,0
"5663",2024-06-20,15,50,14365.6,500,0,0,31.9738791423002,0,0,16732.6,536,0,0,0,0
"5664",2024-06-20,15,55,14076.6,500,0,0,31.9738791423002,0,0,16732.6,536,0,0,0,0
"5665",2024-06-20,16,15,14364,509,0,0,29.5833333333333,0,0,15803,536,0,0,0,0
"5666",2024-06-20,16,20,15265,516,0,0,29.5833333333333,0,0,15803,536,0,0,0,0
"5667",2024-06-20,16,25,14612,518,0,0,29.5833333333333,0,0,15803,536,0,0,0,0
"5668",2024-06-20,16,30,15063,521,0,0,29.5833333333333,0,0,15803,536,0,0,0,0
"5669",2024-06-20,16,0,13386.6,497,0,0,29.5833333333333,0,0,15803,536,0,0,0,0
"5670",2024-06-20,16,5,13159.6,501,0,0,29.5833333333333,0,0,15803,536,0,0,0,0
"5671",2024-06-20,16,10,14301,508,0,0,29.5833333333333,0,0,15803,536,0,0,0,0
"5672",2024-06-20,16,35,15803,536,0,0,29.5833333333333,0,0,15803,536,0,0,0,0
"5673",2024-06-20,16,40,15441,530,0,0,29.5833333333333,0,0,15803,536,0,0,0,0
"5674",2024-06-20,16,45,14806.7,530,0,0,29.5833333333333,0,0,15803,536,0,0,0,0
"5675",2024-06-20,16,50,15179,527,0,0,29.5833333333333,0,0,15803,536,0,0,0,0
"5676",2024-06-20,16,55,14794.7,528,0,0,29.5833333333333,0,0,15803,536,0,0,0,0
"5677",2024-06-20,17,0,15071.7,533,0,0,29.5814041745731,0,0,15589.4,533,0,0,0,0
"5678",2024-06-20,17,5,14249.7,532,0,0,29.5814041745731,0,0,15589.4,533,0,0,0,0
"5679",2024-06-20,17,10,14388.7,532,0,0,29.5814041745731,0,0,15589.4,533,0,0,0,0
"5680",2024-06-20,17,15,15019.7,533,0,0,29.5814041745731,0,0,15589.4,533,0,0,0,0
"5681",2024-06-20,17,20,15106.7,532,0,0,29.5814041745731,0,0,15589.4,533,0,0,0,0
"5682",2024-06-20,17,25,15145.7,531,0,0,29.5814041745731,0,0,15589.4,533,0,0,0,0
"5683",2024-06-20,17,30,15145.7,531,0,0,29.5814041745731,0,0,15589.4,533,0,0,0,0
"5684",2024-06-20,17,35,13915.7,519,0,0,29.5814041745731,0,0,15589.4,533,0,0,0,0
"5685",2024-06-20,17,40,14338.7,520,0,0,29.5814041745731,0,0,15589.4,533,0,0,0,0
"5686",2024-06-20,17,45,14225,514,0,0,29.5814041745731,0,0,15589.4,533,0,0,0,0
"5687",2024-06-20,17,50,14702.4,525,0,0,29.5814041745731,0,0,15589.4,533,0,0,0,0
"5688",2024-06-20,17,55,15589.4,527,0,0,29.5814041745731,0,0,15589.4,533,0,0,0,0
"5689",2024-06-20,18,25,14672.4,508,0,0,39.4895131086142,0,0,16139.4,528,0,0,0,0
"5690",2024-06-20,18,30,14536.4,509,0,0,39.4895131086142,0,0,16139.4,528,0,0,0,0
"5691",2024-06-20,18,35,12327.4,482,0,0,39.4895131086142,0,0,16139.4,528,0,0,0,0
"5692",2024-06-20,18,40,12960.4,485,0,0,39.4895131086142,0,0,16139.4,528,0,0,0,0
"5693",2024-06-20,18,45,12717.4,479,0,0,39.4895131086142,0,0,16139.4,528,0,0,0,0
"5694",2024-06-20,18,50,12213.4,475,0,0,39.4895131086142,0,0,16139.4,528,0,0,0,0
"5695",2024-06-20,18,55,13723.4,475,0,0,39.4895131086142,0,0,16139.4,528,0,0,0,0
"5696",2024-06-20,18,0,16139.4,528,0,0,39.4895131086142,0,0,16139.4,528,0,0,0,0
"5697",2024-06-20,18,5,15820.4,520,0,0,39.4895131086142,0,0,16139.4,528,0,0,0,0
"5698",2024-06-20,18,10,15392.7,511,0,0,39.4895131086142,0,0,16139.4,528,0,0,0,0
"5699",2024-06-20,18,15,10543.7,267,0,0,39.4895131086142,0,0,16139.4,528,0,0,0,0
"5700",2024-06-20,18,20,12765.8,419,0,0,39.4895131086142,0,0,16139.4,528,0,0,0,0
"5701",2024-06-20,19,0,12893.4,469,0,0,30.7980392156863,0,0,14057.4,469,0,0,0,0
"5702",2024-06-20,19,5,14057.4,463,0,0,30.7980392156863,0,0,14057.4,469,0,0,0,0
"5703",2024-06-20,19,10,13362.4,460,0,0,30.7980392156863,0,0,14057.4,469,0,0,0,0
"5704",2024-06-20,19,15,12955.4,458,0,0,30.7980392156863,0,0,14057.4,469,0,0,0,0
"5705",2024-06-20,19,20,12693.7,453,0,0,30.7980392156863,0,0,14057.4,469,0,0,0,0
"5706",2024-06-20,19,25,13497,459,0,0,30.7980392156863,0,0,14057.4,469,0,0,0,0
"5707",2024-06-20,19,30,13552.3,455,0,0,30.7980392156863,0,0,14057.4,469,0,0,0,0
"5708",2024-06-20,19,35,11744,426,0,0,30.7980392156863,0,0,14057.4,469,0,0,0,0
"5709",2024-06-20,19,40,11970,425,0,0,30.7980392156863,0,0,14057.4,469,0,0,0,0
"5710",2024-06-20,19,45,11472.6,420,0,0,30.7980392156863,0,0,14057.4,469,0,0,0,0
"5711",2024-06-20,19,50,12341.6,419,0,0,30.7980392156863,0,0,14057.4,469,0,0,0,0
"5712",2024-06-20,19,55,12565.6,408,0,0,30.7980392156863,0,0,14057.4,469,0,0,0,0
"5713",2024-06-20,20,0,12431.6,402,0,0,31.325,0,0,12780.6,414,0,0,0,0
"5714",2024-06-20,20,5,12780.6,408,0,0,31.325,0,0,12780.6,414,0,0,0,0
"5715",2024-06-20,20,10,12652.6,410,0,0,31.325,0,0,12780.6,414,0,0,0,0
"5716",2024-06-20,20,15,12390.6,408,0,0,31.325,0,0,12780.6,414,0,0,0,0
"5717",2024-06-20,20,20,12600.6,412,0,0,31.325,0,0,12780.6,414,0,0,0,0
"5718",2024-06-20,20,25,12622.6,414,0,0,31.325,0,0,12780.6,414,0,0,0,0
"5719",2024-06-20,20,30,12292.6,410,0,0,31.325,0,0,12780.6,414,0,0,0,0
"5720",2024-06-20,20,35,10527.4,399,0,0,31.325,0,0,12780.6,414,0,0,0,0
"5721",2024-06-20,20,40,10326.4,400,0,0,31.325,0,0,12780.6,414,0,0,0,0
"5722",2024-06-20,20,45,10479.4,401,0,0,31.325,0,0,12780.6,414,0,0,0,0
"5723",2024-06-20,20,50,10334.4,398,0,0,31.325,0,0,12780.6,414,0,0,0,0
"5724",2024-06-20,20,55,10059.4,396,0,0,31.325,0,0,12780.6,414,0,0,0,0
"5725",2024-06-20,21,0,10744.4,401,0,0,33.306103286385,0,0,14188.4,426,0,0,0,0
"5726",2024-06-20,21,5,13198.4,419,0,0,33.306103286385,0,0,14188.4,426,0,0,0,0
"5727",2024-06-20,21,10,13418.4,420,0,0,33.306103286385,0,0,14188.4,426,0,0,0,0
"5728",2024-06-20,21,15,14188.4,426,0,0,33.306103286385,0,0,14188.4,426,0,0,0,0
"5729",2024-06-20,21,20,13786.8,421,0,0,33.306103286385,0,0,14188.4,426,0,0,0,0
"5730",2024-06-20,21,25,13197.8,419,0,0,33.306103286385,0,0,14188.4,426,0,0,0,0
"5731",2024-06-20,21,30,11746.8,414,0,0,33.306103286385,0,0,14188.4,426,0,0,0,0
"5732",2024-06-20,21,35,11479.8,416,0,0,33.306103286385,0,0,14188.4,426,0,0,0,0
"5733",2024-06-20,21,40,11611.8,420,0,0,33.306103286385,0,0,14188.4,426,0,0,0,0
"5734",2024-06-20,21,45,11621.8,415,0,0,33.306103286385,0,0,14188.4,426,0,0,0,0
"5735",2024-06-20,21,50,12071.8,417,0,0,33.306103286385,0,0,14188.4,426,0,0,0,0
"5736",2024-06-20,21,55,11216.8,412,0,0,33.306103286385,0,0,14188.4,426,0,0,0,0
"5737",2024-06-20,22,0,11224.1,412,0,0,29.1024330900243,0,0,11961.1,412,0,0,0,0
"5738",2024-06-20,22,5,10567.1,407,0,0,29.1024330900243,0,0,11961.1,412,0,0,0,0
"5739",2024-06-20,22,10,10439.1,405,0,0,29.1024330900243,0,0,11961.1,412,0,0,0,0
"5740",2024-06-20,22,15,10447.1,404,0,0,29.1024330900243,0,0,11961.1,412,0,0,0,0
"5741",2024-06-20,22,20,11151.1,409,0,0,29.1024330900243,0,0,11961.1,412,0,0,0,0
"5742",2024-06-20,22,25,11961.1,411,0,0,29.1024330900243,0,0,11961.1,412,0,0,0,0
"5743",2024-06-20,22,30,11234.1,405,0,0,29.1024330900243,0,0,11961.1,412,0,0,0,0
"5744",2024-06-20,22,35,10584.1,401,0,0,29.1024330900243,0,0,11961.1,412,0,0,0,0
"5745",2024-06-20,22,40,10668.1,401,0,0,29.1024330900243,0,0,11961.1,412,0,0,0,0
"5746",2024-06-20,22,45,10292.1,395,0,0,29.1024330900243,0,0,11961.1,412,0,0,0,0
"5747",2024-06-20,22,50,10565.1,396,0,0,29.1024330900243,0,0,11961.1,412,0,0,0,0
"5748",2024-06-20,22,55,11021.1,395,0,0,29.1024330900243,0,0,11961.1,412,0,0,0,0
"5749",2024-06-20,23,0,10955.1,392,0,0,28.2049868766404,0,0,10955.1,394,0,0,0,0
"5750",2024-06-20,23,5,9912.1,379,0,0,28.2049868766404,0,0,10955.1,394,0,0,0,0
"5751",2024-06-20,23,10,10506.1,387,0,0,28.2049868766404,0,0,10955.1,394,0,0,0,0
"5752",2024-06-20,23,15,10313.1,386,0,0,28.2049868766404,0,0,10955.1,394,0,0,0,0
"5753",2024-06-20,23,20,10657.1,390,0,0,28.2049868766404,0,0,10955.1,394,0,0,0,0
"5754",2024-06-20,23,25,10379.1,389,0,0,28.2049868766404,0,0,10955.1,394,0,0,0,0
"5755",2024-06-20,23,30,10489.1,394,0,0,28.2049868766404,0,0,10955.1,394,0,0,0,0
"5756",2024-06-20,23,35,10327.1,378,0,0,28.2049868766404,0,0,10955.1,394,0,0,0,0
"5757",2024-06-20,23,40,10790.1,383,0,0,28.2049868766404,0,0,10955.1,394,0,0,0,0
"5758",2024-06-20,23,45,10746.1,381,0,0,28.2049868766404,0,0,10955.1,394,0,0,0,0
"5759",2024-06-20,23,50,9756.1,374,0,0,28.2049868766404,0,0,10955.1,394,0,0,0,0
"5760",2024-06-20,23,55,9668.1,370,0,0,28.2049868766404,0,0,10955.1,394,0,0,0,0
"5761",2024-06-21,0,0,9749.8,388,0,0,26.216976127321,0,0,10005.8,388,0,0,0,0
"5762",2024-06-21,0,5,10005.8,382,0,0,26.216976127321,0,0,10005.8,388,0,0,0,0
"5763",2024-06-21,0,10,9883.8,380,0,0,26.216976127321,0,0,10005.8,388,0,0,0,0
"5764",2024-06-21,0,15,9883.8,377,0,0,26.216976127321,0,0,10005.8,388,0,0,0,0
"5765",2024-06-21,0,20,9927.8,379,0,0,26.216976127321,0,0,10005.8,388,0,0,0,0
"5766",2024-06-21,0,25,9591.1,377,0,0,26.216976127321,0,0,10005.8,388,0,0,0,0
"5767",2024-06-21,0,30,9547.1,375,0,0,26.216976127321,0,0,10005.8,388,0,0,0,0
"5768",2024-06-21,0,35,8755.1,360,0,0,26.216976127321,0,0,10005.8,388,0,0,0,0
"5769",2024-06-21,0,40,9453.1,362,0,0,26.216976127321,0,0,10005.8,388,0,0,0,0
"5770",2024-06-21,0,45,9151.1,361,0,0,26.216976127321,0,0,10005.8,388,0,0,0,0
"5771",2024-06-21,0,50,9091.1,360,0,0,26.216976127321,0,0,10005.8,388,0,0,0,0
"5772",2024-06-21,0,55,8703.1,355,0,0,26.216976127321,0,0,10005.8,388,0,0,0,0
"5773",2024-06-21,1,0,8793.1,356,0,0,25.4008797653959,0,0,8793.1,356,0,0,0,0
"5774",2024-06-21,1,5,8502.1,349,0,0,25.4008797653959,0,0,8793.1,356,0,0,0,0
"5775",2024-06-21,1,10,7920.4,347,0,0,25.4008797653959,0,0,8793.1,356,0,0,0,0
"5776",2024-06-21,1,15,8102.4,347,0,0,25.4008797653959,0,0,8793.1,356,0,0,0,0
"5777",2024-06-21,1,20,7862.4,347,0,0,25.4008797653959,0,0,8793.1,356,0,0,0,0
"5778",2024-06-21,1,25,7797.4,345,0,0,25.4008797653959,0,0,8793.1,356,0,0,0,0
"5779",2024-06-21,1,30,8096.4,345,0,0,25.4008797653959,0,0,8793.1,356,0,0,0,0
"5780",2024-06-21,1,35,8244.4,337,0,0,25.4008797653959,0,0,8793.1,356,0,0,0,0
"5781",2024-06-21,1,40,8643.4,341,0,0,25.4008797653959,0,0,8793.1,356,0,0,0,0
"5782",2024-06-21,1,45,8661.7,341,0,0,25.4008797653959,0,0,8793.1,356,0,0,0,0
"5783",2024-06-21,1,50,8295.7,339,0,0,25.4008797653959,0,0,8793.1,356,0,0,0,0
"5784",2024-06-21,1,55,7974.7,338,0,0,25.4008797653959,0,0,8793.1,356,0,0,0,0
"5785",2024-06-21,2,0,6855.8,311,0,0,24.1503144654088,0,0,7679.8,318,0,0,0,0
"5786",2024-06-21,2,5,7679.8,318,0,0,24.1503144654088,0,0,7679.8,318,0,0,0,0
"5787",2024-06-21,2,10,7313.8,316,0,0,24.1503144654088,0,0,7679.8,318,0,0,0,0
"5788",2024-06-21,2,15,7313.8,316,0,0,24.1503144654088,0,0,7679.8,318,0,0,0,0
"5789",2024-06-21,2,20,7313.8,316,0,0,24.1503144654088,0,0,7679.8,318,0,0,0,0
"5790",2024-06-21,2,25,7335.8,317,0,0,24.1503144654088,0,0,7679.8,318,0,0,0,0
"5791",2024-06-21,2,30,7346.8,318,0,0,24.1503144654088,0,0,7679.8,318,0,0,0,0
"5792",2024-06-21,2,35,7030.8,314,0,0,24.1503144654088,0,0,7679.8,318,0,0,0,0
"5793",2024-06-21,2,40,7180.8,315,0,0,24.1503144654088,0,0,7679.8,318,0,0,0,0
"5794",2024-06-21,2,45,6956.8,312,0,0,24.1503144654088,0,0,7679.8,318,0,0,0,0
"5795",2024-06-21,2,50,6956.8,312,0,0,24.1503144654088,0,0,7679.8,318,0,0,0,0
"5796",2024-06-21,2,55,6967.8,312,0,0,24.1503144654088,0,0,7679.8,318,0,0,0,0
"5797",2024-06-21,3,0,6967.8,312,0,0,22.7564668769716,0,0,7213.8,317,0,0,0,0
"5798",2024-06-21,3,5,6875.8,316,0,0,22.7564668769716,0,0,7213.8,317,0,0,0,0
"5799",2024-06-21,3,10,6875.8,316,0,0,22.7564668769716,0,0,7213.8,317,0,0,0,0
"5800",2024-06-21,3,15,6875.8,316,0,0,22.7564668769716,0,0,7213.8,317,0,0,0,0
"5801",2024-06-21,3,20,7175.8,317,0,0,22.7564668769716,0,0,7213.8,317,0,0,0,0
"5802",2024-06-21,3,25,7175.8,317,0,0,22.7564668769716,0,0,7213.8,317,0,0,0,0
"5803",2024-06-21,3,30,7213.8,317,0,0,22.7564668769716,0,0,7213.8,317,0,0,0,0
"5804",2024-06-21,3,35,7082.8,316,0,0,22.7564668769716,0,0,7213.8,317,0,0,0,0
"5805",2024-06-21,3,40,7082.8,316,0,0,22.7564668769716,0,0,7213.8,317,0,0,0,0
"5806",2024-06-21,3,45,7104.8,317,0,0,22.7564668769716,0,0,7213.8,317,0,0,0,0
"5807",2024-06-21,3,50,6804.8,316,0,0,22.7564668769716,0,0,7213.8,317,0,0,0,0
"5808",2024-06-21,3,55,6804.8,316,0,0,22.7564668769716,0,0,7213.8,317,0,0,0,0
"5809",2024-06-21,4,0,6804.8,316,0,0,22.3715210355987,0,0,6912.8,316,0,0,0,0
"5810",2024-06-21,4,5,6912.8,309,0,0,22.3715210355987,0,0,6912.8,316,0,0,0,0
"5811",2024-06-21,4,10,6912.8,309,0,0,22.3715210355987,0,0,6912.8,316,0,0,0,0
"5812",2024-06-21,4,15,6912.8,309,0,0,22.3715210355987,0,0,6912.8,316,0,0,0,0
"5813",2024-06-21,4,20,6612.8,308,0,0,22.3715210355987,0,0,6912.8,316,0,0,0,0
"5814",2024-06-21,4,25,6612.8,308,0,0,22.3715210355987,0,0,6912.8,316,0,0,0,0
"5815",2024-06-21,4,30,6612.8,308,0,0,22.3715210355987,0,0,6912.8,316,0,0,0,0
"5816",2024-06-21,4,35,6656.8,311,0,0,22.3715210355987,0,0,6912.8,316,0,0,0,0
"5817",2024-06-21,4,40,6656.8,311,0,0,22.3715210355987,0,0,6912.8,316,0,0,0,0
"5818",2024-06-21,4,45,6656.8,311,0,0,22.3715210355987,0,0,6912.8,316,0,0,0,0
"5819",2024-06-21,4,50,6656.8,311,0,0,22.3715210355987,0,0,6912.8,316,0,0,0,0
"5820",2024-06-21,4,55,6656.8,311,0,0,22.3715210355987,0,0,6912.8,316,0,0,0,0
"5821",2024-06-21,5,0,6645.8,310,0,0,21.9320512820513,0,0,6853.8,313,0,0,0,0
"5822",2024-06-21,5,5,6853.8,313,0,0,21.9320512820513,0,0,6853.8,313,0,0,0,0
"5823",2024-06-21,5,10,6853.8,313,0,0,21.9320512820513,0,0,6853.8,313,0,0,0,0
"5824",2024-06-21,5,15,6853.8,313,0,0,21.9320512820513,0,0,6853.8,313,0,0,0,0
"5825",2024-06-21,5,20,6842.8,312,0,0,21.9320512820513,0,0,6853.8,313,0,0,0,0
"5826",2024-06-21,5,25,6842.8,312,0,0,21.9320512820513,0,0,6853.8,313,0,0,0,0
"5827",2024-06-21,5,30,6842.8,312,0,0,21.9320512820513,0,0,6853.8,313,0,0,0,0
"5828",2024-06-21,5,35,6689.8,312,0,0,21.9320512820513,0,0,6853.8,313,0,0,0,0
"5829",2024-06-21,5,40,6689.8,312,0,0,21.9320512820513,0,0,6853.8,313,0,0,0,0
"5830",2024-06-21,5,45,6689.8,312,0,0,21.9320512820513,0,0,6853.8,313,0,0,0,0
"5831",2024-06-21,5,50,6689.8,312,0,0,21.9320512820513,0,0,6853.8,313,0,0,0,0
"5832",2024-06-21,5,55,6667.8,311,0,0,21.9320512820513,0,0,6853.8,313,0,0,0,0
"5833",2024-06-21,6,0,6667.8,311,0,0,24.0879746835443,0,0,7611.8,317,0,0,0,0
"5834",2024-06-21,6,5,6749.8,313,0,0,24.0879746835443,0,0,7611.8,317,0,0,0,0
"5835",2024-06-21,6,10,6771.8,314,0,0,24.0879746835443,0,0,7611.8,317,0,0,0,0
"5836",2024-06-21,6,15,7071.8,315,0,0,24.0879746835443,0,0,7611.8,317,0,0,0,0
"5837",2024-06-21,6,20,7311.8,315,0,0,24.0879746835443,0,0,7611.8,317,0,0,0,0
"5838",2024-06-21,6,25,7611.8,316,0,0,24.0879746835443,0,0,7611.8,317,0,0,0,0
"5839",2024-06-21,6,30,7355.8,317,0,0,24.0879746835443,0,0,7611.8,317,0,0,0,0
"5840",2024-06-21,6,35,6944.8,312,0,0,24.0879746835443,0,0,7611.8,317,0,0,0,0
"5841",2024-06-21,6,40,6944.8,312,0,0,24.0879746835443,0,0,7611.8,317,0,0,0,0
"5842",2024-06-21,6,45,6944.8,312,0,0,24.0879746835443,0,0,7611.8,317,0,0,0,0
"5843",2024-06-21,6,50,6944.8,312,0,0,24.0879746835443,0,0,7611.8,317,0,0,0,0
"5844",2024-06-21,6,55,6922.8,311,0,0,24.0879746835443,0,0,7611.8,317,0,0,0,0
"5845",2024-06-21,7,0,6622.8,310,0,0,22.2877742946708,0,0,7109.8,320,0,0,0,0
"5846",2024-06-21,7,5,6765.8,317,0,0,22.2877742946708,0,0,7109.8,320,0,0,0,0
"5847",2024-06-21,7,10,6765.8,317,0,0,22.2877742946708,0,0,7109.8,320,0,0,0,0
"5848",2024-06-21,7,15,6809.8,318,0,0,22.2877742946708,0,0,7109.8,320,0,0,0,0
"5849",2024-06-21,7,20,7109.8,319,0,0,22.2877742946708,0,0,7109.8,320,0,0,0,0
"5850",2024-06-21,7,25,7109.8,319,0,0,22.2877742946708,0,0,7109.8,320,0,0,0,0
"5851",2024-06-21,7,30,7021.8,316,0,0,22.2877742946708,0,0,7109.8,320,0,0,0,0
"5852",2024-06-21,7,35,7021.8,316,0,0,22.2877742946708,0,0,7109.8,320,0,0,0,0
"5853",2024-06-21,7,40,6809.8,319,0,0,22.2877742946708,0,0,7109.8,320,0,0,0,0
"5854",2024-06-21,7,45,6809.8,319,0,0,22.2877742946708,0,0,7109.8,320,0,0,0,0
"5855",2024-06-21,7,50,7109.8,320,0,0,22.2877742946708,0,0,7109.8,320,0,0,0,0
"5856",2024-06-21,7,55,7098.8,319,0,0,22.2877742946708,0,0,7109.8,320,0,0,0,0
"5857",2024-06-21,8,45,8364.1,357,0,0,24.1060773480663,0,0,8726.4,373,0,0,0,0
"5858",2024-06-21,8,50,8726.4,362,0,0,24.1060773480663,0,0,8726.4,373,0,0,0,0
"5859",2024-06-21,8,55,8696.1,373,0,0,24.1060773480663,0,0,8726.4,373,0,0,0,0
"5860",2024-06-21,8,0,6848.8,320,0,0,24.1060773480663,0,0,8726.4,373,0,0,0,0
"5861",2024-06-21,8,5,6818.1,318,0,0,24.1060773480663,0,0,8726.4,373,0,0,0,0
"5862",2024-06-21,8,10,6573.1,320,0,0,24.1060773480663,0,0,8726.4,373,0,0,0,0
"5863",2024-06-21,8,15,6895.1,322,0,0,24.1060773480663,0,0,8726.4,373,0,0,0,0
"5864",2024-06-21,8,20,6895.1,323,0,0,24.1060773480663,0,0,8726.4,373,0,0,0,0
"5865",2024-06-21,8,25,7539.1,327,0,0,24.1060773480663,0,0,8726.4,373,0,0,0,0
"5866",2024-06-21,8,30,7638.1,333,0,0,24.1060773480663,0,0,8726.4,373,0,0,0,0
"5867",2024-06-21,8,35,8376.1,350,0,0,24.1060773480663,0,0,8726.4,373,0,0,0,0
"5868",2024-06-21,8,40,8475.1,352,0,0,24.1060773480663,0,0,8726.4,373,0,0,0,0
"5869",2024-06-21,9,55,10200.1,461,0,0,24.131234256927,0,0,10200.1,461,0,0,0,0
"5870",2024-06-21,9,45,10119.1,445,0,0,24.131234256927,0,0,10200.1,461,0,0,0,0
"5871",2024-06-21,9,50,10163.1,449,0,0,24.131234256927,0,0,10200.1,461,0,0,0,0
"5872",2024-06-21,9,0,8707.1,378,0,0,24.131234256927,0,0,10200.1,461,0,0,0,0
"5873",2024-06-21,9,5,9580.1,397,0,0,24.131234256927,0,0,10200.1,461,0,0,0,0
"5874",2024-06-21,9,10,9467.1,404,0,0,24.131234256927,0,0,10200.1,461,0,0,0,0
"5875",2024-06-21,9,15,9566.1,407,0,0,24.131234256927,0,0,10200.1,461,0,0,0,0
"5876",2024-06-21,9,20,9924.1,417,0,0,24.131234256927,0,0,10200.1,461,0,0,0,0
"5877",2024-06-21,9,25,10145.1,422,0,0,24.131234256927,0,0,10200.1,461,0,0,0,0
"5878",2024-06-21,9,30,9986.1,421,0,0,24.131234256927,0,0,10200.1,461,0,0,0,0
"5879",2024-06-21,9,35,9736.1,437,0,0,24.131234256927,0,0,10200.1,461,0,0,0,0
"5880",2024-06-21,9,40,9553.1,435,0,0,24.131234256927,0,0,10200.1,461,0,0,0,0
"5881",2024-06-21,10,0,10449.1,467,0,0,24.4388475836431,0,0,13148.1,548,0,0,0,0
"5882",2024-06-21,10,5,11661.1,504,0,0,24.4388475836431,0,0,13148.1,548,0,0,0,0
"5883",2024-06-21,10,10,11738.1,508,0,0,24.4388475836431,0,0,13148.1,548,0,0,0,0
"5884",2024-06-21,10,15,11782.1,512,0,0,24.4388475836431,0,0,13148.1,548,0,0,0,0
"5885",2024-06-21,10,20,11547.1,509,0,0,24.4388475836431,0,0,13148.1,548,0,0,0,0
"5886",2024-06-21,10,25,11990.1,519,0,0,24.4388475836431,0,0,13148.1,548,0,0,0,0
"5887",2024-06-21,10,30,11980.1,521,0,0,24.4388475836431,0,0,13148.1,548,0,0,0,0
"5888",2024-06-21,10,35,13148.1,538,0,0,24.4388475836431,0,0,13148.1,548,0,0,0,0
"5889",2024-06-21,10,40,12922.1,537,0,0,24.4388475836431,0,0,13148.1,548,0,0,0,0
"5890",2024-06-21,10,45,13074.1,543,0,0,24.4388475836431,0,0,13148.1,548,0,0,0,0
"5891",2024-06-21,10,50,12257.1,543,0,0,24.4388475836431,0,0,13148.1,548,0,0,0,0
"5892",2024-06-21,10,55,13103.1,548,0,0,24.4388475836431,0,0,13148.1,548,0,0,0,0
"5893",2024-06-21,11,0,13524.1,555,0,0,29.1860269360269,0,0,17336.5,613,0,0,0,0
"5894",2024-06-21,11,5,15211.1,586,0,0,29.1860269360269,0,0,17336.5,613,0,0,0,0
"5895",2024-06-21,11,10,15943.5,593,0,0,29.1860269360269,0,0,17336.5,613,0,0,0,0
"5896",2024-06-21,11,15,16160.5,591,0,0,29.1860269360269,0,0,17336.5,613,0,0,0,0
"5897",2024-06-21,11,20,17336.5,594,0,0,29.1860269360269,0,0,17336.5,613,0,0,0,0
"5898",2024-06-21,11,25,16219.5,593,0,0,29.1860269360269,0,0,17336.5,613,0,0,0,0
"5899",2024-06-21,11,30,15996.5,596,0,0,29.1860269360269,0,0,17336.5,613,0,0,0,0
"5900",2024-06-21,11,35,15602.5,612,0,0,29.1860269360269,0,0,17336.5,613,0,0,0,0
"5901",2024-06-21,11,40,15297.5,613,0,0,29.1860269360269,0,0,17336.5,613,0,0,0,0
"5902",2024-06-21,11,45,14043.5,611,0,0,29.1860269360269,0,0,17336.5,613,0,0,0,0
"5903",2024-06-21,11,50,13274.5,608,0,0,29.1860269360269,0,0,17336.5,613,0,0,0,0
"5904",2024-06-21,11,55,13174.5,612,0,0,29.1860269360269,0,0,17336.5,613,0,0,0,0
"5905",2024-06-21,12,0,13588.5,612,0,0,26.7842190016103,0,0,16633,629,0,0,0,0
"5906",2024-06-21,12,5,14382.7,618,0,0,26.7842190016103,0,0,16633,629,0,0,0,0
"5907",2024-06-21,12,10,14043.7,617,0,0,26.7842190016103,0,0,16633,629,0,0,0,0
"5908",2024-06-21,12,15,14371.7,619,0,0,26.7842190016103,0,0,16633,629,0,0,0,0
"5909",2024-06-21,12,20,14843.7,623,0,0,26.7842190016103,0,0,16633,629,0,0,0,0
"5910",2024-06-21,12,25,15002.7,628,0,0,26.7842190016103,0,0,16633,629,0,0,0,0
"5911",2024-06-21,12,30,15490,629,0,0,26.7842190016103,0,0,16633,629,0,0,0,0
"5912",2024-06-21,12,35,15130,616,0,0,26.7842190016103,0,0,16633,629,0,0,0,0
"5913",2024-06-21,12,40,15405,616,0,0,26.7842190016103,0,0,16633,629,0,0,0,0
"5914",2024-06-21,12,45,16544,624,0,0,26.7842190016103,0,0,16633,629,0,0,0,0
"5915",2024-06-21,12,50,16633,621,0,0,26.7842190016103,0,0,16633,629,0,0,0,0
"5916",2024-06-21,12,55,15869,620,0,0,26.7842190016103,0,0,16633,629,0,0,0,0
"5917",2024-06-21,13,0,15161,616,0,0,28.8442211055276,0,0,17220,616,0,0,0,0
"5918",2024-06-21,13,5,16015,607,0,0,28.8442211055276,0,0,17220,616,0,0,0,0
"5919",2024-06-21,13,10,16084,606,0,0,28.8442211055276,0,0,17220,616,0,0,0,0
"5920",2024-06-21,13,15,15760,602,0,0,28.8442211055276,0,0,17220,616,0,0,0,0
"5921",2024-06-21,13,20,16038,600,0,0,28.8442211055276,0,0,17220,616,0,0,0,0
"5922",2024-06-21,13,25,16249,600,0,0,28.8442211055276,0,0,17220,616,0,0,0,0
"5923",2024-06-21,13,30,15344,596,0,0,28.8442211055276,0,0,17220,616,0,0,0,0
"5924",2024-06-21,13,35,17118,597,0,0,28.8442211055276,0,0,17220,616,0,0,0,0
"5925",2024-06-21,13,40,17220,597,0,0,28.8442211055276,0,0,17220,616,0,0,0,0
"5926",2024-06-21,13,45,16880,586,0,0,28.8442211055276,0,0,17220,616,0,0,0,0
"5927",2024-06-21,13,50,15626,576,0,0,28.8442211055276,0,0,17220,616,0,0,0,0
"5928",2024-06-21,13,55,15755,573,0,0,28.8442211055276,0,0,17220,616,0,0,0,0
"5929",2024-06-21,14,0,14701,561,0,0,30.2471830985915,0,0,17180.4,568,0,0,0,0
"5930",2024-06-21,14,5,14108,564,0,0,30.2471830985915,0,0,17180.4,568,0,0,0,0
"5931",2024-06-21,14,10,14121,553,0,0,30.2471830985915,0,0,17180.4,568,0,0,0,0
"5932",2024-06-21,14,25,15109,553,0,0,30.2471830985915,0,0,17180.4,568,0,0,0,0
"5933",2024-06-21,14,30,14663,556,0,0,30.2471830985915,0,0,17180.4,568,0,0,0,0
"5934",2024-06-21,14,35,14642,558,0,0,30.2471830985915,0,0,17180.4,568,0,0,0,0
"5935",2024-06-21,14,40,14788.7,564,0,0,30.2471830985915,0,0,17180.4,568,0,0,0,0
"5936",2024-06-21,14,45,15811.7,563,0,0,30.2471830985915,0,0,17180.4,568,0,0,0,0
"5937",2024-06-21,14,50,16700.7,564,0,0,30.2471830985915,0,0,17180.4,568,0,0,0,0
"5938",2024-06-21,14,55,17180.4,568,0,0,30.2471830985915,0,0,17180.4,568,0,0,0,0
"5939",2024-06-21,14,15,14146,547,0,0,30.2471830985915,0,0,17180.4,568,0,0,0,0
"5940",2024-06-21,14,20,15024,549,0,0,30.2471830985915,0,0,17180.4,568,0,0,0,0
"5941",2024-06-21,15,0,16849.4,571,0,0,33.6028169014085,0,0,19086.4,588,0,0,0,0
"5942",2024-06-21,15,5,16847.4,586,0,0,33.6028169014085,0,0,19086.4,588,0,0,0,0
"5943",2024-06-21,15,10,16873.4,580,0,0,33.6028169014085,0,0,19086.4,588,0,0,0,0
"5944",2024-06-21,15,15,16201.4,581,0,0,33.6028169014085,0,0,19086.4,588,0,0,0,0
"5945",2024-06-21,15,20,16243.4,588,0,0,33.6028169014085,0,0,19086.4,588,0,0,0,0
"5946",2024-06-21,15,25,16048.4,578,0,0,33.6028169014085,0,0,19086.4,588,0,0,0,0
"5947",2024-06-21,15,30,17788.4,587,0,0,33.6028169014085,0,0,19086.4,588,0,0,0,0
"5948",2024-06-21,15,35,17465.4,570,0,0,33.6028169014085,0,0,19086.4,588,0,0,0,0
"5949",2024-06-21,15,40,18267.4,571,0,0,33.6028169014085,0,0,19086.4,588,0,0,0,0
"5950",2024-06-21,15,45,19086.4,568,0,0,33.6028169014085,0,0,19086.4,588,0,0,0,0
"5951",2024-06-21,15,50,18360.4,570,0,0,33.6028169014085,0,0,19086.4,588,0,0,0,0
"5952",2024-06-21,15,55,18027.7,573,0,0,33.6028169014085,0,0,19086.4,588,0,0,0,0
"5953",2024-06-21,16,0,17858.7,573,0,0,31.1670157068063,0,0,17858.7,581,0,0,0,0
"5954",2024-06-21,16,5,17388.7,576,0,0,31.1670157068063,0,0,17858.7,581,0,0,0,0
"5955",2024-06-21,16,10,17465.7,579,0,0,31.1670157068063,0,0,17858.7,581,0,0,0,0
"5956",2024-06-21,16,15,17511.7,579,0,0,31.1670157068063,0,0,17858.7,581,0,0,0,0
"5957",2024-06-21,16,20,17565,575,0,0,31.1670157068063,0,0,17858.7,581,0,0,0,0
"5958",2024-06-21,16,25,17480,579,0,0,31.1670157068063,0,0,17858.7,581,0,0,0,0
"5959",2024-06-21,16,30,17821,581,0,0,31.1670157068063,0,0,17858.7,581,0,0,0,0
"5960",2024-06-21,16,35,16876,573,0,0,31.1670157068063,0,0,17858.7,581,0,0,0,0
"5961",2024-06-21,16,40,17293,573,0,0,31.1670157068063,0,0,17858.7,581,0,0,0,0
"5962",2024-06-21,16,45,15816,571,0,0,31.1670157068063,0,0,17858.7,581,0,0,0,0
"5963",2024-06-21,16,50,16966.7,573,0,0,31.1670157068063,0,0,17858.7,581,0,0,0,0
"5964",2024-06-21,16,55,17068,572,0,0,31.1670157068063,0,0,17858.7,581,0,0,0,0
"5965",2024-06-21,17,15,15478,556,0,0,30.5810469314079,0,0,17614,578,0,0,0,0
"5966",2024-06-21,17,20,16057,559,0,0,30.5810469314079,0,0,17614,578,0,0,0,0
"5967",2024-06-21,17,25,15708,560,0,0,30.5810469314079,0,0,17614,578,0,0,0,0
"5968",2024-06-21,17,30,15146.6,560,0,0,30.5810469314079,0,0,17614,578,0,0,0,0
"5969",2024-06-21,17,35,17067.6,562,0,0,30.5810469314079,0,0,17614,578,0,0,0,0
"5970",2024-06-21,17,40,16426.9,558,0,0,30.5810469314079,0,0,17614,578,0,0,0,0
"5971",2024-06-21,17,45,16941.9,554,0,0,30.5810469314079,0,0,17614,578,0,0,0,0
"5972",2024-06-21,17,50,16391.6,554,0,0,30.5810469314079,0,0,17614,578,0,0,0,0
"5973",2024-06-21,17,55,15914.6,548,0,0,30.5810469314079,0,0,17614,578,0,0,0,0
"5974",2024-06-21,17,5,16480,556,0,0,30.5810469314079,0,0,17614,578,0,0,0,0
"5975",2024-06-21,17,10,16122,560,0,0,30.5810469314079,0,0,17614,578,0,0,0,0
"5976",2024-06-21,17,0,17614,578,0,0,30.5810469314079,0,0,17614,578,0,0,0,0
"5977",2024-06-21,18,0,15783.6,546,0,0,30.1357142857143,0,0,15783.6,546,0,0,0,0
"5978",2024-06-21,18,5,14111.3,524,0,0,30.1357142857143,0,0,15783.6,546,0,0,0,0
"5979",2024-06-21,18,10,12795.3,514,0,0,30.1357142857143,0,0,15783.6,546,0,0,0,0
"5980",2024-06-21,18,15,6750.4,224,0,0,30.1357142857143,0,0,15783.6,546,0,0,0,0
"5981",2024-06-21,18,20,6772.4,225,0,0,30.1357142857143,0,0,15783.6,546,0,0,0,0
"5982",2024-06-21,18,25,12118.3,511,0,0,30.1357142857143,0,0,15783.6,546,0,0,0,0
"5983",2024-06-21,18,30,12205.3,509,0,0,30.1357142857143,0,0,15783.6,546,0,0,0,0
"5984",2024-06-21,18,35,12861.3,505,0,0,30.1357142857143,0,0,15783.6,546,0,0,0,0
"5985",2024-06-21,18,40,12656.3,499,0,0,30.1357142857143,0,0,15783.6,546,0,0,0,0
"5986",2024-06-21,18,45,13001.3,497,0,0,30.1357142857143,0,0,15783.6,546,0,0,0,0
"5987",2024-06-21,18,50,13133.3,492,0,0,30.1357142857143,0,0,15783.6,546,0,0,0,0
"5988",2024-06-21,18,55,14001.3,491,0,0,30.1357142857143,0,0,15783.6,546,0,0,0,0
"5989",2024-06-21,19,0,12739,481,0,0,30.1020737327189,0,0,13468.3,481,0,0,0,0
"5990",2024-06-21,19,5,13292.3,474,0,0,30.1020737327189,0,0,13468.3,481,0,0,0,0
"5991",2024-06-21,19,10,12520.3,466,0,0,30.1020737327189,0,0,13468.3,481,0,0,0,0
"5992",2024-06-21,19,15,12626.3,459,0,0,30.1020737327189,0,0,13468.3,481,0,0,0,0
"5993",2024-06-21,19,20,12649.3,458,0,0,30.1020737327189,0,0,13468.3,481,0,0,0,0
"5994",2024-06-21,19,25,13468.3,455,0,0,30.1020737327189,0,0,13468.3,481,0,0,0,0
"5995",2024-06-21,19,30,13402.3,452,0,0,30.1020737327189,0,0,13468.3,481,0,0,0,0
"5996",2024-06-21,19,35,12997.3,437,0,0,30.1020737327189,0,0,13468.3,481,0,0,0,0
"5997",2024-06-21,19,40,13064.3,434,0,0,30.1020737327189,0,0,13468.3,481,0,0,0,0
"5998",2024-06-21,19,45,12693.3,436,0,0,30.1020737327189,0,0,13468.3,481,0,0,0,0
"5999",2024-06-21,19,50,12762.3,436,0,0,30.1020737327189,0,0,13468.3,481,0,0,0,0
"6000",2024-06-21,19,55,12469.3,429,0,0,30.1020737327189,0,0,13468.3,481,0,0,0,0
"6001",2024-06-21,20,15,13138.3,432,0,0,32.5704805491991,0,0,14233.3,440,0,0,0,0
"6002",2024-06-21,20,20,12608.3,427,0,0,32.5704805491991,0,0,14233.3,440,0,0,0,0
"6003",2024-06-21,20,25,13252.3,430,0,0,32.5704805491991,0,0,14233.3,440,0,0,0,0
"6004",2024-06-21,20,30,13514.3,431,0,0,32.5704805491991,0,0,14233.3,440,0,0,0,0
"6005",2024-06-21,20,35,12748.3,413,0,0,32.5704805491991,0,0,14233.3,440,0,0,0,0
"6006",2024-06-21,20,40,12643.3,412,0,0,32.5704805491991,0,0,14233.3,440,0,0,0,0
"6007",2024-06-21,20,45,12320.1,411,0,0,32.5704805491991,0,0,14233.3,440,0,0,0,0
"6008",2024-06-21,20,50,11172.1,402,0,0,32.5704805491991,0,0,14233.3,440,0,0,0,0
"6009",2024-06-21,20,55,11117.1,398,0,0,32.5704805491991,0,0,14233.3,440,0,0,0,0
"6010",2024-06-21,20,0,12630.3,429,0,0,32.5704805491991,0,0,14233.3,440,0,0,0,0
"6011",2024-06-21,20,5,13940.3,440,0,0,32.5704805491991,0,0,14233.3,440,0,0,0,0
"6012",2024-06-21,20,10,14233.3,437,0,0,32.5704805491991,0,0,14233.3,440,0,0,0,0
"6013",2024-06-21,21,0,11029.1,393,0,0,28.0638676844784,0,0,11088.8,412,0,0,0,0
"6014",2024-06-21,21,5,10664.1,400,0,0,28.0638676844784,0,0,11088.8,412,0,0,0,0
"6015",2024-06-21,21,10,9931.1,397,0,0,28.0638676844784,0,0,11088.8,412,0,0,0,0
"6016",2024-06-21,21,15,10011.8,402,0,0,28.0638676844784,0,0,11088.8,412,0,0,0,0
"6017",2024-06-21,21,20,9967.8,400,0,0,28.0638676844784,0,0,11088.8,412,0,0,0,0
"6018",2024-06-21,21,25,9523.8,397,0,0,28.0638676844784,0,0,11088.8,412,0,0,0,0
"6019",2024-06-21,21,30,9856.8,399,0,0,28.0638676844784,0,0,11088.8,412,0,0,0,0
"6020",2024-06-21,21,35,10193.8,405,0,0,28.0638676844784,0,0,11088.8,412,0,0,0,0
"6021",2024-06-21,21,40,11082.8,407,0,0,28.0638676844784,0,0,11088.8,412,0,0,0,0
"6022",2024-06-21,21,45,10282.8,405,0,0,28.0638676844784,0,0,11088.8,412,0,0,0,0
"6023",2024-06-21,21,50,10788.8,410,0,0,28.0638676844784,0,0,11088.8,412,0,0,0,0
"6024",2024-06-21,21,55,11088.8,412,0,0,28.0638676844784,0,0,11088.8,412,0,0,0,0
"6025",2024-06-21,22,0,10739.1,408,0,0,30.8172897196262,0,0,13189.8,428,0,0,0,0
"6026",2024-06-21,22,5,12226.8,423,0,0,30.8172897196262,0,0,13189.8,428,0,0,0,0
"6027",2024-06-21,22,10,11353.8,421,0,0,30.8172897196262,0,0,13189.8,428,0,0,0,0
"6028",2024-06-21,22,15,10737.8,417,0,0,30.8172897196262,0,0,13189.8,428,0,0,0,0
"6029",2024-06-21,22,20,10272.8,418,0,0,30.8172897196262,0,0,13189.8,428,0,0,0,0
"6030",2024-06-21,22,25,10539.8,417,0,0,30.8172897196262,0,0,13189.8,428,0,0,0,0
"6031",2024-06-21,22,30,10331.8,417,0,0,30.8172897196262,0,0,13189.8,428,0,0,0,0
"6032",2024-06-21,22,35,10474.8,419,0,0,30.8172897196262,0,0,13189.8,428,0,0,0,0
"6033",2024-06-21,22,40,11496.8,420,0,0,30.8172897196262,0,0,13189.8,428,0,0,0,0
"6034",2024-06-21,22,45,11664.8,420,0,0,30.8172897196262,0,0,13189.8,428,0,0,0,0
"6035",2024-06-21,22,50,12256.8,424,0,0,30.8172897196262,0,0,13189.8,428,0,0,0,0
"6036",2024-06-21,22,55,13189.8,428,0,0,30.8172897196262,0,0,13189.8,428,0,0,0,0
"6037",2024-06-21,23,0,12600.8,428,0,0,29.4411214953271,0,0,12600.8,428,0,0,0,0
"6038",2024-06-21,23,5,11251.8,407,0,0,29.4411214953271,0,0,12600.8,428,0,0,0,0
"6039",2024-06-21,23,10,11372.8,412,0,0,29.4411214953271,0,0,12600.8,428,0,0,0,0
"6040",2024-06-21,23,15,11486.8,409,0,0,29.4411214953271,0,0,12600.8,428,0,0,0,0
"6041",2024-06-21,23,20,11292.8,406,0,0,29.4411214953271,0,0,12600.8,428,0,0,0,0
"6042",2024-06-21,23,25,10970.8,404,0,0,29.4411214953271,0,0,12600.8,428,0,0,0,0
"6043",2024-06-21,23,30,11174.8,406,0,0,29.4411214953271,0,0,12600.8,428,0,0,0,0
"6044",2024-06-21,23,35,10693.8,394,0,0,29.4411214953271,0,0,12600.8,428,0,0,0,0
"6045",2024-06-21,23,40,11359.8,399,0,0,29.4411214953271,0,0,12600.8,428,0,0,0,0
"6046",2024-06-21,23,45,11162.8,395,0,0,29.4411214953271,0,0,12600.8,428,0,0,0,0
"6047",2024-06-21,23,50,10682.8,393,0,0,29.4411214953271,0,0,12600.8,428,0,0,0,0
"6048",2024-06-21,23,55,10283.8,387,0,0,29.4411214953271,0,0,12600.8,428,0,0,0,0
"6049",2024-06-22,0,35,8630.4,345,0,0,27.5512396694215,0,0,10001.1,363,0,0,0,0
"6050",2024-06-22,0,40,8913.1,344,0,0,27.5512396694215,0,0,10001.1,363,0,0,0,0
"6051",2024-06-22,0,45,8465.4,341,0,0,27.5512396694215,0,0,10001.1,363,0,0,0,0
"6052",2024-06-22,0,50,8563.4,342,0,0,27.5512396694215,0,0,10001.1,363,0,0,0,0
"6053",2024-06-22,0,55,7963.4,340,0,0,27.5512396694215,0,0,10001.1,363,0,0,0,0
"6054",2024-06-22,0,0,10001.1,363,0,0,27.5512396694215,0,0,10001.1,363,0,0,0,0
"6055",2024-06-22,0,5,8692.1,352,0,0,27.5512396694215,0,0,10001.1,363,0,0,0,0
"6056",2024-06-22,0,10,8217.1,347,0,0,27.5512396694215,0,0,10001.1,363,0,0,0,0
"6057",2024-06-22,0,15,8306.1,347,0,0,27.5512396694215,0,0,10001.1,363,0,0,0,0
"6058",2024-06-22,0,20,8235.1,345,0,0,27.5512396694215,0,0,10001.1,363,0,0,0,0
"6059",2024-06-22,0,25,8253.4,345,0,0,27.5512396694215,0,0,10001.1,363,0,0,0,0
"6060",2024-06-22,0,30,8597.4,348,0,0,27.5512396694215,0,0,10001.1,363,0,0,0,0
"6061",2024-06-22,1,0,7663.4,339,0,0,24.0320987654321,0,0,7786.4,339,0,0,0,0
"6062",2024-06-22,1,5,7092.4,327,0,0,24.0320987654321,0,0,7786.4,339,0,0,0,0
"6063",2024-06-22,1,10,6972.4,326,0,0,24.0320987654321,0,0,7786.4,339,0,0,0,0
"6064",2024-06-22,1,15,7195.4,323,0,0,24.0320987654321,0,0,7786.4,339,0,0,0,0
"6065",2024-06-22,1,20,7473.4,323,0,0,24.0320987654321,0,0,7786.4,339,0,0,0,0
"6066",2024-06-22,1,25,7786.4,324,0,0,24.0320987654321,0,0,7786.4,339,0,0,0,0
"6067",2024-06-22,1,30,7519.4,324,0,0,24.0320987654321,0,0,7786.4,339,0,0,0,0
"6068",2024-06-22,1,35,7327.4,325,0,0,24.0320987654321,0,0,7786.4,339,0,0,0,0
"6069",2024-06-22,1,40,7677.4,327,0,0,24.0320987654321,0,0,7786.4,339,0,0,0,0
"6070",2024-06-22,1,45,7091.4,326,0,0,24.0320987654321,0,0,7786.4,339,0,0,0,0
"6071",2024-06-22,1,50,7113.4,326,0,0,24.0320987654321,0,0,7786.4,339,0,0,0,0
"6072",2024-06-22,1,55,7113.4,326,0,0,24.0320987654321,0,0,7786.4,339,0,0,0,0
"6073",2024-06-22,2,0,7974.7,338,0,0,23.5937869822485,0,0,7974.7,338,0,0,0,0
"6074",2024-06-22,2,5,7681.7,336,0,0,23.5937869822485,0,0,7974.7,338,0,0,0,0
"6075",2024-06-22,2,10,7627.7,336,0,0,23.5937869822485,0,0,7974.7,338,0,0,0,0
"6076",2024-06-22,2,15,7583.7,334,0,0,23.5937869822485,0,0,7974.7,338,0,0,0,0
"6077",2024-06-22,2,20,7294.7,332,0,0,23.5937869822485,0,0,7974.7,338,0,0,0,0
"6078",2024-06-22,2,25,7250.7,330,0,0,23.5937869822485,0,0,7974.7,338,0,0,0,0
"6079",2024-06-22,2,30,7294.7,332,0,0,23.5937869822485,0,0,7974.7,338,0,0,0,0
"6080",2024-06-22,2,35,7228.7,330,0,0,23.5937869822485,0,0,7974.7,338,0,0,0,0
"6081",2024-06-22,2,40,7206.7,329,0,0,23.5937869822485,0,0,7974.7,338,0,0,0,0
"6082",2024-06-22,2,45,7206.7,329,0,0,23.5937869822485,0,0,7974.7,338,0,0,0,0
"6083",2024-06-22,2,50,7184.7,328,0,0,23.5937869822485,0,0,7974.7,338,0,0,0,0
"6084",2024-06-22,2,55,7206.7,329,0,0,23.5937869822485,0,0,7974.7,338,0,0,0,0
"6085",2024-06-22,3,45,7865.7,330,0,0,23.8410334346505,0,0,7865.7,330,0,0,0,0
"6086",2024-06-22,3,50,7865.7,330,0,0,23.8410334346505,0,0,7865.7,330,0,0,0,0
"6087",2024-06-22,3,55,7843.7,329,0,0,23.8410334346505,0,0,7865.7,330,0,0,0,0
"6088",2024-06-22,3,0,7151.7,329,0,0,23.8410334346505,0,0,7865.7,330,0,0,0,0
"6089",2024-06-22,3,5,6912.7,327,0,0,23.8410334346505,0,0,7865.7,330,0,0,0,0
"6090",2024-06-22,3,10,6890.7,326,0,0,23.8410334346505,0,0,7865.7,330,0,0,0,0
"6091",2024-06-22,3,15,6890.7,326,0,0,23.8410334346505,0,0,7865.7,330,0,0,0,0
"6092",2024-06-22,3,20,7018.7,326,0,0,23.8410334346505,0,0,7865.7,330,0,0,0,0
"6093",2024-06-22,3,25,6996.7,325,0,0,23.8410334346505,0,0,7865.7,330,0,0,0,0
"6094",2024-06-22,3,30,7026.7,325,0,0,23.8410334346505,0,0,7865.7,330,0,0,0,0
"6095",2024-06-22,3,35,7554.7,328,0,0,23.8410334346505,0,0,7865.7,330,0,0,0,0
"6096",2024-06-22,3,40,7532.7,327,0,0,23.8410334346505,0,0,7865.7,330,0,0,0,0
"6097",2024-06-22,4,0,7543.7,328,0,0,22.9990853658537,0,0,7543.7,328,0,0,0,0
"6098",2024-06-22,4,5,7096.7,324,0,0,22.9990853658537,0,0,7543.7,328,0,0,0,0
"6099",2024-06-22,4,10,7096.7,324,0,0,22.9990853658537,0,0,7543.7,328,0,0,0,0
"6100",2024-06-22,4,15,7074.7,323,0,0,22.9990853658537,0,0,7543.7,328,0,0,0,0
"6101",2024-06-22,4,20,7074.7,323,0,0,22.9990853658537,0,0,7543.7,328,0,0,0,0
"6102",2024-06-22,4,25,7074.7,323,0,0,22.9990853658537,0,0,7543.7,328,0,0,0,0
"6103",2024-06-22,4,30,6894.7,322,0,0,22.9990853658537,0,0,7543.7,328,0,0,0,0
"6104",2024-06-22,4,35,6800.7,319,0,0,22.9990853658537,0,0,7543.7,328,0,0,0,0
"6105",2024-06-22,4,40,6800.7,319,0,0,22.9990853658537,0,0,7543.7,328,0,0,0,0
"6106",2024-06-22,4,45,7122.7,321,0,0,22.9990853658537,0,0,7543.7,328,0,0,0,0
"6107",2024-06-22,4,50,7100.7,320,0,0,22.9990853658537,0,0,7543.7,328,0,0,0,0
"6108",2024-06-22,4,55,7188.7,322,0,0,22.9990853658537,0,0,7543.7,328,0,0,0,0
"6109",2024-06-22,5,0,7188.7,322,0,0,23.1811728395062,0,0,7510.7,324,0,0,0,0
"6110",2024-06-22,5,5,7510.7,324,0,0,23.1811728395062,0,0,7510.7,324,0,0,0,0
"6111",2024-06-22,5,10,7210.7,323,0,0,23.1811728395062,0,0,7510.7,324,0,0,0,0
"6112",2024-06-22,5,15,7144.7,322,0,0,23.1811728395062,0,0,7510.7,324,0,0,0,0
"6113",2024-06-22,5,20,7144.7,322,0,0,23.1811728395062,0,0,7510.7,324,0,0,0,0
"6114",2024-06-22,5,25,7144.7,322,0,0,23.1811728395062,0,0,7510.7,324,0,0,0,0
"6115",2024-06-22,5,30,7122.7,321,0,0,23.1811728395062,0,0,7510.7,324,0,0,0,0
"6116",2024-06-22,5,35,7250.7,321,0,0,23.1811728395062,0,0,7510.7,324,0,0,0,0
"6117",2024-06-22,5,40,7250.7,321,0,0,23.1811728395062,0,0,7510.7,324,0,0,0,0
"6118",2024-06-22,5,45,7272.7,322,0,0,23.1811728395062,0,0,7510.7,324,0,0,0,0
"6119",2024-06-22,5,50,7372.7,323,0,0,23.1811728395062,0,0,7510.7,324,0,0,0,0
"6120",2024-06-22,5,55,7372.7,323,0,0,23.1811728395062,0,0,7510.7,324,0,0,0,0
"6121",2024-06-22,6,0,7372.7,323,0,0,23.5704968944099,0,0,7589.7,323,0,0,0,0
"6122",2024-06-22,6,5,6878.7,319,0,0,23.5704968944099,0,0,7589.7,323,0,0,0,0
"6123",2024-06-22,6,10,6878.7,319,0,0,23.5704968944099,0,0,7589.7,323,0,0,0,0
"6124",2024-06-22,6,15,6867.7,318,0,0,23.5704968944099,0,0,7589.7,323,0,0,0,0
"6125",2024-06-22,6,20,6989.7,320,0,0,23.5704968944099,0,0,7589.7,323,0,0,0,0
"6126",2024-06-22,6,25,6989.7,320,0,0,23.5704968944099,0,0,7589.7,323,0,0,0,0
"6127",2024-06-22,6,30,7589.7,322,0,0,23.5704968944099,0,0,7589.7,323,0,0,0,0
"6128",2024-06-22,6,35,7456.7,319,0,0,23.5704968944099,0,0,7589.7,323,0,0,0,0
"6129",2024-06-22,6,40,7456.7,319,0,0,23.5704968944099,0,0,7589.7,323,0,0,0,0
"6130",2024-06-22,6,45,7500.7,321,0,0,23.5704968944099,0,0,7589.7,323,0,0,0,0
"6131",2024-06-22,6,50,7500.7,321,0,0,23.5704968944099,0,0,7589.7,323,0,0,0,0
"6132",2024-06-22,6,55,7500.7,321,0,0,23.5704968944099,0,0,7589.7,323,0,0,0,0
"6133",2024-06-22,7,0,7422.7,321,0,0,23.1236760124611,0,0,7422.7,321,0,0,0,0
"6134",2024-06-22,7,5,7422.7,321,0,0,23.1236760124611,0,0,7422.7,321,0,0,0,0
"6135",2024-06-22,7,10,7422.7,321,0,0,23.1236760124611,0,0,7422.7,321,0,0,0,0
"6136",2024-06-22,7,15,7422.7,321,0,0,23.1236760124611,0,0,7422.7,321,0,0,0,0
"6137",2024-06-22,7,20,7122.7,320,0,0,23.1236760124611,0,0,7422.7,321,0,0,0,0
"6138",2024-06-22,7,25,7122.7,320,0,0,23.1236760124611,0,0,7422.7,321,0,0,0,0
"6139",2024-06-22,7,30,7122.7,320,0,0,23.1236760124611,0,0,7422.7,321,0,0,0,0
"6140",2024-06-22,7,35,7100.7,319,0,0,23.1236760124611,0,0,7422.7,321,0,0,0,0
"6141",2024-06-22,7,40,7100.7,319,0,0,23.1236760124611,0,0,7422.7,321,0,0,0,0
"6142",2024-06-22,7,45,7133.7,321,0,0,23.1236760124611,0,0,7422.7,321,0,0,0,0
"6143",2024-06-22,7,50,6861.7,320,0,0,23.1236760124611,0,0,7422.7,321,0,0,0,0
"6144",2024-06-22,7,55,6861.7,320,0,0,23.1236760124611,0,0,7422.7,321,0,0,0,0
"6145",2024-06-22,8,0,6811.7,319,0,0,23.3752351097179,0,0,7456.7,321,0,0,0,0
"6146",2024-06-22,8,5,6723.7,315,0,0,23.3752351097179,0,0,7456.7,321,0,0,0,0
"6147",2024-06-22,8,10,6745.7,316,0,0,23.3752351097179,0,0,7456.7,321,0,0,0,0
"6148",2024-06-22,8,15,6745.7,316,0,0,23.3752351097179,0,0,7456.7,321,0,0,0,0
"6149",2024-06-22,8,20,7045.7,317,0,0,23.3752351097179,0,0,7456.7,321,0,0,0,0
"6150",2024-06-22,8,25,7367.7,319,0,0,23.3752351097179,0,0,7456.7,321,0,0,0,0
"6151",2024-06-22,8,30,7144.7,320,0,0,23.3752351097179,0,0,7456.7,321,0,0,0,0
"6152",2024-06-22,8,35,7222.7,321,0,0,23.3752351097179,0,0,7456.7,321,0,0,0,0
"6153",2024-06-22,8,40,7222.7,321,0,0,23.3752351097179,0,0,7456.7,321,0,0,0,0
"6154",2024-06-22,8,45,6922.7,320,0,0,23.3752351097179,0,0,7456.7,321,0,0,0,0
"6155",2024-06-22,8,50,7200.7,320,0,0,23.3752351097179,0,0,7456.7,321,0,0,0,0
"6156",2024-06-22,8,55,7456.7,319,0,0,23.3752351097179,0,0,7456.7,321,0,0,0,0
"6157",2024-06-22,9,0,7778.7,321,0,0,26.0389570552147,0,0,8488.7,326,0,0,0,0
"6158",2024-06-22,9,5,7944.7,325,0,0,26.0389570552147,0,0,8488.7,326,0,0,0,0
"6159",2024-06-22,9,10,7666.7,326,0,0,26.0389570552147,0,0,8488.7,326,0,0,0,0
"6160",2024-06-22,9,15,7933.7,325,0,0,26.0389570552147,0,0,8488.7,326,0,0,0,0
"6161",2024-06-22,9,20,8167.7,323,0,0,26.0389570552147,0,0,8488.7,326,0,0,0,0
"6162",2024-06-22,9,25,8189.7,323,0,0,26.0389570552147,0,0,8488.7,326,0,0,0,0
"6163",2024-06-22,9,30,8211.7,324,0,0,26.0389570552147,0,0,8488.7,326,0,0,0,0
"6164",2024-06-22,9,35,8488.7,326,0,0,26.0389570552147,0,0,8488.7,326,0,0,0,0
"6165",2024-06-22,9,40,8075.7,317,0,0,26.0389570552147,0,0,8488.7,326,0,0,0,0
"6166",2024-06-22,9,45,8141.7,320,0,0,26.0389570552147,0,0,8488.7,326,0,0,0,0
"6167",2024-06-22,9,50,8108.7,319,0,0,26.0389570552147,0,0,8488.7,326,0,0,0,0
"6168",2024-06-22,9,55,8218.7,322,0,0,26.0389570552147,0,0,8488.7,326,0,0,0,0
"6169",2024-06-22,10,25,10853.7,350,0,0,31.324011299435,0,0,11088.7,374,0,0,0,0
"6170",2024-06-22,10,30,11088.7,354,0,0,31.324011299435,0,0,11088.7,374,0,0,0,0
"6171",2024-06-22,10,35,10066.7,358,0,0,31.324011299435,0,0,11088.7,374,0,0,0,0
"6172",2024-06-22,10,40,10202.4,365,0,0,31.324011299435,0,0,11088.7,374,0,0,0,0
"6173",2024-06-22,10,45,10057.4,370,0,0,31.324011299435,0,0,11088.7,374,0,0,0,0
"6174",2024-06-22,10,50,9473.4,367,0,0,31.324011299435,0,0,11088.7,374,0,0,0,0
"6175",2024-06-22,10,55,10330.4,374,0,0,31.324011299435,0,0,11088.7,374,0,0,0,0
"6176",2024-06-22,10,0,8470.7,325,0,0,31.324011299435,0,0,11088.7,374,0,0,0,0
"6177",2024-06-22,10,5,9221.7,333,0,0,31.324011299435,0,0,11088.7,374,0,0,0,0
"6178",2024-06-22,10,10,9627.7,335,0,0,31.324011299435,0,0,11088.7,374,0,0,0,0
"6179",2024-06-22,10,15,10006.7,340,0,0,31.324011299435,0,0,11088.7,374,0,0,0,0
"6180",2024-06-22,10,20,10639.7,345,0,0,31.324011299435,0,0,11088.7,374,0,0,0,0
"6181",2024-06-22,11,0,9769.4,373,0,0,30.8496437054632,0,0,13151.7,427,0,0,0,0
"6182",2024-06-22,11,5,9508.4,382,0,0,30.8496437054632,0,0,13151.7,427,0,0,0,0
"6183",2024-06-22,11,10,9645.4,385,0,0,30.8496437054632,0,0,13151.7,427,0,0,0,0
"6184",2024-06-22,11,15,9558.4,386,0,0,30.8496437054632,0,0,13151.7,427,0,0,0,0
"6185",2024-06-22,11,20,10370.4,391,0,0,30.8496437054632,0,0,13151.7,427,0,0,0,0
"6186",2024-06-22,11,25,10686.4,398,0,0,30.8496437054632,0,0,13151.7,427,0,0,0,0
"6187",2024-06-22,11,30,10784.4,401,0,0,30.8496437054632,0,0,13151.7,427,0,0,0,0
"6188",2024-06-22,11,35,12275.7,416,0,0,30.8496437054632,0,0,13151.7,427,0,0,0,0
"6189",2024-06-22,11,40,12603.7,416,0,0,30.8496437054632,0,0,13151.7,427,0,0,0,0
"6190",2024-06-22,11,45,12987.7,421,0,0,30.8496437054632,0,0,13151.7,427,0,0,0,0
"6191",2024-06-22,11,50,12923.7,422,0,0,30.8496437054632,0,0,13151.7,427,0,0,0,0
"6192",2024-06-22,11,55,13151.7,427,0,0,30.8496437054632,0,0,13151.7,427,0,0,0,0
"6193",2024-06-22,12,0,14566.7,439,0,0,33.1815489749431,0,0,14566.7,468,0,0,0,0
"6194",2024-06-22,12,5,14157.7,449,0,0,33.1815489749431,0,0,14566.7,468,0,0,0,0
"6195",2024-06-22,12,10,13722.4,447,0,0,33.1815489749431,0,0,14566.7,468,0,0,0,0
"6196",2024-06-22,12,15,13486.1,446,0,0,33.1815489749431,0,0,14566.7,468,0,0,0,0
"6197",2024-06-22,12,20,13242.1,447,0,0,33.1815489749431,0,0,14566.7,468,0,0,0,0
"6198",2024-06-22,12,25,13312.1,447,0,0,33.1815489749431,0,0,14566.7,468,0,0,0,0
"6199",2024-06-22,12,30,13707.1,452,0,0,33.1815489749431,0,0,14566.7,468,0,0,0,0
"6200",2024-06-22,12,35,14012.1,452,0,0,33.1815489749431,0,0,14566.7,468,0,0,0,0
"6201",2024-06-22,12,40,13979.8,455,0,0,33.1815489749431,0,0,14566.7,468,0,0,0,0
"6202",2024-06-22,12,45,14192.5,468,0,0,33.1815489749431,0,0,14566.7,468,0,0,0,0
"6203",2024-06-22,12,50,13410.5,468,0,0,33.1815489749431,0,0,14566.7,468,0,0,0,0
"6204",2024-06-22,12,55,13305.5,466,0,0,33.1815489749431,0,0,14566.7,468,0,0,0,0
"6205",2024-06-22,13,0,13416.5,469,0,0,31.3225672877847,0,0,15128.8,489,0,0,0,0
"6206",2024-06-22,13,5,14380.5,489,0,0,31.3225672877847,0,0,15128.8,489,0,0,0,0
"6207",2024-06-22,13,10,14215.5,479,0,0,31.3225672877847,0,0,15128.8,489,0,0,0,0
"6208",2024-06-22,13,15,14944.5,480,0,0,31.3225672877847,0,0,15128.8,489,0,0,0,0
"6209",2024-06-22,13,20,14540.5,480,0,0,31.3225672877847,0,0,15128.8,489,0,0,0,0
"6210",2024-06-22,13,25,14548.5,478,0,0,31.3225672877847,0,0,15128.8,489,0,0,0,0
"6211",2024-06-22,13,30,14392.5,475,0,0,31.3225672877847,0,0,15128.8,489,0,0,0,0
"6212",2024-06-22,13,35,14590.5,472,0,0,31.3225672877847,0,0,15128.8,489,0,0,0,0
"6213",2024-06-22,13,40,14411.8,471,0,0,31.3225672877847,0,0,15128.8,489,0,0,0,0
"6214",2024-06-22,13,45,13872.8,471,0,0,31.3225672877847,0,0,15128.8,489,0,0,0,0
"6215",2024-06-22,13,50,14304.8,479,0,0,31.3225672877847,0,0,15128.8,489,0,0,0,0
"6216",2024-06-22,13,55,15128.8,483,0,0,31.3225672877847,0,0,15128.8,489,0,0,0,0
"6217",2024-06-22,14,0,14966.8,487,0,0,30.8802469135802,0,0,15084.8,489,0,0,0,0
"6218",2024-06-22,14,5,15084.8,489,0,0,30.8802469135802,0,0,15084.8,489,0,0,0,0
"6219",2024-06-22,14,10,15007.8,486,0,0,30.8802469135802,0,0,15084.8,489,0,0,0,0
"6220",2024-06-22,14,35,11896.8,472,0,0,30.8802469135802,0,0,15084.8,489,0,0,0,0
"6221",2024-06-22,14,40,13694.8,480,0,0,30.8802469135802,0,0,15084.8,489,0,0,0,0
"6222",2024-06-22,14,45,13801.8,483,0,0,30.8802469135802,0,0,15084.8,489,0,0,0,0
"6223",2024-06-22,14,50,14492.8,485,0,0,30.8802469135802,0,0,15084.8,489,0,0,0,0
"6224",2024-06-22,14,55,14452.8,482,0,0,30.8802469135802,0,0,15084.8,489,0,0,0,0
"6225",2024-06-22,14,15,14236.8,477,0,0,30.8802469135802,0,0,15084.8,489,0,0,0,0
"6226",2024-06-22,14,20,13463.8,480,0,0,30.8802469135802,0,0,15084.8,489,0,0,0,0
"6227",2024-06-22,14,25,13434.8,477,0,0,30.8802469135802,0,0,15084.8,489,0,0,0,0
"6228",2024-06-22,14,30,13099.8,478,0,0,30.8802469135802,0,0,15084.8,489,0,0,0,0
"6229",2024-06-22,15,0,14638.1,480,0,0,30.4960416666667,0,0,14638.1,482,0,0,0,0
"6230",2024-06-22,15,5,14204.1,482,0,0,30.4960416666667,0,0,14638.1,482,0,0,0,0
"6231",2024-06-22,15,10,13657.1,476,0,0,30.4960416666667,0,0,14638.1,482,0,0,0,0
"6232",2024-06-22,15,15,12987.4,470,0,0,30.4960416666667,0,0,14638.1,482,0,0,0,0
"6233",2024-06-22,15,20,13369.1,472,0,0,30.4960416666667,0,0,14638.1,482,0,0,0,0
"6234",2024-06-22,15,25,13037.1,471,0,0,30.4960416666667,0,0,14638.1,482,0,0,0,0
"6235",2024-06-22,15,30,13261.1,472,0,0,30.4960416666667,0,0,14638.1,482,0,0,0,0
"6236",2024-06-22,15,35,11693.1,464,0,0,30.4960416666667,0,0,14638.1,482,0,0,0,0
"6237",2024-06-22,15,40,11993.1,464,0,0,30.4960416666667,0,0,14638.1,482,0,0,0,0
"6238",2024-06-22,15,45,11788.1,465,0,0,30.4960416666667,0,0,14638.1,482,0,0,0,0
"6239",2024-06-22,15,50,11450.4,466,0,0,30.4960416666667,0,0,14638.1,482,0,0,0,0
"6240",2024-06-22,15,55,11784.4,473,0,0,30.4960416666667,0,0,14638.1,482,0,0,0,0
"6241",2024-06-22,16,0,12885.4,472,0,0,32.0046666666667,0,0,14402.1,472,0,0,0,0
"6242",2024-06-22,16,5,13801.4,471,0,0,32.0046666666667,0,0,14402.1,472,0,0,0,0
"6243",2024-06-22,16,10,13850.4,470,0,0,32.0046666666667,0,0,14402.1,472,0,0,0,0
"6244",2024-06-22,16,15,14109.4,465,0,0,32.0046666666667,0,0,14402.1,472,0,0,0,0
"6245",2024-06-22,16,20,13408.4,459,0,0,32.0046666666667,0,0,14402.1,472,0,0,0,0
"6246",2024-06-22,16,25,13280.1,457,0,0,32.0046666666667,0,0,14402.1,472,0,0,0,0
"6247",2024-06-22,16,30,13627.1,451,0,0,32.0046666666667,0,0,14402.1,472,0,0,0,0
"6248",2024-06-22,16,35,13804.1,442,0,0,32.0046666666667,0,0,14402.1,472,0,0,0,0
"6249",2024-06-22,16,40,13250.1,442,0,0,32.0046666666667,0,0,14402.1,472,0,0,0,0
"6250",2024-06-22,16,45,14244.1,450,0,0,32.0046666666667,0,0,14402.1,472,0,0,0,0
"6251",2024-06-22,16,50,14402.1,450,0,0,32.0046666666667,0,0,14402.1,472,0,0,0,0
"6252",2024-06-22,16,55,13089.1,444,0,0,32.0046666666667,0,0,14402.1,472,0,0,0,0
"6253",2024-06-22,17,0,13162.1,443,0,0,32.8331002331002,0,0,14085.4,443,0,0,0,0
"6254",2024-06-22,17,5,13841.1,438,0,0,32.8331002331002,0,0,14085.4,443,0,0,0,0
"6255",2024-06-22,17,10,13770.4,440,0,0,32.8331002331002,0,0,14085.4,443,0,0,0,0
"6256",2024-06-22,17,15,12760.4,432,0,0,32.8331002331002,0,0,14085.4,443,0,0,0,0
"6257",2024-06-22,17,20,12363.4,428,0,0,32.8331002331002,0,0,14085.4,443,0,0,0,0
"6258",2024-06-22,17,25,12209.4,419,0,0,32.8331002331002,0,0,14085.4,443,0,0,0,0
"6259",2024-06-22,17,30,12710.4,416,0,0,32.8331002331002,0,0,14085.4,443,0,0,0,0
"6260",2024-06-22,17,35,13632.4,425,0,0,32.8331002331002,0,0,14085.4,443,0,0,0,0
"6261",2024-06-22,17,40,13277.4,420,0,0,32.8331002331002,0,0,14085.4,443,0,0,0,0
"6262",2024-06-22,17,45,14085.4,429,0,0,32.8331002331002,0,0,14085.4,443,0,0,0,0
"6263",2024-06-22,17,50,12867.4,425,0,0,32.8331002331002,0,0,14085.4,443,0,0,0,0
"6264",2024-06-22,17,55,13156.4,426,0,0,32.8331002331002,0,0,14085.4,443,0,0,0,0
"6265",2024-06-22,18,0,13987.4,428,0,0,44.2266009852217,0,0,13987.4,428,0,0,0,0
"6266",2024-06-22,18,5,13418.4,407,0,0,44.2266009852217,0,0,13987.4,428,0,0,0,0
"6267",2024-06-22,18,10,13123.4,402,0,0,44.2266009852217,0,0,13987.4,428,0,0,0,0
"6268",2024-06-22,18,15,7778,199,0,0,44.2266009852217,0,0,13987.4,428,0,0,0,0
"6269",2024-06-22,18,20,8978,203,0,0,44.2266009852217,0,0,13987.4,428,0,0,0,0
"6270",2024-06-22,18,25,12647.4,398,0,0,44.2266009852217,0,0,13987.4,428,0,0,0,0
"6271",2024-06-22,18,30,12887.4,396,0,0,44.2266009852217,0,0,13987.4,428,0,0,0,0
"6272",2024-06-22,18,35,12220.4,378,0,0,44.2266009852217,0,0,13987.4,428,0,0,0,0
"6273",2024-06-22,18,40,11374.4,373,0,0,44.2266009852217,0,0,13987.4,428,0,0,0,0
"6274",2024-06-22,18,45,11568.4,375,0,0,44.2266009852217,0,0,13987.4,428,0,0,0,0
"6275",2024-06-22,18,50,11536.4,373,0,0,44.2266009852217,0,0,13987.4,428,0,0,0,0
"6276",2024-06-22,18,55,11519.4,373,0,0,44.2266009852217,0,0,13987.4,428,0,0,0,0
"6277",2024-06-22,19,0,11857.1,373,0,0,33.1484042553192,0,0,12463.8,380,0,0,0,0
"6278",2024-06-22,19,5,11644.8,374,0,0,33.1484042553192,0,0,12463.8,380,0,0,0,0
"6279",2024-06-22,19,10,11857.8,373,0,0,33.1484042553192,0,0,12463.8,380,0,0,0,0
"6280",2024-06-22,19,15,12061.8,371,0,0,33.1484042553192,0,0,12463.8,380,0,0,0,0
"6281",2024-06-22,19,20,12159.8,371,0,0,33.1484042553192,0,0,12463.8,380,0,0,0,0
"6282",2024-06-22,19,25,12463.8,376,0,0,33.1484042553192,0,0,12463.8,380,0,0,0,0
"6283",2024-06-22,19,30,12085.8,374,0,0,33.1484042553192,0,0,12463.8,380,0,0,0,0
"6284",2024-06-22,19,35,12217.8,379,0,0,33.1484042553192,0,0,12463.8,380,0,0,0,0
"6285",2024-06-22,19,40,12117.8,379,0,0,33.1484042553192,0,0,12463.8,380,0,0,0,0
"6286",2024-06-22,19,45,12134.8,380,0,0,33.1484042553192,0,0,12463.8,380,0,0,0,0
"6287",2024-06-22,19,50,11285.1,374,0,0,33.1484042553192,0,0,12463.8,380,0,0,0,0
"6288",2024-06-22,19,55,10874.1,370,0,0,33.1484042553192,0,0,12463.8,380,0,0,0,0
"6289",2024-06-22,20,0,10602.1,373,0,0,32.0559681697613,0,0,12085.1,380,0,0,0,0
"6290",2024-06-22,20,5,11214.1,369,0,0,32.0559681697613,0,0,12085.1,380,0,0,0,0
"6291",2024-06-22,20,10,10923.1,371,0,0,32.0559681697613,0,0,12085.1,380,0,0,0,0
"6292",2024-06-22,20,15,11304.1,373,0,0,32.0559681697613,0,0,12085.1,380,0,0,0,0
"6293",2024-06-22,20,20,11593.1,374,0,0,32.0559681697613,0,0,12085.1,380,0,0,0,0
"6294",2024-06-22,20,25,11587.1,375,0,0,32.0559681697613,0,0,12085.1,380,0,0,0,0
"6295",2024-06-22,20,30,12085.1,377,0,0,32.0559681697613,0,0,12085.1,380,0,0,0,0
"6296",2024-06-22,20,35,11558.1,372,0,0,32.0559681697613,0,0,12085.1,380,0,0,0,0
"6297",2024-06-22,20,40,11510.1,373,0,0,32.0559681697613,0,0,12085.1,380,0,0,0,0
"6298",2024-06-22,20,45,11617.1,378,0,0,32.0559681697613,0,0,12085.1,380,0,0,0,0
"6299",2024-06-22,20,50,11328.1,377,0,0,32.0559681697613,0,0,12085.1,380,0,0,0,0
"6300",2024-06-22,20,55,11950.1,380,0,0,32.0559681697613,0,0,12085.1,380,0,0,0,0
"6301",2024-06-22,21,0,11971.5,382,0,0,31.5346153846154,0,0,12298.5,399,0,0,0,0
"6302",2024-06-22,21,5,12298.5,390,0,0,31.5346153846154,0,0,12298.5,399,0,0,0,0
"6303",2024-06-22,21,10,12290.5,390,0,0,31.5346153846154,0,0,12298.5,399,0,0,0,0
"6304",2024-06-22,21,15,11829.8,391,0,0,31.5346153846154,0,0,12298.5,399,0,0,0,0
"6305",2024-06-22,21,20,12268.8,392,0,0,31.5346153846154,0,0,12298.5,399,0,0,0,0
"6306",2024-06-22,21,25,11562.8,393,0,0,31.5346153846154,0,0,12298.5,399,0,0,0,0
"6307",2024-06-22,21,30,11262.8,392,0,0,31.5346153846154,0,0,12298.5,399,0,0,0,0
"6308",2024-06-22,21,35,10931.8,398,0,0,31.5346153846154,0,0,12298.5,399,0,0,0,0
"6309",2024-06-22,21,40,11416.8,395,0,0,31.5346153846154,0,0,12298.5,399,0,0,0,0
"6310",2024-06-22,21,45,10948.8,399,0,0,31.5346153846154,0,0,12298.5,399,0,0,0,0
"6311",2024-06-22,21,50,10451.8,393,0,0,31.5346153846154,0,0,12298.5,399,0,0,0,0
"6312",2024-06-22,21,55,10456.8,396,0,0,31.5346153846154,0,0,12298.5,399,0,0,0,0
"6313",2024-06-22,22,0,10928.8,400,0,0,27.5342245989305,0,0,10928.8,400,0,0,0,0
"6314",2024-06-22,22,5,9982.8,380,0,0,27.5342245989305,0,0,10928.8,400,0,0,0,0
"6315",2024-06-22,22,10,10070.8,380,0,0,27.5342245989305,0,0,10928.8,400,0,0,0,0
"6316",2024-06-22,22,15,10392.8,382,0,0,27.5342245989305,0,0,10928.8,400,0,0,0,0
"6317",2024-06-22,22,20,9825.8,379,0,0,27.5342245989305,0,0,10928.8,400,0,0,0,0
"6318",2024-06-22,22,25,9716.8,377,0,0,27.5342245989305,0,0,10928.8,400,0,0,0,0
"6319",2024-06-22,22,30,10038.8,379,0,0,27.5342245989305,0,0,10928.8,400,0,0,0,0
"6320",2024-06-22,22,35,10297.8,374,0,0,27.5342245989305,0,0,10928.8,400,0,0,0,0
"6321",2024-06-22,22,40,10330.8,376,0,0,27.5342245989305,0,0,10928.8,400,0,0,0,0
"6322",2024-06-22,22,45,10236.8,373,0,0,27.5342245989305,0,0,10928.8,400,0,0,0,0
"6323",2024-06-22,22,50,10141.8,374,0,0,27.5342245989305,0,0,10928.8,400,0,0,0,0
"6324",2024-06-22,22,55,10219.8,375,0,0,27.5342245989305,0,0,10928.8,400,0,0,0,0
"6325",2024-06-22,23,0,9480.8,373,0,0,27.4605479452055,0,0,10023.1,373,0,0,0,0
"6326",2024-06-22,23,5,8988.8,356,0,0,27.4605479452055,0,0,10023.1,373,0,0,0,0
"6327",2024-06-22,23,10,9318.8,367,0,0,27.4605479452055,0,0,10023.1,373,0,0,0,0
"6328",2024-06-22,23,15,9240.8,368,0,0,27.4605479452055,0,0,10023.1,373,0,0,0,0
"6329",2024-06-22,23,20,9218.8,367,0,0,27.4605479452055,0,0,10023.1,373,0,0,0,0
"6330",2024-06-22,23,35,8943.8,357,0,0,27.4605479452055,0,0,10023.1,373,0,0,0,0
"6331",2024-06-22,23,40,8843.8,356,0,0,27.4605479452055,0,0,10023.1,373,0,0,0,0
"6332",2024-06-22,23,45,9122.8,359,0,0,27.4605479452055,0,0,10023.1,373,0,0,0,0
"6333",2024-06-22,23,50,9502.1,361,0,0,27.4605479452055,0,0,10023.1,373,0,0,0,0
"6334",2024-06-22,23,55,10023.1,365,0,0,27.4605479452055,0,0,10023.1,373,0,0,0,0
"6335",2024-06-22,23,25,8961.8,364,0,0,27.4605479452055,0,0,10023.1,373,0,0,0,0
"6336",2024-06-22,23,30,8868.1,359,0,0,27.4605479452055,0,0,10023.1,373,0,0,0,0
"6337",2024-06-23,0,0,9747.4,329,0,0,30.0044444444444,0,0,9747.4,329,0,0,0,0
"6338",2024-06-23,0,5,8979.4,312,0,0,30.0044444444444,0,0,9747.4,329,0,0,0,0
"6339",2024-06-23,0,10,9451.4,315,0,0,30.0044444444444,0,0,9747.4,329,0,0,0,0
"6340",2024-06-23,0,15,9107.4,312,0,0,30.0044444444444,0,0,9747.4,329,0,0,0,0
"6341",2024-06-23,0,20,9257.4,312,0,0,30.0044444444444,0,0,9747.4,329,0,0,0,0
"6342",2024-06-23,0,25,8401.4,311,0,0,30.0044444444444,0,0,9747.4,329,0,0,0,0
"6343",2024-06-23,0,30,7307.4,304,0,0,30.0044444444444,0,0,9747.4,329,0,0,0,0
"6344",2024-06-23,0,35,8058.4,308,0,0,30.0044444444444,0,0,9747.4,329,0,0,0,0
"6345",2024-06-23,0,40,8147.4,307,0,0,30.0044444444444,0,0,9747.4,329,0,0,0,0
"6346",2024-06-23,0,45,7847.4,306,0,0,30.0044444444444,0,0,9747.4,329,0,0,0,0
"6347",2024-06-23,0,50,7869.4,307,0,0,30.0044444444444,0,0,9747.4,329,0,0,0,0
"6348",2024-06-23,0,55,7847.4,306,0,0,30.0044444444444,0,0,9747.4,329,0,0,0,0
"6349",2024-06-23,1,0,8164.4,306,0,0,26.681045751634,0,0,8164.4,306,0,0,0,0
"6350",2024-06-23,1,5,7239.4,300,0,0,26.681045751634,0,0,8164.4,306,0,0,0,0
"6351",2024-06-23,1,10,6131.4,287,0,0,26.681045751634,0,0,8164.4,306,0,0,0,0
"6352",2024-06-23,1,15,6748.4,288,0,0,26.681045751634,0,0,8164.4,306,0,0,0,0
"6353",2024-06-23,1,20,6426.4,286,0,0,26.681045751634,0,0,8164.4,306,0,0,0,0
"6354",2024-06-23,1,25,6126.4,285,0,0,26.681045751634,0,0,8164.4,306,0,0,0,0
"6355",2024-06-23,1,30,6154.4,285,0,0,26.681045751634,0,0,8164.4,306,0,0,0,0
"6356",2024-06-23,1,35,5605.4,269,0,0,26.681045751634,0,0,8164.4,306,0,0,0,0
"6357",2024-06-23,1,40,5577.4,269,0,0,26.681045751634,0,0,8164.4,306,0,0,0,0
"6358",2024-06-23,1,45,5577.4,269,0,0,26.681045751634,0,0,8164.4,306,0,0,0,0
"6359",2024-06-23,1,50,5577.4,269,0,0,26.681045751634,0,0,8164.4,306,0,0,0,0
"6360",2024-06-23,1,55,5760.4,272,0,0,26.681045751634,0,0,8164.4,306,0,0,0,0
"6361",2024-06-23,2,0,7102.4,326,0,0,24.1464516129032,0,0,7551.4,326,0,0,0,0
"6362",2024-06-23,2,5,7273.4,313,0,0,24.1464516129032,0,0,7551.4,326,0,0,0,0
"6363",2024-06-23,2,10,7551.4,313,0,0,24.1464516129032,0,0,7551.4,326,0,0,0,0
"6364",2024-06-23,2,15,7507.4,311,0,0,24.1464516129032,0,0,7551.4,326,0,0,0,0
"6365",2024-06-23,2,20,7485.4,310,0,0,24.1464516129032,0,0,7551.4,326,0,0,0,0
"6366",2024-06-23,2,25,7185.4,309,0,0,24.1464516129032,0,0,7551.4,326,0,0,0,0
"6367",2024-06-23,2,30,7207.4,310,0,0,24.1464516129032,0,0,7551.4,326,0,0,0,0
"6368",2024-06-23,2,35,7038.4,307,0,0,24.1464516129032,0,0,7551.4,326,0,0,0,0
"6369",2024-06-23,2,40,7283.4,305,0,0,24.1464516129032,0,0,7551.4,326,0,0,0,0
"6370",2024-06-23,2,45,6983.4,304,0,0,24.1464516129032,0,0,7551.4,326,0,0,0,0
"6371",2024-06-23,2,50,7047.4,306,0,0,24.1464516129032,0,0,7551.4,326,0,0,0,0
"6372",2024-06-23,2,55,7369.4,308,0,0,24.1464516129032,0,0,7551.4,326,0,0,0,0
"6373",2024-06-23,3,0,6769.4,306,0,0,22.1222222222222,0,0,6769.4,310,0,0,0,0
"6374",2024-06-23,3,5,6655.4,309,0,0,22.1222222222222,0,0,6769.4,310,0,0,0,0
"6375",2024-06-23,3,10,6655.4,309,0,0,22.1222222222222,0,0,6769.4,310,0,0,0,0
"6376",2024-06-23,3,15,6633.4,308,0,0,22.1222222222222,0,0,6769.4,310,0,0,0,0
"6377",2024-06-23,3,20,6333.4,307,0,0,22.1222222222222,0,0,6769.4,310,0,0,0,0
"6378",2024-06-23,3,25,6355.4,308,0,0,22.1222222222222,0,0,6769.4,310,0,0,0,0
"6379",2024-06-23,3,30,6557.4,310,0,0,22.1222222222222,0,0,6769.4,310,0,0,0,0
"6380",2024-06-23,3,35,6254.4,305,0,0,22.1222222222222,0,0,6769.4,310,0,0,0,0
"6381",2024-06-23,3,40,6232.4,304,0,0,22.1222222222222,0,0,6769.4,310,0,0,0,0
"6382",2024-06-23,3,45,6254.4,305,0,0,22.1222222222222,0,0,6769.4,310,0,0,0,0
"6383",2024-06-23,3,50,6074.4,304,0,0,22.1222222222222,0,0,6769.4,310,0,0,0,0
"6384",2024-06-23,3,55,6074.4,304,0,0,22.1222222222222,0,0,6769.4,310,0,0,0,0
"6385",2024-06-23,4,0,6396.4,306,0,0,21.4915032679739,0,0,6576.4,306,0,0,0,0
"6386",2024-06-23,4,5,6198.4,296,0,0,21.4915032679739,0,0,6576.4,306,0,0,0,0
"6387",2024-06-23,4,10,6396.4,305,0,0,21.4915032679739,0,0,6576.4,306,0,0,0,0
"6388",2024-06-23,4,15,6576.4,306,0,0,21.4915032679739,0,0,6576.4,306,0,0,0,0
"6389",2024-06-23,4,20,6276.4,305,0,0,21.4915032679739,0,0,6576.4,306,0,0,0,0
"6390",2024-06-23,4,25,6276.4,305,0,0,21.4915032679739,0,0,6576.4,306,0,0,0,0
"6391",2024-06-23,4,30,6336.4,306,0,0,21.4915032679739,0,0,6576.4,306,0,0,0,0
"6392",2024-06-23,4,35,6047.4,305,0,0,21.4915032679739,0,0,6576.4,306,0,0,0,0
"6393",2024-06-23,4,40,6047.4,305,0,0,21.4915032679739,0,0,6576.4,306,0,0,0,0
"6394",2024-06-23,4,45,6025.4,304,0,0,21.4915032679739,0,0,6576.4,306,0,0,0,0
"6395",2024-06-23,4,50,6003.4,303,0,0,21.4915032679739,0,0,6576.4,306,0,0,0,0
"6396",2024-06-23,4,55,6003.4,303,0,0,21.4915032679739,0,0,6576.4,306,0,0,0,0
"6397",2024-06-23,5,0,5823.4,302,0,0,21.8258278145695,0,0,6591.4,303,0,0,0,0
"6398",2024-06-23,5,5,6095.4,303,0,0,21.8258278145695,0,0,6591.4,303,0,0,0,0
"6399",2024-06-23,5,10,6073.4,302,0,0,21.8258278145695,0,0,6591.4,303,0,0,0,0
"6400",2024-06-23,5,15,6373.4,303,0,0,21.8258278145695,0,0,6591.4,303,0,0,0,0
"6401",2024-06-23,5,20,6591.4,302,0,0,21.8258278145695,0,0,6591.4,303,0,0,0,0
"6402",2024-06-23,5,25,6313.4,302,0,0,21.8258278145695,0,0,6591.4,303,0,0,0,0
"6403",2024-06-23,5,30,6313.4,302,0,0,21.8258278145695,0,0,6591.4,303,0,0,0,0
"6404",2024-06-23,5,35,6185.4,303,0,0,21.8258278145695,0,0,6591.4,303,0,0,0,0
"6405",2024-06-23,5,40,6163.4,302,0,0,21.8258278145695,0,0,6591.4,303,0,0,0,0
"6406",2024-06-23,5,45,6163.4,302,0,0,21.8258278145695,0,0,6591.4,303,0,0,0,0
"6407",2024-06-23,5,50,6163.4,302,0,0,21.8258278145695,0,0,6591.4,303,0,0,0,0
"6408",2024-06-23,5,55,6163.4,302,0,0,21.8258278145695,0,0,6591.4,303,0,0,0,0
"6409",2024-06-23,6,0,6163.4,302,0,0,21.8993421052632,0,0,6657.4,305,0,0,0,0
"6410",2024-06-23,6,5,6035.4,302,0,0,21.8993421052632,0,0,6657.4,305,0,0,0,0
"6411",2024-06-23,6,10,6057.4,303,0,0,21.8993421052632,0,0,6657.4,305,0,0,0,0
"6412",2024-06-23,6,15,6057.4,303,0,0,21.8993421052632,0,0,6657.4,305,0,0,0,0
"6413",2024-06-23,6,20,6057.4,303,0,0,21.8993421052632,0,0,6657.4,305,0,0,0,0
"6414",2024-06-23,6,25,6379.4,305,0,0,21.8993421052632,0,0,6657.4,305,0,0,0,0
"6415",2024-06-23,6,30,6379.4,305,0,0,21.8993421052632,0,0,6657.4,305,0,0,0,0
"6416",2024-06-23,6,35,6657.4,304,0,0,21.8993421052632,0,0,6657.4,305,0,0,0,0
"6417",2024-06-23,6,40,6357.4,303,0,0,21.8993421052632,0,0,6657.4,305,0,0,0,0
"6418",2024-06-23,6,45,6139.4,293,0,0,21.8993421052632,0,0,6657.4,305,0,0,0,0
"6419",2024-06-23,6,50,6139.4,293,0,0,21.8993421052632,0,0,6657.4,305,0,0,0,0
"6420",2024-06-23,6,55,6392.4,305,0,0,21.8993421052632,0,0,6657.4,305,0,0,0,0
"6421",2024-06-23,7,0,6392.4,305,0,0,23.3109677419355,0,0,7226.4,310,0,0,0,0
"6422",2024-06-23,7,5,6556.4,310,0,0,23.3109677419355,0,0,7226.4,310,0,0,0,0
"6423",2024-06-23,7,10,6556.4,310,0,0,23.3109677419355,0,0,7226.4,310,0,0,0,0
"6424",2024-06-23,7,15,6232.4,308,0,0,23.3109677419355,0,0,7226.4,310,0,0,0,0
"6425",2024-06-23,7,20,6232.4,308,0,0,23.3109677419355,0,0,7226.4,310,0,0,0,0
"6426",2024-06-23,7,25,6225.4,308,0,0,23.3109677419355,0,0,7226.4,310,0,0,0,0
"6427",2024-06-23,7,30,6503.4,308,0,0,23.3109677419355,0,0,7226.4,310,0,0,0,0
"6428",2024-06-23,7,35,6566.4,308,0,0,23.3109677419355,0,0,7226.4,310,0,0,0,0
"6429",2024-06-23,7,40,6626.4,308,0,0,23.3109677419355,0,0,7226.4,310,0,0,0,0
"6430",2024-06-23,7,45,6626.4,308,0,0,23.3109677419355,0,0,7226.4,310,0,0,0,0
"6431",2024-06-23,7,50,6626.4,308,0,0,23.3109677419355,0,0,7226.4,310,0,0,0,0
"6432",2024-06-23,7,55,7226.4,310,0,0,23.3109677419355,0,0,7226.4,310,0,0,0,0
"6433",2024-06-23,8,0,7248.4,311,0,0,23.3658064516129,0,0,7248.4,311,0,0,0,0
"6434",2024-06-23,8,5,7243.4,310,0,0,23.3658064516129,0,0,7248.4,311,0,0,0,0
"6435",2024-06-23,8,10,7183.4,310,0,0,23.3658064516129,0,0,7248.4,311,0,0,0,0
"6436",2024-06-23,8,15,6861.4,308,0,0,23.3658064516129,0,0,7248.4,311,0,0,0,0
"6437",2024-06-23,8,20,6839.4,307,0,0,23.3658064516129,0,0,7248.4,311,0,0,0,0
"6438",2024-06-23,8,25,6795.4,305,0,0,23.3658064516129,0,0,7248.4,311,0,0,0,0
"6439",2024-06-23,8,30,6473.4,303,0,0,23.3658064516129,0,0,7248.4,311,0,0,0,0
"6440",2024-06-23,8,35,6385.4,299,0,0,23.3658064516129,0,0,7248.4,311,0,0,0,0
"6441",2024-06-23,8,40,6407.4,300,0,0,23.3658064516129,0,0,7248.4,311,0,0,0,0
"6442",2024-06-23,8,45,6407.4,300,0,0,23.3658064516129,0,0,7248.4,311,0,0,0,0
"6443",2024-06-23,8,50,6385.4,299,0,0,23.3658064516129,0,0,7248.4,311,0,0,0,0
"6444",2024-06-23,8,55,6085.4,298,0,0,23.3658064516129,0,0,7248.4,311,0,0,0,0
"6445",2024-06-23,9,0,6513.4,299,0,0,22.6013333333333,0,0,6844.4,306,0,0,0,0
"6446",2024-06-23,9,5,6816.4,306,0,0,22.6013333333333,0,0,6844.4,306,0,0,0,0
"6447",2024-06-23,9,10,6844.4,306,0,0,22.6013333333333,0,0,6844.4,306,0,0,0,0
"6448",2024-06-23,9,15,6694.4,305,0,0,22.6013333333333,0,0,6844.4,306,0,0,0,0
"6449",2024-06-23,9,20,6672.4,304,0,0,22.6013333333333,0,0,6844.4,306,0,0,0,0
"6450",2024-06-23,9,25,6416.4,305,0,0,22.6013333333333,0,0,6844.4,306,0,0,0,0
"6451",2024-06-23,9,30,6544.4,305,0,0,22.6013333333333,0,0,6844.4,306,0,0,0,0
"6452",2024-06-23,9,35,6513.4,301,0,0,22.6013333333333,0,0,6844.4,306,0,0,0,0
"6453",2024-06-23,9,40,6813.4,302,0,0,22.6013333333333,0,0,6844.4,306,0,0,0,0
"6454",2024-06-23,9,45,6780.4,300,0,0,22.6013333333333,0,0,6844.4,306,0,0,0,0
"6455",2024-06-23,9,50,6766.4,301,0,0,22.6013333333333,0,0,6844.4,306,0,0,0,0
"6456",2024-06-23,9,55,6733.4,299,0,0,22.6013333333333,0,0,6844.4,306,0,0,0,0
"6457",2024-06-23,10,0,6603.4,299,0,0,25.2520900321543,0,0,7853.4,311,0,0,0,0
"6458",2024-06-23,10,5,6635.4,301,0,0,25.2520900321543,0,0,7853.4,311,0,0,0,0
"6459",2024-06-23,10,10,6865.4,299,0,0,25.2520900321543,0,0,7853.4,311,0,0,0,0
"6460",2024-06-23,10,15,7001.4,299,0,0,25.2520900321543,0,0,7853.4,311,0,0,0,0
"6461",2024-06-23,10,20,6993.4,301,0,0,25.2520900321543,0,0,7853.4,311,0,0,0,0
"6462",2024-06-23,10,25,7015.4,302,0,0,25.2520900321543,0,0,7853.4,311,0,0,0,0
"6463",2024-06-23,10,30,7024.4,303,0,0,25.2520900321543,0,0,7853.4,311,0,0,0,0
"6464",2024-06-23,10,35,7438.4,304,0,0,25.2520900321543,0,0,7853.4,311,0,0,0,0
"6465",2024-06-23,10,40,7474.4,307,0,0,25.2520900321543,0,0,7853.4,311,0,0,0,0
"6466",2024-06-23,10,45,7484.4,304,0,0,25.2520900321543,0,0,7853.4,311,0,0,0,0
"6467",2024-06-23,10,50,7715.4,306,0,0,25.2520900321543,0,0,7853.4,311,0,0,0,0
"6468",2024-06-23,10,55,7853.4,311,0,0,25.2520900321543,0,0,7853.4,311,0,0,0,0
"6469",2024-06-23,11,0,8460.7,313,0,0,27.0309904153355,0,0,9093.7,343,0,0,0,0
"6470",2024-06-23,11,5,8090.7,318,0,0,27.0309904153355,0,0,9093.7,343,0,0,0,0
"6471",2024-06-23,11,10,8036.7,320,0,0,27.0309904153355,0,0,9093.7,343,0,0,0,0
"6472",2024-06-23,11,15,8402.7,325,0,0,27.0309904153355,0,0,9093.7,343,0,0,0,0
"6473",2024-06-23,11,20,8745.4,327,0,0,27.0309904153355,0,0,9093.7,343,0,0,0,0
"6474",2024-06-23,11,25,8101.4,323,0,0,27.0309904153355,0,0,9093.7,343,0,0,0,0
"6475",2024-06-23,11,30,8145.4,325,0,0,27.0309904153355,0,0,9093.7,343,0,0,0,0
"6476",2024-06-23,11,35,8107.4,330,0,0,27.0309904153355,0,0,9093.7,343,0,0,0,0
"6477",2024-06-23,11,40,7997.7,332,0,0,27.0309904153355,0,0,9093.7,343,0,0,0,0
"6478",2024-06-23,11,45,8307.4,335,0,0,27.0309904153355,0,0,9093.7,343,0,0,0,0
"6479",2024-06-23,11,50,8083.7,334,0,0,27.0309904153355,0,0,9093.7,343,0,0,0,0
"6480",2024-06-23,11,55,9093.7,343,0,0,27.0309904153355,0,0,9093.7,343,0,0,0,0
"6481",2024-06-23,12,45,10966.7,371,0,0,30.7899456521739,0,0,11330.7,372,0,0,0,0
"6482",2024-06-23,12,50,11021.7,372,0,0,30.7899456521739,0,0,11330.7,372,0,0,0,0
"6483",2024-06-23,12,55,10737.7,367,0,0,30.7899456521739,0,0,11330.7,372,0,0,0,0
"6484",2024-06-23,12,0,9136.7,340,0,0,30.7899456521739,0,0,11330.7,372,0,0,0,0
"6485",2024-06-23,12,5,9903.7,344,0,0,30.7899456521739,0,0,11330.7,372,0,0,0,0
"6486",2024-06-23,12,10,9860.7,348,0,0,30.7899456521739,0,0,11330.7,372,0,0,0,0
"6487",2024-06-23,12,15,9876.7,348,0,0,30.7899456521739,0,0,11330.7,372,0,0,0,0
"6488",2024-06-23,12,20,9103.7,350,0,0,30.7899456521739,0,0,11330.7,372,0,0,0,0
"6489",2024-06-23,12,25,10695.7,358,0,0,30.7899456521739,0,0,11330.7,372,0,0,0,0
"6490",2024-06-23,12,30,10915.7,360,0,0,30.7899456521739,0,0,11330.7,372,0,0,0,0
"6491",2024-06-23,12,35,10564.7,362,0,0,30.7899456521739,0,0,11330.7,372,0,0,0,0
"6492",2024-06-23,12,40,11330.7,368,0,0,30.7899456521739,0,0,11330.7,372,0,0,0,0
"6493",2024-06-23,13,0,10450,366,0,0,32.3085106382979,0,0,12148,391,0,0,0,0
"6494",2024-06-23,13,5,11405,376,0,0,32.3085106382979,0,0,12148,391,0,0,0,0
"6495",2024-06-23,13,10,12148,376,0,0,32.3085106382979,0,0,12148,391,0,0,0,0
"6496",2024-06-23,13,15,10940,371,0,0,32.3085106382979,0,0,12148,391,0,0,0,0
"6497",2024-06-23,13,20,10578,374,0,0,32.3085106382979,0,0,12148,391,0,0,0,0
"6498",2024-06-23,13,25,10779,373,0,0,32.3085106382979,0,0,12148,391,0,0,0,0
"6499",2024-06-23,13,30,10056,370,0,0,32.3085106382979,0,0,12148,391,0,0,0,0
"6500",2024-06-23,13,35,10804,380,0,0,32.3085106382979,0,0,12148,391,0,0,0,0
"6501",2024-06-23,13,40,10524.7,380,0,0,32.3085106382979,0,0,12148,391,0,0,0,0
"6502",2024-06-23,13,45,10585.4,382,0,0,32.3085106382979,0,0,12148,391,0,0,0,0
"6503",2024-06-23,13,50,10290.4,383,0,0,32.3085106382979,0,0,12148,391,0,0,0,0
"6504",2024-06-23,13,55,10515.4,391,0,0,32.3085106382979,0,0,12148,391,0,0,0,0
"6505",2024-06-23,14,0,11572.4,396,0,0,32.0640186915888,0,0,13723.4,437,0,0,0,0
"6506",2024-06-23,14,5,13202.4,418,0,0,32.0640186915888,0,0,13723.4,437,0,0,0,0
"6507",2024-06-23,14,10,13723.4,428,0,0,32.0640186915888,0,0,13723.4,437,0,0,0,0
"6508",2024-06-23,14,15,13180.4,422,0,0,32.0640186915888,0,0,13723.4,437,0,0,0,0
"6509",2024-06-23,14,20,12275.4,418,0,0,32.0640186915888,0,0,13723.4,437,0,0,0,0
"6510",2024-06-23,14,25,12807.4,428,0,0,32.0640186915888,0,0,13723.4,437,0,0,0,0
"6511",2024-06-23,14,30,13221.4,428,0,0,32.0640186915888,0,0,13723.4,437,0,0,0,0
"6512",2024-06-23,14,35,12676.4,433,0,0,32.0640186915888,0,0,13723.4,437,0,0,0,0
"6513",2024-06-23,14,40,12670.4,435,0,0,32.0640186915888,0,0,13723.4,437,0,0,0,0
"6514",2024-06-23,14,55,13187.4,435,0,0,32.0640186915888,0,0,13723.4,437,0,0,0,0
"6515",2024-06-23,14,45,13289.4,436,0,0,32.0640186915888,0,0,13723.4,437,0,0,0,0
"6516",2024-06-23,14,50,13659.4,437,0,0,32.0640186915888,0,0,13723.4,437,0,0,0,0
"6517",2024-06-23,15,0,13022.4,435,0,0,30.8479452054795,0,0,13617.4,444,0,0,0,0
"6518",2024-06-23,15,5,13546.4,440,0,0,30.8479452054795,0,0,13617.4,444,0,0,0,0
"6519",2024-06-23,15,10,13539.4,439,0,0,30.8479452054795,0,0,13617.4,444,0,0,0,0
"6520",2024-06-23,15,15,13511.4,438,0,0,30.8479452054795,0,0,13617.4,444,0,0,0,0
"6521",2024-06-23,15,20,13008.4,436,0,0,30.8479452054795,0,0,13617.4,444,0,0,0,0
"6522",2024-06-23,15,25,12625.4,439,0,0,30.8479452054795,0,0,13617.4,444,0,0,0,0
"6523",2024-06-23,15,30,12818.4,437,0,0,30.8479452054795,0,0,13617.4,444,0,0,0,0
"6524",2024-06-23,15,35,12905.4,442,0,0,30.8479452054795,0,0,13617.4,444,0,0,0,0
"6525",2024-06-23,15,40,12933.4,442,0,0,30.8479452054795,0,0,13617.4,444,0,0,0,0
"6526",2024-06-23,15,45,13617.4,443,0,0,30.8479452054795,0,0,13617.4,444,0,0,0,0
"6527",2024-06-23,15,50,13440.4,444,0,0,30.8479452054795,0,0,13617.4,444,0,0,0,0
"6528",2024-06-23,15,55,13292.4,444,0,0,30.8479452054795,0,0,13617.4,444,0,0,0,0
"6529",2024-06-23,16,0,11958.4,437,0,0,35.4048034934498,0,0,16215.4,468,0,0,0,0
"6530",2024-06-23,16,5,14556.4,460,0,0,35.4048034934498,0,0,16215.4,468,0,0,0,0
"6531",2024-06-23,16,10,15873.4,468,0,0,35.4048034934498,0,0,16215.4,468,0,0,0,0
"6532",2024-06-23,16,15,14760.4,460,0,0,35.4048034934498,0,0,16215.4,468,0,0,0,0
"6533",2024-06-23,16,20,14356.4,456,0,0,35.4048034934498,0,0,16215.4,468,0,0,0,0
"6534",2024-06-23,16,25,15449.4,461,0,0,35.4048034934498,0,0,16215.4,468,0,0,0,0
"6535",2024-06-23,16,30,15501.4,462,0,0,35.4048034934498,0,0,16215.4,468,0,0,0,0
"6536",2024-06-23,16,35,13236.4,444,0,0,35.4048034934498,0,0,16215.4,468,0,0,0,0
"6537",2024-06-23,16,40,14736.4,448,0,0,35.4048034934498,0,0,16215.4,468,0,0,0,0
"6538",2024-06-23,16,45,14981.4,447,0,0,35.4048034934498,0,0,16215.4,468,0,0,0,0
"6539",2024-06-23,16,50,15892.4,451,0,0,35.4048034934498,0,0,16215.4,468,0,0,0,0
"6540",2024-06-23,16,55,16215.4,458,0,0,35.4048034934498,0,0,16215.4,468,0,0,0,0
"6541",2024-06-23,17,0,15460.4,453,0,0,36.4341356673961,0,0,16650.4,457,0,0,0,0
"6542",2024-06-23,17,5,16650.4,457,0,0,36.4341356673961,0,0,16650.4,457,0,0,0,0
"6543",2024-06-23,17,10,16000.4,453,0,0,36.4341356673961,0,0,16650.4,457,0,0,0,0
"6544",2024-06-23,17,15,15658.4,446,0,0,36.4341356673961,0,0,16650.4,457,0,0,0,0
"6545",2024-06-23,17,20,15527.4,445,0,0,36.4341356673961,0,0,16650.4,457,0,0,0,0
"6546",2024-06-23,17,25,14524.4,442,0,0,36.4341356673961,0,0,16650.4,457,0,0,0,0
"6547",2024-06-23,17,30,14245.4,440,0,0,36.4341356673961,0,0,16650.4,457,0,0,0,0
"6548",2024-06-23,17,35,13691.4,441,0,0,36.4341356673961,0,0,16650.4,457,0,0,0,0
"6549",2024-06-23,17,40,13848.4,439,0,0,36.4341356673961,0,0,16650.4,457,0,0,0,0
"6550",2024-06-23,17,45,14138.4,445,0,0,36.4341356673961,0,0,16650.4,457,0,0,0,0
"6551",2024-06-23,17,50,13727.4,444,0,0,36.4341356673961,0,0,16650.4,457,0,0,0,0
"6552",2024-06-23,17,55,14635.1,443,0,0,36.4341356673961,0,0,16650.4,457,0,0,0,0
"6553",2024-06-23,18,0,14838.1,451,0,0,43.8799086757991,0,0,14846.1,451,0,0,0,0
"6554",2024-06-23,18,5,13954.1,426,0,0,43.8799086757991,0,0,14846.1,451,0,0,0,0
"6555",2024-06-23,18,10,14362.1,429,0,0,43.8799086757991,0,0,14846.1,451,0,0,0,0
"6556",2024-06-23,18,15,9609.7,219,0,0,43.8799086757991,0,0,14846.1,451,0,0,0,0
"6557",2024-06-23,18,20,14109.1,414,0,0,43.8799086757991,0,0,14846.1,451,0,0,0,0
"6558",2024-06-23,18,25,14345.1,429,0,0,43.8799086757991,0,0,14846.1,451,0,0,0,0
"6559",2024-06-23,18,30,13986.1,426,0,0,43.8799086757991,0,0,14846.1,451,0,0,0,0
"6560",2024-06-23,18,35,14693.1,424,0,0,43.8799086757991,0,0,14846.1,451,0,0,0,0
"6561",2024-06-23,18,40,14029.1,420,0,0,43.8799086757991,0,0,14846.1,451,0,0,0,0
"6562",2024-06-23,18,45,14308.1,421,0,0,43.8799086757991,0,0,14846.1,451,0,0,0,0
"6563",2024-06-23,18,50,14570.1,423,0,0,43.8799086757991,0,0,14846.1,451,0,0,0,0
"6564",2024-06-23,18,55,14846.1,422,0,0,43.8799086757991,0,0,14846.1,451,0,0,0,0
"6565",2024-06-23,19,0,14622.1,423,0,0,35.3119402985075,0,0,14622.1,423,0,0,0,0
"6566",2024-06-23,19,5,13118.1,402,0,0,35.3119402985075,0,0,14622.1,423,0,0,0,0
"6567",2024-06-23,19,10,13290.1,400,0,0,35.3119402985075,0,0,14622.1,423,0,0,0,0
"6568",2024-06-23,19,15,12799.1,398,0,0,35.3119402985075,0,0,14622.1,423,0,0,0,0
"6569",2024-06-23,19,20,14195.4,402,0,0,35.3119402985075,0,0,14622.1,423,0,0,0,0
"6570",2024-06-23,19,25,14204.1,404,0,0,35.3119402985075,0,0,14622.1,423,0,0,0,0
"6571",2024-06-23,19,30,14048.1,403,0,0,35.3119402985075,0,0,14622.1,423,0,0,0,0
"6572",2024-06-23,19,35,13349.1,397,0,0,35.3119402985075,0,0,14622.1,423,0,0,0,0
"6573",2024-06-23,19,40,13126.1,400,0,0,35.3119402985075,0,0,14622.1,423,0,0,0,0
"6574",2024-06-23,19,45,12941.1,402,0,0,35.3119402985075,0,0,14622.1,423,0,0,0,0
"6575",2024-06-23,19,50,12516.1,402,0,0,35.3119402985075,0,0,14622.1,423,0,0,0,0
"6576",2024-06-23,19,55,12439.1,397,0,0,35.3119402985075,0,0,14622.1,423,0,0,0,0
"6577",2024-06-23,20,25,13636.1,397,0,0,35.5273399014778,0,0,14424.1,406,0,0,0,0
"6578",2024-06-23,20,30,13826.1,398,0,0,35.5273399014778,0,0,14424.1,406,0,0,0,0
"6579",2024-06-23,20,35,12612.1,393,0,0,35.5273399014778,0,0,14424.1,406,0,0,0,0
"6580",2024-06-23,20,40,11068.1,387,0,0,35.5273399014778,0,0,14424.1,406,0,0,0,0
"6581",2024-06-23,20,45,12067.1,394,0,0,35.5273399014778,0,0,14424.1,406,0,0,0,0
"6582",2024-06-23,20,50,12173.1,388,0,0,35.5273399014778,0,0,14424.1,406,0,0,0,0
"6583",2024-06-23,20,55,11931.1,386,0,0,35.5273399014778,0,0,14424.1,406,0,0,0,0
"6584",2024-06-23,20,0,12824.1,398,0,0,35.5273399014778,0,0,14424.1,406,0,0,0,0
"6585",2024-06-23,20,5,12797.1,396,0,0,35.5273399014778,0,0,14424.1,406,0,0,0,0
"6586",2024-06-23,20,10,13300.1,402,0,0,35.5273399014778,0,0,14424.1,406,0,0,0,0
"6587",2024-06-23,20,15,14424.1,406,0,0,35.5273399014778,0,0,14424.1,406,0,0,0,0
"6588",2024-06-23,20,20,14042.1,399,0,0,35.5273399014778,0,0,14424.1,406,0,0,0,0
"6589",2024-06-23,21,0,10531.1,380,0,0,33.3894329896907,0,0,12955.1,388,0,0,0,0
"6590",2024-06-23,21,5,10704.1,383,0,0,33.3894329896907,0,0,12955.1,388,0,0,0,0
"6591",2024-06-23,21,10,11238.1,382,0,0,33.3894329896907,0,0,12955.1,388,0,0,0,0
"6592",2024-06-23,21,15,11810.1,384,0,0,33.3894329896907,0,0,12955.1,388,0,0,0,0
"6593",2024-06-23,21,20,12955.1,388,0,0,33.3894329896907,0,0,12955.1,388,0,0,0,0
"6594",2024-06-23,21,25,12905.1,387,0,0,33.3894329896907,0,0,12955.1,388,0,0,0,0
"6595",2024-06-23,21,30,12689.1,384,0,0,33.3894329896907,0,0,12955.1,388,0,0,0,0
"6596",2024-06-23,21,35,11337.1,385,0,0,33.3894329896907,0,0,12955.1,388,0,0,0,0
"6597",2024-06-23,21,40,10769.1,379,0,0,33.3894329896907,0,0,12955.1,388,0,0,0,0
"6598",2024-06-23,21,45,10956.1,385,0,0,33.3894329896907,0,0,12955.1,388,0,0,0,0
"6599",2024-06-23,21,50,10173.1,381,0,0,33.3894329896907,0,0,12955.1,388,0,0,0,0
"6600",2024-06-23,21,55,9545.1,379,0,0,33.3894329896907,0,0,12955.1,388,0,0,0,0
"6601",2024-06-23,22,5,11284.1,386,0,0,33.2109137055838,0,0,13085.1,394,0,0,0,0
"6602",2024-06-23,22,10,11978.1,392,0,0,33.2109137055838,0,0,13085.1,394,0,0,0,0
"6603",2024-06-23,22,15,13085.1,394,0,0,33.2109137055838,0,0,13085.1,394,0,0,0,0
"6604",2024-06-23,22,20,12375.1,390,0,0,33.2109137055838,0,0,13085.1,394,0,0,0,0
"6605",2024-06-23,22,25,11970.1,388,0,0,33.2109137055838,0,0,13085.1,394,0,0,0,0
"6606",2024-06-23,22,30,11280.1,380,0,0,33.2109137055838,0,0,13085.1,394,0,0,0,0
"6607",2024-06-23,22,35,10888.1,368,0,0,33.2109137055838,0,0,13085.1,394,0,0,0,0
"6608",2024-06-23,22,40,10465.1,371,0,0,33.2109137055838,0,0,13085.1,394,0,0,0,0
"6609",2024-06-23,22,45,10210.1,369,0,0,33.2109137055838,0,0,13085.1,394,0,0,0,0
"6610",2024-06-23,22,50,10199.1,368,0,0,33.2109137055838,0,0,13085.1,394,0,0,0,0
"6611",2024-06-23,22,55,9733.1,362,0,0,33.2109137055838,0,0,13085.1,394,0,0,0,0
"6612",2024-06-23,22,0,9696.1,385,0,0,33.2109137055838,0,0,13085.1,394,0,0,0,0
"6613",2024-06-23,23,0,9761.1,361,0,0,30.8769230769231,0,0,10458.4,361,0,0,0,0
"6614",2024-06-23,23,5,7782.1,335,0,0,30.8769230769231,0,0,10458.4,361,0,0,0,0
"6615",2024-06-23,23,10,8858.1,346,0,0,30.8769230769231,0,0,10458.4,361,0,0,0,0
"6616",2024-06-23,23,15,9891.1,345,0,0,30.8769230769231,0,0,10458.4,361,0,0,0,0
"6617",2024-06-23,23,20,10198.4,346,0,0,30.8769230769231,0,0,10458.4,361,0,0,0,0
"6618",2024-06-23,23,25,10304.4,345,0,0,30.8769230769231,0,0,10458.4,361,0,0,0,0
"6619",2024-06-23,23,30,9823.4,343,0,0,30.8769230769231,0,0,10458.4,361,0,0,0,0
"6620",2024-06-23,23,35,10202.4,340,0,0,30.8769230769231,0,0,10458.4,361,0,0,0,0
"6621",2024-06-23,23,40,10458.4,339,0,0,30.8769230769231,0,0,10458.4,361,0,0,0,0
"6622",2024-06-23,23,45,10436.4,338,0,0,30.8769230769231,0,0,10458.4,361,0,0,0,0
"6623",2024-06-23,23,50,10286.4,337,0,0,30.8769230769231,0,0,10458.4,361,0,0,0,0
"6624",2024-06-23,23,55,10135.4,335,0,0,30.8769230769231,0,0,10458.4,361,0,0,0,0
"6625",2024-06-24,0,0,8814.5,364,0,0,25.6988764044944,0,0,9148.8,364,0,0,0,0
"6626",2024-06-24,0,5,9148.8,356,0,0,25.6988764044944,0,0,9148.8,364,0,0,0,0
"6627",2024-06-24,0,10,9017.8,354,0,0,25.6988764044944,0,0,9148.8,364,0,0,0,0
"6628",2024-06-24,0,15,8673.8,351,0,0,25.6988764044944,0,0,9148.8,364,0,0,0,0
"6629",2024-06-24,0,20,8607.8,348,0,0,25.6988764044944,0,0,9148.8,364,0,0,0,0
"6630",2024-06-24,0,25,8593.1,347,0,0,25.6988764044944,0,0,9148.8,364,0,0,0,0
"6631",2024-06-24,0,30,8582.1,347,0,0,25.6988764044944,0,0,9148.8,364,0,0,0,0
"6632",2024-06-24,0,35,7936.1,346,0,0,25.6988764044944,0,0,9148.8,364,0,0,0,0
"6633",2024-06-24,0,40,7958.1,347,0,0,25.6988764044944,0,0,9148.8,364,0,0,0,0
"6634",2024-06-24,0,45,8023.1,344,0,0,25.6988764044944,0,0,9148.8,364,0,0,0,0
"6635",2024-06-24,0,50,8323.1,345,0,0,25.6988764044944,0,0,9148.8,364,0,0,0,0
"6636",2024-06-24,0,55,8384.1,347,0,0,25.6988764044944,0,0,9148.8,364,0,0,0,0
"6637",2024-06-24,1,0,8040.1,344,0,0,23.3723837209302,0,0,8040.1,344,0,0,0,0
"6638",2024-06-24,1,5,7077.4,326,0,0,23.3723837209302,0,0,8040.1,344,0,0,0,0
"6639",2024-06-24,1,10,6755.4,323,0,0,23.3723837209302,0,0,8040.1,344,0,0,0,0
"6640",2024-06-24,1,15,6711.4,321,0,0,23.3723837209302,0,0,8040.1,344,0,0,0,0
"6641",2024-06-24,1,20,6739.4,321,0,0,23.3723837209302,0,0,8040.1,344,0,0,0,0
"6642",2024-06-24,1,25,6739.4,321,0,0,23.3723837209302,0,0,8040.1,344,0,0,0,0
"6643",2024-06-24,1,30,6695.4,319,0,0,23.3723837209302,0,0,8040.1,344,0,0,0,0
"6644",2024-06-24,1,35,6894.4,315,0,0,23.3723837209302,0,0,8040.1,344,0,0,0,0
"6645",2024-06-24,1,40,7044.4,316,0,0,23.3723837209302,0,0,8040.1,344,0,0,0,0
"6646",2024-06-24,1,45,6979.4,315,0,0,23.3723837209302,0,0,8040.1,344,0,0,0,0
"6647",2024-06-24,1,50,7001.4,316,0,0,23.3723837209302,0,0,8040.1,344,0,0,0,0
"6648",2024-06-24,1,55,6924.4,313,0,0,23.3723837209302,0,0,8040.1,344,0,0,0,0
"6649",2024-06-24,2,0,5610.4,271,0,0,23.2646616541353,0,0,6188.4,271,0,0,0,0
"6650",2024-06-24,2,5,5747.4,267,0,0,23.2646616541353,0,0,6188.4,271,0,0,0,0
"6651",2024-06-24,2,10,5747.4,267,0,0,23.2646616541353,0,0,6188.4,271,0,0,0,0
"6652",2024-06-24,2,15,5769.4,268,0,0,23.2646616541353,0,0,6188.4,271,0,0,0,0
"6653",2024-06-24,2,20,6129.4,269,0,0,23.2646616541353,0,0,6188.4,271,0,0,0,0
"6654",2024-06-24,2,25,6129.4,269,0,0,23.2646616541353,0,0,6188.4,271,0,0,0,0
"6655",2024-06-24,2,30,6107.4,268,0,0,23.2646616541353,0,0,6188.4,271,0,0,0,0
"6656",2024-06-24,2,35,6188.4,266,0,0,23.2646616541353,0,0,6188.4,271,0,0,0,0
"6657",2024-06-24,2,40,6188.4,266,0,0,23.2646616541353,0,0,6188.4,271,0,0,0,0
"6658",2024-06-24,2,45,6188.4,267,0,0,23.2646616541353,0,0,6188.4,271,0,0,0,0
"6659",2024-06-24,2,50,6188.4,267,0,0,23.2646616541353,0,0,6188.4,271,0,0,0,0
"6660",2024-06-24,2,55,6138.4,266,0,0,23.2646616541353,0,0,6188.4,271,0,0,0,0
"6661",2024-06-24,3,0,5418.4,264,0,0,21.0053231939164,0,0,5524.4,264,0,0,0,0
"6662",2024-06-24,3,5,5524.4,263,0,0,21.0053231939164,0,0,5524.4,264,0,0,0,0
"6663",2024-06-24,3,10,5502.4,262,0,0,21.0053231939164,0,0,5524.4,264,0,0,0,0
"6664",2024-06-24,3,15,5480.4,261,0,0,21.0053231939164,0,0,5524.4,264,0,0,0,0
"6665",2024-06-24,3,20,5458.4,260,0,0,21.0053231939164,0,0,5524.4,264,0,0,0,0
"6666",2024-06-24,3,25,5458.4,260,0,0,21.0053231939164,0,0,5524.4,264,0,0,0,0
"6667",2024-06-24,3,30,5458.4,260,0,0,21.0053231939164,0,0,5524.4,264,0,0,0,0
"6668",2024-06-24,3,35,4924.4,260,0,0,21.0053231939164,0,0,5524.4,264,0,0,0,0
"6669",2024-06-24,3,40,4924.4,260,0,0,21.0053231939164,0,0,5524.4,264,0,0,0,0
"6670",2024-06-24,3,45,4946.4,261,0,0,21.0053231939164,0,0,5524.4,264,0,0,0,0
"6671",2024-06-24,3,50,4946.4,261,0,0,21.0053231939164,0,0,5524.4,264,0,0,0,0
"6672",2024-06-24,3,55,4946.4,261,0,0,21.0053231939164,0,0,5524.4,264,0,0,0,0
"6673",2024-06-24,4,0,4946.4,261,0,0,22.0886363636364,0,0,5831.4,264,0,0,0,0
"6674",2024-06-24,4,5,5831.4,264,0,0,22.0886363636364,0,0,5831.4,264,0,0,0,0
"6675",2024-06-24,4,10,5171.4,262,0,0,22.0886363636364,0,0,5831.4,264,0,0,0,0
"6676",2024-06-24,4,15,5171.4,262,0,0,22.0886363636364,0,0,5831.4,264,0,0,0,0
"6677",2024-06-24,4,20,5171.4,262,0,0,22.0886363636364,0,0,5831.4,264,0,0,0,0
"6678",2024-06-24,4,25,5171.4,262,0,0,22.0886363636364,0,0,5831.4,264,0,0,0,0
"6679",2024-06-24,4,30,5171.4,262,0,0,22.0886363636364,0,0,5831.4,264,0,0,0,0
"6680",2024-06-24,4,35,4979.4,262,0,0,22.0886363636364,0,0,5831.4,264,0,0,0,0
"6681",2024-06-24,4,40,4979.4,262,0,0,22.0886363636364,0,0,5831.4,264,0,0,0,0
"6682",2024-06-24,4,45,4979.4,262,0,0,22.0886363636364,0,0,5831.4,264,0,0,0,0
"6683",2024-06-24,4,50,4979.4,262,0,0,22.0886363636364,0,0,5831.4,264,0,0,0,0
"6684",2024-06-24,4,55,4979.4,262,0,0,22.0886363636364,0,0,5831.4,264,0,0,0,0
"6685",2024-06-24,5,0,4979.4,262,0,0,19.0167300380228,0,0,5034.4,265,0,0,0,0
"6686",2024-06-24,5,5,5001.4,263,0,0,19.0167300380228,0,0,5034.4,265,0,0,0,0
"6687",2024-06-24,5,10,5012.4,264,0,0,19.0167300380228,0,0,5034.4,265,0,0,0,0
"6688",2024-06-24,5,15,5012.4,264,0,0,19.0167300380228,0,0,5034.4,265,0,0,0,0
"6689",2024-06-24,5,20,5012.4,264,0,0,19.0167300380228,0,0,5034.4,265,0,0,0,0
"6690",2024-06-24,5,25,5012.4,264,0,0,19.0167300380228,0,0,5034.4,265,0,0,0,0
"6691",2024-06-24,5,30,5012.4,264,0,0,19.0167300380228,0,0,5034.4,265,0,0,0,0
"6692",2024-06-24,5,35,5034.4,265,0,0,19.0167300380228,0,0,5034.4,265,0,0,0,0
"6693",2024-06-24,5,40,5012.4,264,0,0,19.0167300380228,0,0,5034.4,265,0,0,0,0
"6694",2024-06-24,5,45,5012.4,264,0,0,19.0167300380228,0,0,5034.4,265,0,0,0,0
"6695",2024-06-24,5,50,5012.4,264,0,0,19.0167300380228,0,0,5034.4,265,0,0,0,0
"6696",2024-06-24,5,55,5012.4,264,0,0,19.0167300380228,0,0,5034.4,265,0,0,0,0
"6697",2024-06-24,6,0,5334.4,266,0,0,20.9788679245283,0,0,5559.4,266,0,0,0,0
"6698",2024-06-24,6,5,5378.4,266,0,0,20.9788679245283,0,0,5559.4,266,0,0,0,0
"6699",2024-06-24,6,10,5378.4,266,0,0,20.9788679245283,0,0,5559.4,266,0,0,0,0
"6700",2024-06-24,6,15,5378.4,266,0,0,20.9788679245283,0,0,5559.4,266,0,0,0,0
"6701",2024-06-24,6,20,5356.4,265,0,0,20.9788679245283,0,0,5559.4,266,0,0,0,0
"6702",2024-06-24,6,25,5356.4,265,0,0,20.9788679245283,0,0,5559.4,266,0,0,0,0
"6703",2024-06-24,6,30,5356.4,265,0,0,20.9788679245283,0,0,5559.4,266,0,0,0,0
"6704",2024-06-24,6,35,5559.4,265,0,0,20.9788679245283,0,0,5559.4,266,0,0,0,0
"6705",2024-06-24,6,40,5493.4,264,0,0,20.9788679245283,0,0,5559.4,266,0,0,0,0
"6706",2024-06-24,6,45,5171.4,261,0,0,20.9788679245283,0,0,5559.4,266,0,0,0,0
"6707",2024-06-24,6,50,5171.4,261,0,0,20.9788679245283,0,0,5559.4,266,0,0,0,0
"6708",2024-06-24,6,55,5215.4,263,0,0,20.9788679245283,0,0,5559.4,266,0,0,0,0
"6709",2024-06-24,7,0,5215.4,263,0,0,20.45,0,0,5562.4,272,0,0,0,0
"6710",2024-06-24,7,5,5034.4,264,0,0,20.45,0,0,5562.4,272,0,0,0,0
"6711",2024-06-24,7,10,5001.4,262,0,0,20.45,0,0,5562.4,272,0,0,0,0
"6712",2024-06-24,7,15,5001.4,262,0,0,20.45,0,0,5562.4,272,0,0,0,0
"6713",2024-06-24,7,20,4979.4,261,0,0,20.45,0,0,5562.4,272,0,0,0,0
"6714",2024-06-24,7,25,4990.4,261,0,0,20.45,0,0,5562.4,272,0,0,0,0
"6715",2024-06-24,7,30,5012.4,263,0,0,20.45,0,0,5562.4,272,0,0,0,0
"6716",2024-06-24,7,35,5084.4,265,0,0,20.45,0,0,5562.4,272,0,0,0,0
"6717",2024-06-24,7,40,5084.4,265,0,0,20.45,0,0,5562.4,272,0,0,0,0
"6718",2024-06-24,7,45,5035.4,265,0,0,20.45,0,0,5562.4,272,0,0,0,0
"6719",2024-06-24,7,50,5185.4,266,0,0,20.45,0,0,5562.4,272,0,0,0,0
"6720",2024-06-24,7,55,5562.4,272,0,0,20.45,0,0,5562.4,272,0,0,0,0
"6721",2024-06-24,8,45,7039.4,316,0,0,23.3109677419355,0,0,7425.4,327,0,0,0,0
"6722",2024-06-24,8,50,7381.4,325,0,0,23.3109677419355,0,0,7425.4,327,0,0,0,0
"6723",2024-06-24,8,55,7425.4,327,0,0,23.3109677419355,0,0,7425.4,327,0,0,0,0
"6724",2024-06-24,8,0,5595.4,273,0,0,23.3109677419355,0,0,7425.4,327,0,0,0,0
"6725",2024-06-24,8,5,6007.4,280,0,0,23.3109677419355,0,0,7425.4,327,0,0,0,0
"6726",2024-06-24,8,10,6007.4,280,0,0,23.3109677419355,0,0,7425.4,327,0,0,0,0
"6727",2024-06-24,8,15,6007.4,280,0,0,23.3109677419355,0,0,7425.4,327,0,0,0,0
"6728",2024-06-24,8,20,6150.4,288,0,0,23.3109677419355,0,0,7425.4,327,0,0,0,0
"6729",2024-06-24,8,25,6393.4,291,0,0,23.3109677419355,0,0,7425.4,327,0,0,0,0
"6730",2024-06-24,8,30,6869.4,302,0,0,23.3109677419355,0,0,7425.4,327,0,0,0,0
"6731",2024-06-24,8,35,7226.4,310,0,0,23.3109677419355,0,0,7425.4,327,0,0,0,0
"6732",2024-06-24,8,40,7240.4,312,0,0,23.3109677419355,0,0,7425.4,327,0,0,0,0
"6733",2024-06-24,9,15,8155.4,351,0,0,25.2235426008969,0,0,11249.7,446,0,0,0,0
"6734",2024-06-24,9,20,8155.4,351,0,0,25.2235426008969,0,0,11249.7,446,0,0,0,0
"6735",2024-06-24,9,25,8710.4,391,0,0,25.2235426008969,0,0,11249.7,446,0,0,0,0
"6736",2024-06-24,9,30,8772.7,395,0,0,25.2235426008969,0,0,11249.7,446,0,0,0,0
"6737",2024-06-24,9,35,9312.7,407,0,0,25.2235426008969,0,0,11249.7,446,0,0,0,0
"6738",2024-06-24,9,40,9089.7,410,0,0,25.2235426008969,0,0,11249.7,446,0,0,0,0
"6739",2024-06-24,9,45,8982.7,418,0,0,25.2235426008969,0,0,11249.7,446,0,0,0,0
"6740",2024-06-24,9,50,10230.7,433,0,0,25.2235426008969,0,0,11249.7,446,0,0,0,0
"6741",2024-06-24,9,55,11249.7,446,0,0,25.2235426008969,0,0,11249.7,446,0,0,0,0
"6742",2024-06-24,9,5,8360.4,340,0,0,25.2235426008969,0,0,11249.7,446,0,0,0,0
"6743",2024-06-24,9,10,8360.4,340,0,0,25.2235426008969,0,0,11249.7,446,0,0,0,0
"6744",2024-06-24,9,0,7740.4,336,0,0,25.2235426008969,0,0,11249.7,446,0,0,0,0
"6745",2024-06-24,10,0,11197.7,449,0,0,28.2519230769231,0,0,15379,570,0,0,0,0
"6746",2024-06-24,10,5,13799.7,494,0,0,28.2519230769231,0,0,15379,570,0,0,0,0
"6747",2024-06-24,10,10,13917.7,500,0,0,28.2519230769231,0,0,15379,570,0,0,0,0
"6748",2024-06-24,10,15,14027.7,505,0,0,28.2519230769231,0,0,15379,570,0,0,0,0
"6749",2024-06-24,10,20,13692,511,0,0,28.2519230769231,0,0,15379,570,0,0,0,0
"6750",2024-06-24,10,25,14691,520,0,0,28.2519230769231,0,0,15379,570,0,0,0,0
"6751",2024-06-24,10,30,14843,528,0,0,28.2519230769231,0,0,15379,570,0,0,0,0
"6752",2024-06-24,10,35,15379,559,0,0,28.2519230769231,0,0,15379,570,0,0,0,0
"6753",2024-06-24,10,40,14348.7,565,0,0,28.2519230769231,0,0,15379,570,0,0,0,0
"6754",2024-06-24,10,45,14365.7,568,0,0,28.2519230769231,0,0,15379,570,0,0,0,0
"6755",2024-06-24,10,50,14499.7,570,0,0,28.2519230769231,0,0,15379,570,0,0,0,0
"6756",2024-06-24,10,55,14566.7,569,0,0,28.2519230769231,0,0,15379,570,0,0,0,0
"6757",2024-06-24,11,0,14248.7,571,0,0,26.1013355592654,0,0,15930.7,620,0,0,0,0
"6758",2024-06-24,11,5,14619.7,591,0,0,26.1013355592654,0,0,15930.7,620,0,0,0,0
"6759",2024-06-24,11,10,15029.7,597,0,0,26.1013355592654,0,0,15930.7,620,0,0,0,0
"6760",2024-06-24,11,15,15634.7,599,0,0,26.1013355592654,0,0,15930.7,620,0,0,0,0
"6761",2024-06-24,11,20,15438.7,604,0,0,26.1013355592654,0,0,15930.7,620,0,0,0,0
"6762",2024-06-24,11,25,15278.7,605,0,0,26.1013355592654,0,0,15930.7,620,0,0,0,0
"6763",2024-06-24,11,30,15594.7,609,0,0,26.1013355592654,0,0,15930.7,620,0,0,0,0
"6764",2024-06-24,11,35,15609.7,611,0,0,26.1013355592654,0,0,15930.7,620,0,0,0,0
"6765",2024-06-24,11,40,15515.7,613,0,0,26.1013355592654,0,0,15930.7,620,0,0,0,0
"6766",2024-06-24,11,45,15930.7,620,0,0,26.1013355592654,0,0,15930.7,620,0,0,0,0
"6767",2024-06-24,11,50,15624.7,618,0,0,26.1013355592654,0,0,15930.7,620,0,0,0,0
"6768",2024-06-24,11,55,15602.7,618,0,0,26.1013355592654,0,0,15930.7,620,0,0,0,0
"6769",2024-06-24,12,0,15099.7,615,0,0,29.2333333333333,0,0,19030.9,652,0,0,0,0
"6770",2024-06-24,12,5,15691.9,622,0,0,29.2333333333333,0,0,19030.9,652,0,0,0,0
"6771",2024-06-24,12,10,16133.9,625,0,0,29.2333333333333,0,0,19030.9,652,0,0,0,0
"6772",2024-06-24,12,15,17167.9,632,0,0,29.2333333333333,0,0,19030.9,652,0,0,0,0
"6773",2024-06-24,12,20,16768.9,636,0,0,29.2333333333333,0,0,19030.9,652,0,0,0,0
"6774",2024-06-24,12,25,17450.9,635,0,0,29.2333333333333,0,0,19030.9,652,0,0,0,0
"6775",2024-06-24,12,30,18277.9,643,0,0,29.2333333333333,0,0,19030.9,652,0,0,0,0
"6776",2024-06-24,12,35,19030.9,651,0,0,29.2333333333333,0,0,19030.9,652,0,0,0,0
"6777",2024-06-24,12,40,18653.6,648,0,0,29.2333333333333,0,0,19030.9,652,0,0,0,0
"6778",2024-06-24,12,45,18511.6,652,0,0,29.2333333333333,0,0,19030.9,652,0,0,0,0
"6779",2024-06-24,12,50,17823.6,645,0,0,29.2333333333333,0,0,19030.9,652,0,0,0,0
"6780",2024-06-24,12,55,16982.6,646,0,0,29.2333333333333,0,0,19030.9,652,0,0,0,0
"6781",2024-06-24,13,0,16701.3,641,0,0,26.7532915360502,0,0,17113.3,641,0,0,0,0
"6782",2024-06-24,13,5,16336.3,635,0,0,26.7532915360502,0,0,17113.3,641,0,0,0,0
"6783",2024-06-24,13,10,17113.3,641,0,0,26.7532915360502,0,0,17113.3,641,0,0,0,0
"6784",2024-06-24,13,15,17068.6,638,0,0,26.7532915360502,0,0,17113.3,641,0,0,0,0
"6785",2024-06-24,13,20,15862.6,634,0,0,26.7532915360502,0,0,17113.3,641,0,0,0,0
"6786",2024-06-24,13,25,15845.6,633,0,0,26.7532915360502,0,0,17113.3,641,0,0,0,0
"6787",2024-06-24,13,30,16150.6,630,0,0,26.7532915360502,0,0,17113.3,641,0,0,0,0
"6788",2024-06-24,13,35,16095.6,622,0,0,26.7532915360502,0,0,17113.3,641,0,0,0,0
"6789",2024-06-24,13,40,15925.6,612,0,0,26.7532915360502,0,0,17113.3,641,0,0,0,0
"6790",2024-06-24,13,45,14866.6,603,0,0,26.7532915360502,0,0,17113.3,641,0,0,0,0
"6791",2024-06-24,13,50,14693.4,600,0,0,26.7532915360502,0,0,17113.3,641,0,0,0,0
"6792",2024-06-24,13,55,15378.4,593,0,0,26.7532915360502,0,0,17113.3,641,0,0,0,0
"6793",2024-06-24,14,55,15496,577,0,0,28.1299826689775,0,0,16231,587,0,0,0,0
"6794",2024-06-24,14,0,14991.4,587,0,0,28.1299826689775,0,0,16231,587,0,0,0,0
"6795",2024-06-24,14,5,14775.7,568,0,0,28.1299826689775,0,0,16231,587,0,0,0,0
"6796",2024-06-24,14,10,15048.7,564,0,0,28.1299826689775,0,0,16231,587,0,0,0,0
"6797",2024-06-24,14,15,14529,559,0,0,28.1299826689775,0,0,16231,587,0,0,0,0
"6798",2024-06-24,14,20,14686,555,0,0,28.1299826689775,0,0,16231,587,0,0,0,0
"6799",2024-06-24,14,25,15253,556,0,0,28.1299826689775,0,0,16231,587,0,0,0,0
"6800",2024-06-24,14,30,14752,557,0,0,28.1299826689775,0,0,16231,587,0,0,0,0
"6801",2024-06-24,14,35,16097,581,0,0,28.1299826689775,0,0,16231,587,0,0,0,0
"6802",2024-06-24,14,40,16231,577,0,0,28.1299826689775,0,0,16231,587,0,0,0,0
"6803",2024-06-24,14,45,16004,573,0,0,28.1299826689775,0,0,16231,587,0,0,0,0
"6804",2024-06-24,14,50,15314,569,0,0,28.1299826689775,0,0,16231,587,0,0,0,0
"6805",2024-06-24,15,0,15839,588,0,0,27.3459691252144,0,0,16234.4,596,0,0,0,0
"6806",2024-06-24,15,5,15100.7,584,0,0,27.3459691252144,0,0,16234.4,596,0,0,0,0
"6807",2024-06-24,15,10,15942.7,583,0,0,27.3459691252144,0,0,16234.4,596,0,0,0,0
"6808",2024-06-24,15,15,15391.7,587,0,0,27.3459691252144,0,0,16234.4,596,0,0,0,0
"6809",2024-06-24,15,20,15429.7,590,0,0,27.3459691252144,0,0,16234.4,596,0,0,0,0
"6810",2024-06-24,15,25,14889.4,588,0,0,27.3459691252144,0,0,16234.4,596,0,0,0,0
"6811",2024-06-24,15,30,15674.4,595,0,0,27.3459691252144,0,0,16234.4,596,0,0,0,0
"6812",2024-06-24,15,35,15102.4,591,0,0,27.3459691252144,0,0,16234.4,596,0,0,0,0
"6813",2024-06-24,15,40,15377.4,595,0,0,27.3459691252144,0,0,16234.4,596,0,0,0,0
"6814",2024-06-24,15,45,15956.4,596,0,0,27.3459691252144,0,0,16234.4,596,0,0,0,0
"6815",2024-06-24,15,50,16136.4,595,0,0,27.3459691252144,0,0,16234.4,596,0,0,0,0
"6816",2024-06-24,15,55,16234.4,594,0,0,27.3459691252144,0,0,16234.4,596,0,0,0,0
"6817",2024-06-24,16,0,15915.4,594,0,0,28.557525083612,0,0,17077.4,598,0,0,0,0
"6818",2024-06-24,16,5,15050.4,588,0,0,28.557525083612,0,0,17077.4,598,0,0,0,0
"6819",2024-06-24,16,10,15042.4,590,0,0,28.557525083612,0,0,17077.4,598,0,0,0,0
"6820",2024-06-24,16,15,16744.4,597,0,0,28.557525083612,0,0,17077.4,598,0,0,0,0
"6821",2024-06-24,16,20,17077.4,598,0,0,28.557525083612,0,0,17077.4,598,0,0,0,0
"6822",2024-06-24,16,25,16532.4,595,0,0,28.557525083612,0,0,17077.4,598,0,0,0,0
"6823",2024-06-24,16,30,15304.4,588,0,0,28.557525083612,0,0,17077.4,598,0,0,0,0
"6824",2024-06-24,16,35,16114.7,591,0,0,28.557525083612,0,0,17077.4,598,0,0,0,0
"6825",2024-06-24,16,40,15683.7,591,0,0,28.557525083612,0,0,17077.4,598,0,0,0,0
"6826",2024-06-24,16,45,15634.7,594,0,0,28.557525083612,0,0,17077.4,598,0,0,0,0
"6827",2024-06-24,16,50,14843.7,590,0,0,28.557525083612,0,0,17077.4,598,0,0,0,0
"6828",2024-06-24,16,55,14673.7,595,0,0,28.557525083612,0,0,17077.4,598,0,0,0,0
"6829",2024-06-24,17,0,14673.7,595,0,0,27.6583482944345,0,0,15449.7,595,0,0,0,0
"6830",2024-06-24,17,5,14313.7,573,0,0,27.6583482944345,0,0,15449.7,595,0,0,0,0
"6831",2024-06-24,17,10,14055,573,0,0,27.6583482944345,0,0,15449.7,595,0,0,0,0
"6832",2024-06-24,17,15,15167,572,0,0,27.6583482944345,0,0,15449.7,595,0,0,0,0
"6833",2024-06-24,17,20,15379,569,0,0,27.6583482944345,0,0,15449.7,595,0,0,0,0
"6834",2024-06-24,17,25,15449.7,559,0,0,27.6583482944345,0,0,15449.7,595,0,0,0,0
"6835",2024-06-24,17,30,15405.7,557,0,0,27.6583482944345,0,0,15449.7,595,0,0,0,0
"6836",2024-06-24,17,35,14034.7,550,0,0,27.6583482944345,0,0,15449.7,595,0,0,0,0
"6837",2024-06-24,17,40,14312.7,548,0,0,27.6583482944345,0,0,15449.7,595,0,0,0,0
"6838",2024-06-24,17,45,13804.7,541,0,0,27.6583482944345,0,0,15449.7,595,0,0,0,0
"6839",2024-06-24,17,50,13603.7,537,0,0,27.6583482944345,0,0,15449.7,595,0,0,0,0
"6840",2024-06-24,17,55,13564.7,535,0,0,27.6583482944345,0,0,15449.7,595,0,0,0,0
"6841",2024-06-24,18,0,13903.7,536,0,0,36.6395918367347,0,0,16852.7,541,0,0,0,0
"6842",2024-06-24,18,5,14196.7,540,0,0,36.6395918367347,0,0,16852.7,541,0,0,0,0
"6843",2024-06-24,18,10,14272.7,538,0,0,36.6395918367347,0,0,16852.7,541,0,0,0,0
"6844",2024-06-24,18,15,8976.7,245,0,0,36.6395918367347,0,0,16852.7,541,0,0,0,0
"6845",2024-06-24,18,20,13350.7,483,0,0,36.6395918367347,0,0,16852.7,541,0,0,0,0
"6846",2024-06-24,18,25,15213.7,541,0,0,36.6395918367347,0,0,16852.7,541,0,0,0,0
"6847",2024-06-24,18,30,14981.7,537,0,0,36.6395918367347,0,0,16852.7,541,0,0,0,0
"6848",2024-06-24,18,35,15196.7,532,0,0,36.6395918367347,0,0,16852.7,541,0,0,0,0
"6849",2024-06-24,18,40,15338.7,534,0,0,36.6395918367347,0,0,16852.7,541,0,0,0,0
"6850",2024-06-24,18,45,16738.7,537,0,0,36.6395918367347,0,0,16852.7,541,0,0,0,0
"6851",2024-06-24,18,50,16807.7,532,0,0,36.6395918367347,0,0,16852.7,541,0,0,0,0
"6852",2024-06-24,18,55,16852.7,532,0,0,36.6395918367347,0,0,16852.7,541,0,0,0,0
"6853",2024-06-24,19,0,16441.7,528,0,0,31.1395833333333,0,0,16441.7,528,0,0,0,0
"6854",2024-06-24,19,5,14014.7,508,0,0,31.1395833333333,0,0,16441.7,528,0,0,0,0
"6855",2024-06-24,19,10,14847.7,513,0,0,31.1395833333333,0,0,16441.7,528,0,0,0,0
"6856",2024-06-24,19,15,13794.4,499,0,0,31.1395833333333,0,0,16441.7,528,0,0,0,0
"6857",2024-06-24,19,20,12639.4,490,0,0,31.1395833333333,0,0,16441.7,528,0,0,0,0
"6858",2024-06-24,19,25,12534.1,489,0,0,31.1395833333333,0,0,16441.7,528,0,0,0,0
"6859",2024-06-24,19,30,11923.1,485,0,0,31.1395833333333,0,0,16441.7,528,0,0,0,0
"6860",2024-06-24,19,35,12898.1,476,0,0,31.1395833333333,0,0,16441.7,528,0,0,0,0
"6861",2024-06-24,19,40,12770.1,471,0,0,31.1395833333333,0,0,16441.7,528,0,0,0,0
"6862",2024-06-24,19,45,13337.1,468,0,0,31.1395833333333,0,0,16441.7,528,0,0,0,0
"6863",2024-06-24,19,50,12663.8,461,0,0,31.1395833333333,0,0,16441.7,528,0,0,0,0
"6864",2024-06-24,19,55,12986.8,462,0,0,31.1395833333333,0,0,16441.7,528,0,0,0,0
"6865",2024-06-24,20,0,13716.5,462,0,0,33.2488017429194,0,0,15261.2,462,0,0,0,0
"6866",2024-06-24,20,5,13099.5,448,0,0,33.2488017429194,0,0,15261.2,462,0,0,0,0
"6867",2024-06-24,20,10,12835.5,442,0,0,33.2488017429194,0,0,15261.2,462,0,0,0,0
"6868",2024-06-24,20,15,13074.5,441,0,0,33.2488017429194,0,0,15261.2,462,0,0,0,0
"6869",2024-06-24,20,20,13543.5,446,0,0,33.2488017429194,0,0,15261.2,462,0,0,0,0
"6870",2024-06-24,20,25,13655.2,446,0,0,33.2488017429194,0,0,15261.2,462,0,0,0,0
"6871",2024-06-24,20,30,13567.2,442,0,0,33.2488017429194,0,0,15261.2,462,0,0,0,0
"6872",2024-06-24,20,35,15261.2,459,0,0,33.2488017429194,0,0,15261.2,462,0,0,0,0
"6873",2024-06-24,20,40,13946.2,449,0,0,33.2488017429194,0,0,15261.2,462,0,0,0,0
"6874",2024-06-24,20,45,14126.2,450,0,0,33.2488017429194,0,0,15261.2,462,0,0,0,0
"6875",2024-06-24,20,50,14571.2,450,0,0,33.2488017429194,0,0,15261.2,462,0,0,0,0
"6876",2024-06-24,20,55,14338.2,446,0,0,33.2488017429194,0,0,15261.2,462,0,0,0,0
"6877",2024-06-24,21,0,13416.2,437,0,0,31.6378378378378,0,0,14047.2,444,0,0,0,0
"6878",2024-06-24,21,5,14047.2,444,0,0,31.6378378378378,0,0,14047.2,444,0,0,0,0
"6879",2024-06-24,21,10,13187.5,442,0,0,31.6378378378378,0,0,14047.2,444,0,0,0,0
"6880",2024-06-24,21,15,12914.5,443,0,0,31.6378378378378,0,0,14047.2,444,0,0,0,0
"6881",2024-06-24,21,20,12529.5,438,0,0,31.6378378378378,0,0,14047.2,444,0,0,0,0
"6882",2024-06-24,21,25,12172.5,437,0,0,31.6378378378378,0,0,14047.2,444,0,0,0,0
"6883",2024-06-24,21,30,11735.5,431,0,0,31.6378378378378,0,0,14047.2,444,0,0,0,0
"6884",2024-06-24,21,35,11047.5,413,0,0,31.6378378378378,0,0,14047.2,444,0,0,0,0
"6885",2024-06-24,21,40,11742.8,416,0,0,31.6378378378378,0,0,14047.2,444,0,0,0,0
"6886",2024-06-24,21,45,12108.8,420,0,0,31.6378378378378,0,0,14047.2,444,0,0,0,0
"6887",2024-06-24,21,50,12663.8,422,0,0,31.6378378378378,0,0,14047.2,444,0,0,0,0
"6888",2024-06-24,21,55,12777.8,420,0,0,31.6378378378378,0,0,14047.2,444,0,0,0,0
"6889",2024-06-24,22,0,12697.8,418,0,0,30.3775119617225,0,0,12697.8,418,0,0,0,0
"6890",2024-06-24,22,5,11901.8,412,0,0,30.3775119617225,0,0,12697.8,418,0,0,0,0
"6891",2024-06-24,22,10,12192.8,408,0,0,30.3775119617225,0,0,12697.8,418,0,0,0,0
"6892",2024-06-24,22,15,12345.8,411,0,0,30.3775119617225,0,0,12697.8,418,0,0,0,0
"6893",2024-06-24,22,20,12273.8,410,0,0,30.3775119617225,0,0,12697.8,418,0,0,0,0
"6894",2024-06-24,22,25,12200.8,408,0,0,30.3775119617225,0,0,12697.8,418,0,0,0,0
"6895",2024-06-24,22,30,11626.8,404,0,0,30.3775119617225,0,0,12697.8,418,0,0,0,0
"6896",2024-06-24,22,35,10426.8,394,0,0,30.3775119617225,0,0,12697.8,418,0,0,0,0
"6897",2024-06-24,22,40,9815.8,391,0,0,30.3775119617225,0,0,12697.8,418,0,0,0,0
"6898",2024-06-24,22,45,9771.8,389,0,0,30.3775119617225,0,0,12697.8,418,0,0,0,0
"6899",2024-06-24,22,50,8925.8,384,0,0,30.3775119617225,0,0,12697.8,418,0,0,0,0
"6900",2024-06-24,22,55,9219.8,381,0,0,30.3775119617225,0,0,12697.8,418,0,0,0,0
"6901",2024-06-24,23,0,9499.8,381,0,0,26.8478723404255,0,0,10094.8,381,0,0,0,0
"6902",2024-06-24,23,5,8352.8,361,0,0,26.8478723404255,0,0,10094.8,381,0,0,0,0
"6903",2024-06-24,23,10,10094.8,376,0,0,26.8478723404255,0,0,10094.8,381,0,0,0,0
"6904",2024-06-24,23,15,10065.5,375,0,0,26.8478723404255,0,0,10094.8,381,0,0,0,0
"6905",2024-06-24,23,20,9904.5,375,0,0,26.8478723404255,0,0,10094.8,381,0,0,0,0
"6906",2024-06-24,23,25,9119.5,370,0,0,26.8478723404255,0,0,10094.8,381,0,0,0,0
"6907",2024-06-24,23,30,9419.5,371,0,0,26.8478723404255,0,0,10094.8,381,0,0,0,0
"6908",2024-06-24,23,35,9491.5,373,0,0,26.8478723404255,0,0,10094.8,381,0,0,0,0
"6909",2024-06-24,23,40,9217.5,368,0,0,26.8478723404255,0,0,10094.8,381,0,0,0,0
"6910",2024-06-24,23,45,9239.5,369,0,0,26.8478723404255,0,0,10094.8,381,0,0,0,0
"6911",2024-06-24,23,50,9402.5,370,0,0,26.8478723404255,0,0,10094.8,381,0,0,0,0
"6912",2024-06-24,23,55,9336.5,367,0,0,26.8478723404255,0,0,10094.8,381,0,0,0,0
"6913",2024-06-25,0,0,4987,156,0,0,31.9679487179487,0,0,4987,157,0,0,0,0
"6914",2024-06-25,0,5,4910,157,0,0,31.9679487179487,0,0,4987,157,0,0,0,0
"6915",2024-06-25,0,10,4610,156,0,0,31.9679487179487,0,0,4987,157,0,0,0,0
"6916",2024-06-25,0,15,4888,156,0,0,31.9679487179487,0,0,4987,157,0,0,0,0
"6917",2024-06-25,0,20,4888,156,0,0,31.9679487179487,0,0,4987,157,0,0,0,0
"6918",2024-06-25,0,25,4288,154,0,0,31.9679487179487,0,0,4987,157,0,0,0,0
"6919",2024-06-25,0,30,4310,155,0,0,31.9679487179487,0,0,4987,157,0,0,0,0
"6920",2024-06-25,0,35,4081,152,0,0,31.9679487179487,0,0,4987,157,0,0,0,0
"6921",2024-06-25,0,40,4359,152,0,0,31.9679487179487,0,0,4987,157,0,0,0,0
"6922",2024-06-25,0,45,4637,152,0,0,31.9679487179487,0,0,4987,157,0,0,0,0
"6923",2024-06-25,0,50,4037,150,0,0,31.9679487179487,0,0,4987,157,0,0,0,0
"6924",2024-06-25,0,55,4037,150,0,0,31.9679487179487,0,0,4987,157,0,0,0,0
"6925",2024-06-25,1,0,4037,150,0,0,28.7972027972028,0,0,4118,150,0,0,0,0
"6926",2024-06-25,1,5,3796,143,0,0,28.7972027972028,0,0,4118,150,0,0,0,0
"6927",2024-06-25,1,10,3796,143,0,0,28.7972027972028,0,0,4118,150,0,0,0,0
"6928",2024-06-25,1,15,4052,142,0,0,28.7972027972028,0,0,4118,150,0,0,0,0
"6929",2024-06-25,1,20,4052,142,0,0,28.7972027972028,0,0,4118,150,0,0,0,0
"6930",2024-06-25,1,25,4118,143,0,0,28.7972027972028,0,0,4118,150,0,0,0,0
"6931",2024-06-25,1,30,3796,141,0,0,28.7972027972028,0,0,4118,150,0,0,0,0
"6932",2024-06-25,1,35,3859,141,0,0,28.7972027972028,0,0,4118,150,0,0,0,0
"6933",2024-06-25,1,40,3859,141,0,0,28.7972027972028,0,0,4118,150,0,0,0,0
"6934",2024-06-25,1,45,3881,142,0,0,28.7972027972028,0,0,4118,150,0,0,0,0
"6935",2024-06-25,1,50,3259,139,0,0,28.7972027972028,0,0,4118,150,0,0,0,0
"6936",2024-06-25,1,55,3193,138,0,0,28.7972027972028,0,0,4118,150,0,0,0,0
"6937",2024-06-25,2,0,6602.4,311,0,0,22.5006472491909,0,0,6956.4,313,0,0,0,0
"6938",2024-06-25,2,5,6750.4,313,0,0,22.5006472491909,0,0,6956.4,313,0,0,0,0
"6939",2024-06-25,2,10,6689.4,311,0,0,22.5006472491909,0,0,6956.4,313,0,0,0,0
"6940",2024-06-25,2,15,6656.4,309,0,0,22.5006472491909,0,0,6956.4,313,0,0,0,0
"6941",2024-06-25,2,20,6956.4,310,0,0,22.5006472491909,0,0,6956.4,313,0,0,0,0
"6942",2024-06-25,2,25,6956.4,310,0,0,22.5006472491909,0,0,6956.4,313,0,0,0,0
"6943",2024-06-25,2,30,6952.7,309,0,0,22.5006472491909,0,0,6956.4,313,0,0,0,0
"6944",2024-06-25,2,35,6749.7,307,0,0,22.5006472491909,0,0,6956.4,313,0,0,0,0
"6945",2024-06-25,2,40,6449.7,306,0,0,22.5006472491909,0,0,6956.4,313,0,0,0,0
"6946",2024-06-25,2,45,6449.7,306,0,0,22.5006472491909,0,0,6956.4,313,0,0,0,0
"6947",2024-06-25,2,50,6127.7,304,0,0,22.5006472491909,0,0,6956.4,313,0,0,0,0
"6948",2024-06-25,2,55,6416.7,304,0,0,22.5006472491909,0,0,6956.4,313,0,0,0,0
"6949",2024-06-25,3,0,6416.7,304,0,0,21.3693602693603,0,0,6417.7,304,0,0,0,0
"6950",2024-06-25,3,5,6123.7,300,0,0,21.3693602693603,0,0,6417.7,304,0,0,0,0
"6951",2024-06-25,3,10,6101.7,299,0,0,21.3693602693603,0,0,6417.7,304,0,0,0,0
"6952",2024-06-25,3,15,6401.7,300,0,0,21.3693602693603,0,0,6417.7,304,0,0,0,0
"6953",2024-06-25,3,20,6417.7,301,0,0,21.3693602693603,0,0,6417.7,304,0,0,0,0
"6954",2024-06-25,3,25,6401.7,300,0,0,21.3693602693603,0,0,6417.7,304,0,0,0,0
"6955",2024-06-25,3,30,6401.7,300,0,0,21.3693602693603,0,0,6417.7,304,0,0,0,0
"6956",2024-06-25,3,35,6346.7,297,0,0,21.3693602693603,0,0,6417.7,304,0,0,0,0
"6957",2024-06-25,3,40,6346.7,297,0,0,21.3693602693603,0,0,6417.7,304,0,0,0,0
"6958",2024-06-25,3,45,6068.7,297,0,0,21.3693602693603,0,0,6417.7,304,0,0,0,0
"6959",2024-06-25,3,50,6248.7,298,0,0,21.3693602693603,0,0,6417.7,304,0,0,0,0
"6960",2024-06-25,3,55,5948.7,297,0,0,21.3693602693603,0,0,6417.7,304,0,0,0,0
"6961",2024-06-25,4,0,5970.7,298,0,0,20.9756666666667,0,0,6292.7,300,0,0,0,0
"6962",2024-06-25,4,5,6292.7,300,0,0,20.9756666666667,0,0,6292.7,300,0,0,0,0
"6963",2024-06-25,4,10,6292.7,300,0,0,20.9756666666667,0,0,6292.7,300,0,0,0,0
"6964",2024-06-25,4,15,6292.7,300,0,0,20.9756666666667,0,0,6292.7,300,0,0,0,0
"6965",2024-06-25,4,20,6112.7,299,0,0,20.9756666666667,0,0,6292.7,300,0,0,0,0
"6966",2024-06-25,4,25,6112.7,299,0,0,20.9756666666667,0,0,6292.7,300,0,0,0,0
"6967",2024-06-25,4,30,6134.7,300,0,0,20.9756666666667,0,0,6292.7,300,0,0,0,0
"6968",2024-06-25,4,35,5856.7,300,0,0,20.9756666666667,0,0,6292.7,300,0,0,0,0
"6969",2024-06-25,4,40,5856.7,300,0,0,20.9756666666667,0,0,6292.7,300,0,0,0,0
"6970",2024-06-25,4,45,5856.7,300,0,0,20.9756666666667,0,0,6292.7,300,0,0,0,0
"6971",2024-06-25,4,50,5856.7,300,0,0,20.9756666666667,0,0,6292.7,300,0,0,0,0
"6972",2024-06-25,4,55,5856.7,300,0,0,20.9756666666667,0,0,6292.7,300,0,0,0,0
"6973",2024-06-25,5,0,5856.7,300,0,0,19.7036912751678,0,0,5900.7,300,0,0,0,0
"6974",2024-06-25,5,5,5834.7,299,0,0,19.7036912751678,0,0,5900.7,300,0,0,0,0
"6975",2024-06-25,5,10,5834.7,299,0,0,19.7036912751678,0,0,5900.7,300,0,0,0,0
"6976",2024-06-25,5,15,5834.7,299,0,0,19.7036912751678,0,0,5900.7,300,0,0,0,0
"6977",2024-06-25,5,20,5834.7,299,0,0,19.7036912751678,0,0,5900.7,300,0,0,0,0
"6978",2024-06-25,5,25,5834.7,299,0,0,19.7036912751678,0,0,5900.7,300,0,0,0,0
"6979",2024-06-25,5,30,5900.7,300,0,0,19.7036912751678,0,0,5900.7,300,0,0,0,0
"6980",2024-06-25,5,35,5871.7,298,0,0,19.7036912751678,0,0,5900.7,300,0,0,0,0
"6981",2024-06-25,5,40,5871.7,298,0,0,19.7036912751678,0,0,5900.7,300,0,0,0,0
"6982",2024-06-25,5,45,5871.7,298,0,0,19.7036912751678,0,0,5900.7,300,0,0,0,0
"6983",2024-06-25,5,50,5871.7,298,0,0,19.7036912751678,0,0,5900.7,300,0,0,0,0
"6984",2024-06-25,5,55,5871.7,298,0,0,19.7036912751678,0,0,5900.7,300,0,0,0,0
"6985",2024-06-25,6,0,5871.7,298,0,0,21.1475247524752,0,0,6407.7,303,0,0,0,0
"6986",2024-06-25,6,5,6091.7,301,0,0,21.1475247524752,0,0,6407.7,303,0,0,0,0
"6987",2024-06-25,6,10,6107.7,302,0,0,21.1475247524752,0,0,6407.7,303,0,0,0,0
"6988",2024-06-25,6,15,6107.7,302,0,0,21.1475247524752,0,0,6407.7,303,0,0,0,0
"6989",2024-06-25,6,20,6107.7,302,0,0,21.1475247524752,0,0,6407.7,303,0,0,0,0
"6990",2024-06-25,6,25,6407.7,303,0,0,21.1475247524752,0,0,6407.7,303,0,0,0,0
"6991",2024-06-25,6,30,6407.7,303,0,0,21.1475247524752,0,0,6407.7,303,0,0,0,0
"6992",2024-06-25,6,35,6231.7,302,0,0,21.1475247524752,0,0,6407.7,303,0,0,0,0
"6993",2024-06-25,6,40,6231.7,302,0,0,21.1475247524752,0,0,6407.7,303,0,0,0,0
"6994",2024-06-25,6,45,6231.7,302,0,0,21.1475247524752,0,0,6407.7,303,0,0,0,0
"6995",2024-06-25,6,50,6231.7,302,0,0,21.1475247524752,0,0,6407.7,303,0,0,0,0
"6996",2024-06-25,6,55,5893.7,301,0,0,21.1475247524752,0,0,6407.7,303,0,0,0,0
"6997",2024-06-25,7,0,5915.7,302,0,0,21.2628664495114,0,0,6538.7,308,0,0,0,0
"6998",2024-06-25,7,5,5937.7,303,0,0,21.2628664495114,0,0,6538.7,308,0,0,0,0
"6999",2024-06-25,7,10,5915.7,302,0,0,21.2628664495114,0,0,6538.7,308,0,0,0,0
"7000",2024-06-25,7,15,5915.7,302,0,0,21.2628664495114,0,0,6538.7,308,0,0,0,0
"7001",2024-06-25,7,20,5915.7,302,0,0,21.2628664495114,0,0,6538.7,308,0,0,0,0
"7002",2024-06-25,7,25,6145.7,304,0,0,21.2628664495114,0,0,6538.7,308,0,0,0,0
"7003",2024-06-25,7,30,6527.7,307,0,0,21.2628664495114,0,0,6538.7,308,0,0,0,0
"7004",2024-06-25,7,35,6538.7,308,0,0,21.2628664495114,0,0,6538.7,308,0,0,0,0
"7005",2024-06-25,7,40,6260.7,308,0,0,21.2628664495114,0,0,6538.7,308,0,0,0,0
"7006",2024-06-25,7,45,6238.7,307,0,0,21.2628664495114,0,0,6538.7,308,0,0,0,0
"7007",2024-06-25,7,50,6238.7,307,0,0,21.2628664495114,0,0,6538.7,308,0,0,0,0
"7008",2024-06-25,7,55,6199.7,306,0,0,21.2628664495114,0,0,6538.7,308,0,0,0,0
"7009",2024-06-25,8,0,6177.7,306,0,0,22.903081232493,0,0,8176.4,357,0,0,0,0
"7010",2024-06-25,8,5,6448.7,307,0,0,22.903081232493,0,0,8176.4,357,0,0,0,0
"7011",2024-06-25,8,10,6536.7,311,0,0,22.903081232493,0,0,8176.4,357,0,0,0,0
"7012",2024-06-25,8,15,6542.7,311,0,0,22.903081232493,0,0,8176.4,357,0,0,0,0
"7013",2024-06-25,8,20,6575.7,313,0,0,22.903081232493,0,0,8176.4,357,0,0,0,0
"7014",2024-06-25,8,25,6630.7,316,0,0,22.903081232493,0,0,8176.4,357,0,0,0,0
"7015",2024-06-25,8,30,7172.7,331,0,0,22.903081232493,0,0,8176.4,357,0,0,0,0
"7016",2024-06-25,8,35,7188.7,333,0,0,22.903081232493,0,0,8176.4,357,0,0,0,0
"7017",2024-06-25,8,40,7199.7,336,0,0,22.903081232493,0,0,8176.4,357,0,0,0,0
"7018",2024-06-25,8,45,7901.7,346,0,0,22.903081232493,0,0,8176.4,357,0,0,0,0
"7019",2024-06-25,8,50,7978.7,349,0,0,22.903081232493,0,0,8176.4,357,0,0,0,0
"7020",2024-06-25,8,55,8176.4,357,0,0,22.903081232493,0,0,8176.4,357,0,0,0,0
"7021",2024-06-25,9,45,10488.4,413,0,0,25.3956416464891,0,0,10589.7,425,0,0,0,0
"7022",2024-06-25,9,50,10589.7,417,0,0,25.3956416464891,0,0,10589.7,425,0,0,0,0
"7023",2024-06-25,9,55,10496.7,425,0,0,25.3956416464891,0,0,10589.7,425,0,0,0,0
"7024",2024-06-25,9,0,8141.4,358,0,0,25.3956416464891,0,0,10589.7,425,0,0,0,0
"7025",2024-06-25,9,5,8227.4,376,0,0,25.3956416464891,0,0,10589.7,425,0,0,0,0
"7026",2024-06-25,9,10,8426.4,382,0,0,25.3956416464891,0,0,10589.7,425,0,0,0,0
"7027",2024-06-25,9,15,8797.4,389,0,0,25.3956416464891,0,0,10589.7,425,0,0,0,0
"7028",2024-06-25,9,20,8857.4,392,0,0,25.3956416464891,0,0,10589.7,425,0,0,0,0
"7029",2024-06-25,9,25,9018.4,395,0,0,25.3956416464891,0,0,10589.7,425,0,0,0,0
"7030",2024-06-25,9,30,9374.4,394,0,0,25.3956416464891,0,0,10589.7,425,0,0,0,0
"7031",2024-06-25,9,35,9942.4,408,0,0,25.3956416464891,0,0,10589.7,425,0,0,0,0
"7032",2024-06-25,9,40,10111.4,410,0,0,25.3956416464891,0,0,10589.7,425,0,0,0,0
"7033",2024-06-25,10,0,10745,433,0,0,25.8995901639344,0,0,12881,529,0,0,0,0
"7034",2024-06-25,10,5,12639,488,0,0,25.8995901639344,0,0,12881,529,0,0,0,0
"7035",2024-06-25,10,10,12078,487,0,0,25.8995901639344,0,0,12881,529,0,0,0,0
"7036",2024-06-25,10,15,12295,491,0,0,25.8995901639344,0,0,12881,529,0,0,0,0
"7037",2024-06-25,10,20,12163,492,0,0,25.8995901639344,0,0,12881,529,0,0,0,0
"7038",2024-06-25,10,25,12203,499,0,0,25.8995901639344,0,0,12881,529,0,0,0,0
"7039",2024-06-25,10,30,12805,504,0,0,25.8995901639344,0,0,12881,529,0,0,0,0
"7040",2024-06-25,10,35,12350,511,0,0,25.8995901639344,0,0,12881,529,0,0,0,0
"7041",2024-06-25,10,40,12471,518,0,0,25.8995901639344,0,0,12881,529,0,0,0,0
"7042",2024-06-25,10,45,12700,522,0,0,25.8995901639344,0,0,12881,529,0,0,0,0
"7043",2024-06-25,10,50,12687,526,0,0,25.8995901639344,0,0,12881,529,0,0,0,0
"7044",2024-06-25,10,55,12881,529,0,0,25.8995901639344,0,0,12881,529,0,0,0,0
"7045",2024-06-25,11,0,12694,533,0,0,28.6941074523397,0,0,16787.5,587,0,0,0,0
"7046",2024-06-25,11,5,12599,547,0,0,28.6941074523397,0,0,16787.5,587,0,0,0,0
"7047",2024-06-25,11,10,13938,551,0,0,28.6941074523397,0,0,16787.5,587,0,0,0,0
"7048",2024-06-25,11,15,13705,550,0,0,28.6941074523397,0,0,16787.5,587,0,0,0,0
"7049",2024-06-25,11,20,13416,552,0,0,28.6941074523397,0,0,16787.5,587,0,0,0,0
"7050",2024-06-25,11,25,14040.3,555,0,0,28.6941074523397,0,0,16787.5,587,0,0,0,0
"7051",2024-06-25,11,30,14312.2,561,0,0,28.6941074523397,0,0,16787.5,587,0,0,0,0
"7052",2024-06-25,11,35,15762.8,575,0,0,28.6941074523397,0,0,16787.5,587,0,0,0,0
"7053",2024-06-25,11,40,16543.8,577,0,0,28.6941074523397,0,0,16787.5,587,0,0,0,0
"7054",2024-06-25,11,45,16419.8,575,0,0,28.6941074523397,0,0,16787.5,587,0,0,0,0
"7055",2024-06-25,11,50,16556.5,577,0,0,28.6941074523397,0,0,16787.5,587,0,0,0,0
"7056",2024-06-25,11,55,16787.5,587,0,0,28.6941074523397,0,0,16787.5,587,0,0,0,0
"7057",2024-06-25,12,0,16154.5,583,0,0,28.1268656716418,0,0,16960.5,603,0,0,0,0
"7058",2024-06-25,12,5,16960.5,603,0,0,28.1268656716418,0,0,16960.5,603,0,0,0,0
"7059",2024-06-25,12,10,16425.5,598,0,0,28.1268656716418,0,0,16960.5,603,0,0,0,0
"7060",2024-06-25,12,15,16469.5,600,0,0,28.1268656716418,0,0,16960.5,603,0,0,0,0
"7061",2024-06-25,12,20,15211.5,594,0,0,28.1268656716418,0,0,16960.5,603,0,0,0,0
"7062",2024-06-25,12,25,15544.5,596,0,0,28.1268656716418,0,0,16960.5,603,0,0,0,0
"7063",2024-06-25,12,30,15222.5,593,0,0,28.1268656716418,0,0,16960.5,603,0,0,0,0
"7064",2024-06-25,12,35,14053.5,582,0,0,28.1268656716418,0,0,16960.5,603,0,0,0,0
"7065",2024-06-25,12,40,13739.5,584,0,0,28.1268656716418,0,0,16960.5,603,0,0,0,0
"7066",2024-06-25,12,45,13756.5,583,0,0,28.1268656716418,0,0,16960.5,603,0,0,0,0
"7067",2024-06-25,12,50,14311.5,588,0,0,28.1268656716418,0,0,16960.5,603,0,0,0,0
"7068",2024-06-25,12,55,14339.5,587,0,0,28.1268656716418,0,0,16960.5,603,0,0,0,0
"7069",2024-06-25,13,5,13511.5,584,0,0,26.7073883161512,0,0,15543.7,594,0,0,0,0
"7070",2024-06-25,13,10,13121.5,588,0,0,26.7073883161512,0,0,15543.7,594,0,0,0,0
"7071",2024-06-25,13,15,13559.5,594,0,0,26.7073883161512,0,0,15543.7,594,0,0,0,0
"7072",2024-06-25,13,20,13105.5,586,0,0,26.7073883161512,0,0,15543.7,594,0,0,0,0
"7073",2024-06-25,13,25,13332.5,591,0,0,26.7073883161512,0,0,15543.7,594,0,0,0,0
"7074",2024-06-25,13,30,13599.5,590,0,0,26.7073883161512,0,0,15543.7,594,0,0,0,0
"7075",2024-06-25,13,35,13457.5,588,0,0,26.7073883161512,0,0,15543.7,594,0,0,0,0
"7076",2024-06-25,13,40,14493.5,589,0,0,26.7073883161512,0,0,15543.7,594,0,0,0,0
"7077",2024-06-25,13,45,15025.7,586,0,0,26.7073883161512,0,0,15543.7,594,0,0,0,0
"7078",2024-06-25,13,50,15543.7,582,0,0,26.7073883161512,0,0,15543.7,594,0,0,0,0
"7079",2024-06-25,13,55,15219.7,572,0,0,26.7073883161512,0,0,15543.7,594,0,0,0,0
"7080",2024-06-25,13,0,14044.5,588,0,0,26.7073883161512,0,0,15543.7,594,0,0,0,0
"7081",2024-06-25,14,0,14414.7,565,0,0,29.1841918294849,0,0,16451.4,566,0,0,0,0
"7082",2024-06-25,14,45,15790.4,565,0,0,29.1841918294849,0,0,16451.4,566,0,0,0,0
"7083",2024-06-25,14,50,14818.4,557,0,0,29.1841918294849,0,0,16451.4,566,0,0,0,0
"7084",2024-06-25,14,55,14286.4,552,0,0,29.1841918294849,0,0,16451.4,566,0,0,0,0
"7085",2024-06-25,14,5,14569.7,563,0,0,29.1841918294849,0,0,16451.4,566,0,0,0,0
"7086",2024-06-25,14,10,14973.7,554,0,0,29.1841918294849,0,0,16451.4,566,0,0,0,0
"7087",2024-06-25,14,15,15071.7,560,0,0,29.1841918294849,0,0,16451.4,566,0,0,0,0
"7088",2024-06-25,14,20,15449.7,559,0,0,29.1841918294849,0,0,16451.4,566,0,0,0,0
"7089",2024-06-25,14,25,15301.7,560,0,0,29.1841918294849,0,0,16451.4,566,0,0,0,0
"7090",2024-06-25,14,30,15573.7,561,0,0,29.1841918294849,0,0,16451.4,566,0,0,0,0
"7091",2024-06-25,14,35,16430.7,563,0,0,29.1841918294849,0,0,16451.4,566,0,0,0,0
"7092",2024-06-25,14,40,16451.4,566,0,0,29.1841918294849,0,0,16451.4,566,0,0,0,0
"7093",2024-06-25,15,0,14750.4,552,0,0,28.1272045028143,0,0,15031.1,552,0,0,0,0
"7094",2024-06-25,15,5,13786.1,540,0,0,28.1272045028143,0,0,15031.1,552,0,0,0,0
"7095",2024-06-25,15,10,14117.1,542,0,0,28.1272045028143,0,0,15031.1,552,0,0,0,0
"7096",2024-06-25,15,15,14104.1,540,0,0,28.1272045028143,0,0,15031.1,552,0,0,0,0
"7097",2024-06-25,15,20,13990.4,535,0,0,28.1272045028143,0,0,15031.1,552,0,0,0,0
"7098",2024-06-25,15,25,14167.4,539,0,0,28.1272045028143,0,0,15031.1,552,0,0,0,0
"7099",2024-06-25,15,30,14611.4,540,0,0,28.1272045028143,0,0,15031.1,552,0,0,0,0
"7100",2024-06-25,15,35,14991.8,533,0,0,28.1272045028143,0,0,15031.1,552,0,0,0,0
"7101",2024-06-25,15,40,14191.8,526,0,0,28.1272045028143,0,0,15031.1,552,0,0,0,0
"7102",2024-06-25,15,45,14235.8,528,0,0,28.1272045028143,0,0,15031.1,552,0,0,0,0
"7103",2024-06-25,15,50,15031.1,537,0,0,28.1272045028143,0,0,15031.1,552,0,0,0,0
"7104",2024-06-25,15,55,14724.1,537,0,0,28.1272045028143,0,0,15031.1,552,0,0,0,0
"7105",2024-06-25,16,0,14750.1,537,0,0,28.8018214936248,0,0,15812.2,551,0,0,0,0
"7106",2024-06-25,16,5,13790.1,535,0,0,28.8018214936248,0,0,15812.2,551,0,0,0,0
"7107",2024-06-25,16,10,13584.1,535,0,0,28.8018214936248,0,0,15812.2,551,0,0,0,0
"7108",2024-06-25,16,15,13306.1,536,0,0,28.8018214936248,0,0,15812.2,551,0,0,0,0
"7109",2024-06-25,16,20,13511.8,539,0,0,28.8018214936248,0,0,15812.2,551,0,0,0,0
"7110",2024-06-25,16,25,13685.8,540,0,0,28.8018214936248,0,0,15812.2,551,0,0,0,0
"7111",2024-06-25,16,30,13653.2,540,0,0,28.8018214936248,0,0,15812.2,551,0,0,0,0
"7112",2024-06-25,16,35,14403.2,544,0,0,28.8018214936248,0,0,15812.2,551,0,0,0,0
"7113",2024-06-25,16,40,14780.2,541,0,0,28.8018214936248,0,0,15812.2,551,0,0,0,0
"7114",2024-06-25,16,45,15812.2,549,0,0,28.8018214936248,0,0,15812.2,551,0,0,0,0
"7115",2024-06-25,16,50,15747.2,551,0,0,28.8018214936248,0,0,15812.2,551,0,0,0,0
"7116",2024-06-25,16,55,15347.2,550,0,0,28.8018214936248,0,0,15812.2,551,0,0,0,0
"7117",2024-06-25,17,0,15567.2,550,0,0,28.304,0,0,15567.2,550,0,0,0,0
"7118",2024-06-25,17,5,15330.2,546,0,0,28.304,0,0,15567.2,550,0,0,0,0
"7119",2024-06-25,17,10,14991.2,541,0,0,28.304,0,0,15567.2,550,0,0,0,0
"7120",2024-06-25,17,15,14850.2,541,0,0,28.304,0,0,15567.2,550,0,0,0,0
"7121",2024-06-25,17,20,14725.2,538,0,0,28.304,0,0,15567.2,550,0,0,0,0
"7122",2024-06-25,17,25,14524.4,542,0,0,28.304,0,0,15567.2,550,0,0,0,0
"7123",2024-06-25,17,30,14432.4,540,0,0,28.304,0,0,15567.2,550,0,0,0,0
"7124",2024-06-25,17,35,12920.4,520,0,0,28.304,0,0,15567.2,550,0,0,0,0
"7125",2024-06-25,17,40,13153.4,523,0,0,28.304,0,0,15567.2,550,0,0,0,0
"7126",2024-06-25,17,45,13141.4,519,0,0,28.304,0,0,15567.2,550,0,0,0,0
"7127",2024-06-25,17,50,13514.4,519,0,0,28.304,0,0,15567.2,550,0,0,0,0
"7128",2024-06-25,17,55,13747.7,525,0,0,28.304,0,0,15567.2,550,0,0,0,0
"7129",2024-06-25,18,0,13977.7,530,0,0,35.6348,0,0,13977.7,530,0,0,0,0
"7130",2024-06-25,18,5,13920.7,530,0,0,35.6348,0,0,13977.7,530,0,0,0,0
"7131",2024-06-25,18,10,13515.7,518,0,0,35.6348,0,0,13977.7,530,0,0,0,0
"7132",2024-06-25,18,15,8908.7,250,0,0,35.6348,0,0,13977.7,530,0,0,0,0
"7133",2024-06-25,18,20,8715.1,255,0,0,35.6348,0,0,13977.7,530,0,0,0,0
"7134",2024-06-25,18,25,8595.1,255,0,0,35.6348,0,0,13977.7,530,0,0,0,0
"7135",2024-06-25,18,30,7995.1,253,0,0,35.6348,0,0,13977.7,530,0,0,0,0
"7136",2024-06-25,18,35,7184.1,236,0,0,35.6348,0,0,13977.7,530,0,0,0,0
"7137",2024-06-25,18,40,7190.1,236,0,0,35.6348,0,0,13977.7,530,0,0,0,0
"7138",2024-06-25,18,45,7212.1,237,0,0,35.6348,0,0,13977.7,530,0,0,0,0
"7139",2024-06-25,18,50,7578.1,239,0,0,35.6348,0,0,13977.7,530,0,0,0,0
"7140",2024-06-25,18,55,7856.1,241,0,0,35.6348,0,0,13977.7,530,0,0,0,0
"7141",2024-06-25,19,0,7313.1,242,0,0,39.5267543859649,0,0,9012.1,242,0,0,0,0
"7142",2024-06-25,19,5,7812.1,228,0,0,39.5267543859649,0,0,9012.1,242,0,0,0,0
"7143",2024-06-25,19,10,8068.1,227,0,0,39.5267543859649,0,0,9012.1,242,0,0,0,0
"7144",2024-06-25,19,15,8990.1,229,0,0,39.5267543859649,0,0,9012.1,242,0,0,0,0
"7145",2024-06-25,19,20,9012.1,228,0,0,39.5267543859649,0,0,9012.1,242,0,0,0,0
"7146",2024-06-25,19,25,7779.1,223,0,0,39.5267543859649,0,0,9012.1,242,0,0,0,0
"7147",2024-06-25,19,30,7277.1,220,0,0,39.5267543859649,0,0,9012.1,242,0,0,0,0
"7148",2024-06-25,19,35,7132.1,216,0,0,39.5267543859649,0,0,9012.1,242,0,0,0,0
"7149",2024-06-25,19,40,6666.1,217,0,0,39.5267543859649,0,0,9012.1,242,0,0,0,0
"7150",2024-06-25,19,45,6483.1,219,0,0,39.5267543859649,0,0,9012.1,242,0,0,0,0
"7151",2024-06-25,19,50,6695.1,218,0,0,39.5267543859649,0,0,9012.1,242,0,0,0,0
"7152",2024-06-25,19,55,6495.1,212,0,0,39.5267543859649,0,0,9012.1,242,0,0,0,0
"7153",2024-06-25,20,0,6506.1,212,0,0,41.4272300469484,0,0,8824,213,0,0,0,0
"7154",2024-06-25,20,5,5760.7,195,0,0,41.4272300469484,0,0,8824,213,0,0,0,0
"7155",2024-06-25,20,10,6398.7,196,0,0,41.4272300469484,0,0,8824,213,0,0,0,0
"7156",2024-06-25,20,15,6130.7,197,0,0,41.4272300469484,0,0,8824,213,0,0,0,0
"7157",2024-06-25,20,20,5828.7,196,0,0,41.4272300469484,0,0,8824,213,0,0,0,0
"7158",2024-06-25,20,25,6384.7,196,0,0,41.4272300469484,0,0,8824,213,0,0,0,0
"7159",2024-06-25,20,30,7028.7,200,0,0,41.4272300469484,0,0,8824,213,0,0,0,0
"7160",2024-06-25,20,35,7998.7,212,0,0,41.4272300469484,0,0,8824,213,0,0,0,0
"7161",2024-06-25,20,40,7927.7,211,0,0,41.4272300469484,0,0,8824,213,0,0,0,0
"7162",2024-06-25,20,45,8524,212,0,0,41.4272300469484,0,0,8824,213,0,0,0,0
"7163",2024-06-25,20,50,8824,213,0,0,41.4272300469484,0,0,8824,213,0,0,0,0
"7164",2024-06-25,20,55,8736,211,0,0,41.4272300469484,0,0,8824,213,0,0,0,0
"7165",2024-06-25,21,0,7814,207,0,0,37.7487922705314,0,0,7814,207,0,0,0,0
"7166",2024-06-25,21,5,7007,204,0,0,37.7487922705314,0,0,7814,207,0,0,0,0
"7167",2024-06-25,21,10,7285,204,0,0,37.7487922705314,0,0,7814,207,0,0,0,0
"7168",2024-06-25,21,15,7607,205,0,0,37.7487922705314,0,0,7814,207,0,0,0,0
"7169",2024-06-25,21,20,7657,206,0,0,37.7487922705314,0,0,7814,207,0,0,0,0
"7170",2024-06-25,21,25,7657,206,0,0,37.7487922705314,0,0,7814,207,0,0,0,0
"7171",2024-06-25,21,30,7379,206,0,0,37.7487922705314,0,0,7814,207,0,0,0,0
"7172",2024-06-25,21,35,7354,201,0,0,37.7487922705314,0,0,7814,207,0,0,0,0
"7173",2024-06-25,21,40,6776,200,0,0,37.7487922705314,0,0,7814,207,0,0,0,0
"7174",2024-06-25,21,45,6820,201,0,0,37.7487922705314,0,0,7814,207,0,0,0,0
"7175",2024-06-25,21,50,6242,200,0,0,37.7487922705314,0,0,7814,207,0,0,0,0
"7176",2024-06-25,21,55,5966,198,0,0,37.7487922705314,0,0,7814,207,0,0,0,0
"7177",2024-06-25,22,0,5966,198,0,0,34.8216216216216,0,0,6884,200,0,0,0,0
"7178",2024-06-25,22,5,6186,194,0,0,34.8216216216216,0,0,6884,200,0,0,0,0
"7179",2024-06-25,22,10,6208,195,0,0,34.8216216216216,0,0,6884,200,0,0,0,0
"7180",2024-06-25,22,15,6262,197,0,0,34.8216216216216,0,0,6884,200,0,0,0,0
"7181",2024-06-25,22,20,6884,200,0,0,34.8216216216216,0,0,6884,200,0,0,0,0
"7182",2024-06-25,22,25,6284,198,0,0,34.8216216216216,0,0,6884,200,0,0,0,0
"7183",2024-06-25,22,30,6328,198,0,0,34.8216216216216,0,0,6884,200,0,0,0,0
"7184",2024-06-25,22,35,5837,183,0,0,34.8216216216216,0,0,6884,200,0,0,0,0
"7185",2024-06-25,22,40,6203,185,0,0,34.8216216216216,0,0,6884,200,0,0,0,0
"7186",2024-06-25,22,45,6437,185,0,0,34.8216216216216,0,0,6884,200,0,0,0,0
"7187",2024-06-25,22,50,6120,183,0,0,34.8216216216216,0,0,6884,200,0,0,0,0
"7188",2024-06-25,22,55,6442,185,0,0,34.8216216216216,0,0,6884,200,0,0,0,0
"7189",2024-06-25,23,0,6676,183,0,0,36.4808743169399,0,0,6676,183,0,0,0,0
"7190",2024-06-25,23,5,5635,169,0,0,36.4808743169399,0,0,6676,183,0,0,0,0
"7191",2024-06-25,23,10,6565,182,0,0,36.4808743169399,0,0,6676,183,0,0,0,0
"7192",2024-06-25,23,15,5965,180,0,0,36.4808743169399,0,0,6676,183,0,0,0,0
"7193",2024-06-25,23,20,5621,177,0,0,36.4808743169399,0,0,6676,183,0,0,0,0
"7194",2024-06-25,23,25,5555,174,0,0,36.4808743169399,0,0,6676,183,0,0,0,0
"7195",2024-06-25,23,30,5789,174,0,0,36.4808743169399,0,0,6676,183,0,0,0,0
"7196",2024-06-25,23,35,4830,160,0,0,36.4808743169399,0,0,6676,183,0,0,0,0
"7197",2024-06-25,23,40,4508,158,0,0,36.4808743169399,0,0,6676,183,0,0,0,0
"7198",2024-06-25,23,45,5108,160,0,0,36.4808743169399,0,0,6676,183,0,0,0,0
"7199",2024-06-25,23,50,5108,160,0,0,36.4808743169399,0,0,6676,183,0,0,0,0
"7200",2024-06-25,23,55,4775,157,0,0,36.4808743169399,0,0,6676,183,0,0,0,0
"7201",2024-06-26,0,0,5109.7,185,0,0,27.677358490566,0,0,5109.7,185,0,0,0,0
"7202",2024-06-26,0,5,4210.7,174,0,0,27.677358490566,0,0,5109.7,185,0,0,0,0
"7203",2024-06-26,0,10,4442.7,172,0,0,27.677358490566,0,0,5109.7,185,0,0,0,0
"7204",2024-06-26,0,15,4442.7,172,0,0,27.677358490566,0,0,5109.7,185,0,0,0,0
"7205",2024-06-26,0,20,4442.7,172,0,0,27.677358490566,0,0,5109.7,185,0,0,0,0
"7206",2024-06-26,0,25,4442.7,172,0,0,27.677358490566,0,0,5109.7,185,0,0,0,0
"7207",2024-06-26,0,30,4742.7,173,0,0,27.677358490566,0,0,5109.7,185,0,0,0,0
"7208",2024-06-26,0,35,4422.7,160,0,0,27.677358490566,0,0,5109.7,185,0,0,0,0
"7209",2024-06-26,0,40,4400.7,159,0,0,27.677358490566,0,0,5109.7,185,0,0,0,0
"7210",2024-06-26,0,45,4400.7,159,0,0,27.677358490566,0,0,5109.7,185,0,0,0,0
"7211",2024-06-26,0,50,4444.7,161,0,0,27.677358490566,0,0,5109.7,185,0,0,0,0
"7212",2024-06-26,0,55,4444.7,161,0,0,27.677358490566,0,0,5109.7,185,0,0,0,0
"7213",2024-06-26,1,55,3415.7,149,0,0,28.6943037974684,0,0,4533.7,159,0,0,0,0
"7214",2024-06-26,1,0,4400.7,159,0,0,28.6943037974684,0,0,4533.7,159,0,0,0,0
"7215",2024-06-26,1,5,4489.7,157,0,0,28.6943037974684,0,0,4533.7,159,0,0,0,0
"7216",2024-06-26,1,10,4233.7,158,0,0,28.6943037974684,0,0,4533.7,159,0,0,0,0
"7217",2024-06-26,1,15,4211.7,156,0,0,28.6943037974684,0,0,4533.7,159,0,0,0,0
"7218",2024-06-26,1,20,4533.7,158,0,0,28.6943037974684,0,0,4533.7,159,0,0,0,0
"7219",2024-06-26,1,25,4533.7,158,0,0,28.6943037974684,0,0,4533.7,159,0,0,0,0
"7220",2024-06-26,1,30,4533.7,158,0,0,28.6943037974684,0,0,4533.7,159,0,0,0,0
"7221",2024-06-26,1,35,3916.7,146,0,0,28.6943037974684,0,0,4533.7,159,0,0,0,0
"7222",2024-06-26,1,40,3916.7,146,0,0,28.6943037974684,0,0,4533.7,159,0,0,0,0
"7223",2024-06-26,1,45,3982.7,149,0,0,28.6943037974684,0,0,4533.7,159,0,0,0,0
"7224",2024-06-26,1,50,3382.7,147,0,0,28.6943037974684,0,0,4533.7,159,0,0,0,0
"7225",2024-06-26,2,0,3493,139,0,0,28.3802816901408,0,0,4030,142,0,0,0,0
"7226",2024-06-26,2,5,3730,139,0,0,28.3802816901408,0,0,4030,142,0,0,0,0
"7227",2024-06-26,2,10,3730,139,0,0,28.3802816901408,0,0,4030,142,0,0,0,0
"7228",2024-06-26,2,15,3708,138,0,0,28.3802816901408,0,0,4030,142,0,0,0,0
"7229",2024-06-26,2,20,3708,138,0,0,28.3802816901408,0,0,4030,142,0,0,0,0
"7230",2024-06-26,2,25,3430,138,0,0,28.3802816901408,0,0,4030,142,0,0,0,0
"7231",2024-06-26,2,30,3430,138,0,0,28.3802816901408,0,0,4030,142,0,0,0,0
"7232",2024-06-26,2,35,3708,140,0,0,28.3802816901408,0,0,4030,142,0,0,0,0
"7233",2024-06-26,2,40,3708,140,0,0,28.3802816901408,0,0,4030,142,0,0,0,0
"7234",2024-06-26,2,45,4030,142,0,0,28.3802816901408,0,0,4030,142,0,0,0,0
"7235",2024-06-26,2,50,4030,142,0,0,28.3802816901408,0,0,4030,142,0,0,0,0
"7236",2024-06-26,2,55,4030,142,0,0,28.3802816901408,0,0,4030,142,0,0,0,0
"7237",2024-06-26,3,45,3280,139,0,0,28.3802816901408,0,0,4030,142,0,0,0,0
"7238",2024-06-26,3,50,3580,140,0,0,28.3802816901408,0,0,4030,142,0,0,0,0
"7239",2024-06-26,3,0,4030,142,0,0,28.3802816901408,0,0,4030,142,0,0,0,0
"7240",2024-06-26,3,5,3736,139,0,0,28.3802816901408,0,0,4030,142,0,0,0,0
"7241",2024-06-26,3,10,3436,138,0,0,28.3802816901408,0,0,4030,142,0,0,0,0
"7242",2024-06-26,3,15,3414,137,0,0,28.3802816901408,0,0,4030,142,0,0,0,0
"7243",2024-06-26,3,20,3414,137,0,0,28.3802816901408,0,0,4030,142,0,0,0,0
"7244",2024-06-26,3,25,3436,138,0,0,28.3802816901408,0,0,4030,142,0,0,0,0
"7245",2024-06-26,3,30,3436,138,0,0,28.3802816901408,0,0,4030,142,0,0,0,0
"7246",2024-06-26,3,35,3547,138,0,0,28.3802816901408,0,0,4030,142,0,0,0,0
"7247",2024-06-26,3,40,3247,137,0,0,28.3802816901408,0,0,4030,142,0,0,0,0
"7248",2024-06-26,3,55,3569,139,0,0,28.3802816901408,0,0,4030,142,0,0,0,0
"7249",2024-06-26,4,0,3569,139,0,0,25.6762589928058,0,0,3569,139,0,0,0,0
"7250",2024-06-26,4,5,3419,138,0,0,25.6762589928058,0,0,3569,139,0,0,0,0
"7251",2024-06-26,4,10,3419,138,0,0,25.6762589928058,0,0,3569,139,0,0,0,0
"7252",2024-06-26,4,15,3397,137,0,0,25.6762589928058,0,0,3569,139,0,0,0,0
"7253",2024-06-26,4,20,3097,136,0,0,25.6762589928058,0,0,3569,139,0,0,0,0
"7254",2024-06-26,4,25,2819,136,0,0,25.6762589928058,0,0,3569,139,0,0,0,0
"7255",2024-06-26,4,30,2819,136,0,0,25.6762589928058,0,0,3569,139,0,0,0,0
"7256",2024-06-26,4,35,2775,134,0,0,25.6762589928058,0,0,3569,139,0,0,0,0
"7257",2024-06-26,4,40,3075,135,0,0,25.6762589928058,0,0,3569,139,0,0,0,0
"7258",2024-06-26,4,45,3097,136,0,0,25.6762589928058,0,0,3569,139,0,0,0,0
"7259",2024-06-26,4,50,3097,136,0,0,25.6762589928058,0,0,3569,139,0,0,0,0
"7260",2024-06-26,4,55,3097,136,0,0,25.6762589928058,0,0,3569,139,0,0,0,0
"7261",2024-06-26,5,0,3097,136,0,0,22.7720588235294,0,0,3097,137,0,0,0,0
"7262",2024-06-26,5,5,2775,134,0,0,22.7720588235294,0,0,3097,137,0,0,0,0
"7263",2024-06-26,5,10,2775,134,0,0,22.7720588235294,0,0,3097,137,0,0,0,0
"7264",2024-06-26,5,15,2775,134,0,0,22.7720588235294,0,0,3097,137,0,0,0,0
"7265",2024-06-26,5,20,2775,134,0,0,22.7720588235294,0,0,3097,137,0,0,0,0
"7266",2024-06-26,5,25,2775,134,0,0,22.7720588235294,0,0,3097,137,0,0,0,0
"7267",2024-06-26,5,30,2775,134,0,0,22.7720588235294,0,0,3097,137,0,0,0,0
"7268",2024-06-26,5,35,2973,136,0,0,22.7720588235294,0,0,3097,137,0,0,0,0
"7269",2024-06-26,5,40,2973,136,0,0,22.7720588235294,0,0,3097,137,0,0,0,0
"7270",2024-06-26,5,45,2995,137,0,0,22.7720588235294,0,0,3097,137,0,0,0,0
"7271",2024-06-26,5,50,2995,137,0,0,22.7720588235294,0,0,3097,137,0,0,0,0
"7272",2024-06-26,5,55,2995,137,0,0,22.7720588235294,0,0,3097,137,0,0,0,0
"7273",2024-06-26,6,0,2995,137,0,0,24.7357142857143,0,0,3485,141,0,0,0,0
"7274",2024-06-26,6,5,2863,138,0,0,24.7357142857143,0,0,3485,141,0,0,0,0
"7275",2024-06-26,6,10,2863,138,0,0,24.7357142857143,0,0,3485,141,0,0,0,0
"7276",2024-06-26,6,15,2885,139,0,0,24.7357142857143,0,0,3485,141,0,0,0,0
"7277",2024-06-26,6,20,2885,139,0,0,24.7357142857143,0,0,3485,141,0,0,0,0
"7278",2024-06-26,6,25,3185,140,0,0,24.7357142857143,0,0,3485,141,0,0,0,0
"7279",2024-06-26,6,30,3485,141,0,0,24.7357142857143,0,0,3485,141,0,0,0,0
"7280",2024-06-26,6,35,3463,140,0,0,24.7357142857143,0,0,3485,141,0,0,0,0
"7281",2024-06-26,6,40,3463,140,0,0,24.7357142857143,0,0,3485,141,0,0,0,0
"7282",2024-06-26,6,45,3485,141,0,0,24.7357142857143,0,0,3485,141,0,0,0,0
"7283",2024-06-26,6,50,3485,141,0,0,24.7357142857143,0,0,3485,141,0,0,0,0
"7284",2024-06-26,6,55,3485,141,0,0,24.7357142857143,0,0,3485,141,0,0,0,0
"7285",2024-06-26,7,0,3163,139,0,0,25.6241134751773,0,0,3613,142,0,0,0,0
"7286",2024-06-26,7,5,3291,139,0,0,25.6241134751773,0,0,3613,142,0,0,0,0
"7287",2024-06-26,7,10,3291,139,0,0,25.6241134751773,0,0,3613,142,0,0,0,0
"7288",2024-06-26,7,15,3313,140,0,0,25.6241134751773,0,0,3613,142,0,0,0,0
"7289",2024-06-26,7,20,3613,141,0,0,25.6241134751773,0,0,3613,142,0,0,0,0
"7290",2024-06-26,7,25,3613,141,0,0,25.6241134751773,0,0,3613,142,0,0,0,0
"7291",2024-06-26,7,30,3613,141,0,0,25.6241134751773,0,0,3613,142,0,0,0,0
"7292",2024-06-26,7,35,3502,140,0,0,25.6241134751773,0,0,3613,142,0,0,0,0
"7293",2024-06-26,7,40,3502,140,0,0,25.6241134751773,0,0,3613,142,0,0,0,0
"7294",2024-06-26,7,45,3524,141,0,0,25.6241134751773,0,0,3613,142,0,0,0,0
"7295",2024-06-26,7,50,3524,141,0,0,25.6241134751773,0,0,3613,142,0,0,0,0
"7296",2024-06-26,7,55,3546,142,0,0,25.6241134751773,0,0,3613,142,0,0,0,0
"7297",2024-06-26,8,15,3276,142,0,0,27.7619047619048,0,0,4103,149,0,0,0,0
"7298",2024-06-26,8,20,3276,142,0,0,27.7619047619048,0,0,4103,149,0,0,0,0
"7299",2024-06-26,8,25,3620,145,0,0,27.7619047619048,0,0,4103,149,0,0,0,0
"7300",2024-06-26,8,30,3598,144,0,0,27.7619047619048,0,0,4103,149,0,0,0,0
"7301",2024-06-26,8,35,4081,147,0,0,27.7619047619048,0,0,4103,149,0,0,0,0
"7302",2024-06-26,8,40,4103,148,0,0,27.7619047619048,0,0,4103,149,0,0,0,0
"7303",2024-06-26,8,45,3803,147,0,0,27.7619047619048,0,0,4103,149,0,0,0,0
"7304",2024-06-26,8,50,3847,149,0,0,27.7619047619048,0,0,4103,149,0,0,0,0
"7305",2024-06-26,8,55,3825,148,0,0,27.7619047619048,0,0,4103,149,0,0,0,0
"7306",2024-06-26,8,0,3846,143,0,0,27.7619047619048,0,0,4103,149,0,0,0,0
"7307",2024-06-26,8,5,3554,142,0,0,27.7619047619048,0,0,4103,149,0,0,0,0
"7308",2024-06-26,8,10,3254,141,0,0,27.7619047619048,0,0,4103,149,0,0,0,0
"7309",2024-06-26,9,0,4001,152,0,0,29.8728323699422,0,0,5223,178,0,0,0,0
"7310",2024-06-26,9,5,3888,161,0,0,29.8728323699422,0,0,5223,178,0,0,0,0
"7311",2024-06-26,9,10,4188,162,0,0,29.8728323699422,0,0,5223,178,0,0,0,0
"7312",2024-06-26,9,15,4166,161,0,0,29.8728323699422,0,0,5223,178,0,0,0,0
"7313",2024-06-26,9,20,4188,162,0,0,29.8728323699422,0,0,5223,178,0,0,0,0
"7314",2024-06-26,9,25,4455,164,0,0,29.8728323699422,0,0,5223,178,0,0,0,0
"7315",2024-06-26,9,30,4455,164,0,0,29.8728323699422,0,0,5223,178,0,0,0,0
"7316",2024-06-26,9,35,5168,173,0,0,29.8728323699422,0,0,5223,178,0,0,0,0
"7317",2024-06-26,9,40,4879,173,0,0,29.8728323699422,0,0,5223,178,0,0,0,0
"7318",2024-06-26,9,45,5223,176,0,0,29.8728323699422,0,0,5223,178,0,0,0,0
"7319",2024-06-26,9,50,5223,176,0,0,29.8728323699422,0,0,5223,178,0,0,0,0
"7320",2024-06-26,9,55,4939,178,0,0,29.8728323699422,0,0,5223,178,0,0,0,0
"7321",2024-06-26,10,0,4617,176,0,0,32.6585365853659,0,0,8034,247,0,0,0,0
"7322",2024-06-26,10,5,6189,210,0,0,32.6585365853659,0,0,8034,247,0,0,0,0
"7323",2024-06-26,10,10,6255,213,0,0,32.6585365853659,0,0,8034,247,0,0,0,0
"7324",2024-06-26,10,15,6321,216,0,0,32.6585365853659,0,0,8034,247,0,0,0,0
"7325",2024-06-26,10,20,6643,218,0,0,32.6585365853659,0,0,8034,247,0,0,0,0
"7326",2024-06-26,10,25,6687,220,0,0,32.6585365853659,0,0,8034,247,0,0,0,0
"7327",2024-06-26,10,30,6731,222,0,0,32.6585365853659,0,0,8034,247,0,0,0,0
"7328",2024-06-26,10,35,6350,238,0,0,32.6585365853659,0,0,8034,247,0,0,0,0
"7329",2024-06-26,10,40,7690,243,0,0,32.6585365853659,0,0,8034,247,0,0,0,0
"7330",2024-06-26,10,45,8034,246,0,0,32.6585365853659,0,0,8034,247,0,0,0,0
"7331",2024-06-26,10,50,7778,247,0,0,32.6585365853659,0,0,8034,247,0,0,0,0
"7332",2024-06-26,10,55,7140,246,0,0,32.6585365853659,0,0,8034,247,0,0,0,0
"7333",2024-06-26,11,0,6862,246,0,0,32.3527272727273,0,0,8897,276,0,0,0,0
"7334",2024-06-26,11,5,7072,261,0,0,32.3527272727273,0,0,8897,276,0,0,0,0
"7335",2024-06-26,11,10,6527,262,0,0,32.3527272727273,0,0,8897,276,0,0,0,0
"7336",2024-06-26,11,15,6783,261,0,0,32.3527272727273,0,0,8897,276,0,0,0,0
"7337",2024-06-26,11,20,6772,261,0,0,32.3527272727273,0,0,8897,276,0,0,0,0
"7338",2024-06-26,11,25,7738,265,0,0,32.3527272727273,0,0,8897,276,0,0,0,0
"7339",2024-06-26,11,30,7056,262,0,0,32.3527272727273,0,0,8897,276,0,0,0,0
"7340",2024-06-26,11,35,8275,269,0,0,32.3527272727273,0,0,8897,276,0,0,0,0
"7341",2024-06-26,11,40,8363,274,0,0,32.3527272727273,0,0,8897,276,0,0,0,0
"7342",2024-06-26,11,45,8641,274,0,0,32.3527272727273,0,0,8897,276,0,0,0,0
"7343",2024-06-26,11,50,8897,275,0,0,32.3527272727273,0,0,8897,276,0,0,0,0
"7344",2024-06-26,11,55,8341,276,0,0,32.3527272727273,0,0,8897,276,0,0,0,0
"7345",2024-06-26,12,0,7719,273,0,0,38.3443708609271,0,0,11580,302,0,0,0,0
"7346",2024-06-26,12,5,7683,274,0,0,38.3443708609271,0,0,11580,302,0,0,0,0
"7347",2024-06-26,12,10,7361,272,0,0,38.3443708609271,0,0,11580,302,0,0,0,0
"7348",2024-06-26,12,15,7983,275,0,0,38.3443708609271,0,0,11580,302,0,0,0,0
"7349",2024-06-26,12,20,8049,278,0,0,38.3443708609271,0,0,11580,302,0,0,0,0
"7350",2024-06-26,12,25,9227,281,0,0,38.3443708609271,0,0,11580,302,0,0,0,0
"7351",2024-06-26,12,30,8649,280,0,0,38.3443708609271,0,0,11580,302,0,0,0,0
"7352",2024-06-26,12,35,9398,294,0,0,38.3443708609271,0,0,11580,302,0,0,0,0
"7353",2024-06-26,12,40,9632,292,0,0,38.3443708609271,0,0,11580,302,0,0,0,0
"7354",2024-06-26,12,45,10576,297,0,0,38.3443708609271,0,0,11580,302,0,0,0,0
"7355",2024-06-26,12,50,10876,298,0,0,38.3443708609271,0,0,11580,302,0,0,0,0
"7356",2024-06-26,12,55,11580,302,0,0,38.3443708609271,0,0,11580,302,0,0,0,0
"7357",2024-06-26,13,0,10870,295,0,0,36.8474576271186,0,0,10870,298,0,0,0,0
"7358",2024-06-26,13,5,9958,298,0,0,36.8474576271186,0,0,10870,298,0,0,0,0
"7359",2024-06-26,13,10,9647,296,0,0,36.8474576271186,0,0,10870,298,0,0,0,0
"7360",2024-06-26,13,15,9915,296,0,0,36.8474576271186,0,0,10870,298,0,0,0,0
"7361",2024-06-26,13,20,9861,296,0,0,36.8474576271186,0,0,10870,298,0,0,0,0
"7362",2024-06-26,13,25,9627,297,0,0,36.8474576271186,0,0,10870,298,0,0,0,0
"7363",2024-06-26,13,30,9283,294,0,0,36.8474576271186,0,0,10870,298,0,0,0,0
"7364",2024-06-26,13,35,9204,286,0,0,36.8474576271186,0,0,10870,298,0,0,0,0
"7365",2024-06-26,13,40,8871,283,0,0,36.8474576271186,0,0,10870,298,0,0,0,0
"7366",2024-06-26,13,45,9493,286,0,0,36.8474576271186,0,0,10870,298,0,0,0,0
"7367",2024-06-26,13,50,9504,286,0,0,36.8474576271186,0,0,10870,298,0,0,0,0
"7368",2024-06-26,13,55,8582,282,0,0,36.8474576271186,0,0,10870,298,0,0,0,0
"7369",2024-06-26,14,35,10089,284,0,0,37.956204379562,0,0,10400,284,0,0,0,0
"7370",2024-06-26,14,40,9751,281,0,0,37.956204379562,0,0,10400,284,0,0,0,0
"7371",2024-06-26,14,45,9751,281,0,0,37.956204379562,0,0,10400,284,0,0,0,0
"7372",2024-06-26,14,50,10093,284,0,0,37.956204379562,0,0,10400,284,0,0,0,0
"7373",2024-06-26,14,55,9782,282,0,0,37.956204379562,0,0,10400,284,0,0,0,0
"7374",2024-06-26,14,0,8666,281,0,0,37.956204379562,0,0,10400,284,0,0,0,0
"7375",2024-06-26,14,5,8721,271,0,0,37.956204379562,0,0,10400,284,0,0,0,0
"7376",2024-06-26,14,10,9332,273,0,0,37.956204379562,0,0,10400,284,0,0,0,0
"7377",2024-06-26,14,15,9288,271,0,0,37.956204379562,0,0,10400,284,0,0,0,0
"7378",2024-06-26,14,20,9544,272,0,0,37.956204379562,0,0,10400,284,0,0,0,0
"7379",2024-06-26,14,25,9866,274,0,0,37.956204379562,0,0,10400,284,0,0,0,0
"7380",2024-06-26,14,30,10400,274,0,0,37.956204379562,0,0,10400,284,0,0,0,0
"7381",2024-06-26,15,0,9482,281,0,0,41.0268456375839,0,0,12226,298,0,0,0,0
"7382",2024-06-26,15,5,10239,289,0,0,41.0268456375839,0,0,12226,298,0,0,0,0
"7383",2024-06-26,15,10,11271,294,0,0,41.0268456375839,0,0,12226,298,0,0,0,0
"7384",2024-06-26,15,15,11271,294,0,0,41.0268456375839,0,0,12226,298,0,0,0,0
"7385",2024-06-26,15,20,11915,296,0,0,41.0268456375839,0,0,12226,298,0,0,0,0
"7386",2024-06-26,15,25,12226,298,0,0,41.0268456375839,0,0,12226,298,0,0,0,0
"7387",2024-06-26,15,30,11838,295,0,0,41.0268456375839,0,0,12226,298,0,0,0,0
"7388",2024-06-26,15,35,9567.4,270,0,0,41.0268456375839,0,0,12226,298,0,0,0,0
"7389",2024-06-26,15,40,9184.4,267,0,0,41.0268456375839,0,0,12226,298,0,0,0,0
"7390",2024-06-26,15,45,9778.4,269,0,0,41.0268456375839,0,0,12226,298,0,0,0,0
"7391",2024-06-26,15,50,9778.4,270,0,0,41.0268456375839,0,0,12226,298,0,0,0,0
"7392",2024-06-26,15,55,9244.4,271,0,0,41.0268456375839,0,0,12226,298,0,0,0,0
"7393",2024-06-26,16,0,8926.4,270,0,0,35.9345724907063,0,0,9666.4,270,0,0,0,0
"7394",2024-06-26,16,5,7777.4,267,0,0,35.9345724907063,0,0,9666.4,270,0,0,0,0
"7395",2024-06-26,16,10,8415.4,268,0,0,35.9345724907063,0,0,9666.4,270,0,0,0,0
"7396",2024-06-26,16,15,8693.4,268,0,0,35.9345724907063,0,0,9666.4,270,0,0,0,0
"7397",2024-06-26,16,20,8605.4,266,0,0,35.9345724907063,0,0,9666.4,270,0,0,0,0
"7398",2024-06-26,16,25,8649.4,268,0,0,35.9345724907063,0,0,9666.4,270,0,0,0,0
"7399",2024-06-26,16,30,8949.4,269,0,0,35.9345724907063,0,0,9666.4,270,0,0,0,0
"7400",2024-06-26,16,35,9155.4,261,0,0,35.9345724907063,0,0,9666.4,270,0,0,0,0
"7401",2024-06-26,16,40,9122.4,259,0,0,35.9345724907063,0,0,9666.4,270,0,0,0,0
"7402",2024-06-26,16,45,8676.4,264,0,0,35.9345724907063,0,0,9666.4,270,0,0,0,0
"7403",2024-06-26,16,50,9254.4,265,0,0,35.9345724907063,0,0,9666.4,270,0,0,0,0
"7404",2024-06-26,16,55,9666.4,269,0,0,35.9345724907063,0,0,9666.4,270,0,0,0,0
"7405",2024-06-26,17,0,9088.4,268,0,0,35.6894736842105,0,0,9493.4,268,0,0,0,0
"7406",2024-06-26,17,5,8894.4,254,0,0,35.6894736842105,0,0,9493.4,268,0,0,0,0
"7407",2024-06-26,17,10,8850.4,252,0,0,35.6894736842105,0,0,9493.4,268,0,0,0,0
"7408",2024-06-26,17,15,7969.4,249,0,0,35.6894736842105,0,0,9493.4,268,0,0,0,0
"7409",2024-06-26,17,20,8269.4,250,0,0,35.6894736842105,0,0,9493.4,268,0,0,0,0
"7410",2024-06-26,17,25,8269.4,250,0,0,35.6894736842105,0,0,9493.4,268,0,0,0,0
"7411",2024-06-26,17,30,8593.4,249,0,0,35.6894736842105,0,0,9493.4,268,0,0,0,0
"7412",2024-06-26,17,35,9089.4,263,0,0,35.6894736842105,0,0,9493.4,268,0,0,0,0
"7413",2024-06-26,17,40,9367.4,263,0,0,35.6894736842105,0,0,9493.4,268,0,0,0,0
"7414",2024-06-26,17,45,9493.4,266,0,0,35.6894736842105,0,0,9493.4,268,0,0,0,0
"7415",2024-06-26,17,50,9237.4,265,0,0,35.6894736842105,0,0,9493.4,268,0,0,0,0
"7416",2024-06-26,17,55,9047.4,267,0,0,35.6894736842105,0,0,9493.4,268,0,0,0,0
"7417",2024-06-26,18,0,8555.4,264,0,0,39.4094488188976,0,0,10416,265,0,0,0,0
"7418",2024-06-26,18,5,8442.4,262,0,0,39.4094488188976,0,0,10416,265,0,0,0,0
"7419",2024-06-26,18,10,8409.4,261,0,0,39.4094488188976,0,0,10416,265,0,0,0,0
"7420",2024-06-26,18,15,8127,247,0,0,39.4094488188976,0,0,10416,265,0,0,0,0
"7421",2024-06-26,18,20,9558,262,0,0,39.4094488188976,0,0,10416,265,0,0,0,0
"7422",2024-06-26,18,25,9836,262,0,0,39.4094488188976,0,0,10416,265,0,0,0,0
"7423",2024-06-26,18,30,10416,265,0,0,39.4094488188976,0,0,10416,265,0,0,0,0
"7424",2024-06-26,18,35,10010,254,0,0,39.4094488188976,0,0,10416,265,0,0,0,0
"7425",2024-06-26,18,40,9454,254,0,0,39.4094488188976,0,0,10416,265,0,0,0,0
"7426",2024-06-26,18,45,9291,257,0,0,39.4094488188976,0,0,10416,265,0,0,0,0
"7427",2024-06-26,18,50,8747,256,0,0,39.4094488188976,0,0,10416,265,0,0,0,0
"7428",2024-06-26,18,55,9021,256,0,0,39.4094488188976,0,0,10416,265,0,0,0,0
"7429",2024-06-26,19,0,8699,254,0,0,36.036036036036,0,0,8699,254,0,0,0,0
"7430",2024-06-26,19,5,7741,232,0,0,36.036036036036,0,0,8699,254,0,0,0,0
"7431",2024-06-26,19,10,7581,228,0,0,36.036036036036,0,0,8699,254,0,0,0,0
"7432",2024-06-26,19,15,7303,228,0,0,36.036036036036,0,0,8699,254,0,0,0,0
"7433",2024-06-26,19,20,7125,223,0,0,36.036036036036,0,0,8699,254,0,0,0,0
"7434",2024-06-26,19,25,7114,222,0,0,36.036036036036,0,0,8699,254,0,0,0,0
"7435",2024-06-26,19,30,7070,220,0,0,36.036036036036,0,0,8699,254,0,0,0,0
"7436",2024-06-26,19,55,7755,223,0,0,36.036036036036,0,0,8699,254,0,0,0,0
"7437",2024-06-26,19,35,8000,222,0,0,36.036036036036,0,0,8699,254,0,0,0,0
"7438",2024-06-26,19,40,7400,220,0,0,36.036036036036,0,0,8699,254,0,0,0,0
"7439",2024-06-26,19,45,7378,219,0,0,36.036036036036,0,0,8699,254,0,0,0,0
"7440",2024-06-26,19,50,7400,220,0,0,36.036036036036,0,0,8699,254,0,0,0,0
"7441",2024-06-26,20,0,7161,221,0,0,39.0338164251208,0,0,8080,221,0,0,0,0
"7442",2024-06-26,20,5,6778,198,0,0,39.0338164251208,0,0,8080,221,0,0,0,0
"7443",2024-06-26,20,10,6118,196,0,0,39.0338164251208,0,0,8080,221,0,0,0,0
"7444",2024-06-26,20,15,6418,197,0,0,39.0338164251208,0,0,8080,221,0,0,0,0
"7445",2024-06-26,20,20,6674,196,0,0,39.0338164251208,0,0,8080,221,0,0,0,0
"7446",2024-06-26,20,25,7384,201,0,0,39.0338164251208,0,0,8080,221,0,0,0,0
"7447",2024-06-26,20,30,7723,204,0,0,39.0338164251208,0,0,8080,221,0,0,0,0
"7448",2024-06-26,20,35,7830,207,0,0,39.0338164251208,0,0,8080,221,0,0,0,0
"7449",2024-06-26,20,40,7786,205,0,0,39.0338164251208,0,0,8080,221,0,0,0,0
"7450",2024-06-26,20,45,7840,208,0,0,39.0338164251208,0,0,8080,221,0,0,0,0
"7451",2024-06-26,20,50,8080,207,0,0,39.0338164251208,0,0,8080,221,0,0,0,0
"7452",2024-06-26,20,55,7778,205,0,0,39.0338164251208,0,0,8080,221,0,0,0,0
"7453",2024-06-26,21,0,7844,206,0,0,39.5728155339806,0,0,8152,210,0,0,0,0
"7454",2024-06-26,21,5,8152,206,0,0,39.5728155339806,0,0,8152,210,0,0,0,0
"7455",2024-06-26,21,10,7579.7,206,0,0,39.5728155339806,0,0,8152,210,0,0,0,0
"7456",2024-06-26,21,15,7579.7,206,0,0,39.5728155339806,0,0,8152,210,0,0,0,0
"7457",2024-06-26,21,20,7901.7,208,0,0,39.5728155339806,0,0,8152,210,0,0,0,0
"7458",2024-06-26,21,25,7513.7,203,0,0,39.5728155339806,0,0,8152,210,0,0,0,0
"7459",2024-06-26,21,30,7359.7,199,0,0,39.5728155339806,0,0,8152,210,0,0,0,0
"7460",2024-06-26,21,35,6383.7,205,0,0,39.5728155339806,0,0,8152,210,0,0,0,0
"7461",2024-06-26,21,40,7005.7,208,0,0,39.5728155339806,0,0,8152,210,0,0,0,0
"7462",2024-06-26,21,45,7049.7,210,0,0,39.5728155339806,0,0,8152,210,0,0,0,0
"7463",2024-06-26,21,50,6383.7,207,0,0,39.5728155339806,0,0,8152,210,0,0,0,0
"7464",2024-06-26,21,55,6743.7,208,0,0,39.5728155339806,0,0,8152,210,0,0,0,0
"7465",2024-06-26,22,45,5418.7,196,0,0,34.099043062201,0,0,7126.7,209,0,0,0,0
"7466",2024-06-26,22,50,5696.7,196,0,0,34.099043062201,0,0,7126.7,209,0,0,0,0
"7467",2024-06-26,22,55,5974.7,196,0,0,34.099043062201,0,0,7126.7,209,0,0,0,0
"7468",2024-06-26,22,0,6443.7,207,0,0,34.099043062201,0,0,7126.7,209,0,0,0,0
"7469",2024-06-26,22,5,5936.7,204,0,0,34.099043062201,0,0,7126.7,209,0,0,0,0
"7470",2024-06-26,22,10,5298.7,203,0,0,34.099043062201,0,0,7126.7,209,0,0,0,0
"7471",2024-06-26,22,15,6226.7,206,0,0,34.099043062201,0,0,7126.7,209,0,0,0,0
"7472",2024-06-26,22,20,7126.7,209,0,0,34.099043062201,0,0,7126.7,209,0,0,0,0
"7473",2024-06-26,22,25,6154.7,204,0,0,34.099043062201,0,0,7126.7,209,0,0,0,0
"7474",2024-06-26,22,30,5837.7,202,0,0,34.099043062201,0,0,7126.7,209,0,0,0,0
"7475",2024-06-26,22,35,5363.7,193,0,0,34.099043062201,0,0,7126.7,209,0,0,0,0
"7476",2024-06-26,22,40,5663.7,194,0,0,34.099043062201,0,0,7126.7,209,0,0,0,0
"7477",2024-06-26,23,0,5652.7,194,0,0,29.1376288659794,0,0,5652.7,194,0,0,0,0
"7478",2024-06-26,23,5,4686.7,181,0,0,29.1376288659794,0,0,5652.7,194,0,0,0,0
"7479",2024-06-26,23,10,5114.7,186,0,0,29.1376288659794,0,0,5652.7,194,0,0,0,0
"7480",2024-06-26,23,15,4836.7,186,0,0,29.1376288659794,0,0,5652.7,194,0,0,0,0
"7481",2024-06-26,23,20,4836.7,186,0,0,29.1376288659794,0,0,5652.7,194,0,0,0,0
"7482",2024-06-26,23,25,5136.7,187,0,0,29.1376288659794,0,0,5652.7,194,0,0,0,0
"7483",2024-06-26,23,30,5136.7,187,0,0,29.1376288659794,0,0,5652.7,194,0,0,0,0
"7484",2024-06-26,23,35,5431.7,187,0,0,29.1376288659794,0,0,5652.7,194,0,0,0,0
"7485",2024-06-26,23,40,5131.7,186,0,0,29.1376288659794,0,0,5652.7,194,0,0,0,0
"7486",2024-06-26,23,45,5109.7,185,0,0,29.1376288659794,0,0,5652.7,194,0,0,0,0
"7487",2024-06-26,23,50,5409.7,186,0,0,29.1376288659794,0,0,5652.7,194,0,0,0,0
"7488",2024-06-26,23,55,5387.7,185,0,0,29.1376288659794,0,0,5652.7,194,0,0,0,0
"7489",2024-06-27,0,0,10571.4,416,0,0,26.4335,0,0,10573.4,416,0,0,0,0
"7490",2024-06-27,0,5,10573.4,400,0,0,26.4335,0,0,10573.4,416,0,0,0,0
"7491",2024-06-27,0,10,10313.4,393,0,0,26.4335,0,0,10573.4,416,0,0,0,0
"7492",2024-06-27,0,15,10243.4,389,0,0,26.4335,0,0,10573.4,416,0,0,0,0
"7493",2024-06-27,0,20,9523.4,386,0,0,26.4335,0,0,10573.4,416,0,0,0,0
"7494",2024-06-27,0,25,9486.4,383,0,0,26.4335,0,0,10573.4,416,0,0,0,0
"7495",2024-06-27,0,30,9530.4,385,0,0,26.4335,0,0,10573.4,416,0,0,0,0
"7496",2024-06-27,0,35,8227.4,371,0,0,26.4335,0,0,10573.4,416,0,0,0,0
"7497",2024-06-27,0,40,8161.4,368,0,0,26.4335,0,0,10573.4,416,0,0,0,0
"7498",2024-06-27,0,45,7879.4,366,0,0,26.4335,0,0,10573.4,416,0,0,0,0
"7499",2024-06-27,0,50,7923.4,366,0,0,26.4335,0,0,10573.4,416,0,0,0,0
"7500",2024-06-27,0,55,8186.4,366,0,0,26.4335,0,0,10573.4,416,0,0,0,0
"7501",2024-06-27,1,0,8353.4,363,0,0,24.6640226628895,0,0,8706.4,363,0,0,0,0
"7502",2024-06-27,1,5,7884.4,355,0,0,24.6640226628895,0,0,8706.4,363,0,0,0,0
"7503",2024-06-27,1,10,7829.4,352,0,0,24.6640226628895,0,0,8706.4,363,0,0,0,0
"7504",2024-06-27,1,15,7800.4,351,0,0,24.6640226628895,0,0,8706.4,363,0,0,0,0
"7505",2024-06-27,1,20,8362.4,350,0,0,24.6640226628895,0,0,8706.4,363,0,0,0,0
"7506",2024-06-27,1,25,8706.4,353,0,0,24.6640226628895,0,0,8706.4,363,0,0,0,0
"7507",2024-06-27,1,30,8379.4,352,0,0,24.6640226628895,0,0,8706.4,363,0,0,0,0
"7508",2024-06-27,1,35,8396.4,351,0,0,24.6640226628895,0,0,8706.4,363,0,0,0,0
"7509",2024-06-27,1,40,8513.4,350,0,0,24.6640226628895,0,0,8706.4,363,0,0,0,0
"7510",2024-06-27,1,45,8009.1,350,0,0,24.6640226628895,0,0,8706.4,363,0,0,0,0
"7511",2024-06-27,1,50,8287.1,350,0,0,24.6640226628895,0,0,8706.4,363,0,0,0,0
"7512",2024-06-27,1,55,7793.1,346,0,0,24.6640226628895,0,0,8706.4,363,0,0,0,0
"7513",2024-06-27,2,0,3415.7,149,0,0,26.3789115646258,0,0,3893.7,149,0,0,0,0
"7514",2024-06-27,2,5,3293.7,147,0,0,26.3789115646258,0,0,3893.7,149,0,0,0,0
"7515",2024-06-27,2,10,3293.7,147,0,0,26.3789115646258,0,0,3893.7,149,0,0,0,0
"7516",2024-06-27,2,15,3893.7,149,0,0,26.3789115646258,0,0,3893.7,149,0,0,0,0
"7517",2024-06-27,2,20,3893.7,149,0,0,26.3789115646258,0,0,3893.7,149,0,0,0,0
"7518",2024-06-27,2,25,3893.7,149,0,0,26.3789115646258,0,0,3893.7,149,0,0,0,0
"7519",2024-06-27,2,30,3893.7,149,0,0,26.3789115646258,0,0,3893.7,149,0,0,0,0
"7520",2024-06-27,2,35,3877.7,147,0,0,26.3789115646258,0,0,3893.7,149,0,0,0,0
"7521",2024-06-27,2,40,3577.7,146,0,0,26.3789115646258,0,0,3893.7,149,0,0,0,0
"7522",2024-06-27,2,45,3299.7,146,0,0,26.3789115646258,0,0,3893.7,149,0,0,0,0
"7523",2024-06-27,2,50,3299.7,146,0,0,26.3789115646258,0,0,3893.7,149,0,0,0,0
"7524",2024-06-27,2,55,3299.7,146,0,0,26.3789115646258,0,0,3893.7,149,0,0,0,0
"7525",2024-06-27,3,0,3599.7,147,0,0,24.4877551020408,0,0,3599.7,147,0,0,0,0
"7526",2024-06-27,3,5,3438.7,145,0,0,24.4877551020408,0,0,3599.7,147,0,0,0,0
"7527",2024-06-27,3,10,3438.7,145,0,0,24.4877551020408,0,0,3599.7,147,0,0,0,0
"7528",2024-06-27,3,15,3116.7,143,0,0,24.4877551020408,0,0,3599.7,147,0,0,0,0
"7529",2024-06-27,3,20,3116.7,143,0,0,24.4877551020408,0,0,3599.7,147,0,0,0,0
"7530",2024-06-27,3,25,3116.7,143,0,0,24.4877551020408,0,0,3599.7,147,0,0,0,0
"7531",2024-06-27,3,30,3116.7,143,0,0,24.4877551020408,0,0,3599.7,147,0,0,0,0
"7532",2024-06-27,3,35,3193.7,145,0,0,24.4877551020408,0,0,3599.7,147,0,0,0,0
"7533",2024-06-27,3,40,3193.7,145,0,0,24.4877551020408,0,0,3599.7,147,0,0,0,0
"7534",2024-06-27,3,45,3215.7,146,0,0,24.4877551020408,0,0,3599.7,147,0,0,0,0
"7535",2024-06-27,3,50,3193.7,145,0,0,24.4877551020408,0,0,3599.7,147,0,0,0,0
"7536",2024-06-27,3,55,3193.7,145,0,0,24.4877551020408,0,0,3599.7,147,0,0,0,0
"7537",2024-06-27,4,0,3493.7,146,0,0,25.7817567567568,0,0,3815.7,148,0,0,0,0
"7538",2024-06-27,4,5,3515.7,147,0,0,25.7817567567568,0,0,3815.7,148,0,0,0,0
"7539",2024-06-27,4,10,3815.7,148,0,0,25.7817567567568,0,0,3815.7,148,0,0,0,0
"7540",2024-06-27,4,15,3815.7,148,0,0,25.7817567567568,0,0,3815.7,148,0,0,0,0
"7541",2024-06-27,4,20,3515.7,147,0,0,25.7817567567568,0,0,3815.7,148,0,0,0,0
"7542",2024-06-27,4,25,3515.7,147,0,0,25.7817567567568,0,0,3815.7,148,0,0,0,0
"7543",2024-06-27,4,30,3515.7,147,0,0,25.7817567567568,0,0,3815.7,148,0,0,0,0
"7544",2024-06-27,4,35,3193.7,145,0,0,25.7817567567568,0,0,3815.7,148,0,0,0,0
"7545",2024-06-27,4,40,3193.7,145,0,0,25.7817567567568,0,0,3815.7,148,0,0,0,0
"7546",2024-06-27,4,45,3215.7,146,0,0,25.7817567567568,0,0,3815.7,148,0,0,0,0
"7547",2024-06-27,4,50,3515.7,147,0,0,25.7817567567568,0,0,3815.7,148,0,0,0,0
"7548",2024-06-27,4,55,3515.7,147,0,0,25.7817567567568,0,0,3815.7,148,0,0,0,0
"7549",2024-06-27,5,0,3515.7,147,0,0,23.9163265306122,0,0,3537.7,148,0,0,0,0
"7550",2024-06-27,5,5,3537.7,148,0,0,23.9163265306122,0,0,3537.7,148,0,0,0,0
"7551",2024-06-27,5,10,3537.7,148,0,0,23.9163265306122,0,0,3537.7,148,0,0,0,0
"7552",2024-06-27,5,15,3237.7,147,0,0,23.9163265306122,0,0,3537.7,148,0,0,0,0
"7553",2024-06-27,5,20,3237.7,147,0,0,23.9163265306122,0,0,3537.7,148,0,0,0,0
"7554",2024-06-27,5,25,3237.7,147,0,0,23.9163265306122,0,0,3537.7,148,0,0,0,0
"7555",2024-06-27,5,30,3237.7,147,0,0,23.9163265306122,0,0,3537.7,148,0,0,0,0
"7556",2024-06-27,5,35,3215.7,146,0,0,23.9163265306122,0,0,3537.7,148,0,0,0,0
"7557",2024-06-27,5,40,3193.7,145,0,0,23.9163265306122,0,0,3537.7,148,0,0,0,0
"7558",2024-06-27,5,45,3215.7,146,0,0,23.9163265306122,0,0,3537.7,148,0,0,0,0
"7559",2024-06-27,5,50,3215.7,146,0,0,23.9163265306122,0,0,3537.7,148,0,0,0,0
"7560",2024-06-27,5,55,3215.7,146,0,0,23.9163265306122,0,0,3537.7,148,0,0,0,0
"7561",2024-06-27,6,0,3215.7,146,0,0,26.3380952380952,0,0,3871.7,147,0,0,0,0
"7562",2024-06-27,6,5,3149.7,143,0,0,26.3380952380952,0,0,3871.7,147,0,0,0,0
"7563",2024-06-27,6,10,3149.7,143,0,0,26.3380952380952,0,0,3871.7,147,0,0,0,0
"7564",2024-06-27,6,15,3171.7,144,0,0,26.3380952380952,0,0,3871.7,147,0,0,0,0
"7565",2024-06-27,6,20,3171.7,144,0,0,26.3380952380952,0,0,3871.7,147,0,0,0,0
"7566",2024-06-27,6,25,3471.7,145,0,0,26.3380952380952,0,0,3871.7,147,0,0,0,0
"7567",2024-06-27,6,30,3771.7,146,0,0,26.3380952380952,0,0,3871.7,147,0,0,0,0
"7568",2024-06-27,6,35,3871.7,147,0,0,26.3380952380952,0,0,3871.7,147,0,0,0,0
"7569",2024-06-27,6,40,3571.7,146,0,0,26.3380952380952,0,0,3871.7,147,0,0,0,0
"7570",2024-06-27,6,45,3593.7,147,0,0,26.3380952380952,0,0,3871.7,147,0,0,0,0
"7571",2024-06-27,6,50,3593.7,147,0,0,26.3380952380952,0,0,3871.7,147,0,0,0,0
"7572",2024-06-27,6,55,3293.7,146,0,0,26.3380952380952,0,0,3871.7,147,0,0,0,0
"7573",2024-06-27,7,0,3293.7,146,0,0,28.011724137931,0,0,4061.7,146,0,0,0,0
"7574",2024-06-27,7,5,3271.7,145,0,0,28.011724137931,0,0,4061.7,146,0,0,0,0
"7575",2024-06-27,7,10,3271.7,145,0,0,28.011724137931,0,0,4061.7,146,0,0,0,0
"7576",2024-06-27,7,15,3293.7,146,0,0,28.011724137931,0,0,4061.7,146,0,0,0,0
"7577",2024-06-27,7,20,3293.7,146,0,0,28.011724137931,0,0,4061.7,146,0,0,0,0
"7578",2024-06-27,7,25,3293.7,146,0,0,28.011724137931,0,0,4061.7,146,0,0,0,0
"7579",2024-06-27,7,30,3293.7,146,0,0,28.011724137931,0,0,4061.7,146,0,0,0,0
"7580",2024-06-27,7,35,3755.7,144,0,0,28.011724137931,0,0,4061.7,146,0,0,0,0
"7581",2024-06-27,7,40,4055.7,145,0,0,28.011724137931,0,0,4061.7,146,0,0,0,0
"7582",2024-06-27,7,45,4061.7,145,0,0,28.011724137931,0,0,4061.7,146,0,0,0,0
"7583",2024-06-27,7,50,4061.7,145,0,0,28.011724137931,0,0,4061.7,146,0,0,0,0
"7584",2024-06-27,7,55,4061.7,145,0,0,28.011724137931,0,0,4061.7,146,0,0,0,0
"7585",2024-06-27,8,0,4361.7,146,0,0,38.3742331288344,0,0,6328,171,0,0,0,0
"7586",2024-06-27,8,5,4657.7,151,0,0,38.3742331288344,0,0,6328,171,0,0,0,0
"7587",2024-06-27,8,10,4701.7,153,0,0,38.3742331288344,0,0,6328,171,0,0,0,0
"7588",2024-06-27,8,15,4709,152,0,0,38.3742331288344,0,0,6328,171,0,0,0,0
"7589",2024-06-27,8,20,5031,155,0,0,38.3742331288344,0,0,6328,171,0,0,0,0
"7590",2024-06-27,8,25,5331,156,0,0,38.3742331288344,0,0,6328,171,0,0,0,0
"7591",2024-06-27,8,30,5053,156,0,0,38.3742331288344,0,0,6328,171,0,0,0,0
"7592",2024-06-27,8,35,5633,160,0,0,38.3742331288344,0,0,6328,171,0,0,0,0
"7593",2024-06-27,8,40,5633,160,0,0,38.3742331288344,0,0,6328,171,0,0,0,0
"7594",2024-06-27,8,45,6255,163,0,0,38.3742331288344,0,0,6328,171,0,0,0,0
"7595",2024-06-27,8,50,6328,166,0,0,38.3742331288344,0,0,6328,171,0,0,0,0
"7596",2024-06-27,8,55,6158,171,0,0,38.3742331288344,0,0,6328,171,0,0,0,0
"7597",2024-06-27,9,0,6161,171,0,0,42.3118279569892,0,0,7870,192,0,0,0,0
"7598",2024-06-27,9,5,5413,170,0,0,42.3118279569892,0,0,7870,192,0,0,0,0
"7599",2024-06-27,9,10,6068,175,0,0,42.3118279569892,0,0,7870,192,0,0,0,0
"7600",2024-06-27,9,15,5779,174,0,0,42.3118279569892,0,0,7870,192,0,0,0,0
"7601",2024-06-27,9,20,5823,176,0,0,42.3118279569892,0,0,7870,192,0,0,0,0
"7602",2024-06-27,9,25,6050,176,0,0,42.3118279569892,0,0,7870,192,0,0,0,0
"7603",2024-06-27,9,30,6061,177,0,0,42.3118279569892,0,0,7870,192,0,0,0,0
"7604",2024-06-27,9,35,6970,183,0,0,42.3118279569892,0,0,7870,192,0,0,0,0
"7605",2024-06-27,9,40,7870,186,0,0,42.3118279569892,0,0,7870,192,0,0,0,0
"7606",2024-06-27,9,45,7581,186,0,0,42.3118279569892,0,0,7870,192,0,0,0,0
"7607",2024-06-27,9,50,7064,187,0,0,42.3118279569892,0,0,7870,192,0,0,0,0
"7608",2024-06-27,9,55,7133,192,0,0,42.3118279569892,0,0,7870,192,0,0,0,0
"7609",2024-06-27,10,15,6940,205,0,0,37.25,0,0,9050,245,0,0,0,0
"7610",2024-06-27,10,20,6918,204,0,0,37.25,0,0,9050,245,0,0,0,0
"7611",2024-06-27,10,25,7328,208,0,0,37.25,0,0,9050,245,0,0,0,0
"7612",2024-06-27,10,30,7639,210,0,0,37.25,0,0,9050,245,0,0,0,0
"7613",2024-06-27,10,35,8340,238,0,0,37.25,0,0,9050,245,0,0,0,0
"7614",2024-06-27,10,40,8640,239,0,0,37.25,0,0,9050,245,0,0,0,0
"7615",2024-06-27,10,45,8940,240,0,0,37.25,0,0,9050,245,0,0,0,0
"7616",2024-06-27,10,50,9006,243,0,0,37.25,0,0,9050,245,0,0,0,0
"7617",2024-06-27,10,55,9050,245,0,0,37.25,0,0,9050,245,0,0,0,0
"7618",2024-06-27,10,0,7155,193,0,0,37.25,0,0,9050,245,0,0,0,0
"7619",2024-06-27,10,5,7269,206,0,0,37.25,0,0,9050,245,0,0,0,0
"7620",2024-06-27,10,10,7529,206,0,0,37.25,0,0,9050,245,0,0,0,0
"7621",2024-06-27,11,0,9372,247,0,0,37.9433198380567,0,0,9773,286,0,0,0,0
"7622",2024-06-27,11,5,9396,265,0,0,37.9433198380567,0,0,9773,286,0,0,0,0
"7623",2024-06-27,11,10,9773,270,0,0,37.9433198380567,0,0,9773,286,0,0,0,0
"7624",2024-06-27,11,15,9451,270,0,0,37.9433198380567,0,0,9773,286,0,0,0,0
"7625",2024-06-27,11,20,9173,270,0,0,37.9433198380567,0,0,9773,286,0,0,0,0
"7626",2024-06-27,11,25,9550,273,0,0,37.9433198380567,0,0,9773,286,0,0,0,0
"7627",2024-06-27,11,30,9020,273,0,0,37.9433198380567,0,0,9773,286,0,0,0,0
"7628",2024-06-27,11,35,7970,278,0,0,37.9433198380567,0,0,9773,286,0,0,0,0
"7629",2024-06-27,11,40,8334,282,0,0,37.9433198380567,0,0,9773,286,0,0,0,0
"7630",2024-06-27,11,45,9256,286,0,0,37.9433198380567,0,0,9773,286,0,0,0,0
"7631",2024-06-27,11,50,9236,285,0,0,37.9433198380567,0,0,9773,286,0,0,0,0
"7632",2024-06-27,11,55,9126,282,0,0,37.9433198380567,0,0,9773,286,0,0,0,0
"7633",2024-06-27,12,0,8820,282,0,0,32.9075342465753,0,0,9609,292,0,0,0,0
"7634",2024-06-27,12,5,8815,287,0,0,32.9075342465753,0,0,9609,292,0,0,0,0
"7635",2024-06-27,12,10,8749,284,0,0,32.9075342465753,0,0,9609,292,0,0,0,0
"7636",2024-06-27,12,15,8460,283,0,0,32.9075342465753,0,0,9609,292,0,0,0,0
"7637",2024-06-27,12,20,8460,283,0,0,32.9075342465753,0,0,9609,292,0,0,0,0
"7638",2024-06-27,12,25,8138,281,0,0,32.9075342465753,0,0,9609,292,0,0,0,0
"7639",2024-06-27,12,30,8760,284,0,0,32.9075342465753,0,0,9609,292,0,0,0,0
"7640",2024-06-27,12,35,9287,290,0,0,32.9075342465753,0,0,9609,292,0,0,0,0
"7641",2024-06-27,12,40,9009,290,0,0,32.9075342465753,0,0,9609,292,0,0,0,0
"7642",2024-06-27,12,45,8681,289,0,0,32.9075342465753,0,0,9609,292,0,0,0,0
"7643",2024-06-27,12,50,9609,292,0,0,32.9075342465753,0,0,9609,292,0,0,0,0
"7644",2024-06-27,12,55,9566,291,0,0,32.9075342465753,0,0,9609,292,0,0,0,0
"7645",2024-06-27,13,0,9877,293,0,0,36.8163265306122,0,0,10857,295,0,0,0,0
"7646",2024-06-27,13,5,8081,275,0,0,36.8163265306122,0,0,10857,295,0,0,0,0
"7647",2024-06-27,13,10,7803,275,0,0,36.8163265306122,0,0,10857,295,0,0,0,0
"7648",2024-06-27,13,15,7203,273,0,0,36.8163265306122,0,0,10857,295,0,0,0,0
"7649",2024-06-27,13,20,7503,274,0,0,36.8163265306122,0,0,10857,295,0,0,0,0
"7650",2024-06-27,13,25,7501,274,0,0,36.8163265306122,0,0,10857,295,0,0,0,0
"7651",2024-06-27,13,30,8107,275,0,0,36.8163265306122,0,0,10857,295,0,0,0,0
"7652",2024-06-27,13,35,10824,294,0,0,36.8163265306122,0,0,10857,295,0,0,0,0
"7653",2024-06-27,13,40,10202,291,0,0,36.8163265306122,0,0,10857,295,0,0,0,0
"7654",2024-06-27,13,45,10857,295,0,0,36.8163265306122,0,0,10857,295,0,0,0,0
"7655",2024-06-27,13,50,10210,291,0,0,36.8163265306122,0,0,10857,295,0,0,0,0
"7656",2024-06-27,13,55,10254,293,0,0,36.8163265306122,0,0,10857,295,0,0,0,0
"7657",2024-06-27,14,0,11476,298,0,0,42.4671280276817,0,0,12273,298,0,0,0,0
"7658",2024-06-27,14,5,10114,288,0,0,42.4671280276817,0,0,12273,298,0,0,0,0
"7659",2024-06-27,14,10,9698,283,0,0,42.4671280276817,0,0,12273,298,0,0,0,0
"7660",2024-06-27,14,15,9982,282,0,0,42.4671280276817,0,0,12273,298,0,0,0,0
"7661",2024-06-27,14,20,9872,279,0,0,42.4671280276817,0,0,12273,298,0,0,0,0
"7662",2024-06-27,14,35,11340,285,0,0,42.4671280276817,0,0,12273,298,0,0,0,0
"7663",2024-06-27,14,40,11918,286,0,0,42.4671280276817,0,0,12273,298,0,0,0,0
"7664",2024-06-27,14,45,12273,289,0,0,42.4671280276817,0,0,12273,298,0,0,0,0
"7665",2024-06-27,14,50,11990,289,0,0,42.4671280276817,0,0,12273,298,0,0,0,0
"7666",2024-06-27,14,55,12000,288,0,0,42.4671280276817,0,0,12273,298,0,0,0,0
"7667",2024-06-27,14,25,10233,279,0,0,42.4671280276817,0,0,12273,298,0,0,0,0
"7668",2024-06-27,14,30,10511,278,0,0,42.4671280276817,0,0,12273,298,0,0,0,0
"7669",2024-06-27,15,0,12589,289,0,0,43.560553633218,0,0,12589,289,0,0,0,0
"7670",2024-06-27,15,5,11736,280,0,0,43.560553633218,0,0,12589,289,0,0,0,0
"7671",2024-06-27,15,10,11125,278,0,0,43.560553633218,0,0,12589,289,0,0,0,0
"7672",2024-06-27,15,15,10781,275,0,0,43.560553633218,0,0,12589,289,0,0,0,0
"7673",2024-06-27,15,20,10781,275,0,0,43.560553633218,0,0,12589,289,0,0,0,0
"7674",2024-06-27,15,25,10225,273,0,0,43.560553633218,0,0,12589,289,0,0,0,0
"7675",2024-06-27,15,30,9625,271,0,0,43.560553633218,0,0,12589,289,0,0,0,0
"7676",2024-06-27,15,35,8579,263,0,0,43.560553633218,0,0,12589,289,0,0,0,0
"7677",2024-06-27,15,40,8339,262,0,0,43.560553633218,0,0,12589,289,0,0,0,0
"7678",2024-06-27,15,45,8105,264,0,0,43.560553633218,0,0,12589,289,0,0,0,0
"7679",2024-06-27,15,50,8363,263,0,0,43.560553633218,0,0,12589,289,0,0,0,0
"7680",2024-06-27,15,55,8679,265,0,0,43.560553633218,0,0,12589,289,0,0,0,0
"7681",2024-06-27,16,0,7763,264,0,0,32.7372262773723,0,0,8970,274,0,0,0,0
"7682",2024-06-27,16,5,7341,265,0,0,32.7372262773723,0,0,8970,274,0,0,0,0
"7683",2024-06-27,16,10,7085,264,0,0,32.7372262773723,0,0,8970,274,0,0,0,0
"7684",2024-06-27,16,15,7663,265,0,0,32.7372262773723,0,0,8970,274,0,0,0,0
"7685",2024-06-27,16,20,7319,262,0,0,32.7372262773723,0,0,8970,274,0,0,0,0
"7686",2024-06-27,16,25,7341,263,0,0,32.7372262773723,0,0,8970,274,0,0,0,0
"7687",2024-06-27,16,30,7663,265,0,0,32.7372262773723,0,0,8970,274,0,0,0,0
"7688",2024-06-27,16,35,8659,272,0,0,32.7372262773723,0,0,8970,274,0,0,0,0
"7689",2024-06-27,16,40,8970,274,0,0,32.7372262773723,0,0,8970,274,0,0,0,0
"7690",2024-06-27,16,45,8544,272,0,0,32.7372262773723,0,0,8970,274,0,0,0,0
"7691",2024-06-27,16,50,7944,270,0,0,32.7372262773723,0,0,8970,274,0,0,0,0
"7692",2024-06-27,16,55,8506,270,0,0,32.7372262773723,0,0,8970,274,0,0,0,0
"7693",2024-06-27,17,0,8484,269,0,0,39.589552238806,0,0,10610,273,0,0,0,0
"7694",2024-06-27,17,5,8309,265,0,0,39.589552238806,0,0,10610,273,0,0,0,0
"7695",2024-06-27,17,10,8653,268,0,0,39.589552238806,0,0,10610,273,0,0,0,0
"7696",2024-06-27,17,15,9058,273,0,0,39.589552238806,0,0,10610,273,0,0,0,0
"7697",2024-06-27,17,20,9014,271,0,0,39.589552238806,0,0,10610,273,0,0,0,0
"7698",2024-06-27,17,25,9316,272,0,0,39.589552238806,0,0,10610,273,0,0,0,0
"7699",2024-06-27,17,30,9572,271,0,0,39.589552238806,0,0,10610,273,0,0,0,0
"7700",2024-06-27,17,35,10010,266,0,0,39.589552238806,0,0,10610,273,0,0,0,0
"7701",2024-06-27,17,40,10610,268,0,0,39.589552238806,0,0,10610,273,0,0,0,0
"7702",2024-06-27,17,45,10332,268,0,0,39.589552238806,0,0,10610,273,0,0,0,0
"7703",2024-06-27,17,50,9990,265,0,0,39.589552238806,0,0,10610,273,0,0,0,0
"7704",2024-06-27,17,55,8748,259,0,0,39.589552238806,0,0,10610,273,0,0,0,0
"7705",2024-06-27,18,0,8770,260,0,0,34.7258064516129,0,0,15489.1,545,0,0,0,0
"7706",2024-06-27,18,5,8640,249,0,0,34.7258064516129,0,0,15489.1,545,0,0,0,0
"7707",2024-06-27,18,10,8612,248,0,0,34.7258064516129,0,0,15489.1,545,0,0,0,0
"7708",2024-06-27,18,15,14574.4,545,0,0,34.7258064516129,0,0,15489.1,545,0,0,0,0
"7709",2024-06-27,18,20,10421,338,0,0,34.7258064516129,0,0,15489.1,545,0,0,0,0
"7710",2024-06-27,18,25,14430.4,540,0,0,34.7258064516129,0,0,15489.1,545,0,0,0,0
"7711",2024-06-27,18,30,14719.4,542,0,0,34.7258064516129,0,0,15489.1,545,0,0,0,0
"7712",2024-06-27,18,35,14638.1,532,0,0,34.7258064516129,0,0,15489.1,545,0,0,0,0
"7713",2024-06-27,18,40,14704.1,535,0,0,34.7258064516129,0,0,15489.1,545,0,0,0,0
"7714",2024-06-27,18,45,15130.1,538,0,0,34.7258064516129,0,0,15489.1,545,0,0,0,0
"7715",2024-06-27,18,50,14770.1,537,0,0,34.7258064516129,0,0,15489.1,545,0,0,0,0
"7716",2024-06-27,18,55,15489.1,531,0,0,34.7258064516129,0,0,15489.1,545,0,0,0,0
"7717",2024-06-27,19,0,15690.1,529,0,0,32.5969026548673,0,0,15690.1,529,0,0,0,0
"7718",2024-06-27,19,5,14263.1,497,0,0,32.5969026548673,0,0,15690.1,529,0,0,0,0
"7719",2024-06-27,19,10,14537.1,489,0,0,32.5969026548673,0,0,15690.1,529,0,0,0,0
"7720",2024-06-27,19,15,14700.1,479,0,0,32.5969026548673,0,0,15690.1,529,0,0,0,0
"7721",2024-06-27,19,20,13800.1,475,0,0,32.5969026548673,0,0,15690.1,529,0,0,0,0
"7722",2024-06-27,19,25,13123.1,468,0,0,32.5969026548673,0,0,15690.1,529,0,0,0,0
"7723",2024-06-27,19,30,13629.1,467,0,0,32.5969026548673,0,0,15690.1,529,0,0,0,0
"7724",2024-06-27,19,35,13537.1,452,0,0,32.5969026548673,0,0,15690.1,529,0,0,0,0
"7725",2024-06-27,19,40,13071.1,448,0,0,32.5969026548673,0,0,15690.1,529,0,0,0,0
"7726",2024-06-27,19,45,13605.1,446,0,0,32.5969026548673,0,0,15690.1,529,0,0,0,0
"7727",2024-06-27,19,50,13883.1,444,0,0,32.5969026548673,0,0,15690.1,529,0,0,0,0
"7728",2024-06-27,19,55,14733.8,452,0,0,32.5969026548673,0,0,15690.1,529,0,0,0,0
"7729",2024-06-27,20,45,12831.4,422,0,0,31.8681922196796,0,0,13982.4,444,0,0,0,0
"7730",2024-06-27,20,50,12475.4,423,0,0,31.8681922196796,0,0,13982.4,444,0,0,0,0
"7731",2024-06-27,20,55,12947.4,424,0,0,31.8681922196796,0,0,13982.4,444,0,0,0,0
"7732",2024-06-27,20,0,13982.4,444,0,0,31.8681922196796,0,0,13982.4,444,0,0,0,0
"7733",2024-06-27,20,5,13926.4,437,0,0,31.8681922196796,0,0,13982.4,444,0,0,0,0
"7734",2024-06-27,20,10,12770.4,436,0,0,31.8681922196796,0,0,13982.4,444,0,0,0,0
"7735",2024-06-27,20,15,12680.4,430,0,0,31.8681922196796,0,0,13982.4,444,0,0,0,0
"7736",2024-06-27,20,20,12821.4,431,0,0,31.8681922196796,0,0,13982.4,444,0,0,0,0
"7737",2024-06-27,20,25,12707.4,427,0,0,31.8681922196796,0,0,13982.4,444,0,0,0,0
"7738",2024-06-27,20,30,12835.4,424,0,0,31.8681922196796,0,0,13982.4,444,0,0,0,0
"7739",2024-06-27,20,35,13126.4,431,0,0,31.8681922196796,0,0,13982.4,444,0,0,0,0
"7740",2024-06-27,20,40,12461.4,419,0,0,31.8681922196796,0,0,13982.4,444,0,0,0,0
"7741",2024-06-27,21,0,12243.4,419,0,0,29.2205250596659,0,0,12243.4,429,0,0,0,0
"7742",2024-06-27,21,5,11959.4,419,0,0,29.2205250596659,0,0,12243.4,429,0,0,0,0
"7743",2024-06-27,21,10,11502.4,419,0,0,29.2205250596659,0,0,12243.4,429,0,0,0,0
"7744",2024-06-27,21,15,11490.1,418,0,0,29.2205250596659,0,0,12243.4,429,0,0,0,0
"7745",2024-06-27,21,20,10444.1,419,0,0,29.2205250596659,0,0,12243.4,429,0,0,0,0
"7746",2024-06-27,21,25,10575.1,419,0,0,29.2205250596659,0,0,12243.4,429,0,0,0,0
"7747",2024-06-27,21,30,11368.1,424,0,0,29.2205250596659,0,0,12243.4,429,0,0,0,0
"7748",2024-06-27,21,35,10676.1,429,0,0,29.2205250596659,0,0,12243.4,429,0,0,0,0
"7749",2024-06-27,21,40,10643.1,426,0,0,29.2205250596659,0,0,12243.4,429,0,0,0,0
"7750",2024-06-27,21,45,10871.1,425,0,0,29.2205250596659,0,0,12243.4,429,0,0,0,0
"7751",2024-06-27,21,50,10871.1,422,0,0,29.2205250596659,0,0,12243.4,429,0,0,0,0
"7752",2024-06-27,21,55,10536.1,427,0,0,29.2205250596659,0,0,12243.4,429,0,0,0,0
"7753",2024-06-27,22,0,10442.1,430,0,0,25.5342857142857,0,0,10848.1,434,0,0,0,0
"7754",2024-06-27,22,5,9963.1,432,0,0,25.5342857142857,0,0,10848.1,434,0,0,0,0
"7755",2024-06-27,22,10,10438.1,434,0,0,25.5342857142857,0,0,10848.1,434,0,0,0,0
"7756",2024-06-27,22,15,10137.1,430,0,0,25.5342857142857,0,0,10848.1,434,0,0,0,0
"7757",2024-06-27,22,20,10493.1,430,0,0,25.5342857142857,0,0,10848.1,434,0,0,0,0
"7758",2024-06-27,22,25,10504.1,431,0,0,25.5342857142857,0,0,10848.1,434,0,0,0,0
"7759",2024-06-27,22,30,10848.1,434,0,0,25.5342857142857,0,0,10848.1,434,0,0,0,0
"7760",2024-06-27,22,35,10724.4,420,0,0,25.5342857142857,0,0,10848.1,434,0,0,0,0
"7761",2024-06-27,22,40,10554.4,419,0,0,25.5342857142857,0,0,10848.1,434,0,0,0,0
"7762",2024-06-27,22,45,10243.4,417,0,0,25.5342857142857,0,0,10848.1,434,0,0,0,0
"7763",2024-06-27,22,50,10243.4,416,0,0,25.5342857142857,0,0,10848.1,434,0,0,0,0
"7764",2024-06-27,22,55,10090.4,413,0,0,25.5342857142857,0,0,10848.1,434,0,0,0,0
"7765",2024-06-27,23,0,9823.4,413,0,0,25.8096852300242,0,0,10659.4,416,0,0,0,0
"7766",2024-06-27,23,5,9204.4,403,0,0,25.8096852300242,0,0,10659.4,416,0,0,0,0
"7767",2024-06-27,23,10,10230.4,413,0,0,25.8096852300242,0,0,10659.4,416,0,0,0,0
"7768",2024-06-27,23,15,10397.4,413,0,0,25.8096852300242,0,0,10659.4,416,0,0,0,0
"7769",2024-06-27,23,20,10544.4,414,0,0,25.8096852300242,0,0,10659.4,416,0,0,0,0
"7770",2024-06-27,23,25,10288.4,415,0,0,25.8096852300242,0,0,10659.4,416,0,0,0,0
"7771",2024-06-27,23,30,10174.4,416,0,0,25.8096852300242,0,0,10659.4,416,0,0,0,0
"7772",2024-06-27,23,35,9824.4,408,0,0,25.8096852300242,0,0,10659.4,416,0,0,0,0
"7773",2024-06-27,23,40,10659.4,413,0,0,25.8096852300242,0,0,10659.4,416,0,0,0,0
"7774",2024-06-27,23,45,10423.4,414,0,0,25.8096852300242,0,0,10659.4,416,0,0,0,0
"7775",2024-06-27,23,50,10643.4,416,0,0,25.8096852300242,0,0,10659.4,416,0,0,0,0
"7776",2024-06-27,23,55,10165.4,415,0,0,25.8096852300242,0,0,10659.4,416,0,0,0,0
"7777",2024-06-28,0,0,10138.7,385,0,0,26.3342857142857,0,0,10138.7,385,0,0,0,0
"7778",2024-06-28,0,5,9643.7,383,0,0,26.3342857142857,0,0,10138.7,385,0,0,0,0
"7779",2024-06-28,0,10,9388.7,382,0,0,26.3342857142857,0,0,10138.7,385,0,0,0,0
"7780",2024-06-28,0,15,9335.7,379,0,0,26.3342857142857,0,0,10138.7,385,0,0,0,0
"7781",2024-06-28,0,20,9401.7,382,0,0,26.3342857142857,0,0,10138.7,385,0,0,0,0
"7782",2024-06-28,0,25,8973.7,380,0,0,26.3342857142857,0,0,10138.7,385,0,0,0,0
"7783",2024-06-28,0,30,8875.7,380,0,0,26.3342857142857,0,0,10138.7,385,0,0,0,0
"7784",2024-06-28,0,35,8520.7,380,0,0,26.3342857142857,0,0,10138.7,385,0,0,0,0
"7785",2024-06-28,0,40,7778.4,374,0,0,26.3342857142857,0,0,10138.7,385,0,0,0,0
"7786",2024-06-28,0,45,7690.4,369,0,0,26.3342857142857,0,0,10138.7,385,0,0,0,0
"7787",2024-06-28,0,50,8078.4,372,0,0,26.3342857142857,0,0,10138.7,385,0,0,0,0
"7788",2024-06-28,0,55,8422.4,375,0,0,26.3342857142857,0,0,10138.7,385,0,0,0,0
"7789",2024-06-28,1,0,8445.4,373,0,0,22.6418230563003,0,0,8445.4,373,0,0,0,0
"7790",2024-06-28,1,5,7959.4,363,0,0,22.6418230563003,0,0,8445.4,373,0,0,0,0
"7791",2024-06-28,1,10,7915.4,361,0,0,22.6418230563003,0,0,8445.4,373,0,0,0,0
"7792",2024-06-28,1,15,7543.4,358,0,0,22.6418230563003,0,0,8445.4,373,0,0,0,0
"7793",2024-06-28,1,20,7449.4,355,0,0,22.6418230563003,0,0,8445.4,373,0,0,0,0
"7794",2024-06-28,1,25,7784.4,358,0,0,22.6418230563003,0,0,8445.4,373,0,0,0,0
"7795",2024-06-28,1,30,7282.4,356,0,0,22.6418230563003,0,0,8445.4,373,0,0,0,0
"7796",2024-06-28,1,35,7050.4,348,0,0,22.6418230563003,0,0,8445.4,373,0,0,0,0
"7797",2024-06-28,1,40,7004.4,346,0,0,22.6418230563003,0,0,8445.4,373,0,0,0,0
"7798",2024-06-28,1,45,7293.4,347,0,0,22.6418230563003,0,0,8445.4,373,0,0,0,0
"7799",2024-06-28,1,50,7227.4,346,0,0,22.6418230563003,0,0,8445.4,373,0,0,0,0
"7800",2024-06-28,1,55,6927.4,345,0,0,22.6418230563003,0,0,8445.4,373,0,0,0,0
"7801",2024-06-28,2,0,7515.1,347,0,0,24.2026011560694,0,0,8385.1,348,0,0,0,0
"7802",2024-06-28,2,5,8151.1,348,0,0,24.2026011560694,0,0,8385.1,348,0,0,0,0
"7803",2024-06-28,2,10,8118.1,346,0,0,24.2026011560694,0,0,8385.1,348,0,0,0,0
"7804",2024-06-28,2,15,8374.1,346,0,0,24.2026011560694,0,0,8385.1,348,0,0,0,0
"7805",2024-06-28,2,20,8385.1,347,0,0,24.2026011560694,0,0,8385.1,348,0,0,0,0
"7806",2024-06-28,2,25,8041.1,344,0,0,24.2026011560694,0,0,8385.1,348,0,0,0,0
"7807",2024-06-28,2,30,7763.1,344,0,0,24.2026011560694,0,0,8385.1,348,0,0,0,0
"7808",2024-06-28,2,35,8081.4,344,0,0,24.2026011560694,0,0,8385.1,348,0,0,0,0
"7809",2024-06-28,2,40,7759.4,342,0,0,24.2026011560694,0,0,8385.1,348,0,0,0,0
"7810",2024-06-28,2,45,7781.4,343,0,0,24.2026011560694,0,0,8385.1,348,0,0,0,0
"7811",2024-06-28,2,50,7777.4,343,0,0,24.2026011560694,0,0,8385.1,348,0,0,0,0
"7812",2024-06-28,2,55,7777.4,343,0,0,24.2026011560694,0,0,8385.1,348,0,0,0,0
"7813",2024-06-28,3,0,7777.4,343,0,0,22.6746355685131,0,0,7777.4,343,0,0,0,0
"7814",2024-06-28,3,5,7307.4,339,0,0,22.6746355685131,0,0,7777.4,343,0,0,0,0
"7815",2024-06-28,3,10,7007.4,338,0,0,22.6746355685131,0,0,7777.4,343,0,0,0,0
"7816",2024-06-28,3,15,7007.4,338,0,0,22.6746355685131,0,0,7777.4,343,0,0,0,0
"7817",2024-06-28,3,20,7007.4,338,0,0,22.6746355685131,0,0,7777.4,343,0,0,0,0
"7818",2024-06-28,3,25,7007.4,338,0,0,22.6746355685131,0,0,7777.4,343,0,0,0,0
"7819",2024-06-28,3,30,7007.4,338,0,0,22.6746355685131,0,0,7777.4,343,0,0,0,0
"7820",2024-06-28,3,35,6900.4,336,0,0,22.6746355685131,0,0,7777.4,343,0,0,0,0
"7821",2024-06-28,3,40,6922.4,337,0,0,22.6746355685131,0,0,7777.4,343,0,0,0,0
"7822",2024-06-28,3,45,6878.4,335,0,0,22.6746355685131,0,0,7777.4,343,0,0,0,0
"7823",2024-06-28,3,50,6878.4,335,0,0,22.6746355685131,0,0,7777.4,343,0,0,0,0
"7824",2024-06-28,3,55,6878.4,334,0,0,22.6746355685131,0,0,7777.4,343,0,0,0,0
"7825",2024-06-28,4,0,6878.4,334,0,0,21.3095808383234,0,0,7117.4,334,0,0,0,0
"7826",2024-06-28,4,5,6553.4,321,0,0,21.3095808383234,0,0,7117.4,334,0,0,0,0
"7827",2024-06-28,4,10,6817.4,333,0,0,21.3095808383234,0,0,7117.4,334,0,0,0,0
"7828",2024-06-28,4,15,6817.4,333,0,0,21.3095808383234,0,0,7117.4,334,0,0,0,0
"7829",2024-06-28,4,20,6839.4,334,0,0,21.3095808383234,0,0,7117.4,334,0,0,0,0
"7830",2024-06-28,4,25,6817.4,333,0,0,21.3095808383234,0,0,7117.4,334,0,0,0,0
"7831",2024-06-28,4,30,7117.4,334,0,0,21.3095808383234,0,0,7117.4,334,0,0,0,0
"7832",2024-06-28,4,35,7095.4,333,0,0,21.3095808383234,0,0,7117.4,334,0,0,0,0
"7833",2024-06-28,4,40,7117.4,334,0,0,21.3095808383234,0,0,7117.4,334,0,0,0,0
"7834",2024-06-28,4,45,7117.4,334,0,0,21.3095808383234,0,0,7117.4,334,0,0,0,0
"7835",2024-06-28,4,50,7117.4,334,0,0,21.3095808383234,0,0,7117.4,334,0,0,0,0
"7836",2024-06-28,4,55,7117.4,334,0,0,21.3095808383234,0,0,7117.4,334,0,0,0,0
"7837",2024-06-28,5,0,7439.4,336,0,0,22.1410714285714,0,0,7439.4,336,0,0,0,0
"7838",2024-06-28,5,5,7117.4,334,0,0,22.1410714285714,0,0,7439.4,336,0,0,0,0
"7839",2024-06-28,5,10,7117.4,334,0,0,22.1410714285714,0,0,7439.4,336,0,0,0,0
"7840",2024-06-28,5,15,6817.4,333,0,0,22.1410714285714,0,0,7439.4,336,0,0,0,0
"7841",2024-06-28,5,20,6817.4,333,0,0,22.1410714285714,0,0,7439.4,336,0,0,0,0
"7842",2024-06-28,5,25,6817.4,333,0,0,22.1410714285714,0,0,7439.4,336,0,0,0,0
"7843",2024-06-28,5,30,6817.4,333,0,0,22.1410714285714,0,0,7439.4,336,0,0,0,0
"7844",2024-06-28,5,35,6817.4,333,0,0,22.1410714285714,0,0,7439.4,336,0,0,0,0
"7845",2024-06-28,5,40,6817.4,333,0,0,22.1410714285714,0,0,7439.4,336,0,0,0,0
"7846",2024-06-28,5,45,6795.4,332,0,0,22.1410714285714,0,0,7439.4,336,0,0,0,0
"7847",2024-06-28,5,50,6795.4,332,0,0,22.1410714285714,0,0,7439.4,336,0,0,0,0
"7848",2024-06-28,5,55,6795.4,332,0,0,22.1410714285714,0,0,7439.4,336,0,0,0,0
"7849",2024-06-28,6,0,6773.4,331,0,0,22.8241887905605,0,0,7737.4,339,0,0,0,0
"7850",2024-06-28,6,5,6801.4,332,0,0,22.8241887905605,0,0,7737.4,339,0,0,0,0
"7851",2024-06-28,6,10,7101.4,333,0,0,22.8241887905605,0,0,7737.4,339,0,0,0,0
"7852",2024-06-28,6,15,7401.4,334,0,0,22.8241887905605,0,0,7737.4,339,0,0,0,0
"7853",2024-06-28,6,20,7183.4,335,0,0,22.8241887905605,0,0,7737.4,339,0,0,0,0
"7854",2024-06-28,6,25,7161.4,334,0,0,22.8241887905605,0,0,7737.4,339,0,0,0,0
"7855",2024-06-28,6,30,7461.4,335,0,0,22.8241887905605,0,0,7737.4,339,0,0,0,0
"7856",2024-06-28,6,35,7625.4,338,0,0,22.8241887905605,0,0,7737.4,339,0,0,0,0
"7857",2024-06-28,6,40,7647.4,339,0,0,22.8241887905605,0,0,7737.4,339,0,0,0,0
"7858",2024-06-28,6,45,7287.4,337,0,0,22.8241887905605,0,0,7737.4,339,0,0,0,0
"7859",2024-06-28,6,50,7265.4,336,0,0,22.8241887905605,0,0,7737.4,339,0,0,0,0
"7860",2024-06-28,6,55,7737.4,339,0,0,22.8241887905605,0,0,7737.4,339,0,0,0,0
"7861",2024-06-28,7,0,7737.4,339,0,0,23.7091445427729,0,0,8037.4,342,0,0,0,0
"7862",2024-06-28,7,5,8037.4,339,0,0,23.7091445427729,0,0,8037.4,342,0,0,0,0
"7863",2024-06-28,7,10,7587.4,337,0,0,23.7091445427729,0,0,8037.4,342,0,0,0,0
"7864",2024-06-28,7,15,7609.4,338,0,0,23.7091445427729,0,0,8037.4,342,0,0,0,0
"7865",2024-06-28,7,20,7598.4,337,0,0,23.7091445427729,0,0,8037.4,342,0,0,0,0
"7866",2024-06-28,7,25,7609.4,338,0,0,23.7091445427729,0,0,8037.4,342,0,0,0,0
"7867",2024-06-28,7,30,7533.4,339,0,0,23.7091445427729,0,0,8037.4,342,0,0,0,0
"7868",2024-06-28,7,35,7880.4,342,0,0,23.7091445427729,0,0,8037.4,342,0,0,0,0
"7869",2024-06-28,7,40,7986.4,341,0,0,23.7091445427729,0,0,8037.4,342,0,0,0,0
"7870",2024-06-28,7,45,7697.4,339,0,0,23.7091445427729,0,0,8037.4,342,0,0,0,0
"7871",2024-06-28,7,50,7697.4,340,0,0,23.7091445427729,0,0,8037.4,342,0,0,0,0
"7872",2024-06-28,7,55,7686.4,340,0,0,23.7091445427729,0,0,8037.4,342,0,0,0,0
"7873",2024-06-28,8,55,8897.7,397,0,0,23.691452991453,0,0,8897.7,397,0,0,0,0
"7874",2024-06-28,8,0,7748.7,343,0,0,23.691452991453,0,0,8897.7,397,0,0,0,0
"7875",2024-06-28,8,5,8315.7,351,0,0,23.691452991453,0,0,8897.7,397,0,0,0,0
"7876",2024-06-28,8,10,8054.7,352,0,0,23.691452991453,0,0,8897.7,397,0,0,0,0
"7877",2024-06-28,8,15,7732.7,350,0,0,23.691452991453,0,0,8897.7,397,0,0,0,0
"7878",2024-06-28,8,20,7582.7,351,0,0,23.691452991453,0,0,8897.7,397,0,0,0,0
"7879",2024-06-28,8,25,7521.7,350,0,0,23.691452991453,0,0,8897.7,397,0,0,0,0
"7880",2024-06-28,8,30,7585.7,358,0,0,23.691452991453,0,0,8897.7,397,0,0,0,0
"7881",2024-06-28,8,35,7491.7,363,0,0,23.691452991453,0,0,8897.7,397,0,0,0,0
"7882",2024-06-28,8,40,7825.7,372,0,0,23.691452991453,0,0,8897.7,397,0,0,0,0
"7883",2024-06-28,8,45,7880.7,377,0,0,23.691452991453,0,0,8897.7,397,0,0,0,0
"7884",2024-06-28,8,50,8023.7,384,0,0,23.691452991453,0,0,8897.7,397,0,0,0,0
"7885",2024-06-28,9,0,9018.7,404,0,0,27.1985626283368,0,0,13245.7,504,0,0,0,0
"7886",2024-06-28,9,5,10183.7,436,0,0,27.1985626283368,0,0,13245.7,504,0,0,0,0
"7887",2024-06-28,9,10,10013.7,441,0,0,27.1985626283368,0,0,13245.7,504,0,0,0,0
"7888",2024-06-28,9,15,10600.7,452,0,0,27.1985626283368,0,0,13245.7,504,0,0,0,0
"7889",2024-06-28,9,20,10817.7,456,0,0,27.1985626283368,0,0,13245.7,504,0,0,0,0
"7890",2024-06-28,9,25,10397.7,454,0,0,27.1985626283368,0,0,13245.7,504,0,0,0,0
"7891",2024-06-28,9,30,10476.7,458,0,0,27.1985626283368,0,0,13245.7,504,0,0,0,0
"7892",2024-06-28,9,35,12168.7,467,0,0,27.1985626283368,0,0,13245.7,504,0,0,0,0
"7893",2024-06-28,9,40,12879.7,478,0,0,27.1985626283368,0,0,13245.7,504,0,0,0,0
"7894",2024-06-28,9,45,13245.7,487,0,0,27.1985626283368,0,0,13245.7,504,0,0,0,0
"7895",2024-06-28,9,50,13225.7,501,0,0,27.1985626283368,0,0,13245.7,504,0,0,0,0
"7896",2024-06-28,9,55,12730.7,504,0,0,27.1985626283368,0,0,13245.7,504,0,0,0,0
"7897",2024-06-28,10,0,13055.7,517,0,0,25.2528046421663,0,0,14450,591,0,0,0,0
"7898",2024-06-28,10,5,12937.7,532,0,0,25.2528046421663,0,0,14450,591,0,0,0,0
"7899",2024-06-28,10,10,13096.7,538,0,0,25.2528046421663,0,0,14450,591,0,0,0,0
"7900",2024-06-28,10,15,13036.7,537,0,0,25.2528046421663,0,0,14450,591,0,0,0,0
"7901",2024-06-28,10,20,12989.7,538,0,0,25.2528046421663,0,0,14450,591,0,0,0,0
"7902",2024-06-28,10,25,13044.7,539,0,0,25.2528046421663,0,0,14450,591,0,0,0,0
"7903",2024-06-28,10,30,13214.7,541,0,0,25.2528046421663,0,0,14450,591,0,0,0,0
"7904",2024-06-28,10,35,13537.7,568,0,0,25.2528046421663,0,0,14450,591,0,0,0,0
"7905",2024-06-28,10,40,13478.3,569,0,0,25.2528046421663,0,0,14450,591,0,0,0,0
"7906",2024-06-28,10,45,13168.3,573,0,0,25.2528046421663,0,0,14450,591,0,0,0,0
"7907",2024-06-28,10,50,13441,579,0,0,25.2528046421663,0,0,14450,591,0,0,0,0
"7908",2024-06-28,10,55,14450,591,0,0,25.2528046421663,0,0,14450,591,0,0,0,0
"7909",2024-06-28,11,0,14276,592,0,0,26.4639423076923,0,0,16513.5,624,0,0,0,0
"7910",2024-06-28,11,5,14311,600,0,0,26.4639423076923,0,0,16513.5,624,0,0,0,0
"7911",2024-06-28,11,10,14704,605,0,0,26.4639423076923,0,0,16513.5,624,0,0,0,0
"7912",2024-06-28,11,15,14293,599,0,0,26.4639423076923,0,0,16513.5,624,0,0,0,0
"7913",2024-06-28,11,20,14550,602,0,0,26.4639423076923,0,0,16513.5,624,0,0,0,0
"7914",2024-06-28,11,25,15558,605,0,0,26.4639423076923,0,0,16513.5,624,0,0,0,0
"7915",2024-06-28,11,30,16002,608,0,0,26.4639423076923,0,0,16513.5,624,0,0,0,0
"7916",2024-06-28,11,35,15880.2,610,0,0,26.4639423076923,0,0,16513.5,624,0,0,0,0
"7917",2024-06-28,11,40,15626.5,609,0,0,26.4639423076923,0,0,16513.5,624,0,0,0,0
"7918",2024-06-28,11,45,15956.5,619,0,0,26.4639423076923,0,0,16513.5,624,0,0,0,0
"7919",2024-06-28,11,50,16087.5,620,0,0,26.4639423076923,0,0,16513.5,624,0,0,0,0
"7920",2024-06-28,11,55,16513.5,624,0,0,26.4639423076923,0,0,16513.5,624,0,0,0,0
"7921",2024-06-28,12,0,15733.5,619,0,0,25.4176090468498,0,0,15733.5,631,0,0,0,0
"7922",2024-06-28,12,5,15114.5,625,0,0,25.4176090468498,0,0,15733.5,631,0,0,0,0
"7923",2024-06-28,12,10,15260.5,620,0,0,25.4176090468498,0,0,15733.5,631,0,0,0,0
"7924",2024-06-28,12,15,14732.5,620,0,0,25.4176090468498,0,0,15733.5,631,0,0,0,0
"7925",2024-06-28,12,20,14725.5,627,0,0,25.4176090468498,0,0,15733.5,631,0,0,0,0
"7926",2024-06-28,12,25,14243.3,626,0,0,25.4176090468498,0,0,15733.5,631,0,0,0,0
"7927",2024-06-28,12,30,14743.3,626,0,0,25.4176090468498,0,0,15733.5,631,0,0,0,0
"7928",2024-06-28,12,35,15434.3,631,0,0,25.4176090468498,0,0,15733.5,631,0,0,0,0
"7929",2024-06-28,12,40,15601.3,630,0,0,25.4176090468498,0,0,15733.5,631,0,0,0,0
"7930",2024-06-28,12,45,14899.3,625,0,0,25.4176090468498,0,0,15733.5,631,0,0,0,0
"7931",2024-06-28,12,50,14301.3,628,0,0,25.4176090468498,0,0,15733.5,631,0,0,0,0
"7932",2024-06-28,12,55,14807.3,629,0,0,25.4176090468498,0,0,15733.5,631,0,0,0,0
"7933",2024-06-28,13,0,14930.3,630,0,0,25.9508116883117,0,0,16181.3,630,0,0,0,0
"7934",2024-06-28,13,5,15784.3,629,0,0,25.9508116883117,0,0,16181.3,630,0,0,0,0
"7935",2024-06-28,13,10,14982.3,626,0,0,25.9508116883117,0,0,16181.3,630,0,0,0,0
"7936",2024-06-28,13,15,16181.3,628,0,0,25.9508116883117,0,0,16181.3,630,0,0,0,0
"7937",2024-06-28,13,20,15471.3,621,0,0,25.9508116883117,0,0,16181.3,630,0,0,0,0
"7938",2024-06-28,13,25,15579.3,618,0,0,25.9508116883117,0,0,16181.3,630,0,0,0,0
"7939",2024-06-28,13,30,15591.7,622,0,0,25.9508116883117,0,0,16181.3,630,0,0,0,0
"7940",2024-06-28,13,35,15027.7,615,0,0,25.9508116883117,0,0,16181.3,630,0,0,0,0
"7941",2024-06-28,13,40,15985.7,616,0,0,25.9508116883117,0,0,16181.3,630,0,0,0,0
"7942",2024-06-28,13,45,15515.7,607,0,0,25.9508116883117,0,0,16181.3,630,0,0,0,0
"7943",2024-06-28,13,50,14995.7,600,0,0,25.9508116883117,0,0,16181.3,630,0,0,0,0
"7944",2024-06-28,13,55,15184.4,594,0,0,25.9508116883117,0,0,16181.3,630,0,0,0,0
"7945",2024-06-28,14,0,16811.6,598,0,0,31.187979966611,0,0,18681.6,599,0,0,0,0
"7946",2024-06-28,14,5,18681.6,599,0,0,31.187979966611,0,0,18681.6,599,0,0,0,0
"7947",2024-06-28,14,10,17698.6,589,0,0,31.187979966611,0,0,18681.6,599,0,0,0,0
"7948",2024-06-28,14,15,16732.6,581,0,0,31.187979966611,0,0,18681.6,599,0,0,0,0
"7949",2024-06-28,14,20,17170.6,580,0,0,31.187979966611,0,0,18681.6,599,0,0,0,0
"7950",2024-06-28,14,25,16925.6,579,0,0,31.187979966611,0,0,18681.6,599,0,0,0,0
"7951",2024-06-28,14,30,16762.6,578,0,0,31.187979966611,0,0,18681.6,599,0,0,0,0
"7952",2024-06-28,14,35,15873.6,575,0,0,31.187979966611,0,0,18681.6,599,0,0,0,0
"7953",2024-06-28,14,40,16266.6,577,0,0,31.187979966611,0,0,18681.6,599,0,0,0,0
"7954",2024-06-28,14,45,16397.6,571,0,0,31.187979966611,0,0,18681.6,599,0,0,0,0
"7955",2024-06-28,14,50,16825.6,575,0,0,31.187979966611,0,0,18681.6,599,0,0,0,0
"7956",2024-06-28,14,55,17503.6,585,0,0,31.187979966611,0,0,18681.6,599,0,0,0,0
"7957",2024-06-28,15,0,16481.6,580,0,0,31.105,0,0,19285.1,620,0,0,0,0
"7958",2024-06-28,15,5,18516.4,602,0,0,31.105,0,0,19285.1,620,0,0,0,0
"7959",2024-06-28,15,10,17991.4,603,0,0,31.105,0,0,19285.1,620,0,0,0,0
"7960",2024-06-28,15,15,17650.4,606,0,0,31.105,0,0,19285.1,620,0,0,0,0
"7961",2024-06-28,15,20,16811.4,604,0,0,31.105,0,0,19285.1,620,0,0,0,0
"7962",2024-06-28,15,25,16833.4,606,0,0,31.105,0,0,19285.1,620,0,0,0,0
"7963",2024-06-28,15,30,17222.4,609,0,0,31.105,0,0,19285.1,620,0,0,0,0
"7964",2024-06-28,15,35,18492.4,605,0,0,31.105,0,0,19285.1,620,0,0,0,0
"7965",2024-06-28,15,40,18744.4,609,0,0,31.105,0,0,19285.1,620,0,0,0,0
"7966",2024-06-28,15,45,18718.4,613,0,0,31.105,0,0,19285.1,620,0,0,0,0
"7967",2024-06-28,15,50,18989.1,613,0,0,31.105,0,0,19285.1,620,0,0,0,0
"7968",2024-06-28,15,55,19285.1,620,0,0,31.105,0,0,19285.1,620,0,0,0,0
"7969",2024-06-28,16,0,20582.1,615,0,0,33.4668292682927,0,0,20582.1,617,0,0,0,0
"7970",2024-06-28,16,5,19533.1,614,0,0,33.4668292682927,0,0,20582.1,617,0,0,0,0
"7971",2024-06-28,16,10,19230.1,617,0,0,33.4668292682927,0,0,20582.1,617,0,0,0,0
"7972",2024-06-28,16,15,18808.1,616,0,0,33.4668292682927,0,0,20582.1,617,0,0,0,0
"7973",2024-06-28,16,20,17418.1,607,0,0,33.4668292682927,0,0,20582.1,617,0,0,0,0
"7974",2024-06-28,16,25,17301.1,610,0,0,33.4668292682927,0,0,20582.1,617,0,0,0,0
"7975",2024-06-28,16,30,17415.1,612,0,0,33.4668292682927,0,0,20582.1,617,0,0,0,0
"7976",2024-06-28,16,35,17781.1,609,0,0,33.4668292682927,0,0,20582.1,617,0,0,0,0
"7977",2024-06-28,16,40,16525.3,601,0,0,33.4668292682927,0,0,20582.1,617,0,0,0,0
"7978",2024-06-28,16,45,16345.3,598,0,0,33.4668292682927,0,0,20582.1,617,0,0,0,0
"7979",2024-06-28,16,50,15182.3,587,0,0,33.4668292682927,0,0,20582.1,617,0,0,0,0
"7980",2024-06-28,16,55,15942.3,591,0,0,33.4668292682927,0,0,20582.1,617,0,0,0,0
"7981",2024-06-28,17,0,16164.3,593,0,0,27.8054888507719,0,0,16210.6,593,0,0,0,0
"7982",2024-06-28,17,5,15536.3,580,0,0,27.8054888507719,0,0,16210.6,593,0,0,0,0
"7983",2024-06-28,17,10,15599.6,579,0,0,27.8054888507719,0,0,16210.6,593,0,0,0,0
"7984",2024-06-28,17,15,15621.6,581,0,0,27.8054888507719,0,0,16210.6,593,0,0,0,0
"7985",2024-06-28,17,20,16210.6,583,0,0,27.8054888507719,0,0,16210.6,593,0,0,0,0
"7986",2024-06-28,17,25,16165.6,586,0,0,27.8054888507719,0,0,16210.6,593,0,0,0,0
"7987",2024-06-28,17,30,15726.6,585,0,0,27.8054888507719,0,0,16210.6,593,0,0,0,0
"7988",2024-06-28,17,35,15450.6,565,0,0,27.8054888507719,0,0,16210.6,593,0,0,0,0
"7989",2024-06-28,17,40,15416.9,558,0,0,27.8054888507719,0,0,16210.6,593,0,0,0,0
"7990",2024-06-28,17,45,15173.9,559,0,0,27.8054888507719,0,0,16210.6,593,0,0,0,0
"7991",2024-06-28,17,50,15179.9,556,0,0,27.8054888507719,0,0,16210.6,593,0,0,0,0
"7992",2024-06-28,17,55,14760.9,555,0,0,27.8054888507719,0,0,16210.6,593,0,0,0,0
"7993",2024-06-28,18,0,14184.9,547,0,0,39.7488151658768,0,0,15632.2,547,0,0,0,0
"7994",2024-06-28,18,5,13474.9,537,0,0,39.7488151658768,0,0,15632.2,547,0,0,0,0
"7995",2024-06-28,18,10,13531.9,531,0,0,39.7488151658768,0,0,15632.2,547,0,0,0,0
"7996",2024-06-28,18,15,8387,211,0,0,39.7488151658768,0,0,15632.2,547,0,0,0,0
"7997",2024-06-28,18,20,7853,212,0,0,39.7488151658768,0,0,15632.2,547,0,0,0,0
"7998",2024-06-28,18,25,14866.9,525,0,0,39.7488151658768,0,0,15632.2,547,0,0,0,0
"7999",2024-06-28,18,30,14610.5,521,0,0,39.7488151658768,0,0,15632.2,547,0,0,0,0
"8000",2024-06-28,18,35,15505.2,515,0,0,39.7488151658768,0,0,15632.2,547,0,0,0,0
"8001",2024-06-28,18,40,15498.2,510,0,0,39.7488151658768,0,0,15632.2,547,0,0,0,0
"8002",2024-06-28,18,45,14706.2,502,0,0,39.7488151658768,0,0,15632.2,547,0,0,0,0
"8003",2024-06-28,18,50,15620.2,500,0,0,39.7488151658768,0,0,15632.2,547,0,0,0,0
"8004",2024-06-28,18,55,15632.2,497,0,0,39.7488151658768,0,0,15632.2,547,0,0,0,0
"8005",2024-06-28,19,0,15917.2,493,0,0,32.2864097363083,0,0,15917.2,493,0,0,0,0
"8006",2024-06-28,19,5,15270.2,480,0,0,32.2864097363083,0,0,15917.2,493,0,0,0,0
"8007",2024-06-28,19,10,13980.9,471,0,0,32.2864097363083,0,0,15917.2,493,0,0,0,0
"8008",2024-06-28,19,15,13432.9,461,0,0,32.2864097363083,0,0,15917.2,493,0,0,0,0
"8009",2024-06-28,19,20,13082.9,453,0,0,32.2864097363083,0,0,15917.2,493,0,0,0,0
"8010",2024-06-28,19,55,12327.9,448,0,0,32.2864097363083,0,0,15917.2,493,0,0,0,0
"8011",2024-06-28,19,25,12430.9,456,0,0,32.2864097363083,0,0,15917.2,493,0,0,0,0
"8012",2024-06-28,19,30,12529.9,456,0,0,32.2864097363083,0,0,15917.2,493,0,0,0,0
"8013",2024-06-28,19,35,11657.9,446,0,0,32.2864097363083,0,0,15917.2,493,0,0,0,0
"8014",2024-06-28,19,40,11730.9,443,0,0,32.2864097363083,0,0,15917.2,493,0,0,0,0
"8015",2024-06-28,19,45,12114.9,446,0,0,32.2864097363083,0,0,15917.2,493,0,0,0,0
"8016",2024-06-28,19,50,12806.9,444,0,0,32.2864097363083,0,0,15917.2,493,0,0,0,0
"8017",2024-06-28,20,0,11684.9,449,0,0,29.9573085846868,0,0,12911.6,449,0,0,0,0
"8018",2024-06-28,20,5,11247.9,437,0,0,29.9573085846868,0,0,12911.6,449,0,0,0,0
"8019",2024-06-28,20,10,11655.9,434,0,0,29.9573085846868,0,0,12911.6,449,0,0,0,0
"8020",2024-06-28,20,15,12155.6,433,0,0,29.9573085846868,0,0,12911.6,449,0,0,0,0
"8021",2024-06-28,20,20,12143.6,426,0,0,29.9573085846868,0,0,12911.6,449,0,0,0,0
"8022",2024-06-28,20,25,12636.6,433,0,0,29.9573085846868,0,0,12911.6,449,0,0,0,0
"8023",2024-06-28,20,30,12911.6,431,0,0,29.9573085846868,0,0,12911.6,449,0,0,0,0
"8024",2024-06-28,20,35,12568.6,424,0,0,29.9573085846868,0,0,12911.6,449,0,0,0,0
"8025",2024-06-28,20,40,12043.9,427,0,0,29.9573085846868,0,0,12911.6,449,0,0,0,0
"8026",2024-06-28,20,45,11609.9,425,0,0,29.9573085846868,0,0,12911.6,449,0,0,0,0
"8027",2024-06-28,20,50,11606.9,424,0,0,29.9573085846868,0,0,12911.6,449,0,0,0,0
"8028",2024-06-28,20,55,11353.9,421,0,0,29.9573085846868,0,0,12911.6,449,0,0,0,0
"8029",2024-06-28,21,35,11917.7,430,0,0,27.7155813953488,0,0,11917.7,430,0,0,0,0
"8030",2024-06-28,21,40,11366.7,429,0,0,27.7155813953488,0,0,11917.7,430,0,0,0,0
"8031",2024-06-28,21,45,10624.7,425,0,0,27.7155813953488,0,0,11917.7,430,0,0,0,0
"8032",2024-06-28,21,50,10346.7,425,0,0,27.7155813953488,0,0,11917.7,430,0,0,0,0
"8033",2024-06-28,21,55,10330.7,423,0,0,27.7155813953488,0,0,11917.7,430,0,0,0,0
"8034",2024-06-28,21,0,11055.9,420,0,0,27.7155813953488,0,0,11917.7,430,0,0,0,0
"8035",2024-06-28,21,5,10810.9,426,0,0,27.7155813953488,0,0,11917.7,430,0,0,0,0
"8036",2024-06-28,21,10,11105.9,428,0,0,27.7155813953488,0,0,11917.7,430,0,0,0,0
"8037",2024-06-28,21,15,10790.9,423,0,0,27.7155813953488,0,0,11917.7,430,0,0,0,0
"8038",2024-06-28,21,20,10370.9,421,0,0,27.7155813953488,0,0,11917.7,430,0,0,0,0
"8039",2024-06-28,21,25,10223.9,420,0,0,27.7155813953488,0,0,11917.7,430,0,0,0,0
"8040",2024-06-28,21,30,10626.9,424,0,0,27.7155813953488,0,0,11917.7,430,0,0,0,0
"8041",2024-06-28,22,15,9406.7,419,0,0,25.4779620853081,0,0,10751.7,426,0,0,0,0
"8042",2024-06-28,22,20,9706.7,420,0,0,25.4779620853081,0,0,10751.7,426,0,0,0,0
"8043",2024-06-28,22,25,10103.7,426,0,0,25.4779620853081,0,0,10751.7,426,0,0,0,0
"8044",2024-06-28,22,30,9677.7,421,0,0,25.4779620853081,0,0,10751.7,426,0,0,0,0
"8045",2024-06-28,22,35,9185.7,420,0,0,25.4779620853081,0,0,10751.7,426,0,0,0,0
"8046",2024-06-28,22,40,9034.7,414,0,0,25.4779620853081,0,0,10751.7,426,0,0,0,0
"8047",2024-06-28,22,45,9557.7,413,0,0,25.4779620853081,0,0,10751.7,426,0,0,0,0
"8048",2024-06-28,22,50,9681.7,405,0,0,25.4779620853081,0,0,10751.7,426,0,0,0,0
"8049",2024-06-28,22,55,10130.7,411,0,0,25.4779620853081,0,0,10751.7,426,0,0,0,0
"8050",2024-06-28,22,0,10213.7,425,0,0,25.4779620853081,0,0,10751.7,426,0,0,0,0
"8051",2024-06-28,22,5,10096.7,419,0,0,25.4779620853081,0,0,10751.7,426,0,0,0,0
"8052",2024-06-28,22,10,10751.7,422,0,0,25.4779620853081,0,0,10751.7,426,0,0,0,0
"8053",2024-06-28,23,0,10064.7,411,0,0,27.2245569620253,0,0,11079.7,415,0,0,0,0
"8054",2024-06-28,23,5,9289.7,401,0,0,27.2245569620253,0,0,11079.7,415,0,0,0,0
"8055",2024-06-28,23,10,11042.7,415,0,0,27.2245569620253,0,0,11079.7,415,0,0,0,0
"8056",2024-06-28,23,15,11079.7,407,0,0,27.2245569620253,0,0,11079.7,415,0,0,0,0
"8057",2024-06-28,23,20,11042.7,410,0,0,27.2245569620253,0,0,11079.7,415,0,0,0,0
"8058",2024-06-28,23,25,11005.7,411,0,0,27.2245569620253,0,0,11079.7,415,0,0,0,0
"8059",2024-06-28,23,30,10757.7,414,0,0,27.2245569620253,0,0,11079.7,415,0,0,0,0
"8060",2024-06-28,23,35,10214.7,402,0,0,27.2245569620253,0,0,11079.7,415,0,0,0,0
"8061",2024-06-28,23,40,10029.4,404,0,0,27.2245569620253,0,0,11079.7,415,0,0,0,0
"8062",2024-06-28,23,45,10716.4,405,0,0,27.2245569620253,0,0,11079.7,415,0,0,0,0
"8063",2024-06-28,23,50,10753.7,395,0,0,27.2245569620253,0,0,11079.7,415,0,0,0,0
"8064",2024-06-28,23,55,10004.7,388,0,0,27.2245569620253,0,0,11079.7,415,0,0,0,0
"8065",2024-06-29,0,0,5314,198,0,0,29.2642487046632,0,0,5692,198,0,0,0,0
"8066",2024-06-29,0,5,5458,195,0,0,29.2642487046632,0,0,5692,198,0,0,0,0
"8067",2024-06-29,0,10,5692,195,0,0,29.2642487046632,0,0,5692,198,0,0,0,0
"8068",2024-06-29,0,15,5692,195,0,0,29.2642487046632,0,0,5692,198,0,0,0,0
"8069",2024-06-29,0,20,5648,193,0,0,29.2642487046632,0,0,5692,198,0,0,0,0
"8070",2024-06-29,0,25,5026,190,0,0,29.2642487046632,0,0,5692,198,0,0,0,0
"8071",2024-06-29,0,30,5048,191,0,0,29.2642487046632,0,0,5692,198,0,0,0,0
"8072",2024-06-29,0,35,4929,183,0,0,29.2642487046632,0,0,5692,198,0,0,0,0
"8073",2024-06-29,0,40,4929,183,0,0,29.2642487046632,0,0,5692,198,0,0,0,0
"8074",2024-06-29,0,45,4929,183,0,0,29.2642487046632,0,0,5692,198,0,0,0,0
"8075",2024-06-29,0,50,4885,181,0,0,29.2642487046632,0,0,5692,198,0,0,0,0
"8076",2024-06-29,0,55,4841,180,0,0,29.2642487046632,0,0,5692,198,0,0,0,0
"8077",2024-06-29,1,0,4846,180,0,0,28.2254335260116,0,0,4925,180,0,0,0,0
"8078",2024-06-29,1,5,4925,175,0,0,28.2254335260116,0,0,4925,180,0,0,0,0
"8079",2024-06-29,1,10,4925,175,0,0,28.2254335260116,0,0,4925,180,0,0,0,0
"8080",2024-06-29,1,15,4925,175,0,0,28.2254335260116,0,0,4925,180,0,0,0,0
"8081",2024-06-29,1,20,4925,175,0,0,28.2254335260116,0,0,4925,180,0,0,0,0
"8082",2024-06-29,1,25,4883,173,0,0,28.2254335260116,0,0,4925,180,0,0,0,0
"8083",2024-06-29,1,30,4883,173,0,0,28.2254335260116,0,0,4925,180,0,0,0,0
"8084",2024-06-29,1,35,4194,169,0,0,28.2254335260116,0,0,4925,180,0,0,0,0
"8085",2024-06-29,1,40,4174,168,0,0,28.2254335260116,0,0,4925,180,0,0,0,0
"8086",2024-06-29,1,45,4474,169,0,0,28.2254335260116,0,0,4925,180,0,0,0,0
"8087",2024-06-29,1,50,4496,170,0,0,28.2254335260116,0,0,4925,180,0,0,0,0
"8088",2024-06-29,1,55,4474,169,0,0,28.2254335260116,0,0,4925,180,0,0,0,0
"8089",2024-06-29,2,0,6905.4,344,0,0,22.6359420289855,0,0,7809.4,348,0,0,0,0
"8090",2024-06-29,2,5,7095.4,346,0,0,22.6359420289855,0,0,7809.4,348,0,0,0,0
"8091",2024-06-29,2,10,7106.4,347,0,0,22.6359420289855,0,0,7809.4,348,0,0,0,0
"8092",2024-06-29,2,15,7406.4,348,0,0,22.6359420289855,0,0,7809.4,348,0,0,0,0
"8093",2024-06-29,2,20,7351.4,345,0,0,22.6359420289855,0,0,7809.4,348,0,0,0,0
"8094",2024-06-29,2,25,7307.4,343,0,0,22.6359420289855,0,0,7809.4,348,0,0,0,0
"8095",2024-06-29,2,30,7809.4,345,0,0,22.6359420289855,0,0,7809.4,348,0,0,0,0
"8096",2024-06-29,2,35,7665.4,342,0,0,22.6359420289855,0,0,7809.4,348,0,0,0,0
"8097",2024-06-29,2,40,7365.4,341,0,0,22.6359420289855,0,0,7809.4,348,0,0,0,0
"8098",2024-06-29,2,45,7093.4,340,0,0,22.6359420289855,0,0,7809.4,348,0,0,0,0
"8099",2024-06-29,2,50,6881.4,341,0,0,22.6359420289855,0,0,7809.4,348,0,0,0,0
"8100",2024-06-29,2,55,6870.4,340,0,0,22.6359420289855,0,0,7809.4,348,0,0,0,0
"8101",2024-06-29,3,0,6870.4,340,0,0,20.7991044776119,0,0,6967.7,340,0,0,0,0
"8102",2024-06-29,3,5,6443.4,334,0,0,20.7991044776119,0,0,6967.7,340,0,0,0,0
"8103",2024-06-29,3,10,6439.7,333,0,0,20.7991044776119,0,0,6967.7,340,0,0,0,0
"8104",2024-06-29,3,15,6389.7,332,0,0,20.7991044776119,0,0,6967.7,340,0,0,0,0
"8105",2024-06-29,3,20,6945.7,334,0,0,20.7991044776119,0,0,6967.7,340,0,0,0,0
"8106",2024-06-29,3,25,6645.7,333,0,0,20.7991044776119,0,0,6967.7,340,0,0,0,0
"8107",2024-06-29,3,30,6645.7,333,0,0,20.7991044776119,0,0,6967.7,340,0,0,0,0
"8108",2024-06-29,3,35,6667.7,334,0,0,20.7991044776119,0,0,6967.7,340,0,0,0,0
"8109",2024-06-29,3,40,6967.7,335,0,0,20.7991044776119,0,0,6967.7,340,0,0,0,0
"8110",2024-06-29,3,45,6667.7,334,0,0,20.7991044776119,0,0,6967.7,340,0,0,0,0
"8111",2024-06-29,3,50,6656.7,333,0,0,20.7991044776119,0,0,6967.7,340,0,0,0,0
"8112",2024-06-29,3,55,6634.7,332,0,0,20.7991044776119,0,0,6967.7,340,0,0,0,0
"8113",2024-06-29,4,0,6634.7,332,0,0,21.6597597597598,0,0,7212.7,333,0,0,0,0
"8114",2024-06-29,4,5,6590.7,330,0,0,21.6597597597598,0,0,7212.7,333,0,0,0,0
"8115",2024-06-29,4,10,6290.7,329,0,0,21.6597597597598,0,0,7212.7,333,0,0,0,0
"8116",2024-06-29,4,15,6312.7,330,0,0,21.6597597597598,0,0,7212.7,333,0,0,0,0
"8117",2024-06-29,4,20,6612.7,331,0,0,21.6597597597598,0,0,7212.7,333,0,0,0,0
"8118",2024-06-29,4,25,6890.7,331,0,0,21.6597597597598,0,0,7212.7,333,0,0,0,0
"8119",2024-06-29,4,30,6890.7,331,0,0,21.6597597597598,0,0,7212.7,333,0,0,0,0
"8120",2024-06-29,4,35,7212.7,333,0,0,21.6597597597598,0,0,7212.7,333,0,0,0,0
"8121",2024-06-29,4,40,6912.7,332,0,0,21.6597597597598,0,0,7212.7,333,0,0,0,0
"8122",2024-06-29,4,45,6612.7,331,0,0,21.6597597597598,0,0,7212.7,333,0,0,0,0
"8123",2024-06-29,4,50,6590.7,330,0,0,21.6597597597598,0,0,7212.7,333,0,0,0,0
"8124",2024-06-29,4,55,6290.7,329,0,0,21.6597597597598,0,0,7212.7,333,0,0,0,0
"8125",2024-06-29,5,0,6290.7,329,0,0,20.902416918429,0,0,6918.7,331,0,0,0,0
"8126",2024-06-29,5,5,6340.7,330,0,0,20.902416918429,0,0,6918.7,331,0,0,0,0
"8127",2024-06-29,5,10,6640.7,331,0,0,20.902416918429,0,0,6918.7,331,0,0,0,0
"8128",2024-06-29,5,15,6618.7,330,0,0,20.902416918429,0,0,6918.7,331,0,0,0,0
"8129",2024-06-29,5,20,6596.7,329,0,0,20.902416918429,0,0,6918.7,331,0,0,0,0
"8130",2024-06-29,5,25,6896.7,330,0,0,20.902416918429,0,0,6918.7,331,0,0,0,0
"8131",2024-06-29,5,30,6896.7,330,0,0,20.902416918429,0,0,6918.7,331,0,0,0,0
"8132",2024-06-29,5,35,6918.7,331,0,0,20.902416918429,0,0,6918.7,331,0,0,0,0
"8133",2024-06-29,5,40,6618.7,330,0,0,20.902416918429,0,0,6918.7,331,0,0,0,0
"8134",2024-06-29,5,45,6618.7,330,0,0,20.902416918429,0,0,6918.7,331,0,0,0,0
"8135",2024-06-29,5,50,6618.7,330,0,0,20.902416918429,0,0,6918.7,331,0,0,0,0
"8136",2024-06-29,5,55,6618.7,330,0,0,20.902416918429,0,0,6918.7,331,0,0,0,0
"8137",2024-06-29,6,0,6618.7,330,0,0,20.9436923076923,0,0,6806.7,331,0,0,0,0
"8138",2024-06-29,6,5,6568.7,329,0,0,20.9436923076923,0,0,6806.7,331,0,0,0,0
"8139",2024-06-29,6,10,6668.7,330,0,0,20.9436923076923,0,0,6806.7,331,0,0,0,0
"8140",2024-06-29,6,15,6788.7,331,0,0,20.9436923076923,0,0,6806.7,331,0,0,0,0
"8141",2024-06-29,6,20,6788.7,331,0,0,20.9436923076923,0,0,6806.7,331,0,0,0,0
"8142",2024-06-29,6,25,6788.7,331,0,0,20.9436923076923,0,0,6806.7,331,0,0,0,0
"8143",2024-06-29,6,30,6688.7,330,0,0,20.9436923076923,0,0,6806.7,331,0,0,0,0
"8144",2024-06-29,6,35,6655.7,327,0,0,20.9436923076923,0,0,6806.7,331,0,0,0,0
"8145",2024-06-29,6,40,6555.7,327,0,0,20.9436923076923,0,0,6806.7,331,0,0,0,0
"8146",2024-06-29,6,45,6539.7,326,0,0,20.9436923076923,0,0,6806.7,331,0,0,0,0
"8147",2024-06-29,6,50,6539.7,326,0,0,20.9436923076923,0,0,6806.7,331,0,0,0,0
"8148",2024-06-29,6,55,6806.7,325,0,0,20.9436923076923,0,0,6806.7,331,0,0,0,0
"8149",2024-06-29,7,0,6806.7,325,0,0,21.2151234567901,0,0,6873.7,325,0,0,0,0
"8150",2024-06-29,7,5,6873.7,324,0,0,21.2151234567901,0,0,6873.7,325,0,0,0,0
"8151",2024-06-29,7,10,6673.7,324,0,0,21.2151234567901,0,0,6873.7,325,0,0,0,0
"8152",2024-06-29,7,15,6673.7,324,0,0,21.2151234567901,0,0,6873.7,325,0,0,0,0
"8153",2024-06-29,7,20,6673.7,324,0,0,21.2151234567901,0,0,6873.7,325,0,0,0,0
"8154",2024-06-29,7,25,6673.7,324,0,0,21.2151234567901,0,0,6873.7,325,0,0,0,0
"8155",2024-06-29,7,30,6673.7,324,0,0,21.2151234567901,0,0,6873.7,325,0,0,0,0
"8156",2024-06-29,7,35,6612.7,323,0,0,21.2151234567901,0,0,6873.7,325,0,0,0,0
"8157",2024-06-29,7,40,6612.7,323,0,0,21.2151234567901,0,0,6873.7,325,0,0,0,0
"8158",2024-06-29,7,45,6312.7,322,0,0,21.2151234567901,0,0,6873.7,325,0,0,0,0
"8159",2024-06-29,7,50,6323.7,323,0,0,21.2151234567901,0,0,6873.7,325,0,0,0,0
"8160",2024-06-29,7,55,6290.7,321,0,0,21.2151234567901,0,0,6873.7,325,0,0,0,0
"8161",2024-06-29,8,0,6290.7,321,0,0,21.0947530864198,0,0,6867.7,326,0,0,0,0
"8162",2024-06-29,8,5,6290.7,321,0,0,21.0947530864198,0,0,6867.7,326,0,0,0,0
"8163",2024-06-29,8,10,6290.7,321,0,0,21.0947530864198,0,0,6867.7,326,0,0,0,0
"8164",2024-06-29,8,15,6334.7,322,0,0,21.0947530864198,0,0,6867.7,326,0,0,0,0
"8165",2024-06-29,8,20,6358.7,323,0,0,21.0947530864198,0,0,6867.7,326,0,0,0,0
"8166",2024-06-29,8,25,6500.7,325,0,0,21.0947530864198,0,0,6867.7,326,0,0,0,0
"8167",2024-06-29,8,30,6620.7,326,0,0,21.0947530864198,0,0,6867.7,326,0,0,0,0
"8168",2024-06-29,8,35,6543.7,323,0,0,21.0947530864198,0,0,6867.7,326,0,0,0,0
"8169",2024-06-29,8,40,6545.7,324,0,0,21.0947530864198,0,0,6867.7,326,0,0,0,0
"8170",2024-06-29,8,45,6823.7,324,0,0,21.0947530864198,0,0,6867.7,326,0,0,0,0
"8171",2024-06-29,8,50,6867.7,326,0,0,21.0947530864198,0,0,6867.7,326,0,0,0,0
"8172",2024-06-29,8,55,6834.7,324,0,0,21.0947530864198,0,0,6867.7,326,0,0,0,0
"8173",2024-06-29,9,0,6812.7,323,0,0,23.9303724928367,0,0,8351.7,349,0,0,0,0
"8174",2024-06-29,9,5,6890.7,323,0,0,23.9303724928367,0,0,8351.7,349,0,0,0,0
"8175",2024-06-29,9,10,6940.7,324,0,0,23.9303724928367,0,0,8351.7,349,0,0,0,0
"8176",2024-06-29,9,15,6903.7,325,0,0,23.9303724928367,0,0,8351.7,349,0,0,0,0
"8177",2024-06-29,9,20,6603.7,324,0,0,23.9303724928367,0,0,8351.7,349,0,0,0,0
"8178",2024-06-29,9,25,6750.7,322,0,0,23.9303724928367,0,0,8351.7,349,0,0,0,0
"8179",2024-06-29,9,30,6794.7,324,0,0,23.9303724928367,0,0,8351.7,349,0,0,0,0
"8180",2024-06-29,9,35,7327.7,336,0,0,23.9303724928367,0,0,8351.7,349,0,0,0,0
"8181",2024-06-29,9,40,7484.7,336,0,0,23.9303724928367,0,0,8351.7,349,0,0,0,0
"8182",2024-06-29,9,45,8004.7,344,0,0,23.9303724928367,0,0,8351.7,349,0,0,0,0
"8183",2024-06-29,9,50,8253.7,349,0,0,23.9303724928367,0,0,8351.7,349,0,0,0,0
"8184",2024-06-29,9,55,8351.7,349,0,0,23.9303724928367,0,0,8351.7,349,0,0,0,0
"8185",2024-06-29,10,0,8434.7,352,0,0,25.0329577464789,0,0,8994.7,361,0,0,0,0
"8186",2024-06-29,10,5,8626.7,352,0,0,25.0329577464789,0,0,8994.7,361,0,0,0,0
"8187",2024-06-29,10,10,8417.7,350,0,0,25.0329577464789,0,0,8994.7,361,0,0,0,0
"8188",2024-06-29,10,15,8886.7,355,0,0,25.0329577464789,0,0,8994.7,361,0,0,0,0
"8189",2024-06-29,10,20,8305.7,352,0,0,25.0329577464789,0,0,8994.7,361,0,0,0,0
"8190",2024-06-29,10,25,7896.7,350,0,0,25.0329577464789,0,0,8994.7,361,0,0,0,0
"8191",2024-06-29,10,30,7907.7,351,0,0,25.0329577464789,0,0,8994.7,361,0,0,0,0
"8192",2024-06-29,10,35,7599.7,348,0,0,25.0329577464789,0,0,8994.7,361,0,0,0,0
"8193",2024-06-29,10,40,7888.7,349,0,0,25.0329577464789,0,0,8994.7,361,0,0,0,0
"8194",2024-06-29,10,45,8243.7,352,0,0,25.0329577464789,0,0,8994.7,361,0,0,0,0
"8195",2024-06-29,10,50,8526.7,353,0,0,25.0329577464789,0,0,8994.7,361,0,0,0,0
"8196",2024-06-29,10,55,8994.7,361,0,0,25.0329577464789,0,0,8994.7,361,0,0,0,0
"8197",2024-06-29,11,15,9753.7,379,0,0,28.6356459330144,0,0,11969.7,418,0,0,0,0
"8198",2024-06-29,11,20,10100.7,389,0,0,28.6356459330144,0,0,11969.7,418,0,0,0,0
"8199",2024-06-29,11,25,10175.7,393,0,0,28.6356459330144,0,0,11969.7,418,0,0,0,0
"8200",2024-06-29,11,30,10197.7,395,0,0,28.6356459330144,0,0,11969.7,418,0,0,0,0
"8201",2024-06-29,11,35,11285.7,412,0,0,28.6356459330144,0,0,11969.7,418,0,0,0,0
"8202",2024-06-29,11,40,11817.7,418,0,0,28.6356459330144,0,0,11969.7,418,0,0,0,0
"8203",2024-06-29,11,45,11801.7,418,0,0,28.6356459330144,0,0,11969.7,418,0,0,0,0
"8204",2024-06-29,11,50,11969.7,418,0,0,28.6356459330144,0,0,11969.7,418,0,0,0,0
"8205",2024-06-29,11,55,11835.4,418,0,0,28.6356459330144,0,0,11969.7,418,0,0,0,0
"8206",2024-06-29,11,5,9744.7,374,0,0,28.6356459330144,0,0,11969.7,418,0,0,0,0
"8207",2024-06-29,11,10,9801.7,377,0,0,28.6356459330144,0,0,11969.7,418,0,0,0,0
"8208",2024-06-29,11,0,8955.7,361,0,0,28.6356459330144,0,0,11969.7,418,0,0,0,0
"8209",2024-06-29,12,0,12098.7,427,0,0,31.1062770562771,0,0,14371.1,462,0,0,0,0
"8210",2024-06-29,12,5,10771.7,435,0,0,31.1062770562771,0,0,14371.1,462,0,0,0,0
"8211",2024-06-29,12,10,10813.7,435,0,0,31.1062770562771,0,0,14371.1,462,0,0,0,0
"8212",2024-06-29,12,15,11423.7,441,0,0,31.1062770562771,0,0,14371.1,462,0,0,0,0
"8213",2024-06-29,12,20,11478.7,444,0,0,31.1062770562771,0,0,14371.1,462,0,0,0,0
"8214",2024-06-29,12,25,11325.7,441,0,0,31.1062770562771,0,0,14371.1,462,0,0,0,0
"8215",2024-06-29,12,30,11123.7,444,0,0,31.1062770562771,0,0,14371.1,462,0,0,0,0
"8216",2024-06-29,12,35,12273.7,452,0,0,31.1062770562771,0,0,14371.1,462,0,0,0,0
"8217",2024-06-29,12,40,12612.7,454,0,0,31.1062770562771,0,0,14371.1,462,0,0,0,0
"8218",2024-06-29,12,45,13321.7,457,0,0,31.1062770562771,0,0,14371.1,462,0,0,0,0
"8219",2024-06-29,12,50,14371.1,462,0,0,31.1062770562771,0,0,14371.1,462,0,0,0,0
"8220",2024-06-29,12,55,14303.1,462,0,0,31.1062770562771,0,0,14371.1,462,0,0,0,0
"8221",2024-06-29,13,0,13748.1,464,0,0,29.629525862069,0,0,14619.8,516,0,0,0,0
"8222",2024-06-29,13,5,13774.1,482,0,0,29.629525862069,0,0,14619.8,516,0,0,0,0
"8223",2024-06-29,13,10,12913.1,479,0,0,29.629525862069,0,0,14619.8,516,0,0,0,0
"8224",2024-06-29,13,15,12410.1,482,0,0,29.629525862069,0,0,14619.8,516,0,0,0,0
"8225",2024-06-29,13,20,13195.1,485,0,0,29.629525862069,0,0,14619.8,516,0,0,0,0
"8226",2024-06-29,13,25,12847.1,491,0,0,29.629525862069,0,0,14619.8,516,0,0,0,0
"8227",2024-06-29,13,30,12517.1,491,0,0,29.629525862069,0,0,14619.8,516,0,0,0,0
"8228",2024-06-29,13,35,13770.1,504,0,0,29.629525862069,0,0,14619.8,516,0,0,0,0
"8229",2024-06-29,13,40,12937.8,502,0,0,29.629525862069,0,0,14619.8,516,0,0,0,0
"8230",2024-06-29,13,45,14092.8,512,0,0,29.629525862069,0,0,14619.8,516,0,0,0,0
"8231",2024-06-29,13,50,14154.8,510,0,0,29.629525862069,0,0,14619.8,516,0,0,0,0
"8232",2024-06-29,13,55,14619.8,516,0,0,29.629525862069,0,0,14619.8,516,0,0,0,0
"8233",2024-06-29,14,0,14724.8,520,0,0,32.7506666666667,0,0,17194.1,528,0,0,0,0
"8234",2024-06-29,14,5,15121.8,526,0,0,32.7506666666667,0,0,17194.1,528,0,0,0,0
"8235",2024-06-29,14,10,15073.8,527,0,0,32.7506666666667,0,0,17194.1,528,0,0,0,0
"8236",2024-06-29,14,15,15367.5,528,0,0,32.7506666666667,0,0,17194.1,528,0,0,0,0
"8237",2024-06-29,14,20,16128.5,527,0,0,32.7506666666667,0,0,17194.1,528,0,0,0,0
"8238",2024-06-29,14,25,15123.5,520,0,0,32.7506666666667,0,0,17194.1,528,0,0,0,0
"8239",2024-06-29,14,30,16059.8,519,0,0,32.7506666666667,0,0,17194.1,528,0,0,0,0
"8240",2024-06-29,14,35,15657.8,519,0,0,32.7506666666667,0,0,17194.1,528,0,0,0,0
"8241",2024-06-29,14,40,16211.8,520,0,0,32.7506666666667,0,0,17194.1,528,0,0,0,0
"8242",2024-06-29,14,45,16114.1,521,0,0,32.7506666666667,0,0,17194.1,528,0,0,0,0
"8243",2024-06-29,14,50,17194.1,525,0,0,32.7506666666667,0,0,17194.1,528,0,0,0,0
"8244",2024-06-29,14,55,16371.1,525,0,0,32.7506666666667,0,0,17194.1,528,0,0,0,0
"8245",2024-06-29,15,0,15257.1,519,0,0,33.9582,0,0,17053.1,525,0,0,0,0
"8246",2024-06-29,15,5,15091.1,525,0,0,33.9582,0,0,17053.1,525,0,0,0,0
"8247",2024-06-29,15,10,15599.1,523,0,0,33.9582,0,0,17053.1,525,0,0,0,0
"8248",2024-06-29,15,15,16217.1,520,0,0,33.9582,0,0,17053.1,525,0,0,0,0
"8249",2024-06-29,15,20,16499.1,524,0,0,33.9582,0,0,17053.1,525,0,0,0,0
"8250",2024-06-29,15,25,16399.1,517,0,0,33.9582,0,0,17053.1,525,0,0,0,0
"8251",2024-06-29,15,30,16880.1,518,0,0,33.9582,0,0,17053.1,525,0,0,0,0
"8252",2024-06-29,15,35,17053.1,503,0,0,33.9582,0,0,17053.1,525,0,0,0,0
"8253",2024-06-29,15,40,16979.1,500,0,0,33.9582,0,0,17053.1,525,0,0,0,0
"8254",2024-06-29,15,45,15709.1,495,0,0,33.9582,0,0,17053.1,525,0,0,0,0
"8255",2024-06-29,15,50,15895.4,491,0,0,33.9582,0,0,17053.1,525,0,0,0,0
"8256",2024-06-29,15,55,15599.1,489,0,0,33.9582,0,0,17053.1,525,0,0,0,0
"8257",2024-06-29,16,0,16039.1,485,0,0,33.8223849372385,0,0,16167.1,485,0,0,0,0
"8258",2024-06-29,16,5,16167.1,478,0,0,33.8223849372385,0,0,16167.1,485,0,0,0,0
"8259",2024-06-29,16,10,14995.7,471,0,0,33.8223849372385,0,0,16167.1,485,0,0,0,0
"8260",2024-06-29,16,15,14914.7,466,0,0,33.8223849372385,0,0,16167.1,485,0,0,0,0
"8261",2024-06-29,16,20,14520.7,462,0,0,33.8223849372385,0,0,16167.1,485,0,0,0,0
"8262",2024-06-29,16,25,14326.7,460,0,0,33.8223849372385,0,0,16167.1,485,0,0,0,0
"8263",2024-06-29,16,30,14460.7,465,0,0,33.8223849372385,0,0,16167.1,485,0,0,0,0
"8264",2024-06-29,16,35,13784.7,462,0,0,33.8223849372385,0,0,16167.1,485,0,0,0,0
"8265",2024-06-29,16,40,13134.7,459,0,0,33.8223849372385,0,0,16167.1,485,0,0,0,0
"8266",2024-06-29,16,45,13840.7,460,0,0,33.8223849372385,0,0,16167.1,485,0,0,0,0
"8267",2024-06-29,16,50,14265.7,456,0,0,33.8223849372385,0,0,16167.1,485,0,0,0,0
"8268",2024-06-29,16,55,14843.7,457,0,0,33.8223849372385,0,0,16167.1,485,0,0,0,0
"8269",2024-06-29,17,0,14948.7,462,0,0,33.2176855895197,0,0,15213.7,462,0,0,0,0
"8270",2024-06-29,17,5,15213.7,458,0,0,33.2176855895197,0,0,15213.7,462,0,0,0,0
"8271",2024-06-29,17,10,14789.7,462,0,0,33.2176855895197,0,0,15213.7,462,0,0,0,0
"8272",2024-06-29,17,15,13483.7,457,0,0,33.2176855895197,0,0,15213.7,462,0,0,0,0
"8273",2024-06-29,17,20,12938.1,452,0,0,33.2176855895197,0,0,15213.7,462,0,0,0,0
"8274",2024-06-29,17,25,12287.4,451,0,0,33.2176855895197,0,0,15213.7,462,0,0,0,0
"8275",2024-06-29,17,30,11566.4,444,0,0,33.2176855895197,0,0,15213.7,462,0,0,0,0
"8276",2024-06-29,17,35,12021.4,448,0,0,33.2176855895197,0,0,15213.7,462,0,0,0,0
"8277",2024-06-29,17,40,11682.1,442,0,0,33.2176855895197,0,0,15213.7,462,0,0,0,0
"8278",2024-06-29,17,45,12301.1,441,0,0,33.2176855895197,0,0,15213.7,462,0,0,0,0
"8279",2024-06-29,17,50,13268.1,440,0,0,33.2176855895197,0,0,15213.7,462,0,0,0,0
"8280",2024-06-29,17,55,12466.4,430,0,0,33.2176855895197,0,0,15213.7,462,0,0,0,0
"8281",2024-06-29,18,0,12684.4,431,0,0,39.3252032520325,0,0,14012.4,459,0,0,0,0
"8282",2024-06-29,18,5,13423.4,457,0,0,39.3252032520325,0,0,14012.4,459,0,0,0,0
"8283",2024-06-29,18,10,14012.4,459,0,0,39.3252032520325,0,0,14012.4,459,0,0,0,0
"8284",2024-06-29,18,15,8688,239,0,0,39.3252032520325,0,0,14012.4,459,0,0,0,0
"8285",2024-06-29,18,20,8565,259,0,0,39.3252032520325,0,0,14012.4,459,0,0,0,0
"8286",2024-06-29,18,25,9165,259,0,0,39.3252032520325,0,0,14012.4,459,0,0,0,0
"8287",2024-06-29,18,30,8977,255,0,0,39.3252032520325,0,0,14012.4,459,0,0,0,0
"8288",2024-06-29,18,35,9674,246,0,0,39.3252032520325,0,0,14012.4,459,0,0,0,0
"8289",2024-06-29,18,40,9074,244,0,0,39.3252032520325,0,0,14012.4,459,0,0,0,0
"8290",2024-06-29,18,45,9080,243,0,0,39.3252032520325,0,0,14012.4,459,0,0,0,0
"8291",2024-06-29,18,50,9080,243,0,0,39.3252032520325,0,0,14012.4,459,0,0,0,0
"8292",2024-06-29,18,55,9226,239,0,0,39.3252032520325,0,0,14012.4,459,0,0,0,0
"8293",2024-06-29,19,0,8348,237,0,0,35.2236286919831,0,0,8348,237,0,0,0,0
"8294",2024-06-29,19,5,7092,225,0,0,35.2236286919831,0,0,8348,237,0,0,0,0
"8295",2024-06-29,19,10,7464,228,0,0,35.2236286919831,0,0,8348,237,0,0,0,0
"8296",2024-06-29,19,15,7186,228,0,0,35.2236286919831,0,0,8348,237,0,0,0,0
"8297",2024-06-29,19,20,6352,228,0,0,35.2236286919831,0,0,8348,237,0,0,0,0
"8298",2024-06-29,19,25,7092,225,0,0,35.2236286919831,0,0,8348,237,0,0,0,0
"8299",2024-06-29,19,30,6560,224,0,0,35.2236286919831,0,0,8348,237,0,0,0,0
"8300",2024-06-29,19,35,6708,221,0,0,35.2236286919831,0,0,8348,237,0,0,0,0
"8301",2024-06-29,19,40,6108,219,0,0,35.2236286919831,0,0,8348,237,0,0,0,0
"8302",2024-06-29,19,45,6152,221,0,0,35.2236286919831,0,0,8348,237,0,0,0,0
"8303",2024-06-29,19,50,6452,222,0,0,35.2236286919831,0,0,8348,237,0,0,0,0
"8304",2024-06-29,19,55,6980,224,0,0,35.2236286919831,0,0,8348,237,0,0,0,0
"8305",2024-06-29,20,0,7653,228,0,0,36.0723404255319,0,0,8477,236,0,0,0,0
"8306",2024-06-29,20,5,7959,230,0,0,36.0723404255319,0,0,8477,236,0,0,0,0
"8307",2024-06-29,20,10,7397,229,0,0,36.0723404255319,0,0,8477,236,0,0,0,0
"8308",2024-06-29,20,15,7741,232,0,0,36.0723404255319,0,0,8477,236,0,0,0,0
"8309",2024-06-29,20,20,7257,230,0,0,36.0723404255319,0,0,8477,236,0,0,0,0
"8310",2024-06-29,20,25,7191,229,0,0,36.0723404255319,0,0,8477,236,0,0,0,0
"8311",2024-06-29,20,30,7480,229,0,0,36.0723404255319,0,0,8477,236,0,0,0,0
"8312",2024-06-29,20,35,8477,235,0,0,36.0723404255319,0,0,8477,236,0,0,0,0
"8313",2024-06-29,20,40,7577,232,0,0,36.0723404255319,0,0,8477,236,0,0,0,0
"8314",2024-06-29,20,45,8249,236,0,0,36.0723404255319,0,0,8477,236,0,0,0,0
"8315",2024-06-29,20,50,7649,234,0,0,36.0723404255319,0,0,8477,236,0,0,0,0
"8316",2024-06-29,20,55,7583,233,0,0,36.0723404255319,0,0,8477,236,0,0,0,0
"8317",2024-06-29,21,0,7883,234,0,0,33.6880341880342,0,0,7883,234,0,0,0,0
"8318",2024-06-29,21,5,7228,230,0,0,33.6880341880342,0,0,7883,234,0,0,0,0
"8319",2024-06-29,21,10,7294,231,0,0,33.6880341880342,0,0,7883,234,0,0,0,0
"8320",2024-06-29,21,15,7217,230,0,0,33.6880341880342,0,0,7883,234,0,0,0,0
"8321",2024-06-29,21,20,6867,228,0,0,33.6880341880342,0,0,7883,234,0,0,0,0
"8322",2024-06-29,21,25,7095,227,0,0,33.6880341880342,0,0,7883,234,0,0,0,0
"8323",2024-06-29,21,30,7393,228,0,0,33.6880341880342,0,0,7883,234,0,0,0,0
"8324",2024-06-29,21,35,6069,215,0,0,33.6880341880342,0,0,7883,234,0,0,0,0
"8325",2024-06-29,21,40,6069,215,0,0,33.6880341880342,0,0,7883,234,0,0,0,0
"8326",2024-06-29,21,45,6391,217,0,0,33.6880341880342,0,0,7883,234,0,0,0,0
"8327",2024-06-29,21,50,6691,218,0,0,33.6880341880342,0,0,7883,234,0,0,0,0
"8328",2024-06-29,21,55,6991,219,0,0,33.6880341880342,0,0,7883,234,0,0,0,0
"8329",2024-06-29,22,0,6691,218,0,0,31.3301886792453,0,0,6691,218,0,0,0,0
"8330",2024-06-29,22,5,6386,213,0,0,31.3301886792453,0,0,6691,218,0,0,0,0
"8331",2024-06-29,22,10,6642,212,0,0,31.3301886792453,0,0,6691,218,0,0,0,0
"8332",2024-06-29,22,15,6664,213,0,0,31.3301886792453,0,0,6691,218,0,0,0,0
"8333",2024-06-29,22,20,6386,213,0,0,31.3301886792453,0,0,6691,218,0,0,0,0
"8334",2024-06-29,22,25,6686,214,0,0,31.3301886792453,0,0,6691,218,0,0,0,0
"8335",2024-06-29,22,30,6686,214,0,0,31.3301886792453,0,0,6691,218,0,0,0,0
"8336",2024-06-29,22,35,6425,213,0,0,31.3301886792453,0,0,6691,218,0,0,0,0
"8337",2024-06-29,22,40,6381,211,0,0,31.3301886792453,0,0,6691,218,0,0,0,0
"8338",2024-06-29,22,45,6475,213,0,0,31.3301886792453,0,0,6691,218,0,0,0,0
"8339",2024-06-29,22,50,6453,212,0,0,31.3301886792453,0,0,6691,218,0,0,0,0
"8340",2024-06-29,22,55,6453,212,0,0,31.3301886792453,0,0,6691,218,0,0,0,0
"8341",2024-06-29,23,0,6497,214,0,0,30.3598130841122,0,0,6497,214,0,0,0,0
"8342",2024-06-29,23,5,5565,205,0,0,30.3598130841122,0,0,6497,214,0,0,0,0
"8343",2024-06-29,23,10,6041,213,0,0,30.3598130841122,0,0,6497,214,0,0,0,0
"8344",2024-06-29,23,15,6041,213,0,0,30.3598130841122,0,0,6497,214,0,0,0,0
"8345",2024-06-29,23,20,6319,213,0,0,30.3598130841122,0,0,6497,214,0,0,0,0
"8346",2024-06-29,23,25,6102,214,0,0,30.3598130841122,0,0,6497,214,0,0,0,0
"8347",2024-06-29,23,30,6380,214,0,0,30.3598130841122,0,0,6497,214,0,0,0,0
"8348",2024-06-29,23,35,6008,205,0,0,30.3598130841122,0,0,6497,214,0,0,0,0
"8349",2024-06-29,23,40,5986,204,0,0,30.3598130841122,0,0,6497,214,0,0,0,0
"8350",2024-06-29,23,45,5986,204,0,0,30.3598130841122,0,0,6497,214,0,0,0,0
"8351",2024-06-29,23,50,5664,202,0,0,30.3598130841122,0,0,6497,214,0,0,0,0
"8352",2024-06-29,23,55,5408,201,0,0,30.3598130841122,0,0,6497,214,0,0,0,0
"8353",2024-06-30,0,0,7890.7,298,0,0,26.4788590604027,0,0,7890.7,299,0,0,0,0
"8354",2024-06-30,0,5,6901.7,291,0,0,26.4788590604027,0,0,7890.7,299,0,0,0,0
"8355",2024-06-30,0,10,6923.7,292,0,0,26.4788590604027,0,0,7890.7,299,0,0,0,0
"8356",2024-06-30,0,15,7223.7,293,0,0,26.4788590604027,0,0,7890.7,299,0,0,0,0
"8357",2024-06-30,0,20,6949.4,294,0,0,26.4788590604027,0,0,7890.7,299,0,0,0,0
"8358",2024-06-30,0,25,7194.4,292,0,0,26.4788590604027,0,0,7890.7,299,0,0,0,0
"8359",2024-06-30,0,30,6316.4,290,0,0,26.4788590604027,0,0,7890.7,299,0,0,0,0
"8360",2024-06-30,0,35,6557.4,296,0,0,26.4788590604027,0,0,7890.7,299,0,0,0,0
"8361",2024-06-30,0,40,6568.4,295,0,0,26.4788590604027,0,0,7890.7,299,0,0,0,0
"8362",2024-06-30,0,45,6579.4,297,0,0,26.4788590604027,0,0,7890.7,299,0,0,0,0
"8363",2024-06-30,0,50,6601.4,298,0,0,26.4788590604027,0,0,7890.7,299,0,0,0,0
"8364",2024-06-30,0,55,6563.4,299,0,0,26.4788590604027,0,0,7890.7,299,0,0,0,0
"8365",2024-06-30,1,0,6574.4,298,0,0,24.2178694158076,0,0,7158.4,299,0,0,0,0
"8366",2024-06-30,1,5,6571.4,297,0,0,24.2178694158076,0,0,7158.4,299,0,0,0,0
"8367",2024-06-30,1,10,6560.4,296,0,0,24.2178694158076,0,0,7158.4,299,0,0,0,0
"8368",2024-06-30,1,15,6871.4,298,0,0,24.2178694158076,0,0,7158.4,299,0,0,0,0
"8369",2024-06-30,1,20,6860.4,298,0,0,24.2178694158076,0,0,7158.4,299,0,0,0,0
"8370",2024-06-30,1,25,7158.4,299,0,0,24.2178694158076,0,0,7158.4,299,0,0,0,0
"8371",2024-06-30,1,30,6814.4,296,0,0,24.2178694158076,0,0,7158.4,299,0,0,0,0
"8372",2024-06-30,1,35,7047.4,291,0,0,24.2178694158076,0,0,7158.4,299,0,0,0,0
"8373",2024-06-30,1,40,7047.4,291,0,0,24.2178694158076,0,0,7158.4,299,0,0,0,0
"8374",2024-06-30,1,45,6725.4,289,0,0,24.2178694158076,0,0,7158.4,299,0,0,0,0
"8375",2024-06-30,1,50,6703.4,287,0,0,24.2178694158076,0,0,7158.4,299,0,0,0,0
"8376",2024-06-30,1,55,6703.4,287,0,0,24.2178694158076,0,0,7158.4,299,0,0,0,0
"8377",2024-06-30,2,0,4474,169,0,0,29.189349112426,0,0,4933,169,0,0,0,0
"8378",2024-06-30,2,5,4847,167,0,0,29.189349112426,0,0,4933,169,0,0,0,0
"8379",2024-06-30,2,10,4847,167,0,0,29.189349112426,0,0,4933,169,0,0,0,0
"8380",2024-06-30,2,15,4847,167,0,0,29.189349112426,0,0,4933,169,0,0,0,0
"8381",2024-06-30,2,20,4867,168,0,0,29.189349112426,0,0,4933,169,0,0,0,0
"8382",2024-06-30,2,25,4867,168,0,0,29.189349112426,0,0,4933,169,0,0,0,0
"8383",2024-06-30,2,30,4933,169,0,0,29.189349112426,0,0,4933,169,0,0,0,0
"8384",2024-06-30,2,35,4362,163,0,0,29.189349112426,0,0,4933,169,0,0,0,0
"8385",2024-06-30,2,40,4362,163,0,0,29.189349112426,0,0,4933,169,0,0,0,0
"8386",2024-06-30,2,45,4362,163,0,0,29.189349112426,0,0,4933,169,0,0,0,0
"8387",2024-06-30,2,50,4062,162,0,0,29.189349112426,0,0,4933,169,0,0,0,0
"8388",2024-06-30,2,55,4362,163,0,0,29.189349112426,0,0,4933,169,0,0,0,0
"8389",2024-06-30,3,0,4362,163,0,0,30.3253012048193,0,0,5034,166,0,0,0,0
"8390",2024-06-30,3,5,4412,163,0,0,30.3253012048193,0,0,5034,166,0,0,0,0
"8391",2024-06-30,3,10,4412,163,0,0,30.3253012048193,0,0,5034,166,0,0,0,0
"8392",2024-06-30,3,15,4112,162,0,0,30.3253012048193,0,0,5034,166,0,0,0,0
"8393",2024-06-30,3,20,4112,162,0,0,30.3253012048193,0,0,5034,166,0,0,0,0
"8394",2024-06-30,3,25,4112,162,0,0,30.3253012048193,0,0,5034,166,0,0,0,0
"8395",2024-06-30,3,30,4112,162,0,0,30.3253012048193,0,0,5034,166,0,0,0,0
"8396",2024-06-30,3,35,4134,163,0,0,30.3253012048193,0,0,5034,166,0,0,0,0
"8397",2024-06-30,3,40,4434,164,0,0,30.3253012048193,0,0,5034,166,0,0,0,0
"8398",2024-06-30,3,45,5034,166,0,0,30.3253012048193,0,0,5034,166,0,0,0,0
"8399",2024-06-30,3,50,5034,166,0,0,30.3253012048193,0,0,5034,166,0,0,0,0
"8400",2024-06-30,3,55,5034,166,0,0,30.3253012048193,0,0,5034,166,0,0,0,0
"8401",2024-06-30,4,0,5034,166,0,0,30.3253012048193,0,0,5034,166,0,0,0,0
"8402",2024-06-30,4,5,4887,165,0,0,30.3253012048193,0,0,5034,166,0,0,0,0
"8403",2024-06-30,4,10,4887,165,0,0,30.3253012048193,0,0,5034,166,0,0,0,0
"8404",2024-06-30,4,15,4909,166,0,0,30.3253012048193,0,0,5034,166,0,0,0,0
"8405",2024-06-30,4,20,4609,165,0,0,30.3253012048193,0,0,5034,166,0,0,0,0
"8406",2024-06-30,4,25,4609,165,0,0,30.3253012048193,0,0,5034,166,0,0,0,0
"8407",2024-06-30,4,30,4609,165,0,0,30.3253012048193,0,0,5034,166,0,0,0,0
"8408",2024-06-30,4,35,4815,164,0,0,30.3253012048193,0,0,5034,166,0,0,0,0
"8409",2024-06-30,4,40,4515,163,0,0,30.3253012048193,0,0,5034,166,0,0,0,0
"8410",2024-06-30,4,45,4515,163,0,0,30.3253012048193,0,0,5034,166,0,0,0,0
"8411",2024-06-30,4,50,4515,163,0,0,30.3253012048193,0,0,5034,166,0,0,0,0
"8412",2024-06-30,4,55,4515,163,0,0,30.3253012048193,0,0,5034,166,0,0,0,0
"8413",2024-06-30,5,0,4515,163,0,0,29.1490683229814,0,0,4693,163,0,0,0,0
"8414",2024-06-30,5,5,4693,161,0,0,29.1490683229814,0,0,4693,163,0,0,0,0
"8415",2024-06-30,5,10,4693,161,0,0,29.1490683229814,0,0,4693,163,0,0,0,0
"8416",2024-06-30,5,15,4393,160,0,0,29.1490683229814,0,0,4693,163,0,0,0,0
"8417",2024-06-30,5,20,4393,160,0,0,29.1490683229814,0,0,4693,163,0,0,0,0
"8418",2024-06-30,5,25,4693,161,0,0,29.1490683229814,0,0,4693,163,0,0,0,0
"8419",2024-06-30,5,30,4693,161,0,0,29.1490683229814,0,0,4693,163,0,0,0,0
"8420",2024-06-30,5,35,4140,159,0,0,29.1490683229814,0,0,4693,163,0,0,0,0
"8421",2024-06-30,5,40,4140,159,0,0,29.1490683229814,0,0,4693,163,0,0,0,0
"8422",2024-06-30,5,45,4162,160,0,0,29.1490683229814,0,0,4693,163,0,0,0,0
"8423",2024-06-30,5,50,4162,160,0,0,29.1490683229814,0,0,4693,163,0,0,0,0
"8424",2024-06-30,5,55,4162,160,0,0,29.1490683229814,0,0,4693,163,0,0,0,0
"8425",2024-06-30,6,0,4162,160,0,0,29.8666666666667,0,0,4928,165,0,0,0,0
"8426",2024-06-30,6,5,4240,159,0,0,29.8666666666667,0,0,4928,165,0,0,0,0
"8427",2024-06-30,6,10,4240,159,0,0,29.8666666666667,0,0,4928,165,0,0,0,0
"8428",2024-06-30,6,15,4240,159,0,0,29.8666666666667,0,0,4928,165,0,0,0,0
"8429",2024-06-30,6,20,4540,160,0,0,29.8666666666667,0,0,4928,165,0,0,0,0
"8430",2024-06-30,6,25,4540,160,0,0,29.8666666666667,0,0,4928,165,0,0,0,0
"8431",2024-06-30,6,30,4540,160,0,0,29.8666666666667,0,0,4928,165,0,0,0,0
"8432",2024-06-30,6,35,4628,164,0,0,29.8666666666667,0,0,4928,165,0,0,0,0
"8433",2024-06-30,6,40,4928,165,0,0,29.8666666666667,0,0,4928,165,0,0,0,0
"8434",2024-06-30,6,45,4928,165,0,0,29.8666666666667,0,0,4928,165,0,0,0,0
"8435",2024-06-30,6,50,4928,165,0,0,29.8666666666667,0,0,4928,165,0,0,0,0
"8436",2024-06-30,6,55,4928,165,0,0,29.8666666666667,0,0,4928,165,0,0,0,0
"8437",2024-06-30,7,0,5228,166,0,0,32.2738095238095,0,0,5422,169,0,0,0,0
"8438",2024-06-30,7,5,5122,167,0,0,32.2738095238095,0,0,5422,169,0,0,0,0
"8439",2024-06-30,7,10,5122,167,0,0,32.2738095238095,0,0,5422,169,0,0,0,0
"8440",2024-06-30,7,15,4822,166,0,0,32.2738095238095,0,0,5422,169,0,0,0,0
"8441",2024-06-30,7,20,5422,168,0,0,32.2738095238095,0,0,5422,169,0,0,0,0
"8442",2024-06-30,7,25,5122,167,0,0,32.2738095238095,0,0,5422,169,0,0,0,0
"8443",2024-06-30,7,30,5122,167,0,0,32.2738095238095,0,0,5422,169,0,0,0,0
"8444",2024-06-30,7,35,4894,168,0,0,32.2738095238095,0,0,5422,169,0,0,0,0
"8445",2024-06-30,7,40,4916,169,0,0,32.2738095238095,0,0,5422,169,0,0,0,0
"8446",2024-06-30,7,45,4916,169,0,0,32.2738095238095,0,0,5422,169,0,0,0,0
"8447",2024-06-30,7,50,4916,169,0,0,32.2738095238095,0,0,5422,169,0,0,0,0
"8448",2024-06-30,7,55,4916,169,0,0,32.2738095238095,0,0,5422,169,0,0,0,0
"8449",2024-06-30,8,0,4916,169,0,0,30.0484848484848,0,0,4980,169,0,0,0,0
"8450",2024-06-30,8,5,4916,169,0,0,30.0484848484848,0,0,4980,169,0,0,0,0
"8451",2024-06-30,8,10,4916,169,0,0,30.0484848484848,0,0,4980,169,0,0,0,0
"8452",2024-06-30,8,15,4916,169,0,0,30.0484848484848,0,0,4980,169,0,0,0,0
"8453",2024-06-30,8,20,4894,168,0,0,30.0484848484848,0,0,4980,169,0,0,0,0
"8454",2024-06-30,8,25,4894,168,0,0,30.0484848484848,0,0,4980,169,0,0,0,0
"8455",2024-06-30,8,30,4594,167,0,0,30.0484848484848,0,0,4980,169,0,0,0,0
"8456",2024-06-30,8,35,4906,164,0,0,30.0484848484848,0,0,4980,169,0,0,0,0
"8457",2024-06-30,8,40,4906,164,0,0,30.0484848484848,0,0,4980,169,0,0,0,0
"8458",2024-06-30,8,45,4956,165,0,0,30.0484848484848,0,0,4980,169,0,0,0,0
"8459",2024-06-30,8,50,4958,165,0,0,30.0484848484848,0,0,4980,169,0,0,0,0
"8460",2024-06-30,8,55,4980,166,0,0,30.0484848484848,0,0,4980,169,0,0,0,0
"8461",2024-06-30,9,0,4980,166,0,0,31.0606060606061,0,0,5125,166,0,0,0,0
"8462",2024-06-30,9,5,5075,164,0,0,31.0606060606061,0,0,5125,166,0,0,0,0
"8463",2024-06-30,9,10,5075,164,0,0,31.0606060606061,0,0,5125,166,0,0,0,0
"8464",2024-06-30,9,15,5075,164,0,0,31.0606060606061,0,0,5125,166,0,0,0,0
"8465",2024-06-30,9,20,5075,164,0,0,31.0606060606061,0,0,5125,166,0,0,0,0
"8466",2024-06-30,9,25,5075,164,0,0,31.0606060606061,0,0,5125,166,0,0,0,0
"8467",2024-06-30,9,30,5053,163,0,0,31.0606060606061,0,0,5125,166,0,0,0,0
"8468",2024-06-30,9,35,5125,165,0,0,31.0606060606061,0,0,5125,166,0,0,0,0
"8469",2024-06-30,9,40,4819,163,0,0,31.0606060606061,0,0,5125,166,0,0,0,0
"8470",2024-06-30,9,45,4863,165,0,0,31.0606060606061,0,0,5125,166,0,0,0,0
"8471",2024-06-30,9,50,4885,166,0,0,31.0606060606061,0,0,5125,166,0,0,0,0
"8472",2024-06-30,9,55,4885,166,0,0,31.0606060606061,0,0,5125,166,0,0,0,0
"8473",2024-06-30,10,35,5930,166,0,0,35.7228915662651,0,0,5930,169,0,0,0,0
"8474",2024-06-30,10,40,5930,166,0,0,35.7228915662651,0,0,5930,169,0,0,0,0
"8475",2024-06-30,10,45,5586,165,0,0,35.7228915662651,0,0,5930,169,0,0,0,0
"8476",2024-06-30,10,50,5564,164,0,0,35.7228915662651,0,0,5930,169,0,0,0,0
"8477",2024-06-30,10,55,5286,164,0,0,35.7228915662651,0,0,5930,169,0,0,0,0
"8478",2024-06-30,10,0,4907,167,0,0,35.7228915662651,0,0,5930,169,0,0,0,0
"8479",2024-06-30,10,5,5034,169,0,0,35.7228915662651,0,0,5930,169,0,0,0,0
"8480",2024-06-30,10,10,5012,168,0,0,35.7228915662651,0,0,5930,169,0,0,0,0
"8481",2024-06-30,10,15,5268,167,0,0,35.7228915662651,0,0,5930,169,0,0,0,0
"8482",2024-06-30,10,20,5268,167,0,0,35.7228915662651,0,0,5930,169,0,0,0,0
"8483",2024-06-30,10,25,5546,167,0,0,35.7228915662651,0,0,5930,169,0,0,0,0
"8484",2024-06-30,10,30,5868,169,0,0,35.7228915662651,0,0,5930,169,0,0,0,0
"8485",2024-06-30,11,0,5930,167,0,0,41.2701149425287,0,0,7181,176,0,0,0,0
"8486",2024-06-30,11,5,7126,173,0,0,41.2701149425287,0,0,7181,176,0,0,0,0
"8487",2024-06-30,11,10,6504,170,0,0,41.2701149425287,0,0,7181,176,0,0,0,0
"8488",2024-06-30,11,15,6526,169,0,0,41.2701149425287,0,0,7181,176,0,0,0,0
"8489",2024-06-30,11,20,6870,172,0,0,41.2701149425287,0,0,7181,176,0,0,0,0
"8490",2024-06-30,11,25,6881,173,0,0,41.2701149425287,0,0,7181,176,0,0,0,0
"8491",2024-06-30,11,30,7181,174,0,0,41.2701149425287,0,0,7181,176,0,0,0,0
"8492",2024-06-30,11,35,6696,173,0,0,41.2701149425287,0,0,7181,176,0,0,0,0
"8493",2024-06-30,11,40,6396,172,0,0,41.2701149425287,0,0,7181,176,0,0,0,0
"8494",2024-06-30,11,45,6674,173,0,0,41.2701149425287,0,0,7181,176,0,0,0,0
"8495",2024-06-30,11,50,6424,172,0,0,41.2701149425287,0,0,7181,176,0,0,0,0
"8496",2024-06-30,11,55,6818,176,0,0,41.2701149425287,0,0,7181,176,0,0,0,0
"8497",2024-06-30,12,0,6284,177,0,0,45.6700483091787,0,0,9453.7,210,0,0,0,0
"8498",2024-06-30,12,5,7628,199,0,0,45.6700483091787,0,0,9453.7,210,0,0,0,0
"8499",2024-06-30,12,10,7928,200,0,0,45.6700483091787,0,0,9453.7,210,0,0,0,0
"8500",2024-06-30,12,15,8253.7,203,0,0,45.6700483091787,0,0,9453.7,210,0,0,0,0
"8501",2024-06-30,12,20,9453.7,207,0,0,45.6700483091787,0,0,9453.7,210,0,0,0,0
"8502",2024-06-30,12,25,8864.7,206,0,0,45.6700483091787,0,0,9453.7,210,0,0,0,0
"8503",2024-06-30,12,30,8244.7,203,0,0,45.6700483091787,0,0,9453.7,210,0,0,0,0
"8504",2024-06-30,12,35,8298.7,206,0,0,45.6700483091787,0,0,9453.7,210,0,0,0,0
"8505",2024-06-30,12,40,8725.7,210,0,0,45.6700483091787,0,0,9453.7,210,0,0,0,0
"8506",2024-06-30,12,45,8353.7,207,0,0,45.6700483091787,0,0,9453.7,210,0,0,0,0
"8507",2024-06-30,12,50,8675.7,209,0,0,45.6700483091787,0,0,9453.7,210,0,0,0,0
"8508",2024-06-30,12,55,8425.7,209,0,0,45.6700483091787,0,0,9453.7,210,0,0,0,0
"8509",2024-06-30,13,0,7803.7,206,0,0,42.9731914893617,0,0,10098.7,235,0,0,0,0
"8510",2024-06-30,13,5,9569.7,223,0,0,42.9731914893617,0,0,10098.7,235,0,0,0,0
"8511",2024-06-30,13,10,8647.7,219,0,0,42.9731914893617,0,0,10098.7,235,0,0,0,0
"8512",2024-06-30,13,15,8413.7,221,0,0,42.9731914893617,0,0,10098.7,235,0,0,0,0
"8513",2024-06-30,13,20,8779.7,224,0,0,42.9731914893617,0,0,10098.7,235,0,0,0,0
"8514",2024-06-30,13,25,8490.7,223,0,0,42.9731914893617,0,0,10098.7,235,0,0,0,0
"8515",2024-06-30,13,30,8490.7,223,0,0,42.9731914893617,0,0,10098.7,235,0,0,0,0
"8516",2024-06-30,13,35,8946.7,226,0,0,42.9731914893617,0,0,10098.7,235,0,0,0,0
"8517",2024-06-30,13,40,8656.7,226,0,0,42.9731914893617,0,0,10098.7,235,0,0,0,0
"8518",2024-06-30,13,45,8450.7,228,0,0,42.9731914893617,0,0,10098.7,235,0,0,0,0
"8519",2024-06-30,13,50,9404.7,230,0,0,42.9731914893617,0,0,10098.7,235,0,0,0,0
"8520",2024-06-30,13,55,10098.7,235,0,0,42.9731914893617,0,0,10098.7,235,0,0,0,0
"8521",2024-06-30,14,0,9542.7,233,0,0,42.3547008547009,0,0,10032,240,0,0,0,0
"8522",2024-06-30,14,5,9083.7,234,0,0,42.3547008547009,0,0,10032,240,0,0,0,0
"8523",2024-06-30,14,10,8533.7,235,0,0,42.3547008547009,0,0,10032,240,0,0,0,0
"8524",2024-06-30,14,15,8345.7,233,0,0,42.3547008547009,0,0,10032,240,0,0,0,0
"8525",2024-06-30,14,20,9267.7,237,0,0,42.3547008547009,0,0,10032,240,0,0,0,0
"8526",2024-06-30,14,25,9339.7,240,0,0,42.3547008547009,0,0,10032,240,0,0,0,0
"8527",2024-06-30,14,30,8751.7,238,0,0,42.3547008547009,0,0,10032,240,0,0,0,0
"8528",2024-06-30,14,35,9803,237,0,0,42.3547008547009,0,0,10032,240,0,0,0,0
"8529",2024-06-30,14,40,9911,234,0,0,42.3547008547009,0,0,10032,240,0,0,0,0
"8530",2024-06-30,14,45,10032,237,0,0,42.3547008547009,0,0,10032,240,0,0,0,0
"8531",2024-06-30,14,50,10032,237,0,0,42.3547008547009,0,0,10032,240,0,0,0,0
"8532",2024-06-30,14,55,9344,234,0,0,42.3547008547009,0,0,10032,240,0,0,0,0
"8533",2024-06-30,15,0,10176,237,0,0,46.3251028806584,0,0,11257,246,0,0,0,0
"8534",2024-06-30,15,5,10326,242,0,0,46.3251028806584,0,0,11257,246,0,0,0,0
"8535",2024-06-30,15,10,9853,240,0,0,46.3251028806584,0,0,11257,246,0,0,0,0
"8536",2024-06-30,15,15,9619,238,0,0,46.3251028806584,0,0,11257,246,0,0,0,0
"8537",2024-06-30,15,20,9553,237,0,0,46.3251028806584,0,0,11257,246,0,0,0,0
"8538",2024-06-30,15,25,9597,239,0,0,46.3251028806584,0,0,11257,246,0,0,0,0
"8539",2024-06-30,15,30,9803,241,0,0,46.3251028806584,0,0,11257,246,0,0,0,0
"8540",2024-06-30,15,35,10929,246,0,0,46.3251028806584,0,0,11257,246,0,0,0,0
"8541",2024-06-30,15,40,11257,243,0,0,46.3251028806584,0,0,11257,246,0,0,0,0
"8542",2024-06-30,15,45,10979,243,0,0,46.3251028806584,0,0,11257,246,0,0,0,0
"8543",2024-06-30,15,50,10379,241,0,0,46.3251028806584,0,0,11257,246,0,0,0,0
"8544",2024-06-30,15,55,9757,238,0,0,46.3251028806584,0,0,11257,246,0,0,0,0
"8545",2024-06-30,16,0,9501,239,0,0,41.6273764258555,0,0,10948,263,0,0,0,0
"8546",2024-06-30,16,5,8039,235,0,0,41.6273764258555,0,0,10948,263,0,0,0,0
"8547",2024-06-30,16,10,8039,235,0,0,41.6273764258555,0,0,10948,263,0,0,0,0
"8548",2024-06-30,16,15,9437,244,0,0,41.6273764258555,0,0,10948,263,0,0,0,0
"8549",2024-06-30,16,20,9587,245,0,0,41.6273764258555,0,0,10948,263,0,0,0,0
"8550",2024-06-30,16,25,8437,242,0,0,41.6273764258555,0,0,10948,263,0,0,0,0
"8551",2024-06-30,16,30,8437,242,0,0,41.6273764258555,0,0,10948,263,0,0,0,0
"8552",2024-06-30,16,35,9592,261,0,0,41.6273764258555,0,0,10948,263,0,0,0,0
"8553",2024-06-30,16,40,9570,260,0,0,41.6273764258555,0,0,10948,263,0,0,0,0
"8554",2024-06-30,16,45,10420,262,0,0,41.6273764258555,0,0,10948,263,0,0,0,0
"8555",2024-06-30,16,50,10948,263,0,0,41.6273764258555,0,0,10948,263,0,0,0,0
"8556",2024-06-30,16,55,10004,258,0,0,41.6273764258555,0,0,10948,263,0,0,0,0
"8557",2024-06-30,17,0,9982,257,0,0,41.8070866141732,0,0,10653,257,0,0,0,0
"8558",2024-06-30,17,5,9171,252,0,0,41.8070866141732,0,0,10653,257,0,0,0,0
"8559",2024-06-30,17,10,9515,253,0,0,41.8070866141732,0,0,10653,257,0,0,0,0
"8560",2024-06-30,17,15,9793,253,0,0,41.8070866141732,0,0,10653,257,0,0,0,0
"8561",2024-06-30,17,20,10653,255,0,0,41.8070866141732,0,0,10653,257,0,0,0,0
"8562",2024-06-30,17,25,10341,254,0,0,41.8070866141732,0,0,10653,257,0,0,0,0
"8563",2024-06-30,17,30,10619,254,0,0,41.8070866141732,0,0,10653,257,0,0,0,0
"8564",2024-06-30,17,35,9431,241,0,0,41.8070866141732,0,0,10653,257,0,0,0,0
"8565",2024-06-30,17,40,9192,242,0,0,41.8070866141732,0,0,10653,257,0,0,0,0
"8566",2024-06-30,17,45,9684,245,0,0,41.8070866141732,0,0,10653,257,0,0,0,0
"8567",2024-06-30,17,50,9684,245,0,0,41.8070866141732,0,0,10653,257,0,0,0,0
"8568",2024-06-30,17,55,8934,242,0,0,41.8070866141732,0,0,10653,257,0,0,0,0
"8569",2024-06-30,18,0,7734,236,0,0,39.2251082251082,0,0,13448.4,419,0,0,0,0
"8570",2024-06-30,18,5,8849,232,0,0,39.2251082251082,0,0,13448.4,419,0,0,0,0
"8571",2024-06-30,18,10,9061,231,0,0,39.2251082251082,0,0,13448.4,419,0,0,0,0
"8572",2024-06-30,18,15,13406.4,404,0,0,39.2251082251082,0,0,13448.4,419,0,0,0,0
"8573",2024-06-30,18,20,13035.4,416,0,0,39.2251082251082,0,0,13448.4,419,0,0,0,0
"8574",2024-06-30,18,25,13448.4,419,0,0,39.2251082251082,0,0,13448.4,419,0,0,0,0
"8575",2024-06-30,18,30,12749.7,415,0,0,39.2251082251082,0,0,13448.4,419,0,0,0,0
"8576",2024-06-30,18,35,11251.4,404,0,0,39.2251082251082,0,0,13448.4,419,0,0,0,0
"8577",2024-06-30,18,40,11849.4,404,0,0,39.2251082251082,0,0,13448.4,419,0,0,0,0
"8578",2024-06-30,18,45,11638.4,402,0,0,39.2251082251082,0,0,13448.4,419,0,0,0,0
"8579",2024-06-30,18,50,11318.4,398,0,0,39.2251082251082,0,0,13448.4,419,0,0,0,0
"8580",2024-06-30,18,55,11826.4,401,0,0,39.2251082251082,0,0,13448.4,419,0,0,0,0
"8581",2024-06-30,19,0,11576.4,401,0,0,31.0643037974684,0,0,12397.4,401,0,0,0,0
"8582",2024-06-30,19,5,11095.4,390,0,0,31.0643037974684,0,0,12397.4,401,0,0,0,0
"8583",2024-06-30,19,10,11509.4,393,0,0,31.0643037974684,0,0,12397.4,401,0,0,0,0
"8584",2024-06-30,19,15,12270.4,395,0,0,31.0643037974684,0,0,12397.4,401,0,0,0,0
"8585",2024-06-30,19,20,12397.4,401,0,0,31.0643037974684,0,0,12397.4,401,0,0,0,0
"8586",2024-06-30,19,25,12205.4,398,0,0,31.0643037974684,0,0,12397.4,401,0,0,0,0
"8587",2024-06-30,19,30,11725.4,396,0,0,31.0643037974684,0,0,12397.4,401,0,0,0,0
"8588",2024-06-30,19,35,10786.4,382,0,0,31.0643037974684,0,0,12397.4,401,0,0,0,0
"8589",2024-06-30,19,40,10608.4,382,0,0,31.0643037974684,0,0,12397.4,401,0,0,0,0
"8590",2024-06-30,19,45,10902.4,379,0,0,31.0643037974684,0,0,12397.4,401,0,0,0,0
"8591",2024-06-30,19,50,10061.4,375,0,0,31.0643037974684,0,0,12397.4,401,0,0,0,0
"8592",2024-06-30,19,55,9616.4,369,0,0,31.0643037974684,0,0,12397.4,401,0,0,0,0
"8593",2024-06-30,20,0,10292.4,370,0,0,33.5844086021505,0,0,12493.4,374,0,0,0,0
"8594",2024-06-30,20,5,11343.4,371,0,0,33.5844086021505,0,0,12493.4,374,0,0,0,0
"8595",2024-06-30,20,10,11200.4,369,0,0,33.5844086021505,0,0,12493.4,374,0,0,0,0
"8596",2024-06-30,20,15,11250.4,370,0,0,33.5844086021505,0,0,12493.4,374,0,0,0,0
"8597",2024-06-30,20,20,12258.4,374,0,0,33.5844086021505,0,0,12493.4,374,0,0,0,0
"8598",2024-06-30,20,25,12152.4,372,0,0,33.5844086021505,0,0,12493.4,374,0,0,0,0
"8599",2024-06-30,20,30,12493.4,372,0,0,33.5844086021505,0,0,12493.4,374,0,0,0,0
"8600",2024-06-30,20,35,11180.4,372,0,0,33.5844086021505,0,0,12493.4,374,0,0,0,0
"8601",2024-06-30,20,40,10711.4,368,0,0,33.5844086021505,0,0,12493.4,374,0,0,0,0
"8602",2024-06-30,20,45,9912.4,365,0,0,33.5844086021505,0,0,12493.4,374,0,0,0,0
"8603",2024-06-30,20,50,9065.4,361,0,0,33.5844086021505,0,0,12493.4,374,0,0,0,0
"8604",2024-06-30,20,55,8762.4,361,0,0,33.5844086021505,0,0,12493.4,374,0,0,0,0
"8605",2024-06-30,21,0,9024.4,362,0,0,26.0864705882353,0,0,9054.4,362,0,0,0,0
"8606",2024-06-30,21,5,9054.4,356,0,0,26.0864705882353,0,0,9054.4,362,0,0,0,0
"8607",2024-06-30,21,10,8849.4,355,0,0,26.0864705882353,0,0,9054.4,362,0,0,0,0
"8608",2024-06-30,21,15,8717.4,353,0,0,26.0864705882353,0,0,9054.4,362,0,0,0,0
"8609",2024-06-30,21,20,8673.4,351,0,0,26.0864705882353,0,0,9054.4,362,0,0,0,0
"8610",2024-06-30,21,25,8427.4,348,0,0,26.0864705882353,0,0,9054.4,362,0,0,0,0
"8611",2024-06-30,21,30,8289.4,348,0,0,26.0864705882353,0,0,9054.4,362,0,0,0,0
"8612",2024-06-30,21,35,8543.4,344,0,0,26.0864705882353,0,0,9054.4,362,0,0,0,0
"8613",2024-06-30,21,40,8414.4,338,0,0,26.0864705882353,0,0,9054.4,362,0,0,0,0
"8614",2024-06-30,21,45,8264.4,339,0,0,26.0864705882353,0,0,9054.4,362,0,0,0,0
"8615",2024-06-30,21,50,8558.4,338,0,0,26.0864705882353,0,0,9054.4,362,0,0,0,0
"8616",2024-06-30,21,55,8869.4,340,0,0,26.0864705882353,0,0,9054.4,362,0,0,0,0
"8617",2024-06-30,22,0,9286.4,341,0,0,27.2328445747801,0,0,9286.4,343,0,0,0,0
"8618",2024-06-30,22,5,8834.4,343,0,0,27.2328445747801,0,0,9286.4,343,0,0,0,0
"8619",2024-06-30,22,10,8589.4,343,0,0,27.2328445747801,0,0,9286.4,343,0,0,0,0
"8620",2024-06-30,22,15,8686.4,341,0,0,27.2328445747801,0,0,9286.4,343,0,0,0,0
"8621",2024-06-30,22,20,9064.4,342,0,0,27.2328445747801,0,0,9286.4,343,0,0,0,0
"8622",2024-06-30,22,25,8342.4,338,0,0,27.2328445747801,0,0,9286.4,343,0,0,0,0
"8623",2024-06-30,22,30,8820.4,338,0,0,27.2328445747801,0,0,9286.4,343,0,0,0,0
"8624",2024-06-30,22,35,8767.4,337,0,0,27.2328445747801,0,0,9286.4,343,0,0,0,0
"8625",2024-06-30,22,40,8734.4,335,0,0,27.2328445747801,0,0,9286.4,343,0,0,0,0
"8626",2024-06-30,22,45,8613.4,329,0,0,27.2328445747801,0,0,9286.4,343,0,0,0,0
"8627",2024-06-30,22,50,8687.4,332,0,0,27.2328445747801,0,0,9286.4,343,0,0,0,0
"8628",2024-06-30,22,55,8107.4,331,0,0,27.2328445747801,0,0,9286.4,343,0,0,0,0
"8629",2024-06-30,23,0,7701.4,329,0,0,27.86375,0,0,8916.4,329,0,0,0,0
"8630",2024-06-30,23,5,7245.4,310,0,0,27.86375,0,0,8916.4,329,0,0,0,0
"8631",2024-06-30,23,10,8206.4,320,0,0,27.86375,0,0,8916.4,329,0,0,0,0
"8632",2024-06-30,23,15,8473.4,318,0,0,27.86375,0,0,8916.4,329,0,0,0,0
"8633",2024-06-30,23,20,8793.4,319,0,0,27.86375,0,0,8916.4,329,0,0,0,0
"8634",2024-06-30,23,25,8916.4,320,0,0,27.86375,0,0,8916.4,329,0,0,0,0
"8635",2024-06-30,23,30,8742.4,318,0,0,27.86375,0,0,8916.4,329,0,0,0,0
"8636",2024-06-30,23,35,7783.4,307,0,0,27.86375,0,0,8916.4,329,0,0,0,0
"8637",2024-06-30,23,40,7527.4,308,0,0,27.86375,0,0,8916.4,329,0,0,0,0
"8638",2024-06-30,23,45,7106.4,303,0,0,27.86375,0,0,8916.4,329,0,0,0,0
"8639",2024-06-30,23,50,6780.7,300,0,0,27.86375,0,0,8916.4,329,0,0,0,0
"8640",2024-06-30,23,55,7018.7,299,0,0,27.86375,0,0,8916.4,329,0,0,0,0
