"","date","hour","minute","total_load","count_occ","NA_sum","pct_NA_points","mean_EVSE","mean_imputed","pct_imputed","max_load","max_occ","max_pct_NA_pts","NA_max","max_imputed","max_pct_imputed"
"1",2024-03-01,0,0,11769.7,467,0,0,26.1868534482759,0,0,12150.7,467,0,0,0,0
"2",2024-03-01,0,5,12150.7,464,0,0,26.1868534482759,0,0,12150.7,467,0,0,0,0
"3",2024-03-01,0,10,11539.7,461,0,0,26.1868534482759,0,0,12150.7,467,0,0,0,0
"4",2024-03-01,0,15,11495.7,459,0,0,26.1868534482759,0,0,12150.7,467,0,0,0,0
"5",2024-03-01,0,20,11473.7,457,0,0,26.1868534482759,0,0,12150.7,467,0,0,0,0
"6",2024-03-01,0,25,11440.7,455,0,0,26.1868534482759,0,0,12150.7,467,0,0,0,0
"7",2024-03-01,0,30,11440.7,456,0,0,26.1868534482759,0,0,12150.7,467,0,0,0,0
"8",2024-03-01,0,35,10723.7,445,0,0,26.1868534482759,0,0,12150.7,467,0,0,0,0
"9",2024-03-01,0,40,10030.7,441,0,0,26.1868534482759,0,0,12150.7,467,0,0,0,0
"10",2024-03-01,0,45,10219.7,441,0,0,26.1868534482759,0,0,12150.7,467,0,0,0,0
"11",2024-03-01,0,50,10109.7,436,0,0,26.1868534482759,0,0,12150.7,467,0,0,0,0
"12",2024-03-01,0,55,10131.7,437,0,0,26.1868534482759,0,0,12150.7,467,0,0,0,0
"13",2024-03-01,1,0,8326.7,383,0,0,23.0997354497355,0,0,8731.7,383,0,0,0,0
"14",2024-03-01,1,5,8020.7,376,0,0,23.0997354497355,0,0,8731.7,383,0,0,0,0
"15",2024-03-01,1,10,7970.7,375,0,0,23.0997354497355,0,0,8731.7,383,0,0,0,0
"16",2024-03-01,1,15,7970.7,375,0,0,23.0997354497355,0,0,8731.7,383,0,0,0,0
"17",2024-03-01,1,20,8270.7,376,0,0,23.0997354497355,0,0,8731.7,383,0,0,0,0
"18",2024-03-01,1,25,8307.4,379,0,0,23.0997354497355,0,0,8731.7,383,0,0,0,0
"19",2024-03-01,1,30,8307.4,379,0,0,23.0997354497355,0,0,8731.7,383,0,0,0,0
"20",2024-03-01,1,35,8435.4,378,0,0,23.0997354497355,0,0,8731.7,383,0,0,0,0
"21",2024-03-01,1,40,8435.4,378,0,0,23.0997354497355,0,0,8731.7,383,0,0,0,0
"22",2024-03-01,1,45,8435.4,378,0,0,23.0997354497355,0,0,8731.7,383,0,0,0,0
"23",2024-03-01,1,50,8431.7,377,0,0,23.0997354497355,0,0,8731.7,383,0,0,0,0
"24",2024-03-01,1,55,8731.7,378,0,0,23.0997354497355,0,0,8731.7,383,0,0,0,0
"25",2024-03-01,2,0,8731.7,378,0,0,23.0997354497355,0,0,8785.7,381,0,0,0,0
"26",2024-03-01,2,5,8714.7,379,0,0,23.0997354497355,0,0,8785.7,381,0,0,0,0
"27",2024-03-01,2,10,8736.7,380,0,0,23.0997354497355,0,0,8785.7,381,0,0,0,0
"28",2024-03-01,2,15,8414.7,378,0,0,23.0997354497355,0,0,8785.7,381,0,0,0,0
"29",2024-03-01,2,20,8392.7,377,0,0,23.0997354497355,0,0,8785.7,381,0,0,0,0
"30",2024-03-01,2,25,8785.7,381,0,0,23.0997354497355,0,0,8785.7,381,0,0,0,0
"31",2024-03-01,2,30,8785.7,381,0,0,23.0997354497355,0,0,8785.7,381,0,0,0,0
"32",2024-03-01,2,35,8674.7,380,0,0,23.0997354497355,0,0,8785.7,381,0,0,0,0
"33",2024-03-01,2,40,8374.7,379,0,0,23.0997354497355,0,0,8785.7,381,0,0,0,0
"34",2024-03-01,2,45,8374.7,379,0,0,23.0997354497355,0,0,8785.7,381,0,0,0,0
"35",2024-03-01,2,50,8374.7,379,0,0,23.0997354497355,0,0,8785.7,381,0,0,0,0
"36",2024-03-01,2,55,8374.7,379,0,0,23.0997354497355,0,0,8785.7,381,0,0,0,0
"37",2024-03-01,3,0,8374.7,379,0,0,22.4383597883598,0,0,8503.7,379,0,0,0,0
"38",2024-03-01,3,5,8224.7,378,0,0,22.4383597883598,0,0,8503.7,379,0,0,0,0
"39",2024-03-01,3,10,8224.7,378,0,0,22.4383597883598,0,0,8503.7,379,0,0,0,0
"40",2024-03-01,3,15,8224.7,378,0,0,22.4383597883598,0,0,8503.7,379,0,0,0,0
"41",2024-03-01,3,20,8224.7,378,0,0,22.4383597883598,0,0,8503.7,379,0,0,0,0
"42",2024-03-01,3,25,8224.7,378,0,0,22.4383597883598,0,0,8503.7,379,0,0,0,0
"43",2024-03-01,3,30,8164.7,377,0,0,22.4383597883598,0,0,8503.7,379,0,0,0,0
"44",2024-03-01,3,35,7587.7,350,0,0,22.4383597883598,0,0,8503.7,379,0,0,0,0
"45",2024-03-01,3,40,8481.7,378,0,0,22.4383597883598,0,0,8503.7,379,0,0,0,0
"46",2024-03-01,3,45,8481.7,378,0,0,22.4383597883598,0,0,8503.7,379,0,0,0,0
"47",2024-03-01,3,50,8481.7,378,0,0,22.4383597883598,0,0,8503.7,379,0,0,0,0
"48",2024-03-01,3,55,8503.7,379,0,0,22.4383597883598,0,0,8503.7,379,0,0,0,0
"49",2024-03-01,4,0,8503.7,379,0,0,24.1514435695538,0,0,9201.7,381,0,0,0,0
"50",2024-03-01,4,5,8601.7,379,0,0,24.1514435695538,0,0,9201.7,381,0,0,0,0
"51",2024-03-01,4,10,8601.7,379,0,0,24.1514435695538,0,0,9201.7,381,0,0,0,0
"52",2024-03-01,4,15,8301.7,378,0,0,24.1514435695538,0,0,9201.7,381,0,0,0,0
"53",2024-03-01,4,20,8301.7,378,0,0,24.1514435695538,0,0,9201.7,381,0,0,0,0
"54",2024-03-01,4,25,9201.7,381,0,0,24.1514435695538,0,0,9201.7,381,0,0,0,0
"55",2024-03-01,4,30,9201.7,381,0,0,24.1514435695538,0,0,9201.7,381,0,0,0,0
"56",2024-03-01,4,35,9153.7,380,0,0,24.1514435695538,0,0,9201.7,381,0,0,0,0
"57",2024-03-01,4,40,9153.7,380,0,0,24.1514435695538,0,0,9201.7,381,0,0,0,0
"58",2024-03-01,4,45,9153.7,380,0,0,24.1514435695538,0,0,9201.7,381,0,0,0,0
"59",2024-03-01,4,50,9153.7,380,0,0,24.1514435695538,0,0,9201.7,381,0,0,0,0
"60",2024-03-01,4,55,8853.7,379,0,0,24.1514435695538,0,0,9201.7,381,0,0,0,0
"61",2024-03-01,5,0,8853.7,379,0,0,24.1886842105263,0,0,9268.7,384,0,0,0,0
"62",2024-03-01,5,5,9235.7,382,0,0,24.1886842105263,0,0,9268.7,384,0,0,0,0
"63",2024-03-01,5,10,8935.7,381,0,0,24.1886842105263,0,0,9268.7,384,0,0,0,0
"64",2024-03-01,5,15,9235.7,382,0,0,24.1886842105263,0,0,9268.7,384,0,0,0,0
"65",2024-03-01,5,20,9257.7,383,0,0,24.1886842105263,0,0,9268.7,384,0,0,0,0
"66",2024-03-01,5,25,9257.7,383,0,0,24.1886842105263,0,0,9268.7,384,0,0,0,0
"67",2024-03-01,5,30,9268.7,384,0,0,24.1886842105263,0,0,9268.7,384,0,0,0,0
"68",2024-03-01,5,35,9191.7,380,0,0,24.1886842105263,0,0,9268.7,384,0,0,0,0
"69",2024-03-01,5,40,8891.7,379,0,0,24.1886842105263,0,0,9268.7,384,0,0,0,0
"70",2024-03-01,5,45,8891.7,379,0,0,24.1886842105263,0,0,9268.7,384,0,0,0,0
"71",2024-03-01,5,50,9131.7,379,0,0,24.1886842105263,0,0,9268.7,384,0,0,0,0
"72",2024-03-01,5,55,9131.7,379,0,0,24.1886842105263,0,0,9268.7,384,0,0,0,0
"73",2024-03-01,6,0,8875.7,380,0,0,24.7401554404145,0,0,9579.7,391,0,0,0,0
"74",2024-03-01,6,5,9066.7,382,0,0,24.7401554404145,0,0,9579.7,391,0,0,0,0
"75",2024-03-01,6,10,9088.7,383,0,0,24.7401554404145,0,0,9579.7,391,0,0,0,0
"76",2024-03-01,6,15,9066.7,382,0,0,24.7401554404145,0,0,9579.7,391,0,0,0,0
"77",2024-03-01,6,20,8744.7,380,0,0,24.7401554404145,0,0,9579.7,391,0,0,0,0
"78",2024-03-01,6,25,8722.7,379,0,0,24.7401554404145,0,0,9579.7,391,0,0,0,0
"79",2024-03-01,6,30,8722.7,379,0,0,24.7401554404145,0,0,9579.7,391,0,0,0,0
"80",2024-03-01,6,35,9549.7,386,0,0,24.7401554404145,0,0,9579.7,391,0,0,0,0
"81",2024-03-01,6,40,9293.7,387,0,0,24.7401554404145,0,0,9579.7,391,0,0,0,0
"82",2024-03-01,6,45,9124.7,386,0,0,24.7401554404145,0,0,9579.7,391,0,0,0,0
"83",2024-03-01,6,50,9246.7,388,0,0,24.7401554404145,0,0,9579.7,391,0,0,0,0
"84",2024-03-01,6,55,9579.7,391,0,0,24.7401554404145,0,0,9579.7,391,0,0,0,0
"85",2024-03-01,7,0,9651.7,394,0,0,24.4967005076142,0,0,10725.7,440,0,0,0,0
"86",2024-03-01,7,5,9711.7,401,0,0,24.4967005076142,0,0,10725.7,440,0,0,0,0
"87",2024-03-01,7,10,9755.7,404,0,0,24.4967005076142,0,0,10725.7,440,0,0,0,0
"88",2024-03-01,7,15,9777.7,405,0,0,24.4967005076142,0,0,10725.7,440,0,0,0,0
"89",2024-03-01,7,20,9565.7,408,0,0,24.4967005076142,0,0,10725.7,440,0,0,0,0
"90",2024-03-01,7,25,9498.7,410,0,0,24.4967005076142,0,0,10725.7,440,0,0,0,0
"91",2024-03-01,7,30,9253.7,412,0,0,24.4967005076142,0,0,10725.7,440,0,0,0,0
"92",2024-03-01,7,35,9866.7,423,0,0,24.4967005076142,0,0,10725.7,440,0,0,0,0
"93",2024-03-01,7,40,10527.7,432,0,0,24.4967005076142,0,0,10725.7,440,0,0,0,0
"94",2024-03-01,7,45,10659.7,439,0,0,24.4967005076142,0,0,10725.7,440,0,0,0,0
"95",2024-03-01,7,50,10692.7,440,0,0,24.4967005076142,0,0,10725.7,440,0,0,0,0
"96",2024-03-01,7,55,10725.7,439,0,0,24.4967005076142,0,0,10725.7,440,0,0,0,0
"97",2024-03-01,8,25,12032.7,471,0,0,28.5470238095238,0,0,14387.7,516,0,0,0,0
"98",2024-03-01,8,30,12461.7,477,0,0,28.5470238095238,0,0,14387.7,516,0,0,0,0
"99",2024-03-01,8,35,14280.7,509,0,0,28.5470238095238,0,0,14387.7,516,0,0,0,0
"100",2024-03-01,8,40,14035.7,500,0,0,28.5470238095238,0,0,14387.7,516,0,0,0,0
"101",2024-03-01,8,45,14387.7,504,0,0,28.5470238095238,0,0,14387.7,516,0,0,0,0
"102",2024-03-01,8,50,14346.7,516,0,0,28.5470238095238,0,0,14387.7,516,0,0,0,0
"103",2024-03-01,8,55,14237.7,516,0,0,28.5470238095238,0,0,14387.7,516,0,0,0,0
"104",2024-03-01,8,0,11254.7,449,0,0,28.5470238095238,0,0,14387.7,516,0,0,0,0
"105",2024-03-01,8,5,11273.7,449,0,0,28.5470238095238,0,0,14387.7,516,0,0,0,0
"106",2024-03-01,8,10,11382.7,453,0,0,28.5470238095238,0,0,14387.7,516,0,0,0,0
"107",2024-03-01,8,15,11404.7,454,0,0,28.5470238095238,0,0,14387.7,516,0,0,0,0
"108",2024-03-01,8,20,11589.7,462,0,0,28.5470238095238,0,0,14387.7,516,0,0,0,0
"109",2024-03-01,9,0,14407.7,522,0,0,27.6009578544061,0,0,15488.7,611,0,0,0,0
"110",2024-03-01,9,5,13539.7,541,0,0,27.6009578544061,0,0,15488.7,611,0,0,0,0
"111",2024-03-01,9,10,13726.7,550,0,0,27.6009578544061,0,0,15488.7,611,0,0,0,0
"112",2024-03-01,9,15,14673.7,556,0,0,27.6009578544061,0,0,15488.7,611,0,0,0,0
"113",2024-03-01,9,20,14742.7,561,0,0,27.6009578544061,0,0,15488.7,611,0,0,0,0
"114",2024-03-01,9,25,14438.7,561,0,0,27.6009578544061,0,0,15488.7,611,0,0,0,0
"115",2024-03-01,9,30,13994.7,562,0,0,27.6009578544061,0,0,15488.7,611,0,0,0,0
"116",2024-03-01,9,35,15155.7,593,0,0,27.6009578544061,0,0,15488.7,611,0,0,0,0
"117",2024-03-01,9,40,15271.7,596,0,0,27.6009578544061,0,0,15488.7,611,0,0,0,0
"118",2024-03-01,9,45,15488.7,600,0,0,27.6009578544061,0,0,15488.7,611,0,0,0,0
"119",2024-03-01,9,50,15400.7,608,0,0,27.6009578544061,0,0,15488.7,611,0,0,0,0
"120",2024-03-01,9,55,15398.7,611,0,0,27.6009578544061,0,0,15488.7,611,0,0,0,0
"121",2024-03-01,10,0,15132.7,616,0,0,25.2073795180723,0,0,16737.7,664,0,0,0,0
"122",2024-03-01,10,5,15622.7,636,0,0,25.2073795180723,0,0,16737.7,664,0,0,0,0
"123",2024-03-01,10,10,15601.7,644,0,0,25.2073795180723,0,0,16737.7,664,0,0,0,0
"124",2024-03-01,10,15,15415.7,644,0,0,25.2073795180723,0,0,16737.7,664,0,0,0,0
"125",2024-03-01,10,20,15765.7,645,0,0,25.2073795180723,0,0,16737.7,664,0,0,0,0
"126",2024-03-01,10,25,16024.7,647,0,0,25.2073795180723,0,0,16737.7,664,0,0,0,0
"127",2024-03-01,10,30,16025.7,652,0,0,25.2073795180723,0,0,16737.7,664,0,0,0,0
"128",2024-03-01,10,35,16403.7,663,0,0,25.2073795180723,0,0,16737.7,664,0,0,0,0
"129",2024-03-01,10,40,16194.7,661,0,0,25.2073795180723,0,0,16737.7,664,0,0,0,0
"130",2024-03-01,10,45,16655.7,662,0,0,25.2073795180723,0,0,16737.7,664,0,0,0,0
"131",2024-03-01,10,50,16480.7,658,0,0,25.2073795180723,0,0,16737.7,664,0,0,0,0
"132",2024-03-01,10,55,16737.7,664,0,0,25.2073795180723,0,0,16737.7,664,0,0,0,0
"133",2024-03-01,11,0,16343.7,660,0,0,26.771953010279,0,0,18231.7,687,0,0,0,0
"134",2024-03-01,11,5,16893.7,672,0,0,26.771953010279,0,0,18231.7,687,0,0,0,0
"135",2024-03-01,11,10,17257.7,676,0,0,26.771953010279,0,0,18231.7,687,0,0,0,0
"136",2024-03-01,11,15,17110.7,677,0,0,26.771953010279,0,0,18231.7,687,0,0,0,0
"137",2024-03-01,11,20,17366.7,678,0,0,26.771953010279,0,0,18231.7,687,0,0,0,0
"138",2024-03-01,11,25,17932.7,685,0,0,26.771953010279,0,0,18231.7,687,0,0,0,0
"139",2024-03-01,11,30,18231.7,681,0,0,26.771953010279,0,0,18231.7,687,0,0,0,0
"140",2024-03-01,11,35,17829.7,675,0,0,26.771953010279,0,0,18231.7,687,0,0,0,0
"141",2024-03-01,11,40,18109.7,678,0,0,26.771953010279,0,0,18231.7,687,0,0,0,0
"142",2024-03-01,11,45,17298.7,673,0,0,26.771953010279,0,0,18231.7,687,0,0,0,0
"143",2024-03-01,11,50,17429.7,678,0,0,26.771953010279,0,0,18231.7,687,0,0,0,0
"144",2024-03-01,11,55,17715.4,687,0,0,26.771953010279,0,0,18231.7,687,0,0,0,0
"145",2024-03-01,12,0,17519.4,686,0,0,27.3717612809316,0,0,18804.4,697,0,0,0,0
"146",2024-03-01,12,5,17908.4,692,0,0,27.3717612809316,0,0,18804.4,697,0,0,0,0
"147",2024-03-01,12,10,18514.4,697,0,0,27.3717612809316,0,0,18804.4,697,0,0,0,0
"148",2024-03-01,12,15,18397.4,696,0,0,27.3717612809316,0,0,18804.4,697,0,0,0,0
"149",2024-03-01,12,20,18197.4,694,0,0,27.3717612809316,0,0,18804.4,697,0,0,0,0
"150",2024-03-01,12,25,17951.4,689,0,0,27.3717612809316,0,0,18804.4,697,0,0,0,0
"151",2024-03-01,12,30,18804.4,687,0,0,27.3717612809316,0,0,18804.4,697,0,0,0,0
"152",2024-03-01,12,35,18617.4,692,0,0,27.3717612809316,0,0,18804.4,697,0,0,0,0
"153",2024-03-01,12,40,18354.4,688,0,0,27.3717612809316,0,0,18804.4,697,0,0,0,0
"154",2024-03-01,12,45,18093.4,692,0,0,27.3717612809316,0,0,18804.4,697,0,0,0,0
"155",2024-03-01,12,50,17272.4,682,0,0,27.3717612809316,0,0,18804.4,697,0,0,0,0
"156",2024-03-01,12,55,17983.4,685,0,0,27.3717612809316,0,0,18804.4,697,0,0,0,0
"157",2024-03-01,13,0,18130.4,681,0,0,27.1562403697997,0,0,18130.4,681,0,0,0,0
"158",2024-03-01,13,5,17992.4,676,0,0,27.1562403697997,0,0,18130.4,681,0,0,0,0
"159",2024-03-01,13,10,17632.4,661,0,0,27.1562403697997,0,0,18130.4,681,0,0,0,0
"160",2024-03-01,13,15,16878.4,652,0,0,27.1562403697997,0,0,18130.4,681,0,0,0,0
"161",2024-03-01,13,20,16713.4,645,0,0,27.1562403697997,0,0,18130.4,681,0,0,0,0
"162",2024-03-01,13,25,17104.4,646,0,0,27.1562403697997,0,0,18130.4,681,0,0,0,0
"163",2024-03-01,13,30,17624.4,649,0,0,27.1562403697997,0,0,18130.4,681,0,0,0,0
"164",2024-03-01,13,35,17544.4,650,0,0,27.1562403697997,0,0,18130.4,681,0,0,0,0
"165",2024-03-01,13,40,17647.4,651,0,0,27.1562403697997,0,0,18130.4,681,0,0,0,0
"166",2024-03-01,13,45,17611.4,650,0,0,27.1562403697997,0,0,18130.4,681,0,0,0,0
"167",2024-03-01,13,50,17302.7,650,0,0,27.1562403697997,0,0,18130.4,681,0,0,0,0
"168",2024-03-01,13,55,17268.7,652,0,0,27.1562403697997,0,0,18130.4,681,0,0,0,0
"169",2024-03-01,14,0,17937.7,666,0,0,28.0205397301349,0,0,18689.7,689,0,0,0,0
"170",2024-03-01,14,5,18084.7,659,0,0,28.0205397301349,0,0,18689.7,689,0,0,0,0
"171",2024-03-01,14,10,18080.7,664,0,0,28.0205397301349,0,0,18689.7,689,0,0,0,0
"172",2024-03-01,14,15,18506.7,671,0,0,28.0205397301349,0,0,18689.7,689,0,0,0,0
"173",2024-03-01,14,20,17772.7,673,0,0,28.0205397301349,0,0,18689.7,689,0,0,0,0
"174",2024-03-01,14,25,17989.7,671,0,0,28.0205397301349,0,0,18689.7,689,0,0,0,0
"175",2024-03-01,14,30,18161.7,674,0,0,28.0205397301349,0,0,18689.7,689,0,0,0,0
"176",2024-03-01,14,35,18689.7,667,0,0,28.0205397301349,0,0,18689.7,689,0,0,0,0
"177",2024-03-01,14,40,18516.7,669,0,0,28.0205397301349,0,0,18689.7,689,0,0,0,0
"178",2024-03-01,14,45,18087.7,671,0,0,28.0205397301349,0,0,18689.7,689,0,0,0,0
"179",2024-03-01,14,50,17954.7,685,0,0,28.0205397301349,0,0,18689.7,689,0,0,0,0
"180",2024-03-01,14,55,18423.7,689,0,0,28.0205397301349,0,0,18689.7,689,0,0,0,0
"181",2024-03-01,15,0,18620.7,695,0,0,27.7691322901849,0,0,19521.7,714,0,0,0,0
"182",2024-03-01,15,5,18709.7,704,0,0,27.7691322901849,0,0,19521.7,714,0,0,0,0
"183",2024-03-01,15,10,19521.7,703,0,0,27.7691322901849,0,0,19521.7,714,0,0,0,0
"184",2024-03-01,15,15,19386.7,708,0,0,27.7691322901849,0,0,19521.7,714,0,0,0,0
"185",2024-03-01,15,20,19201.7,709,0,0,27.7691322901849,0,0,19521.7,714,0,0,0,0
"186",2024-03-01,15,25,19237.7,707,0,0,27.7691322901849,0,0,19521.7,714,0,0,0,0
"187",2024-03-01,15,30,19342.7,714,0,0,27.7691322901849,0,0,19521.7,714,0,0,0,0
"188",2024-03-01,15,35,18291.7,698,0,0,27.7691322901849,0,0,19521.7,714,0,0,0,0
"189",2024-03-01,15,40,18407.7,703,0,0,27.7691322901849,0,0,19521.7,714,0,0,0,0
"190",2024-03-01,15,45,18066.7,706,0,0,27.7691322901849,0,0,19521.7,714,0,0,0,0
"191",2024-03-01,15,50,17499.7,699,0,0,27.7691322901849,0,0,19521.7,714,0,0,0,0
"192",2024-03-01,15,55,17788.7,701,0,0,27.7691322901849,0,0,19521.7,714,0,0,0,0
"193",2024-03-01,16,0,18209.7,699,0,0,28.7462664714495,0,0,19633.7,699,0,0,0,0
"194",2024-03-01,16,5,18459.7,692,0,0,28.7462664714495,0,0,19633.7,699,0,0,0,0
"195",2024-03-01,16,10,19393.7,694,0,0,28.7462664714495,0,0,19633.7,699,0,0,0,0
"196",2024-03-01,16,15,19437.7,699,0,0,28.7462664714495,0,0,19633.7,699,0,0,0,0
"197",2024-03-01,16,20,19404.7,698,0,0,28.7462664714495,0,0,19633.7,699,0,0,0,0
"198",2024-03-01,16,25,18642.7,694,0,0,28.7462664714495,0,0,19633.7,699,0,0,0,0
"199",2024-03-01,16,30,18333.7,689,0,0,28.7462664714495,0,0,19633.7,699,0,0,0,0
"200",2024-03-01,16,35,18441.7,686,0,0,28.7462664714495,0,0,19633.7,699,0,0,0,0
"201",2024-03-01,16,40,17915.7,682,0,0,28.7462664714495,0,0,19633.7,699,0,0,0,0
"202",2024-03-01,16,45,18395.7,683,0,0,28.7462664714495,0,0,19633.7,699,0,0,0,0
"203",2024-03-01,16,50,19015.7,679,0,0,28.7462664714495,0,0,19633.7,699,0,0,0,0
"204",2024-03-01,16,55,19633.7,683,0,0,28.7462664714495,0,0,19633.7,699,0,0,0,0
"205",2024-03-01,17,0,19260.4,680,0,0,28.3241176470588,0,0,19260.4,680,0,0,0,0
"206",2024-03-01,17,5,18924.4,674,0,0,28.3241176470588,0,0,19260.4,680,0,0,0,0
"207",2024-03-01,17,10,18042.4,664,0,0,28.3241176470588,0,0,19260.4,680,0,0,0,0
"208",2024-03-01,17,15,17776.4,659,0,0,28.3241176470588,0,0,19260.4,680,0,0,0,0
"209",2024-03-01,17,20,18198.4,659,0,0,28.3241176470588,0,0,19260.4,680,0,0,0,0
"210",2024-03-01,17,25,18218.4,660,0,0,28.3241176470588,0,0,19260.4,680,0,0,0,0
"211",2024-03-01,17,30,18458.4,658,0,0,28.3241176470588,0,0,19260.4,680,0,0,0,0
"212",2024-03-01,17,35,17288.4,634,0,0,28.3241176470588,0,0,19260.4,680,0,0,0,0
"213",2024-03-01,17,40,16627.4,625,0,0,28.3241176470588,0,0,19260.4,680,0,0,0,0
"214",2024-03-01,17,45,16640.4,618,0,0,28.3241176470588,0,0,19260.4,680,0,0,0,0
"215",2024-03-01,17,50,16305.4,615,0,0,28.3241176470588,0,0,19260.4,680,0,0,0,0
"216",2024-03-01,17,55,16144.4,612,0,0,28.3241176470588,0,0,19260.4,680,0,0,0,0
"217",2024-03-01,18,0,15727.4,600,0,0,30.0754098360656,0,0,16626.4,600,0,0,0,0
"218",2024-03-01,18,5,9173,305,0,0,30.0754098360656,0,0,16626.4,600,0,0,0,0
"219",2024-03-01,18,10,15370.4,598,0,0,30.0754098360656,0,0,16626.4,600,0,0,0,0
"220",2024-03-01,18,15,16069.4,600,0,0,30.0754098360656,0,0,16626.4,600,0,0,0,0
"221",2024-03-01,18,20,16356.4,594,0,0,30.0754098360656,0,0,16626.4,600,0,0,0,0
"222",2024-03-01,18,25,16049.4,584,0,0,30.0754098360656,0,0,16626.4,600,0,0,0,0
"223",2024-03-01,18,30,15249.4,577,0,0,30.0754098360656,0,0,16626.4,600,0,0,0,0
"224",2024-03-01,18,35,15586.4,564,0,0,30.0754098360656,0,0,16626.4,600,0,0,0,0
"225",2024-03-01,18,40,15049.4,555,0,0,30.0754098360656,0,0,16626.4,600,0,0,0,0
"226",2024-03-01,18,45,14785.4,558,0,0,30.0754098360656,0,0,16626.4,600,0,0,0,0
"227",2024-03-01,18,50,16220.4,565,0,0,30.0754098360656,0,0,16626.4,600,0,0,0,0
"228",2024-03-01,18,55,16626.4,562,0,0,30.0754098360656,0,0,16626.4,600,0,0,0,0
"229",2024-03-01,19,0,17096.7,559,0,0,30.5844364937388,0,0,17096.7,559,0,0,0,0
"230",2024-03-01,19,5,15343.7,542,0,0,30.5844364937388,0,0,17096.7,559,0,0,0,0
"231",2024-03-01,19,10,15469.7,541,0,0,30.5844364937388,0,0,17096.7,559,0,0,0,0
"232",2024-03-01,19,15,15420.7,539,0,0,30.5844364937388,0,0,17096.7,559,0,0,0,0
"233",2024-03-01,19,20,15681.7,541,0,0,30.5844364937388,0,0,17096.7,559,0,0,0,0
"234",2024-03-01,19,25,15881.7,544,0,0,30.5844364937388,0,0,17096.7,559,0,0,0,0
"235",2024-03-01,19,30,15401.7,541,0,0,30.5844364937388,0,0,17096.7,559,0,0,0,0
"236",2024-03-01,19,35,15183.7,527,0,0,30.5844364937388,0,0,17096.7,559,0,0,0,0
"237",2024-03-01,19,40,14178.7,521,0,0,30.5844364937388,0,0,17096.7,559,0,0,0,0
"238",2024-03-01,19,55,14623.7,515,0,0,30.5844364937388,0,0,17096.7,559,0,0,0,0
"239",2024-03-01,19,45,14384.7,518,0,0,30.5844364937388,0,0,17096.7,559,0,0,0,0
"240",2024-03-01,19,50,14331.7,515,0,0,30.5844364937388,0,0,17096.7,559,0,0,0,0
"241",2024-03-01,20,35,13038.4,499,0,0,28.1520547945205,0,0,14385.7,511,0,0,0,0
"242",2024-03-01,20,40,13116.4,499,0,0,28.1520547945205,0,0,14385.7,511,0,0,0,0
"243",2024-03-01,20,45,13092.4,499,0,0,28.1520547945205,0,0,14385.7,511,0,0,0,0
"244",2024-03-01,20,50,12502.4,496,0,0,28.1520547945205,0,0,14385.7,511,0,0,0,0
"245",2024-03-01,20,55,13094.4,499,0,0,28.1520547945205,0,0,14385.7,511,0,0,0,0
"246",2024-03-01,20,0,14003.7,507,0,0,28.1520547945205,0,0,14385.7,511,0,0,0,0
"247",2024-03-01,20,5,13976.7,510,0,0,28.1520547945205,0,0,14385.7,511,0,0,0,0
"248",2024-03-01,20,10,14385.7,511,0,0,28.1520547945205,0,0,14385.7,511,0,0,0,0
"249",2024-03-01,20,15,13774.7,508,0,0,28.1520547945205,0,0,14385.7,511,0,0,0,0
"250",2024-03-01,20,20,13641.4,508,0,0,28.1520547945205,0,0,14385.7,511,0,0,0,0
"251",2024-03-01,20,25,13958.4,507,0,0,28.1520547945205,0,0,14385.7,511,0,0,0,0
"252",2024-03-01,20,30,13796.4,502,0,0,28.1520547945205,0,0,14385.7,511,0,0,0,0
"253",2024-03-01,21,0,13844.7,505,0,0,29.7589694656489,0,0,15593.7,524,0,0,0,0
"254",2024-03-01,21,5,12951.7,505,0,0,29.7589694656489,0,0,15593.7,524,0,0,0,0
"255",2024-03-01,21,10,13595.7,509,0,0,29.7589694656489,0,0,15593.7,524,0,0,0,0
"256",2024-03-01,21,15,13558.7,505,0,0,29.7589694656489,0,0,15593.7,524,0,0,0,0
"257",2024-03-01,21,20,13482.7,506,0,0,29.7589694656489,0,0,15593.7,524,0,0,0,0
"258",2024-03-01,21,25,14657.7,515,0,0,29.7589694656489,0,0,15593.7,524,0,0,0,0
"259",2024-03-01,21,30,14907.7,520,0,0,29.7589694656489,0,0,15593.7,524,0,0,0,0
"260",2024-03-01,21,35,15593.7,524,0,0,29.7589694656489,0,0,15593.7,524,0,0,0,0
"261",2024-03-01,21,40,14918.7,520,0,0,29.7589694656489,0,0,15593.7,524,0,0,0,0
"262",2024-03-01,21,45,14907.7,520,0,0,29.7589694656489,0,0,15593.7,524,0,0,0,0
"263",2024-03-01,21,50,15469.7,523,0,0,29.7589694656489,0,0,15593.7,524,0,0,0,0
"264",2024-03-01,21,55,14803.7,518,0,0,29.7589694656489,0,0,15593.7,524,0,0,0,0
"265",2024-03-01,22,0,14707.7,518,0,0,28.3932432432432,0,0,14806.7,522,0,0,0,0
"266",2024-03-01,22,5,14250.7,517,0,0,28.3932432432432,0,0,14806.7,522,0,0,0,0
"267",2024-03-01,22,10,13748.7,515,0,0,28.3932432432432,0,0,14806.7,522,0,0,0,0
"268",2024-03-01,22,15,14806.7,522,0,0,28.3932432432432,0,0,14806.7,522,0,0,0,0
"269",2024-03-01,22,20,14342.7,517,0,0,28.3932432432432,0,0,14806.7,522,0,0,0,0
"270",2024-03-01,22,25,14166.7,516,0,0,28.3932432432432,0,0,14806.7,522,0,0,0,0
"271",2024-03-01,22,30,13211.7,510,0,0,28.3932432432432,0,0,14806.7,522,0,0,0,0
"272",2024-03-01,22,35,12289.7,492,0,0,28.3932432432432,0,0,14806.7,522,0,0,0,0
"273",2024-03-01,22,40,12239.7,491,0,0,28.3932432432432,0,0,14806.7,522,0,0,0,0
"274",2024-03-01,22,45,12190.7,487,0,0,28.3932432432432,0,0,14806.7,522,0,0,0,0
"275",2024-03-01,22,50,12124.7,484,0,0,28.3932432432432,0,0,14806.7,522,0,0,0,0
"276",2024-03-01,22,55,12439.7,480,0,0,28.3932432432432,0,0,14806.7,522,0,0,0,0
"277",2024-03-01,23,0,12521.7,482,0,0,25.9786307053942,0,0,12521.7,482,0,0,0,0
"278",2024-03-01,23,5,12073.7,472,0,0,25.9786307053942,0,0,12521.7,482,0,0,0,0
"279",2024-03-01,23,10,12073.7,472,0,0,25.9786307053942,0,0,12521.7,482,0,0,0,0
"280",2024-03-01,23,15,11506.7,468,0,0,25.9786307053942,0,0,12521.7,482,0,0,0,0
"281",2024-03-01,23,20,11517.7,469,0,0,25.9786307053942,0,0,12521.7,482,0,0,0,0
"282",2024-03-01,23,25,11561.7,471,0,0,25.9786307053942,0,0,12521.7,482,0,0,0,0
"283",2024-03-01,23,30,11571.7,470,0,0,25.9786307053942,0,0,12521.7,482,0,0,0,0
"284",2024-03-01,23,35,10901.7,466,0,0,25.9786307053942,0,0,12521.7,482,0,0,0,0
"285",2024-03-01,23,40,10923.7,467,0,0,25.9786307053942,0,0,12521.7,482,0,0,0,0
"286",2024-03-01,23,45,11202.7,467,0,0,25.9786307053942,0,0,12521.7,482,0,0,0,0
"287",2024-03-01,23,50,11568.7,471,0,0,25.9786307053942,0,0,12521.7,482,0,0,0,0
"288",2024-03-01,23,55,11813.7,469,0,0,25.9786307053942,0,0,12521.7,482,0,0,0,0
"289",2024-03-02,0,0,10188.8,436,0,0,24.4803827751196,0,0,10266.8,436,0,0,0,0
"290",2024-03-02,0,5,9944.8,419,0,0,24.4803827751196,0,0,10266.8,436,0,0,0,0
"291",2024-03-02,0,10,10266.8,421,0,0,24.4803827751196,0,0,10266.8,436,0,0,0,0
"292",2024-03-02,0,15,10194.8,419,0,0,24.4803827751196,0,0,10266.8,436,0,0,0,0
"293",2024-03-02,0,20,10232.8,418,0,0,24.4803827751196,0,0,10266.8,436,0,0,0,0
"294",2024-03-02,0,25,9855.8,413,0,0,24.4803827751196,0,0,10266.8,436,0,0,0,0
"295",2024-03-02,0,30,9800.8,409,0,0,24.4803827751196,0,0,10266.8,436,0,0,0,0
"296",2024-03-02,0,35,9625.8,402,0,0,24.4803827751196,0,0,10266.8,436,0,0,0,0
"297",2024-03-02,0,40,9625.8,402,0,0,24.4803827751196,0,0,10266.8,436,0,0,0,0
"298",2024-03-02,0,45,9434.8,400,0,0,24.4803827751196,0,0,10266.8,436,0,0,0,0
"299",2024-03-02,0,50,9636.8,402,0,0,24.4803827751196,0,0,10266.8,436,0,0,0,0
"300",2024-03-02,0,55,9314.8,400,0,0,24.4803827751196,0,0,10266.8,436,0,0,0,0
"301",2024-03-02,1,0,10165.7,434,0,0,23.6386416861827,0,0,10165.7,434,0,0,0,0
"302",2024-03-02,1,5,10020.7,428,0,0,23.6386416861827,0,0,10165.7,434,0,0,0,0
"303",2024-03-02,1,10,9840.7,427,0,0,23.6386416861827,0,0,10165.7,434,0,0,0,0
"304",2024-03-02,1,15,9562.7,427,0,0,23.6386416861827,0,0,10165.7,434,0,0,0,0
"305",2024-03-02,1,20,9562.7,427,0,0,23.6386416861827,0,0,10165.7,434,0,0,0,0
"306",2024-03-02,1,25,9562.7,427,0,0,23.6386416861827,0,0,10165.7,434,0,0,0,0
"307",2024-03-02,1,30,9518.7,425,0,0,23.6386416861827,0,0,10165.7,434,0,0,0,0
"308",2024-03-02,1,35,10163.7,431,0,0,23.6386416861827,0,0,10165.7,434,0,0,0,0
"309",2024-03-02,1,40,10141.7,430,0,0,23.6386416861827,0,0,10165.7,434,0,0,0,0
"310",2024-03-02,1,45,10104.7,428,0,0,23.6386416861827,0,0,10165.7,434,0,0,0,0
"311",2024-03-02,1,50,10093.7,427,0,0,23.6386416861827,0,0,10165.7,434,0,0,0,0
"312",2024-03-02,1,55,10108.4,428,0,0,23.6386416861827,0,0,10165.7,434,0,0,0,0
"313",2024-03-02,2,0,10108.4,428,0,0,23.6177570093458,0,0,10108.4,428,0,0,0,0
"314",2024-03-02,2,5,9581.4,418,0,0,23.6177570093458,0,0,10108.4,428,0,0,0,0
"315",2024-03-02,2,10,9831.4,418,0,0,23.6177570093458,0,0,10108.4,428,0,0,0,0
"316",2024-03-02,2,15,9553.4,418,0,0,23.6177570093458,0,0,10108.4,428,0,0,0,0
"317",2024-03-02,2,20,9853.4,419,0,0,23.6177570093458,0,0,10108.4,428,0,0,0,0
"318",2024-03-02,2,25,9897.4,421,0,0,23.6177570093458,0,0,10108.4,428,0,0,0,0
"319",2024-03-02,2,30,9897.4,421,0,0,23.6177570093458,0,0,10108.4,428,0,0,0,0
"320",2024-03-02,2,35,9732.4,415,0,0,23.6177570093458,0,0,10108.4,428,0,0,0,0
"321",2024-03-02,2,40,9754.4,416,0,0,23.6177570093458,0,0,10108.4,428,0,0,0,0
"322",2024-03-02,2,45,9732.4,415,0,0,23.6177570093458,0,0,10108.4,428,0,0,0,0
"323",2024-03-02,2,50,9710.4,414,0,0,23.6177570093458,0,0,10108.4,428,0,0,0,0
"324",2024-03-02,2,55,9710.4,414,0,0,23.6177570093458,0,0,10108.4,428,0,0,0,0
"325",2024-03-02,3,55,8852.4,410,0,0,23.5431325301205,0,0,9770.4,415,0,0,0,0
"326",2024-03-02,3,0,9770.4,415,0,0,23.5431325301205,0,0,9770.4,415,0,0,0,0
"327",2024-03-02,3,5,9375.4,412,0,0,23.5431325301205,0,0,9770.4,415,0,0,0,0
"328",2024-03-02,3,10,9135.4,412,0,0,23.5431325301205,0,0,9770.4,415,0,0,0,0
"329",2024-03-02,3,15,8813.4,410,0,0,23.5431325301205,0,0,9770.4,415,0,0,0,0
"330",2024-03-02,3,20,9113.4,411,0,0,23.5431325301205,0,0,9770.4,415,0,0,0,0
"331",2024-03-02,3,25,9091.4,410,0,0,23.5431325301205,0,0,9770.4,415,0,0,0,0
"332",2024-03-02,3,30,8709.4,407,0,0,23.5431325301205,0,0,9770.4,415,0,0,0,0
"333",2024-03-02,3,35,8808.4,408,0,0,23.5431325301205,0,0,9770.4,415,0,0,0,0
"334",2024-03-02,3,40,9130.4,410,0,0,23.5431325301205,0,0,9770.4,415,0,0,0,0
"335",2024-03-02,3,45,9130.4,410,0,0,23.5431325301205,0,0,9770.4,415,0,0,0,0
"336",2024-03-02,3,50,8830.4,409,0,0,23.5431325301205,0,0,9770.4,415,0,0,0,0
"337",2024-03-02,4,0,8852.4,410,0,0,22.1082926829268,0,0,9064.4,411,0,0,0,0
"338",2024-03-02,4,5,8874.4,411,0,0,22.1082926829268,0,0,9064.4,411,0,0,0,0
"339",2024-03-02,4,10,8874.4,411,0,0,22.1082926829268,0,0,9064.4,411,0,0,0,0
"340",2024-03-02,4,15,8852.4,410,0,0,22.1082926829268,0,0,9064.4,411,0,0,0,0
"341",2024-03-02,4,20,8852.4,410,0,0,22.1082926829268,0,0,9064.4,411,0,0,0,0
"342",2024-03-02,4,25,8852.4,410,0,0,22.1082926829268,0,0,9064.4,411,0,0,0,0
"343",2024-03-02,4,30,8852.4,410,0,0,22.1082926829268,0,0,9064.4,411,0,0,0,0
"344",2024-03-02,4,35,8764.4,409,0,0,22.1082926829268,0,0,9064.4,411,0,0,0,0
"345",2024-03-02,4,40,9064.4,410,0,0,22.1082926829268,0,0,9064.4,411,0,0,0,0
"346",2024-03-02,4,45,9064.4,410,0,0,22.1082926829268,0,0,9064.4,411,0,0,0,0
"347",2024-03-02,4,50,9064.4,410,0,0,22.1082926829268,0,0,9064.4,411,0,0,0,0
"348",2024-03-02,4,55,8824.4,410,0,0,22.1082926829268,0,0,9064.4,411,0,0,0,0
"349",2024-03-02,5,0,8846.4,411,0,0,23.5309352517986,0,0,9834.4,418,0,0,0,0
"350",2024-03-02,5,5,8846.4,411,0,0,23.5309352517986,0,0,9834.4,418,0,0,0,0
"351",2024-03-02,5,10,9124.4,411,0,0,23.5309352517986,0,0,9834.4,418,0,0,0,0
"352",2024-03-02,5,15,9146.4,412,0,0,23.5309352517986,0,0,9834.4,418,0,0,0,0
"353",2024-03-02,5,20,9446.4,413,0,0,23.5309352517986,0,0,9834.4,418,0,0,0,0
"354",2024-03-02,5,25,9446.4,413,0,0,23.5309352517986,0,0,9834.4,418,0,0,0,0
"355",2024-03-02,5,30,9446.4,413,0,0,23.5309352517986,0,0,9834.4,418,0,0,0,0
"356",2024-03-02,5,35,9490.4,415,0,0,23.5309352517986,0,0,9834.4,418,0,0,0,0
"357",2024-03-02,5,40,9834.4,418,0,0,23.5309352517986,0,0,9834.4,418,0,0,0,0
"358",2024-03-02,5,45,9512.4,416,0,0,23.5309352517986,0,0,9834.4,418,0,0,0,0
"359",2024-03-02,5,50,9812.4,417,0,0,23.5309352517986,0,0,9834.4,418,0,0,0,0
"360",2024-03-02,5,55,9812.4,417,0,0,23.5309352517986,0,0,9834.4,418,0,0,0,0
"361",2024-03-02,6,0,9212.4,415,0,0,23.1825665859564,0,0,9574.4,415,0,0,0,0
"362",2024-03-02,6,5,9097.4,411,0,0,23.1825665859564,0,0,9574.4,415,0,0,0,0
"363",2024-03-02,6,10,8775.4,409,0,0,23.1825665859564,0,0,9574.4,415,0,0,0,0
"364",2024-03-02,6,15,8775.4,409,0,0,23.1825665859564,0,0,9574.4,415,0,0,0,0
"365",2024-03-02,6,20,9075.4,410,0,0,23.1825665859564,0,0,9574.4,415,0,0,0,0
"366",2024-03-02,6,25,9075.4,410,0,0,23.1825665859564,0,0,9574.4,415,0,0,0,0
"367",2024-03-02,6,30,9097.4,411,0,0,23.1825665859564,0,0,9574.4,415,0,0,0,0
"368",2024-03-02,6,35,9108.4,412,0,0,23.1825665859564,0,0,9574.4,415,0,0,0,0
"369",2024-03-02,6,40,9386.4,412,0,0,23.1825665859564,0,0,9574.4,415,0,0,0,0
"370",2024-03-02,6,45,9386.4,412,0,0,23.1825665859564,0,0,9574.4,415,0,0,0,0
"371",2024-03-02,6,50,9296.4,413,0,0,23.1825665859564,0,0,9574.4,415,0,0,0,0
"372",2024-03-02,6,55,9574.4,413,0,0,23.1825665859564,0,0,9574.4,415,0,0,0,0
"373",2024-03-02,7,0,9296.4,413,0,0,23.5932038834951,0,0,9720.4,413,0,0,0,0
"374",2024-03-02,7,5,9116.4,410,0,0,23.5932038834951,0,0,9720.4,413,0,0,0,0
"375",2024-03-02,7,10,9116.4,410,0,0,23.5932038834951,0,0,9720.4,413,0,0,0,0
"376",2024-03-02,7,15,8900.4,406,0,0,23.5932038834951,0,0,9720.4,413,0,0,0,0
"377",2024-03-02,7,20,8900.4,406,0,0,23.5932038834951,0,0,9720.4,413,0,0,0,0
"378",2024-03-02,7,25,8796.4,403,0,0,23.5932038834951,0,0,9720.4,413,0,0,0,0
"379",2024-03-02,7,30,9118.4,405,0,0,23.5932038834951,0,0,9720.4,413,0,0,0,0
"380",2024-03-02,7,35,9109.4,410,0,0,23.5932038834951,0,0,9720.4,413,0,0,0,0
"381",2024-03-02,7,40,9409.4,411,0,0,23.5932038834951,0,0,9720.4,413,0,0,0,0
"382",2024-03-02,7,45,9409.4,411,0,0,23.5932038834951,0,0,9720.4,413,0,0,0,0
"383",2024-03-02,7,50,9398.4,410,0,0,23.5932038834951,0,0,9720.4,413,0,0,0,0
"384",2024-03-02,7,55,9720.4,412,0,0,23.5932038834951,0,0,9720.4,413,0,0,0,0
"385",2024-03-02,8,0,9354.4,408,0,0,23.99375,0,0,10064.4,424,0,0,0,0
"386",2024-03-02,8,5,9027.4,403,0,0,23.99375,0,0,10064.4,424,0,0,0,0
"387",2024-03-02,8,10,9027.4,403,0,0,23.99375,0,0,10064.4,424,0,0,0,0
"388",2024-03-02,8,15,9060.4,405,0,0,23.99375,0,0,10064.4,424,0,0,0,0
"389",2024-03-02,8,20,9393.4,408,0,0,23.99375,0,0,10064.4,424,0,0,0,0
"390",2024-03-02,8,25,9459.4,411,0,0,23.99375,0,0,10064.4,424,0,0,0,0
"391",2024-03-02,8,30,8887.4,409,0,0,23.99375,0,0,10064.4,424,0,0,0,0
"392",2024-03-02,8,35,9564.4,409,0,0,23.99375,0,0,10064.4,424,0,0,0,0
"393",2024-03-02,8,40,9849.4,414,0,0,23.99375,0,0,10064.4,424,0,0,0,0
"394",2024-03-02,8,45,9981.4,416,0,0,23.99375,0,0,10064.4,424,0,0,0,0
"395",2024-03-02,8,50,10064.4,420,0,0,23.99375,0,0,10064.4,424,0,0,0,0
"396",2024-03-02,8,55,10024.4,424,0,0,23.99375,0,0,10064.4,424,0,0,0,0
"397",2024-03-02,9,0,10046.4,425,0,0,26.8141230068337,0,0,12185.7,469,0,0,0,0
"398",2024-03-02,9,5,11504.4,440,0,0,26.8141230068337,0,0,12185.7,469,0,0,0,0
"399",2024-03-02,9,10,11537.4,441,0,0,26.8141230068337,0,0,12185.7,469,0,0,0,0
"400",2024-03-02,9,15,11771.4,439,0,0,26.8141230068337,0,0,12185.7,469,0,0,0,0
"401",2024-03-02,9,20,10735.4,437,0,0,26.8141230068337,0,0,12185.7,469,0,0,0,0
"402",2024-03-02,9,25,10596.4,438,0,0,26.8141230068337,0,0,12185.7,469,0,0,0,0
"403",2024-03-02,9,30,11434.4,449,0,0,26.8141230068337,0,0,12185.7,469,0,0,0,0
"404",2024-03-02,9,35,11492.4,452,0,0,26.8141230068337,0,0,12185.7,469,0,0,0,0
"405",2024-03-02,9,40,11885.4,456,0,0,26.8141230068337,0,0,12185.7,469,0,0,0,0
"406",2024-03-02,9,45,12162.7,458,0,0,26.8141230068337,0,0,12185.7,469,0,0,0,0
"407",2024-03-02,9,50,12185.7,460,0,0,26.8141230068337,0,0,12185.7,469,0,0,0,0
"408",2024-03-02,9,55,12022.7,469,0,0,26.8141230068337,0,0,12185.7,469,0,0,0,0
"409",2024-03-02,10,5,11806.7,481,0,0,28.9296226415094,0,0,15332.7,535,0,0,0,0
"410",2024-03-02,10,10,11916.7,483,0,0,28.9296226415094,0,0,15332.7,535,0,0,0,0
"411",2024-03-02,10,15,12711.7,484,0,0,28.9296226415094,0,0,15332.7,535,0,0,0,0
"412",2024-03-02,10,20,12549.7,487,0,0,28.9296226415094,0,0,15332.7,535,0,0,0,0
"413",2024-03-02,10,25,12747.7,500,0,0,28.9296226415094,0,0,15332.7,535,0,0,0,0
"414",2024-03-02,10,30,13149.7,503,0,0,28.9296226415094,0,0,15332.7,535,0,0,0,0
"415",2024-03-02,10,35,14872.7,525,0,0,28.9296226415094,0,0,15332.7,535,0,0,0,0
"416",2024-03-02,10,40,15332.7,530,0,0,28.9296226415094,0,0,15332.7,535,0,0,0,0
"417",2024-03-02,10,45,15252.7,532,0,0,28.9296226415094,0,0,15332.7,535,0,0,0,0
"418",2024-03-02,10,50,14893.7,532,0,0,28.9296226415094,0,0,15332.7,535,0,0,0,0
"419",2024-03-02,10,55,14776.7,535,0,0,28.9296226415094,0,0,15332.7,535,0,0,0,0
"420",2024-03-02,10,0,12055.7,472,0,0,28.9296226415094,0,0,15332.7,535,0,0,0,0
"421",2024-03-02,11,0,15631.7,546,0,0,30.1011925042589,0,0,17669.4,587,0,0,0,0
"422",2024-03-02,11,5,14336.4,550,0,0,30.1011925042589,0,0,17669.4,587,0,0,0,0
"423",2024-03-02,11,10,14629.4,556,0,0,30.1011925042589,0,0,17669.4,587,0,0,0,0
"424",2024-03-02,11,15,14862.4,563,0,0,30.1011925042589,0,0,17669.4,587,0,0,0,0
"425",2024-03-02,11,20,15069.4,557,0,0,30.1011925042589,0,0,17669.4,587,0,0,0,0
"426",2024-03-02,11,25,15426.4,555,0,0,30.1011925042589,0,0,17669.4,587,0,0,0,0
"427",2024-03-02,11,30,15511.4,558,0,0,30.1011925042589,0,0,17669.4,587,0,0,0,0
"428",2024-03-02,11,35,16506.4,583,0,0,30.1011925042589,0,0,17669.4,587,0,0,0,0
"429",2024-03-02,11,40,16158.4,582,0,0,30.1011925042589,0,0,17669.4,587,0,0,0,0
"430",2024-03-02,11,45,16987.4,585,0,0,30.1011925042589,0,0,17669.4,587,0,0,0,0
"431",2024-03-02,11,50,17554.4,587,0,0,30.1011925042589,0,0,17669.4,587,0,0,0,0
"432",2024-03-02,11,55,17669.4,587,0,0,30.1011925042589,0,0,17669.4,587,0,0,0,0
"433",2024-03-02,12,0,18697.4,595,0,0,32.8714046822742,0,0,19657.1,613,0,0,0,0
"434",2024-03-02,12,5,19215.4,597,0,0,32.8714046822742,0,0,19657.1,613,0,0,0,0
"435",2024-03-02,12,10,19657.1,598,0,0,32.8714046822742,0,0,19657.1,613,0,0,0,0
"436",2024-03-02,12,15,18417.1,598,0,0,32.8714046822742,0,0,19657.1,613,0,0,0,0
"437",2024-03-02,12,20,18025.1,592,0,0,32.8714046822742,0,0,19657.1,613,0,0,0,0
"438",2024-03-02,12,25,16584.1,589,0,0,32.8714046822742,0,0,19657.1,613,0,0,0,0
"439",2024-03-02,12,30,15462.4,584,0,0,32.8714046822742,0,0,19657.1,613,0,0,0,0
"440",2024-03-02,12,35,16911.7,600,0,0,32.8714046822742,0,0,19657.1,613,0,0,0,0
"441",2024-03-02,12,40,16798.7,604,0,0,32.8714046822742,0,0,19657.1,613,0,0,0,0
"442",2024-03-02,12,45,17234.1,603,0,0,32.8714046822742,0,0,19657.1,613,0,0,0,0
"443",2024-03-02,12,50,17698.1,607,0,0,32.8714046822742,0,0,19657.1,613,0,0,0,0
"444",2024-03-02,12,55,17807.1,613,0,0,32.8714046822742,0,0,19657.1,613,0,0,0,0
"445",2024-03-02,13,35,19641.1,644,0,0,30.7949074074074,0,0,19955.1,650,0,0,0,0
"446",2024-03-02,13,40,19955.1,648,0,0,30.7949074074074,0,0,19955.1,650,0,0,0,0
"447",2024-03-02,13,45,19769.1,650,0,0,30.7949074074074,0,0,19955.1,650,0,0,0,0
"448",2024-03-02,13,50,19407.1,645,0,0,30.7949074074074,0,0,19955.1,650,0,0,0,0
"449",2024-03-02,13,55,18765.1,647,0,0,30.7949074074074,0,0,19955.1,650,0,0,0,0
"450",2024-03-02,13,0,18461.1,616,0,0,30.7949074074074,0,0,19955.1,650,0,0,0,0
"451",2024-03-02,13,5,17848.1,615,0,0,30.7949074074074,0,0,19955.1,650,0,0,0,0
"452",2024-03-02,13,10,17404.1,617,0,0,30.7949074074074,0,0,19955.1,650,0,0,0,0
"453",2024-03-02,13,15,18098.1,620,0,0,30.7949074074074,0,0,19955.1,650,0,0,0,0
"454",2024-03-02,13,20,17715.1,617,0,0,30.7949074074074,0,0,19955.1,650,0,0,0,0
"455",2024-03-02,13,25,18632.1,618,0,0,30.7949074074074,0,0,19955.1,650,0,0,0,0
"456",2024-03-02,13,30,18187.1,618,0,0,30.7949074074074,0,0,19955.1,650,0,0,0,0
"457",2024-03-02,14,45,18558.7,654,0,0,30.0890743550835,0,0,19828.7,659,0,0,0,0
"458",2024-03-02,14,50,18488.7,649,0,0,30.0890743550835,0,0,19828.7,659,0,0,0,0
"459",2024-03-02,14,55,18716.7,648,0,0,30.0890743550835,0,0,19828.7,659,0,0,0,0
"460",2024-03-02,14,0,18992.1,652,0,0,30.0890743550835,0,0,19828.7,659,0,0,0,0
"461",2024-03-02,14,5,18063.1,654,0,0,30.0890743550835,0,0,19828.7,659,0,0,0,0
"462",2024-03-02,14,10,18080.4,648,0,0,30.0890743550835,0,0,19828.7,659,0,0,0,0
"463",2024-03-02,14,15,18266.7,647,0,0,30.0890743550835,0,0,19828.7,659,0,0,0,0
"464",2024-03-02,14,20,19284.7,654,0,0,30.0890743550835,0,0,19828.7,659,0,0,0,0
"465",2024-03-02,14,25,19295.7,654,0,0,30.0890743550835,0,0,19828.7,659,0,0,0,0
"466",2024-03-02,14,30,19828.7,659,0,0,30.0890743550835,0,0,19828.7,659,0,0,0,0
"467",2024-03-02,14,35,18840.7,647,0,0,30.0890743550835,0,0,19828.7,659,0,0,0,0
"468",2024-03-02,14,40,18689.7,651,0,0,30.0890743550835,0,0,19828.7,659,0,0,0,0
"469",2024-03-02,15,5,20927.7,660,0,0,31.7086363636364,0,0,20927.7,663,0,0,0,0
"470",2024-03-02,15,10,19727.7,656,0,0,31.7086363636364,0,0,20927.7,663,0,0,0,0
"471",2024-03-02,15,25,20809.8,663,0,0,31.7086363636364,0,0,20927.7,663,0,0,0,0
"472",2024-03-02,15,30,20415.8,660,0,0,31.7086363636364,0,0,20927.7,663,0,0,0,0
"473",2024-03-02,15,35,18774.8,642,0,0,31.7086363636364,0,0,20927.7,663,0,0,0,0
"474",2024-03-02,15,40,19049.8,635,0,0,31.7086363636364,0,0,20927.7,663,0,0,0,0
"475",2024-03-02,15,45,18259.8,630,0,0,31.7086363636364,0,0,20927.7,663,0,0,0,0
"476",2024-03-02,15,50,18757.8,628,0,0,31.7086363636364,0,0,20927.7,663,0,0,0,0
"477",2024-03-02,15,55,18019.5,629,0,0,31.7086363636364,0,0,20927.7,663,0,0,0,0
"478",2024-03-02,15,0,18551.7,646,0,0,31.7086363636364,0,0,20927.7,663,0,0,0,0
"479",2024-03-02,15,15,20375.4,659,0,0,31.7086363636364,0,0,20927.7,663,0,0,0,0
"480",2024-03-02,15,20,19617.4,654,0,0,31.7086363636364,0,0,20927.7,663,0,0,0,0
"481",2024-03-02,16,0,17883.5,631,0,0,30.4355590062112,0,0,19600.5,646,0,0,0,0
"482",2024-03-02,16,5,17067.5,632,0,0,30.4355590062112,0,0,19600.5,646,0,0,0,0
"483",2024-03-02,16,10,17276.5,632,0,0,30.4355590062112,0,0,19600.5,646,0,0,0,0
"484",2024-03-02,16,15,18083.5,635,0,0,30.4355590062112,0,0,19600.5,646,0,0,0,0
"485",2024-03-02,16,20,19514.5,646,0,0,30.4355590062112,0,0,19600.5,646,0,0,0,0
"486",2024-03-02,16,25,19600.5,644,0,0,30.4355590062112,0,0,19600.5,646,0,0,0,0
"487",2024-03-02,16,30,19314.5,645,0,0,30.4355590062112,0,0,19600.5,646,0,0,0,0
"488",2024-03-02,16,35,18369.5,640,0,0,30.4355590062112,0,0,19600.5,646,0,0,0,0
"489",2024-03-02,16,40,18882.5,646,0,0,30.4355590062112,0,0,19600.5,646,0,0,0,0
"490",2024-03-02,16,45,19388.5,646,0,0,30.4355590062112,0,0,19600.5,646,0,0,0,0
"491",2024-03-02,16,50,18600.5,639,0,0,30.4355590062112,0,0,19600.5,646,0,0,0,0
"492",2024-03-02,16,55,18802.1,629,0,0,30.4355590062112,0,0,19600.5,646,0,0,0,0
"493",2024-03-02,17,5,18155.8,620,0,0,29.5990461049285,0,0,18617.8,629,0,0,0,0
"494",2024-03-02,17,10,18011.8,615,0,0,29.5990461049285,0,0,18617.8,629,0,0,0,0
"495",2024-03-02,17,15,17051.8,606,0,0,29.5990461049285,0,0,18617.8,629,0,0,0,0
"496",2024-03-02,17,20,17773.8,608,0,0,29.5990461049285,0,0,18617.8,629,0,0,0,0
"497",2024-03-02,17,25,17212.8,605,0,0,29.5990461049285,0,0,18617.8,629,0,0,0,0
"498",2024-03-02,17,30,17207.8,602,0,0,29.5990461049285,0,0,18617.8,629,0,0,0,0
"499",2024-03-02,17,35,16237.5,585,0,0,29.5990461049285,0,0,18617.8,629,0,0,0,0
"500",2024-03-02,17,40,16008.5,587,0,0,29.5990461049285,0,0,18617.8,629,0,0,0,0
"501",2024-03-02,17,45,16496.5,595,0,0,29.5990461049285,0,0,18617.8,629,0,0,0,0
"502",2024-03-02,17,50,16381.5,596,0,0,29.5990461049285,0,0,18617.8,629,0,0,0,0
"503",2024-03-02,17,55,16436.5,601,0,0,29.5990461049285,0,0,18617.8,629,0,0,0,0
"504",2024-03-02,17,0,18617.8,629,0,0,29.5990461049285,0,0,18617.8,629,0,0,0,0
"505",2024-03-02,18,0,16620.5,598,0,0,33.6699059561128,0,0,17093.5,598,0,0,0,0
"506",2024-03-02,18,5,10740.7,319,0,0,33.6699059561128,0,0,17093.5,598,0,0,0,0
"507",2024-03-02,18,10,17093.5,578,0,0,33.6699059561128,0,0,17093.5,598,0,0,0,0
"508",2024-03-02,18,15,16801.5,577,0,0,33.6699059561128,0,0,17093.5,598,0,0,0,0
"509",2024-03-02,18,20,17015.5,579,0,0,33.6699059561128,0,0,17093.5,598,0,0,0,0
"510",2024-03-02,18,25,16601.5,577,0,0,33.6699059561128,0,0,17093.5,598,0,0,0,0
"511",2024-03-02,18,30,16068.5,571,0,0,33.6699059561128,0,0,17093.5,598,0,0,0,0
"512",2024-03-02,18,35,15442.5,543,0,0,33.6699059561128,0,0,17093.5,598,0,0,0,0
"513",2024-03-02,18,40,15735.5,542,0,0,33.6699059561128,0,0,17093.5,598,0,0,0,0
"514",2024-03-02,18,45,14460.5,534,0,0,33.6699059561128,0,0,17093.5,598,0,0,0,0
"515",2024-03-02,18,50,14286.8,537,0,0,33.6699059561128,0,0,17093.5,598,0,0,0,0
"516",2024-03-02,18,55,14054.5,535,0,0,33.6699059561128,0,0,17093.5,598,0,0,0,0
"517",2024-03-02,19,0,14335.5,535,0,0,28.0246800731261,0,0,15329.5,547,0,0,0,0
"518",2024-03-02,19,5,14885.5,545,0,0,28.0246800731261,0,0,15329.5,547,0,0,0,0
"519",2024-03-02,19,10,14630.5,542,0,0,28.0246800731261,0,0,15329.5,547,0,0,0,0
"520",2024-03-02,19,15,15235.5,547,0,0,28.0246800731261,0,0,15329.5,547,0,0,0,0
"521",2024-03-02,19,20,15329.5,547,0,0,28.0246800731261,0,0,15329.5,547,0,0,0,0
"522",2024-03-02,19,25,14685.5,542,0,0,28.0246800731261,0,0,15329.5,547,0,0,0,0
"523",2024-03-02,19,30,14280.5,536,0,0,28.0246800731261,0,0,15329.5,547,0,0,0,0
"524",2024-03-02,19,35,12931.5,524,0,0,28.0246800731261,0,0,15329.5,547,0,0,0,0
"525",2024-03-02,19,40,13847.5,527,0,0,28.0246800731261,0,0,15329.5,547,0,0,0,0
"526",2024-03-02,19,45,13924.5,526,0,0,28.0246800731261,0,0,15329.5,547,0,0,0,0
"527",2024-03-02,19,50,13634.5,523,0,0,28.0246800731261,0,0,15329.5,547,0,0,0,0
"528",2024-03-02,19,55,13934.5,524,0,0,28.0246800731261,0,0,15329.5,547,0,0,0,0
"529",2024-03-02,20,0,13074.5,523,0,0,26.4086538461538,0,0,13732.5,523,0,0,0,0
"530",2024-03-02,20,5,12832.5,513,0,0,26.4086538461538,0,0,13732.5,523,0,0,0,0
"531",2024-03-02,20,10,12924.5,513,0,0,26.4086538461538,0,0,13732.5,523,0,0,0,0
"532",2024-03-02,20,15,13568.5,517,0,0,26.4086538461538,0,0,13732.5,523,0,0,0,0
"533",2024-03-02,20,20,13732.5,520,0,0,26.4086538461538,0,0,13732.5,523,0,0,0,0
"534",2024-03-02,20,25,13584.5,519,0,0,26.4086538461538,0,0,13732.5,523,0,0,0,0
"535",2024-03-02,20,30,13372.5,522,0,0,26.4086538461538,0,0,13732.5,523,0,0,0,0
"536",2024-03-02,20,35,12228.5,516,0,0,26.4086538461538,0,0,13732.5,523,0,0,0,0
"537",2024-03-02,20,40,12548.5,518,0,0,26.4086538461538,0,0,13732.5,523,0,0,0,0
"538",2024-03-02,20,45,11912.5,512,0,0,26.4086538461538,0,0,13732.5,523,0,0,0,0
"539",2024-03-02,20,50,11842.8,509,0,0,26.4086538461538,0,0,13732.5,523,0,0,0,0
"540",2024-03-02,20,55,11905.8,506,0,0,26.4086538461538,0,0,13732.5,523,0,0,0,0
"541",2024-03-02,21,0,12112.8,506,0,0,26.1263581488934,0,0,12984.8,506,0,0,0,0
"542",2024-03-02,21,5,12348.8,505,0,0,26.1263581488934,0,0,12984.8,506,0,0,0,0
"543",2024-03-02,21,10,12539.8,506,0,0,26.1263581488934,0,0,12984.8,506,0,0,0,0
"544",2024-03-02,21,15,12496.8,504,0,0,26.1263581488934,0,0,12984.8,506,0,0,0,0
"545",2024-03-02,21,20,12546.8,501,0,0,26.1263581488934,0,0,12984.8,506,0,0,0,0
"546",2024-03-02,21,25,12240.8,499,0,0,26.1263581488934,0,0,12984.8,506,0,0,0,0
"547",2024-03-02,21,30,12638.8,500,0,0,26.1263581488934,0,0,12984.8,506,0,0,0,0
"548",2024-03-02,21,35,12488.8,495,0,0,26.1263581488934,0,0,12984.8,506,0,0,0,0
"549",2024-03-02,21,40,12485.1,494,0,0,26.1263581488934,0,0,12984.8,506,0,0,0,0
"550",2024-03-02,21,45,12344.1,491,0,0,26.1263581488934,0,0,12984.8,506,0,0,0,0
"551",2024-03-02,21,50,12407.8,491,0,0,26.1263581488934,0,0,12984.8,506,0,0,0,0
"552",2024-03-02,21,55,12984.8,497,0,0,26.1263581488934,0,0,12984.8,506,0,0,0,0
"553",2024-03-02,22,0,12942.8,496,0,0,26.0943548387097,0,0,12942.8,496,0,0,0,0
"554",2024-03-02,22,5,11941.8,489,0,0,26.0943548387097,0,0,12942.8,496,0,0,0,0
"555",2024-03-02,22,10,11501.8,486,0,0,26.0943548387097,0,0,12942.8,496,0,0,0,0
"556",2024-03-02,22,15,11325.8,478,0,0,26.0943548387097,0,0,12942.8,496,0,0,0,0
"557",2024-03-02,22,20,11334.8,481,0,0,26.0943548387097,0,0,12942.8,496,0,0,0,0
"558",2024-03-02,22,25,11489.8,485,0,0,26.0943548387097,0,0,12942.8,496,0,0,0,0
"559",2024-03-02,22,30,11369.8,484,0,0,26.0943548387097,0,0,12942.8,496,0,0,0,0
"560",2024-03-02,22,35,11188.8,473,0,0,26.0943548387097,0,0,12942.8,496,0,0,0,0
"561",2024-03-02,22,40,10844.8,470,0,0,26.0943548387097,0,0,12942.8,496,0,0,0,0
"562",2024-03-02,22,45,10806.8,467,0,0,26.0943548387097,0,0,12942.8,496,0,0,0,0
"563",2024-03-02,22,50,11062.8,466,0,0,26.0943548387097,0,0,12942.8,496,0,0,0,0
"564",2024-03-02,22,55,11282.8,468,0,0,26.0943548387097,0,0,12942.8,496,0,0,0,0
"565",2024-03-02,23,0,11254.8,468,0,0,24.048717948718,0,0,11254.8,468,0,0,0,0
"566",2024-03-02,23,5,10263.8,465,0,0,24.048717948718,0,0,11254.8,468,0,0,0,0
"567",2024-03-02,23,10,10088.8,461,0,0,24.048717948718,0,0,11254.8,468,0,0,0,0
"568",2024-03-02,23,15,10072.8,459,0,0,24.048717948718,0,0,11254.8,468,0,0,0,0
"569",2024-03-02,23,20,9878.8,456,0,0,24.048717948718,0,0,11254.8,468,0,0,0,0
"570",2024-03-02,23,25,9823.8,453,0,0,24.048717948718,0,0,11254.8,468,0,0,0,0
"571",2024-03-02,23,30,9867.8,455,0,0,24.048717948718,0,0,11254.8,468,0,0,0,0
"572",2024-03-02,23,35,9803.8,442,0,0,24.048717948718,0,0,11254.8,468,0,0,0,0
"573",2024-03-02,23,40,9753.8,441,0,0,24.048717948718,0,0,11254.8,468,0,0,0,0
"574",2024-03-02,23,45,10031.8,441,0,0,24.048717948718,0,0,11254.8,468,0,0,0,0
"575",2024-03-02,23,50,9987.8,439,0,0,24.048717948718,0,0,11254.8,468,0,0,0,0
"576",2024-03-02,23,55,9910.8,436,0,0,24.048717948718,0,0,11254.8,468,0,0,0,0
"577",2024-03-03,0,0,8274.1,333,0,0,25.3760606060606,0,0,8374.1,333,0,0,0,0
"578",2024-03-03,0,5,8374.1,330,0,0,25.3760606060606,0,0,8374.1,333,0,0,0,0
"579",2024-03-03,0,10,8374.1,330,0,0,25.3760606060606,0,0,8374.1,333,0,0,0,0
"580",2024-03-03,0,15,8074.1,329,0,0,25.3760606060606,0,0,8374.1,333,0,0,0,0
"581",2024-03-03,0,20,8140.1,332,0,0,25.3760606060606,0,0,8374.1,333,0,0,0,0
"582",2024-03-03,0,25,7790.1,331,0,0,25.3760606060606,0,0,8374.1,333,0,0,0,0
"583",2024-03-03,0,30,8068.1,331,0,0,25.3760606060606,0,0,8374.1,333,0,0,0,0
"584",2024-03-03,0,35,7575.1,327,0,0,25.3760606060606,0,0,8374.1,333,0,0,0,0
"585",2024-03-03,0,40,7575.1,327,0,0,25.3760606060606,0,0,8374.1,333,0,0,0,0
"586",2024-03-03,0,45,7575.1,327,0,0,25.3760606060606,0,0,8374.1,333,0,0,0,0
"587",2024-03-03,0,50,7737.1,327,0,0,25.3760606060606,0,0,8374.1,333,0,0,0,0
"588",2024-03-03,0,55,7715.1,326,0,0,25.3760606060606,0,0,8374.1,333,0,0,0,0
"589",2024-03-03,1,0,9314.8,400,0,0,24.3260204081633,0,0,9535.8,400,0,0,0,0
"590",2024-03-03,1,5,9535.8,392,0,0,24.3260204081633,0,0,9535.8,400,0,0,0,0
"591",2024-03-03,1,10,9329.8,394,0,0,24.3260204081633,0,0,9535.8,400,0,0,0,0
"592",2024-03-03,1,15,9329.8,394,0,0,24.3260204081633,0,0,9535.8,400,0,0,0,0
"593",2024-03-03,1,20,9329.8,394,0,0,24.3260204081633,0,0,9535.8,400,0,0,0,0
"594",2024-03-03,1,25,9257.8,392,0,0,24.3260204081633,0,0,9535.8,400,0,0,0,0
"595",2024-03-03,1,30,9377.8,392,0,0,24.3260204081633,0,0,9535.8,400,0,0,0,0
"596",2024-03-03,1,35,9184.8,393,0,0,24.3260204081633,0,0,9535.8,400,0,0,0,0
"597",2024-03-03,1,40,8884.8,392,0,0,24.3260204081633,0,0,9535.8,400,0,0,0,0
"598",2024-03-03,1,45,9184.8,393,0,0,24.3260204081633,0,0,9535.8,400,0,0,0,0
"599",2024-03-03,1,50,9162.8,392,0,0,24.3260204081633,0,0,9535.8,400,0,0,0,0
"600",2024-03-03,1,55,9151.8,392,0,0,24.3260204081633,0,0,9535.8,400,0,0,0,0
"601",2024-03-03,2,0,9151.8,392,0,0,23.4479381443299,0,0,9151.8,392,0,0,0,0
"602",2024-03-03,2,5,8664.8,389,0,0,23.4479381443299,0,0,9151.8,392,0,0,0,0
"603",2024-03-03,2,10,8664.8,389,0,0,23.4479381443299,0,0,9151.8,392,0,0,0,0
"604",2024-03-03,2,15,8642.8,388,0,0,23.4479381443299,0,0,9151.8,392,0,0,0,0
"605",2024-03-03,2,20,8642.8,388,0,0,23.4479381443299,0,0,9151.8,392,0,0,0,0
"606",2024-03-03,2,25,8664.8,389,0,0,23.4479381443299,0,0,9151.8,392,0,0,0,0
"607",2024-03-03,2,30,8664.8,389,0,0,23.4479381443299,0,0,9151.8,392,0,0,0,0
"608",2024-03-03,2,35,9097.8,388,0,0,23.4479381443299,0,0,9151.8,392,0,0,0,0
"609",2024-03-03,2,40,9097.8,388,0,0,23.4479381443299,0,0,9151.8,392,0,0,0,0
"610",2024-03-03,2,45,9097.8,388,0,0,23.4479381443299,0,0,9151.8,392,0,0,0,0
"611",2024-03-03,2,50,9097.8,388,0,0,23.4479381443299,0,0,9151.8,392,0,0,0,0
"612",2024-03-03,2,55,8797.8,387,0,0,23.4479381443299,0,0,9151.8,392,0,0,0,0
"613",2024-03-03,3,0,8775.8,386,0,0,23.3560723514212,0,0,9082.8,389,0,0,0,0
"614",2024-03-03,3,5,8722.8,387,0,0,23.3560723514212,0,0,9082.8,389,0,0,0,0
"615",2024-03-03,3,10,8782.8,388,0,0,23.3560723514212,0,0,9082.8,389,0,0,0,0
"616",2024-03-03,3,15,9082.8,389,0,0,23.3560723514212,0,0,9082.8,389,0,0,0,0
"617",2024-03-03,3,20,9060.8,388,0,0,23.3560723514212,0,0,9082.8,389,0,0,0,0
"618",2024-03-03,3,25,9038.8,387,0,0,23.3560723514212,0,0,9082.8,389,0,0,0,0
"619",2024-03-03,3,30,9038.8,387,0,0,23.3560723514212,0,0,9082.8,389,0,0,0,0
"620",2024-03-03,3,35,8805.8,383,0,0,23.3560723514212,0,0,9082.8,389,0,0,0,0
"621",2024-03-03,3,40,8445.8,381,0,0,23.3560723514212,0,0,9082.8,389,0,0,0,0
"622",2024-03-03,3,45,8445.8,381,0,0,23.3560723514212,0,0,9082.8,389,0,0,0,0
"623",2024-03-03,3,50,8505.8,382,0,0,23.3560723514212,0,0,9082.8,389,0,0,0,0
"624",2024-03-03,3,55,8505.8,382,0,0,23.3560723514212,0,0,9082.8,389,0,0,0,0
"625",2024-03-03,4,0,8505.8,382,0,0,22.9968503937008,0,0,8761.8,382,0,0,0,0
"626",2024-03-03,4,5,8483.8,381,0,0,22.9968503937008,0,0,8761.8,382,0,0,0,0
"627",2024-03-03,4,10,8483.8,381,0,0,22.9968503937008,0,0,8761.8,382,0,0,0,0
"628",2024-03-03,4,15,8761.8,381,0,0,22.9968503937008,0,0,8761.8,382,0,0,0,0
"629",2024-03-03,4,20,8701.8,380,0,0,22.9968503937008,0,0,8761.8,382,0,0,0,0
"630",2024-03-03,4,25,8701.8,380,0,0,22.9968503937008,0,0,8761.8,382,0,0,0,0
"631",2024-03-03,4,30,8701.8,380,0,0,22.9968503937008,0,0,8761.8,382,0,0,0,0
"632",2024-03-03,4,35,8551.8,380,0,0,22.9968503937008,0,0,8761.8,382,0,0,0,0
"633",2024-03-03,4,40,8573.8,381,0,0,22.9968503937008,0,0,8761.8,382,0,0,0,0
"634",2024-03-03,4,45,8573.8,381,0,0,22.9968503937008,0,0,8761.8,382,0,0,0,0
"635",2024-03-03,4,50,8573.8,381,0,0,22.9968503937008,0,0,8761.8,382,0,0,0,0
"636",2024-03-03,4,55,8573.8,381,0,0,22.9968503937008,0,0,8761.8,382,0,0,0,0
"637",2024-03-03,5,0,8573.8,381,0,0,24.4608,0,0,9172.8,382,0,0,0,0
"638",2024-03-03,5,5,8551.8,380,0,0,24.4608,0,0,9172.8,382,0,0,0,0
"639",2024-03-03,5,10,8551.8,380,0,0,24.4608,0,0,9172.8,382,0,0,0,0
"640",2024-03-03,5,15,8551.8,380,0,0,24.4608,0,0,9172.8,382,0,0,0,0
"641",2024-03-03,5,20,9151.8,382,0,0,24.4608,0,0,9172.8,382,0,0,0,0
"642",2024-03-03,5,25,9151.8,382,0,0,24.4608,0,0,9172.8,382,0,0,0,0
"643",2024-03-03,5,30,9151.8,382,0,0,24.4608,0,0,9172.8,382,0,0,0,0
"644",2024-03-03,5,35,9172.8,375,0,0,24.4608,0,0,9172.8,382,0,0,0,0
"645",2024-03-03,5,40,9172.8,375,0,0,24.4608,0,0,9172.8,382,0,0,0,0
"646",2024-03-03,5,45,9172.8,375,0,0,24.4608,0,0,9172.8,382,0,0,0,0
"647",2024-03-03,5,50,9172.8,375,0,0,24.4608,0,0,9172.8,382,0,0,0,0
"648",2024-03-03,5,55,9172.8,375,0,0,24.4608,0,0,9172.8,382,0,0,0,0
"649",2024-03-03,6,0,9172.8,375,0,0,24.4807486631016,0,0,9172.8,375,0,0,0,0
"650",2024-03-03,6,5,9155.8,374,0,0,24.4807486631016,0,0,9172.8,375,0,0,0,0
"651",2024-03-03,6,10,8675.8,372,0,0,24.4807486631016,0,0,9172.8,375,0,0,0,0
"652",2024-03-03,6,15,8675.8,372,0,0,24.4807486631016,0,0,9172.8,375,0,0,0,0
"653",2024-03-03,6,20,8675.8,372,0,0,24.4807486631016,0,0,9172.8,375,0,0,0,0
"654",2024-03-03,6,25,8675.8,372,0,0,24.4807486631016,0,0,9172.8,375,0,0,0,0
"655",2024-03-03,6,30,8675.8,372,0,0,24.4807486631016,0,0,9172.8,375,0,0,0,0
"656",2024-03-03,6,35,8669.8,373,0,0,24.4807486631016,0,0,9172.8,375,0,0,0,0
"657",2024-03-03,6,40,8647.8,372,0,0,24.4807486631016,0,0,9172.8,375,0,0,0,0
"658",2024-03-03,6,45,8647.8,372,0,0,24.4807486631016,0,0,9172.8,375,0,0,0,0
"659",2024-03-03,6,50,8647.8,372,0,0,24.4807486631016,0,0,9172.8,375,0,0,0,0
"660",2024-03-03,6,55,8647.8,372,0,0,24.4807486631016,0,0,9172.8,375,0,0,0,0
"661",2024-03-03,7,0,8647.8,372,0,0,23.560433604336,0,0,8693.8,372,0,0,0,0
"662",2024-03-03,7,5,8281.8,368,0,0,23.560433604336,0,0,8693.8,372,0,0,0,0
"663",2024-03-03,7,10,8281.8,368,0,0,23.560433604336,0,0,8693.8,372,0,0,0,0
"664",2024-03-03,7,15,8371.8,369,0,0,23.560433604336,0,0,8693.8,372,0,0,0,0
"665",2024-03-03,7,20,8349.8,368,0,0,23.560433604336,0,0,8693.8,372,0,0,0,0
"666",2024-03-03,7,25,8409.8,369,0,0,23.560433604336,0,0,8693.8,372,0,0,0,0
"667",2024-03-03,7,30,8431.8,369,0,0,23.560433604336,0,0,8693.8,372,0,0,0,0
"668",2024-03-03,7,35,8420.8,368,0,0,23.560433604336,0,0,8693.8,372,0,0,0,0
"669",2024-03-03,7,40,8693.8,369,0,0,23.560433604336,0,0,8693.8,372,0,0,0,0
"670",2024-03-03,7,45,8404.8,369,0,0,23.560433604336,0,0,8693.8,372,0,0,0,0
"671",2024-03-03,7,50,8404.8,369,0,0,23.560433604336,0,0,8693.8,372,0,0,0,0
"672",2024-03-03,7,55,8393.8,368,0,0,23.560433604336,0,0,8693.8,372,0,0,0,0
"673",2024-03-03,8,0,8521.8,368,0,0,25.0424731182796,0,0,9315.8,372,0,0,0,0
"674",2024-03-03,8,5,8755.8,366,0,0,25.0424731182796,0,0,9315.8,372,0,0,0,0
"675",2024-03-03,8,10,8722.8,364,0,0,25.0424731182796,0,0,9315.8,372,0,0,0,0
"676",2024-03-03,8,15,8689.8,362,0,0,25.0424731182796,0,0,9315.8,372,0,0,0,0
"677",2024-03-03,8,20,8678.8,361,0,0,25.0424731182796,0,0,9315.8,372,0,0,0,0
"678",2024-03-03,8,25,8610.8,361,0,0,25.0424731182796,0,0,9315.8,372,0,0,0,0
"679",2024-03-03,8,30,8682.8,363,0,0,25.0424731182796,0,0,9315.8,372,0,0,0,0
"680",2024-03-03,8,35,8987.8,368,0,0,25.0424731182796,0,0,9315.8,372,0,0,0,0
"681",2024-03-03,8,40,9009.8,369,0,0,25.0424731182796,0,0,9315.8,372,0,0,0,0
"682",2024-03-03,8,45,9015.8,371,0,0,25.0424731182796,0,0,9315.8,372,0,0,0,0
"683",2024-03-03,8,50,9315.8,372,0,0,25.0424731182796,0,0,9315.8,372,0,0,0,0
"684",2024-03-03,8,55,9315.8,372,0,0,25.0424731182796,0,0,9315.8,372,0,0,0,0
"685",2024-03-03,9,0,9781.8,378,0,0,26.5788413098237,0,0,10551.8,402,0,0,0,0
"686",2024-03-03,9,5,10125.8,383,0,0,26.5788413098237,0,0,10551.8,402,0,0,0,0
"687",2024-03-03,9,10,10169.8,386,0,0,26.5788413098237,0,0,10551.8,402,0,0,0,0
"688",2024-03-03,9,15,10285.8,390,0,0,26.5788413098237,0,0,10551.8,402,0,0,0,0
"689",2024-03-03,9,20,9499.8,384,0,0,26.5788413098237,0,0,10551.8,402,0,0,0,0
"690",2024-03-03,9,25,9865.8,389,0,0,26.5788413098237,0,0,10551.8,402,0,0,0,0
"691",2024-03-03,9,30,9893.8,389,0,0,26.5788413098237,0,0,10551.8,402,0,0,0,0
"692",2024-03-03,9,35,10143.8,396,0,0,26.5788413098237,0,0,10551.8,402,0,0,0,0
"693",2024-03-03,9,40,10137.8,397,0,0,26.5788413098237,0,0,10551.8,402,0,0,0,0
"694",2024-03-03,9,45,10539.8,402,0,0,26.5788413098237,0,0,10551.8,402,0,0,0,0
"695",2024-03-03,9,50,10551.8,397,0,0,26.5788413098237,0,0,10551.8,402,0,0,0,0
"696",2024-03-03,9,55,10293.8,391,0,0,26.5788413098237,0,0,10551.8,402,0,0,0,0
"697",2024-03-03,10,0,10261.8,394,0,0,28.2862470862471,0,0,12134.8,429,0,0,0,0
"698",2024-03-03,10,5,10235.8,404,0,0,28.2862470862471,0,0,12134.8,429,0,0,0,0
"699",2024-03-03,10,10,10027.8,403,0,0,28.2862470862471,0,0,12134.8,429,0,0,0,0
"700",2024-03-03,10,15,10154.8,405,0,0,28.2862470862471,0,0,12134.8,429,0,0,0,0
"701",2024-03-03,10,20,10377.8,403,0,0,28.2862470862471,0,0,12134.8,429,0,0,0,0
"702",2024-03-03,10,25,10519.8,405,0,0,28.2862470862471,0,0,12134.8,429,0,0,0,0
"703",2024-03-03,10,30,10891.8,413,0,0,28.2862470862471,0,0,12134.8,429,0,0,0,0
"704",2024-03-03,10,35,11084.1,422,0,0,28.2862470862471,0,0,12134.8,429,0,0,0,0
"705",2024-03-03,10,40,11160.8,421,0,0,28.2862470862471,0,0,12134.8,429,0,0,0,0
"706",2024-03-03,10,45,11106.8,422,0,0,28.2862470862471,0,0,12134.8,429,0,0,0,0
"707",2024-03-03,10,50,11801.8,425,0,0,28.2862470862471,0,0,12134.8,429,0,0,0,0
"708",2024-03-03,10,55,12134.8,429,0,0,28.2862470862471,0,0,12134.8,429,0,0,0,0
"709",2024-03-03,11,0,11788.8,430,0,0,30.6140350877193,0,0,13960,463,0,0,0,0
"710",2024-03-03,11,5,12517.8,445,0,0,30.6140350877193,0,0,13960,463,0,0,0,0
"711",2024-03-03,11,10,13473,451,0,0,30.6140350877193,0,0,13960,463,0,0,0,0
"712",2024-03-03,11,15,13196,452,0,0,30.6140350877193,0,0,13960,463,0,0,0,0
"713",2024-03-03,11,20,13251,454,0,0,30.6140350877193,0,0,13960,463,0,0,0,0
"714",2024-03-03,11,25,13960,456,0,0,30.6140350877193,0,0,13960,463,0,0,0,0
"715",2024-03-03,11,30,13799,455,0,0,30.6140350877193,0,0,13960,463,0,0,0,0
"716",2024-03-03,11,35,13856.3,463,0,0,30.6140350877193,0,0,13960,463,0,0,0,0
"717",2024-03-03,11,40,13188.3,455,0,0,30.6140350877193,0,0,13960,463,0,0,0,0
"718",2024-03-03,11,45,12873.3,452,0,0,30.6140350877193,0,0,13960,463,0,0,0,0
"719",2024-03-03,11,50,12632.3,445,0,0,30.6140350877193,0,0,13960,463,0,0,0,0
"720",2024-03-03,11,55,12900.3,450,0,0,30.6140350877193,0,0,13960,463,0,0,0,0
"721",2024-03-03,12,0,12815.3,451,0,0,32.6024096385542,0,0,16236,498,0,0,0,0
"722",2024-03-03,12,5,12742.3,456,0,0,32.6024096385542,0,0,16236,498,0,0,0,0
"723",2024-03-03,12,10,12880.3,461,0,0,32.6024096385542,0,0,16236,498,0,0,0,0
"724",2024-03-03,12,15,13714.3,466,0,0,32.6024096385542,0,0,16236,498,0,0,0,0
"725",2024-03-03,12,20,12967.3,465,0,0,32.6024096385542,0,0,16236,498,0,0,0,0
"726",2024-03-03,12,25,12874.3,462,0,0,32.6024096385542,0,0,16236,498,0,0,0,0
"727",2024-03-03,12,30,13549.3,468,0,0,32.6024096385542,0,0,16236,498,0,0,0,0
"728",2024-03-03,12,35,14507.3,479,0,0,32.6024096385542,0,0,16236,498,0,0,0,0
"729",2024-03-03,12,40,14445.3,483,0,0,32.6024096385542,0,0,16236,498,0,0,0,0
"730",2024-03-03,12,45,15121,488,0,0,32.6024096385542,0,0,16236,498,0,0,0,0
"731",2024-03-03,12,50,15906,492,0,0,32.6024096385542,0,0,16236,498,0,0,0,0
"732",2024-03-03,12,55,16236,498,0,0,32.6024096385542,0,0,16236,498,0,0,0,0
"733",2024-03-03,13,0,16567,500,0,0,33.7270955165692,0,0,17302,513,0,0,0,0
"734",2024-03-03,13,5,15658,501,0,0,33.7270955165692,0,0,17302,513,0,0,0,0
"735",2024-03-03,13,10,16066,506,0,0,33.7270955165692,0,0,17302,513,0,0,0,0
"736",2024-03-03,13,15,16197,509,0,0,33.7270955165692,0,0,17302,513,0,0,0,0
"737",2024-03-03,13,20,16415,509,0,0,33.7270955165692,0,0,17302,513,0,0,0,0
"738",2024-03-03,13,25,15442,498,0,0,33.7270955165692,0,0,17302,513,0,0,0,0
"739",2024-03-03,13,30,15044,497,0,0,33.7270955165692,0,0,17302,513,0,0,0,0
"740",2024-03-03,13,35,16372,511,0,0,33.7270955165692,0,0,17302,513,0,0,0,0
"741",2024-03-03,13,40,16770,511,0,0,33.7270955165692,0,0,17302,513,0,0,0,0
"742",2024-03-03,13,45,17302,513,0,0,33.7270955165692,0,0,17302,513,0,0,0,0
"743",2024-03-03,13,50,16589,513,0,0,33.7270955165692,0,0,17302,513,0,0,0,0
"744",2024-03-03,13,55,16887,509,0,0,33.7270955165692,0,0,17302,513,0,0,0,0
"745",2024-03-03,14,55,17362,522,0,0,33.766081871345,0,0,17512,525,0,0,0,0
"746",2024-03-03,14,0,17322,513,0,0,33.766081871345,0,0,17512,525,0,0,0,0
"747",2024-03-03,14,5,17170,524,0,0,33.766081871345,0,0,17512,525,0,0,0,0
"748",2024-03-03,14,10,16948,522,0,0,33.766081871345,0,0,17512,525,0,0,0,0
"749",2024-03-03,14,15,16517,520,0,0,33.766081871345,0,0,17512,525,0,0,0,0
"750",2024-03-03,14,20,17019,520,0,0,33.766081871345,0,0,17512,525,0,0,0,0
"751",2024-03-03,14,25,16445,517,0,0,33.766081871345,0,0,17512,525,0,0,0,0
"752",2024-03-03,14,30,15991,514,0,0,33.766081871345,0,0,17512,525,0,0,0,0
"753",2024-03-03,14,35,16546,520,0,0,33.766081871345,0,0,17512,525,0,0,0,0
"754",2024-03-03,14,40,17512,525,0,0,33.766081871345,0,0,17512,525,0,0,0,0
"755",2024-03-03,14,45,17135,521,0,0,33.766081871345,0,0,17512,525,0,0,0,0
"756",2024-03-03,14,50,16865,520,0,0,33.766081871345,0,0,17512,525,0,0,0,0
"757",2024-03-03,15,0,17213,522,0,0,32.9750957854406,0,0,17213,522,0,0,0,0
"758",2024-03-03,15,5,16026,502,0,0,32.9750957854406,0,0,17213,522,0,0,0,0
"759",2024-03-03,15,10,16056,502,0,0,32.9750957854406,0,0,17213,522,0,0,0,0
"760",2024-03-03,15,15,15651,497,0,0,32.9750957854406,0,0,17213,522,0,0,0,0
"761",2024-03-03,15,20,15329,495,0,0,32.9750957854406,0,0,17213,522,0,0,0,0
"762",2024-03-03,15,25,15273,500,0,0,32.9750957854406,0,0,17213,522,0,0,0,0
"763",2024-03-03,15,30,14128,498,0,0,32.9750957854406,0,0,17213,522,0,0,0,0
"764",2024-03-03,15,35,14688,502,0,0,32.9750957854406,0,0,17213,522,0,0,0,0
"765",2024-03-03,15,40,14613,505,0,0,32.9750957854406,0,0,17213,522,0,0,0,0
"766",2024-03-03,15,45,14548,506,0,0,32.9750957854406,0,0,17213,522,0,0,0,0
"767",2024-03-03,15,50,13869,504,0,0,32.9750957854406,0,0,17213,522,0,0,0,0
"768",2024-03-03,15,55,14028,505,0,0,32.9750957854406,0,0,17213,522,0,0,0,0
"769",2024-03-03,16,0,14405,509,0,0,30.6552419354839,0,0,15334,509,0,0,0,0
"770",2024-03-03,16,5,14588,502,0,0,30.6552419354839,0,0,15334,509,0,0,0,0
"771",2024-03-03,16,10,14178,496,0,0,30.6552419354839,0,0,15334,509,0,0,0,0
"772",2024-03-03,16,15,13948,489,0,0,30.6552419354839,0,0,15334,509,0,0,0,0
"773",2024-03-03,16,20,15076,495,0,0,30.6552419354839,0,0,15334,509,0,0,0,0
"774",2024-03-03,16,25,14592,497,0,0,30.6552419354839,0,0,15334,509,0,0,0,0
"775",2024-03-03,16,30,15334,501,0,0,30.6552419354839,0,0,15334,509,0,0,0,0
"776",2024-03-03,16,35,14671,499,0,0,30.6552419354839,0,0,15334,509,0,0,0,0
"777",2024-03-03,16,40,15091,500,0,0,30.6552419354839,0,0,15334,509,0,0,0,0
"778",2024-03-03,16,45,15205,496,0,0,30.6552419354839,0,0,15334,509,0,0,0,0
"779",2024-03-03,16,50,15129.3,494,0,0,30.6552419354839,0,0,15334,509,0,0,0,0
"780",2024-03-03,16,55,14982,493,0,0,30.6552419354839,0,0,15334,509,0,0,0,0
"781",2024-03-03,17,0,14813,493,0,0,32.0229645093946,0,0,15339,493,0,0,0,0
"782",2024-03-03,17,5,13951,485,0,0,32.0229645093946,0,0,15339,493,0,0,0,0
"783",2024-03-03,17,10,13547,481,0,0,32.0229645093946,0,0,15339,493,0,0,0,0
"784",2024-03-03,17,35,15007,480,0,0,32.0229645093946,0,0,15339,493,0,0,0,0
"785",2024-03-03,17,40,15339,479,0,0,32.0229645093946,0,0,15339,493,0,0,0,0
"786",2024-03-03,17,45,15137,478,0,0,32.0229645093946,0,0,15339,493,0,0,0,0
"787",2024-03-03,17,50,15073,481,0,0,32.0229645093946,0,0,15339,493,0,0,0,0
"788",2024-03-03,17,55,14445,479,0,0,32.0229645093946,0,0,15339,493,0,0,0,0
"789",2024-03-03,17,15,14120,483,0,0,32.0229645093946,0,0,15339,493,0,0,0,0
"790",2024-03-03,17,20,13820,480,0,0,32.0229645093946,0,0,15339,493,0,0,0,0
"791",2024-03-03,17,25,14295,484,0,0,32.0229645093946,0,0,15339,493,0,0,0,0
"792",2024-03-03,17,30,15128,488,0,0,32.0229645093946,0,0,15339,493,0,0,0,0
"793",2024-03-03,18,0,14192,472,0,0,33.9631921824104,0,0,14192,472,0,0,0,0
"794",2024-03-03,18,5,10426.7,307,0,0,33.9631921824104,0,0,14192,472,0,0,0,0
"795",2024-03-03,18,10,13159,452,0,0,33.9631921824104,0,0,14192,472,0,0,0,0
"796",2024-03-03,18,15,13157,451,0,0,33.9631921824104,0,0,14192,472,0,0,0,0
"797",2024-03-03,18,20,13085,449,0,0,33.9631921824104,0,0,14192,472,0,0,0,0
"798",2024-03-03,18,25,12805,451,0,0,33.9631921824104,0,0,14192,472,0,0,0,0
"799",2024-03-03,18,30,13539,450,0,0,33.9631921824104,0,0,14192,472,0,0,0,0
"800",2024-03-03,18,35,13059,441,0,0,33.9631921824104,0,0,14192,472,0,0,0,0
"801",2024-03-03,18,40,12583,435,0,0,33.9631921824104,0,0,14192,472,0,0,0,0
"802",2024-03-03,18,45,12572,436,0,0,33.9631921824104,0,0,14192,472,0,0,0,0
"803",2024-03-03,18,50,12774,439,0,0,33.9631921824104,0,0,14192,472,0,0,0,0
"804",2024-03-03,18,55,12452,437,0,0,33.9631921824104,0,0,14192,472,0,0,0,0
"805",2024-03-03,19,0,8223,239,0,0,34.4058577405858,0,0,12282,443,0,0,0,0
"806",2024-03-03,19,5,12009,441,0,0,34.4058577405858,0,0,12282,443,0,0,0,0
"807",2024-03-03,19,10,11420,441,0,0,34.4058577405858,0,0,12282,443,0,0,0,0
"808",2024-03-03,19,15,11451,442,0,0,34.4058577405858,0,0,12282,443,0,0,0,0
"809",2024-03-03,19,20,11498,440,0,0,34.4058577405858,0,0,12282,443,0,0,0,0
"810",2024-03-03,19,25,12076,441,0,0,34.4058577405858,0,0,12282,443,0,0,0,0
"811",2024-03-03,19,30,12282,443,0,0,34.4058577405858,0,0,12282,443,0,0,0,0
"812",2024-03-03,19,35,11863,439,0,0,34.4058577405858,0,0,12282,443,0,0,0,0
"813",2024-03-03,19,40,11893,441,0,0,34.4058577405858,0,0,12282,443,0,0,0,0
"814",2024-03-03,19,45,12043,441,0,0,34.4058577405858,0,0,12282,443,0,0,0,0
"815",2024-03-03,19,50,11971,439,0,0,34.4058577405858,0,0,12282,443,0,0,0,0
"816",2024-03-03,19,55,12250,440,0,0,34.4058577405858,0,0,12282,443,0,0,0,0
"817",2024-03-03,20,15,14136,455,0,0,31.0681318681319,0,0,14136,455,0,0,0,0
"818",2024-03-03,20,20,13680.3,450,0,0,31.0681318681319,0,0,14136,455,0,0,0,0
"819",2024-03-03,20,25,13318,447,0,0,31.0681318681319,0,0,14136,455,0,0,0,0
"820",2024-03-03,20,30,12818,439,0,0,31.0681318681319,0,0,14136,455,0,0,0,0
"821",2024-03-03,20,35,12085,413,0,0,31.0681318681319,0,0,14136,455,0,0,0,0
"822",2024-03-03,20,40,11550,408,0,0,31.0681318681319,0,0,14136,455,0,0,0,0
"823",2024-03-03,20,45,11568.3,407,0,0,31.0681318681319,0,0,14136,455,0,0,0,0
"824",2024-03-03,20,50,12196.3,409,0,0,31.0681318681319,0,0,14136,455,0,0,0,0
"825",2024-03-03,20,55,12425.3,409,0,0,31.0681318681319,0,0,14136,455,0,0,0,0
"826",2024-03-03,20,0,12208,439,0,0,31.0681318681319,0,0,14136,455,0,0,0,0
"827",2024-03-03,20,5,13610,451,0,0,31.0681318681319,0,0,14136,455,0,0,0,0
"828",2024-03-03,20,10,13431,452,0,0,31.0681318681319,0,0,14136,455,0,0,0,0
"829",2024-03-03,21,0,12369.3,412,0,0,31.0654135338346,0,0,12395.1,412,0,0,0,0
"830",2024-03-03,21,5,11450.1,400,0,0,31.0654135338346,0,0,12395.1,412,0,0,0,0
"831",2024-03-03,21,10,12395.1,399,0,0,31.0654135338346,0,0,12395.1,412,0,0,0,0
"832",2024-03-03,21,15,12084.1,397,0,0,31.0654135338346,0,0,12395.1,412,0,0,0,0
"833",2024-03-03,21,20,11656.1,390,0,0,31.0654135338346,0,0,12395.1,412,0,0,0,0
"834",2024-03-03,21,25,11524.1,392,0,0,31.0654135338346,0,0,12395.1,412,0,0,0,0
"835",2024-03-03,21,30,10760.1,387,0,0,31.0654135338346,0,0,12395.1,412,0,0,0,0
"836",2024-03-03,21,35,9909.1,380,0,0,31.0654135338346,0,0,12395.1,412,0,0,0,0
"837",2024-03-03,21,40,10040.1,381,0,0,31.0654135338346,0,0,12395.1,412,0,0,0,0
"838",2024-03-03,21,45,9998.1,378,0,0,31.0654135338346,0,0,12395.1,412,0,0,0,0
"839",2024-03-03,21,50,9616.1,376,0,0,31.0654135338346,0,0,12395.1,412,0,0,0,0
"840",2024-03-03,21,55,9507.1,376,0,0,31.0654135338346,0,0,12395.1,412,0,0,0,0
"841",2024-03-03,22,0,9779.1,377,0,0,25.9392572944297,0,0,9779.1,377,0,0,0,0
"842",2024-03-03,22,5,9038.1,369,0,0,25.9392572944297,0,0,9779.1,377,0,0,0,0
"843",2024-03-03,22,10,8945.1,367,0,0,25.9392572944297,0,0,9779.1,377,0,0,0,0
"844",2024-03-03,22,15,9524.1,368,0,0,25.9392572944297,0,0,9779.1,377,0,0,0,0
"845",2024-03-03,22,20,9152.1,365,0,0,25.9392572944297,0,0,9779.1,377,0,0,0,0
"846",2024-03-03,22,25,8197.1,359,0,0,25.9392572944297,0,0,9779.1,377,0,0,0,0
"847",2024-03-03,22,30,8142.1,356,0,0,25.9392572944297,0,0,9779.1,377,0,0,0,0
"848",2024-03-03,22,35,8065.1,349,0,0,25.9392572944297,0,0,9779.1,377,0,0,0,0
"849",2024-03-03,22,40,8288.1,347,0,0,25.9392572944297,0,0,9779.1,377,0,0,0,0
"850",2024-03-03,22,45,8778.1,349,0,0,25.9392572944297,0,0,9779.1,377,0,0,0,0
"851",2024-03-03,22,50,8861.1,351,0,0,25.9392572944297,0,0,9779.1,377,0,0,0,0
"852",2024-03-03,22,55,8861.1,351,0,0,25.9392572944297,0,0,9779.1,377,0,0,0,0
"853",2024-03-03,23,0,8861.1,351,0,0,26.9174556213018,0,0,9098.1,351,0,0,0,0
"854",2024-03-03,23,5,8384.1,340,0,0,26.9174556213018,0,0,9098.1,351,0,0,0,0
"855",2024-03-03,23,10,8608.1,343,0,0,26.9174556213018,0,0,9098.1,351,0,0,0,0
"856",2024-03-03,23,15,8608.1,343,0,0,26.9174556213018,0,0,9098.1,351,0,0,0,0
"857",2024-03-03,23,20,8946.1,344,0,0,26.9174556213018,0,0,9098.1,351,0,0,0,0
"858",2024-03-03,23,25,8946.1,344,0,0,26.9174556213018,0,0,9098.1,351,0,0,0,0
"859",2024-03-03,23,30,8768.1,344,0,0,26.9174556213018,0,0,9098.1,351,0,0,0,0
"860",2024-03-03,23,35,9098.1,338,0,0,26.9174556213018,0,0,9098.1,351,0,0,0,0
"861",2024-03-03,23,40,8798.1,337,0,0,26.9174556213018,0,0,9098.1,351,0,0,0,0
"862",2024-03-03,23,45,8820.1,338,0,0,26.9174556213018,0,0,9098.1,351,0,0,0,0
"863",2024-03-03,23,50,8296.1,334,0,0,26.9174556213018,0,0,9098.1,351,0,0,0,0
"864",2024-03-03,23,55,8296.1,334,0,0,26.9174556213018,0,0,9098.1,351,0,0,0,0
"865",2024-03-04,0,0,7469.5,329,0,0,22.776802507837,0,0,7469.5,329,0,0,0,0
"866",2024-03-04,0,5,7229.5,323,0,0,22.776802507837,0,0,7469.5,329,0,0,0,0
"867",2024-03-04,0,10,7207.5,322,0,0,22.776802507837,0,0,7469.5,329,0,0,0,0
"868",2024-03-04,0,15,7163.5,320,0,0,22.776802507837,0,0,7469.5,329,0,0,0,0
"869",2024-03-04,0,20,7185.5,321,0,0,22.776802507837,0,0,7469.5,329,0,0,0,0
"870",2024-03-04,0,25,7181.8,320,0,0,22.776802507837,0,0,7469.5,329,0,0,0,0
"871",2024-03-04,0,30,7192.8,322,0,0,22.776802507837,0,0,7469.5,329,0,0,0,0
"872",2024-03-04,0,35,7181.8,321,0,0,22.776802507837,0,0,7469.5,329,0,0,0,0
"873",2024-03-04,0,40,7159.8,320,0,0,22.776802507837,0,0,7469.5,329,0,0,0,0
"874",2024-03-04,0,45,7137.8,319,0,0,22.776802507837,0,0,7469.5,329,0,0,0,0
"875",2024-03-04,0,50,7265.8,319,0,0,22.776802507837,0,0,7469.5,329,0,0,0,0
"876",2024-03-04,0,55,7137.8,319,0,0,22.776802507837,0,0,7469.5,329,0,0,0,0
"877",2024-03-04,1,0,8015.1,327,0,0,24.8058641975309,0,0,8037.1,327,0,0,0,0
"878",2024-03-04,1,5,7931.1,326,0,0,24.8058641975309,0,0,8037.1,327,0,0,0,0
"879",2024-03-04,1,10,7920.1,325,0,0,24.8058641975309,0,0,8037.1,327,0,0,0,0
"880",2024-03-04,1,15,7920.1,325,0,0,24.8058641975309,0,0,8037.1,327,0,0,0,0
"881",2024-03-04,1,20,7920.1,325,0,0,24.8058641975309,0,0,8037.1,327,0,0,0,0
"882",2024-03-04,1,25,7920.1,325,0,0,24.8058641975309,0,0,8037.1,327,0,0,0,0
"883",2024-03-04,1,30,7898.1,324,0,0,24.8058641975309,0,0,8037.1,327,0,0,0,0
"884",2024-03-04,1,35,7887.1,323,0,0,24.8058641975309,0,0,8037.1,327,0,0,0,0
"885",2024-03-04,1,40,7587.1,322,0,0,24.8058641975309,0,0,8037.1,327,0,0,0,0
"886",2024-03-04,1,45,7587.1,322,0,0,24.8058641975309,0,0,8037.1,327,0,0,0,0
"887",2024-03-04,1,50,7887.1,323,0,0,24.8058641975309,0,0,8037.1,327,0,0,0,0
"888",2024-03-04,1,55,8037.1,324,0,0,24.8058641975309,0,0,8037.1,327,0,0,0,0
"889",2024-03-04,2,0,8037.1,324,0,0,29.0480769230769,0,0,8293.1,324,0,0,0,0
"890",2024-03-04,2,5,6042,208,0,0,29.0480769230769,0,0,8293.1,324,0,0,0,0
"891",2024-03-04,2,10,8293.1,322,0,0,29.0480769230769,0,0,8293.1,324,0,0,0,0
"892",2024-03-04,2,15,8015.1,322,0,0,29.0480769230769,0,0,8293.1,324,0,0,0,0
"893",2024-03-04,2,20,7993.1,321,0,0,29.0480769230769,0,0,8293.1,324,0,0,0,0
"894",2024-03-04,2,25,7832.1,318,0,0,29.0480769230769,0,0,8293.1,324,0,0,0,0
"895",2024-03-04,2,30,7832.1,318,0,0,29.0480769230769,0,0,8293.1,324,0,0,0,0
"896",2024-03-04,2,35,7682.1,317,0,0,29.0480769230769,0,0,8293.1,324,0,0,0,0
"897",2024-03-04,2,40,7682.1,317,0,0,29.0480769230769,0,0,8293.1,324,0,0,0,0
"898",2024-03-04,2,45,7584.1,318,0,0,29.0480769230769,0,0,8293.1,324,0,0,0,0
"899",2024-03-04,2,50,7584.1,318,0,0,29.0480769230769,0,0,8293.1,324,0,0,0,0
"900",2024-03-04,2,55,7584.1,318,0,0,29.0480769230769,0,0,8293.1,324,0,0,0,0
"901",2024-03-04,3,0,7584.1,318,0,0,23.8669841269841,0,0,7584.1,318,0,0,0,0
"902",2024-03-04,3,5,7584.1,318,0,0,23.8669841269841,0,0,7584.1,318,0,0,0,0
"903",2024-03-04,3,10,7584.1,318,0,0,23.8669841269841,0,0,7584.1,318,0,0,0,0
"904",2024-03-04,3,15,7562.1,317,0,0,23.8669841269841,0,0,7584.1,318,0,0,0,0
"905",2024-03-04,3,20,7540.1,316,0,0,23.8669841269841,0,0,7584.1,318,0,0,0,0
"906",2024-03-04,3,25,7518.1,315,0,0,23.8669841269841,0,0,7584.1,318,0,0,0,0
"907",2024-03-04,3,30,7518.1,315,0,0,23.8669841269841,0,0,7584.1,318,0,0,0,0
"908",2024-03-04,3,35,7402.1,311,0,0,23.8669841269841,0,0,7584.1,318,0,0,0,0
"909",2024-03-04,3,40,7402.1,311,0,0,23.8669841269841,0,0,7584.1,318,0,0,0,0
"910",2024-03-04,3,45,7402.1,311,0,0,23.8669841269841,0,0,7584.1,318,0,0,0,0
"911",2024-03-04,3,50,7233.1,311,0,0,23.8669841269841,0,0,7584.1,318,0,0,0,0
"912",2024-03-04,3,55,7233.1,311,0,0,23.8669841269841,0,0,7584.1,318,0,0,0,0
"913",2024-03-04,4,0,7233.1,311,0,0,23.2575562700965,0,0,7255.1,313,0,0,0,0
"914",2024-03-04,4,5,7233.1,311,0,0,23.2575562700965,0,0,7255.1,313,0,0,0,0
"915",2024-03-04,4,10,6633.1,309,0,0,23.2575562700965,0,0,7255.1,313,0,0,0,0
"916",2024-03-04,4,15,6633.1,309,0,0,23.2575562700965,0,0,7255.1,313,0,0,0,0
"917",2024-03-04,4,20,7233.1,311,0,0,23.2575562700965,0,0,7255.1,313,0,0,0,0
"918",2024-03-04,4,25,7255.1,312,0,0,23.2575562700965,0,0,7255.1,313,0,0,0,0
"919",2024-03-04,4,30,7255.1,312,0,0,23.2575562700965,0,0,7255.1,313,0,0,0,0
"920",2024-03-04,4,35,7127.1,313,0,0,23.2575562700965,0,0,7255.1,313,0,0,0,0
"921",2024-03-04,4,40,7127.1,313,0,0,23.2575562700965,0,0,7255.1,313,0,0,0,0
"922",2024-03-04,4,45,7127.1,313,0,0,23.2575562700965,0,0,7255.1,313,0,0,0,0
"923",2024-03-04,4,50,7127.1,313,0,0,23.2575562700965,0,0,7255.1,313,0,0,0,0
"924",2024-03-04,4,55,7127.1,313,0,0,23.2575562700965,0,0,7255.1,313,0,0,0,0
"925",2024-03-04,5,0,7127.1,313,0,0,24.0765079365079,0,0,7584.1,315,0,0,0,0
"926",2024-03-04,5,5,7149.1,314,0,0,24.0765079365079,0,0,7584.1,315,0,0,0,0
"927",2024-03-04,5,10,7149.1,314,0,0,24.0765079365079,0,0,7584.1,315,0,0,0,0
"928",2024-03-04,5,15,7149.1,314,0,0,24.0765079365079,0,0,7584.1,315,0,0,0,0
"929",2024-03-04,5,20,7149.1,314,0,0,24.0765079365079,0,0,7584.1,315,0,0,0,0
"930",2024-03-04,5,25,7149.1,314,0,0,24.0765079365079,0,0,7584.1,315,0,0,0,0
"931",2024-03-04,5,30,7149.1,314,0,0,24.0765079365079,0,0,7584.1,315,0,0,0,0
"932",2024-03-04,5,35,6973.1,313,0,0,24.0765079365079,0,0,7584.1,315,0,0,0,0
"933",2024-03-04,5,40,7262.1,313,0,0,24.0765079365079,0,0,7584.1,315,0,0,0,0
"934",2024-03-04,5,45,7262.1,313,0,0,24.0765079365079,0,0,7584.1,315,0,0,0,0
"935",2024-03-04,5,50,7584.1,315,0,0,24.0765079365079,0,0,7584.1,315,0,0,0,0
"936",2024-03-04,5,55,7262.1,312,0,0,24.0765079365079,0,0,7584.1,315,0,0,0,0
"937",2024-03-04,6,0,7284.1,313,0,0,24.7644230769231,0,0,7502.1,319,0,0,0,0
"938",2024-03-04,6,5,7017.1,314,0,0,24.7644230769231,0,0,7502.1,319,0,0,0,0
"939",2024-03-04,6,10,7017.1,314,0,0,24.7644230769231,0,0,7502.1,319,0,0,0,0
"940",2024-03-04,6,15,7017.1,314,0,0,24.7644230769231,0,0,7502.1,319,0,0,0,0
"941",2024-03-04,6,20,7039.1,315,0,0,24.7644230769231,0,0,7502.1,319,0,0,0,0
"942",2024-03-04,6,25,7061.1,316,0,0,24.7644230769231,0,0,7502.1,319,0,0,0,0
"943",2024-03-04,6,30,7000.1,314,0,0,24.7644230769231,0,0,7502.1,319,0,0,0,0
"944",2024-03-04,6,35,6958.1,313,0,0,24.7644230769231,0,0,7502.1,319,0,0,0,0
"945",2024-03-04,6,40,6986.1,314,0,0,24.7644230769231,0,0,7502.1,319,0,0,0,0
"946",2024-03-04,6,45,5151,208,0,0,24.7644230769231,0,0,7502.1,319,0,0,0,0
"947",2024-03-04,6,50,7480.1,318,0,0,24.7644230769231,0,0,7502.1,319,0,0,0,0
"948",2024-03-04,6,55,7502.1,319,0,0,24.7644230769231,0,0,7502.1,319,0,0,0,0
"949",2024-03-04,7,55,8228.1,376,0,0,24.1144144144144,0,0,8228.1,376,0,0,0,0
"950",2024-03-04,7,0,7546.1,321,0,0,24.1144144144144,0,0,8228.1,376,0,0,0,0
"951",2024-03-04,7,5,7836.1,329,0,0,24.1144144144144,0,0,8228.1,376,0,0,0,0
"952",2024-03-04,7,10,7858.1,331,0,0,24.1144144144144,0,0,8228.1,376,0,0,0,0
"953",2024-03-04,7,15,8030.1,333,0,0,24.1144144144144,0,0,8228.1,376,0,0,0,0
"954",2024-03-04,7,20,8096.1,337,0,0,24.1144144144144,0,0,8228.1,376,0,0,0,0
"955",2024-03-04,7,25,7779.1,338,0,0,24.1144144144144,0,0,8228.1,376,0,0,0,0
"956",2024-03-04,7,30,7856.1,344,0,0,24.1144144144144,0,0,8228.1,376,0,0,0,0
"957",2024-03-04,7,35,7993.1,353,0,0,24.1144144144144,0,0,8228.1,376,0,0,0,0
"958",2024-03-04,7,40,8037.1,357,0,0,24.1144144144144,0,0,8228.1,376,0,0,0,0
"959",2024-03-04,7,45,7898.1,357,0,0,24.1144144144144,0,0,8228.1,376,0,0,0,0
"960",2024-03-04,7,50,8085.1,369,0,0,24.1144144144144,0,0,8228.1,376,0,0,0,0
"961",2024-03-04,8,0,8590.1,385,0,0,23.1201663201663,0,0,11132.8,486,0,0,0,0
"962",2024-03-04,8,5,8973.1,400,0,0,23.1201663201663,0,0,11132.8,486,0,0,0,0
"963",2024-03-04,8,10,9116.1,408,0,0,23.1201663201663,0,0,11132.8,486,0,0,0,0
"964",2024-03-04,8,15,9275.1,413,0,0,23.1201663201663,0,0,11132.8,486,0,0,0,0
"965",2024-03-04,8,20,9583.1,422,0,0,23.1201663201663,0,0,11132.8,486,0,0,0,0
"966",2024-03-04,8,25,9771.1,433,0,0,23.1201663201663,0,0,11132.8,486,0,0,0,0
"967",2024-03-04,8,30,9712.1,439,0,0,23.1201663201663,0,0,11132.8,486,0,0,0,0
"968",2024-03-04,8,35,10402.1,465,0,0,23.1201663201663,0,0,11132.8,486,0,0,0,0
"969",2024-03-04,8,40,10724.1,470,0,0,23.1201663201663,0,0,11132.8,486,0,0,0,0
"970",2024-03-04,8,45,11083.8,483,0,0,23.1201663201663,0,0,11132.8,486,0,0,0,0
"971",2024-03-04,8,50,11120.8,481,0,0,23.1201663201663,0,0,11132.8,486,0,0,0,0
"972",2024-03-04,8,55,11132.8,486,0,0,23.1201663201663,0,0,11132.8,486,0,0,0,0
"973",2024-03-04,9,0,11606.8,490,0,0,25.1787096774194,0,0,15610.8,626,0,0,0,0
"974",2024-03-04,9,5,12834.8,535,0,0,25.1787096774194,0,0,15610.8,626,0,0,0,0
"975",2024-03-04,9,10,13104.8,543,0,0,25.1787096774194,0,0,15610.8,626,0,0,0,0
"976",2024-03-04,9,15,13296.8,549,0,0,25.1787096774194,0,0,15610.8,626,0,0,0,0
"977",2024-03-04,9,20,13522.8,558,0,0,25.1787096774194,0,0,15610.8,626,0,0,0,0
"978",2024-03-04,9,25,14464.8,575,0,0,25.1787096774194,0,0,15610.8,626,0,0,0,0
"979",2024-03-04,9,30,14414.8,581,0,0,25.1787096774194,0,0,15610.8,626,0,0,0,0
"980",2024-03-04,9,35,14795.8,610,0,0,25.1787096774194,0,0,15610.8,626,0,0,0,0
"981",2024-03-04,9,40,15320.8,614,0,0,25.1787096774194,0,0,15610.8,626,0,0,0,0
"982",2024-03-04,9,45,15610.8,620,0,0,25.1787096774194,0,0,15610.8,626,0,0,0,0
"983",2024-03-04,9,50,15351.8,625,0,0,25.1787096774194,0,0,15610.8,626,0,0,0,0
"984",2024-03-04,9,55,15198.8,626,0,0,25.1787096774194,0,0,15610.8,626,0,0,0,0
"985",2024-03-04,10,0,14945.8,620,0,0,25.2348091603053,0,0,16649.8,674,0,0,0,0
"986",2024-03-04,10,5,16528.8,655,0,0,25.2348091603053,0,0,16649.8,674,0,0,0,0
"987",2024-03-04,10,10,16649.8,660,0,0,25.2348091603053,0,0,16649.8,674,0,0,0,0
"988",2024-03-04,10,15,15807.8,659,0,0,25.2348091603053,0,0,16649.8,674,0,0,0,0
"989",2024-03-04,10,20,16093,667,0,0,25.2348091603053,0,0,16649.8,674,0,0,0,0
"990",2024-03-04,10,25,15816.8,664,0,0,25.2348091603053,0,0,16649.8,674,0,0,0,0
"991",2024-03-04,10,30,16066.8,665,0,0,25.2348091603053,0,0,16649.8,674,0,0,0,0
"992",2024-03-04,10,35,15114.8,672,0,0,25.2348091603053,0,0,16649.8,674,0,0,0,0
"993",2024-03-04,10,40,15189.8,670,0,0,25.2348091603053,0,0,16649.8,674,0,0,0,0
"994",2024-03-04,10,45,15227.8,670,0,0,25.2348091603053,0,0,16649.8,674,0,0,0,0
"995",2024-03-04,10,50,15036.8,670,0,0,25.2348091603053,0,0,16649.8,674,0,0,0,0
"996",2024-03-04,10,55,15857.8,674,0,0,25.2348091603053,0,0,16649.8,674,0,0,0,0
"997",2024-03-04,11,0,15797.8,670,0,0,32.407901907357,0,0,18818.8,707,0,0,0,0
"998",2024-03-04,11,5,15766.8,687,0,0,32.407901907357,0,0,18818.8,707,0,0,0,0
"999",2024-03-04,11,10,15788.8,688,0,0,32.407901907357,0,0,18818.8,707,0,0,0,0
"1000",2024-03-04,11,15,15686.8,694,0,0,32.407901907357,0,0,18818.8,707,0,0,0,0
"1001",2024-03-04,11,20,16775.8,701,0,0,32.407901907357,0,0,18818.8,707,0,0,0,0
"1002",2024-03-04,11,25,16638.8,696,0,0,32.407901907357,0,0,18818.8,707,0,0,0,0
"1003",2024-03-04,11,30,16935.8,694,0,0,32.407901907357,0,0,18818.8,707,0,0,0,0
"1004",2024-03-04,11,35,17355.8,707,0,0,32.407901907357,0,0,18818.8,707,0,0,0,0
"1005",2024-03-04,11,40,17840.8,705,0,0,32.407901907357,0,0,18818.8,707,0,0,0,0
"1006",2024-03-04,11,45,18066.8,704,0,0,32.407901907357,0,0,18818.8,707,0,0,0,0
"1007",2024-03-04,11,50,11893.7,367,0,0,32.407901907357,0,0,18818.8,707,0,0,0,0
"1008",2024-03-04,11,55,18818.8,707,0,0,32.407901907357,0,0,18818.8,707,0,0,0,0
"1009",2024-03-04,12,5,18076.8,705,0,0,26.931195335277,0,0,18807.8,707,0,0,0,0
"1010",2024-03-04,12,10,17726.8,702,0,0,26.931195335277,0,0,18807.8,707,0,0,0,0
"1011",2024-03-04,12,15,17296.8,701,0,0,26.931195335277,0,0,18807.8,707,0,0,0,0
"1012",2024-03-04,12,20,17911.8,701,0,0,26.931195335277,0,0,18807.8,707,0,0,0,0
"1013",2024-03-04,12,25,17572.8,696,0,0,26.931195335277,0,0,18807.8,707,0,0,0,0
"1014",2024-03-04,12,30,17250.8,694,0,0,26.931195335277,0,0,18807.8,707,0,0,0,0
"1015",2024-03-04,12,35,18474.8,689,0,0,26.931195335277,0,0,18807.8,707,0,0,0,0
"1016",2024-03-04,12,40,18474.8,686,0,0,26.931195335277,0,0,18807.8,707,0,0,0,0
"1017",2024-03-04,12,45,18093.8,688,0,0,26.931195335277,0,0,18807.8,707,0,0,0,0
"1018",2024-03-04,12,50,17701.8,683,0,0,26.931195335277,0,0,18807.8,707,0,0,0,0
"1019",2024-03-04,12,55,17416.8,674,0,0,26.931195335277,0,0,18807.8,707,0,0,0,0
"1020",2024-03-04,12,0,18807.8,707,0,0,26.931195335277,0,0,18807.8,707,0,0,0,0
"1021",2024-03-04,13,0,18470.8,674,0,0,28.9567567567568,0,0,18470.8,674,0,0,0,0
"1022",2024-03-04,13,5,17499.8,641,0,0,28.9567567567568,0,0,18470.8,674,0,0,0,0
"1023",2024-03-04,13,10,17543.8,625,0,0,28.9567567567568,0,0,18470.8,674,0,0,0,0
"1024",2024-03-04,13,25,17392.8,624,0,0,28.9567567567568,0,0,18470.8,674,0,0,0,0
"1025",2024-03-04,13,30,17431.8,630,0,0,28.9567567567568,0,0,18470.8,674,0,0,0,0
"1026",2024-03-04,13,35,17504.8,630,0,0,28.9567567567568,0,0,18470.8,674,0,0,0,0
"1027",2024-03-04,13,40,18090.8,630,0,0,28.9567567567568,0,0,18470.8,674,0,0,0,0
"1028",2024-03-04,13,45,18045.8,634,0,0,28.9567567567568,0,0,18470.8,674,0,0,0,0
"1029",2024-03-04,13,50,18213.8,629,0,0,28.9567567567568,0,0,18470.8,674,0,0,0,0
"1030",2024-03-04,13,55,17852.8,627,0,0,28.9567567567568,0,0,18470.8,674,0,0,0,0
"1031",2024-03-04,13,15,17773.8,629,0,0,28.9567567567568,0,0,18470.8,674,0,0,0,0
"1032",2024-03-04,13,20,17384.8,628,0,0,28.9567567567568,0,0,18470.8,674,0,0,0,0
"1033",2024-03-04,14,0,17641.8,628,0,0,28.1483037156704,0,0,17641.8,639,0,0,0,0
"1034",2024-03-04,14,5,17371.8,620,0,0,28.1483037156704,0,0,17641.8,639,0,0,0,0
"1035",2024-03-04,14,10,17423.8,619,0,0,28.1483037156704,0,0,17641.8,639,0,0,0,0
"1036",2024-03-04,14,15,16967.8,620,0,0,28.1483037156704,0,0,17641.8,639,0,0,0,0
"1037",2024-03-04,14,20,16831.8,623,0,0,28.1483037156704,0,0,17641.8,639,0,0,0,0
"1038",2024-03-04,14,25,16211.8,619,0,0,28.1483037156704,0,0,17641.8,639,0,0,0,0
"1039",2024-03-04,14,30,15693.8,618,0,0,28.1483037156704,0,0,17641.8,639,0,0,0,0
"1040",2024-03-04,14,35,15695.8,618,0,0,28.1483037156704,0,0,17641.8,639,0,0,0,0
"1041",2024-03-04,14,40,15357.8,617,0,0,28.1483037156704,0,0,17641.8,639,0,0,0,0
"1042",2024-03-04,14,45,16028.8,621,0,0,28.1483037156704,0,0,17641.8,639,0,0,0,0
"1043",2024-03-04,14,50,15696.8,622,0,0,28.1483037156704,0,0,17641.8,639,0,0,0,0
"1044",2024-03-04,14,55,16743.8,639,0,0,28.1483037156704,0,0,17641.8,639,0,0,0,0
"1045",2024-03-04,15,0,16034.8,632,0,0,25.51168,0,0,16034.8,632,0,0,0,0
"1046",2024-03-04,15,5,15691.8,630,0,0,25.51168,0,0,16034.8,632,0,0,0,0
"1047",2024-03-04,15,10,15963.8,631,0,0,25.51168,0,0,16034.8,632,0,0,0,0
"1048",2024-03-04,15,15,15947.8,629,0,0,25.51168,0,0,16034.8,632,0,0,0,0
"1049",2024-03-04,15,20,15935.8,629,0,0,25.51168,0,0,16034.8,632,0,0,0,0
"1050",2024-03-04,15,25,15531.8,622,0,0,25.51168,0,0,16034.8,632,0,0,0,0
"1051",2024-03-04,15,30,15944.8,625,0,0,25.51168,0,0,16034.8,632,0,0,0,0
"1052",2024-03-04,15,35,15480.8,623,0,0,25.51168,0,0,16034.8,632,0,0,0,0
"1053",2024-03-04,15,40,15399.8,626,0,0,25.51168,0,0,16034.8,632,0,0,0,0
"1054",2024-03-04,15,45,15137.8,622,0,0,25.51168,0,0,16034.8,632,0,0,0,0
"1055",2024-03-04,15,50,15709.8,626,0,0,25.51168,0,0,16034.8,632,0,0,0,0
"1056",2024-03-04,15,55,15926.8,625,0,0,25.51168,0,0,16034.8,632,0,0,0,0
"1057",2024-03-04,16,0,16574.8,627,0,0,27.9734426229508,0,0,17063.8,627,0,0,0,0
"1058",2024-03-04,16,5,16536.8,611,0,0,27.9734426229508,0,0,17063.8,627,0,0,0,0
"1059",2024-03-04,16,10,16508.8,612,0,0,27.9734426229508,0,0,17063.8,627,0,0,0,0
"1060",2024-03-04,16,15,16384.8,613,0,0,27.9734426229508,0,0,17063.8,627,0,0,0,0
"1061",2024-03-04,16,20,16662.8,613,0,0,27.9734426229508,0,0,17063.8,627,0,0,0,0
"1062",2024-03-04,16,25,16051.8,610,0,0,27.9734426229508,0,0,17063.8,627,0,0,0,0
"1063",2024-03-04,16,30,17063.8,610,0,0,27.9734426229508,0,0,17063.8,627,0,0,0,0
"1064",2024-03-04,16,35,15817.8,597,0,0,27.9734426229508,0,0,17063.8,627,0,0,0,0
"1065",2024-03-04,16,40,15316.8,595,0,0,27.9734426229508,0,0,17063.8,627,0,0,0,0
"1066",2024-03-04,16,45,15677.8,597,0,0,27.9734426229508,0,0,17063.8,627,0,0,0,0
"1067",2024-03-04,16,50,16300.8,606,0,0,27.9734426229508,0,0,17063.8,627,0,0,0,0
"1068",2024-03-04,16,55,15655.8,601,0,0,27.9734426229508,0,0,17063.8,627,0,0,0,0
"1069",2024-03-04,17,0,15376.8,605,0,0,29.3253289473684,0,0,18059.8,622,0,0,0,0
"1070",2024-03-04,17,5,15938.8,612,0,0,29.3253289473684,0,0,18059.8,622,0,0,0,0
"1071",2024-03-04,17,10,16122.8,618,0,0,29.3253289473684,0,0,18059.8,622,0,0,0,0
"1072",2024-03-04,17,25,17905.8,613,0,0,29.3253289473684,0,0,18059.8,622,0,0,0,0
"1073",2024-03-04,17,30,17829.8,608,0,0,29.3253289473684,0,0,18059.8,622,0,0,0,0
"1074",2024-03-04,17,35,16278.8,584,0,0,29.3253289473684,0,0,18059.8,622,0,0,0,0
"1075",2024-03-04,17,40,15839.8,579,0,0,29.3253289473684,0,0,18059.8,622,0,0,0,0
"1076",2024-03-04,17,45,16159.8,575,0,0,29.3253289473684,0,0,18059.8,622,0,0,0,0
"1077",2024-03-04,17,50,15896.8,572,0,0,29.3253289473684,0,0,18059.8,622,0,0,0,0
"1078",2024-03-04,17,55,15236.8,565,0,0,29.3253289473684,0,0,18059.8,622,0,0,0,0
"1079",2024-03-04,17,15,16279.8,613,0,0,29.3253289473684,0,0,18059.8,622,0,0,0,0
"1080",2024-03-04,17,20,18059.8,622,0,0,29.3253289473684,0,0,18059.8,622,0,0,0,0
"1081",2024-03-04,18,0,15240.8,567,0,0,29.488932038835,0,0,15932.8,567,0,0,0,0
"1082",2024-03-04,18,5,14852.8,553,0,0,29.488932038835,0,0,15932.8,567,0,0,0,0
"1083",2024-03-04,18,10,15932.8,549,0,0,29.488932038835,0,0,15932.8,567,0,0,0,0
"1084",2024-03-04,18,15,14702.8,536,0,0,29.488932038835,0,0,15932.8,567,0,0,0,0
"1085",2024-03-04,18,20,14948.8,527,0,0,29.488932038835,0,0,15932.8,567,0,0,0,0
"1086",2024-03-04,18,25,15356.8,522,0,0,29.488932038835,0,0,15932.8,567,0,0,0,0
"1087",2024-03-04,18,30,15186.8,515,0,0,29.488932038835,0,0,15932.8,567,0,0,0,0
"1088",2024-03-04,18,35,13771.8,494,0,0,29.488932038835,0,0,15932.8,567,0,0,0,0
"1089",2024-03-04,18,40,13382.1,493,0,0,29.488932038835,0,0,15932.8,567,0,0,0,0
"1090",2024-03-04,18,45,13342.8,485,0,0,29.488932038835,0,0,15932.8,567,0,0,0,0
"1091",2024-03-04,18,50,13129.8,484,0,0,29.488932038835,0,0,15932.8,567,0,0,0,0
"1092",2024-03-04,18,55,13469.1,481,0,0,29.488932038835,0,0,15932.8,567,0,0,0,0
"1093",2024-03-04,19,0,13595.1,477,0,0,33.5718157181572,0,0,15063.8,483,0,0,0,0
"1094",2024-03-04,19,5,14586.1,482,0,0,33.5718157181572,0,0,15063.8,483,0,0,0,0
"1095",2024-03-04,19,10,14836.1,483,0,0,33.5718157181572,0,0,15063.8,483,0,0,0,0
"1096",2024-03-04,19,15,12388,369,0,0,33.5718157181572,0,0,15063.8,483,0,0,0,0
"1097",2024-03-04,19,20,13817.1,470,0,0,33.5718157181572,0,0,15063.8,483,0,0,0,0
"1098",2024-03-04,19,25,15063.8,472,0,0,33.5718157181572,0,0,15063.8,483,0,0,0,0
"1099",2024-03-04,19,30,14052.8,470,0,0,33.5718157181572,0,0,15063.8,483,0,0,0,0
"1100",2024-03-04,19,35,13164.8,467,0,0,33.5718157181572,0,0,15063.8,483,0,0,0,0
"1101",2024-03-04,19,40,13011.8,462,0,0,33.5718157181572,0,0,15063.8,483,0,0,0,0
"1102",2024-03-04,19,45,12684.1,452,0,0,33.5718157181572,0,0,15063.8,483,0,0,0,0
"1103",2024-03-04,19,50,12123.4,453,0,0,33.5718157181572,0,0,15063.8,483,0,0,0,0
"1104",2024-03-04,19,55,11883.1,455,0,0,33.5718157181572,0,0,15063.8,483,0,0,0,0
"1105",2024-03-04,20,0,11694.8,454,0,0,25.7594713656388,0,0,11694.8,454,0,0,0,0
"1106",2024-03-04,20,5,10506.8,439,0,0,25.7594713656388,0,0,11694.8,454,0,0,0,0
"1107",2024-03-04,20,10,10609.8,436,0,0,25.7594713656388,0,0,11694.8,454,0,0,0,0
"1108",2024-03-04,20,15,10265.5,431,0,0,25.7594713656388,0,0,11694.8,454,0,0,0,0
"1109",2024-03-04,20,20,10128.5,427,0,0,25.7594713656388,0,0,11694.8,454,0,0,0,0
"1110",2024-03-04,20,25,10247.5,426,0,0,25.7594713656388,0,0,11694.8,454,0,0,0,0
"1111",2024-03-04,20,30,10844.5,433,0,0,25.7594713656388,0,0,11694.8,454,0,0,0,0
"1112",2024-03-04,20,35,10368.5,435,0,0,25.7594713656388,0,0,11694.8,454,0,0,0,0
"1113",2024-03-04,20,40,10608.5,437,0,0,25.7594713656388,0,0,11694.8,454,0,0,0,0
"1114",2024-03-04,20,45,10684.5,434,0,0,25.7594713656388,0,0,11694.8,454,0,0,0,0
"1115",2024-03-04,20,50,10750.5,437,0,0,25.7594713656388,0,0,11694.8,454,0,0,0,0
"1116",2024-03-04,20,55,10756.5,435,0,0,25.7594713656388,0,0,11694.8,454,0,0,0,0
"1117",2024-03-04,21,0,10734.5,434,0,0,25.2413098236776,0,0,10734.5,434,0,0,0,0
"1118",2024-03-04,21,5,10631.5,428,0,0,25.2413098236776,0,0,10734.5,434,0,0,0,0
"1119",2024-03-04,21,10,9709.5,424,0,0,25.2413098236776,0,0,10734.5,434,0,0,0,0
"1120",2024-03-04,21,15,10243.5,423,0,0,25.2413098236776,0,0,10734.5,434,0,0,0,0
"1121",2024-03-04,21,20,10145.5,423,0,0,25.2413098236776,0,0,10734.5,434,0,0,0,0
"1122",2024-03-04,21,25,10385.8,419,0,0,25.2413098236776,0,0,10734.5,434,0,0,0,0
"1123",2024-03-04,21,30,10210.8,415,0,0,25.2413098236776,0,0,10734.5,434,0,0,0,0
"1124",2024-03-04,21,35,9709.8,395,0,0,25.2413098236776,0,0,10734.5,434,0,0,0,0
"1125",2024-03-04,21,40,10020.8,397,0,0,25.2413098236776,0,0,10734.5,434,0,0,0,0
"1126",2024-03-04,21,45,9906.8,399,0,0,25.2413098236776,0,0,10734.5,434,0,0,0,0
"1127",2024-03-04,21,50,9284.8,396,0,0,25.2413098236776,0,0,10734.5,434,0,0,0,0
"1128",2024-03-04,21,55,8834.8,395,0,0,25.2413098236776,0,0,10734.5,434,0,0,0,0
"1129",2024-03-04,22,0,8834.8,395,0,0,24.8634560906516,0,0,8834.8,395,0,0,0,0
"1130",2024-03-04,22,5,8540.8,383,0,0,24.8634560906516,0,0,8834.8,395,0,0,0,0
"1131",2024-03-04,22,10,8458.8,378,0,0,24.8634560906516,0,0,8834.8,395,0,0,0,0
"1132",2024-03-04,22,15,8659.8,374,0,0,24.8634560906516,0,0,8834.8,395,0,0,0,0
"1133",2024-03-04,22,20,8593.8,370,0,0,24.8634560906516,0,0,8834.8,395,0,0,0,0
"1134",2024-03-04,22,25,8505.8,365,0,0,24.8634560906516,0,0,8834.8,395,0,0,0,0
"1135",2024-03-04,22,30,8827.8,367,0,0,24.8634560906516,0,0,8834.8,395,0,0,0,0
"1136",2024-03-04,22,35,8776.8,353,0,0,24.8634560906516,0,0,8834.8,395,0,0,0,0
"1137",2024-03-04,22,40,8532.8,348,0,0,24.8634560906516,0,0,8834.8,395,0,0,0,0
"1138",2024-03-04,22,45,8574.8,350,0,0,24.8634560906516,0,0,8834.8,395,0,0,0,0
"1139",2024-03-04,22,50,8631.8,349,0,0,24.8634560906516,0,0,8834.8,395,0,0,0,0
"1140",2024-03-04,22,55,8708.8,351,0,0,24.8634560906516,0,0,8834.8,395,0,0,0,0
"1141",2024-03-04,23,0,8708.8,351,0,0,24.9758823529412,0,0,8708.8,351,0,0,0,0
"1142",2024-03-04,23,5,8465.8,347,0,0,24.9758823529412,0,0,8708.8,351,0,0,0,0
"1143",2024-03-04,23,10,8388.8,343,0,0,24.9758823529412,0,0,8708.8,351,0,0,0,0
"1144",2024-03-04,23,15,8344.8,341,0,0,24.9758823529412,0,0,8708.8,351,0,0,0,0
"1145",2024-03-04,23,20,8491.8,340,0,0,24.9758823529412,0,0,8708.8,351,0,0,0,0
"1146",2024-03-04,23,25,8213.8,340,0,0,24.9758823529412,0,0,8708.8,351,0,0,0,0
"1147",2024-03-04,23,30,8145.8,340,0,0,24.9758823529412,0,0,8708.8,351,0,0,0,0
"1148",2024-03-04,23,35,7785.5,329,0,0,24.9758823529412,0,0,8708.8,351,0,0,0,0
"1149",2024-03-04,23,40,7785.5,329,0,0,24.9758823529412,0,0,8708.8,351,0,0,0,0
"1150",2024-03-04,23,45,7766.5,330,0,0,24.9758823529412,0,0,8708.8,351,0,0,0,0
"1151",2024-03-04,23,50,7755.5,329,0,0,24.9758823529412,0,0,8708.8,351,0,0,0,0
"1152",2024-03-04,23,55,7627.5,329,0,0,24.9758823529412,0,0,8708.8,351,0,0,0,0
"1153",2024-03-05,0,0,8067.7,354,0,0,24.6495702005731,0,0,8602.7,354,0,0,0,0
"1154",2024-03-05,0,5,8530.7,352,0,0,24.6495702005731,0,0,8602.7,354,0,0,0,0
"1155",2024-03-05,0,10,8368.7,352,0,0,24.6495702005731,0,0,8602.7,354,0,0,0,0
"1156",2024-03-05,0,15,8324.7,350,0,0,24.6495702005731,0,0,8602.7,354,0,0,0,0
"1157",2024-03-05,0,20,8324.7,350,0,0,24.6495702005731,0,0,8602.7,354,0,0,0,0
"1158",2024-03-05,0,25,8302.7,349,0,0,24.6495702005731,0,0,8602.7,354,0,0,0,0
"1159",2024-03-05,0,30,8602.7,349,0,0,24.6495702005731,0,0,8602.7,354,0,0,0,0
"1160",2024-03-05,0,35,8147.7,344,0,0,24.6495702005731,0,0,8602.7,354,0,0,0,0
"1161",2024-03-05,0,40,8147.7,344,0,0,24.6495702005731,0,0,8602.7,354,0,0,0,0
"1162",2024-03-05,0,45,7765.7,341,0,0,24.6495702005731,0,0,8602.7,354,0,0,0,0
"1163",2024-03-05,0,50,7765.7,341,0,0,24.6495702005731,0,0,8602.7,354,0,0,0,0
"1164",2024-03-05,0,55,7765.7,341,0,0,24.6495702005731,0,0,8602.7,354,0,0,0,0
"1165",2024-03-05,1,0,7137.8,319,0,0,22.5056962025316,0,0,7137.8,319,0,0,0,0
"1166",2024-03-05,1,5,7093.8,317,0,0,22.5056962025316,0,0,7137.8,319,0,0,0,0
"1167",2024-03-05,1,10,7093.8,317,0,0,22.5056962025316,0,0,7137.8,319,0,0,0,0
"1168",2024-03-05,1,15,7071.8,316,0,0,22.5056962025316,0,0,7137.8,319,0,0,0,0
"1169",2024-03-05,1,20,7111.8,316,0,0,22.5056962025316,0,0,7137.8,319,0,0,0,0
"1170",2024-03-05,1,25,7128.8,317,0,0,22.5056962025316,0,0,7137.8,319,0,0,0,0
"1171",2024-03-05,1,30,7128.8,317,0,0,22.5056962025316,0,0,7137.8,319,0,0,0,0
"1172",2024-03-05,1,35,6961.8,316,0,0,22.5056962025316,0,0,7137.8,319,0,0,0,0
"1173",2024-03-05,1,40,6961.8,316,0,0,22.5056962025316,0,0,7137.8,319,0,0,0,0
"1174",2024-03-05,1,45,6961.8,316,0,0,22.5056962025316,0,0,7137.8,319,0,0,0,0
"1175",2024-03-05,1,50,6961.8,316,0,0,22.5056962025316,0,0,7137.8,319,0,0,0,0
"1176",2024-03-05,1,55,6961.8,316,0,0,22.5056962025316,0,0,7137.8,319,0,0,0,0
"1177",2024-03-05,2,0,6961.8,316,0,0,22.3474683544304,0,0,7061.8,316,0,0,0,0
"1178",2024-03-05,2,5,7061.8,316,0,0,22.3474683544304,0,0,7061.8,316,0,0,0,0
"1179",2024-03-05,2,10,7061.8,316,0,0,22.3474683544304,0,0,7061.8,316,0,0,0,0
"1180",2024-03-05,2,15,6990.8,314,0,0,22.3474683544304,0,0,7061.8,316,0,0,0,0
"1181",2024-03-05,2,20,6990.8,314,0,0,22.3474683544304,0,0,7061.8,316,0,0,0,0
"1182",2024-03-05,2,25,6990.8,314,0,0,22.3474683544304,0,0,7061.8,316,0,0,0,0
"1183",2024-03-05,2,30,6990.8,314,0,0,22.3474683544304,0,0,7061.8,316,0,0,0,0
"1184",2024-03-05,2,35,6840.8,313,0,0,22.3474683544304,0,0,7061.8,316,0,0,0,0
"1185",2024-03-05,2,40,6862.8,314,0,0,22.3474683544304,0,0,7061.8,316,0,0,0,0
"1186",2024-03-05,2,45,6862.8,314,0,0,22.3474683544304,0,0,7061.8,316,0,0,0,0
"1187",2024-03-05,2,50,6862.8,314,0,0,22.3474683544304,0,0,7061.8,316,0,0,0,0
"1188",2024-03-05,2,55,6862.8,314,0,0,22.3474683544304,0,0,7061.8,316,0,0,0,0
"1189",2024-03-05,3,0,6862.8,314,0,0,21.856050955414,0,0,6862.8,315,0,0,0,0
"1190",2024-03-05,3,5,3859.8,181,0,0,21.856050955414,0,0,6862.8,315,0,0,0,0
"1191",2024-03-05,3,10,6862.8,314,0,0,21.856050955414,0,0,6862.8,315,0,0,0,0
"1192",2024-03-05,3,15,6840.8,313,0,0,21.856050955414,0,0,6862.8,315,0,0,0,0
"1193",2024-03-05,3,20,6840.8,313,0,0,21.856050955414,0,0,6862.8,315,0,0,0,0
"1194",2024-03-05,3,25,6840.8,313,0,0,21.856050955414,0,0,6862.8,315,0,0,0,0
"1195",2024-03-05,3,30,6851.8,315,0,0,21.856050955414,0,0,6862.8,315,0,0,0,0
"1196",2024-03-05,3,35,6851.8,315,0,0,21.856050955414,0,0,6862.8,315,0,0,0,0
"1197",2024-03-05,3,40,6851.8,315,0,0,21.856050955414,0,0,6862.8,315,0,0,0,0
"1198",2024-03-05,3,45,6851.8,315,0,0,21.856050955414,0,0,6862.8,315,0,0,0,0
"1199",2024-03-05,3,50,6851.8,315,0,0,21.856050955414,0,0,6862.8,315,0,0,0,0
"1200",2024-03-05,3,55,6829.8,314,0,0,21.856050955414,0,0,6862.8,315,0,0,0,0
"1201",2024-03-05,4,0,6829.8,314,0,0,23.5120253164557,0,0,7429.8,316,0,0,0,0
"1202",2024-03-05,4,5,6829.8,314,0,0,23.5120253164557,0,0,7429.8,316,0,0,0,0
"1203",2024-03-05,4,10,7129.8,315,0,0,23.5120253164557,0,0,7429.8,316,0,0,0,0
"1204",2024-03-05,4,15,7129.8,315,0,0,23.5120253164557,0,0,7429.8,316,0,0,0,0
"1205",2024-03-05,4,20,7129.8,315,0,0,23.5120253164557,0,0,7429.8,316,0,0,0,0
"1206",2024-03-05,4,25,7429.8,316,0,0,23.5120253164557,0,0,7429.8,316,0,0,0,0
"1207",2024-03-05,4,30,7429.8,316,0,0,23.5120253164557,0,0,7429.8,316,0,0,0,0
"1208",2024-03-05,4,35,7279.8,315,0,0,23.5120253164557,0,0,7429.8,316,0,0,0,0
"1209",2024-03-05,4,40,6979.8,314,0,0,23.5120253164557,0,0,7429.8,316,0,0,0,0
"1210",2024-03-05,4,45,6979.8,314,0,0,23.5120253164557,0,0,7429.8,316,0,0,0,0
"1211",2024-03-05,4,50,6979.8,314,0,0,23.5120253164557,0,0,7429.8,316,0,0,0,0
"1212",2024-03-05,4,55,6979.8,314,0,0,23.5120253164557,0,0,7429.8,316,0,0,0,0
"1213",2024-03-05,5,0,6979.8,314,0,0,23.117571884984,0,0,7279.8,315,0,0,0,0
"1214",2024-03-05,5,5,6979.8,314,0,0,23.117571884984,0,0,7279.8,315,0,0,0,0
"1215",2024-03-05,5,10,6979.8,314,0,0,23.117571884984,0,0,7279.8,315,0,0,0,0
"1216",2024-03-05,5,15,7279.8,315,0,0,23.117571884984,0,0,7279.8,315,0,0,0,0
"1217",2024-03-05,5,20,7279.8,315,0,0,23.117571884984,0,0,7279.8,315,0,0,0,0
"1218",2024-03-05,5,25,7279.8,315,0,0,23.117571884984,0,0,7279.8,315,0,0,0,0
"1219",2024-03-05,5,30,7257.8,314,0,0,23.117571884984,0,0,7279.8,315,0,0,0,0
"1220",2024-03-05,5,35,7257.8,314,0,0,23.117571884984,0,0,7279.8,315,0,0,0,0
"1221",2024-03-05,5,40,7257.8,314,0,0,23.117571884984,0,0,7279.8,315,0,0,0,0
"1222",2024-03-05,5,45,7257.8,314,0,0,23.117571884984,0,0,7279.8,315,0,0,0,0
"1223",2024-03-05,5,50,7257.8,314,0,0,23.117571884984,0,0,7279.8,315,0,0,0,0
"1224",2024-03-05,5,55,7235.8,313,0,0,23.117571884984,0,0,7279.8,315,0,0,0,0
"1225",2024-03-05,6,0,6935.8,312,0,0,22.2301282051282,0,0,6935.8,316,0,0,0,0
"1226",2024-03-05,6,5,6774.8,310,0,0,22.2301282051282,0,0,6935.8,316,0,0,0,0
"1227",2024-03-05,6,10,6774.8,310,0,0,22.2301282051282,0,0,6935.8,316,0,0,0,0
"1228",2024-03-05,6,15,6752.8,309,0,0,22.2301282051282,0,0,6935.8,316,0,0,0,0
"1229",2024-03-05,6,20,6752.8,309,0,0,22.2301282051282,0,0,6935.8,316,0,0,0,0
"1230",2024-03-05,6,25,6752.8,309,0,0,22.2301282051282,0,0,6935.8,316,0,0,0,0
"1231",2024-03-05,6,30,6752.8,309,0,0,22.2301282051282,0,0,6935.8,316,0,0,0,0
"1232",2024-03-05,6,35,5733.8,270,0,0,22.2301282051282,0,0,6935.8,316,0,0,0,0
"1233",2024-03-05,6,40,6679.8,313,0,0,22.2301282051282,0,0,6935.8,316,0,0,0,0
"1234",2024-03-05,6,45,6701.8,314,0,0,22.2301282051282,0,0,6935.8,316,0,0,0,0
"1235",2024-03-05,6,50,6832.8,316,0,0,22.2301282051282,0,0,6935.8,316,0,0,0,0
"1236",2024-03-05,6,55,6843.8,316,0,0,22.2301282051282,0,0,6935.8,316,0,0,0,0
"1237",2024-03-05,7,0,6810.8,315,0,0,25.1,0,0,8797.8,364,0,0,0,0
"1238",2024-03-05,7,5,7284.8,318,0,0,25.1,0,0,8797.8,364,0,0,0,0
"1239",2024-03-05,7,10,7693.8,320,0,0,25.1,0,0,8797.8,364,0,0,0,0
"1240",2024-03-05,7,15,7500.1,323,0,0,25.1,0,0,8797.8,364,0,0,0,0
"1241",2024-03-05,7,20,7306.8,319,0,0,25.1,0,0,8797.8,364,0,0,0,0
"1242",2024-03-05,7,25,7116.8,326,0,0,25.1,0,0,8797.8,364,0,0,0,0
"1243",2024-03-05,7,30,7760.8,331,0,0,25.1,0,0,8797.8,364,0,0,0,0
"1244",2024-03-05,7,35,8379.8,343,0,0,25.1,0,0,8797.8,364,0,0,0,0
"1245",2024-03-05,7,40,8734.8,348,0,0,25.1,0,0,8797.8,364,0,0,0,0
"1246",2024-03-05,7,45,8566.8,353,0,0,25.1,0,0,8797.8,364,0,0,0,0
"1247",2024-03-05,7,50,8676.8,358,0,0,25.1,0,0,8797.8,364,0,0,0,0
"1248",2024-03-05,7,55,8797.8,364,0,0,25.1,0,0,8797.8,364,0,0,0,0
"1249",2024-03-05,8,0,8946.1,370,0,0,27.7104513064133,0,0,11666.1,421,0,0,0,0
"1250",2024-03-05,8,5,9024.1,371,0,0,27.7104513064133,0,0,11666.1,421,0,0,0,0
"1251",2024-03-05,8,10,8704.1,374,0,0,27.7104513064133,0,0,11666.1,421,0,0,0,0
"1252",2024-03-05,8,15,8393.1,373,0,0,27.7104513064133,0,0,11666.1,421,0,0,0,0
"1253",2024-03-05,8,20,8680.1,384,0,0,27.7104513064133,0,0,11666.1,421,0,0,0,0
"1254",2024-03-05,8,25,8931.1,389,0,0,27.7104513064133,0,0,11666.1,421,0,0,0,0
"1255",2024-03-05,8,30,8998.1,388,0,0,27.7104513064133,0,0,11666.1,421,0,0,0,0
"1256",2024-03-05,8,35,9623.1,405,0,0,27.7104513064133,0,0,11666.1,421,0,0,0,0
"1257",2024-03-05,8,40,9890.1,402,0,0,27.7104513064133,0,0,11666.1,421,0,0,0,0
"1258",2024-03-05,8,45,10473.1,405,0,0,27.7104513064133,0,0,11666.1,421,0,0,0,0
"1259",2024-03-05,8,50,11317.1,414,0,0,27.7104513064133,0,0,11666.1,421,0,0,0,0
"1260",2024-03-05,8,55,11666.1,421,0,0,27.7104513064133,0,0,11666.1,421,0,0,0,0
"1261",2024-03-05,9,0,11496.1,431,0,0,26.6730858468677,0,0,13611.1,537,0,0,0,0
"1262",2024-03-05,9,5,11800.1,453,0,0,26.6730858468677,0,0,13611.1,537,0,0,0,0
"1263",2024-03-05,9,10,11730.1,460,0,0,26.6730858468677,0,0,13611.1,537,0,0,0,0
"1264",2024-03-05,9,15,11618.1,470,0,0,26.6730858468677,0,0,13611.1,537,0,0,0,0
"1265",2024-03-05,9,20,11733.1,478,0,0,26.6730858468677,0,0,13611.1,537,0,0,0,0
"1266",2024-03-05,9,25,11864.1,480,0,0,26.6730858468677,0,0,13611.1,537,0,0,0,0
"1267",2024-03-05,9,30,12105.1,486,0,0,26.6730858468677,0,0,13611.1,537,0,0,0,0
"1268",2024-03-05,9,35,12637.1,519,0,0,26.6730858468677,0,0,13611.1,537,0,0,0,0
"1269",2024-03-05,9,40,12335.1,521,0,0,26.6730858468677,0,0,13611.1,537,0,0,0,0
"1270",2024-03-05,9,45,12291.1,519,0,0,26.6730858468677,0,0,13611.1,537,0,0,0,0
"1271",2024-03-05,9,50,13023.1,529,0,0,26.6730858468677,0,0,13611.1,537,0,0,0,0
"1272",2024-03-05,9,55,13611.1,537,0,0,26.6730858468677,0,0,13611.1,537,0,0,0,0
"1273",2024-03-05,10,45,14603.1,597,0,0,25.7884033613445,0,0,15436.1,601,0,0,0,0
"1274",2024-03-05,10,50,15436.1,601,0,0,25.7884033613445,0,0,15436.1,601,0,0,0,0
"1275",2024-03-05,10,55,15344.1,595,0,0,25.7884033613445,0,0,15436.1,601,0,0,0,0
"1276",2024-03-05,10,0,13901.1,543,0,0,25.7884033613445,0,0,15436.1,601,0,0,0,0
"1277",2024-03-05,10,5,13942.1,560,0,0,25.7884033613445,0,0,15436.1,601,0,0,0,0
"1278",2024-03-05,10,10,13925.1,565,0,0,25.7884033613445,0,0,15436.1,601,0,0,0,0
"1279",2024-03-05,10,15,13877.1,572,0,0,25.7884033613445,0,0,15436.1,601,0,0,0,0
"1280",2024-03-05,10,20,13837.1,570,0,0,25.7884033613445,0,0,15436.1,601,0,0,0,0
"1281",2024-03-05,10,25,13570.1,572,0,0,25.7884033613445,0,0,15436.1,601,0,0,0,0
"1282",2024-03-05,10,30,13167.1,577,0,0,25.7884033613445,0,0,15436.1,601,0,0,0,0
"1283",2024-03-05,10,35,14258.1,592,0,0,25.7884033613445,0,0,15436.1,601,0,0,0,0
"1284",2024-03-05,10,40,14815.1,593,0,0,25.7884033613445,0,0,15436.1,601,0,0,0,0
"1285",2024-03-05,11,0,14979.1,597,0,0,25.6388709677419,0,0,15896.1,625,0,0,0,0
"1286",2024-03-05,11,5,13803.1,597,0,0,25.6388709677419,0,0,15896.1,625,0,0,0,0
"1287",2024-03-05,11,10,13604.1,598,0,0,25.6388709677419,0,0,15896.1,625,0,0,0,0
"1288",2024-03-05,11,15,13898.1,600,0,0,25.6388709677419,0,0,15896.1,625,0,0,0,0
"1289",2024-03-05,11,20,14050.1,601,0,0,25.6388709677419,0,0,15896.1,625,0,0,0,0
"1290",2024-03-05,11,25,15005.1,609,0,0,25.6388709677419,0,0,15896.1,625,0,0,0,0
"1291",2024-03-05,11,30,15305.1,610,0,0,25.6388709677419,0,0,15896.1,625,0,0,0,0
"1292",2024-03-05,11,35,15896.1,620,0,0,25.6388709677419,0,0,15896.1,625,0,0,0,0
"1293",2024-03-05,11,40,15818.1,622,0,0,25.6388709677419,0,0,15896.1,625,0,0,0,0
"1294",2024-03-05,11,45,15373.1,622,0,0,25.6388709677419,0,0,15896.1,625,0,0,0,0
"1295",2024-03-05,11,50,15460.1,625,0,0,25.6388709677419,0,0,15896.1,625,0,0,0,0
"1296",2024-03-05,11,55,15154.1,620,0,0,25.6388709677419,0,0,15896.1,625,0,0,0,0
"1297",2024-03-05,12,45,14988.1,598,0,0,26.4322847682119,0,0,16038.1,627,0,0,0,0
"1298",2024-03-05,12,50,14254.1,593,0,0,26.4322847682119,0,0,16038.1,627,0,0,0,0
"1299",2024-03-05,12,0,15509.1,624,0,0,26.4322847682119,0,0,16038.1,627,0,0,0,0
"1300",2024-03-05,12,5,15578.1,623,0,0,26.4322847682119,0,0,16038.1,627,0,0,0,0
"1301",2024-03-05,12,10,15790.1,627,0,0,26.4322847682119,0,0,16038.1,627,0,0,0,0
"1302",2024-03-05,12,15,15886.1,625,0,0,26.4322847682119,0,0,16038.1,627,0,0,0,0
"1303",2024-03-05,12,20,15168.1,617,0,0,26.4322847682119,0,0,16038.1,627,0,0,0,0
"1304",2024-03-05,12,25,15561.1,615,0,0,26.4322847682119,0,0,16038.1,627,0,0,0,0
"1305",2024-03-05,12,30,16038.1,617,0,0,26.4322847682119,0,0,16038.1,627,0,0,0,0
"1306",2024-03-05,12,35,15965.1,604,0,0,26.4322847682119,0,0,16038.1,627,0,0,0,0
"1307",2024-03-05,12,40,15533.1,597,0,0,26.4322847682119,0,0,16038.1,627,0,0,0,0
"1308",2024-03-05,12,55,14106.1,584,0,0,26.4322847682119,0,0,16038.1,627,0,0,0,0
"1309",2024-03-05,13,15,16112.1,577,0,0,28.9603806228374,0,0,16739.1,583,0,0,0,0
"1310",2024-03-05,13,20,16739.1,578,0,0,28.9603806228374,0,0,16739.1,583,0,0,0,0
"1311",2024-03-05,13,25,16074.1,578,0,0,28.9603806228374,0,0,16739.1,583,0,0,0,0
"1312",2024-03-05,13,30,15991.1,578,0,0,28.9603806228374,0,0,16739.1,583,0,0,0,0
"1313",2024-03-05,13,35,15925.1,583,0,0,28.9603806228374,0,0,16739.1,583,0,0,0,0
"1314",2024-03-05,13,40,15395.1,575,0,0,28.9603806228374,0,0,16739.1,583,0,0,0,0
"1315",2024-03-05,13,45,15443.1,575,0,0,28.9603806228374,0,0,16739.1,583,0,0,0,0
"1316",2024-03-05,13,50,15606.1,577,0,0,28.9603806228374,0,0,16739.1,583,0,0,0,0
"1317",2024-03-05,13,55,15886.1,580,0,0,28.9603806228374,0,0,16739.1,583,0,0,0,0
"1318",2024-03-05,13,0,14553.1,581,0,0,28.9603806228374,0,0,16739.1,583,0,0,0,0
"1319",2024-03-05,13,5,15622.1,581,0,0,28.9603806228374,0,0,16739.1,583,0,0,0,0
"1320",2024-03-05,13,10,16079.1,576,0,0,28.9603806228374,0,0,16739.1,583,0,0,0,0
"1321",2024-03-05,14,0,16203.1,585,0,0,30.3770797962649,0,0,17892.1,596,0,0,0,0
"1322",2024-03-05,14,5,16139.1,588,0,0,30.3770797962649,0,0,17892.1,596,0,0,0,0
"1323",2024-03-05,14,10,16758.1,591,0,0,30.3770797962649,0,0,17892.1,596,0,0,0,0
"1324",2024-03-05,14,15,16764.1,593,0,0,30.3770797962649,0,0,17892.1,596,0,0,0,0
"1325",2024-03-05,14,20,17136.1,592,0,0,30.3770797962649,0,0,17892.1,596,0,0,0,0
"1326",2024-03-05,14,25,16939.1,589,0,0,30.3770797962649,0,0,17892.1,596,0,0,0,0
"1327",2024-03-05,14,30,17232.1,596,0,0,30.3770797962649,0,0,17892.1,596,0,0,0,0
"1328",2024-03-05,14,35,17892.1,589,0,0,30.3770797962649,0,0,17892.1,596,0,0,0,0
"1329",2024-03-05,14,40,17314.1,588,0,0,30.3770797962649,0,0,17892.1,596,0,0,0,0
"1330",2024-03-05,14,45,16356.7,590,0,0,30.3770797962649,0,0,17892.1,596,0,0,0,0
"1331",2024-03-05,14,50,14462.7,582,0,0,30.3770797962649,0,0,17892.1,596,0,0,0,0
"1332",2024-03-05,14,55,14401.7,585,0,0,30.3770797962649,0,0,17892.1,596,0,0,0,0
"1333",2024-03-05,15,0,14711.7,591,0,0,29.3429319371728,0,0,16194.7,618,0,0,0,0
"1334",2024-03-05,15,5,15176.7,599,0,0,29.3429319371728,0,0,16194.7,618,0,0,0,0
"1335",2024-03-05,15,10,11209,382,0,0,29.3429319371728,0,0,16194.7,618,0,0,0,0
"1336",2024-03-05,15,15,15106.7,606,0,0,29.3429319371728,0,0,16194.7,618,0,0,0,0
"1337",2024-03-05,15,20,15710.7,609,0,0,29.3429319371728,0,0,16194.7,618,0,0,0,0
"1338",2024-03-05,15,25,15756.7,607,0,0,29.3429319371728,0,0,16194.7,618,0,0,0,0
"1339",2024-03-05,15,30,16194.7,613,0,0,29.3429319371728,0,0,16194.7,618,0,0,0,0
"1340",2024-03-05,15,35,15144.7,611,0,0,29.3429319371728,0,0,16194.7,618,0,0,0,0
"1341",2024-03-05,15,40,14969.7,614,0,0,29.3429319371728,0,0,16194.7,618,0,0,0,0
"1342",2024-03-05,15,45,15414.7,618,0,0,29.3429319371728,0,0,16194.7,618,0,0,0,0
"1343",2024-03-05,15,50,14971.7,610,0,0,29.3429319371728,0,0,16194.7,618,0,0,0,0
"1344",2024-03-05,15,55,15312.7,615,0,0,29.3429319371728,0,0,16194.7,618,0,0,0,0
"1345",2024-03-05,16,0,15204.7,610,0,0,27.4028099173554,0,0,16578.7,611,0,0,0,0
"1346",2024-03-05,16,5,15602.7,606,0,0,27.4028099173554,0,0,16578.7,611,0,0,0,0
"1347",2024-03-05,16,10,16315.7,611,0,0,27.4028099173554,0,0,16578.7,611,0,0,0,0
"1348",2024-03-05,16,15,15722.7,608,0,0,27.4028099173554,0,0,16578.7,611,0,0,0,0
"1349",2024-03-05,16,20,16150.7,609,0,0,27.4028099173554,0,0,16578.7,611,0,0,0,0
"1350",2024-03-05,16,25,16578.7,605,0,0,27.4028099173554,0,0,16578.7,611,0,0,0,0
"1351",2024-03-05,16,30,16367.7,605,0,0,27.4028099173554,0,0,16578.7,611,0,0,0,0
"1352",2024-03-05,16,35,16295.7,600,0,0,27.4028099173554,0,0,16578.7,611,0,0,0,0
"1353",2024-03-05,16,40,16157.7,593,0,0,27.4028099173554,0,0,16578.7,611,0,0,0,0
"1354",2024-03-05,16,45,15928.7,595,0,0,27.4028099173554,0,0,16578.7,611,0,0,0,0
"1355",2024-03-05,16,50,16142.7,598,0,0,27.4028099173554,0,0,16578.7,611,0,0,0,0
"1356",2024-03-05,16,55,16119.7,596,0,0,27.4028099173554,0,0,16578.7,611,0,0,0,0
"1357",2024-03-05,17,0,16093.7,598,0,0,27.5967013888889,0,0,16093.7,598,0,0,0,0
"1358",2024-03-05,17,5,15605.7,587,0,0,27.5967013888889,0,0,16093.7,598,0,0,0,0
"1359",2024-03-05,17,10,15833.7,584,0,0,27.5967013888889,0,0,16093.7,598,0,0,0,0
"1360",2024-03-05,17,15,15478.7,581,0,0,27.5967013888889,0,0,16093.7,598,0,0,0,0
"1361",2024-03-05,17,20,15605.7,579,0,0,27.5967013888889,0,0,16093.7,598,0,0,0,0
"1362",2024-03-05,17,25,15825.7,580,0,0,27.5967013888889,0,0,16093.7,598,0,0,0,0
"1363",2024-03-05,17,30,15895.7,576,0,0,27.5967013888889,0,0,16093.7,598,0,0,0,0
"1364",2024-03-05,17,35,13965.7,557,0,0,27.5967013888889,0,0,16093.7,598,0,0,0,0
"1365",2024-03-05,17,40,13828.7,553,0,0,27.5967013888889,0,0,16093.7,598,0,0,0,0
"1366",2024-03-05,17,45,13473.7,550,0,0,27.5967013888889,0,0,16093.7,598,0,0,0,0
"1367",2024-03-05,17,50,13141.7,541,0,0,27.5967013888889,0,0,16093.7,598,0,0,0,0
"1368",2024-03-05,17,55,12699.7,533,0,0,27.5967013888889,0,0,16093.7,598,0,0,0,0
"1369",2024-03-05,18,0,13165.7,538,0,0,29.4490486257928,0,0,14629.4,540,0,0,0,0
"1370",2024-03-05,18,5,13712.4,540,0,0,29.4490486257928,0,0,14629.4,540,0,0,0,0
"1371",2024-03-05,18,10,13639.4,533,0,0,29.4490486257928,0,0,14629.4,540,0,0,0,0
"1372",2024-03-05,18,15,13731.4,527,0,0,29.4490486257928,0,0,14629.4,540,0,0,0,0
"1373",2024-03-05,18,20,13513.4,523,0,0,29.4490486257928,0,0,14629.4,540,0,0,0,0
"1374",2024-03-05,18,25,14200.4,516,0,0,29.4490486257928,0,0,14629.4,540,0,0,0,0
"1375",2024-03-05,18,30,14475.4,517,0,0,29.4490486257928,0,0,14629.4,540,0,0,0,0
"1376",2024-03-05,18,35,14629.4,500,0,0,29.4490486257928,0,0,14629.4,540,0,0,0,0
"1377",2024-03-05,18,40,13980.4,491,0,0,29.4490486257928,0,0,14629.4,540,0,0,0,0
"1378",2024-03-05,18,45,13142.4,484,0,0,29.4490486257928,0,0,14629.4,540,0,0,0,0
"1379",2024-03-05,18,50,13504.4,478,0,0,29.4490486257928,0,0,14629.4,540,0,0,0,0
"1380",2024-03-05,18,55,13929.4,473,0,0,29.4490486257928,0,0,14629.4,540,0,0,0,0
"1381",2024-03-05,19,0,13987.4,473,0,0,30.4587837837838,0,0,13987.4,473,0,0,0,0
"1382",2024-03-05,19,5,13358.4,471,0,0,30.4587837837838,0,0,13987.4,473,0,0,0,0
"1383",2024-03-05,19,10,13231.4,469,0,0,30.4587837837838,0,0,13987.4,473,0,0,0,0
"1384",2024-03-05,19,15,13072.4,462,0,0,30.4587837837838,0,0,13987.4,473,0,0,0,0
"1385",2024-03-05,19,20,12903.4,461,0,0,30.4587837837838,0,0,13987.4,473,0,0,0,0
"1386",2024-03-05,19,25,12797.4,463,0,0,30.4587837837838,0,0,13987.4,473,0,0,0,0
"1387",2024-03-05,19,30,13430.4,465,0,0,30.4587837837838,0,0,13987.4,473,0,0,0,0
"1388",2024-03-05,19,35,13161.4,458,0,0,30.4587837837838,0,0,13987.4,473,0,0,0,0
"1389",2024-03-05,19,40,13073.4,454,0,0,30.4587837837838,0,0,13987.4,473,0,0,0,0
"1390",2024-03-05,19,45,13727.4,453,0,0,30.4587837837838,0,0,13987.4,473,0,0,0,0
"1391",2024-03-05,19,50,13419.1,451,0,0,30.4587837837838,0,0,13987.4,473,0,0,0,0
"1392",2024-03-05,19,55,13523.7,444,0,0,30.4587837837838,0,0,13987.4,473,0,0,0,0
"1393",2024-03-05,20,5,12917.4,447,0,0,30.4237136465324,0,0,13599.4,447,0,0,0,0
"1394",2024-03-05,20,10,12828.4,443,0,0,30.4237136465324,0,0,13599.4,447,0,0,0,0
"1395",2024-03-05,20,15,12720.4,439,0,0,30.4237136465324,0,0,13599.4,447,0,0,0,0
"1396",2024-03-05,20,20,12415.4,437,0,0,30.4237136465324,0,0,13599.4,447,0,0,0,0
"1397",2024-03-05,20,25,12080.4,431,0,0,30.4237136465324,0,0,13599.4,447,0,0,0,0
"1398",2024-03-05,20,30,12058.4,430,0,0,30.4237136465324,0,0,13599.4,447,0,0,0,0
"1399",2024-03-05,20,35,11185.4,423,0,0,30.4237136465324,0,0,13599.4,447,0,0,0,0
"1400",2024-03-05,20,40,11103.4,422,0,0,30.4237136465324,0,0,13599.4,447,0,0,0,0
"1401",2024-03-05,20,45,10349.4,419,0,0,30.4237136465324,0,0,13599.4,447,0,0,0,0
"1402",2024-03-05,20,50,10066.4,418,0,0,30.4237136465324,0,0,13599.4,447,0,0,0,0
"1403",2024-03-05,20,55,9676.4,416,0,0,30.4237136465324,0,0,13599.4,447,0,0,0,0
"1404",2024-03-05,20,0,13599.4,447,0,0,30.4237136465324,0,0,13599.4,447,0,0,0,0
"1405",2024-03-05,21,0,10148.4,420,0,0,24.8608076009501,0,0,10466.4,421,0,0,0,0
"1406",2024-03-05,21,5,10266.4,421,0,0,24.8608076009501,0,0,10466.4,421,0,0,0,0
"1407",2024-03-05,21,10,10466.4,421,0,0,24.8608076009501,0,0,10466.4,421,0,0,0,0
"1408",2024-03-05,21,15,9788.4,418,0,0,24.8608076009501,0,0,10466.4,421,0,0,0,0
"1409",2024-03-05,21,20,9810.4,419,0,0,24.8608076009501,0,0,10466.4,421,0,0,0,0
"1410",2024-03-05,21,25,9777.4,418,0,0,24.8608076009501,0,0,10466.4,421,0,0,0,0
"1411",2024-03-05,21,30,9766.4,418,0,0,24.8608076009501,0,0,10466.4,421,0,0,0,0
"1412",2024-03-05,21,35,9592.4,406,0,0,24.8608076009501,0,0,10466.4,421,0,0,0,0
"1413",2024-03-05,21,40,9742.4,407,0,0,24.8608076009501,0,0,10466.4,421,0,0,0,0
"1414",2024-03-05,21,45,9687.4,404,0,0,24.8608076009501,0,0,10466.4,421,0,0,0,0
"1415",2024-03-05,21,50,9621.4,401,0,0,24.8608076009501,0,0,10466.4,421,0,0,0,0
"1416",2024-03-05,21,55,9683.4,397,0,0,24.8608076009501,0,0,10466.4,421,0,0,0,0
"1417",2024-03-05,22,5,8686.4,388,0,0,25.0036553524804,0,0,9683.4,397,0,0,0,0
"1418",2024-03-05,22,10,8697.4,388,0,0,25.0036553524804,0,0,9683.4,397,0,0,0,0
"1419",2024-03-05,22,15,9019.4,390,0,0,25.0036553524804,0,0,9683.4,397,0,0,0,0
"1420",2024-03-05,22,20,8636.4,387,0,0,25.0036553524804,0,0,9683.4,397,0,0,0,0
"1421",2024-03-05,22,25,8674.4,387,0,0,25.0036553524804,0,0,9683.4,397,0,0,0,0
"1422",2024-03-05,22,30,8974.4,388,0,0,25.0036553524804,0,0,9683.4,397,0,0,0,0
"1423",2024-03-05,22,35,9452.4,386,0,0,25.0036553524804,0,0,9683.4,397,0,0,0,0
"1424",2024-03-05,22,40,9544.4,383,0,0,25.0036553524804,0,0,9683.4,397,0,0,0,0
"1425",2024-03-05,22,45,9309.4,384,0,0,25.0036553524804,0,0,9683.4,397,0,0,0,0
"1426",2024-03-05,22,50,9609.4,385,0,0,25.0036553524804,0,0,9683.4,397,0,0,0,0
"1427",2024-03-05,22,55,9576.4,383,0,0,25.0036553524804,0,0,9683.4,397,0,0,0,0
"1428",2024-03-05,22,0,9683.4,397,0,0,25.0036553524804,0,0,9683.4,397,0,0,0,0
"1429",2024-03-05,23,0,9265.4,381,0,0,25.1809523809524,0,0,9542.4,381,0,0,0,0
"1430",2024-03-05,23,5,9536.4,381,0,0,25.1809523809524,0,0,9542.4,381,0,0,0,0
"1431",2024-03-05,23,10,9542.4,380,0,0,25.1809523809524,0,0,9542.4,381,0,0,0,0
"1432",2024-03-05,23,15,9518.4,378,0,0,25.1809523809524,0,0,9542.4,381,0,0,0,0
"1433",2024-03-05,23,20,9196.4,376,0,0,25.1809523809524,0,0,9542.4,381,0,0,0,0
"1434",2024-03-05,23,25,8797.4,369,0,0,25.1809523809524,0,0,9542.4,381,0,0,0,0
"1435",2024-03-05,23,30,9332.4,374,0,0,25.1809523809524,0,0,9542.4,381,0,0,0,0
"1436",2024-03-05,23,35,8833.7,362,0,0,25.1809523809524,0,0,9542.4,381,0,0,0,0
"1437",2024-03-05,23,40,8511.7,360,0,0,25.1809523809524,0,0,9542.4,381,0,0,0,0
"1438",2024-03-05,23,45,8339.7,359,0,0,25.1809523809524,0,0,9542.4,381,0,0,0,0
"1439",2024-03-05,23,50,8148.7,357,0,0,25.1809523809524,0,0,9542.4,381,0,0,0,0
"1440",2024-03-05,23,55,8078.7,355,0,0,25.1809523809524,0,0,9542.4,381,0,0,0,0
"1441",2024-03-06,0,0,9056.7,379,0,0,23.8963060686016,0,0,9056.7,379,0,0,0,0
"1442",2024-03-06,0,5,8028.7,363,0,0,23.8963060686016,0,0,9056.7,379,0,0,0,0
"1443",2024-03-06,0,10,8054.7,360,0,0,23.8963060686016,0,0,9056.7,379,0,0,0,0
"1444",2024-03-06,0,15,7840.7,356,0,0,23.8963060686016,0,0,9056.7,379,0,0,0,0
"1445",2024-03-06,0,20,7968.7,356,0,0,23.8963060686016,0,0,9056.7,379,0,0,0,0
"1446",2024-03-06,0,25,8148.7,358,0,0,23.8963060686016,0,0,9056.7,379,0,0,0,0
"1447",2024-03-06,0,30,7998.7,357,0,0,23.8963060686016,0,0,9056.7,379,0,0,0,0
"1448",2024-03-06,0,35,8191.7,356,0,0,23.8963060686016,0,0,9056.7,379,0,0,0,0
"1449",2024-03-06,0,40,8162.4,356,0,0,23.8963060686016,0,0,9056.7,379,0,0,0,0
"1450",2024-03-06,0,45,7584.4,355,0,0,23.8963060686016,0,0,9056.7,379,0,0,0,0
"1451",2024-03-06,0,50,7884.4,356,0,0,23.8963060686016,0,0,9056.7,379,0,0,0,0
"1452",2024-03-06,0,55,7906.4,357,0,0,23.8963060686016,0,0,9056.7,379,0,0,0,0
"1453",2024-03-06,1,0,7721.7,339,0,0,22.8579411764706,0,0,7793.7,341,0,0,0,0
"1454",2024-03-06,1,5,7771.7,340,0,0,22.8579411764706,0,0,7793.7,341,0,0,0,0
"1455",2024-03-06,1,10,7793.7,341,0,0,22.8579411764706,0,0,7793.7,341,0,0,0,0
"1456",2024-03-06,1,15,7793.7,341,0,0,22.8579411764706,0,0,7793.7,341,0,0,0,0
"1457",2024-03-06,1,20,7793.7,341,0,0,22.8579411764706,0,0,7793.7,341,0,0,0,0
"1458",2024-03-06,1,25,7643.7,340,0,0,22.8579411764706,0,0,7793.7,341,0,0,0,0
"1459",2024-03-06,1,30,7643.7,340,0,0,22.8579411764706,0,0,7793.7,341,0,0,0,0
"1460",2024-03-06,1,35,7443.7,338,0,0,22.8579411764706,0,0,7793.7,341,0,0,0,0
"1461",2024-03-06,1,40,7443.7,338,0,0,22.8579411764706,0,0,7793.7,341,0,0,0,0
"1462",2024-03-06,1,45,7443.7,338,0,0,22.8579411764706,0,0,7793.7,341,0,0,0,0
"1463",2024-03-06,1,50,7443.7,338,0,0,22.8579411764706,0,0,7793.7,341,0,0,0,0
"1464",2024-03-06,1,55,7465.7,339,0,0,22.8579411764706,0,0,7793.7,341,0,0,0,0
"1465",2024-03-06,2,0,7465.7,339,0,0,22.1368263473054,0,0,7465.7,339,0,0,0,0
"1466",2024-03-06,2,5,7366.7,335,0,0,22.1368263473054,0,0,7465.7,339,0,0,0,0
"1467",2024-03-06,2,10,7366.7,335,0,0,22.1368263473054,0,0,7465.7,339,0,0,0,0
"1468",2024-03-06,2,15,7426.7,336,0,0,22.1368263473054,0,0,7465.7,339,0,0,0,0
"1469",2024-03-06,2,20,7426.7,336,0,0,22.1368263473054,0,0,7465.7,339,0,0,0,0
"1470",2024-03-06,2,25,7382.7,334,0,0,22.1368263473054,0,0,7465.7,339,0,0,0,0
"1471",2024-03-06,2,30,7382.7,334,0,0,22.1368263473054,0,0,7465.7,339,0,0,0,0
"1472",2024-03-06,2,35,7393.7,334,0,0,22.1368263473054,0,0,7465.7,339,0,0,0,0
"1473",2024-03-06,2,40,7393.7,334,0,0,22.1368263473054,0,0,7465.7,339,0,0,0,0
"1474",2024-03-06,2,45,7415.7,335,0,0,22.1368263473054,0,0,7465.7,339,0,0,0,0
"1475",2024-03-06,2,50,7415.7,335,0,0,22.1368263473054,0,0,7465.7,339,0,0,0,0
"1476",2024-03-06,2,55,7415.7,335,0,0,22.1368263473054,0,0,7465.7,339,0,0,0,0
"1477",2024-03-06,3,0,7415.7,335,0,0,23.4841317365269,0,0,7860.7,337,0,0,0,0
"1478",2024-03-06,3,5,7554.7,334,0,0,23.4841317365269,0,0,7860.7,337,0,0,0,0
"1479",2024-03-06,3,10,7554.7,334,0,0,23.4841317365269,0,0,7860.7,337,0,0,0,0
"1480",2024-03-06,3,15,7554.7,334,0,0,23.4841317365269,0,0,7860.7,337,0,0,0,0
"1481",2024-03-06,3,20,7554.7,334,0,0,23.4841317365269,0,0,7860.7,337,0,0,0,0
"1482",2024-03-06,3,25,7843.7,334,0,0,23.4841317365269,0,0,7860.7,337,0,0,0,0
"1483",2024-03-06,3,30,7783.7,333,0,0,23.4841317365269,0,0,7860.7,337,0,0,0,0
"1484",2024-03-06,3,35,7860.7,337,0,0,23.4841317365269,0,0,7860.7,337,0,0,0,0
"1485",2024-03-06,3,40,7860.7,337,0,0,23.4841317365269,0,0,7860.7,337,0,0,0,0
"1486",2024-03-06,3,45,7860.7,337,0,0,23.4841317365269,0,0,7860.7,337,0,0,0,0
"1487",2024-03-06,3,50,7860.7,337,0,0,23.4841317365269,0,0,7860.7,337,0,0,0,0
"1488",2024-03-06,3,55,7560.7,336,0,0,23.4841317365269,0,0,7860.7,337,0,0,0,0
"1489",2024-03-06,4,0,7740.7,337,0,0,23.6776785714286,0,0,7955.7,337,0,0,0,0
"1490",2024-03-06,4,5,7740.7,337,0,0,23.6776785714286,0,0,7955.7,337,0,0,0,0
"1491",2024-03-06,4,10,7549.7,336,0,0,23.6776785714286,0,0,7955.7,337,0,0,0,0
"1492",2024-03-06,4,15,7549.7,336,0,0,23.6776785714286,0,0,7955.7,337,0,0,0,0
"1493",2024-03-06,4,20,7549.7,336,0,0,23.6776785714286,0,0,7955.7,337,0,0,0,0
"1494",2024-03-06,4,25,7549.7,336,0,0,23.6776785714286,0,0,7955.7,337,0,0,0,0
"1495",2024-03-06,4,30,7549.7,336,0,0,23.6776785714286,0,0,7955.7,337,0,0,0,0
"1496",2024-03-06,4,35,7655.7,335,0,0,23.6776785714286,0,0,7955.7,337,0,0,0,0
"1497",2024-03-06,4,40,7655.7,335,0,0,23.6776785714286,0,0,7955.7,337,0,0,0,0
"1498",2024-03-06,4,45,7955.7,336,0,0,23.6776785714286,0,0,7955.7,337,0,0,0,0
"1499",2024-03-06,4,50,7955.7,336,0,0,23.6776785714286,0,0,7955.7,337,0,0,0,0
"1500",2024-03-06,4,55,7955.7,336,0,0,23.6776785714286,0,0,7955.7,337,0,0,0,0
"1501",2024-03-06,5,0,7955.7,336,0,0,24.4902366863905,0,0,8277.7,338,0,0,0,0
"1502",2024-03-06,5,5,7977.7,337,0,0,24.4902366863905,0,0,8277.7,338,0,0,0,0
"1503",2024-03-06,5,10,7977.7,337,0,0,24.4902366863905,0,0,8277.7,338,0,0,0,0
"1504",2024-03-06,5,15,7977.7,337,0,0,24.4902366863905,0,0,8277.7,338,0,0,0,0
"1505",2024-03-06,5,20,7977.7,337,0,0,24.4902366863905,0,0,8277.7,338,0,0,0,0
"1506",2024-03-06,5,25,7977.7,337,0,0,24.4902366863905,0,0,8277.7,338,0,0,0,0
"1507",2024-03-06,5,30,7977.7,337,0,0,24.4902366863905,0,0,8277.7,338,0,0,0,0
"1508",2024-03-06,5,35,7999.7,338,0,0,24.4902366863905,0,0,8277.7,338,0,0,0,0
"1509",2024-03-06,5,40,7999.7,338,0,0,24.4902366863905,0,0,8277.7,338,0,0,0,0
"1510",2024-03-06,5,45,7999.7,338,0,0,24.4902366863905,0,0,8277.7,338,0,0,0,0
"1511",2024-03-06,5,50,7977.7,337,0,0,24.4902366863905,0,0,8277.7,338,0,0,0,0
"1512",2024-03-06,5,55,8277.7,338,0,0,24.4902366863905,0,0,8277.7,338,0,0,0,0
"1513",2024-03-06,6,0,7977.7,337,0,0,23.7056886227545,0,0,7977.7,341,0,0,0,0
"1514",2024-03-06,6,5,7743.7,339,0,0,23.7056886227545,0,0,7977.7,341,0,0,0,0
"1515",2024-03-06,6,10,7765.7,341,0,0,23.7056886227545,0,0,7977.7,341,0,0,0,0
"1516",2024-03-06,6,15,7765.7,341,0,0,23.7056886227545,0,0,7977.7,341,0,0,0,0
"1517",2024-03-06,6,20,7765.7,341,0,0,23.7056886227545,0,0,7977.7,341,0,0,0,0
"1518",2024-03-06,6,25,7743.7,340,0,0,23.7056886227545,0,0,7977.7,341,0,0,0,0
"1519",2024-03-06,6,30,7743.7,340,0,0,23.7056886227545,0,0,7977.7,341,0,0,0,0
"1520",2024-03-06,6,35,7677.7,336,0,0,23.7056886227545,0,0,7977.7,341,0,0,0,0
"1521",2024-03-06,6,40,7617.7,333,0,0,23.7056886227545,0,0,7977.7,341,0,0,0,0
"1522",2024-03-06,6,45,7595.7,332,0,0,23.7056886227545,0,0,7977.7,341,0,0,0,0
"1523",2024-03-06,6,50,7617.7,333,0,0,23.7056886227545,0,0,7977.7,341,0,0,0,0
"1524",2024-03-06,6,55,7917.7,334,0,0,23.7056886227545,0,0,7977.7,341,0,0,0,0
"1525",2024-03-06,7,0,7983.7,337,0,0,25.2661931818182,0,0,9118.7,374,0,0,0,0
"1526",2024-03-06,7,5,8082.7,341,0,0,25.2661931818182,0,0,9118.7,374,0,0,0,0
"1527",2024-03-06,7,10,8093.7,341,0,0,25.2661931818182,0,0,9118.7,374,0,0,0,0
"1528",2024-03-06,7,15,8104.7,342,0,0,25.2661931818182,0,0,9118.7,374,0,0,0,0
"1529",2024-03-06,7,20,7749.7,338,0,0,25.2661931818182,0,0,9118.7,374,0,0,0,0
"1530",2024-03-06,7,25,7768,339,0,0,25.2661931818182,0,0,9118.7,374,0,0,0,0
"1531",2024-03-06,7,30,7854.7,341,0,0,25.2661931818182,0,0,9118.7,374,0,0,0,0
"1532",2024-03-06,7,35,8893.7,352,0,0,25.2661931818182,0,0,9118.7,374,0,0,0,0
"1533",2024-03-06,7,40,8986.7,362,0,0,25.2661931818182,0,0,9118.7,374,0,0,0,0
"1534",2024-03-06,7,45,9008.7,364,0,0,25.2661931818182,0,0,9118.7,374,0,0,0,0
"1535",2024-03-06,7,50,9118.7,373,0,0,25.2661931818182,0,0,9118.7,374,0,0,0,0
"1536",2024-03-06,7,55,8928.7,374,0,0,25.2661931818182,0,0,9118.7,374,0,0,0,0
"1537",2024-03-06,8,15,9057.7,387,0,0,27.0199084668192,0,0,11901.7,442,0,0,0,0
"1538",2024-03-06,8,20,9184.7,394,0,0,27.0199084668192,0,0,11901.7,442,0,0,0,0
"1539",2024-03-06,8,25,9366.7,403,0,0,27.0199084668192,0,0,11901.7,442,0,0,0,0
"1540",2024-03-06,8,30,9499.7,404,0,0,27.0199084668192,0,0,11901.7,442,0,0,0,0
"1541",2024-03-06,8,35,10983.7,419,0,0,27.0199084668192,0,0,11901.7,442,0,0,0,0
"1542",2024-03-06,8,40,11049.7,423,0,0,27.0199084668192,0,0,11901.7,442,0,0,0,0
"1543",2024-03-06,8,45,11223.7,432,0,0,27.0199084668192,0,0,11901.7,442,0,0,0,0
"1544",2024-03-06,8,50,11807.7,437,0,0,27.0199084668192,0,0,11901.7,442,0,0,0,0
"1545",2024-03-06,8,55,11901.7,442,0,0,27.0199084668192,0,0,11901.7,442,0,0,0,0
"1546",2024-03-06,8,0,8673.7,380,0,0,27.0199084668192,0,0,11901.7,442,0,0,0,0
"1547",2024-03-06,8,5,8830.7,381,0,0,27.0199084668192,0,0,11901.7,442,0,0,0,0
"1548",2024-03-06,8,10,8991.7,384,0,0,27.0199084668192,0,0,11901.7,442,0,0,0,0
"1549",2024-03-06,9,0,11363.7,438,0,0,27.0732014388489,0,0,15052.7,567,0,0,0,0
"1550",2024-03-06,9,5,12650.7,487,0,0,27.0732014388489,0,0,15052.7,567,0,0,0,0
"1551",2024-03-06,9,10,12868.7,492,0,0,27.0732014388489,0,0,15052.7,567,0,0,0,0
"1552",2024-03-06,9,15,12970.7,499,0,0,27.0732014388489,0,0,15052.7,567,0,0,0,0
"1553",2024-03-06,9,20,12879.7,508,0,0,27.0732014388489,0,0,15052.7,567,0,0,0,0
"1554",2024-03-06,9,25,13566.7,517,0,0,27.0732014388489,0,0,15052.7,567,0,0,0,0
"1555",2024-03-06,9,30,14270.7,528,0,0,27.0732014388489,0,0,15052.7,567,0,0,0,0
"1556",2024-03-06,9,35,14522.7,549,0,0,27.0732014388489,0,0,15052.7,567,0,0,0,0
"1557",2024-03-06,9,40,14432.7,552,0,0,27.0732014388489,0,0,15052.7,567,0,0,0,0
"1558",2024-03-06,9,45,15052.7,556,0,0,27.0732014388489,0,0,15052.7,567,0,0,0,0
"1559",2024-03-06,9,50,14311.7,558,0,0,27.0732014388489,0,0,15052.7,567,0,0,0,0
"1560",2024-03-06,9,55,15029.7,567,0,0,27.0732014388489,0,0,15052.7,567,0,0,0,0
"1561",2024-03-06,10,0,15230.7,575,0,0,28.0094059405941,0,0,16973.7,622,0,0,0,0
"1562",2024-03-06,10,5,15648.7,601,0,0,28.0094059405941,0,0,16973.7,622,0,0,0,0
"1563",2024-03-06,10,10,15760.7,600,0,0,28.0094059405941,0,0,16973.7,622,0,0,0,0
"1564",2024-03-06,10,15,16040.7,601,0,0,28.0094059405941,0,0,16973.7,622,0,0,0,0
"1565",2024-03-06,10,20,16373.7,604,0,0,28.0094059405941,0,0,16973.7,622,0,0,0,0
"1566",2024-03-06,10,25,16973.7,606,0,0,28.0094059405941,0,0,16973.7,622,0,0,0,0
"1567",2024-03-06,10,30,16566.7,612,0,0,28.0094059405941,0,0,16973.7,622,0,0,0,0
"1568",2024-03-06,10,35,16626.7,622,0,0,28.0094059405941,0,0,16973.7,622,0,0,0,0
"1569",2024-03-06,10,40,16607.7,619,0,0,28.0094059405941,0,0,16973.7,622,0,0,0,0
"1570",2024-03-06,10,45,16268.7,618,0,0,28.0094059405941,0,0,16973.7,622,0,0,0,0
"1571",2024-03-06,10,50,16096.7,616,0,0,28.0094059405941,0,0,16973.7,622,0,0,0,0
"1572",2024-03-06,10,55,16218.7,617,0,0,28.0094059405941,0,0,16973.7,622,0,0,0,0
"1573",2024-03-06,11,0,16878.7,622,0,0,27.4995238095238,0,0,17324.7,653,0,0,0,0
"1574",2024-03-06,11,5,17026.7,631,0,0,27.4995238095238,0,0,17324.7,653,0,0,0,0
"1575",2024-03-06,11,10,17324.7,630,0,0,27.4995238095238,0,0,17324.7,653,0,0,0,0
"1576",2024-03-06,11,15,16573.7,633,0,0,27.4995238095238,0,0,17324.7,653,0,0,0,0
"1577",2024-03-06,11,20,16583.7,637,0,0,27.4995238095238,0,0,17324.7,653,0,0,0,0
"1578",2024-03-06,11,25,16203.7,641,0,0,27.4995238095238,0,0,17324.7,653,0,0,0,0
"1579",2024-03-06,11,30,16650.7,643,0,0,27.4995238095238,0,0,17324.7,653,0,0,0,0
"1580",2024-03-06,11,35,16630.7,651,0,0,27.4995238095238,0,0,17324.7,653,0,0,0,0
"1581",2024-03-06,11,40,16491.7,649,0,0,27.4995238095238,0,0,17324.7,653,0,0,0,0
"1582",2024-03-06,11,45,16535.7,652,0,0,27.4995238095238,0,0,17324.7,653,0,0,0,0
"1583",2024-03-06,11,50,16388.7,651,0,0,27.4995238095238,0,0,17324.7,653,0,0,0,0
"1584",2024-03-06,11,55,16230.7,653,0,0,27.4995238095238,0,0,17324.7,653,0,0,0,0
"1585",2024-03-06,12,5,16421.7,650,0,0,29.676357827476,0,0,18577.4,656,0,0,0,0
"1586",2024-03-06,12,10,16250.7,646,0,0,29.676357827476,0,0,18577.4,656,0,0,0,0
"1587",2024-03-06,12,15,16661.7,650,0,0,29.676357827476,0,0,18577.4,656,0,0,0,0
"1588",2024-03-06,12,20,16943.7,650,0,0,29.676357827476,0,0,18577.4,656,0,0,0,0
"1589",2024-03-06,12,25,17810.7,652,0,0,29.676357827476,0,0,18577.4,656,0,0,0,0
"1590",2024-03-06,12,30,16524.7,646,0,0,29.676357827476,0,0,18577.4,656,0,0,0,0
"1591",2024-03-06,12,35,16524.7,635,0,0,29.676357827476,0,0,18577.4,656,0,0,0,0
"1592",2024-03-06,12,40,16994.7,636,0,0,29.676357827476,0,0,18577.4,656,0,0,0,0
"1593",2024-03-06,12,45,17462.7,631,0,0,29.676357827476,0,0,18577.4,656,0,0,0,0
"1594",2024-03-06,12,50,18037.4,629,0,0,29.676357827476,0,0,18577.4,656,0,0,0,0
"1595",2024-03-06,12,55,18577.4,626,0,0,29.676357827476,0,0,18577.4,656,0,0,0,0
"1596",2024-03-06,12,0,16610.7,656,0,0,29.676357827476,0,0,18577.4,656,0,0,0,0
"1597",2024-03-06,13,0,18151.4,616,0,0,35.8445859872611,0,0,22510.4,632,0,0,0,0
"1598",2024-03-06,13,5,19223.4,620,0,0,35.8445859872611,0,0,22510.4,632,0,0,0,0
"1599",2024-03-06,13,10,19576.4,613,0,0,35.8445859872611,0,0,22510.4,632,0,0,0,0
"1600",2024-03-06,13,15,19026.4,608,0,0,35.8445859872611,0,0,22510.4,632,0,0,0,0
"1601",2024-03-06,13,20,19576.4,609,0,0,35.8445859872611,0,0,22510.4,632,0,0,0,0
"1602",2024-03-06,13,25,20321.4,610,0,0,35.8445859872611,0,0,22510.4,632,0,0,0,0
"1603",2024-03-06,13,30,21006.4,604,0,0,35.8445859872611,0,0,22510.4,632,0,0,0,0
"1604",2024-03-06,13,35,22510.4,628,0,0,35.8445859872611,0,0,22510.4,632,0,0,0,0
"1605",2024-03-06,13,40,22270.4,629,0,0,35.8445859872611,0,0,22510.4,632,0,0,0,0
"1606",2024-03-06,13,45,21845.4,630,0,0,35.8445859872611,0,0,22510.4,632,0,0,0,0
"1607",2024-03-06,13,50,22412.4,632,0,0,35.8445859872611,0,0,22510.4,632,0,0,0,0
"1608",2024-03-06,13,55,21025.1,628,0,0,35.8445859872611,0,0,22510.4,632,0,0,0,0
"1609",2024-03-06,14,0,20380.1,628,0,0,32.4523885350318,0,0,20380.1,628,0,0,0,0
"1610",2024-03-06,14,5,17835.1,604,0,0,32.4523885350318,0,0,20380.1,628,0,0,0,0
"1611",2024-03-06,14,10,17813.1,604,0,0,32.4523885350318,0,0,20380.1,628,0,0,0,0
"1612",2024-03-06,14,15,17731.1,607,0,0,32.4523885350318,0,0,20380.1,628,0,0,0,0
"1613",2024-03-06,14,20,17712.1,605,0,0,32.4523885350318,0,0,20380.1,628,0,0,0,0
"1614",2024-03-06,14,25,18097.1,611,0,0,32.4523885350318,0,0,20380.1,628,0,0,0,0
"1615",2024-03-06,14,30,18189.1,607,0,0,32.4523885350318,0,0,20380.1,628,0,0,0,0
"1616",2024-03-06,14,35,17245.1,599,0,0,32.4523885350318,0,0,20380.1,628,0,0,0,0
"1617",2024-03-06,14,40,17043.1,596,0,0,32.4523885350318,0,0,20380.1,628,0,0,0,0
"1618",2024-03-06,14,45,16648.1,600,0,0,32.4523885350318,0,0,20380.1,628,0,0,0,0
"1619",2024-03-06,14,50,16802.1,607,0,0,32.4523885350318,0,0,20380.1,628,0,0,0,0
"1620",2024-03-06,14,55,16582.1,606,0,0,32.4523885350318,0,0,20380.1,628,0,0,0,0
"1621",2024-03-06,15,0,17076.1,611,0,0,34.9631901840491,0,0,18812.4,626,0,0,0,0
"1622",2024-03-06,15,5,17643.4,609,0,0,34.9631901840491,0,0,18812.4,626,0,0,0,0
"1623",2024-03-06,15,10,11398,326,0,0,34.9631901840491,0,0,18812.4,626,0,0,0,0
"1624",2024-03-06,15,15,17827.4,613,0,0,34.9631901840491,0,0,18812.4,626,0,0,0,0
"1625",2024-03-06,15,20,17883.4,622,0,0,34.9631901840491,0,0,18812.4,626,0,0,0,0
"1626",2024-03-06,15,25,17821.4,621,0,0,34.9631901840491,0,0,18812.4,626,0,0,0,0
"1627",2024-03-06,15,30,18566.4,624,0,0,34.9631901840491,0,0,18812.4,626,0,0,0,0
"1628",2024-03-06,15,35,18304.4,624,0,0,34.9631901840491,0,0,18812.4,626,0,0,0,0
"1629",2024-03-06,15,40,18812.4,626,0,0,34.9631901840491,0,0,18812.4,626,0,0,0,0
"1630",2024-03-06,15,45,18057.4,624,0,0,34.9631901840491,0,0,18812.4,626,0,0,0,0
"1631",2024-03-06,15,50,17893.4,622,0,0,34.9631901840491,0,0,18812.4,626,0,0,0,0
"1632",2024-03-06,15,55,18073.4,625,0,0,34.9631901840491,0,0,18812.4,626,0,0,0,0
"1633",2024-03-06,16,0,18865.4,626,0,0,31.925,0,0,19410.4,626,0,0,0,0
"1634",2024-03-06,16,5,19410.4,608,0,0,31.925,0,0,19410.4,626,0,0,0,0
"1635",2024-03-06,16,10,18603.4,603,0,0,31.925,0,0,19410.4,626,0,0,0,0
"1636",2024-03-06,16,15,18401.4,600,0,0,31.925,0,0,19410.4,626,0,0,0,0
"1637",2024-03-06,16,20,17964.4,595,0,0,31.925,0,0,19410.4,626,0,0,0,0
"1638",2024-03-06,16,25,17433.4,592,0,0,31.925,0,0,19410.4,626,0,0,0,0
"1639",2024-03-06,16,30,17778.4,595,0,0,31.925,0,0,19410.4,626,0,0,0,0
"1640",2024-03-06,16,35,18462.4,603,0,0,31.925,0,0,19410.4,626,0,0,0,0
"1641",2024-03-06,16,40,17807.4,600,0,0,31.925,0,0,19410.4,626,0,0,0,0
"1642",2024-03-06,16,45,17669.4,600,0,0,31.925,0,0,19410.4,626,0,0,0,0
"1643",2024-03-06,16,50,17458.4,595,0,0,31.925,0,0,19410.4,626,0,0,0,0
"1644",2024-03-06,16,55,17043.4,590,0,0,31.925,0,0,19410.4,626,0,0,0,0
"1645",2024-03-06,17,0,12066,303,0,0,39.8217821782178,0,0,16404.4,585,0,0,0,0
"1646",2024-03-06,17,5,16404.4,585,0,0,39.8217821782178,0,0,16404.4,585,0,0,0,0
"1647",2024-03-06,17,10,16305.4,581,0,0,39.8217821782178,0,0,16404.4,585,0,0,0,0
"1648",2024-03-06,17,15,16118.7,573,0,0,39.8217821782178,0,0,16404.4,585,0,0,0,0
"1649",2024-03-06,17,20,15798.7,570,0,0,39.8217821782178,0,0,16404.4,585,0,0,0,0
"1650",2024-03-06,17,25,15950.7,572,0,0,39.8217821782178,0,0,16404.4,585,0,0,0,0
"1651",2024-03-06,17,30,16135.4,576,0,0,39.8217821782178,0,0,16404.4,585,0,0,0,0
"1652",2024-03-06,17,35,16082.4,559,0,0,39.8217821782178,0,0,16404.4,585,0,0,0,0
"1653",2024-03-06,17,40,15189.4,552,0,0,39.8217821782178,0,0,16404.4,585,0,0,0,0
"1654",2024-03-06,17,45,14921.4,542,0,0,39.8217821782178,0,0,16404.4,585,0,0,0,0
"1655",2024-03-06,17,50,15254.4,544,0,0,39.8217821782178,0,0,16404.4,585,0,0,0,0
"1656",2024-03-06,17,55,15841.4,550,0,0,39.8217821782178,0,0,16404.4,585,0,0,0,0
"1657",2024-03-06,18,5,15552.4,534,0,0,31.1225933202358,0,0,16237.4,551,0,0,0,0
"1658",2024-03-06,18,10,15055.4,529,0,0,31.1225933202358,0,0,16237.4,551,0,0,0,0
"1659",2024-03-06,18,15,15987.4,530,0,0,31.1225933202358,0,0,16237.4,551,0,0,0,0
"1660",2024-03-06,18,20,16237.4,527,0,0,31.1225933202358,0,0,16237.4,551,0,0,0,0
"1661",2024-03-06,18,25,15937.4,526,0,0,31.1225933202358,0,0,16237.4,551,0,0,0,0
"1662",2024-03-06,18,30,14885.4,515,0,0,31.1225933202358,0,0,16237.4,551,0,0,0,0
"1663",2024-03-06,18,35,15291.4,509,0,0,31.1225933202358,0,0,16237.4,551,0,0,0,0
"1664",2024-03-06,18,40,15841.4,509,0,0,31.1225933202358,0,0,16237.4,551,0,0,0,0
"1665",2024-03-06,18,45,15476.4,504,0,0,31.1225933202358,0,0,16237.4,551,0,0,0,0
"1666",2024-03-06,18,50,15033.4,495,0,0,31.1225933202358,0,0,16237.4,551,0,0,0,0
"1667",2024-03-06,18,55,14667.7,488,0,0,31.1225933202358,0,0,16237.4,551,0,0,0,0
"1668",2024-03-06,18,0,16079.4,551,0,0,31.1225933202358,0,0,16237.4,551,0,0,0,0
"1669",2024-03-06,19,0,14437.4,490,0,0,31.3320328542094,0,0,15258.7,491,0,0,0,0
"1670",2024-03-06,19,5,14748.4,491,0,0,31.3320328542094,0,0,15258.7,491,0,0,0,0
"1671",2024-03-06,19,10,14606.4,487,0,0,31.3320328542094,0,0,15258.7,491,0,0,0,0
"1672",2024-03-06,19,15,14508.7,484,0,0,31.3320328542094,0,0,15258.7,491,0,0,0,0
"1673",2024-03-06,19,20,15258.7,487,0,0,31.3320328542094,0,0,15258.7,491,0,0,0,0
"1674",2024-03-06,19,25,14775.7,483,0,0,31.3320328542094,0,0,15258.7,491,0,0,0,0
"1675",2024-03-06,19,30,14714.7,481,0,0,31.3320328542094,0,0,15258.7,491,0,0,0,0
"1676",2024-03-06,19,35,14457.7,477,0,0,31.3320328542094,0,0,15258.7,491,0,0,0,0
"1677",2024-03-06,19,40,14124.7,475,0,0,31.3320328542094,0,0,15258.7,491,0,0,0,0
"1678",2024-03-06,19,45,14393.7,477,0,0,31.3320328542094,0,0,15258.7,491,0,0,0,0
"1679",2024-03-06,19,50,14185.7,475,0,0,31.3320328542094,0,0,15258.7,491,0,0,0,0
"1680",2024-03-06,19,55,14497.7,476,0,0,31.3320328542094,0,0,15258.7,491,0,0,0,0
"1681",2024-03-06,20,0,14214.7,474,0,0,32.1332635983264,0,0,15359.7,478,0,0,0,0
"1682",2024-03-06,20,5,13053.7,467,0,0,32.1332635983264,0,0,15359.7,478,0,0,0,0
"1683",2024-03-06,20,10,13579.7,466,0,0,32.1332635983264,0,0,15359.7,478,0,0,0,0
"1684",2024-03-06,20,15,14030.7,466,0,0,32.1332635983264,0,0,15359.7,478,0,0,0,0
"1685",2024-03-06,20,20,13958.7,466,0,0,32.1332635983264,0,0,15359.7,478,0,0,0,0
"1686",2024-03-06,20,25,14564.7,467,0,0,32.1332635983264,0,0,15359.7,478,0,0,0,0
"1687",2024-03-06,20,30,14648.7,469,0,0,32.1332635983264,0,0,15359.7,478,0,0,0,0
"1688",2024-03-06,20,35,15359.7,478,0,0,32.1332635983264,0,0,15359.7,478,0,0,0,0
"1689",2024-03-06,20,40,14945.7,475,0,0,32.1332635983264,0,0,15359.7,478,0,0,0,0
"1690",2024-03-06,20,45,14847.7,474,0,0,32.1332635983264,0,0,15359.7,478,0,0,0,0
"1691",2024-03-06,20,50,14582.7,472,0,0,32.1332635983264,0,0,15359.7,478,0,0,0,0
"1692",2024-03-06,20,55,14262.7,468,0,0,32.1332635983264,0,0,15359.7,478,0,0,0,0
"1693",2024-03-06,21,0,14262.7,468,0,0,30.4758547008547,0,0,14262.7,468,0,0,0,0
"1694",2024-03-06,21,5,11619.7,451,0,0,30.4758547008547,0,0,14262.7,468,0,0,0,0
"1695",2024-03-06,21,10,13075.7,457,0,0,30.4758547008547,0,0,14262.7,468,0,0,0,0
"1696",2024-03-06,21,15,12959.7,453,0,0,30.4758547008547,0,0,14262.7,468,0,0,0,0
"1697",2024-03-06,21,20,12626.7,450,0,0,30.4758547008547,0,0,14262.7,468,0,0,0,0
"1698",2024-03-06,21,25,12103.7,451,0,0,30.4758547008547,0,0,14262.7,468,0,0,0,0
"1699",2024-03-06,21,30,12022.7,446,0,0,30.4758547008547,0,0,14262.7,468,0,0,0,0
"1700",2024-03-06,21,35,11242.7,437,0,0,30.4758547008547,0,0,14262.7,468,0,0,0,0
"1701",2024-03-06,21,40,11070.7,437,0,0,30.4758547008547,0,0,14262.7,468,0,0,0,0
"1702",2024-03-06,21,45,11131.7,439,0,0,30.4758547008547,0,0,14262.7,468,0,0,0,0
"1703",2024-03-06,21,50,11111.7,438,0,0,30.4758547008547,0,0,14262.7,468,0,0,0,0
"1704",2024-03-06,21,55,10986.7,437,0,0,30.4758547008547,0,0,14262.7,468,0,0,0,0
"1705",2024-03-06,22,35,10094.7,402,0,0,26.5611904761905,0,0,11210.7,434,0,0,0,0
"1706",2024-03-06,22,40,10061.7,400,0,0,26.5611904761905,0,0,11210.7,434,0,0,0,0
"1707",2024-03-06,22,45,10350.7,401,0,0,26.5611904761905,0,0,11210.7,434,0,0,0,0
"1708",2024-03-06,22,50,10232.7,402,0,0,26.5611904761905,0,0,11210.7,434,0,0,0,0
"1709",2024-03-06,22,55,10171.7,401,0,0,26.5611904761905,0,0,11210.7,434,0,0,0,0
"1710",2024-03-06,22,0,11122.7,434,0,0,26.5611904761905,0,0,11210.7,434,0,0,0,0
"1711",2024-03-06,22,5,11201.7,430,0,0,26.5611904761905,0,0,11210.7,434,0,0,0,0
"1712",2024-03-06,22,10,10976.7,425,0,0,26.5611904761905,0,0,11210.7,434,0,0,0,0
"1713",2024-03-06,22,15,11166.7,421,0,0,26.5611904761905,0,0,11210.7,434,0,0,0,0
"1714",2024-03-06,22,20,11210.7,423,0,0,26.5611904761905,0,0,11210.7,434,0,0,0,0
"1715",2024-03-06,22,25,11155.7,420,0,0,26.5611904761905,0,0,11210.7,434,0,0,0,0
"1716",2024-03-06,22,30,10899.7,421,0,0,26.5611904761905,0,0,11210.7,434,0,0,0,0
"1717",2024-03-06,23,0,10182.7,402,0,0,26.0885204081633,0,0,10226.7,402,0,0,0,0
"1718",2024-03-06,23,5,10226.7,392,0,0,26.0885204081633,0,0,10226.7,402,0,0,0,0
"1719",2024-03-06,23,10,9926.7,391,0,0,26.0885204081633,0,0,10226.7,402,0,0,0,0
"1720",2024-03-06,23,15,9517.7,386,0,0,26.0885204081633,0,0,10226.7,402,0,0,0,0
"1721",2024-03-06,23,20,9334.7,383,0,0,26.0885204081633,0,0,10226.7,402,0,0,0,0
"1722",2024-03-06,23,25,9325.7,382,0,0,26.0885204081633,0,0,10226.7,402,0,0,0,0
"1723",2024-03-06,23,30,9397.7,384,0,0,26.0885204081633,0,0,10226.7,402,0,0,0,0
"1724",2024-03-06,23,35,9099.7,380,0,0,26.0885204081633,0,0,10226.7,402,0,0,0,0
"1725",2024-03-06,23,40,8843.7,381,0,0,26.0885204081633,0,0,10226.7,402,0,0,0,0
"1726",2024-03-06,23,45,8788.7,378,0,0,26.0885204081633,0,0,10226.7,402,0,0,0,0
"1727",2024-03-06,23,50,8766.7,377,0,0,26.0885204081633,0,0,10226.7,402,0,0,0,0
"1728",2024-03-06,23,55,9034.7,378,0,0,26.0885204081633,0,0,10226.7,402,0,0,0,0
"1729",2024-03-07,0,0,5432,204,0,0,30.49,0,0,6098,206,0,0,0,0
"1730",2024-03-07,0,5,5514,206,0,0,30.49,0,0,6098,206,0,0,0,0
"1731",2024-03-07,0,10,5514,206,0,0,30.49,0,0,6098,206,0,0,0,0
"1732",2024-03-07,0,15,5514,206,0,0,30.49,0,0,6098,206,0,0,0,0
"1733",2024-03-07,0,20,5514,206,0,0,30.49,0,0,6098,206,0,0,0,0
"1734",2024-03-07,0,25,5492,205,0,0,30.49,0,0,6098,206,0,0,0,0
"1735",2024-03-07,0,30,5470,204,0,0,30.49,0,0,6098,206,0,0,0,0
"1736",2024-03-07,0,35,5198,197,0,0,30.49,0,0,6098,206,0,0,0,0
"1737",2024-03-07,0,40,5198,197,0,0,30.49,0,0,6098,206,0,0,0,0
"1738",2024-03-07,0,45,6098,200,0,0,30.49,0,0,6098,206,0,0,0,0
"1739",2024-03-07,0,50,5476,197,0,0,30.49,0,0,6098,206,0,0,0,0
"1740",2024-03-07,0,55,5498,198,0,0,30.49,0,0,6098,206,0,0,0,0
"1741",2024-03-07,1,0,7884.4,356,0,0,22.2446991404011,0,0,7884.4,356,0,0,0,0
"1742",2024-03-07,1,5,7607.4,349,0,0,22.2446991404011,0,0,7884.4,356,0,0,0,0
"1743",2024-03-07,1,10,7607.4,349,0,0,22.2446991404011,0,0,7884.4,356,0,0,0,0
"1744",2024-03-07,1,15,7635.4,349,0,0,22.2446991404011,0,0,7884.4,356,0,0,0,0
"1745",2024-03-07,1,20,7763.4,349,0,0,22.2446991404011,0,0,7884.4,356,0,0,0,0
"1746",2024-03-07,1,25,7785.4,350,0,0,22.2446991404011,0,0,7884.4,356,0,0,0,0
"1747",2024-03-07,1,30,7785.4,350,0,0,22.2446991404011,0,0,7884.4,356,0,0,0,0
"1748",2024-03-07,1,35,7792.4,352,0,0,22.2446991404011,0,0,7884.4,356,0,0,0,0
"1749",2024-03-07,1,40,7792.4,352,0,0,22.2446991404011,0,0,7884.4,356,0,0,0,0
"1750",2024-03-07,1,45,7770.4,351,0,0,22.2446991404011,0,0,7884.4,356,0,0,0,0
"1751",2024-03-07,1,50,7792.4,352,0,0,22.2446991404011,0,0,7884.4,356,0,0,0,0
"1752",2024-03-07,1,55,7792.4,352,0,0,22.2446991404011,0,0,7884.4,356,0,0,0,0
"1753",2024-03-07,2,0,7642.4,351,0,0,22.0265536723164,0,0,7830.4,356,0,0,0,0
"1754",2024-03-07,2,5,7614.4,352,0,0,22.0265536723164,0,0,7830.4,356,0,0,0,0
"1755",2024-03-07,2,10,7614.4,352,0,0,22.0265536723164,0,0,7830.4,356,0,0,0,0
"1756",2024-03-07,2,15,7614.4,352,0,0,22.0265536723164,0,0,7830.4,356,0,0,0,0
"1757",2024-03-07,2,20,7614.4,352,0,0,22.0265536723164,0,0,7830.4,356,0,0,0,0
"1758",2024-03-07,2,25,7636.4,353,0,0,22.0265536723164,0,0,7830.4,356,0,0,0,0
"1759",2024-03-07,2,30,7636.4,353,0,0,22.0265536723164,0,0,7830.4,356,0,0,0,0
"1760",2024-03-07,2,35,7797.4,354,0,0,22.0265536723164,0,0,7830.4,356,0,0,0,0
"1761",2024-03-07,2,40,7819.4,355,0,0,22.0265536723164,0,0,7830.4,356,0,0,0,0
"1762",2024-03-07,2,45,7819.4,355,0,0,22.0265536723164,0,0,7830.4,356,0,0,0,0
"1763",2024-03-07,2,50,7830.4,356,0,0,22.0265536723164,0,0,7830.4,356,0,0,0,0
"1764",2024-03-07,2,55,7830.4,356,0,0,22.0265536723164,0,0,7830.4,356,0,0,0,0
"1765",2024-03-07,3,0,7830.4,356,0,0,22.1419718309859,0,0,7871.4,356,0,0,0,0
"1766",2024-03-07,3,5,7691.4,355,0,0,22.1419718309859,0,0,7871.4,356,0,0,0,0
"1767",2024-03-07,3,10,7691.4,355,0,0,22.1419718309859,0,0,7871.4,356,0,0,0,0
"1768",2024-03-07,3,15,7691.4,355,0,0,22.1419718309859,0,0,7871.4,356,0,0,0,0
"1769",2024-03-07,3,20,7691.4,355,0,0,22.1419718309859,0,0,7871.4,356,0,0,0,0
"1770",2024-03-07,3,25,7691.4,355,0,0,22.1419718309859,0,0,7871.4,356,0,0,0,0
"1771",2024-03-07,3,30,7271.4,354,0,0,22.1419718309859,0,0,7871.4,356,0,0,0,0
"1772",2024-03-07,3,35,7860.4,355,0,0,22.1419718309859,0,0,7871.4,356,0,0,0,0
"1773",2024-03-07,3,40,7860.4,355,0,0,22.1419718309859,0,0,7871.4,356,0,0,0,0
"1774",2024-03-07,3,45,7860.4,355,0,0,22.1419718309859,0,0,7871.4,356,0,0,0,0
"1775",2024-03-07,3,50,7871.4,356,0,0,22.1419718309859,0,0,7871.4,356,0,0,0,0
"1776",2024-03-07,3,55,7871.4,356,0,0,22.1419718309859,0,0,7871.4,356,0,0,0,0
"1777",2024-03-07,4,0,7691.4,355,0,0,22.4477528089888,0,0,8013.4,357,0,0,0,0
"1778",2024-03-07,4,5,7991.4,356,0,0,22.4477528089888,0,0,8013.4,357,0,0,0,0
"1779",2024-03-07,4,10,8013.4,357,0,0,22.4477528089888,0,0,8013.4,357,0,0,0,0
"1780",2024-03-07,4,15,8013.4,357,0,0,22.4477528089888,0,0,8013.4,357,0,0,0,0
"1781",2024-03-07,4,20,8013.4,357,0,0,22.4477528089888,0,0,8013.4,357,0,0,0,0
"1782",2024-03-07,4,25,7713.4,356,0,0,22.4477528089888,0,0,8013.4,357,0,0,0,0
"1783",2024-03-07,4,30,7713.4,356,0,0,22.4477528089888,0,0,8013.4,357,0,0,0,0
"1784",2024-03-07,4,35,7841.4,356,0,0,22.4477528089888,0,0,8013.4,357,0,0,0,0
"1785",2024-03-07,4,40,7841.4,356,0,0,22.4477528089888,0,0,8013.4,357,0,0,0,0
"1786",2024-03-07,4,45,7841.4,356,0,0,22.4477528089888,0,0,8013.4,357,0,0,0,0
"1787",2024-03-07,4,50,7841.4,356,0,0,22.4477528089888,0,0,8013.4,357,0,0,0,0
"1788",2024-03-07,4,55,7819.4,355,0,0,22.4477528089888,0,0,8013.4,357,0,0,0,0
"1789",2024-03-07,5,0,7819.4,355,0,0,24.6743661971831,0,0,8759.4,359,0,0,0,0
"1790",2024-03-07,5,5,8024.4,359,0,0,24.6743661971831,0,0,8759.4,359,0,0,0,0
"1791",2024-03-07,5,10,8024.4,359,0,0,24.6743661971831,0,0,8759.4,359,0,0,0,0
"1792",2024-03-07,5,15,7980.4,357,0,0,24.6743661971831,0,0,8759.4,359,0,0,0,0
"1793",2024-03-07,5,20,8280.4,358,0,0,24.6743661971831,0,0,8759.4,359,0,0,0,0
"1794",2024-03-07,5,25,8558.4,358,0,0,24.6743661971831,0,0,8759.4,359,0,0,0,0
"1795",2024-03-07,5,30,8536.4,357,0,0,24.6743661971831,0,0,8759.4,359,0,0,0,0
"1796",2024-03-07,5,35,8525.4,357,0,0,24.6743661971831,0,0,8759.4,359,0,0,0,0
"1797",2024-03-07,5,40,8525.4,357,0,0,24.6743661971831,0,0,8759.4,359,0,0,0,0
"1798",2024-03-07,5,45,8459.4,354,0,0,24.6743661971831,0,0,8759.4,359,0,0,0,0
"1799",2024-03-07,5,50,8759.4,355,0,0,24.6743661971831,0,0,8759.4,359,0,0,0,0
"1800",2024-03-07,5,55,8459.4,354,0,0,24.6743661971831,0,0,8759.4,359,0,0,0,0
"1801",2024-03-07,6,0,8137.4,352,0,0,23.5885386819484,0,0,8232.4,352,0,0,0,0
"1802",2024-03-07,6,5,7932.4,348,0,0,23.5885386819484,0,0,8232.4,352,0,0,0,0
"1803",2024-03-07,6,10,8232.4,349,0,0,23.5885386819484,0,0,8232.4,352,0,0,0,0
"1804",2024-03-07,6,15,8221.4,349,0,0,23.5885386819484,0,0,8232.4,352,0,0,0,0
"1805",2024-03-07,6,20,7943.4,349,0,0,23.5885386819484,0,0,8232.4,352,0,0,0,0
"1806",2024-03-07,6,25,7632.4,347,0,0,23.5885386819484,0,0,8232.4,352,0,0,0,0
"1807",2024-03-07,6,30,7632.4,347,0,0,23.5885386819484,0,0,8232.4,352,0,0,0,0
"1808",2024-03-07,6,35,7577.4,343,0,0,23.5885386819484,0,0,8232.4,352,0,0,0,0
"1809",2024-03-07,6,40,7577.4,343,0,0,23.5885386819484,0,0,8232.4,352,0,0,0,0
"1810",2024-03-07,6,45,7621.4,345,0,0,23.5885386819484,0,0,8232.4,352,0,0,0,0
"1811",2024-03-07,6,50,7599.4,344,0,0,23.5885386819484,0,0,8232.4,352,0,0,0,0
"1812",2024-03-07,6,55,7627.4,345,0,0,23.5885386819484,0,0,8232.4,352,0,0,0,0
"1813",2024-03-07,7,0,7671.4,348,0,0,26.8369230769231,0,0,10466.4,390,0,0,0,0
"1814",2024-03-07,7,5,8205.4,354,0,0,26.8369230769231,0,0,10466.4,390,0,0,0,0
"1815",2024-03-07,7,10,8284.7,355,0,0,26.8369230769231,0,0,10466.4,390,0,0,0,0
"1816",2024-03-07,7,15,8288.4,355,0,0,26.8369230769231,0,0,10466.4,390,0,0,0,0
"1817",2024-03-07,7,20,8910.4,360,0,0,26.8369230769231,0,0,10466.4,390,0,0,0,0
"1818",2024-03-07,7,25,8932.4,363,0,0,26.8369230769231,0,0,10466.4,390,0,0,0,0
"1819",2024-03-07,7,30,8987.4,366,0,0,26.8369230769231,0,0,10466.4,390,0,0,0,0
"1820",2024-03-07,7,35,8830.4,373,0,0,26.8369230769231,0,0,10466.4,390,0,0,0,0
"1821",2024-03-07,7,40,8690.4,375,0,0,26.8369230769231,0,0,10466.4,390,0,0,0,0
"1822",2024-03-07,7,45,9067.4,380,0,0,26.8369230769231,0,0,10466.4,390,0,0,0,0
"1823",2024-03-07,7,50,10266.4,389,0,0,26.8369230769231,0,0,10466.4,390,0,0,0,0
"1824",2024-03-07,7,55,10466.4,390,0,0,26.8369230769231,0,0,10466.4,390,0,0,0,0
"1825",2024-03-07,8,0,10896.4,402,0,0,29.4485714285714,0,0,13011.7,481,0,0,0,0
"1826",2024-03-07,8,5,12368.4,420,0,0,29.4485714285714,0,0,13011.7,481,0,0,0,0
"1827",2024-03-07,8,10,12667.4,432,0,0,29.4485714285714,0,0,13011.7,481,0,0,0,0
"1828",2024-03-07,8,15,11877.4,436,0,0,29.4485714285714,0,0,13011.7,481,0,0,0,0
"1829",2024-03-07,8,20,11460.4,436,0,0,29.4485714285714,0,0,13011.7,481,0,0,0,0
"1830",2024-03-07,8,25,11672.4,445,0,0,29.4485714285714,0,0,13011.7,481,0,0,0,0
"1831",2024-03-07,8,30,12317.4,456,0,0,29.4485714285714,0,0,13011.7,481,0,0,0,0
"1832",2024-03-07,8,35,11674.7,457,0,0,29.4485714285714,0,0,13011.7,481,0,0,0,0
"1833",2024-03-07,8,40,11929.7,458,0,0,29.4485714285714,0,0,13011.7,481,0,0,0,0
"1834",2024-03-07,8,45,13011.7,470,0,0,29.4485714285714,0,0,13011.7,481,0,0,0,0
"1835",2024-03-07,8,50,12481.7,477,0,0,29.4485714285714,0,0,13011.7,481,0,0,0,0
"1836",2024-03-07,8,55,12400.7,481,0,0,29.4485714285714,0,0,13011.7,481,0,0,0,0
"1837",2024-03-07,9,15,13335.7,537,0,0,27.4910472972973,0,0,16575.7,607,0,0,0,0
"1838",2024-03-07,9,20,14479.7,548,0,0,27.4910472972973,0,0,16575.7,607,0,0,0,0
"1839",2024-03-07,9,25,14782.7,562,0,0,27.4910472972973,0,0,16575.7,607,0,0,0,0
"1840",2024-03-07,9,30,15148.7,565,0,0,27.4910472972973,0,0,16575.7,607,0,0,0,0
"1841",2024-03-07,9,35,16274.7,592,0,0,27.4910472972973,0,0,16575.7,607,0,0,0,0
"1842",2024-03-07,9,40,16270.7,599,0,0,27.4910472972973,0,0,16575.7,607,0,0,0,0
"1843",2024-03-07,9,45,16423.7,601,0,0,27.4910472972973,0,0,16575.7,607,0,0,0,0
"1844",2024-03-07,9,50,16575.7,606,0,0,27.4910472972973,0,0,16575.7,607,0,0,0,0
"1845",2024-03-07,9,55,15810.7,607,0,0,27.4910472972973,0,0,16575.7,607,0,0,0,0
"1846",2024-03-07,9,0,12155.7,484,0,0,27.4910472972973,0,0,16575.7,607,0,0,0,0
"1847",2024-03-07,9,5,11005.7,461,0,0,27.4910472972973,0,0,16575.7,607,0,0,0,0
"1848",2024-03-07,9,10,12789.7,525,0,0,27.4910472972973,0,0,16575.7,607,0,0,0,0
"1849",2024-03-07,10,0,16252.7,611,0,0,27.0971036585366,0,0,17849.7,680,0,0,0,0
"1850",2024-03-07,10,5,16384.7,639,0,0,27.0971036585366,0,0,17849.7,680,0,0,0,0
"1851",2024-03-07,10,10,16715.7,649,0,0,27.0971036585366,0,0,17849.7,680,0,0,0,0
"1852",2024-03-07,10,15,17345.7,648,0,0,27.0971036585366,0,0,17849.7,680,0,0,0,0
"1853",2024-03-07,10,20,17775.7,656,0,0,27.0971036585366,0,0,17849.7,680,0,0,0,0
"1854",2024-03-07,10,25,16974.7,653,0,0,27.0971036585366,0,0,17849.7,680,0,0,0,0
"1855",2024-03-07,10,30,16912.7,648,0,0,27.0971036585366,0,0,17849.7,680,0,0,0,0
"1856",2024-03-07,10,35,17122.7,669,0,0,27.0971036585366,0,0,17849.7,680,0,0,0,0
"1857",2024-03-07,10,40,17237.7,673,0,0,27.0971036585366,0,0,17849.7,680,0,0,0,0
"1858",2024-03-07,10,45,17352.7,678,0,0,27.0971036585366,0,0,17849.7,680,0,0,0,0
"1859",2024-03-07,10,50,17672.7,677,0,0,27.0971036585366,0,0,17849.7,680,0,0,0,0
"1860",2024-03-07,10,55,17849.7,680,0,0,27.0971036585366,0,0,17849.7,680,0,0,0,0
"1861",2024-03-07,11,0,17602.7,680,0,0,27.0508547008547,0,0,18989.7,702,0,0,0,0
"1862",2024-03-07,11,5,18712.7,696,0,0,27.0508547008547,0,0,18989.7,702,0,0,0,0
"1863",2024-03-07,11,10,18751.7,700,0,0,27.0508547008547,0,0,18989.7,702,0,0,0,0
"1864",2024-03-07,11,15,18792.7,701,0,0,27.0508547008547,0,0,18989.7,702,0,0,0,0
"1865",2024-03-07,11,20,18989.7,702,0,0,27.0508547008547,0,0,18989.7,702,0,0,0,0
"1866",2024-03-07,11,25,18411.7,695,0,0,27.0508547008547,0,0,18989.7,702,0,0,0,0
"1867",2024-03-07,11,30,18101.7,691,0,0,27.0508547008547,0,0,18989.7,702,0,0,0,0
"1868",2024-03-07,11,35,17133.7,687,0,0,27.0508547008547,0,0,18989.7,702,0,0,0,0
"1869",2024-03-07,11,40,17193.7,684,0,0,27.0508547008547,0,0,18989.7,702,0,0,0,0
"1870",2024-03-07,11,45,16757.7,686,0,0,27.0508547008547,0,0,18989.7,702,0,0,0,0
"1871",2024-03-07,11,50,16962.7,694,0,0,27.0508547008547,0,0,18989.7,702,0,0,0,0
"1872",2024-03-07,11,55,16869.7,687,0,0,27.0508547008547,0,0,18989.7,702,0,0,0,0
"1873",2024-03-07,12,15,17133.7,690,0,0,26.7239538239538,0,0,18519.7,699,0,0,0,0
"1874",2024-03-07,12,20,17397.7,689,0,0,26.7239538239538,0,0,18519.7,699,0,0,0,0
"1875",2024-03-07,12,25,17246.7,691,0,0,26.7239538239538,0,0,18519.7,699,0,0,0,0
"1876",2024-03-07,12,30,17546.7,692,0,0,26.7239538239538,0,0,18519.7,699,0,0,0,0
"1877",2024-03-07,12,35,17634.7,691,0,0,26.7239538239538,0,0,18519.7,699,0,0,0,0
"1878",2024-03-07,12,40,18176.7,690,0,0,26.7239538239538,0,0,18519.7,699,0,0,0,0
"1879",2024-03-07,12,45,18400.7,693,0,0,26.7239538239538,0,0,18519.7,699,0,0,0,0
"1880",2024-03-07,12,50,18519.7,693,0,0,26.7239538239538,0,0,18519.7,699,0,0,0,0
"1881",2024-03-07,12,55,18453.7,691,0,0,26.7239538239538,0,0,18519.7,699,0,0,0,0
"1882",2024-03-07,12,0,16671.7,692,0,0,26.7239538239538,0,0,18519.7,699,0,0,0,0
"1883",2024-03-07,12,5,17225.7,699,0,0,26.7239538239538,0,0,18519.7,699,0,0,0,0
"1884",2024-03-07,12,10,17328.7,696,0,0,26.7239538239538,0,0,18519.7,699,0,0,0,0
"1885",2024-03-07,13,0,18784.7,695,0,0,27.5069117647059,0,0,18784.7,695,0,0,0,0
"1886",2024-03-07,13,5,18614.7,684,0,0,27.5069117647059,0,0,18784.7,695,0,0,0,0
"1887",2024-03-07,13,10,18704.7,680,0,0,27.5069117647059,0,0,18784.7,695,0,0,0,0
"1888",2024-03-07,13,15,18370.7,672,0,0,27.5069117647059,0,0,18784.7,695,0,0,0,0
"1889",2024-03-07,13,20,18425.7,671,0,0,27.5069117647059,0,0,18784.7,695,0,0,0,0
"1890",2024-03-07,13,25,17939.7,665,0,0,27.5069117647059,0,0,18784.7,695,0,0,0,0
"1891",2024-03-07,13,30,18022.7,668,0,0,27.5069117647059,0,0,18784.7,695,0,0,0,0
"1892",2024-03-07,13,35,17229.7,666,0,0,27.5069117647059,0,0,18784.7,695,0,0,0,0
"1893",2024-03-07,13,40,17353.7,664,0,0,27.5069117647059,0,0,18784.7,695,0,0,0,0
"1894",2024-03-07,13,45,17407.4,665,0,0,27.5069117647059,0,0,18784.7,695,0,0,0,0
"1895",2024-03-07,13,50,15942.4,661,0,0,27.5069117647059,0,0,18784.7,695,0,0,0,0
"1896",2024-03-07,13,55,15926.4,659,0,0,27.5069117647059,0,0,18784.7,695,0,0,0,0
"1897",2024-03-07,14,0,15585.4,661,0,0,25.1572964669739,0,0,16377.4,667,0,0,0,0
"1898",2024-03-07,14,5,16220.4,666,0,0,25.1572964669739,0,0,16377.4,667,0,0,0,0
"1899",2024-03-07,14,10,15660.4,643,0,0,25.1572964669739,0,0,16377.4,667,0,0,0,0
"1900",2024-03-07,14,15,15803.4,645,0,0,25.1572964669739,0,0,16377.4,667,0,0,0,0
"1901",2024-03-07,14,20,16377.4,651,0,0,25.1572964669739,0,0,16377.4,667,0,0,0,0
"1902",2024-03-07,14,25,15411.4,645,0,0,25.1572964669739,0,0,16377.4,667,0,0,0,0
"1903",2024-03-07,14,30,15148.4,643,0,0,25.1572964669739,0,0,16377.4,667,0,0,0,0
"1904",2024-03-07,14,35,15349.4,642,0,0,25.1572964669739,0,0,16377.4,667,0,0,0,0
"1905",2024-03-07,14,40,15646.4,645,0,0,25.1572964669739,0,0,16377.4,667,0,0,0,0
"1906",2024-03-07,14,45,15608.4,643,0,0,25.1572964669739,0,0,16377.4,667,0,0,0,0
"1907",2024-03-07,14,50,15657.4,647,0,0,25.1572964669739,0,0,16377.4,667,0,0,0,0
"1908",2024-03-07,14,55,15826.4,667,0,0,25.1572964669739,0,0,16377.4,667,0,0,0,0
"1909",2024-03-07,15,0,15870.4,669,0,0,27.4766615146832,0,0,17777.4,669,0,0,0,0
"1910",2024-03-07,15,5,15054.4,643,0,0,27.4766615146832,0,0,17777.4,669,0,0,0,0
"1911",2024-03-07,15,10,15246.4,644,0,0,27.4766615146832,0,0,17777.4,669,0,0,0,0
"1912",2024-03-07,15,15,15285.4,643,0,0,27.4766615146832,0,0,17777.4,669,0,0,0,0
"1913",2024-03-07,15,20,15328.4,644,0,0,27.4766615146832,0,0,17777.4,669,0,0,0,0
"1914",2024-03-07,15,25,16345.4,646,0,0,27.4766615146832,0,0,17777.4,669,0,0,0,0
"1915",2024-03-07,15,30,17396.4,643,0,0,27.4766615146832,0,0,17777.4,669,0,0,0,0
"1916",2024-03-07,15,35,17724.4,649,0,0,27.4766615146832,0,0,17777.4,669,0,0,0,0
"1917",2024-03-07,15,40,16913.4,642,0,0,27.4766615146832,0,0,17777.4,669,0,0,0,0
"1918",2024-03-07,15,45,17777.4,647,0,0,27.4766615146832,0,0,17777.4,669,0,0,0,0
"1919",2024-03-07,15,50,17734.4,651,0,0,27.4766615146832,0,0,17777.4,669,0,0,0,0
"1920",2024-03-07,15,55,17224.4,646,0,0,27.4766615146832,0,0,17777.4,669,0,0,0,0
"1921",2024-03-07,16,0,18348.4,652,0,0,30.3792366412214,0,0,19898.4,661,0,0,0,0
"1922",2024-03-07,16,5,18134.4,644,0,0,30.3792366412214,0,0,19898.4,661,0,0,0,0
"1923",2024-03-07,16,10,17998.4,644,0,0,30.3792366412214,0,0,19898.4,661,0,0,0,0
"1924",2024-03-07,16,15,17804.4,650,0,0,30.3792366412214,0,0,19898.4,661,0,0,0,0
"1925",2024-03-07,16,20,18292.4,652,0,0,30.3792366412214,0,0,19898.4,661,0,0,0,0
"1926",2024-03-07,16,25,18449.4,658,0,0,30.3792366412214,0,0,19898.4,661,0,0,0,0
"1927",2024-03-07,16,30,18939.4,661,0,0,30.3792366412214,0,0,19898.4,661,0,0,0,0
"1928",2024-03-07,16,35,19693.4,657,0,0,30.3792366412214,0,0,19898.4,661,0,0,0,0
"1929",2024-03-07,16,40,19898.4,655,0,0,30.3792366412214,0,0,19898.4,661,0,0,0,0
"1930",2024-03-07,16,45,19526.4,652,0,0,30.3792366412214,0,0,19898.4,661,0,0,0,0
"1931",2024-03-07,16,50,19504.4,652,0,0,30.3792366412214,0,0,19898.4,661,0,0,0,0
"1932",2024-03-07,16,55,18971.4,647,0,0,30.3792366412214,0,0,19898.4,661,0,0,0,0
"1933",2024-03-07,17,0,19208.4,644,0,0,40.08038585209,0,0,19208.4,644,0,0,0,0
"1934",2024-03-07,17,5,10665,305,0,0,40.08038585209,0,0,19208.4,644,0,0,0,0
"1935",2024-03-07,17,10,10085,304,0,0,40.08038585209,0,0,19208.4,644,0,0,0,0
"1936",2024-03-07,17,15,10643,304,0,0,40.08038585209,0,0,19208.4,644,0,0,0,0
"1937",2024-03-07,17,20,11221,305,0,0,40.08038585209,0,0,19208.4,644,0,0,0,0
"1938",2024-03-07,17,25,12465,311,0,0,40.08038585209,0,0,19208.4,644,0,0,0,0
"1939",2024-03-07,17,30,11843,308,0,0,40.08038585209,0,0,19208.4,644,0,0,0,0
"1940",2024-03-07,17,35,11433,293,0,0,40.08038585209,0,0,19208.4,644,0,0,0,0
"1941",2024-03-07,17,40,10833,291,0,0,40.08038585209,0,0,19208.4,644,0,0,0,0
"1942",2024-03-07,17,45,10524,289,0,0,40.08038585209,0,0,19208.4,644,0,0,0,0
"1943",2024-03-07,17,50,9858,284,0,0,40.08038585209,0,0,19208.4,644,0,0,0,0
"1944",2024-03-07,17,55,9814,282,0,0,40.08038585209,0,0,19208.4,644,0,0,0,0
"1945",2024-03-07,18,45,11617,287,0,0,42.6866197183099,0,0,12123,287,0,0,0,0
"1946",2024-03-07,18,50,10697,283,0,0,42.6866197183099,0,0,12123,287,0,0,0,0
"1947",2024-03-07,18,55,11317,286,0,0,42.6866197183099,0,0,12123,287,0,0,0,0
"1948",2024-03-07,18,0,10092,282,0,0,42.6866197183099,0,0,12123,287,0,0,0,0
"1949",2024-03-07,18,5,11523,282,0,0,42.6866197183099,0,0,12123,287,0,0,0,0
"1950",2024-03-07,18,10,12123,284,0,0,42.6866197183099,0,0,12123,287,0,0,0,0
"1951",2024-03-07,18,15,11735,279,0,0,42.6866197183099,0,0,12123,287,0,0,0,0
"1952",2024-03-07,18,20,11111,276,0,0,42.6866197183099,0,0,12123,287,0,0,0,0
"1953",2024-03-07,18,25,11444,278,0,0,42.6866197183099,0,0,12123,287,0,0,0,0
"1954",2024-03-07,18,30,11442,278,0,0,42.6866197183099,0,0,12123,287,0,0,0,0
"1955",2024-03-07,18,35,10911,282,0,0,42.6866197183099,0,0,12123,287,0,0,0,0
"1956",2024-03-07,18,40,11533,285,0,0,42.6866197183099,0,0,12123,287,0,0,0,0
"1957",2024-03-07,19,0,10053,280,0,0,38.6884615384615,0,0,10081,280,0,0,0,0
"1958",2024-03-07,19,5,10081,261,0,0,38.6884615384615,0,0,10081,280,0,0,0,0
"1959",2024-03-07,19,10,10059,260,0,0,38.6884615384615,0,0,10081,280,0,0,0,0
"1960",2024-03-07,19,15,9783,260,0,0,38.6884615384615,0,0,10081,280,0,0,0,0
"1961",2024-03-07,19,20,9825,262,0,0,38.6884615384615,0,0,10081,280,0,0,0,0
"1962",2024-03-07,19,25,9812,262,0,0,38.6884615384615,0,0,10081,280,0,0,0,0
"1963",2024-03-07,19,30,9168,259,0,0,38.6884615384615,0,0,10081,280,0,0,0,0
"1964",2024-03-07,19,35,8856,253,0,0,38.6884615384615,0,0,10081,280,0,0,0,0
"1965",2024-03-07,19,40,8770,249,0,0,38.6884615384615,0,0,10081,280,0,0,0,0
"1966",2024-03-07,19,45,9348,250,0,0,38.6884615384615,0,0,10081,280,0,0,0,0
"1967",2024-03-07,19,50,9426,251,0,0,38.6884615384615,0,0,10081,280,0,0,0,0
"1968",2024-03-07,19,55,9126,250,0,0,38.6884615384615,0,0,10081,280,0,0,0,0
"1969",2024-03-07,20,0,9382,249,0,0,39.78515625,0,0,10185,256,0,0,0,0
"1970",2024-03-07,20,5,8334,242,0,0,39.78515625,0,0,10185,256,0,0,0,0
"1971",2024-03-07,20,10,7734,240,0,0,39.78515625,0,0,10185,256,0,0,0,0
"1972",2024-03-07,20,15,7362,237,0,0,39.78515625,0,0,10185,256,0,0,0,0
"1973",2024-03-07,20,20,7351,236,0,0,39.78515625,0,0,10185,256,0,0,0,0
"1974",2024-03-07,20,25,8273,240,0,0,39.78515625,0,0,10185,256,0,0,0,0
"1975",2024-03-07,20,30,8315,242,0,0,39.78515625,0,0,10185,256,0,0,0,0
"1976",2024-03-07,20,35,9215,251,0,0,39.78515625,0,0,10185,256,0,0,0,0
"1977",2024-03-07,20,40,9513,252,0,0,39.78515625,0,0,10185,256,0,0,0,0
"1978",2024-03-07,20,45,9535,253,0,0,39.78515625,0,0,10185,256,0,0,0,0
"1979",2024-03-07,20,50,10185,256,0,0,39.78515625,0,0,10185,256,0,0,0,0
"1980",2024-03-07,20,55,9215,251,0,0,39.78515625,0,0,10185,256,0,0,0,0
"1981",2024-03-07,21,15,7635,248,0,0,36.772,0,0,9193,250,0,0,0,0
"1982",2024-03-07,21,20,7935,249,0,0,36.772,0,0,9193,250,0,0,0,0
"1983",2024-03-07,21,25,7852,245,0,0,36.772,0,0,9193,250,0,0,0,0
"1984",2024-03-07,21,30,7852,245,0,0,36.772,0,0,9193,250,0,0,0,0
"1985",2024-03-07,21,35,7475,245,0,0,36.772,0,0,9193,250,0,0,0,0
"1986",2024-03-07,21,40,7455,244,0,0,36.772,0,0,9193,250,0,0,0,0
"1987",2024-03-07,21,0,9193,250,0,0,36.772,0,0,9193,250,0,0,0,0
"1988",2024-03-07,21,5,7068,247,0,0,36.772,0,0,9193,250,0,0,0,0
"1989",2024-03-07,21,10,8246,250,0,0,36.772,0,0,9193,250,0,0,0,0
"1990",2024-03-07,21,55,6566,241,0,0,36.772,0,0,9193,250,0,0,0,0
"1991",2024-03-07,21,45,7411,241,0,0,36.772,0,0,9193,250,0,0,0,0
"1992",2024-03-07,21,50,6511,238,0,0,36.772,0,0,9193,250,0,0,0,0
"1993",2024-03-07,22,5,7423,232,0,0,34.4592274678112,0,0,8029,241,0,0,0,0
"1994",2024-03-07,22,10,7701,232,0,0,34.4592274678112,0,0,8029,241,0,0,0,0
"1995",2024-03-07,22,15,7751,233,0,0,34.4592274678112,0,0,8029,241,0,0,0,0
"1996",2024-03-07,22,20,7729,232,0,0,34.4592274678112,0,0,8029,241,0,0,0,0
"1997",2024-03-07,22,25,7729,232,0,0,34.4592274678112,0,0,8029,241,0,0,0,0
"1998",2024-03-07,22,30,8029,233,0,0,34.4592274678112,0,0,8029,241,0,0,0,0
"1999",2024-03-07,22,35,6290,210,0,0,34.4592274678112,0,0,8029,241,0,0,0,0
"2000",2024-03-07,22,40,6290,210,0,0,34.4592274678112,0,0,8029,241,0,0,0,0
"2001",2024-03-07,22,45,6246,208,0,0,34.4592274678112,0,0,8029,241,0,0,0,0
"2002",2024-03-07,22,50,6474,207,0,0,34.4592274678112,0,0,8029,241,0,0,0,0
"2003",2024-03-07,22,55,6806,209,0,0,34.4592274678112,0,0,8029,241,0,0,0,0
"2004",2024-03-07,22,0,6566,241,0,0,34.4592274678112,0,0,8029,241,0,0,0,0
"2005",2024-03-07,23,0,6806,209,0,0,32.6153846153846,0,0,6806,210,0,0,0,0
"2006",2024-03-07,23,5,6784,208,0,0,32.6153846153846,0,0,6806,210,0,0,0,0
"2007",2024-03-07,23,10,6162,205,0,0,32.6153846153846,0,0,6806,210,0,0,0,0
"2008",2024-03-07,23,15,6195,207,0,0,32.6153846153846,0,0,6806,210,0,0,0,0
"2009",2024-03-07,23,20,6167,207,0,0,32.6153846153846,0,0,6806,210,0,0,0,0
"2010",2024-03-07,23,25,6231,210,0,0,32.6153846153846,0,0,6806,210,0,0,0,0
"2011",2024-03-07,23,30,6231,210,0,0,32.6153846153846,0,0,6806,210,0,0,0,0
"2012",2024-03-07,23,35,5999,205,0,0,32.6153846153846,0,0,6806,210,0,0,0,0
"2013",2024-03-07,23,40,5999,205,0,0,32.6153846153846,0,0,6806,210,0,0,0,0
"2014",2024-03-07,23,45,5743,206,0,0,32.6153846153846,0,0,6806,210,0,0,0,0
"2015",2024-03-07,23,50,5743,206,0,0,32.6153846153846,0,0,6806,210,0,0,0,0
"2016",2024-03-07,23,55,5732,205,0,0,32.6153846153846,0,0,6806,210,0,0,0,0
"2017",2024-03-08,0,0,6411,230,0,0,28.3738738738739,0,0,6411,230,0,0,0,0
"2018",2024-03-08,0,5,6032,223,0,0,28.3738738738739,0,0,6411,230,0,0,0,0
"2019",2024-03-08,0,10,6032,223,0,0,28.3738738738739,0,0,6411,230,0,0,0,0
"2020",2024-03-08,0,15,6299,222,0,0,28.3738738738739,0,0,6411,230,0,0,0,0
"2021",2024-03-08,0,20,6299,222,0,0,28.3738738738739,0,0,6411,230,0,0,0,0
"2022",2024-03-08,0,25,5999,221,0,0,28.3738738738739,0,0,6411,230,0,0,0,0
"2023",2024-03-08,0,30,5999,221,0,0,28.3738738738739,0,0,6411,230,0,0,0,0
"2024",2024-03-08,0,35,5834,211,0,0,28.3738738738739,0,0,6411,230,0,0,0,0
"2025",2024-03-08,0,40,5256,210,0,0,28.3738738738739,0,0,6411,230,0,0,0,0
"2026",2024-03-08,0,45,5256,210,0,0,28.3738738738739,0,0,6411,230,0,0,0,0
"2027",2024-03-08,0,50,5256,210,0,0,28.3738738738739,0,0,6411,230,0,0,0,0
"2028",2024-03-08,0,55,5534,210,0,0,28.3738738738739,0,0,6411,230,0,0,0,0
"2029",2024-03-08,1,0,5798,199,0,0,29.1356783919598,0,0,5798,199,0,0,0,0
"2030",2024-03-08,1,5,5426,195,0,0,29.1356783919598,0,0,5798,199,0,0,0,0
"2031",2024-03-08,1,10,5426,195,0,0,29.1356783919598,0,0,5798,199,0,0,0,0
"2032",2024-03-08,1,15,5426,195,0,0,29.1356783919598,0,0,5798,199,0,0,0,0
"2033",2024-03-08,1,20,5426,195,0,0,29.1356783919598,0,0,5798,199,0,0,0,0
"2034",2024-03-08,1,25,5426,195,0,0,29.1356783919598,0,0,5798,199,0,0,0,0
"2035",2024-03-08,1,30,5126,194,0,0,29.1356783919598,0,0,5798,199,0,0,0,0
"2036",2024-03-08,1,35,5285,191,0,0,29.1356783919598,0,0,5798,199,0,0,0,0
"2037",2024-03-08,1,40,4685,189,0,0,29.1356783919598,0,0,5798,199,0,0,0,0
"2038",2024-03-08,1,45,4685,189,0,0,29.1356783919598,0,0,5798,199,0,0,0,0
"2039",2024-03-08,1,50,5285,191,0,0,29.1356783919598,0,0,5798,199,0,0,0,0
"2040",2024-03-08,1,55,5296,192,0,0,29.1356783919598,0,0,5798,199,0,0,0,0
"2041",2024-03-08,2,0,5296,192,0,0,27.9430051813472,0,0,5393,193,0,0,0,0
"2042",2024-03-08,2,5,5093,192,0,0,27.9430051813472,0,0,5393,193,0,0,0,0
"2043",2024-03-08,2,10,5093,192,0,0,27.9430051813472,0,0,5393,193,0,0,0,0
"2044",2024-03-08,2,15,5393,193,0,0,27.9430051813472,0,0,5393,193,0,0,0,0
"2045",2024-03-08,2,20,5393,193,0,0,27.9430051813472,0,0,5393,193,0,0,0,0
"2046",2024-03-08,2,25,5093,192,0,0,27.9430051813472,0,0,5393,193,0,0,0,0
"2047",2024-03-08,2,30,5093,192,0,0,27.9430051813472,0,0,5393,193,0,0,0,0
"2048",2024-03-08,2,35,4866,186,0,0,27.9430051813472,0,0,5393,193,0,0,0,0
"2049",2024-03-08,2,40,4866,186,0,0,27.9430051813472,0,0,5393,193,0,0,0,0
"2050",2024-03-08,2,45,4844,185,0,0,27.9430051813472,0,0,5393,193,0,0,0,0
"2051",2024-03-08,2,50,4844,185,0,0,27.9430051813472,0,0,5393,193,0,0,0,0
"2052",2024-03-08,2,55,4844,185,0,0,27.9430051813472,0,0,5393,193,0,0,0,0
"2053",2024-03-08,3,0,4844,185,0,0,26.1837837837838,0,0,4844,185,0,0,0,0
"2054",2024-03-08,3,5,4628,181,0,0,26.1837837837838,0,0,4844,185,0,0,0,0
"2055",2024-03-08,3,10,4628,181,0,0,26.1837837837838,0,0,4844,185,0,0,0,0
"2056",2024-03-08,3,15,4628,181,0,0,26.1837837837838,0,0,4844,185,0,0,0,0
"2057",2024-03-08,3,20,4628,181,0,0,26.1837837837838,0,0,4844,185,0,0,0,0
"2058",2024-03-08,3,25,4628,181,0,0,26.1837837837838,0,0,4844,185,0,0,0,0
"2059",2024-03-08,3,30,4628,181,0,0,26.1837837837838,0,0,4844,185,0,0,0,0
"2060",2024-03-08,3,35,4661,182,0,0,26.1837837837838,0,0,4844,185,0,0,0,0
"2061",2024-03-08,3,40,4661,182,0,0,26.1837837837838,0,0,4844,185,0,0,0,0
"2062",2024-03-08,3,45,4661,182,0,0,26.1837837837838,0,0,4844,185,0,0,0,0
"2063",2024-03-08,3,50,4661,182,0,0,26.1837837837838,0,0,4844,185,0,0,0,0
"2064",2024-03-08,3,55,4661,182,0,0,26.1837837837838,0,0,4844,185,0,0,0,0
"2065",2024-03-08,4,0,4661,182,0,0,27.7459459459459,0,0,5133,185,0,0,0,0
"2066",2024-03-08,4,5,4683,183,0,0,27.7459459459459,0,0,5133,185,0,0,0,0
"2067",2024-03-08,4,10,4683,183,0,0,27.7459459459459,0,0,5133,185,0,0,0,0
"2068",2024-03-08,4,15,4983,184,0,0,27.7459459459459,0,0,5133,185,0,0,0,0
"2069",2024-03-08,4,20,4983,184,0,0,27.7459459459459,0,0,5133,185,0,0,0,0
"2070",2024-03-08,4,25,4983,184,0,0,27.7459459459459,0,0,5133,185,0,0,0,0
"2071",2024-03-08,4,30,4683,183,0,0,27.7459459459459,0,0,5133,185,0,0,0,0
"2072",2024-03-08,4,35,4833,184,0,0,27.7459459459459,0,0,5133,185,0,0,0,0
"2073",2024-03-08,4,40,5133,185,0,0,27.7459459459459,0,0,5133,185,0,0,0,0
"2074",2024-03-08,4,45,5133,185,0,0,27.7459459459459,0,0,5133,185,0,0,0,0
"2075",2024-03-08,4,50,5133,185,0,0,27.7459459459459,0,0,5133,185,0,0,0,0
"2076",2024-03-08,4,55,5133,185,0,0,27.7459459459459,0,0,5133,185,0,0,0,0
"2077",2024-03-08,5,0,5133,185,0,0,30.6096256684492,0,0,5724,187,0,0,0,0
"2078",2024-03-08,5,5,5144,186,0,0,30.6096256684492,0,0,5724,187,0,0,0,0
"2079",2024-03-08,5,10,4844,185,0,0,30.6096256684492,0,0,5724,187,0,0,0,0
"2080",2024-03-08,5,15,4844,185,0,0,30.6096256684492,0,0,5724,187,0,0,0,0
"2081",2024-03-08,5,20,5144,186,0,0,30.6096256684492,0,0,5724,187,0,0,0,0
"2082",2024-03-08,5,25,5144,186,0,0,30.6096256684492,0,0,5724,187,0,0,0,0
"2083",2024-03-08,5,30,5144,186,0,0,30.6096256684492,0,0,5724,187,0,0,0,0
"2084",2024-03-08,5,35,5124,185,0,0,30.6096256684492,0,0,5724,187,0,0,0,0
"2085",2024-03-08,5,40,5124,185,0,0,30.6096256684492,0,0,5724,187,0,0,0,0
"2086",2024-03-08,5,45,5124,185,0,0,30.6096256684492,0,0,5724,187,0,0,0,0
"2087",2024-03-08,5,50,5424,186,0,0,30.6096256684492,0,0,5724,187,0,0,0,0
"2088",2024-03-08,5,55,5724,187,0,0,30.6096256684492,0,0,5724,187,0,0,0,0
"2089",2024-03-08,6,0,5446,187,0,0,29.1229946524064,0,0,5446,189,0,0,0,0
"2090",2024-03-08,6,5,5416,187,0,0,29.1229946524064,0,0,5446,189,0,0,0,0
"2091",2024-03-08,6,10,5416,187,0,0,29.1229946524064,0,0,5446,189,0,0,0,0
"2092",2024-03-08,6,15,5416,187,0,0,29.1229946524064,0,0,5446,189,0,0,0,0
"2093",2024-03-08,6,20,5416,187,0,0,29.1229946524064,0,0,5446,189,0,0,0,0
"2094",2024-03-08,6,25,5416,187,0,0,29.1229946524064,0,0,5446,189,0,0,0,0
"2095",2024-03-08,6,30,5116,186,0,0,29.1229946524064,0,0,5446,189,0,0,0,0
"2096",2024-03-08,6,35,5299,189,0,0,29.1229946524064,0,0,5446,189,0,0,0,0
"2097",2024-03-08,6,40,4999,188,0,0,29.1229946524064,0,0,5446,189,0,0,0,0
"2098",2024-03-08,6,45,4967,187,0,0,29.1229946524064,0,0,5446,189,0,0,0,0
"2099",2024-03-08,6,50,4989,188,0,0,29.1229946524064,0,0,5446,189,0,0,0,0
"2100",2024-03-08,6,55,4989,188,0,0,29.1229946524064,0,0,5446,189,0,0,0,0
"2101",2024-03-08,7,0,4989,188,0,0,30.1400966183575,0,0,6239,207,0,0,0,0
"2102",2024-03-08,7,5,5152,197,0,0,30.1400966183575,0,0,6239,207,0,0,0,0
"2103",2024-03-08,7,10,5108,195,0,0,30.1400966183575,0,0,6239,207,0,0,0,0
"2104",2024-03-08,7,15,5130,196,0,0,30.1400966183575,0,0,6239,207,0,0,0,0
"2105",2024-03-08,7,20,5130,196,0,0,30.1400966183575,0,0,6239,207,0,0,0,0
"2106",2024-03-08,7,25,5130,196,0,0,30.1400966183575,0,0,6239,207,0,0,0,0
"2107",2024-03-08,7,30,5430,197,0,0,30.1400966183575,0,0,6239,207,0,0,0,0
"2108",2024-03-08,7,35,5939,206,0,0,30.1400966183575,0,0,6239,207,0,0,0,0
"2109",2024-03-08,7,40,5961,207,0,0,30.1400966183575,0,0,6239,207,0,0,0,0
"2110",2024-03-08,7,45,6239,207,0,0,30.1400966183575,0,0,6239,207,0,0,0,0
"2111",2024-03-08,7,50,6239,207,0,0,30.1400966183575,0,0,6239,207,0,0,0,0
"2112",2024-03-08,7,55,6229,207,0,0,30.1400966183575,0,0,6239,207,0,0,0,0
"2113",2024-03-08,8,0,6251,208,0,0,30.7453703703704,0,0,7377,254,0,0,0,0
"2114",2024-03-08,8,5,6363,216,0,0,30.7453703703704,0,0,7377,254,0,0,0,0
"2115",2024-03-08,8,10,6641,216,0,0,30.7453703703704,0,0,7377,254,0,0,0,0
"2116",2024-03-08,8,15,6030,213,0,0,30.7453703703704,0,0,7377,254,0,0,0,0
"2117",2024-03-08,8,20,6418,218,0,0,30.7453703703704,0,0,7377,254,0,0,0,0
"2118",2024-03-08,8,25,6226,222,0,0,30.7453703703704,0,0,7377,254,0,0,0,0
"2119",2024-03-08,8,30,6226,222,0,0,30.7453703703704,0,0,7377,254,0,0,0,0
"2120",2024-03-08,8,35,7256,247,0,0,30.7453703703704,0,0,7377,254,0,0,0,0
"2121",2024-03-08,8,40,7256,247,0,0,30.7453703703704,0,0,7377,254,0,0,0,0
"2122",2024-03-08,8,45,7300,250,0,0,30.7453703703704,0,0,7377,254,0,0,0,0
"2123",2024-03-08,8,50,7333,252,0,0,30.7453703703704,0,0,7377,254,0,0,0,0
"2124",2024-03-08,8,55,7377,254,0,0,30.7453703703704,0,0,7377,254,0,0,0,0
"2125",2024-03-08,9,0,7377,254,0,0,32.3652482269504,0,0,9127,300,0,0,0,0
"2126",2024-03-08,9,5,8360,273,0,0,32.3652482269504,0,0,9127,300,0,0,0,0
"2127",2024-03-08,9,10,8404,275,0,0,32.3652482269504,0,0,9127,300,0,0,0,0
"2128",2024-03-08,9,15,8106,273,0,0,32.3652482269504,0,0,9127,300,0,0,0,0
"2129",2024-03-08,9,20,8739,277,0,0,32.3652482269504,0,0,9127,300,0,0,0,0
"2130",2024-03-08,9,25,9127,282,0,0,32.3652482269504,0,0,9127,300,0,0,0,0
"2131",2024-03-08,9,30,8915,285,0,0,32.3652482269504,0,0,9127,300,0,0,0,0
"2132",2024-03-08,9,35,8519,295,0,0,32.3652482269504,0,0,9127,300,0,0,0,0
"2133",2024-03-08,9,40,8230,295,0,0,32.3652482269504,0,0,9127,300,0,0,0,0
"2134",2024-03-08,9,45,8674,300,0,0,32.3652482269504,0,0,9127,300,0,0,0,0
"2135",2024-03-08,9,50,8352,298,0,0,32.3652482269504,0,0,9127,300,0,0,0,0
"2136",2024-03-08,9,55,8402,299,0,0,32.3652482269504,0,0,9127,300,0,0,0,0
"2137",2024-03-08,10,0,8376,299,0,0,33.7861445783133,0,0,11322,336,0,0,0,0
"2138",2024-03-08,10,5,9722,308,0,0,33.7861445783133,0,0,11322,336,0,0,0,0
"2139",2024-03-08,10,10,9722,308,0,0,33.7861445783133,0,0,11322,336,0,0,0,0
"2140",2024-03-08,10,15,10066,310,0,0,33.7861445783133,0,0,11322,336,0,0,0,0
"2141",2024-03-08,10,20,10154,314,0,0,33.7861445783133,0,0,11322,336,0,0,0,0
"2142",2024-03-08,10,25,9782,311,0,0,33.7861445783133,0,0,11322,336,0,0,0,0
"2143",2024-03-08,10,30,10426,315,0,0,33.7861445783133,0,0,11322,336,0,0,0,0
"2144",2024-03-08,10,35,10667,331,0,0,33.7861445783133,0,0,11322,336,0,0,0,0
"2145",2024-03-08,10,40,10339,330,0,0,33.7861445783133,0,0,11322,336,0,0,0,0
"2146",2024-03-08,10,45,10650,332,0,0,33.7861445783133,0,0,11322,336,0,0,0,0
"2147",2024-03-08,10,50,11322,336,0,0,33.7861445783133,0,0,11322,336,0,0,0,0
"2148",2024-03-08,10,55,11217,332,0,0,33.7861445783133,0,0,11322,336,0,0,0,0
"2149",2024-03-08,11,0,12181,338,0,0,40.5710306406685,0,0,14565,359,0,0,0,0
"2150",2024-03-08,11,5,14265,358,0,0,40.5710306406685,0,0,14565,359,0,0,0,0
"2151",2024-03-08,11,10,14565,359,0,0,40.5710306406685,0,0,14565,359,0,0,0,0
"2152",2024-03-08,11,15,13903,356,0,0,40.5710306406685,0,0,14565,359,0,0,0,0
"2153",2024-03-08,11,20,13881,355,0,0,40.5710306406685,0,0,14565,359,0,0,0,0
"2154",2024-03-08,11,25,12703,352,0,0,40.5710306406685,0,0,14565,359,0,0,0,0
"2155",2024-03-08,11,30,11853,350,0,0,40.5710306406685,0,0,14565,359,0,0,0,0
"2156",2024-03-08,11,35,10804,342,0,0,40.5710306406685,0,0,14565,359,0,0,0,0
"2157",2024-03-08,11,40,10888,344,0,0,40.5710306406685,0,0,14565,359,0,0,0,0
"2158",2024-03-08,11,45,11155,343,0,0,40.5710306406685,0,0,14565,359,0,0,0,0
"2159",2024-03-08,11,50,11177,344,0,0,40.5710306406685,0,0,14565,359,0,0,0,0
"2160",2024-03-08,11,55,11521,347,0,0,40.5710306406685,0,0,14565,359,0,0,0,0
"2161",2024-03-08,12,15,11477,346,0,0,34.6991404011461,0,0,12110,357,0,0,0,0
"2162",2024-03-08,12,20,11427,345,0,0,34.6991404011461,0,0,12110,357,0,0,0,0
"2163",2024-03-08,12,25,11193,347,0,0,34.6991404011461,0,0,12110,357,0,0,0,0
"2164",2024-03-08,12,30,11249,350,0,0,34.6991404011461,0,0,12110,357,0,0,0,0
"2165",2024-03-08,12,35,10834,357,0,0,34.6991404011461,0,0,12110,357,0,0,0,0
"2166",2024-03-08,12,40,10862,357,0,0,34.6991404011461,0,0,12110,357,0,0,0,0
"2167",2024-03-08,12,45,11407,356,0,0,34.6991404011461,0,0,12110,357,0,0,0,0
"2168",2024-03-08,12,50,11365,354,0,0,34.6991404011461,0,0,12110,357,0,0,0,0
"2169",2024-03-08,12,55,11021,351,0,0,34.6991404011461,0,0,12110,357,0,0,0,0
"2170",2024-03-08,12,0,11521,347,0,0,34.6991404011461,0,0,12110,357,0,0,0,0
"2171",2024-03-08,12,5,12110,349,0,0,34.6991404011461,0,0,12110,357,0,0,0,0
"2172",2024-03-08,12,10,11510,347,0,0,34.6991404011461,0,0,12110,357,0,0,0,0
"2173",2024-03-08,13,0,11111,352,0,0,38.4337016574586,0,0,13913,363,0,0,0,0
"2174",2024-03-08,13,5,11871,355,0,0,38.4337016574586,0,0,13913,363,0,0,0,0
"2175",2024-03-08,13,10,11549,353,0,0,38.4337016574586,0,0,13913,363,0,0,0,0
"2176",2024-03-08,13,15,12155,354,0,0,38.4337016574586,0,0,13913,363,0,0,0,0
"2177",2024-03-08,13,20,11793,352,0,0,38.4337016574586,0,0,13913,363,0,0,0,0
"2178",2024-03-08,13,25,12113,354,0,0,38.4337016574586,0,0,13913,363,0,0,0,0
"2179",2024-03-08,13,30,12991,356,0,0,38.4337016574586,0,0,13913,363,0,0,0,0
"2180",2024-03-08,13,35,13913,362,0,0,38.4337016574586,0,0,13913,363,0,0,0,0
"2181",2024-03-08,13,40,13385,362,0,0,38.4337016574586,0,0,13913,363,0,0,0,0
"2182",2024-03-08,13,45,13606,363,0,0,38.4337016574586,0,0,13913,363,0,0,0,0
"2183",2024-03-08,13,50,12984,360,0,0,38.4337016574586,0,0,13913,363,0,0,0,0
"2184",2024-03-08,13,55,12995,360,0,0,38.4337016574586,0,0,13913,363,0,0,0,0
"2185",2024-03-08,14,0,12437,360,0,0,35.7637362637363,0,0,13169,371,0,0,0,0
"2186",2024-03-08,14,5,12913,371,0,0,35.7637362637363,0,0,13169,371,0,0,0,0
"2187",2024-03-08,14,10,13169,370,0,0,35.7637362637363,0,0,13169,371,0,0,0,0
"2188",2024-03-08,14,15,12514,366,0,0,35.7637362637363,0,0,13169,371,0,0,0,0
"2189",2024-03-08,14,20,12177,363,0,0,35.7637362637363,0,0,13169,371,0,0,0,0
"2190",2024-03-08,14,25,12768,364,0,0,35.7637362637363,0,0,13169,371,0,0,0,0
"2191",2024-03-08,14,30,13018,364,0,0,35.7637362637363,0,0,13169,371,0,0,0,0
"2192",2024-03-08,14,35,12145,348,0,0,35.7637362637363,0,0,13169,371,0,0,0,0
"2193",2024-03-08,14,40,11495,345,0,0,35.7637362637363,0,0,13169,371,0,0,0,0
"2194",2024-03-08,14,45,11462,344,0,0,35.7637362637363,0,0,13169,371,0,0,0,0
"2195",2024-03-08,14,50,11528,347,0,0,35.7637362637363,0,0,13169,371,0,0,0,0
"2196",2024-03-08,14,55,11528,348,0,0,35.7637362637363,0,0,13169,371,0,0,0,0
"2197",2024-03-08,15,0,11850,350,0,0,35.1929824561403,0,0,12036,350,0,0,0,0
"2198",2024-03-08,15,5,12036,342,0,0,35.1929824561403,0,0,12036,350,0,0,0,0
"2199",2024-03-08,15,10,11692,339,0,0,35.1929824561403,0,0,12036,350,0,0,0,0
"2200",2024-03-08,15,15,11348,336,0,0,35.1929824561403,0,0,12036,350,0,0,0,0
"2201",2024-03-08,15,20,11326,335,0,0,35.1929824561403,0,0,12036,350,0,0,0,0
"2202",2024-03-08,15,25,11326,335,0,0,35.1929824561403,0,0,12036,350,0,0,0,0
"2203",2024-03-08,15,30,11604,335,0,0,35.1929824561403,0,0,12036,350,0,0,0,0
"2204",2024-03-08,15,35,10161,342,0,0,35.1929824561403,0,0,12036,350,0,0,0,0
"2205",2024-03-08,15,40,10783,345,0,0,35.1929824561403,0,0,12036,350,0,0,0,0
"2206",2024-03-08,15,45,11383,347,0,0,35.1929824561403,0,0,12036,350,0,0,0,0
"2207",2024-03-08,15,50,11683,348,0,0,35.1929824561403,0,0,12036,350,0,0,0,0
"2208",2024-03-08,15,55,11705,349,0,0,35.1929824561403,0,0,12036,350,0,0,0,0
"2209",2024-03-08,16,55,10703,338,0,0,34.9737609329446,0,0,12386,364,0,0,0,0
"2210",2024-03-08,16,0,12027,351,0,0,34.9737609329446,0,0,12386,364,0,0,0,0
"2211",2024-03-08,16,5,12386,358,0,0,34.9737609329446,0,0,12386,364,0,0,0,0
"2212",2024-03-08,16,10,12248,360,0,0,34.9737609329446,0,0,12386,364,0,0,0,0
"2213",2024-03-08,16,15,12374,363,0,0,34.9737609329446,0,0,12386,364,0,0,0,0
"2214",2024-03-08,16,20,12096,363,0,0,34.9737609329446,0,0,12386,364,0,0,0,0
"2215",2024-03-08,16,25,12219,364,0,0,34.9737609329446,0,0,12386,364,0,0,0,0
"2216",2024-03-08,16,30,11921,363,0,0,34.9737609329446,0,0,12386,364,0,0,0,0
"2217",2024-03-08,16,35,12173,349,0,0,34.9737609329446,0,0,12386,364,0,0,0,0
"2218",2024-03-08,16,40,12151,348,0,0,34.9737609329446,0,0,12386,364,0,0,0,0
"2219",2024-03-08,16,45,11996,343,0,0,34.9737609329446,0,0,12386,364,0,0,0,0
"2220",2024-03-08,16,50,11014,339,0,0,34.9737609329446,0,0,12386,364,0,0,0,0
"2221",2024-03-08,17,0,10970,337,0,0,39.0495626822157,0,0,13394,343,0,0,0,0
"2222",2024-03-08,17,5,10813,329,0,0,39.0495626822157,0,0,13394,343,0,0,0,0
"2223",2024-03-08,17,10,10555,330,0,0,39.0495626822157,0,0,13394,343,0,0,0,0
"2224",2024-03-08,17,15,10555,330,0,0,39.0495626822157,0,0,13394,343,0,0,0,0
"2225",2024-03-08,17,20,10555,330,0,0,39.0495626822157,0,0,13394,343,0,0,0,0
"2226",2024-03-08,17,25,10855,331,0,0,39.0495626822157,0,0,13394,343,0,0,0,0
"2227",2024-03-08,17,30,10599,332,0,0,39.0495626822157,0,0,13394,343,0,0,0,0
"2228",2024-03-08,17,35,11363,338,0,0,39.0495626822157,0,0,13394,343,0,0,0,0
"2229",2024-03-08,17,40,11580,336,0,0,39.0495626822157,0,0,13394,343,0,0,0,0
"2230",2024-03-08,17,45,12202,339,0,0,39.0495626822157,0,0,13394,343,0,0,0,0
"2231",2024-03-08,17,50,13162,342,0,0,39.0495626822157,0,0,13394,343,0,0,0,0
"2232",2024-03-08,17,55,13394,343,0,0,39.0495626822157,0,0,13394,343,0,0,0,0
"2233",2024-03-08,18,0,13116,343,0,0,41.4613095238095,0,0,13931,343,0,0,0,0
"2234",2024-03-08,18,5,13931,336,0,0,41.4613095238095,0,0,13931,343,0,0,0,0
"2235",2024-03-08,18,10,13289,332,0,0,41.4613095238095,0,0,13931,343,0,0,0,0
"2236",2024-03-08,18,15,13493,330,0,0,41.4613095238095,0,0,13931,343,0,0,0,0
"2237",2024-03-08,18,20,13451,328,0,0,41.4613095238095,0,0,13931,343,0,0,0,0
"2238",2024-03-08,18,25,13363,325,0,0,41.4613095238095,0,0,13931,343,0,0,0,0
"2239",2024-03-08,18,30,12741,322,0,0,41.4613095238095,0,0,13931,343,0,0,0,0
"2240",2024-03-08,18,35,9599,289,0,0,41.4613095238095,0,0,13931,343,0,0,0,0
"2241",2024-03-08,18,40,9888,289,0,0,41.4613095238095,0,0,13931,343,0,0,0,0
"2242",2024-03-08,18,45,9660,290,0,0,41.4613095238095,0,0,13931,343,0,0,0,0
"2243",2024-03-08,18,50,9682,291,0,0,41.4613095238095,0,0,13931,343,0,0,0,0
"2244",2024-03-08,18,55,9338,288,0,0,41.4613095238095,0,0,13931,343,0,0,0,0
"2245",2024-03-08,19,0,9894,288,0,0,38.8710801393728,0,0,11250,290,0,0,0,0
"2246",2024-03-08,19,5,11250,290,0,0,38.8710801393728,0,0,11250,290,0,0,0,0
"2247",2024-03-08,19,10,10972,290,0,0,38.8710801393728,0,0,11250,290,0,0,0,0
"2248",2024-03-08,19,15,10900,288,0,0,38.8710801393728,0,0,11250,290,0,0,0,0
"2249",2024-03-08,19,20,11156,287,0,0,38.8710801393728,0,0,11250,290,0,0,0,0
"2250",2024-03-08,19,25,10267,285,0,0,38.8710801393728,0,0,11250,290,0,0,0,0
"2251",2024-03-08,19,30,10267,285,0,0,38.8710801393728,0,0,11250,290,0,0,0,0
"2252",2024-03-08,19,35,9342,279,0,0,38.8710801393728,0,0,11250,290,0,0,0,0
"2253",2024-03-08,19,40,9020,277,0,0,38.8710801393728,0,0,11250,290,0,0,0,0
"2254",2024-03-08,19,45,8729,277,0,0,38.8710801393728,0,0,11250,290,0,0,0,0
"2255",2024-03-08,19,50,8707,276,0,0,38.8710801393728,0,0,11250,290,0,0,0,0
"2256",2024-03-08,19,55,8974,275,0,0,38.8710801393728,0,0,11250,290,0,0,0,0
"2257",2024-03-08,20,0,8063,271,0,0,36.1611721611722,0,0,9872,275,0,0,0,0
"2258",2024-03-08,20,5,8054,270,0,0,36.1611721611722,0,0,9872,275,0,0,0,0
"2259",2024-03-08,20,10,8704,273,0,0,36.1611721611722,0,0,9872,275,0,0,0,0
"2260",2024-03-08,20,15,8288,268,0,0,36.1611721611722,0,0,9872,275,0,0,0,0
"2261",2024-03-08,20,20,8286,268,0,0,36.1611721611722,0,0,9872,275,0,0,0,0
"2262",2024-03-08,20,25,8286,268,0,0,36.1611721611722,0,0,9872,275,0,0,0,0
"2263",2024-03-08,20,30,8586,269,0,0,36.1611721611722,0,0,9872,275,0,0,0,0
"2264",2024-03-08,20,35,8650,268,0,0,36.1611721611722,0,0,9872,275,0,0,0,0
"2265",2024-03-08,20,40,8950,269,0,0,36.1611721611722,0,0,9872,275,0,0,0,0
"2266",2024-03-08,20,45,9572,272,0,0,36.1611721611722,0,0,9872,275,0,0,0,0
"2267",2024-03-08,20,50,9872,273,0,0,36.1611721611722,0,0,9872,275,0,0,0,0
"2268",2024-03-08,20,55,9640,275,0,0,36.1611721611722,0,0,9872,275,0,0,0,0
"2269",2024-03-08,21,0,9084,275,0,0,35.6061776061776,0,0,9298,275,0,0,0,0
"2270",2024-03-08,21,5,7443,262,0,0,35.6061776061776,0,0,9298,275,0,0,0,0
"2271",2024-03-08,21,10,8343,265,0,0,35.6061776061776,0,0,9298,275,0,0,0,0
"2272",2024-03-08,21,15,8343,265,0,0,35.6061776061776,0,0,9298,275,0,0,0,0
"2273",2024-03-08,21,20,8687,268,0,0,35.6061776061776,0,0,9298,275,0,0,0,0
"2274",2024-03-08,21,25,9298,270,0,0,35.6061776061776,0,0,9298,275,0,0,0,0
"2275",2024-03-08,21,30,9254,268,0,0,35.6061776061776,0,0,9298,275,0,0,0,0
"2276",2024-03-08,21,35,9222,259,0,0,35.6061776061776,0,0,9298,275,0,0,0,0
"2277",2024-03-08,21,40,8600,256,0,0,35.6061776061776,0,0,9298,275,0,0,0,0
"2278",2024-03-08,21,45,8911,258,0,0,35.6061776061776,0,0,9298,275,0,0,0,0
"2279",2024-03-08,21,50,8911,258,0,0,35.6061776061776,0,0,9298,275,0,0,0,0
"2280",2024-03-08,21,55,8589,256,0,0,35.6061776061776,0,0,9298,275,0,0,0,0
"2281",2024-03-08,22,0,7711,254,0,0,32.42,0,0,8127,254,0,0,0,0
"2282",2024-03-08,22,5,7277,249,0,0,32.42,0,0,8127,254,0,0,0,0
"2283",2024-03-08,22,10,7505,248,0,0,32.42,0,0,8127,254,0,0,0,0
"2284",2024-03-08,22,15,7629,241,0,0,32.42,0,0,8127,254,0,0,0,0
"2285",2024-03-08,22,20,7783,248,0,0,32.42,0,0,8127,254,0,0,0,0
"2286",2024-03-08,22,25,8105,250,0,0,32.42,0,0,8127,254,0,0,0,0
"2287",2024-03-08,22,30,8127,251,0,0,32.42,0,0,8127,254,0,0,0,0
"2288",2024-03-08,22,35,7594,246,0,0,32.42,0,0,8127,254,0,0,0,0
"2289",2024-03-08,22,40,7038,246,0,0,32.42,0,0,8127,254,0,0,0,0
"2290",2024-03-08,22,45,6738,245,0,0,32.42,0,0,8127,254,0,0,0,0
"2291",2024-03-08,22,50,7058,247,0,0,32.42,0,0,8127,254,0,0,0,0
"2292",2024-03-08,22,55,7708,250,0,0,32.42,0,0,8127,254,0,0,0,0
"2293",2024-03-08,23,0,7686,249,0,0,32.5084033613445,0,0,7737,249,0,0,0,0
"2294",2024-03-08,23,5,7503,240,0,0,32.5084033613445,0,0,7737,249,0,0,0,0
"2295",2024-03-08,23,10,7203,239,0,0,32.5084033613445,0,0,7737,249,0,0,0,0
"2296",2024-03-08,23,15,7159,237,0,0,32.5084033613445,0,0,7737,249,0,0,0,0
"2297",2024-03-08,23,20,7137,236,0,0,32.5084033613445,0,0,7737,249,0,0,0,0
"2298",2024-03-08,23,25,7437,237,0,0,32.5084033613445,0,0,7737,249,0,0,0,0
"2299",2024-03-08,23,30,7737,238,0,0,32.5084033613445,0,0,7737,249,0,0,0,0
"2300",2024-03-08,23,35,7033,233,0,0,32.5084033613445,0,0,7737,249,0,0,0,0
"2301",2024-03-08,23,40,7033,233,0,0,32.5084033613445,0,0,7737,249,0,0,0,0
"2302",2024-03-08,23,45,7055,234,0,0,32.5084033613445,0,0,7737,249,0,0,0,0
"2303",2024-03-08,23,50,7033,233,0,0,32.5084033613445,0,0,7737,249,0,0,0,0
"2304",2024-03-08,23,55,6411,230,0,0,32.5084033613445,0,0,7737,249,0,0,0,0
"2305",2024-03-09,0,0,9703.4,398,0,0,24.7134715025907,0,0,9703.4,398,0,0,0,0
"2306",2024-03-09,0,5,9539.4,386,0,0,24.7134715025907,0,0,9703.4,398,0,0,0,0
"2307",2024-03-09,0,10,9559.4,387,0,0,24.7134715025907,0,0,9703.4,398,0,0,0,0
"2308",2024-03-09,0,15,8899.4,384,0,0,24.7134715025907,0,0,9703.4,398,0,0,0,0
"2309",2024-03-09,0,20,8844.4,381,0,0,24.7134715025907,0,0,9703.4,398,0,0,0,0
"2310",2024-03-09,0,25,9144.4,382,0,0,24.7134715025907,0,0,9703.4,398,0,0,0,0
"2311",2024-03-09,0,30,8798.4,379,0,0,24.7134715025907,0,0,9703.4,398,0,0,0,0
"2312",2024-03-09,0,35,8301.4,371,0,0,24.7134715025907,0,0,9703.4,398,0,0,0,0
"2313",2024-03-09,0,40,7668.4,367,0,0,24.7134715025907,0,0,9703.4,398,0,0,0,0
"2314",2024-03-09,0,45,7602.4,364,0,0,24.7134715025907,0,0,9703.4,398,0,0,0,0
"2315",2024-03-09,0,50,7624.4,365,0,0,24.7134715025907,0,0,9703.4,398,0,0,0,0
"2316",2024-03-09,0,55,7624.4,365,0,0,24.7134715025907,0,0,9703.4,398,0,0,0,0
"2317",2024-03-09,1,0,5234,209,0,0,27.2995169082126,0,0,5651,209,0,0,0,0
"2318",2024-03-09,1,5,5079,205,0,0,27.2995169082126,0,0,5651,209,0,0,0,0
"2319",2024-03-09,1,10,5079,205,0,0,27.2995169082126,0,0,5651,209,0,0,0,0
"2320",2024-03-09,1,15,5079,205,0,0,27.2995169082126,0,0,5651,209,0,0,0,0
"2321",2024-03-09,1,20,5379,206,0,0,27.2995169082126,0,0,5651,209,0,0,0,0
"2322",2024-03-09,1,25,5379,206,0,0,27.2995169082126,0,0,5651,209,0,0,0,0
"2323",2024-03-09,1,30,5379,206,0,0,27.2995169082126,0,0,5651,209,0,0,0,0
"2324",2024-03-09,1,35,5351,206,0,0,27.2995169082126,0,0,5651,209,0,0,0,0
"2325",2024-03-09,1,40,5651,207,0,0,27.2995169082126,0,0,5651,209,0,0,0,0
"2326",2024-03-09,1,45,5051,205,0,0,27.2995169082126,0,0,5651,209,0,0,0,0
"2327",2024-03-09,1,50,5351,206,0,0,27.2995169082126,0,0,5651,209,0,0,0,0
"2328",2024-03-09,1,55,5351,206,0,0,27.2995169082126,0,0,5651,209,0,0,0,0
"2329",2024-03-09,2,0,5351,206,0,0,25.9757281553398,0,0,5351,207,0,0,0,0
"2330",2024-03-09,2,5,5033,206,0,0,25.9757281553398,0,0,5351,207,0,0,0,0
"2331",2024-03-09,2,10,5033,206,0,0,25.9757281553398,0,0,5351,207,0,0,0,0
"2332",2024-03-09,2,15,5033,206,0,0,25.9757281553398,0,0,5351,207,0,0,0,0
"2333",2024-03-09,2,20,5033,206,0,0,25.9757281553398,0,0,5351,207,0,0,0,0
"2334",2024-03-09,2,25,5333,207,0,0,25.9757281553398,0,0,5351,207,0,0,0,0
"2335",2024-03-09,2,30,5333,207,0,0,25.9757281553398,0,0,5351,207,0,0,0,0
"2336",2024-03-09,2,35,5201,205,0,0,25.9757281553398,0,0,5351,207,0,0,0,0
"2337",2024-03-09,2,40,5201,205,0,0,25.9757281553398,0,0,5351,207,0,0,0,0
"2338",2024-03-09,2,45,5201,205,0,0,25.9757281553398,0,0,5351,207,0,0,0,0
"2339",2024-03-09,2,50,5201,205,0,0,25.9757281553398,0,0,5351,207,0,0,0,0
"2340",2024-03-09,2,55,5201,205,0,0,25.9757281553398,0,0,5351,207,0,0,0,0
"2341",2024-03-09,3,0,5201,205,0,0,25.4202898550725,0,0,5262,207,0,0,0,0
"2342",2024-03-09,3,5,4846,203,0,0,25.4202898550725,0,0,5262,207,0,0,0,0
"2343",2024-03-09,3,10,4846,203,0,0,25.4202898550725,0,0,5262,207,0,0,0,0
"2344",2024-03-09,3,15,5146,204,0,0,25.4202898550725,0,0,5262,207,0,0,0,0
"2345",2024-03-09,3,20,5146,204,0,0,25.4202898550725,0,0,5262,207,0,0,0,0
"2346",2024-03-09,3,25,5146,204,0,0,25.4202898550725,0,0,5262,207,0,0,0,0
"2347",2024-03-09,3,30,4846,203,0,0,25.4202898550725,0,0,5262,207,0,0,0,0
"2348",2024-03-09,3,35,5262,207,0,0,25.4202898550725,0,0,5262,207,0,0,0,0
"2349",2024-03-09,3,40,5262,207,0,0,25.4202898550725,0,0,5262,207,0,0,0,0
"2350",2024-03-09,3,45,4962,206,0,0,25.4202898550725,0,0,5262,207,0,0,0,0
"2351",2024-03-09,3,50,4962,206,0,0,25.4202898550725,0,0,5262,207,0,0,0,0
"2352",2024-03-09,3,55,4962,206,0,0,25.4202898550725,0,0,5262,207,0,0,0,0
"2353",2024-03-09,4,0,4962,206,0,0,27.3816425120773,0,0,5668,207,0,0,0,0
"2354",2024-03-09,4,5,4940,205,0,0,27.3816425120773,0,0,5668,207,0,0,0,0
"2355",2024-03-09,4,10,4940,205,0,0,27.3816425120773,0,0,5668,207,0,0,0,0
"2356",2024-03-09,4,15,4940,205,0,0,27.3816425120773,0,0,5668,207,0,0,0,0
"2357",2024-03-09,4,20,4940,205,0,0,27.3816425120773,0,0,5668,207,0,0,0,0
"2358",2024-03-09,4,25,5240,206,0,0,27.3816425120773,0,0,5668,207,0,0,0,0
"2359",2024-03-09,4,30,5540,207,0,0,27.3816425120773,0,0,5668,207,0,0,0,0
"2360",2024-03-09,4,35,5368,206,0,0,27.3816425120773,0,0,5668,207,0,0,0,0
"2361",2024-03-09,4,40,5668,207,0,0,27.3816425120773,0,0,5668,207,0,0,0,0
"2362",2024-03-09,4,45,5368,206,0,0,27.3816425120773,0,0,5668,207,0,0,0,0
"2363",2024-03-09,4,50,5390,207,0,0,27.3816425120773,0,0,5668,207,0,0,0,0
"2364",2024-03-09,4,55,5390,207,0,0,27.3816425120773,0,0,5668,207,0,0,0,0
"2365",2024-03-09,5,0,5390,207,0,0,28.5576923076923,0,0,5940,208,0,0,0,0
"2366",2024-03-09,5,5,5640,207,0,0,28.5576923076923,0,0,5940,208,0,0,0,0
"2367",2024-03-09,5,10,5640,207,0,0,28.5576923076923,0,0,5940,208,0,0,0,0
"2368",2024-03-09,5,15,5940,208,0,0,28.5576923076923,0,0,5940,208,0,0,0,0
"2369",2024-03-09,5,20,5940,208,0,0,28.5576923076923,0,0,5940,208,0,0,0,0
"2370",2024-03-09,5,25,5940,208,0,0,28.5576923076923,0,0,5940,208,0,0,0,0
"2371",2024-03-09,5,30,5940,208,0,0,28.5576923076923,0,0,5940,208,0,0,0,0
"2372",2024-03-09,5,35,5596,205,0,0,28.5576923076923,0,0,5940,208,0,0,0,0
"2373",2024-03-09,5,40,5596,205,0,0,28.5576923076923,0,0,5940,208,0,0,0,0
"2374",2024-03-09,5,45,5596,205,0,0,28.5576923076923,0,0,5940,208,0,0,0,0
"2375",2024-03-09,5,50,5596,205,0,0,28.5576923076923,0,0,5940,208,0,0,0,0
"2376",2024-03-09,5,55,5574,204,0,0,28.5576923076923,0,0,5940,208,0,0,0,0
"2377",2024-03-09,6,0,5274,203,0,0,27.3235294117647,0,0,5585,205,0,0,0,0
"2378",2024-03-09,6,5,4974,202,0,0,27.3235294117647,0,0,5585,205,0,0,0,0
"2379",2024-03-09,6,10,4974,202,0,0,27.3235294117647,0,0,5585,205,0,0,0,0
"2380",2024-03-09,6,15,4974,202,0,0,27.3235294117647,0,0,5585,205,0,0,0,0
"2381",2024-03-09,6,20,5274,203,0,0,27.3235294117647,0,0,5585,205,0,0,0,0
"2382",2024-03-09,6,25,5574,204,0,0,27.3235294117647,0,0,5585,205,0,0,0,0
"2383",2024-03-09,6,30,5574,204,0,0,27.3235294117647,0,0,5585,205,0,0,0,0
"2384",2024-03-09,6,35,5585,205,0,0,27.3235294117647,0,0,5585,205,0,0,0,0
"2385",2024-03-09,6,40,5585,205,0,0,27.3235294117647,0,0,5585,205,0,0,0,0
"2386",2024-03-09,6,45,5585,205,0,0,27.3235294117647,0,0,5585,205,0,0,0,0
"2387",2024-03-09,6,50,5285,204,0,0,27.3235294117647,0,0,5585,205,0,0,0,0
"2388",2024-03-09,6,55,4985,203,0,0,27.3235294117647,0,0,5585,205,0,0,0,0
"2389",2024-03-09,7,0,4985,203,0,0,24.7878787878788,0,0,4985,203,0,0,0,0
"2390",2024-03-09,7,5,4974,202,0,0,24.7878787878788,0,0,4985,203,0,0,0,0
"2391",2024-03-09,7,10,4974,202,0,0,24.7878787878788,0,0,4985,203,0,0,0,0
"2392",2024-03-09,7,15,4974,202,0,0,24.7878787878788,0,0,4985,203,0,0,0,0
"2393",2024-03-09,7,20,4974,202,0,0,24.7878787878788,0,0,4985,203,0,0,0,0
"2394",2024-03-09,7,25,4974,202,0,0,24.7878787878788,0,0,4985,203,0,0,0,0
"2395",2024-03-09,7,30,4974,202,0,0,24.7878787878788,0,0,4985,203,0,0,0,0
"2396",2024-03-09,7,35,4930,199,0,0,24.7878787878788,0,0,4985,203,0,0,0,0
"2397",2024-03-09,7,40,4930,199,0,0,24.7878787878788,0,0,4985,203,0,0,0,0
"2398",2024-03-09,7,45,4930,199,0,0,24.7878787878788,0,0,4985,203,0,0,0,0
"2399",2024-03-09,7,50,4930,199,0,0,24.7878787878788,0,0,4985,203,0,0,0,0
"2400",2024-03-09,7,55,4908,198,0,0,24.7878787878788,0,0,4985,203,0,0,0,0
"2401",2024-03-09,8,0,4908,198,0,0,32.423645320197,0,0,6626,205,0,0,0,0
"2402",2024-03-09,8,5,4905,195,0,0,32.423645320197,0,0,6626,205,0,0,0,0
"2403",2024-03-09,8,10,4905,195,0,0,32.423645320197,0,0,6626,205,0,0,0,0
"2404",2024-03-09,8,15,5205,196,0,0,32.423645320197,0,0,6626,205,0,0,0,0
"2405",2024-03-09,8,20,5505,197,0,0,32.423645320197,0,0,6626,205,0,0,0,0
"2406",2024-03-09,8,25,5461,195,0,0,32.423645320197,0,0,6626,205,0,0,0,0
"2407",2024-03-09,8,30,5805,198,0,0,32.423645320197,0,0,6626,205,0,0,0,0
"2408",2024-03-09,8,35,6326,204,0,0,32.423645320197,0,0,6626,205,0,0,0,0
"2409",2024-03-09,8,40,6626,205,0,0,32.423645320197,0,0,6626,205,0,0,0,0
"2410",2024-03-09,8,45,6326,204,0,0,32.423645320197,0,0,6626,205,0,0,0,0
"2411",2024-03-09,8,50,6326,204,0,0,32.423645320197,0,0,6626,205,0,0,0,0
"2412",2024-03-09,8,55,6582,203,0,0,32.423645320197,0,0,6626,205,0,0,0,0
"2413",2024-03-09,9,0,6260,201,0,0,35.4134615384615,0,0,7366,217,0,0,0,0
"2414",2024-03-09,9,5,7044,206,0,0,35.4134615384615,0,0,7366,217,0,0,0,0
"2415",2024-03-09,9,10,7366,208,0,0,35.4134615384615,0,0,7366,217,0,0,0,0
"2416",2024-03-09,9,15,6444,203,0,0,35.4134615384615,0,0,7366,217,0,0,0,0
"2417",2024-03-09,9,20,6724,203,0,0,35.4134615384615,0,0,7366,217,0,0,0,0
"2418",2024-03-09,9,25,6458,204,0,0,35.4134615384615,0,0,7366,217,0,0,0,0
"2419",2024-03-09,9,30,6508,205,0,0,35.4134615384615,0,0,7366,217,0,0,0,0
"2420",2024-03-09,9,35,6990,214,0,0,35.4134615384615,0,0,7366,217,0,0,0,0
"2421",2024-03-09,9,40,6940,213,0,0,35.4134615384615,0,0,7366,217,0,0,0,0
"2422",2024-03-09,9,45,7268,214,0,0,35.4134615384615,0,0,7366,217,0,0,0,0
"2423",2024-03-09,9,50,7290,215,0,0,35.4134615384615,0,0,7366,217,0,0,0,0
"2424",2024-03-09,9,55,7362,217,0,0,35.4134615384615,0,0,7366,217,0,0,0,0
"2425",2024-03-09,10,5,7840,237,0,0,38.3484848484849,0,0,10124,265,0,0,0,0
"2426",2024-03-09,10,10,7790,236,0,0,38.3484848484849,0,0,10124,265,0,0,0,0
"2427",2024-03-09,10,15,7832,238,0,0,38.3484848484849,0,0,10124,265,0,0,0,0
"2428",2024-03-09,10,20,8476,242,0,0,38.3484848484849,0,0,10124,265,0,0,0,0
"2429",2024-03-09,10,25,8754,242,0,0,38.3484848484849,0,0,10124,265,0,0,0,0
"2430",2024-03-09,10,30,9376,245,0,0,38.3484848484849,0,0,10124,265,0,0,0,0
"2431",2024-03-09,10,35,10124,264,0,0,38.3484848484849,0,0,10124,265,0,0,0,0
"2432",2024-03-09,10,40,9585,265,0,0,38.3484848484849,0,0,10124,265,0,0,0,0
"2433",2024-03-09,10,45,8919,260,0,0,38.3484848484849,0,0,10124,265,0,0,0,0
"2434",2024-03-09,10,50,9269,262,0,0,38.3484848484849,0,0,10124,265,0,0,0,0
"2435",2024-03-09,10,55,9241,262,0,0,38.3484848484849,0,0,10124,265,0,0,0,0
"2436",2024-03-09,10,0,7128,219,0,0,38.3484848484849,0,0,10124,265,0,0,0,0
"2437",2024-03-09,11,0,8641,260,0,0,35.2078853046595,0,0,9900,294,0,0,0,0
"2438",2024-03-09,11,5,8312,273,0,0,35.2078853046595,0,0,9900,294,0,0,0,0
"2439",2024-03-09,11,10,8956,277,0,0,35.2078853046595,0,0,9900,294,0,0,0,0
"2440",2024-03-09,11,15,9278,279,0,0,35.2078853046595,0,0,9900,294,0,0,0,0
"2441",2024-03-09,11,20,9900,282,0,0,35.2078853046595,0,0,9900,294,0,0,0,0
"2442",2024-03-09,11,25,9823,279,0,0,35.2078853046595,0,0,9900,294,0,0,0,0
"2443",2024-03-09,11,30,9573,279,0,0,35.2078853046595,0,0,9900,294,0,0,0,0
"2444",2024-03-09,11,35,9845,292,0,0,35.2078853046595,0,0,9900,294,0,0,0,0
"2445",2024-03-09,11,40,9589,293,0,0,35.2078853046595,0,0,9900,294,0,0,0,0
"2446",2024-03-09,11,45,9561,293,0,0,35.2078853046595,0,0,9900,294,0,0,0,0
"2447",2024-03-09,11,50,9561,293,0,0,35.2078853046595,0,0,9900,294,0,0,0,0
"2448",2024-03-09,11,55,9294,294,0,0,35.2078853046595,0,0,9900,294,0,0,0,0
"2449",2024-03-09,12,0,8738,294,0,0,37.159169550173,0,0,11374,309,0,0,0,0
"2450",2024-03-09,12,5,9272,285,0,0,37.159169550173,0,0,11374,309,0,0,0,0
"2451",2024-03-09,12,10,9874,287,0,0,37.159169550173,0,0,11374,309,0,0,0,0
"2452",2024-03-09,12,15,9605,288,0,0,37.159169550173,0,0,11374,309,0,0,0,0
"2453",2024-03-09,12,20,10739,289,0,0,37.159169550173,0,0,11374,309,0,0,0,0
"2454",2024-03-09,12,25,10783,291,0,0,37.159169550173,0,0,11374,309,0,0,0,0
"2455",2024-03-09,12,30,10525,292,0,0,37.159169550173,0,0,11374,309,0,0,0,0
"2456",2024-03-09,12,35,11114,309,0,0,37.159169550173,0,0,11374,309,0,0,0,0
"2457",2024-03-09,12,40,11370,308,0,0,37.159169550173,0,0,11374,309,0,0,0,0
"2458",2024-03-09,12,45,11374,307,0,0,37.159169550173,0,0,11374,309,0,0,0,0
"2459",2024-03-09,12,50,10752,304,0,0,37.159169550173,0,0,11374,309,0,0,0,0
"2460",2024-03-09,12,55,10363,300,0,0,37.159169550173,0,0,11374,309,0,0,0,0
"2461",2024-03-09,13,0,10385,301,0,0,36.3659305993691,0,0,11761,331,0,0,0,0
"2462",2024-03-09,13,5,10328,313,0,0,36.3659305993691,0,0,11761,331,0,0,0,0
"2463",2024-03-09,13,10,10628,314,0,0,36.3659305993691,0,0,11761,331,0,0,0,0
"2464",2024-03-09,13,15,10950,316,0,0,36.3659305993691,0,0,11761,331,0,0,0,0
"2465",2024-03-09,13,20,10928,315,0,0,36.3659305993691,0,0,11761,331,0,0,0,0
"2466",2024-03-09,13,25,11528,317,0,0,36.3659305993691,0,0,11761,331,0,0,0,0
"2467",2024-03-09,13,30,11594,320,0,0,36.3659305993691,0,0,11761,331,0,0,0,0
"2468",2024-03-09,13,35,11761,330,0,0,36.3659305993691,0,0,11761,331,0,0,0,0
"2469",2024-03-09,13,40,10861,327,0,0,36.3659305993691,0,0,11761,331,0,0,0,0
"2470",2024-03-09,13,45,11189,328,0,0,36.3659305993691,0,0,11761,331,0,0,0,0
"2471",2024-03-09,13,50,11533,331,0,0,36.3659305993691,0,0,11761,331,0,0,0,0
"2472",2024-03-09,13,55,11489,329,0,0,36.3659305993691,0,0,11761,331,0,0,0,0
"2473",2024-03-09,14,15,12434,333,0,0,38.2912912912913,0,0,12870,339,0,0,0,0
"2474",2024-03-09,14,20,12734,334,0,0,38.2912912912913,0,0,12870,339,0,0,0,0
"2475",2024-03-09,14,25,12456,334,0,0,38.2912912912913,0,0,12870,339,0,0,0,0
"2476",2024-03-09,14,30,12870,339,0,0,38.2912912912913,0,0,12870,339,0,0,0,0
"2477",2024-03-09,14,35,10963,316,0,0,38.2912912912913,0,0,12870,339,0,0,0,0
"2478",2024-03-09,14,40,11219,315,0,0,38.2912912912913,0,0,12870,339,0,0,0,0
"2479",2024-03-09,14,45,11236,314,0,0,38.2912912912913,0,0,12870,339,0,0,0,0
"2480",2024-03-09,14,50,10636,312,0,0,38.2912912912913,0,0,12870,339,0,0,0,0
"2481",2024-03-09,14,55,11214,313,0,0,38.2912912912913,0,0,12870,339,0,0,0,0
"2482",2024-03-09,14,0,11189,328,0,0,38.2912912912913,0,0,12870,339,0,0,0,0
"2483",2024-03-09,14,5,12495,334,0,0,38.2912912912913,0,0,12870,339,0,0,0,0
"2484",2024-03-09,14,10,12751,333,0,0,38.2912912912913,0,0,12870,339,0,0,0,0
"2485",2024-03-09,15,0,10570,309,0,0,38.890625,0,0,12445,320,0,0,0,0
"2486",2024-03-09,15,5,11019,309,0,0,38.890625,0,0,12445,320,0,0,0,0
"2487",2024-03-09,15,10,11319,310,0,0,38.890625,0,0,12445,320,0,0,0,0
"2488",2024-03-09,15,15,11863,312,0,0,38.890625,0,0,12445,320,0,0,0,0
"2489",2024-03-09,15,20,11563,311,0,0,38.890625,0,0,12445,320,0,0,0,0
"2490",2024-03-09,15,25,11541,310,0,0,38.890625,0,0,12445,320,0,0,0,0
"2491",2024-03-09,15,30,10597,305,0,0,38.890625,0,0,12445,320,0,0,0,0
"2492",2024-03-09,15,55,12445,320,0,0,38.890625,0,0,12445,320,0,0,0,0
"2493",2024-03-09,15,35,11423,311,0,0,38.890625,0,0,12445,320,0,0,0,0
"2494",2024-03-09,15,40,12018,313,0,0,38.890625,0,0,12445,320,0,0,0,0
"2495",2024-03-09,15,45,11462,313,0,0,38.890625,0,0,12445,320,0,0,0,0
"2496",2024-03-09,15,50,11790,314,0,0,38.890625,0,0,12445,320,0,0,0,0
"2497",2024-03-09,16,0,12703,319,0,0,39.8213166144201,0,0,12703,319,0,0,0,0
"2498",2024-03-09,16,5,12403,319,0,0,39.8213166144201,0,0,12703,319,0,0,0,0
"2499",2024-03-09,16,10,12123,319,0,0,39.8213166144201,0,0,12703,319,0,0,0,0
"2500",2024-03-09,16,15,11163,316,0,0,39.8213166144201,0,0,12703,319,0,0,0,0
"2501",2024-03-09,16,20,11203,317,0,0,39.8213166144201,0,0,12703,319,0,0,0,0
"2502",2024-03-09,16,25,11516,319,0,0,39.8213166144201,0,0,12703,319,0,0,0,0
"2503",2024-03-09,16,30,11238,319,0,0,39.8213166144201,0,0,12703,319,0,0,0,0
"2504",2024-03-09,16,35,11646,316,0,0,39.8213166144201,0,0,12703,319,0,0,0,0
"2505",2024-03-09,16,40,11596,315,0,0,39.8213166144201,0,0,12703,319,0,0,0,0
"2506",2024-03-09,16,45,11068,315,0,0,39.8213166144201,0,0,12703,319,0,0,0,0
"2507",2024-03-09,16,50,11324,314,0,0,39.8213166144201,0,0,12703,319,0,0,0,0
"2508",2024-03-09,16,55,11306,314,0,0,39.8213166144201,0,0,12703,319,0,0,0,0
"2509",2024-03-09,17,0,15108.1,525,0,0,29.0067880794702,0,0,17520.1,604,0,0,0,0
"2510",2024-03-09,17,5,16403.1,592,0,0,29.0067880794702,0,0,17520.1,604,0,0,0,0
"2511",2024-03-09,17,10,16509.1,592,0,0,29.0067880794702,0,0,17520.1,604,0,0,0,0
"2512",2024-03-09,17,15,16306.1,584,0,0,29.0067880794702,0,0,17520.1,604,0,0,0,0
"2513",2024-03-09,17,20,16385.1,581,0,0,29.0067880794702,0,0,17520.1,604,0,0,0,0
"2514",2024-03-09,17,25,16215.1,588,0,0,29.0067880794702,0,0,17520.1,604,0,0,0,0
"2515",2024-03-09,17,30,16459.1,588,0,0,29.0067880794702,0,0,17520.1,604,0,0,0,0
"2516",2024-03-09,17,35,16091.1,590,0,0,29.0067880794702,0,0,17520.1,604,0,0,0,0
"2517",2024-03-09,17,40,16220.1,588,0,0,29.0067880794702,0,0,17520.1,604,0,0,0,0
"2518",2024-03-09,17,45,16903.1,592,0,0,29.0067880794702,0,0,17520.1,604,0,0,0,0
"2519",2024-03-09,17,50,17520.1,604,0,0,29.0067880794702,0,0,17520.1,604,0,0,0,0
"2520",2024-03-09,17,55,17400.1,603,0,0,29.0067880794702,0,0,17520.1,604,0,0,0,0
"2521",2024-03-09,18,0,17012.1,597,0,0,28.4959798994975,0,0,17012.1,597,0,0,0,0
"2522",2024-03-09,18,5,15364.1,554,0,0,28.4959798994975,0,0,17012.1,597,0,0,0,0
"2523",2024-03-09,18,10,15549.1,549,0,0,28.4959798994975,0,0,17012.1,597,0,0,0,0
"2524",2024-03-09,18,15,14940.1,548,0,0,28.4959798994975,0,0,17012.1,597,0,0,0,0
"2525",2024-03-09,18,20,14662.4,550,0,0,28.4959798994975,0,0,17012.1,597,0,0,0,0
"2526",2024-03-09,18,25,14880.4,554,0,0,28.4959798994975,0,0,17012.1,597,0,0,0,0
"2527",2024-03-09,18,30,14214.4,547,0,0,28.4959798994975,0,0,17012.1,597,0,0,0,0
"2528",2024-03-09,18,35,13468.4,539,0,0,28.4959798994975,0,0,17012.1,597,0,0,0,0
"2529",2024-03-09,18,40,13718.4,538,0,0,28.4959798994975,0,0,17012.1,597,0,0,0,0
"2530",2024-03-09,18,45,13718.4,535,0,0,28.4959798994975,0,0,17012.1,597,0,0,0,0
"2531",2024-03-09,18,50,13593.4,533,0,0,28.4959798994975,0,0,17012.1,597,0,0,0,0
"2532",2024-03-09,18,55,13574.4,532,0,0,28.4959798994975,0,0,17012.1,597,0,0,0,0
"2533",2024-03-09,19,0,13680.4,533,0,0,29.2190196078431,0,0,14901.7,533,0,0,0,0
"2534",2024-03-09,19,5,13806.7,515,0,0,29.2190196078431,0,0,14901.7,533,0,0,0,0
"2535",2024-03-09,19,10,14292.7,515,0,0,29.2190196078431,0,0,14901.7,533,0,0,0,0
"2536",2024-03-09,19,15,13953.7,513,0,0,29.2190196078431,0,0,14901.7,533,0,0,0,0
"2537",2024-03-09,19,20,13740.7,511,0,0,29.2190196078431,0,0,14901.7,533,0,0,0,0
"2538",2024-03-09,19,25,13890.7,512,0,0,29.2190196078431,0,0,14901.7,533,0,0,0,0
"2539",2024-03-09,19,30,13576.7,508,0,0,29.2190196078431,0,0,14901.7,533,0,0,0,0
"2540",2024-03-09,19,35,13912.7,507,0,0,29.2190196078431,0,0,14901.7,533,0,0,0,0
"2541",2024-03-09,19,40,14084.7,509,0,0,29.2190196078431,0,0,14901.7,533,0,0,0,0
"2542",2024-03-09,19,45,14901.7,510,0,0,29.2190196078431,0,0,14901.7,533,0,0,0,0
"2543",2024-03-09,19,50,14733.4,511,0,0,29.2190196078431,0,0,14901.7,533,0,0,0,0
"2544",2024-03-09,19,55,14106.1,507,0,0,29.2190196078431,0,0,14901.7,533,0,0,0,0
"2545",2024-03-09,20,0,13046.1,505,0,0,25.8338613861386,0,0,13157.1,513,0,0,0,0
"2546",2024-03-09,20,5,12846.1,511,0,0,25.8338613861386,0,0,13157.1,513,0,0,0,0
"2547",2024-03-09,20,10,12912.1,513,0,0,25.8338613861386,0,0,13157.1,513,0,0,0,0
"2548",2024-03-09,20,15,13157.1,512,0,0,25.8338613861386,0,0,13157.1,513,0,0,0,0
"2549",2024-03-09,20,20,12647.8,506,0,0,25.8338613861386,0,0,13157.1,513,0,0,0,0
"2550",2024-03-09,20,25,12934.1,506,0,0,25.8338613861386,0,0,13157.1,513,0,0,0,0
"2551",2024-03-09,20,30,12523.1,505,0,0,25.8338613861386,0,0,13157.1,513,0,0,0,0
"2552",2024-03-09,20,35,12812.1,507,0,0,25.8338613861386,0,0,13157.1,513,0,0,0,0
"2553",2024-03-09,20,40,12899.1,506,0,0,25.8338613861386,0,0,13157.1,513,0,0,0,0
"2554",2024-03-09,20,45,12867.1,505,0,0,25.8338613861386,0,0,13157.1,513,0,0,0,0
"2555",2024-03-09,20,50,12490.1,500,0,0,25.8338613861386,0,0,13157.1,513,0,0,0,0
"2556",2024-03-09,20,55,12618.1,500,0,0,25.8338613861386,0,0,13157.1,513,0,0,0,0
"2557",2024-03-09,21,0,12732.1,497,0,0,28.0557613168724,0,0,13635.1,497,0,0,0,0
"2558",2024-03-09,21,5,11579.1,481,0,0,28.0557613168724,0,0,13635.1,497,0,0,0,0
"2559",2024-03-09,21,10,13635.1,486,0,0,28.0557613168724,0,0,13635.1,497,0,0,0,0
"2560",2024-03-09,21,15,13130.1,481,0,0,28.0557613168724,0,0,13635.1,497,0,0,0,0
"2561",2024-03-09,21,20,12274.1,480,0,0,28.0557613168724,0,0,13635.1,497,0,0,0,0
"2562",2024-03-09,21,25,12186.1,476,0,0,28.0557613168724,0,0,13635.1,497,0,0,0,0
"2563",2024-03-09,21,30,11842.1,473,0,0,28.0557613168724,0,0,13635.1,497,0,0,0,0
"2564",2024-03-09,21,35,11774.1,466,0,0,28.0557613168724,0,0,13635.1,497,0,0,0,0
"2565",2024-03-09,21,40,11785.1,467,0,0,28.0557613168724,0,0,13635.1,497,0,0,0,0
"2566",2024-03-09,21,45,11687.1,468,0,0,28.0557613168724,0,0,13635.1,497,0,0,0,0
"2567",2024-03-09,21,50,11759.1,470,0,0,28.0557613168724,0,0,13635.1,497,0,0,0,0
"2568",2024-03-09,21,55,11383.1,464,0,0,28.0557613168724,0,0,13635.1,497,0,0,0,0
"2569",2024-03-09,22,0,11296.1,461,0,0,25.2673515981735,0,0,11296.1,461,0,0,0,0
"2570",2024-03-09,22,5,10816.1,447,0,0,25.2673515981735,0,0,11296.1,461,0,0,0,0
"2571",2024-03-09,22,10,11176.1,449,0,0,25.2673515981735,0,0,11296.1,461,0,0,0,0
"2572",2024-03-09,22,15,11132.1,446,0,0,25.2673515981735,0,0,11296.1,461,0,0,0,0
"2573",2024-03-09,22,20,11177.1,443,0,0,25.2673515981735,0,0,11296.1,461,0,0,0,0
"2574",2024-03-09,22,25,11067.1,438,0,0,25.2673515981735,0,0,11296.1,461,0,0,0,0
"2575",2024-03-09,22,30,10756.1,436,0,0,25.2673515981735,0,0,11296.1,461,0,0,0,0
"2576",2024-03-09,22,35,10581.1,430,0,0,25.2673515981735,0,0,11296.1,461,0,0,0,0
"2577",2024-03-09,22,40,10526.1,428,0,0,25.2673515981735,0,0,11296.1,461,0,0,0,0
"2578",2024-03-09,22,45,10340.1,424,0,0,25.2673515981735,0,0,11296.1,461,0,0,0,0
"2579",2024-03-09,22,50,10373.1,425,0,0,25.2673515981735,0,0,11296.1,461,0,0,0,0
"2580",2024-03-09,22,55,10318.1,423,0,0,25.2673515981735,0,0,11296.1,461,0,0,0,0
"2581",2024-03-09,23,0,10776.1,424,0,0,26.0498817966903,0,0,11019.1,424,0,0,0,0
"2582",2024-03-09,23,5,11019.1,423,0,0,26.0498817966903,0,0,11019.1,424,0,0,0,0
"2583",2024-03-09,23,10,10506.1,422,0,0,26.0498817966903,0,0,11019.1,424,0,0,0,0
"2584",2024-03-09,23,15,10495.1,421,0,0,26.0498817966903,0,0,11019.1,424,0,0,0,0
"2585",2024-03-09,23,20,10675.1,422,0,0,26.0498817966903,0,0,11019.1,424,0,0,0,0
"2586",2024-03-09,23,25,10254.1,415,0,0,26.0498817966903,0,0,11019.1,424,0,0,0,0
"2587",2024-03-09,23,30,9894.1,413,0,0,26.0498817966903,0,0,11019.1,424,0,0,0,0
"2588",2024-03-09,23,35,9545.1,405,0,0,26.0498817966903,0,0,11019.1,424,0,0,0,0
"2589",2024-03-09,23,40,9921.1,404,0,0,26.0498817966903,0,0,11019.1,424,0,0,0,0
"2590",2024-03-09,23,45,9888.1,403,0,0,26.0498817966903,0,0,11019.1,424,0,0,0,0
"2591",2024-03-09,23,50,9805.1,400,0,0,26.0498817966903,0,0,11019.1,424,0,0,0,0
"2592",2024-03-09,23,55,9729.1,400,0,0,26.0498817966903,0,0,11019.1,424,0,0,0,0
"2593",2024-03-10,0,0,8680.7,344,0,0,25.2345930232558,0,0,8680.7,344,0,0,0,0
"2594",2024-03-10,0,5,8044.7,339,0,0,25.2345930232558,0,0,8680.7,344,0,0,0,0
"2595",2024-03-10,0,10,8044.7,339,0,0,25.2345930232558,0,0,8680.7,344,0,0,0,0
"2596",2024-03-10,0,15,8044.7,339,0,0,25.2345930232558,0,0,8680.7,344,0,0,0,0
"2597",2024-03-10,0,20,7766.7,339,0,0,25.2345930232558,0,0,8680.7,344,0,0,0,0
"2598",2024-03-10,0,25,7766.7,339,0,0,25.2345930232558,0,0,8680.7,344,0,0,0,0
"2599",2024-03-10,0,30,7755.7,338,0,0,25.2345930232558,0,0,8680.7,344,0,0,0,0
"2600",2024-03-10,0,35,7389.7,333,0,0,25.2345930232558,0,0,8680.7,344,0,0,0,0
"2601",2024-03-10,0,40,7367.7,332,0,0,25.2345930232558,0,0,8680.7,344,0,0,0,0
"2602",2024-03-10,0,45,7547.7,333,0,0,25.2345930232558,0,0,8680.7,344,0,0,0,0
"2603",2024-03-10,0,50,7547.7,333,0,0,25.2345930232558,0,0,8680.7,344,0,0,0,0
"2604",2024-03-10,0,55,7547.7,332,0,0,25.2345930232558,0,0,8680.7,344,0,0,0,0
"2605",2024-03-10,1,0,7569.4,363,0,0,23.2597333333333,0,0,8722.4,375,0,0,0,0
"2606",2024-03-10,1,5,8096.4,368,0,0,23.2597333333333,0,0,8722.4,375,0,0,0,0
"2607",2024-03-10,1,10,8396.4,369,0,0,23.2597333333333,0,0,8722.4,375,0,0,0,0
"2608",2024-03-10,1,15,8451.4,372,0,0,23.2597333333333,0,0,8722.4,375,0,0,0,0
"2609",2024-03-10,1,20,8673.4,374,0,0,23.2597333333333,0,0,8722.4,375,0,0,0,0
"2610",2024-03-10,1,25,8684.4,375,0,0,23.2597333333333,0,0,8722.4,375,0,0,0,0
"2611",2024-03-10,1,30,8722.4,375,0,0,23.2597333333333,0,0,8722.4,375,0,0,0,0
"2612",2024-03-10,1,35,7936.4,366,0,0,23.2597333333333,0,0,8722.4,375,0,0,0,0
"2613",2024-03-10,1,40,7958.4,367,0,0,23.2597333333333,0,0,8722.4,375,0,0,0,0
"2614",2024-03-10,1,45,8236.4,367,0,0,23.2597333333333,0,0,8722.4,375,0,0,0,0
"2615",2024-03-10,1,50,8536.4,368,0,0,23.2597333333333,0,0,8722.4,375,0,0,0,0
"2616",2024-03-10,1,55,8236.4,367,0,0,23.2597333333333,0,0,8722.4,375,0,0,0,0
"2617",2024-03-10,2,0,8198.4,367,0,0,22.8257534246575,0,0,8353.4,367,0,0,0,0
"2618",2024-03-10,2,5,8154.4,365,0,0,22.8257534246575,0,0,8353.4,367,0,0,0,0
"2619",2024-03-10,2,10,8214.4,366,0,0,22.8257534246575,0,0,8353.4,367,0,0,0,0
"2620",2024-03-10,2,15,8154.4,365,0,0,22.8257534246575,0,0,8353.4,367,0,0,0,0
"2621",2024-03-10,2,20,8176.4,366,0,0,22.8257534246575,0,0,8353.4,367,0,0,0,0
"2622",2024-03-10,2,25,7876.4,366,0,0,22.8257534246575,0,0,8353.4,367,0,0,0,0
"2623",2024-03-10,2,30,8236.4,367,0,0,22.8257534246575,0,0,8353.4,367,0,0,0,0
"2624",2024-03-10,2,35,8353.4,366,0,0,22.8257534246575,0,0,8353.4,367,0,0,0,0
"2625",2024-03-10,2,40,8331.4,365,0,0,22.8257534246575,0,0,8353.4,367,0,0,0,0
"2626",2024-03-10,2,45,8031.4,364,0,0,22.8257534246575,0,0,8353.4,367,0,0,0,0
"2627",2024-03-10,2,50,7671.4,363,0,0,22.8257534246575,0,0,8353.4,367,0,0,0,0
"2628",2024-03-10,2,55,7649.4,362,0,0,22.8257534246575,0,0,8353.4,367,0,0,0,0
"2629",2024-03-10,3,0,7649.4,362,0,0,21.3325905292479,0,0,7658.4,362,0,0,0,0
"2630",2024-03-10,3,5,7658.4,359,0,0,21.3325905292479,0,0,7658.4,362,0,0,0,0
"2631",2024-03-10,3,10,7636.4,358,0,0,21.3325905292479,0,0,7658.4,362,0,0,0,0
"2632",2024-03-10,3,15,7636.4,358,0,0,21.3325905292479,0,0,7658.4,362,0,0,0,0
"2633",2024-03-10,3,20,7636.4,358,0,0,21.3325905292479,0,0,7658.4,362,0,0,0,0
"2634",2024-03-10,3,25,7636.4,358,0,0,21.3325905292479,0,0,7658.4,362,0,0,0,0
"2635",2024-03-10,3,30,7636.4,358,0,0,21.3325905292479,0,0,7658.4,362,0,0,0,0
"2636",2024-03-10,3,35,7389.4,356,0,0,21.3325905292479,0,0,7658.4,362,0,0,0,0
"2637",2024-03-10,3,40,7539.4,357,0,0,21.3325905292479,0,0,7658.4,362,0,0,0,0
"2638",2024-03-10,3,45,7517.4,356,0,0,21.3325905292479,0,0,7658.4,362,0,0,0,0
"2639",2024-03-10,3,50,7517.4,356,0,0,21.3325905292479,0,0,7658.4,362,0,0,0,0
"2640",2024-03-10,3,55,7517.4,356,0,0,21.3325905292479,0,0,7658.4,362,0,0,0,0
"2641",2024-03-10,4,0,7517.4,356,0,0,22.3167597765363,0,0,7989.4,358,0,0,0,0
"2642",2024-03-10,4,5,7539.4,357,0,0,22.3167597765363,0,0,7989.4,358,0,0,0,0
"2643",2024-03-10,4,10,7539.4,357,0,0,22.3167597765363,0,0,7989.4,358,0,0,0,0
"2644",2024-03-10,4,15,7749.4,358,0,0,22.3167597765363,0,0,7989.4,358,0,0,0,0
"2645",2024-03-10,4,20,7749.4,358,0,0,22.3167597765363,0,0,7989.4,358,0,0,0,0
"2646",2024-03-10,4,25,7689.4,357,0,0,22.3167597765363,0,0,7989.4,358,0,0,0,0
"2647",2024-03-10,4,30,7989.4,358,0,0,22.3167597765363,0,0,7989.4,358,0,0,0,0
"2648",2024-03-10,4,35,7788.4,355,0,0,22.3167597765363,0,0,7989.4,358,0,0,0,0
"2649",2024-03-10,4,40,7488.4,354,0,0,22.3167597765363,0,0,7989.4,358,0,0,0,0
"2650",2024-03-10,4,45,7488.4,354,0,0,22.3167597765363,0,0,7989.4,358,0,0,0,0
"2651",2024-03-10,4,50,7488.4,354,0,0,22.3167597765363,0,0,7989.4,358,0,0,0,0
"2652",2024-03-10,4,55,7466.4,353,0,0,22.3167597765363,0,0,7989.4,358,0,0,0,0
"2653",2024-03-10,5,0,7488.4,354,0,0,23.3427777777778,0,0,8403.4,360,0,0,0,0
"2654",2024-03-10,5,5,7592.4,357,0,0,23.3427777777778,0,0,8403.4,360,0,0,0,0
"2655",2024-03-10,5,10,7592.4,357,0,0,23.3427777777778,0,0,8403.4,360,0,0,0,0
"2656",2024-03-10,5,15,7592.4,357,0,0,23.3427777777778,0,0,8403.4,360,0,0,0,0
"2657",2024-03-10,5,20,7592.4,357,0,0,23.3427777777778,0,0,8403.4,360,0,0,0,0
"2658",2024-03-10,5,25,7592.4,357,0,0,23.3427777777778,0,0,8403.4,360,0,0,0,0
"2659",2024-03-10,5,30,7592.4,357,0,0,23.3427777777778,0,0,8403.4,360,0,0,0,0
"2660",2024-03-10,5,35,8403.4,360,0,0,23.3427777777778,0,0,8403.4,360,0,0,0,0
"2661",2024-03-10,5,40,8343.4,359,0,0,23.3427777777778,0,0,8403.4,360,0,0,0,0
"2662",2024-03-10,5,45,8343.4,359,0,0,23.3427777777778,0,0,8403.4,360,0,0,0,0
"2663",2024-03-10,5,50,8365.4,360,0,0,23.3427777777778,0,0,8403.4,360,0,0,0,0
"2664",2024-03-10,5,55,8365.4,360,0,0,23.3427777777778,0,0,8403.4,360,0,0,0,0
"2665",2024-03-10,6,0,8365.4,360,0,0,23.2372222222222,0,0,8365.4,360,0,0,0,0
"2666",2024-03-10,6,5,8143.4,357,0,0,23.2372222222222,0,0,8365.4,360,0,0,0,0
"2667",2024-03-10,6,10,8143.4,357,0,0,23.2372222222222,0,0,8365.4,360,0,0,0,0
"2668",2024-03-10,6,15,8143.4,357,0,0,23.2372222222222,0,0,8365.4,360,0,0,0,0
"2669",2024-03-10,6,20,8143.4,357,0,0,23.2372222222222,0,0,8365.4,360,0,0,0,0
"2670",2024-03-10,6,25,8143.4,357,0,0,23.2372222222222,0,0,8365.4,360,0,0,0,0
"2671",2024-03-10,6,30,8143.4,357,0,0,23.2372222222222,0,0,8365.4,360,0,0,0,0
"2672",2024-03-10,6,35,8121.4,356,0,0,23.2372222222222,0,0,8365.4,360,0,0,0,0
"2673",2024-03-10,6,40,8121.4,356,0,0,23.2372222222222,0,0,8365.4,360,0,0,0,0
"2674",2024-03-10,6,45,8132.4,357,0,0,23.2372222222222,0,0,8365.4,360,0,0,0,0
"2675",2024-03-10,6,50,8132.4,357,0,0,23.2372222222222,0,0,8365.4,360,0,0,0,0
"2676",2024-03-10,6,55,7832.4,356,0,0,23.2372222222222,0,0,8365.4,360,0,0,0,0
"2677",2024-03-10,7,0,7900.4,356,0,0,23.0516853932584,0,0,8206.4,360,0,0,0,0
"2678",2024-03-10,7,5,8200.4,357,0,0,23.0516853932584,0,0,8206.4,360,0,0,0,0
"2679",2024-03-10,7,10,8200.4,357,0,0,23.0516853932584,0,0,8206.4,360,0,0,0,0
"2680",2024-03-10,7,15,8178.4,356,0,0,23.0516853932584,0,0,8206.4,360,0,0,0,0
"2681",2024-03-10,7,20,8178.4,356,0,0,23.0516853932584,0,0,8206.4,360,0,0,0,0
"2682",2024-03-10,7,25,8156.4,355,0,0,23.0516853932584,0,0,8206.4,360,0,0,0,0
"2683",2024-03-10,7,30,8206.4,356,0,0,23.0516853932584,0,0,8206.4,360,0,0,0,0
"2684",2024-03-10,7,35,8106.4,357,0,0,23.0516853932584,0,0,8206.4,360,0,0,0,0
"2685",2024-03-10,7,40,7937.4,357,0,0,23.0516853932584,0,0,8206.4,360,0,0,0,0
"2686",2024-03-10,7,45,7987.4,358,0,0,23.0516853932584,0,0,8206.4,360,0,0,0,0
"2687",2024-03-10,7,50,8009.4,359,0,0,23.0516853932584,0,0,8206.4,360,0,0,0,0
"2688",2024-03-10,7,55,8003.4,360,0,0,23.0516853932584,0,0,8206.4,360,0,0,0,0
"2689",2024-03-10,8,0,7953.4,359,0,0,24.0190883190883,0,0,8430.7,359,0,0,0,0
"2690",2024-03-10,8,5,7920.4,358,0,0,24.0190883190883,0,0,8430.7,359,0,0,0,0
"2691",2024-03-10,8,10,7909.4,357,0,0,24.0190883190883,0,0,8430.7,359,0,0,0,0
"2692",2024-03-10,8,15,8342.4,354,0,0,24.0190883190883,0,0,8430.7,359,0,0,0,0
"2693",2024-03-10,8,20,8309.4,352,0,0,24.0190883190883,0,0,8430.7,359,0,0,0,0
"2694",2024-03-10,8,25,8003.4,349,0,0,24.0190883190883,0,0,8430.7,359,0,0,0,0
"2695",2024-03-10,8,30,7981.4,348,0,0,24.0190883190883,0,0,8430.7,359,0,0,0,0
"2696",2024-03-10,8,35,8430.7,351,0,0,24.0190883190883,0,0,8430.7,359,0,0,0,0
"2697",2024-03-10,8,40,7850.7,350,0,0,24.0190883190883,0,0,8430.7,359,0,0,0,0
"2698",2024-03-10,8,45,7828.7,349,0,0,24.0190883190883,0,0,8430.7,359,0,0,0,0
"2699",2024-03-10,8,50,7795.7,347,0,0,24.0190883190883,0,0,8430.7,359,0,0,0,0
"2700",2024-03-10,8,55,7762.7,345,0,0,24.0190883190883,0,0,8430.7,359,0,0,0,0
"2701",2024-03-10,9,0,7784.7,346,0,0,23.6008130081301,0,0,8776.7,374,0,0,0,0
"2702",2024-03-10,9,5,7514.7,345,0,0,23.6008130081301,0,0,8776.7,374,0,0,0,0
"2703",2024-03-10,9,10,7488.7,347,0,0,23.6008130081301,0,0,8776.7,374,0,0,0,0
"2704",2024-03-10,9,15,7898.7,353,0,0,23.6008130081301,0,0,8776.7,374,0,0,0,0
"2705",2024-03-10,9,20,7942.7,355,0,0,23.6008130081301,0,0,8776.7,374,0,0,0,0
"2706",2024-03-10,9,25,8008.7,357,0,0,23.6008130081301,0,0,8776.7,374,0,0,0,0
"2707",2024-03-10,9,30,8524.7,363,0,0,23.6008130081301,0,0,8776.7,374,0,0,0,0
"2708",2024-03-10,9,35,8592.7,365,0,0,23.6008130081301,0,0,8776.7,374,0,0,0,0
"2709",2024-03-10,9,40,8708.7,369,0,0,23.6008130081301,0,0,8776.7,374,0,0,0,0
"2710",2024-03-10,9,45,8408.7,368,0,0,23.6008130081301,0,0,8776.7,374,0,0,0,0
"2711",2024-03-10,9,50,8710.7,371,0,0,23.6008130081301,0,0,8776.7,374,0,0,0,0
"2712",2024-03-10,9,55,8776.7,374,0,0,23.6008130081301,0,0,8776.7,374,0,0,0,0
"2713",2024-03-10,10,35,10395.7,416,0,0,27.059375,0,0,11342.7,423,0,0,0,0
"2714",2024-03-10,10,40,10619.7,419,0,0,27.059375,0,0,11342.7,423,0,0,0,0
"2715",2024-03-10,10,45,10792.7,420,0,0,27.059375,0,0,11342.7,423,0,0,0,0
"2716",2024-03-10,10,50,11256.7,416,0,0,27.059375,0,0,11342.7,423,0,0,0,0
"2717",2024-03-10,10,55,11342.7,423,0,0,27.059375,0,0,11342.7,423,0,0,0,0
"2718",2024-03-10,10,0,8476.7,373,0,0,27.059375,0,0,11342.7,423,0,0,0,0
"2719",2024-03-10,10,5,9609.7,394,0,0,27.059375,0,0,11342.7,423,0,0,0,0
"2720",2024-03-10,10,10,9785.7,399,0,0,27.059375,0,0,11342.7,423,0,0,0,0
"2721",2024-03-10,10,15,9556.7,401,0,0,27.059375,0,0,11342.7,423,0,0,0,0
"2722",2024-03-10,10,20,9712.7,404,0,0,27.059375,0,0,11342.7,423,0,0,0,0
"2723",2024-03-10,10,25,9732.7,403,0,0,27.059375,0,0,11342.7,423,0,0,0,0
"2724",2024-03-10,10,30,9824.7,404,0,0,27.059375,0,0,11342.7,423,0,0,0,0
"2725",2024-03-10,11,0,10522.7,418,0,0,29.0584090909091,0,0,13117.7,454,0,0,0,0
"2726",2024-03-10,11,5,11526.7,427,0,0,29.0584090909091,0,0,13117.7,454,0,0,0,0
"2727",2024-03-10,11,10,12785.7,440,0,0,29.0584090909091,0,0,13117.7,454,0,0,0,0
"2728",2024-03-10,11,15,12616.7,441,0,0,29.0584090909091,0,0,13117.7,454,0,0,0,0
"2729",2024-03-10,11,20,12542.7,446,0,0,29.0584090909091,0,0,13117.7,454,0,0,0,0
"2730",2024-03-10,11,25,12849.7,451,0,0,29.0584090909091,0,0,13117.7,454,0,0,0,0
"2731",2024-03-10,11,30,13117.7,452,0,0,29.0584090909091,0,0,13117.7,454,0,0,0,0
"2732",2024-03-10,11,35,12252.7,447,0,0,29.0584090909091,0,0,13117.7,454,0,0,0,0
"2733",2024-03-10,11,40,11800.7,448,0,0,29.0584090909091,0,0,13117.7,454,0,0,0,0
"2734",2024-03-10,11,45,11947.7,454,0,0,29.0584090909091,0,0,13117.7,454,0,0,0,0
"2735",2024-03-10,11,50,11952.7,454,0,0,29.0584090909091,0,0,13117.7,454,0,0,0,0
"2736",2024-03-10,11,55,12470.7,452,0,0,29.0584090909091,0,0,13117.7,454,0,0,0,0
"2737",2024-03-10,12,0,12440.7,451,0,0,31.4652610441767,0,0,15669.7,498,0,0,0,0
"2738",2024-03-10,12,5,13842.7,482,0,0,31.4652610441767,0,0,15669.7,498,0,0,0,0
"2739",2024-03-10,12,10,13910.7,486,0,0,31.4652610441767,0,0,15669.7,498,0,0,0,0
"2740",2024-03-10,12,15,14128.7,487,0,0,31.4652610441767,0,0,15669.7,498,0,0,0,0
"2741",2024-03-10,12,20,13642.7,487,0,0,31.4652610441767,0,0,15669.7,498,0,0,0,0
"2742",2024-03-10,12,25,13162.7,484,0,0,31.4652610441767,0,0,15669.7,498,0,0,0,0
"2743",2024-03-10,12,30,13184.7,483,0,0,31.4652610441767,0,0,15669.7,498,0,0,0,0
"2744",2024-03-10,12,35,14140.7,493,0,0,31.4652610441767,0,0,15669.7,498,0,0,0,0
"2745",2024-03-10,12,40,14599.7,496,0,0,31.4652610441767,0,0,15669.7,498,0,0,0,0
"2746",2024-03-10,12,45,14839.7,493,0,0,31.4652610441767,0,0,15669.7,498,0,0,0,0
"2747",2024-03-10,12,50,15013.7,495,0,0,31.4652610441767,0,0,15669.7,498,0,0,0,0
"2748",2024-03-10,12,55,15669.7,498,0,0,31.4652610441767,0,0,15669.7,498,0,0,0,0
"2749",2024-03-10,13,0,15533.7,499,0,0,31.1296593186373,0,0,15777.7,512,0,0,0,0
"2750",2024-03-10,13,5,15468.7,503,0,0,31.1296593186373,0,0,15777.7,512,0,0,0,0
"2751",2024-03-10,13,10,15626.7,510,0,0,31.1296593186373,0,0,15777.7,512,0,0,0,0
"2752",2024-03-10,13,15,15262.7,507,0,0,31.1296593186373,0,0,15777.7,512,0,0,0,0
"2753",2024-03-10,13,20,14731.7,503,0,0,31.1296593186373,0,0,15777.7,512,0,0,0,0
"2754",2024-03-10,13,25,13798.7,498,0,0,31.1296593186373,0,0,15777.7,512,0,0,0,0
"2755",2024-03-10,13,30,13845.7,497,0,0,31.1296593186373,0,0,15777.7,512,0,0,0,0
"2756",2024-03-10,13,35,15284.7,509,0,0,31.1296593186373,0,0,15777.7,512,0,0,0,0
"2757",2024-03-10,13,40,15328.7,512,0,0,31.1296593186373,0,0,15777.7,512,0,0,0,0
"2758",2024-03-10,13,45,15777.7,507,0,0,31.1296593186373,0,0,15777.7,512,0,0,0,0
"2759",2024-03-10,13,50,15460.7,507,0,0,31.1296593186373,0,0,15777.7,512,0,0,0,0
"2760",2024-03-10,13,55,15195.7,501,0,0,31.1296593186373,0,0,15777.7,512,0,0,0,0
"2761",2024-03-10,14,0,15201.7,502,0,0,31.1575757575758,0,0,15423,503,0,0,0,0
"2762",2024-03-10,14,5,14856.7,485,0,0,31.1575757575758,0,0,15423,503,0,0,0,0
"2763",2024-03-10,14,10,14878.7,487,0,0,31.1575757575758,0,0,15423,503,0,0,0,0
"2764",2024-03-10,14,15,14378.7,486,0,0,31.1575757575758,0,0,15423,503,0,0,0,0
"2765",2024-03-10,14,20,14441.7,490,0,0,31.1575757575758,0,0,15423,503,0,0,0,0
"2766",2024-03-10,14,25,15423,495,0,0,31.1575757575758,0,0,15423,503,0,0,0,0
"2767",2024-03-10,14,30,15244.7,499,0,0,31.1575757575758,0,0,15423,503,0,0,0,0
"2768",2024-03-10,14,35,14624.7,497,0,0,31.1575757575758,0,0,15423,503,0,0,0,0
"2769",2024-03-10,14,40,14733.4,500,0,0,31.1575757575758,0,0,15423,503,0,0,0,0
"2770",2024-03-10,14,45,14471.4,498,0,0,31.1575757575758,0,0,15423,503,0,0,0,0
"2771",2024-03-10,14,50,14125.4,493,0,0,31.1575757575758,0,0,15423,503,0,0,0,0
"2772",2024-03-10,14,55,14704.4,503,0,0,31.1575757575758,0,0,15423,503,0,0,0,0
"2773",2024-03-10,15,0,14578.4,498,0,0,32.5716566866267,0,0,16391.4,506,0,0,0,0
"2774",2024-03-10,15,5,14846.4,495,0,0,32.5716566866267,0,0,16391.4,506,0,0,0,0
"2775",2024-03-10,15,10,14870.4,493,0,0,32.5716566866267,0,0,16391.4,506,0,0,0,0
"2776",2024-03-10,15,15,15414.4,498,0,0,32.5716566866267,0,0,16391.4,506,0,0,0,0
"2777",2024-03-10,15,20,16391.4,506,0,0,32.5716566866267,0,0,16391.4,506,0,0,0,0
"2778",2024-03-10,15,25,15839.4,500,0,0,32.5716566866267,0,0,16391.4,506,0,0,0,0
"2779",2024-03-10,15,30,15832.4,499,0,0,32.5716566866267,0,0,16391.4,506,0,0,0,0
"2780",2024-03-10,15,35,15671.4,500,0,0,32.5716566866267,0,0,16391.4,506,0,0,0,0
"2781",2024-03-10,15,40,16318.4,501,0,0,32.5716566866267,0,0,16391.4,506,0,0,0,0
"2782",2024-03-10,15,45,16108.4,501,0,0,32.5716566866267,0,0,16391.4,506,0,0,0,0
"2783",2024-03-10,15,50,15097.4,496,0,0,32.5716566866267,0,0,16391.4,506,0,0,0,0
"2784",2024-03-10,15,55,15462.4,495,0,0,32.5716566866267,0,0,16391.4,506,0,0,0,0
"2785",2024-03-10,16,0,15364.4,495,0,0,31.4372881355932,0,0,15364.4,495,0,0,0,0
"2786",2024-03-10,16,5,13925.4,473,0,0,31.4372881355932,0,0,15364.4,495,0,0,0,0
"2787",2024-03-10,16,10,14838.4,472,0,0,31.4372881355932,0,0,15364.4,495,0,0,0,0
"2788",2024-03-10,16,15,14248.4,465,0,0,31.4372881355932,0,0,15364.4,495,0,0,0,0
"2789",2024-03-10,16,20,14004.4,462,0,0,31.4372881355932,0,0,15364.4,495,0,0,0,0
"2790",2024-03-10,16,25,13404.4,460,0,0,31.4372881355932,0,0,15364.4,495,0,0,0,0
"2791",2024-03-10,16,30,13172.7,460,0,0,31.4372881355932,0,0,15364.4,495,0,0,0,0
"2792",2024-03-10,16,35,12920.7,458,0,0,31.4372881355932,0,0,15364.4,495,0,0,0,0
"2793",2024-03-10,16,40,12954.7,460,0,0,31.4372881355932,0,0,15364.4,495,0,0,0,0
"2794",2024-03-10,16,45,12987.7,460,0,0,31.4372881355932,0,0,15364.4,495,0,0,0,0
"2795",2024-03-10,16,50,13140.7,460,0,0,31.4372881355932,0,0,15364.4,495,0,0,0,0
"2796",2024-03-10,16,55,13356.7,463,0,0,31.4372881355932,0,0,15364.4,495,0,0,0,0
"2797",2024-03-10,17,0,8832,238,0,0,37.109243697479,0,0,14007.4,445,0,0,0,0
"2798",2024-03-10,17,5,12492.7,445,0,0,37.109243697479,0,0,14007.4,445,0,0,0,0
"2799",2024-03-10,17,10,12262.7,437,0,0,37.109243697479,0,0,14007.4,445,0,0,0,0
"2800",2024-03-10,17,15,12496.7,434,0,0,37.109243697479,0,0,14007.4,445,0,0,0,0
"2801",2024-03-10,17,20,12334.7,432,0,0,37.109243697479,0,0,14007.4,445,0,0,0,0
"2802",2024-03-10,17,25,11989.7,434,0,0,37.109243697479,0,0,14007.4,445,0,0,0,0
"2803",2024-03-10,17,30,12473.4,436,0,0,37.109243697479,0,0,14007.4,445,0,0,0,0
"2804",2024-03-10,17,35,12813.4,442,0,0,37.109243697479,0,0,14007.4,445,0,0,0,0
"2805",2024-03-10,17,40,12922.4,442,0,0,37.109243697479,0,0,14007.4,445,0,0,0,0
"2806",2024-03-10,17,45,13344.4,441,0,0,37.109243697479,0,0,14007.4,445,0,0,0,0
"2807",2024-03-10,17,50,13316.4,438,0,0,37.109243697479,0,0,14007.4,445,0,0,0,0
"2808",2024-03-10,17,55,14007.4,444,0,0,37.109243697479,0,0,14007.4,445,0,0,0,0
"2809",2024-03-10,18,35,13126.4,419,0,0,36.158202247191,0,0,16090.4,450,0,0,0,0
"2810",2024-03-10,18,40,12695.4,417,0,0,36.158202247191,0,0,16090.4,450,0,0,0,0
"2811",2024-03-10,18,45,12430.4,413,0,0,36.158202247191,0,0,16090.4,450,0,0,0,0
"2812",2024-03-10,18,50,12512.4,414,0,0,36.158202247191,0,0,16090.4,450,0,0,0,0
"2813",2024-03-10,18,55,12830.7,415,0,0,36.158202247191,0,0,16090.4,450,0,0,0,0
"2814",2024-03-10,18,0,15289.4,450,0,0,36.158202247191,0,0,16090.4,450,0,0,0,0
"2815",2024-03-10,18,5,16090.4,445,0,0,36.158202247191,0,0,16090.4,450,0,0,0,0
"2816",2024-03-10,18,10,14919.4,435,0,0,36.158202247191,0,0,16090.4,450,0,0,0,0
"2817",2024-03-10,18,15,14630.4,434,0,0,36.158202247191,0,0,16090.4,450,0,0,0,0
"2818",2024-03-10,18,20,15024.4,441,0,0,36.158202247191,0,0,16090.4,450,0,0,0,0
"2819",2024-03-10,18,25,14593.4,440,0,0,36.158202247191,0,0,16090.4,450,0,0,0,0
"2820",2024-03-10,18,30,13838.4,437,0,0,36.158202247191,0,0,16090.4,450,0,0,0,0
"2821",2024-03-10,19,0,13641.7,419,0,0,32.5577565632458,0,0,13641.7,423,0,0,0,0
"2822",2024-03-10,19,5,12947.7,423,0,0,32.5577565632458,0,0,13641.7,423,0,0,0,0
"2823",2024-03-10,19,10,11965.7,419,0,0,32.5577565632458,0,0,13641.7,423,0,0,0,0
"2824",2024-03-10,19,15,11862.7,415,0,0,32.5577565632458,0,0,13641.7,423,0,0,0,0
"2825",2024-03-10,19,20,11551.7,414,0,0,32.5577565632458,0,0,13641.7,423,0,0,0,0
"2826",2024-03-10,19,25,11562.7,415,0,0,32.5577565632458,0,0,13641.7,423,0,0,0,0
"2827",2024-03-10,19,30,10886.7,414,0,0,32.5577565632458,0,0,13641.7,423,0,0,0,0
"2828",2024-03-10,19,35,12088.7,417,0,0,32.5577565632458,0,0,13641.7,423,0,0,0,0
"2829",2024-03-10,19,40,12146.4,415,0,0,32.5577565632458,0,0,13641.7,423,0,0,0,0
"2830",2024-03-10,19,45,12029.4,417,0,0,32.5577565632458,0,0,13641.7,423,0,0,0,0
"2831",2024-03-10,19,50,12061.4,418,0,0,32.5577565632458,0,0,13641.7,423,0,0,0,0
"2832",2024-03-10,19,55,11693.4,414,0,0,32.5577565632458,0,0,13641.7,423,0,0,0,0
"2833",2024-03-10,20,0,11531.7,413,0,0,29.6140740740741,0,0,11993.7,413,0,0,0,0
"2834",2024-03-10,20,5,11513.7,403,0,0,29.6140740740741,0,0,11993.7,413,0,0,0,0
"2835",2024-03-10,20,10,11823.7,404,0,0,29.6140740740741,0,0,11993.7,413,0,0,0,0
"2836",2024-03-10,20,15,11993.7,405,0,0,29.6140740740741,0,0,11993.7,413,0,0,0,0
"2837",2024-03-10,20,20,11643.7,403,0,0,29.6140740740741,0,0,11993.7,413,0,0,0,0
"2838",2024-03-10,20,25,11332.7,401,0,0,29.6140740740741,0,0,11993.7,413,0,0,0,0
"2839",2024-03-10,20,30,10978.7,400,0,0,29.6140740740741,0,0,11993.7,413,0,0,0,0
"2840",2024-03-10,20,35,10572.7,388,0,0,29.6140740740741,0,0,11993.7,413,0,0,0,0
"2841",2024-03-10,20,40,10806.7,386,0,0,29.6140740740741,0,0,11993.7,413,0,0,0,0
"2842",2024-03-10,20,45,10226.7,385,0,0,29.6140740740741,0,0,11993.7,413,0,0,0,0
"2843",2024-03-10,20,50,10281.7,387,0,0,29.6140740740741,0,0,11993.7,413,0,0,0,0
"2844",2024-03-10,20,55,10122.7,387,0,0,29.6140740740741,0,0,11993.7,413,0,0,0,0
"2845",2024-03-10,21,0,9765.7,388,0,0,28.5981029810298,0,0,10552.7,388,0,0,0,0
"2846",2024-03-10,21,5,9120.7,374,0,0,28.5981029810298,0,0,10552.7,388,0,0,0,0
"2847",2024-03-10,21,10,9065.7,370,0,0,28.5981029810298,0,0,10552.7,388,0,0,0,0
"2848",2024-03-10,21,15,9118.7,369,0,0,28.5981029810298,0,0,10552.7,388,0,0,0,0
"2849",2024-03-10,21,20,9159.7,369,0,0,28.5981029810298,0,0,10552.7,388,0,0,0,0
"2850",2024-03-10,21,25,9209.7,369,0,0,28.5981029810298,0,0,10552.7,388,0,0,0,0
"2851",2024-03-10,21,30,9667.7,371,0,0,28.5981029810298,0,0,10552.7,388,0,0,0,0
"2852",2024-03-10,21,35,9974.7,367,0,0,28.5981029810298,0,0,10552.7,388,0,0,0,0
"2853",2024-03-10,21,40,10040.7,370,0,0,28.5981029810298,0,0,10552.7,388,0,0,0,0
"2854",2024-03-10,21,45,10552.7,369,0,0,28.5981029810298,0,0,10552.7,388,0,0,0,0
"2855",2024-03-10,21,50,10132.7,368,0,0,28.5981029810298,0,0,10552.7,388,0,0,0,0
"2856",2024-03-10,21,55,9371.7,365,0,0,28.5981029810298,0,0,10552.7,388,0,0,0,0
"2857",2024-03-10,22,0,9660.7,366,0,0,26.6611267605634,0,0,9660.7,366,0,0,0,0
"2858",2024-03-10,22,5,9611.7,366,0,0,26.6611267605634,0,0,9660.7,366,0,0,0,0
"2859",2024-03-10,22,10,9589.7,365,0,0,26.6611267605634,0,0,9660.7,366,0,0,0,0
"2860",2024-03-10,22,15,9504.7,361,0,0,26.6611267605634,0,0,9660.7,366,0,0,0,0
"2861",2024-03-10,22,20,9116.7,359,0,0,26.6611267605634,0,0,9660.7,366,0,0,0,0
"2862",2024-03-10,22,25,9116.7,359,0,0,26.6611267605634,0,0,9660.7,366,0,0,0,0
"2863",2024-03-10,22,30,8890.7,360,0,0,26.6611267605634,0,0,9660.7,366,0,0,0,0
"2864",2024-03-10,22,35,8665.7,353,0,0,26.6611267605634,0,0,9660.7,366,0,0,0,0
"2865",2024-03-10,22,40,8654.7,353,0,0,26.6611267605634,0,0,9660.7,366,0,0,0,0
"2866",2024-03-10,22,45,8586.7,353,0,0,26.6611267605634,0,0,9660.7,366,0,0,0,0
"2867",2024-03-10,22,50,9464.7,355,0,0,26.6611267605634,0,0,9660.7,366,0,0,0,0
"2868",2024-03-10,22,55,9070.7,351,0,0,26.6611267605634,0,0,9660.7,366,0,0,0,0
"2869",2024-03-10,23,0,8901.7,350,0,0,26.5020348837209,0,0,9138.7,350,0,0,0,0
"2870",2024-03-10,23,5,8410.7,343,0,0,26.5020348837209,0,0,9138.7,350,0,0,0,0
"2871",2024-03-10,23,10,8754.7,346,0,0,26.5020348837209,0,0,9138.7,350,0,0,0,0
"2872",2024-03-10,23,15,8388.7,342,0,0,26.5020348837209,0,0,9138.7,350,0,0,0,0
"2873",2024-03-10,23,20,8350.7,342,0,0,26.5020348837209,0,0,9138.7,350,0,0,0,0
"2874",2024-03-10,23,25,8672.7,344,0,0,26.5020348837209,0,0,9138.7,350,0,0,0,0
"2875",2024-03-10,23,30,8650.7,343,0,0,26.5020348837209,0,0,9138.7,350,0,0,0,0
"2876",2024-03-10,23,35,8936.7,343,0,0,26.5020348837209,0,0,9138.7,350,0,0,0,0
"2877",2024-03-10,23,40,9116.7,344,0,0,26.5020348837209,0,0,9138.7,350,0,0,0,0
"2878",2024-03-10,23,45,9138.7,345,0,0,26.5020348837209,0,0,9138.7,350,0,0,0,0
"2879",2024-03-10,23,50,9138.7,345,0,0,26.5020348837209,0,0,9138.7,350,0,0,0,0
"2880",2024-03-10,23,55,8860.7,345,0,0,26.5020348837209,0,0,9138.7,350,0,0,0,0
"2881",2024-03-11,0,0,7980.1,326,0,0,24.4788343558282,0,0,7980.1,326,0,0,0,0
"2882",2024-03-11,0,5,7838.1,324,0,0,24.4788343558282,0,0,7980.1,326,0,0,0,0
"2883",2024-03-11,0,10,7805.1,324,0,0,24.4788343558282,0,0,7980.1,326,0,0,0,0
"2884",2024-03-11,0,15,7483.1,322,0,0,24.4788343558282,0,0,7980.1,326,0,0,0,0
"2885",2024-03-11,0,20,7461.1,321,0,0,24.4788343558282,0,0,7980.1,326,0,0,0,0
"2886",2024-03-11,0,25,7461.1,322,0,0,24.4788343558282,0,0,7980.1,326,0,0,0,0
"2887",2024-03-11,0,30,7461.1,322,0,0,24.4788343558282,0,0,7980.1,326,0,0,0,0
"2888",2024-03-11,0,35,7252.1,319,0,0,24.4788343558282,0,0,7980.1,326,0,0,0,0
"2889",2024-03-11,0,40,7252.1,319,0,0,24.4788343558282,0,0,7980.1,326,0,0,0,0
"2890",2024-03-11,0,45,7252.1,319,0,0,24.4788343558282,0,0,7980.1,326,0,0,0,0
"2891",2024-03-11,0,50,7252.1,319,0,0,24.4788343558282,0,0,7980.1,326,0,0,0,0
"2892",2024-03-11,0,55,7230.1,318,0,0,24.4788343558282,0,0,7980.1,326,0,0,0,0
"2893",2024-03-11,1,0,7525.7,330,0,0,23.3212765957447,0,0,7672.7,330,0,0,0,0
"2894",2024-03-11,1,5,7672.7,329,0,0,23.3212765957447,0,0,7672.7,330,0,0,0,0
"2895",2024-03-11,1,10,7312.7,327,0,0,23.3212765957447,0,0,7672.7,330,0,0,0,0
"2896",2024-03-11,1,15,7312.7,327,0,0,23.3212765957447,0,0,7672.7,330,0,0,0,0
"2897",2024-03-11,1,20,7312.7,327,0,0,23.3212765957447,0,0,7672.7,330,0,0,0,0
"2898",2024-03-11,1,25,7312.7,327,0,0,23.3212765957447,0,0,7672.7,330,0,0,0,0
"2899",2024-03-11,1,30,7312.7,328,0,0,23.3212765957447,0,0,7672.7,330,0,0,0,0
"2900",2024-03-11,1,35,7440.7,328,0,0,23.3212765957447,0,0,7672.7,330,0,0,0,0
"2901",2024-03-11,1,40,7440.7,328,0,0,23.3212765957447,0,0,7672.7,330,0,0,0,0
"2902",2024-03-11,1,45,7440.7,328,0,0,23.3212765957447,0,0,7672.7,330,0,0,0,0
"2903",2024-03-11,1,50,7440.7,328,0,0,23.3212765957447,0,0,7672.7,330,0,0,0,0
"2904",2024-03-11,1,55,7440.7,328,0,0,23.3212765957447,0,0,7672.7,330,0,0,0,0
"2905",2024-03-11,2,0,7440.7,328,0,0,23.080421686747,0,0,7662.7,332,0,0,0,0
"2906",2024-03-11,2,5,7623.7,331,0,0,23.080421686747,0,0,7662.7,332,0,0,0,0
"2907",2024-03-11,2,10,7623.7,331,0,0,23.080421686747,0,0,7662.7,332,0,0,0,0
"2908",2024-03-11,2,15,7623.7,331,0,0,23.080421686747,0,0,7662.7,332,0,0,0,0
"2909",2024-03-11,2,20,7623.7,331,0,0,23.080421686747,0,0,7662.7,332,0,0,0,0
"2910",2024-03-11,2,25,7623.7,331,0,0,23.080421686747,0,0,7662.7,332,0,0,0,0
"2911",2024-03-11,2,30,7623.7,331,0,0,23.080421686747,0,0,7662.7,332,0,0,0,0
"2912",2024-03-11,2,35,7460.7,330,0,0,23.080421686747,0,0,7662.7,332,0,0,0,0
"2913",2024-03-11,2,40,7662.7,332,0,0,23.080421686747,0,0,7662.7,332,0,0,0,0
"2914",2024-03-11,2,45,7662.7,332,0,0,23.080421686747,0,0,7662.7,332,0,0,0,0
"2915",2024-03-11,2,50,7662.7,332,0,0,23.080421686747,0,0,7662.7,332,0,0,0,0
"2916",2024-03-11,2,55,7482.7,331,0,0,23.080421686747,0,0,7662.7,332,0,0,0,0
"2917",2024-03-11,3,0,7482.7,331,0,0,23.0292168674699,0,0,7645.7,332,0,0,0,0
"2918",2024-03-11,3,5,7645.7,332,0,0,23.0292168674699,0,0,7645.7,332,0,0,0,0
"2919",2024-03-11,3,10,7645.7,332,0,0,23.0292168674699,0,0,7645.7,332,0,0,0,0
"2920",2024-03-11,3,15,7645.7,332,0,0,23.0292168674699,0,0,7645.7,332,0,0,0,0
"2921",2024-03-11,3,20,7645.7,332,0,0,23.0292168674699,0,0,7645.7,332,0,0,0,0
"2922",2024-03-11,3,25,7645.7,332,0,0,23.0292168674699,0,0,7645.7,332,0,0,0,0
"2923",2024-03-11,3,30,7645.7,332,0,0,23.0292168674699,0,0,7645.7,332,0,0,0,0
"2924",2024-03-11,3,35,7520.7,332,0,0,23.0292168674699,0,0,7645.7,332,0,0,0,0
"2925",2024-03-11,3,40,7520.7,332,0,0,23.0292168674699,0,0,7645.7,332,0,0,0,0
"2926",2024-03-11,3,45,7520.7,332,0,0,23.0292168674699,0,0,7645.7,332,0,0,0,0
"2927",2024-03-11,3,50,7520.7,332,0,0,23.0292168674699,0,0,7645.7,332,0,0,0,0
"2928",2024-03-11,3,55,7520.7,332,0,0,23.0292168674699,0,0,7645.7,332,0,0,0,0
"2929",2024-03-11,4,0,7520.7,332,0,0,23.2566666666667,0,0,7674.7,332,0,0,0,0
"2930",2024-03-11,4,5,7392.7,332,0,0,23.2566666666667,0,0,7674.7,332,0,0,0,0
"2931",2024-03-11,4,10,7392.7,332,0,0,23.2566666666667,0,0,7674.7,332,0,0,0,0
"2932",2024-03-11,4,15,7370.7,331,0,0,23.2566666666667,0,0,7674.7,332,0,0,0,0
"2933",2024-03-11,4,20,7370.7,331,0,0,23.2566666666667,0,0,7674.7,332,0,0,0,0
"2934",2024-03-11,4,25,7370.7,331,0,0,23.2566666666667,0,0,7674.7,332,0,0,0,0
"2935",2024-03-11,4,30,7370.7,331,0,0,23.2566666666667,0,0,7674.7,332,0,0,0,0
"2936",2024-03-11,4,35,7554.7,329,0,0,23.2566666666667,0,0,7674.7,332,0,0,0,0
"2937",2024-03-11,4,40,7554.7,329,0,0,23.2566666666667,0,0,7674.7,332,0,0,0,0
"2938",2024-03-11,4,45,7554.7,329,0,0,23.2566666666667,0,0,7674.7,332,0,0,0,0
"2939",2024-03-11,4,50,7674.7,330,0,0,23.2566666666667,0,0,7674.7,332,0,0,0,0
"2940",2024-03-11,4,55,7674.7,330,0,0,23.2566666666667,0,0,7674.7,332,0,0,0,0
"2941",2024-03-11,5,0,7674.7,330,0,0,23.4384848484848,0,0,7734.7,330,0,0,0,0
"2942",2024-03-11,5,5,7734.7,330,0,0,23.4384848484848,0,0,7734.7,330,0,0,0,0
"2943",2024-03-11,5,10,7614.7,329,0,0,23.4384848484848,0,0,7734.7,330,0,0,0,0
"2944",2024-03-11,5,15,7614.7,329,0,0,23.4384848484848,0,0,7734.7,330,0,0,0,0
"2945",2024-03-11,5,20,7614.7,329,0,0,23.4384848484848,0,0,7734.7,330,0,0,0,0
"2946",2024-03-11,5,25,7614.7,329,0,0,23.4384848484848,0,0,7734.7,330,0,0,0,0
"2947",2024-03-11,5,30,7592.7,328,0,0,23.4384848484848,0,0,7734.7,330,0,0,0,0
"2948",2024-03-11,5,35,7471.7,327,0,0,23.4384848484848,0,0,7734.7,330,0,0,0,0
"2949",2024-03-11,5,40,7471.7,327,0,0,23.4384848484848,0,0,7734.7,330,0,0,0,0
"2950",2024-03-11,5,45,7451.7,326,0,0,23.4384848484848,0,0,7734.7,330,0,0,0,0
"2951",2024-03-11,5,50,7451.7,326,0,0,23.4384848484848,0,0,7734.7,330,0,0,0,0
"2952",2024-03-11,5,55,7451.7,326,0,0,23.4384848484848,0,0,7734.7,330,0,0,0,0
"2953",2024-03-11,6,0,7751.7,327,0,0,23.9256880733945,0,0,7845.7,335,0,0,0,0
"2954",2024-03-11,6,5,7373.7,325,0,0,23.9256880733945,0,0,7845.7,335,0,0,0,0
"2955",2024-03-11,6,10,7351.7,324,0,0,23.9256880733945,0,0,7845.7,335,0,0,0,0
"2956",2024-03-11,6,15,7523.7,326,0,0,23.9256880733945,0,0,7845.7,335,0,0,0,0
"2957",2024-03-11,6,20,7523.7,326,0,0,23.9256880733945,0,0,7845.7,335,0,0,0,0
"2958",2024-03-11,6,25,7823.7,327,0,0,23.9256880733945,0,0,7845.7,335,0,0,0,0
"2959",2024-03-11,6,30,7845.7,328,0,0,23.9256880733945,0,0,7845.7,335,0,0,0,0
"2960",2024-03-11,6,35,7812.7,327,0,0,23.9256880733945,0,0,7845.7,335,0,0,0,0
"2961",2024-03-11,6,40,7684.7,328,0,0,23.9256880733945,0,0,7845.7,335,0,0,0,0
"2962",2024-03-11,6,45,7750.7,331,0,0,23.9256880733945,0,0,7845.7,335,0,0,0,0
"2963",2024-03-11,6,50,7816.7,334,0,0,23.9256880733945,0,0,7845.7,335,0,0,0,0
"2964",2024-03-11,6,55,7827.7,335,0,0,23.9256880733945,0,0,7845.7,335,0,0,0,0
"2965",2024-03-11,7,0,7838.7,336,0,0,26.4067448680352,0,0,9304.7,394,0,0,0,0
"2966",2024-03-11,7,5,8221.7,335,0,0,26.4067448680352,0,0,9304.7,394,0,0,0,0
"2967",2024-03-11,7,10,8821.7,337,0,0,26.4067448680352,0,0,9304.7,394,0,0,0,0
"2968",2024-03-11,7,15,9004.7,341,0,0,26.4067448680352,0,0,9304.7,394,0,0,0,0
"2969",2024-03-11,7,20,8964.7,346,0,0,26.4067448680352,0,0,9304.7,394,0,0,0,0
"2970",2024-03-11,7,25,8485.7,352,0,0,26.4067448680352,0,0,9304.7,394,0,0,0,0
"2971",2024-03-11,7,30,8840.7,356,0,0,26.4067448680352,0,0,9304.7,394,0,0,0,0
"2972",2024-03-11,7,35,9304.7,374,0,0,26.4067448680352,0,0,9304.7,394,0,0,0,0
"2973",2024-03-11,7,40,8939,375,0,0,26.4067448680352,0,0,9304.7,394,0,0,0,0
"2974",2024-03-11,7,45,9151.7,388,0,0,26.4067448680352,0,0,9304.7,394,0,0,0,0
"2975",2024-03-11,7,50,9051.7,391,0,0,26.4067448680352,0,0,9304.7,394,0,0,0,0
"2976",2024-03-11,7,55,9097.7,394,0,0,26.4067448680352,0,0,9304.7,394,0,0,0,0
"2977",2024-03-11,8,45,13787.7,503,0,0,28.5137142857143,0,0,14969.7,525,0,0,0,0
"2978",2024-03-11,8,50,14192.7,510,0,0,28.5137142857143,0,0,14969.7,525,0,0,0,0
"2979",2024-03-11,8,55,14969.7,525,0,0,28.5137142857143,0,0,14969.7,525,0,0,0,0
"2980",2024-03-11,8,0,9251.7,403,0,0,28.5137142857143,0,0,14969.7,525,0,0,0,0
"2981",2024-03-11,8,5,9964.7,426,0,0,28.5137142857143,0,0,14969.7,525,0,0,0,0
"2982",2024-03-11,8,10,10524.7,433,0,0,28.5137142857143,0,0,14969.7,525,0,0,0,0
"2983",2024-03-11,8,15,10612.7,436,0,0,28.5137142857143,0,0,14969.7,525,0,0,0,0
"2984",2024-03-11,8,20,10777.7,445,0,0,28.5137142857143,0,0,14969.7,525,0,0,0,0
"2985",2024-03-11,8,25,10997.7,458,0,0,28.5137142857143,0,0,14969.7,525,0,0,0,0
"2986",2024-03-11,8,30,10618.7,458,0,0,28.5137142857143,0,0,14969.7,525,0,0,0,0
"2987",2024-03-11,8,35,11879.7,484,0,0,28.5137142857143,0,0,14969.7,525,0,0,0,0
"2988",2024-03-11,8,40,12842.7,492,0,0,28.5137142857143,0,0,14969.7,525,0,0,0,0
"2989",2024-03-11,9,0,14856.7,534,0,0,27.8215355805243,0,0,16031,648,0,0,0,0
"2990",2024-03-11,9,5,15221.7,562,0,0,27.8215355805243,0,0,16031,648,0,0,0,0
"2991",2024-03-11,9,10,15320.7,567,0,0,27.8215355805243,0,0,16031,648,0,0,0,0
"2992",2024-03-11,9,15,15669.7,571,0,0,27.8215355805243,0,0,16031,648,0,0,0,0
"2993",2024-03-11,9,20,15119.7,576,0,0,27.8215355805243,0,0,16031,648,0,0,0,0
"2994",2024-03-11,9,25,15239.7,585,0,0,27.8215355805243,0,0,16031,648,0,0,0,0
"2995",2024-03-11,9,30,15049.7,588,0,0,27.8215355805243,0,0,16031,648,0,0,0,0
"2996",2024-03-11,9,35,14666.7,615,0,0,27.8215355805243,0,0,16031,648,0,0,0,0
"2997",2024-03-11,9,40,14843.7,623,0,0,27.8215355805243,0,0,16031,648,0,0,0,0
"2998",2024-03-11,9,45,15379,630,0,0,27.8215355805243,0,0,16031,648,0,0,0,0
"2999",2024-03-11,9,50,15833,639,0,0,27.8215355805243,0,0,16031,648,0,0,0,0
"3000",2024-03-11,9,55,16031,648,0,0,27.8215355805243,0,0,16031,648,0,0,0,0
"3001",2024-03-11,10,0,15775,648,0,0,25.4721804511278,0,0,17012.7,675,0,0,0,0
"3002",2024-03-11,10,5,16939,665,0,0,25.4721804511278,0,0,17012.7,675,0,0,0,0
"3003",2024-03-11,10,10,16652.7,663,0,0,25.4721804511278,0,0,17012.7,675,0,0,0,0
"3004",2024-03-11,10,15,16413,660,0,0,25.4721804511278,0,0,17012.7,675,0,0,0,0
"3005",2024-03-11,10,20,16231.7,662,0,0,25.4721804511278,0,0,17012.7,675,0,0,0,0
"3006",2024-03-11,10,25,16910.7,670,0,0,25.4721804511278,0,0,17012.7,675,0,0,0,0
"3007",2024-03-11,10,30,17012.7,675,0,0,25.4721804511278,0,0,17012.7,675,0,0,0,0
"3008",2024-03-11,10,35,16124.7,668,0,0,25.4721804511278,0,0,17012.7,675,0,0,0,0
"3009",2024-03-11,10,40,16322.7,664,0,0,25.4721804511278,0,0,17012.7,675,0,0,0,0
"3010",2024-03-11,10,45,15798.7,664,0,0,25.4721804511278,0,0,17012.7,675,0,0,0,0
"3011",2024-03-11,10,50,15244.7,659,0,0,25.4721804511278,0,0,17012.7,675,0,0,0,0
"3012",2024-03-11,10,55,15211.7,658,0,0,25.4721804511278,0,0,17012.7,675,0,0,0,0
"3013",2024-03-11,11,0,15522.7,659,0,0,25.7235294117647,0,0,17362.7,696,0,0,0,0
"3014",2024-03-11,11,5,16929.7,666,0,0,25.7235294117647,0,0,17362.7,696,0,0,0,0
"3015",2024-03-11,11,10,17054.7,663,0,0,25.7235294117647,0,0,17362.7,696,0,0,0,0
"3016",2024-03-11,11,15,17026.7,664,0,0,25.7235294117647,0,0,17362.7,696,0,0,0,0
"3017",2024-03-11,11,20,17123.7,668,0,0,25.7235294117647,0,0,17362.7,696,0,0,0,0
"3018",2024-03-11,11,25,17074.7,670,0,0,25.7235294117647,0,0,17362.7,696,0,0,0,0
"3019",2024-03-11,11,30,16840.7,673,0,0,25.7235294117647,0,0,17362.7,696,0,0,0,0
"3020",2024-03-11,11,35,16770.7,691,0,0,25.7235294117647,0,0,17362.7,696,0,0,0,0
"3021",2024-03-11,11,40,17190.7,691,0,0,25.7235294117647,0,0,17362.7,696,0,0,0,0
"3022",2024-03-11,11,45,17362.7,692,0,0,25.7235294117647,0,0,17362.7,696,0,0,0,0
"3023",2024-03-11,11,50,17300.7,696,0,0,25.7235294117647,0,0,17362.7,696,0,0,0,0
"3024",2024-03-11,11,55,16973.7,691,0,0,25.7235294117647,0,0,17362.7,696,0,0,0,0
"3025",2024-03-11,12,55,16372.7,675,0,0,25.4676811594203,0,0,17572.7,691,0,0,0,0
"3026",2024-03-11,12,0,17215.7,689,0,0,25.4676811594203,0,0,17572.7,691,0,0,0,0
"3027",2024-03-11,12,5,16941.7,682,0,0,25.4676811594203,0,0,17572.7,691,0,0,0,0
"3028",2024-03-11,12,10,16586.7,679,0,0,25.4676811594203,0,0,17572.7,691,0,0,0,0
"3029",2024-03-11,12,15,17287.7,687,0,0,25.4676811594203,0,0,17572.7,691,0,0,0,0
"3030",2024-03-11,12,20,17331.7,689,0,0,25.4676811594203,0,0,17572.7,691,0,0,0,0
"3031",2024-03-11,12,25,17572.7,690,0,0,25.4676811594203,0,0,17572.7,691,0,0,0,0
"3032",2024-03-11,12,30,17207.7,691,0,0,25.4676811594203,0,0,17572.7,691,0,0,0,0
"3033",2024-03-11,12,35,17028.7,687,0,0,25.4676811594203,0,0,17572.7,691,0,0,0,0
"3034",2024-03-11,12,40,16263.7,677,0,0,25.4676811594203,0,0,17572.7,691,0,0,0,0
"3035",2024-03-11,12,45,15984.7,675,0,0,25.4676811594203,0,0,17572.7,691,0,0,0,0
"3036",2024-03-11,12,50,16099.7,677,0,0,25.4676811594203,0,0,17572.7,691,0,0,0,0
"3037",2024-03-11,13,0,16637.7,667,0,0,27.84653784219,0,0,17342,667,0,0,0,0
"3038",2024-03-11,13,5,16696.7,654,0,0,27.84653784219,0,0,17342,667,0,0,0,0
"3039",2024-03-11,13,10,16673.7,647,0,0,27.84653784219,0,0,17342,667,0,0,0,0
"3040",2024-03-11,13,15,16503.7,625,0,0,27.84653784219,0,0,17342,667,0,0,0,0
"3041",2024-03-11,13,20,16753.7,626,0,0,27.84653784219,0,0,17342,667,0,0,0,0
"3042",2024-03-11,13,25,16589.7,623,0,0,27.84653784219,0,0,17342,667,0,0,0,0
"3043",2024-03-11,13,30,17292.7,621,0,0,27.84653784219,0,0,17342,667,0,0,0,0
"3044",2024-03-11,13,35,17106.7,625,0,0,27.84653784219,0,0,17342,667,0,0,0,0
"3045",2024-03-11,13,40,17342,629,0,0,27.84653784219,0,0,17342,667,0,0,0,0
"3046",2024-03-11,13,45,16977,624,0,0,27.84653784219,0,0,17342,667,0,0,0,0
"3047",2024-03-11,13,50,17083,622,0,0,27.84653784219,0,0,17342,667,0,0,0,0
"3048",2024-03-11,13,55,16911,624,0,0,27.84653784219,0,0,17342,667,0,0,0,0
"3049",2024-03-11,14,0,16806,622,0,0,28.0308441558442,0,0,17267,623,0,0,0,0
"3050",2024-03-11,14,5,17267,616,0,0,28.0308441558442,0,0,17267,623,0,0,0,0
"3051",2024-03-11,14,10,16526,613,0,0,28.0308441558442,0,0,17267,623,0,0,0,0
"3052",2024-03-11,14,15,16774,612,0,0,28.0308441558442,0,0,17267,623,0,0,0,0
"3053",2024-03-11,14,20,17057,619,0,0,28.0308441558442,0,0,17267,623,0,0,0,0
"3054",2024-03-11,14,25,16724,615,0,0,28.0308441558442,0,0,17267,623,0,0,0,0
"3055",2024-03-11,14,30,16633.7,617,0,0,28.0308441558442,0,0,17267,623,0,0,0,0
"3056",2024-03-11,14,35,16166.7,606,0,0,28.0308441558442,0,0,17267,623,0,0,0,0
"3057",2024-03-11,14,40,15943.7,610,0,0,28.0308441558442,0,0,17267,623,0,0,0,0
"3058",2024-03-11,14,45,15853.7,613,0,0,28.0308441558442,0,0,17267,623,0,0,0,0
"3059",2024-03-11,14,50,15398.7,615,0,0,28.0308441558442,0,0,17267,623,0,0,0,0
"3060",2024-03-11,14,55,15375.7,623,0,0,28.0308441558442,0,0,17267,623,0,0,0,0
"3061",2024-03-11,15,0,15033.7,619,0,0,26.8778830963665,0,0,17013.7,638,0,0,0,0
"3062",2024-03-11,15,5,14406.7,580,0,0,26.8778830963665,0,0,17013.7,638,0,0,0,0
"3063",2024-03-11,15,10,14433.7,584,0,0,26.8778830963665,0,0,17013.7,638,0,0,0,0
"3064",2024-03-11,15,15,16048.7,629,0,0,26.8778830963665,0,0,17013.7,638,0,0,0,0
"3065",2024-03-11,15,20,15793.7,621,0,0,26.8778830963665,0,0,17013.7,638,0,0,0,0
"3066",2024-03-11,15,25,15696.7,622,0,0,26.8778830963665,0,0,17013.7,638,0,0,0,0
"3067",2024-03-11,15,30,15663.7,622,0,0,26.8778830963665,0,0,17013.7,638,0,0,0,0
"3068",2024-03-11,15,35,16725.7,638,0,0,26.8778830963665,0,0,17013.7,638,0,0,0,0
"3069",2024-03-11,15,40,16768.7,637,0,0,26.8778830963665,0,0,17013.7,638,0,0,0,0
"3070",2024-03-11,15,45,16415.7,633,0,0,26.8778830963665,0,0,17013.7,638,0,0,0,0
"3071",2024-03-11,15,50,16909.7,638,0,0,26.8778830963665,0,0,17013.7,638,0,0,0,0
"3072",2024-03-11,15,55,17013.7,633,0,0,26.8778830963665,0,0,17013.7,638,0,0,0,0
"3073",2024-03-11,16,0,16898.7,631,0,0,27.3592709984152,0,0,17296.7,633,0,0,0,0
"3074",2024-03-11,16,5,16360.7,619,0,0,27.3592709984152,0,0,17296.7,633,0,0,0,0
"3075",2024-03-11,16,10,16982.7,622,0,0,27.3592709984152,0,0,17296.7,633,0,0,0,0
"3076",2024-03-11,16,15,16974.7,630,0,0,27.3592709984152,0,0,17296.7,633,0,0,0,0
"3077",2024-03-11,16,20,17263.7,631,0,0,27.3592709984152,0,0,17296.7,633,0,0,0,0
"3078",2024-03-11,16,25,17296.7,633,0,0,27.3592709984152,0,0,17296.7,633,0,0,0,0
"3079",2024-03-11,16,30,16564.7,627,0,0,27.3592709984152,0,0,17296.7,633,0,0,0,0
"3080",2024-03-11,16,35,15926.7,614,0,0,27.3592709984152,0,0,17296.7,633,0,0,0,0
"3081",2024-03-11,16,40,15644.7,607,0,0,27.3592709984152,0,0,17296.7,633,0,0,0,0
"3082",2024-03-11,16,45,15019.7,602,0,0,27.3592709984152,0,0,17296.7,633,0,0,0,0
"3083",2024-03-11,16,50,15568.7,608,0,0,27.3592709984152,0,0,17296.7,633,0,0,0,0
"3084",2024-03-11,16,55,15537.7,606,0,0,27.3592709984152,0,0,17296.7,633,0,0,0,0
"3085",2024-03-11,17,0,9244,299,0,0,32.3625954198473,0,0,15685.7,593,0,0,0,0
"3086",2024-03-11,17,5,8479,262,0,0,32.3625954198473,0,0,15685.7,593,0,0,0,0
"3087",2024-03-11,17,10,15324.7,589,0,0,32.3625954198473,0,0,15685.7,593,0,0,0,0
"3088",2024-03-11,17,15,15352.7,590,0,0,32.3625954198473,0,0,15685.7,593,0,0,0,0
"3089",2024-03-11,17,20,15685.7,593,0,0,32.3625954198473,0,0,15685.7,593,0,0,0,0
"3090",2024-03-11,17,25,15660.7,584,0,0,32.3625954198473,0,0,15685.7,593,0,0,0,0
"3091",2024-03-11,17,30,15673.7,584,0,0,32.3625954198473,0,0,15685.7,593,0,0,0,0
"3092",2024-03-11,17,35,14916.7,561,0,0,32.3625954198473,0,0,15685.7,593,0,0,0,0
"3093",2024-03-11,17,40,14595.7,550,0,0,32.3625954198473,0,0,15685.7,593,0,0,0,0
"3094",2024-03-11,17,45,14941.7,545,0,0,32.3625954198473,0,0,15685.7,593,0,0,0,0
"3095",2024-03-11,17,50,14337.4,533,0,0,32.3625954198473,0,0,15685.7,593,0,0,0,0
"3096",2024-03-11,17,55,14152.4,533,0,0,32.3625954198473,0,0,15685.7,593,0,0,0,0
"3097",2024-03-11,18,0,13860.4,531,0,0,27.3733067729084,0,0,14196.4,531,0,0,0,0
"3098",2024-03-11,18,5,13831.4,531,0,0,27.3733067729084,0,0,14196.4,531,0,0,0,0
"3099",2024-03-11,18,10,14196.4,529,0,0,27.3733067729084,0,0,14196.4,531,0,0,0,0
"3100",2024-03-11,18,15,13761.4,519,0,0,27.3733067729084,0,0,14196.4,531,0,0,0,0
"3101",2024-03-11,18,20,13629.4,511,0,0,27.3733067729084,0,0,14196.4,531,0,0,0,0
"3102",2024-03-11,18,25,13741.4,502,0,0,27.3733067729084,0,0,14196.4,531,0,0,0,0
"3103",2024-03-11,18,30,13102.4,499,0,0,27.3733067729084,0,0,14196.4,531,0,0,0,0
"3104",2024-03-11,18,35,12722.4,495,0,0,27.3733067729084,0,0,14196.4,531,0,0,0,0
"3105",2024-03-11,18,40,13031.4,493,0,0,27.3733067729084,0,0,14196.4,531,0,0,0,0
"3106",2024-03-11,18,45,12992.7,485,0,0,27.3733067729084,0,0,14196.4,531,0,0,0,0
"3107",2024-03-11,18,50,12562.4,489,0,0,27.3733067729084,0,0,14196.4,531,0,0,0,0
"3108",2024-03-11,18,55,12491.4,483,0,0,27.3733067729084,0,0,14196.4,531,0,0,0,0
"3109",2024-03-11,19,0,11959.4,480,0,0,26.504033970276,0,0,12483.4,480,0,0,0,0
"3110",2024-03-11,19,5,12483.4,471,0,0,26.504033970276,0,0,12483.4,480,0,0,0,0
"3111",2024-03-11,19,10,12285.4,470,0,0,26.504033970276,0,0,12483.4,480,0,0,0,0
"3112",2024-03-11,19,15,11690.4,470,0,0,26.504033970276,0,0,12483.4,480,0,0,0,0
"3113",2024-03-11,19,20,11723.4,462,0,0,26.504033970276,0,0,12483.4,480,0,0,0,0
"3114",2024-03-11,19,25,11620.7,457,0,0,26.504033970276,0,0,12483.4,480,0,0,0,0
"3115",2024-03-11,19,30,11342.7,456,0,0,26.504033970276,0,0,12483.4,480,0,0,0,0
"3116",2024-03-11,19,35,11664.7,444,0,0,26.504033970276,0,0,12483.4,480,0,0,0,0
"3117",2024-03-11,19,40,11445.7,438,0,0,26.504033970276,0,0,12483.4,480,0,0,0,0
"3118",2024-03-11,19,45,11247.7,428,0,0,26.504033970276,0,0,12483.4,480,0,0,0,0
"3119",2024-03-11,19,50,11181.7,424,0,0,26.504033970276,0,0,12483.4,480,0,0,0,0
"3120",2024-03-11,19,55,10870.7,423,0,0,26.504033970276,0,0,12483.4,480,0,0,0,0
"3121",2024-03-11,20,0,10717.7,420,0,0,27.8685,0,0,11147.4,420,0,0,0,0
"3122",2024-03-11,20,5,10190.7,409,0,0,27.8685,0,0,11147.4,420,0,0,0,0
"3123",2024-03-11,20,10,10474.7,408,0,0,27.8685,0,0,11147.4,420,0,0,0,0
"3124",2024-03-11,20,15,10478.4,411,0,0,27.8685,0,0,11147.4,420,0,0,0,0
"3125",2024-03-11,20,20,10704.4,411,0,0,27.8685,0,0,11147.4,420,0,0,0,0
"3126",2024-03-11,20,25,11143.4,412,0,0,27.8685,0,0,11147.4,420,0,0,0,0
"3127",2024-03-11,20,30,11020.4,408,0,0,27.8685,0,0,11147.4,420,0,0,0,0
"3128",2024-03-11,20,35,10833.4,404,0,0,27.8685,0,0,11147.4,420,0,0,0,0
"3129",2024-03-11,20,40,11147.4,400,0,0,27.8685,0,0,11147.4,420,0,0,0,0
"3130",2024-03-11,20,45,10998.4,400,0,0,27.8685,0,0,11147.4,420,0,0,0,0
"3131",2024-03-11,20,50,10954.4,398,0,0,27.8685,0,0,11147.4,420,0,0,0,0
"3132",2024-03-11,20,55,10625.4,392,0,0,27.8685,0,0,11147.4,420,0,0,0,0
"3133",2024-03-11,21,45,10341.4,370,0,0,28.7254054054054,0,0,10628.4,392,0,0,0,0
"3134",2024-03-11,21,50,9908.4,366,0,0,28.7254054054054,0,0,10628.4,392,0,0,0,0
"3135",2024-03-11,21,55,9886.4,365,0,0,28.7254054054054,0,0,10628.4,392,0,0,0,0
"3136",2024-03-11,21,0,10614.4,392,0,0,28.7254054054054,0,0,10628.4,392,0,0,0,0
"3137",2024-03-11,21,5,9189.4,377,0,0,28.7254054054054,0,0,10628.4,392,0,0,0,0
"3138",2024-03-11,21,10,9839.4,379,0,0,28.7254054054054,0,0,10628.4,392,0,0,0,0
"3139",2024-03-11,21,15,9876.4,377,0,0,28.7254054054054,0,0,10628.4,392,0,0,0,0
"3140",2024-03-11,21,20,10001.4,380,0,0,28.7254054054054,0,0,10628.4,392,0,0,0,0
"3141",2024-03-11,21,25,10489.4,380,0,0,28.7254054054054,0,0,10628.4,392,0,0,0,0
"3142",2024-03-11,21,30,10432.4,376,0,0,28.7254054054054,0,0,10628.4,392,0,0,0,0
"3143",2024-03-11,21,35,10449.4,368,0,0,28.7254054054054,0,0,10628.4,392,0,0,0,0
"3144",2024-03-11,21,40,10628.4,370,0,0,28.7254054054054,0,0,10628.4,392,0,0,0,0
"3145",2024-03-11,22,0,9458.4,364,0,0,26.2599447513812,0,0,9506.1,364,0,0,0,0
"3146",2024-03-11,22,5,9224.4,361,0,0,26.2599447513812,0,0,9506.1,364,0,0,0,0
"3147",2024-03-11,22,10,9506.1,362,0,0,26.2599447513812,0,0,9506.1,364,0,0,0,0
"3148",2024-03-11,22,15,9151.1,358,0,0,26.2599447513812,0,0,9506.1,364,0,0,0,0
"3149",2024-03-11,22,20,8998.1,355,0,0,26.2599447513812,0,0,9506.1,364,0,0,0,0
"3150",2024-03-11,22,25,9103.1,359,0,0,26.2599447513812,0,0,9506.1,364,0,0,0,0
"3151",2024-03-11,22,30,9048.1,356,0,0,26.2599447513812,0,0,9506.1,364,0,0,0,0
"3152",2024-03-11,22,35,8347.1,351,0,0,26.2599447513812,0,0,9506.1,364,0,0,0,0
"3153",2024-03-11,22,40,8325.1,350,0,0,26.2599447513812,0,0,9506.1,364,0,0,0,0
"3154",2024-03-11,22,45,8625.1,351,0,0,26.2599447513812,0,0,9506.1,364,0,0,0,0
"3155",2024-03-11,22,50,8614.1,350,0,0,26.2599447513812,0,0,9506.1,364,0,0,0,0
"3156",2024-03-11,22,55,8226.1,346,0,0,26.2599447513812,0,0,9506.1,364,0,0,0,0
"3157",2024-03-11,23,0,8168.1,347,0,0,25.5078078078078,0,0,8494.1,347,0,0,0,0
"3158",2024-03-11,23,5,7959.1,334,0,0,25.5078078078078,0,0,8494.1,347,0,0,0,0
"3159",2024-03-11,23,10,8193.1,332,0,0,25.5078078078078,0,0,8494.1,347,0,0,0,0
"3160",2024-03-11,23,15,8106.1,329,0,0,25.5078078078078,0,0,8494.1,347,0,0,0,0
"3161",2024-03-11,23,20,8494.1,333,0,0,25.5078078078078,0,0,8494.1,347,0,0,0,0
"3162",2024-03-11,23,25,8439.1,331,0,0,25.5078078078078,0,0,8494.1,347,0,0,0,0
"3163",2024-03-11,23,30,8384.1,329,0,0,25.5078078078078,0,0,8494.1,347,0,0,0,0
"3164",2024-03-11,23,35,8180.1,327,0,0,25.5078078078078,0,0,8494.1,347,0,0,0,0
"3165",2024-03-11,23,40,8240.1,327,0,0,25.5078078078078,0,0,8494.1,347,0,0,0,0
"3166",2024-03-11,23,45,8202.1,327,0,0,25.5078078078078,0,0,8494.1,347,0,0,0,0
"3167",2024-03-11,23,50,8230.1,327,0,0,25.5078078078078,0,0,8494.1,347,0,0,0,0
"3168",2024-03-11,23,55,8130.1,327,0,0,25.5078078078078,0,0,8494.1,347,0,0,0,0
"3169",2024-03-12,0,0,6409,172,0,0,42.3727810650888,0,0,7161,172,0,0,0,0
"3170",2024-03-12,0,5,6561,167,0,0,42.3727810650888,0,0,7161,172,0,0,0,0
"3171",2024-03-12,0,10,6561,167,0,0,42.3727810650888,0,0,7161,172,0,0,0,0
"3172",2024-03-12,0,15,6861,168,0,0,42.3727810650888,0,0,7161,172,0,0,0,0
"3173",2024-03-12,0,20,7161,169,0,0,42.3727810650888,0,0,7161,172,0,0,0,0
"3174",2024-03-12,0,25,7161,169,0,0,42.3727810650888,0,0,7161,172,0,0,0,0
"3175",2024-03-12,0,30,6861,168,0,0,42.3727810650888,0,0,7161,172,0,0,0,0
"3176",2024-03-12,0,35,6587,165,0,0,42.3727810650888,0,0,7161,172,0,0,0,0
"3177",2024-03-12,0,40,6587,165,0,0,42.3727810650888,0,0,7161,172,0,0,0,0
"3178",2024-03-12,0,45,6287,164,0,0,42.3727810650888,0,0,7161,172,0,0,0,0
"3179",2024-03-12,0,50,6287,164,0,0,42.3727810650888,0,0,7161,172,0,0,0,0
"3180",2024-03-12,0,55,6287,164,0,0,42.3727810650888,0,0,7161,172,0,0,0,0
"3181",2024-03-12,1,0,7530.1,319,0,0,23.605329153605,0,0,7530.1,319,0,0,0,0
"3182",2024-03-12,1,5,7419.1,317,0,0,23.605329153605,0,0,7530.1,319,0,0,0,0
"3183",2024-03-12,1,10,7419.1,317,0,0,23.605329153605,0,0,7530.1,319,0,0,0,0
"3184",2024-03-12,1,15,7419.1,317,0,0,23.605329153605,0,0,7530.1,319,0,0,0,0
"3185",2024-03-12,1,20,7419.1,317,0,0,23.605329153605,0,0,7530.1,319,0,0,0,0
"3186",2024-03-12,1,25,7419.1,317,0,0,23.605329153605,0,0,7530.1,319,0,0,0,0
"3187",2024-03-12,1,30,7419.1,317,0,0,23.605329153605,0,0,7530.1,319,0,0,0,0
"3188",2024-03-12,1,35,7386.1,315,0,0,23.605329153605,0,0,7530.1,319,0,0,0,0
"3189",2024-03-12,1,40,7386.1,315,0,0,23.605329153605,0,0,7530.1,319,0,0,0,0
"3190",2024-03-12,1,45,7086.1,314,0,0,23.605329153605,0,0,7530.1,319,0,0,0,0
"3191",2024-03-12,1,50,7086.1,314,0,0,23.605329153605,0,0,7530.1,319,0,0,0,0
"3192",2024-03-12,1,55,7086.1,314,0,0,23.605329153605,0,0,7530.1,319,0,0,0,0
"3193",2024-03-12,2,0,7086.1,314,0,0,23.7874193548387,0,0,7396.1,314,0,0,0,0
"3194",2024-03-12,2,5,7053.1,313,0,0,23.7874193548387,0,0,7396.1,314,0,0,0,0
"3195",2024-03-12,2,10,7053.1,313,0,0,23.7874193548387,0,0,7396.1,314,0,0,0,0
"3196",2024-03-12,2,15,7353.1,314,0,0,23.7874193548387,0,0,7396.1,314,0,0,0,0
"3197",2024-03-12,2,20,7353.1,314,0,0,23.7874193548387,0,0,7396.1,314,0,0,0,0
"3198",2024-03-12,2,25,7353.1,314,0,0,23.7874193548387,0,0,7396.1,314,0,0,0,0
"3199",2024-03-12,2,30,7353.1,314,0,0,23.7874193548387,0,0,7396.1,314,0,0,0,0
"3200",2024-03-12,2,35,7287.1,311,0,0,23.7874193548387,0,0,7396.1,314,0,0,0,0
"3201",2024-03-12,2,40,7374.1,310,0,0,23.7874193548387,0,0,7396.1,314,0,0,0,0
"3202",2024-03-12,2,45,7396.1,311,0,0,23.7874193548387,0,0,7396.1,314,0,0,0,0
"3203",2024-03-12,2,50,7396.1,311,0,0,23.7874193548387,0,0,7396.1,314,0,0,0,0
"3204",2024-03-12,2,55,7396.1,311,0,0,23.7874193548387,0,0,7396.1,314,0,0,0,0
"3205",2024-03-12,3,0,7396.1,311,0,0,24.3136075949367,0,0,7683.1,316,0,0,0,0
"3206",2024-03-12,3,5,7623.1,316,0,0,24.3136075949367,0,0,7683.1,316,0,0,0,0
"3207",2024-03-12,3,10,7683.1,316,0,0,24.3136075949367,0,0,7683.1,316,0,0,0,0
"3208",2024-03-12,3,15,7683.1,316,0,0,24.3136075949367,0,0,7683.1,316,0,0,0,0
"3209",2024-03-12,3,20,7683.1,316,0,0,24.3136075949367,0,0,7683.1,316,0,0,0,0
"3210",2024-03-12,3,25,7683.1,316,0,0,24.3136075949367,0,0,7683.1,316,0,0,0,0
"3211",2024-03-12,3,30,7683.1,316,0,0,24.3136075949367,0,0,7683.1,316,0,0,0,0
"3212",2024-03-12,3,35,7503.1,315,0,0,24.3136075949367,0,0,7683.1,316,0,0,0,0
"3213",2024-03-12,3,40,7503.1,315,0,0,24.3136075949367,0,0,7683.1,316,0,0,0,0
"3214",2024-03-12,3,45,7503.1,315,0,0,24.3136075949367,0,0,7683.1,316,0,0,0,0
"3215",2024-03-12,3,50,7503.1,315,0,0,24.3136075949367,0,0,7683.1,316,0,0,0,0
"3216",2024-03-12,3,55,7503.1,315,0,0,24.3136075949367,0,0,7683.1,316,0,0,0,0
"3217",2024-03-12,4,0,7203.1,314,0,0,22.9748407643312,0,0,7214.1,314,0,0,0,0
"3218",2024-03-12,4,5,7064.1,313,0,0,22.9748407643312,0,0,7214.1,314,0,0,0,0
"3219",2024-03-12,4,10,7064.1,313,0,0,22.9748407643312,0,0,7214.1,314,0,0,0,0
"3220",2024-03-12,4,15,7064.1,313,0,0,22.9748407643312,0,0,7214.1,314,0,0,0,0
"3221",2024-03-12,4,20,7064.1,313,0,0,22.9748407643312,0,0,7214.1,314,0,0,0,0
"3222",2024-03-12,4,25,7064.1,313,0,0,22.9748407643312,0,0,7214.1,314,0,0,0,0
"3223",2024-03-12,4,30,7064.1,313,0,0,22.9748407643312,0,0,7214.1,314,0,0,0,0
"3224",2024-03-12,4,35,7214.1,314,0,0,22.9748407643312,0,0,7214.1,314,0,0,0,0
"3225",2024-03-12,4,40,7214.1,314,0,0,22.9748407643312,0,0,7214.1,314,0,0,0,0
"3226",2024-03-12,4,45,7214.1,314,0,0,22.9748407643312,0,0,7214.1,314,0,0,0,0
"3227",2024-03-12,4,50,7214.1,314,0,0,22.9748407643312,0,0,7214.1,314,0,0,0,0
"3228",2024-03-12,4,55,7214.1,314,0,0,22.9748407643312,0,0,7214.1,314,0,0,0,0
"3229",2024-03-12,5,0,7214.1,314,0,0,24.3805111821086,0,0,7631.1,316,0,0,0,0
"3230",2024-03-12,5,5,7236.1,315,0,0,24.3805111821086,0,0,7631.1,316,0,0,0,0
"3231",2024-03-12,5,10,7258.1,316,0,0,24.3805111821086,0,0,7631.1,316,0,0,0,0
"3232",2024-03-12,5,15,7536.1,316,0,0,24.3805111821086,0,0,7631.1,316,0,0,0,0
"3233",2024-03-12,5,20,7536.1,316,0,0,24.3805111821086,0,0,7631.1,316,0,0,0,0
"3234",2024-03-12,5,25,7536.1,316,0,0,24.3805111821086,0,0,7631.1,316,0,0,0,0
"3235",2024-03-12,5,30,7536.1,316,0,0,24.3805111821086,0,0,7631.1,316,0,0,0,0
"3236",2024-03-12,5,35,7331.1,312,0,0,24.3805111821086,0,0,7631.1,316,0,0,0,0
"3237",2024-03-12,5,40,7631.1,313,0,0,24.3805111821086,0,0,7631.1,316,0,0,0,0
"3238",2024-03-12,5,45,7631.1,313,0,0,24.3805111821086,0,0,7631.1,316,0,0,0,0
"3239",2024-03-12,5,50,7631.1,313,0,0,24.3805111821086,0,0,7631.1,316,0,0,0,0
"3240",2024-03-12,5,55,7631.1,313,0,0,24.3805111821086,0,0,7631.1,316,0,0,0,0
"3241",2024-03-12,6,0,7631.1,313,0,0,24.9565625,0,0,8096.1,327,0,0,0,0
"3242",2024-03-12,6,5,7847.1,317,0,0,24.9565625,0,0,8096.1,327,0,0,0,0
"3243",2024-03-12,6,10,7869.1,318,0,0,24.9565625,0,0,8096.1,327,0,0,0,0
"3244",2024-03-12,6,15,7869.1,318,0,0,24.9565625,0,0,8096.1,327,0,0,0,0
"3245",2024-03-12,6,20,7869.1,319,0,0,24.9565625,0,0,8096.1,327,0,0,0,0
"3246",2024-03-12,6,25,7869.1,319,0,0,24.9565625,0,0,8096.1,327,0,0,0,0
"3247",2024-03-12,6,30,7647.1,318,0,0,24.9565625,0,0,8096.1,327,0,0,0,0
"3248",2024-03-12,6,35,7675.1,318,0,0,24.9565625,0,0,8096.1,327,0,0,0,0
"3249",2024-03-12,6,40,7986.1,320,0,0,24.9565625,0,0,8096.1,327,0,0,0,0
"3250",2024-03-12,6,45,8041.1,323,0,0,24.9565625,0,0,8096.1,327,0,0,0,0
"3251",2024-03-12,6,50,8074.1,325,0,0,24.9565625,0,0,8096.1,327,0,0,0,0
"3252",2024-03-12,6,55,8096.1,327,0,0,24.9565625,0,0,8096.1,327,0,0,0,0
"3253",2024-03-12,7,0,8173.1,331,0,0,26.9086956521739,0,0,9902.4,368,0,0,0,0
"3254",2024-03-12,7,5,8507.1,330,0,0,26.9086956521739,0,0,9902.4,368,0,0,0,0
"3255",2024-03-12,7,10,8218.1,330,0,0,26.9086956521739,0,0,9902.4,368,0,0,0,0
"3256",2024-03-12,7,15,8530.1,338,0,0,26.9086956521739,0,0,9902.4,368,0,0,0,0
"3257",2024-03-12,7,20,8501.1,339,0,0,26.9086956521739,0,0,9902.4,368,0,0,0,0
"3258",2024-03-12,7,25,8523.1,341,0,0,26.9086956521739,0,0,9902.4,368,0,0,0,0
"3259",2024-03-12,7,30,8753.1,348,0,0,26.9086956521739,0,0,9902.4,368,0,0,0,0
"3260",2024-03-12,7,35,9523.1,363,0,0,26.9086956521739,0,0,9902.4,368,0,0,0,0
"3261",2024-03-12,7,40,9902.4,368,0,0,26.9086956521739,0,0,9902.4,368,0,0,0,0
"3262",2024-03-12,7,45,9558.4,366,0,0,26.9086956521739,0,0,9902.4,368,0,0,0,0
"3263",2024-03-12,7,50,9576.7,366,0,0,26.9086956521739,0,0,9902.4,368,0,0,0,0
"3264",2024-03-12,7,55,9794.7,366,0,0,26.9086956521739,0,0,9902.4,368,0,0,0,0
"3265",2024-03-12,8,35,10236.7,411,0,0,27.6963446475196,0,0,11656.7,437,0,0,0,0
"3266",2024-03-12,8,40,10095.7,414,0,0,27.6963446475196,0,0,11656.7,437,0,0,0,0
"3267",2024-03-12,8,45,10543.7,417,0,0,27.6963446475196,0,0,11656.7,437,0,0,0,0
"3268",2024-03-12,8,50,11412.7,433,0,0,27.6963446475196,0,0,11656.7,437,0,0,0,0
"3269",2024-03-12,8,55,11656.7,437,0,0,27.6963446475196,0,0,11656.7,437,0,0,0,0
"3270",2024-03-12,8,0,9713.7,370,0,0,27.6963446475196,0,0,11656.7,437,0,0,0,0
"3271",2024-03-12,8,5,10440.7,377,0,0,27.6963446475196,0,0,11656.7,437,0,0,0,0
"3272",2024-03-12,8,10,10607.7,383,0,0,27.6963446475196,0,0,11656.7,437,0,0,0,0
"3273",2024-03-12,8,15,10706.7,389,0,0,27.6963446475196,0,0,11656.7,437,0,0,0,0
"3274",2024-03-12,8,20,10384.7,386,0,0,27.6963446475196,0,0,11656.7,437,0,0,0,0
"3275",2024-03-12,8,25,10461.7,389,0,0,27.6963446475196,0,0,11656.7,437,0,0,0,0
"3276",2024-03-12,8,30,10668.7,392,0,0,27.6963446475196,0,0,11656.7,437,0,0,0,0
"3277",2024-03-12,9,0,12787.7,451,0,0,28.8769709543568,0,0,15993.7,562,0,0,0,0
"3278",2024-03-12,9,5,13918.7,482,0,0,28.8769709543568,0,0,15993.7,562,0,0,0,0
"3279",2024-03-12,9,10,14050.7,490,0,0,28.8769709543568,0,0,15993.7,562,0,0,0,0
"3280",2024-03-12,9,15,13816.7,493,0,0,28.8769709543568,0,0,15993.7,562,0,0,0,0
"3281",2024-03-12,9,20,13810.7,501,0,0,28.8769709543568,0,0,15993.7,562,0,0,0,0
"3282",2024-03-12,9,25,13674.7,504,0,0,28.8769709543568,0,0,15993.7,562,0,0,0,0
"3283",2024-03-12,9,30,14108.7,514,0,0,28.8769709543568,0,0,15993.7,562,0,0,0,0
"3284",2024-03-12,9,35,15424.7,553,0,0,28.8769709543568,0,0,15993.7,562,0,0,0,0
"3285",2024-03-12,9,40,15826.7,556,0,0,28.8769709543568,0,0,15993.7,562,0,0,0,0
"3286",2024-03-12,9,45,15938.7,556,0,0,28.8769709543568,0,0,15993.7,562,0,0,0,0
"3287",2024-03-12,9,50,15993.7,558,0,0,28.8769709543568,0,0,15993.7,562,0,0,0,0
"3288",2024-03-12,9,55,15786.7,562,0,0,28.8769709543568,0,0,15993.7,562,0,0,0,0
"3289",2024-03-12,10,0,16239.7,568,0,0,28.5910211267606,0,0,16309.7,621,0,0,0,0
"3290",2024-03-12,10,5,16243.7,583,0,0,28.5910211267606,0,0,16309.7,621,0,0,0,0
"3291",2024-03-12,10,10,16309.7,585,0,0,28.5910211267606,0,0,16309.7,621,0,0,0,0
"3292",2024-03-12,10,15,15922.7,580,0,0,28.5910211267606,0,0,16309.7,621,0,0,0,0
"3293",2024-03-12,10,20,15701.7,586,0,0,28.5910211267606,0,0,16309.7,621,0,0,0,0
"3294",2024-03-12,10,25,16230.7,593,0,0,28.5910211267606,0,0,16309.7,621,0,0,0,0
"3295",2024-03-12,10,30,15023.7,591,0,0,28.5910211267606,0,0,16309.7,621,0,0,0,0
"3296",2024-03-12,10,35,15362.7,602,0,0,28.5910211267606,0,0,16309.7,621,0,0,0,0
"3297",2024-03-12,10,40,15656.7,604,0,0,28.5910211267606,0,0,16309.7,621,0,0,0,0
"3298",2024-03-12,10,45,16099.7,612,0,0,28.5910211267606,0,0,16309.7,621,0,0,0,0
"3299",2024-03-12,10,50,16223.7,618,0,0,28.5910211267606,0,0,16309.7,621,0,0,0,0
"3300",2024-03-12,10,55,16149.7,621,0,0,28.5910211267606,0,0,16309.7,621,0,0,0,0
"3301",2024-03-12,11,0,15859.7,615,0,0,27.7015600624025,0,0,17756.7,643,0,0,0,0
"3302",2024-03-12,11,5,16746.7,621,0,0,27.7015600624025,0,0,17756.7,643,0,0,0,0
"3303",2024-03-12,11,10,16400.7,618,0,0,27.7015600624025,0,0,17756.7,643,0,0,0,0
"3304",2024-03-12,11,15,15703.7,622,0,0,27.7015600624025,0,0,17756.7,643,0,0,0,0
"3305",2024-03-12,11,20,15619.7,625,0,0,27.7015600624025,0,0,17756.7,643,0,0,0,0
"3306",2024-03-12,11,25,15742.7,623,0,0,27.7015600624025,0,0,17756.7,643,0,0,0,0
"3307",2024-03-12,11,30,15939.7,629,0,0,27.7015600624025,0,0,17756.7,643,0,0,0,0
"3308",2024-03-12,11,35,16987.7,636,0,0,27.7015600624025,0,0,17756.7,643,0,0,0,0
"3309",2024-03-12,11,40,17453.7,639,0,0,27.7015600624025,0,0,17756.7,643,0,0,0,0
"3310",2024-03-12,11,45,17623.7,640,0,0,27.7015600624025,0,0,17756.7,643,0,0,0,0
"3311",2024-03-12,11,50,17756.7,641,0,0,27.7015600624025,0,0,17756.7,643,0,0,0,0
"3312",2024-03-12,11,55,17374.7,643,0,0,27.7015600624025,0,0,17756.7,643,0,0,0,0
"3313",2024-03-12,12,5,18737.7,640,0,0,29.27765625,0,0,18737.7,640,0,0,0,0
"3314",2024-03-12,12,10,18576.7,638,0,0,29.27765625,0,0,18737.7,640,0,0,0,0
"3315",2024-03-12,12,15,18565.7,636,0,0,29.27765625,0,0,18737.7,640,0,0,0,0
"3316",2024-03-12,12,20,18412.7,633,0,0,29.27765625,0,0,18737.7,640,0,0,0,0
"3317",2024-03-12,12,25,17649.7,630,0,0,29.27765625,0,0,18737.7,640,0,0,0,0
"3318",2024-03-12,12,30,17693.7,631,0,0,29.27765625,0,0,18737.7,640,0,0,0,0
"3319",2024-03-12,12,35,17541.7,631,0,0,29.27765625,0,0,18737.7,640,0,0,0,0
"3320",2024-03-12,12,40,17792.7,630,0,0,29.27765625,0,0,18737.7,640,0,0,0,0
"3321",2024-03-12,12,45,18146.7,628,0,0,29.27765625,0,0,18737.7,640,0,0,0,0
"3322",2024-03-12,12,50,18018.7,629,0,0,29.27765625,0,0,18737.7,640,0,0,0,0
"3323",2024-03-12,12,0,17580.7,640,0,0,29.27765625,0,0,18737.7,640,0,0,0,0
"3324",2024-03-12,12,55,18183.7,624,0,0,29.27765625,0,0,18737.7,640,0,0,0,0
"3325",2024-03-12,13,0,17787.7,619,0,0,30.6718644067797,0,0,18096.4,619,0,0,0,0
"3326",2024-03-12,13,5,17052.4,610,0,0,30.6718644067797,0,0,18096.4,619,0,0,0,0
"3327",2024-03-12,13,10,17082.4,597,0,0,30.6718644067797,0,0,18096.4,619,0,0,0,0
"3328",2024-03-12,13,15,17183.4,593,0,0,30.6718644067797,0,0,18096.4,619,0,0,0,0
"3329",2024-03-12,13,20,17264.4,586,0,0,30.6718644067797,0,0,18096.4,619,0,0,0,0
"3330",2024-03-12,13,25,17553.4,584,0,0,30.6718644067797,0,0,18096.4,619,0,0,0,0
"3331",2024-03-12,13,30,17453.4,581,0,0,30.6718644067797,0,0,18096.4,619,0,0,0,0
"3332",2024-03-12,13,35,17771.4,588,0,0,30.6718644067797,0,0,18096.4,619,0,0,0,0
"3333",2024-03-12,13,40,17977.4,590,0,0,30.6718644067797,0,0,18096.4,619,0,0,0,0
"3334",2024-03-12,13,45,17698.4,587,0,0,30.6718644067797,0,0,18096.4,619,0,0,0,0
"3335",2024-03-12,13,50,17777.4,587,0,0,30.6718644067797,0,0,18096.4,619,0,0,0,0
"3336",2024-03-12,13,55,18096.4,590,0,0,30.6718644067797,0,0,18096.4,619,0,0,0,0
"3337",2024-03-12,14,5,18954.4,608,0,0,32.1906666666667,0,0,19401.4,621,0,0,0,0
"3338",2024-03-12,14,10,18203.4,609,0,0,32.1906666666667,0,0,19401.4,621,0,0,0,0
"3339",2024-03-12,14,15,18244.4,609,0,0,32.1906666666667,0,0,19401.4,621,0,0,0,0
"3340",2024-03-12,14,20,18293.4,614,0,0,32.1906666666667,0,0,19401.4,621,0,0,0,0
"3341",2024-03-12,14,25,18393.4,614,0,0,32.1906666666667,0,0,19401.4,621,0,0,0,0
"3342",2024-03-12,14,30,19290.4,621,0,0,32.1906666666667,0,0,19401.4,621,0,0,0,0
"3343",2024-03-12,14,35,19314.4,600,0,0,32.1906666666667,0,0,19401.4,621,0,0,0,0
"3344",2024-03-12,14,40,19386.4,604,0,0,32.1906666666667,0,0,19401.4,621,0,0,0,0
"3345",2024-03-12,14,45,19357.4,603,0,0,32.1906666666667,0,0,19401.4,621,0,0,0,0
"3346",2024-03-12,14,50,19401.4,606,0,0,32.1906666666667,0,0,19401.4,621,0,0,0,0
"3347",2024-03-12,14,55,18102.4,599,0,0,32.1906666666667,0,0,19401.4,621,0,0,0,0
"3348",2024-03-12,14,0,17831.4,596,0,0,32.1906666666667,0,0,19401.4,621,0,0,0,0
"3349",2024-03-12,15,0,17432.4,599,0,0,30.3874581939799,0,0,18171.7,599,0,0,0,0
"3350",2024-03-12,15,5,16746.7,597,0,0,30.3874581939799,0,0,18171.7,599,0,0,0,0
"3351",2024-03-12,15,10,16964.7,594,0,0,30.3874581939799,0,0,18171.7,599,0,0,0,0
"3352",2024-03-12,15,15,17076.7,596,0,0,30.3874581939799,0,0,18171.7,599,0,0,0,0
"3353",2024-03-12,15,20,16836.7,591,0,0,30.3874581939799,0,0,18171.7,599,0,0,0,0
"3354",2024-03-12,15,25,17272.7,591,0,0,30.3874581939799,0,0,18171.7,599,0,0,0,0
"3355",2024-03-12,15,30,18171.7,598,0,0,30.3874581939799,0,0,18171.7,599,0,0,0,0
"3356",2024-03-12,15,35,17336.7,596,0,0,30.3874581939799,0,0,18171.7,599,0,0,0,0
"3357",2024-03-12,15,40,16981.7,592,0,0,30.3874581939799,0,0,18171.7,599,0,0,0,0
"3358",2024-03-12,15,45,17557.7,598,0,0,30.3874581939799,0,0,18171.7,599,0,0,0,0
"3359",2024-03-12,15,50,17293.7,599,0,0,30.3874581939799,0,0,18171.7,599,0,0,0,0
"3360",2024-03-12,15,55,17151.7,597,0,0,30.3874581939799,0,0,18171.7,599,0,0,0,0
"3361",2024-03-12,16,0,16721.7,597,0,0,29.5887205387205,0,0,17611.7,598,0,0,0,0
"3362",2024-03-12,16,5,16736.7,592,0,0,29.5887205387205,0,0,17611.7,598,0,0,0,0
"3363",2024-03-12,16,10,17269.7,595,0,0,29.5887205387205,0,0,17611.7,598,0,0,0,0
"3364",2024-03-12,16,15,16792.7,594,0,0,29.5887205387205,0,0,17611.7,598,0,0,0,0
"3365",2024-03-12,16,20,16519.7,590,0,0,29.5887205387205,0,0,17611.7,598,0,0,0,0
"3366",2024-03-12,16,25,16506.7,589,0,0,29.5887205387205,0,0,17611.7,598,0,0,0,0
"3367",2024-03-12,16,30,16854.7,593,0,0,29.5887205387205,0,0,17611.7,598,0,0,0,0
"3368",2024-03-12,16,35,17611.7,598,0,0,29.5887205387205,0,0,17611.7,598,0,0,0,0
"3369",2024-03-12,16,40,17575.7,594,0,0,29.5887205387205,0,0,17611.7,598,0,0,0,0
"3370",2024-03-12,16,45,17137.7,588,0,0,29.5887205387205,0,0,17611.7,598,0,0,0,0
"3371",2024-03-12,16,50,16728.7,587,0,0,29.5887205387205,0,0,17611.7,598,0,0,0,0
"3372",2024-03-12,16,55,16323.7,584,0,0,29.5887205387205,0,0,17611.7,598,0,0,0,0
"3373",2024-03-12,17,0,10340,272,0,0,43.2625482625483,0,0,11205,272,0,0,0,0
"3374",2024-03-12,17,5,10346,270,0,0,43.2625482625483,0,0,11205,272,0,0,0,0
"3375",2024-03-12,17,10,10046,269,0,0,43.2625482625483,0,0,11205,272,0,0,0,0
"3376",2024-03-12,17,15,9991,266,0,0,43.2625482625483,0,0,11205,272,0,0,0,0
"3377",2024-03-12,17,20,10558,266,0,0,43.2625482625483,0,0,11205,272,0,0,0,0
"3378",2024-03-12,17,25,10880,268,0,0,43.2625482625483,0,0,11205,272,0,0,0,0
"3379",2024-03-12,17,30,10880,268,0,0,43.2625482625483,0,0,11205,272,0,0,0,0
"3380",2024-03-12,17,35,10971,261,0,0,43.2625482625483,0,0,11205,272,0,0,0,0
"3381",2024-03-12,17,40,10649,259,0,0,43.2625482625483,0,0,11205,272,0,0,0,0
"3382",2024-03-12,17,45,10605,257,0,0,43.2625482625483,0,0,11205,272,0,0,0,0
"3383",2024-03-12,17,50,11205,259,0,0,43.2625482625483,0,0,11205,272,0,0,0,0
"3384",2024-03-12,17,55,10883,257,0,0,43.2625482625483,0,0,11205,272,0,0,0,0
"3385",2024-03-12,18,0,11150,256,0,0,44.6,0,0,11596,260,0,0,0,0
"3386",2024-03-12,18,5,11596,260,0,0,44.6,0,0,11596,260,0,0,0,0
"3387",2024-03-12,18,10,11296,259,0,0,44.6,0,0,11596,260,0,0,0,0
"3388",2024-03-12,18,15,11007,259,0,0,44.6,0,0,11596,260,0,0,0,0
"3389",2024-03-12,18,20,11285,259,0,0,44.6,0,0,11596,260,0,0,0,0
"3390",2024-03-12,18,25,10696,258,0,0,44.6,0,0,11596,260,0,0,0,0
"3391",2024-03-12,18,30,10996,259,0,0,44.6,0,0,11596,260,0,0,0,0
"3392",2024-03-12,18,35,10271,247,0,0,44.6,0,0,11596,260,0,0,0,0
"3393",2024-03-12,18,40,9993,247,0,0,44.6,0,0,11596,260,0,0,0,0
"3394",2024-03-12,18,45,9971,246,0,0,44.6,0,0,11596,260,0,0,0,0
"3395",2024-03-12,18,50,9971,246,0,0,44.6,0,0,11596,260,0,0,0,0
"3396",2024-03-12,18,55,10330,250,0,0,44.6,0,0,11596,260,0,0,0,0
"3397",2024-03-12,19,0,10330,250,0,0,41.32,0,0,10332,252,0,0,0,0
"3398",2024-03-12,19,5,10021,251,0,0,41.32,0,0,10332,252,0,0,0,0
"3399",2024-03-12,19,10,9743,251,0,0,41.32,0,0,10332,252,0,0,0,0
"3400",2024-03-12,19,15,10332,252,0,0,41.32,0,0,10332,252,0,0,0,0
"3401",2024-03-12,19,20,10054,252,0,0,41.32,0,0,10332,252,0,0,0,0
"3402",2024-03-12,19,25,9804,252,0,0,41.32,0,0,10332,252,0,0,0,0
"3403",2024-03-12,19,30,9504,251,0,0,41.32,0,0,10332,252,0,0,0,0
"3404",2024-03-12,19,35,9183,241,0,0,41.32,0,0,10332,252,0,0,0,0
"3405",2024-03-12,19,40,9543,242,0,0,41.32,0,0,10332,252,0,0,0,0
"3406",2024-03-12,19,45,9482,240,0,0,41.32,0,0,10332,252,0,0,0,0
"3407",2024-03-12,19,50,9100,238,0,0,41.32,0,0,10332,252,0,0,0,0
"3408",2024-03-12,19,55,9716,238,0,0,41.32,0,0,10332,252,0,0,0,0
"3409",2024-03-12,20,0,9460,239,0,0,42.4786324786325,0,0,9973,239,0,0,0,0
"3410",2024-03-12,20,5,9673,235,0,0,42.4786324786325,0,0,9973,239,0,0,0,0
"3411",2024-03-12,20,10,9673,235,0,0,42.4786324786325,0,0,9973,239,0,0,0,0
"3412",2024-03-12,20,15,9629,233,0,0,42.4786324786325,0,0,9973,239,0,0,0,0
"3413",2024-03-12,20,20,9973,236,0,0,42.4786324786325,0,0,9973,239,0,0,0,0
"3414",2024-03-12,20,25,9940,234,0,0,42.4786324786325,0,0,9973,239,0,0,0,0
"3415",2024-03-12,20,30,9598,231,0,0,42.4786324786325,0,0,9973,239,0,0,0,0
"3416",2024-03-12,20,35,9465,231,0,0,42.4786324786325,0,0,9973,239,0,0,0,0
"3417",2024-03-12,20,40,9487,232,0,0,42.4786324786325,0,0,9973,239,0,0,0,0
"3418",2024-03-12,20,55,8834,227,0,0,42.4786324786325,0,0,9973,239,0,0,0,0
"3419",2024-03-12,20,45,9476,231,0,0,42.4786324786325,0,0,9973,239,0,0,0,0
"3420",2024-03-12,20,50,9156,229,0,0,42.4786324786325,0,0,9973,239,0,0,0,0
"3421",2024-03-12,21,0,8878,229,0,0,41.5619469026549,0,0,9393,229,0,0,0,0
"3422",2024-03-12,21,5,8428,229,0,0,41.5619469026549,0,0,9393,229,0,0,0,0
"3423",2024-03-12,21,10,8362,226,0,0,41.5619469026549,0,0,9393,229,0,0,0,0
"3424",2024-03-12,21,15,8362,226,0,0,41.5619469026549,0,0,9393,229,0,0,0,0
"3425",2024-03-12,21,20,8362,226,0,0,41.5619469026549,0,0,9393,229,0,0,0,0
"3426",2024-03-12,21,25,8373,227,0,0,41.5619469026549,0,0,9393,229,0,0,0,0
"3427",2024-03-12,21,30,8373,227,0,0,41.5619469026549,0,0,9393,229,0,0,0,0
"3428",2024-03-12,21,35,9125,225,0,0,41.5619469026549,0,0,9393,229,0,0,0,0
"3429",2024-03-12,21,40,8825,224,0,0,41.5619469026549,0,0,9393,229,0,0,0,0
"3430",2024-03-12,21,45,8487,224,0,0,41.5619469026549,0,0,9393,229,0,0,0,0
"3431",2024-03-12,21,50,9365,226,0,0,41.5619469026549,0,0,9393,229,0,0,0,0
"3432",2024-03-12,21,55,9393,226,0,0,41.5619469026549,0,0,9393,229,0,0,0,0
"3433",2024-03-12,22,0,8793,224,0,0,39.2544642857143,0,0,8793,228,0,0,0,0
"3434",2024-03-12,22,5,8526,227,0,0,39.2544642857143,0,0,8793,228,0,0,0,0
"3435",2024-03-12,22,10,8548,228,0,0,39.2544642857143,0,0,8793,228,0,0,0,0
"3436",2024-03-12,22,15,8226,226,0,0,39.2544642857143,0,0,8793,228,0,0,0,0
"3437",2024-03-12,22,20,8204,225,0,0,39.2544642857143,0,0,8793,228,0,0,0,0
"3438",2024-03-12,22,25,8182,224,0,0,39.2544642857143,0,0,8793,228,0,0,0,0
"3439",2024-03-12,22,30,8160,223,0,0,39.2544642857143,0,0,8793,228,0,0,0,0
"3440",2024-03-12,22,35,7307,203,0,0,39.2544642857143,0,0,8793,228,0,0,0,0
"3441",2024-03-12,22,40,7307,203,0,0,39.2544642857143,0,0,8793,228,0,0,0,0
"3442",2024-03-12,22,45,7607,204,0,0,39.2544642857143,0,0,8793,228,0,0,0,0
"3443",2024-03-12,22,50,7607,204,0,0,39.2544642857143,0,0,8793,228,0,0,0,0
"3444",2024-03-12,22,55,7596,203,0,0,39.2544642857143,0,0,8793,228,0,0,0,0
"3445",2024-03-12,23,0,7879,203,0,0,40.5132275132275,0,0,7879,203,0,0,0,0
"3446",2024-03-12,23,5,7695,192,0,0,40.5132275132275,0,0,7879,203,0,0,0,0
"3447",2024-03-12,23,10,7673,191,0,0,40.5132275132275,0,0,7879,203,0,0,0,0
"3448",2024-03-12,23,15,7673,191,0,0,40.5132275132275,0,0,7879,203,0,0,0,0
"3449",2024-03-12,23,20,7679,190,0,0,40.5132275132275,0,0,7879,203,0,0,0,0
"3450",2024-03-12,23,25,7657,189,0,0,40.5132275132275,0,0,7879,203,0,0,0,0
"3451",2024-03-12,23,30,7657,189,0,0,40.5132275132275,0,0,7879,203,0,0,0,0
"3452",2024-03-12,23,35,6792,176,0,0,40.5132275132275,0,0,7879,203,0,0,0,0
"3453",2024-03-12,23,40,6792,176,0,0,40.5132275132275,0,0,7879,203,0,0,0,0
"3454",2024-03-12,23,45,6770,175,0,0,40.5132275132275,0,0,7879,203,0,0,0,0
"3455",2024-03-12,23,50,6720,174,0,0,40.5132275132275,0,0,7879,203,0,0,0,0
"3456",2024-03-12,23,55,6709,173,0,0,40.5132275132275,0,0,7879,203,0,0,0,0
"3457",2024-03-13,0,0,7970,361,0,0,23.6676136363636,0,0,8347,361,0,0,0,0
"3458",2024-03-13,0,5,7710,355,0,0,23.6676136363636,0,0,8347,361,0,0,0,0
"3459",2024-03-13,0,10,7721,356,0,0,23.6676136363636,0,0,8347,361,0,0,0,0
"3460",2024-03-13,0,15,7649,354,0,0,23.6676136363636,0,0,8347,361,0,0,0,0
"3461",2024-03-13,0,20,8216,354,0,0,23.6676136363636,0,0,8347,361,0,0,0,0
"3462",2024-03-13,0,25,7938,354,0,0,23.6676136363636,0,0,8347,361,0,0,0,0
"3463",2024-03-13,0,30,7938,354,0,0,23.6676136363636,0,0,8347,361,0,0,0,0
"3464",2024-03-13,0,35,8069,353,0,0,23.6676136363636,0,0,8347,361,0,0,0,0
"3465",2024-03-13,0,40,8069,353,0,0,23.6676136363636,0,0,8347,361,0,0,0,0
"3466",2024-03-13,0,45,8347,353,0,0,23.6676136363636,0,0,8347,361,0,0,0,0
"3467",2024-03-13,0,50,8281,351,0,0,23.6676136363636,0,0,8347,361,0,0,0,0
"3468",2024-03-13,0,55,8331,352,0,0,23.6676136363636,0,0,8347,361,0,0,0,0
"3469",2024-03-13,1,0,6287,164,0,0,39.1646341463415,0,0,6423,164,0,0,0,0
"3470",2024-03-13,1,5,6209,163,0,0,39.1646341463415,0,0,6423,164,0,0,0,0
"3471",2024-03-13,1,10,6209,163,0,0,39.1646341463415,0,0,6423,164,0,0,0,0
"3472",2024-03-13,1,15,6209,163,0,0,39.1646341463415,0,0,6423,164,0,0,0,0
"3473",2024-03-13,1,20,6209,163,0,0,39.1646341463415,0,0,6423,164,0,0,0,0
"3474",2024-03-13,1,25,6209,163,0,0,39.1646341463415,0,0,6423,164,0,0,0,0
"3475",2024-03-13,1,30,6209,163,0,0,39.1646341463415,0,0,6423,164,0,0,0,0
"3476",2024-03-13,1,35,6423,164,0,0,39.1646341463415,0,0,6423,164,0,0,0,0
"3477",2024-03-13,1,40,6423,164,0,0,39.1646341463415,0,0,6423,164,0,0,0,0
"3478",2024-03-13,1,45,6423,164,0,0,39.1646341463415,0,0,6423,164,0,0,0,0
"3479",2024-03-13,1,50,6423,164,0,0,39.1646341463415,0,0,6423,164,0,0,0,0
"3480",2024-03-13,1,55,6423,164,0,0,39.1646341463415,0,0,6423,164,0,0,0,0
"3481",2024-03-13,2,0,6423,164,0,0,39.1646341463415,0,0,6423,164,0,0,0,0
"3482",2024-03-13,2,5,6220,163,0,0,39.1646341463415,0,0,6423,164,0,0,0,0
"3483",2024-03-13,2,10,6220,163,0,0,39.1646341463415,0,0,6423,164,0,0,0,0
"3484",2024-03-13,2,15,6220,163,0,0,39.1646341463415,0,0,6423,164,0,0,0,0
"3485",2024-03-13,2,20,6220,163,0,0,39.1646341463415,0,0,6423,164,0,0,0,0
"3486",2024-03-13,2,25,6220,163,0,0,39.1646341463415,0,0,6423,164,0,0,0,0
"3487",2024-03-13,2,30,6220,163,0,0,39.1646341463415,0,0,6423,164,0,0,0,0
"3488",2024-03-13,2,35,6242,164,0,0,39.1646341463415,0,0,6423,164,0,0,0,0
"3489",2024-03-13,2,40,6242,164,0,0,39.1646341463415,0,0,6423,164,0,0,0,0
"3490",2024-03-13,2,45,6242,164,0,0,39.1646341463415,0,0,6423,164,0,0,0,0
"3491",2024-03-13,2,50,6242,164,0,0,39.1646341463415,0,0,6423,164,0,0,0,0
"3492",2024-03-13,2,55,6242,164,0,0,39.1646341463415,0,0,6423,164,0,0,0,0
"3493",2024-03-13,3,0,6242,164,0,0,38.2944785276074,0,0,6253,164,0,0,0,0
"3494",2024-03-13,3,5,6253,164,0,0,38.2944785276074,0,0,6253,164,0,0,0,0
"3495",2024-03-13,3,10,6253,164,0,0,38.2944785276074,0,0,6253,164,0,0,0,0
"3496",2024-03-13,3,15,6253,164,0,0,38.2944785276074,0,0,6253,164,0,0,0,0
"3497",2024-03-13,3,20,6253,164,0,0,38.2944785276074,0,0,6253,164,0,0,0,0
"3498",2024-03-13,3,25,6253,164,0,0,38.2944785276074,0,0,6253,164,0,0,0,0
"3499",2024-03-13,3,30,6253,164,0,0,38.2944785276074,0,0,6253,164,0,0,0,0
"3500",2024-03-13,3,35,6242,163,0,0,38.2944785276074,0,0,6253,164,0,0,0,0
"3501",2024-03-13,3,40,6242,163,0,0,38.2944785276074,0,0,6253,164,0,0,0,0
"3502",2024-03-13,3,45,6242,163,0,0,38.2944785276074,0,0,6253,164,0,0,0,0
"3503",2024-03-13,3,50,6242,163,0,0,38.2944785276074,0,0,6253,164,0,0,0,0
"3504",2024-03-13,3,55,6242,163,0,0,38.2944785276074,0,0,6253,164,0,0,0,0
"3505",2024-03-13,4,0,6242,163,0,0,38.9085365853659,0,0,6381,164,0,0,0,0
"3506",2024-03-13,4,5,6253,164,0,0,38.9085365853659,0,0,6381,164,0,0,0,0
"3507",2024-03-13,4,10,6253,164,0,0,38.9085365853659,0,0,6381,164,0,0,0,0
"3508",2024-03-13,4,15,6253,164,0,0,38.9085365853659,0,0,6381,164,0,0,0,0
"3509",2024-03-13,4,20,6253,164,0,0,38.9085365853659,0,0,6381,164,0,0,0,0
"3510",2024-03-13,4,25,6253,164,0,0,38.9085365853659,0,0,6381,164,0,0,0,0
"3511",2024-03-13,4,30,6253,164,0,0,38.9085365853659,0,0,6381,164,0,0,0,0
"3512",2024-03-13,4,35,6381,164,0,0,38.9085365853659,0,0,6381,164,0,0,0,0
"3513",2024-03-13,4,40,6381,164,0,0,38.9085365853659,0,0,6381,164,0,0,0,0
"3514",2024-03-13,4,45,6381,164,0,0,38.9085365853659,0,0,6381,164,0,0,0,0
"3515",2024-03-13,4,50,6381,164,0,0,38.9085365853659,0,0,6381,164,0,0,0,0
"3516",2024-03-13,4,55,6381,164,0,0,38.9085365853659,0,0,6381,164,0,0,0,0
"3517",2024-03-13,5,0,6381,164,0,0,40.6707317073171,0,0,6686,167,0,0,0,0
"3518",2024-03-13,5,5,6370,163,0,0,40.6707317073171,0,0,6686,167,0,0,0,0
"3519",2024-03-13,5,10,6370,163,0,0,40.6707317073171,0,0,6686,167,0,0,0,0
"3520",2024-03-13,5,15,6370,163,0,0,40.6707317073171,0,0,6686,167,0,0,0,0
"3521",2024-03-13,5,20,6370,163,0,0,40.6707317073171,0,0,6686,167,0,0,0,0
"3522",2024-03-13,5,25,6670,164,0,0,40.6707317073171,0,0,6686,167,0,0,0,0
"3523",2024-03-13,5,30,6670,164,0,0,40.6707317073171,0,0,6686,167,0,0,0,0
"3524",2024-03-13,5,35,6686,167,0,0,40.6707317073171,0,0,6686,167,0,0,0,0
"3525",2024-03-13,5,40,6686,167,0,0,40.6707317073171,0,0,6686,167,0,0,0,0
"3526",2024-03-13,5,45,6686,167,0,0,40.6707317073171,0,0,6686,167,0,0,0,0
"3527",2024-03-13,5,50,6686,167,0,0,40.6707317073171,0,0,6686,167,0,0,0,0
"3528",2024-03-13,5,55,6686,167,0,0,40.6707317073171,0,0,6686,167,0,0,0,0
"3529",2024-03-13,6,0,6686,167,0,0,40.3658536585366,0,0,6752,170,0,0,0,0
"3530",2024-03-13,6,5,6752,170,0,0,40.3658536585366,0,0,6752,170,0,0,0,0
"3531",2024-03-13,6,10,6452,169,0,0,40.3658536585366,0,0,6752,170,0,0,0,0
"3532",2024-03-13,6,15,6452,169,0,0,40.3658536585366,0,0,6752,170,0,0,0,0
"3533",2024-03-13,6,20,6752,170,0,0,40.3658536585366,0,0,6752,170,0,0,0,0
"3534",2024-03-13,6,25,6752,170,0,0,40.3658536585366,0,0,6752,170,0,0,0,0
"3535",2024-03-13,6,30,6752,170,0,0,40.3658536585366,0,0,6752,170,0,0,0,0
"3536",2024-03-13,6,35,6642,165,0,0,40.3658536585366,0,0,6752,170,0,0,0,0
"3537",2024-03-13,6,40,6620,164,0,0,40.3658536585366,0,0,6752,170,0,0,0,0
"3538",2024-03-13,6,45,6620,164,0,0,40.3658536585366,0,0,6752,170,0,0,0,0
"3539",2024-03-13,6,50,6620,164,0,0,40.3658536585366,0,0,6752,170,0,0,0,0
"3540",2024-03-13,6,55,6620,164,0,0,40.3658536585366,0,0,6752,170,0,0,0,0
"3541",2024-03-13,7,0,6620,164,0,0,44.45,0,0,8001,180,0,0,0,0
"3542",2024-03-13,7,5,6792,165,0,0,44.45,0,0,8001,180,0,0,0,0
"3543",2024-03-13,7,10,6792,165,0,0,44.45,0,0,8001,180,0,0,0,0
"3544",2024-03-13,7,15,7092,166,0,0,44.45,0,0,8001,180,0,0,0,0
"3545",2024-03-13,7,20,7070,165,0,0,44.45,0,0,8001,180,0,0,0,0
"3546",2024-03-13,7,25,6770,164,0,0,44.45,0,0,8001,180,0,0,0,0
"3547",2024-03-13,7,30,6770,164,0,0,44.45,0,0,8001,180,0,0,0,0
"3548",2024-03-13,7,35,7701,179,0,0,44.45,0,0,8001,180,0,0,0,0
"3549",2024-03-13,7,40,8001,180,0,0,44.45,0,0,8001,180,0,0,0,0
"3550",2024-03-13,7,45,7679,178,0,0,44.45,0,0,8001,180,0,0,0,0
"3551",2024-03-13,7,50,7079,176,0,0,44.45,0,0,8001,180,0,0,0,0
"3552",2024-03-13,7,55,7112,177,0,0,44.45,0,0,8001,180,0,0,0,0
"3553",2024-03-13,8,55,9252,207,0,0,44.695652173913,0,0,9252,207,0,0,0,0
"3554",2024-03-13,8,35,8503,199,0,0,44.695652173913,0,0,9252,207,0,0,0,0
"3555",2024-03-13,8,40,8503,199,0,0,44.695652173913,0,0,9252,207,0,0,0,0
"3556",2024-03-13,8,45,8553,200,0,0,44.695652173913,0,0,9252,207,0,0,0,0
"3557",2024-03-13,8,50,8875,202,0,0,44.695652173913,0,0,9252,207,0,0,0,0
"3558",2024-03-13,8,0,7112,177,0,0,44.695652173913,0,0,9252,207,0,0,0,0
"3559",2024-03-13,8,5,7365,182,0,0,44.695652173913,0,0,9252,207,0,0,0,0
"3560",2024-03-13,8,10,7387,183,0,0,44.695652173913,0,0,9252,207,0,0,0,0
"3561",2024-03-13,8,15,7365,182,0,0,44.695652173913,0,0,9252,207,0,0,0,0
"3562",2024-03-13,8,20,7365,182,0,0,44.695652173913,0,0,9252,207,0,0,0,0
"3563",2024-03-13,8,25,7665,183,0,0,44.695652173913,0,0,9252,207,0,0,0,0
"3564",2024-03-13,8,30,7965,184,0,0,44.695652173913,0,0,9252,207,0,0,0,0
"3565",2024-03-13,9,0,9563,209,0,0,46.2723404255319,0,0,10874,260,0,0,0,0
"3566",2024-03-13,9,5,10596,235,0,0,46.2723404255319,0,0,10874,260,0,0,0,0
"3567",2024-03-13,9,10,10296,234,0,0,46.2723404255319,0,0,10874,260,0,0,0,0
"3568",2024-03-13,9,15,10874,235,0,0,46.2723404255319,0,0,10874,260,0,0,0,0
"3569",2024-03-13,9,20,10274,233,0,0,46.2723404255319,0,0,10874,260,0,0,0,0
"3570",2024-03-13,9,25,10307,235,0,0,46.2723404255319,0,0,10874,260,0,0,0,0
"3571",2024-03-13,9,30,10007,234,0,0,46.2723404255319,0,0,10874,260,0,0,0,0
"3572",2024-03-13,9,35,10060,252,0,0,46.2723404255319,0,0,10874,260,0,0,0,0
"3573",2024-03-13,9,40,10382,254,0,0,46.2723404255319,0,0,10874,260,0,0,0,0
"3574",2024-03-13,9,45,10531,260,0,0,46.2723404255319,0,0,10874,260,0,0,0,0
"3575",2024-03-13,9,50,10231,259,0,0,46.2723404255319,0,0,10874,260,0,0,0,0
"3576",2024-03-13,9,55,9953,259,0,0,46.2723404255319,0,0,10874,260,0,0,0,0
"3577",2024-03-13,10,0,9953,259,0,0,38.4285714285714,0,0,11896,310,0,0,0,0
"3578",2024-03-13,10,5,10426,290,0,0,38.4285714285714,0,0,11896,310,0,0,0,0
"3579",2024-03-13,10,10,10437,291,0,0,38.4285714285714,0,0,11896,310,0,0,0,0
"3580",2024-03-13,10,15,10737,292,0,0,38.4285714285714,0,0,11896,310,0,0,0,0
"3581",2024-03-13,10,20,10737,292,0,0,38.4285714285714,0,0,11896,310,0,0,0,0
"3582",2024-03-13,10,25,10459,292,0,0,38.4285714285714,0,0,11896,310,0,0,0,0
"3583",2024-03-13,10,30,11059,294,0,0,38.4285714285714,0,0,11896,310,0,0,0,0
"3584",2024-03-13,10,35,11874,309,0,0,38.4285714285714,0,0,11896,310,0,0,0,0
"3585",2024-03-13,10,40,11896,310,0,0,38.4285714285714,0,0,11896,310,0,0,0,0
"3586",2024-03-13,10,45,11274,307,0,0,38.4285714285714,0,0,11896,310,0,0,0,0
"3587",2024-03-13,10,50,10674,305,0,0,38.4285714285714,0,0,11896,310,0,0,0,0
"3588",2024-03-13,10,55,10690,307,0,0,38.4285714285714,0,0,11896,310,0,0,0,0
"3589",2024-03-13,11,0,10432,308,0,0,37.1488673139159,0,0,11490,315,0,0,0,0
"3590",2024-03-13,11,5,10582,315,0,0,37.1488673139159,0,0,11490,315,0,0,0,0
"3591",2024-03-13,11,10,10560,314,0,0,37.1488673139159,0,0,11490,315,0,0,0,0
"3592",2024-03-13,11,15,10482,313,0,0,37.1488673139159,0,0,11490,315,0,0,0,0
"3593",2024-03-13,11,20,10842,314,0,0,37.1488673139159,0,0,11490,315,0,0,0,0
"3594",2024-03-13,11,25,10842,314,0,0,37.1488673139159,0,0,11490,315,0,0,0,0
"3595",2024-03-13,11,30,10482,313,0,0,37.1488673139159,0,0,11490,315,0,0,0,0
"3596",2024-03-13,11,35,10601,307,0,0,37.1488673139159,0,0,11490,315,0,0,0,0
"3597",2024-03-13,11,40,11201,309,0,0,37.1488673139159,0,0,11490,315,0,0,0,0
"3598",2024-03-13,11,45,10879,307,0,0,37.1488673139159,0,0,11490,315,0,0,0,0
"3599",2024-03-13,11,50,11479,309,0,0,37.1488673139159,0,0,11490,315,0,0,0,0
"3600",2024-03-13,11,55,11490,310,0,0,37.1488673139159,0,0,11490,315,0,0,0,0
"3601",2024-03-13,12,0,11812,312,0,0,37.8589743589744,0,0,11812,312,0,0,0,0
"3602",2024-03-13,12,5,11440,310,0,0,37.8589743589744,0,0,11812,312,0,0,0,0
"3603",2024-03-13,12,10,11140,309,0,0,37.8589743589744,0,0,11812,312,0,0,0,0
"3604",2024-03-13,12,15,11140,309,0,0,37.8589743589744,0,0,11812,312,0,0,0,0
"3605",2024-03-13,12,20,11162,310,0,0,37.8589743589744,0,0,11812,312,0,0,0,0
"3606",2024-03-13,12,25,11490,311,0,0,37.8589743589744,0,0,11812,312,0,0,0,0
"3607",2024-03-13,12,30,7918,299,0,0,37.8589743589744,0,0,11812,312,0,0,0,0
"3608",2024-03-13,12,35,9146,309,0,0,37.8589743589744,0,0,11812,312,0,0,0,0
"3609",2024-03-13,12,40,9146,309,0,0,37.8589743589744,0,0,11812,312,0,0,0,0
"3610",2024-03-13,12,45,7690,306,0,0,37.8589743589744,0,0,11812,312,0,0,0,0
"3611",2024-03-13,12,50,8890,310,0,0,37.8589743589744,0,0,11812,312,0,0,0,0
"3612",2024-03-13,12,55,8813,307,0,0,37.8589743589744,0,0,11812,312,0,0,0,0
"3613",2024-03-13,13,55,15925.7,606,0,0,34.9875776397515,0,0,15925.7,606,0,0,0,0
"3614",2024-03-13,13,0,8791,306,0,0,34.9875776397515,0,0,15925.7,606,0,0,0,0
"3615",2024-03-13,13,5,10330,313,0,0,34.9875776397515,0,0,15925.7,606,0,0,0,0
"3616",2024-03-13,13,10,10330,313,0,0,34.9875776397515,0,0,15925.7,606,0,0,0,0
"3617",2024-03-13,13,35,11266,322,0,0,34.9875776397515,0,0,15925.7,606,0,0,0,0
"3618",2024-03-13,13,40,10602,317,0,0,34.9875776397515,0,0,15925.7,606,0,0,0,0
"3619",2024-03-13,13,45,10230,314,0,0,34.9875776397515,0,0,15925.7,606,0,0,0,0
"3620",2024-03-13,13,50,15750.7,601,0,0,34.9875776397515,0,0,15925.7,606,0,0,0,0
"3621",2024-03-13,13,25,11010,320,0,0,34.9875776397515,0,0,15925.7,606,0,0,0,0
"3622",2024-03-13,13,30,10760,320,0,0,34.9875776397515,0,0,15925.7,606,0,0,0,0
"3623",2024-03-13,13,15,10578,313,0,0,34.9875776397515,0,0,15925.7,606,0,0,0,0
"3624",2024-03-13,13,20,10578,313,0,0,34.9875776397515,0,0,15925.7,606,0,0,0,0
"3625",2024-03-13,14,0,15895.7,612,0,0,28.6284072249589,0,0,17434.7,612,0,0,0,0
"3626",2024-03-13,14,5,15777.7,606,0,0,28.6284072249589,0,0,17434.7,612,0,0,0,0
"3627",2024-03-13,14,10,14418.7,578,0,0,28.6284072249589,0,0,17434.7,612,0,0,0,0
"3628",2024-03-13,14,15,14705.7,587,0,0,28.6284072249589,0,0,17434.7,612,0,0,0,0
"3629",2024-03-13,14,20,14954.7,591,0,0,28.6284072249589,0,0,17434.7,612,0,0,0,0
"3630",2024-03-13,14,25,15595.7,589,0,0,28.6284072249589,0,0,17434.7,612,0,0,0,0
"3631",2024-03-13,14,30,15445.7,586,0,0,28.6284072249589,0,0,17434.7,612,0,0,0,0
"3632",2024-03-13,14,35,14589.7,581,0,0,28.6284072249589,0,0,17434.7,612,0,0,0,0
"3633",2024-03-13,14,40,15787.7,590,0,0,28.6284072249589,0,0,17434.7,612,0,0,0,0
"3634",2024-03-13,14,45,16010.7,586,0,0,28.6284072249589,0,0,17434.7,612,0,0,0,0
"3635",2024-03-13,14,50,16204.7,589,0,0,28.6284072249589,0,0,17434.7,612,0,0,0,0
"3636",2024-03-13,14,55,17434.7,609,0,0,28.6284072249589,0,0,17434.7,612,0,0,0,0
"3637",2024-03-13,15,0,18118.7,612,0,0,29.6057189542484,0,0,18365.7,627,0,0,0,0
"3638",2024-03-13,15,5,18365.7,627,0,0,29.6057189542484,0,0,18365.7,627,0,0,0,0
"3639",2024-03-13,15,10,16900.7,618,0,0,29.6057189542484,0,0,18365.7,627,0,0,0,0
"3640",2024-03-13,15,15,17091.7,618,0,0,29.6057189542484,0,0,18365.7,627,0,0,0,0
"3641",2024-03-13,15,20,16769.7,619,0,0,29.6057189542484,0,0,18365.7,627,0,0,0,0
"3642",2024-03-13,15,25,15957.7,619,0,0,29.6057189542484,0,0,18365.7,627,0,0,0,0
"3643",2024-03-13,15,30,15922.7,617,0,0,29.6057189542484,0,0,18365.7,627,0,0,0,0
"3644",2024-03-13,15,35,16181.7,613,0,0,29.6057189542484,0,0,18365.7,627,0,0,0,0
"3645",2024-03-13,15,40,16181.7,613,0,0,29.6057189542484,0,0,18365.7,627,0,0,0,0
"3646",2024-03-13,15,45,16236.7,611,0,0,29.6057189542484,0,0,18365.7,627,0,0,0,0
"3647",2024-03-13,15,50,16148.7,607,0,0,29.6057189542484,0,0,18365.7,627,0,0,0,0
"3648",2024-03-13,15,55,15517.7,603,0,0,29.6057189542484,0,0,18365.7,627,0,0,0,0
"3649",2024-03-13,16,0,15600.7,609,0,0,28.7887959866221,0,0,17215.7,609,0,0,0,0
"3650",2024-03-13,16,5,14823.7,602,0,0,28.7887959866221,0,0,17215.7,609,0,0,0,0
"3651",2024-03-13,16,10,14685.7,595,0,0,28.7887959866221,0,0,17215.7,609,0,0,0,0
"3652",2024-03-13,16,15,14816.7,597,0,0,28.7887959866221,0,0,17215.7,609,0,0,0,0
"3653",2024-03-13,16,20,14694.7,595,0,0,28.7887959866221,0,0,17215.7,609,0,0,0,0
"3654",2024-03-13,16,25,14580.7,596,0,0,28.7887959866221,0,0,17215.7,609,0,0,0,0
"3655",2024-03-13,16,30,14962.7,598,0,0,28.7887959866221,0,0,17215.7,609,0,0,0,0
"3656",2024-03-13,16,35,16169.7,599,0,0,28.7887959866221,0,0,17215.7,609,0,0,0,0
"3657",2024-03-13,16,40,15897.7,592,0,0,28.7887959866221,0,0,17215.7,609,0,0,0,0
"3658",2024-03-13,16,45,16475.7,594,0,0,28.7887959866221,0,0,17215.7,609,0,0,0,0
"3659",2024-03-13,16,50,16856.7,596,0,0,28.7887959866221,0,0,17215.7,609,0,0,0,0
"3660",2024-03-13,16,55,17215.7,598,0,0,28.7887959866221,0,0,17215.7,609,0,0,0,0
"3661",2024-03-13,17,0,17295.7,599,0,0,33.6591228070175,0,0,19570.7,599,0,0,0,0
"3662",2024-03-13,17,5,17572.7,581,0,0,33.6591228070175,0,0,19570.7,599,0,0,0,0
"3663",2024-03-13,17,10,17389.7,579,0,0,33.6591228070175,0,0,19570.7,599,0,0,0,0
"3664",2024-03-13,17,15,17029.7,573,0,0,33.6591228070175,0,0,19570.7,599,0,0,0,0
"3665",2024-03-13,17,20,17430.7,574,0,0,33.6591228070175,0,0,19570.7,599,0,0,0,0
"3666",2024-03-13,17,25,17994.7,574,0,0,33.6591228070175,0,0,19570.7,599,0,0,0,0
"3667",2024-03-13,17,30,19119.7,581,0,0,33.6591228070175,0,0,19570.7,599,0,0,0,0
"3668",2024-03-13,17,35,19570.7,583,0,0,33.6591228070175,0,0,19570.7,599,0,0,0,0
"3669",2024-03-13,17,40,19439.7,583,0,0,33.6591228070175,0,0,19570.7,599,0,0,0,0
"3670",2024-03-13,17,45,19342.7,579,0,0,33.6591228070175,0,0,19570.7,599,0,0,0,0
"3671",2024-03-13,17,50,19185.7,570,0,0,33.6591228070175,0,0,19570.7,599,0,0,0,0
"3672",2024-03-13,17,55,16804.7,556,0,0,33.6591228070175,0,0,19570.7,599,0,0,0,0
"3673",2024-03-13,18,0,17442,553,0,0,32.7969639468691,0,0,17473,553,0,0,0,0
"3674",2024-03-13,18,5,17473,535,0,0,32.7969639468691,0,0,17473,553,0,0,0,0
"3675",2024-03-13,18,10,17284,527,0,0,32.7969639468691,0,0,17473,553,0,0,0,0
"3676",2024-03-13,18,15,16951,524,0,0,32.7969639468691,0,0,17473,553,0,0,0,0
"3677",2024-03-13,18,20,16292,515,0,0,32.7969639468691,0,0,17473,553,0,0,0,0
"3678",2024-03-13,18,25,16724,518,0,0,32.7969639468691,0,0,17473,553,0,0,0,0
"3679",2024-03-13,18,30,15803,508,0,0,32.7969639468691,0,0,17473,553,0,0,0,0
"3680",2024-03-13,18,35,15518,495,0,0,32.7969639468691,0,0,17473,553,0,0,0,0
"3681",2024-03-13,18,40,14825,491,0,0,32.7969639468691,0,0,17473,553,0,0,0,0
"3682",2024-03-13,18,45,15418,493,0,0,32.7969639468691,0,0,17473,553,0,0,0,0
"3683",2024-03-13,18,50,15418,488,0,0,32.7969639468691,0,0,17473,553,0,0,0,0
"3684",2024-03-13,18,55,15472,488,0,0,32.7969639468691,0,0,17473,553,0,0,0,0
"3685",2024-03-13,19,0,14891,484,0,0,32.0842105263158,0,0,15240,484,0,0,0,0
"3686",2024-03-13,19,5,14658,484,0,0,32.0842105263158,0,0,15240,484,0,0,0,0
"3687",2024-03-13,19,10,14992,482,0,0,32.0842105263158,0,0,15240,484,0,0,0,0
"3688",2024-03-13,19,15,14684,481,0,0,32.0842105263158,0,0,15240,484,0,0,0,0
"3689",2024-03-13,19,20,15168,479,0,0,32.0842105263158,0,0,15240,484,0,0,0,0
"3690",2024-03-13,19,25,14916,476,0,0,32.0842105263158,0,0,15240,484,0,0,0,0
"3691",2024-03-13,19,30,15240,475,0,0,32.0842105263158,0,0,15240,484,0,0,0,0
"3692",2024-03-13,19,35,14522,459,0,0,32.0842105263158,0,0,15240,484,0,0,0,0
"3693",2024-03-13,19,40,14254,457,0,0,32.0842105263158,0,0,15240,484,0,0,0,0
"3694",2024-03-13,19,45,13585,456,0,0,32.0842105263158,0,0,15240,484,0,0,0,0
"3695",2024-03-13,19,50,13255.7,453,0,0,32.0842105263158,0,0,15240,484,0,0,0,0
"3696",2024-03-13,19,55,13117.7,454,0,0,32.0842105263158,0,0,15240,484,0,0,0,0
"3697",2024-03-13,20,0,13533.4,456,0,0,29.6785087719298,0,0,13541.4,463,0,0,0,0
"3698",2024-03-13,20,5,13541.4,463,0,0,29.6785087719298,0,0,13541.4,463,0,0,0,0
"3699",2024-03-13,20,10,13225.4,463,0,0,29.6785087719298,0,0,13541.4,463,0,0,0,0
"3700",2024-03-13,20,15,13151.4,461,0,0,29.6785087719298,0,0,13541.4,463,0,0,0,0
"3701",2024-03-13,20,20,12712.4,460,0,0,29.6785087719298,0,0,13541.4,463,0,0,0,0
"3702",2024-03-13,20,25,12756.4,462,0,0,29.6785087719298,0,0,13541.4,463,0,0,0,0
"3703",2024-03-13,20,30,12788.1,463,0,0,29.6785087719298,0,0,13541.4,463,0,0,0,0
"3704",2024-03-13,20,35,12553.1,458,0,0,29.6785087719298,0,0,13541.4,463,0,0,0,0
"3705",2024-03-13,20,40,12461.1,458,0,0,29.6785087719298,0,0,13541.4,463,0,0,0,0
"3706",2024-03-13,20,45,12144.1,457,0,0,29.6785087719298,0,0,13541.4,463,0,0,0,0
"3707",2024-03-13,20,50,11494.1,454,0,0,29.6785087719298,0,0,13541.4,463,0,0,0,0
"3708",2024-03-13,20,55,11439.1,453,0,0,29.6785087719298,0,0,13541.4,463,0,0,0,0
"3709",2024-03-13,21,0,11393.1,450,0,0,26.925,0,0,12170.1,453,0,0,0,0
"3710",2024-03-13,21,5,10316.1,448,0,0,26.925,0,0,12170.1,453,0,0,0,0
"3711",2024-03-13,21,10,12039.1,451,0,0,26.925,0,0,12170.1,453,0,0,0,0
"3712",2024-03-13,21,15,12028.1,451,0,0,26.925,0,0,12170.1,453,0,0,0,0
"3713",2024-03-13,21,20,12061.1,452,0,0,26.925,0,0,12170.1,453,0,0,0,0
"3714",2024-03-13,21,25,12083.1,453,0,0,26.925,0,0,12170.1,453,0,0,0,0
"3715",2024-03-13,21,30,12170.1,452,0,0,26.925,0,0,12170.1,453,0,0,0,0
"3716",2024-03-13,21,35,10987.4,433,0,0,26.925,0,0,12170.1,453,0,0,0,0
"3717",2024-03-13,21,40,11591.4,443,0,0,26.925,0,0,12170.1,453,0,0,0,0
"3718",2024-03-13,21,45,11835.7,447,0,0,26.925,0,0,12170.1,453,0,0,0,0
"3719",2024-03-13,21,50,11196.7,445,0,0,26.925,0,0,12170.1,453,0,0,0,0
"3720",2024-03-13,21,55,11398.7,446,0,0,26.925,0,0,12170.1,453,0,0,0,0
"3721",2024-03-13,22,0,11774.7,446,0,0,27.6076036866359,0,0,11981.7,446,0,0,0,0
"3722",2024-03-13,22,5,11695.7,429,0,0,27.6076036866359,0,0,11981.7,446,0,0,0,0
"3723",2024-03-13,22,10,11403,428,0,0,27.6076036866359,0,0,11981.7,446,0,0,0,0
"3724",2024-03-13,22,15,11981.7,434,0,0,27.6076036866359,0,0,11981.7,446,0,0,0,0
"3725",2024-03-13,22,20,11582.7,428,0,0,27.6076036866359,0,0,11981.7,446,0,0,0,0
"3726",2024-03-13,22,25,11390.7,424,0,0,27.6076036866359,0,0,11981.7,446,0,0,0,0
"3727",2024-03-13,22,30,11002.7,419,0,0,27.6076036866359,0,0,11981.7,446,0,0,0,0
"3728",2024-03-13,22,35,10184.7,403,0,0,27.6076036866359,0,0,11981.7,446,0,0,0,0
"3729",2024-03-13,22,40,10102.7,400,0,0,27.6076036866359,0,0,11981.7,446,0,0,0,0
"3730",2024-03-13,22,45,10080.7,399,0,0,27.6076036866359,0,0,11981.7,446,0,0,0,0
"3731",2024-03-13,22,50,10025.7,396,0,0,27.6076036866359,0,0,11981.7,446,0,0,0,0
"3732",2024-03-13,22,55,9534.7,388,0,0,27.6076036866359,0,0,11981.7,446,0,0,0,0
"3733",2024-03-13,23,0,9501.7,386,0,0,24.6158031088083,0,0,9501.7,386,0,0,0,0
"3734",2024-03-13,23,5,9013.7,380,0,0,24.6158031088083,0,0,9501.7,386,0,0,0,0
"3735",2024-03-13,23,10,8591.7,377,0,0,24.6158031088083,0,0,9501.7,386,0,0,0,0
"3736",2024-03-13,23,15,8622.7,373,0,0,24.6158031088083,0,0,9501.7,386,0,0,0,0
"3737",2024-03-13,23,20,8666.7,375,0,0,24.6158031088083,0,0,9501.7,386,0,0,0,0
"3738",2024-03-13,23,25,8596.7,373,0,0,24.6158031088083,0,0,9501.7,386,0,0,0,0
"3739",2024-03-13,23,30,8072.7,369,0,0,24.6158031088083,0,0,9501.7,386,0,0,0,0
"3740",2024-03-13,23,35,8037.7,360,0,0,24.6158031088083,0,0,9501.7,386,0,0,0,0
"3741",2024-03-13,23,40,7887,360,0,0,24.6158031088083,0,0,9501.7,386,0,0,0,0
"3742",2024-03-13,23,45,7959,361,0,0,24.6158031088083,0,0,9501.7,386,0,0,0,0
"3743",2024-03-13,23,50,7915,359,0,0,24.6158031088083,0,0,9501.7,386,0,0,0,0
"3744",2024-03-13,23,55,7981,362,0,0,24.6158031088083,0,0,9501.7,386,0,0,0,0
"3745",2024-03-14,0,0,9828.4,382,0,0,25.7287958115183,0,0,9828.4,382,0,0,0,0
"3746",2024-03-14,0,5,9102.4,369,0,0,25.7287958115183,0,0,9828.4,382,0,0,0,0
"3747",2024-03-14,0,10,9047.4,366,0,0,25.7287958115183,0,0,9828.4,382,0,0,0,0
"3748",2024-03-14,0,15,8703.4,363,0,0,25.7287958115183,0,0,9828.4,382,0,0,0,0
"3749",2024-03-14,0,20,8552.4,364,0,0,25.7287958115183,0,0,9828.4,382,0,0,0,0
"3750",2024-03-14,0,25,8492.4,363,0,0,25.7287958115183,0,0,9828.4,382,0,0,0,0
"3751",2024-03-14,0,30,8492.4,363,0,0,25.7287958115183,0,0,9828.4,382,0,0,0,0
"3752",2024-03-14,0,35,8192.4,356,0,0,25.7287958115183,0,0,9828.4,382,0,0,0,0
"3753",2024-03-14,0,40,8170.4,355,0,0,25.7287958115183,0,0,9828.4,382,0,0,0,0
"3754",2024-03-14,0,45,8104.4,352,0,0,25.7287958115183,0,0,9828.4,382,0,0,0,0
"3755",2024-03-14,0,50,8148.4,354,0,0,25.7287958115183,0,0,9828.4,382,0,0,0,0
"3756",2024-03-14,0,55,8437.4,355,0,0,25.7287958115183,0,0,9828.4,382,0,0,0,0
"3757",2024-03-14,1,0,8189,351,0,0,23.7478260869565,0,0,8226,351,0,0,0,0
"3758",2024-03-14,1,5,7926,346,0,0,23.7478260869565,0,0,8226,351,0,0,0,0
"3759",2024-03-14,1,10,7948,347,0,0,23.7478260869565,0,0,8226,351,0,0,0,0
"3760",2024-03-14,1,15,7948,347,0,0,23.7478260869565,0,0,8226,351,0,0,0,0
"3761",2024-03-14,1,20,8226,347,0,0,23.7478260869565,0,0,8226,351,0,0,0,0
"3762",2024-03-14,1,25,8215,346,0,0,23.7478260869565,0,0,8226,351,0,0,0,0
"3763",2024-03-14,1,30,8193,345,0,0,23.7478260869565,0,0,8226,351,0,0,0,0
"3764",2024-03-14,1,35,8005,341,0,0,23.7478260869565,0,0,8226,351,0,0,0,0
"3765",2024-03-14,1,40,8005,341,0,0,23.7478260869565,0,0,8226,351,0,0,0,0
"3766",2024-03-14,1,45,8005,341,0,0,23.7478260869565,0,0,8226,351,0,0,0,0
"3767",2024-03-14,1,50,7983,340,0,0,23.7478260869565,0,0,8226,351,0,0,0,0
"3768",2024-03-14,1,55,7983,340,0,0,23.7478260869565,0,0,8226,351,0,0,0,0
"3769",2024-03-14,2,0,7803,339,0,0,23.0176991150442,0,0,7803,339,0,0,0,0
"3770",2024-03-14,2,5,7566,336,0,0,23.0176991150442,0,0,7803,339,0,0,0,0
"3771",2024-03-14,2,10,7566,336,0,0,23.0176991150442,0,0,7803,339,0,0,0,0
"3772",2024-03-14,2,15,7566,336,0,0,23.0176991150442,0,0,7803,339,0,0,0,0
"3773",2024-03-14,2,20,7255,334,0,0,23.0176991150442,0,0,7803,339,0,0,0,0
"3774",2024-03-14,2,25,7255,334,0,0,23.0176991150442,0,0,7803,339,0,0,0,0
"3775",2024-03-14,2,30,7255,334,0,0,23.0176991150442,0,0,7803,339,0,0,0,0
"3776",2024-03-14,2,35,7310,337,0,0,23.0176991150442,0,0,7803,339,0,0,0,0
"3777",2024-03-14,2,40,7310,337,0,0,23.0176991150442,0,0,7803,339,0,0,0,0
"3778",2024-03-14,2,45,7610,338,0,0,23.0176991150442,0,0,7803,339,0,0,0,0
"3779",2024-03-14,2,50,7610,338,0,0,23.0176991150442,0,0,7803,339,0,0,0,0
"3780",2024-03-14,2,55,7610,338,0,0,23.0176991150442,0,0,7803,339,0,0,0,0
"3781",2024-03-14,3,0,7790,339,0,0,22.9793510324484,0,0,7790,339,0,0,0,0
"3782",2024-03-14,3,5,7790,339,0,0,22.9793510324484,0,0,7790,339,0,0,0,0
"3783",2024-03-14,3,10,7490,338,0,0,22.9793510324484,0,0,7790,339,0,0,0,0
"3784",2024-03-14,3,15,7490,338,0,0,22.9793510324484,0,0,7790,339,0,0,0,0
"3785",2024-03-14,3,20,7310,337,0,0,22.9793510324484,0,0,7790,339,0,0,0,0
"3786",2024-03-14,3,25,7310,337,0,0,22.9793510324484,0,0,7790,339,0,0,0,0
"3787",2024-03-14,3,30,7310,337,0,0,22.9793510324484,0,0,7790,339,0,0,0,0
"3788",2024-03-14,3,35,7310,337,0,0,22.9793510324484,0,0,7790,339,0,0,0,0
"3789",2024-03-14,3,40,7310,337,0,0,22.9793510324484,0,0,7790,339,0,0,0,0
"3790",2024-03-14,3,45,7310,337,0,0,22.9793510324484,0,0,7790,339,0,0,0,0
"3791",2024-03-14,3,50,7310,337,0,0,22.9793510324484,0,0,7790,339,0,0,0,0
"3792",2024-03-14,3,55,7310,337,0,0,22.9793510324484,0,0,7790,339,0,0,0,0
"3793",2024-03-14,4,0,7321,338,0,0,22.8558823529412,0,0,7771,340,0,0,0,0
"3794",2024-03-14,4,5,7343,339,0,0,22.8558823529412,0,0,7771,340,0,0,0,0
"3795",2024-03-14,4,10,7343,339,0,0,22.8558823529412,0,0,7771,340,0,0,0,0
"3796",2024-03-14,4,15,7321,338,0,0,22.8558823529412,0,0,7771,340,0,0,0,0
"3797",2024-03-14,4,20,7321,338,0,0,22.8558823529412,0,0,7771,340,0,0,0,0
"3798",2024-03-14,4,25,7643,340,0,0,22.8558823529412,0,0,7771,340,0,0,0,0
"3799",2024-03-14,4,30,7643,340,0,0,22.8558823529412,0,0,7771,340,0,0,0,0
"3800",2024-03-14,4,35,7771,340,0,0,22.8558823529412,0,0,7771,340,0,0,0,0
"3801",2024-03-14,4,40,7771,340,0,0,22.8558823529412,0,0,7771,340,0,0,0,0
"3802",2024-03-14,4,45,7771,340,0,0,22.8558823529412,0,0,7771,340,0,0,0,0
"3803",2024-03-14,4,50,7493,340,0,0,22.8558823529412,0,0,7771,340,0,0,0,0
"3804",2024-03-14,4,55,7493,340,0,0,22.8558823529412,0,0,7771,340,0,0,0,0
"3805",2024-03-14,5,0,7471,339,0,0,24.2005899705015,0,0,8226,340,0,0,0,0
"3806",2024-03-14,5,5,7427,337,0,0,24.2005899705015,0,0,8226,340,0,0,0,0
"3807",2024-03-14,5,10,8027,339,0,0,24.2005899705015,0,0,8226,340,0,0,0,0
"3808",2024-03-14,5,15,7705,337,0,0,24.2005899705015,0,0,8226,340,0,0,0,0
"3809",2024-03-14,5,20,7705,337,0,0,24.2005899705015,0,0,8226,340,0,0,0,0
"3810",2024-03-14,5,25,7716,338,0,0,24.2005899705015,0,0,8226,340,0,0,0,0
"3811",2024-03-14,5,30,7716,338,0,0,24.2005899705015,0,0,8226,340,0,0,0,0
"3812",2024-03-14,5,35,7716,338,0,0,24.2005899705015,0,0,8226,340,0,0,0,0
"3813",2024-03-14,5,40,7754,338,0,0,24.2005899705015,0,0,8226,340,0,0,0,0
"3814",2024-03-14,5,45,8204,340,0,0,24.2005899705015,0,0,8226,340,0,0,0,0
"3815",2024-03-14,5,50,8204,339,0,0,24.2005899705015,0,0,8226,340,0,0,0,0
"3816",2024-03-14,5,55,8226,340,0,0,24.2005899705015,0,0,8226,340,0,0,0,0
"3817",2024-03-14,6,0,7904,338,0,0,23.4171597633136,0,0,7981,346,0,0,0,0
"3818",2024-03-14,6,5,7937,339,0,0,23.4171597633136,0,0,7981,346,0,0,0,0
"3819",2024-03-14,6,10,7937,339,0,0,23.4171597633136,0,0,7981,346,0,0,0,0
"3820",2024-03-14,6,15,7937,339,0,0,23.4171597633136,0,0,7981,346,0,0,0,0
"3821",2024-03-14,6,20,7937,339,0,0,23.4171597633136,0,0,7981,346,0,0,0,0
"3822",2024-03-14,6,25,7915,338,0,0,23.4171597633136,0,0,7981,346,0,0,0,0
"3823",2024-03-14,6,30,7887,339,0,0,23.4171597633136,0,0,7981,346,0,0,0,0
"3824",2024-03-14,6,35,7871,340,0,0,23.4171597633136,0,0,7981,346,0,0,0,0
"3825",2024-03-14,6,40,7882,341,0,0,23.4171597633136,0,0,7981,346,0,0,0,0
"3826",2024-03-14,6,45,7904,342,0,0,23.4171597633136,0,0,7981,346,0,0,0,0
"3827",2024-03-14,6,50,7948,344,0,0,23.4171597633136,0,0,7981,346,0,0,0,0
"3828",2024-03-14,6,55,7981,346,0,0,23.4171597633136,0,0,7981,346,0,0,0,0
"3829",2024-03-14,7,0,7959,346,0,0,24.7317708333333,0,0,9616,391,0,0,0,0
"3830",2024-03-14,7,5,7891,342,0,0,24.7317708333333,0,0,9616,391,0,0,0,0
"3831",2024-03-14,7,10,7941,343,0,0,24.7317708333333,0,0,9616,391,0,0,0,0
"3832",2024-03-14,7,15,8018,347,0,0,24.7317708333333,0,0,9616,391,0,0,0,0
"3833",2024-03-14,7,20,8323,350,0,0,24.7317708333333,0,0,9616,391,0,0,0,0
"3834",2024-03-14,7,25,8356,352,0,0,24.7317708333333,0,0,9616,391,0,0,0,0
"3835",2024-03-14,7,30,8444,358,0,0,24.7317708333333,0,0,9616,391,0,0,0,0
"3836",2024-03-14,7,35,8957.3,366,0,0,24.7317708333333,0,0,9616,391,0,0,0,0
"3837",2024-03-14,7,40,8994,370,0,0,24.7317708333333,0,0,9616,391,0,0,0,0
"3838",2024-03-14,7,45,9243,376,0,0,24.7317708333333,0,0,9616,391,0,0,0,0
"3839",2024-03-14,7,50,9497,384,0,0,24.7317708333333,0,0,9616,391,0,0,0,0
"3840",2024-03-14,7,55,9616,391,0,0,24.7317708333333,0,0,9616,391,0,0,0,0
"3841",2024-03-14,8,35,11085,446,0,0,26.2415349887133,0,0,11864,462,0,0,0,0
"3842",2024-03-14,8,40,11625,443,0,0,26.2415349887133,0,0,11864,462,0,0,0,0
"3843",2024-03-14,8,45,11773,450,0,0,26.2415349887133,0,0,11864,462,0,0,0,0
"3844",2024-03-14,8,50,11864,456,0,0,26.2415349887133,0,0,11864,462,0,0,0,0
"3845",2024-03-14,8,55,11545,462,0,0,26.2415349887133,0,0,11864,462,0,0,0,0
"3846",2024-03-14,8,0,9931,399,0,0,26.2415349887133,0,0,11864,462,0,0,0,0
"3847",2024-03-14,8,5,10461,410,0,0,26.2415349887133,0,0,11864,462,0,0,0,0
"3848",2024-03-14,8,10,10343,408,0,0,26.2415349887133,0,0,11864,462,0,0,0,0
"3849",2024-03-14,8,15,10541,421,0,0,26.2415349887133,0,0,11864,462,0,0,0,0
"3850",2024-03-14,8,20,10491,430,0,0,26.2415349887133,0,0,11864,462,0,0,0,0
"3851",2024-03-14,8,25,10320,435,0,0,26.2415349887133,0,0,11864,462,0,0,0,0
"3852",2024-03-14,8,30,10907,441,0,0,26.2415349887133,0,0,11864,462,0,0,0,0
"3853",2024-03-14,9,0,11669,466,0,0,27.4991423670669,0,0,16032,589,0,0,0,0
"3854",2024-03-14,9,5,12184,488,0,0,27.4991423670669,0,0,16032,589,0,0,0,0
"3855",2024-03-14,9,10,12221,499,0,0,27.4991423670669,0,0,16032,589,0,0,0,0
"3856",2024-03-14,9,15,12365,507,0,0,27.4991423670669,0,0,16032,589,0,0,0,0
"3857",2024-03-14,9,20,12049,513,0,0,27.4991423670669,0,0,16032,589,0,0,0,0
"3858",2024-03-14,9,25,12615,517,0,0,27.4991423670669,0,0,16032,589,0,0,0,0
"3859",2024-03-14,9,30,13385,521,0,0,27.4991423670669,0,0,16032,589,0,0,0,0
"3860",2024-03-14,9,35,14537,570,0,0,27.4991423670669,0,0,16032,589,0,0,0,0
"3861",2024-03-14,9,40,14611,572,0,0,27.4991423670669,0,0,16032,589,0,0,0,0
"3862",2024-03-14,9,45,14660,575,0,0,27.4991423670669,0,0,16032,589,0,0,0,0
"3863",2024-03-14,9,50,16032,583,0,0,27.4991423670669,0,0,16032,589,0,0,0,0
"3864",2024-03-14,9,55,15864,589,0,0,27.4991423670669,0,0,16032,589,0,0,0,0
"3865",2024-03-14,10,0,15724,594,0,0,28.0271132376396,0,0,17573,652,0,0,0,0
"3866",2024-03-14,10,5,16221,611,0,0,28.0271132376396,0,0,17573,652,0,0,0,0
"3867",2024-03-14,10,10,16449,615,0,0,28.0271132376396,0,0,17573,652,0,0,0,0
"3868",2024-03-14,10,15,16940,619,0,0,28.0271132376396,0,0,17573,652,0,0,0,0
"3869",2024-03-14,10,20,17573,627,0,0,28.0271132376396,0,0,17573,652,0,0,0,0
"3870",2024-03-14,10,25,16725,628,0,0,28.0271132376396,0,0,17573,652,0,0,0,0
"3871",2024-03-14,10,30,17174,631,0,0,28.0271132376396,0,0,17573,652,0,0,0,0
"3872",2024-03-14,10,35,16915,645,0,0,28.0271132376396,0,0,17573,652,0,0,0,0
"3873",2024-03-14,10,40,17184,652,0,0,28.0271132376396,0,0,17573,652,0,0,0,0
"3874",2024-03-14,10,45,16821,648,0,0,28.0271132376396,0,0,17573,652,0,0,0,0
"3875",2024-03-14,10,50,16685,649,0,0,28.0271132376396,0,0,17573,652,0,0,0,0
"3876",2024-03-14,10,55,16896,644,0,0,28.0271132376396,0,0,17573,652,0,0,0,0
"3877",2024-03-14,11,0,17272,643,0,0,26.8615863141524,0,0,17749,679,0,0,0,0
"3878",2024-03-14,11,5,17749,662,0,0,26.8615863141524,0,0,17749,679,0,0,0,0
"3879",2024-03-14,11,10,17056,662,0,0,26.8615863141524,0,0,17749,679,0,0,0,0
"3880",2024-03-14,11,15,16965.7,661,0,0,26.8615863141524,0,0,17749,679,0,0,0,0
"3881",2024-03-14,11,20,17091.7,665,0,0,26.8615863141524,0,0,17749,679,0,0,0,0
"3882",2024-03-14,11,25,16917.7,668,0,0,26.8615863141524,0,0,17749,679,0,0,0,0
"3883",2024-03-14,11,30,17220.7,672,0,0,26.8615863141524,0,0,17749,679,0,0,0,0
"3884",2024-03-14,11,35,17282.7,678,0,0,26.8615863141524,0,0,17749,679,0,0,0,0
"3885",2024-03-14,11,40,16694.7,675,0,0,26.8615863141524,0,0,17749,679,0,0,0,0
"3886",2024-03-14,11,45,16540.7,677,0,0,26.8615863141524,0,0,17749,679,0,0,0,0
"3887",2024-03-14,11,50,16989.7,678,0,0,26.8615863141524,0,0,17749,679,0,0,0,0
"3888",2024-03-14,11,55,17272.7,679,0,0,26.8615863141524,0,0,17749,679,0,0,0,0
"3889",2024-03-14,12,0,16959.7,677,0,0,25.5956456456456,0,0,17046.7,677,0,0,0,0
"3890",2024-03-14,12,5,16115.7,671,0,0,25.5956456456456,0,0,17046.7,677,0,0,0,0
"3891",2024-03-14,12,10,16224.7,670,0,0,25.5956456456456,0,0,17046.7,677,0,0,0,0
"3892",2024-03-14,12,15,16421.7,673,0,0,25.5956456456456,0,0,17046.7,677,0,0,0,0
"3893",2024-03-14,12,20,16432.7,673,0,0,25.5956456456456,0,0,17046.7,677,0,0,0,0
"3894",2024-03-14,12,25,16751.7,675,0,0,25.5956456456456,0,0,17046.7,677,0,0,0,0
"3895",2024-03-14,12,30,16782.7,672,0,0,25.5956456456456,0,0,17046.7,677,0,0,0,0
"3896",2024-03-14,12,35,17046.7,666,0,0,25.5956456456456,0,0,17046.7,677,0,0,0,0
"3897",2024-03-14,12,40,16953.7,665,0,0,25.5956456456456,0,0,17046.7,677,0,0,0,0
"3898",2024-03-14,12,45,16587.7,660,0,0,25.5956456456456,0,0,17046.7,677,0,0,0,0
"3899",2024-03-14,12,50,16677.7,654,0,0,25.5956456456456,0,0,17046.7,677,0,0,0,0
"3900",2024-03-14,12,55,16157.7,646,0,0,25.5956456456456,0,0,17046.7,677,0,0,0,0
"3901",2024-03-14,13,0,15657.7,634,0,0,35.7848605577689,0,0,17427,634,0,0,0,0
"3902",2024-03-14,13,5,15542.7,625,0,0,35.7848605577689,0,0,17427,634,0,0,0,0
"3903",2024-03-14,13,10,15979.7,624,0,0,35.7848605577689,0,0,17427,634,0,0,0,0
"3904",2024-03-14,13,15,15823.7,624,0,0,35.7848605577689,0,0,17427,634,0,0,0,0
"3905",2024-03-14,13,20,16221.7,624,0,0,35.7848605577689,0,0,17427,634,0,0,0,0
"3906",2024-03-14,13,25,17295.7,624,0,0,35.7848605577689,0,0,17427,634,0,0,0,0
"3907",2024-03-14,13,30,17427,620,0,0,35.7848605577689,0,0,17427,634,0,0,0,0
"3908",2024-03-14,13,35,15938,609,0,0,35.7848605577689,0,0,17427,634,0,0,0,0
"3909",2024-03-14,13,40,14440,522,0,0,35.7848605577689,0,0,17427,634,0,0,0,0
"3910",2024-03-14,13,45,8982,251,0,0,35.7848605577689,0,0,17427,634,0,0,0,0
"3911",2024-03-14,13,50,16800,614,0,0,35.7848605577689,0,0,17427,634,0,0,0,0
"3912",2024-03-14,13,55,16591,618,0,0,35.7848605577689,0,0,17427,634,0,0,0,0
"3913",2024-03-14,14,0,15996,618,0,0,27.1469026548673,0,0,16478,623,0,0,0,0
"3914",2024-03-14,14,5,15069,614,0,0,27.1469026548673,0,0,16478,623,0,0,0,0
"3915",2024-03-14,14,10,14858,616,0,0,27.1469026548673,0,0,16478,623,0,0,0,0
"3916",2024-03-14,14,15,14836,613,0,0,27.1469026548673,0,0,16478,623,0,0,0,0
"3917",2024-03-14,14,20,15401,623,0,0,27.1469026548673,0,0,16478,623,0,0,0,0
"3918",2024-03-14,14,25,14954,616,0,0,27.1469026548673,0,0,16478,623,0,0,0,0
"3919",2024-03-14,14,30,15338,623,0,0,27.1469026548673,0,0,16478,623,0,0,0,0
"3920",2024-03-14,14,35,15951,616,0,0,27.1469026548673,0,0,16478,623,0,0,0,0
"3921",2024-03-14,14,40,16478,618,0,0,27.1469026548673,0,0,16478,623,0,0,0,0
"3922",2024-03-14,14,45,14684,565,0,0,27.1469026548673,0,0,16478,623,0,0,0,0
"3923",2024-03-14,14,50,15338,565,0,0,27.1469026548673,0,0,16478,623,0,0,0,0
"3924",2024-03-14,14,55,15931,615,0,0,27.1469026548673,0,0,16478,623,0,0,0,0
"3925",2024-03-14,15,0,15725,616,0,0,26.4528938906752,0,0,16453.7,636,0,0,0,0
"3926",2024-03-14,15,5,15701.7,616,0,0,26.4528938906752,0,0,16453.7,636,0,0,0,0
"3927",2024-03-14,15,10,15756.7,618,0,0,26.4528938906752,0,0,16453.7,636,0,0,0,0
"3928",2024-03-14,15,15,15870.7,622,0,0,26.4528938906752,0,0,16453.7,636,0,0,0,0
"3929",2024-03-14,15,20,15754.7,618,0,0,26.4528938906752,0,0,16453.7,636,0,0,0,0
"3930",2024-03-14,15,25,16256.7,619,0,0,26.4528938906752,0,0,16453.7,636,0,0,0,0
"3931",2024-03-14,15,30,16453.7,622,0,0,26.4528938906752,0,0,16453.7,636,0,0,0,0
"3932",2024-03-14,15,35,16156.7,636,0,0,26.4528938906752,0,0,16453.7,636,0,0,0,0
"3933",2024-03-14,15,40,16202.7,631,0,0,26.4528938906752,0,0,16453.7,636,0,0,0,0
"3934",2024-03-14,15,45,15919.7,628,0,0,26.4528938906752,0,0,16453.7,636,0,0,0,0
"3935",2024-03-14,15,50,16241.7,630,0,0,26.4528938906752,0,0,16453.7,636,0,0,0,0
"3936",2024-03-14,15,55,16213.7,626,0,0,26.4528938906752,0,0,16453.7,636,0,0,0,0
"3937",2024-03-14,16,0,16360.7,625,0,0,26.17712,0,0,16360.7,630,0,0,0,0
"3938",2024-03-14,16,5,15760.7,619,0,0,26.17712,0,0,16360.7,630,0,0,0,0
"3939",2024-03-14,16,10,15750.7,626,0,0,26.17712,0,0,16360.7,630,0,0,0,0
"3940",2024-03-14,16,15,15301.4,630,0,0,26.17712,0,0,16360.7,630,0,0,0,0
"3941",2024-03-14,16,20,15400.4,630,0,0,26.17712,0,0,16360.7,630,0,0,0,0
"3942",2024-03-14,16,25,15470.4,625,0,0,26.17712,0,0,16360.7,630,0,0,0,0
"3943",2024-03-14,16,30,15388.4,627,0,0,26.17712,0,0,16360.7,630,0,0,0,0
"3944",2024-03-14,16,35,14895.4,620,0,0,26.17712,0,0,16360.7,630,0,0,0,0
"3945",2024-03-14,16,40,14689.4,610,0,0,26.17712,0,0,16360.7,630,0,0,0,0
"3946",2024-03-14,16,45,15087.4,608,0,0,26.17712,0,0,16360.7,630,0,0,0,0
"3947",2024-03-14,16,50,15140.4,605,0,0,26.17712,0,0,16360.7,630,0,0,0,0
"3948",2024-03-14,16,55,15544.7,598,0,0,26.17712,0,0,16360.7,630,0,0,0,0
"3949",2024-03-14,17,0,15555.7,599,0,0,27.5185737976783,0,0,16593.7,603,0,0,0,0
"3950",2024-03-14,17,5,16593.7,603,0,0,27.5185737976783,0,0,16593.7,603,0,0,0,0
"3951",2024-03-14,17,10,15966.7,596,0,0,27.5185737976783,0,0,16593.7,603,0,0,0,0
"3952",2024-03-14,17,15,15437.7,591,0,0,27.5185737976783,0,0,16593.7,603,0,0,0,0
"3953",2024-03-14,17,20,15784.7,593,0,0,27.5185737976783,0,0,16593.7,603,0,0,0,0
"3954",2024-03-14,17,25,15529.7,590,0,0,27.5185737976783,0,0,16593.7,603,0,0,0,0
"3955",2024-03-14,17,30,14864.7,588,0,0,27.5185737976783,0,0,16593.7,603,0,0,0,0
"3956",2024-03-14,17,35,13756.7,562,0,0,27.5185737976783,0,0,16593.7,603,0,0,0,0
"3957",2024-03-14,17,40,13073.7,559,0,0,27.5185737976783,0,0,16593.7,603,0,0,0,0
"3958",2024-03-14,17,45,13968.7,559,0,0,27.5185737976783,0,0,16593.7,603,0,0,0,0
"3959",2024-03-14,17,50,14172.7,558,0,0,27.5185737976783,0,0,16593.7,603,0,0,0,0
"3960",2024-03-14,17,55,13894.7,558,0,0,27.5185737976783,0,0,16593.7,603,0,0,0,0
"3961",2024-03-14,18,0,12505.7,543,0,0,28.6456842105263,0,0,13944.7,543,0,0,0,0
"3962",2024-03-14,18,5,12431.7,525,0,0,28.6456842105263,0,0,13944.7,543,0,0,0,0
"3963",2024-03-14,18,10,12518.7,518,0,0,28.6456842105263,0,0,13944.7,543,0,0,0,0
"3964",2024-03-14,18,15,12161.7,517,0,0,28.6456842105263,0,0,13944.7,543,0,0,0,0
"3965",2024-03-14,18,20,12857.7,510,0,0,28.6456842105263,0,0,13944.7,543,0,0,0,0
"3966",2024-03-14,18,25,13236.7,506,0,0,28.6456842105263,0,0,13944.7,543,0,0,0,0
"3967",2024-03-14,18,30,13759.7,502,0,0,28.6456842105263,0,0,13944.7,543,0,0,0,0
"3968",2024-03-14,18,35,13944.7,498,0,0,28.6456842105263,0,0,13944.7,543,0,0,0,0
"3969",2024-03-14,18,40,13608.7,497,0,0,28.6456842105263,0,0,13944.7,543,0,0,0,0
"3970",2024-03-14,18,45,13381.7,493,0,0,28.6456842105263,0,0,13944.7,543,0,0,0,0
"3971",2024-03-14,18,50,13732.7,489,0,0,28.6456842105263,0,0,13944.7,543,0,0,0,0
"3972",2024-03-14,18,55,13606.7,475,0,0,28.6456842105263,0,0,13944.7,543,0,0,0,0
"3973",2024-03-14,19,0,13273.7,470,0,0,29.4741596638655,0,0,14029.7,479,0,0,0,0
"3974",2024-03-14,19,5,11949.7,451,0,0,29.4741596638655,0,0,14029.7,479,0,0,0,0
"3975",2024-03-14,19,10,11922.7,446,0,0,29.4741596638655,0,0,14029.7,479,0,0,0,0
"3976",2024-03-14,19,15,12521.7,459,0,0,29.4741596638655,0,0,14029.7,479,0,0,0,0
"3977",2024-03-14,19,20,12422.7,454,0,0,29.4741596638655,0,0,14029.7,479,0,0,0,0
"3978",2024-03-14,19,25,12799.7,456,0,0,29.4741596638655,0,0,14029.7,479,0,0,0,0
"3979",2024-03-14,19,30,12315.7,449,0,0,29.4741596638655,0,0,14029.7,479,0,0,0,0
"3980",2024-03-14,19,35,13060.7,466,0,0,29.4741596638655,0,0,14029.7,479,0,0,0,0
"3981",2024-03-14,19,40,13633.7,474,0,0,29.4741596638655,0,0,14029.7,479,0,0,0,0
"3982",2024-03-14,19,45,13585.7,479,0,0,29.4741596638655,0,0,14029.7,479,0,0,0,0
"3983",2024-03-14,19,50,13535.7,478,0,0,29.4741596638655,0,0,14029.7,479,0,0,0,0
"3984",2024-03-14,19,55,14029.7,476,0,0,29.4741596638655,0,0,14029.7,479,0,0,0,0
"3985",2024-03-14,20,0,13602.7,471,0,0,30.6211180124224,0,0,14790,483,0,0,0,0
"3986",2024-03-14,20,5,13563.7,479,0,0,30.6211180124224,0,0,14790,483,0,0,0,0
"3987",2024-03-14,20,10,13996,479,0,0,30.6211180124224,0,0,14790,483,0,0,0,0
"3988",2024-03-14,20,15,14790,483,0,0,30.6211180124224,0,0,14790,483,0,0,0,0
"3989",2024-03-14,20,20,14364,478,0,0,30.6211180124224,0,0,14790,483,0,0,0,0
"3990",2024-03-14,20,25,14298,478,0,0,30.6211180124224,0,0,14790,483,0,0,0,0
"3991",2024-03-14,20,30,14426,478,0,0,30.6211180124224,0,0,14790,483,0,0,0,0
"3992",2024-03-14,20,35,13882,467,0,0,30.6211180124224,0,0,14790,483,0,0,0,0
"3993",2024-03-14,20,40,14214,473,0,0,30.6211180124224,0,0,14790,483,0,0,0,0
"3994",2024-03-14,20,45,13985,474,0,0,30.6211180124224,0,0,14790,483,0,0,0,0
"3995",2024-03-14,20,50,13929.7,475,0,0,30.6211180124224,0,0,14790,483,0,0,0,0
"3996",2024-03-14,20,55,13457.7,471,0,0,30.6211180124224,0,0,14790,483,0,0,0,0
"3997",2024-03-14,21,0,12019.7,466,0,0,25.9116772823779,0,0,12204.4,475,0,0,0,0
"3998",2024-03-14,21,5,11800.4,467,0,0,25.9116772823779,0,0,12204.4,475,0,0,0,0
"3999",2024-03-14,21,10,11066.4,464,0,0,25.9116772823779,0,0,12204.4,475,0,0,0,0
"4000",2024-03-14,21,15,12204.4,471,0,0,25.9116772823779,0,0,12204.4,475,0,0,0,0
"4001",2024-03-14,21,20,11975.4,475,0,0,25.9116772823779,0,0,12204.4,475,0,0,0,0
"4002",2024-03-14,21,25,11442.4,470,0,0,25.9116772823779,0,0,12204.4,475,0,0,0,0
"4003",2024-03-14,21,30,10988.4,462,0,0,25.9116772823779,0,0,12204.4,475,0,0,0,0
"4004",2024-03-14,21,35,10792.4,448,0,0,25.9116772823779,0,0,12204.4,475,0,0,0,0
"4005",2024-03-14,21,40,11095.4,450,0,0,25.9116772823779,0,0,12204.4,475,0,0,0,0
"4006",2024-03-14,21,45,11106.4,451,0,0,25.9116772823779,0,0,12204.4,475,0,0,0,0
"4007",2024-03-14,21,50,11340.4,449,0,0,25.9116772823779,0,0,12204.4,475,0,0,0,0
"4008",2024-03-14,21,55,10774.1,441,0,0,25.9116772823779,0,0,12204.4,475,0,0,0,0
"4009",2024-03-14,22,0,11155.1,440,0,0,25.3525,0,0,11155.1,440,0,0,0,0
"4010",2024-03-14,22,5,9908.1,425,0,0,25.3525,0,0,11155.1,440,0,0,0,0
"4011",2024-03-14,22,10,9638.1,425,0,0,25.3525,0,0,11155.1,440,0,0,0,0
"4012",2024-03-14,22,15,9911.1,423,0,0,25.3525,0,0,11155.1,440,0,0,0,0
"4013",2024-03-14,22,20,9889.1,422,0,0,25.3525,0,0,11155.1,440,0,0,0,0
"4014",2024-03-14,22,25,9987.1,421,0,0,25.3525,0,0,11155.1,440,0,0,0,0
"4015",2024-03-14,22,30,10205.1,420,0,0,25.3525,0,0,11155.1,440,0,0,0,0
"4016",2024-03-14,22,35,9671.1,407,0,0,25.3525,0,0,11155.1,440,0,0,0,0
"4017",2024-03-14,22,40,9791.1,408,0,0,25.3525,0,0,11155.1,440,0,0,0,0
"4018",2024-03-14,22,45,9518.1,410,0,0,25.3525,0,0,11155.1,440,0,0,0,0
"4019",2024-03-14,22,50,9747.1,411,0,0,25.3525,0,0,11155.1,440,0,0,0,0
"4020",2024-03-14,22,55,9386.1,409,0,0,25.3525,0,0,11155.1,440,0,0,0,0
"4021",2024-03-14,23,0,9287.1,404,0,0,25.7505235602094,0,0,9836.7,404,0,0,0,0
"4022",2024-03-14,23,5,9322.1,397,0,0,25.7505235602094,0,0,9836.7,404,0,0,0,0
"4023",2024-03-14,23,10,9369.1,397,0,0,25.7505235602094,0,0,9836.7,404,0,0,0,0
"4024",2024-03-14,23,15,9747.1,398,0,0,25.7505235602094,0,0,9836.7,404,0,0,0,0
"4025",2024-03-14,23,20,9536.1,397,0,0,25.7505235602094,0,0,9836.7,404,0,0,0,0
"4026",2024-03-14,23,25,9372.1,393,0,0,25.7505235602094,0,0,9836.7,404,0,0,0,0
"4027",2024-03-14,23,30,9324.1,394,0,0,25.7505235602094,0,0,9836.7,404,0,0,0,0
"4028",2024-03-14,23,35,9479.1,389,0,0,25.7505235602094,0,0,9836.7,404,0,0,0,0
"4029",2024-03-14,23,40,9369.1,384,0,0,25.7505235602094,0,0,9836.7,404,0,0,0,0
"4030",2024-03-14,23,45,9836.7,382,0,0,25.7505235602094,0,0,9836.7,404,0,0,0,0
"4031",2024-03-14,23,50,9648.4,380,0,0,25.7505235602094,0,0,9836.7,404,0,0,0,0
"4032",2024-03-14,23,55,9190.4,380,0,0,25.7505235602094,0,0,9836.7,404,0,0,0,0
"4033",2024-03-15,0,0,10764.4,436,0,0,24.6889908256881,0,0,10764.4,436,0,0,0,0
"4034",2024-03-15,0,5,9899.4,427,0,0,24.6889908256881,0,0,10764.4,436,0,0,0,0
"4035",2024-03-15,0,10,9566.4,424,0,0,24.6889908256881,0,0,10764.4,436,0,0,0,0
"4036",2024-03-15,0,15,9566.4,425,0,0,24.6889908256881,0,0,10764.4,436,0,0,0,0
"4037",2024-03-15,0,20,9244.4,423,0,0,24.6889908256881,0,0,10764.4,436,0,0,0,0
"4038",2024-03-15,0,25,9222.4,422,0,0,24.6889908256881,0,0,10764.4,436,0,0,0,0
"4039",2024-03-15,0,30,9200.4,421,0,0,24.6889908256881,0,0,10764.4,436,0,0,0,0
"4040",2024-03-15,0,35,9222.4,414,0,0,24.6889908256881,0,0,10764.4,436,0,0,0,0
"4041",2024-03-15,0,40,9222.4,414,0,0,24.6889908256881,0,0,10764.4,436,0,0,0,0
"4042",2024-03-15,0,45,9200.4,413,0,0,24.6889908256881,0,0,10764.4,436,0,0,0,0
"4043",2024-03-15,0,50,9200.4,413,0,0,24.6889908256881,0,0,10764.4,436,0,0,0,0
"4044",2024-03-15,0,55,9287.4,412,0,0,24.6889908256881,0,0,10764.4,436,0,0,0,0
"4045",2024-03-15,1,0,8437.4,354,0,0,24.0328651685393,0,0,8555.7,356,0,0,0,0
"4046",2024-03-15,1,5,8487.4,355,0,0,24.0328651685393,0,0,8555.7,356,0,0,0,0
"4047",2024-03-15,1,10,8505.7,355,0,0,24.0328651685393,0,0,8555.7,356,0,0,0,0
"4048",2024-03-15,1,15,8505.7,355,0,0,24.0328651685393,0,0,8555.7,356,0,0,0,0
"4049",2024-03-15,1,20,8555.7,356,0,0,24.0328651685393,0,0,8555.7,356,0,0,0,0
"4050",2024-03-15,1,25,8555.7,356,0,0,24.0328651685393,0,0,8555.7,356,0,0,0,0
"4051",2024-03-15,1,30,8555.7,356,0,0,24.0328651685393,0,0,8555.7,356,0,0,0,0
"4052",2024-03-15,1,35,8097.7,355,0,0,24.0328651685393,0,0,8555.7,356,0,0,0,0
"4053",2024-03-15,1,40,8097.7,355,0,0,24.0328651685393,0,0,8555.7,356,0,0,0,0
"4054",2024-03-15,1,45,8097.7,355,0,0,24.0328651685393,0,0,8555.7,356,0,0,0,0
"4055",2024-03-15,1,50,8097.7,355,0,0,24.0328651685393,0,0,8555.7,356,0,0,0,0
"4056",2024-03-15,1,55,8053.7,353,0,0,24.0328651685393,0,0,8555.7,356,0,0,0,0
"4057",2024-03-15,2,0,8053.7,353,0,0,23.9678062678063,0,0,8412.7,353,0,0,0,0
"4058",2024-03-15,2,5,8009.7,351,0,0,23.9678062678063,0,0,8412.7,353,0,0,0,0
"4059",2024-03-15,2,10,7987.7,350,0,0,23.9678062678063,0,0,8412.7,353,0,0,0,0
"4060",2024-03-15,2,15,7987.7,350,0,0,23.9678062678063,0,0,8412.7,353,0,0,0,0
"4061",2024-03-15,2,20,7937.7,349,0,0,23.9678062678063,0,0,8412.7,353,0,0,0,0
"4062",2024-03-15,2,25,7937.7,349,0,0,23.9678062678063,0,0,8412.7,353,0,0,0,0
"4063",2024-03-15,2,30,7937.7,349,0,0,23.9678062678063,0,0,8412.7,353,0,0,0,0
"4064",2024-03-15,2,35,8134.7,351,0,0,23.9678062678063,0,0,8412.7,353,0,0,0,0
"4065",2024-03-15,2,40,8134.7,351,0,0,23.9678062678063,0,0,8412.7,353,0,0,0,0
"4066",2024-03-15,2,45,8112.7,350,0,0,23.9678062678063,0,0,8412.7,353,0,0,0,0
"4067",2024-03-15,2,50,8412.7,351,0,0,23.9678062678063,0,0,8412.7,353,0,0,0,0
"4068",2024-03-15,2,55,8412.7,351,0,0,23.9678062678063,0,0,8412.7,353,0,0,0,0
"4069",2024-03-15,3,0,8412.7,351,0,0,23.9678062678063,0,0,8412.7,352,0,0,0,0
"4070",2024-03-15,3,5,8167.7,352,0,0,23.9678062678063,0,0,8412.7,352,0,0,0,0
"4071",2024-03-15,3,10,8167.7,352,0,0,23.9678062678063,0,0,8412.7,352,0,0,0,0
"4072",2024-03-15,3,15,8167.7,352,0,0,23.9678062678063,0,0,8412.7,352,0,0,0,0
"4073",2024-03-15,3,20,8167.7,352,0,0,23.9678062678063,0,0,8412.7,352,0,0,0,0
"4074",2024-03-15,3,25,8167.7,352,0,0,23.9678062678063,0,0,8412.7,352,0,0,0,0
"4075",2024-03-15,3,30,8167.7,352,0,0,23.9678062678063,0,0,8412.7,352,0,0,0,0
"4076",2024-03-15,3,35,8145.7,351,0,0,23.9678062678063,0,0,8412.7,352,0,0,0,0
"4077",2024-03-15,3,40,8145.7,351,0,0,23.9678062678063,0,0,8412.7,352,0,0,0,0
"4078",2024-03-15,3,45,8145.7,351,0,0,23.9678062678063,0,0,8412.7,352,0,0,0,0
"4079",2024-03-15,3,50,8145.7,351,0,0,23.9678062678063,0,0,8412.7,352,0,0,0,0
"4080",2024-03-15,3,55,8145.7,351,0,0,23.9678062678063,0,0,8412.7,352,0,0,0,0
"4081",2024-03-15,4,0,8145.7,351,0,0,24.3118309859155,0,0,8630.7,355,0,0,0,0
"4082",2024-03-15,4,5,8169.7,352,0,0,24.3118309859155,0,0,8630.7,355,0,0,0,0
"4083",2024-03-15,4,10,8169.7,352,0,0,24.3118309859155,0,0,8630.7,355,0,0,0,0
"4084",2024-03-15,4,15,8180.7,353,0,0,24.3118309859155,0,0,8630.7,355,0,0,0,0
"4085",2024-03-15,4,20,8180.7,353,0,0,24.3118309859155,0,0,8630.7,355,0,0,0,0
"4086",2024-03-15,4,25,8480.7,354,0,0,24.3118309859155,0,0,8630.7,355,0,0,0,0
"4087",2024-03-15,4,30,8480.7,354,0,0,24.3118309859155,0,0,8630.7,355,0,0,0,0
"4088",2024-03-15,4,35,8630.7,355,0,0,24.3118309859155,0,0,8630.7,355,0,0,0,0
"4089",2024-03-15,4,40,8630.7,355,0,0,24.3118309859155,0,0,8630.7,355,0,0,0,0
"4090",2024-03-15,4,45,8630.7,355,0,0,24.3118309859155,0,0,8630.7,355,0,0,0,0
"4091",2024-03-15,4,50,8330.7,354,0,0,24.3118309859155,0,0,8630.7,355,0,0,0,0
"4092",2024-03-15,4,55,8330.7,354,0,0,24.3118309859155,0,0,8630.7,355,0,0,0,0
"4093",2024-03-15,5,0,8330.7,354,0,0,24.6339887640449,0,0,8791.7,357,0,0,0,0
"4094",2024-03-15,5,5,8330.7,354,0,0,24.6339887640449,0,0,8791.7,357,0,0,0,0
"4095",2024-03-15,5,10,8630.7,355,0,0,24.6339887640449,0,0,8791.7,357,0,0,0,0
"4096",2024-03-15,5,15,8608.7,354,0,0,24.6339887640449,0,0,8791.7,357,0,0,0,0
"4097",2024-03-15,5,20,8608.7,354,0,0,24.6339887640449,0,0,8791.7,357,0,0,0,0
"4098",2024-03-15,5,25,8608.7,354,0,0,24.6339887640449,0,0,8791.7,357,0,0,0,0
"4099",2024-03-15,5,30,8608.7,354,0,0,24.6339887640449,0,0,8791.7,357,0,0,0,0
"4100",2024-03-15,5,35,8608.7,354,0,0,24.6339887640449,0,0,8791.7,357,0,0,0,0
"4101",2024-03-15,5,40,8791.7,357,0,0,24.6339887640449,0,0,8791.7,357,0,0,0,0
"4102",2024-03-15,5,45,8791.7,357,0,0,24.6339887640449,0,0,8791.7,357,0,0,0,0
"4103",2024-03-15,5,50,8769.7,356,0,0,24.6339887640449,0,0,8791.7,357,0,0,0,0
"4104",2024-03-15,5,55,8791.7,357,0,0,24.6339887640449,0,0,8791.7,357,0,0,0,0
"4105",2024-03-15,6,0,8491.7,356,0,0,25.4313019390582,0,0,9180.7,361,0,0,0,0
"4106",2024-03-15,6,5,8459.7,354,0,0,25.4313019390582,0,0,9180.7,361,0,0,0,0
"4107",2024-03-15,6,10,8459.7,354,0,0,25.4313019390582,0,0,9180.7,361,0,0,0,0
"4108",2024-03-15,6,15,8459.7,354,0,0,25.4313019390582,0,0,9180.7,361,0,0,0,0
"4109",2024-03-15,6,20,8609.7,354,0,0,25.4313019390582,0,0,9180.7,361,0,0,0,0
"4110",2024-03-15,6,25,8331.7,354,0,0,25.4313019390582,0,0,9180.7,361,0,0,0,0
"4111",2024-03-15,6,30,8331.7,354,0,0,25.4313019390582,0,0,9180.7,361,0,0,0,0
"4112",2024-03-15,6,35,8492.7,355,0,0,25.4313019390582,0,0,9180.7,361,0,0,0,0
"4113",2024-03-15,6,40,8514.7,356,0,0,25.4313019390582,0,0,9180.7,361,0,0,0,0
"4114",2024-03-15,6,45,8558.7,358,0,0,25.4313019390582,0,0,9180.7,361,0,0,0,0
"4115",2024-03-15,6,50,8536.7,357,0,0,25.4313019390582,0,0,9180.7,361,0,0,0,0
"4116",2024-03-15,6,55,9180.7,361,0,0,25.4313019390582,0,0,9180.7,361,0,0,0,0
"4117",2024-03-15,7,0,9257.7,366,0,0,25.294262295082,0,0,9770.7,411,0,0,0,0
"4118",2024-03-15,7,5,9261.7,372,0,0,25.294262295082,0,0,9770.7,411,0,0,0,0
"4119",2024-03-15,7,10,9305.7,375,0,0,25.294262295082,0,0,9770.7,411,0,0,0,0
"4120",2024-03-15,7,15,9283.7,374,0,0,25.294262295082,0,0,9770.7,411,0,0,0,0
"4121",2024-03-15,7,20,9384.7,376,0,0,25.294262295082,0,0,9770.7,411,0,0,0,0
"4122",2024-03-15,7,25,9384.7,376,0,0,25.294262295082,0,0,9770.7,411,0,0,0,0
"4123",2024-03-15,7,30,9172.7,380,0,0,25.294262295082,0,0,9770.7,411,0,0,0,0
"4124",2024-03-15,7,35,9493,385,0,0,25.294262295082,0,0,9770.7,411,0,0,0,0
"4125",2024-03-15,7,40,9537,387,0,0,25.294262295082,0,0,9770.7,411,0,0,0,0
"4126",2024-03-15,7,45,9418.7,394,0,0,25.294262295082,0,0,9770.7,411,0,0,0,0
"4127",2024-03-15,7,50,9561.7,400,0,0,25.294262295082,0,0,9770.7,411,0,0,0,0
"4128",2024-03-15,7,55,9770.7,411,0,0,25.294262295082,0,0,9770.7,411,0,0,0,0
"4129",2024-03-15,8,0,9917.7,422,0,0,26.2128846153846,0,0,14058.7,538,0,0,0,0
"4130",2024-03-15,8,5,10585.7,443,0,0,26.2128846153846,0,0,14058.7,538,0,0,0,0
"4131",2024-03-15,8,10,11278.7,456,0,0,26.2128846153846,0,0,14058.7,538,0,0,0,0
"4132",2024-03-15,8,15,11149.7,457,0,0,26.2128846153846,0,0,14058.7,538,0,0,0,0
"4133",2024-03-15,8,20,11351.7,459,0,0,26.2128846153846,0,0,14058.7,538,0,0,0,0
"4134",2024-03-15,8,25,11805.7,467,0,0,26.2128846153846,0,0,14058.7,538,0,0,0,0
"4135",2024-03-15,8,30,11996.7,477,0,0,26.2128846153846,0,0,14058.7,538,0,0,0,0
"4136",2024-03-15,8,55,14058.7,538,0,0,26.2128846153846,0,0,14058.7,538,0,0,0,0
"4137",2024-03-15,8,35,12587.7,497,0,0,26.2128846153846,0,0,14058.7,538,0,0,0,0
"4138",2024-03-15,8,40,12888.7,504,0,0,26.2128846153846,0,0,14058.7,538,0,0,0,0
"4139",2024-03-15,8,45,13630.7,520,0,0,26.2128846153846,0,0,14058.7,538,0,0,0,0
"4140",2024-03-15,8,50,13330.7,517,0,0,26.2128846153846,0,0,14058.7,538,0,0,0,0
"4141",2024-03-15,9,45,15811,614,0,0,27.044404973357,0,0,15811,619,0,0,0,0
"4142",2024-03-15,9,50,15512,613,0,0,27.044404973357,0,0,15811,619,0,0,0,0
"4143",2024-03-15,9,55,15495,619,0,0,27.044404973357,0,0,15811,619,0,0,0,0
"4144",2024-03-15,9,0,14245,538,0,0,27.044404973357,0,0,15811,619,0,0,0,0
"4145",2024-03-15,9,5,15226,563,0,0,27.044404973357,0,0,15811,619,0,0,0,0
"4146",2024-03-15,9,10,15485,574,0,0,27.044404973357,0,0,15811,619,0,0,0,0
"4147",2024-03-15,9,15,15492,577,0,0,27.044404973357,0,0,15811,619,0,0,0,0
"4148",2024-03-15,9,20,15125,577,0,0,27.044404973357,0,0,15811,619,0,0,0,0
"4149",2024-03-15,9,25,14787,580,0,0,27.044404973357,0,0,15811,619,0,0,0,0
"4150",2024-03-15,9,30,14970,582,0,0,27.044404973357,0,0,15811,619,0,0,0,0
"4151",2024-03-15,9,35,15299,605,0,0,27.044404973357,0,0,15811,619,0,0,0,0
"4152",2024-03-15,9,40,15715,609,0,0,27.044404973357,0,0,15811,619,0,0,0,0
"4153",2024-03-15,10,15,17633,659,0,0,26.7572078907436,0,0,17633,674,0,0,0,0
"4154",2024-03-15,10,20,17163,664,0,0,26.7572078907436,0,0,17633,674,0,0,0,0
"4155",2024-03-15,10,25,17323,670,0,0,26.7572078907436,0,0,17633,674,0,0,0,0
"4156",2024-03-15,10,30,17396,666,0,0,26.7572078907436,0,0,17633,674,0,0,0,0
"4157",2024-03-15,10,35,16612,666,0,0,26.7572078907436,0,0,17633,674,0,0,0,0
"4158",2024-03-15,10,40,16366,662,0,0,26.7572078907436,0,0,17633,674,0,0,0,0
"4159",2024-03-15,10,45,15982,664,0,0,26.7572078907436,0,0,17633,674,0,0,0,0
"4160",2024-03-15,10,50,16140,671,0,0,26.7572078907436,0,0,17633,674,0,0,0,0
"4161",2024-03-15,10,0,15337,618,0,0,26.7572078907436,0,0,17633,674,0,0,0,0
"4162",2024-03-15,10,5,16186,640,0,0,26.7572078907436,0,0,17633,674,0,0,0,0
"4163",2024-03-15,10,10,16945,646,0,0,26.7572078907436,0,0,17633,674,0,0,0,0
"4164",2024-03-15,10,55,15857,674,0,0,26.7572078907436,0,0,17633,674,0,0,0,0
"4165",2024-03-15,11,35,17448,695,0,0,25.8536585365854,0,0,18020,697,0,0,0,0
"4166",2024-03-15,11,40,17470,697,0,0,25.8536585365854,0,0,18020,697,0,0,0,0
"4167",2024-03-15,11,45,17654,694,0,0,25.8536585365854,0,0,18020,697,0,0,0,0
"4168",2024-03-15,11,50,17103,694,0,0,25.8536585365854,0,0,18020,697,0,0,0,0
"4169",2024-03-15,11,55,18020,697,0,0,25.8536585365854,0,0,18020,697,0,0,0,0
"4170",2024-03-15,11,0,15652,669,0,0,25.8536585365854,0,0,18020,697,0,0,0,0
"4171",2024-03-15,11,5,17284,687,0,0,25.8536585365854,0,0,18020,697,0,0,0,0
"4172",2024-03-15,11,10,17317,688,0,0,25.8536585365854,0,0,18020,697,0,0,0,0
"4173",2024-03-15,11,15,17228,686,0,0,25.8536585365854,0,0,18020,697,0,0,0,0
"4174",2024-03-15,11,20,17526,685,0,0,25.8536585365854,0,0,18020,697,0,0,0,0
"4175",2024-03-15,11,25,17493,688,0,0,25.8536585365854,0,0,18020,697,0,0,0,0
"4176",2024-03-15,11,30,17326,688,0,0,25.8536585365854,0,0,18020,697,0,0,0,0
"4177",2024-03-15,12,35,17700,704,0,0,26.2464183381089,0,0,18320,706,0,0,0,0
"4178",2024-03-15,12,40,17589,693,0,0,26.2464183381089,0,0,18320,706,0,0,0,0
"4179",2024-03-15,12,45,17373,688,0,0,26.2464183381089,0,0,18320,706,0,0,0,0
"4180",2024-03-15,12,50,17101,684,0,0,26.2464183381089,0,0,18320,706,0,0,0,0
"4181",2024-03-15,12,55,16638,668,0,0,26.2464183381089,0,0,18320,706,0,0,0,0
"4182",2024-03-15,12,0,18320,698,0,0,26.2464183381089,0,0,18320,706,0,0,0,0
"4183",2024-03-15,12,5,16798,695,0,0,26.2464183381089,0,0,18320,706,0,0,0,0
"4184",2024-03-15,12,10,16798,695,0,0,26.2464183381089,0,0,18320,706,0,0,0,0
"4185",2024-03-15,12,15,15755,687,0,0,26.2464183381089,0,0,18320,706,0,0,0,0
"4186",2024-03-15,12,20,16045,692,0,0,26.2464183381089,0,0,18320,706,0,0,0,0
"4187",2024-03-15,12,25,17031,701,0,0,26.2464183381089,0,0,18320,706,0,0,0,0
"4188",2024-03-15,12,30,17319,706,0,0,26.2464183381089,0,0,18320,706,0,0,0,0
"4189",2024-03-15,13,0,16081,660,0,0,27.2050078247261,0,0,17384,660,0,0,0,0
"4190",2024-03-15,13,5,16863,647,0,0,27.2050078247261,0,0,17384,660,0,0,0,0
"4191",2024-03-15,13,10,17014,642,0,0,27.2050078247261,0,0,17384,660,0,0,0,0
"4192",2024-03-15,13,15,17384,639,0,0,27.2050078247261,0,0,17384,660,0,0,0,0
"4193",2024-03-15,13,20,16395,632,0,0,27.2050078247261,0,0,17384,660,0,0,0,0
"4194",2024-03-15,13,45,13111,518,0,0,27.2050078247261,0,0,17384,660,0,0,0,0
"4195",2024-03-15,13,50,15449,629,0,0,27.2050078247261,0,0,17384,660,0,0,0,0
"4196",2024-03-15,13,55,15654,632,0,0,27.2050078247261,0,0,17384,660,0,0,0,0
"4197",2024-03-15,13,25,16243,632,0,0,27.2050078247261,0,0,17384,660,0,0,0,0
"4198",2024-03-15,13,30,15856,631,0,0,27.2050078247261,0,0,17384,660,0,0,0,0
"4199",2024-03-15,13,35,15024,623,0,0,27.2050078247261,0,0,17384,660,0,0,0,0
"4200",2024-03-15,13,40,13760.3,561,0,0,27.2050078247261,0,0,17384,660,0,0,0,0
"4201",2024-03-15,14,5,16203,628,0,0,25.8732171156894,0,0,16461.7,646,0,0,0,0
"4202",2024-03-15,14,10,15935,623,0,0,25.8732171156894,0,0,16461.7,646,0,0,0,0
"4203",2024-03-15,14,15,16326,631,0,0,25.8732171156894,0,0,16461.7,646,0,0,0,0
"4204",2024-03-15,14,20,15924.7,627,0,0,25.8732171156894,0,0,16461.7,646,0,0,0,0
"4205",2024-03-15,14,25,15517.7,629,0,0,25.8732171156894,0,0,16461.7,646,0,0,0,0
"4206",2024-03-15,14,30,14606.7,626,0,0,25.8732171156894,0,0,16461.7,646,0,0,0,0
"4207",2024-03-15,14,35,15629.7,646,0,0,25.8732171156894,0,0,16461.7,646,0,0,0,0
"4208",2024-03-15,14,40,15118.7,645,0,0,25.8732171156894,0,0,16461.7,646,0,0,0,0
"4209",2024-03-15,14,45,15173.7,643,0,0,25.8732171156894,0,0,16461.7,646,0,0,0,0
"4210",2024-03-15,14,50,15615.7,646,0,0,25.8732171156894,0,0,16461.7,646,0,0,0,0
"4211",2024-03-15,14,55,16461.7,644,0,0,25.8732171156894,0,0,16461.7,646,0,0,0,0
"4212",2024-03-15,14,0,15898,637,0,0,25.8732171156894,0,0,16461.7,646,0,0,0,0
"4213",2024-03-15,15,0,16582.7,650,0,0,27.8343843843844,0,0,18537.7,671,0,0,0,0
"4214",2024-03-15,15,5,17337.7,644,0,0,27.8343843843844,0,0,18537.7,671,0,0,0,0
"4215",2024-03-15,15,10,17339.7,649,0,0,27.8343843843844,0,0,18537.7,671,0,0,0,0
"4216",2024-03-15,15,15,17201.7,649,0,0,27.8343843843844,0,0,18537.7,671,0,0,0,0
"4217",2024-03-15,15,20,18072.7,660,0,0,27.8343843843844,0,0,18537.7,671,0,0,0,0
"4218",2024-03-15,15,25,17494.7,661,0,0,27.8343843843844,0,0,18537.7,671,0,0,0,0
"4219",2024-03-15,15,30,17229.7,662,0,0,27.8343843843844,0,0,18537.7,671,0,0,0,0
"4220",2024-03-15,15,35,18537.7,666,0,0,27.8343843843844,0,0,18537.7,671,0,0,0,0
"4221",2024-03-15,15,40,18376.7,671,0,0,27.8343843843844,0,0,18537.7,671,0,0,0,0
"4222",2024-03-15,15,45,17678.7,668,0,0,27.8343843843844,0,0,18537.7,671,0,0,0,0
"4223",2024-03-15,15,50,17208.7,660,0,0,27.8343843843844,0,0,18537.7,671,0,0,0,0
"4224",2024-03-15,15,55,16867.7,657,0,0,27.8343843843844,0,0,18537.7,671,0,0,0,0
"4225",2024-03-15,16,0,17109.7,659,0,0,28.267665615142,0,0,17921.7,659,0,0,0,0
"4226",2024-03-15,16,5,16148.7,638,0,0,28.267665615142,0,0,17921.7,659,0,0,0,0
"4227",2024-03-15,16,10,17286.7,645,0,0,28.267665615142,0,0,17921.7,659,0,0,0,0
"4228",2024-03-15,16,15,17014.7,643,0,0,28.267665615142,0,0,17921.7,659,0,0,0,0
"4229",2024-03-15,16,20,17033.7,630,0,0,28.267665615142,0,0,17921.7,659,0,0,0,0
"4230",2024-03-15,16,25,16744.7,633,0,0,28.267665615142,0,0,17921.7,659,0,0,0,0
"4231",2024-03-15,16,30,16993.7,639,0,0,28.267665615142,0,0,17921.7,659,0,0,0,0
"4232",2024-03-15,16,35,17921.7,634,0,0,28.267665615142,0,0,17921.7,659,0,0,0,0
"4233",2024-03-15,16,40,17115.7,632,0,0,28.267665615142,0,0,17921.7,659,0,0,0,0
"4234",2024-03-15,16,45,16538.7,625,0,0,28.267665615142,0,0,17921.7,659,0,0,0,0
"4235",2024-03-15,16,50,16795.7,629,0,0,28.267665615142,0,0,17921.7,659,0,0,0,0
"4236",2024-03-15,16,55,16054.7,626,0,0,28.267665615142,0,0,17921.7,659,0,0,0,0
"4237",2024-03-15,17,0,16309.7,624,0,0,28.256464811784,0,0,17264.7,624,0,0,0,0
"4238",2024-03-15,17,5,16153.7,623,0,0,28.256464811784,0,0,17264.7,624,0,0,0,0
"4239",2024-03-15,17,10,16627.7,623,0,0,28.256464811784,0,0,17264.7,624,0,0,0,0
"4240",2024-03-15,17,15,16767.7,620,0,0,28.256464811784,0,0,17264.7,624,0,0,0,0
"4241",2024-03-15,17,20,17264.7,611,0,0,28.256464811784,0,0,17264.7,624,0,0,0,0
"4242",2024-03-15,17,25,17100.7,610,0,0,28.256464811784,0,0,17264.7,624,0,0,0,0
"4243",2024-03-15,17,30,17004.7,610,0,0,28.256464811784,0,0,17264.7,624,0,0,0,0
"4244",2024-03-15,17,35,15137.7,578,0,0,28.256464811784,0,0,17264.7,624,0,0,0,0
"4245",2024-03-15,17,40,14327.7,571,0,0,28.256464811784,0,0,17264.7,624,0,0,0,0
"4246",2024-03-15,17,45,14459.7,568,0,0,28.256464811784,0,0,17264.7,624,0,0,0,0
"4247",2024-03-15,17,50,15236.7,569,0,0,28.256464811784,0,0,17264.7,624,0,0,0,0
"4248",2024-03-15,17,55,14912.7,561,0,0,28.256464811784,0,0,17264.7,624,0,0,0,0
"4249",2024-03-15,18,0,15488.7,560,0,0,31.0621673003802,0,0,16338.7,560,0,0,0,0
"4250",2024-03-15,18,5,15230.7,556,0,0,31.0621673003802,0,0,16338.7,560,0,0,0,0
"4251",2024-03-15,18,10,15465.7,552,0,0,31.0621673003802,0,0,16338.7,560,0,0,0,0
"4252",2024-03-15,18,15,14948.7,546,0,0,31.0621673003802,0,0,16338.7,560,0,0,0,0
"4253",2024-03-15,18,20,14158.7,536,0,0,31.0621673003802,0,0,16338.7,560,0,0,0,0
"4254",2024-03-15,18,25,14322.7,538,0,0,31.0621673003802,0,0,16338.7,560,0,0,0,0
"4255",2024-03-15,18,30,14727.7,535,0,0,31.0621673003802,0,0,16338.7,560,0,0,0,0
"4256",2024-03-15,18,35,15971.7,526,0,0,31.0621673003802,0,0,16338.7,560,0,0,0,0
"4257",2024-03-15,18,40,16338.7,526,0,0,31.0621673003802,0,0,16338.7,560,0,0,0,0
"4258",2024-03-15,18,45,15981.7,523,0,0,31.0621673003802,0,0,16338.7,560,0,0,0,0
"4259",2024-03-15,18,50,15065.7,516,0,0,31.0621673003802,0,0,16338.7,560,0,0,0,0
"4260",2024-03-15,18,55,14553.7,512,0,0,31.0621673003802,0,0,16338.7,560,0,0,0,0
"4261",2024-03-15,19,0,14492.7,517,0,0,28.9007889546351,0,0,14652.7,517,0,0,0,0
"4262",2024-03-15,19,25,12996.7,488,0,0,28.9007889546351,0,0,14652.7,517,0,0,0,0
"4263",2024-03-15,19,30,13110.7,484,0,0,28.9007889546351,0,0,14652.7,517,0,0,0,0
"4264",2024-03-15,19,35,13730.7,489,0,0,28.9007889546351,0,0,14652.7,517,0,0,0,0
"4265",2024-03-15,19,40,12777.7,484,0,0,28.9007889546351,0,0,14652.7,517,0,0,0,0
"4266",2024-03-15,19,45,13048.7,480,0,0,28.9007889546351,0,0,14652.7,517,0,0,0,0
"4267",2024-03-15,19,50,13456.7,485,0,0,28.9007889546351,0,0,14652.7,517,0,0,0,0
"4268",2024-03-15,19,55,13094.7,487,0,0,28.9007889546351,0,0,14652.7,517,0,0,0,0
"4269",2024-03-15,19,5,14484.7,514,0,0,28.9007889546351,0,0,14652.7,517,0,0,0,0
"4270",2024-03-15,19,10,14652.7,507,0,0,28.9007889546351,0,0,14652.7,517,0,0,0,0
"4271",2024-03-15,19,15,13103.7,496,0,0,28.9007889546351,0,0,14652.7,517,0,0,0,0
"4272",2024-03-15,19,20,12879.7,493,0,0,28.9007889546351,0,0,14652.7,517,0,0,0,0
"4273",2024-03-15,20,0,13569.7,491,0,0,27.6368635437882,0,0,13620.7,496,0,0,0,0
"4274",2024-03-15,20,5,12889.7,493,0,0,27.6368635437882,0,0,13620.7,496,0,0,0,0
"4275",2024-03-15,20,10,12616.7,494,0,0,27.6368635437882,0,0,13620.7,496,0,0,0,0
"4276",2024-03-15,20,15,12572.7,492,0,0,27.6368635437882,0,0,13620.7,496,0,0,0,0
"4277",2024-03-15,20,20,12537.7,490,0,0,27.6368635437882,0,0,13620.7,496,0,0,0,0
"4278",2024-03-15,20,25,12597.7,491,0,0,27.6368635437882,0,0,13620.7,496,0,0,0,0
"4279",2024-03-15,20,30,12253.7,489,0,0,27.6368635437882,0,0,13620.7,496,0,0,0,0
"4280",2024-03-15,20,35,13620.7,496,0,0,27.6368635437882,0,0,13620.7,496,0,0,0,0
"4281",2024-03-15,20,40,13588.7,494,0,0,27.6368635437882,0,0,13620.7,496,0,0,0,0
"4282",2024-03-15,20,45,13573.7,496,0,0,27.6368635437882,0,0,13620.7,496,0,0,0,0
"4283",2024-03-15,20,50,13159.7,491,0,0,27.6368635437882,0,0,13620.7,496,0,0,0,0
"4284",2024-03-15,20,55,13001.7,492,0,0,27.6368635437882,0,0,13620.7,496,0,0,0,0
"4285",2024-03-15,21,0,13213.7,492,0,0,26.8571138211382,0,0,13398.4,504,0,0,0,0
"4286",2024-03-15,21,5,11534.7,491,0,0,26.8571138211382,0,0,13398.4,504,0,0,0,0
"4287",2024-03-15,21,10,11895.7,495,0,0,26.8571138211382,0,0,13398.4,504,0,0,0,0
"4288",2024-03-15,21,15,13161.7,502,0,0,26.8571138211382,0,0,13398.4,504,0,0,0,0
"4289",2024-03-15,21,20,13111.7,501,0,0,26.8571138211382,0,0,13398.4,504,0,0,0,0
"4290",2024-03-15,21,25,13115.4,502,0,0,26.8571138211382,0,0,13398.4,504,0,0,0,0
"4291",2024-03-15,21,30,13398.4,504,0,0,26.8571138211382,0,0,13398.4,504,0,0,0,0
"4292",2024-03-15,21,35,12847.4,493,0,0,26.8571138211382,0,0,13398.4,504,0,0,0,0
"4293",2024-03-15,21,40,13101.4,492,0,0,26.8571138211382,0,0,13398.4,504,0,0,0,0
"4294",2024-03-15,21,45,12622.4,496,0,0,26.8571138211382,0,0,13398.4,504,0,0,0,0
"4295",2024-03-15,21,50,12272.4,494,0,0,26.8571138211382,0,0,13398.4,504,0,0,0,0
"4296",2024-03-15,21,55,12555.4,495,0,0,26.8571138211382,0,0,13398.4,504,0,0,0,0
"4297",2024-03-15,22,0,12156.4,488,0,0,26.3659751037344,0,0,12708.4,488,0,0,0,0
"4298",2024-03-15,22,5,11634.4,482,0,0,26.3659751037344,0,0,12708.4,488,0,0,0,0
"4299",2024-03-15,22,10,11612.4,482,0,0,26.3659751037344,0,0,12708.4,488,0,0,0,0
"4300",2024-03-15,22,15,11034.4,480,0,0,26.3659751037344,0,0,12708.4,488,0,0,0,0
"4301",2024-03-15,22,20,11018.4,477,0,0,26.3659751037344,0,0,12708.4,488,0,0,0,0
"4302",2024-03-15,22,25,11618.4,479,0,0,26.3659751037344,0,0,12708.4,488,0,0,0,0
"4303",2024-03-15,22,30,11609.4,479,0,0,26.3659751037344,0,0,12708.4,488,0,0,0,0
"4304",2024-03-15,22,35,11771.4,481,0,0,26.3659751037344,0,0,12708.4,488,0,0,0,0
"4305",2024-03-15,22,40,12659.4,485,0,0,26.3659751037344,0,0,12708.4,488,0,0,0,0
"4306",2024-03-15,22,45,12708.4,482,0,0,26.3659751037344,0,0,12708.4,488,0,0,0,0
"4307",2024-03-15,22,50,12458.4,479,0,0,26.3659751037344,0,0,12708.4,488,0,0,0,0
"4308",2024-03-15,22,55,12458.4,479,0,0,26.3659751037344,0,0,12708.4,488,0,0,0,0
"4309",2024-03-15,23,0,11786.4,475,0,0,25.6554545454545,0,0,11786.4,475,0,0,0,0
"4310",2024-03-15,23,5,11048.4,458,0,0,25.6554545454545,0,0,11786.4,475,0,0,0,0
"4311",2024-03-15,23,10,11356.4,459,0,0,25.6554545454545,0,0,11786.4,475,0,0,0,0
"4312",2024-03-15,23,15,11326.4,459,0,0,25.6554545454545,0,0,11786.4,475,0,0,0,0
"4313",2024-03-15,23,20,11256.4,462,0,0,25.6554545454545,0,0,11786.4,475,0,0,0,0
"4314",2024-03-15,23,25,11240.4,459,0,0,25.6554545454545,0,0,11786.4,475,0,0,0,0
"4315",2024-03-15,23,30,11098.4,457,0,0,25.6554545454545,0,0,11786.4,475,0,0,0,0
"4316",2024-03-15,23,35,10740.4,446,0,0,25.6554545454545,0,0,11786.4,475,0,0,0,0
"4317",2024-03-15,23,40,10862.4,446,0,0,25.6554545454545,0,0,11786.4,475,0,0,0,0
"4318",2024-03-15,23,45,10498.4,441,0,0,25.6554545454545,0,0,11786.4,475,0,0,0,0
"4319",2024-03-15,23,50,10754.4,441,0,0,25.6554545454545,0,0,11786.4,475,0,0,0,0
"4320",2024-03-15,23,55,11288.4,440,0,0,25.6554545454545,0,0,11786.4,475,0,0,0,0
"4321",2024-03-16,0,0,10257.4,430,0,0,24.5988262910798,0,0,10479.1,430,0,0,0,0
"4322",2024-03-16,0,5,10197.4,425,0,0,24.5988262910798,0,0,10479.1,430,0,0,0,0
"4323",2024-03-16,0,10,10175.4,424,0,0,24.5988262910798,0,0,10479.1,430,0,0,0,0
"4324",2024-03-16,0,15,10479.1,426,0,0,24.5988262910798,0,0,10479.1,430,0,0,0,0
"4325",2024-03-16,0,20,10244.1,422,0,0,24.5988262910798,0,0,10479.1,430,0,0,0,0
"4326",2024-03-16,0,25,10200.1,420,0,0,24.5988262910798,0,0,10479.1,430,0,0,0,0
"4327",2024-03-16,0,30,9937.1,419,0,0,24.5988262910798,0,0,10479.1,430,0,0,0,0
"4328",2024-03-16,0,35,9515.1,402,0,0,24.5988262910798,0,0,10479.1,430,0,0,0,0
"4329",2024-03-16,0,40,9442.1,399,0,0,24.5988262910798,0,0,10479.1,430,0,0,0,0
"4330",2024-03-16,0,45,9120.1,397,0,0,24.5988262910798,0,0,10479.1,430,0,0,0,0
"4331",2024-03-16,0,50,9420.1,398,0,0,24.5988262910798,0,0,10479.1,430,0,0,0,0
"4332",2024-03-16,0,55,9720.1,399,0,0,24.5988262910798,0,0,10479.1,430,0,0,0,0
"4333",2024-03-16,1,0,9337.4,413,0,0,23.3677261613692,0,0,9557.4,413,0,0,0,0
"4334",2024-03-16,1,5,9388.4,409,0,0,23.3677261613692,0,0,9557.4,413,0,0,0,0
"4335",2024-03-16,1,10,9388.4,409,0,0,23.3677261613692,0,0,9557.4,413,0,0,0,0
"4336",2024-03-16,1,15,9399.4,410,0,0,23.3677261613692,0,0,9557.4,413,0,0,0,0
"4337",2024-03-16,1,20,9557.4,409,0,0,23.3677261613692,0,0,9557.4,413,0,0,0,0
"4338",2024-03-16,1,25,9496.4,407,0,0,23.3677261613692,0,0,9557.4,413,0,0,0,0
"4339",2024-03-16,1,30,9540.4,409,0,0,23.3677261613692,0,0,9557.4,413,0,0,0,0
"4340",2024-03-16,1,35,8620.7,398,0,0,23.3677261613692,0,0,9557.4,413,0,0,0,0
"4341",2024-03-16,1,40,8620.7,398,0,0,23.3677261613692,0,0,9557.4,413,0,0,0,0
"4342",2024-03-16,1,45,8620.7,398,0,0,23.3677261613692,0,0,9557.4,413,0,0,0,0
"4343",2024-03-16,1,50,8598.7,397,0,0,23.3677261613692,0,0,9557.4,413,0,0,0,0
"4344",2024-03-16,1,55,8898.7,398,0,0,23.3677261613692,0,0,9557.4,413,0,0,0,0
"4345",2024-03-16,2,0,9020.7,400,0,0,22.55175,0,0,9020.7,400,0,0,0,0
"4346",2024-03-16,2,5,8909.7,399,0,0,22.55175,0,0,9020.7,400,0,0,0,0
"4347",2024-03-16,2,10,8920.7,400,0,0,22.55175,0,0,9020.7,400,0,0,0,0
"4348",2024-03-16,2,15,8887.7,398,0,0,22.55175,0,0,9020.7,400,0,0,0,0
"4349",2024-03-16,2,20,8909.7,399,0,0,22.55175,0,0,9020.7,400,0,0,0,0
"4350",2024-03-16,2,25,8909.7,399,0,0,22.55175,0,0,9020.7,400,0,0,0,0
"4351",2024-03-16,2,30,8909.7,399,0,0,22.55175,0,0,9020.7,400,0,0,0,0
"4352",2024-03-16,2,35,8610.7,393,0,0,22.55175,0,0,9020.7,400,0,0,0,0
"4353",2024-03-16,2,40,8510.7,392,0,0,22.55175,0,0,9020.7,400,0,0,0,0
"4354",2024-03-16,2,45,8510.7,392,0,0,22.55175,0,0,9020.7,400,0,0,0,0
"4355",2024-03-16,2,50,8510.7,392,0,0,22.55175,0,0,9020.7,400,0,0,0,0
"4356",2024-03-16,2,55,8510.7,392,0,0,22.55175,0,0,9020.7,400,0,0,0,0
"4357",2024-03-16,3,0,8570.7,393,0,0,21.8083969465649,0,0,8570.7,393,0,0,0,0
"4358",2024-03-16,3,5,8498.7,391,0,0,21.8083969465649,0,0,8570.7,393,0,0,0,0
"4359",2024-03-16,3,10,8498.7,391,0,0,21.8083969465649,0,0,8570.7,393,0,0,0,0
"4360",2024-03-16,3,15,8438.7,390,0,0,21.8083969465649,0,0,8570.7,393,0,0,0,0
"4361",2024-03-16,3,20,8498.7,391,0,0,21.8083969465649,0,0,8570.7,393,0,0,0,0
"4362",2024-03-16,3,25,8476.7,390,0,0,21.8083969465649,0,0,8570.7,393,0,0,0,0
"4363",2024-03-16,3,30,8454.7,389,0,0,21.8083969465649,0,0,8570.7,393,0,0,0,0
"4364",2024-03-16,3,35,8405.7,389,0,0,21.8083969465649,0,0,8570.7,393,0,0,0,0
"4365",2024-03-16,3,40,8405.7,389,0,0,21.8083969465649,0,0,8570.7,393,0,0,0,0
"4366",2024-03-16,3,45,8405.7,389,0,0,21.8083969465649,0,0,8570.7,393,0,0,0,0
"4367",2024-03-16,3,50,8405.7,389,0,0,21.8083969465649,0,0,8570.7,393,0,0,0,0
"4368",2024-03-16,3,55,8394.7,388,0,0,21.8083969465649,0,0,8570.7,393,0,0,0,0
"4369",2024-03-16,4,0,8394.7,388,0,0,22.5223076923077,0,0,8783.7,391,0,0,0,0
"4370",2024-03-16,4,5,8494.7,389,0,0,22.5223076923077,0,0,8783.7,391,0,0,0,0
"4371",2024-03-16,4,10,8494.7,389,0,0,22.5223076923077,0,0,8783.7,391,0,0,0,0
"4372",2024-03-16,4,15,8472.7,388,0,0,22.5223076923077,0,0,8783.7,391,0,0,0,0
"4373",2024-03-16,4,20,8472.7,388,0,0,22.5223076923077,0,0,8783.7,391,0,0,0,0
"4374",2024-03-16,4,25,8472.7,388,0,0,22.5223076923077,0,0,8783.7,391,0,0,0,0
"4375",2024-03-16,4,30,8472.7,388,0,0,22.5223076923077,0,0,8783.7,391,0,0,0,0
"4376",2024-03-16,4,35,8783.7,390,0,0,22.5223076923077,0,0,8783.7,391,0,0,0,0
"4377",2024-03-16,4,40,8683.7,389,0,0,22.5223076923077,0,0,8783.7,391,0,0,0,0
"4378",2024-03-16,4,45,8765.7,391,0,0,22.5223076923077,0,0,8783.7,391,0,0,0,0
"4379",2024-03-16,4,50,8765.7,391,0,0,22.5223076923077,0,0,8783.7,391,0,0,0,0
"4380",2024-03-16,4,55,8765.7,391,0,0,22.5223076923077,0,0,8783.7,391,0,0,0,0
"4381",2024-03-16,5,0,8705.7,390,0,0,23.4233933161954,0,0,9133.7,390,0,0,0,0
"4382",2024-03-16,5,5,8533.7,388,0,0,23.4233933161954,0,0,9133.7,390,0,0,0,0
"4383",2024-03-16,5,10,8533.7,388,0,0,23.4233933161954,0,0,9133.7,390,0,0,0,0
"4384",2024-03-16,5,15,9133.7,390,0,0,23.4233933161954,0,0,9133.7,390,0,0,0,0
"4385",2024-03-16,5,20,9133.7,390,0,0,23.4233933161954,0,0,9133.7,390,0,0,0,0
"4386",2024-03-16,5,25,9133.7,390,0,0,23.4233933161954,0,0,9133.7,390,0,0,0,0
"4387",2024-03-16,5,30,9133.7,390,0,0,23.4233933161954,0,0,9133.7,390,0,0,0,0
"4388",2024-03-16,5,35,9111.7,389,0,0,23.4233933161954,0,0,9133.7,390,0,0,0,0
"4389",2024-03-16,5,40,9111.7,389,0,0,23.4233933161954,0,0,9133.7,390,0,0,0,0
"4390",2024-03-16,5,45,8811.7,388,0,0,23.4233933161954,0,0,9133.7,390,0,0,0,0
"4391",2024-03-16,5,50,8811.7,388,0,0,23.4233933161954,0,0,9133.7,390,0,0,0,0
"4392",2024-03-16,5,55,9111.7,389,0,0,23.4233933161954,0,0,9133.7,390,0,0,0,0
"4393",2024-03-16,6,0,9111.7,389,0,0,24.2402564102564,0,0,9453.7,390,0,0,0,0
"4394",2024-03-16,6,5,9153.7,389,0,0,24.2402564102564,0,0,9453.7,390,0,0,0,0
"4395",2024-03-16,6,10,9153.7,389,0,0,24.2402564102564,0,0,9453.7,390,0,0,0,0
"4396",2024-03-16,6,15,9453.7,390,0,0,24.2402564102564,0,0,9453.7,390,0,0,0,0
"4397",2024-03-16,6,20,9453.7,390,0,0,24.2402564102564,0,0,9453.7,390,0,0,0,0
"4398",2024-03-16,6,25,9153.7,389,0,0,24.2402564102564,0,0,9453.7,390,0,0,0,0
"4399",2024-03-16,6,30,9153.7,389,0,0,24.2402564102564,0,0,9453.7,390,0,0,0,0
"4400",2024-03-16,6,35,8784.7,386,0,0,24.2402564102564,0,0,9453.7,390,0,0,0,0
"4401",2024-03-16,6,40,8784.7,386,0,0,24.2402564102564,0,0,9453.7,390,0,0,0,0
"4402",2024-03-16,6,45,8506.7,386,0,0,24.2402564102564,0,0,9453.7,390,0,0,0,0
"4403",2024-03-16,6,50,8528.7,387,0,0,24.2402564102564,0,0,9453.7,390,0,0,0,0
"4404",2024-03-16,6,55,8550.7,388,0,0,24.2402564102564,0,0,9453.7,390,0,0,0,0
"4405",2024-03-16,7,0,8506.7,386,0,0,23.77265625,0,0,9128.7,386,0,0,0,0
"4406",2024-03-16,7,5,8528.7,386,0,0,23.77265625,0,0,9128.7,386,0,0,0,0
"4407",2024-03-16,7,10,8506.7,385,0,0,23.77265625,0,0,9128.7,386,0,0,0,0
"4408",2024-03-16,7,15,8556.7,386,0,0,23.77265625,0,0,9128.7,386,0,0,0,0
"4409",2024-03-16,7,20,8534.7,385,0,0,23.77265625,0,0,9128.7,386,0,0,0,0
"4410",2024-03-16,7,25,8861.7,384,0,0,23.77265625,0,0,9128.7,386,0,0,0,0
"4411",2024-03-16,7,30,8883.7,385,0,0,23.77265625,0,0,9128.7,386,0,0,0,0
"4412",2024-03-16,7,35,8850.7,384,0,0,23.77265625,0,0,9128.7,386,0,0,0,0
"4413",2024-03-16,7,40,9128.7,384,0,0,23.77265625,0,0,9128.7,386,0,0,0,0
"4414",2024-03-16,7,45,8768.7,383,0,0,23.77265625,0,0,9128.7,386,0,0,0,0
"4415",2024-03-16,7,50,8768.7,383,0,0,23.77265625,0,0,9128.7,386,0,0,0,0
"4416",2024-03-16,7,55,8779.7,385,0,0,23.77265625,0,0,9128.7,386,0,0,0,0
"4417",2024-03-16,8,0,8779.7,385,0,0,27.6935233160622,0,0,10689.7,392,0,0,0,0
"4418",2024-03-16,8,5,9323.7,392,0,0,27.6935233160622,0,0,10689.7,392,0,0,0,0
"4419",2024-03-16,8,10,9537.7,388,0,0,27.6935233160622,0,0,10689.7,392,0,0,0,0
"4420",2024-03-16,8,15,9603.7,388,0,0,27.6935233160622,0,0,10689.7,392,0,0,0,0
"4421",2024-03-16,8,20,10523.7,392,0,0,27.6935233160622,0,0,10689.7,392,0,0,0,0
"4422",2024-03-16,8,25,9360.7,387,0,0,27.6935233160622,0,0,10689.7,392,0,0,0,0
"4423",2024-03-16,8,30,9510.7,389,0,0,27.6935233160622,0,0,10689.7,392,0,0,0,0
"4424",2024-03-16,8,35,9679.7,381,0,0,27.6935233160622,0,0,10689.7,392,0,0,0,0
"4425",2024-03-16,8,40,9466.7,378,0,0,27.6935233160622,0,0,10689.7,392,0,0,0,0
"4426",2024-03-16,8,45,10051.7,380,0,0,27.6935233160622,0,0,10689.7,392,0,0,0,0
"4427",2024-03-16,8,50,10181.7,380,0,0,27.6935233160622,0,0,10689.7,392,0,0,0,0
"4428",2024-03-16,8,55,10689.7,386,0,0,27.6935233160622,0,0,10689.7,392,0,0,0,0
"4429",2024-03-16,9,0,10460.7,385,0,0,30.8428571428571,0,0,13601.7,441,0,0,0,0
"4430",2024-03-16,9,5,11416.7,391,0,0,30.8428571428571,0,0,13601.7,441,0,0,0,0
"4431",2024-03-16,9,10,11533.7,389,0,0,30.8428571428571,0,0,13601.7,441,0,0,0,0
"4432",2024-03-16,9,15,12075.7,396,0,0,30.8428571428571,0,0,13601.7,441,0,0,0,0
"4433",2024-03-16,9,20,11703.7,393,0,0,30.8428571428571,0,0,13601.7,441,0,0,0,0
"4434",2024-03-16,9,25,12084.7,402,0,0,30.8428571428571,0,0,13601.7,441,0,0,0,0
"4435",2024-03-16,9,30,11825.7,403,0,0,30.8428571428571,0,0,13601.7,441,0,0,0,0
"4436",2024-03-16,9,35,11637.7,413,0,0,30.8428571428571,0,0,13601.7,441,0,0,0,0
"4437",2024-03-16,9,40,11922.7,416,0,0,30.8428571428571,0,0,13601.7,441,0,0,0,0
"4438",2024-03-16,9,45,12912.7,428,0,0,30.8428571428571,0,0,13601.7,441,0,0,0,0
"4439",2024-03-16,9,50,13108.7,432,0,0,30.8428571428571,0,0,13601.7,441,0,0,0,0
"4440",2024-03-16,9,55,13601.7,441,0,0,30.8428571428571,0,0,13601.7,441,0,0,0,0
"4441",2024-03-16,10,5,13654.7,468,0,0,32.8678500986193,0,0,16664,510,0,0,0,0
"4442",2024-03-16,10,10,13322.7,472,0,0,32.8678500986193,0,0,16664,510,0,0,0,0
"4443",2024-03-16,10,15,12609.7,467,0,0,32.8678500986193,0,0,16664,510,0,0,0,0
"4444",2024-03-16,10,20,12533.7,469,0,0,32.8678500986193,0,0,16664,510,0,0,0,0
"4445",2024-03-16,10,55,16623,510,0,0,32.8678500986193,0,0,16664,510,0,0,0,0
"4446",2024-03-16,10,0,13192.7,446,0,0,32.8678500986193,0,0,16664,510,0,0,0,0
"4447",2024-03-16,10,25,12514.7,471,0,0,32.8678500986193,0,0,16664,510,0,0,0,0
"4448",2024-03-16,10,30,12541.7,468,0,0,32.8678500986193,0,0,16664,510,0,0,0,0
"4449",2024-03-16,10,35,13732,483,0,0,32.8678500986193,0,0,16664,510,0,0,0,0
"4450",2024-03-16,10,40,14617,488,0,0,32.8678500986193,0,0,16664,510,0,0,0,0
"4451",2024-03-16,10,45,15872,497,0,0,32.8678500986193,0,0,16664,510,0,0,0,0
"4452",2024-03-16,10,50,16664,507,0,0,32.8678500986193,0,0,16664,510,0,0,0,0
"4453",2024-03-16,11,0,15963,508,0,0,31.4232283464567,0,0,16134,527,0,0,0,0
"4454",2024-03-16,11,5,16134,518,0,0,31.4232283464567,0,0,16134,527,0,0,0,0
"4455",2024-03-16,11,10,15158,512,0,0,31.4232283464567,0,0,16134,527,0,0,0,0
"4456",2024-03-16,11,15,15560.7,513,0,0,31.4232283464567,0,0,16134,527,0,0,0,0
"4457",2024-03-16,11,20,15417.7,516,0,0,31.4232283464567,0,0,16134,527,0,0,0,0
"4458",2024-03-16,11,25,15618.7,511,0,0,31.4232283464567,0,0,16134,527,0,0,0,0
"4459",2024-03-16,11,30,15973.7,515,0,0,31.4232283464567,0,0,16134,527,0,0,0,0
"4460",2024-03-16,11,35,15294.7,522,0,0,31.4232283464567,0,0,16134,527,0,0,0,0
"4461",2024-03-16,11,40,15521.7,523,0,0,31.4232283464567,0,0,16134,527,0,0,0,0
"4462",2024-03-16,11,45,15503.7,527,0,0,31.4232283464567,0,0,16134,527,0,0,0,0
"4463",2024-03-16,11,50,15182.7,521,0,0,31.4232283464567,0,0,16134,527,0,0,0,0
"4464",2024-03-16,11,55,15129.7,522,0,0,31.4232283464567,0,0,16134,527,0,0,0,0
"4465",2024-03-16,12,55,16429.7,557,0,0,32.3068311195446,0,0,17025.7,557,0,0,0,0
"4466",2024-03-16,12,0,15290.7,518,0,0,32.3068311195446,0,0,17025.7,557,0,0,0,0
"4467",2024-03-16,12,5,15545.7,518,0,0,32.3068311195446,0,0,17025.7,557,0,0,0,0
"4468",2024-03-16,12,10,15631.7,516,0,0,32.3068311195446,0,0,17025.7,557,0,0,0,0
"4469",2024-03-16,12,15,16364.7,523,0,0,32.3068311195446,0,0,17025.7,557,0,0,0,0
"4470",2024-03-16,12,20,15677.7,522,0,0,32.3068311195446,0,0,17025.7,557,0,0,0,0
"4471",2024-03-16,12,25,17025.7,527,0,0,32.3068311195446,0,0,17025.7,557,0,0,0,0
"4472",2024-03-16,12,30,16608.7,527,0,0,32.3068311195446,0,0,17025.7,557,0,0,0,0
"4473",2024-03-16,12,35,16403.7,550,0,0,32.3068311195446,0,0,17025.7,557,0,0,0,0
"4474",2024-03-16,12,40,16305.7,553,0,0,32.3068311195446,0,0,17025.7,557,0,0,0,0
"4475",2024-03-16,12,45,16190.7,555,0,0,32.3068311195446,0,0,17025.7,557,0,0,0,0
"4476",2024-03-16,12,50,16470.7,556,0,0,32.3068311195446,0,0,17025.7,557,0,0,0,0
"4477",2024-03-16,13,15,15693.7,548,0,0,33.0617283950617,0,0,16369.7,559,0,0,0,0
"4478",2024-03-16,13,20,15265.7,547,0,0,33.0617283950617,0,0,16369.7,559,0,0,0,0
"4479",2024-03-16,13,0,16369.7,556,0,0,33.0617283950617,0,0,16369.7,559,0,0,0,0
"4480",2024-03-16,13,5,15490.7,553,0,0,33.0617283950617,0,0,16369.7,559,0,0,0,0
"4481",2024-03-16,13,10,15993.7,551,0,0,33.0617283950617,0,0,16369.7,559,0,0,0,0
"4482",2024-03-16,13,25,15259.7,545,0,0,33.0617283950617,0,0,16369.7,559,0,0,0,0
"4483",2024-03-16,13,30,14811.7,542,0,0,33.0617283950617,0,0,16369.7,559,0,0,0,0
"4484",2024-03-16,13,35,15338.7,549,0,0,33.0617283950617,0,0,16369.7,559,0,0,0,0
"4485",2024-03-16,13,40,13828.7,518,0,0,33.0617283950617,0,0,16369.7,559,0,0,0,0
"4486",2024-03-16,13,45,8034,243,0,0,33.0617283950617,0,0,16369.7,559,0,0,0,0
"4487",2024-03-16,13,50,14763.7,559,0,0,33.0617283950617,0,0,16369.7,559,0,0,0,0
"4488",2024-03-16,13,55,14446.7,557,0,0,33.0617283950617,0,0,16369.7,559,0,0,0,0
"4489",2024-03-16,14,0,14628.7,559,0,0,31.6048300536673,0,0,17667.1,571,0,0,0,0
"4490",2024-03-16,14,5,15809.7,571,0,0,31.6048300536673,0,0,17667.1,571,0,0,0,0
"4491",2024-03-16,14,10,16537.4,554,0,0,31.6048300536673,0,0,17667.1,571,0,0,0,0
"4492",2024-03-16,14,15,16641.1,556,0,0,31.6048300536673,0,0,17667.1,571,0,0,0,0
"4493",2024-03-16,14,20,17667.1,559,0,0,31.6048300536673,0,0,17667.1,571,0,0,0,0
"4494",2024-03-16,14,25,17366.1,557,0,0,31.6048300536673,0,0,17667.1,571,0,0,0,0
"4495",2024-03-16,14,30,17359.1,556,0,0,31.6048300536673,0,0,17667.1,571,0,0,0,0
"4496",2024-03-16,14,35,17025.1,552,0,0,31.6048300536673,0,0,17667.1,571,0,0,0,0
"4497",2024-03-16,14,40,16136.1,547,0,0,31.6048300536673,0,0,17667.1,571,0,0,0,0
"4498",2024-03-16,14,45,16600.1,553,0,0,31.6048300536673,0,0,17667.1,571,0,0,0,0
"4499",2024-03-16,14,50,16691.1,552,0,0,31.6048300536673,0,0,17667.1,571,0,0,0,0
"4500",2024-03-16,14,55,16454.1,571,0,0,31.6048300536673,0,0,17667.1,571,0,0,0,0
"4501",2024-03-16,15,0,16574.1,573,0,0,29.0910839160839,0,0,16640.1,576,0,0,0,0
"4502",2024-03-16,15,5,16503.1,573,0,0,29.0910839160839,0,0,16640.1,576,0,0,0,0
"4503",2024-03-16,15,10,16640.1,572,0,0,29.0910839160839,0,0,16640.1,576,0,0,0,0
"4504",2024-03-16,15,15,15840.1,570,0,0,29.0910839160839,0,0,16640.1,576,0,0,0,0
"4505",2024-03-16,15,20,16248.1,575,0,0,29.0910839160839,0,0,16640.1,576,0,0,0,0
"4506",2024-03-16,15,25,16200.1,575,0,0,29.0910839160839,0,0,16640.1,576,0,0,0,0
"4507",2024-03-16,15,30,16244.1,576,0,0,29.0910839160839,0,0,16640.1,576,0,0,0,0
"4508",2024-03-16,15,35,15219.1,568,0,0,29.0910839160839,0,0,16640.1,576,0,0,0,0
"4509",2024-03-16,15,40,14758.1,563,0,0,29.0910839160839,0,0,16640.1,576,0,0,0,0
"4510",2024-03-16,15,45,15305.1,569,0,0,29.0910839160839,0,0,16640.1,576,0,0,0,0
"4511",2024-03-16,15,50,15507.1,566,0,0,29.0910839160839,0,0,16640.1,576,0,0,0,0
"4512",2024-03-16,15,55,15863.1,570,0,0,29.0910839160839,0,0,16640.1,576,0,0,0,0
"4513",2024-03-16,16,0,16562.1,573,0,0,29.9391382405745,0,0,16676.1,579,0,0,0,0
"4514",2024-03-16,16,5,16247.1,579,0,0,29.9391382405745,0,0,16676.1,579,0,0,0,0
"4515",2024-03-16,16,10,16170.1,574,0,0,29.9391382405745,0,0,16676.1,579,0,0,0,0
"4516",2024-03-16,16,15,16417.8,575,0,0,29.9391382405745,0,0,16676.1,579,0,0,0,0
"4517",2024-03-16,16,20,16387.1,569,0,0,29.9391382405745,0,0,16676.1,579,0,0,0,0
"4518",2024-03-16,16,25,16449.1,566,0,0,29.9391382405745,0,0,16676.1,579,0,0,0,0
"4519",2024-03-16,16,30,16405.1,564,0,0,29.9391382405745,0,0,16676.1,579,0,0,0,0
"4520",2024-03-16,16,35,16676.1,557,0,0,29.9391382405745,0,0,16676.1,579,0,0,0,0
"4521",2024-03-16,16,40,15729.1,553,0,0,29.9391382405745,0,0,16676.1,579,0,0,0,0
"4522",2024-03-16,16,45,16522.1,554,0,0,29.9391382405745,0,0,16676.1,579,0,0,0,0
"4523",2024-03-16,16,50,16174.4,551,0,0,29.9391382405745,0,0,16676.1,579,0,0,0,0
"4524",2024-03-16,16,55,16246.4,545,0,0,29.9391382405745,0,0,16676.1,579,0,0,0,0
"4525",2024-03-16,17,15,15594.4,550,0,0,30.2407272727273,0,0,16653.4,556,0,0,0,0
"4526",2024-03-16,17,20,15802.4,552,0,0,30.2407272727273,0,0,16653.4,556,0,0,0,0
"4527",2024-03-16,17,25,16653.4,554,0,0,30.2407272727273,0,0,16653.4,556,0,0,0,0
"4528",2024-03-16,17,30,15898.4,547,0,0,30.2407272727273,0,0,16653.4,556,0,0,0,0
"4529",2024-03-16,17,35,15714.4,539,0,0,30.2407272727273,0,0,16653.4,556,0,0,0,0
"4530",2024-03-16,17,40,15858.4,540,0,0,30.2407272727273,0,0,16653.4,556,0,0,0,0
"4531",2024-03-16,17,45,16308.7,541,0,0,30.2407272727273,0,0,16653.4,556,0,0,0,0
"4532",2024-03-16,17,50,15997.7,540,0,0,30.2407272727273,0,0,16653.4,556,0,0,0,0
"4533",2024-03-16,17,55,16128.7,539,0,0,30.2407272727273,0,0,16653.4,556,0,0,0,0
"4534",2024-03-16,17,0,16632.4,550,0,0,30.2407272727273,0,0,16653.4,556,0,0,0,0
"4535",2024-03-16,17,5,15962.4,556,0,0,30.2407272727273,0,0,16653.4,556,0,0,0,0
"4536",2024-03-16,17,10,16419.4,554,0,0,30.2407272727273,0,0,16653.4,556,0,0,0,0
"4537",2024-03-16,18,0,15667.7,537,0,0,29.275619047619,0,0,15667.7,537,0,0,0,0
"4538",2024-03-16,18,5,15457.7,529,0,0,29.275619047619,0,0,15667.7,537,0,0,0,0
"4539",2024-03-16,18,10,15369.7,525,0,0,29.275619047619,0,0,15667.7,537,0,0,0,0
"4540",2024-03-16,18,15,15047.7,524,0,0,29.275619047619,0,0,15667.7,537,0,0,0,0
"4541",2024-03-16,18,20,14597.7,518,0,0,29.275619047619,0,0,15667.7,537,0,0,0,0
"4542",2024-03-16,18,25,14661.7,516,0,0,29.275619047619,0,0,15667.7,537,0,0,0,0
"4543",2024-03-16,18,30,14961.7,516,0,0,29.275619047619,0,0,15667.7,537,0,0,0,0
"4544",2024-03-16,18,35,14375,511,0,0,29.275619047619,0,0,15667.7,537,0,0,0,0
"4545",2024-03-16,18,40,14665,509,0,0,29.275619047619,0,0,15667.7,537,0,0,0,0
"4546",2024-03-16,18,45,14859,512,0,0,29.275619047619,0,0,15667.7,537,0,0,0,0
"4547",2024-03-16,18,50,14516,512,0,0,29.275619047619,0,0,15667.7,537,0,0,0,0
"4548",2024-03-16,18,55,13898,511,0,0,29.275619047619,0,0,15667.7,537,0,0,0,0
"4549",2024-03-16,19,0,14019,514,0,0,28.0450980392157,0,0,14303,514,0,0,0,0
"4550",2024-03-16,19,5,14303,510,0,0,28.0450980392157,0,0,14303,514,0,0,0,0
"4551",2024-03-16,19,10,14154,508,0,0,28.0450980392157,0,0,14303,514,0,0,0,0
"4552",2024-03-16,19,15,13464,503,0,0,28.0450980392157,0,0,14303,514,0,0,0,0
"4553",2024-03-16,19,20,12769,503,0,0,28.0450980392157,0,0,14303,514,0,0,0,0
"4554",2024-03-16,19,25,13291,507,0,0,28.0450980392157,0,0,14303,514,0,0,0,0
"4555",2024-03-16,19,30,13342,505,0,0,28.0450980392157,0,0,14303,514,0,0,0,0
"4556",2024-03-16,19,35,13264,508,0,0,28.0450980392157,0,0,14303,514,0,0,0,0
"4557",2024-03-16,19,40,13374,513,0,0,28.0450980392157,0,0,14303,514,0,0,0,0
"4558",2024-03-16,19,45,12899,510,0,0,28.0450980392157,0,0,14303,514,0,0,0,0
"4559",2024-03-16,19,50,13425,510,0,0,28.0450980392157,0,0,14303,514,0,0,0,0
"4560",2024-03-16,19,55,13392,509,0,0,28.0450980392157,0,0,14303,514,0,0,0,0
"4561",2024-03-16,20,15,12585,517,0,0,26.3405511811024,0,0,13432,521,0,0,0,0
"4562",2024-03-16,20,20,12759,518,0,0,26.3405511811024,0,0,13432,521,0,0,0,0
"4563",2024-03-16,20,25,12643,514,0,0,26.3405511811024,0,0,13432,521,0,0,0,0
"4564",2024-03-16,20,30,13096,519,0,0,26.3405511811024,0,0,13432,521,0,0,0,0
"4565",2024-03-16,20,35,12148,512,0,0,26.3405511811024,0,0,13432,521,0,0,0,0
"4566",2024-03-16,20,40,12192,514,0,0,26.3405511811024,0,0,13432,521,0,0,0,0
"4567",2024-03-16,20,45,12722,517,0,0,26.3405511811024,0,0,13432,521,0,0,0,0
"4568",2024-03-16,20,50,13261,517,0,0,26.3405511811024,0,0,13432,521,0,0,0,0
"4569",2024-03-16,20,55,13003.7,510,0,0,26.3405511811024,0,0,13432,521,0,0,0,0
"4570",2024-03-16,20,0,13381,508,0,0,26.3405511811024,0,0,13432,521,0,0,0,0
"4571",2024-03-16,20,5,13432,519,0,0,26.3405511811024,0,0,13432,521,0,0,0,0
"4572",2024-03-16,20,10,12937,521,0,0,26.3405511811024,0,0,13432,521,0,0,0,0
"4573",2024-03-16,21,0,12981.7,509,0,0,25.6022177419355,0,0,12981.7,509,0,0,0,0
"4574",2024-03-16,21,5,11759.7,502,0,0,25.6022177419355,0,0,12981.7,509,0,0,0,0
"4575",2024-03-16,21,10,12744,507,0,0,25.6022177419355,0,0,12981.7,509,0,0,0,0
"4576",2024-03-16,21,15,12304.7,500,0,0,25.6022177419355,0,0,12981.7,509,0,0,0,0
"4577",2024-03-16,21,20,12268.7,503,0,0,25.6022177419355,0,0,12981.7,509,0,0,0,0
"4578",2024-03-16,21,25,11835.7,499,0,0,25.6022177419355,0,0,12981.7,509,0,0,0,0
"4579",2024-03-16,21,30,11890.7,502,0,0,25.6022177419355,0,0,12981.7,509,0,0,0,0
"4580",2024-03-16,21,35,12390.7,499,0,0,25.6022177419355,0,0,12981.7,509,0,0,0,0
"4581",2024-03-16,21,40,12226.7,496,0,0,25.6022177419355,0,0,12981.7,509,0,0,0,0
"4582",2024-03-16,21,45,12248.7,497,0,0,25.6022177419355,0,0,12981.7,509,0,0,0,0
"4583",2024-03-16,21,50,12464.7,497,0,0,25.6022177419355,0,0,12981.7,509,0,0,0,0
"4584",2024-03-16,21,55,12698.7,496,0,0,25.6022177419355,0,0,12981.7,509,0,0,0,0
"4585",2024-03-16,22,0,12398.7,495,0,0,26.80183299389,0,0,13159.7,495,0,0,0,0
"4586",2024-03-16,22,5,12870.7,490,0,0,26.80183299389,0,0,13159.7,495,0,0,0,0
"4587",2024-03-16,22,10,13159.7,491,0,0,26.80183299389,0,0,13159.7,495,0,0,0,0
"4588",2024-03-16,22,15,13088.7,490,0,0,26.80183299389,0,0,13159.7,495,0,0,0,0
"4589",2024-03-16,22,20,12741,486,0,0,26.80183299389,0,0,13159.7,495,0,0,0,0
"4590",2024-03-16,22,25,12171.7,483,0,0,26.80183299389,0,0,13159.7,495,0,0,0,0
"4591",2024-03-16,22,30,12131.4,482,0,0,26.80183299389,0,0,13159.7,495,0,0,0,0
"4592",2024-03-16,22,35,11514.4,474,0,0,26.80183299389,0,0,13159.7,495,0,0,0,0
"4593",2024-03-16,22,40,11082.4,466,0,0,26.80183299389,0,0,13159.7,495,0,0,0,0
"4594",2024-03-16,22,45,11115.4,467,0,0,26.80183299389,0,0,13159.7,495,0,0,0,0
"4595",2024-03-16,22,50,11005.4,462,0,0,26.80183299389,0,0,13159.7,495,0,0,0,0
"4596",2024-03-16,22,55,10939.4,459,0,0,26.80183299389,0,0,13159.7,495,0,0,0,0
"4597",2024-03-16,23,0,11058.1,456,0,0,25.5342222222222,0,0,11490.4,456,0,0,0,0
"4598",2024-03-16,23,5,11359.1,451,0,0,25.5342222222222,0,0,11490.4,456,0,0,0,0
"4599",2024-03-16,23,10,11337.1,450,0,0,25.5342222222222,0,0,11490.4,456,0,0,0,0
"4600",2024-03-16,23,15,10945.1,448,0,0,25.5342222222222,0,0,11490.4,456,0,0,0,0
"4601",2024-03-16,23,20,11130.4,448,0,0,25.5342222222222,0,0,11490.4,456,0,0,0,0
"4602",2024-03-16,23,25,11108.4,447,0,0,25.5342222222222,0,0,11490.4,456,0,0,0,0
"4603",2024-03-16,23,30,11490.4,450,0,0,25.5342222222222,0,0,11490.4,456,0,0,0,0
"4604",2024-03-16,23,35,10881.4,441,0,0,25.5342222222222,0,0,11490.4,456,0,0,0,0
"4605",2024-03-16,23,40,11170.4,441,0,0,25.5342222222222,0,0,11490.4,456,0,0,0,0
"4606",2024-03-16,23,45,10776.4,436,0,0,25.5342222222222,0,0,11490.4,456,0,0,0,0
"4607",2024-03-16,23,50,10754.4,435,0,0,25.5342222222222,0,0,11490.4,456,0,0,0,0
"4608",2024-03-16,23,55,10617.4,431,0,0,25.5342222222222,0,0,11490.4,456,0,0,0,0
"4609",2024-03-17,0,0,7128.4,316,0,0,24.084076433121,0,0,7562.4,316,0,0,0,0
"4610",2024-03-17,0,5,7562.4,314,0,0,24.084076433121,0,0,7562.4,316,0,0,0,0
"4611",2024-03-17,0,10,7562.4,314,0,0,24.084076433121,0,0,7562.4,316,0,0,0,0
"4612",2024-03-17,0,15,7562.4,314,0,0,24.084076433121,0,0,7562.4,316,0,0,0,0
"4613",2024-03-17,0,20,7262.4,313,0,0,24.084076433121,0,0,7562.4,316,0,0,0,0
"4614",2024-03-17,0,25,6951.4,311,0,0,24.084076433121,0,0,7562.4,316,0,0,0,0
"4615",2024-03-17,0,30,6929.4,310,0,0,24.084076433121,0,0,7562.4,316,0,0,0,0
"4616",2024-03-17,0,35,6929.4,308,0,0,24.084076433121,0,0,7562.4,316,0,0,0,0
"4617",2024-03-17,0,40,6629.4,307,0,0,24.084076433121,0,0,7562.4,316,0,0,0,0
"4618",2024-03-17,0,45,6629.4,307,0,0,24.084076433121,0,0,7562.4,316,0,0,0,0
"4619",2024-03-17,0,50,6529.4,306,0,0,24.084076433121,0,0,7562.4,316,0,0,0,0
"4620",2024-03-17,0,55,6529.4,306,0,0,24.084076433121,0,0,7562.4,316,0,0,0,0
"4621",2024-03-17,1,0,9676.1,397,0,0,25.3505076142132,0,0,9988.1,397,0,0,0,0
"4622",2024-03-17,1,5,9988.1,394,0,0,25.3505076142132,0,0,9988.1,397,0,0,0,0
"4623",2024-03-17,1,10,9688.1,393,0,0,25.3505076142132,0,0,9988.1,397,0,0,0,0
"4624",2024-03-17,1,15,9710.1,394,0,0,25.3505076142132,0,0,9988.1,397,0,0,0,0
"4625",2024-03-17,1,20,9710.1,393,0,0,25.3505076142132,0,0,9988.1,397,0,0,0,0
"4626",2024-03-17,1,25,9710.1,393,0,0,25.3505076142132,0,0,9988.1,397,0,0,0,0
"4627",2024-03-17,1,30,9388.1,391,0,0,25.3505076142132,0,0,9988.1,397,0,0,0,0
"4628",2024-03-17,1,35,9267.1,386,0,0,25.3505076142132,0,0,9988.1,397,0,0,0,0
"4629",2024-03-17,1,40,9267.1,386,0,0,25.3505076142132,0,0,9988.1,397,0,0,0,0
"4630",2024-03-17,1,45,9267.1,386,0,0,25.3505076142132,0,0,9988.1,397,0,0,0,0
"4631",2024-03-17,1,50,9267.1,386,0,0,25.3505076142132,0,0,9988.1,397,0,0,0,0
"4632",2024-03-17,1,55,9545.1,386,0,0,25.3505076142132,0,0,9988.1,397,0,0,0,0
"4633",2024-03-17,2,0,9517.1,386,0,0,25.1102094240838,0,0,9592.1,386,0,0,0,0
"4634",2024-03-17,2,5,9281.1,380,0,0,25.1102094240838,0,0,9592.1,386,0,0,0,0
"4635",2024-03-17,2,10,9592.1,382,0,0,25.1102094240838,0,0,9592.1,386,0,0,0,0
"4636",2024-03-17,2,15,9314.1,382,0,0,25.1102094240838,0,0,9592.1,386,0,0,0,0
"4637",2024-03-17,2,20,9014.1,381,0,0,25.1102094240838,0,0,9592.1,386,0,0,0,0
"4638",2024-03-17,2,25,9014.1,381,0,0,25.1102094240838,0,0,9592.1,386,0,0,0,0
"4639",2024-03-17,2,30,8992.1,380,0,0,25.1102094240838,0,0,9592.1,386,0,0,0,0
"4640",2024-03-17,2,35,9257.1,380,0,0,25.1102094240838,0,0,9592.1,386,0,0,0,0
"4641",2024-03-17,2,40,9235.1,379,0,0,25.1102094240838,0,0,9592.1,386,0,0,0,0
"4642",2024-03-17,2,45,9235.1,379,0,0,25.1102094240838,0,0,9592.1,386,0,0,0,0
"4643",2024-03-17,2,50,9235.1,379,0,0,25.1102094240838,0,0,9592.1,386,0,0,0,0
"4644",2024-03-17,2,55,9535.1,380,0,0,25.1102094240838,0,0,9592.1,386,0,0,0,0
"4645",2024-03-17,3,0,9535.1,380,0,0,25.0923684210526,0,0,9535.1,381,0,0,0,0
"4646",2024-03-17,3,5,8935.1,377,0,0,25.0923684210526,0,0,9535.1,381,0,0,0,0
"4647",2024-03-17,3,10,8935.1,377,0,0,25.0923684210526,0,0,9535.1,381,0,0,0,0
"4648",2024-03-17,3,15,9235.1,378,0,0,25.0923684210526,0,0,9535.1,381,0,0,0,0
"4649",2024-03-17,3,20,9257.1,379,0,0,25.0923684210526,0,0,9535.1,381,0,0,0,0
"4650",2024-03-17,3,25,8957.1,378,0,0,25.0923684210526,0,0,9535.1,381,0,0,0,0
"4651",2024-03-17,3,30,8957.1,378,0,0,25.0923684210526,0,0,9535.1,381,0,0,0,0
"4652",2024-03-17,3,35,9165.1,381,0,0,25.0923684210526,0,0,9535.1,381,0,0,0,0
"4653",2024-03-17,3,40,9143.1,380,0,0,25.0923684210526,0,0,9535.1,381,0,0,0,0
"4654",2024-03-17,3,45,9165.1,381,0,0,25.0923684210526,0,0,9535.1,381,0,0,0,0
"4655",2024-03-17,3,50,8865.1,380,0,0,25.0923684210526,0,0,9535.1,381,0,0,0,0
"4656",2024-03-17,3,55,9045.1,381,0,0,25.0923684210526,0,0,9535.1,381,0,0,0,0
"4657",2024-03-17,4,0,9045.1,381,0,0,23.7404199475066,0,0,9045.1,381,0,0,0,0
"4658",2024-03-17,4,5,8754.1,376,0,0,23.7404199475066,0,0,9045.1,381,0,0,0,0
"4659",2024-03-17,4,10,8754.1,376,0,0,23.7404199475066,0,0,9045.1,381,0,0,0,0
"4660",2024-03-17,4,15,8776.1,377,0,0,23.7404199475066,0,0,9045.1,381,0,0,0,0
"4661",2024-03-17,4,20,8776.1,377,0,0,23.7404199475066,0,0,9045.1,381,0,0,0,0
"4662",2024-03-17,4,25,8776.1,377,0,0,23.7404199475066,0,0,9045.1,381,0,0,0,0
"4663",2024-03-17,4,30,8776.1,377,0,0,23.7404199475066,0,0,9045.1,381,0,0,0,0
"4664",2024-03-17,4,35,8948.1,379,0,0,23.7404199475066,0,0,9045.1,381,0,0,0,0
"4665",2024-03-17,4,40,8948.1,379,0,0,23.7404199475066,0,0,9045.1,381,0,0,0,0
"4666",2024-03-17,4,45,9008.1,380,0,0,23.7404199475066,0,0,9045.1,381,0,0,0,0
"4667",2024-03-17,4,50,9008.1,380,0,0,23.7404199475066,0,0,9045.1,381,0,0,0,0
"4668",2024-03-17,4,55,9008.1,380,0,0,23.7404199475066,0,0,9045.1,381,0,0,0,0
"4669",2024-03-17,5,0,8828.1,379,0,0,25.0798408488064,0,0,9455.1,381,0,0,0,0
"4670",2024-03-17,5,5,9220.1,381,0,0,25.0798408488064,0,0,9455.1,381,0,0,0,0
"4671",2024-03-17,5,10,9220.1,381,0,0,25.0798408488064,0,0,9455.1,381,0,0,0,0
"4672",2024-03-17,5,15,9160.1,380,0,0,25.0798408488064,0,0,9455.1,381,0,0,0,0
"4673",2024-03-17,5,20,9160.1,380,0,0,25.0798408488064,0,0,9455.1,381,0,0,0,0
"4674",2024-03-17,5,25,9144.1,379,0,0,25.0798408488064,0,0,9455.1,381,0,0,0,0
"4675",2024-03-17,5,30,9144.1,379,0,0,25.0798408488064,0,0,9455.1,381,0,0,0,0
"4676",2024-03-17,5,35,9275.1,377,0,0,25.0798408488064,0,0,9455.1,381,0,0,0,0
"4677",2024-03-17,5,40,9155.1,376,0,0,25.0798408488064,0,0,9455.1,381,0,0,0,0
"4678",2024-03-17,5,45,9155.1,376,0,0,25.0798408488064,0,0,9455.1,381,0,0,0,0
"4679",2024-03-17,5,50,9155.1,376,0,0,25.0798408488064,0,0,9455.1,381,0,0,0,0
"4680",2024-03-17,5,55,9455.1,377,0,0,25.0798408488064,0,0,9455.1,381,0,0,0,0
"4681",2024-03-17,6,0,9477.1,378,0,0,25.0716931216931,0,0,9477.1,378,0,0,0,0
"4682",2024-03-17,6,5,9258.1,375,0,0,25.0716931216931,0,0,9477.1,378,0,0,0,0
"4683",2024-03-17,6,10,9258.1,375,0,0,25.0716931216931,0,0,9477.1,378,0,0,0,0
"4684",2024-03-17,6,15,9258.1,375,0,0,25.0716931216931,0,0,9477.1,378,0,0,0,0
"4685",2024-03-17,6,20,9258.1,375,0,0,25.0716931216931,0,0,9477.1,378,0,0,0,0
"4686",2024-03-17,6,25,8958.1,374,0,0,25.0716931216931,0,0,9477.1,378,0,0,0,0
"4687",2024-03-17,6,30,8958.1,374,0,0,25.0716931216931,0,0,9477.1,378,0,0,0,0
"4688",2024-03-17,6,35,9161.1,374,0,0,25.0716931216931,0,0,9477.1,378,0,0,0,0
"4689",2024-03-17,6,40,9161.1,374,0,0,25.0716931216931,0,0,9477.1,378,0,0,0,0
"4690",2024-03-17,6,45,9139.1,373,0,0,25.0716931216931,0,0,9477.1,378,0,0,0,0
"4691",2024-03-17,6,50,9161.1,374,0,0,25.0716931216931,0,0,9477.1,378,0,0,0,0
"4692",2024-03-17,6,55,9164.8,375,0,0,25.0716931216931,0,0,9477.1,378,0,0,0,0
"4693",2024-03-17,7,0,9164.8,375,0,0,24.4394666666667,0,0,9164.8,381,0,0,0,0
"4694",2024-03-17,7,5,9133.8,378,0,0,24.4394666666667,0,0,9164.8,381,0,0,0,0
"4695",2024-03-17,7,10,9133.8,378,0,0,24.4394666666667,0,0,9164.8,381,0,0,0,0
"4696",2024-03-17,7,15,9133.8,378,0,0,24.4394666666667,0,0,9164.8,381,0,0,0,0
"4697",2024-03-17,7,20,9155.8,379,0,0,24.4394666666667,0,0,9164.8,381,0,0,0,0
"4698",2024-03-17,7,25,9144.8,379,0,0,24.4394666666667,0,0,9164.8,381,0,0,0,0
"4699",2024-03-17,7,30,9122.8,378,0,0,24.4394666666667,0,0,9164.8,381,0,0,0,0
"4700",2024-03-17,7,35,9144.8,379,0,0,24.4394666666667,0,0,9164.8,381,0,0,0,0
"4701",2024-03-17,7,40,9155.8,380,0,0,24.4394666666667,0,0,9164.8,381,0,0,0,0
"4702",2024-03-17,7,45,9133.8,379,0,0,24.4394666666667,0,0,9164.8,381,0,0,0,0
"4703",2024-03-17,7,50,9155.8,380,0,0,24.4394666666667,0,0,9164.8,381,0,0,0,0
"4704",2024-03-17,7,55,9144.8,381,0,0,24.4394666666667,0,0,9164.8,381,0,0,0,0
"4705",2024-03-17,8,0,9444.8,382,0,0,27.2837628865979,0,0,10586.1,388,0,0,0,0
"4706",2024-03-17,8,5,9272.8,380,0,0,27.2837628865979,0,0,10586.1,388,0,0,0,0
"4707",2024-03-17,8,10,9594.8,382,0,0,27.2837628865979,0,0,10586.1,388,0,0,0,0
"4708",2024-03-17,8,15,9736.8,384,0,0,27.2837628865979,0,0,10586.1,388,0,0,0,0
"4709",2024-03-17,8,20,9769.8,386,0,0,27.2837628865979,0,0,10586.1,388,0,0,0,0
"4710",2024-03-17,8,25,9802.8,388,0,0,27.2837628865979,0,0,10586.1,388,0,0,0,0
"4711",2024-03-17,8,30,9852.8,388,0,0,27.2837628865979,0,0,10586.1,388,0,0,0,0
"4712",2024-03-17,8,35,10008.8,388,0,0,27.2837628865979,0,0,10586.1,388,0,0,0,0
"4713",2024-03-17,8,40,9986.8,387,0,0,27.2837628865979,0,0,10586.1,388,0,0,0,0
"4714",2024-03-17,8,45,10267.8,387,0,0,27.2837628865979,0,0,10586.1,388,0,0,0,0
"4715",2024-03-17,8,50,10586.1,388,0,0,27.2837628865979,0,0,10586.1,388,0,0,0,0
"4716",2024-03-17,8,55,9986.1,386,0,0,27.2837628865979,0,0,10586.1,388,0,0,0,0
"4717",2024-03-17,9,0,10030.1,388,0,0,26.1867875647668,0,0,10461.1,403,0,0,0,0
"4718",2024-03-17,9,5,9727.1,383,0,0,26.1867875647668,0,0,10461.1,403,0,0,0,0
"4719",2024-03-17,9,10,10069.1,385,0,0,26.1867875647668,0,0,10461.1,403,0,0,0,0
"4720",2024-03-17,9,15,10108.1,386,0,0,26.1867875647668,0,0,10461.1,403,0,0,0,0
"4721",2024-03-17,9,20,9994.1,390,0,0,26.1867875647668,0,0,10461.1,403,0,0,0,0
"4722",2024-03-17,9,25,9361.1,388,0,0,26.1867875647668,0,0,10461.1,403,0,0,0,0
"4723",2024-03-17,9,30,9300.1,387,0,0,26.1867875647668,0,0,10461.1,403,0,0,0,0
"4724",2024-03-17,9,35,10215.1,400,0,0,26.1867875647668,0,0,10461.1,403,0,0,0,0
"4725",2024-03-17,9,40,10161.1,402,0,0,26.1867875647668,0,0,10461.1,403,0,0,0,0
"4726",2024-03-17,9,45,10461.1,403,0,0,26.1867875647668,0,0,10461.1,403,0,0,0,0
"4727",2024-03-17,9,50,10461.1,403,0,0,26.1867875647668,0,0,10461.1,403,0,0,0,0
"4728",2024-03-17,9,55,10439.1,402,0,0,26.1867875647668,0,0,10461.1,403,0,0,0,0
"4729",2024-03-17,10,15,11816.1,420,0,0,31.2660674157303,0,0,13913.4,448,0,0,0,0
"4730",2024-03-17,10,20,11626.1,424,0,0,31.2660674157303,0,0,13913.4,448,0,0,0,0
"4731",2024-03-17,10,25,11951.1,428,0,0,31.2660674157303,0,0,13913.4,448,0,0,0,0
"4732",2024-03-17,10,30,12305.1,431,0,0,31.2660674157303,0,0,13913.4,448,0,0,0,0
"4733",2024-03-17,10,35,13185.1,446,0,0,31.2660674157303,0,0,13913.4,448,0,0,0,0
"4734",2024-03-17,10,40,13280.4,448,0,0,31.2660674157303,0,0,13913.4,448,0,0,0,0
"4735",2024-03-17,10,45,13841.4,445,0,0,31.2660674157303,0,0,13913.4,448,0,0,0,0
"4736",2024-03-17,10,50,13630.4,442,0,0,31.2660674157303,0,0,13913.4,448,0,0,0,0
"4737",2024-03-17,10,55,13913.4,445,0,0,31.2660674157303,0,0,13913.4,448,0,0,0,0
"4738",2024-03-17,10,0,10722.1,403,0,0,31.2660674157303,0,0,13913.4,448,0,0,0,0
"4739",2024-03-17,10,5,11431.1,416,0,0,31.2660674157303,0,0,13913.4,448,0,0,0,0
"4740",2024-03-17,10,10,11616.1,419,0,0,31.2660674157303,0,0,13913.4,448,0,0,0,0
"4741",2024-03-17,11,0,13146.4,442,0,0,30.3285115303983,0,0,14466.7,478,0,0,0,0
"4742",2024-03-17,11,5,13453.4,456,0,0,30.3285115303983,0,0,14466.7,478,0,0,0,0
"4743",2024-03-17,11,10,13426.4,458,0,0,30.3285115303983,0,0,14466.7,478,0,0,0,0
"4744",2024-03-17,11,15,13576.4,458,0,0,30.3285115303983,0,0,14466.7,478,0,0,0,0
"4745",2024-03-17,11,20,13794.4,462,0,0,30.3285115303983,0,0,14466.7,478,0,0,0,0
"4746",2024-03-17,11,25,13097.4,457,0,0,30.3285115303983,0,0,14466.7,478,0,0,0,0
"4747",2024-03-17,11,30,13155.4,460,0,0,30.3285115303983,0,0,14466.7,478,0,0,0,0
"4748",2024-03-17,11,35,13990.4,477,0,0,30.3285115303983,0,0,14466.7,478,0,0,0,0
"4749",2024-03-17,11,40,13779.4,475,0,0,30.3285115303983,0,0,14466.7,478,0,0,0,0
"4750",2024-03-17,11,45,14356.4,475,0,0,30.3285115303983,0,0,14466.7,478,0,0,0,0
"4751",2024-03-17,11,50,14466.7,477,0,0,30.3285115303983,0,0,14466.7,478,0,0,0,0
"4752",2024-03-17,11,55,13958.7,478,0,0,30.3285115303983,0,0,14466.7,478,0,0,0,0
"4753",2024-03-17,12,0,13891.7,479,0,0,31.2759036144578,0,0,15575.4,509,0,0,0,0
"4754",2024-03-17,12,5,15066.4,495,0,0,31.2759036144578,0,0,15575.4,509,0,0,0,0
"4755",2024-03-17,12,10,15575.4,498,0,0,31.2759036144578,0,0,15575.4,509,0,0,0,0
"4756",2024-03-17,12,15,14967.4,496,0,0,31.2759036144578,0,0,15575.4,509,0,0,0,0
"4757",2024-03-17,12,20,14656.4,495,0,0,31.2759036144578,0,0,15575.4,509,0,0,0,0
"4758",2024-03-17,12,25,14951.4,498,0,0,31.2759036144578,0,0,15575.4,509,0,0,0,0
"4759",2024-03-17,12,30,14176.1,496,0,0,31.2759036144578,0,0,15575.4,509,0,0,0,0
"4760",2024-03-17,12,35,15281.1,509,0,0,31.2759036144578,0,0,15575.4,509,0,0,0,0
"4761",2024-03-17,12,40,15266.4,508,0,0,31.2759036144578,0,0,15575.4,509,0,0,0,0
"4762",2024-03-17,12,45,14640.4,502,0,0,31.2759036144578,0,0,15575.4,509,0,0,0,0
"4763",2024-03-17,12,50,14455.4,504,0,0,31.2759036144578,0,0,15575.4,509,0,0,0,0
"4764",2024-03-17,12,55,14244.4,503,0,0,31.2759036144578,0,0,15575.4,509,0,0,0,0
"4765",2024-03-17,13,0,15130.4,511,0,0,34.2871527777778,0,0,16349.4,520,0,0,0,0
"4766",2024-03-17,13,5,15993.4,518,0,0,34.2871527777778,0,0,16349.4,520,0,0,0,0
"4767",2024-03-17,13,10,15681.4,519,0,0,34.2871527777778,0,0,16349.4,520,0,0,0,0
"4768",2024-03-17,13,15,16349.4,520,0,0,34.2871527777778,0,0,16349.4,520,0,0,0,0
"4769",2024-03-17,13,20,15628.4,511,0,0,34.2871527777778,0,0,16349.4,520,0,0,0,0
"4770",2024-03-17,13,25,15751.4,511,0,0,34.2871527777778,0,0,16349.4,520,0,0,0,0
"4771",2024-03-17,13,30,14606.4,510,0,0,34.2871527777778,0,0,16349.4,520,0,0,0,0
"4772",2024-03-17,13,35,14601.4,512,0,0,34.2871527777778,0,0,16349.4,520,0,0,0,0
"4773",2024-03-17,13,40,14503.4,512,0,0,34.2871527777778,0,0,16349.4,520,0,0,0,0
"4774",2024-03-17,13,45,9874.7,288,0,0,34.2871527777778,0,0,16349.4,520,0,0,0,0
"4775",2024-03-17,13,50,14336.4,517,0,0,34.2871527777778,0,0,16349.4,520,0,0,0,0
"4776",2024-03-17,13,55,14076.7,513,0,0,34.2871527777778,0,0,16349.4,520,0,0,0,0
"4777",2024-03-17,14,0,13771.7,510,0,0,29.4215799614644,0,0,15269.8,525,0,0,0,0
"4778",2024-03-17,14,5,15009.7,520,0,0,29.4215799614644,0,0,15269.8,525,0,0,0,0
"4779",2024-03-17,14,10,14953.4,518,0,0,29.4215799614644,0,0,15269.8,525,0,0,0,0
"4780",2024-03-17,14,15,15187.1,525,0,0,29.4215799614644,0,0,15269.8,525,0,0,0,0
"4781",2024-03-17,14,20,14298.1,523,0,0,29.4215799614644,0,0,15269.8,525,0,0,0,0
"4782",2024-03-17,14,25,14560.1,525,0,0,29.4215799614644,0,0,15269.8,525,0,0,0,0
"4783",2024-03-17,14,30,14816.1,523,0,0,29.4215799614644,0,0,15269.8,525,0,0,0,0
"4784",2024-03-17,14,35,14653.1,515,0,0,29.4215799614644,0,0,15269.8,525,0,0,0,0
"4785",2024-03-17,14,40,15269.8,519,0,0,29.4215799614644,0,0,15269.8,525,0,0,0,0
"4786",2024-03-17,14,45,14533.8,515,0,0,29.4215799614644,0,0,15269.8,525,0,0,0,0
"4787",2024-03-17,14,50,13769.8,511,0,0,29.4215799614644,0,0,15269.8,525,0,0,0,0
"4788",2024-03-17,14,55,14645.8,511,0,0,29.4215799614644,0,0,15269.8,525,0,0,0,0
"4789",2024-03-17,15,5,15095.8,505,0,0,30.9620553359684,0,0,15666.8,506,0,0,0,0
"4790",2024-03-17,15,10,14423.8,501,0,0,30.9620553359684,0,0,15666.8,506,0,0,0,0
"4791",2024-03-17,15,15,15666.8,506,0,0,30.9620553359684,0,0,15666.8,506,0,0,0,0
"4792",2024-03-17,15,20,14204.8,496,0,0,30.9620553359684,0,0,15666.8,506,0,0,0,0
"4793",2024-03-17,15,25,14054.1,495,0,0,30.9620553359684,0,0,15666.8,506,0,0,0,0
"4794",2024-03-17,15,30,13885.1,495,0,0,30.9620553359684,0,0,15666.8,506,0,0,0,0
"4795",2024-03-17,15,35,13596.1,494,0,0,30.9620553359684,0,0,15666.8,506,0,0,0,0
"4796",2024-03-17,15,40,13723.1,496,0,0,30.9620553359684,0,0,15666.8,506,0,0,0,0
"4797",2024-03-17,15,45,13678.1,494,0,0,30.9620553359684,0,0,15666.8,506,0,0,0,0
"4798",2024-03-17,15,50,13331.8,487,0,0,30.9620553359684,0,0,15666.8,506,0,0,0,0
"4799",2024-03-17,15,55,13534.1,488,0,0,30.9620553359684,0,0,15666.8,506,0,0,0,0
"4800",2024-03-17,15,0,14708.8,503,0,0,30.9620553359684,0,0,15666.8,506,0,0,0,0
"4801",2024-03-17,16,0,13490.1,485,0,0,30.3455823293173,0,0,15112.1,500,0,0,0,0
"4802",2024-03-17,16,5,14101.1,492,0,0,30.3455823293173,0,0,15112.1,500,0,0,0,0
"4803",2024-03-17,16,10,14583.1,496,0,0,30.3455823293173,0,0,15112.1,500,0,0,0,0
"4804",2024-03-17,16,15,14491.1,500,0,0,30.3455823293173,0,0,15112.1,500,0,0,0,0
"4805",2024-03-17,16,20,15112.1,498,0,0,30.3455823293173,0,0,15112.1,500,0,0,0,0
"4806",2024-03-17,16,25,14962.1,499,0,0,30.3455823293173,0,0,15112.1,500,0,0,0,0
"4807",2024-03-17,16,30,14859.4,493,0,0,30.3455823293173,0,0,15112.1,500,0,0,0,0
"4808",2024-03-17,16,35,14241.4,484,0,0,30.3455823293173,0,0,15112.1,500,0,0,0,0
"4809",2024-03-17,16,40,13897.4,481,0,0,30.3455823293173,0,0,15112.1,500,0,0,0,0
"4810",2024-03-17,16,45,14088.4,482,0,0,30.3455823293173,0,0,15112.1,500,0,0,0,0
"4811",2024-03-17,16,50,13389.4,477,0,0,30.3455823293173,0,0,15112.1,500,0,0,0,0
"4812",2024-03-17,16,55,14180.4,481,0,0,30.3455823293173,0,0,15112.1,500,0,0,0,0
"4813",2024-03-17,17,0,13692.4,481,0,0,32.5293868921776,0,0,15386.4,486,0,0,0,0
"4814",2024-03-17,17,5,14964.4,479,0,0,32.5293868921776,0,0,15386.4,486,0,0,0,0
"4815",2024-03-17,17,10,14904.4,479,0,0,32.5293868921776,0,0,15386.4,486,0,0,0,0
"4816",2024-03-17,17,15,14675.4,482,0,0,32.5293868921776,0,0,15386.4,486,0,0,0,0
"4817",2024-03-17,17,20,15130.4,486,0,0,32.5293868921776,0,0,15386.4,486,0,0,0,0
"4818",2024-03-17,17,25,15266.4,484,0,0,32.5293868921776,0,0,15386.4,486,0,0,0,0
"4819",2024-03-17,17,30,14808.4,483,0,0,32.5293868921776,0,0,15386.4,486,0,0,0,0
"4820",2024-03-17,17,35,14327.4,475,0,0,32.5293868921776,0,0,15386.4,486,0,0,0,0
"4821",2024-03-17,17,40,15005.4,476,0,0,32.5293868921776,0,0,15386.4,486,0,0,0,0
"4822",2024-03-17,17,45,14912.4,474,0,0,32.5293868921776,0,0,15386.4,486,0,0,0,0
"4823",2024-03-17,17,50,15386.4,473,0,0,32.5293868921776,0,0,15386.4,486,0,0,0,0
"4824",2024-03-17,17,55,14458.4,470,0,0,32.5293868921776,0,0,15386.4,486,0,0,0,0
"4825",2024-03-17,18,0,14148.4,470,0,0,30.1029787234043,0,0,14148.4,470,0,0,0,0
"4826",2024-03-17,18,5,13595.4,463,0,0,30.1029787234043,0,0,14148.4,470,0,0,0,0
"4827",2024-03-17,18,10,13469.4,460,0,0,30.1029787234043,0,0,14148.4,470,0,0,0,0
"4828",2024-03-17,18,15,13589.4,457,0,0,30.1029787234043,0,0,14148.4,470,0,0,0,0
"4829",2024-03-17,18,20,13267.7,458,0,0,30.1029787234043,0,0,14148.4,470,0,0,0,0
"4830",2024-03-17,18,25,12846.7,452,0,0,30.1029787234043,0,0,14148.4,470,0,0,0,0
"4831",2024-03-17,18,30,12985.7,454,0,0,30.1029787234043,0,0,14148.4,470,0,0,0,0
"4832",2024-03-17,18,35,12060.7,439,0,0,30.1029787234043,0,0,14148.4,470,0,0,0,0
"4833",2024-03-17,18,40,12217.7,434,0,0,30.1029787234043,0,0,14148.4,470,0,0,0,0
"4834",2024-03-17,18,45,11934.7,431,0,0,30.1029787234043,0,0,14148.4,470,0,0,0,0
"4835",2024-03-17,18,50,11437.7,425,0,0,30.1029787234043,0,0,14148.4,470,0,0,0,0
"4836",2024-03-17,18,55,11415.7,424,0,0,30.1029787234043,0,0,14148.4,470,0,0,0,0
"4837",2024-03-17,19,0,12079.7,429,0,0,28.1578088578089,0,0,12079.7,429,0,0,0,0
"4838",2024-03-17,19,5,11482.7,424,0,0,28.1578088578089,0,0,12079.7,429,0,0,0,0
"4839",2024-03-17,19,10,11343.7,423,0,0,28.1578088578089,0,0,12079.7,429,0,0,0,0
"4840",2024-03-17,19,15,11360.7,427,0,0,28.1578088578089,0,0,12079.7,429,0,0,0,0
"4841",2024-03-17,19,20,11404.7,429,0,0,28.1578088578089,0,0,12079.7,429,0,0,0,0
"4842",2024-03-17,19,25,10802.7,420,0,0,28.1578088578089,0,0,12079.7,429,0,0,0,0
"4843",2024-03-17,19,30,11441.7,420,0,0,28.1578088578089,0,0,12079.7,429,0,0,0,0
"4844",2024-03-17,19,35,11400.7,414,0,0,28.1578088578089,0,0,12079.7,429,0,0,0,0
"4845",2024-03-17,19,40,10901,413,0,0,28.1578088578089,0,0,12079.7,429,0,0,0,0
"4846",2024-03-17,19,45,10813,408,0,0,28.1578088578089,0,0,12079.7,429,0,0,0,0
"4847",2024-03-17,19,50,10820.7,410,0,0,28.1578088578089,0,0,12079.7,429,0,0,0,0
"4848",2024-03-17,19,55,10710.7,405,0,0,28.1578088578089,0,0,12079.7,429,0,0,0,0
"4849",2024-03-17,20,0,10192.7,404,0,0,25.2460559796438,0,0,10192.7,404,0,0,0,0
"4850",2024-03-17,20,5,9251.7,390,0,0,25.2460559796438,0,0,10192.7,404,0,0,0,0
"4851",2024-03-17,20,10,9921.7,393,0,0,25.2460559796438,0,0,10192.7,404,0,0,0,0
"4852",2024-03-17,20,15,9621.7,392,0,0,25.2460559796438,0,0,10192.7,404,0,0,0,0
"4853",2024-03-17,20,20,9604.7,392,0,0,25.2460559796438,0,0,10192.7,404,0,0,0,0
"4854",2024-03-17,20,25,9182.4,389,0,0,25.2460559796438,0,0,10192.7,404,0,0,0,0
"4855",2024-03-17,20,30,8718.4,385,0,0,25.2460559796438,0,0,10192.7,404,0,0,0,0
"4856",2024-03-17,20,35,8821.4,388,0,0,25.2460559796438,0,0,10192.7,404,0,0,0,0
"4857",2024-03-17,20,40,8788.4,387,0,0,25.2460559796438,0,0,10192.7,404,0,0,0,0
"4858",2024-03-17,20,45,9033.4,384,0,0,25.2460559796438,0,0,10192.7,404,0,0,0,0
"4859",2024-03-17,20,50,9532.4,388,0,0,25.2460559796438,0,0,10192.7,404,0,0,0,0
"4860",2024-03-17,20,55,9715.4,391,0,0,25.2460559796438,0,0,10192.7,404,0,0,0,0
"4861",2024-03-17,21,0,9467.1,388,0,0,26.3846575342466,0,0,9737.4,388,0,0,0,0
"4862",2024-03-17,21,5,9130.1,377,0,0,26.3846575342466,0,0,9737.4,388,0,0,0,0
"4863",2024-03-17,21,10,9452.1,378,0,0,26.3846575342466,0,0,9737.4,388,0,0,0,0
"4864",2024-03-17,21,15,9613.1,381,0,0,26.3846575342466,0,0,9737.4,388,0,0,0,0
"4865",2024-03-17,21,20,9737.4,380,0,0,26.3846575342466,0,0,9737.4,388,0,0,0,0
"4866",2024-03-17,21,25,9041.4,378,0,0,26.3846575342466,0,0,9737.4,388,0,0,0,0
"4867",2024-03-17,21,30,9341.4,379,0,0,26.3846575342466,0,0,9737.4,388,0,0,0,0
"4868",2024-03-17,21,35,9202.4,370,0,0,26.3846575342466,0,0,9737.4,388,0,0,0,0
"4869",2024-03-17,21,40,9578.4,370,0,0,26.3846575342466,0,0,9737.4,388,0,0,0,0
"4870",2024-03-17,21,45,8646.4,367,0,0,26.3846575342466,0,0,9737.4,388,0,0,0,0
"4871",2024-03-17,21,50,8613.4,365,0,0,26.3846575342466,0,0,9737.4,388,0,0,0,0
"4872",2024-03-17,21,55,9630.4,365,0,0,26.3846575342466,0,0,9737.4,388,0,0,0,0
"4873",2024-03-17,22,0,9608.4,364,0,0,27.0395604395604,0,0,9914.4,367,0,0,0,0
"4874",2024-03-17,22,5,9842.4,364,0,0,27.0395604395604,0,0,9914.4,367,0,0,0,0
"4875",2024-03-17,22,10,9400.4,360,0,0,27.0395604395604,0,0,9914.4,367,0,0,0,0
"4876",2024-03-17,22,15,9488.4,364,0,0,27.0395604395604,0,0,9914.4,367,0,0,0,0
"4877",2024-03-17,22,20,9914.4,367,0,0,27.0395604395604,0,0,9914.4,367,0,0,0,0
"4878",2024-03-17,22,25,9614.4,366,0,0,27.0395604395604,0,0,9914.4,367,0,0,0,0
"4879",2024-03-17,22,30,9036.4,364,0,0,27.0395604395604,0,0,9914.4,367,0,0,0,0
"4880",2024-03-17,22,35,8325.7,349,0,0,27.0395604395604,0,0,9914.4,367,0,0,0,0
"4881",2024-03-17,22,40,8653.7,349,0,0,27.0395604395604,0,0,9914.4,367,0,0,0,0
"4882",2024-03-17,22,45,8598.7,346,0,0,27.0395604395604,0,0,9914.4,367,0,0,0,0
"4883",2024-03-17,22,50,8254.7,342,0,0,27.0395604395604,0,0,9914.4,367,0,0,0,0
"4884",2024-03-17,22,55,8243.7,341,0,0,27.0395604395604,0,0,9914.4,367,0,0,0,0
"4885",2024-03-17,23,0,8565.7,343,0,0,24.9728862973761,0,0,8565.7,343,0,0,0,0
"4886",2024-03-17,23,5,7877.4,334,0,0,24.9728862973761,0,0,8565.7,343,0,0,0,0
"4887",2024-03-17,23,10,7921.4,336,0,0,24.9728862973761,0,0,8565.7,343,0,0,0,0
"4888",2024-03-17,23,15,7566.4,332,0,0,24.9728862973761,0,0,8565.7,343,0,0,0,0
"4889",2024-03-17,23,20,7544.4,330,0,0,24.9728862973761,0,0,8565.7,343,0,0,0,0
"4890",2024-03-17,23,25,7844.4,331,0,0,24.9728862973761,0,0,8565.7,343,0,0,0,0
"4891",2024-03-17,23,30,7833.4,330,0,0,24.9728862973761,0,0,8565.7,343,0,0,0,0
"4892",2024-03-17,23,35,7170.4,322,0,0,24.9728862973761,0,0,8565.7,343,0,0,0,0
"4893",2024-03-17,23,40,7142.4,321,0,0,24.9728862973761,0,0,8565.7,343,0,0,0,0
"4894",2024-03-17,23,45,7442.4,322,0,0,24.9728862973761,0,0,8565.7,343,0,0,0,0
"4895",2024-03-17,23,50,7409.4,320,0,0,24.9728862973761,0,0,8565.7,343,0,0,0,0
"4896",2024-03-17,23,55,7231.4,321,0,0,24.9728862973761,0,0,8565.7,343,0,0,0,0
"4897",2024-03-18,0,0,7674.4,335,0,0,23.4546583850932,0,0,7674.4,335,0,0,0,0
"4898",2024-03-18,0,5,7116.4,324,0,0,23.4546583850932,0,0,7674.4,335,0,0,0,0
"4899",2024-03-18,0,10,7094.4,323,0,0,23.4546583850932,0,0,7674.4,335,0,0,0,0
"4900",2024-03-18,0,15,7072.4,322,0,0,23.4546583850932,0,0,7674.4,335,0,0,0,0
"4901",2024-03-18,0,20,7083.4,323,0,0,23.4546583850932,0,0,7674.4,335,0,0,0,0
"4902",2024-03-18,0,25,6978.4,320,0,0,23.4546583850932,0,0,7674.4,335,0,0,0,0
"4903",2024-03-18,0,30,6967.4,319,0,0,23.4546583850932,0,0,7674.4,335,0,0,0,0
"4904",2024-03-18,0,35,6966.4,320,0,0,23.4546583850932,0,0,7674.4,335,0,0,0,0
"4905",2024-03-18,0,40,6941.4,319,0,0,23.4546583850932,0,0,7674.4,335,0,0,0,0
"4906",2024-03-18,0,45,7252.4,321,0,0,23.4546583850932,0,0,7674.4,335,0,0,0,0
"4907",2024-03-18,0,50,7252.4,321,0,0,23.4546583850932,0,0,7674.4,335,0,0,0,0
"4908",2024-03-18,0,55,7552.4,322,0,0,23.4546583850932,0,0,7674.4,335,0,0,0,0
"4909",2024-03-18,1,0,6490.7,303,0,0,21.4214521452145,0,0,6490.7,303,0,0,0,0
"4910",2024-03-18,1,5,6424.7,300,0,0,21.4214521452145,0,0,6490.7,303,0,0,0,0
"4911",2024-03-18,1,10,6402.7,299,0,0,21.4214521452145,0,0,6490.7,303,0,0,0,0
"4912",2024-03-18,1,15,6413.7,300,0,0,21.4214521452145,0,0,6490.7,303,0,0,0,0
"4913",2024-03-18,1,20,6413.7,300,0,0,21.4214521452145,0,0,6490.7,303,0,0,0,0
"4914",2024-03-18,1,25,6413.7,300,0,0,21.4214521452145,0,0,6490.7,303,0,0,0,0
"4915",2024-03-18,1,30,6413.7,300,0,0,21.4214521452145,0,0,6490.7,303,0,0,0,0
"4916",2024-03-18,1,35,6380.7,298,0,0,21.4214521452145,0,0,6490.7,303,0,0,0,0
"4917",2024-03-18,1,40,6380.7,298,0,0,21.4214521452145,0,0,6490.7,303,0,0,0,0
"4918",2024-03-18,1,45,6380.7,298,0,0,21.4214521452145,0,0,6490.7,303,0,0,0,0
"4919",2024-03-18,1,50,6358.7,297,0,0,21.4214521452145,0,0,6490.7,303,0,0,0,0
"4920",2024-03-18,1,55,6358.7,297,0,0,21.4214521452145,0,0,6490.7,303,0,0,0,0
"4921",2024-03-18,2,0,6358.7,297,0,0,21.411744966443,0,0,6413.7,300,0,0,0,0
"4922",2024-03-18,2,5,6358.7,297,0,0,21.411744966443,0,0,6413.7,300,0,0,0,0
"4923",2024-03-18,2,10,6358.7,297,0,0,21.411744966443,0,0,6413.7,300,0,0,0,0
"4924",2024-03-18,2,15,6380.7,298,0,0,21.411744966443,0,0,6413.7,300,0,0,0,0
"4925",2024-03-18,2,20,6380.7,298,0,0,21.411744966443,0,0,6413.7,300,0,0,0,0
"4926",2024-03-18,2,25,6380.7,298,0,0,21.411744966443,0,0,6413.7,300,0,0,0,0
"4927",2024-03-18,2,30,6380.7,298,0,0,21.411744966443,0,0,6413.7,300,0,0,0,0
"4928",2024-03-18,2,35,6413.7,300,0,0,21.411744966443,0,0,6413.7,300,0,0,0,0
"4929",2024-03-18,2,40,6413.7,300,0,0,21.411744966443,0,0,6413.7,300,0,0,0,0
"4930",2024-03-18,2,45,6413.7,300,0,0,21.411744966443,0,0,6413.7,300,0,0,0,0
"4931",2024-03-18,2,50,6413.7,300,0,0,21.411744966443,0,0,6413.7,300,0,0,0,0
"4932",2024-03-18,2,55,6413.7,300,0,0,21.411744966443,0,0,6413.7,300,0,0,0,0
"4933",2024-03-18,3,0,6413.7,300,0,0,22.341196013289,0,0,6724.7,302,0,0,0,0
"4934",2024-03-18,3,5,6596.7,302,0,0,22.341196013289,0,0,6724.7,302,0,0,0,0
"4935",2024-03-18,3,10,6574.7,301,0,0,22.341196013289,0,0,6724.7,302,0,0,0,0
"4936",2024-03-18,3,15,6574.7,301,0,0,22.341196013289,0,0,6724.7,302,0,0,0,0
"4937",2024-03-18,3,20,6574.7,301,0,0,22.341196013289,0,0,6724.7,302,0,0,0,0
"4938",2024-03-18,3,25,6574.7,301,0,0,22.341196013289,0,0,6724.7,302,0,0,0,0
"4939",2024-03-18,3,30,6574.7,301,0,0,22.341196013289,0,0,6724.7,302,0,0,0,0
"4940",2024-03-18,3,35,6724.7,301,0,0,22.341196013289,0,0,6724.7,302,0,0,0,0
"4941",2024-03-18,3,40,6724.7,301,0,0,22.341196013289,0,0,6724.7,302,0,0,0,0
"4942",2024-03-18,3,45,6724.7,301,0,0,22.341196013289,0,0,6724.7,302,0,0,0,0
"4943",2024-03-18,3,50,6724.7,301,0,0,22.341196013289,0,0,6724.7,302,0,0,0,0
"4944",2024-03-18,3,55,6724.7,301,0,0,22.341196013289,0,0,6724.7,302,0,0,0,0
"4945",2024-03-18,4,0,6746.7,302,0,0,22.7588815789474,0,0,6918.7,304,0,0,0,0
"4946",2024-03-18,4,5,6918.7,304,0,0,22.7588815789474,0,0,6918.7,304,0,0,0,0
"4947",2024-03-18,4,10,6918.7,304,0,0,22.7588815789474,0,0,6918.7,304,0,0,0,0
"4948",2024-03-18,4,15,6918.7,304,0,0,22.7588815789474,0,0,6918.7,304,0,0,0,0
"4949",2024-03-18,4,20,6918.7,304,0,0,22.7588815789474,0,0,6918.7,304,0,0,0,0
"4950",2024-03-18,4,25,6618.7,303,0,0,22.7588815789474,0,0,6918.7,304,0,0,0,0
"4951",2024-03-18,4,30,6618.7,303,0,0,22.7588815789474,0,0,6918.7,304,0,0,0,0
"4952",2024-03-18,4,35,6768.7,304,0,0,22.7588815789474,0,0,6918.7,304,0,0,0,0
"4953",2024-03-18,4,40,6768.7,304,0,0,22.7588815789474,0,0,6918.7,304,0,0,0,0
"4954",2024-03-18,4,45,6768.7,304,0,0,22.7588815789474,0,0,6918.7,304,0,0,0,0
"4955",2024-03-18,4,50,6768.7,304,0,0,22.7588815789474,0,0,6918.7,304,0,0,0,0
"4956",2024-03-18,4,55,6768.7,304,0,0,22.7588815789474,0,0,6918.7,304,0,0,0,0
"4957",2024-03-18,5,0,6918.7,305,0,0,23.9661184210526,0,0,7307.7,305,0,0,0,0
"4958",2024-03-18,5,5,6757.7,303,0,0,23.9661184210526,0,0,7307.7,305,0,0,0,0
"4959",2024-03-18,5,10,7057.7,304,0,0,23.9661184210526,0,0,7307.7,305,0,0,0,0
"4960",2024-03-18,5,15,7007.7,304,0,0,23.9661184210526,0,0,7307.7,305,0,0,0,0
"4961",2024-03-18,5,20,7007.7,304,0,0,23.9661184210526,0,0,7307.7,305,0,0,0,0
"4962",2024-03-18,5,25,7307.7,305,0,0,23.9661184210526,0,0,7307.7,305,0,0,0,0
"4963",2024-03-18,5,30,7307.7,305,0,0,23.9661184210526,0,0,7307.7,305,0,0,0,0
"4964",2024-03-18,5,35,7285.7,304,0,0,23.9661184210526,0,0,7307.7,305,0,0,0,0
"4965",2024-03-18,5,40,6985.7,303,0,0,23.9661184210526,0,0,7307.7,305,0,0,0,0
"4966",2024-03-18,5,45,6963.7,302,0,0,23.9661184210526,0,0,7307.7,305,0,0,0,0
"4967",2024-03-18,5,50,6941.7,301,0,0,23.9661184210526,0,0,7307.7,305,0,0,0,0
"4968",2024-03-18,5,55,6941.7,301,0,0,23.9661184210526,0,0,7307.7,305,0,0,0,0
"4969",2024-03-18,6,0,6963.7,302,0,0,23.2474522292994,0,0,7299.7,314,0,0,0,0
"4970",2024-03-18,6,5,7029.7,305,0,0,23.2474522292994,0,0,7299.7,314,0,0,0,0
"4971",2024-03-18,6,10,7029.7,305,0,0,23.2474522292994,0,0,7299.7,314,0,0,0,0
"4972",2024-03-18,6,15,6773.7,306,0,0,23.2474522292994,0,0,7299.7,314,0,0,0,0
"4973",2024-03-18,6,20,6773.7,306,0,0,23.2474522292994,0,0,7299.7,314,0,0,0,0
"4974",2024-03-18,6,25,6773.7,306,0,0,23.2474522292994,0,0,7299.7,314,0,0,0,0
"4975",2024-03-18,6,30,6795.7,307,0,0,23.2474522292994,0,0,7299.7,314,0,0,0,0
"4976",2024-03-18,6,35,6916.7,307,0,0,23.2474522292994,0,0,7299.7,314,0,0,0,0
"4977",2024-03-18,6,40,6988.7,310,0,0,23.2474522292994,0,0,7299.7,314,0,0,0,0
"4978",2024-03-18,6,45,7010.7,311,0,0,23.2474522292994,0,0,7299.7,314,0,0,0,0
"4979",2024-03-18,6,50,6994.7,310,0,0,23.2474522292994,0,0,7299.7,314,0,0,0,0
"4980",2024-03-18,6,55,7299.7,314,0,0,23.2474522292994,0,0,7299.7,314,0,0,0,0
"4981",2024-03-18,7,0,7304.7,316,0,0,24.1351274787535,0,0,8519.7,353,0,0,0,0
"4982",2024-03-18,7,5,7274.7,314,0,0,24.1351274787535,0,0,8519.7,353,0,0,0,0
"4983",2024-03-18,7,10,7422.7,319,0,0,24.1351274787535,0,0,8519.7,353,0,0,0,0
"4984",2024-03-18,7,15,7166.7,320,0,0,24.1351274787535,0,0,8519.7,353,0,0,0,0
"4985",2024-03-18,7,20,7221.7,323,0,0,24.1351274787535,0,0,8519.7,353,0,0,0,0
"4986",2024-03-18,7,25,7393.7,327,0,0,24.1351274787535,0,0,8519.7,353,0,0,0,0
"4987",2024-03-18,7,30,7825.7,334,0,0,24.1351274787535,0,0,8519.7,353,0,0,0,0
"4988",2024-03-18,7,35,7777.7,336,0,0,24.1351274787535,0,0,8519.7,353,0,0,0,0
"4989",2024-03-18,7,40,7799.7,337,0,0,24.1351274787535,0,0,8519.7,353,0,0,0,0
"4990",2024-03-18,7,45,8088.7,338,0,0,24.1351274787535,0,0,8519.7,353,0,0,0,0
"4991",2024-03-18,7,50,7842.7,346,0,0,24.1351274787535,0,0,8519.7,353,0,0,0,0
"4992",2024-03-18,7,55,8519.7,353,0,0,24.1351274787535,0,0,8519.7,353,0,0,0,0
"4993",2024-03-18,8,35,9805.7,412,0,0,26.1470454545455,0,0,11504.7,440,0,0,0,0
"4994",2024-03-18,8,40,10673.7,419,0,0,26.1470454545455,0,0,11504.7,440,0,0,0,0
"4995",2024-03-18,8,45,11221.7,433,0,0,26.1470454545455,0,0,11504.7,440,0,0,0,0
"4996",2024-03-18,8,50,11504.7,440,0,0,26.1470454545455,0,0,11504.7,440,0,0,0,0
"4997",2024-03-18,8,55,11198.7,440,0,0,26.1470454545455,0,0,11504.7,440,0,0,0,0
"4998",2024-03-18,8,0,9016.7,359,0,0,26.1470454545455,0,0,11504.7,440,0,0,0,0
"4999",2024-03-18,8,5,9526.7,366,0,0,26.1470454545455,0,0,11504.7,440,0,0,0,0
"5000",2024-03-18,8,10,9614.7,370,0,0,26.1470454545455,0,0,11504.7,440,0,0,0,0
"5001",2024-03-18,8,25,9283.7,385,0,0,26.1470454545455,0,0,11504.7,440,0,0,0,0
"5002",2024-03-18,8,30,9272.7,387,0,0,26.1470454545455,0,0,11504.7,440,0,0,0,0
"5003",2024-03-18,8,15,9385.7,373,0,0,26.1470454545455,0,0,11504.7,440,0,0,0,0
"5004",2024-03-18,8,20,9217.7,380,0,0,26.1470454545455,0,0,11504.7,440,0,0,0,0
"5005",2024-03-18,9,0,11283.7,442,0,0,25.9756989247312,0,0,13418.7,542,0,0,0,0
"5006",2024-03-18,9,5,12078.7,465,0,0,25.9756989247312,0,0,13418.7,542,0,0,0,0
"5007",2024-03-18,9,10,12081.7,473,0,0,25.9756989247312,0,0,13418.7,542,0,0,0,0
"5008",2024-03-18,9,15,12166.7,480,0,0,25.9756989247312,0,0,13418.7,542,0,0,0,0
"5009",2024-03-18,9,20,11909.7,482,0,0,25.9756989247312,0,0,13418.7,542,0,0,0,0
"5010",2024-03-18,9,25,12521.7,492,0,0,25.9756989247312,0,0,13418.7,542,0,0,0,0
"5011",2024-03-18,9,30,12554.7,493,0,0,25.9756989247312,0,0,13418.7,542,0,0,0,0
"5012",2024-03-18,9,35,13418.7,527,0,0,25.9756989247312,0,0,13418.7,542,0,0,0,0
"5013",2024-03-18,9,40,13170.7,532,0,0,25.9756989247312,0,0,13418.7,542,0,0,0,0
"5014",2024-03-18,9,45,13352.7,535,0,0,25.9756989247312,0,0,13418.7,542,0,0,0,0
"5015",2024-03-18,9,50,13255.7,537,0,0,25.9756989247312,0,0,13418.7,542,0,0,0,0
"5016",2024-03-18,9,55,13157.7,542,0,0,25.9756989247312,0,0,13418.7,542,0,0,0,0
"5017",2024-03-18,10,0,13196.7,543,0,0,24.3033149171271,0,0,13385.7,590,0,0,0,0
"5018",2024-03-18,10,5,13385.7,562,0,0,24.3033149171271,0,0,13385.7,590,0,0,0,0
"5019",2024-03-18,10,10,12796.7,560,0,0,24.3033149171271,0,0,13385.7,590,0,0,0,0
"5020",2024-03-18,10,15,12981.7,568,0,0,24.3033149171271,0,0,13385.7,590,0,0,0,0
"5021",2024-03-18,10,20,12856.7,570,0,0,24.3033149171271,0,0,13385.7,590,0,0,0,0
"5022",2024-03-18,10,25,13145.7,572,0,0,24.3033149171271,0,0,13385.7,590,0,0,0,0
"5023",2024-03-18,10,30,13282.7,577,0,0,24.3033149171271,0,0,13385.7,590,0,0,0,0
"5024",2024-03-18,10,35,13327.7,590,0,0,24.3033149171271,0,0,13385.7,590,0,0,0,0
"5025",2024-03-18,10,40,13074.7,590,0,0,24.3033149171271,0,0,13385.7,590,0,0,0,0
"5026",2024-03-18,10,45,12818.7,589,0,0,24.3033149171271,0,0,13385.7,590,0,0,0,0
"5027",2024-03-18,10,50,13135.7,590,0,0,24.3033149171271,0,0,13385.7,590,0,0,0,0
"5028",2024-03-18,10,55,13115.7,589,0,0,24.3033149171271,0,0,13385.7,590,0,0,0,0
"5029",2024-03-18,11,0,13477.7,592,0,0,27.2038205980066,0,0,16415.7,612,0,0,0,0
"5030",2024-03-18,11,5,13741.7,598,0,0,27.2038205980066,0,0,16415.7,612,0,0,0,0
"5031",2024-03-18,11,10,14291.7,603,0,0,27.2038205980066,0,0,16415.7,612,0,0,0,0
"5032",2024-03-18,11,15,15059.7,600,0,0,27.2038205980066,0,0,16415.7,612,0,0,0,0
"5033",2024-03-18,11,20,15292.7,601,0,0,27.2038205980066,0,0,16415.7,612,0,0,0,0
"5034",2024-03-18,11,25,15308.7,598,0,0,27.2038205980066,0,0,16415.7,612,0,0,0,0
"5035",2024-03-18,11,30,16115.7,599,0,0,27.2038205980066,0,0,16415.7,612,0,0,0,0
"5036",2024-03-18,11,35,16376.7,602,0,0,27.2038205980066,0,0,16415.7,612,0,0,0,0
"5037",2024-03-18,11,40,15526.7,600,0,0,27.2038205980066,0,0,16415.7,612,0,0,0,0
"5038",2024-03-18,11,45,15689.7,601,0,0,27.2038205980066,0,0,16415.7,612,0,0,0,0
"5039",2024-03-18,11,50,16399.7,608,0,0,27.2038205980066,0,0,16415.7,612,0,0,0,0
"5040",2024-03-18,11,55,16415.7,612,0,0,27.2038205980066,0,0,16415.7,612,0,0,0,0
"5041",2024-03-18,12,0,16829.7,611,0,0,27.5445171849427,0,0,16829.7,614,0,0,0,0
"5042",2024-03-18,12,5,16609.7,614,0,0,27.5445171849427,0,0,16829.7,614,0,0,0,0
"5043",2024-03-18,12,10,16379.7,610,0,0,27.5445171849427,0,0,16829.7,614,0,0,0,0
"5044",2024-03-18,12,15,16291.7,605,0,0,27.5445171849427,0,0,16829.7,614,0,0,0,0
"5045",2024-03-18,12,20,16258.7,604,0,0,27.5445171849427,0,0,16829.7,614,0,0,0,0
"5046",2024-03-18,12,25,16196.7,607,0,0,27.5445171849427,0,0,16829.7,614,0,0,0,0
"5047",2024-03-18,12,30,16119.7,602,0,0,27.5445171849427,0,0,16829.7,614,0,0,0,0
"5048",2024-03-18,12,35,16485.7,609,0,0,27.5445171849427,0,0,16829.7,614,0,0,0,0
"5049",2024-03-18,12,40,15650.7,603,0,0,27.5445171849427,0,0,16829.7,614,0,0,0,0
"5050",2024-03-18,12,45,15473.7,599,0,0,27.5445171849427,0,0,16829.7,614,0,0,0,0
"5051",2024-03-18,12,50,15417.7,590,0,0,27.5445171849427,0,0,16829.7,614,0,0,0,0
"5052",2024-03-18,12,55,15307.7,589,0,0,27.5445171849427,0,0,16829.7,614,0,0,0,0
"5053",2024-03-18,13,0,15337.7,583,0,0,32.007662835249,0,0,15337.7,583,0,0,0,0
"5054",2024-03-18,13,5,14656.7,566,0,0,32.007662835249,0,0,15337.7,583,0,0,0,0
"5055",2024-03-18,13,10,14412,564,0,0,32.007662835249,0,0,15337.7,583,0,0,0,0
"5056",2024-03-18,13,15,14644,557,0,0,32.007662835249,0,0,15337.7,583,0,0,0,0
"5057",2024-03-18,13,20,14339,554,0,0,32.007662835249,0,0,15337.7,583,0,0,0,0
"5058",2024-03-18,13,25,13625,543,0,0,32.007662835249,0,0,15337.7,583,0,0,0,0
"5059",2024-03-18,13,30,13323,540,0,0,32.007662835249,0,0,15337.7,583,0,0,0,0
"5060",2024-03-18,13,35,13476,534,0,0,32.007662835249,0,0,15337.7,583,0,0,0,0
"5061",2024-03-18,13,40,13935,539,0,0,32.007662835249,0,0,15337.7,583,0,0,0,0
"5062",2024-03-18,13,45,8354,261,0,0,32.007662835249,0,0,15337.7,583,0,0,0,0
"5063",2024-03-18,13,50,14766,546,0,0,32.007662835249,0,0,15337.7,583,0,0,0,0
"5064",2024-03-18,13,55,14835,549,0,0,32.007662835249,0,0,15337.7,583,0,0,0,0
"5065",2024-03-18,14,0,15163,560,0,0,27.5168402777778,0,0,15849.7,581,0,0,0,0
"5066",2024-03-18,14,5,15042,554,0,0,27.5168402777778,0,0,15849.7,581,0,0,0,0
"5067",2024-03-18,14,10,15222,555,0,0,27.5168402777778,0,0,15849.7,581,0,0,0,0
"5068",2024-03-18,14,15,14550,561,0,0,27.5168402777778,0,0,15849.7,581,0,0,0,0
"5069",2024-03-18,14,20,14901,560,0,0,27.5168402777778,0,0,15849.7,581,0,0,0,0
"5070",2024-03-18,14,25,14319,563,0,0,27.5168402777778,0,0,15849.7,581,0,0,0,0
"5071",2024-03-18,14,30,14458,568,0,0,27.5168402777778,0,0,15849.7,581,0,0,0,0
"5072",2024-03-18,14,35,15849.7,576,0,0,27.5168402777778,0,0,15849.7,581,0,0,0,0
"5073",2024-03-18,14,40,14941.7,573,0,0,27.5168402777778,0,0,15849.7,581,0,0,0,0
"5074",2024-03-18,14,45,13979.7,573,0,0,27.5168402777778,0,0,15849.7,581,0,0,0,0
"5075",2024-03-18,14,50,14068.7,576,0,0,27.5168402777778,0,0,15849.7,581,0,0,0,0
"5076",2024-03-18,14,55,14751.7,581,0,0,27.5168402777778,0,0,15849.7,581,0,0,0,0
"5077",2024-03-18,15,0,15142.7,584,0,0,27.4628333333333,0,0,16477.7,600,0,0,0,0
"5078",2024-03-18,15,5,16477.7,600,0,0,27.4628333333333,0,0,16477.7,600,0,0,0,0
"5079",2024-03-18,15,10,16351.7,598,0,0,27.4628333333333,0,0,16477.7,600,0,0,0,0
"5080",2024-03-18,15,15,16100.7,599,0,0,27.4628333333333,0,0,16477.7,600,0,0,0,0
"5081",2024-03-18,15,20,16272.7,599,0,0,27.4628333333333,0,0,16477.7,600,0,0,0,0
"5082",2024-03-18,15,25,16180.7,597,0,0,27.4628333333333,0,0,16477.7,600,0,0,0,0
"5083",2024-03-18,15,30,15924.7,598,0,0,27.4628333333333,0,0,16477.7,600,0,0,0,0
"5084",2024-03-18,15,35,15115.7,592,0,0,27.4628333333333,0,0,16477.7,600,0,0,0,0
"5085",2024-03-18,15,40,15021.7,589,0,0,27.4628333333333,0,0,16477.7,600,0,0,0,0
"5086",2024-03-18,15,45,15364.7,593,0,0,27.4628333333333,0,0,16477.7,600,0,0,0,0
"5087",2024-03-18,15,50,15583.7,595,0,0,27.4628333333333,0,0,16477.7,600,0,0,0,0
"5088",2024-03-18,15,55,15705.7,599,0,0,27.4628333333333,0,0,16477.7,600,0,0,0,0
"5089",2024-03-18,16,0,15865.7,605,0,0,29.7339655172414,0,0,17245.7,605,0,0,0,0
"5090",2024-03-18,16,5,15848.7,600,0,0,29.7339655172414,0,0,17245.7,605,0,0,0,0
"5091",2024-03-18,16,10,15859.7,601,0,0,29.7339655172414,0,0,17245.7,605,0,0,0,0
"5092",2024-03-18,16,15,15640.7,599,0,0,29.7339655172414,0,0,17245.7,605,0,0,0,0
"5093",2024-03-18,16,20,16409.7,602,0,0,29.7339655172414,0,0,17245.7,605,0,0,0,0
"5094",2024-03-18,16,25,16365.7,599,0,0,29.7339655172414,0,0,17245.7,605,0,0,0,0
"5095",2024-03-18,16,30,16065.7,597,0,0,29.7339655172414,0,0,17245.7,605,0,0,0,0
"5096",2024-03-18,16,35,15951.7,582,0,0,29.7339655172414,0,0,17245.7,605,0,0,0,0
"5097",2024-03-18,16,40,15951.7,582,0,0,29.7339655172414,0,0,17245.7,605,0,0,0,0
"5098",2024-03-18,16,45,16573.7,576,0,0,29.7339655172414,0,0,17245.7,605,0,0,0,0
"5099",2024-03-18,16,50,17245.7,580,0,0,29.7339655172414,0,0,17245.7,605,0,0,0,0
"5100",2024-03-18,16,55,16904.7,573,0,0,29.7339655172414,0,0,17245.7,605,0,0,0,0
"5101",2024-03-18,17,0,17226.7,574,0,0,30.0116724738676,0,0,17226.7,574,0,0,0,0
"5102",2024-03-18,17,5,16189.7,564,0,0,30.0116724738676,0,0,17226.7,574,0,0,0,0
"5103",2024-03-18,17,10,16120.7,559,0,0,30.0116724738676,0,0,17226.7,574,0,0,0,0
"5104",2024-03-18,17,15,15462.7,549,0,0,30.0116724738676,0,0,17226.7,574,0,0,0,0
"5105",2024-03-18,17,20,15346.7,544,0,0,30.0116724738676,0,0,17226.7,574,0,0,0,0
"5106",2024-03-18,17,25,15223.7,538,0,0,30.0116724738676,0,0,17226.7,574,0,0,0,0
"5107",2024-03-18,17,30,15659.7,541,0,0,30.0116724738676,0,0,17226.7,574,0,0,0,0
"5108",2024-03-18,17,35,15659.7,541,0,0,30.0116724738676,0,0,17226.7,574,0,0,0,0
"5109",2024-03-18,17,40,14469.7,531,0,0,30.0116724738676,0,0,17226.7,574,0,0,0,0
"5110",2024-03-18,17,45,14113.7,531,0,0,30.0116724738676,0,0,17226.7,574,0,0,0,0
"5111",2024-03-18,17,50,14075.7,526,0,0,30.0116724738676,0,0,17226.7,574,0,0,0,0
"5112",2024-03-18,17,55,12988.7,513,0,0,30.0116724738676,0,0,17226.7,574,0,0,0,0
"5113",2024-03-18,18,0,13691,517,0,0,30.8062374245473,0,0,15310.7,517,0,0,0,0
"5114",2024-03-18,18,5,13490.7,513,0,0,30.8062374245473,0,0,15310.7,517,0,0,0,0
"5115",2024-03-18,18,10,13710.7,509,0,0,30.8062374245473,0,0,15310.7,517,0,0,0,0
"5116",2024-03-18,18,15,12549.7,482,0,0,30.8062374245473,0,0,15310.7,517,0,0,0,0
"5117",2024-03-18,18,20,12549.7,482,0,0,30.8062374245473,0,0,15310.7,517,0,0,0,0
"5118",2024-03-18,18,25,12549.7,482,0,0,30.8062374245473,0,0,15310.7,517,0,0,0,0
"5119",2024-03-18,18,30,13239.7,500,0,0,30.8062374245473,0,0,15310.7,517,0,0,0,0
"5120",2024-03-18,18,35,13361.7,483,0,0,30.8062374245473,0,0,15310.7,517,0,0,0,0
"5121",2024-03-18,18,40,14031.7,502,0,0,30.8062374245473,0,0,15310.7,517,0,0,0,0
"5122",2024-03-18,18,45,15310.7,497,0,0,30.8062374245473,0,0,15310.7,517,0,0,0,0
"5123",2024-03-18,18,50,15010.7,496,0,0,30.8062374245473,0,0,15310.7,517,0,0,0,0
"5124",2024-03-18,18,55,14551.7,482,0,0,30.8062374245473,0,0,15310.7,517,0,0,0,0
"5125",2024-03-18,19,0,14185.7,478,0,0,32.4180769230769,0,0,14506.7,478,0,0,0,0
"5126",2024-03-18,19,5,8428.7,260,0,0,32.4180769230769,0,0,14506.7,478,0,0,0,0
"5127",2024-03-18,19,10,13619.7,459,0,0,32.4180769230769,0,0,14506.7,478,0,0,0,0
"5128",2024-03-18,19,15,14014.7,460,0,0,32.4180769230769,0,0,14506.7,478,0,0,0,0
"5129",2024-03-18,19,20,13974.7,457,0,0,32.4180769230769,0,0,14506.7,478,0,0,0,0
"5130",2024-03-18,19,25,14290.7,460,0,0,32.4180769230769,0,0,14506.7,478,0,0,0,0
"5131",2024-03-18,19,30,14316.7,454,0,0,32.4180769230769,0,0,14506.7,478,0,0,0,0
"5132",2024-03-18,19,35,14506.7,449,0,0,32.4180769230769,0,0,14506.7,478,0,0,0,0
"5133",2024-03-18,19,40,13864.7,450,0,0,32.4180769230769,0,0,14506.7,478,0,0,0,0
"5134",2024-03-18,19,45,13536.7,443,0,0,32.4180769230769,0,0,14506.7,478,0,0,0,0
"5135",2024-03-18,19,50,13549.7,443,0,0,32.4180769230769,0,0,14506.7,478,0,0,0,0
"5136",2024-03-18,19,55,12788.4,438,0,0,32.4180769230769,0,0,14506.7,478,0,0,0,0
"5137",2024-03-18,20,0,11893.4,431,0,0,29.2036764705882,0,0,11991.4,431,0,0,0,0
"5138",2024-03-18,20,5,11012.4,413,0,0,29.2036764705882,0,0,11991.4,431,0,0,0,0
"5139",2024-03-18,20,10,11034.4,414,0,0,29.2036764705882,0,0,11991.4,431,0,0,0,0
"5140",2024-03-18,20,15,11559.4,411,0,0,29.2036764705882,0,0,11991.4,431,0,0,0,0
"5141",2024-03-18,20,20,11691.4,416,0,0,29.2036764705882,0,0,11991.4,431,0,0,0,0
"5142",2024-03-18,20,25,11863.4,418,0,0,29.2036764705882,0,0,11991.4,431,0,0,0,0
"5143",2024-03-18,20,30,11991.4,417,0,0,29.2036764705882,0,0,11991.4,431,0,0,0,0
"5144",2024-03-18,20,35,11315.1,406,0,0,29.2036764705882,0,0,11991.4,431,0,0,0,0
"5145",2024-03-18,20,40,11915.1,408,0,0,29.2036764705882,0,0,11991.4,431,0,0,0,0
"5146",2024-03-18,20,45,11710.1,404,0,0,29.2036764705882,0,0,11991.4,431,0,0,0,0
"5147",2024-03-18,20,50,11535.1,399,0,0,29.2036764705882,0,0,11991.4,431,0,0,0,0
"5148",2024-03-18,20,55,11136.1,393,0,0,29.2036764705882,0,0,11991.4,431,0,0,0,0
"5149",2024-03-18,21,0,10536.1,391,0,0,27.9975871313673,0,0,10610.1,391,0,0,0,0
"5150",2024-03-18,21,5,8274.1,347,0,0,27.9975871313673,0,0,10610.1,391,0,0,0,0
"5151",2024-03-18,21,10,10506.1,379,0,0,27.9975871313673,0,0,10610.1,391,0,0,0,0
"5152",2024-03-18,21,15,10173.1,376,0,0,27.9975871313673,0,0,10610.1,391,0,0,0,0
"5153",2024-03-18,21,20,10597.1,380,0,0,27.9975871313673,0,0,10610.1,391,0,0,0,0
"5154",2024-03-18,21,25,10443.1,373,0,0,27.9975871313673,0,0,10610.1,391,0,0,0,0
"5155",2024-03-18,21,30,10610.1,383,0,0,27.9975871313673,0,0,10610.1,391,0,0,0,0
"5156",2024-03-18,21,35,10442.1,383,0,0,27.9975871313673,0,0,10610.1,391,0,0,0,0
"5157",2024-03-18,21,40,10018.1,380,0,0,27.9975871313673,0,0,10610.1,391,0,0,0,0
"5158",2024-03-18,21,45,9990.1,380,0,0,27.9975871313673,0,0,10610.1,391,0,0,0,0
"5159",2024-03-18,21,50,9924.1,377,0,0,27.9975871313673,0,0,10610.1,391,0,0,0,0
"5160",2024-03-18,21,55,9722.1,376,0,0,27.9975871313673,0,0,10610.1,391,0,0,0,0
"5161",2024-03-18,22,0,9367.1,371,0,0,28.441689373297,0,0,10438.1,371,0,0,0,0
"5162",2024-03-18,22,5,9462.1,366,0,0,28.441689373297,0,0,10438.1,371,0,0,0,0
"5163",2024-03-18,22,10,9718.1,365,0,0,28.441689373297,0,0,10438.1,371,0,0,0,0
"5164",2024-03-18,22,15,10046.1,366,0,0,28.441689373297,0,0,10438.1,371,0,0,0,0
"5165",2024-03-18,22,20,10297.1,366,0,0,28.441689373297,0,0,10438.1,371,0,0,0,0
"5166",2024-03-18,22,25,10438.1,367,0,0,28.441689373297,0,0,10438.1,371,0,0,0,0
"5167",2024-03-18,22,30,9582.1,365,0,0,28.441689373297,0,0,10438.1,371,0,0,0,0
"5168",2024-03-18,22,35,9680.1,356,0,0,28.441689373297,0,0,10438.1,371,0,0,0,0
"5169",2024-03-18,22,40,9636.1,354,0,0,28.441689373297,0,0,10438.1,371,0,0,0,0
"5170",2024-03-18,22,45,9292.1,351,0,0,28.441689373297,0,0,10438.1,371,0,0,0,0
"5171",2024-03-18,22,50,9270.1,350,0,0,28.441689373297,0,0,10438.1,371,0,0,0,0
"5172",2024-03-18,22,55,9110.4,348,0,0,28.441689373297,0,0,10438.1,371,0,0,0,0
"5173",2024-03-18,23,0,9110.4,348,0,0,26.1793103448276,0,0,9110.4,348,0,0,0,0
"5174",2024-03-18,23,5,8485.4,346,0,0,26.1793103448276,0,0,9110.4,348,0,0,0,0
"5175",2024-03-18,23,10,8485.4,346,0,0,26.1793103448276,0,0,9110.4,348,0,0,0,0
"5176",2024-03-18,23,15,8419.4,343,0,0,26.1793103448276,0,0,9110.4,348,0,0,0,0
"5177",2024-03-18,23,20,8314.4,340,0,0,26.1793103448276,0,0,9110.4,348,0,0,0,0
"5178",2024-03-18,23,25,7850.4,336,0,0,26.1793103448276,0,0,9110.4,348,0,0,0,0
"5179",2024-03-18,23,30,7872.4,336,0,0,26.1793103448276,0,0,9110.4,348,0,0,0,0
"5180",2024-03-18,23,35,7468.4,333,0,0,26.1793103448276,0,0,9110.4,348,0,0,0,0
"5181",2024-03-18,23,40,7446.4,331,0,0,26.1793103448276,0,0,9110.4,348,0,0,0,0
"5182",2024-03-18,23,45,7513.4,333,0,0,26.1793103448276,0,0,9110.4,348,0,0,0,0
"5183",2024-03-18,23,50,7535.4,334,0,0,26.1793103448276,0,0,9110.4,348,0,0,0,0
"5184",2024-03-18,23,55,7480.4,332,0,0,26.1793103448276,0,0,9110.4,348,0,0,0,0
"5185",2024-03-19,0,0,8324.7,342,0,0,25.185843373494,0,0,8361.7,342,0,0,0,0
"5186",2024-03-19,0,5,8361.7,332,0,0,25.185843373494,0,0,8361.7,342,0,0,0,0
"5187",2024-03-19,0,10,8039.7,330,0,0,25.185843373494,0,0,8361.7,342,0,0,0,0
"5188",2024-03-19,0,15,8039.7,330,0,0,25.185843373494,0,0,8361.7,342,0,0,0,0
"5189",2024-03-19,0,20,8089.7,331,0,0,25.185843373494,0,0,8361.7,342,0,0,0,0
"5190",2024-03-19,0,25,8089.7,331,0,0,25.185843373494,0,0,8361.7,342,0,0,0,0
"5191",2024-03-19,0,30,7995.7,329,0,0,25.185843373494,0,0,8361.7,342,0,0,0,0
"5192",2024-03-19,0,35,7951.7,328,0,0,25.185843373494,0,0,8361.7,342,0,0,0,0
"5193",2024-03-19,0,40,7940.7,327,0,0,25.185843373494,0,0,8361.7,342,0,0,0,0
"5194",2024-03-19,0,45,7940.7,327,0,0,25.185843373494,0,0,8361.7,342,0,0,0,0
"5195",2024-03-19,0,50,8229.7,328,0,0,25.185843373494,0,0,8361.7,342,0,0,0,0
"5196",2024-03-19,0,55,8279.7,329,0,0,25.185843373494,0,0,8361.7,342,0,0,0,0
"5197",2024-03-19,1,0,7722.4,324,0,0,23.9444794952681,0,0,7722.4,324,0,0,0,0
"5198",2024-03-19,1,5,7590.4,317,0,0,23.9444794952681,0,0,7722.4,324,0,0,0,0
"5199",2024-03-19,1,10,7107.4,313,0,0,23.9444794952681,0,0,7722.4,324,0,0,0,0
"5200",2024-03-19,1,15,6807.4,312,0,0,23.9444794952681,0,0,7722.4,324,0,0,0,0
"5201",2024-03-19,1,20,6796.4,311,0,0,23.9444794952681,0,0,7722.4,324,0,0,0,0
"5202",2024-03-19,1,25,6796.4,311,0,0,23.9444794952681,0,0,7722.4,324,0,0,0,0
"5203",2024-03-19,1,30,6818.4,312,0,0,23.9444794952681,0,0,7722.4,324,0,0,0,0
"5204",2024-03-19,1,35,7290.4,315,0,0,23.9444794952681,0,0,7722.4,324,0,0,0,0
"5205",2024-03-19,1,40,7290.4,315,0,0,23.9444794952681,0,0,7722.4,324,0,0,0,0
"5206",2024-03-19,1,45,6990.4,314,0,0,23.9444794952681,0,0,7722.4,324,0,0,0,0
"5207",2024-03-19,1,50,6968.4,313,0,0,23.9444794952681,0,0,7722.4,324,0,0,0,0
"5208",2024-03-19,1,55,6968.4,313,0,0,23.9444794952681,0,0,7722.4,324,0,0,0,0
"5209",2024-03-19,2,0,6968.4,313,0,0,22.2632587859425,0,0,6968.4,313,0,0,0,0
"5210",2024-03-19,2,5,6774.4,310,0,0,22.2632587859425,0,0,6968.4,313,0,0,0,0
"5211",2024-03-19,2,10,6774.4,310,0,0,22.2632587859425,0,0,6968.4,313,0,0,0,0
"5212",2024-03-19,2,15,6774.4,310,0,0,22.2632587859425,0,0,6968.4,313,0,0,0,0
"5213",2024-03-19,2,20,6774.4,310,0,0,22.2632587859425,0,0,6968.4,313,0,0,0,0
"5214",2024-03-19,2,25,6774.4,310,0,0,22.2632587859425,0,0,6968.4,313,0,0,0,0
"5215",2024-03-19,2,30,6774.4,310,0,0,22.2632587859425,0,0,6968.4,313,0,0,0,0
"5216",2024-03-19,2,35,6796.4,312,0,0,22.2632587859425,0,0,6968.4,313,0,0,0,0
"5217",2024-03-19,2,40,6818.4,313,0,0,22.2632587859425,0,0,6968.4,313,0,0,0,0
"5218",2024-03-19,2,45,6818.4,313,0,0,22.2632587859425,0,0,6968.4,313,0,0,0,0
"5219",2024-03-19,2,50,6818.4,313,0,0,22.2632587859425,0,0,6968.4,313,0,0,0,0
"5220",2024-03-19,2,55,6818.4,313,0,0,22.2632587859425,0,0,6968.4,313,0,0,0,0
"5221",2024-03-19,3,0,6818.4,313,0,0,22.5141025641026,0,0,7024.4,313,0,0,0,0
"5222",2024-03-19,3,5,6757.4,312,0,0,22.5141025641026,0,0,7024.4,313,0,0,0,0
"5223",2024-03-19,3,10,6735.4,311,0,0,22.5141025641026,0,0,7024.4,313,0,0,0,0
"5224",2024-03-19,3,15,6735.4,311,0,0,22.5141025641026,0,0,7024.4,313,0,0,0,0
"5225",2024-03-19,3,20,7024.4,312,0,0,22.5141025641026,0,0,7024.4,313,0,0,0,0
"5226",2024-03-19,3,25,7024.4,312,0,0,22.5141025641026,0,0,7024.4,313,0,0,0,0
"5227",2024-03-19,3,30,7024.4,312,0,0,22.5141025641026,0,0,7024.4,313,0,0,0,0
"5228",2024-03-19,3,35,7024.4,312,0,0,22.5141025641026,0,0,7024.4,313,0,0,0,0
"5229",2024-03-19,3,40,6724.4,311,0,0,22.5141025641026,0,0,7024.4,313,0,0,0,0
"5230",2024-03-19,3,45,6724.4,311,0,0,22.5141025641026,0,0,7024.4,313,0,0,0,0
"5231",2024-03-19,3,50,6724.4,311,0,0,22.5141025641026,0,0,7024.4,313,0,0,0,0
"5232",2024-03-19,3,55,6724.4,311,0,0,22.5141025641026,0,0,7024.4,313,0,0,0,0
"5233",2024-03-19,4,0,6724.4,311,0,0,22.3515923566879,0,0,7018.4,314,0,0,0,0
"5234",2024-03-19,4,5,6724.4,310,0,0,22.3515923566879,0,0,7018.4,314,0,0,0,0
"5235",2024-03-19,4,10,6724.4,310,0,0,22.3515923566879,0,0,7018.4,314,0,0,0,0
"5236",2024-03-19,4,15,6746.4,311,0,0,22.3515923566879,0,0,7018.4,314,0,0,0,0
"5237",2024-03-19,4,20,6746.4,311,0,0,22.3515923566879,0,0,7018.4,314,0,0,0,0
"5238",2024-03-19,4,25,6746.4,311,0,0,22.3515923566879,0,0,7018.4,314,0,0,0,0
"5239",2024-03-19,4,30,6746.4,311,0,0,22.3515923566879,0,0,7018.4,314,0,0,0,0
"5240",2024-03-19,4,35,6918.4,313,0,0,22.3515923566879,0,0,7018.4,314,0,0,0,0
"5241",2024-03-19,4,40,7018.4,314,0,0,22.3515923566879,0,0,7018.4,314,0,0,0,0
"5242",2024-03-19,4,45,7018.4,314,0,0,22.3515923566879,0,0,7018.4,314,0,0,0,0
"5243",2024-03-19,4,50,7018.4,314,0,0,22.3515923566879,0,0,7018.4,314,0,0,0,0
"5244",2024-03-19,4,55,7018.4,314,0,0,22.3515923566879,0,0,7018.4,314,0,0,0,0
"5245",2024-03-19,5,0,7018.4,314,0,0,23.9690322580645,0,0,7474.4,314,0,0,0,0
"5246",2024-03-19,5,5,6896.4,312,0,0,23.9690322580645,0,0,7474.4,314,0,0,0,0
"5247",2024-03-19,5,10,6896.4,312,0,0,23.9690322580645,0,0,7474.4,314,0,0,0,0
"5248",2024-03-19,5,15,6896.4,312,0,0,23.9690322580645,0,0,7474.4,314,0,0,0,0
"5249",2024-03-19,5,20,6896.4,312,0,0,23.9690322580645,0,0,7474.4,314,0,0,0,0
"5250",2024-03-19,5,25,7174.4,312,0,0,23.9690322580645,0,0,7474.4,314,0,0,0,0
"5251",2024-03-19,5,30,7174.4,312,0,0,23.9690322580645,0,0,7474.4,314,0,0,0,0
"5252",2024-03-19,5,35,7185.4,312,0,0,23.9690322580645,0,0,7474.4,314,0,0,0,0
"5253",2024-03-19,5,40,7185.4,312,0,0,23.9690322580645,0,0,7474.4,314,0,0,0,0
"5254",2024-03-19,5,45,7141.4,310,0,0,23.9690322580645,0,0,7474.4,314,0,0,0,0
"5255",2024-03-19,5,50,7430.4,310,0,0,23.9690322580645,0,0,7474.4,314,0,0,0,0
"5256",2024-03-19,5,55,7474.4,312,0,0,23.9690322580645,0,0,7474.4,314,0,0,0,0
"5257",2024-03-19,6,0,7796.4,314,0,0,26.2520900321543,0,0,8186.4,314,0,0,0,0
"5258",2024-03-19,6,5,7842.4,309,0,0,26.2520900321543,0,0,8186.4,314,0,0,0,0
"5259",2024-03-19,6,10,7842.4,309,0,0,26.2520900321543,0,0,8186.4,314,0,0,0,0
"5260",2024-03-19,6,15,7864.4,310,0,0,26.2520900321543,0,0,8186.4,314,0,0,0,0
"5261",2024-03-19,6,20,7864.4,310,0,0,26.2520900321543,0,0,8186.4,314,0,0,0,0
"5262",2024-03-19,6,25,8164.4,311,0,0,26.2520900321543,0,0,8186.4,314,0,0,0,0
"5263",2024-03-19,6,30,8164.4,311,0,0,26.2520900321543,0,0,8186.4,314,0,0,0,0
"5264",2024-03-19,6,35,8186.4,312,0,0,26.2520900321543,0,0,8186.4,314,0,0,0,0
"5265",2024-03-19,6,40,8025.4,310,0,0,26.2520900321543,0,0,8186.4,314,0,0,0,0
"5266",2024-03-19,6,45,7971.4,308,0,0,26.2520900321543,0,0,8186.4,314,0,0,0,0
"5267",2024-03-19,6,50,8037.4,311,0,0,26.2520900321543,0,0,8186.4,314,0,0,0,0
"5268",2024-03-19,6,55,6881.4,309,0,0,26.2520900321543,0,0,8186.4,314,0,0,0,0
"5269",2024-03-19,7,0,7569.4,312,0,0,25.545,0,0,8600.7,367,0,0,0,0
"5270",2024-03-19,7,5,8174.4,320,0,0,25.545,0,0,8600.7,367,0,0,0,0
"5271",2024-03-19,7,10,8302.7,326,0,0,25.545,0,0,8600.7,367,0,0,0,0
"5272",2024-03-19,7,15,7904.7,329,0,0,25.545,0,0,8600.7,367,0,0,0,0
"5273",2024-03-19,7,20,7582.7,327,0,0,25.545,0,0,8600.7,367,0,0,0,0
"5274",2024-03-19,7,25,7414.7,333,0,0,25.545,0,0,8600.7,367,0,0,0,0
"5275",2024-03-19,7,30,7513.7,339,0,0,25.545,0,0,8600.7,367,0,0,0,0
"5276",2024-03-19,7,35,7770,347,0,0,25.545,0,0,8600.7,367,0,0,0,0
"5277",2024-03-19,7,40,7834.7,352,0,0,25.545,0,0,8600.7,367,0,0,0,0
"5278",2024-03-19,7,45,8201.7,362,0,0,25.545,0,0,8600.7,367,0,0,0,0
"5279",2024-03-19,7,50,8556.7,365,0,0,25.545,0,0,8600.7,367,0,0,0,0
"5280",2024-03-19,7,55,8600.7,367,0,0,25.545,0,0,8600.7,367,0,0,0,0
"5281",2024-03-19,8,0,8694.7,374,0,0,26.6105617977528,0,0,12018.7,453,0,0,0,0
"5282",2024-03-19,8,5,9289.7,385,0,0,26.6105617977528,0,0,12018.7,453,0,0,0,0
"5283",2024-03-19,8,10,9289.7,384,0,0,26.6105617977528,0,0,12018.7,453,0,0,0,0
"5284",2024-03-19,8,15,9311.7,385,0,0,26.6105617977528,0,0,12018.7,453,0,0,0,0
"5285",2024-03-19,8,20,9218.7,396,0,0,26.6105617977528,0,0,12018.7,453,0,0,0,0
"5286",2024-03-19,8,25,9459.7,404,0,0,26.6105617977528,0,0,12018.7,453,0,0,0,0
"5287",2024-03-19,8,30,9560.7,409,0,0,26.6105617977528,0,0,12018.7,453,0,0,0,0
"5288",2024-03-19,8,35,11479.7,438,0,0,26.6105617977528,0,0,12018.7,453,0,0,0,0
"5289",2024-03-19,8,40,11390.7,443,0,0,26.6105617977528,0,0,12018.7,453,0,0,0,0
"5290",2024-03-19,8,45,11743.7,446,0,0,26.6105617977528,0,0,12018.7,453,0,0,0,0
"5291",2024-03-19,8,50,11841.7,445,0,0,26.6105617977528,0,0,12018.7,453,0,0,0,0
"5292",2024-03-19,8,55,12018.7,453,0,0,26.6105617977528,0,0,12018.7,453,0,0,0,0
"5293",2024-03-19,9,15,13575.7,499,0,0,27.2058116232465,0,0,13920,541,0,0,0,0
"5294",2024-03-19,9,20,13656.7,509,0,0,27.2058116232465,0,0,13920,541,0,0,0,0
"5295",2024-03-19,9,25,13908.7,516,0,0,27.2058116232465,0,0,13920,541,0,0,0,0
"5296",2024-03-19,9,30,13872.7,520,0,0,27.2058116232465,0,0,13920,541,0,0,0,0
"5297",2024-03-19,9,35,13714.7,536,0,0,27.2058116232465,0,0,13920,541,0,0,0,0
"5298",2024-03-19,9,40,13446,538,0,0,27.2058116232465,0,0,13920,541,0,0,0,0
"5299",2024-03-19,9,45,13843,537,0,0,27.2058116232465,0,0,13920,541,0,0,0,0
"5300",2024-03-19,9,50,13920,541,0,0,27.2058116232465,0,0,13920,541,0,0,0,0
"5301",2024-03-19,9,55,13909,541,0,0,27.2058116232465,0,0,13920,541,0,0,0,0
"5302",2024-03-19,9,5,12595.7,481,0,0,27.2058116232465,0,0,13920,541,0,0,0,0
"5303",2024-03-19,9,10,13065.7,489,0,0,27.2058116232465,0,0,13920,541,0,0,0,0
"5304",2024-03-19,9,0,11517.7,458,0,0,27.2058116232465,0,0,13920,541,0,0,0,0
"5305",2024-03-19,10,0,14163,550,0,0,26.242700729927,0,0,15409,605,0,0,0,0
"5306",2024-03-19,10,5,14381,548,0,0,26.242700729927,0,0,15409,605,0,0,0,0
"5307",2024-03-19,10,10,13939,545,0,0,26.242700729927,0,0,15409,605,0,0,0,0
"5308",2024-03-19,10,15,14393,550,0,0,26.242700729927,0,0,15409,605,0,0,0,0
"5309",2024-03-19,10,20,14187,554,0,0,26.242700729927,0,0,15409,605,0,0,0,0
"5310",2024-03-19,10,25,14383,557,0,0,26.242700729927,0,0,15409,605,0,0,0,0
"5311",2024-03-19,10,30,14622,561,0,0,26.242700729927,0,0,15409,605,0,0,0,0
"5312",2024-03-19,10,35,14927,594,0,0,26.242700729927,0,0,15409,605,0,0,0,0
"5313",2024-03-19,10,40,14651,594,0,0,26.242700729927,0,0,15409,605,0,0,0,0
"5314",2024-03-19,10,45,14889,598,0,0,26.242700729927,0,0,15409,605,0,0,0,0
"5315",2024-03-19,10,50,15065,602,0,0,26.242700729927,0,0,15409,605,0,0,0,0
"5316",2024-03-19,10,55,15409,605,0,0,26.242700729927,0,0,15409,605,0,0,0,0
"5317",2024-03-19,11,25,16746,621,0,0,26.9661835748792,0,0,16746,628,0,0,0,0
"5318",2024-03-19,11,30,15199,612,0,0,26.9661835748792,0,0,16746,628,0,0,0,0
"5319",2024-03-19,11,0,15351,600,0,0,26.9661835748792,0,0,16746,628,0,0,0,0
"5320",2024-03-19,11,5,15497,603,0,0,26.9661835748792,0,0,16746,628,0,0,0,0
"5321",2024-03-19,11,10,15635,608,0,0,26.9661835748792,0,0,16746,628,0,0,0,0
"5322",2024-03-19,11,15,16128,612,0,0,26.9661835748792,0,0,16746,628,0,0,0,0
"5323",2024-03-19,11,20,16527,618,0,0,26.9661835748792,0,0,16746,628,0,0,0,0
"5324",2024-03-19,11,35,15212,625,0,0,26.9661835748792,0,0,16746,628,0,0,0,0
"5325",2024-03-19,11,40,15331,625,0,0,26.9661835748792,0,0,16746,628,0,0,0,0
"5326",2024-03-19,11,45,15773,628,0,0,26.9661835748792,0,0,16746,628,0,0,0,0
"5327",2024-03-19,11,50,15687,624,0,0,26.9661835748792,0,0,16746,628,0,0,0,0
"5328",2024-03-19,11,55,15905,623,0,0,26.9661835748792,0,0,16746,628,0,0,0,0
"5329",2024-03-19,12,0,15796,627,0,0,27.4625199362041,0,0,17230,628,0,0,0,0
"5330",2024-03-19,12,5,15553,626,0,0,27.4625199362041,0,0,17230,628,0,0,0,0
"5331",2024-03-19,12,10,15388,622,0,0,27.4625199362041,0,0,17230,628,0,0,0,0
"5332",2024-03-19,12,15,16649,626,0,0,27.4625199362041,0,0,17230,628,0,0,0,0
"5333",2024-03-19,12,20,17219,627,0,0,27.4625199362041,0,0,17230,628,0,0,0,0
"5334",2024-03-19,12,25,17230,628,0,0,27.4625199362041,0,0,17230,628,0,0,0,0
"5335",2024-03-19,12,30,16810,622,0,0,27.4625199362041,0,0,17230,628,0,0,0,0
"5336",2024-03-19,12,35,15695.3,618,0,0,27.4625199362041,0,0,17230,628,0,0,0,0
"5337",2024-03-19,12,40,14898.3,613,0,0,27.4625199362041,0,0,17230,628,0,0,0,0
"5338",2024-03-19,12,45,14802.3,610,0,0,27.4625199362041,0,0,17230,628,0,0,0,0
"5339",2024-03-19,12,50,14783.3,605,0,0,27.4625199362041,0,0,17230,628,0,0,0,0
"5340",2024-03-19,12,55,14754.3,600,0,0,27.4625199362041,0,0,17230,628,0,0,0,0
"5341",2024-03-19,13,0,14944.3,597,0,0,35.0240997229917,0,0,17682.3,597,0,0,0,0
"5342",2024-03-19,13,5,15749.3,588,0,0,35.0240997229917,0,0,17682.3,597,0,0,0,0
"5343",2024-03-19,13,10,16005.3,585,0,0,35.0240997229917,0,0,17682.3,597,0,0,0,0
"5344",2024-03-19,13,15,15779.3,574,0,0,35.0240997229917,0,0,17682.3,597,0,0,0,0
"5345",2024-03-19,13,20,15779.3,576,0,0,35.0240997229917,0,0,17682.3,597,0,0,0,0
"5346",2024-03-19,13,25,15374.3,571,0,0,35.0240997229917,0,0,17682.3,597,0,0,0,0
"5347",2024-03-19,13,30,15388.3,578,0,0,35.0240997229917,0,0,17682.3,597,0,0,0,0
"5348",2024-03-19,13,35,16282.3,575,0,0,35.0240997229917,0,0,17682.3,597,0,0,0,0
"5349",2024-03-19,13,40,15977.3,571,0,0,35.0240997229917,0,0,17682.3,597,0,0,0,0
"5350",2024-03-19,13,55,17682.3,580,0,0,35.0240997229917,0,0,17682.3,597,0,0,0,0
"5351",2024-03-19,13,45,12643.7,361,0,0,35.0240997229917,0,0,17682.3,597,0,0,0,0
"5352",2024-03-19,13,50,17105.3,575,0,0,35.0240997229917,0,0,17682.3,597,0,0,0,0
"5353",2024-03-19,14,0,17941.3,579,0,0,30.986701208981,0,0,17941.3,579,0,0,0,0
"5354",2024-03-19,14,5,16305.3,564,0,0,30.986701208981,0,0,17941.3,579,0,0,0,0
"5355",2024-03-19,14,10,16183.3,550,0,0,30.986701208981,0,0,17941.3,579,0,0,0,0
"5356",2024-03-19,14,15,16119.3,556,0,0,30.986701208981,0,0,17941.3,579,0,0,0,0
"5357",2024-03-19,14,20,15781,559,0,0,30.986701208981,0,0,17941.3,579,0,0,0,0
"5358",2024-03-19,14,25,15509.3,560,0,0,30.986701208981,0,0,17941.3,579,0,0,0,0
"5359",2024-03-19,14,30,15628.3,558,0,0,30.986701208981,0,0,17941.3,579,0,0,0,0
"5360",2024-03-19,14,35,15665.3,559,0,0,30.986701208981,0,0,17941.3,579,0,0,0,0
"5361",2024-03-19,14,40,15385.3,563,0,0,30.986701208981,0,0,17941.3,579,0,0,0,0
"5362",2024-03-19,14,45,15565.3,564,0,0,30.986701208981,0,0,17941.3,579,0,0,0,0
"5363",2024-03-19,14,50,15460.3,571,0,0,30.986701208981,0,0,17941.3,579,0,0,0,0
"5364",2024-03-19,14,55,15219.3,572,0,0,30.986701208981,0,0,17941.3,579,0,0,0,0
"5365",2024-03-19,15,0,15102.3,572,0,0,28.3084437086093,0,0,17098.3,604,0,0,0,0
"5366",2024-03-19,15,5,15121.3,580,0,0,28.3084437086093,0,0,17098.3,604,0,0,0,0
"5367",2024-03-19,15,10,15660.3,581,0,0,28.3084437086093,0,0,17098.3,604,0,0,0,0
"5368",2024-03-19,15,15,15520.3,586,0,0,28.3084437086093,0,0,17098.3,604,0,0,0,0
"5369",2024-03-19,15,20,16138.3,592,0,0,28.3084437086093,0,0,17098.3,604,0,0,0,0
"5370",2024-03-19,15,25,15885.3,590,0,0,28.3084437086093,0,0,17098.3,604,0,0,0,0
"5371",2024-03-19,15,30,15496.3,589,0,0,28.3084437086093,0,0,17098.3,604,0,0,0,0
"5372",2024-03-19,15,35,17098.3,604,0,0,28.3084437086093,0,0,17098.3,604,0,0,0,0
"5373",2024-03-19,15,40,16418.3,603,0,0,28.3084437086093,0,0,17098.3,604,0,0,0,0
"5374",2024-03-19,15,45,16139.3,601,0,0,28.3084437086093,0,0,17098.3,604,0,0,0,0
"5375",2024-03-19,15,50,15544.3,602,0,0,28.3084437086093,0,0,17098.3,604,0,0,0,0
"5376",2024-03-19,15,55,15172,598,0,0,28.3084437086093,0,0,17098.3,604,0,0,0,0
"5377",2024-03-19,16,0,15801,599,0,0,26.4376254180602,0,0,15809.7,599,0,0,0,0
"5378",2024-03-19,16,5,15493.7,599,0,0,26.4376254180602,0,0,15809.7,599,0,0,0,0
"5379",2024-03-19,16,10,15618.7,599,0,0,26.4376254180602,0,0,15809.7,599,0,0,0,0
"5380",2024-03-19,16,15,15507.7,598,0,0,26.4376254180602,0,0,15809.7,599,0,0,0,0
"5381",2024-03-19,16,20,14718.7,597,0,0,26.4376254180602,0,0,15809.7,599,0,0,0,0
"5382",2024-03-19,16,25,15407.7,598,0,0,26.4376254180602,0,0,15809.7,599,0,0,0,0
"5383",2024-03-19,16,30,15809.7,598,0,0,26.4376254180602,0,0,15809.7,599,0,0,0,0
"5384",2024-03-19,16,35,15044.7,589,0,0,26.4376254180602,0,0,15809.7,599,0,0,0,0
"5385",2024-03-19,16,40,14910.7,581,0,0,26.4376254180602,0,0,15809.7,599,0,0,0,0
"5386",2024-03-19,16,45,15101.7,583,0,0,26.4376254180602,0,0,15809.7,599,0,0,0,0
"5387",2024-03-19,16,50,14755.7,579,0,0,26.4376254180602,0,0,15809.7,599,0,0,0,0
"5388",2024-03-19,16,55,15327.7,582,0,0,26.4376254180602,0,0,15809.7,599,0,0,0,0
"5389",2024-03-19,17,0,15305.7,582,0,0,29.1202464788732,0,0,16540.3,582,0,0,0,0
"5390",2024-03-19,17,5,15581,580,0,0,29.1202464788732,0,0,16540.3,582,0,0,0,0
"5391",2024-03-19,17,10,14767,570,0,0,29.1202464788732,0,0,16540.3,582,0,0,0,0
"5392",2024-03-19,17,15,15187,573,0,0,29.1202464788732,0,0,16540.3,582,0,0,0,0
"5393",2024-03-19,17,20,14493,568,0,0,29.1202464788732,0,0,16540.3,582,0,0,0,0
"5394",2024-03-19,17,25,14961,572,0,0,29.1202464788732,0,0,16540.3,582,0,0,0,0
"5395",2024-03-19,17,30,14804,568,0,0,29.1202464788732,0,0,16540.3,582,0,0,0,0
"5396",2024-03-19,17,35,15177,568,0,0,29.1202464788732,0,0,16540.3,582,0,0,0,0
"5397",2024-03-19,17,40,15780,568,0,0,29.1202464788732,0,0,16540.3,582,0,0,0,0
"5398",2024-03-19,17,45,16540.3,568,0,0,29.1202464788732,0,0,16540.3,582,0,0,0,0
"5399",2024-03-19,17,50,15922,565,0,0,29.1202464788732,0,0,16540.3,582,0,0,0,0
"5400",2024-03-19,17,55,15825,560,0,0,29.1202464788732,0,0,16540.3,582,0,0,0,0
"5401",2024-03-19,18,0,15748,556,0,0,29.3186346863469,0,0,15890.7,556,0,0,0,0
"5402",2024-03-19,18,5,15890.7,542,0,0,29.3186346863469,0,0,15890.7,556,0,0,0,0
"5403",2024-03-19,18,10,14600.7,529,0,0,29.3186346863469,0,0,15890.7,556,0,0,0,0
"5404",2024-03-19,18,15,14289.7,525,0,0,29.3186346863469,0,0,15890.7,556,0,0,0,0
"5405",2024-03-19,18,20,13889.7,518,0,0,29.3186346863469,0,0,15890.7,556,0,0,0,0
"5406",2024-03-19,18,25,13783.7,509,0,0,29.3186346863469,0,0,15890.7,556,0,0,0,0
"5407",2024-03-19,18,30,13243.7,501,0,0,29.3186346863469,0,0,15890.7,556,0,0,0,0
"5408",2024-03-19,18,35,13194.7,496,0,0,29.3186346863469,0,0,15890.7,556,0,0,0,0
"5409",2024-03-19,18,40,13497.7,495,0,0,29.3186346863469,0,0,15890.7,556,0,0,0,0
"5410",2024-03-19,18,45,13657.7,499,0,0,29.3186346863469,0,0,15890.7,556,0,0,0,0
"5411",2024-03-19,18,50,13784.7,497,0,0,29.3186346863469,0,0,15890.7,556,0,0,0,0
"5412",2024-03-19,18,55,13398.7,492,0,0,29.3186346863469,0,0,15890.7,556,0,0,0,0
"5413",2024-03-19,19,0,12831.7,488,0,0,29.6185106382979,0,0,13920.7,488,0,0,0,0
"5414",2024-03-19,19,5,13193.7,483,0,0,29.6185106382979,0,0,13920.7,488,0,0,0,0
"5415",2024-03-19,19,10,13405.7,479,0,0,29.6185106382979,0,0,13920.7,488,0,0,0,0
"5416",2024-03-19,19,15,13264.7,477,0,0,29.6185106382979,0,0,13920.7,488,0,0,0,0
"5417",2024-03-19,19,20,13471.7,472,0,0,29.6185106382979,0,0,13920.7,488,0,0,0,0
"5418",2024-03-19,19,25,13776.7,471,0,0,29.6185106382979,0,0,13920.7,488,0,0,0,0
"5419",2024-03-19,19,30,13920.7,470,0,0,29.6185106382979,0,0,13920.7,488,0,0,0,0
"5420",2024-03-19,19,35,13264.7,452,0,0,29.6185106382979,0,0,13920.7,488,0,0,0,0
"5421",2024-03-19,19,40,12743.7,443,0,0,29.6185106382979,0,0,13920.7,488,0,0,0,0
"5422",2024-03-19,19,45,12666.7,438,0,0,29.6185106382979,0,0,13920.7,488,0,0,0,0
"5423",2024-03-19,19,50,12638.7,434,0,0,29.6185106382979,0,0,13920.7,488,0,0,0,0
"5424",2024-03-19,19,55,12547.7,433,0,0,29.6185106382979,0,0,13920.7,488,0,0,0,0
"5425",2024-03-19,20,0,12730.7,435,0,0,29.2659770114943,0,0,12730.7,435,0,0,0,0
"5426",2024-03-19,20,5,11577.7,428,0,0,29.2659770114943,0,0,12730.7,435,0,0,0,0
"5427",2024-03-19,20,10,11152.7,427,0,0,29.2659770114943,0,0,12730.7,435,0,0,0,0
"5428",2024-03-19,20,15,11452.7,427,0,0,29.2659770114943,0,0,12730.7,435,0,0,0,0
"5429",2024-03-19,20,20,11198.7,428,0,0,29.2659770114943,0,0,12730.7,435,0,0,0,0
"5430",2024-03-19,20,25,11337.7,428,0,0,29.2659770114943,0,0,12730.7,435,0,0,0,0
"5431",2024-03-19,20,30,11493.7,427,0,0,29.2659770114943,0,0,12730.7,435,0,0,0,0
"5432",2024-03-19,20,35,11872.7,430,0,0,29.2659770114943,0,0,12730.7,435,0,0,0,0
"5433",2024-03-19,20,40,11782.7,429,0,0,29.2659770114943,0,0,12730.7,435,0,0,0,0
"5434",2024-03-19,20,45,11815.7,431,0,0,29.2659770114943,0,0,12730.7,435,0,0,0,0
"5435",2024-03-19,20,50,11771.7,429,0,0,29.2659770114943,0,0,12730.7,435,0,0,0,0
"5436",2024-03-19,20,55,11841.7,429,0,0,29.2659770114943,0,0,12730.7,435,0,0,0,0
"5437",2024-03-19,21,0,11786.7,427,0,0,28.2272093023256,0,0,12159.7,431,0,0,0,0
"5438",2024-03-19,21,5,12026.7,430,0,0,28.2272093023256,0,0,12159.7,431,0,0,0,0
"5439",2024-03-19,21,10,12048.7,430,0,0,28.2272093023256,0,0,12159.7,431,0,0,0,0
"5440",2024-03-19,21,15,12070.7,431,0,0,28.2272093023256,0,0,12159.7,431,0,0,0,0
"5441",2024-03-19,21,20,12137.7,430,0,0,28.2272093023256,0,0,12159.7,431,0,0,0,0
"5442",2024-03-19,21,25,12159.7,431,0,0,28.2272093023256,0,0,12159.7,431,0,0,0,0
"5443",2024-03-19,21,30,11767.7,429,0,0,28.2272093023256,0,0,12159.7,431,0,0,0,0
"5444",2024-03-19,21,35,11704.7,423,0,0,28.2272093023256,0,0,12159.7,431,0,0,0,0
"5445",2024-03-19,21,40,11395.7,422,0,0,28.2272093023256,0,0,12159.7,431,0,0,0,0
"5446",2024-03-19,21,45,11270.7,423,0,0,28.2272093023256,0,0,12159.7,431,0,0,0,0
"5447",2024-03-19,21,50,11348.7,422,0,0,28.2272093023256,0,0,12159.7,431,0,0,0,0
"5448",2024-03-19,21,55,11266.7,420,0,0,28.2272093023256,0,0,12159.7,431,0,0,0,0
"5449",2024-03-19,22,0,11230.7,418,0,0,30.6527559055118,0,0,11720.7,418,0,0,0,0
"5450",2024-03-19,22,5,11265.7,410,0,0,30.6527559055118,0,0,11720.7,418,0,0,0,0
"5451",2024-03-19,22,10,11033.7,408,0,0,30.6527559055118,0,0,11720.7,418,0,0,0,0
"5452",2024-03-19,22,15,11636.7,406,0,0,30.6527559055118,0,0,11720.7,418,0,0,0,0
"5453",2024-03-19,22,20,11698.7,402,0,0,30.6527559055118,0,0,11720.7,418,0,0,0,0
"5454",2024-03-19,22,25,11720.7,403,0,0,30.6527559055118,0,0,11720.7,418,0,0,0,0
"5455",2024-03-19,22,30,11608.7,397,0,0,30.6527559055118,0,0,11720.7,418,0,0,0,0
"5456",2024-03-19,22,35,11258.7,379,0,0,30.6527559055118,0,0,11720.7,418,0,0,0,0
"5457",2024-03-19,22,40,11678.7,381,0,0,30.6527559055118,0,0,11720.7,418,0,0,0,0
"5458",2024-03-19,22,45,10990.7,375,0,0,30.6527559055118,0,0,11720.7,418,0,0,0,0
"5459",2024-03-19,22,50,10616.7,372,0,0,30.6527559055118,0,0,11720.7,418,0,0,0,0
"5460",2024-03-19,22,55,10302.7,368,0,0,30.6527559055118,0,0,11720.7,418,0,0,0,0
"5461",2024-03-19,23,0,10196.7,368,0,0,27.7084239130435,0,0,10196.7,368,0,0,0,0
"5462",2024-03-19,23,5,9511.7,348,0,0,27.7084239130435,0,0,10196.7,368,0,0,0,0
"5463",2024-03-19,23,10,9189.7,346,0,0,27.7084239130435,0,0,10196.7,368,0,0,0,0
"5464",2024-03-19,23,15,9167.7,345,0,0,27.7084239130435,0,0,10196.7,368,0,0,0,0
"5465",2024-03-19,23,20,8889.7,345,0,0,27.7084239130435,0,0,10196.7,368,0,0,0,0
"5466",2024-03-19,23,25,8944.7,347,0,0,27.7084239130435,0,0,10196.7,368,0,0,0,0
"5467",2024-03-19,23,30,8688.7,348,0,0,27.7084239130435,0,0,10196.7,368,0,0,0,0
"5468",2024-03-19,23,35,8285.7,340,0,0,27.7084239130435,0,0,10196.7,368,0,0,0,0
"5469",2024-03-19,23,40,8351.7,343,0,0,27.7084239130435,0,0,10196.7,368,0,0,0,0
"5470",2024-03-19,23,45,8329.7,343,0,0,27.7084239130435,0,0,10196.7,368,0,0,0,0
"5471",2024-03-19,23,50,8335.7,342,0,0,27.7084239130435,0,0,10196.7,368,0,0,0,0
"5472",2024-03-19,23,55,8313.7,341,0,0,27.7084239130435,0,0,10196.7,368,0,0,0,0
"5473",2024-03-20,0,0,7201.4,328,0,0,23.680122324159,0,0,7743.4,328,0,0,0,0
"5474",2024-03-20,0,5,7579.4,326,0,0,23.680122324159,0,0,7743.4,328,0,0,0,0
"5475",2024-03-20,0,10,7601.4,327,0,0,23.680122324159,0,0,7743.4,328,0,0,0,0
"5476",2024-03-20,0,15,7432.4,327,0,0,23.680122324159,0,0,7743.4,328,0,0,0,0
"5477",2024-03-20,0,20,7443.4,327,0,0,23.680122324159,0,0,7743.4,328,0,0,0,0
"5478",2024-03-20,0,25,7421.4,326,0,0,23.680122324159,0,0,7743.4,328,0,0,0,0
"5479",2024-03-20,0,30,7743.4,327,0,0,23.680122324159,0,0,7743.4,328,0,0,0,0
"5480",2024-03-20,0,35,7257.4,323,0,0,23.680122324159,0,0,7743.4,328,0,0,0,0
"5481",2024-03-20,0,40,7055.4,321,0,0,23.680122324159,0,0,7743.4,328,0,0,0,0
"5482",2024-03-20,0,45,7055.4,321,0,0,23.680122324159,0,0,7743.4,328,0,0,0,0
"5483",2024-03-20,0,50,7127.4,322,0,0,23.680122324159,0,0,7743.4,328,0,0,0,0
"5484",2024-03-20,0,55,7127.4,322,0,0,23.680122324159,0,0,7743.4,328,0,0,0,0
"5485",2024-03-20,1,0,8601.7,331,0,0,27.8052307692308,0,0,9080.7,331,0,0,0,0
"5486",2024-03-20,1,5,8524.7,327,0,0,27.8052307692308,0,0,9080.7,331,0,0,0,0
"5487",2024-03-20,1,10,8802.7,327,0,0,27.8052307692308,0,0,9080.7,331,0,0,0,0
"5488",2024-03-20,1,15,9080.7,327,0,0,27.8052307692308,0,0,9080.7,331,0,0,0,0
"5489",2024-03-20,1,20,9036.7,325,0,0,27.8052307692308,0,0,9080.7,331,0,0,0,0
"5490",2024-03-20,1,25,8986.7,324,0,0,27.8052307692308,0,0,9080.7,331,0,0,0,0
"5491",2024-03-20,1,30,8986.7,324,0,0,27.8052307692308,0,0,9080.7,331,0,0,0,0
"5492",2024-03-20,1,35,8746.7,324,0,0,27.8052307692308,0,0,9080.7,331,0,0,0,0
"5493",2024-03-20,1,40,8446.7,323,0,0,27.8052307692308,0,0,9080.7,331,0,0,0,0
"5494",2024-03-20,1,45,8146.7,322,0,0,27.8052307692308,0,0,9080.7,331,0,0,0,0
"5495",2024-03-20,1,50,8146.7,322,0,0,27.8052307692308,0,0,9080.7,331,0,0,0,0
"5496",2024-03-20,1,55,8168.7,323,0,0,27.8052307692308,0,0,9080.7,331,0,0,0,0
"5497",2024-03-20,2,0,7857.7,321,0,0,24.9990683229814,0,0,8071.7,324,0,0,0,0
"5498",2024-03-20,2,5,8049.7,322,0,0,24.9990683229814,0,0,8071.7,324,0,0,0,0
"5499",2024-03-20,2,10,8071.7,323,0,0,24.9990683229814,0,0,8071.7,324,0,0,0,0
"5500",2024-03-20,2,15,8071.7,323,0,0,24.9990683229814,0,0,8071.7,324,0,0,0,0
"5501",2024-03-20,2,20,8071.7,323,0,0,24.9990683229814,0,0,8071.7,324,0,0,0,0
"5502",2024-03-20,2,25,7951.7,322,0,0,24.9990683229814,0,0,8071.7,324,0,0,0,0
"5503",2024-03-20,2,30,7951.7,322,0,0,24.9990683229814,0,0,8071.7,324,0,0,0,0
"5504",2024-03-20,2,35,7801.7,321,0,0,24.9990683229814,0,0,8071.7,324,0,0,0,0
"5505",2024-03-20,2,40,7823.7,322,0,0,24.9990683229814,0,0,8071.7,324,0,0,0,0
"5506",2024-03-20,2,45,7823.7,322,0,0,24.9990683229814,0,0,8071.7,324,0,0,0,0
"5507",2024-03-20,2,50,7823.7,322,0,0,24.9990683229814,0,0,8071.7,324,0,0,0,0
"5508",2024-03-20,2,55,8025.7,324,0,0,24.9990683229814,0,0,8071.7,324,0,0,0,0
"5509",2024-03-20,3,0,8025.7,324,0,0,25.175,0,0,8167.7,325,0,0,0,0
"5510",2024-03-20,3,5,8047.7,325,0,0,25.175,0,0,8167.7,325,0,0,0,0
"5511",2024-03-20,3,10,7867.7,324,0,0,25.175,0,0,8167.7,325,0,0,0,0
"5512",2024-03-20,3,15,7867.7,324,0,0,25.175,0,0,8167.7,325,0,0,0,0
"5513",2024-03-20,3,20,7867.7,324,0,0,25.175,0,0,8167.7,325,0,0,0,0
"5514",2024-03-20,3,25,7625.7,313,0,0,25.175,0,0,8167.7,325,0,0,0,0
"5515",2024-03-20,3,30,8167.7,325,0,0,25.175,0,0,8167.7,325,0,0,0,0
"5516",2024-03-20,3,35,8156.7,324,0,0,25.175,0,0,8167.7,325,0,0,0,0
"5517",2024-03-20,3,40,8156.7,324,0,0,25.175,0,0,8167.7,325,0,0,0,0
"5518",2024-03-20,3,45,8156.7,324,0,0,25.175,0,0,8167.7,325,0,0,0,0
"5519",2024-03-20,3,50,8156.7,324,0,0,25.175,0,0,8167.7,325,0,0,0,0
"5520",2024-03-20,3,55,8156.7,324,0,0,25.175,0,0,8167.7,325,0,0,0,0
"5521",2024-03-20,4,0,8156.7,324,0,0,25.4603715170279,0,0,8223.7,324,0,0,0,0
"5522",2024-03-20,4,5,8051.7,321,0,0,25.4603715170279,0,0,8223.7,324,0,0,0,0
"5523",2024-03-20,4,10,8051.7,321,0,0,25.4603715170279,0,0,8223.7,324,0,0,0,0
"5524",2024-03-20,4,15,8051.7,321,0,0,25.4603715170279,0,0,8223.7,324,0,0,0,0
"5525",2024-03-20,4,20,8051.7,321,0,0,25.4603715170279,0,0,8223.7,324,0,0,0,0
"5526",2024-03-20,4,25,8029.7,320,0,0,25.4603715170279,0,0,8223.7,324,0,0,0,0
"5527",2024-03-20,4,30,8029.7,320,0,0,25.4603715170279,0,0,8223.7,324,0,0,0,0
"5528",2024-03-20,4,35,8223.7,323,0,0,25.4603715170279,0,0,8223.7,324,0,0,0,0
"5529",2024-03-20,4,40,8223.7,323,0,0,25.4603715170279,0,0,8223.7,324,0,0,0,0
"5530",2024-03-20,4,45,7923.7,322,0,0,25.4603715170279,0,0,8223.7,324,0,0,0,0
"5531",2024-03-20,4,50,8073.7,323,0,0,25.4603715170279,0,0,8223.7,324,0,0,0,0
"5532",2024-03-20,4,55,8073.7,323,0,0,25.4603715170279,0,0,8223.7,324,0,0,0,0
"5533",2024-03-20,5,0,8051.7,322,0,0,26.3551083591331,0,0,8534.7,324,0,0,0,0
"5534",2024-03-20,5,5,8051.7,322,0,0,26.3551083591331,0,0,8534.7,324,0,0,0,0
"5535",2024-03-20,5,10,8051.7,322,0,0,26.3551083591331,0,0,8534.7,324,0,0,0,0
"5536",2024-03-20,5,15,8351.7,323,0,0,26.3551083591331,0,0,8534.7,324,0,0,0,0
"5537",2024-03-20,5,20,8351.7,323,0,0,26.3551083591331,0,0,8534.7,324,0,0,0,0
"5538",2024-03-20,5,25,8373.7,324,0,0,26.3551083591331,0,0,8534.7,324,0,0,0,0
"5539",2024-03-20,5,30,8523.7,324,0,0,26.3551083591331,0,0,8534.7,324,0,0,0,0
"5540",2024-03-20,5,35,8512.7,323,0,0,26.3551083591331,0,0,8534.7,324,0,0,0,0
"5541",2024-03-20,5,40,8512.7,323,0,0,26.3551083591331,0,0,8534.7,324,0,0,0,0
"5542",2024-03-20,5,45,8534.7,324,0,0,26.3551083591331,0,0,8534.7,324,0,0,0,0
"5543",2024-03-20,5,50,8512.7,323,0,0,26.3551083591331,0,0,8534.7,324,0,0,0,0
"5544",2024-03-20,5,55,8234.7,323,0,0,26.3551083591331,0,0,8534.7,324,0,0,0,0
"5545",2024-03-20,6,0,8300.7,326,0,0,26.3150306748466,0,0,8600.7,329,0,0,0,0
"5546",2024-03-20,6,5,8600.7,327,0,0,26.3150306748466,0,0,8600.7,329,0,0,0,0
"5547",2024-03-20,6,10,8600.7,327,0,0,26.3150306748466,0,0,8600.7,329,0,0,0,0
"5548",2024-03-20,6,15,8578.7,326,0,0,26.3150306748466,0,0,8600.7,329,0,0,0,0
"5549",2024-03-20,6,20,8256.7,324,0,0,26.3150306748466,0,0,8600.7,329,0,0,0,0
"5550",2024-03-20,6,25,8256.7,324,0,0,26.3150306748466,0,0,8600.7,329,0,0,0,0
"5551",2024-03-20,6,30,7934.7,322,0,0,26.3150306748466,0,0,8600.7,329,0,0,0,0
"5552",2024-03-20,6,35,8192.7,326,0,0,26.3150306748466,0,0,8600.7,329,0,0,0,0
"5553",2024-03-20,6,40,8214.7,327,0,0,26.3150306748466,0,0,8600.7,329,0,0,0,0
"5554",2024-03-20,6,45,8236.7,328,0,0,26.3150306748466,0,0,8600.7,329,0,0,0,0
"5555",2024-03-20,6,50,8258.7,329,0,0,26.3150306748466,0,0,8600.7,329,0,0,0,0
"5556",2024-03-20,6,55,8280.7,329,0,0,26.3150306748466,0,0,8600.7,329,0,0,0,0
"5557",2024-03-20,7,35,8955.7,358,0,0,26.7248677248677,0,0,10102,378,0,0,0,0
"5558",2024-03-20,7,40,9351,365,0,0,26.7248677248677,0,0,10102,378,0,0,0,0
"5559",2024-03-20,7,45,9545,369,0,0,26.7248677248677,0,0,10102,378,0,0,0,0
"5560",2024-03-20,7,50,9960,373,0,0,26.7248677248677,0,0,10102,378,0,0,0,0
"5561",2024-03-20,7,55,10102,378,0,0,26.7248677248677,0,0,10102,378,0,0,0,0
"5562",2024-03-20,7,0,8368.7,333,0,0,26.7248677248677,0,0,10102,378,0,0,0,0
"5563",2024-03-20,7,5,8343.7,333,0,0,26.7248677248677,0,0,10102,378,0,0,0,0
"5564",2024-03-20,7,10,8430.7,337,0,0,26.7248677248677,0,0,10102,378,0,0,0,0
"5565",2024-03-20,7,15,8463.7,338,0,0,26.7248677248677,0,0,10102,378,0,0,0,0
"5566",2024-03-20,7,20,8852.7,343,0,0,26.7248677248677,0,0,10102,378,0,0,0,0
"5567",2024-03-20,7,25,8929.7,348,0,0,26.7248677248677,0,0,10102,378,0,0,0,0
"5568",2024-03-20,7,30,9080,355,0,0,26.7248677248677,0,0,10102,378,0,0,0,0
"5569",2024-03-20,8,15,10956,428,0,0,27.8772321428571,0,0,12847,482,0,0,0,0
"5570",2024-03-20,8,20,11195,429,0,0,27.8772321428571,0,0,12847,482,0,0,0,0
"5571",2024-03-20,8,25,12108,440,0,0,27.8772321428571,0,0,12847,482,0,0,0,0
"5572",2024-03-20,8,30,12489,448,0,0,27.8772321428571,0,0,12847,482,0,0,0,0
"5573",2024-03-20,8,35,12847,467,0,0,27.8772321428571,0,0,12847,482,0,0,0,0
"5574",2024-03-20,8,40,12685,471,0,0,27.8772321428571,0,0,12847,482,0,0,0,0
"5575",2024-03-20,8,45,12362,472,0,0,27.8772321428571,0,0,12847,482,0,0,0,0
"5576",2024-03-20,8,50,12104,472,0,0,27.8772321428571,0,0,12847,482,0,0,0,0
"5577",2024-03-20,8,55,12261,482,0,0,27.8772321428571,0,0,12847,482,0,0,0,0
"5578",2024-03-20,8,0,10035,388,0,0,27.8772321428571,0,0,12847,482,0,0,0,0
"5579",2024-03-20,8,5,11119,408,0,0,27.8772321428571,0,0,12847,482,0,0,0,0
"5580",2024-03-20,8,10,11402,422,0,0,27.8772321428571,0,0,12847,482,0,0,0,0
"5581",2024-03-20,9,0,12609,493,0,0,27.1826401446655,0,0,16353,613,0,0,0,0
"5582",2024-03-20,9,5,14540,542,0,0,27.1826401446655,0,0,16353,613,0,0,0,0
"5583",2024-03-20,9,10,14427,548,0,0,27.1826401446655,0,0,16353,613,0,0,0,0
"5584",2024-03-20,9,15,14943,552,0,0,27.1826401446655,0,0,16353,613,0,0,0,0
"5585",2024-03-20,9,20,15032,553,0,0,27.1826401446655,0,0,16353,613,0,0,0,0
"5586",2024-03-20,9,25,14573,553,0,0,27.1826401446655,0,0,16353,613,0,0,0,0
"5587",2024-03-20,9,30,15086,565,0,0,27.1826401446655,0,0,16353,613,0,0,0,0
"5588",2024-03-20,9,45,16180,599,0,0,27.1826401446655,0,0,16353,613,0,0,0,0
"5589",2024-03-20,9,50,16177,605,0,0,27.1826401446655,0,0,16353,613,0,0,0,0
"5590",2024-03-20,9,35,15791,592,0,0,27.1826401446655,0,0,16353,613,0,0,0,0
"5591",2024-03-20,9,40,16115,595,0,0,27.1826401446655,0,0,16353,613,0,0,0,0
"5592",2024-03-20,9,55,16353,613,0,0,27.1826401446655,0,0,16353,613,0,0,0,0
"5593",2024-03-20,10,0,16364,614,0,0,26.6514657980456,0,0,16658,640,0,0,0,0
"5594",2024-03-20,10,5,16123,627,0,0,26.6514657980456,0,0,16658,640,0,0,0,0
"5595",2024-03-20,10,10,16529,627,0,0,26.6514657980456,0,0,16658,640,0,0,0,0
"5596",2024-03-20,10,15,16268,626,0,0,26.6514657980456,0,0,16658,640,0,0,0,0
"5597",2024-03-20,10,20,16151,624,0,0,26.6514657980456,0,0,16658,640,0,0,0,0
"5598",2024-03-20,10,25,16658,627,0,0,26.6514657980456,0,0,16658,640,0,0,0,0
"5599",2024-03-20,10,30,16176.7,622,0,0,26.6514657980456,0,0,16658,640,0,0,0,0
"5600",2024-03-20,10,35,16076.7,627,0,0,26.6514657980456,0,0,16658,640,0,0,0,0
"5601",2024-03-20,10,40,15470.7,625,0,0,26.6514657980456,0,0,16658,640,0,0,0,0
"5602",2024-03-20,10,45,16044.7,629,0,0,26.6514657980456,0,0,16658,640,0,0,0,0
"5603",2024-03-20,10,50,16393.7,634,0,0,26.6514657980456,0,0,16658,640,0,0,0,0
"5604",2024-03-20,10,55,16476.7,640,0,0,26.6514657980456,0,0,16658,640,0,0,0,0
"5605",2024-03-20,11,0,16568.7,647,0,0,26.1813636363636,0,0,17279.7,664,0,0,0,0
"5606",2024-03-20,11,5,17279.7,660,0,0,26.1813636363636,0,0,17279.7,664,0,0,0,0
"5607",2024-03-20,11,10,16404.7,654,0,0,26.1813636363636,0,0,17279.7,664,0,0,0,0
"5608",2024-03-20,11,15,16368.7,654,0,0,26.1813636363636,0,0,17279.7,664,0,0,0,0
"5609",2024-03-20,11,20,16401.7,656,0,0,26.1813636363636,0,0,17279.7,664,0,0,0,0
"5610",2024-03-20,11,25,16675.7,664,0,0,26.1813636363636,0,0,17279.7,664,0,0,0,0
"5611",2024-03-20,11,30,16192.7,659,0,0,26.1813636363636,0,0,17279.7,664,0,0,0,0
"5612",2024-03-20,11,35,15438.4,645,0,0,26.1813636363636,0,0,17279.7,664,0,0,0,0
"5613",2024-03-20,11,40,15141.4,652,0,0,26.1813636363636,0,0,17279.7,664,0,0,0,0
"5614",2024-03-20,11,45,15647.4,654,0,0,26.1813636363636,0,0,17279.7,664,0,0,0,0
"5615",2024-03-20,11,50,15680.4,656,0,0,26.1813636363636,0,0,17279.7,664,0,0,0,0
"5616",2024-03-20,11,55,15603.4,653,0,0,26.1813636363636,0,0,17279.7,664,0,0,0,0
"5617",2024-03-20,12,0,15642.4,654,0,0,25.9934947049924,0,0,17181.7,661,0,0,0,0
"5618",2024-03-20,12,5,16577.4,658,0,0,25.9934947049924,0,0,17181.7,661,0,0,0,0
"5619",2024-03-20,12,10,15851.4,652,0,0,25.9934947049924,0,0,17181.7,661,0,0,0,0
"5620",2024-03-20,12,15,15920.7,656,0,0,25.9934947049924,0,0,17181.7,661,0,0,0,0
"5621",2024-03-20,12,20,16454.7,655,0,0,25.9934947049924,0,0,17181.7,661,0,0,0,0
"5622",2024-03-20,12,25,16451.7,653,0,0,25.9934947049924,0,0,17181.7,661,0,0,0,0
"5623",2024-03-20,12,30,16434.7,654,0,0,25.9934947049924,0,0,17181.7,661,0,0,0,0
"5624",2024-03-20,12,35,17037.7,659,0,0,25.9934947049924,0,0,17181.7,661,0,0,0,0
"5625",2024-03-20,12,40,17181.7,661,0,0,25.9934947049924,0,0,17181.7,661,0,0,0,0
"5626",2024-03-20,12,45,15415.7,654,0,0,25.9934947049924,0,0,17181.7,661,0,0,0,0
"5627",2024-03-20,12,50,15387.7,647,0,0,25.9934947049924,0,0,17181.7,661,0,0,0,0
"5628",2024-03-20,12,55,15338.7,642,0,0,25.9934947049924,0,0,17181.7,661,0,0,0,0
"5629",2024-03-20,13,55,15296.7,611,0,0,31.479704797048,0,0,15296.7,636,0,0,0,0
"5630",2024-03-20,13,0,14945.7,636,0,0,31.479704797048,0,0,15296.7,636,0,0,0,0
"5631",2024-03-20,13,5,15172.7,631,0,0,31.479704797048,0,0,15296.7,636,0,0,0,0
"5632",2024-03-20,13,10,14837.7,615,0,0,31.479704797048,0,0,15296.7,636,0,0,0,0
"5633",2024-03-20,13,25,14161.7,609,0,0,31.479704797048,0,0,15296.7,636,0,0,0,0
"5634",2024-03-20,13,30,14162.7,602,0,0,31.479704797048,0,0,15296.7,636,0,0,0,0
"5635",2024-03-20,13,35,14919.7,601,0,0,31.479704797048,0,0,15296.7,636,0,0,0,0
"5636",2024-03-20,13,40,14948.7,596,0,0,31.479704797048,0,0,15296.7,636,0,0,0,0
"5637",2024-03-20,13,45,8531,271,0,0,31.479704797048,0,0,15296.7,636,0,0,0,0
"5638",2024-03-20,13,50,15197.7,604,0,0,31.479704797048,0,0,15296.7,636,0,0,0,0
"5639",2024-03-20,13,15,14474.7,610,0,0,31.479704797048,0,0,15296.7,636,0,0,0,0
"5640",2024-03-20,13,20,14422.7,610,0,0,31.479704797048,0,0,15296.7,636,0,0,0,0
"5641",2024-03-20,14,0,15113.7,608,0,0,26.193064516129,0,0,16239.7,620,0,0,0,0
"5642",2024-03-20,14,5,15099.7,609,0,0,26.193064516129,0,0,16239.7,620,0,0,0,0
"5643",2024-03-20,14,10,15583.7,609,0,0,26.193064516129,0,0,16239.7,620,0,0,0,0
"5644",2024-03-20,14,15,16001.7,615,0,0,26.193064516129,0,0,16239.7,620,0,0,0,0
"5645",2024-03-20,14,20,16239.7,620,0,0,26.193064516129,0,0,16239.7,620,0,0,0,0
"5646",2024-03-20,14,25,15950.7,620,0,0,26.193064516129,0,0,16239.7,620,0,0,0,0
"5647",2024-03-20,14,30,15966.7,620,0,0,26.193064516129,0,0,16239.7,620,0,0,0,0
"5648",2024-03-20,14,35,14079.7,599,0,0,26.193064516129,0,0,16239.7,620,0,0,0,0
"5649",2024-03-20,14,40,13952.7,603,0,0,26.193064516129,0,0,16239.7,620,0,0,0,0
"5650",2024-03-20,14,45,13572.7,603,0,0,26.193064516129,0,0,16239.7,620,0,0,0,0
"5651",2024-03-20,14,50,13978.7,606,0,0,26.193064516129,0,0,16239.7,620,0,0,0,0
"5652",2024-03-20,14,55,14233.7,605,0,0,26.193064516129,0,0,16239.7,620,0,0,0,0
"5653",2024-03-20,15,0,14616.7,609,0,0,28.4114617940199,0,0,17103.7,616,0,0,0,0
"5654",2024-03-20,15,5,14676.7,613,0,0,28.4114617940199,0,0,17103.7,616,0,0,0,0
"5655",2024-03-20,15,10,14812.7,613,0,0,28.4114617940199,0,0,17103.7,616,0,0,0,0
"5656",2024-03-20,15,15,14320.7,616,0,0,28.4114617940199,0,0,17103.7,616,0,0,0,0
"5657",2024-03-20,15,20,14515.7,613,0,0,28.4114617940199,0,0,17103.7,616,0,0,0,0
"5658",2024-03-20,15,25,15562.7,615,0,0,28.4114617940199,0,0,17103.7,616,0,0,0,0
"5659",2024-03-20,15,30,15312.7,614,0,0,28.4114617940199,0,0,17103.7,616,0,0,0,0
"5660",2024-03-20,15,35,15448.7,600,0,0,28.4114617940199,0,0,17103.7,616,0,0,0,0
"5661",2024-03-20,15,40,16250.7,602,0,0,28.4114617940199,0,0,17103.7,616,0,0,0,0
"5662",2024-03-20,15,45,16943.7,603,0,0,28.4114617940199,0,0,17103.7,616,0,0,0,0
"5663",2024-03-20,15,50,17103.7,602,0,0,28.4114617940199,0,0,17103.7,616,0,0,0,0
"5664",2024-03-20,15,55,16443.7,594,0,0,28.4114617940199,0,0,17103.7,616,0,0,0,0
"5665",2024-03-20,16,0,16782.7,594,0,0,28.2537037037037,0,0,16782.7,594,0,0,0,0
"5666",2024-03-20,16,5,16207.7,588,0,0,28.2537037037037,0,0,16782.7,594,0,0,0,0
"5667",2024-03-20,16,10,16097.7,582,0,0,28.2537037037037,0,0,16782.7,594,0,0,0,0
"5668",2024-03-20,16,15,14700.7,578,0,0,28.2537037037037,0,0,16782.7,594,0,0,0,0
"5669",2024-03-20,16,20,14680.7,577,0,0,28.2537037037037,0,0,16782.7,594,0,0,0,0
"5670",2024-03-20,16,25,14407.7,577,0,0,28.2537037037037,0,0,16782.7,594,0,0,0,0
"5671",2024-03-20,16,30,14669.7,573,0,0,28.2537037037037,0,0,16782.7,594,0,0,0,0
"5672",2024-03-20,16,35,14221.7,566,0,0,28.2537037037037,0,0,16782.7,594,0,0,0,0
"5673",2024-03-20,16,40,14027.7,563,0,0,28.2537037037037,0,0,16782.7,594,0,0,0,0
"5674",2024-03-20,16,45,13632.7,559,0,0,28.2537037037037,0,0,16782.7,594,0,0,0,0
"5675",2024-03-20,16,50,13662.7,561,0,0,28.2537037037037,0,0,16782.7,594,0,0,0,0
"5676",2024-03-20,16,55,14401.7,568,0,0,28.2537037037037,0,0,16782.7,594,0,0,0,0
"5677",2024-03-20,17,0,14035.7,563,0,0,28.1868421052632,0,0,15454.7,563,0,0,0,0
"5678",2024-03-20,17,5,14832.7,561,0,0,28.1868421052632,0,0,15454.7,563,0,0,0,0
"5679",2024-03-20,17,10,14708.7,558,0,0,28.1868421052632,0,0,15454.7,563,0,0,0,0
"5680",2024-03-20,17,15,14680.7,553,0,0,28.1868421052632,0,0,15454.7,563,0,0,0,0
"5681",2024-03-20,17,20,15084.7,560,0,0,28.1868421052632,0,0,15454.7,563,0,0,0,0
"5682",2024-03-20,17,25,15454.7,555,0,0,28.1868421052632,0,0,15454.7,563,0,0,0,0
"5683",2024-03-20,17,30,15247.4,554,0,0,28.1868421052632,0,0,15454.7,563,0,0,0,0
"5684",2024-03-20,17,35,14957.4,552,0,0,28.1868421052632,0,0,15454.7,563,0,0,0,0
"5685",2024-03-20,17,40,15053.4,548,0,0,28.1868421052632,0,0,15454.7,563,0,0,0,0
"5686",2024-03-20,17,45,15198.4,540,0,0,28.1868421052632,0,0,15454.7,563,0,0,0,0
"5687",2024-03-20,17,50,15234.4,544,0,0,28.1868421052632,0,0,15454.7,563,0,0,0,0
"5688",2024-03-20,17,55,14995.4,532,0,0,28.1868421052632,0,0,15454.7,563,0,0,0,0
"5689",2024-03-20,18,0,15201.4,529,0,0,28.7361058601134,0,0,15201.4,529,0,0,0,0
"5690",2024-03-20,18,5,14309.4,514,0,0,28.7361058601134,0,0,15201.4,529,0,0,0,0
"5691",2024-03-20,18,10,14433.4,506,0,0,28.7361058601134,0,0,15201.4,529,0,0,0,0
"5692",2024-03-20,18,15,13543.7,497,0,0,28.7361058601134,0,0,15201.4,529,0,0,0,0
"5693",2024-03-20,18,20,12833.4,493,0,0,28.7361058601134,0,0,15201.4,529,0,0,0,0
"5694",2024-03-20,18,25,12963.4,488,0,0,28.7361058601134,0,0,15201.4,529,0,0,0,0
"5695",2024-03-20,18,30,13301.4,488,0,0,28.7361058601134,0,0,15201.4,529,0,0,0,0
"5696",2024-03-20,18,35,13184.4,483,0,0,28.7361058601134,0,0,15201.4,529,0,0,0,0
"5697",2024-03-20,18,40,12930.4,474,0,0,28.7361058601134,0,0,15201.4,529,0,0,0,0
"5698",2024-03-20,18,55,12562.4,460,0,0,28.7361058601134,0,0,15201.4,529,0,0,0,0
"5699",2024-03-20,18,45,12586.4,471,0,0,28.7361058601134,0,0,15201.4,529,0,0,0,0
"5700",2024-03-20,18,50,12962.4,470,0,0,28.7361058601134,0,0,15201.4,529,0,0,0,0
"5701",2024-03-20,19,0,12643.4,459,0,0,30.1080357142857,0,0,13488.4,459,0,0,0,0
"5702",2024-03-20,19,5,13002.4,454,0,0,30.1080357142857,0,0,13488.4,459,0,0,0,0
"5703",2024-03-20,19,10,12399.4,446,0,0,30.1080357142857,0,0,13488.4,459,0,0,0,0
"5704",2024-03-20,19,15,12744.4,450,0,0,30.1080357142857,0,0,13488.4,459,0,0,0,0
"5705",2024-03-20,19,20,12577.4,450,0,0,30.1080357142857,0,0,13488.4,459,0,0,0,0
"5706",2024-03-20,19,25,12780.4,445,0,0,30.1080357142857,0,0,13488.4,459,0,0,0,0
"5707",2024-03-20,19,30,13488.4,448,0,0,30.1080357142857,0,0,13488.4,459,0,0,0,0
"5708",2024-03-20,19,35,12801.4,442,0,0,30.1080357142857,0,0,13488.4,459,0,0,0,0
"5709",2024-03-20,19,40,12430.4,437,0,0,30.1080357142857,0,0,13488.4,459,0,0,0,0
"5710",2024-03-20,19,45,12591.4,438,0,0,30.1080357142857,0,0,13488.4,459,0,0,0,0
"5711",2024-03-20,19,50,12280.4,437,0,0,30.1080357142857,0,0,13488.4,459,0,0,0,0
"5712",2024-03-20,19,55,12357.4,441,0,0,30.1080357142857,0,0,13488.4,459,0,0,0,0
"5713",2024-03-20,20,0,12139.4,439,0,0,30.0845637583893,0,0,13447.8,447,0,0,0,0
"5714",2024-03-20,20,5,11964.4,436,0,0,30.0845637583893,0,0,13447.8,447,0,0,0,0
"5715",2024-03-20,20,10,11738.4,435,0,0,30.0845637583893,0,0,13447.8,447,0,0,0,0
"5716",2024-03-20,20,15,11749.4,434,0,0,30.0845637583893,0,0,13447.8,447,0,0,0,0
"5717",2024-03-20,20,20,12132.4,438,0,0,30.0845637583893,0,0,13447.8,447,0,0,0,0
"5718",2024-03-20,20,25,11871.4,437,0,0,30.0845637583893,0,0,13447.8,447,0,0,0,0
"5719",2024-03-20,20,30,12154.4,438,0,0,30.0845637583893,0,0,13447.8,447,0,0,0,0
"5720",2024-03-20,20,35,11900.4,441,0,0,30.0845637583893,0,0,13447.8,447,0,0,0,0
"5721",2024-03-20,20,40,12539.1,441,0,0,30.0845637583893,0,0,13447.8,447,0,0,0,0
"5722",2024-03-20,20,45,12822.1,443,0,0,30.0845637583893,0,0,13447.8,447,0,0,0,0
"5723",2024-03-20,20,50,13447.8,447,0,0,30.0845637583893,0,0,13447.8,447,0,0,0,0
"5724",2024-03-20,20,55,13306.1,444,0,0,30.0845637583893,0,0,13447.8,447,0,0,0,0
"5725",2024-03-20,21,0,13317.1,445,0,0,29.9260674157303,0,0,13317.1,445,0,0,0,0
"5726",2024-03-20,21,5,10714.1,427,0,0,29.9260674157303,0,0,13317.1,445,0,0,0,0
"5727",2024-03-20,21,10,11599.1,428,0,0,29.9260674157303,0,0,13317.1,445,0,0,0,0
"5728",2024-03-20,21,15,11405.1,424,0,0,29.9260674157303,0,0,13317.1,445,0,0,0,0
"5729",2024-03-20,21,20,11171.1,426,0,0,29.9260674157303,0,0,13317.1,445,0,0,0,0
"5730",2024-03-20,21,25,11022.1,421,0,0,29.9260674157303,0,0,13317.1,445,0,0,0,0
"5731",2024-03-20,21,30,11300.1,420,0,0,29.9260674157303,0,0,13317.1,445,0,0,0,0
"5732",2024-03-20,21,35,11469.1,422,0,0,29.9260674157303,0,0,13317.1,445,0,0,0,0
"5733",2024-03-20,21,40,11030.1,420,0,0,29.9260674157303,0,0,13317.1,445,0,0,0,0
"5734",2024-03-20,21,45,10969.1,419,0,0,29.9260674157303,0,0,13317.1,445,0,0,0,0
"5735",2024-03-20,21,50,10914.1,417,0,0,29.9260674157303,0,0,13317.1,445,0,0,0,0
"5736",2024-03-20,21,55,10984.1,413,0,0,29.9260674157303,0,0,13317.1,445,0,0,0,0
"5737",2024-03-20,22,45,10171.1,382,0,0,27.7614173228346,0,0,11117.1,415,0,0,0,0
"5738",2024-03-20,22,50,10072.1,376,0,0,27.7614173228346,0,0,11117.1,415,0,0,0,0
"5739",2024-03-20,22,55,9586.1,371,0,0,27.7614173228346,0,0,11117.1,415,0,0,0,0
"5740",2024-03-20,22,0,11117.1,415,0,0,27.7614173228346,0,0,11117.1,415,0,0,0,0
"5741",2024-03-20,22,5,10958.1,407,0,0,27.7614173228346,0,0,11117.1,415,0,0,0,0
"5742",2024-03-20,22,10,10570.1,402,0,0,27.7614173228346,0,0,11117.1,415,0,0,0,0
"5743",2024-03-20,22,15,10870.1,402,0,0,27.7614173228346,0,0,11117.1,415,0,0,0,0
"5744",2024-03-20,22,20,10810.1,399,0,0,27.7614173228346,0,0,11117.1,415,0,0,0,0
"5745",2024-03-20,22,25,10842.1,396,0,0,27.7614173228346,0,0,11117.1,415,0,0,0,0
"5746",2024-03-20,22,30,10858.1,397,0,0,27.7614173228346,0,0,11117.1,415,0,0,0,0
"5747",2024-03-20,22,35,10182.1,381,0,0,27.7614173228346,0,0,11117.1,415,0,0,0,0
"5748",2024-03-20,22,40,10577.1,381,0,0,27.7614173228346,0,0,11117.1,415,0,0,0,0
"5749",2024-03-20,23,0,9469.1,372,0,0,25.4545698924731,0,0,9469.1,372,0,0,0,0
"5750",2024-03-20,23,5,8335.1,351,0,0,25.4545698924731,0,0,9469.1,372,0,0,0,0
"5751",2024-03-20,23,10,8024.1,350,0,0,25.4545698924731,0,0,9469.1,372,0,0,0,0
"5752",2024-03-20,23,15,7936.1,345,0,0,25.4545698924731,0,0,9469.1,372,0,0,0,0
"5753",2024-03-20,23,20,7958.1,346,0,0,25.4545698924731,0,0,9469.1,372,0,0,0,0
"5754",2024-03-20,23,25,7958.1,346,0,0,25.4545698924731,0,0,9469.1,372,0,0,0,0
"5755",2024-03-20,23,30,7905.1,343,0,0,25.4545698924731,0,0,9469.1,372,0,0,0,0
"5756",2024-03-20,23,35,7702.1,333,0,0,25.4545698924731,0,0,9469.1,372,0,0,0,0
"5757",2024-03-20,23,40,7724.1,334,0,0,25.4545698924731,0,0,9469.1,372,0,0,0,0
"5758",2024-03-20,23,45,7713.1,333,0,0,25.4545698924731,0,0,9469.1,372,0,0,0,0
"5759",2024-03-20,23,50,7391.1,331,0,0,25.4545698924731,0,0,9469.1,372,0,0,0,0
"5760",2024-03-20,23,55,7556.4,331,0,0,25.4545698924731,0,0,9469.1,372,0,0,0,0
"5761",2024-03-21,0,0,7007.1,343,0,0,21.2411214953271,0,0,7007.1,343,0,0,0,0
"5762",2024-03-21,0,5,6768.1,331,0,0,21.2411214953271,0,0,7007.1,343,0,0,0,0
"5763",2024-03-21,0,10,6764.4,330,0,0,21.2411214953271,0,0,7007.1,343,0,0,0,0
"5764",2024-03-21,0,15,6442.4,328,0,0,21.2411214953271,0,0,7007.1,343,0,0,0,0
"5765",2024-03-21,0,20,6420.4,327,0,0,21.2411214953271,0,0,7007.1,343,0,0,0,0
"5766",2024-03-21,0,25,6343.4,324,0,0,21.2411214953271,0,0,7007.1,343,0,0,0,0
"5767",2024-03-21,0,30,6665.4,326,0,0,21.2411214953271,0,0,7007.1,343,0,0,0,0
"5768",2024-03-21,0,35,6873.4,324,0,0,21.2411214953271,0,0,7007.1,343,0,0,0,0
"5769",2024-03-21,0,40,6829.4,322,0,0,21.2411214953271,0,0,7007.1,343,0,0,0,0
"5770",2024-03-21,0,45,6818.4,321,0,0,21.2411214953271,0,0,7007.1,343,0,0,0,0
"5771",2024-03-21,0,50,6657.4,320,0,0,21.2411214953271,0,0,7007.1,343,0,0,0,0
"5772",2024-03-21,0,55,6657.4,320,0,0,21.2411214953271,0,0,7007.1,343,0,0,0,0
"5773",2024-03-21,1,0,7077.4,321,0,0,22.0479750778816,0,0,7077.4,321,0,0,0,0
"5774",2024-03-21,1,5,6767.4,318,0,0,22.0479750778816,0,0,7077.4,321,0,0,0,0
"5775",2024-03-21,1,10,6767.4,318,0,0,22.0479750778816,0,0,7077.4,321,0,0,0,0
"5776",2024-03-21,1,15,6767.4,318,0,0,22.0479750778816,0,0,7077.4,321,0,0,0,0
"5777",2024-03-21,1,20,6745.4,317,0,0,22.0479750778816,0,0,7077.4,321,0,0,0,0
"5778",2024-03-21,1,25,6695.4,316,0,0,22.0479750778816,0,0,7077.4,321,0,0,0,0
"5779",2024-03-21,1,30,6695.4,316,0,0,22.0479750778816,0,0,7077.4,321,0,0,0,0
"5780",2024-03-21,1,35,6795.4,314,0,0,22.0479750778816,0,0,7077.4,321,0,0,0,0
"5781",2024-03-21,1,40,6495.4,313,0,0,22.0479750778816,0,0,7077.4,321,0,0,0,0
"5782",2024-03-21,1,45,6495.4,313,0,0,22.0479750778816,0,0,7077.4,321,0,0,0,0
"5783",2024-03-21,1,50,6495.4,313,0,0,22.0479750778816,0,0,7077.4,321,0,0,0,0
"5784",2024-03-21,1,55,6495.4,313,0,0,22.0479750778816,0,0,7077.4,321,0,0,0,0
"5785",2024-03-21,2,0,6495.4,313,0,0,21.795498392283,0,0,6778.4,313,0,0,0,0
"5786",2024-03-21,2,5,6440.4,310,0,0,21.795498392283,0,0,6778.4,313,0,0,0,0
"5787",2024-03-21,2,10,6440.4,310,0,0,21.795498392283,0,0,6778.4,313,0,0,0,0
"5788",2024-03-21,2,15,6500.4,311,0,0,21.795498392283,0,0,6778.4,313,0,0,0,0
"5789",2024-03-21,2,20,6478.4,310,0,0,21.795498392283,0,0,6778.4,313,0,0,0,0
"5790",2024-03-21,2,25,6467.4,309,0,0,21.795498392283,0,0,6778.4,313,0,0,0,0
"5791",2024-03-21,2,30,6445.4,308,0,0,21.795498392283,0,0,6778.4,313,0,0,0,0
"5792",2024-03-21,2,35,6756.4,310,0,0,21.795498392283,0,0,6778.4,313,0,0,0,0
"5793",2024-03-21,2,40,6478.4,310,0,0,21.795498392283,0,0,6778.4,313,0,0,0,0
"5794",2024-03-21,2,45,6778.4,311,0,0,21.795498392283,0,0,6778.4,313,0,0,0,0
"5795",2024-03-21,2,50,6778.4,311,0,0,21.795498392283,0,0,6778.4,313,0,0,0,0
"5796",2024-03-21,2,55,6778.4,311,0,0,21.795498392283,0,0,6778.4,313,0,0,0,0
"5797",2024-03-21,3,0,6778.4,311,0,0,23.4331168831169,0,0,7217.4,311,0,0,0,0
"5798",2024-03-21,3,5,6732.4,309,0,0,23.4331168831169,0,0,7217.4,311,0,0,0,0
"5799",2024-03-21,3,10,6710.4,308,0,0,23.4331168831169,0,0,7217.4,311,0,0,0,0
"5800",2024-03-21,3,15,7010.4,309,0,0,23.4331168831169,0,0,7217.4,311,0,0,0,0
"5801",2024-03-21,3,20,6939.4,308,0,0,23.4331168831169,0,0,7217.4,311,0,0,0,0
"5802",2024-03-21,3,25,7217.4,308,0,0,23.4331168831169,0,0,7217.4,311,0,0,0,0
"5803",2024-03-21,3,30,6917.4,307,0,0,23.4331168831169,0,0,7217.4,311,0,0,0,0
"5804",2024-03-21,3,35,6851.4,304,0,0,23.4331168831169,0,0,7217.4,311,0,0,0,0
"5805",2024-03-21,3,40,6851.4,304,0,0,23.4331168831169,0,0,7217.4,311,0,0,0,0
"5806",2024-03-21,3,45,6551.4,303,0,0,23.4331168831169,0,0,7217.4,311,0,0,0,0
"5807",2024-03-21,3,50,6551.4,303,0,0,23.4331168831169,0,0,7217.4,311,0,0,0,0
"5808",2024-03-21,3,55,6851.4,304,0,0,23.4331168831169,0,0,7217.4,311,0,0,0,0
"5809",2024-03-21,4,0,6551.4,303,0,0,21.6546666666667,0,0,6551.4,303,0,0,0,0
"5810",2024-03-21,4,5,6496.4,300,0,0,21.6546666666667,0,0,6551.4,303,0,0,0,0
"5811",2024-03-21,4,10,6474.4,299,0,0,21.6546666666667,0,0,6551.4,303,0,0,0,0
"5812",2024-03-21,4,15,6474.4,299,0,0,21.6546666666667,0,0,6551.4,303,0,0,0,0
"5813",2024-03-21,4,20,6174.4,298,0,0,21.6546666666667,0,0,6551.4,303,0,0,0,0
"5814",2024-03-21,4,25,6174.4,298,0,0,21.6546666666667,0,0,6551.4,303,0,0,0,0
"5815",2024-03-21,4,30,6174.4,298,0,0,21.6546666666667,0,0,6551.4,303,0,0,0,0
"5816",2024-03-21,4,35,6313.4,298,0,0,21.6546666666667,0,0,6551.4,303,0,0,0,0
"5817",2024-03-21,4,40,6291.4,297,0,0,21.6546666666667,0,0,6551.4,303,0,0,0,0
"5818",2024-03-21,4,45,6291.4,297,0,0,21.6546666666667,0,0,6551.4,303,0,0,0,0
"5819",2024-03-21,4,50,6291.4,297,0,0,21.6546666666667,0,0,6551.4,303,0,0,0,0
"5820",2024-03-21,4,55,6291.4,297,0,0,21.6546666666667,0,0,6551.4,303,0,0,0,0
"5821",2024-03-21,5,0,6291.4,297,0,0,22.3026490066225,0,0,6757.4,304,0,0,0,0
"5822",2024-03-21,5,5,6335.4,300,0,0,22.3026490066225,0,0,6757.4,304,0,0,0,0
"5823",2024-03-21,5,10,6335.4,300,0,0,22.3026490066225,0,0,6757.4,304,0,0,0,0
"5824",2024-03-21,5,15,6435.4,301,0,0,22.3026490066225,0,0,6757.4,304,0,0,0,0
"5825",2024-03-21,5,20,6435.4,301,0,0,22.3026490066225,0,0,6757.4,304,0,0,0,0
"5826",2024-03-21,5,25,6735.4,302,0,0,22.3026490066225,0,0,6757.4,304,0,0,0,0
"5827",2024-03-21,5,30,6735.4,302,0,0,22.3026490066225,0,0,6757.4,304,0,0,0,0
"5828",2024-03-21,5,35,6757.4,304,0,0,22.3026490066225,0,0,6757.4,304,0,0,0,0
"5829",2024-03-21,5,40,6657.4,303,0,0,22.3026490066225,0,0,6757.4,304,0,0,0,0
"5830",2024-03-21,5,45,6657.4,303,0,0,22.3026490066225,0,0,6757.4,304,0,0,0,0
"5831",2024-03-21,5,50,6357.4,302,0,0,22.3026490066225,0,0,6757.4,304,0,0,0,0
"5832",2024-03-21,5,55,6357.4,302,0,0,22.3026490066225,0,0,6757.4,304,0,0,0,0
"5833",2024-03-21,6,0,6679.4,304,0,0,22.3324590163934,0,0,6910.4,310,0,0,0,0
"5834",2024-03-21,6,5,6655.4,304,0,0,22.3324590163934,0,0,6910.4,310,0,0,0,0
"5835",2024-03-21,6,10,6633.4,303,0,0,22.3324590163934,0,0,6910.4,310,0,0,0,0
"5836",2024-03-21,6,15,6655.4,304,0,0,22.3324590163934,0,0,6910.4,310,0,0,0,0
"5837",2024-03-21,6,20,6655.4,304,0,0,22.3324590163934,0,0,6910.4,310,0,0,0,0
"5838",2024-03-21,6,25,6355.4,303,0,0,22.3324590163934,0,0,6910.4,310,0,0,0,0
"5839",2024-03-21,6,30,6322.4,302,0,0,22.3324590163934,0,0,6910.4,310,0,0,0,0
"5840",2024-03-21,6,35,6827.4,306,0,0,22.3324590163934,0,0,6910.4,310,0,0,0,0
"5841",2024-03-21,6,40,6811.4,305,0,0,22.3324590163934,0,0,6910.4,310,0,0,0,0
"5842",2024-03-21,6,45,6811.4,305,0,0,22.3324590163934,0,0,6910.4,310,0,0,0,0
"5843",2024-03-21,6,50,6833.4,306,0,0,22.3324590163934,0,0,6910.4,310,0,0,0,0
"5844",2024-03-21,6,55,6910.4,310,0,0,22.3324590163934,0,0,6910.4,310,0,0,0,0
"5845",2024-03-21,7,0,6932.4,311,0,0,23.4310447761194,0,0,7849.4,337,0,0,0,0
"5846",2024-03-21,7,5,6948.4,315,0,0,23.4310447761194,0,0,7849.4,337,0,0,0,0
"5847",2024-03-21,7,10,6626.4,312,0,0,23.4310447761194,0,0,7849.4,337,0,0,0,0
"5848",2024-03-21,7,15,6648.4,314,0,0,23.4310447761194,0,0,7849.4,337,0,0,0,0
"5849",2024-03-21,7,20,6853.4,319,0,0,23.4310447761194,0,0,7849.4,337,0,0,0,0
"5850",2024-03-21,7,25,6875.4,322,0,0,23.4310447761194,0,0,7849.4,337,0,0,0,0
"5851",2024-03-21,7,30,6926.7,324,0,0,23.4310447761194,0,0,7849.4,337,0,0,0,0
"5852",2024-03-21,7,35,7344.4,334,0,0,23.4310447761194,0,0,7849.4,337,0,0,0,0
"5853",2024-03-21,7,40,7339.4,333,0,0,23.4310447761194,0,0,7849.4,337,0,0,0,0
"5854",2024-03-21,7,45,7530.4,335,0,0,23.4310447761194,0,0,7849.4,337,0,0,0,0
"5855",2024-03-21,7,50,7849.4,335,0,0,23.4310447761194,0,0,7849.4,337,0,0,0,0
"5856",2024-03-21,7,55,7849.4,337,0,0,23.4310447761194,0,0,7849.4,337,0,0,0,0
"5857",2024-03-21,8,45,11073.4,380,0,0,29.3737532808399,0,0,11191.4,385,0,0,0,0
"5858",2024-03-21,8,50,10992.4,384,0,0,29.3737532808399,0,0,11191.4,385,0,0,0,0
"5859",2024-03-21,8,55,10933.4,385,0,0,29.3737532808399,0,0,11191.4,385,0,0,0,0
"5860",2024-03-21,8,15,9006.4,350,0,0,29.3737532808399,0,0,11191.4,385,0,0,0,0
"5861",2024-03-21,8,20,9285.4,357,0,0,29.3737532808399,0,0,11191.4,385,0,0,0,0
"5862",2024-03-21,8,25,9877.4,362,0,0,29.3737532808399,0,0,11191.4,385,0,0,0,0
"5863",2024-03-21,8,30,9561.4,361,0,0,29.3737532808399,0,0,11191.4,385,0,0,0,0
"5864",2024-03-21,8,35,11191.4,381,0,0,29.3737532808399,0,0,11191.4,385,0,0,0,0
"5865",2024-03-21,8,40,11012.4,379,0,0,29.3737532808399,0,0,11191.4,385,0,0,0,0
"5866",2024-03-21,8,0,7915.4,339,0,0,29.3737532808399,0,0,11191.4,385,0,0,0,0
"5867",2024-03-21,8,5,8128.4,348,0,0,29.3737532808399,0,0,11191.4,385,0,0,0,0
"5868",2024-03-21,8,10,8395.4,348,0,0,29.3737532808399,0,0,11191.4,385,0,0,0,0
"5869",2024-03-21,9,0,11828.4,398,0,0,29.7195979899497,0,0,13079.4,493,0,0,0,0
"5870",2024-03-21,9,5,12103.4,418,0,0,29.7195979899497,0,0,13079.4,493,0,0,0,0
"5871",2024-03-21,9,10,12307.4,429,0,0,29.7195979899497,0,0,13079.4,493,0,0,0,0
"5872",2024-03-21,9,15,11646.4,428,0,0,29.7195979899497,0,0,13079.4,493,0,0,0,0
"5873",2024-03-21,9,20,11489.4,432,0,0,29.7195979899497,0,0,13079.4,493,0,0,0,0
"5874",2024-03-21,9,25,12104.4,440,0,0,29.7195979899497,0,0,13079.4,493,0,0,0,0
"5875",2024-03-21,9,30,12520.4,449,0,0,29.7195979899497,0,0,13079.4,493,0,0,0,0
"5876",2024-03-21,9,35,12886.4,476,0,0,29.7195979899497,0,0,13079.4,493,0,0,0,0
"5877",2024-03-21,9,40,12751.4,485,0,0,29.7195979899497,0,0,13079.4,493,0,0,0,0
"5878",2024-03-21,9,45,13079.4,490,0,0,29.7195979899497,0,0,13079.4,493,0,0,0,0
"5879",2024-03-21,9,50,12818.4,493,0,0,29.7195979899497,0,0,13079.4,493,0,0,0,0
"5880",2024-03-21,9,55,12731.4,493,0,0,29.7195979899497,0,0,13079.4,493,0,0,0,0
"5881",2024-03-21,10,0,12554.4,495,0,0,25.3624242424242,0,0,13352.1,550,0,0,0,0
"5882",2024-03-21,10,5,12471.4,508,0,0,25.3624242424242,0,0,13352.1,550,0,0,0,0
"5883",2024-03-21,10,10,12505.4,515,0,0,25.3624242424242,0,0,13352.1,550,0,0,0,0
"5884",2024-03-21,10,15,12478.4,516,0,0,25.3624242424242,0,0,13352.1,550,0,0,0,0
"5885",2024-03-21,10,20,12577.4,521,0,0,25.3624242424242,0,0,13352.1,550,0,0,0,0
"5886",2024-03-21,10,25,12376.4,527,0,0,25.3624242424242,0,0,13352.1,550,0,0,0,0
"5887",2024-03-21,10,30,12429.4,529,0,0,25.3624242424242,0,0,13352.1,550,0,0,0,0
"5888",2024-03-21,10,35,13156.1,548,0,0,25.3624242424242,0,0,13352.1,550,0,0,0,0
"5889",2024-03-21,10,40,13286.1,541,0,0,25.3624242424242,0,0,13352.1,550,0,0,0,0
"5890",2024-03-21,10,45,13352.1,543,0,0,25.3624242424242,0,0,13352.1,550,0,0,0,0
"5891",2024-03-21,10,50,13151.1,545,0,0,25.3624242424242,0,0,13352.1,550,0,0,0,0
"5892",2024-03-21,10,55,13169.1,550,0,0,25.3624242424242,0,0,13352.1,550,0,0,0,0
"5893",2024-03-21,11,0,13105.1,552,0,0,28.0305140961857,0,0,16902.4,604,0,0,0,0
"5894",2024-03-21,11,5,13609.1,556,0,0,28.0305140961857,0,0,16902.4,604,0,0,0,0
"5895",2024-03-21,11,10,13675.1,558,0,0,28.0305140961857,0,0,16902.4,604,0,0,0,0
"5896",2024-03-21,11,15,13431.1,563,0,0,28.0305140961857,0,0,16902.4,604,0,0,0,0
"5897",2024-03-21,11,20,13461.1,563,0,0,28.0305140961857,0,0,16902.4,604,0,0,0,0
"5898",2024-03-21,11,25,13914.1,566,0,0,28.0305140961857,0,0,16902.4,604,0,0,0,0
"5899",2024-03-21,11,30,14661.1,569,0,0,28.0305140961857,0,0,16902.4,604,0,0,0,0
"5900",2024-03-21,11,35,15027.1,591,0,0,28.0305140961857,0,0,16902.4,604,0,0,0,0
"5901",2024-03-21,11,40,15671.4,599,0,0,28.0305140961857,0,0,16902.4,604,0,0,0,0
"5902",2024-03-21,11,45,16902.4,603,0,0,28.0305140961857,0,0,16902.4,604,0,0,0,0
"5903",2024-03-21,11,50,16049.4,603,0,0,28.0305140961857,0,0,16902.4,604,0,0,0,0
"5904",2024-03-21,11,55,16616.4,604,0,0,28.0305140961857,0,0,16902.4,604,0,0,0,0
"5905",2024-03-21,12,0,16671.4,609,0,0,27.3750410509031,0,0,16671.4,609,0,0,0,0
"5906",2024-03-21,12,5,15247.4,601,0,0,27.3750410509031,0,0,16671.4,609,0,0,0,0
"5907",2024-03-21,12,10,15247.4,601,0,0,27.3750410509031,0,0,16671.4,609,0,0,0,0
"5908",2024-03-21,12,15,15002.4,602,0,0,27.3750410509031,0,0,16671.4,609,0,0,0,0
"5909",2024-03-21,12,20,15575.4,603,0,0,27.3750410509031,0,0,16671.4,609,0,0,0,0
"5910",2024-03-21,12,25,14893.4,593,0,0,27.3750410509031,0,0,16671.4,609,0,0,0,0
"5911",2024-03-21,12,30,15232.4,593,0,0,27.3750410509031,0,0,16671.4,609,0,0,0,0
"5912",2024-03-21,12,35,15539.4,599,0,0,27.3750410509031,0,0,16671.4,609,0,0,0,0
"5913",2024-03-21,12,40,14867.4,595,0,0,27.3750410509031,0,0,16671.4,609,0,0,0,0
"5914",2024-03-21,12,45,15125.7,593,0,0,27.3750410509031,0,0,16671.4,609,0,0,0,0
"5915",2024-03-21,12,50,15602.7,588,0,0,27.3750410509031,0,0,16671.4,609,0,0,0,0
"5916",2024-03-21,12,55,15500.4,592,0,0,27.3750410509031,0,0,16671.4,609,0,0,0,0
"5917",2024-03-21,13,0,15328.4,589,0,0,35.812540192926,0,0,17001.1,598,0,0,0,0
"5918",2024-03-21,13,5,15806.4,594,0,0,35.812540192926,0,0,17001.1,598,0,0,0,0
"5919",2024-03-21,13,10,15294.1,583,0,0,35.812540192926,0,0,17001.1,598,0,0,0,0
"5920",2024-03-21,13,15,15360.1,581,0,0,35.812540192926,0,0,17001.1,598,0,0,0,0
"5921",2024-03-21,13,20,15250.1,583,0,0,35.812540192926,0,0,17001.1,598,0,0,0,0
"5922",2024-03-21,13,25,16499.1,585,0,0,35.812540192926,0,0,17001.1,598,0,0,0,0
"5923",2024-03-21,13,30,16542.1,583,0,0,35.812540192926,0,0,17001.1,598,0,0,0,0
"5924",2024-03-21,13,35,16584.1,582,0,0,35.812540192926,0,0,17001.1,598,0,0,0,0
"5925",2024-03-21,13,40,16961.1,588,0,0,35.812540192926,0,0,17001.1,598,0,0,0,0
"5926",2024-03-21,13,45,11137.7,311,0,0,35.812540192926,0,0,17001.1,598,0,0,0,0
"5927",2024-03-21,13,50,16663.1,595,0,0,35.812540192926,0,0,17001.1,598,0,0,0,0
"5928",2024-03-21,13,55,17001.1,598,0,0,35.812540192926,0,0,17001.1,598,0,0,0,0
"5929",2024-03-21,14,0,17334.1,601,0,0,30.4420265780731,0,0,18326.1,612,0,0,0,0
"5930",2024-03-21,14,5,18026.1,600,0,0,30.4420265780731,0,0,18326.1,612,0,0,0,0
"5931",2024-03-21,14,10,18326.1,602,0,0,30.4420265780731,0,0,18326.1,612,0,0,0,0
"5932",2024-03-21,14,15,17650.1,601,0,0,30.4420265780731,0,0,18326.1,612,0,0,0,0
"5933",2024-03-21,14,20,17433.1,607,0,0,30.4420265780731,0,0,18326.1,612,0,0,0,0
"5934",2024-03-21,14,25,17377.1,606,0,0,30.4420265780731,0,0,18326.1,612,0,0,0,0
"5935",2024-03-21,14,30,17503.1,612,0,0,30.4420265780731,0,0,18326.1,612,0,0,0,0
"5936",2024-03-21,14,35,16843.1,595,0,0,30.4420265780731,0,0,18326.1,612,0,0,0,0
"5937",2024-03-21,14,40,17090.1,596,0,0,30.4420265780731,0,0,18326.1,612,0,0,0,0
"5938",2024-03-21,14,45,16267.4,597,0,0,30.4420265780731,0,0,18326.1,612,0,0,0,0
"5939",2024-03-21,14,50,16005.4,590,0,0,30.4420265780731,0,0,18326.1,612,0,0,0,0
"5940",2024-03-21,14,55,15883.4,586,0,0,30.4420265780731,0,0,18326.1,612,0,0,0,0
"5941",2024-03-21,15,0,15904.4,591,0,0,27.7606666666667,0,0,16656.4,600,0,0,0,0
"5942",2024-03-21,15,5,15588.4,597,0,0,27.7606666666667,0,0,16656.4,600,0,0,0,0
"5943",2024-03-21,15,10,16023.4,596,0,0,27.7606666666667,0,0,16656.4,600,0,0,0,0
"5944",2024-03-21,15,15,15695.4,595,0,0,27.7606666666667,0,0,16656.4,600,0,0,0,0
"5945",2024-03-21,15,20,15667.4,595,0,0,27.7606666666667,0,0,16656.4,600,0,0,0,0
"5946",2024-03-21,15,25,16250.4,597,0,0,27.7606666666667,0,0,16656.4,600,0,0,0,0
"5947",2024-03-21,15,30,16411.4,600,0,0,27.7606666666667,0,0,16656.4,600,0,0,0,0
"5948",2024-03-21,15,35,15765.4,590,0,0,27.7606666666667,0,0,16656.4,600,0,0,0,0
"5949",2024-03-21,15,40,15682.4,588,0,0,27.7606666666667,0,0,16656.4,600,0,0,0,0
"5950",2024-03-21,15,45,15835.4,591,0,0,27.7606666666667,0,0,16656.4,600,0,0,0,0
"5951",2024-03-21,15,50,16066.4,592,0,0,27.7606666666667,0,0,16656.4,600,0,0,0,0
"5952",2024-03-21,15,55,16656.4,600,0,0,27.7606666666667,0,0,16656.4,600,0,0,0,0
"5953",2024-03-21,16,0,16787.4,597,0,0,29.2523489932886,0,0,17434.4,600,0,0,0,0
"5954",2024-03-21,16,5,17054.4,600,0,0,29.2523489932886,0,0,17434.4,600,0,0,0,0
"5955",2024-03-21,16,10,15946.4,597,0,0,29.2523489932886,0,0,17434.4,600,0,0,0,0
"5956",2024-03-21,16,15,16863.4,598,0,0,29.2523489932886,0,0,17434.4,600,0,0,0,0
"5957",2024-03-21,16,20,17434.4,596,0,0,29.2523489932886,0,0,17434.4,600,0,0,0,0
"5958",2024-03-21,16,25,17190.4,589,0,0,29.2523489932886,0,0,17434.4,600,0,0,0,0
"5959",2024-03-21,16,30,16948.4,593,0,0,29.2523489932886,0,0,17434.4,600,0,0,0,0
"5960",2024-03-21,16,35,15743.4,574,0,0,29.2523489932886,0,0,17434.4,600,0,0,0,0
"5961",2024-03-21,16,40,14817.7,569,0,0,29.2523489932886,0,0,17434.4,600,0,0,0,0
"5962",2024-03-21,16,45,13922.7,556,0,0,29.2523489932886,0,0,17434.4,600,0,0,0,0
"5963",2024-03-21,16,50,13755.7,557,0,0,29.2523489932886,0,0,17434.4,600,0,0,0,0
"5964",2024-03-21,16,55,13944.7,561,0,0,29.2523489932886,0,0,17434.4,600,0,0,0,0
"5965",2024-03-21,17,0,13542.7,557,0,0,27.9780876494024,0,0,14280.7,557,0,0,0,0
"5966",2024-03-21,17,5,13768.7,551,0,0,27.9780876494024,0,0,14280.7,557,0,0,0,0
"5967",2024-03-21,17,10,14234.7,545,0,0,27.9780876494024,0,0,14280.7,557,0,0,0,0
"5968",2024-03-21,17,15,13654.7,541,0,0,27.9780876494024,0,0,14280.7,557,0,0,0,0
"5969",2024-03-21,17,20,13490.7,538,0,0,27.9780876494024,0,0,14280.7,557,0,0,0,0
"5970",2024-03-21,17,25,13352.7,535,0,0,27.9780876494024,0,0,14280.7,557,0,0,0,0
"5971",2024-03-21,17,30,13078.7,527,0,0,27.9780876494024,0,0,14280.7,557,0,0,0,0
"5972",2024-03-21,17,35,14280.7,513,0,0,27.9780876494024,0,0,14280.7,557,0,0,0,0
"5973",2024-03-21,17,40,14045,502,0,0,27.9780876494024,0,0,14280.7,557,0,0,0,0
"5974",2024-03-21,17,45,13036.3,489,0,0,27.9780876494024,0,0,14280.7,557,0,0,0,0
"5975",2024-03-21,17,50,12996,487,0,0,27.9780876494024,0,0,14280.7,557,0,0,0,0
"5976",2024-03-21,17,55,12763,484,0,0,27.9780876494024,0,0,14280.7,557,0,0,0,0
"5977",2024-03-21,18,0,11996,477,0,0,25.5098468271335,0,0,11996,477,0,0,0,0
"5978",2024-03-21,18,5,11124,469,0,0,25.5098468271335,0,0,11996,477,0,0,0,0
"5979",2024-03-21,18,10,10758,459,0,0,25.5098468271335,0,0,11996,477,0,0,0,0
"5980",2024-03-21,18,15,11658,457,0,0,25.5098468271335,0,0,11996,477,0,0,0,0
"5981",2024-03-21,18,20,11715,461,0,0,25.5098468271335,0,0,11996,477,0,0,0,0
"5982",2024-03-21,18,25,11535.3,455,0,0,25.5098468271335,0,0,11996,477,0,0,0,0
"5983",2024-03-21,18,30,11098.3,451,0,0,25.5098468271335,0,0,11996,477,0,0,0,0
"5984",2024-03-21,18,35,10373.3,436,0,0,25.5098468271335,0,0,11996,477,0,0,0,0
"5985",2024-03-21,18,40,10905.3,434,0,0,25.5098468271335,0,0,11996,477,0,0,0,0
"5986",2024-03-21,18,45,10575,434,0,0,25.5098468271335,0,0,11996,477,0,0,0,0
"5987",2024-03-21,18,50,10410,425,0,0,25.5098468271335,0,0,11996,477,0,0,0,0
"5988",2024-03-21,18,55,9972,419,0,0,25.5098468271335,0,0,11996,477,0,0,0,0
"5989",2024-03-21,19,0,9842,412,0,0,25.2442080378251,0,0,10678.3,423,0,0,0,0
"5990",2024-03-21,19,5,9293,400,0,0,25.2442080378251,0,0,10678.3,423,0,0,0,0
"5991",2024-03-21,19,10,9680,399,0,0,25.2442080378251,0,0,10678.3,423,0,0,0,0
"5992",2024-03-21,19,15,10057,405,0,0,25.2442080378251,0,0,10678.3,423,0,0,0,0
"5993",2024-03-21,19,20,9998,402,0,0,25.2442080378251,0,0,10678.3,423,0,0,0,0
"5994",2024-03-21,19,25,9946.3,400,0,0,25.2442080378251,0,0,10678.3,423,0,0,0,0
"5995",2024-03-21,19,30,9354.3,394,0,0,25.2442080378251,0,0,10678.3,423,0,0,0,0
"5996",2024-03-21,19,35,9606.3,406,0,0,25.2442080378251,0,0,10678.3,423,0,0,0,0
"5997",2024-03-21,19,40,9808.3,413,0,0,25.2442080378251,0,0,10678.3,423,0,0,0,0
"5998",2024-03-21,19,45,10135.3,414,0,0,25.2442080378251,0,0,10678.3,423,0,0,0,0
"5999",2024-03-21,19,50,10185.3,415,0,0,25.2442080378251,0,0,10678.3,423,0,0,0,0
"6000",2024-03-21,19,55,10678.3,423,0,0,25.2442080378251,0,0,10678.3,423,0,0,0,0
"6001",2024-03-21,20,0,10530.3,424,0,0,24.8356132075472,0,0,10530.3,435,0,0,0,0
"6002",2024-03-21,20,5,9982.3,430,0,0,24.8356132075472,0,0,10530.3,435,0,0,0,0
"6003",2024-03-21,20,10,10098.3,433,0,0,24.8356132075472,0,0,10530.3,435,0,0,0,0
"6004",2024-03-21,20,15,10125.3,435,0,0,24.8356132075472,0,0,10530.3,435,0,0,0,0
"6005",2024-03-21,20,20,10083.3,434,0,0,24.8356132075472,0,0,10530.3,435,0,0,0,0
"6006",2024-03-21,20,25,10050.3,433,0,0,24.8356132075472,0,0,10530.3,435,0,0,0,0
"6007",2024-03-21,20,30,9901.3,429,0,0,24.8356132075472,0,0,10530.3,435,0,0,0,0
"6008",2024-03-21,20,35,9562.3,424,0,0,24.8356132075472,0,0,10530.3,435,0,0,0,0
"6009",2024-03-21,20,40,10140.3,424,0,0,24.8356132075472,0,0,10530.3,435,0,0,0,0
"6010",2024-03-21,20,45,9568.3,420,0,0,24.8356132075472,0,0,10530.3,435,0,0,0,0
"6011",2024-03-21,20,50,9938,425,0,0,24.8356132075472,0,0,10530.3,435,0,0,0,0
"6012",2024-03-21,20,55,10292,428,0,0,24.8356132075472,0,0,10530.3,435,0,0,0,0
"6013",2024-03-21,21,0,9910,425,0,0,26.0286764705882,0,0,10619.7,425,0,0,0,0
"6014",2024-03-21,21,5,9417,413,0,0,26.0286764705882,0,0,10619.7,425,0,0,0,0
"6015",2024-03-21,21,10,9525,412,0,0,26.0286764705882,0,0,10619.7,425,0,0,0,0
"6016",2024-03-21,21,15,9558,414,0,0,26.0286764705882,0,0,10619.7,425,0,0,0,0
"6017",2024-03-21,21,20,9825,413,0,0,26.0286764705882,0,0,10619.7,425,0,0,0,0
"6018",2024-03-21,21,25,9831,411,0,0,26.0286764705882,0,0,10619.7,425,0,0,0,0
"6019",2024-03-21,21,30,10314.7,413,0,0,26.0286764705882,0,0,10619.7,425,0,0,0,0
"6020",2024-03-21,21,35,10619.7,408,0,0,26.0286764705882,0,0,10619.7,425,0,0,0,0
"6021",2024-03-21,21,40,10014.7,408,0,0,26.0286764705882,0,0,10619.7,425,0,0,0,0
"6022",2024-03-21,21,45,9545.7,406,0,0,26.0286764705882,0,0,10619.7,425,0,0,0,0
"6023",2024-03-21,21,50,9373.7,404,0,0,26.0286764705882,0,0,10619.7,425,0,0,0,0
"6024",2024-03-21,21,55,9256.7,405,0,0,26.0286764705882,0,0,10619.7,425,0,0,0,0
"6025",2024-03-21,22,0,9260.7,401,0,0,25.1598014888337,0,0,10139.4,403,0,0,0,0
"6026",2024-03-21,22,5,10139.4,403,0,0,25.1598014888337,0,0,10139.4,403,0,0,0,0
"6027",2024-03-21,22,10,9789.4,401,0,0,25.1598014888337,0,0,10139.4,403,0,0,0,0
"6028",2024-03-21,22,15,9895.4,400,0,0,25.1598014888337,0,0,10139.4,403,0,0,0,0
"6029",2024-03-21,22,20,9507.4,395,0,0,25.1598014888337,0,0,10139.4,403,0,0,0,0
"6030",2024-03-21,22,25,9507.4,395,0,0,25.1598014888337,0,0,10139.4,403,0,0,0,0
"6031",2024-03-21,22,30,9818.4,397,0,0,25.1598014888337,0,0,10139.4,403,0,0,0,0
"6032",2024-03-21,22,35,9275.4,382,0,0,25.1598014888337,0,0,10139.4,403,0,0,0,0
"6033",2024-03-21,22,40,9553.4,382,0,0,25.1598014888337,0,0,10139.4,403,0,0,0,0
"6034",2024-03-21,22,45,9487.4,379,0,0,25.1598014888337,0,0,10139.4,403,0,0,0,0
"6035",2024-03-21,22,50,9476.1,377,0,0,25.1598014888337,0,0,10139.4,403,0,0,0,0
"6036",2024-03-21,22,55,9326.1,376,0,0,25.1598014888337,0,0,10139.4,403,0,0,0,0
"6037",2024-03-21,23,0,8838.1,376,0,0,24.3408108108108,0,0,9006.1,376,0,0,0,0
"6038",2024-03-21,23,5,9006.1,370,0,0,24.3408108108108,0,0,9006.1,376,0,0,0,0
"6039",2024-03-21,23,10,8384.1,367,0,0,24.3408108108108,0,0,9006.1,376,0,0,0,0
"6040",2024-03-21,23,15,8296.1,363,0,0,24.3408108108108,0,0,9006.1,376,0,0,0,0
"6041",2024-03-21,23,20,8618.1,365,0,0,24.3408108108108,0,0,9006.1,376,0,0,0,0
"6042",2024-03-21,23,25,8285.1,358,0,0,24.3408108108108,0,0,9006.1,376,0,0,0,0
"6043",2024-03-21,23,30,8307.1,359,0,0,24.3408108108108,0,0,9006.1,376,0,0,0,0
"6044",2024-03-21,23,35,8269.1,355,0,0,24.3408108108108,0,0,9006.1,376,0,0,0,0
"6045",2024-03-21,23,40,7912.1,355,0,0,24.3408108108108,0,0,9006.1,376,0,0,0,0
"6046",2024-03-21,23,45,8057.1,351,0,0,24.3408108108108,0,0,9006.1,376,0,0,0,0
"6047",2024-03-21,23,50,7949.1,347,0,0,24.3408108108108,0,0,9006.1,376,0,0,0,0
"6048",2024-03-21,23,55,7307.1,343,0,0,24.3408108108108,0,0,9006.1,376,0,0,0,0
"6049",2024-03-22,0,0,8425.4,385,0,0,22.7095367847411,0,0,8425.4,385,0,0,0,0
"6050",2024-03-22,0,5,8334.4,367,0,0,22.7095367847411,0,0,8425.4,385,0,0,0,0
"6051",2024-03-22,0,10,8012.4,365,0,0,22.7095367847411,0,0,8425.4,385,0,0,0,0
"6052",2024-03-22,0,15,8012.4,365,0,0,22.7095367847411,0,0,8425.4,385,0,0,0,0
"6053",2024-03-22,0,20,8034.4,366,0,0,22.7095367847411,0,0,8425.4,385,0,0,0,0
"6054",2024-03-22,0,25,7979.4,363,0,0,22.7095367847411,0,0,8425.4,385,0,0,0,0
"6055",2024-03-22,0,30,8213.4,362,0,0,22.7095367847411,0,0,8425.4,385,0,0,0,0
"6056",2024-03-22,0,35,7189.4,350,0,0,22.7095367847411,0,0,8425.4,385,0,0,0,0
"6057",2024-03-22,0,40,7167.4,349,0,0,22.7095367847411,0,0,8425.4,385,0,0,0,0
"6058",2024-03-22,0,45,7167.4,349,0,0,22.7095367847411,0,0,8425.4,385,0,0,0,0
"6059",2024-03-22,0,50,7145.4,348,0,0,22.7095367847411,0,0,8425.4,385,0,0,0,0
"6060",2024-03-22,0,55,7261.4,352,0,0,22.7095367847411,0,0,8425.4,385,0,0,0,0
"6061",2024-03-22,1,0,6657.4,320,0,0,21.5158385093168,0,0,6928.1,322,0,0,0,0
"6062",2024-03-22,1,5,6518.4,320,0,0,21.5158385093168,0,0,6928.1,322,0,0,0,0
"6063",2024-03-22,1,10,6452.4,317,0,0,21.5158385093168,0,0,6928.1,322,0,0,0,0
"6064",2024-03-22,1,15,6452.4,317,0,0,21.5158385093168,0,0,6928.1,322,0,0,0,0
"6065",2024-03-22,1,20,6452.4,317,0,0,21.5158385093168,0,0,6928.1,322,0,0,0,0
"6066",2024-03-22,1,25,6452.4,317,0,0,21.5158385093168,0,0,6928.1,322,0,0,0,0
"6067",2024-03-22,1,30,6456.1,318,0,0,21.5158385093168,0,0,6928.1,322,0,0,0,0
"6068",2024-03-22,1,35,6617.1,320,0,0,21.5158385093168,0,0,6928.1,322,0,0,0,0
"6069",2024-03-22,1,40,6617.1,320,0,0,21.5158385093168,0,0,6928.1,322,0,0,0,0
"6070",2024-03-22,1,45,6628.1,321,0,0,21.5158385093168,0,0,6928.1,322,0,0,0,0
"6071",2024-03-22,1,50,6628.1,321,0,0,21.5158385093168,0,0,6928.1,322,0,0,0,0
"6072",2024-03-22,1,55,6928.1,322,0,0,21.5158385093168,0,0,6928.1,322,0,0,0,0
"6073",2024-03-22,2,0,6628.1,321,0,0,23.0003058103976,0,0,7521.1,327,0,0,0,0
"6074",2024-03-22,2,5,6489.1,321,0,0,23.0003058103976,0,0,7521.1,327,0,0,0,0
"6075",2024-03-22,2,10,6489.1,321,0,0,23.0003058103976,0,0,7521.1,327,0,0,0,0
"6076",2024-03-22,2,15,6571.1,323,0,0,23.0003058103976,0,0,7521.1,327,0,0,0,0
"6077",2024-03-22,2,20,6571.1,323,0,0,23.0003058103976,0,0,7521.1,327,0,0,0,0
"6078",2024-03-22,2,25,6571.1,323,0,0,23.0003058103976,0,0,7521.1,327,0,0,0,0
"6079",2024-03-22,2,30,6571.1,323,0,0,23.0003058103976,0,0,7521.1,327,0,0,0,0
"6080",2024-03-22,2,35,7177.1,324,0,0,23.0003058103976,0,0,7521.1,327,0,0,0,0
"6081",2024-03-22,2,40,7177.1,324,0,0,23.0003058103976,0,0,7521.1,327,0,0,0,0
"6082",2024-03-22,2,45,7221.1,326,0,0,23.0003058103976,0,0,7521.1,327,0,0,0,0
"6083",2024-03-22,2,50,7521.1,327,0,0,23.0003058103976,0,0,7521.1,327,0,0,0,0
"6084",2024-03-22,2,55,7221.1,326,0,0,23.0003058103976,0,0,7521.1,327,0,0,0,0
"6085",2024-03-22,3,0,6921.1,325,0,0,21.2956923076923,0,0,6921.1,325,0,0,0,0
"6086",2024-03-22,3,5,6528.1,321,0,0,21.2956923076923,0,0,6921.1,325,0,0,0,0
"6087",2024-03-22,3,10,6528.1,321,0,0,21.2956923076923,0,0,6921.1,325,0,0,0,0
"6088",2024-03-22,3,15,6528.1,321,0,0,21.2956923076923,0,0,6921.1,325,0,0,0,0
"6089",2024-03-22,3,20,6550.1,322,0,0,21.2956923076923,0,0,6921.1,325,0,0,0,0
"6090",2024-03-22,3,25,6850.1,323,0,0,21.2956923076923,0,0,6921.1,325,0,0,0,0
"6091",2024-03-22,3,30,6850.1,323,0,0,21.2956923076923,0,0,6921.1,325,0,0,0,0
"6092",2024-03-22,3,35,6883.1,324,0,0,21.2956923076923,0,0,6921.1,325,0,0,0,0
"6093",2024-03-22,3,40,6839.1,322,0,0,21.2956923076923,0,0,6921.1,325,0,0,0,0
"6094",2024-03-22,3,45,6839.1,322,0,0,21.2956923076923,0,0,6921.1,325,0,0,0,0
"6095",2024-03-22,3,50,6839.1,322,0,0,21.2956923076923,0,0,6921.1,325,0,0,0,0
"6096",2024-03-22,3,55,6839.1,322,0,0,21.2956923076923,0,0,6921.1,325,0,0,0,0
"6097",2024-03-22,4,0,6839.1,322,0,0,21.6052469135802,0,0,7000.1,324,0,0,0,0
"6098",2024-03-22,4,5,7000.1,324,0,0,21.6052469135802,0,0,7000.1,324,0,0,0,0
"6099",2024-03-22,4,10,6389.1,321,0,0,21.6052469135802,0,0,7000.1,324,0,0,0,0
"6100",2024-03-22,4,15,6389.1,321,0,0,21.6052469135802,0,0,7000.1,324,0,0,0,0
"6101",2024-03-22,4,20,6239.1,320,0,0,21.6052469135802,0,0,7000.1,324,0,0,0,0
"6102",2024-03-22,4,25,6239.1,320,0,0,21.6052469135802,0,0,7000.1,324,0,0,0,0
"6103",2024-03-22,4,30,6239.1,320,0,0,21.6052469135802,0,0,7000.1,324,0,0,0,0
"6104",2024-03-22,4,35,6345.1,319,0,0,21.6052469135802,0,0,7000.1,324,0,0,0,0
"6105",2024-03-22,4,40,6356.1,320,0,0,21.6052469135802,0,0,7000.1,324,0,0,0,0
"6106",2024-03-22,4,45,6356.1,320,0,0,21.6052469135802,0,0,7000.1,324,0,0,0,0
"6107",2024-03-22,4,50,6356.1,320,0,0,21.6052469135802,0,0,7000.1,324,0,0,0,0
"6108",2024-03-22,4,55,6356.1,320,0,0,21.6052469135802,0,0,7000.1,324,0,0,0,0
"6109",2024-03-22,5,0,6356.1,320,0,0,20.7965517241379,0,0,6668.1,321,0,0,0,0
"6110",2024-03-22,5,5,6334.1,318,0,0,20.7965517241379,0,0,6668.1,321,0,0,0,0
"6111",2024-03-22,5,10,6334.1,318,0,0,20.7965517241379,0,0,6668.1,321,0,0,0,0
"6112",2024-03-22,5,15,6334.1,318,0,0,20.7965517241379,0,0,6668.1,321,0,0,0,0
"6113",2024-03-22,5,20,6634.1,319,0,0,20.7965517241379,0,0,6668.1,321,0,0,0,0
"6114",2024-03-22,5,25,6634.1,319,0,0,20.7965517241379,0,0,6668.1,321,0,0,0,0
"6115",2024-03-22,5,30,6634.1,319,0,0,20.7965517241379,0,0,6668.1,321,0,0,0,0
"6116",2024-03-22,5,35,6635.1,320,0,0,20.7965517241379,0,0,6668.1,321,0,0,0,0
"6117",2024-03-22,5,40,6668.1,321,0,0,20.7965517241379,0,0,6668.1,321,0,0,0,0
"6118",2024-03-22,5,45,6668.1,321,0,0,20.7965517241379,0,0,6668.1,321,0,0,0,0
"6119",2024-03-22,5,50,6368.1,320,0,0,20.7965517241379,0,0,6668.1,321,0,0,0,0
"6120",2024-03-22,5,55,6368.1,320,0,0,20.7965517241379,0,0,6668.1,321,0,0,0,0
"6121",2024-03-22,6,0,6390.1,321,0,0,21.0721556886228,0,0,7038.1,334,0,0,0,0
"6122",2024-03-22,6,5,6368.1,320,0,0,21.0721556886228,0,0,7038.1,334,0,0,0,0
"6123",2024-03-22,6,10,6412.1,322,0,0,21.0721556886228,0,0,7038.1,334,0,0,0,0
"6124",2024-03-22,6,15,6412.1,322,0,0,21.0721556886228,0,0,7038.1,334,0,0,0,0
"6125",2024-03-22,6,20,6412.1,322,0,0,21.0721556886228,0,0,7038.1,334,0,0,0,0
"6126",2024-03-22,6,25,6456.1,324,0,0,21.0721556886228,0,0,7038.1,334,0,0,0,0
"6127",2024-03-22,6,30,6500.1,326,0,0,21.0721556886228,0,0,7038.1,334,0,0,0,0
"6128",2024-03-22,6,35,6511.1,328,0,0,21.0721556886228,0,0,7038.1,334,0,0,0,0
"6129",2024-03-22,6,40,6489.1,327,0,0,21.0721556886228,0,0,7038.1,334,0,0,0,0
"6130",2024-03-22,6,45,6511.1,328,0,0,21.0721556886228,0,0,7038.1,334,0,0,0,0
"6131",2024-03-22,6,50,6738.1,333,0,0,21.0721556886228,0,0,7038.1,334,0,0,0,0
"6132",2024-03-22,6,55,7038.1,334,0,0,21.0721556886228,0,0,7038.1,334,0,0,0,0
"6133",2024-03-22,7,45,8303.4,382,0,0,22.7016042780749,0,0,8490.4,388,0,0,0,0
"6134",2024-03-22,7,50,8281.4,379,0,0,22.7016042780749,0,0,8490.4,388,0,0,0,0
"6135",2024-03-22,7,55,8234.4,388,0,0,22.7016042780749,0,0,8490.4,388,0,0,0,0
"6136",2024-03-22,7,0,7100.4,338,0,0,22.7016042780749,0,0,8490.4,388,0,0,0,0
"6137",2024-03-22,7,5,7877.4,347,0,0,22.7016042780749,0,0,8490.4,388,0,0,0,0
"6138",2024-03-22,7,10,7877.4,347,0,0,22.7016042780749,0,0,8490.4,388,0,0,0,0
"6139",2024-03-22,7,15,7610.4,347,0,0,22.7016042780749,0,0,8490.4,388,0,0,0,0
"6140",2024-03-22,7,20,7845.4,352,0,0,22.7016042780749,0,0,8490.4,388,0,0,0,0
"6141",2024-03-22,7,25,7922.4,357,0,0,22.7016042780749,0,0,8490.4,388,0,0,0,0
"6142",2024-03-22,7,30,7571.4,360,0,0,22.7016042780749,0,0,8490.4,388,0,0,0,0
"6143",2024-03-22,7,35,8490.4,374,0,0,22.7016042780749,0,0,8490.4,388,0,0,0,0
"6144",2024-03-22,7,40,8340.4,375,0,0,22.7016042780749,0,0,8490.4,388,0,0,0,0
"6145",2024-03-22,8,0,8529.4,401,0,0,26.1918454935622,0,0,12205.4,490,0,0,0,0
"6146",2024-03-22,8,5,8982.4,419,0,0,26.1918454935622,0,0,12205.4,490,0,0,0,0
"6147",2024-03-22,8,10,9120.4,425,0,0,26.1918454935622,0,0,12205.4,490,0,0,0,0
"6148",2024-03-22,8,15,9940.4,433,0,0,26.1918454935622,0,0,12205.4,490,0,0,0,0
"6149",2024-03-22,8,20,9918.4,432,0,0,26.1918454935622,0,0,12205.4,490,0,0,0,0
"6150",2024-03-22,8,25,10447.4,438,0,0,26.1918454935622,0,0,12205.4,490,0,0,0,0
"6151",2024-03-22,8,30,11631.4,448,0,0,26.1918454935622,0,0,12205.4,490,0,0,0,0
"6152",2024-03-22,8,35,12205.4,466,0,0,26.1918454935622,0,0,12205.4,490,0,0,0,0
"6153",2024-03-22,8,40,11512.4,469,0,0,26.1918454935622,0,0,12205.4,490,0,0,0,0
"6154",2024-03-22,8,45,11342.4,479,0,0,26.1918454935622,0,0,12205.4,490,0,0,0,0
"6155",2024-03-22,8,50,10801.4,476,0,0,26.1918454935622,0,0,12205.4,490,0,0,0,0
"6156",2024-03-22,8,55,11140.4,490,0,0,26.1918454935622,0,0,12205.4,490,0,0,0,0
"6157",2024-03-22,9,0,12032.4,503,0,0,27.7760869565217,0,0,15481.4,606,0,0,0,0
"6158",2024-03-22,9,5,12919.4,523,0,0,27.7760869565217,0,0,15481.4,606,0,0,0,0
"6159",2024-03-22,9,10,12897.4,530,0,0,27.7760869565217,0,0,15481.4,606,0,0,0,0
"6160",2024-03-22,9,15,12864.4,528,0,0,27.7760869565217,0,0,15481.4,606,0,0,0,0
"6161",2024-03-22,9,20,13826.4,537,0,0,27.7760869565217,0,0,15481.4,606,0,0,0,0
"6162",2024-03-22,9,25,15030.4,550,0,0,27.7760869565217,0,0,15481.4,606,0,0,0,0
"6163",2024-03-22,9,30,15332.4,552,0,0,27.7760869565217,0,0,15481.4,606,0,0,0,0
"6164",2024-03-22,9,35,15481.4,588,0,0,27.7760869565217,0,0,15481.4,606,0,0,0,0
"6165",2024-03-22,9,40,15078.4,592,0,0,27.7760869565217,0,0,15481.4,606,0,0,0,0
"6166",2024-03-22,9,45,14883.4,598,0,0,27.7760869565217,0,0,15481.4,606,0,0,0,0
"6167",2024-03-22,9,50,15417.4,606,0,0,27.7760869565217,0,0,15481.4,606,0,0,0,0
"6168",2024-03-22,9,55,14828.4,606,0,0,27.7760869565217,0,0,15481.4,606,0,0,0,0
"6169",2024-03-22,10,0,14661.4,605,0,0,25.32064,0,0,16041.4,636,0,0,0,0
"6170",2024-03-22,10,5,15382.4,621,0,0,25.32064,0,0,16041.4,636,0,0,0,0
"6171",2024-03-22,10,10,15448.4,620,0,0,25.32064,0,0,16041.4,636,0,0,0,0
"6172",2024-03-22,10,15,15825.4,625,0,0,25.32064,0,0,16041.4,636,0,0,0,0
"6173",2024-03-22,10,20,15876.4,631,0,0,25.32064,0,0,16041.4,636,0,0,0,0
"6174",2024-03-22,10,25,16041.4,634,0,0,25.32064,0,0,16041.4,636,0,0,0,0
"6175",2024-03-22,10,30,14962.4,624,0,0,25.32064,0,0,16041.4,636,0,0,0,0
"6176",2024-03-22,10,35,14764.4,634,0,0,25.32064,0,0,16041.4,636,0,0,0,0
"6177",2024-03-22,10,40,13798.4,628,0,0,25.32064,0,0,16041.4,636,0,0,0,0
"6178",2024-03-22,10,45,13651.4,628,0,0,25.32064,0,0,16041.4,636,0,0,0,0
"6179",2024-03-22,10,50,14056.4,633,0,0,25.32064,0,0,16041.4,636,0,0,0,0
"6180",2024-03-22,10,55,14333.4,636,0,0,25.32064,0,0,16041.4,636,0,0,0,0
"6181",2024-03-22,11,0,14771.4,642,0,0,26.4228613569322,0,0,17985.7,686,0,0,0,0
"6182",2024-03-22,11,5,15535.7,652,0,0,26.4228613569322,0,0,17985.7,686,0,0,0,0
"6183",2024-03-22,11,10,16462.7,654,0,0,26.4228613569322,0,0,17985.7,686,0,0,0,0
"6184",2024-03-22,11,15,15978.7,655,0,0,26.4228613569322,0,0,17985.7,686,0,0,0,0
"6185",2024-03-22,11,20,15689.7,655,0,0,26.4228613569322,0,0,17985.7,686,0,0,0,0
"6186",2024-03-22,11,25,16094.7,661,0,0,26.4228613569322,0,0,17985.7,686,0,0,0,0
"6187",2024-03-22,11,30,16041.7,655,0,0,26.4228613569322,0,0,17985.7,686,0,0,0,0
"6188",2024-03-22,11,35,17914.7,678,0,0,26.4228613569322,0,0,17985.7,686,0,0,0,0
"6189",2024-03-22,11,40,17787.7,679,0,0,26.4228613569322,0,0,17985.7,686,0,0,0,0
"6190",2024-03-22,11,45,17177.7,678,0,0,26.4228613569322,0,0,17985.7,686,0,0,0,0
"6191",2024-03-22,11,50,17254.7,681,0,0,26.4228613569322,0,0,17985.7,686,0,0,0,0
"6192",2024-03-22,11,55,17985.7,686,0,0,26.4228613569322,0,0,17985.7,686,0,0,0,0
"6193",2024-03-22,12,0,17839.7,687,0,0,28.4270430906389,0,0,19131.4,687,0,0,0,0
"6194",2024-03-22,12,5,17965.7,686,0,0,28.4270430906389,0,0,19131.4,687,0,0,0,0
"6195",2024-03-22,12,10,17609.7,685,0,0,28.4270430906389,0,0,19131.4,687,0,0,0,0
"6196",2024-03-22,12,15,17670.7,686,0,0,28.4270430906389,0,0,19131.4,687,0,0,0,0
"6197",2024-03-22,12,20,18022.7,686,0,0,28.4270430906389,0,0,19131.4,687,0,0,0,0
"6198",2024-03-22,12,25,18165.4,685,0,0,28.4270430906389,0,0,19131.4,687,0,0,0,0
"6199",2024-03-22,12,30,18171.4,683,0,0,28.4270430906389,0,0,19131.4,687,0,0,0,0
"6200",2024-03-22,12,35,18907.4,678,0,0,28.4270430906389,0,0,19131.4,687,0,0,0,0
"6201",2024-03-22,12,40,19131.4,673,0,0,28.4270430906389,0,0,19131.4,687,0,0,0,0
"6202",2024-03-22,12,45,17706.4,658,0,0,28.4270430906389,0,0,19131.4,687,0,0,0,0
"6203",2024-03-22,12,50,18298.4,659,0,0,28.4270430906389,0,0,19131.4,687,0,0,0,0
"6204",2024-03-22,12,55,18164.6,660,0,0,28.4270430906389,0,0,19131.4,687,0,0,0,0
"6205",2024-03-22,13,0,18146.6,658,0,0,31.5241635687732,0,0,18146.6,658,0,0,0,0
"6206",2024-03-22,13,5,17257.6,645,0,0,31.5241635687732,0,0,18146.6,658,0,0,0,0
"6207",2024-03-22,13,10,17184.6,635,0,0,31.5241635687732,0,0,18146.6,658,0,0,0,0
"6208",2024-03-22,13,15,17446.6,628,0,0,31.5241635687732,0,0,18146.6,658,0,0,0,0
"6209",2024-03-22,13,20,17197.3,623,0,0,31.5241635687732,0,0,18146.6,658,0,0,0,0
"6210",2024-03-22,13,25,17229.3,623,0,0,31.5241635687732,0,0,18146.6,658,0,0,0,0
"6211",2024-03-22,13,30,16140.3,616,0,0,31.5241635687732,0,0,18146.6,658,0,0,0,0
"6212",2024-03-22,13,35,15680.6,599,0,0,31.5241635687732,0,0,18146.6,658,0,0,0,0
"6213",2024-03-22,13,40,15377.6,593,0,0,31.5241635687732,0,0,18146.6,658,0,0,0,0
"6214",2024-03-22,13,45,8480,269,0,0,31.5241635687732,0,0,18146.6,658,0,0,0,0
"6215",2024-03-22,13,50,15067.6,594,0,0,31.5241635687732,0,0,18146.6,658,0,0,0,0
"6216",2024-03-22,13,55,14251.6,595,0,0,31.5241635687732,0,0,18146.6,658,0,0,0,0
"6217",2024-03-22,14,35,14071.6,562,0,0,26.850259965338,0,0,15492.6,591,0,0,0,0
"6218",2024-03-22,14,40,14185.6,560,0,0,26.850259965338,0,0,15492.6,591,0,0,0,0
"6219",2024-03-22,14,45,15037.6,563,0,0,26.850259965338,0,0,15492.6,591,0,0,0,0
"6220",2024-03-22,14,50,15138.6,569,0,0,26.850259965338,0,0,15492.6,591,0,0,0,0
"6221",2024-03-22,14,55,15492.6,577,0,0,26.850259965338,0,0,15492.6,591,0,0,0,0
"6222",2024-03-22,14,0,13874.6,591,0,0,26.850259965338,0,0,15492.6,591,0,0,0,0
"6223",2024-03-22,14,5,13921.6,584,0,0,26.850259965338,0,0,15492.6,591,0,0,0,0
"6224",2024-03-22,14,10,13939.6,562,0,0,26.850259965338,0,0,15492.6,591,0,0,0,0
"6225",2024-03-22,14,15,14152.6,565,0,0,26.850259965338,0,0,15492.6,591,0,0,0,0
"6226",2024-03-22,14,20,14599.6,565,0,0,26.850259965338,0,0,15492.6,591,0,0,0,0
"6227",2024-03-22,14,25,14638.6,565,0,0,26.850259965338,0,0,15492.6,591,0,0,0,0
"6228",2024-03-22,14,30,14271.6,569,0,0,26.850259965338,0,0,15492.6,591,0,0,0,0
"6229",2024-03-22,15,45,15902.3,592,0,0,31.2989690721649,0,0,16389.3,604,0,0,0,0
"6230",2024-03-22,15,50,16088.3,596,0,0,31.2989690721649,0,0,16389.3,604,0,0,0,0
"6231",2024-03-22,15,55,16389.3,604,0,0,31.2989690721649,0,0,16389.3,604,0,0,0,0
"6232",2024-03-22,15,0,14603.6,574,0,0,31.2989690721649,0,0,16389.3,604,0,0,0,0
"6233",2024-03-22,15,5,14507.3,571,0,0,31.2989690721649,0,0,16389.3,604,0,0,0,0
"6234",2024-03-22,15,10,14682.3,583,0,0,31.2989690721649,0,0,16389.3,604,0,0,0,0
"6235",2024-03-22,15,15,15167.3,583,0,0,31.2989690721649,0,0,16389.3,604,0,0,0,0
"6236",2024-03-22,15,20,9108,291,0,0,31.2989690721649,0,0,16389.3,604,0,0,0,0
"6237",2024-03-22,15,25,16271.3,592,0,0,31.2989690721649,0,0,16389.3,604,0,0,0,0
"6238",2024-03-22,15,30,15559.3,589,0,0,31.2989690721649,0,0,16389.3,604,0,0,0,0
"6239",2024-03-22,15,35,15980.3,591,0,0,31.2989690721649,0,0,16389.3,604,0,0,0,0
"6240",2024-03-22,15,40,15800.3,590,0,0,31.2989690721649,0,0,16389.3,604,0,0,0,0
"6241",2024-03-22,16,0,15647.3,598,0,0,27.502471169687,0,0,16694,607,0,0,0,0
"6242",2024-03-22,16,5,15317.6,598,0,0,27.502471169687,0,0,16694,607,0,0,0,0
"6243",2024-03-22,16,10,15485.6,597,0,0,27.502471169687,0,0,16694,607,0,0,0,0
"6244",2024-03-22,16,15,15384.6,603,0,0,27.502471169687,0,0,16694,607,0,0,0,0
"6245",2024-03-22,16,20,15175.6,602,0,0,27.502471169687,0,0,16694,607,0,0,0,0
"6246",2024-03-22,16,25,15404.6,607,0,0,27.502471169687,0,0,16694,607,0,0,0,0
"6247",2024-03-22,16,30,15103.6,601,0,0,27.502471169687,0,0,16694,607,0,0,0,0
"6248",2024-03-22,16,35,15957.3,599,0,0,27.502471169687,0,0,16694,607,0,0,0,0
"6249",2024-03-22,16,40,16457.3,599,0,0,27.502471169687,0,0,16694,607,0,0,0,0
"6250",2024-03-22,16,45,16193,598,0,0,27.502471169687,0,0,16694,607,0,0,0,0
"6251",2024-03-22,16,50,16694,607,0,0,27.502471169687,0,0,16694,607,0,0,0,0
"6252",2024-03-22,16,55,15937,598,0,0,27.502471169687,0,0,16694,607,0,0,0,0
"6253",2024-03-22,17,15,14930.3,573,0,0,28.4158469945355,0,0,16216.3,598,0,0,0,0
"6254",2024-03-22,17,20,14864.3,570,0,0,28.4158469945355,0,0,16216.3,598,0,0,0,0
"6255",2024-03-22,17,25,14398.3,560,0,0,28.4158469945355,0,0,16216.3,598,0,0,0,0
"6256",2024-03-22,17,30,15157.3,558,0,0,28.4158469945355,0,0,16216.3,598,0,0,0,0
"6257",2024-03-22,17,35,15600.3,549,0,0,28.4158469945355,0,0,16216.3,598,0,0,0,0
"6258",2024-03-22,17,40,14217.3,540,0,0,28.4158469945355,0,0,16216.3,598,0,0,0,0
"6259",2024-03-22,17,45,13983.1,530,0,0,28.4158469945355,0,0,16216.3,598,0,0,0,0
"6260",2024-03-22,17,50,14175.1,529,0,0,28.4158469945355,0,0,16216.3,598,0,0,0,0
"6261",2024-03-22,17,55,14759.1,527,0,0,28.4158469945355,0,0,16216.3,598,0,0,0,0
"6262",2024-03-22,17,0,16216.3,598,0,0,28.4158469945355,0,0,16216.3,598,0,0,0,0
"6263",2024-03-22,17,5,14991.3,583,0,0,28.4158469945355,0,0,16216.3,598,0,0,0,0
"6264",2024-03-22,17,10,14935.3,575,0,0,28.4158469945355,0,0,16216.3,598,0,0,0,0
"6265",2024-03-22,18,0,14422.1,521,0,0,28.3764356435644,0,0,14422.1,521,0,0,0,0
"6266",2024-03-22,18,5,14330.1,505,0,0,28.3764356435644,0,0,14422.1,521,0,0,0,0
"6267",2024-03-22,18,10,13268.1,500,0,0,28.3764356435644,0,0,14422.1,521,0,0,0,0
"6268",2024-03-22,18,15,12738.1,498,0,0,28.3764356435644,0,0,14422.1,521,0,0,0,0
"6269",2024-03-22,18,20,12182.1,494,0,0,28.3764356435644,0,0,14422.1,521,0,0,0,0
"6270",2024-03-22,18,25,13016.1,498,0,0,28.3764356435644,0,0,14422.1,521,0,0,0,0
"6271",2024-03-22,18,30,12689.1,485,0,0,28.3764356435644,0,0,14422.1,521,0,0,0,0
"6272",2024-03-22,18,35,13261.1,487,0,0,28.3764356435644,0,0,14422.1,521,0,0,0,0
"6273",2024-03-22,18,40,13261.1,486,0,0,28.3764356435644,0,0,14422.1,521,0,0,0,0
"6274",2024-03-22,18,45,12344.1,484,0,0,28.3764356435644,0,0,14422.1,521,0,0,0,0
"6275",2024-03-22,18,50,12159.1,482,0,0,28.3764356435644,0,0,14422.1,521,0,0,0,0
"6276",2024-03-22,18,55,12096.1,474,0,0,28.3764356435644,0,0,14422.1,521,0,0,0,0
"6277",2024-03-22,19,0,12494.1,476,0,0,26.9959488272921,0,0,12661.1,476,0,0,0,0
"6278",2024-03-22,19,5,11442.1,458,0,0,26.9959488272921,0,0,12661.1,476,0,0,0,0
"6279",2024-03-22,19,10,11185.1,453,0,0,26.9959488272921,0,0,12661.1,476,0,0,0,0
"6280",2024-03-22,19,15,11731.1,458,0,0,26.9959488272921,0,0,12661.1,476,0,0,0,0
"6281",2024-03-22,19,20,12288.1,464,0,0,26.9959488272921,0,0,12661.1,476,0,0,0,0
"6282",2024-03-22,19,25,11885.1,459,0,0,26.9959488272921,0,0,12661.1,476,0,0,0,0
"6283",2024-03-22,19,30,11791.1,454,0,0,26.9959488272921,0,0,12661.1,476,0,0,0,0
"6284",2024-03-22,19,35,11950.1,464,0,0,26.9959488272921,0,0,12661.1,476,0,0,0,0
"6285",2024-03-22,19,40,11767.1,468,0,0,26.9959488272921,0,0,12661.1,476,0,0,0,0
"6286",2024-03-22,19,45,12181.1,470,0,0,26.9959488272921,0,0,12661.1,476,0,0,0,0
"6287",2024-03-22,19,50,12148.1,467,0,0,26.9959488272921,0,0,12661.1,476,0,0,0,0
"6288",2024-03-22,19,55,12661.1,469,0,0,26.9959488272921,0,0,12661.1,476,0,0,0,0
"6289",2024-03-22,20,0,11769.1,464,0,0,27.2949473684211,0,0,13048.1,480,0,0,0,0
"6290",2024-03-22,20,5,12447.1,477,0,0,27.2949473684211,0,0,13048.1,480,0,0,0,0
"6291",2024-03-22,20,10,12649.1,479,0,0,27.2949473684211,0,0,13048.1,480,0,0,0,0
"6292",2024-03-22,20,15,13048.1,480,0,0,27.2949473684211,0,0,13048.1,480,0,0,0,0
"6293",2024-03-22,20,20,12965.1,475,0,0,27.2949473684211,0,0,13048.1,480,0,0,0,0
"6294",2024-03-22,20,25,12825.1,475,0,0,27.2949473684211,0,0,13048.1,480,0,0,0,0
"6295",2024-03-22,20,30,11928.1,474,0,0,27.2949473684211,0,0,13048.1,480,0,0,0,0
"6296",2024-03-22,20,35,11114.1,464,0,0,27.2949473684211,0,0,13048.1,480,0,0,0,0
"6297",2024-03-22,20,40,11344.1,471,0,0,27.2949473684211,0,0,13048.1,480,0,0,0,0
"6298",2024-03-22,20,45,10658.1,461,0,0,27.2949473684211,0,0,13048.1,480,0,0,0,0
"6299",2024-03-22,20,50,10308.1,459,0,0,27.2949473684211,0,0,13048.1,480,0,0,0,0
"6300",2024-03-22,20,55,10275.1,458,0,0,27.2949473684211,0,0,13048.1,480,0,0,0,0
"6301",2024-03-22,21,0,9794.1,455,0,0,26.2148648648649,0,0,11639.4,455,0,0,0,0
"6302",2024-03-22,21,5,10374.1,454,0,0,26.2148648648649,0,0,11639.4,455,0,0,0,0
"6303",2024-03-22,21,10,10430.1,450,0,0,26.2148648648649,0,0,11639.4,455,0,0,0,0
"6304",2024-03-22,21,15,9846.1,450,0,0,26.2148648648649,0,0,11639.4,455,0,0,0,0
"6305",2024-03-22,21,20,10105.1,451,0,0,26.2148648648649,0,0,11639.4,455,0,0,0,0
"6306",2024-03-22,21,25,9793.1,444,0,0,26.2148648648649,0,0,11639.4,455,0,0,0,0
"6307",2024-03-22,21,30,10082.1,446,0,0,26.2148648648649,0,0,11639.4,455,0,0,0,0
"6308",2024-03-22,21,35,10187.1,435,0,0,26.2148648648649,0,0,11639.4,455,0,0,0,0
"6309",2024-03-22,21,40,10625.4,438,0,0,26.2148648648649,0,0,11639.4,455,0,0,0,0
"6310",2024-03-22,21,45,10723.4,438,0,0,26.2148648648649,0,0,11639.4,455,0,0,0,0
"6311",2024-03-22,21,50,10906.4,438,0,0,26.2148648648649,0,0,11639.4,455,0,0,0,0
"6312",2024-03-22,21,55,11639.4,444,0,0,26.2148648648649,0,0,11639.4,455,0,0,0,0
"6313",2024-03-22,22,0,11830.4,446,0,0,26.5255605381166,0,0,11830.4,446,0,0,0,0
"6314",2024-03-22,22,5,10862.4,437,0,0,26.5255605381166,0,0,11830.4,446,0,0,0,0
"6315",2024-03-22,22,10,10906.4,439,0,0,26.5255605381166,0,0,11830.4,446,0,0,0,0
"6316",2024-03-22,22,15,10840.4,435,0,0,26.5255605381166,0,0,11830.4,446,0,0,0,0
"6317",2024-03-22,22,20,10632.4,431,0,0,26.5255605381166,0,0,11830.4,446,0,0,0,0
"6318",2024-03-22,22,25,10910.4,431,0,0,26.5255605381166,0,0,11830.4,446,0,0,0,0
"6319",2024-03-22,22,30,10538.4,428,0,0,26.5255605381166,0,0,11830.4,446,0,0,0,0
"6320",2024-03-22,22,35,9311.4,420,0,0,26.5255605381166,0,0,11830.4,446,0,0,0,0
"6321",2024-03-22,22,40,9589.4,420,0,0,26.5255605381166,0,0,11830.4,446,0,0,0,0
"6322",2024-03-22,22,45,9867.4,420,0,0,26.5255605381166,0,0,11830.4,446,0,0,0,0
"6323",2024-03-22,22,50,10055.4,420,0,0,26.5255605381166,0,0,11830.4,446,0,0,0,0
"6324",2024-03-22,22,55,10139.4,421,0,0,26.5255605381166,0,0,11830.4,446,0,0,0,0
"6325",2024-03-22,23,0,9969.4,418,0,0,25.3793611793612,0,0,10329.4,418,0,0,0,0
"6326",2024-03-22,23,5,10329.4,407,0,0,25.3793611793612,0,0,10329.4,418,0,0,0,0
"6327",2024-03-22,23,10,9903.4,402,0,0,25.3793611793612,0,0,10329.4,418,0,0,0,0
"6328",2024-03-22,23,15,9570.4,399,0,0,25.3793611793612,0,0,10329.4,418,0,0,0,0
"6329",2024-03-22,23,20,8752.4,396,0,0,25.3793611793612,0,0,10329.4,418,0,0,0,0
"6330",2024-03-22,23,25,8524.4,397,0,0,25.3793611793612,0,0,10329.4,418,0,0,0,0
"6331",2024-03-22,23,30,9066.4,397,0,0,25.3793611793612,0,0,10329.4,418,0,0,0,0
"6332",2024-03-22,23,35,8862.4,392,0,0,25.3793611793612,0,0,10329.4,418,0,0,0,0
"6333",2024-03-22,23,40,8852.4,392,0,0,25.3793611793612,0,0,10329.4,418,0,0,0,0
"6334",2024-03-22,23,45,8863.4,392,0,0,25.3793611793612,0,0,10329.4,418,0,0,0,0
"6335",2024-03-22,23,50,8819.4,390,0,0,25.3793611793612,0,0,10329.4,418,0,0,0,0
"6336",2024-03-22,23,55,8769.4,388,0,0,25.3793611793612,0,0,10329.4,418,0,0,0,0
"6337",2024-03-23,0,0,8134.4,350,0,0,25.8364457831325,0,0,8577.7,350,0,0,0,0
"6338",2024-03-23,0,5,7827.4,341,0,0,25.8364457831325,0,0,8577.7,350,0,0,0,0
"6339",2024-03-23,0,10,7827.4,341,0,0,25.8364457831325,0,0,8577.7,350,0,0,0,0
"6340",2024-03-23,0,15,7925.4,340,0,0,25.8364457831325,0,0,8577.7,350,0,0,0,0
"6341",2024-03-23,0,20,8247.4,342,0,0,25.8364457831325,0,0,8577.7,350,0,0,0,0
"6342",2024-03-23,0,25,8192.4,339,0,0,25.8364457831325,0,0,8577.7,350,0,0,0,0
"6343",2024-03-23,0,30,8532.7,341,0,0,25.8364457831325,0,0,8577.7,350,0,0,0,0
"6344",2024-03-23,0,35,8577.7,332,0,0,25.8364457831325,0,0,8577.7,350,0,0,0,0
"6345",2024-03-23,0,40,8439.7,331,0,0,25.8364457831325,0,0,8577.7,350,0,0,0,0
"6346",2024-03-23,0,45,8167.7,330,0,0,25.8364457831325,0,0,8577.7,350,0,0,0,0
"6347",2024-03-23,0,50,8305.7,331,0,0,25.8364457831325,0,0,8577.7,350,0,0,0,0
"6348",2024-03-23,0,55,8055.7,331,0,0,25.8364457831325,0,0,8577.7,350,0,0,0,0
"6349",2024-03-23,1,0,7261.4,352,0,0,23.6555240793201,0,0,8350.4,355,0,0,0,0
"6350",2024-03-23,1,5,7827.4,355,0,0,23.6555240793201,0,0,8350.4,355,0,0,0,0
"6351",2024-03-23,1,10,8094.4,354,0,0,23.6555240793201,0,0,8350.4,355,0,0,0,0
"6352",2024-03-23,1,15,8072.4,353,0,0,23.6555240793201,0,0,8350.4,355,0,0,0,0
"6353",2024-03-23,1,20,8350.4,353,0,0,23.6555240793201,0,0,8350.4,355,0,0,0,0
"6354",2024-03-23,1,25,8022.4,352,0,0,23.6555240793201,0,0,8350.4,355,0,0,0,0
"6355",2024-03-23,1,30,7744.4,352,0,0,23.6555240793201,0,0,8350.4,355,0,0,0,0
"6356",2024-03-23,1,35,7607.4,351,0,0,23.6555240793201,0,0,8350.4,355,0,0,0,0
"6357",2024-03-23,1,40,7285.4,349,0,0,23.6555240793201,0,0,8350.4,355,0,0,0,0
"6358",2024-03-23,1,45,7329.4,351,0,0,23.6555240793201,0,0,8350.4,355,0,0,0,0
"6359",2024-03-23,1,50,7285.4,349,0,0,23.6555240793201,0,0,8350.4,355,0,0,0,0
"6360",2024-03-23,1,55,7563.4,349,0,0,23.6555240793201,0,0,8350.4,355,0,0,0,0
"6361",2024-03-23,2,0,7519.4,347,0,0,21.6697406340058,0,0,7519.4,347,0,0,0,0
"6362",2024-03-23,2,5,7442.4,344,0,0,21.6697406340058,0,0,7519.4,347,0,0,0,0
"6363",2024-03-23,2,10,7453.4,345,0,0,21.6697406340058,0,0,7519.4,347,0,0,0,0
"6364",2024-03-23,2,15,7464.4,346,0,0,21.6697406340058,0,0,7519.4,347,0,0,0,0
"6365",2024-03-23,2,20,7464.4,346,0,0,21.6697406340058,0,0,7519.4,347,0,0,0,0
"6366",2024-03-23,2,25,7420.4,344,0,0,21.6697406340058,0,0,7519.4,347,0,0,0,0
"6367",2024-03-23,2,30,7409.4,343,0,0,21.6697406340058,0,0,7519.4,347,0,0,0,0
"6368",2024-03-23,2,35,7027.4,341,0,0,21.6697406340058,0,0,7519.4,347,0,0,0,0
"6369",2024-03-23,2,40,7027.4,341,0,0,21.6697406340058,0,0,7519.4,347,0,0,0,0
"6370",2024-03-23,2,45,7027.4,341,0,0,21.6697406340058,0,0,7519.4,347,0,0,0,0
"6371",2024-03-23,2,50,7027.4,341,0,0,21.6697406340058,0,0,7519.4,347,0,0,0,0
"6372",2024-03-23,2,55,7027.4,341,0,0,21.6697406340058,0,0,7519.4,347,0,0,0,0
"6373",2024-03-23,3,0,7027.4,341,0,0,20.608211143695,0,0,7027.4,342,0,0,0,0
"6374",2024-03-23,3,5,7025.4,341,0,0,20.608211143695,0,0,7027.4,342,0,0,0,0
"6375",2024-03-23,3,10,7025.4,341,0,0,20.608211143695,0,0,7027.4,342,0,0,0,0
"6376",2024-03-23,3,15,7025.4,341,0,0,20.608211143695,0,0,7027.4,342,0,0,0,0
"6377",2024-03-23,3,20,7025.4,341,0,0,20.608211143695,0,0,7027.4,342,0,0,0,0
"6378",2024-03-23,3,25,6725.4,340,0,0,20.608211143695,0,0,7027.4,342,0,0,0,0
"6379",2024-03-23,3,30,6725.4,340,0,0,20.608211143695,0,0,7027.4,342,0,0,0,0
"6380",2024-03-23,3,35,6769.4,342,0,0,20.608211143695,0,0,7027.4,342,0,0,0,0
"6381",2024-03-23,3,40,6769.4,342,0,0,20.608211143695,0,0,7027.4,342,0,0,0,0
"6382",2024-03-23,3,45,6769.4,342,0,0,20.608211143695,0,0,7027.4,342,0,0,0,0
"6383",2024-03-23,3,50,6769.4,342,0,0,20.608211143695,0,0,7027.4,342,0,0,0,0
"6384",2024-03-23,3,55,6769.4,342,0,0,20.608211143695,0,0,7027.4,342,0,0,0,0
"6385",2024-03-23,4,0,6769.4,342,0,0,20.6629411764706,0,0,7025.4,342,0,0,0,0
"6386",2024-03-23,4,5,6769.4,341,0,0,20.6629411764706,0,0,7025.4,342,0,0,0,0
"6387",2024-03-23,4,10,6725.4,339,0,0,20.6629411764706,0,0,7025.4,342,0,0,0,0
"6388",2024-03-23,4,15,7025.4,340,0,0,20.6629411764706,0,0,7025.4,342,0,0,0,0
"6389",2024-03-23,4,20,7025.4,340,0,0,20.6629411764706,0,0,7025.4,342,0,0,0,0
"6390",2024-03-23,4,25,7003.4,339,0,0,20.6629411764706,0,0,7025.4,342,0,0,0,0
"6391",2024-03-23,4,30,7003.4,339,0,0,20.6629411764706,0,0,7025.4,342,0,0,0,0
"6392",2024-03-23,4,35,6886.4,341,0,0,20.6629411764706,0,0,7025.4,342,0,0,0,0
"6393",2024-03-23,4,40,6886.4,341,0,0,20.6629411764706,0,0,7025.4,342,0,0,0,0
"6394",2024-03-23,4,45,6842.4,339,0,0,20.6629411764706,0,0,7025.4,342,0,0,0,0
"6395",2024-03-23,4,50,6820.4,338,0,0,20.6629411764706,0,0,7025.4,342,0,0,0,0
"6396",2024-03-23,4,55,6820.4,338,0,0,20.6629411764706,0,0,7025.4,342,0,0,0,0
"6397",2024-03-23,5,0,6842.4,339,0,0,21.0570588235294,0,0,7159.4,340,0,0,0,0
"6398",2024-03-23,5,5,6809.4,338,0,0,21.0570588235294,0,0,7159.4,340,0,0,0,0
"6399",2024-03-23,5,10,6859.4,339,0,0,21.0570588235294,0,0,7159.4,340,0,0,0,0
"6400",2024-03-23,5,15,7159.4,340,0,0,21.0570588235294,0,0,7159.4,340,0,0,0,0
"6401",2024-03-23,5,20,7159.4,340,0,0,21.0570588235294,0,0,7159.4,340,0,0,0,0
"6402",2024-03-23,5,25,7109.4,339,0,0,21.0570588235294,0,0,7159.4,340,0,0,0,0
"6403",2024-03-23,5,30,7098.4,338,0,0,21.0570588235294,0,0,7159.4,340,0,0,0,0
"6404",2024-03-23,5,35,7120.4,339,0,0,21.0570588235294,0,0,7159.4,340,0,0,0,0
"6405",2024-03-23,5,40,7120.4,339,0,0,21.0570588235294,0,0,7159.4,340,0,0,0,0
"6406",2024-03-23,5,45,7098.4,338,0,0,21.0570588235294,0,0,7159.4,340,0,0,0,0
"6407",2024-03-23,5,50,6798.4,337,0,0,21.0570588235294,0,0,7159.4,340,0,0,0,0
"6408",2024-03-23,5,55,6820.4,338,0,0,21.0570588235294,0,0,7159.4,340,0,0,0,0
"6409",2024-03-23,6,0,7120.4,339,0,0,21.6206489675516,0,0,7329.4,339,0,0,0,0
"6410",2024-03-23,6,5,7307.4,338,0,0,21.6206489675516,0,0,7329.4,339,0,0,0,0
"6411",2024-03-23,6,10,7329.4,339,0,0,21.6206489675516,0,0,7329.4,339,0,0,0,0
"6412",2024-03-23,6,15,7329.4,339,0,0,21.6206489675516,0,0,7329.4,339,0,0,0,0
"6413",2024-03-23,6,20,7307.4,338,0,0,21.6206489675516,0,0,7329.4,339,0,0,0,0
"6414",2024-03-23,6,25,7007.4,337,0,0,21.6206489675516,0,0,7329.4,339,0,0,0,0
"6415",2024-03-23,6,30,7329.4,339,0,0,21.6206489675516,0,0,7329.4,339,0,0,0,0
"6416",2024-03-23,6,35,7060.4,336,0,0,21.6206489675516,0,0,7329.4,339,0,0,0,0
"6417",2024-03-23,6,40,7060.4,336,0,0,21.6206489675516,0,0,7329.4,339,0,0,0,0
"6418",2024-03-23,6,45,7120.4,337,0,0,21.6206489675516,0,0,7329.4,339,0,0,0,0
"6419",2024-03-23,6,50,6798.4,335,0,0,21.6206489675516,0,0,7329.4,339,0,0,0,0
"6420",2024-03-23,6,55,6809.4,336,0,0,21.6206489675516,0,0,7329.4,339,0,0,0,0
"6421",2024-03-23,7,0,6853.4,338,0,0,21.6521994134897,0,0,7388.4,344,0,0,0,0
"6422",2024-03-23,7,5,6925.4,340,0,0,21.6521994134897,0,0,7388.4,344,0,0,0,0
"6423",2024-03-23,7,10,6936.4,341,0,0,21.6521994134897,0,0,7388.4,344,0,0,0,0
"6424",2024-03-23,7,15,7056.4,342,0,0,21.6521994134897,0,0,7388.4,344,0,0,0,0
"6425",2024-03-23,7,20,7345.4,342,0,0,21.6521994134897,0,0,7388.4,344,0,0,0,0
"6426",2024-03-23,7,25,7345.4,342,0,0,21.6521994134897,0,0,7388.4,344,0,0,0,0
"6427",2024-03-23,7,30,7383.4,341,0,0,21.6521994134897,0,0,7388.4,344,0,0,0,0
"6428",2024-03-23,7,35,7322.4,340,0,0,21.6521994134897,0,0,7388.4,344,0,0,0,0
"6429",2024-03-23,7,40,7344.4,342,0,0,21.6521994134897,0,0,7388.4,344,0,0,0,0
"6430",2024-03-23,7,45,7388.4,344,0,0,21.6521994134897,0,0,7388.4,344,0,0,0,0
"6431",2024-03-23,7,50,7366.4,343,0,0,21.6521994134897,0,0,7388.4,344,0,0,0,0
"6432",2024-03-23,7,55,7355.4,342,0,0,21.6521994134897,0,0,7388.4,344,0,0,0,0
"6433",2024-03-23,8,0,6989.4,338,0,0,22.4455357142857,0,0,7541.7,338,0,0,0,0
"6434",2024-03-23,8,5,7170.4,334,0,0,22.4455357142857,0,0,7541.7,338,0,0,0,0
"6435",2024-03-23,8,10,7181.4,335,0,0,22.4455357142857,0,0,7541.7,338,0,0,0,0
"6436",2024-03-23,8,15,7104.4,332,0,0,22.4455357142857,0,0,7541.7,338,0,0,0,0
"6437",2024-03-23,8,20,6984.4,331,0,0,22.4455357142857,0,0,7541.7,338,0,0,0,0
"6438",2024-03-23,8,25,6984.4,331,0,0,22.4455357142857,0,0,7541.7,338,0,0,0,0
"6439",2024-03-23,8,30,7382.4,332,0,0,22.4455357142857,0,0,7541.7,338,0,0,0,0
"6440",2024-03-23,8,35,7201.4,333,0,0,22.4455357142857,0,0,7541.7,338,0,0,0,0
"6441",2024-03-23,8,40,7212.4,334,0,0,22.4455357142857,0,0,7541.7,338,0,0,0,0
"6442",2024-03-23,8,45,7103.4,334,0,0,22.4455357142857,0,0,7541.7,338,0,0,0,0
"6443",2024-03-23,8,50,7541.7,336,0,0,22.4455357142857,0,0,7541.7,338,0,0,0,0
"6444",2024-03-23,8,55,7539.7,337,0,0,22.4455357142857,0,0,7541.7,338,0,0,0,0
"6445",2024-03-23,9,0,6917.7,334,0,0,26.81834625323,0,0,10378.7,387,0,0,0,0
"6446",2024-03-23,9,5,8014.7,342,0,0,26.81834625323,0,0,10378.7,387,0,0,0,0
"6447",2024-03-23,9,10,8189.7,347,0,0,26.81834625323,0,0,10378.7,387,0,0,0,0
"6448",2024-03-23,9,15,8050.7,347,0,0,26.81834625323,0,0,10378.7,387,0,0,0,0
"6449",2024-03-23,9,20,8133.7,349,0,0,26.81834625323,0,0,10378.7,387,0,0,0,0
"6450",2024-03-23,9,25,8630.7,354,0,0,26.81834625323,0,0,10378.7,387,0,0,0,0
"6451",2024-03-23,9,30,8726.7,357,0,0,26.81834625323,0,0,10378.7,387,0,0,0,0
"6452",2024-03-23,9,35,8995.7,364,0,0,26.81834625323,0,0,10378.7,387,0,0,0,0
"6453",2024-03-23,9,40,9285.7,370,0,0,26.81834625323,0,0,10378.7,387,0,0,0,0
"6454",2024-03-23,9,45,9520.7,373,0,0,26.81834625323,0,0,10378.7,387,0,0,0,0
"6455",2024-03-23,9,50,9830.7,375,0,0,26.81834625323,0,0,10378.7,387,0,0,0,0
"6456",2024-03-23,9,55,10378.7,387,0,0,26.81834625323,0,0,10378.7,387,0,0,0,0
"6457",2024-03-23,10,0,10308.7,389,0,0,29.0924882629108,0,0,12537.1,452,0,0,0,0
"6458",2024-03-23,10,5,10883.7,407,0,0,29.0924882629108,0,0,12537.1,452,0,0,0,0
"6459",2024-03-23,10,10,11360.7,414,0,0,29.0924882629108,0,0,12537.1,452,0,0,0,0
"6460",2024-03-23,10,15,11748.7,419,0,0,29.0924882629108,0,0,12537.1,452,0,0,0,0
"6461",2024-03-23,10,20,12260.4,425,0,0,29.0924882629108,0,0,12537.1,452,0,0,0,0
"6462",2024-03-23,10,25,12393.4,426,0,0,29.0924882629108,0,0,12537.1,452,0,0,0,0
"6463",2024-03-23,10,30,11685.4,423,0,0,29.0924882629108,0,0,12537.1,452,0,0,0,0
"6464",2024-03-23,10,35,11521.4,452,0,0,29.0924882629108,0,0,12537.1,452,0,0,0,0
"6465",2024-03-23,10,40,11792.4,445,0,0,29.0924882629108,0,0,12537.1,452,0,0,0,0
"6466",2024-03-23,10,45,12088.4,449,0,0,29.0924882629108,0,0,12537.1,452,0,0,0,0
"6467",2024-03-23,10,50,11979.4,448,0,0,29.0924882629108,0,0,12537.1,452,0,0,0,0
"6468",2024-03-23,10,55,12537.1,450,0,0,29.0924882629108,0,0,12537.1,452,0,0,0,0
"6469",2024-03-23,11,0,12445.1,450,0,0,29.0702407002188,0,0,13285.1,500,0,0,0,0
"6470",2024-03-23,11,5,13285.1,457,0,0,29.0702407002188,0,0,13285.1,500,0,0,0,0
"6471",2024-03-23,11,10,12671.1,458,0,0,29.0702407002188,0,0,13285.1,500,0,0,0,0
"6472",2024-03-23,11,15,12688.1,462,0,0,29.0702407002188,0,0,13285.1,500,0,0,0,0
"6473",2024-03-23,11,20,12931.1,466,0,0,29.0702407002188,0,0,13285.1,500,0,0,0,0
"6474",2024-03-23,11,25,12914.1,467,0,0,29.0702407002188,0,0,13285.1,500,0,0,0,0
"6475",2024-03-23,11,30,12467.1,464,0,0,29.0702407002188,0,0,13285.1,500,0,0,0,0
"6476",2024-03-23,11,35,12911.1,484,0,0,29.0702407002188,0,0,13285.1,500,0,0,0,0
"6477",2024-03-23,11,40,13029.1,488,0,0,29.0702407002188,0,0,13285.1,500,0,0,0,0
"6478",2024-03-23,11,45,12678.1,492,0,0,29.0702407002188,0,0,13285.1,500,0,0,0,0
"6479",2024-03-23,11,50,13014.1,497,0,0,29.0702407002188,0,0,13285.1,500,0,0,0,0
"6480",2024-03-23,11,55,13002.1,500,0,0,29.0702407002188,0,0,13285.1,500,0,0,0,0
"6481",2024-03-23,12,0,13046.1,501,0,0,28.3963488843813,0,0,13999.4,502,0,0,0,0
"6482",2024-03-23,12,5,12596.1,494,0,0,28.3963488843813,0,0,13999.4,502,0,0,0,0
"6483",2024-03-23,12,10,12705.1,493,0,0,28.3963488843813,0,0,13999.4,502,0,0,0,0
"6484",2024-03-23,12,15,12404.1,486,0,0,28.3963488843813,0,0,13999.4,502,0,0,0,0
"6485",2024-03-23,12,20,13203.1,490,0,0,28.3963488843813,0,0,13999.4,502,0,0,0,0
"6486",2024-03-23,12,25,13450.4,491,0,0,28.3963488843813,0,0,13999.4,502,0,0,0,0
"6487",2024-03-23,12,30,13999.4,493,0,0,28.3963488843813,0,0,13999.4,502,0,0,0,0
"6488",2024-03-23,12,35,13565.4,491,0,0,28.3963488843813,0,0,13999.4,502,0,0,0,0
"6489",2024-03-23,12,40,13598.4,493,0,0,28.3963488843813,0,0,13999.4,502,0,0,0,0
"6490",2024-03-23,12,45,13313.4,492,0,0,28.3963488843813,0,0,13999.4,502,0,0,0,0
"6491",2024-03-23,12,50,13845.4,500,0,0,28.3963488843813,0,0,13999.4,502,0,0,0,0
"6492",2024-03-23,12,55,13802.4,502,0,0,28.3963488843813,0,0,13999.4,502,0,0,0,0
"6493",2024-03-23,13,45,14406.4,514,0,0,30.0325536062378,0,0,15406.7,514,0,0,0,0
"6494",2024-03-23,13,50,14525.7,508,0,0,30.0325536062378,0,0,15406.7,514,0,0,0,0
"6495",2024-03-23,13,0,13802.4,503,0,0,30.0325536062378,0,0,15406.7,514,0,0,0,0
"6496",2024-03-23,13,5,14171.4,502,0,0,30.0325536062378,0,0,15406.7,514,0,0,0,0
"6497",2024-03-23,13,10,14216.4,498,0,0,30.0325536062378,0,0,15406.7,514,0,0,0,0
"6498",2024-03-23,13,15,13643.4,499,0,0,30.0325536062378,0,0,15406.7,514,0,0,0,0
"6499",2024-03-23,13,20,13366.4,498,0,0,30.0325536062378,0,0,15406.7,514,0,0,0,0
"6500",2024-03-23,13,25,13547.4,504,0,0,30.0325536062378,0,0,15406.7,514,0,0,0,0
"6501",2024-03-23,13,30,13483.4,507,0,0,30.0325536062378,0,0,15406.7,514,0,0,0,0
"6502",2024-03-23,13,35,13893.4,514,0,0,30.0325536062378,0,0,15406.7,514,0,0,0,0
"6503",2024-03-23,13,40,14579.4,514,0,0,30.0325536062378,0,0,15406.7,514,0,0,0,0
"6504",2024-03-23,13,55,15406.7,513,0,0,30.0325536062378,0,0,15406.7,514,0,0,0,0
"6505",2024-03-23,14,0,15445.7,513,0,0,31.7363453815261,0,0,15804.7,513,0,0,0,0
"6506",2024-03-23,14,5,15229.7,509,0,0,31.7363453815261,0,0,15804.7,513,0,0,0,0
"6507",2024-03-23,14,10,14852.7,505,0,0,31.7363453815261,0,0,15804.7,513,0,0,0,0
"6508",2024-03-23,14,15,15038.7,504,0,0,31.7363453815261,0,0,15804.7,513,0,0,0,0
"6509",2024-03-23,14,20,14527.7,501,0,0,31.7363453815261,0,0,15804.7,513,0,0,0,0
"6510",2024-03-23,14,25,14815,498,0,0,31.7363453815261,0,0,15804.7,513,0,0,0,0
"6511",2024-03-23,14,30,14497.7,502,0,0,31.7363453815261,0,0,15804.7,513,0,0,0,0
"6512",2024-03-23,14,35,15305.7,505,0,0,31.7363453815261,0,0,15804.7,513,0,0,0,0
"6513",2024-03-23,14,40,15666.7,507,0,0,31.7363453815261,0,0,15804.7,513,0,0,0,0
"6514",2024-03-23,14,45,15600.7,504,0,0,31.7363453815261,0,0,15804.7,513,0,0,0,0
"6515",2024-03-23,14,50,15804.7,498,0,0,31.7363453815261,0,0,15804.7,513,0,0,0,0
"6516",2024-03-23,14,55,15327.7,498,0,0,31.7363453815261,0,0,15804.7,513,0,0,0,0
"6517",2024-03-23,15,0,15459.7,506,0,0,30.552766798419,0,0,15952.4,533,0,0,0,0
"6518",2024-03-23,15,5,15232.7,522,0,0,30.552766798419,0,0,15952.4,533,0,0,0,0
"6519",2024-03-23,15,10,14574.7,513,0,0,30.552766798419,0,0,15952.4,533,0,0,0,0
"6520",2024-03-23,15,15,14272.7,513,0,0,30.552766798419,0,0,15952.4,533,0,0,0,0
"6521",2024-03-23,15,20,11401.7,374,0,0,30.552766798419,0,0,15952.4,533,0,0,0,0
"6522",2024-03-23,15,25,14407.4,516,0,0,30.552766798419,0,0,15952.4,533,0,0,0,0
"6523",2024-03-23,15,30,14554.4,515,0,0,30.552766798419,0,0,15952.4,533,0,0,0,0
"6524",2024-03-23,15,35,14746.4,524,0,0,30.552766798419,0,0,15952.4,533,0,0,0,0
"6525",2024-03-23,15,40,15300.4,529,0,0,30.552766798419,0,0,15952.4,533,0,0,0,0
"6526",2024-03-23,15,45,15952.4,533,0,0,30.552766798419,0,0,15952.4,533,0,0,0,0
"6527",2024-03-23,15,50,15310.4,529,0,0,30.552766798419,0,0,15952.4,533,0,0,0,0
"6528",2024-03-23,15,55,15585.4,527,0,0,30.552766798419,0,0,15952.4,533,0,0,0,0
"6529",2024-03-23,16,0,14330.4,526,0,0,29.3454545454545,0,0,15494.4,537,0,0,0,0
"6530",2024-03-23,16,5,14742.4,527,0,0,29.3454545454545,0,0,15494.4,537,0,0,0,0
"6531",2024-03-23,16,10,14697.4,537,0,0,29.3454545454545,0,0,15494.4,537,0,0,0,0
"6532",2024-03-23,16,15,14688.4,529,0,0,29.3454545454545,0,0,15494.4,537,0,0,0,0
"6533",2024-03-23,16,20,14871.4,523,0,0,29.3454545454545,0,0,15494.4,537,0,0,0,0
"6534",2024-03-23,16,25,14865.7,521,0,0,29.3454545454545,0,0,15494.4,537,0,0,0,0
"6535",2024-03-23,16,30,14940.4,530,0,0,29.3454545454545,0,0,15494.4,537,0,0,0,0
"6536",2024-03-23,16,35,15494.4,528,0,0,29.3454545454545,0,0,15494.4,537,0,0,0,0
"6537",2024-03-23,16,40,14740.4,520,0,0,29.3454545454545,0,0,15494.4,537,0,0,0,0
"6538",2024-03-23,16,45,14857.4,520,0,0,29.3454545454545,0,0,15494.4,537,0,0,0,0
"6539",2024-03-23,16,50,14552.4,521,0,0,29.3454545454545,0,0,15494.4,537,0,0,0,0
"6540",2024-03-23,16,55,14143.4,520,0,0,29.3454545454545,0,0,15494.4,537,0,0,0,0
"6541",2024-03-23,17,0,14310.4,517,0,0,32.5484126984127,0,0,16404.4,517,0,0,0,0
"6542",2024-03-23,17,5,13755.4,506,0,0,32.5484126984127,0,0,16404.4,517,0,0,0,0
"6543",2024-03-23,17,10,14436.4,504,0,0,32.5484126984127,0,0,16404.4,517,0,0,0,0
"6544",2024-03-23,17,15,14126.4,500,0,0,32.5484126984127,0,0,16404.4,517,0,0,0,0
"6545",2024-03-23,17,20,14298.4,501,0,0,32.5484126984127,0,0,16404.4,517,0,0,0,0
"6546",2024-03-23,17,25,14521.4,506,0,0,32.5484126984127,0,0,16404.4,517,0,0,0,0
"6547",2024-03-23,17,30,14691.4,503,0,0,32.5484126984127,0,0,16404.4,517,0,0,0,0
"6548",2024-03-23,17,35,14790.4,498,0,0,32.5484126984127,0,0,16404.4,517,0,0,0,0
"6549",2024-03-23,17,40,15680.4,499,0,0,32.5484126984127,0,0,16404.4,517,0,0,0,0
"6550",2024-03-23,17,45,15446.4,500,0,0,32.5484126984127,0,0,16404.4,517,0,0,0,0
"6551",2024-03-23,17,50,15890.4,504,0,0,32.5484126984127,0,0,16404.4,517,0,0,0,0
"6552",2024-03-23,17,55,16404.4,504,0,0,32.5484126984127,0,0,16404.4,517,0,0,0,0
"6553",2024-03-23,18,0,16450.4,501,0,0,32.835129740519,0,0,16450.4,501,0,0,0,0
"6554",2024-03-23,18,5,15485.4,476,0,0,32.835129740519,0,0,16450.4,501,0,0,0,0
"6555",2024-03-23,18,10,14728.4,468,0,0,32.835129740519,0,0,16450.4,501,0,0,0,0
"6556",2024-03-23,18,15,14106.4,457,0,0,32.835129740519,0,0,16450.4,501,0,0,0,0
"6557",2024-03-23,18,20,14351.4,455,0,0,32.835129740519,0,0,16450.4,501,0,0,0,0
"6558",2024-03-23,18,25,14315.4,457,0,0,32.835129740519,0,0,16450.4,501,0,0,0,0
"6559",2024-03-23,18,30,13951.4,453,0,0,32.835129740519,0,0,16450.4,501,0,0,0,0
"6560",2024-03-23,18,35,12616.4,441,0,0,32.835129740519,0,0,16450.4,501,0,0,0,0
"6561",2024-03-23,18,40,12419.4,440,0,0,32.835129740519,0,0,16450.4,501,0,0,0,0
"6562",2024-03-23,18,45,12793.4,437,0,0,32.835129740519,0,0,16450.4,501,0,0,0,0
"6563",2024-03-23,18,50,12579.4,441,0,0,32.835129740519,0,0,16450.4,501,0,0,0,0
"6564",2024-03-23,18,55,12307.4,443,0,0,32.835129740519,0,0,16450.4,501,0,0,0,0
"6565",2024-03-23,19,0,12509.4,442,0,0,29.2188764044944,0,0,13002.4,445,0,0,0,0
"6566",2024-03-23,19,5,11412.4,430,0,0,29.2188764044944,0,0,13002.4,445,0,0,0,0
"6567",2024-03-23,19,10,11219.4,432,0,0,29.2188764044944,0,0,13002.4,445,0,0,0,0
"6568",2024-03-23,19,15,11887.4,440,0,0,29.2188764044944,0,0,13002.4,445,0,0,0,0
"6569",2024-03-23,19,20,11572.4,434,0,0,29.2188764044944,0,0,13002.4,445,0,0,0,0
"6570",2024-03-23,19,25,11294.4,435,0,0,29.2188764044944,0,0,13002.4,445,0,0,0,0
"6571",2024-03-23,19,30,12516.4,440,0,0,29.2188764044944,0,0,13002.4,445,0,0,0,0
"6572",2024-03-23,19,35,13002.4,445,0,0,29.2188764044944,0,0,13002.4,445,0,0,0,0
"6573",2024-03-23,19,40,12482.4,443,0,0,29.2188764044944,0,0,13002.4,445,0,0,0,0
"6574",2024-03-23,19,45,12455.4,441,0,0,29.2188764044944,0,0,13002.4,445,0,0,0,0
"6575",2024-03-23,19,50,11599.4,439,0,0,29.2188764044944,0,0,13002.4,445,0,0,0,0
"6576",2024-03-23,19,55,11598.4,434,0,0,29.2188764044944,0,0,13002.4,445,0,0,0,0
"6577",2024-03-23,20,15,13026.4,449,0,0,30.2872483221477,0,0,13582.4,454,0,0,0,0
"6578",2024-03-23,20,20,13392.4,454,0,0,30.2872483221477,0,0,13582.4,454,0,0,0,0
"6579",2024-03-23,20,25,13582.4,450,0,0,30.2872483221477,0,0,13582.4,454,0,0,0,0
"6580",2024-03-23,20,30,12583.4,441,0,0,30.2872483221477,0,0,13582.4,454,0,0,0,0
"6581",2024-03-23,20,35,11670.4,430,0,0,30.2872483221477,0,0,13582.4,454,0,0,0,0
"6582",2024-03-23,20,40,11070.4,428,0,0,30.2872483221477,0,0,13582.4,454,0,0,0,0
"6583",2024-03-23,20,45,10647.4,418,0,0,30.2872483221477,0,0,13582.4,454,0,0,0,0
"6584",2024-03-23,20,50,10625.4,417,0,0,30.2872483221477,0,0,13582.4,454,0,0,0,0
"6585",2024-03-23,20,55,11261.4,417,0,0,30.2872483221477,0,0,13582.4,454,0,0,0,0
"6586",2024-03-23,20,0,12448.4,436,0,0,30.2872483221477,0,0,13582.4,454,0,0,0,0
"6587",2024-03-23,20,5,13538.4,447,0,0,30.2872483221477,0,0,13582.4,454,0,0,0,0
"6588",2024-03-23,20,10,13582.4,449,0,0,30.2872483221477,0,0,13582.4,454,0,0,0,0
"6589",2024-03-23,21,0,11393.4,421,0,0,28.5256470588235,0,0,12123.4,425,0,0,0,0
"6590",2024-03-23,21,5,11353.4,421,0,0,28.5256470588235,0,0,12123.4,425,0,0,0,0
"6591",2024-03-23,21,10,11927.4,424,0,0,28.5256470588235,0,0,12123.4,425,0,0,0,0
"6592",2024-03-23,21,15,11294.4,421,0,0,28.5256470588235,0,0,12123.4,425,0,0,0,0
"6593",2024-03-23,21,20,11875.4,425,0,0,28.5256470588235,0,0,12123.4,425,0,0,0,0
"6594",2024-03-23,21,25,11695.4,424,0,0,28.5256470588235,0,0,12123.4,425,0,0,0,0
"6595",2024-03-23,21,30,12123.4,425,0,0,28.5256470588235,0,0,12123.4,425,0,0,0,0
"6596",2024-03-23,21,35,10948.4,418,0,0,28.5256470588235,0,0,12123.4,425,0,0,0,0
"6597",2024-03-23,21,40,11232.4,420,0,0,28.5256470588235,0,0,12123.4,425,0,0,0,0
"6598",2024-03-23,21,45,11315.4,415,0,0,28.5256470588235,0,0,12123.4,425,0,0,0,0
"6599",2024-03-23,21,50,11531.4,417,0,0,28.5256470588235,0,0,12123.4,425,0,0,0,0
"6600",2024-03-23,21,55,11329.4,415,0,0,28.5256470588235,0,0,12123.4,425,0,0,0,0
"6601",2024-03-23,22,0,11346.4,415,0,0,27.3407228915663,0,0,11346.4,415,0,0,0,0
"6602",2024-03-23,22,5,10743.4,408,0,0,27.3407228915663,0,0,11346.4,415,0,0,0,0
"6603",2024-03-23,22,10,10560.4,406,0,0,27.3407228915663,0,0,11346.4,415,0,0,0,0
"6604",2024-03-23,22,15,10442.4,402,0,0,27.3407228915663,0,0,11346.4,415,0,0,0,0
"6605",2024-03-23,22,20,10494.4,398,0,0,27.3407228915663,0,0,11346.4,415,0,0,0,0
"6606",2024-03-23,22,25,10361.4,397,0,0,27.3407228915663,0,0,11346.4,415,0,0,0,0
"6607",2024-03-23,22,30,10234.4,392,0,0,27.3407228915663,0,0,11346.4,415,0,0,0,0
"6608",2024-03-23,22,35,10393.4,383,0,0,27.3407228915663,0,0,11346.4,415,0,0,0,0
"6609",2024-03-23,22,40,9662.4,378,0,0,27.3407228915663,0,0,11346.4,415,0,0,0,0
"6610",2024-03-23,22,45,8996.4,373,0,0,27.3407228915663,0,0,11346.4,415,0,0,0,0
"6611",2024-03-23,22,50,8750.4,369,0,0,27.3407228915663,0,0,11346.4,415,0,0,0,0
"6612",2024-03-23,22,55,8701.4,368,0,0,27.3407228915663,0,0,11346.4,415,0,0,0,0
"6613",2024-03-23,23,5,8602.4,370,0,0,25.2245810055866,0,0,9030.4,370,0,0,0,0
"6614",2024-03-23,23,10,8520.4,367,0,0,25.2245810055866,0,0,9030.4,370,0,0,0,0
"6615",2024-03-23,23,15,8689.4,368,0,0,25.2245810055866,0,0,9030.4,370,0,0,0,0
"6616",2024-03-23,23,20,8689.4,368,0,0,25.2245810055866,0,0,9030.4,370,0,0,0,0
"6617",2024-03-23,23,25,8389.4,367,0,0,25.2245810055866,0,0,9030.4,370,0,0,0,0
"6618",2024-03-23,23,30,8537.4,367,0,0,25.2245810055866,0,0,9030.4,370,0,0,0,0
"6619",2024-03-23,23,35,8730.4,357,0,0,25.2245810055866,0,0,9030.4,370,0,0,0,0
"6620",2024-03-23,23,40,9030.4,358,0,0,25.2245810055866,0,0,9030.4,370,0,0,0,0
"6621",2024-03-23,23,45,8926.4,356,0,0,25.2245810055866,0,0,9030.4,370,0,0,0,0
"6622",2024-03-23,23,50,8718.4,351,0,0,25.2245810055866,0,0,9030.4,370,0,0,0,0
"6623",2024-03-23,23,55,8445.4,353,0,0,25.2245810055866,0,0,9030.4,370,0,0,0,0
"6624",2024-03-23,23,0,8453.4,368,0,0,25.2245810055866,0,0,9030.4,370,0,0,0,0
"6625",2024-03-24,0,0,6753.7,286,0,0,24.3548042704626,0,0,6865.7,286,0,0,0,0
"6626",2024-03-24,0,5,6565.7,281,0,0,24.3548042704626,0,0,6865.7,286,0,0,0,0
"6627",2024-03-24,0,10,6565.7,281,0,0,24.3548042704626,0,0,6865.7,286,0,0,0,0
"6628",2024-03-24,0,15,6587.7,282,0,0,24.3548042704626,0,0,6865.7,286,0,0,0,0
"6629",2024-03-24,0,20,6843.7,281,0,0,24.3548042704626,0,0,6865.7,286,0,0,0,0
"6630",2024-03-24,0,25,6865.7,282,0,0,24.3548042704626,0,0,6865.7,286,0,0,0,0
"6631",2024-03-24,0,30,6865.7,282,0,0,24.3548042704626,0,0,6865.7,286,0,0,0,0
"6632",2024-03-24,0,35,6549.7,277,0,0,24.3548042704626,0,0,6865.7,286,0,0,0,0
"6633",2024-03-24,0,40,6227.7,275,0,0,24.3548042704626,0,0,6865.7,286,0,0,0,0
"6634",2024-03-24,0,45,6227.7,275,0,0,24.3548042704626,0,0,6865.7,286,0,0,0,0
"6635",2024-03-24,0,50,5927.7,274,0,0,24.3548042704626,0,0,6865.7,286,0,0,0,0
"6636",2024-03-24,0,55,5905.7,273,0,0,24.3548042704626,0,0,6865.7,286,0,0,0,0
"6637",2024-03-24,1,0,7979.7,332,0,0,25.2805389221557,0,0,8465.7,335,0,0,0,0
"6638",2024-03-24,1,5,7722.7,329,0,0,25.2805389221557,0,0,8465.7,335,0,0,0,0
"6639",2024-03-24,1,10,7444.7,329,0,0,25.2805389221557,0,0,8465.7,335,0,0,0,0
"6640",2024-03-24,1,15,7744.7,330,0,0,25.2805389221557,0,0,8465.7,335,0,0,0,0
"6641",2024-03-24,1,20,7722.7,329,0,0,25.2805389221557,0,0,8465.7,335,0,0,0,0
"6642",2024-03-24,1,25,7962.7,330,0,0,25.2805389221557,0,0,8465.7,335,0,0,0,0
"6643",2024-03-24,1,30,8284.7,332,0,0,25.2805389221557,0,0,8465.7,335,0,0,0,0
"6644",2024-03-24,1,35,8443.7,334,0,0,25.2805389221557,0,0,8465.7,335,0,0,0,0
"6645",2024-03-24,1,40,8465.7,335,0,0,25.2805389221557,0,0,8465.7,335,0,0,0,0
"6646",2024-03-24,1,45,7865.7,333,0,0,25.2805389221557,0,0,8465.7,335,0,0,0,0
"6647",2024-03-24,1,50,7516.7,333,0,0,25.2805389221557,0,0,8465.7,335,0,0,0,0
"6648",2024-03-24,1,55,7456.7,332,0,0,25.2805389221557,0,0,8465.7,335,0,0,0,0
"6649",2024-03-24,2,0,7778.7,334,0,0,23.801497005988,0,0,7949.7,335,0,0,0,0
"6650",2024-03-24,2,5,7802.7,335,0,0,23.801497005988,0,0,7949.7,335,0,0,0,0
"6651",2024-03-24,2,10,7802.7,335,0,0,23.801497005988,0,0,7949.7,335,0,0,0,0
"6652",2024-03-24,2,15,7949.7,334,0,0,23.801497005988,0,0,7949.7,335,0,0,0,0
"6653",2024-03-24,2,20,7371.7,333,0,0,23.801497005988,0,0,7949.7,335,0,0,0,0
"6654",2024-03-24,2,25,7349.7,332,0,0,23.801497005988,0,0,7949.7,335,0,0,0,0
"6655",2024-03-24,2,30,7305.7,330,0,0,23.801497005988,0,0,7949.7,335,0,0,0,0
"6656",2024-03-24,2,35,6977.7,328,0,0,23.801497005988,0,0,7949.7,335,0,0,0,0
"6657",2024-03-24,2,40,6944.7,326,0,0,23.801497005988,0,0,7949.7,335,0,0,0,0
"6658",2024-03-24,2,45,6764.7,325,0,0,23.801497005988,0,0,7949.7,335,0,0,0,0
"6659",2024-03-24,2,50,6814.7,326,0,0,23.801497005988,0,0,7949.7,335,0,0,0,0
"6660",2024-03-24,2,55,6814.7,326,0,0,23.801497005988,0,0,7949.7,335,0,0,0,0
"6661",2024-03-24,3,0,6814.7,326,0,0,21.3030395136778,0,0,7008.7,329,0,0,0,0
"6662",2024-03-24,3,5,7008.7,329,0,0,21.3030395136778,0,0,7008.7,329,0,0,0,0
"6663",2024-03-24,3,10,7008.7,329,0,0,21.3030395136778,0,0,7008.7,329,0,0,0,0
"6664",2024-03-24,3,15,6964.7,327,0,0,21.3030395136778,0,0,7008.7,329,0,0,0,0
"6665",2024-03-24,3,20,6942.7,326,0,0,21.3030395136778,0,0,7008.7,329,0,0,0,0
"6666",2024-03-24,3,25,6942.7,326,0,0,21.3030395136778,0,0,7008.7,329,0,0,0,0
"6667",2024-03-24,3,30,6942.7,326,0,0,21.3030395136778,0,0,7008.7,329,0,0,0,0
"6668",2024-03-24,3,35,6864.7,327,0,0,21.3030395136778,0,0,7008.7,329,0,0,0,0
"6669",2024-03-24,3,40,6864.7,327,0,0,21.3030395136778,0,0,7008.7,329,0,0,0,0
"6670",2024-03-24,3,45,6864.7,327,0,0,21.3030395136778,0,0,7008.7,329,0,0,0,0
"6671",2024-03-24,3,50,6864.7,327,0,0,21.3030395136778,0,0,7008.7,329,0,0,0,0
"6672",2024-03-24,3,55,6886.7,328,0,0,21.3030395136778,0,0,7008.7,329,0,0,0,0
"6673",2024-03-24,4,0,6886.7,328,0,0,22.391049382716,0,0,7276.7,328,0,0,0,0
"6674",2024-03-24,4,5,6942.7,326,0,0,22.391049382716,0,0,7276.7,328,0,0,0,0
"6675",2024-03-24,4,10,6942.7,326,0,0,22.391049382716,0,0,7276.7,328,0,0,0,0
"6676",2024-03-24,4,15,6942.7,326,0,0,22.391049382716,0,0,7276.7,328,0,0,0,0
"6677",2024-03-24,4,20,6870.7,324,0,0,22.391049382716,0,0,7276.7,328,0,0,0,0
"6678",2024-03-24,4,25,6870.7,324,0,0,22.391049382716,0,0,7276.7,328,0,0,0,0
"6679",2024-03-24,4,30,6848.7,323,0,0,22.391049382716,0,0,7276.7,328,0,0,0,0
"6680",2024-03-24,4,35,6992.7,325,0,0,22.391049382716,0,0,7276.7,328,0,0,0,0
"6681",2024-03-24,4,40,6976.7,324,0,0,22.391049382716,0,0,7276.7,328,0,0,0,0
"6682",2024-03-24,4,45,7276.7,325,0,0,22.391049382716,0,0,7276.7,328,0,0,0,0
"6683",2024-03-24,4,50,7276.7,325,0,0,22.391049382716,0,0,7276.7,328,0,0,0,0
"6684",2024-03-24,4,55,7254.7,324,0,0,22.391049382716,0,0,7276.7,328,0,0,0,0
"6685",2024-03-24,5,0,7232.7,323,0,0,22.6956656346749,0,0,7330.7,323,0,0,0,0
"6686",2024-03-24,5,5,7210.7,322,0,0,22.6956656346749,0,0,7330.7,323,0,0,0,0
"6687",2024-03-24,5,10,7210.7,322,0,0,22.6956656346749,0,0,7330.7,323,0,0,0,0
"6688",2024-03-24,5,15,7210.7,322,0,0,22.6956656346749,0,0,7330.7,323,0,0,0,0
"6689",2024-03-24,5,20,7210.7,322,0,0,22.6956656346749,0,0,7330.7,323,0,0,0,0
"6690",2024-03-24,5,25,7210.7,322,0,0,22.6956656346749,0,0,7330.7,323,0,0,0,0
"6691",2024-03-24,5,30,7188.7,321,0,0,22.6956656346749,0,0,7330.7,323,0,0,0,0
"6692",2024-03-24,5,35,7330.7,323,0,0,22.6956656346749,0,0,7330.7,323,0,0,0,0
"6693",2024-03-24,5,40,7330.7,323,0,0,22.6956656346749,0,0,7330.7,323,0,0,0,0
"6694",2024-03-24,5,45,7330.7,323,0,0,22.6956656346749,0,0,7330.7,323,0,0,0,0
"6695",2024-03-24,5,50,7330.7,323,0,0,22.6956656346749,0,0,7330.7,323,0,0,0,0
"6696",2024-03-24,5,55,7330.7,323,0,0,22.6956656346749,0,0,7330.7,323,0,0,0,0
"6697",2024-03-24,6,0,7330.7,323,0,0,22.6978260869565,0,0,7330.7,323,0,0,0,0
"6698",2024-03-24,6,5,7308.7,322,0,0,22.6978260869565,0,0,7330.7,323,0,0,0,0
"6699",2024-03-24,6,10,7308.7,322,0,0,22.6978260869565,0,0,7330.7,323,0,0,0,0
"6700",2024-03-24,6,15,7308.7,322,0,0,22.6978260869565,0,0,7330.7,323,0,0,0,0
"6701",2024-03-24,6,20,7188.7,321,0,0,22.6978260869565,0,0,7330.7,323,0,0,0,0
"6702",2024-03-24,6,25,7188.7,321,0,0,22.6978260869565,0,0,7330.7,323,0,0,0,0
"6703",2024-03-24,6,30,6888.7,320,0,0,22.6978260869565,0,0,7330.7,323,0,0,0,0
"6704",2024-03-24,6,35,6888.7,320,0,0,22.6978260869565,0,0,7330.7,323,0,0,0,0
"6705",2024-03-24,6,40,6888.7,320,0,0,22.6978260869565,0,0,7330.7,323,0,0,0,0
"6706",2024-03-24,6,45,6910.7,321,0,0,22.6978260869565,0,0,7330.7,323,0,0,0,0
"6707",2024-03-24,6,50,6910.7,321,0,0,22.6978260869565,0,0,7330.7,323,0,0,0,0
"6708",2024-03-24,6,55,6910.7,321,0,0,22.6978260869565,0,0,7330.7,323,0,0,0,0
"6709",2024-03-24,7,0,7232.7,323,0,0,24.5081818181818,0,0,8087.7,332,0,0,0,0
"6710",2024-03-24,7,5,7564.7,332,0,0,24.5081818181818,0,0,8087.7,332,0,0,0,0
"6711",2024-03-24,7,10,7553.7,331,0,0,24.5081818181818,0,0,8087.7,332,0,0,0,0
"6712",2024-03-24,7,15,7509.7,329,0,0,24.5081818181818,0,0,8087.7,332,0,0,0,0
"6713",2024-03-24,7,20,8087.7,330,0,0,24.5081818181818,0,0,8087.7,332,0,0,0,0
"6714",2024-03-24,7,25,7776.7,329,0,0,24.5081818181818,0,0,8087.7,332,0,0,0,0
"6715",2024-03-24,7,30,7776.7,329,0,0,24.5081818181818,0,0,8087.7,332,0,0,0,0
"6716",2024-03-24,7,35,7521.7,325,0,0,24.5081818181818,0,0,8087.7,332,0,0,0,0
"6717",2024-03-24,7,40,7221.7,324,0,0,24.5081818181818,0,0,8087.7,332,0,0,0,0
"6718",2024-03-24,7,45,7221.7,324,0,0,24.5081818181818,0,0,8087.7,332,0,0,0,0
"6719",2024-03-24,7,50,7243.7,325,0,0,24.5081818181818,0,0,8087.7,332,0,0,0,0
"6720",2024-03-24,7,55,7315.7,327,0,0,24.5081818181818,0,0,8087.7,332,0,0,0,0
"6721",2024-03-24,8,0,7593.7,327,0,0,24.0854938271605,0,0,7836.7,331,0,0,0,0
"6722",2024-03-24,8,5,7715.7,331,0,0,24.0854938271605,0,0,7836.7,331,0,0,0,0
"6723",2024-03-24,8,10,7715.7,331,0,0,24.0854938271605,0,0,7836.7,331,0,0,0,0
"6724",2024-03-24,8,15,7371.7,328,0,0,24.0854938271605,0,0,7836.7,331,0,0,0,0
"6725",2024-03-24,8,20,7371.7,328,0,0,24.0854938271605,0,0,7836.7,331,0,0,0,0
"6726",2024-03-24,8,25,7382.7,329,0,0,24.0854938271605,0,0,7836.7,331,0,0,0,0
"6727",2024-03-24,8,30,7572.7,325,0,0,24.0854938271605,0,0,7836.7,331,0,0,0,0
"6728",2024-03-24,8,35,7416.7,325,0,0,24.0854938271605,0,0,7836.7,331,0,0,0,0
"6729",2024-03-24,8,40,7836.7,326,0,0,24.0854938271605,0,0,7836.7,331,0,0,0,0
"6730",2024-03-24,8,45,7803.7,324,0,0,24.0854938271605,0,0,7836.7,331,0,0,0,0
"6731",2024-03-24,8,50,7457.7,321,0,0,24.0854938271605,0,0,7836.7,331,0,0,0,0
"6732",2024-03-24,8,55,7381.7,322,0,0,24.0854938271605,0,0,7836.7,331,0,0,0,0
"6733",2024-03-24,9,0,8381.7,326,0,0,26.6112121212121,0,0,8781.7,338,0,0,0,0
"6734",2024-03-24,9,5,8659.7,327,0,0,26.6112121212121,0,0,8781.7,338,0,0,0,0
"6735",2024-03-24,9,10,8781.7,330,0,0,26.6112121212121,0,0,8781.7,338,0,0,0,0
"6736",2024-03-24,9,15,8443.7,330,0,0,26.6112121212121,0,0,8781.7,338,0,0,0,0
"6737",2024-03-24,9,20,8215.7,331,0,0,26.6112121212121,0,0,8781.7,338,0,0,0,0
"6738",2024-03-24,9,25,8291.7,334,0,0,26.6112121212121,0,0,8781.7,338,0,0,0,0
"6739",2024-03-24,9,30,7980.7,333,0,0,26.6112121212121,0,0,8781.7,338,0,0,0,0
"6740",2024-03-24,9,35,8350.7,338,0,0,26.6112121212121,0,0,8781.7,338,0,0,0,0
"6741",2024-03-24,9,40,8404.7,337,0,0,26.6112121212121,0,0,8781.7,338,0,0,0,0
"6742",2024-03-24,9,45,8387.7,338,0,0,26.6112121212121,0,0,8781.7,338,0,0,0,0
"6743",2024-03-24,9,50,8515.7,338,0,0,26.6112121212121,0,0,8781.7,338,0,0,0,0
"6744",2024-03-24,9,55,8219.4,338,0,0,26.6112121212121,0,0,8781.7,338,0,0,0,0
"6745",2024-03-24,10,0,8394.4,340,0,0,29.1328165374677,0,0,11274.4,390,0,0,0,0
"6746",2024-03-24,10,5,8505.4,353,0,0,29.1328165374677,0,0,11274.4,390,0,0,0,0
"6747",2024-03-24,10,10,9145.4,357,0,0,29.1328165374677,0,0,11274.4,390,0,0,0,0
"6748",2024-03-24,10,15,9112.4,356,0,0,29.1328165374677,0,0,11274.4,390,0,0,0,0
"6749",2024-03-24,10,20,8962.4,355,0,0,29.1328165374677,0,0,11274.4,390,0,0,0,0
"6750",2024-03-24,10,25,9429.4,362,0,0,29.1328165374677,0,0,11274.4,390,0,0,0,0
"6751",2024-03-24,10,30,9364.4,364,0,0,29.1328165374677,0,0,11274.4,390,0,0,0,0
"6752",2024-03-24,10,35,11079.4,390,0,0,29.1328165374677,0,0,11274.4,390,0,0,0,0
"6753",2024-03-24,10,40,11274.4,387,0,0,29.1328165374677,0,0,11274.4,390,0,0,0,0
"6754",2024-03-24,10,45,10909.4,388,0,0,29.1328165374677,0,0,11274.4,390,0,0,0,0
"6755",2024-03-24,10,50,10519.4,386,0,0,29.1328165374677,0,0,11274.4,390,0,0,0,0
"6756",2024-03-24,10,55,10695.1,388,0,0,29.1328165374677,0,0,11274.4,390,0,0,0,0
"6757",2024-03-24,11,0,10395.8,391,0,0,29.8480861244019,0,0,12476.5,420,0,0,0,0
"6758",2024-03-24,11,5,10994.8,410,0,0,29.8480861244019,0,0,12476.5,420,0,0,0,0
"6759",2024-03-24,11,10,11416.8,414,0,0,29.8480861244019,0,0,12476.5,420,0,0,0,0
"6760",2024-03-24,11,15,11530.8,412,0,0,29.8480861244019,0,0,12476.5,420,0,0,0,0
"6761",2024-03-24,11,20,12009.5,416,0,0,29.8480861244019,0,0,12476.5,420,0,0,0,0
"6762",2024-03-24,11,25,12067.5,417,0,0,29.8480861244019,0,0,12476.5,420,0,0,0,0
"6763",2024-03-24,11,30,12476.5,418,0,0,29.8480861244019,0,0,12476.5,420,0,0,0,0
"6764",2024-03-24,11,35,11580.5,418,0,0,29.8480861244019,0,0,12476.5,420,0,0,0,0
"6765",2024-03-24,11,40,12008.5,420,0,0,29.8480861244019,0,0,12476.5,420,0,0,0,0
"6766",2024-03-24,11,45,11591.5,415,0,0,29.8480861244019,0,0,12476.5,420,0,0,0,0
"6767",2024-03-24,11,50,11396.5,418,0,0,29.8480861244019,0,0,12476.5,420,0,0,0,0
"6768",2024-03-24,11,55,11147.5,411,0,0,29.8480861244019,0,0,12476.5,420,0,0,0,0
"6769",2024-03-24,12,0,11624.5,420,0,0,30.478982300885,0,0,13776.5,452,0,0,0,0
"6770",2024-03-24,12,5,11023.5,426,0,0,30.478982300885,0,0,13776.5,452,0,0,0,0
"6771",2024-03-24,12,10,11354.5,429,0,0,30.478982300885,0,0,13776.5,452,0,0,0,0
"6772",2024-03-24,12,15,11452.5,429,0,0,30.478982300885,0,0,13776.5,452,0,0,0,0
"6773",2024-03-24,12,20,10852.5,426,0,0,30.478982300885,0,0,13776.5,452,0,0,0,0
"6774",2024-03-24,12,25,12152.5,429,0,0,30.478982300885,0,0,13776.5,452,0,0,0,0
"6775",2024-03-24,12,30,11962.5,427,0,0,30.478982300885,0,0,13776.5,452,0,0,0,0
"6776",2024-03-24,12,35,12921.5,446,0,0,30.478982300885,0,0,13776.5,452,0,0,0,0
"6777",2024-03-24,12,40,13449.5,446,0,0,30.478982300885,0,0,13776.5,452,0,0,0,0
"6778",2024-03-24,12,45,13032.5,445,0,0,30.478982300885,0,0,13776.5,452,0,0,0,0
"6779",2024-03-24,12,50,12813.5,447,0,0,30.478982300885,0,0,13776.5,452,0,0,0,0
"6780",2024-03-24,12,55,13776.5,452,0,0,30.478982300885,0,0,13776.5,452,0,0,0,0
"6781",2024-03-24,13,0,13598.5,454,0,0,30.6065263157895,0,0,14538.1,478,0,0,0,0
"6782",2024-03-24,13,5,12650.5,470,0,0,30.6065263157895,0,0,14538.1,478,0,0,0,0
"6783",2024-03-24,13,10,12815.8,469,0,0,30.6065263157895,0,0,14538.1,478,0,0,0,0
"6784",2024-03-24,13,15,12225.8,465,0,0,30.6065263157895,0,0,14538.1,478,0,0,0,0
"6785",2024-03-24,13,20,12743.8,469,0,0,30.6065263157895,0,0,14538.1,478,0,0,0,0
"6786",2024-03-24,13,25,13164.8,473,0,0,30.6065263157895,0,0,14538.1,478,0,0,0,0
"6787",2024-03-24,13,30,13080.8,475,0,0,30.6065263157895,0,0,14538.1,478,0,0,0,0
"6788",2024-03-24,13,35,14272.8,476,0,0,30.6065263157895,0,0,14538.1,478,0,0,0,0
"6789",2024-03-24,13,40,13988.8,478,0,0,30.6065263157895,0,0,14538.1,478,0,0,0,0
"6790",2024-03-24,13,45,13618.1,478,0,0,30.6065263157895,0,0,14538.1,478,0,0,0,0
"6791",2024-03-24,13,50,13862.1,475,0,0,30.6065263157895,0,0,14538.1,478,0,0,0,0
"6792",2024-03-24,13,55,14538.1,475,0,0,30.6065263157895,0,0,14538.1,478,0,0,0,0
"6793",2024-03-24,14,0,15376.1,483,0,0,31.9792887029289,0,0,15376.1,483,0,0,0,0
"6794",2024-03-24,14,5,14099.1,478,0,0,31.9792887029289,0,0,15376.1,483,0,0,0,0
"6795",2024-03-24,14,10,15227.1,481,0,0,31.9792887029289,0,0,15376.1,483,0,0,0,0
"6796",2024-03-24,14,15,15286.1,478,0,0,31.9792887029289,0,0,15376.1,483,0,0,0,0
"6797",2024-03-24,14,20,14636.1,475,0,0,31.9792887029289,0,0,15376.1,483,0,0,0,0
"6798",2024-03-24,14,25,13190.1,466,0,0,31.9792887029289,0,0,15376.1,483,0,0,0,0
"6799",2024-03-24,14,30,13442.1,468,0,0,31.9792887029289,0,0,15376.1,483,0,0,0,0
"6800",2024-03-24,14,35,12297.4,465,0,0,31.9792887029289,0,0,15376.1,483,0,0,0,0
"6801",2024-03-24,14,40,12348.4,461,0,0,31.9792887029289,0,0,15376.1,483,0,0,0,0
"6802",2024-03-24,14,45,12236.4,462,0,0,31.9792887029289,0,0,15376.1,483,0,0,0,0
"6803",2024-03-24,14,50,12284.4,461,0,0,31.9792887029289,0,0,15376.1,483,0,0,0,0
"6804",2024-03-24,14,55,12656.4,465,0,0,31.9792887029289,0,0,15376.1,483,0,0,0,0
"6805",2024-03-24,15,35,12901.4,476,0,0,36.3312080536913,0,0,15162.4,486,0,0,0,0
"6806",2024-03-24,15,40,13287.4,479,0,0,36.3312080536913,0,0,15162.4,486,0,0,0,0
"6807",2024-03-24,15,45,14079.4,484,0,0,36.3312080536913,0,0,15162.4,486,0,0,0,0
"6808",2024-03-24,15,50,14334.4,484,0,0,36.3312080536913,0,0,15162.4,486,0,0,0,0
"6809",2024-03-24,15,55,14286.4,486,0,0,36.3312080536913,0,0,15162.4,486,0,0,0,0
"6810",2024-03-24,15,0,12573.4,462,0,0,36.3312080536913,0,0,15162.4,486,0,0,0,0
"6811",2024-03-24,15,5,13360.4,468,0,0,36.3312080536913,0,0,15162.4,486,0,0,0,0
"6812",2024-03-24,15,10,14438.4,472,0,0,36.3312080536913,0,0,15162.4,486,0,0,0,0
"6813",2024-03-24,15,15,15162.4,474,0,0,36.3312080536913,0,0,15162.4,486,0,0,0,0
"6814",2024-03-24,15,20,10826.7,298,0,0,36.3312080536913,0,0,15162.4,486,0,0,0,0
"6815",2024-03-24,15,25,14189.4,473,0,0,36.3312080536913,0,0,15162.4,486,0,0,0,0
"6816",2024-03-24,15,30,13348.4,469,0,0,36.3312080536913,0,0,15162.4,486,0,0,0,0
"6817",2024-03-24,16,0,14487.4,486,0,0,30.0516736401674,0,0,14487.4,486,0,0,0,0
"6818",2024-03-24,16,5,14225.4,485,0,0,30.0516736401674,0,0,14487.4,486,0,0,0,0
"6819",2024-03-24,16,10,12409.4,474,0,0,30.0516736401674,0,0,14487.4,486,0,0,0,0
"6820",2024-03-24,16,15,12431.4,475,0,0,30.0516736401674,0,0,14487.4,486,0,0,0,0
"6821",2024-03-24,16,20,13167.4,478,0,0,30.0516736401674,0,0,14487.4,486,0,0,0,0
"6822",2024-03-24,16,25,13417.4,477,0,0,30.0516736401674,0,0,14487.4,486,0,0,0,0
"6823",2024-03-24,16,30,14039.4,477,0,0,30.0516736401674,0,0,14487.4,486,0,0,0,0
"6824",2024-03-24,16,35,13797.7,477,0,0,30.0516736401674,0,0,14487.4,486,0,0,0,0
"6825",2024-03-24,16,40,14364.7,478,0,0,30.0516736401674,0,0,14487.4,486,0,0,0,0
"6826",2024-03-24,16,45,13788.7,474,0,0,30.0516736401674,0,0,14487.4,486,0,0,0,0
"6827",2024-03-24,16,50,13910.7,474,0,0,30.0516736401674,0,0,14487.4,486,0,0,0,0
"6828",2024-03-24,16,55,12944.7,468,0,0,30.0516736401674,0,0,14487.4,486,0,0,0,0
"6829",2024-03-24,17,0,13328.7,468,0,0,33.3356502242153,0,0,15145.7,477,0,0,0,0
"6830",2024-03-24,17,5,15118.7,477,0,0,33.3356502242153,0,0,15145.7,477,0,0,0,0
"6831",2024-03-24,17,10,14579.7,472,0,0,33.3356502242153,0,0,15145.7,477,0,0,0,0
"6832",2024-03-24,17,15,14412.7,472,0,0,33.3356502242153,0,0,15145.7,477,0,0,0,0
"6833",2024-03-24,17,20,14270.7,470,0,0,33.3356502242153,0,0,15145.7,477,0,0,0,0
"6834",2024-03-24,17,25,14053.7,468,0,0,33.3356502242153,0,0,15145.7,477,0,0,0,0
"6835",2024-03-24,17,30,15145.7,471,0,0,33.3356502242153,0,0,15145.7,477,0,0,0,0
"6836",2024-03-24,17,35,14502.7,445,0,0,33.3356502242153,0,0,15145.7,477,0,0,0,0
"6837",2024-03-24,17,40,14441.4,446,0,0,33.3356502242153,0,0,15145.7,477,0,0,0,0
"6838",2024-03-24,17,45,14293.7,442,0,0,33.3356502242153,0,0,15145.7,477,0,0,0,0
"6839",2024-03-24,17,50,14449.7,442,0,0,33.3356502242153,0,0,15145.7,477,0,0,0,0
"6840",2024-03-24,17,55,14867.7,446,0,0,33.3356502242153,0,0,15145.7,477,0,0,0,0
"6841",2024-03-24,18,0,15405.7,440,0,0,35.0129545454545,0,0,15405.7,440,0,0,0,0
"6842",2024-03-24,18,5,13686.7,417,0,0,35.0129545454545,0,0,15405.7,440,0,0,0,0
"6843",2024-03-24,18,10,12664.7,411,0,0,35.0129545454545,0,0,15405.7,440,0,0,0,0
"6844",2024-03-24,18,15,12493.4,413,0,0,35.0129545454545,0,0,15405.7,440,0,0,0,0
"6845",2024-03-24,18,20,11915.4,410,0,0,35.0129545454545,0,0,15405.7,440,0,0,0,0
"6846",2024-03-24,18,25,11230.4,405,0,0,35.0129545454545,0,0,15405.7,440,0,0,0,0
"6847",2024-03-24,18,30,10674.4,407,0,0,35.0129545454545,0,0,15405.7,440,0,0,0,0
"6848",2024-03-24,18,35,11005.4,403,0,0,35.0129545454545,0,0,15405.7,440,0,0,0,0
"6849",2024-03-24,18,40,11444.4,403,0,0,35.0129545454545,0,0,15405.7,440,0,0,0,0
"6850",2024-03-24,18,45,11008.4,403,0,0,35.0129545454545,0,0,15405.7,440,0,0,0,0
"6851",2024-03-24,18,50,10825.4,400,0,0,35.0129545454545,0,0,15405.7,440,0,0,0,0
"6852",2024-03-24,18,55,11514.4,402,0,0,35.0129545454545,0,0,15405.7,440,0,0,0,0
"6853",2024-03-24,19,0,12392.4,402,0,0,33.4617721518987,0,0,13217.4,402,0,0,0,0
"6854",2024-03-24,19,5,12766.4,398,0,0,33.4617721518987,0,0,13217.4,402,0,0,0,0
"6855",2024-03-24,19,10,12667.4,394,0,0,33.4617721518987,0,0,13217.4,402,0,0,0,0
"6856",2024-03-24,19,15,12768.4,393,0,0,33.4617721518987,0,0,13217.4,402,0,0,0,0
"6857",2024-03-24,19,20,12376.4,391,0,0,33.4617721518987,0,0,13217.4,402,0,0,0,0
"6858",2024-03-24,19,25,12845.4,392,0,0,33.4617721518987,0,0,13217.4,402,0,0,0,0
"6859",2024-03-24,19,30,13217.4,395,0,0,33.4617721518987,0,0,13217.4,402,0,0,0,0
"6860",2024-03-24,19,35,12271.7,392,0,0,33.4617721518987,0,0,13217.4,402,0,0,0,0
"6861",2024-03-24,19,40,11646.7,388,0,0,33.4617721518987,0,0,13217.4,402,0,0,0,0
"6862",2024-03-24,19,45,11136.7,381,0,0,33.4617721518987,0,0,13217.4,402,0,0,0,0
"6863",2024-03-24,19,50,10552.7,378,0,0,33.4617721518987,0,0,13217.4,402,0,0,0,0
"6864",2024-03-24,19,55,10465.7,375,0,0,33.4617721518987,0,0,13217.4,402,0,0,0,0
"6865",2024-03-24,20,5,10086.7,373,0,0,29.848087431694,0,0,10924.4,376,0,0,0,0
"6866",2024-03-24,20,10,10408.7,374,0,0,29.848087431694,0,0,10924.4,376,0,0,0,0
"6867",2024-03-24,20,15,9705.7,363,0,0,29.848087431694,0,0,10924.4,376,0,0,0,0
"6868",2024-03-24,20,20,10516.4,366,0,0,29.848087431694,0,0,10924.4,376,0,0,0,0
"6869",2024-03-24,20,25,10924.4,366,0,0,29.848087431694,0,0,10924.4,376,0,0,0,0
"6870",2024-03-24,20,30,10619.4,364,0,0,29.848087431694,0,0,10924.4,376,0,0,0,0
"6871",2024-03-24,20,35,10101.4,354,0,0,29.848087431694,0,0,10924.4,376,0,0,0,0
"6872",2024-03-24,20,40,9643.4,354,0,0,29.848087431694,0,0,10924.4,376,0,0,0,0
"6873",2024-03-24,20,45,9657.4,352,0,0,29.848087431694,0,0,10924.4,376,0,0,0,0
"6874",2024-03-24,20,50,9613.4,350,0,0,29.848087431694,0,0,10924.4,376,0,0,0,0
"6875",2024-03-24,20,55,9419.4,346,0,0,29.848087431694,0,0,10924.4,376,0,0,0,0
"6876",2024-03-24,20,0,10209.7,376,0,0,29.848087431694,0,0,10924.4,376,0,0,0,0
"6877",2024-03-24,21,0,9457.4,349,0,0,27.0985673352436,0,0,9457.4,349,0,0,0,0
"6878",2024-03-24,21,5,8768.4,342,0,0,27.0985673352436,0,0,9457.4,349,0,0,0,0
"6879",2024-03-24,21,10,8413.4,338,0,0,27.0985673352436,0,0,9457.4,349,0,0,0,0
"6880",2024-03-24,21,15,8702.4,338,0,0,27.0985673352436,0,0,9457.4,349,0,0,0,0
"6881",2024-03-24,21,20,8566.4,335,0,0,27.0985673352436,0,0,9457.4,349,0,0,0,0
"6882",2024-03-24,21,25,8482.4,334,0,0,27.0985673352436,0,0,9457.4,349,0,0,0,0
"6883",2024-03-24,21,30,8438.4,333,0,0,27.0985673352436,0,0,9457.4,349,0,0,0,0
"6884",2024-03-24,21,35,8504.4,331,0,0,27.0985673352436,0,0,9457.4,349,0,0,0,0
"6885",2024-03-24,21,40,8504.4,331,0,0,27.0985673352436,0,0,9457.4,349,0,0,0,0
"6886",2024-03-24,21,45,8184.4,325,0,0,27.0985673352436,0,0,9457.4,349,0,0,0,0
"6887",2024-03-24,21,50,8112.7,326,0,0,27.0985673352436,0,0,9457.4,349,0,0,0,0
"6888",2024-03-24,21,55,7818.7,323,0,0,27.0985673352436,0,0,9457.4,349,0,0,0,0
"6889",2024-03-24,22,0,7616.7,321,0,0,24.1609523809524,0,0,7632.7,321,0,0,0,0
"6890",2024-03-24,22,5,7632.7,316,0,0,24.1609523809524,0,0,7632.7,321,0,0,0,0
"6891",2024-03-24,22,10,7610.7,315,0,0,24.1609523809524,0,0,7632.7,321,0,0,0,0
"6892",2024-03-24,22,15,7410.7,312,0,0,24.1609523809524,0,0,7632.7,321,0,0,0,0
"6893",2024-03-24,22,20,7344.7,312,0,0,24.1609523809524,0,0,7632.7,321,0,0,0,0
"6894",2024-03-24,22,25,7059.7,309,0,0,24.1609523809524,0,0,7632.7,321,0,0,0,0
"6895",2024-03-24,22,30,6976.7,307,0,0,24.1609523809524,0,0,7632.7,321,0,0,0,0
"6896",2024-03-24,22,35,6788.7,303,0,0,24.1609523809524,0,0,7632.7,321,0,0,0,0
"6897",2024-03-24,22,40,6733.7,300,0,0,24.1609523809524,0,0,7632.7,321,0,0,0,0
"6898",2024-03-24,22,45,7039.7,300,0,0,24.1609523809524,0,0,7632.7,321,0,0,0,0
"6899",2024-03-24,22,50,6717.7,298,0,0,24.1609523809524,0,0,7632.7,321,0,0,0,0
"6900",2024-03-24,22,55,6825.7,296,0,0,24.1609523809524,0,0,7632.7,321,0,0,0,0
"6901",2024-03-24,23,0,7103.7,296,0,0,24.0493288590604,0,0,7166.7,298,0,0,0,0
"6902",2024-03-24,23,5,7166.7,298,0,0,24.0493288590604,0,0,7166.7,298,0,0,0,0
"6903",2024-03-24,23,10,6888.7,298,0,0,24.0493288590604,0,0,7166.7,298,0,0,0,0
"6904",2024-03-24,23,15,6577.7,296,0,0,24.0493288590604,0,0,7166.7,298,0,0,0,0
"6905",2024-03-24,23,20,6621.7,298,0,0,24.0493288590604,0,0,7166.7,298,0,0,0,0
"6906",2024-03-24,23,25,6899.7,298,0,0,24.0493288590604,0,0,7166.7,298,0,0,0,0
"6907",2024-03-24,23,30,6549.7,296,0,0,24.0493288590604,0,0,7166.7,298,0,0,0,0
"6908",2024-03-24,23,35,6797.7,288,0,0,24.0493288590604,0,0,7166.7,298,0,0,0,0
"6909",2024-03-24,23,40,6819.7,289,0,0,24.0493288590604,0,0,7166.7,298,0,0,0,0
"6910",2024-03-24,23,45,6219.7,287,0,0,24.0493288590604,0,0,7166.7,298,0,0,0,0
"6911",2024-03-24,23,50,6819.7,289,0,0,24.0493288590604,0,0,7166.7,298,0,0,0,0
"6912",2024-03-24,23,55,6753.7,286,0,0,24.0493288590604,0,0,7166.7,298,0,0,0,0
"6913",2024-03-25,0,0,6761.7,310,0,0,22.0184466019417,0,0,6803.7,310,0,0,0,0
"6914",2024-03-25,0,5,6525.7,309,0,0,22.0184466019417,0,0,6803.7,310,0,0,0,0
"6915",2024-03-25,0,10,6803.7,309,0,0,22.0184466019417,0,0,6803.7,310,0,0,0,0
"6916",2024-03-25,0,15,6525.7,309,0,0,22.0184466019417,0,0,6803.7,310,0,0,0,0
"6917",2024-03-25,0,20,6503.7,308,0,0,22.0184466019417,0,0,6803.7,310,0,0,0,0
"6918",2024-03-25,0,25,6525.7,309,0,0,22.0184466019417,0,0,6803.7,310,0,0,0,0
"6919",2024-03-25,0,30,6203.7,307,0,0,22.0184466019417,0,0,6803.7,310,0,0,0,0
"6920",2024-03-25,0,35,6170.7,306,0,0,22.0184466019417,0,0,6803.7,310,0,0,0,0
"6921",2024-03-25,0,40,6170.7,306,0,0,22.0184466019417,0,0,6803.7,310,0,0,0,0
"6922",2024-03-25,0,45,6170.7,306,0,0,22.0184466019417,0,0,6803.7,310,0,0,0,0
"6923",2024-03-25,0,50,6279.7,307,0,0,22.0184466019417,0,0,6803.7,310,0,0,0,0
"6924",2024-03-25,0,55,6257.7,306,0,0,22.0184466019417,0,0,6803.7,310,0,0,0,0
"6925",2024-03-25,1,0,5905.7,273,0,0,21.6326007326007,0,0,5905.7,273,0,0,0,0
"6926",2024-03-25,1,5,5583.7,271,0,0,21.6326007326007,0,0,5905.7,273,0,0,0,0
"6927",2024-03-25,1,10,5561.7,270,0,0,21.6326007326007,0,0,5905.7,273,0,0,0,0
"6928",2024-03-25,1,15,5561.7,270,0,0,21.6326007326007,0,0,5905.7,273,0,0,0,0
"6929",2024-03-25,1,20,5561.7,270,0,0,21.6326007326007,0,0,5905.7,273,0,0,0,0
"6930",2024-03-25,1,25,5561.7,270,0,0,21.6326007326007,0,0,5905.7,273,0,0,0,0
"6931",2024-03-25,1,30,5561.7,270,0,0,21.6326007326007,0,0,5905.7,273,0,0,0,0
"6932",2024-03-25,1,35,5484.7,266,0,0,21.6326007326007,0,0,5905.7,273,0,0,0,0
"6933",2024-03-25,1,40,5484.7,266,0,0,21.6326007326007,0,0,5905.7,273,0,0,0,0
"6934",2024-03-25,1,45,5462.7,265,0,0,21.6326007326007,0,0,5905.7,273,0,0,0,0
"6935",2024-03-25,1,50,5590.7,265,0,0,21.6326007326007,0,0,5905.7,273,0,0,0,0
"6936",2024-03-25,1,55,5590.7,265,0,0,21.6326007326007,0,0,5905.7,273,0,0,0,0
"6937",2024-03-25,2,0,5590.7,265,0,0,21.4647727272727,0,0,5666.7,265,0,0,0,0
"6938",2024-03-25,2,5,5546.7,263,0,0,21.4647727272727,0,0,5666.7,265,0,0,0,0
"6939",2024-03-25,2,10,5666.7,264,0,0,21.4647727272727,0,0,5666.7,265,0,0,0,0
"6940",2024-03-25,2,15,5516.7,263,0,0,21.4647727272727,0,0,5666.7,265,0,0,0,0
"6941",2024-03-25,2,20,5516.7,263,0,0,21.4647727272727,0,0,5666.7,265,0,0,0,0
"6942",2024-03-25,2,25,5494.7,262,0,0,21.4647727272727,0,0,5666.7,265,0,0,0,0
"6943",2024-03-25,2,30,5494.7,262,0,0,21.4647727272727,0,0,5666.7,265,0,0,0,0
"6944",2024-03-25,2,35,5490.7,263,0,0,21.4647727272727,0,0,5666.7,265,0,0,0,0
"6945",2024-03-25,2,40,5512.7,264,0,0,21.4647727272727,0,0,5666.7,265,0,0,0,0
"6946",2024-03-25,2,45,5512.7,264,0,0,21.4647727272727,0,0,5666.7,265,0,0,0,0
"6947",2024-03-25,2,50,5501.7,263,0,0,21.4647727272727,0,0,5666.7,265,0,0,0,0
"6948",2024-03-25,2,55,5501.7,263,0,0,21.4647727272727,0,0,5666.7,265,0,0,0,0
"6949",2024-03-25,3,0,5501.7,263,0,0,21.0897727272727,0,0,5567.7,264,0,0,0,0
"6950",2024-03-25,3,5,5414.7,264,0,0,21.0897727272727,0,0,5567.7,264,0,0,0,0
"6951",2024-03-25,3,10,5414.7,264,0,0,21.0897727272727,0,0,5567.7,264,0,0,0,0
"6952",2024-03-25,3,15,5414.7,264,0,0,21.0897727272727,0,0,5567.7,264,0,0,0,0
"6953",2024-03-25,3,20,5414.7,264,0,0,21.0897727272727,0,0,5567.7,264,0,0,0,0
"6954",2024-03-25,3,25,5414.7,264,0,0,21.0897727272727,0,0,5567.7,264,0,0,0,0
"6955",2024-03-25,3,30,5414.7,264,0,0,21.0897727272727,0,0,5567.7,264,0,0,0,0
"6956",2024-03-25,3,35,5567.7,264,0,0,21.0897727272727,0,0,5567.7,264,0,0,0,0
"6957",2024-03-25,3,40,5567.7,264,0,0,21.0897727272727,0,0,5567.7,264,0,0,0,0
"6958",2024-03-25,3,45,5567.7,264,0,0,21.0897727272727,0,0,5567.7,264,0,0,0,0
"6959",2024-03-25,3,50,5567.7,264,0,0,21.0897727272727,0,0,5567.7,264,0,0,0,0
"6960",2024-03-25,3,55,5567.7,264,0,0,21.0897727272727,0,0,5567.7,264,0,0,0,0
"6961",2024-03-25,4,0,5567.7,264,0,0,21.0897727272727,0,0,5567.7,264,0,0,0,0
"6962",2024-03-25,4,5,5326.7,260,0,0,21.0897727272727,0,0,5567.7,264,0,0,0,0
"6963",2024-03-25,4,10,5326.7,260,0,0,21.0897727272727,0,0,5567.7,264,0,0,0,0
"6964",2024-03-25,4,15,5410.7,260,0,0,21.0897727272727,0,0,5567.7,264,0,0,0,0
"6965",2024-03-25,4,20,5410.7,260,0,0,21.0897727272727,0,0,5567.7,264,0,0,0,0
"6966",2024-03-25,4,25,5410.7,260,0,0,21.0897727272727,0,0,5567.7,264,0,0,0,0
"6967",2024-03-25,4,30,5410.7,260,0,0,21.0897727272727,0,0,5567.7,264,0,0,0,0
"6968",2024-03-25,4,35,5344.7,257,0,0,21.0897727272727,0,0,5567.7,264,0,0,0,0
"6969",2024-03-25,4,40,5344.7,257,0,0,21.0897727272727,0,0,5567.7,264,0,0,0,0
"6970",2024-03-25,4,45,5344.7,257,0,0,21.0897727272727,0,0,5567.7,264,0,0,0,0
"6971",2024-03-25,4,50,5244.7,256,0,0,21.0897727272727,0,0,5567.7,264,0,0,0,0
"6972",2024-03-25,4,55,5244.7,256,0,0,21.0897727272727,0,0,5567.7,264,0,0,0,0
"6973",2024-03-25,5,0,5244.7,256,0,0,20.4988372093023,0,0,5288.7,258,0,0,0,0
"6974",2024-03-25,5,5,5288.7,258,0,0,20.4988372093023,0,0,5288.7,258,0,0,0,0
"6975",2024-03-25,5,10,5266.7,257,0,0,20.4988372093023,0,0,5288.7,258,0,0,0,0
"6976",2024-03-25,5,15,5266.7,257,0,0,20.4988372093023,0,0,5288.7,258,0,0,0,0
"6977",2024-03-25,5,20,5266.7,257,0,0,20.4988372093023,0,0,5288.7,258,0,0,0,0
"6978",2024-03-25,5,25,5266.7,257,0,0,20.4988372093023,0,0,5288.7,258,0,0,0,0
"6979",2024-03-25,5,30,5266.7,257,0,0,20.4988372093023,0,0,5288.7,258,0,0,0,0
"6980",2024-03-25,5,35,5222.7,255,0,0,20.4988372093023,0,0,5288.7,258,0,0,0,0
"6981",2024-03-25,5,40,5244.7,256,0,0,20.4988372093023,0,0,5288.7,258,0,0,0,0
"6982",2024-03-25,5,45,5244.7,256,0,0,20.4988372093023,0,0,5288.7,258,0,0,0,0
"6983",2024-03-25,5,50,5244.7,256,0,0,20.4988372093023,0,0,5288.7,258,0,0,0,0
"6984",2024-03-25,5,55,5244.7,256,0,0,20.4988372093023,0,0,5288.7,258,0,0,0,0
"6985",2024-03-25,6,0,5244.7,256,0,0,21.4589353612167,0,0,5676.7,265,0,0,0,0
"6986",2024-03-25,6,5,5244.7,256,0,0,21.4589353612167,0,0,5676.7,265,0,0,0,0
"6987",2024-03-25,6,10,5244.7,256,0,0,21.4589353612167,0,0,5676.7,265,0,0,0,0
"6988",2024-03-25,6,15,5222.7,255,0,0,21.4589353612167,0,0,5676.7,265,0,0,0,0
"6989",2024-03-25,6,20,5222.7,255,0,0,21.4589353612167,0,0,5676.7,265,0,0,0,0
"6990",2024-03-25,6,25,5222.7,255,0,0,21.4589353612167,0,0,5676.7,265,0,0,0,0
"6991",2024-03-25,6,30,5222.7,255,0,0,21.4589353612167,0,0,5676.7,265,0,0,0,0
"6992",2024-03-25,6,35,5266.7,258,0,0,21.4589353612167,0,0,5676.7,265,0,0,0,0
"6993",2024-03-25,6,40,5577.7,260,0,0,21.4589353612167,0,0,5676.7,265,0,0,0,0
"6994",2024-03-25,6,45,5577.7,260,0,0,21.4589353612167,0,0,5676.7,265,0,0,0,0
"6995",2024-03-25,6,50,5643.7,263,0,0,21.4589353612167,0,0,5676.7,265,0,0,0,0
"6996",2024-03-25,6,55,5676.7,265,0,0,21.4589353612167,0,0,5676.7,265,0,0,0,0
"6997",2024-03-25,7,0,5786.7,271,0,0,23.8985207100592,0,0,8077.7,343,0,0,0,0
"6998",2024-03-25,7,5,5975.7,276,0,0,23.8985207100592,0,0,8077.7,343,0,0,0,0
"6999",2024-03-25,7,10,6158,279,0,0,23.8985207100592,0,0,8077.7,343,0,0,0,0
"7000",2024-03-25,7,15,6227.7,283,0,0,23.8985207100592,0,0,8077.7,343,0,0,0,0
"7001",2024-03-25,7,20,5960.7,285,0,0,23.8985207100592,0,0,8077.7,343,0,0,0,0
"7002",2024-03-25,7,25,6575.7,296,0,0,23.8985207100592,0,0,8077.7,343,0,0,0,0
"7003",2024-03-25,7,30,6924.7,301,0,0,23.8985207100592,0,0,8077.7,343,0,0,0,0
"7004",2024-03-25,7,35,7403.7,316,0,0,23.8985207100592,0,0,8077.7,343,0,0,0,0
"7005",2024-03-25,7,40,7535.7,324,0,0,23.8985207100592,0,0,8077.7,343,0,0,0,0
"7006",2024-03-25,7,45,7634.7,328,0,0,23.8985207100592,0,0,8077.7,343,0,0,0,0
"7007",2024-03-25,7,50,8077.7,338,0,0,23.8985207100592,0,0,8077.7,343,0,0,0,0
"7008",2024-03-25,7,55,7887.7,343,0,0,23.8985207100592,0,0,8077.7,343,0,0,0,0
"7009",2024-03-25,8,35,10514,427,0,0,26.2356828193833,0,0,11911,464,0,0,0,0
"7010",2024-03-25,8,40,10613,434,0,0,26.2356828193833,0,0,11911,464,0,0,0,0
"7011",2024-03-25,8,45,11113,440,0,0,26.2356828193833,0,0,11911,464,0,0,0,0
"7012",2024-03-25,8,50,11911,454,0,0,26.2356828193833,0,0,11911,464,0,0,0,0
"7013",2024-03-25,8,55,11887,464,0,0,26.2356828193833,0,0,11911,464,0,0,0,0
"7014",2024-03-25,8,0,8199.7,352,0,0,26.2356828193833,0,0,11911,464,0,0,0,0
"7015",2024-03-25,8,15,9145.7,369,0,0,26.2356828193833,0,0,11911,464,0,0,0,0
"7016",2024-03-25,8,20,9588.7,379,0,0,26.2356828193833,0,0,11911,464,0,0,0,0
"7017",2024-03-25,8,25,9421.7,386,0,0,26.2356828193833,0,0,11911,464,0,0,0,0
"7018",2024-03-25,8,30,9461,391,0,0,26.2356828193833,0,0,11911,464,0,0,0,0
"7019",2024-03-25,8,5,8483.7,356,0,0,26.2356828193833,0,0,11911,464,0,0,0,0
"7020",2024-03-25,8,10,8494.7,356,0,0,26.2356828193833,0,0,11911,464,0,0,0,0
"7021",2024-03-25,9,0,12046,471,0,0,27.3147208121827,0,0,16336,614,0,0,0,0
"7022",2024-03-25,9,5,14175,520,0,0,27.3147208121827,0,0,16336,614,0,0,0,0
"7023",2024-03-25,9,10,14382,527,0,0,27.3147208121827,0,0,16336,614,0,0,0,0
"7024",2024-03-25,9,15,13992,539,0,0,27.3147208121827,0,0,16336,614,0,0,0,0
"7025",2024-03-25,9,20,14241,544,0,0,27.3147208121827,0,0,16336,614,0,0,0,0
"7026",2024-03-25,9,25,14912,552,0,0,27.3147208121827,0,0,16336,614,0,0,0,0
"7027",2024-03-25,9,30,15466,567,0,0,27.3147208121827,0,0,16336,614,0,0,0,0
"7028",2024-03-25,9,35,16143,591,0,0,27.3147208121827,0,0,16336,614,0,0,0,0
"7029",2024-03-25,9,40,16336,600,0,0,27.3147208121827,0,0,16336,614,0,0,0,0
"7030",2024-03-25,9,45,15819,600,0,0,27.3147208121827,0,0,16336,614,0,0,0,0
"7031",2024-03-25,9,50,15251,603,0,0,27.3147208121827,0,0,16336,614,0,0,0,0
"7032",2024-03-25,9,55,15449,614,0,0,27.3147208121827,0,0,16336,614,0,0,0,0
"7033",2024-03-25,10,0,15765,617,0,0,26.2561051004637,0,0,17361.7,682,0,0,0,0
"7034",2024-03-25,10,5,16520.7,645,0,0,26.2561051004637,0,0,17361.7,682,0,0,0,0
"7035",2024-03-25,10,10,16460.7,642,0,0,26.2561051004637,0,0,17361.7,682,0,0,0,0
"7036",2024-03-25,10,15,16987.7,647,0,0,26.2561051004637,0,0,17361.7,682,0,0,0,0
"7037",2024-03-25,10,20,16818.7,649,0,0,26.2561051004637,0,0,17361.7,682,0,0,0,0
"7038",2024-03-25,10,25,16982.7,654,0,0,26.2561051004637,0,0,17361.7,682,0,0,0,0
"7039",2024-03-25,10,30,16687.7,656,0,0,26.2561051004637,0,0,17361.7,682,0,0,0,0
"7040",2024-03-25,10,35,17309.7,676,0,0,26.2561051004637,0,0,17361.7,682,0,0,0,0
"7041",2024-03-25,10,40,16782.7,670,0,0,26.2561051004637,0,0,17361.7,682,0,0,0,0
"7042",2024-03-25,10,45,16707.7,671,0,0,26.2561051004637,0,0,17361.7,682,0,0,0,0
"7043",2024-03-25,10,50,16790.7,674,0,0,26.2561051004637,0,0,17361.7,682,0,0,0,0
"7044",2024-03-25,10,55,17361.7,682,0,0,26.2561051004637,0,0,17361.7,682,0,0,0,0
"7045",2024-03-25,11,0,18239.7,687,0,0,26.5497816593886,0,0,18589.7,716,0,0,0,0
"7046",2024-03-25,11,5,17378.7,701,0,0,26.5497816593886,0,0,18589.7,716,0,0,0,0
"7047",2024-03-25,11,10,17124.7,701,0,0,26.5497816593886,0,0,18589.7,716,0,0,0,0
"7048",2024-03-25,11,15,17645.7,707,0,0,26.5497816593886,0,0,18589.7,716,0,0,0,0
"7049",2024-03-25,11,20,17795.7,706,0,0,26.5497816593886,0,0,18589.7,716,0,0,0,0
"7050",2024-03-25,11,25,17572.7,709,0,0,26.5497816593886,0,0,18589.7,716,0,0,0,0
"7051",2024-03-25,11,30,16846.7,708,0,0,26.5497816593886,0,0,18589.7,716,0,0,0,0
"7052",2024-03-25,11,35,17365.7,712,0,0,26.5497816593886,0,0,18589.7,716,0,0,0,0
"7053",2024-03-25,11,40,17722.7,710,0,0,26.5497816593886,0,0,18589.7,716,0,0,0,0
"7054",2024-03-25,11,45,18589.7,716,0,0,26.5497816593886,0,0,18589.7,716,0,0,0,0
"7055",2024-03-25,11,50,18471.7,716,0,0,26.5497816593886,0,0,18589.7,716,0,0,0,0
"7056",2024-03-25,11,55,18116.7,713,0,0,26.5497816593886,0,0,18589.7,716,0,0,0,0
"7057",2024-03-25,12,0,18255.7,710,0,0,25.7122535211268,0,0,18255.7,710,0,0,0,0
"7058",2024-03-25,12,5,16673.7,688,0,0,25.7122535211268,0,0,18255.7,710,0,0,0,0
"7059",2024-03-25,12,10,16270.7,684,0,0,25.7122535211268,0,0,18255.7,710,0,0,0,0
"7060",2024-03-25,12,15,16593.4,686,0,0,25.7122535211268,0,0,18255.7,710,0,0,0,0
"7061",2024-03-25,12,20,17147.4,683,0,0,25.7122535211268,0,0,18255.7,710,0,0,0,0
"7062",2024-03-25,12,25,16821.4,678,0,0,25.7122535211268,0,0,18255.7,710,0,0,0,0
"7063",2024-03-25,12,30,16410.4,674,0,0,25.7122535211268,0,0,18255.7,710,0,0,0,0
"7064",2024-03-25,12,35,16921.4,682,0,0,25.7122535211268,0,0,18255.7,710,0,0,0,0
"7065",2024-03-25,12,40,16893.4,678,0,0,25.7122535211268,0,0,18255.7,710,0,0,0,0
"7066",2024-03-25,12,45,17137.4,672,0,0,25.7122535211268,0,0,18255.7,710,0,0,0,0
"7067",2024-03-25,12,50,17080.4,676,0,0,25.7122535211268,0,0,18255.7,710,0,0,0,0
"7068",2024-03-25,12,55,17040.4,670,0,0,25.7122535211268,0,0,18255.7,710,0,0,0,0
"7069",2024-03-25,13,0,16767.4,673,0,0,26.0036979969183,0,0,16876.4,673,0,0,0,0
"7070",2024-03-25,13,5,16694.4,661,0,0,26.0036979969183,0,0,16876.4,673,0,0,0,0
"7071",2024-03-25,13,10,16539.4,655,0,0,26.0036979969183,0,0,16876.4,673,0,0,0,0
"7072",2024-03-25,13,15,16620.4,650,0,0,26.0036979969183,0,0,16876.4,673,0,0,0,0
"7073",2024-03-25,13,20,16876.4,649,0,0,26.0036979969183,0,0,16876.4,673,0,0,0,0
"7074",2024-03-25,13,25,16302.4,647,0,0,26.0036979969183,0,0,16876.4,673,0,0,0,0
"7075",2024-03-25,13,30,15945.4,645,0,0,26.0036979969183,0,0,16876.4,673,0,0,0,0
"7076",2024-03-25,13,35,16116.4,643,0,0,26.0036979969183,0,0,16876.4,673,0,0,0,0
"7077",2024-03-25,13,40,16356.4,641,0,0,26.0036979969183,0,0,16876.4,673,0,0,0,0
"7078",2024-03-25,13,45,15845.4,638,0,0,26.0036979969183,0,0,16876.4,673,0,0,0,0
"7079",2024-03-25,13,50,16684.4,648,0,0,26.0036979969183,0,0,16876.4,673,0,0,0,0
"7080",2024-03-25,13,55,16602.4,651,0,0,26.0036979969183,0,0,16876.4,673,0,0,0,0
"7081",2024-03-25,14,25,16800.4,621,0,0,30.4076642335766,0,0,18826.4,663,0,0,0,0
"7082",2024-03-25,14,30,16795.4,625,0,0,30.4076642335766,0,0,18826.4,663,0,0,0,0
"7083",2024-03-25,14,35,15729.4,618,0,0,30.4076642335766,0,0,18826.4,663,0,0,0,0
"7084",2024-03-25,14,40,15519.4,613,0,0,30.4076642335766,0,0,18826.4,663,0,0,0,0
"7085",2024-03-25,14,45,16270.4,620,0,0,30.4076642335766,0,0,18826.4,663,0,0,0,0
"7086",2024-03-25,14,50,16065.4,617,0,0,30.4076642335766,0,0,18826.4,663,0,0,0,0
"7087",2024-03-25,14,55,8331.7,274,0,0,30.4076642335766,0,0,18826.4,663,0,0,0,0
"7088",2024-03-25,14,0,18236.4,663,0,0,30.4076642335766,0,0,18826.4,663,0,0,0,0
"7089",2024-03-25,14,5,18826.4,654,0,0,30.4076642335766,0,0,18826.4,663,0,0,0,0
"7090",2024-03-25,14,10,18046.4,625,0,0,30.4076642335766,0,0,18826.4,663,0,0,0,0
"7091",2024-03-25,14,15,17716.4,623,0,0,30.4076642335766,0,0,18826.4,663,0,0,0,0
"7092",2024-03-25,14,20,17110.4,619,0,0,30.4076642335766,0,0,18826.4,663,0,0,0,0
"7093",2024-03-25,15,0,13717.4,551,0,0,24.8954627949183,0,0,16334.4,659,0,0,0,0
"7094",2024-03-25,15,5,15249.4,619,0,0,24.8954627949183,0,0,16334.4,659,0,0,0,0
"7095",2024-03-25,15,10,14920.4,633,0,0,24.8954627949183,0,0,16334.4,659,0,0,0,0
"7096",2024-03-25,15,15,15198.4,635,0,0,24.8954627949183,0,0,16334.4,659,0,0,0,0
"7097",2024-03-25,15,20,14435.4,635,0,0,24.8954627949183,0,0,16334.4,659,0,0,0,0
"7098",2024-03-25,15,25,14888.4,638,0,0,24.8954627949183,0,0,16334.4,659,0,0,0,0
"7099",2024-03-25,15,30,14652.4,639,0,0,24.8954627949183,0,0,16334.4,659,0,0,0,0
"7100",2024-03-25,15,35,15154.4,656,0,0,24.8954627949183,0,0,16334.4,659,0,0,0,0
"7101",2024-03-25,15,40,14931.4,653,0,0,24.8954627949183,0,0,16334.4,659,0,0,0,0
"7102",2024-03-25,15,45,15912.4,659,0,0,24.8954627949183,0,0,16334.4,659,0,0,0,0
"7103",2024-03-25,15,50,16154.4,658,0,0,24.8954627949183,0,0,16334.4,659,0,0,0,0
"7104",2024-03-25,15,55,16334.4,658,0,0,24.8954627949183,0,0,16334.4,659,0,0,0,0
"7105",2024-03-25,16,0,16643.4,652,0,0,25.6524539877301,0,0,16725.4,652,0,0,0,0
"7106",2024-03-25,16,5,16725.4,652,0,0,25.6524539877301,0,0,16725.4,652,0,0,0,0
"7107",2024-03-25,16,10,15719.4,650,0,0,25.6524539877301,0,0,16725.4,652,0,0,0,0
"7108",2024-03-25,16,15,15704.4,649,0,0,25.6524539877301,0,0,16725.4,652,0,0,0,0
"7109",2024-03-25,16,20,16182.4,651,0,0,25.6524539877301,0,0,16725.4,652,0,0,0,0
"7110",2024-03-25,16,25,16079.7,645,0,0,25.6524539877301,0,0,16725.4,652,0,0,0,0
"7111",2024-03-25,16,30,15365.7,640,0,0,25.6524539877301,0,0,16725.4,652,0,0,0,0
"7112",2024-03-25,16,35,14698.7,622,0,0,25.6524539877301,0,0,16725.4,652,0,0,0,0
"7113",2024-03-25,16,40,15134.7,623,0,0,25.6524539877301,0,0,16725.4,652,0,0,0,0
"7114",2024-03-25,16,45,14942.7,617,0,0,25.6524539877301,0,0,16725.4,652,0,0,0,0
"7115",2024-03-25,16,50,14920.7,617,0,0,25.6524539877301,0,0,16725.4,652,0,0,0,0
"7116",2024-03-25,16,55,14203.7,606,0,0,25.6524539877301,0,0,16725.4,652,0,0,0,0
"7117",2024-03-25,17,0,13796.7,600,0,0,27.6114638447972,0,0,15655.7,602,0,0,0,0
"7118",2024-03-25,17,5,15074.7,602,0,0,27.6114638447972,0,0,15655.7,602,0,0,0,0
"7119",2024-03-25,17,10,14986.7,599,0,0,27.6114638447972,0,0,15655.7,602,0,0,0,0
"7120",2024-03-25,17,15,14844.7,597,0,0,27.6114638447972,0,0,15655.7,602,0,0,0,0
"7121",2024-03-25,17,20,14648.7,589,0,0,27.6114638447972,0,0,15655.7,602,0,0,0,0
"7122",2024-03-25,17,25,14153.7,580,0,0,27.6114638447972,0,0,15655.7,602,0,0,0,0
"7123",2024-03-25,17,30,13978.7,576,0,0,27.6114638447972,0,0,15655.7,602,0,0,0,0
"7124",2024-03-25,17,35,15050.7,569,0,0,27.6114638447972,0,0,15655.7,602,0,0,0,0
"7125",2024-03-25,17,40,15304.7,569,0,0,27.6114638447972,0,0,15655.7,602,0,0,0,0
"7126",2024-03-25,17,45,15188.7,566,0,0,27.6114638447972,0,0,15655.7,602,0,0,0,0
"7127",2024-03-25,17,50,15655.7,567,0,0,27.6114638447972,0,0,15655.7,602,0,0,0,0
"7128",2024-03-25,17,55,14795.7,558,0,0,27.6114638447972,0,0,15655.7,602,0,0,0,0
"7129",2024-03-25,18,0,14740.7,555,0,0,27.0986891385768,0,0,14740.7,555,0,0,0,0
"7130",2024-03-25,18,5,13978.7,537,0,0,27.0986891385768,0,0,14740.7,555,0,0,0,0
"7131",2024-03-25,18,10,14470.7,534,0,0,27.0986891385768,0,0,14740.7,555,0,0,0,0
"7132",2024-03-25,18,15,14340.7,540,0,0,27.0986891385768,0,0,14740.7,555,0,0,0,0
"7133",2024-03-25,18,20,13480.7,529,0,0,27.0986891385768,0,0,14740.7,555,0,0,0,0
"7134",2024-03-25,18,25,13205.7,518,0,0,27.0986891385768,0,0,14740.7,555,0,0,0,0
"7135",2024-03-25,18,30,12592.7,508,0,0,27.0986891385768,0,0,14740.7,555,0,0,0,0
"7136",2024-03-25,18,35,11952.7,489,0,0,27.0986891385768,0,0,14740.7,555,0,0,0,0
"7137",2024-03-25,18,40,11841.7,481,0,0,27.0986891385768,0,0,14740.7,555,0,0,0,0
"7138",2024-03-25,18,45,10957.7,471,0,0,27.0986891385768,0,0,14740.7,555,0,0,0,0
"7139",2024-03-25,18,50,11326,461,0,0,27.0986891385768,0,0,14740.7,555,0,0,0,0
"7140",2024-03-25,18,55,11618.3,454,0,0,27.0986891385768,0,0,14740.7,555,0,0,0,0
"7141",2024-03-25,19,0,11625.3,448,0,0,29.3884160756501,0,0,12431.3,448,0,0,0,0
"7142",2024-03-25,19,5,10537,444,0,0,29.3884160756501,0,0,12431.3,448,0,0,0,0
"7143",2024-03-25,19,10,10971,441,0,0,29.3884160756501,0,0,12431.3,448,0,0,0,0
"7144",2024-03-25,19,15,11040,437,0,0,29.3884160756501,0,0,12431.3,448,0,0,0,0
"7145",2024-03-25,19,20,11391,433,0,0,29.3884160756501,0,0,12431.3,448,0,0,0,0
"7146",2024-03-25,19,25,11480,434,0,0,29.3884160756501,0,0,12431.3,448,0,0,0,0
"7147",2024-03-25,19,30,11953,429,0,0,29.3884160756501,0,0,12431.3,448,0,0,0,0
"7148",2024-03-25,19,35,11890,431,0,0,29.3884160756501,0,0,12431.3,448,0,0,0,0
"7149",2024-03-25,19,40,11723,424,0,0,29.3884160756501,0,0,12431.3,448,0,0,0,0
"7150",2024-03-25,19,45,12136.3,424,0,0,29.3884160756501,0,0,12431.3,448,0,0,0,0
"7151",2024-03-25,19,50,12431.3,423,0,0,29.3884160756501,0,0,12431.3,448,0,0,0,0
"7152",2024-03-25,19,55,12330.3,423,0,0,29.3884160756501,0,0,12431.3,448,0,0,0,0
"7153",2024-03-25,20,0,12496.3,427,0,0,29.6978417266187,0,0,12496.3,427,0,0,0,0
"7154",2024-03-25,20,5,12384,417,0,0,29.6978417266187,0,0,12496.3,427,0,0,0,0
"7155",2024-03-25,20,10,12114,416,0,0,29.6978417266187,0,0,12496.3,427,0,0,0,0
"7156",2024-03-25,20,15,12250,416,0,0,29.6978417266187,0,0,12496.3,427,0,0,0,0
"7157",2024-03-25,20,20,11932,410,0,0,29.6978417266187,0,0,12496.3,427,0,0,0,0
"7158",2024-03-25,20,25,11577,405,0,0,29.6978417266187,0,0,12496.3,427,0,0,0,0
"7159",2024-03-25,20,30,11364,402,0,0,29.6978417266187,0,0,12496.3,427,0,0,0,0
"7160",2024-03-25,20,35,10776,401,0,0,29.6978417266187,0,0,12496.3,427,0,0,0,0
"7161",2024-03-25,20,40,10356,400,0,0,29.6978417266187,0,0,12496.3,427,0,0,0,0
"7162",2024-03-25,20,45,9925,399,0,0,29.6978417266187,0,0,12496.3,427,0,0,0,0
"7163",2024-03-25,20,50,10186,399,0,0,29.6978417266187,0,0,12496.3,427,0,0,0,0
"7164",2024-03-25,20,55,10648,400,0,0,29.6978417266187,0,0,12496.3,427,0,0,0,0
"7165",2024-03-25,21,0,10541,397,0,0,26.551637279597,0,0,10541,397,0,0,0,0
"7166",2024-03-25,21,5,10168,396,0,0,26.551637279597,0,0,10541,397,0,0,0,0
"7167",2024-03-25,21,10,9458,391,0,0,26.551637279597,0,0,10541,397,0,0,0,0
"7168",2024-03-25,21,15,9863,391,0,0,26.551637279597,0,0,10541,397,0,0,0,0
"7169",2024-03-25,21,20,9530,389,0,0,26.551637279597,0,0,10541,397,0,0,0,0
"7170",2024-03-25,21,25,9519,388,0,0,26.551637279597,0,0,10541,397,0,0,0,0
"7171",2024-03-25,21,30,9475,386,0,0,26.551637279597,0,0,10541,397,0,0,0,0
"7172",2024-03-25,21,35,9166,376,0,0,26.551637279597,0,0,10541,397,0,0,0,0
"7173",2024-03-25,21,40,9130,377,0,0,26.551637279597,0,0,10541,397,0,0,0,0
"7174",2024-03-25,21,45,8909,376,0,0,26.551637279597,0,0,10541,397,0,0,0,0
"7175",2024-03-25,21,50,9187,376,0,0,26.551637279597,0,0,10541,397,0,0,0,0
"7176",2024-03-25,21,55,8854,373,0,0,26.551637279597,0,0,10541,397,0,0,0,0
"7177",2024-03-25,22,0,9165,374,0,0,24.9527777777778,0,0,9165,374,0,0,0,0
"7178",2024-03-25,22,5,8902,364,0,0,24.9527777777778,0,0,9165,374,0,0,0,0
"7179",2024-03-25,22,10,8866,361,0,0,24.9527777777778,0,0,9165,374,0,0,0,0
"7180",2024-03-25,22,15,8983,360,0,0,24.9527777777778,0,0,9165,374,0,0,0,0
"7181",2024-03-25,22,20,8728,356,0,0,24.9527777777778,0,0,9165,374,0,0,0,0
"7182",2024-03-25,22,25,8584,351,0,0,24.9527777777778,0,0,9165,374,0,0,0,0
"7183",2024-03-25,22,30,8707,354,0,0,24.9527777777778,0,0,9165,374,0,0,0,0
"7184",2024-03-25,22,35,8671,348,0,0,24.9527777777778,0,0,9165,374,0,0,0,0
"7185",2024-03-25,22,40,8283,343,0,0,24.9527777777778,0,0,9165,374,0,0,0,0
"7186",2024-03-25,22,45,8075,338,0,0,24.9527777777778,0,0,9165,374,0,0,0,0
"7187",2024-03-25,22,50,7755,336,0,0,24.9527777777778,0,0,9165,374,0,0,0,0
"7188",2024-03-25,22,55,7711,334,0,0,24.9527777777778,0,0,9165,374,0,0,0,0
"7189",2024-03-25,23,0,8027,333,0,0,24.8938080495356,0,0,8062.7,333,0,0,0,0
"7190",2024-03-25,23,5,7964,330,0,0,24.8938080495356,0,0,8062.7,333,0,0,0,0
"7191",2024-03-25,23,10,7791,326,0,0,24.8938080495356,0,0,8062.7,333,0,0,0,0
"7192",2024-03-25,23,15,7769,323,0,0,24.8938080495356,0,0,8062.7,333,0,0,0,0
"7193",2024-03-25,23,20,7762.7,323,0,0,24.8938080495356,0,0,8062.7,333,0,0,0,0
"7194",2024-03-25,23,25,8040.7,323,0,0,24.8938080495356,0,0,8062.7,333,0,0,0,0
"7195",2024-03-25,23,30,8062.7,324,0,0,24.8938080495356,0,0,8062.7,333,0,0,0,0
"7196",2024-03-25,23,35,7489.7,312,0,0,24.8938080495356,0,0,8062.7,333,0,0,0,0
"7197",2024-03-25,23,40,7160.7,311,0,0,24.8938080495356,0,0,8062.7,333,0,0,0,0
"7198",2024-03-25,23,45,7066.7,308,0,0,24.8938080495356,0,0,8062.7,333,0,0,0,0
"7199",2024-03-25,23,50,6777.7,308,0,0,24.8938080495356,0,0,8062.7,333,0,0,0,0
"7200",2024-03-25,23,55,6739.7,309,0,0,24.8938080495356,0,0,8062.7,333,0,0,0,0
"7201",2024-03-26,0,0,8660.7,343,0,0,25.2498542274052,0,0,8660.7,343,0,0,0,0
"7202",2024-03-26,0,5,7633.7,334,0,0,25.2498542274052,0,0,8660.7,343,0,0,0,0
"7203",2024-03-26,0,10,7333.7,333,0,0,25.2498542274052,0,0,8660.7,343,0,0,0,0
"7204",2024-03-26,0,15,7247.7,329,0,0,25.2498542274052,0,0,8660.7,343,0,0,0,0
"7205",2024-03-26,0,20,7225.7,328,0,0,25.2498542274052,0,0,8660.7,343,0,0,0,0
"7206",2024-03-26,0,25,7225.7,328,0,0,25.2498542274052,0,0,8660.7,343,0,0,0,0
"7207",2024-03-26,0,30,7159.7,325,0,0,25.2498542274052,0,0,8660.7,343,0,0,0,0
"7208",2024-03-26,0,35,6555.7,315,0,0,25.2498542274052,0,0,8660.7,343,0,0,0,0
"7209",2024-03-26,0,40,6555.7,314,0,0,25.2498542274052,0,0,8660.7,343,0,0,0,0
"7210",2024-03-26,0,45,6555.7,314,0,0,25.2498542274052,0,0,8660.7,343,0,0,0,0
"7211",2024-03-26,0,50,6555.7,314,0,0,25.2498542274052,0,0,8660.7,343,0,0,0,0
"7212",2024-03-26,0,55,6533.7,313,0,0,25.2498542274052,0,0,8660.7,343,0,0,0,0
"7213",2024-03-26,1,0,6257.7,306,0,0,21.1223333333333,0,0,6336.7,306,0,0,0,0
"7214",2024-03-26,1,5,6086.7,300,0,0,21.1223333333333,0,0,6336.7,306,0,0,0,0
"7215",2024-03-26,1,10,6086.7,300,0,0,21.1223333333333,0,0,6336.7,306,0,0,0,0
"7216",2024-03-26,1,15,6336.7,300,0,0,21.1223333333333,0,0,6336.7,306,0,0,0,0
"7217",2024-03-26,1,20,6336.7,300,0,0,21.1223333333333,0,0,6336.7,306,0,0,0,0
"7218",2024-03-26,1,25,5992.7,297,0,0,21.1223333333333,0,0,6336.7,306,0,0,0,0
"7219",2024-03-26,1,30,5992.7,297,0,0,21.1223333333333,0,0,6336.7,306,0,0,0,0
"7220",2024-03-26,1,35,5975.7,297,0,0,21.1223333333333,0,0,6336.7,306,0,0,0,0
"7221",2024-03-26,1,40,6275.7,298,0,0,21.1223333333333,0,0,6336.7,306,0,0,0,0
"7222",2024-03-26,1,45,6253.7,297,0,0,21.1223333333333,0,0,6336.7,306,0,0,0,0
"7223",2024-03-26,1,50,6253.7,297,0,0,21.1223333333333,0,0,6336.7,306,0,0,0,0
"7224",2024-03-26,1,55,6253.7,297,0,0,21.1223333333333,0,0,6336.7,306,0,0,0,0
"7225",2024-03-26,2,0,6253.7,297,0,0,21.619,0,0,6485.7,300,0,0,0,0
"7226",2024-03-26,2,5,6485.7,300,0,0,21.619,0,0,6485.7,300,0,0,0,0
"7227",2024-03-26,2,10,6485.7,300,0,0,21.619,0,0,6485.7,300,0,0,0,0
"7228",2024-03-26,2,15,6485.7,300,0,0,21.619,0,0,6485.7,300,0,0,0,0
"7229",2024-03-26,2,20,6485.7,300,0,0,21.619,0,0,6485.7,300,0,0,0,0
"7230",2024-03-26,2,25,6485.7,300,0,0,21.619,0,0,6485.7,300,0,0,0,0
"7231",2024-03-26,2,30,6485.7,300,0,0,21.619,0,0,6485.7,300,0,0,0,0
"7232",2024-03-26,2,35,6335.7,299,0,0,21.619,0,0,6485.7,300,0,0,0,0
"7233",2024-03-26,2,40,6335.7,299,0,0,21.619,0,0,6485.7,300,0,0,0,0
"7234",2024-03-26,2,45,6335.7,299,0,0,21.619,0,0,6485.7,300,0,0,0,0
"7235",2024-03-26,2,50,6357.7,300,0,0,21.619,0,0,6485.7,300,0,0,0,0
"7236",2024-03-26,2,55,6357.7,300,0,0,21.619,0,0,6485.7,300,0,0,0,0
"7237",2024-03-26,3,0,6297.7,299,0,0,21.3578073089701,0,0,6428.7,301,0,0,0,0
"7238",2024-03-26,3,5,6275.7,298,0,0,21.3578073089701,0,0,6428.7,301,0,0,0,0
"7239",2024-03-26,3,10,6275.7,298,0,0,21.3578073089701,0,0,6428.7,301,0,0,0,0
"7240",2024-03-26,3,15,6275.7,298,0,0,21.3578073089701,0,0,6428.7,301,0,0,0,0
"7241",2024-03-26,3,20,6275.7,298,0,0,21.3578073089701,0,0,6428.7,301,0,0,0,0
"7242",2024-03-26,3,25,6275.7,298,0,0,21.3578073089701,0,0,6428.7,301,0,0,0,0
"7243",2024-03-26,3,30,6275.7,298,0,0,21.3578073089701,0,0,6428.7,301,0,0,0,0
"7244",2024-03-26,3,35,6297.7,299,0,0,21.3578073089701,0,0,6428.7,301,0,0,0,0
"7245",2024-03-26,3,40,6297.7,299,0,0,21.3578073089701,0,0,6428.7,301,0,0,0,0
"7246",2024-03-26,3,45,6297.7,299,0,0,21.3578073089701,0,0,6428.7,301,0,0,0,0
"7247",2024-03-26,3,50,6297.7,299,0,0,21.3578073089701,0,0,6428.7,301,0,0,0,0
"7248",2024-03-26,3,55,6428.7,301,0,0,21.3578073089701,0,0,6428.7,301,0,0,0,0
"7249",2024-03-26,4,0,6428.7,301,0,0,23.1461538461538,0,0,6920.7,301,0,0,0,0
"7250",2024-03-26,4,5,6406.7,300,0,0,23.1461538461538,0,0,6920.7,301,0,0,0,0
"7251",2024-03-26,4,10,6406.7,300,0,0,23.1461538461538,0,0,6920.7,301,0,0,0,0
"7252",2024-03-26,4,15,6384.7,299,0,0,23.1461538461538,0,0,6920.7,301,0,0,0,0
"7253",2024-03-26,4,20,6384.7,299,0,0,23.1461538461538,0,0,6920.7,301,0,0,0,0
"7254",2024-03-26,4,25,6684.7,300,0,0,23.1461538461538,0,0,6920.7,301,0,0,0,0
"7255",2024-03-26,4,30,6684.7,300,0,0,23.1461538461538,0,0,6920.7,301,0,0,0,0
"7256",2024-03-26,4,35,6920.7,299,0,0,23.1461538461538,0,0,6920.7,301,0,0,0,0
"7257",2024-03-26,4,40,6920.7,299,0,0,23.1461538461538,0,0,6920.7,301,0,0,0,0
"7258",2024-03-26,4,45,6740.7,298,0,0,23.1461538461538,0,0,6920.7,301,0,0,0,0
"7259",2024-03-26,4,50,6740.7,298,0,0,23.1461538461538,0,0,6920.7,301,0,0,0,0
"7260",2024-03-26,4,55,6740.7,298,0,0,23.1461538461538,0,0,6920.7,301,0,0,0,0
"7261",2024-03-26,5,0,6740.7,298,0,0,23.3133779264214,0,0,6992.7,300,0,0,0,0
"7262",2024-03-26,5,5,6762.7,299,0,0,23.3133779264214,0,0,6992.7,300,0,0,0,0
"7263",2024-03-26,5,10,6642.7,298,0,0,23.3133779264214,0,0,6992.7,300,0,0,0,0
"7264",2024-03-26,5,15,6664.7,299,0,0,23.3133779264214,0,0,6992.7,300,0,0,0,0
"7265",2024-03-26,5,20,6964.7,300,0,0,23.3133779264214,0,0,6992.7,300,0,0,0,0
"7266",2024-03-26,5,25,6964.7,300,0,0,23.3133779264214,0,0,6992.7,300,0,0,0,0
"7267",2024-03-26,5,30,6964.7,300,0,0,23.3133779264214,0,0,6992.7,300,0,0,0,0
"7268",2024-03-26,5,35,6992.7,300,0,0,23.3133779264214,0,0,6992.7,300,0,0,0,0
"7269",2024-03-26,5,40,6992.7,300,0,0,23.3133779264214,0,0,6992.7,300,0,0,0,0
"7270",2024-03-26,5,45,6992.7,300,0,0,23.3133779264214,0,0,6992.7,300,0,0,0,0
"7271",2024-03-26,5,50,6970.7,299,0,0,23.3133779264214,0,0,6992.7,300,0,0,0,0
"7272",2024-03-26,5,55,6970.7,299,0,0,23.3133779264214,0,0,6992.7,300,0,0,0,0
"7273",2024-03-26,6,0,6692.7,299,0,0,22.5870431893688,0,0,6798.7,301,0,0,0,0
"7274",2024-03-26,6,5,6670.7,298,0,0,22.5870431893688,0,0,6798.7,301,0,0,0,0
"7275",2024-03-26,6,10,6670.7,298,0,0,22.5870431893688,0,0,6798.7,301,0,0,0,0
"7276",2024-03-26,6,15,6670.7,298,0,0,22.5870431893688,0,0,6798.7,301,0,0,0,0
"7277",2024-03-26,6,20,6670.7,298,0,0,22.5870431893688,0,0,6798.7,301,0,0,0,0
"7278",2024-03-26,6,25,6670.7,298,0,0,22.5870431893688,0,0,6798.7,301,0,0,0,0
"7279",2024-03-26,6,30,6670.7,298,0,0,22.5870431893688,0,0,6798.7,301,0,0,0,0
"7280",2024-03-26,6,35,6743.7,299,0,0,22.5870431893688,0,0,6798.7,301,0,0,0,0
"7281",2024-03-26,6,40,6765.7,300,0,0,22.5870431893688,0,0,6798.7,301,0,0,0,0
"7282",2024-03-26,6,45,6743.7,299,0,0,22.5870431893688,0,0,6798.7,301,0,0,0,0
"7283",2024-03-26,6,50,6798.7,301,0,0,22.5870431893688,0,0,6798.7,301,0,0,0,0
"7284",2024-03-26,6,55,6776.7,301,0,0,22.5870431893688,0,0,6798.7,301,0,0,0,0
"7285",2024-03-26,7,0,6831.7,304,0,0,23.3666666666667,0,0,8201.7,351,0,0,0,0
"7286",2024-03-26,7,5,6925.7,308,0,0,23.3666666666667,0,0,8201.7,351,0,0,0,0
"7287",2024-03-26,7,10,6958.7,310,0,0,23.3666666666667,0,0,8201.7,351,0,0,0,0
"7288",2024-03-26,7,15,7002.7,312,0,0,23.3666666666667,0,0,8201.7,351,0,0,0,0
"7289",2024-03-26,7,20,6834.7,319,0,0,23.3666666666667,0,0,8201.7,351,0,0,0,0
"7290",2024-03-26,7,25,6867.7,323,0,0,23.3666666666667,0,0,8201.7,351,0,0,0,0
"7291",2024-03-26,7,30,6916.7,325,0,0,23.3666666666667,0,0,8201.7,351,0,0,0,0
"7292",2024-03-26,7,35,7396,336,0,0,23.3666666666667,0,0,8201.7,351,0,0,0,0
"7293",2024-03-26,7,40,7510.7,338,0,0,23.3666666666667,0,0,8201.7,351,0,0,0,0
"7294",2024-03-26,7,45,8021.7,346,0,0,23.3666666666667,0,0,8201.7,351,0,0,0,0
"7295",2024-03-26,7,50,8076.7,346,0,0,23.3666666666667,0,0,8201.7,351,0,0,0,0
"7296",2024-03-26,7,55,8201.7,351,0,0,23.3666666666667,0,0,8201.7,351,0,0,0,0
"7297",2024-03-26,8,55,11113.7,438,0,0,27.0595800524934,0,0,11113.7,438,0,0,0,0
"7298",2024-03-26,8,35,10699.7,402,0,0,27.0595800524934,0,0,11113.7,438,0,0,0,0
"7299",2024-03-26,8,40,11008.7,407,0,0,27.0595800524934,0,0,11113.7,438,0,0,0,0
"7300",2024-03-26,8,45,10713.7,418,0,0,27.0595800524934,0,0,11113.7,438,0,0,0,0
"7301",2024-03-26,8,50,11072.7,430,0,0,27.0595800524934,0,0,11113.7,438,0,0,0,0
"7302",2024-03-26,8,0,8463.7,350,0,0,27.0595800524934,0,0,11113.7,438,0,0,0,0
"7303",2024-03-26,8,5,9181.7,361,0,0,27.0595800524934,0,0,11113.7,438,0,0,0,0
"7304",2024-03-26,8,10,9803.7,364,0,0,27.0595800524934,0,0,11113.7,438,0,0,0,0
"7305",2024-03-26,8,15,9632.7,375,0,0,27.0595800524934,0,0,11113.7,438,0,0,0,0
"7306",2024-03-26,8,20,9965.7,377,0,0,27.0595800524934,0,0,11113.7,438,0,0,0,0
"7307",2024-03-26,8,25,9877.7,375,0,0,27.0595800524934,0,0,11113.7,438,0,0,0,0
"7308",2024-03-26,8,30,10309.7,381,0,0,27.0595800524934,0,0,11113.7,438,0,0,0,0
"7309",2024-03-26,9,0,11277.7,444,0,0,26.0696043165468,0,0,14494.7,556,0,0,0,0
"7310",2024-03-26,9,5,11994.7,471,0,0,26.0696043165468,0,0,14494.7,556,0,0,0,0
"7311",2024-03-26,9,10,12159.7,478,0,0,26.0696043165468,0,0,14494.7,556,0,0,0,0
"7312",2024-03-26,9,15,12094.7,486,0,0,26.0696043165468,0,0,14494.7,556,0,0,0,0
"7313",2024-03-26,9,20,12035.7,491,0,0,26.0696043165468,0,0,14494.7,556,0,0,0,0
"7314",2024-03-26,9,25,12194.7,501,0,0,26.0696043165468,0,0,14494.7,556,0,0,0,0
"7315",2024-03-26,9,30,12558.7,502,0,0,26.0696043165468,0,0,14494.7,556,0,0,0,0
"7316",2024-03-26,9,35,13367.7,538,0,0,26.0696043165468,0,0,14494.7,556,0,0,0,0
"7317",2024-03-26,9,40,13515.7,547,0,0,26.0696043165468,0,0,14494.7,556,0,0,0,0
"7318",2024-03-26,9,45,13615.7,546,0,0,26.0696043165468,0,0,14494.7,556,0,0,0,0
"7319",2024-03-26,9,50,13719.7,551,0,0,26.0696043165468,0,0,14494.7,556,0,0,0,0
"7320",2024-03-26,9,55,14494.7,556,0,0,26.0696043165468,0,0,14494.7,556,0,0,0,0
"7321",2024-03-26,10,0,13958.7,555,0,0,26.0677204658902,0,0,15782.7,607,0,0,0,0
"7322",2024-03-26,10,5,13849.7,553,0,0,26.0677204658902,0,0,15782.7,607,0,0,0,0
"7323",2024-03-26,10,10,14396.7,560,0,0,26.0677204658902,0,0,15782.7,607,0,0,0,0
"7324",2024-03-26,10,15,14069.7,560,0,0,26.0677204658902,0,0,15782.7,607,0,0,0,0
"7325",2024-03-26,10,20,13707.7,563,0,0,26.0677204658902,0,0,15782.7,607,0,0,0,0
"7326",2024-03-26,10,25,12911.7,558,0,0,26.0677204658902,0,0,15782.7,607,0,0,0,0
"7327",2024-03-26,10,30,12977.7,561,0,0,26.0677204658902,0,0,15782.7,607,0,0,0,0
"7328",2024-03-26,10,35,14269.7,587,0,0,26.0677204658902,0,0,15782.7,607,0,0,0,0
"7329",2024-03-26,10,40,14623.7,592,0,0,26.0677204658902,0,0,15782.7,607,0,0,0,0
"7330",2024-03-26,10,45,15322.7,597,0,0,26.0677204658902,0,0,15782.7,607,0,0,0,0
"7331",2024-03-26,10,50,15666.7,601,0,0,26.0677204658902,0,0,15782.7,607,0,0,0,0
"7332",2024-03-26,10,55,15782.7,607,0,0,26.0677204658902,0,0,15782.7,607,0,0,0,0
"7333",2024-03-26,11,0,15619.7,616,0,0,25.3566558441558,0,0,15619.7,627,0,0,0,0
"7334",2024-03-26,11,5,14656.7,618,0,0,25.3566558441558,0,0,15619.7,627,0,0,0,0
"7335",2024-03-26,11,10,14028.7,616,0,0,25.3566558441558,0,0,15619.7,627,0,0,0,0
"7336",2024-03-26,11,15,14145.7,618,0,0,25.3566558441558,0,0,15619.7,627,0,0,0,0
"7337",2024-03-26,11,20,13756.7,619,0,0,25.3566558441558,0,0,15619.7,627,0,0,0,0
"7338",2024-03-26,11,25,14073.7,620,0,0,25.3566558441558,0,0,15619.7,627,0,0,0,0
"7339",2024-03-26,11,30,13587.7,615,0,0,25.3566558441558,0,0,15619.7,627,0,0,0,0
"7340",2024-03-26,11,35,13921.7,626,0,0,25.3566558441558,0,0,15619.7,627,0,0,0,0
"7341",2024-03-26,11,40,14399.7,627,0,0,25.3566558441558,0,0,15619.7,627,0,0,0,0
"7342",2024-03-26,11,45,14183.7,627,0,0,25.3566558441558,0,0,15619.7,627,0,0,0,0
"7343",2024-03-26,11,50,13696.7,617,0,0,25.3566558441558,0,0,15619.7,627,0,0,0,0
"7344",2024-03-26,11,55,13657.7,616,0,0,25.3566558441558,0,0,15619.7,627,0,0,0,0
"7345",2024-03-26,12,0,13476.1,618,0,0,25.1239273927393,0,0,15225.1,629,0,0,0,0
"7346",2024-03-26,12,5,14157.1,629,0,0,25.1239273927393,0,0,15225.1,629,0,0,0,0
"7347",2024-03-26,12,10,14308.1,622,0,0,25.1239273927393,0,0,15225.1,629,0,0,0,0
"7348",2024-03-26,12,15,13964.1,618,0,0,25.1239273927393,0,0,15225.1,629,0,0,0,0
"7349",2024-03-26,12,20,14625.1,621,0,0,25.1239273927393,0,0,15225.1,629,0,0,0,0
"7350",2024-03-26,12,25,14496.1,616,0,0,25.1239273927393,0,0,15225.1,629,0,0,0,0
"7351",2024-03-26,12,30,14550.1,612,0,0,25.1239273927393,0,0,15225.1,629,0,0,0,0
"7352",2024-03-26,12,35,14223.1,611,0,0,25.1239273927393,0,0,15225.1,629,0,0,0,0
"7353",2024-03-26,12,40,14527.1,604,0,0,25.1239273927393,0,0,15225.1,629,0,0,0,0
"7354",2024-03-26,12,45,14510.1,603,0,0,25.1239273927393,0,0,15225.1,629,0,0,0,0
"7355",2024-03-26,12,50,14636.1,605,0,0,25.1239273927393,0,0,15225.1,629,0,0,0,0
"7356",2024-03-26,12,55,15225.1,606,0,0,25.1239273927393,0,0,15225.1,629,0,0,0,0
"7357",2024-03-26,13,0,15013.1,610,0,0,27.8664930555556,0,0,16173.1,610,0,0,0,0
"7358",2024-03-26,13,5,14808.1,600,0,0,27.8664930555556,0,0,16173.1,610,0,0,0,0
"7359",2024-03-26,13,10,15053.1,591,0,0,27.8664930555556,0,0,16173.1,610,0,0,0,0
"7360",2024-03-26,13,15,14598.1,588,0,0,27.8664930555556,0,0,16173.1,610,0,0,0,0
"7361",2024-03-26,13,20,14371.1,583,0,0,27.8664930555556,0,0,16173.1,610,0,0,0,0
"7362",2024-03-26,13,25,15172.1,580,0,0,27.8664930555556,0,0,16173.1,610,0,0,0,0
"7363",2024-03-26,13,30,15793.1,587,0,0,27.8664930555556,0,0,16173.1,610,0,0,0,0
"7364",2024-03-26,13,35,15717.1,588,0,0,27.8664930555556,0,0,16173.1,610,0,0,0,0
"7365",2024-03-26,13,40,16173.1,588,0,0,27.8664930555556,0,0,16173.1,610,0,0,0,0
"7366",2024-03-26,13,45,15524.1,578,0,0,27.8664930555556,0,0,16173.1,610,0,0,0,0
"7367",2024-03-26,13,50,16103.1,579,0,0,27.8664930555556,0,0,16173.1,610,0,0,0,0
"7368",2024-03-26,13,55,16051.1,576,0,0,27.8664930555556,0,0,16173.1,610,0,0,0,0
"7369",2024-03-26,14,0,15419.4,575,0,0,36.1746575342466,0,0,16530.4,575,0,0,0,0
"7370",2024-03-26,14,5,16112.4,565,0,0,36.1746575342466,0,0,16530.4,575,0,0,0,0
"7371",2024-03-26,14,10,16530.4,571,0,0,36.1746575342466,0,0,16530.4,575,0,0,0,0
"7372",2024-03-26,14,15,15246.4,560,0,0,36.1746575342466,0,0,16530.4,575,0,0,0,0
"7373",2024-03-26,14,20,15120.4,558,0,0,36.1746575342466,0,0,16530.4,575,0,0,0,0
"7374",2024-03-26,14,25,14510.4,563,0,0,36.1746575342466,0,0,16530.4,575,0,0,0,0
"7375",2024-03-26,14,30,14632.4,565,0,0,36.1746575342466,0,0,16530.4,575,0,0,0,0
"7376",2024-03-26,14,35,16060.4,562,0,0,36.1746575342466,0,0,16530.4,575,0,0,0,0
"7377",2024-03-26,14,40,15690.4,565,0,0,36.1746575342466,0,0,16530.4,575,0,0,0,0
"7378",2024-03-26,14,45,15499.4,563,0,0,36.1746575342466,0,0,16530.4,575,0,0,0,0
"7379",2024-03-26,14,50,15519.4,565,0,0,36.1746575342466,0,0,16530.4,575,0,0,0,0
"7380",2024-03-26,14,55,10563,292,0,0,36.1746575342466,0,0,16530.4,575,0,0,0,0
"7381",2024-03-26,15,0,14687.4,544,0,0,27.5922033898305,0,0,16457.4,597,0,0,0,0
"7382",2024-03-26,15,5,15389.4,583,0,0,27.5922033898305,0,0,16457.4,597,0,0,0,0
"7383",2024-03-26,15,10,15858.4,589,0,0,27.5922033898305,0,0,16457.4,597,0,0,0,0
"7384",2024-03-26,15,15,16164.4,590,0,0,27.5922033898305,0,0,16457.4,597,0,0,0,0
"7385",2024-03-26,15,20,16457.4,597,0,0,27.5922033898305,0,0,16457.4,597,0,0,0,0
"7386",2024-03-26,15,25,16334.4,596,0,0,27.5922033898305,0,0,16457.4,597,0,0,0,0
"7387",2024-03-26,15,30,16170.4,594,0,0,27.5922033898305,0,0,16457.4,597,0,0,0,0
"7388",2024-03-26,15,35,16279.4,590,0,0,27.5922033898305,0,0,16457.4,597,0,0,0,0
"7389",2024-03-26,15,40,16084.4,595,0,0,27.5922033898305,0,0,16457.4,597,0,0,0,0
"7390",2024-03-26,15,45,15784.4,594,0,0,27.5922033898305,0,0,16457.4,597,0,0,0,0
"7391",2024-03-26,15,50,15762.4,592,0,0,27.5922033898305,0,0,16457.4,597,0,0,0,0
"7392",2024-03-26,15,55,15761.4,595,0,0,27.5922033898305,0,0,16457.4,597,0,0,0,0
"7393",2024-03-26,16,35,14046.4,580,0,0,28.1133802816901,0,0,15968.4,591,0,0,0,0
"7394",2024-03-26,16,40,15224.4,582,0,0,28.1133802816901,0,0,15968.4,591,0,0,0,0
"7395",2024-03-26,16,45,15570.4,573,0,0,28.1133802816901,0,0,15968.4,591,0,0,0,0
"7396",2024-03-26,16,50,15603.4,575,0,0,28.1133802816901,0,0,15968.4,591,0,0,0,0
"7397",2024-03-26,16,55,15968.4,568,0,0,28.1133802816901,0,0,15968.4,591,0,0,0,0
"7398",2024-03-26,16,0,15357.4,591,0,0,28.1133802816901,0,0,15968.4,591,0,0,0,0
"7399",2024-03-26,16,5,13975.4,579,0,0,28.1133802816901,0,0,15968.4,591,0,0,0,0
"7400",2024-03-26,16,10,13985.4,579,0,0,28.1133802816901,0,0,15968.4,591,0,0,0,0
"7401",2024-03-26,16,15,13601.4,581,0,0,28.1133802816901,0,0,15968.4,591,0,0,0,0
"7402",2024-03-26,16,20,13852.4,579,0,0,28.1133802816901,0,0,15968.4,591,0,0,0,0
"7403",2024-03-26,16,25,13228.4,578,0,0,28.1133802816901,0,0,15968.4,591,0,0,0,0
"7404",2024-03-26,16,30,12943.4,580,0,0,28.1133802816901,0,0,15968.4,591,0,0,0,0
"7405",2024-03-26,17,0,15603.4,568,0,0,27.4707746478873,0,0,15603.4,568,0,0,0,0
"7406",2024-03-26,17,5,15284.4,562,0,0,27.4707746478873,0,0,15603.4,568,0,0,0,0
"7407",2024-03-26,17,10,15185.4,557,0,0,27.4707746478873,0,0,15603.4,568,0,0,0,0
"7408",2024-03-26,17,15,14401.4,550,0,0,27.4707746478873,0,0,15603.4,568,0,0,0,0
"7409",2024-03-26,17,20,13700.4,545,0,0,27.4707746478873,0,0,15603.4,568,0,0,0,0
"7410",2024-03-26,17,25,13931.4,539,0,0,27.4707746478873,0,0,15603.4,568,0,0,0,0
"7411",2024-03-26,17,30,13433.4,537,0,0,27.4707746478873,0,0,15603.4,568,0,0,0,0
"7412",2024-03-26,17,35,12321.4,526,0,0,27.4707746478873,0,0,15603.4,568,0,0,0,0
"7413",2024-03-26,17,40,12577.4,524,0,0,27.4707746478873,0,0,15603.4,568,0,0,0,0
"7414",2024-03-26,17,45,12743.4,519,0,0,27.4707746478873,0,0,15603.4,568,0,0,0,0
"7415",2024-03-26,17,50,12993.4,521,0,0,27.4707746478873,0,0,15603.4,568,0,0,0,0
"7416",2024-03-26,17,55,12688.4,520,0,0,27.4707746478873,0,0,15603.4,568,0,0,0,0
"7417",2024-03-26,18,0,12599.4,519,0,0,30.520399113082,0,0,14040.7,519,0,0,0,0
"7418",2024-03-26,18,5,12744.4,509,0,0,30.520399113082,0,0,14040.7,519,0,0,0,0
"7419",2024-03-26,18,10,13029.4,503,0,0,30.520399113082,0,0,14040.7,519,0,0,0,0
"7420",2024-03-26,18,15,13353.4,502,0,0,30.520399113082,0,0,14040.7,519,0,0,0,0
"7421",2024-03-26,18,20,13439.4,496,0,0,30.520399113082,0,0,14040.7,519,0,0,0,0
"7422",2024-03-26,18,25,13404.4,487,0,0,30.520399113082,0,0,14040.7,519,0,0,0,0
"7423",2024-03-26,18,30,14021.7,478,0,0,30.520399113082,0,0,14040.7,519,0,0,0,0
"7424",2024-03-26,18,35,14040.7,461,0,0,30.520399113082,0,0,14040.7,519,0,0,0,0
"7425",2024-03-26,18,40,13347.7,452,0,0,30.520399113082,0,0,14040.7,519,0,0,0,0
"7426",2024-03-26,18,45,13764.7,451,0,0,30.520399113082,0,0,14040.7,519,0,0,0,0
"7427",2024-03-26,18,50,13319.7,452,0,0,30.520399113082,0,0,14040.7,519,0,0,0,0
"7428",2024-03-26,18,55,12141.7,446,0,0,30.520399113082,0,0,14040.7,519,0,0,0,0
"7429",2024-03-26,19,0,12416.7,447,0,0,28.3780045351474,0,0,12514.7,447,0,0,0,0
"7430",2024-03-26,19,5,12417.7,441,0,0,28.3780045351474,0,0,12514.7,447,0,0,0,0
"7431",2024-03-26,19,10,12431.7,440,0,0,28.3780045351474,0,0,12514.7,447,0,0,0,0
"7432",2024-03-26,19,15,12514.7,441,0,0,28.3780045351474,0,0,12514.7,447,0,0,0,0
"7433",2024-03-26,19,20,11918.7,441,0,0,28.3780045351474,0,0,12514.7,447,0,0,0,0
"7434",2024-03-26,19,25,11542.7,441,0,0,28.3780045351474,0,0,12514.7,447,0,0,0,0
"7435",2024-03-26,19,30,11497.7,444,0,0,28.3780045351474,0,0,12514.7,447,0,0,0,0
"7436",2024-03-26,19,35,11069.7,441,0,0,28.3780045351474,0,0,12514.7,447,0,0,0,0
"7437",2024-03-26,19,40,11914.7,441,0,0,28.3780045351474,0,0,12514.7,447,0,0,0,0
"7438",2024-03-26,19,45,11731.7,439,0,0,28.3780045351474,0,0,12514.7,447,0,0,0,0
"7439",2024-03-26,19,50,11722.7,434,0,0,28.3780045351474,0,0,12514.7,447,0,0,0,0
"7440",2024-03-26,19,55,11583.7,430,0,0,28.3780045351474,0,0,12514.7,447,0,0,0,0
"7441",2024-03-26,20,55,10252.7,424,0,0,26.3932400932401,0,0,11322.7,434,0,0,0,0
"7442",2024-03-26,20,0,11322.7,429,0,0,26.3932400932401,0,0,11322.7,434,0,0,0,0
"7443",2024-03-26,20,5,9959.7,428,0,0,26.3932400932401,0,0,11322.7,434,0,0,0,0
"7444",2024-03-26,20,10,9959.7,427,0,0,26.3932400932401,0,0,11322.7,434,0,0,0,0
"7445",2024-03-26,20,15,9779.7,425,0,0,26.3932400932401,0,0,11322.7,434,0,0,0,0
"7446",2024-03-26,20,20,10084.7,427,0,0,26.3932400932401,0,0,11322.7,434,0,0,0,0
"7447",2024-03-26,20,25,10007.7,424,0,0,26.3932400932401,0,0,11322.7,434,0,0,0,0
"7448",2024-03-26,20,30,10303.7,429,0,0,26.3932400932401,0,0,11322.7,434,0,0,0,0
"7449",2024-03-26,20,35,10540,433,0,0,26.3932400932401,0,0,11322.7,434,0,0,0,0
"7450",2024-03-26,20,40,10712.7,434,0,0,26.3932400932401,0,0,11322.7,434,0,0,0,0
"7451",2024-03-26,20,45,10913.7,431,0,0,26.3932400932401,0,0,11322.7,434,0,0,0,0
"7452",2024-03-26,20,50,10598.7,428,0,0,26.3932400932401,0,0,11322.7,434,0,0,0,0
"7453",2024-03-26,21,0,10548.7,429,0,0,24.7016666666667,0,0,10548.7,429,0,0,0,0
"7454",2024-03-26,21,5,9981.7,418,0,0,24.7016666666667,0,0,10548.7,429,0,0,0,0
"7455",2024-03-26,21,10,10358.7,422,0,0,24.7016666666667,0,0,10548.7,429,0,0,0,0
"7456",2024-03-26,21,15,10374.7,420,0,0,24.7016666666667,0,0,10548.7,429,0,0,0,0
"7457",2024-03-26,21,20,10087.7,422,0,0,24.7016666666667,0,0,10548.7,429,0,0,0,0
"7458",2024-03-26,21,25,9918.7,423,0,0,24.7016666666667,0,0,10548.7,429,0,0,0,0
"7459",2024-03-26,21,30,9885.7,421,0,0,24.7016666666667,0,0,10548.7,429,0,0,0,0
"7460",2024-03-26,21,35,10200.7,424,0,0,24.7016666666667,0,0,10548.7,429,0,0,0,0
"7461",2024-03-26,21,40,10126.7,422,0,0,24.7016666666667,0,0,10548.7,429,0,0,0,0
"7462",2024-03-26,21,45,10202.7,421,0,0,24.7016666666667,0,0,10548.7,429,0,0,0,0
"7463",2024-03-26,21,50,10109.7,419,0,0,24.7016666666667,0,0,10548.7,429,0,0,0,0
"7464",2024-03-26,21,55,9791.7,413,0,0,24.7016666666667,0,0,10548.7,429,0,0,0,0
"7465",2024-03-26,22,0,9813.7,414,0,0,23.7045893719807,0,0,9813.7,414,0,0,0,0
"7466",2024-03-26,22,5,8739.7,379,0,0,23.7045893719807,0,0,9813.7,414,0,0,0,0
"7467",2024-03-26,22,10,8701.7,379,0,0,23.7045893719807,0,0,9813.7,414,0,0,0,0
"7468",2024-03-26,22,15,9023.7,381,0,0,23.7045893719807,0,0,9813.7,414,0,0,0,0
"7469",2024-03-26,22,20,8673.7,380,0,0,23.7045893719807,0,0,9813.7,414,0,0,0,0
"7470",2024-03-26,22,25,8779.7,379,0,0,23.7045893719807,0,0,9813.7,414,0,0,0,0
"7471",2024-03-26,22,30,8790.7,379,0,0,23.7045893719807,0,0,9813.7,414,0,0,0,0
"7472",2024-03-26,22,35,8283.7,368,0,0,23.7045893719807,0,0,9813.7,414,0,0,0,0
"7473",2024-03-26,22,40,8381.7,367,0,0,23.7045893719807,0,0,9813.7,414,0,0,0,0
"7474",2024-03-26,22,45,8270.7,367,0,0,23.7045893719807,0,0,9813.7,414,0,0,0,0
"7475",2024-03-26,22,50,8548.7,367,0,0,23.7045893719807,0,0,9813.7,414,0,0,0,0
"7476",2024-03-26,22,55,8631.7,369,0,0,23.7045893719807,0,0,9813.7,414,0,0,0,0
"7477",2024-03-26,23,0,8309.7,367,0,0,25.6534285714286,0,0,9114.7,367,0,0,0,0
"7478",2024-03-26,23,5,8102.7,357,0,0,25.6534285714286,0,0,9114.7,367,0,0,0,0
"7479",2024-03-26,23,10,8630.7,357,0,0,25.6534285714286,0,0,9114.7,367,0,0,0,0
"7480",2024-03-26,23,15,8919.7,358,0,0,25.6534285714286,0,0,9114.7,367,0,0,0,0
"7481",2024-03-26,23,20,9114.7,356,0,0,25.6534285714286,0,0,9114.7,367,0,0,0,0
"7482",2024-03-26,23,25,9103.7,355,0,0,25.6534285714286,0,0,9114.7,367,0,0,0,0
"7483",2024-03-26,23,30,8681.7,353,0,0,25.6534285714286,0,0,9114.7,367,0,0,0,0
"7484",2024-03-26,23,35,8978.7,350,0,0,25.6534285714286,0,0,9114.7,367,0,0,0,0
"7485",2024-03-26,23,40,8928.7,349,0,0,25.6534285714286,0,0,9114.7,367,0,0,0,0
"7486",2024-03-26,23,45,8349.7,342,0,0,25.6534285714286,0,0,9114.7,367,0,0,0,0
"7487",2024-03-26,23,50,8360.7,342,0,0,25.6534285714286,0,0,9114.7,367,0,0,0,0
"7488",2024-03-26,23,55,8338.7,341,0,0,25.6534285714286,0,0,9114.7,367,0,0,0,0
"7489",2024-03-27,0,0,8475.4,379,0,0,23.192243767313,0,0,8475.4,379,0,0,0,0
"7490",2024-03-27,0,5,8393.4,367,0,0,23.192243767313,0,0,8475.4,379,0,0,0,0
"7491",2024-03-27,0,10,8251.4,364,0,0,23.192243767313,0,0,8475.4,379,0,0,0,0
"7492",2024-03-27,0,15,8345.4,367,0,0,23.192243767313,0,0,8475.4,379,0,0,0,0
"7493",2024-03-27,0,20,8045.4,366,0,0,23.192243767313,0,0,8475.4,379,0,0,0,0
"7494",2024-03-27,0,25,7915.4,367,0,0,23.192243767313,0,0,8475.4,379,0,0,0,0
"7495",2024-03-27,0,30,7904.4,367,0,0,23.192243767313,0,0,8475.4,379,0,0,0,0
"7496",2024-03-27,0,35,8016.4,361,0,0,23.192243767313,0,0,8475.4,379,0,0,0,0
"7497",2024-03-27,0,40,7977.4,362,0,0,23.192243767313,0,0,8475.4,379,0,0,0,0
"7498",2024-03-27,0,45,7955.4,361,0,0,23.192243767313,0,0,8475.4,379,0,0,0,0
"7499",2024-03-27,0,50,8072.4,360,0,0,23.192243767313,0,0,8475.4,379,0,0,0,0
"7500",2024-03-27,0,55,8372.4,361,0,0,23.192243767313,0,0,8475.4,379,0,0,0,0
"7501",2024-03-27,1,0,6533.7,313,0,0,20.9565359477124,0,0,6533.7,313,0,0,0,0
"7502",2024-03-27,1,5,6434.7,308,0,0,20.9565359477124,0,0,6533.7,313,0,0,0,0
"7503",2024-03-27,1,10,6434.7,308,0,0,20.9565359477124,0,0,6533.7,313,0,0,0,0
"7504",2024-03-27,1,15,6434.7,308,0,0,20.9565359477124,0,0,6533.7,313,0,0,0,0
"7505",2024-03-27,1,20,6434.7,308,0,0,20.9565359477124,0,0,6533.7,313,0,0,0,0
"7506",2024-03-27,1,25,6412.7,306,0,0,20.9565359477124,0,0,6533.7,313,0,0,0,0
"7507",2024-03-27,1,30,6412.7,306,0,0,20.9565359477124,0,0,6533.7,313,0,0,0,0
"7508",2024-03-27,1,35,6313.7,306,0,0,20.9565359477124,0,0,6533.7,313,0,0,0,0
"7509",2024-03-27,1,40,6313.7,306,0,0,20.9565359477124,0,0,6533.7,313,0,0,0,0
"7510",2024-03-27,1,45,6313.7,306,0,0,20.9565359477124,0,0,6533.7,313,0,0,0,0
"7511",2024-03-27,1,50,6335.7,307,0,0,20.9565359477124,0,0,6533.7,313,0,0,0,0
"7512",2024-03-27,1,55,6339.4,308,0,0,20.9565359477124,0,0,6533.7,313,0,0,0,0
"7513",2024-03-27,2,0,6339.4,308,0,0,20.6690553745928,0,0,6345.4,308,0,0,0,0
"7514",2024-03-27,2,5,6345.4,307,0,0,20.6690553745928,0,0,6345.4,308,0,0,0,0
"7515",2024-03-27,2,10,6345.4,307,0,0,20.6690553745928,0,0,6345.4,308,0,0,0,0
"7516",2024-03-27,2,15,6345.4,307,0,0,20.6690553745928,0,0,6345.4,308,0,0,0,0
"7517",2024-03-27,2,20,6323.4,306,0,0,20.6690553745928,0,0,6345.4,308,0,0,0,0
"7518",2024-03-27,2,25,6323.4,306,0,0,20.6690553745928,0,0,6345.4,308,0,0,0,0
"7519",2024-03-27,2,30,6334.4,307,0,0,20.6690553745928,0,0,6345.4,308,0,0,0,0
"7520",2024-03-27,2,35,6245.4,306,0,0,20.6690553745928,0,0,6345.4,308,0,0,0,0
"7521",2024-03-27,2,40,6267.4,307,0,0,20.6690553745928,0,0,6345.4,308,0,0,0,0
"7522",2024-03-27,2,45,6267.4,307,0,0,20.6690553745928,0,0,6345.4,308,0,0,0,0
"7523",2024-03-27,2,50,6267.4,307,0,0,20.6690553745928,0,0,6345.4,308,0,0,0,0
"7524",2024-03-27,2,55,6267.4,307,0,0,20.6690553745928,0,0,6345.4,308,0,0,0,0
"7525",2024-03-27,3,0,6267.4,307,0,0,20.4201298701299,0,0,6300.4,309,0,0,0,0
"7526",2024-03-27,3,5,6289.4,308,0,0,20.4201298701299,0,0,6300.4,309,0,0,0,0
"7527",2024-03-27,3,10,6289.4,308,0,0,20.4201298701299,0,0,6300.4,309,0,0,0,0
"7528",2024-03-27,3,15,6289.4,308,0,0,20.4201298701299,0,0,6300.4,309,0,0,0,0
"7529",2024-03-27,3,20,6289.4,308,0,0,20.4201298701299,0,0,6300.4,309,0,0,0,0
"7530",2024-03-27,3,25,6267.4,307,0,0,20.4201298701299,0,0,6300.4,309,0,0,0,0
"7531",2024-03-27,3,30,6267.4,307,0,0,20.4201298701299,0,0,6300.4,309,0,0,0,0
"7532",2024-03-27,3,35,6289.4,308,0,0,20.4201298701299,0,0,6300.4,309,0,0,0,0
"7533",2024-03-27,3,40,6289.4,308,0,0,20.4201298701299,0,0,6300.4,309,0,0,0,0
"7534",2024-03-27,3,45,6300.4,309,0,0,20.4201298701299,0,0,6300.4,309,0,0,0,0
"7535",2024-03-27,3,50,6300.4,309,0,0,20.4201298701299,0,0,6300.4,309,0,0,0,0
"7536",2024-03-27,3,55,6300.4,309,0,0,20.4201298701299,0,0,6300.4,309,0,0,0,0
"7537",2024-03-27,4,0,6300.4,309,0,0,20.7448051948052,0,0,6389.4,309,0,0,0,0
"7538",2024-03-27,4,5,6217.4,306,0,0,20.7448051948052,0,0,6389.4,309,0,0,0,0
"7539",2024-03-27,4,10,6217.4,306,0,0,20.7448051948052,0,0,6389.4,309,0,0,0,0
"7540",2024-03-27,4,15,6217.4,306,0,0,20.7448051948052,0,0,6389.4,309,0,0,0,0
"7541",2024-03-27,4,20,6217.4,306,0,0,20.7448051948052,0,0,6389.4,309,0,0,0,0
"7542",2024-03-27,4,25,6239.4,307,0,0,20.7448051948052,0,0,6389.4,309,0,0,0,0
"7543",2024-03-27,4,30,6239.4,307,0,0,20.7448051948052,0,0,6389.4,309,0,0,0,0
"7544",2024-03-27,4,35,6389.4,308,0,0,20.7448051948052,0,0,6389.4,309,0,0,0,0
"7545",2024-03-27,4,40,6389.4,308,0,0,20.7448051948052,0,0,6389.4,309,0,0,0,0
"7546",2024-03-27,4,45,6389.4,308,0,0,20.7448051948052,0,0,6389.4,309,0,0,0,0
"7547",2024-03-27,4,50,6389.4,308,0,0,20.7448051948052,0,0,6389.4,309,0,0,0,0
"7548",2024-03-27,4,55,6389.4,308,0,0,20.7448051948052,0,0,6389.4,309,0,0,0,0
"7549",2024-03-27,5,0,6389.4,308,0,0,21.74,0,0,6750.4,311,0,0,0,0
"7550",2024-03-27,5,5,6400.4,309,0,0,21.74,0,0,6750.4,311,0,0,0,0
"7551",2024-03-27,5,10,6400.4,309,0,0,21.74,0,0,6750.4,311,0,0,0,0
"7552",2024-03-27,5,15,6450.4,310,0,0,21.74,0,0,6750.4,311,0,0,0,0
"7553",2024-03-27,5,20,6750.4,311,0,0,21.74,0,0,6750.4,311,0,0,0,0
"7554",2024-03-27,5,25,6750.4,311,0,0,21.74,0,0,6750.4,311,0,0,0,0
"7555",2024-03-27,5,30,6739.4,310,0,0,21.74,0,0,6750.4,311,0,0,0,0
"7556",2024-03-27,5,35,6739.4,310,0,0,21.74,0,0,6750.4,311,0,0,0,0
"7557",2024-03-27,5,40,6739.4,310,0,0,21.74,0,0,6750.4,311,0,0,0,0
"7558",2024-03-27,5,45,6739.4,310,0,0,21.74,0,0,6750.4,311,0,0,0,0
"7559",2024-03-27,5,50,6439.4,309,0,0,21.74,0,0,6750.4,311,0,0,0,0
"7560",2024-03-27,5,55,6439.4,309,0,0,21.74,0,0,6750.4,311,0,0,0,0
"7561",2024-03-27,6,0,6439.4,309,0,0,22.0633986928105,0,0,6751.4,312,0,0,0,0
"7562",2024-03-27,6,5,6312.4,304,0,0,22.0633986928105,0,0,6751.4,312,0,0,0,0
"7563",2024-03-27,6,10,6432.4,305,0,0,22.0633986928105,0,0,6751.4,312,0,0,0,0
"7564",2024-03-27,6,15,6454.4,306,0,0,22.0633986928105,0,0,6751.4,312,0,0,0,0
"7565",2024-03-27,6,20,6454.4,306,0,0,22.0633986928105,0,0,6751.4,312,0,0,0,0
"7566",2024-03-27,6,25,6410.4,304,0,0,22.0633986928105,0,0,6751.4,312,0,0,0,0
"7567",2024-03-27,6,30,6568.4,303,0,0,22.0633986928105,0,0,6751.4,312,0,0,0,0
"7568",2024-03-27,6,35,6751.4,306,0,0,22.0633986928105,0,0,6751.4,312,0,0,0,0
"7569",2024-03-27,6,40,6440.4,305,0,0,22.0633986928105,0,0,6751.4,312,0,0,0,0
"7570",2024-03-27,6,45,6544.4,308,0,0,22.0633986928105,0,0,6751.4,312,0,0,0,0
"7571",2024-03-27,6,50,6599.4,311,0,0,22.0633986928105,0,0,6751.4,312,0,0,0,0
"7572",2024-03-27,6,55,6621.4,312,0,0,22.0633986928105,0,0,6751.4,312,0,0,0,0
"7573",2024-03-27,7,0,6654.4,313,0,0,21.5024523160763,0,0,7946.4,373,0,0,0,0
"7574",2024-03-27,7,5,6793.7,319,0,0,21.5024523160763,0,0,7946.4,373,0,0,0,0
"7575",2024-03-27,7,10,6781.4,322,0,0,21.5024523160763,0,0,7946.4,373,0,0,0,0
"7576",2024-03-27,7,15,6913.4,329,0,0,21.5024523160763,0,0,7946.4,373,0,0,0,0
"7577",2024-03-27,7,20,6979.4,332,0,0,21.5024523160763,0,0,7946.4,373,0,0,0,0
"7578",2024-03-27,7,25,7100.4,339,0,0,21.5024523160763,0,0,7946.4,373,0,0,0,0
"7579",2024-03-27,7,30,7210.4,344,0,0,21.5024523160763,0,0,7946.4,373,0,0,0,0
"7580",2024-03-27,7,35,7255.4,353,0,0,21.5024523160763,0,0,7946.4,373,0,0,0,0
"7581",2024-03-27,7,40,7660.4,357,0,0,21.5024523160763,0,0,7946.4,373,0,0,0,0
"7582",2024-03-27,7,45,7671.4,357,0,0,21.5024523160763,0,0,7946.4,373,0,0,0,0
"7583",2024-03-27,7,50,7891.4,367,0,0,21.5024523160763,0,0,7946.4,373,0,0,0,0
"7584",2024-03-27,7,55,7946.4,373,0,0,21.5024523160763,0,0,7946.4,373,0,0,0,0
"7585",2024-03-27,8,45,12207.4,487,0,0,25.6293762575453,0,0,12936.8,511,0,0,0,0
"7586",2024-03-27,8,50,12737.8,497,0,0,25.6293762575453,0,0,12936.8,511,0,0,0,0
"7587",2024-03-27,8,55,12936.8,511,0,0,25.6293762575453,0,0,12936.8,511,0,0,0,0
"7588",2024-03-27,8,0,8220.4,381,0,0,25.6293762575453,0,0,12936.8,511,0,0,0,0
"7589",2024-03-27,8,5,9273.4,398,0,0,25.6293762575453,0,0,12936.8,511,0,0,0,0
"7590",2024-03-27,8,10,9638.4,409,0,0,25.6293762575453,0,0,12936.8,511,0,0,0,0
"7591",2024-03-27,8,15,9891.4,417,0,0,25.6293762575453,0,0,12936.8,511,0,0,0,0
"7592",2024-03-27,8,20,10314.4,431,0,0,25.6293762575453,0,0,12936.8,511,0,0,0,0
"7593",2024-03-27,8,25,10441.4,437,0,0,25.6293762575453,0,0,12936.8,511,0,0,0,0
"7594",2024-03-27,8,30,11371.4,455,0,0,25.6293762575453,0,0,12936.8,511,0,0,0,0
"7595",2024-03-27,8,35,12200.4,478,0,0,25.6293762575453,0,0,12936.8,511,0,0,0,0
"7596",2024-03-27,8,40,11939.4,481,0,0,25.6293762575453,0,0,12936.8,511,0,0,0,0
"7597",2024-03-27,9,0,12607.8,517,0,0,26.3063333333333,0,0,16399.8,632,0,0,0,0
"7598",2024-03-27,9,5,13177.8,552,0,0,26.3063333333333,0,0,16399.8,632,0,0,0,0
"7599",2024-03-27,9,10,13598.8,560,0,0,26.3063333333333,0,0,16399.8,632,0,0,0,0
"7600",2024-03-27,9,15,13891.8,570,0,0,26.3063333333333,0,0,16399.8,632,0,0,0,0
"7601",2024-03-27,9,20,14465.8,584,0,0,26.3063333333333,0,0,16399.8,632,0,0,0,0
"7602",2024-03-27,9,25,14918.8,588,0,0,26.3063333333333,0,0,16399.8,632,0,0,0,0
"7603",2024-03-27,9,30,15783.8,600,0,0,26.3063333333333,0,0,16399.8,632,0,0,0,0
"7604",2024-03-27,9,35,15848.8,616,0,0,26.3063333333333,0,0,16399.8,632,0,0,0,0
"7605",2024-03-27,9,40,15761.8,621,0,0,26.3063333333333,0,0,16399.8,632,0,0,0,0
"7606",2024-03-27,9,45,16029.8,626,0,0,26.3063333333333,0,0,16399.8,632,0,0,0,0
"7607",2024-03-27,9,50,16190.8,626,0,0,26.3063333333333,0,0,16399.8,632,0,0,0,0
"7608",2024-03-27,9,55,16399.8,632,0,0,26.3063333333333,0,0,16399.8,632,0,0,0,0
"7609",2024-03-27,10,0,16160.8,632,0,0,26.8195419847328,0,0,17566.8,667,0,0,0,0
"7610",2024-03-27,10,5,17566.8,655,0,0,26.8195419847328,0,0,17566.8,667,0,0,0,0
"7611",2024-03-27,10,10,17430.8,657,0,0,26.8195419847328,0,0,17566.8,667,0,0,0,0
"7612",2024-03-27,10,15,17012.8,656,0,0,26.8195419847328,0,0,17566.8,667,0,0,0,0
"7613",2024-03-27,10,20,16539.8,654,0,0,26.8195419847328,0,0,17566.8,667,0,0,0,0
"7614",2024-03-27,10,25,16746.8,653,0,0,26.8195419847328,0,0,17566.8,667,0,0,0,0
"7615",2024-03-27,10,30,16611.5,653,0,0,26.8195419847328,0,0,17566.8,667,0,0,0,0
"7616",2024-03-27,10,35,16707.5,667,0,0,26.8195419847328,0,0,17566.8,667,0,0,0,0
"7617",2024-03-27,10,40,15474.5,660,0,0,26.8195419847328,0,0,17566.8,667,0,0,0,0
"7618",2024-03-27,10,45,15019.5,659,0,0,26.8195419847328,0,0,17566.8,667,0,0,0,0
"7619",2024-03-27,10,50,15624.5,662,0,0,26.8195419847328,0,0,17566.8,667,0,0,0,0
"7620",2024-03-27,10,55,15647.5,658,0,0,26.8195419847328,0,0,17566.8,667,0,0,0,0
"7621",2024-03-27,11,0,15625.5,657,0,0,26.8269817073171,0,0,17598.5,662,0,0,0,0
"7622",2024-03-27,11,5,15941.5,660,0,0,26.8269817073171,0,0,17598.5,662,0,0,0,0
"7623",2024-03-27,11,10,15968.5,658,0,0,26.8269817073171,0,0,17598.5,662,0,0,0,0
"7624",2024-03-27,11,15,15996.5,655,0,0,26.8269817073171,0,0,17598.5,662,0,0,0,0
"7625",2024-03-27,11,20,16205.5,656,0,0,26.8269817073171,0,0,17598.5,662,0,0,0,0
"7626",2024-03-27,11,25,16711.5,657,0,0,26.8269817073171,0,0,17598.5,662,0,0,0,0
"7627",2024-03-27,11,30,17057.5,661,0,0,26.8269817073171,0,0,17598.5,662,0,0,0,0
"7628",2024-03-27,11,35,17540.5,662,0,0,26.8269817073171,0,0,17598.5,662,0,0,0,0
"7629",2024-03-27,11,40,17374.5,658,0,0,26.8269817073171,0,0,17598.5,662,0,0,0,0
"7630",2024-03-27,11,45,17540.5,655,0,0,26.8269817073171,0,0,17598.5,662,0,0,0,0
"7631",2024-03-27,11,50,17598.5,656,0,0,26.8269817073171,0,0,17598.5,662,0,0,0,0
"7632",2024-03-27,11,55,17093.5,652,0,0,26.8269817073171,0,0,17598.5,662,0,0,0,0
"7633",2024-03-27,12,0,17599.5,658,0,0,26.7469604863222,0,0,17643.5,673,0,0,0,0
"7634",2024-03-27,12,5,17121.5,654,0,0,26.7469604863222,0,0,17643.5,673,0,0,0,0
"7635",2024-03-27,12,10,16904.5,660,0,0,26.7469604863222,0,0,17643.5,673,0,0,0,0
"7636",2024-03-27,12,15,17003.5,666,0,0,26.7469604863222,0,0,17643.5,673,0,0,0,0
"7637",2024-03-27,12,20,17180.5,670,0,0,26.7469604863222,0,0,17643.5,673,0,0,0,0
"7638",2024-03-27,12,25,17287.5,670,0,0,26.7469604863222,0,0,17643.5,673,0,0,0,0
"7639",2024-03-27,12,30,17273.5,673,0,0,26.7469604863222,0,0,17643.5,673,0,0,0,0
"7640",2024-03-27,12,35,17643.5,664,0,0,26.7469604863222,0,0,17643.5,673,0,0,0,0
"7641",2024-03-27,12,40,17326.5,658,0,0,26.7469604863222,0,0,17643.5,673,0,0,0,0
"7642",2024-03-27,12,45,17291.5,659,0,0,26.7469604863222,0,0,17643.5,673,0,0,0,0
"7643",2024-03-27,12,50,17153.5,650,0,0,26.7469604863222,0,0,17643.5,673,0,0,0,0
"7644",2024-03-27,12,55,16838.5,653,0,0,26.7469604863222,0,0,17643.5,673,0,0,0,0
"7645",2024-03-27,13,0,17855.5,647,0,0,32.0334420880914,0,0,19636.5,647,0,0,0,0
"7646",2024-03-27,13,5,17532.5,632,0,0,32.0334420880914,0,0,19636.5,647,0,0,0,0
"7647",2024-03-27,13,10,17760.5,628,0,0,32.0334420880914,0,0,19636.5,647,0,0,0,0
"7648",2024-03-27,13,15,17586.5,626,0,0,32.0334420880914,0,0,19636.5,647,0,0,0,0
"7649",2024-03-27,13,20,17465.5,619,0,0,32.0334420880914,0,0,19636.5,647,0,0,0,0
"7650",2024-03-27,13,25,16883.5,611,0,0,32.0334420880914,0,0,19636.5,647,0,0,0,0
"7651",2024-03-27,13,30,17653.5,615,0,0,32.0334420880914,0,0,19636.5,647,0,0,0,0
"7652",2024-03-27,13,35,19099.5,613,0,0,32.0334420880914,0,0,19636.5,647,0,0,0,0
"7653",2024-03-27,13,40,19636.5,613,0,0,32.0334420880914,0,0,19636.5,647,0,0,0,0
"7654",2024-03-27,13,45,19192.5,609,0,0,32.0334420880914,0,0,19636.5,647,0,0,0,0
"7655",2024-03-27,13,50,18619.5,610,0,0,32.0334420880914,0,0,19636.5,647,0,0,0,0
"7656",2024-03-27,13,55,18784.5,614,0,0,32.0334420880914,0,0,19636.5,647,0,0,0,0
"7657",2024-03-27,14,0,18554.5,613,0,0,33.7413793103448,0,0,18554.5,613,0,0,0,0
"7658",2024-03-27,14,5,16807.5,597,0,0,33.7413793103448,0,0,18554.5,613,0,0,0,0
"7659",2024-03-27,14,10,16455.5,595,0,0,33.7413793103448,0,0,18554.5,613,0,0,0,0
"7660",2024-03-27,14,15,16468.5,603,0,0,33.7413793103448,0,0,18554.5,613,0,0,0,0
"7661",2024-03-27,14,20,16482.5,604,0,0,33.7413793103448,0,0,18554.5,613,0,0,0,0
"7662",2024-03-27,14,25,16351.5,604,0,0,33.7413793103448,0,0,18554.5,613,0,0,0,0
"7663",2024-03-27,14,30,15915.5,599,0,0,33.7413793103448,0,0,18554.5,613,0,0,0,0
"7664",2024-03-27,14,35,16167.5,606,0,0,33.7413793103448,0,0,18554.5,613,0,0,0,0
"7665",2024-03-27,14,40,15949.5,612,0,0,33.7413793103448,0,0,18554.5,613,0,0,0,0
"7666",2024-03-27,14,45,16082.5,613,0,0,33.7413793103448,0,0,18554.5,613,0,0,0,0
"7667",2024-03-27,14,50,15961.5,610,0,0,33.7413793103448,0,0,18554.5,613,0,0,0,0
"7668",2024-03-27,14,55,9785,290,0,0,33.7413793103448,0,0,18554.5,613,0,0,0,0
"7669",2024-03-27,15,0,10407,293,0,0,35.518771331058,0,0,16978.5,623,0,0,0,0
"7670",2024-03-27,15,5,16086.5,620,0,0,35.518771331058,0,0,16978.5,623,0,0,0,0
"7671",2024-03-27,15,10,16655.5,623,0,0,35.518771331058,0,0,16978.5,623,0,0,0,0
"7672",2024-03-27,15,15,16978.5,620,0,0,35.518771331058,0,0,16978.5,623,0,0,0,0
"7673",2024-03-27,15,20,16809.5,617,0,0,35.518771331058,0,0,16978.5,623,0,0,0,0
"7674",2024-03-27,15,25,16248.5,613,0,0,35.518771331058,0,0,16978.5,623,0,0,0,0
"7675",2024-03-27,15,30,15275.5,609,0,0,35.518771331058,0,0,16978.5,623,0,0,0,0
"7676",2024-03-27,15,35,15253.5,606,0,0,35.518771331058,0,0,16978.5,623,0,0,0,0
"7677",2024-03-27,15,40,15708.5,605,0,0,35.518771331058,0,0,16978.5,623,0,0,0,0
"7678",2024-03-27,15,45,16084.5,610,0,0,35.518771331058,0,0,16978.5,623,0,0,0,0
"7679",2024-03-27,15,50,16457.5,611,0,0,35.518771331058,0,0,16978.5,623,0,0,0,0
"7680",2024-03-27,15,55,16413.5,607,0,0,35.518771331058,0,0,16978.5,623,0,0,0,0
"7681",2024-03-27,16,0,16363.5,606,0,0,27.9796819787986,0,0,16363.5,606,0,0,0,0
"7682",2024-03-27,16,5,14575.5,581,0,0,27.9796819787986,0,0,16363.5,606,0,0,0,0
"7683",2024-03-27,16,10,13977.5,572,0,0,27.9796819787986,0,0,16363.5,606,0,0,0,0
"7684",2024-03-27,16,15,14522.5,572,0,0,27.9796819787986,0,0,16363.5,606,0,0,0,0
"7685",2024-03-27,16,20,14824.5,574,0,0,27.9796819787986,0,0,16363.5,606,0,0,0,0
"7686",2024-03-27,16,25,14469.5,576,0,0,27.9796819787986,0,0,16363.5,606,0,0,0,0
"7687",2024-03-27,16,30,15012.5,579,0,0,27.9796819787986,0,0,16363.5,606,0,0,0,0
"7688",2024-03-27,16,35,15571.5,565,0,0,27.9796819787986,0,0,16363.5,606,0,0,0,0
"7689",2024-03-27,16,40,15214.5,563,0,0,27.9796819787986,0,0,16363.5,606,0,0,0,0
"7690",2024-03-27,16,45,15836.5,566,0,0,27.9796819787986,0,0,16363.5,606,0,0,0,0
"7691",2024-03-27,16,50,15229.5,565,0,0,27.9796819787986,0,0,16363.5,606,0,0,0,0
"7692",2024-03-27,16,55,14901.5,564,0,0,27.9796819787986,0,0,16363.5,606,0,0,0,0
"7693",2024-03-27,17,35,15610.8,530,0,0,29.7406474820144,0,0,16535.8,558,0,0,0,0
"7694",2024-03-27,17,40,14745.1,531,0,0,29.7406474820144,0,0,16535.8,558,0,0,0,0
"7695",2024-03-27,17,45,14726.8,531,0,0,29.7406474820144,0,0,16535.8,558,0,0,0,0
"7696",2024-03-27,17,50,14606.8,529,0,0,29.7406474820144,0,0,16535.8,558,0,0,0,0
"7697",2024-03-27,17,55,14394.1,518,0,0,29.7406474820144,0,0,16535.8,558,0,0,0,0
"7698",2024-03-27,17,0,14787.8,558,0,0,29.7406474820144,0,0,16535.8,558,0,0,0,0
"7699",2024-03-27,17,5,16535.8,556,0,0,29.7406474820144,0,0,16535.8,558,0,0,0,0
"7700",2024-03-27,17,10,15218.8,547,0,0,29.7406474820144,0,0,16535.8,558,0,0,0,0
"7701",2024-03-27,17,15,14628.8,543,0,0,29.7406474820144,0,0,16535.8,558,0,0,0,0
"7702",2024-03-27,17,20,14775.8,540,0,0,29.7406474820144,0,0,16535.8,558,0,0,0,0
"7703",2024-03-27,17,25,15426.8,533,0,0,29.7406474820144,0,0,16535.8,558,0,0,0,0
"7704",2024-03-27,17,30,15754.8,533,0,0,29.7406474820144,0,0,16535.8,558,0,0,0,0
"7705",2024-03-27,18,0,14203.4,514,0,0,29.4220472440945,0,0,14946.4,515,0,0,0,0
"7706",2024-03-27,18,5,14887.4,515,0,0,29.4220472440945,0,0,14946.4,515,0,0,0,0
"7707",2024-03-27,18,10,14946.4,508,0,0,29.4220472440945,0,0,14946.4,515,0,0,0,0
"7708",2024-03-27,18,15,14486.4,502,0,0,29.4220472440945,0,0,14946.4,515,0,0,0,0
"7709",2024-03-27,18,20,14575.4,501,0,0,29.4220472440945,0,0,14946.4,515,0,0,0,0
"7710",2024-03-27,18,25,14354.4,492,0,0,29.4220472440945,0,0,14946.4,515,0,0,0,0
"7711",2024-03-27,18,30,14166.4,492,0,0,29.4220472440945,0,0,14946.4,515,0,0,0,0
"7712",2024-03-27,18,35,13695.4,488,0,0,29.4220472440945,0,0,14946.4,515,0,0,0,0
"7713",2024-03-27,18,40,13341.4,480,0,0,29.4220472440945,0,0,14946.4,515,0,0,0,0
"7714",2024-03-27,18,45,12770.4,470,0,0,29.4220472440945,0,0,14946.4,515,0,0,0,0
"7715",2024-03-27,18,50,12248.4,468,0,0,29.4220472440945,0,0,14946.4,515,0,0,0,0
"7716",2024-03-27,18,55,11846.4,459,0,0,29.4220472440945,0,0,14946.4,515,0,0,0,0
"7717",2024-03-27,19,0,13398.4,467,0,0,30.6745182012848,0,0,14325,470,0,0,0,0
"7718",2024-03-27,19,5,14067,470,0,0,30.6745182012848,0,0,14325,470,0,0,0,0
"7719",2024-03-27,19,10,14325,467,0,0,30.6745182012848,0,0,14325,470,0,0,0,0
"7720",2024-03-27,19,15,13795,468,0,0,30.6745182012848,0,0,14325,470,0,0,0,0
"7721",2024-03-27,19,20,14163,468,0,0,30.6745182012848,0,0,14325,470,0,0,0,0
"7722",2024-03-27,19,25,13896,467,0,0,30.6745182012848,0,0,14325,470,0,0,0,0
"7723",2024-03-27,19,30,14059,464,0,0,30.6745182012848,0,0,14325,470,0,0,0,0
"7724",2024-03-27,19,35,13585,462,0,0,30.6745182012848,0,0,14325,470,0,0,0,0
"7725",2024-03-27,19,40,13236,459,0,0,30.6745182012848,0,0,14325,470,0,0,0,0
"7726",2024-03-27,19,45,13157,457,0,0,30.6745182012848,0,0,14325,470,0,0,0,0
"7727",2024-03-27,19,50,12420,454,0,0,30.6745182012848,0,0,14325,470,0,0,0,0
"7728",2024-03-27,19,55,12698,454,0,0,30.6745182012848,0,0,14325,470,0,0,0,0
"7729",2024-03-27,20,0,12067.7,449,0,0,29.2010845986985,0,0,13461.7,469,0,0,0,0
"7730",2024-03-27,20,5,12295.7,452,0,0,29.2010845986985,0,0,13461.7,469,0,0,0,0
"7731",2024-03-27,20,10,12928.7,456,0,0,29.2010845986985,0,0,13461.7,469,0,0,0,0
"7732",2024-03-27,20,15,13092.7,459,0,0,29.2010845986985,0,0,13461.7,469,0,0,0,0
"7733",2024-03-27,20,20,13025.7,461,0,0,29.2010845986985,0,0,13461.7,469,0,0,0,0
"7734",2024-03-27,20,25,13461.7,461,0,0,29.2010845986985,0,0,13461.7,469,0,0,0,0
"7735",2024-03-27,20,30,12563.7,459,0,0,29.2010845986985,0,0,13461.7,469,0,0,0,0
"7736",2024-03-27,20,35,12140.7,466,0,0,29.2010845986985,0,0,13461.7,469,0,0,0,0
"7737",2024-03-27,20,40,12440.7,467,0,0,29.2010845986985,0,0,13461.7,469,0,0,0,0
"7738",2024-03-27,20,45,12101.7,466,0,0,29.2010845986985,0,0,13461.7,469,0,0,0,0
"7739",2024-03-27,20,50,12101.7,466,0,0,29.2010845986985,0,0,13461.7,469,0,0,0,0
"7740",2024-03-27,20,55,12145.7,469,0,0,29.2010845986985,0,0,13461.7,469,0,0,0,0
"7741",2024-03-27,21,0,11784.7,467,0,0,25.234903640257,0,0,11784.7,467,0,0,0,0
"7742",2024-03-27,21,5,10422.7,462,0,0,25.234903640257,0,0,11784.7,467,0,0,0,0
"7743",2024-03-27,21,10,10820.7,463,0,0,25.234903640257,0,0,11784.7,467,0,0,0,0
"7744",2024-03-27,21,15,10490.7,461,0,0,25.234903640257,0,0,11784.7,467,0,0,0,0
"7745",2024-03-27,21,20,10516.4,462,0,0,25.234903640257,0,0,11784.7,467,0,0,0,0
"7746",2024-03-27,21,25,10453.4,461,0,0,25.234903640257,0,0,11784.7,467,0,0,0,0
"7747",2024-03-27,21,30,11080.4,462,0,0,25.234903640257,0,0,11784.7,467,0,0,0,0
"7748",2024-03-27,21,35,10816.4,461,0,0,25.234903640257,0,0,11784.7,467,0,0,0,0
"7749",2024-03-27,21,40,10458.4,459,0,0,25.234903640257,0,0,11784.7,467,0,0,0,0
"7750",2024-03-27,21,45,10185.4,456,0,0,25.234903640257,0,0,11784.7,467,0,0,0,0
"7751",2024-03-27,21,50,10691.4,455,0,0,25.234903640257,0,0,11784.7,467,0,0,0,0
"7752",2024-03-27,21,55,10541.4,454,0,0,25.234903640257,0,0,11784.7,467,0,0,0,0
"7753",2024-03-27,22,0,10503.4,446,0,0,26.4125279642058,0,0,11806.4,447,0,0,0,0
"7754",2024-03-27,22,5,11250.4,447,0,0,26.4125279642058,0,0,11806.4,447,0,0,0,0
"7755",2024-03-27,22,10,11806.4,447,0,0,26.4125279642058,0,0,11806.4,447,0,0,0,0
"7756",2024-03-27,22,15,11035.4,436,0,0,26.4125279642058,0,0,11806.4,447,0,0,0,0
"7757",2024-03-27,22,20,10354.4,438,0,0,26.4125279642058,0,0,11806.4,447,0,0,0,0
"7758",2024-03-27,22,25,10449.4,435,0,0,26.4125279642058,0,0,11806.4,447,0,0,0,0
"7759",2024-03-27,22,30,10775.1,438,0,0,26.4125279642058,0,0,11806.4,447,0,0,0,0
"7760",2024-03-27,22,35,10763.1,432,0,0,26.4125279642058,0,0,11806.4,447,0,0,0,0
"7761",2024-03-27,22,40,10611.1,432,0,0,26.4125279642058,0,0,11806.4,447,0,0,0,0
"7762",2024-03-27,22,45,10556.1,429,0,0,26.4125279642058,0,0,11806.4,447,0,0,0,0
"7763",2024-03-27,22,50,10510.1,428,0,0,26.4125279642058,0,0,11806.4,447,0,0,0,0
"7764",2024-03-27,22,55,10210.1,427,0,0,26.4125279642058,0,0,11806.4,447,0,0,0,0
"7765",2024-03-27,23,0,10654.1,430,0,0,25.1901442307692,0,0,10654.1,430,0,0,0,0
"7766",2024-03-27,23,5,10479.1,416,0,0,25.1901442307692,0,0,10654.1,430,0,0,0,0
"7767",2024-03-27,23,10,10086.1,412,0,0,25.1901442307692,0,0,10654.1,430,0,0,0,0
"7768",2024-03-27,23,15,9815.1,404,0,0,25.1901442307692,0,0,10654.1,430,0,0,0,0
"7769",2024-03-27,23,20,9493.1,402,0,0,25.1901442307692,0,0,10654.1,430,0,0,0,0
"7770",2024-03-27,23,25,9831.1,405,0,0,25.1901442307692,0,0,10654.1,430,0,0,0,0
"7771",2024-03-27,23,30,9870.1,406,0,0,25.1901442307692,0,0,10654.1,430,0,0,0,0
"7772",2024-03-27,23,35,8884.1,388,0,0,25.1901442307692,0,0,10654.1,430,0,0,0,0
"7773",2024-03-27,23,40,9353.1,389,0,0,25.1901442307692,0,0,10654.1,430,0,0,0,0
"7774",2024-03-27,23,45,9512.1,384,0,0,25.1901442307692,0,0,10654.1,430,0,0,0,0
"7775",2024-03-27,23,50,8901.1,382,0,0,25.1901442307692,0,0,10654.1,430,0,0,0,0
"7776",2024-03-27,23,55,8751.1,381,0,0,25.1901442307692,0,0,10654.1,430,0,0,0,0
"7777",2024-03-28,0,0,9067.7,414,0,0,21.9725060827251,0,0,9067.7,414,0,0,0,0
"7778",2024-03-28,0,5,9000.7,411,0,0,21.9725060827251,0,0,9067.7,414,0,0,0,0
"7779",2024-03-28,0,10,8998.7,411,0,0,21.9725060827251,0,0,9067.7,414,0,0,0,0
"7780",2024-03-28,0,15,9048.7,412,0,0,21.9725060827251,0,0,9067.7,414,0,0,0,0
"7781",2024-03-28,0,20,9004.7,410,0,0,21.9725060827251,0,0,9067.7,414,0,0,0,0
"7782",2024-03-28,0,25,9008.7,410,0,0,21.9725060827251,0,0,9067.7,414,0,0,0,0
"7783",2024-03-28,0,30,9030.7,411,0,0,21.9725060827251,0,0,9067.7,414,0,0,0,0
"7784",2024-03-28,0,35,8723.7,401,0,0,21.9725060827251,0,0,9067.7,414,0,0,0,0
"7785",2024-03-28,0,40,8701.7,400,0,0,21.9725060827251,0,0,9067.7,414,0,0,0,0
"7786",2024-03-28,0,45,8783.7,402,0,0,21.9725060827251,0,0,9067.7,414,0,0,0,0
"7787",2024-03-28,0,50,8733.7,401,0,0,21.9725060827251,0,0,9067.7,414,0,0,0,0
"7788",2024-03-28,0,55,8755.7,402,0,0,21.9725060827251,0,0,9067.7,414,0,0,0,0
"7789",2024-03-28,1,0,7944.4,360,0,0,22.0677777777778,0,0,7944.4,360,0,0,0,0
"7790",2024-03-28,1,5,7609.4,353,0,0,22.0677777777778,0,0,7944.4,360,0,0,0,0
"7791",2024-03-28,1,10,7315.4,352,0,0,22.0677777777778,0,0,7944.4,360,0,0,0,0
"7792",2024-03-28,1,15,7217.4,352,0,0,22.0677777777778,0,0,7944.4,360,0,0,0,0
"7793",2024-03-28,1,20,7272.4,355,0,0,22.0677777777778,0,0,7944.4,360,0,0,0,0
"7794",2024-03-28,1,25,7583.4,356,0,0,22.0677777777778,0,0,7944.4,360,0,0,0,0
"7795",2024-03-28,1,30,7594.4,357,0,0,22.0677777777778,0,0,7944.4,360,0,0,0,0
"7796",2024-03-28,1,35,7761.4,357,0,0,22.0677777777778,0,0,7944.4,360,0,0,0,0
"7797",2024-03-28,1,40,7761.4,357,0,0,22.0677777777778,0,0,7944.4,360,0,0,0,0
"7798",2024-03-28,1,45,7799.4,357,0,0,22.0677777777778,0,0,7944.4,360,0,0,0,0
"7799",2024-03-28,1,50,7499.4,356,0,0,22.0677777777778,0,0,7944.4,360,0,0,0,0
"7800",2024-03-28,1,55,7488.4,355,0,0,22.0677777777778,0,0,7944.4,360,0,0,0,0
"7801",2024-03-28,2,0,7488.4,355,0,0,21.0940845070423,0,0,7488.4,355,0,0,0,0
"7802",2024-03-28,2,5,7172.4,349,0,0,21.0940845070423,0,0,7488.4,355,0,0,0,0
"7803",2024-03-28,2,10,7150.4,348,0,0,21.0940845070423,0,0,7488.4,355,0,0,0,0
"7804",2024-03-28,2,15,7150.4,348,0,0,21.0940845070423,0,0,7488.4,355,0,0,0,0
"7805",2024-03-28,2,20,7000.4,347,0,0,21.0940845070423,0,0,7488.4,355,0,0,0,0
"7806",2024-03-28,2,25,7000.4,347,0,0,21.0940845070423,0,0,7488.4,355,0,0,0,0
"7807",2024-03-28,2,30,7000.4,347,0,0,21.0940845070423,0,0,7488.4,355,0,0,0,0
"7808",2024-03-28,2,35,6929.4,345,0,0,21.0940845070423,0,0,7488.4,355,0,0,0,0
"7809",2024-03-28,2,40,6951.4,346,0,0,21.0940845070423,0,0,7488.4,355,0,0,0,0
"7810",2024-03-28,2,45,6940.4,345,0,0,21.0940845070423,0,0,7488.4,355,0,0,0,0
"7811",2024-03-28,2,50,6940.4,345,0,0,21.0940845070423,0,0,7488.4,355,0,0,0,0
"7812",2024-03-28,2,55,6940.4,345,0,0,21.0940845070423,0,0,7488.4,355,0,0,0,0
"7813",2024-03-28,3,0,7101.4,347,0,0,21.6668587896254,0,0,7518.4,348,0,0,0,0
"7814",2024-03-28,3,5,7079.4,346,0,0,21.6668587896254,0,0,7518.4,348,0,0,0,0
"7815",2024-03-28,3,10,7079.4,346,0,0,21.6668587896254,0,0,7518.4,348,0,0,0,0
"7816",2024-03-28,3,15,7079.4,346,0,0,21.6668587896254,0,0,7518.4,348,0,0,0,0
"7817",2024-03-28,3,20,7079.4,346,0,0,21.6668587896254,0,0,7518.4,348,0,0,0,0
"7818",2024-03-28,3,25,7357.4,346,0,0,21.6668587896254,0,0,7518.4,348,0,0,0,0
"7819",2024-03-28,3,30,7357.4,346,0,0,21.6668587896254,0,0,7518.4,348,0,0,0,0
"7820",2024-03-28,3,35,7390.4,348,0,0,21.6668587896254,0,0,7518.4,348,0,0,0,0
"7821",2024-03-28,3,40,7368.4,347,0,0,21.6668587896254,0,0,7518.4,348,0,0,0,0
"7822",2024-03-28,3,45,7398.4,347,0,0,21.6668587896254,0,0,7518.4,348,0,0,0,0
"7823",2024-03-28,3,50,7518.4,347,0,0,21.6668587896254,0,0,7518.4,348,0,0,0,0
"7824",2024-03-28,3,55,7518.4,347,0,0,21.6668587896254,0,0,7518.4,348,0,0,0,0
"7825",2024-03-28,4,0,7518.4,347,0,0,21.7190883190883,0,0,7623.4,351,0,0,0,0
"7826",2024-03-28,4,5,7623.4,351,0,0,21.7190883190883,0,0,7623.4,351,0,0,0,0
"7827",2024-03-28,4,10,7323.4,350,0,0,21.7190883190883,0,0,7623.4,351,0,0,0,0
"7828",2024-03-28,4,15,7323.4,350,0,0,21.7190883190883,0,0,7623.4,351,0,0,0,0
"7829",2024-03-28,4,20,7301.4,349,0,0,21.7190883190883,0,0,7623.4,351,0,0,0,0
"7830",2024-03-28,4,25,7001.4,348,0,0,21.7190883190883,0,0,7623.4,351,0,0,0,0
"7831",2024-03-28,4,30,7001.4,348,0,0,21.7190883190883,0,0,7623.4,351,0,0,0,0
"7832",2024-03-28,4,35,7112.4,349,0,0,21.7190883190883,0,0,7623.4,351,0,0,0,0
"7833",2024-03-28,4,40,7112.4,349,0,0,21.7190883190883,0,0,7623.4,351,0,0,0,0
"7834",2024-03-28,4,45,7112.4,349,0,0,21.7190883190883,0,0,7623.4,351,0,0,0,0
"7835",2024-03-28,4,50,7112.4,349,0,0,21.7190883190883,0,0,7623.4,351,0,0,0,0
"7836",2024-03-28,4,55,7112.4,349,0,0,21.7190883190883,0,0,7623.4,351,0,0,0,0
"7837",2024-03-28,5,0,7134.4,350,0,0,22.0040229885057,0,0,7657.4,351,0,0,0,0
"7838",2024-03-28,5,5,7134.4,350,0,0,22.0040229885057,0,0,7657.4,351,0,0,0,0
"7839",2024-03-28,5,10,7134.4,350,0,0,22.0040229885057,0,0,7657.4,351,0,0,0,0
"7840",2024-03-28,5,15,7434.4,351,0,0,22.0040229885057,0,0,7657.4,351,0,0,0,0
"7841",2024-03-28,5,20,7412.4,350,0,0,22.0040229885057,0,0,7657.4,351,0,0,0,0
"7842",2024-03-28,5,25,7112.4,349,0,0,22.0040229885057,0,0,7657.4,351,0,0,0,0
"7843",2024-03-28,5,30,7112.4,349,0,0,22.0040229885057,0,0,7657.4,351,0,0,0,0
"7844",2024-03-28,5,35,7079.4,347,0,0,22.0040229885057,0,0,7657.4,351,0,0,0,0
"7845",2024-03-28,5,40,7079.4,347,0,0,22.0040229885057,0,0,7657.4,351,0,0,0,0
"7846",2024-03-28,5,45,7379.4,348,0,0,22.0040229885057,0,0,7657.4,351,0,0,0,0
"7847",2024-03-28,5,50,7379.4,348,0,0,22.0040229885057,0,0,7657.4,351,0,0,0,0
"7848",2024-03-28,5,55,7657.4,348,0,0,22.0040229885057,0,0,7657.4,351,0,0,0,0
"7849",2024-03-28,6,0,7701.4,350,0,0,22.0040462427746,0,0,7801.4,355,0,0,0,0
"7850",2024-03-28,6,5,7635.4,347,0,0,22.0040462427746,0,0,7801.4,355,0,0,0,0
"7851",2024-03-28,6,10,7635.4,347,0,0,22.0040462427746,0,0,7801.4,355,0,0,0,0
"7852",2024-03-28,6,15,7613.4,346,0,0,22.0040462427746,0,0,7801.4,355,0,0,0,0
"7853",2024-03-28,6,20,7057.4,346,0,0,22.0040462427746,0,0,7801.4,355,0,0,0,0
"7854",2024-03-28,6,25,7085.4,346,0,0,22.0040462427746,0,0,7801.4,355,0,0,0,0
"7855",2024-03-28,6,30,7085.4,346,0,0,22.0040462427746,0,0,7801.4,355,0,0,0,0
"7856",2024-03-28,6,35,7129.4,349,0,0,22.0040462427746,0,0,7801.4,355,0,0,0,0
"7857",2024-03-28,6,40,7429.4,350,0,0,22.0040462427746,0,0,7801.4,355,0,0,0,0
"7858",2024-03-28,6,45,7615.4,351,0,0,22.0040462427746,0,0,7801.4,355,0,0,0,0
"7859",2024-03-28,6,50,7626.4,352,0,0,22.0040462427746,0,0,7801.4,355,0,0,0,0
"7860",2024-03-28,6,55,7801.4,355,0,0,22.0040462427746,0,0,7801.4,355,0,0,0,0
"7861",2024-03-28,7,0,7867.4,358,0,0,22.7824228028504,0,0,9591.4,421,0,0,0,0
"7862",2024-03-28,7,5,8120.4,361,0,0,22.7824228028504,0,0,9591.4,421,0,0,0,0
"7863",2024-03-28,7,10,8224.4,365,0,0,22.7824228028504,0,0,9591.4,421,0,0,0,0
"7864",2024-03-28,7,15,7885.4,364,0,0,22.7824228028504,0,0,9591.4,421,0,0,0,0
"7865",2024-03-28,7,20,8040.4,368,0,0,22.7824228028504,0,0,9591.4,421,0,0,0,0
"7866",2024-03-28,7,25,8084.4,370,0,0,22.7824228028504,0,0,9591.4,421,0,0,0,0
"7867",2024-03-28,7,30,8107.4,379,0,0,22.7824228028504,0,0,9591.4,421,0,0,0,0
"7868",2024-03-28,7,35,8618.7,390,0,0,22.7824228028504,0,0,9591.4,421,0,0,0,0
"7869",2024-03-28,7,40,8566.4,393,0,0,22.7824228028504,0,0,9591.4,421,0,0,0,0
"7870",2024-03-28,7,45,8639.4,404,0,0,22.7824228028504,0,0,9591.4,421,0,0,0,0
"7871",2024-03-28,7,50,8965.4,411,0,0,22.7824228028504,0,0,9591.4,421,0,0,0,0
"7872",2024-03-28,7,55,9591.4,421,0,0,22.7824228028504,0,0,9591.4,421,0,0,0,0
"7873",2024-03-28,8,0,9756.4,430,0,0,25.3355603448276,0,0,12721.7,556,0,0,0,0
"7874",2024-03-28,8,5,11755.7,464,0,0,25.3355603448276,0,0,12721.7,556,0,0,0,0
"7875",2024-03-28,8,10,11426.7,468,0,0,25.3355603448276,0,0,12721.7,556,0,0,0,0
"7876",2024-03-28,8,15,11869.7,476,0,0,25.3355603448276,0,0,12721.7,556,0,0,0,0
"7877",2024-03-28,8,20,11146.7,478,0,0,25.3355603448276,0,0,12721.7,556,0,0,0,0
"7878",2024-03-28,8,25,10607.7,482,0,0,25.3355603448276,0,0,12721.7,556,0,0,0,0
"7879",2024-03-28,8,30,11215.7,499,0,0,25.3355603448276,0,0,12721.7,556,0,0,0,0
"7880",2024-03-28,8,35,12299.7,526,0,0,25.3355603448276,0,0,12721.7,556,0,0,0,0
"7881",2024-03-28,8,40,11976.7,525,0,0,25.3355603448276,0,0,12721.7,556,0,0,0,0
"7882",2024-03-28,8,45,11764.7,528,0,0,25.3355603448276,0,0,12721.7,556,0,0,0,0
"7883",2024-03-28,8,50,12237.7,539,0,0,25.3355603448276,0,0,12721.7,556,0,0,0,0
"7884",2024-03-28,8,55,12721.7,556,0,0,25.3355603448276,0,0,12721.7,556,0,0,0,0
"7885",2024-03-28,9,0,12931.7,565,0,0,25.1389443651926,0,0,17622.4,701,0,0,0,0
"7886",2024-03-28,9,5,14185.7,599,0,0,25.1389443651926,0,0,17622.4,701,0,0,0,0
"7887",2024-03-28,9,10,14793.7,617,0,0,25.1389443651926,0,0,17622.4,701,0,0,0,0
"7888",2024-03-28,9,15,15016.7,625,0,0,25.1389443651926,0,0,17622.4,701,0,0,0,0
"7889",2024-03-28,9,20,15393.7,630,0,0,25.1389443651926,0,0,17622.4,701,0,0,0,0
"7890",2024-03-28,9,25,15328.7,634,0,0,25.1389443651926,0,0,17622.4,701,0,0,0,0
"7891",2024-03-28,9,30,15824.4,642,0,0,25.1389443651926,0,0,17622.4,701,0,0,0,0
"7892",2024-03-28,9,35,17065.4,688,0,0,25.1389443651926,0,0,17622.4,701,0,0,0,0
"7893",2024-03-28,9,40,16845.4,693,0,0,25.1389443651926,0,0,17622.4,701,0,0,0,0
"7894",2024-03-28,9,45,16631.4,696,0,0,25.1389443651926,0,0,17622.4,701,0,0,0,0
"7895",2024-03-28,9,50,16887.4,695,0,0,25.1389443651926,0,0,17622.4,701,0,0,0,0
"7896",2024-03-28,9,55,17622.4,701,0,0,25.1389443651926,0,0,17622.4,701,0,0,0,0
"7897",2024-03-28,10,0,17791.4,699,0,0,26.2146478873239,0,0,18612.4,722,0,0,0,0
"7898",2024-03-28,10,5,18612.4,710,0,0,26.2146478873239,0,0,18612.4,722,0,0,0,0
"7899",2024-03-28,10,10,17940.4,712,0,0,26.2146478873239,0,0,18612.4,722,0,0,0,0
"7900",2024-03-28,10,15,17602.4,708,0,0,26.2146478873239,0,0,18612.4,722,0,0,0,0
"7901",2024-03-28,10,20,16948.4,708,0,0,26.2146478873239,0,0,18612.4,722,0,0,0,0
"7902",2024-03-28,10,25,16406.4,711,0,0,26.2146478873239,0,0,18612.4,722,0,0,0,0
"7903",2024-03-28,10,30,16690.4,709,0,0,26.2146478873239,0,0,18612.4,722,0,0,0,0
"7904",2024-03-28,10,35,16520.4,717,0,0,26.2146478873239,0,0,18612.4,722,0,0,0,0
"7905",2024-03-28,10,40,16611.4,719,0,0,26.2146478873239,0,0,18612.4,722,0,0,0,0
"7906",2024-03-28,10,45,16357.4,715,0,0,26.2146478873239,0,0,18612.4,722,0,0,0,0
"7907",2024-03-28,10,50,16543.4,718,0,0,26.2146478873239,0,0,18612.4,722,0,0,0,0
"7908",2024-03-28,10,55,16590.4,722,0,0,26.2146478873239,0,0,18612.4,722,0,0,0,0
"7909",2024-03-28,11,0,16907.7,723,0,0,24.863907734057,0,0,18324.7,737,0,0,0,0
"7910",2024-03-28,11,5,17998.7,734,0,0,24.863907734057,0,0,18324.7,737,0,0,0,0
"7911",2024-03-28,11,10,17535.7,734,0,0,24.863907734057,0,0,18324.7,737,0,0,0,0
"7912",2024-03-28,11,15,17116.7,727,0,0,24.863907734057,0,0,18324.7,737,0,0,0,0
"7913",2024-03-28,11,20,16722.7,722,0,0,24.863907734057,0,0,18324.7,737,0,0,0,0
"7914",2024-03-28,11,25,17959.7,725,0,0,24.863907734057,0,0,18324.7,737,0,0,0,0
"7915",2024-03-28,11,30,17906.7,730,0,0,24.863907734057,0,0,18324.7,737,0,0,0,0
"7916",2024-03-28,11,35,16929.7,729,0,0,24.863907734057,0,0,18324.7,737,0,0,0,0
"7917",2024-03-28,11,40,16768.7,725,0,0,24.863907734057,0,0,18324.7,737,0,0,0,0
"7918",2024-03-28,11,45,17244.7,733,0,0,24.863907734057,0,0,18324.7,737,0,0,0,0
"7919",2024-03-28,11,50,17588.7,736,0,0,24.863907734057,0,0,18324.7,737,0,0,0,0
"7920",2024-03-28,11,55,18324.7,737,0,0,24.863907734057,0,0,18324.7,737,0,0,0,0
"7921",2024-03-28,12,0,18171.7,741,0,0,27.9804109589041,0,0,20493.7,747,0,0,0,0
"7922",2024-03-28,12,5,19316.7,747,0,0,27.9804109589041,0,0,20493.7,747,0,0,0,0
"7923",2024-03-28,12,10,18623.7,742,0,0,27.9804109589041,0,0,20493.7,747,0,0,0,0
"7924",2024-03-28,12,15,19212.7,743,0,0,27.9804109589041,0,0,20493.7,747,0,0,0,0
"7925",2024-03-28,12,20,18973.7,744,0,0,27.9804109589041,0,0,20493.7,747,0,0,0,0
"7926",2024-03-28,12,25,19004.7,742,0,0,27.9804109589041,0,0,20493.7,747,0,0,0,0
"7927",2024-03-28,12,30,18282.7,739,0,0,27.9804109589041,0,0,20493.7,747,0,0,0,0
"7928",2024-03-28,12,35,19842.7,744,0,0,27.9804109589041,0,0,20493.7,747,0,0,0,0
"7929",2024-03-28,12,40,20493.7,745,0,0,27.9804109589041,0,0,20493.7,747,0,0,0,0
"7930",2024-03-28,12,45,20415.7,741,0,0,27.9804109589041,0,0,20493.7,747,0,0,0,0
"7931",2024-03-28,12,50,20403.7,745,0,0,27.9804109589041,0,0,20493.7,747,0,0,0,0
"7932",2024-03-28,12,55,20425.7,730,0,0,27.9804109589041,0,0,20493.7,747,0,0,0,0
"7933",2024-03-28,13,0,20612.7,723,0,0,28.5099585062241,0,0,20612.7,723,0,0,0,0
"7934",2024-03-28,13,5,19556.7,698,0,0,28.5099585062241,0,0,20612.7,723,0,0,0,0
"7935",2024-03-28,13,10,18871.7,691,0,0,28.5099585062241,0,0,20612.7,723,0,0,0,0
"7936",2024-03-28,13,15,18952.7,687,0,0,28.5099585062241,0,0,20612.7,723,0,0,0,0
"7937",2024-03-28,13,20,17843.7,678,0,0,28.5099585062241,0,0,20612.7,723,0,0,0,0
"7938",2024-03-28,13,25,17995.7,674,0,0,28.5099585062241,0,0,20612.7,723,0,0,0,0
"7939",2024-03-28,13,30,18056.4,675,0,0,28.5099585062241,0,0,20612.7,723,0,0,0,0
"7940",2024-03-28,13,35,18900.4,682,0,0,28.5099585062241,0,0,20612.7,723,0,0,0,0
"7941",2024-03-28,13,40,18351.7,683,0,0,28.5099585062241,0,0,20612.7,723,0,0,0,0
"7942",2024-03-28,13,45,18498.7,682,0,0,28.5099585062241,0,0,20612.7,723,0,0,0,0
"7943",2024-03-28,13,50,18325.7,680,0,0,28.5099585062241,0,0,20612.7,723,0,0,0,0
"7944",2024-03-28,13,55,18637.7,687,0,0,28.5099585062241,0,0,20612.7,723,0,0,0,0
"7945",2024-03-28,14,5,18248.7,704,0,0,33.4734285714286,0,0,20761.7,731,0,0,0,0
"7946",2024-03-28,14,10,18447.7,709,0,0,33.4734285714286,0,0,20761.7,731,0,0,0,0
"7947",2024-03-28,14,15,18398.7,699,0,0,33.4734285714286,0,0,20761.7,731,0,0,0,0
"7948",2024-03-28,14,20,19349.1,708,0,0,33.4734285714286,0,0,20761.7,731,0,0,0,0
"7949",2024-03-28,14,25,20305.1,720,0,0,33.4734285714286,0,0,20761.7,731,0,0,0,0
"7950",2024-03-28,14,30,20761.7,724,0,0,33.4734285714286,0,0,20761.7,731,0,0,0,0
"7951",2024-03-28,14,35,20402.1,730,0,0,33.4734285714286,0,0,20761.7,731,0,0,0,0
"7952",2024-03-28,14,40,20528.1,731,0,0,33.4734285714286,0,0,20761.7,731,0,0,0,0
"7953",2024-03-28,14,45,20004.4,725,0,0,33.4734285714286,0,0,20761.7,731,0,0,0,0
"7954",2024-03-28,14,50,20405.4,730,0,0,33.4734285714286,0,0,20761.7,731,0,0,0,0
"7955",2024-03-28,14,55,11715.7,350,0,0,33.4734285714286,0,0,20761.7,731,0,0,0,0
"7956",2024-03-28,14,0,19162.7,699,0,0,33.4734285714286,0,0,20761.7,731,0,0,0,0
"7957",2024-03-28,15,0,18515.4,648,0,0,28.5731481481481,0,0,20170.4,755,0,0,0,0
"7958",2024-03-28,15,5,19680.4,749,0,0,28.5731481481481,0,0,20170.4,755,0,0,0,0
"7959",2024-03-28,15,10,20170.4,755,0,0,28.5731481481481,0,0,20170.4,755,0,0,0,0
"7960",2024-03-28,15,15,19936.4,755,0,0,28.5731481481481,0,0,20170.4,755,0,0,0,0
"7961",2024-03-28,15,20,19654.4,747,0,0,28.5731481481481,0,0,20170.4,755,0,0,0,0
"7962",2024-03-28,15,25,18996.4,744,0,0,28.5731481481481,0,0,20170.4,755,0,0,0,0
"7963",2024-03-28,15,30,18494.4,741,0,0,28.5731481481481,0,0,20170.4,755,0,0,0,0
"7964",2024-03-28,15,35,19106.4,737,0,0,28.5731481481481,0,0,20170.4,755,0,0,0,0
"7965",2024-03-28,15,40,20046.4,739,0,0,28.5731481481481,0,0,20170.4,755,0,0,0,0
"7966",2024-03-28,15,45,20068.4,738,0,0,28.5731481481481,0,0,20170.4,755,0,0,0,0
"7967",2024-03-28,15,50,19402.4,735,0,0,28.5731481481481,0,0,20170.4,755,0,0,0,0
"7968",2024-03-28,15,55,19668.4,737,0,0,28.5731481481481,0,0,20170.4,755,0,0,0,0
"7969",2024-03-28,16,0,19511.4,736,0,0,28.5366984993179,0,0,20917.4,738,0,0,0,0
"7970",2024-03-28,16,5,20658.4,738,0,0,28.5366984993179,0,0,20917.4,738,0,0,0,0
"7971",2024-03-28,16,10,20917.4,733,0,0,28.5366984993179,0,0,20917.4,738,0,0,0,0
"7972",2024-03-28,16,15,20841.4,732,0,0,28.5366984993179,0,0,20917.4,738,0,0,0,0
"7973",2024-03-28,16,20,20573.4,733,0,0,28.5366984993179,0,0,20917.4,738,0,0,0,0
"7974",2024-03-28,16,25,20245.4,730,0,0,28.5366984993179,0,0,20917.4,738,0,0,0,0
"7975",2024-03-28,16,30,19137.4,728,0,0,28.5366984993179,0,0,20917.4,738,0,0,0,0
"7976",2024-03-28,16,35,17911.4,708,0,0,28.5366984993179,0,0,20917.4,738,0,0,0,0
"7977",2024-03-28,16,40,17811.4,705,0,0,28.5366984993179,0,0,20917.4,738,0,0,0,0
"7978",2024-03-28,16,45,18577.4,698,0,0,28.5366984993179,0,0,20917.4,738,0,0,0,0
"7979",2024-03-28,16,50,18970.4,701,0,0,28.5366984993179,0,0,20917.4,738,0,0,0,0
"7980",2024-03-28,16,55,18642.4,700,0,0,28.5366984993179,0,0,20917.4,738,0,0,0,0
"7981",2024-03-28,17,0,18953.4,703,0,0,29.6834951456311,0,0,18953.4,703,0,0,0,0
"7982",2024-03-28,17,5,17894.4,684,0,0,29.6834951456311,0,0,18953.4,703,0,0,0,0
"7983",2024-03-28,17,10,17890.4,671,0,0,29.6834951456311,0,0,18953.4,703,0,0,0,0
"7984",2024-03-28,17,15,17537.4,669,0,0,29.6834951456311,0,0,18953.4,703,0,0,0,0
"7985",2024-03-28,17,20,17779.4,662,0,0,29.6834951456311,0,0,18953.4,703,0,0,0,0
"7986",2024-03-28,17,25,18448.4,656,0,0,29.6834951456311,0,0,18953.4,703,0,0,0,0
"7987",2024-03-28,17,30,18838.4,652,0,0,29.6834951456311,0,0,18953.4,703,0,0,0,0
"7988",2024-03-28,17,35,18782.7,633,0,0,29.6834951456311,0,0,18953.4,703,0,0,0,0
"7989",2024-03-28,17,40,18253.7,616,0,0,29.6834951456311,0,0,18953.4,703,0,0,0,0
"7990",2024-03-28,17,45,18344.4,618,0,0,29.6834951456311,0,0,18953.4,703,0,0,0,0
"7991",2024-03-28,17,50,17996.4,614,0,0,29.6834951456311,0,0,18953.4,703,0,0,0,0
"7992",2024-03-28,17,55,17710.4,608,0,0,29.6834951456311,0,0,18953.4,703,0,0,0,0
"7993",2024-03-28,18,0,17867.4,603,0,0,30.8181328545781,0,0,17867.4,603,0,0,0,0
"7994",2024-03-28,18,5,16147.1,566,0,0,30.8181328545781,0,0,17867.4,603,0,0,0,0
"7995",2024-03-28,18,10,16012.1,563,0,0,30.8181328545781,0,0,17867.4,603,0,0,0,0
"7996",2024-03-28,18,15,15675.4,558,0,0,30.8181328545781,0,0,17867.4,603,0,0,0,0
"7997",2024-03-28,18,20,16007.4,556,0,0,30.8181328545781,0,0,17867.4,603,0,0,0,0
"7998",2024-03-28,18,25,17062.7,561,0,0,30.8181328545781,0,0,17867.4,603,0,0,0,0
"7999",2024-03-28,18,30,17165.7,557,0,0,30.8181328545781,0,0,17867.4,603,0,0,0,0
"8000",2024-03-28,18,35,15619.7,540,0,0,30.8181328545781,0,0,17867.4,603,0,0,0,0
"8001",2024-03-28,18,40,15465.7,539,0,0,30.8181328545781,0,0,17867.4,603,0,0,0,0
"8002",2024-03-28,18,45,15346.7,534,0,0,30.8181328545781,0,0,17867.4,603,0,0,0,0
"8003",2024-03-28,18,50,14593.7,522,0,0,30.8181328545781,0,0,17867.4,603,0,0,0,0
"8004",2024-03-28,18,55,14144.7,521,0,0,30.8181328545781,0,0,17867.4,603,0,0,0,0
"8005",2024-03-28,19,0,14056.7,521,0,0,30.0406679764244,0,0,15290.7,521,0,0,0,0
"8006",2024-03-28,19,5,14315.7,503,0,0,30.0406679764244,0,0,15290.7,521,0,0,0,0
"8007",2024-03-28,19,10,15290.7,509,0,0,30.0406679764244,0,0,15290.7,521,0,0,0,0
"8008",2024-03-28,19,15,14422.7,508,0,0,30.0406679764244,0,0,15290.7,521,0,0,0,0
"8009",2024-03-28,19,20,14311.7,506,0,0,30.0406679764244,0,0,15290.7,521,0,0,0,0
"8010",2024-03-28,19,25,14207.7,502,0,0,30.0406679764244,0,0,15290.7,521,0,0,0,0
"8011",2024-03-28,19,30,13458.7,498,0,0,30.0406679764244,0,0,15290.7,521,0,0,0,0
"8012",2024-03-28,19,35,12783,486,0,0,30.0406679764244,0,0,15290.7,521,0,0,0,0
"8013",2024-03-28,19,40,13127,485,0,0,30.0406679764244,0,0,15290.7,521,0,0,0,0
"8014",2024-03-28,19,45,13289,483,0,0,30.0406679764244,0,0,15290.7,521,0,0,0,0
"8015",2024-03-28,19,50,12997,479,0,0,30.0406679764244,0,0,15290.7,521,0,0,0,0
"8016",2024-03-28,19,55,12981,474,0,0,30.0406679764244,0,0,15290.7,521,0,0,0,0
"8017",2024-03-28,20,0,13117,472,0,0,30.6369168356998,0,0,15104,493,0,0,0,0
"8018",2024-03-28,20,5,14098,480,0,0,30.6369168356998,0,0,15104,493,0,0,0,0
"8019",2024-03-28,20,10,13825,481,0,0,30.6369168356998,0,0,15104,493,0,0,0,0
"8020",2024-03-28,20,15,14568,489,0,0,30.6369168356998,0,0,15104,493,0,0,0,0
"8021",2024-03-28,20,20,14099,491,0,0,30.6369168356998,0,0,15104,493,0,0,0,0
"8022",2024-03-28,20,25,13570,482,0,0,30.6369168356998,0,0,15104,493,0,0,0,0
"8023",2024-03-28,20,30,13537,481,0,0,30.6369168356998,0,0,15104,493,0,0,0,0
"8024",2024-03-28,20,35,13474,485,0,0,30.6369168356998,0,0,15104,493,0,0,0,0
"8025",2024-03-28,20,40,14015,489,0,0,30.6369168356998,0,0,15104,493,0,0,0,0
"8026",2024-03-28,20,45,14313,490,0,0,30.6369168356998,0,0,15104,493,0,0,0,0
"8027",2024-03-28,20,50,15104,493,0,0,30.6369168356998,0,0,15104,493,0,0,0,0
"8028",2024-03-28,20,55,13494,480,0,0,30.6369168356998,0,0,15104,493,0,0,0,0
"8029",2024-03-28,21,0,13150,477,0,0,29.7886363636364,0,0,14417.7,491,0,0,0,0
"8030",2024-03-28,21,5,12925,480,0,0,29.7886363636364,0,0,14417.7,491,0,0,0,0
"8031",2024-03-28,21,10,14417.7,484,0,0,29.7886363636364,0,0,14417.7,491,0,0,0,0
"8032",2024-03-28,21,15,13734.7,480,0,0,29.7886363636364,0,0,14417.7,491,0,0,0,0
"8033",2024-03-28,21,20,14376.7,484,0,0,29.7886363636364,0,0,14417.7,491,0,0,0,0
"8034",2024-03-28,21,25,14170.7,491,0,0,29.7886363636364,0,0,14417.7,491,0,0,0,0
"8035",2024-03-28,21,30,14152.7,491,0,0,29.7886363636364,0,0,14417.7,491,0,0,0,0
"8036",2024-03-28,21,35,13520.7,474,0,0,29.7886363636364,0,0,14417.7,491,0,0,0,0
"8037",2024-03-28,21,40,13334.7,471,0,0,29.7886363636364,0,0,14417.7,491,0,0,0,0
"8038",2024-03-28,21,45,13711.7,473,0,0,29.7886363636364,0,0,14417.7,491,0,0,0,0
"8039",2024-03-28,21,50,13383.7,472,0,0,29.7886363636364,0,0,14417.7,491,0,0,0,0
"8040",2024-03-28,21,55,13039.7,469,0,0,29.7886363636364,0,0,14417.7,491,0,0,0,0
"8041",2024-03-28,22,0,12470.4,465,0,0,27.9654101995565,0,0,12612.4,466,0,0,0,0
"8042",2024-03-28,22,5,12000.4,466,0,0,27.9654101995565,0,0,12612.4,466,0,0,0,0
"8043",2024-03-28,22,10,12158.4,464,0,0,27.9654101995565,0,0,12612.4,466,0,0,0,0
"8044",2024-03-28,22,15,12470.4,460,0,0,27.9654101995565,0,0,12612.4,466,0,0,0,0
"8045",2024-03-28,22,20,12376.4,457,0,0,27.9654101995565,0,0,12612.4,466,0,0,0,0
"8046",2024-03-28,22,25,12277.4,453,0,0,27.9654101995565,0,0,12612.4,466,0,0,0,0
"8047",2024-03-28,22,30,12446.4,455,0,0,27.9654101995565,0,0,12612.4,466,0,0,0,0
"8048",2024-03-28,22,35,11937.4,446,0,0,27.9654101995565,0,0,12612.4,466,0,0,0,0
"8049",2024-03-28,22,40,12153.4,450,0,0,27.9654101995565,0,0,12612.4,466,0,0,0,0
"8050",2024-03-28,22,45,12612.4,451,0,0,27.9654101995565,0,0,12612.4,466,0,0,0,0
"8051",2024-03-28,22,50,12290.4,449,0,0,27.9654101995565,0,0,12612.4,466,0,0,0,0
"8052",2024-03-28,22,55,11836.4,443,0,0,27.9654101995565,0,0,12612.4,466,0,0,0,0
"8053",2024-03-28,23,0,11112.4,440,0,0,26.0288372093023,0,0,11192.4,440,0,0,0,0
"8054",2024-03-28,23,5,11192.4,430,0,0,26.0288372093023,0,0,11192.4,440,0,0,0,0
"8055",2024-03-28,23,10,10919.4,428,0,0,26.0288372093023,0,0,11192.4,440,0,0,0,0
"8056",2024-03-28,23,15,11047.4,427,0,0,26.0288372093023,0,0,11192.4,440,0,0,0,0
"8057",2024-03-28,23,20,10703.4,424,0,0,26.0288372093023,0,0,11192.4,440,0,0,0,0
"8058",2024-03-28,23,25,10399.7,422,0,0,26.0288372093023,0,0,11192.4,440,0,0,0,0
"8059",2024-03-28,23,30,9878.7,421,0,0,26.0288372093023,0,0,11192.4,440,0,0,0,0
"8060",2024-03-28,23,35,9764.7,419,0,0,26.0288372093023,0,0,11192.4,440,0,0,0,0
"8061",2024-03-28,23,40,9892.7,418,0,0,26.0288372093023,0,0,11192.4,440,0,0,0,0
"8062",2024-03-28,23,45,9592.7,417,0,0,26.0288372093023,0,0,11192.4,440,0,0,0,0
"8063",2024-03-28,23,50,9292.7,416,0,0,26.0288372093023,0,0,11192.4,440,0,0,0,0
"8064",2024-03-28,23,55,9233.7,418,0,0,26.0288372093023,0,0,11192.4,440,0,0,0,0
"8065",2024-03-29,0,0,9972.7,393,0,0,25.3758269720102,0,0,9972.7,394,0,0,0,0
"8066",2024-03-29,0,5,9850.7,393,0,0,25.3758269720102,0,0,9972.7,394,0,0,0,0
"8067",2024-03-29,0,10,9594.7,394,0,0,25.3758269720102,0,0,9972.7,394,0,0,0,0
"8068",2024-03-29,0,15,9316.7,394,0,0,25.3758269720102,0,0,9972.7,394,0,0,0,0
"8069",2024-03-29,0,20,9316.7,393,0,0,25.3758269720102,0,0,9972.7,394,0,0,0,0
"8070",2024-03-29,0,25,9195.7,391,0,0,25.3758269720102,0,0,9972.7,394,0,0,0,0
"8071",2024-03-29,0,30,9151.7,389,0,0,25.3758269720102,0,0,9972.7,394,0,0,0,0
"8072",2024-03-29,0,35,9170.7,387,0,0,25.3758269720102,0,0,9972.7,394,0,0,0,0
"8073",2024-03-29,0,40,8748.7,384,0,0,25.3758269720102,0,0,9972.7,394,0,0,0,0
"8074",2024-03-29,0,45,8792.7,386,0,0,25.3758269720102,0,0,9972.7,394,0,0,0,0
"8075",2024-03-29,0,50,8792.7,386,0,0,25.3758269720102,0,0,9972.7,394,0,0,0,0
"8076",2024-03-29,0,55,8601.7,384,0,0,25.3758269720102,0,0,9972.7,394,0,0,0,0
"8077",2024-03-29,1,0,8955.7,404,0,0,22.6837150127226,0,0,8955.7,404,0,0,0,0
"8078",2024-03-29,1,5,8646.7,393,0,0,22.6837150127226,0,0,8955.7,404,0,0,0,0
"8079",2024-03-29,1,10,8690.7,395,0,0,22.6837150127226,0,0,8955.7,404,0,0,0,0
"8080",2024-03-29,1,15,8756.7,393,0,0,22.6837150127226,0,0,8955.7,404,0,0,0,0
"8081",2024-03-29,1,20,8723.7,391,0,0,22.6837150127226,0,0,8955.7,404,0,0,0,0
"8082",2024-03-29,1,25,8914.7,393,0,0,22.6837150127226,0,0,8955.7,404,0,0,0,0
"8083",2024-03-29,1,30,8914.7,393,0,0,22.6837150127226,0,0,8955.7,404,0,0,0,0
"8084",2024-03-29,1,35,8500.7,388,0,0,22.6837150127226,0,0,8955.7,404,0,0,0,0
"8085",2024-03-29,1,40,8350.7,387,0,0,22.6837150127226,0,0,8955.7,404,0,0,0,0
"8086",2024-03-29,1,45,8312.7,387,0,0,22.6837150127226,0,0,8955.7,404,0,0,0,0
"8087",2024-03-29,1,50,8262.7,386,0,0,22.6837150127226,0,0,8955.7,404,0,0,0,0
"8088",2024-03-29,1,55,8562.7,387,0,0,22.6837150127226,0,0,8955.7,404,0,0,0,0
"8089",2024-03-29,2,0,8562.7,387,0,0,22.1258397932817,0,0,8562.7,387,0,0,0,0
"8090",2024-03-29,2,5,8225.7,384,0,0,22.1258397932817,0,0,8562.7,387,0,0,0,0
"8091",2024-03-29,2,10,8225.7,384,0,0,22.1258397932817,0,0,8562.7,387,0,0,0,0
"8092",2024-03-29,2,15,8225.7,384,0,0,22.1258397932817,0,0,8562.7,387,0,0,0,0
"8093",2024-03-29,2,20,8263.7,384,0,0,22.1258397932817,0,0,8562.7,387,0,0,0,0
"8094",2024-03-29,2,25,8241.7,383,0,0,22.1258397932817,0,0,8562.7,387,0,0,0,0
"8095",2024-03-29,2,30,8197.7,381,0,0,22.1258397932817,0,0,8562.7,387,0,0,0,0
"8096",2024-03-29,2,35,8147.7,380,0,0,22.1258397932817,0,0,8562.7,387,0,0,0,0
"8097",2024-03-29,2,40,8147.7,380,0,0,22.1258397932817,0,0,8562.7,387,0,0,0,0
"8098",2024-03-29,2,45,7809.7,380,0,0,22.1258397932817,0,0,8562.7,387,0,0,0,0
"8099",2024-03-29,2,50,7809.7,380,0,0,22.1258397932817,0,0,8562.7,387,0,0,0,0
"8100",2024-03-29,2,55,7809.7,380,0,0,22.1258397932817,0,0,8562.7,387,0,0,0,0
"8101",2024-03-29,3,0,7809.7,380,0,0,20.5518421052632,0,0,7809.7,380,0,0,0,0
"8102",2024-03-29,3,5,7770.7,379,0,0,20.5518421052632,0,0,7809.7,380,0,0,0,0
"8103",2024-03-29,3,10,7770.7,379,0,0,20.5518421052632,0,0,7809.7,380,0,0,0,0
"8104",2024-03-29,3,15,7710.7,378,0,0,20.5518421052632,0,0,7809.7,380,0,0,0,0
"8105",2024-03-29,3,20,7710.7,378,0,0,20.5518421052632,0,0,7809.7,380,0,0,0,0
"8106",2024-03-29,3,25,7710.7,378,0,0,20.5518421052632,0,0,7809.7,380,0,0,0,0
"8107",2024-03-29,3,30,7710.7,378,0,0,20.5518421052632,0,0,7809.7,380,0,0,0,0
"8108",2024-03-29,3,35,7688.7,377,0,0,20.5518421052632,0,0,7809.7,380,0,0,0,0
"8109",2024-03-29,3,40,7688.7,377,0,0,20.5518421052632,0,0,7809.7,380,0,0,0,0
"8110",2024-03-29,3,45,7688.7,377,0,0,20.5518421052632,0,0,7809.7,380,0,0,0,0
"8111",2024-03-29,3,50,7688.7,377,0,0,20.5518421052632,0,0,7809.7,380,0,0,0,0
"8112",2024-03-29,3,55,7688.7,377,0,0,20.5518421052632,0,0,7809.7,380,0,0,0,0
"8113",2024-03-29,4,0,7688.7,377,0,0,21.1037234042553,0,0,7938.7,377,0,0,0,0
"8114",2024-03-29,4,5,7660.7,377,0,0,21.1037234042553,0,0,7938.7,377,0,0,0,0
"8115",2024-03-29,4,10,7638.7,376,0,0,21.1037234042553,0,0,7938.7,377,0,0,0,0
"8116",2024-03-29,4,15,7638.7,376,0,0,21.1037234042553,0,0,7938.7,377,0,0,0,0
"8117",2024-03-29,4,20,7938.7,377,0,0,21.1037234042553,0,0,7938.7,377,0,0,0,0
"8118",2024-03-29,4,25,7938.7,377,0,0,21.1037234042553,0,0,7938.7,377,0,0,0,0
"8119",2024-03-29,4,30,7935,376,0,0,21.1037234042553,0,0,7938.7,377,0,0,0,0
"8120",2024-03-29,4,35,7789,375,0,0,21.1037234042553,0,0,7938.7,377,0,0,0,0
"8121",2024-03-29,4,40,7789,375,0,0,21.1037234042553,0,0,7938.7,377,0,0,0,0
"8122",2024-03-29,4,45,7789,375,0,0,21.1037234042553,0,0,7938.7,377,0,0,0,0
"8123",2024-03-29,4,50,7767,374,0,0,21.1037234042553,0,0,7938.7,377,0,0,0,0
"8124",2024-03-29,4,55,7767,373,0,0,21.1037234042553,0,0,7938.7,377,0,0,0,0
"8125",2024-03-29,5,0,7767,373,0,0,21.7085561497326,0,0,8119,374,0,0,0,0
"8126",2024-03-29,5,5,7719,372,0,0,21.7085561497326,0,0,8119,374,0,0,0,0
"8127",2024-03-29,5,10,7819,373,0,0,21.7085561497326,0,0,8119,374,0,0,0,0
"8128",2024-03-29,5,15,8119,374,0,0,21.7085561497326,0,0,8119,374,0,0,0,0
"8129",2024-03-29,5,20,8119,374,0,0,21.7085561497326,0,0,8119,374,0,0,0,0
"8130",2024-03-29,5,25,7719,372,0,0,21.7085561497326,0,0,8119,374,0,0,0,0
"8131",2024-03-29,5,30,7719,372,0,0,21.7085561497326,0,0,8119,374,0,0,0,0
"8132",2024-03-29,5,35,7492,368,0,0,21.7085561497326,0,0,8119,374,0,0,0,0
"8133",2024-03-29,5,40,7470,367,0,0,21.7085561497326,0,0,8119,374,0,0,0,0
"8134",2024-03-29,5,45,7492,368,0,0,21.7085561497326,0,0,8119,374,0,0,0,0
"8135",2024-03-29,5,50,7492,368,0,0,21.7085561497326,0,0,8119,374,0,0,0,0
"8136",2024-03-29,5,55,7492,368,0,0,21.7085561497326,0,0,8119,374,0,0,0,0
"8137",2024-03-29,6,0,7470,367,0,0,21.6109589041096,0,0,7888,367,0,0,0,0
"8138",2024-03-29,6,5,7393,364,0,0,21.6109589041096,0,0,7888,367,0,0,0,0
"8139",2024-03-29,6,10,7693,365,0,0,21.6109589041096,0,0,7888,367,0,0,0,0
"8140",2024-03-29,6,15,7693,365,0,0,21.6109589041096,0,0,7888,367,0,0,0,0
"8141",2024-03-29,6,20,7693,365,0,0,21.6109589041096,0,0,7888,367,0,0,0,0
"8142",2024-03-29,6,25,7693,365,0,0,21.6109589041096,0,0,7888,367,0,0,0,0
"8143",2024-03-29,6,30,7671,364,0,0,21.6109589041096,0,0,7888,367,0,0,0,0
"8144",2024-03-29,6,35,7738,364,0,0,21.6109589041096,0,0,7888,367,0,0,0,0
"8145",2024-03-29,6,40,7888,365,0,0,21.6109589041096,0,0,7888,367,0,0,0,0
"8146",2024-03-29,6,45,7866,364,0,0,21.6109589041096,0,0,7888,367,0,0,0,0
"8147",2024-03-29,6,50,7866,364,0,0,21.6109589041096,0,0,7888,367,0,0,0,0
"8148",2024-03-29,6,55,7888,365,0,0,21.6109589041096,0,0,7888,367,0,0,0,0
"8149",2024-03-29,7,0,7888,365,0,0,22.3180592991914,0,0,8280,373,0,0,0,0
"8150",2024-03-29,7,5,7937,369,0,0,22.3180592991914,0,0,8280,373,0,0,0,0
"8151",2024-03-29,7,10,7904,367,0,0,22.3180592991914,0,0,8280,373,0,0,0,0
"8152",2024-03-29,7,15,7704,367,0,0,22.3180592991914,0,0,8280,373,0,0,0,0
"8153",2024-03-29,7,20,7756,368,0,0,22.3180592991914,0,0,8280,373,0,0,0,0
"8154",2024-03-29,7,25,7756,368,0,0,22.3180592991914,0,0,8280,373,0,0,0,0
"8155",2024-03-29,7,30,7876,369,0,0,22.3180592991914,0,0,8280,373,0,0,0,0
"8156",2024-03-29,7,35,8076,371,0,0,22.3180592991914,0,0,8280,373,0,0,0,0
"8157",2024-03-29,7,40,7907,371,0,0,22.3180592991914,0,0,8280,373,0,0,0,0
"8158",2024-03-29,7,45,8046,373,0,0,22.3180592991914,0,0,8280,373,0,0,0,0
"8159",2024-03-29,7,50,7980,370,0,0,22.3180592991914,0,0,8280,373,0,0,0,0
"8160",2024-03-29,7,55,8280,371,0,0,22.3180592991914,0,0,8280,373,0,0,0,0
"8161",2024-03-29,8,25,9222,378,0,0,24.6907216494845,0,0,9580,389,0,0,0,0
"8162",2024-03-29,8,30,9247.7,380,0,0,24.6907216494845,0,0,9580,389,0,0,0,0
"8163",2024-03-29,8,35,9298.7,384,0,0,24.6907216494845,0,0,9580,389,0,0,0,0
"8164",2024-03-29,8,40,8731.7,384,0,0,24.6907216494845,0,0,9580,389,0,0,0,0
"8165",2024-03-29,8,45,9375.7,388,0,0,24.6907216494845,0,0,9580,389,0,0,0,0
"8166",2024-03-29,8,50,9563,389,0,0,24.6907216494845,0,0,9580,389,0,0,0,0
"8167",2024-03-29,8,55,9580,388,0,0,24.6907216494845,0,0,9580,389,0,0,0,0
"8168",2024-03-29,8,15,8051,373,0,0,24.6907216494845,0,0,9580,389,0,0,0,0
"8169",2024-03-29,8,20,8231,374,0,0,24.6907216494845,0,0,9580,389,0,0,0,0
"8170",2024-03-29,8,0,8324,373,0,0,24.6907216494845,0,0,9580,389,0,0,0,0
"8171",2024-03-29,8,5,8021,374,0,0,24.6907216494845,0,0,9580,389,0,0,0,0
"8172",2024-03-29,8,10,8332,376,0,0,24.6907216494845,0,0,9580,389,0,0,0,0
"8173",2024-03-29,9,0,9854,392,0,0,26.4285714285714,0,0,10545,402,0,0,0,0
"8174",2024-03-29,9,5,9528,386,0,0,26.4285714285714,0,0,10545,402,0,0,0,0
"8175",2024-03-29,9,10,9637,386,0,0,26.4285714285714,0,0,10545,402,0,0,0,0
"8176",2024-03-29,9,15,9124,382,0,0,26.4285714285714,0,0,10545,402,0,0,0,0
"8177",2024-03-29,9,20,9097,384,0,0,26.4285714285714,0,0,10545,402,0,0,0,0
"8178",2024-03-29,9,25,9197,384,0,0,26.4285714285714,0,0,10545,402,0,0,0,0
"8179",2024-03-29,9,30,9296,390,0,0,26.4285714285714,0,0,10545,402,0,0,0,0
"8180",2024-03-29,9,35,10545,399,0,0,26.4285714285714,0,0,10545,402,0,0,0,0
"8181",2024-03-29,9,40,10011,400,0,0,26.4285714285714,0,0,10545,402,0,0,0,0
"8182",2024-03-29,9,45,10005,402,0,0,26.4285714285714,0,0,10545,402,0,0,0,0
"8183",2024-03-29,9,50,10185,402,0,0,26.4285714285714,0,0,10545,402,0,0,0,0
"8184",2024-03-29,9,55,9819,401,0,0,26.4285714285714,0,0,10545,402,0,0,0,0
"8185",2024-03-29,10,0,10141,404,0,0,27.0195294117647,0,0,11483.3,427,0,0,0,0
"8186",2024-03-29,10,5,10274,411,0,0,27.0195294117647,0,0,11483.3,427,0,0,0,0
"8187",2024-03-29,10,10,10187,412,0,0,27.0195294117647,0,0,11483.3,427,0,0,0,0
"8188",2024-03-29,10,15,10312,410,0,0,27.0195294117647,0,0,11483.3,427,0,0,0,0
"8189",2024-03-29,10,20,10132,411,0,0,27.0195294117647,0,0,11483.3,427,0,0,0,0
"8190",2024-03-29,10,25,10937,415,0,0,27.0195294117647,0,0,11483.3,427,0,0,0,0
"8191",2024-03-29,10,30,10634.3,416,0,0,27.0195294117647,0,0,11483.3,427,0,0,0,0
"8192",2024-03-29,10,35,11483.3,425,0,0,27.0195294117647,0,0,11483.3,427,0,0,0,0
"8193",2024-03-29,10,40,11051.3,426,0,0,27.0195294117647,0,0,11483.3,427,0,0,0,0
"8194",2024-03-29,10,45,11021.3,427,0,0,27.0195294117647,0,0,11483.3,427,0,0,0,0
"8195",2024-03-29,10,50,10972.3,426,0,0,27.0195294117647,0,0,11483.3,427,0,0,0,0
"8196",2024-03-29,10,55,10777.3,426,0,0,27.0195294117647,0,0,11483.3,427,0,0,0,0
"8197",2024-03-29,11,0,10886.3,429,0,0,29.2963043478261,0,0,13476.3,460,0,0,0,0
"8198",2024-03-29,11,5,11328.3,433,0,0,29.2963043478261,0,0,13476.3,460,0,0,0,0
"8199",2024-03-29,11,10,11198.3,433,0,0,29.2963043478261,0,0,13476.3,460,0,0,0,0
"8200",2024-03-29,11,15,10882.3,430,0,0,29.2963043478261,0,0,13476.3,460,0,0,0,0
"8201",2024-03-29,11,20,10998.3,433,0,0,29.2963043478261,0,0,13476.3,460,0,0,0,0
"8202",2024-03-29,11,25,10886.3,435,0,0,29.2963043478261,0,0,13476.3,460,0,0,0,0
"8203",2024-03-29,11,30,11241.3,439,0,0,29.2963043478261,0,0,13476.3,460,0,0,0,0
"8204",2024-03-29,11,35,11639.3,444,0,0,29.2963043478261,0,0,13476.3,460,0,0,0,0
"8205",2024-03-29,11,40,12171.3,447,0,0,29.2963043478261,0,0,13476.3,460,0,0,0,0
"8206",2024-03-29,11,45,12949.3,450,0,0,29.2963043478261,0,0,13476.3,460,0,0,0,0
"8207",2024-03-29,11,50,12819.3,452,0,0,29.2963043478261,0,0,13476.3,460,0,0,0,0
"8208",2024-03-29,11,55,13476.3,460,0,0,29.2963043478261,0,0,13476.3,460,0,0,0,0
"8209",2024-03-29,12,0,13531.3,463,0,0,30.3251521298174,0,0,14950.3,497,0,0,0,0
"8210",2024-03-29,12,5,14950.3,493,0,0,30.3251521298174,0,0,14950.3,497,0,0,0,0
"8211",2024-03-29,12,10,14628.3,489,0,0,30.3251521298174,0,0,14950.3,497,0,0,0,0
"8212",2024-03-29,12,15,14108.3,492,0,0,30.3251521298174,0,0,14950.3,497,0,0,0,0
"8213",2024-03-29,12,20,13797.3,490,0,0,30.3251521298174,0,0,14950.3,497,0,0,0,0
"8214",2024-03-29,12,25,13885.3,484,0,0,30.3251521298174,0,0,14950.3,497,0,0,0,0
"8215",2024-03-29,12,30,14018.3,487,0,0,30.3251521298174,0,0,14950.3,497,0,0,0,0
"8216",2024-03-29,12,35,13822.3,489,0,0,30.3251521298174,0,0,14950.3,497,0,0,0,0
"8217",2024-03-29,12,40,14477.3,493,0,0,30.3251521298174,0,0,14950.3,497,0,0,0,0
"8218",2024-03-29,12,45,14355.3,494,0,0,30.3251521298174,0,0,14950.3,497,0,0,0,0
"8219",2024-03-29,12,50,14172.3,495,0,0,30.3251521298174,0,0,14950.3,497,0,0,0,0
"8220",2024-03-29,12,55,14027.3,497,0,0,30.3251521298174,0,0,14950.3,497,0,0,0,0
"8221",2024-03-29,13,45,16511.3,550,0,0,31.4698555956679,0,0,17434.3,554,0,0,0,0
"8222",2024-03-29,13,50,15471.3,545,0,0,31.4698555956679,0,0,17434.3,554,0,0,0,0
"8223",2024-03-29,13,55,15776,547,0,0,31.4698555956679,0,0,17434.3,554,0,0,0,0
"8224",2024-03-29,13,0,13816.3,502,0,0,31.4698555956679,0,0,17434.3,554,0,0,0,0
"8225",2024-03-29,13,5,14652.3,526,0,0,31.4698555956679,0,0,17434.3,554,0,0,0,0
"8226",2024-03-29,13,10,14789.3,528,0,0,31.4698555956679,0,0,17434.3,554,0,0,0,0
"8227",2024-03-29,13,15,13955.3,528,0,0,31.4698555956679,0,0,17434.3,554,0,0,0,0
"8228",2024-03-29,13,20,14936.3,533,0,0,31.4698555956679,0,0,17434.3,554,0,0,0,0
"8229",2024-03-29,13,25,16089.3,539,0,0,31.4698555956679,0,0,17434.3,554,0,0,0,0
"8230",2024-03-29,13,30,16061.3,540,0,0,31.4698555956679,0,0,17434.3,554,0,0,0,0
"8231",2024-03-29,13,35,17434.3,554,0,0,31.4698555956679,0,0,17434.3,554,0,0,0,0
"8232",2024-03-29,13,40,16479.3,549,0,0,31.4698555956679,0,0,17434.3,554,0,0,0,0
"8233",2024-03-29,14,0,16460,556,0,0,37.4647435897436,0,0,17388,568,0,0,0,0
"8234",2024-03-29,14,5,15511,555,0,0,37.4647435897436,0,0,17388,568,0,0,0,0
"8235",2024-03-29,14,10,16274,558,0,0,37.4647435897436,0,0,17388,568,0,0,0,0
"8236",2024-03-29,14,15,16336,559,0,0,37.4647435897436,0,0,17388,568,0,0,0,0
"8237",2024-03-29,14,20,16108,560,0,0,37.4647435897436,0,0,17388,568,0,0,0,0
"8238",2024-03-29,14,25,15525,558,0,0,37.4647435897436,0,0,17388,568,0,0,0,0
"8239",2024-03-29,14,30,15874,563,0,0,37.4647435897436,0,0,17388,568,0,0,0,0
"8240",2024-03-29,14,35,15247,556,0,0,37.4647435897436,0,0,17388,568,0,0,0,0
"8241",2024-03-29,14,40,16510,562,0,0,37.4647435897436,0,0,17388,568,0,0,0,0
"8242",2024-03-29,14,45,16837,567,0,0,37.4647435897436,0,0,17388,568,0,0,0,0
"8243",2024-03-29,14,50,17388,568,0,0,37.4647435897436,0,0,17388,568,0,0,0,0
"8244",2024-03-29,14,55,11689,312,0,0,37.4647435897436,0,0,17388,568,0,0,0,0
"8245",2024-03-29,15,0,12386,357,0,0,34.6946778711485,0,0,15565,561,0,0,0,0
"8246",2024-03-29,15,5,15565,559,0,0,34.6946778711485,0,0,15565,561,0,0,0,0
"8247",2024-03-29,15,10,14882,554,0,0,34.6946778711485,0,0,15565,561,0,0,0,0
"8248",2024-03-29,15,15,14954,555,0,0,34.6946778711485,0,0,15565,561,0,0,0,0
"8249",2024-03-29,15,20,15074,552,0,0,34.6946778711485,0,0,15565,561,0,0,0,0
"8250",2024-03-29,15,25,15390,554,0,0,34.6946778711485,0,0,15565,561,0,0,0,0
"8251",2024-03-29,15,30,15463,551,0,0,34.6946778711485,0,0,15565,561,0,0,0,0
"8252",2024-03-29,15,35,15117,556,0,0,34.6946778711485,0,0,15565,561,0,0,0,0
"8253",2024-03-29,15,40,15059,554,0,0,34.6946778711485,0,0,15565,561,0,0,0,0
"8254",2024-03-29,15,45,15341,561,0,0,34.6946778711485,0,0,15565,561,0,0,0,0
"8255",2024-03-29,15,50,15253,557,0,0,34.6946778711485,0,0,15565,561,0,0,0,0
"8256",2024-03-29,15,55,15203,558,0,0,34.6946778711485,0,0,15565,561,0,0,0,0
"8257",2024-03-29,16,0,14844.7,554,0,0,27.636642599278,0,0,15310.7,554,0,0,0,0
"8258",2024-03-29,16,5,15310.7,554,0,0,27.636642599278,0,0,15310.7,554,0,0,0,0
"8259",2024-03-29,16,10,15116.7,551,0,0,27.636642599278,0,0,15310.7,554,0,0,0,0
"8260",2024-03-29,16,15,14917.7,547,0,0,27.636642599278,0,0,15310.7,554,0,0,0,0
"8261",2024-03-29,16,20,14174.7,539,0,0,27.636642599278,0,0,15310.7,554,0,0,0,0
"8262",2024-03-29,16,25,13904.7,540,0,0,27.636642599278,0,0,15310.7,554,0,0,0,0
"8263",2024-03-29,16,30,14665.7,543,0,0,27.636642599278,0,0,15310.7,554,0,0,0,0
"8264",2024-03-29,16,35,13736.7,538,0,0,27.636642599278,0,0,15310.7,554,0,0,0,0
"8265",2024-03-29,16,40,14120.7,536,0,0,27.636642599278,0,0,15310.7,554,0,0,0,0
"8266",2024-03-29,16,45,14142.7,534,0,0,27.636642599278,0,0,15310.7,554,0,0,0,0
"8267",2024-03-29,16,50,13765.7,530,0,0,27.636642599278,0,0,15310.7,554,0,0,0,0
"8268",2024-03-29,16,55,13403.7,532,0,0,27.636642599278,0,0,15310.7,554,0,0,0,0
"8269",2024-03-29,17,0,13007.7,532,0,0,28.3282398452611,0,0,14645.7,532,0,0,0,0
"8270",2024-03-29,17,5,12735.7,522,0,0,28.3282398452611,0,0,14645.7,532,0,0,0,0
"8271",2024-03-29,17,10,13267.7,514,0,0,28.3282398452611,0,0,14645.7,532,0,0,0,0
"8272",2024-03-29,17,15,14528.7,519,0,0,28.3282398452611,0,0,14645.7,532,0,0,0,0
"8273",2024-03-29,17,20,14645.7,517,0,0,28.3282398452611,0,0,14645.7,532,0,0,0,0
"8274",2024-03-29,17,25,14242.7,519,0,0,28.3282398452611,0,0,14645.7,532,0,0,0,0
"8275",2024-03-29,17,30,14135.7,521,0,0,28.3282398452611,0,0,14645.7,532,0,0,0,0
"8276",2024-03-29,17,35,14210.7,512,0,0,28.3282398452611,0,0,14645.7,532,0,0,0,0
"8277",2024-03-29,17,40,14337.7,517,0,0,28.3282398452611,0,0,14645.7,532,0,0,0,0
"8278",2024-03-29,17,45,13183.7,515,0,0,28.3282398452611,0,0,14645.7,532,0,0,0,0
"8279",2024-03-29,17,50,14078.7,516,0,0,28.3282398452611,0,0,14645.7,532,0,0,0,0
"8280",2024-03-29,17,55,14105.7,518,0,0,28.3282398452611,0,0,14645.7,532,0,0,0,0
"8281",2024-03-29,18,0,14398.7,516,0,0,30.8626530612245,0,0,15267.7,516,0,0,0,0
"8282",2024-03-29,18,5,14205.7,502,0,0,30.8626530612245,0,0,15267.7,516,0,0,0,0
"8283",2024-03-29,18,10,14641.7,503,0,0,30.8626530612245,0,0,15267.7,516,0,0,0,0
"8284",2024-03-29,18,15,14445.7,504,0,0,30.8626530612245,0,0,15267.7,516,0,0,0,0
"8285",2024-03-29,18,20,15001.7,504,0,0,30.8626530612245,0,0,15267.7,516,0,0,0,0
"8286",2024-03-29,18,25,15267.7,501,0,0,30.8626530612245,0,0,15267.7,516,0,0,0,0
"8287",2024-03-29,18,30,15200.7,500,0,0,30.8626530612245,0,0,15267.7,516,0,0,0,0
"8288",2024-03-29,18,35,15122.7,490,0,0,30.8626530612245,0,0,15267.7,516,0,0,0,0
"8289",2024-03-29,18,40,14733.7,487,0,0,30.8626530612245,0,0,15267.7,516,0,0,0,0
"8290",2024-03-29,18,45,15046.7,495,0,0,30.8626530612245,0,0,15267.7,516,0,0,0,0
"8291",2024-03-29,18,50,14671.7,490,0,0,30.8626530612245,0,0,15267.7,516,0,0,0,0
"8292",2024-03-29,18,55,14119.4,488,0,0,30.8626530612245,0,0,15267.7,516,0,0,0,0
"8293",2024-03-29,19,0,13806.4,489,0,0,28.8662525879917,0,0,13942.4,489,0,0,0,0
"8294",2024-03-29,19,5,12796.4,479,0,0,28.8662525879917,0,0,13942.4,489,0,0,0,0
"8295",2024-03-29,19,10,12735.4,476,0,0,28.8662525879917,0,0,13942.4,489,0,0,0,0
"8296",2024-03-29,19,15,12763.4,475,0,0,28.8662525879917,0,0,13942.4,489,0,0,0,0
"8297",2024-03-29,19,20,13942.4,483,0,0,28.8662525879917,0,0,13942.4,489,0,0,0,0
"8298",2024-03-29,19,25,13581.4,481,0,0,28.8662525879917,0,0,13942.4,489,0,0,0,0
"8299",2024-03-29,19,30,13090.4,479,0,0,28.8662525879917,0,0,13942.4,489,0,0,0,0
"8300",2024-03-29,19,35,13399.4,482,0,0,28.8662525879917,0,0,13942.4,489,0,0,0,0
"8301",2024-03-29,19,40,12877.4,479,0,0,28.8662525879917,0,0,13942.4,489,0,0,0,0
"8302",2024-03-29,19,45,12865.4,474,0,0,28.8662525879917,0,0,13942.4,489,0,0,0,0
"8303",2024-03-29,19,50,12326.4,473,0,0,28.8662525879917,0,0,13942.4,489,0,0,0,0
"8304",2024-03-29,19,55,12549.4,470,0,0,28.8662525879917,0,0,13942.4,489,0,0,0,0
"8305",2024-03-29,20,15,11606.4,475,0,0,26.123991507431,0,0,12304.4,475,0,0,0,0
"8306",2024-03-29,20,20,11014.4,471,0,0,26.123991507431,0,0,12304.4,475,0,0,0,0
"8307",2024-03-29,20,25,11353.4,473,0,0,26.123991507431,0,0,12304.4,475,0,0,0,0
"8308",2024-03-29,20,30,10909.4,470,0,0,26.123991507431,0,0,12304.4,475,0,0,0,0
"8309",2024-03-29,20,35,11132.4,470,0,0,26.123991507431,0,0,12304.4,475,0,0,0,0
"8310",2024-03-29,20,40,11350.4,469,0,0,26.123991507431,0,0,12304.4,475,0,0,0,0
"8311",2024-03-29,20,45,10901.4,462,0,0,26.123991507431,0,0,12304.4,475,0,0,0,0
"8312",2024-03-29,20,50,10918.4,461,0,0,26.123991507431,0,0,12304.4,475,0,0,0,0
"8313",2024-03-29,20,55,10675.4,461,0,0,26.123991507431,0,0,12304.4,475,0,0,0,0
"8314",2024-03-29,20,0,12304.4,471,0,0,26.123991507431,0,0,12304.4,475,0,0,0,0
"8315",2024-03-29,20,5,11573.4,473,0,0,26.123991507431,0,0,12304.4,475,0,0,0,0
"8316",2024-03-29,20,10,11523.4,472,0,0,26.123991507431,0,0,12304.4,475,0,0,0,0
"8317",2024-03-29,21,0,11570.4,463,0,0,25.3100877192982,0,0,11570.4,463,0,0,0,0
"8318",2024-03-29,21,5,10946.4,456,0,0,25.3100877192982,0,0,11570.4,463,0,0,0,0
"8319",2024-03-29,21,10,11541.4,456,0,0,25.3100877192982,0,0,11570.4,463,0,0,0,0
"8320",2024-03-29,21,45,10976.7,445,0,0,25.3100877192982,0,0,11570.4,463,0,0,0,0
"8321",2024-03-29,21,50,10926.7,444,0,0,25.3100877192982,0,0,11570.4,463,0,0,0,0
"8322",2024-03-29,21,55,10926.7,444,0,0,25.3100877192982,0,0,11570.4,463,0,0,0,0
"8323",2024-03-29,21,15,11097.4,452,0,0,25.3100877192982,0,0,11570.4,463,0,0,0,0
"8324",2024-03-29,21,20,10851.4,453,0,0,25.3100877192982,0,0,11570.4,463,0,0,0,0
"8325",2024-03-29,21,25,11320.4,454,0,0,25.3100877192982,0,0,11570.4,463,0,0,0,0
"8326",2024-03-29,21,30,10921.4,448,0,0,25.3100877192982,0,0,11570.4,463,0,0,0,0
"8327",2024-03-29,21,35,11062.4,447,0,0,25.3100877192982,0,0,11570.4,463,0,0,0,0
"8328",2024-03-29,21,40,11073.4,448,0,0,25.3100877192982,0,0,11570.4,463,0,0,0,0
"8329",2024-03-29,22,0,10926.7,444,0,0,26.575,0,0,11586.7,444,0,0,0,0
"8330",2024-03-29,22,5,10478.7,435,0,0,26.575,0,0,11586.7,444,0,0,0,0
"8331",2024-03-29,22,10,10516.7,434,0,0,26.575,0,0,11586.7,444,0,0,0,0
"8332",2024-03-29,22,15,10494.7,434,0,0,26.575,0,0,11586.7,444,0,0,0,0
"8333",2024-03-29,22,20,10438.7,429,0,0,26.575,0,0,11586.7,444,0,0,0,0
"8334",2024-03-29,22,25,10466.7,431,0,0,26.575,0,0,11586.7,444,0,0,0,0
"8335",2024-03-29,22,30,11586.7,436,0,0,26.575,0,0,11586.7,444,0,0,0,0
"8336",2024-03-29,22,35,11380.7,437,0,0,26.575,0,0,11586.7,444,0,0,0,0
"8337",2024-03-29,22,40,11541.7,438,0,0,26.575,0,0,11586.7,444,0,0,0,0
"8338",2024-03-29,22,45,11306.7,435,0,0,26.575,0,0,11586.7,444,0,0,0,0
"8339",2024-03-29,22,50,10780.7,429,0,0,26.575,0,0,11586.7,444,0,0,0,0
"8340",2024-03-29,22,55,10627.7,427,0,0,26.575,0,0,11586.7,444,0,0,0,0
"8341",2024-03-29,23,0,10610.7,427,0,0,26.9491228070175,0,0,11075.7,427,0,0,0,0
"8342",2024-03-29,23,5,10142.7,415,0,0,26.9491228070175,0,0,11075.7,427,0,0,0,0
"8343",2024-03-29,23,10,10044.7,415,0,0,26.9491228070175,0,0,11075.7,427,0,0,0,0
"8344",2024-03-29,23,15,10775.7,418,0,0,26.9491228070175,0,0,11075.7,427,0,0,0,0
"8345",2024-03-29,23,20,11075.7,418,0,0,26.9491228070175,0,0,11075.7,427,0,0,0,0
"8346",2024-03-29,23,25,11031.7,416,0,0,26.9491228070175,0,0,11075.7,427,0,0,0,0
"8347",2024-03-29,23,30,10676.7,411,0,0,26.9491228070175,0,0,11075.7,427,0,0,0,0
"8348",2024-03-29,23,35,9983.7,399,0,0,26.9491228070175,0,0,11075.7,427,0,0,0,0
"8349",2024-03-29,23,40,10561.7,400,0,0,26.9491228070175,0,0,11075.7,427,0,0,0,0
"8350",2024-03-29,23,45,10741.7,400,0,0,26.9491228070175,0,0,11075.7,427,0,0,0,0
"8351",2024-03-29,23,50,10752.7,399,0,0,26.9491228070175,0,0,11075.7,427,0,0,0,0
"8352",2024-03-29,23,55,9972.7,393,0,0,26.9491228070175,0,0,11075.7,427,0,0,0,0
"8353",2024-03-30,0,0,9258.7,398,0,0,23.9230971128609,0,0,9258.7,398,0,0,0,0
"8354",2024-03-30,0,5,8695.7,389,0,0,23.9230971128609,0,0,9258.7,398,0,0,0,0
"8355",2024-03-30,0,10,8621.7,387,0,0,23.9230971128609,0,0,9258.7,398,0,0,0,0
"8356",2024-03-30,0,15,8998.7,386,0,0,23.9230971128609,0,0,9258.7,398,0,0,0,0
"8357",2024-03-30,0,20,8998.7,386,0,0,23.9230971128609,0,0,9258.7,398,0,0,0,0
"8358",2024-03-30,0,25,9156.7,386,0,0,23.9230971128609,0,0,9258.7,398,0,0,0,0
"8359",2024-03-30,0,30,9144.7,385,0,0,23.9230971128609,0,0,9258.7,398,0,0,0,0
"8360",2024-03-30,0,35,8860.7,378,0,0,23.9230971128609,0,0,9258.7,398,0,0,0,0
"8361",2024-03-30,0,40,8882.7,379,0,0,23.9230971128609,0,0,9258.7,398,0,0,0,0
"8362",2024-03-30,0,45,9010.7,378,0,0,23.9230971128609,0,0,9258.7,398,0,0,0,0
"8363",2024-03-30,0,50,9054.7,380,0,0,23.9230971128609,0,0,9258.7,398,0,0,0,0
"8364",2024-03-30,0,55,9114.7,381,0,0,23.9230971128609,0,0,9258.7,398,0,0,0,0
"8365",2024-03-30,1,0,8601.7,384,0,0,24.0960732984293,0,0,9204.7,384,0,0,0,0
"8366",2024-03-30,1,5,9046.7,382,0,0,24.0960732984293,0,0,9204.7,384,0,0,0,0
"8367",2024-03-30,1,10,9204.7,382,0,0,24.0960732984293,0,0,9204.7,384,0,0,0,0
"8368",2024-03-30,1,15,9204.7,382,0,0,24.0960732984293,0,0,9204.7,384,0,0,0,0
"8369",2024-03-30,1,20,8854.7,380,0,0,24.0960732984293,0,0,9204.7,384,0,0,0,0
"8370",2024-03-30,1,25,8652.7,378,0,0,24.0960732984293,0,0,9204.7,384,0,0,0,0
"8371",2024-03-30,1,30,8652.7,378,0,0,24.0960732984293,0,0,9204.7,384,0,0,0,0
"8372",2024-03-30,1,35,8361.7,374,0,0,24.0960732984293,0,0,9204.7,384,0,0,0,0
"8373",2024-03-30,1,40,8661.7,375,0,0,24.0960732984293,0,0,9204.7,384,0,0,0,0
"8374",2024-03-30,1,45,8503.7,375,0,0,24.0960732984293,0,0,9204.7,384,0,0,0,0
"8375",2024-03-30,1,50,8519.7,376,0,0,24.0960732984293,0,0,9204.7,384,0,0,0,0
"8376",2024-03-30,1,55,8519.7,376,0,0,24.0960732984293,0,0,9204.7,384,0,0,0,0
"8377",2024-03-30,2,0,8475.7,374,0,0,23.2178666666667,0,0,8706.7,377,0,0,0,0
"8378",2024-03-30,2,5,8172.7,361,0,0,23.2178666666667,0,0,8706.7,377,0,0,0,0
"8379",2024-03-30,2,10,8414.7,372,0,0,23.2178666666667,0,0,8706.7,377,0,0,0,0
"8380",2024-03-30,2,15,8586.7,374,0,0,23.2178666666667,0,0,8706.7,377,0,0,0,0
"8381",2024-03-30,2,20,8706.7,375,0,0,23.2178666666667,0,0,8706.7,377,0,0,0,0
"8382",2024-03-30,2,25,8706.7,375,0,0,23.2178666666667,0,0,8706.7,377,0,0,0,0
"8383",2024-03-30,2,30,8706.7,375,0,0,23.2178666666667,0,0,8706.7,377,0,0,0,0
"8384",2024-03-30,2,35,8666.7,376,0,0,23.2178666666667,0,0,8706.7,377,0,0,0,0
"8385",2024-03-30,2,40,8666.7,377,0,0,23.2178666666667,0,0,8706.7,377,0,0,0,0
"8386",2024-03-30,2,45,8516.7,376,0,0,23.2178666666667,0,0,8706.7,377,0,0,0,0
"8387",2024-03-30,2,50,8696.7,375,0,0,23.2178666666667,0,0,8706.7,377,0,0,0,0
"8388",2024-03-30,2,55,8396.7,374,0,0,23.2178666666667,0,0,8706.7,377,0,0,0,0
"8389",2024-03-30,3,0,8396.7,374,0,0,22.4510695187166,0,0,8396.7,374,0,0,0,0
"8390",2024-03-30,3,5,8313.7,372,0,0,22.4510695187166,0,0,8396.7,374,0,0,0,0
"8391",2024-03-30,3,10,8313.7,372,0,0,22.4510695187166,0,0,8396.7,374,0,0,0,0
"8392",2024-03-30,3,15,8313.7,372,0,0,22.4510695187166,0,0,8396.7,374,0,0,0,0
"8393",2024-03-30,3,20,8313.7,372,0,0,22.4510695187166,0,0,8396.7,374,0,0,0,0
"8394",2024-03-30,3,25,8291.7,371,0,0,22.4510695187166,0,0,8396.7,374,0,0,0,0
"8395",2024-03-30,3,30,8291.7,371,0,0,22.4510695187166,0,0,8396.7,374,0,0,0,0
"8396",2024-03-30,3,35,8141.7,370,0,0,22.4510695187166,0,0,8396.7,374,0,0,0,0
"8397",2024-03-30,3,40,7841.7,369,0,0,22.4510695187166,0,0,8396.7,374,0,0,0,0
"8398",2024-03-30,3,45,7819.7,368,0,0,22.4510695187166,0,0,8396.7,374,0,0,0,0
"8399",2024-03-30,3,50,7819.7,368,0,0,22.4510695187166,0,0,8396.7,374,0,0,0,0
"8400",2024-03-30,3,55,7819.7,368,0,0,22.4510695187166,0,0,8396.7,374,0,0,0,0
"8401",2024-03-30,4,0,7819.7,368,0,0,21.2868279569892,0,0,7918.7,372,0,0,0,0
"8402",2024-03-30,4,5,7907.7,372,0,0,21.2868279569892,0,0,7918.7,372,0,0,0,0
"8403",2024-03-30,4,10,7907.7,372,0,0,21.2868279569892,0,0,7918.7,372,0,0,0,0
"8404",2024-03-30,4,15,7885.7,371,0,0,21.2868279569892,0,0,7918.7,372,0,0,0,0
"8405",2024-03-30,4,20,7907.7,372,0,0,21.2868279569892,0,0,7918.7,372,0,0,0,0
"8406",2024-03-30,4,25,7907.7,372,0,0,21.2868279569892,0,0,7918.7,372,0,0,0,0
"8407",2024-03-30,4,30,7907.7,372,0,0,21.2868279569892,0,0,7918.7,372,0,0,0,0
"8408",2024-03-30,4,35,7918.7,372,0,0,21.2868279569892,0,0,7918.7,372,0,0,0,0
"8409",2024-03-30,4,40,7896.7,371,0,0,21.2868279569892,0,0,7918.7,372,0,0,0,0
"8410",2024-03-30,4,45,7874.7,370,0,0,21.2868279569892,0,0,7918.7,372,0,0,0,0
"8411",2024-03-30,4,50,7874.7,370,0,0,21.2868279569892,0,0,7918.7,372,0,0,0,0
"8412",2024-03-30,4,55,7874.7,370,0,0,21.2868279569892,0,0,7918.7,372,0,0,0,0
"8413",2024-03-30,5,0,7874.7,370,0,0,22.7856756756757,0,0,8441.7,371,0,0,0,0
"8414",2024-03-30,5,5,7841.7,369,0,0,22.7856756756757,0,0,8441.7,371,0,0,0,0
"8415",2024-03-30,5,10,7841.7,369,0,0,22.7856756756757,0,0,8441.7,371,0,0,0,0
"8416",2024-03-30,5,15,7841.7,369,0,0,22.7856756756757,0,0,8441.7,371,0,0,0,0
"8417",2024-03-30,5,20,7841.7,369,0,0,22.7856756756757,0,0,8441.7,371,0,0,0,0
"8418",2024-03-30,5,30,8441.7,371,0,0,22.7856756756757,0,0,8441.7,371,0,0,0,0
"8419",2024-03-30,5,35,8430.7,370,0,0,22.7856756756757,0,0,8441.7,371,0,0,0,0
"8420",2024-03-30,5,40,8130.7,369,0,0,22.7856756756757,0,0,8441.7,371,0,0,0,0
"8421",2024-03-30,5,45,8130.7,369,0,0,22.7856756756757,0,0,8441.7,371,0,0,0,0
"8422",2024-03-30,5,50,8130.7,369,0,0,22.7856756756757,0,0,8441.7,371,0,0,0,0
"8423",2024-03-30,5,55,7852.7,369,0,0,22.7856756756757,0,0,8441.7,371,0,0,0,0
"8424",2024-03-30,6,0,7852.7,369,0,0,23.2560109289618,0,0,8511.7,369,0,0,0,0
"8425",2024-03-30,6,5,7819.7,367,0,0,23.2560109289618,0,0,8511.7,369,0,0,0,0
"8426",2024-03-30,6,10,8075.7,366,0,0,23.2560109289618,0,0,8511.7,369,0,0,0,0
"8427",2024-03-30,6,15,8331.7,365,0,0,23.2560109289618,0,0,8511.7,369,0,0,0,0
"8428",2024-03-30,6,20,8331.7,365,0,0,23.2560109289618,0,0,8511.7,369,0,0,0,0
"8429",2024-03-30,6,25,8511.7,366,0,0,23.2560109289618,0,0,8511.7,369,0,0,0,0
"8430",2024-03-30,6,30,8511.7,366,0,0,23.2560109289618,0,0,8511.7,369,0,0,0,0
"8431",2024-03-30,6,35,8342.7,366,0,0,23.2560109289618,0,0,8511.7,369,0,0,0,0
"8432",2024-03-30,6,40,8042.7,365,0,0,23.2560109289618,0,0,8511.7,369,0,0,0,0
"8433",2024-03-30,6,45,8020.7,364,0,0,23.2560109289618,0,0,8511.7,369,0,0,0,0
"8434",2024-03-30,6,50,7720.7,363,0,0,23.2560109289618,0,0,8511.7,369,0,0,0,0
"8435",2024-03-30,6,55,7742.7,364,0,0,23.2560109289618,0,0,8511.7,369,0,0,0,0
"8436",2024-03-30,7,0,7742.7,364,0,0,21.2771117166213,0,0,7931.7,374,0,0,0,0
"8437",2024-03-30,7,5,7764.7,365,0,0,21.2771117166213,0,0,7931.7,374,0,0,0,0
"8438",2024-03-30,7,10,7786.7,366,0,0,21.2771117166213,0,0,7931.7,374,0,0,0,0
"8439",2024-03-30,7,15,7808.7,367,0,0,21.2771117166213,0,0,7931.7,374,0,0,0,0
"8440",2024-03-30,7,20,7786.7,366,0,0,21.2771117166213,0,0,7931.7,374,0,0,0,0
"8441",2024-03-30,7,25,7786.7,366,0,0,21.2771117166213,0,0,7931.7,374,0,0,0,0
"8442",2024-03-30,7,30,7764.7,365,0,0,21.2771117166213,0,0,7931.7,374,0,0,0,0
"8443",2024-03-30,7,35,7819.7,368,0,0,21.2771117166213,0,0,7931.7,374,0,0,0,0
"8444",2024-03-30,7,40,7841.7,369,0,0,21.2771117166213,0,0,7931.7,374,0,0,0,0
"8445",2024-03-30,7,45,7909.7,372,0,0,21.2771117166213,0,0,7931.7,374,0,0,0,0
"8446",2024-03-30,7,50,7931.7,374,0,0,21.2771117166213,0,0,7931.7,374,0,0,0,0
"8447",2024-03-30,7,55,7805.7,368,0,0,21.2771117166213,0,0,7931.7,374,0,0,0,0
"8448",2024-03-30,8,0,7871.7,371,0,0,24.6384615384615,0,0,9503.7,386,0,0,0,0
"8449",2024-03-30,8,5,8010.7,371,0,0,24.6384615384615,0,0,9503.7,386,0,0,0,0
"8450",2024-03-30,8,10,7988.7,371,0,0,24.6384615384615,0,0,9503.7,386,0,0,0,0
"8451",2024-03-30,8,15,7999.7,373,0,0,24.6384615384615,0,0,9503.7,386,0,0,0,0
"8452",2024-03-30,8,20,8277.7,373,0,0,24.6384615384615,0,0,9503.7,386,0,0,0,0
"8453",2024-03-30,8,25,9199.7,377,0,0,24.6384615384615,0,0,9503.7,386,0,0,0,0
"8454",2024-03-30,8,30,8855.7,373,0,0,24.6384615384615,0,0,9503.7,386,0,0,0,0
"8455",2024-03-30,8,35,9288.7,377,0,0,24.6384615384615,0,0,9503.7,386,0,0,0,0
"8456",2024-03-30,8,40,9288.7,377,0,0,24.6384615384615,0,0,9503.7,386,0,0,0,0
"8457",2024-03-30,8,45,9365.7,381,0,0,24.6384615384615,0,0,9503.7,386,0,0,0,0
"8458",2024-03-30,8,50,9503.7,386,0,0,24.6384615384615,0,0,9503.7,386,0,0,0,0
"8459",2024-03-30,8,55,9225.7,385,0,0,24.6384615384615,0,0,9503.7,386,0,0,0,0
"8460",2024-03-30,9,25,10486.7,396,0,0,27.00175,0,0,11037.7,418,0,0,0,0
"8461",2024-03-30,9,30,10800.7,400,0,0,27.00175,0,0,11037.7,418,0,0,0,0
"8462",2024-03-30,9,35,11037.7,412,0,0,27.00175,0,0,11037.7,418,0,0,0,0
"8463",2024-03-30,9,40,10431.7,408,0,0,27.00175,0,0,11037.7,418,0,0,0,0
"8464",2024-03-30,9,45,10372.7,410,0,0,27.00175,0,0,11037.7,418,0,0,0,0
"8465",2024-03-30,9,50,11002,418,0,0,27.00175,0,0,11037.7,418,0,0,0,0
"8466",2024-03-30,9,55,10690,414,0,0,27.00175,0,0,11037.7,418,0,0,0,0
"8467",2024-03-30,9,0,9564.7,387,0,0,27.00175,0,0,11037.7,418,0,0,0,0
"8468",2024-03-30,9,5,9868.7,393,0,0,27.00175,0,0,11037.7,418,0,0,0,0
"8469",2024-03-30,9,10,9579.7,393,0,0,27.00175,0,0,11037.7,418,0,0,0,0
"8470",2024-03-30,9,15,10192.7,395,0,0,27.00175,0,0,11037.7,418,0,0,0,0
"8471",2024-03-30,9,20,10503.7,397,0,0,27.00175,0,0,11037.7,418,0,0,0,0
"8472",2024-03-30,10,0,10633,416,0,0,28.5695931477516,0,0,13342,467,0,0,0,0
"8473",2024-03-30,10,5,10688,424,0,0,28.5695931477516,0,0,13342,467,0,0,0,0
"8474",2024-03-30,10,10,10604,427,0,0,28.5695931477516,0,0,13342,467,0,0,0,0
"8475",2024-03-30,10,15,10571,425,0,0,28.5695931477516,0,0,13342,467,0,0,0,0
"8476",2024-03-30,10,20,10954,430,0,0,28.5695931477516,0,0,13342,467,0,0,0,0
"8477",2024-03-30,10,25,11601,437,0,0,28.5695931477516,0,0,13342,467,0,0,0,0
"8478",2024-03-30,10,30,11893,439,0,0,28.5695931477516,0,0,13342,467,0,0,0,0
"8479",2024-03-30,10,35,12932,461,0,0,28.5695931477516,0,0,13342,467,0,0,0,0
"8480",2024-03-30,10,40,13342,467,0,0,28.5695931477516,0,0,13342,467,0,0,0,0
"8481",2024-03-30,10,45,13163,464,0,0,28.5695931477516,0,0,13342,467,0,0,0,0
"8482",2024-03-30,10,50,13035,464,0,0,28.5695931477516,0,0,13342,467,0,0,0,0
"8483",2024-03-30,10,55,12701,464,0,0,28.5695931477516,0,0,13342,467,0,0,0,0
"8484",2024-03-30,11,0,12079,461,0,0,28.0159090909091,0,0,14792.4,543,0,0,0,0
"8485",2024-03-30,11,5,13062,478,0,0,28.0159090909091,0,0,14792.4,543,0,0,0,0
"8486",2024-03-30,11,10,11973.7,472,0,0,28.0159090909091,0,0,14792.4,543,0,0,0,0
"8487",2024-03-30,11,15,12282.7,484,0,0,28.0159090909091,0,0,14792.4,543,0,0,0,0
"8488",2024-03-30,11,20,12330.4,487,0,0,28.0159090909091,0,0,14792.4,543,0,0,0,0
"8489",2024-03-30,11,25,12729.4,492,0,0,28.0159090909091,0,0,14792.4,543,0,0,0,0
"8490",2024-03-30,11,30,13295.4,499,0,0,28.0159090909091,0,0,14792.4,543,0,0,0,0
"8491",2024-03-30,11,35,14479.4,523,0,0,28.0159090909091,0,0,14792.4,543,0,0,0,0
"8492",2024-03-30,11,40,14709.4,529,0,0,28.0159090909091,0,0,14792.4,543,0,0,0,0
"8493",2024-03-30,11,45,14792.4,528,0,0,28.0159090909091,0,0,14792.4,543,0,0,0,0
"8494",2024-03-30,11,50,14254.4,533,0,0,28.0159090909091,0,0,14792.4,543,0,0,0,0
"8495",2024-03-30,11,55,14715.4,543,0,0,28.0159090909091,0,0,14792.4,543,0,0,0,0
"8496",2024-03-30,12,35,16227.4,559,0,0,29.5437275985663,0,0,16485.4,568,0,0,0,0
"8497",2024-03-30,12,40,15762.7,558,0,0,29.5437275985663,0,0,16485.4,568,0,0,0,0
"8498",2024-03-30,12,45,16362.7,561,0,0,29.5437275985663,0,0,16485.4,568,0,0,0,0
"8499",2024-03-30,12,50,16390.7,566,0,0,29.5437275985663,0,0,16485.4,568,0,0,0,0
"8500",2024-03-30,12,55,15753.4,568,0,0,29.5437275985663,0,0,16485.4,568,0,0,0,0
"8501",2024-03-30,12,25,15927.4,554,0,0,29.5437275985663,0,0,16485.4,568,0,0,0,0
"8502",2024-03-30,12,30,16485.4,558,0,0,29.5437275985663,0,0,16485.4,568,0,0,0,0
"8503",2024-03-30,12,0,15145.4,547,0,0,29.5437275985663,0,0,16485.4,568,0,0,0,0
"8504",2024-03-30,12,5,15312.4,554,0,0,29.5437275985663,0,0,16485.4,568,0,0,0,0
"8505",2024-03-30,12,10,15186.4,549,0,0,29.5437275985663,0,0,16485.4,568,0,0,0,0
"8506",2024-03-30,12,15,15835.4,556,0,0,29.5437275985663,0,0,16485.4,568,0,0,0,0
"8507",2024-03-30,12,20,16008.4,552,0,0,29.5437275985663,0,0,16485.4,568,0,0,0,0
"8508",2024-03-30,13,0,16506.4,574,0,0,30.407095709571,0,0,18475.7,622,0,0,0,0
"8509",2024-03-30,13,5,17042.4,596,0,0,30.407095709571,0,0,18475.7,622,0,0,0,0
"8510",2024-03-30,13,10,17402.7,596,0,0,30.407095709571,0,0,18475.7,622,0,0,0,0
"8511",2024-03-30,13,15,16592.7,593,0,0,30.407095709571,0,0,18475.7,622,0,0,0,0
"8512",2024-03-30,13,20,16591.7,593,0,0,30.407095709571,0,0,18475.7,622,0,0,0,0
"8513",2024-03-30,13,25,16771.7,594,0,0,30.407095709571,0,0,18475.7,622,0,0,0,0
"8514",2024-03-30,13,30,18426.7,606,0,0,30.407095709571,0,0,18475.7,622,0,0,0,0
"8515",2024-03-30,13,35,18475.7,618,0,0,30.407095709571,0,0,18475.7,622,0,0,0,0
"8516",2024-03-30,13,40,17870.7,612,0,0,30.407095709571,0,0,18475.7,622,0,0,0,0
"8517",2024-03-30,13,45,17460.7,619,0,0,30.407095709571,0,0,18475.7,622,0,0,0,0
"8518",2024-03-30,13,50,18147.7,622,0,0,30.407095709571,0,0,18475.7,622,0,0,0,0
"8519",2024-03-30,13,55,18403.7,621,0,0,30.407095709571,0,0,18475.7,622,0,0,0,0
"8520",2024-03-30,14,0,18862.7,617,0,0,31.8644694533762,0,0,19819.7,622,0,0,0,0
"8521",2024-03-30,14,5,19819.7,622,0,0,31.8644694533762,0,0,19819.7,622,0,0,0,0
"8522",2024-03-30,14,10,18600.7,611,0,0,31.8644694533762,0,0,19819.7,622,0,0,0,0
"8523",2024-03-30,14,15,18188.7,605,0,0,31.8644694533762,0,0,19819.7,622,0,0,0,0
"8524",2024-03-30,14,20,17653.7,605,0,0,31.8644694533762,0,0,19819.7,622,0,0,0,0
"8525",2024-03-30,14,25,17896.7,609,0,0,31.8644694533762,0,0,19819.7,622,0,0,0,0
"8526",2024-03-30,14,30,17776.7,608,0,0,31.8644694533762,0,0,19819.7,622,0,0,0,0
"8527",2024-03-30,14,35,16595.7,592,0,0,31.8644694533762,0,0,19819.7,622,0,0,0,0
"8528",2024-03-30,14,40,16236.7,595,0,0,31.8644694533762,0,0,19819.7,622,0,0,0,0
"8529",2024-03-30,14,45,16364.7,594,0,0,31.8644694533762,0,0,19819.7,622,0,0,0,0
"8530",2024-03-30,14,50,16386.7,591,0,0,31.8644694533762,0,0,19819.7,622,0,0,0,0
"8531",2024-03-30,14,55,10527.7,343,0,0,31.8644694533762,0,0,19819.7,622,0,0,0,0
"8532",2024-03-30,15,0,16279.4,582,0,0,30.327115716753,0,0,17559.4,590,0,0,0,0
"8533",2024-03-30,15,5,16957.4,590,0,0,30.327115716753,0,0,17559.4,590,0,0,0,0
"8534",2024-03-30,15,10,17052.4,589,0,0,30.327115716753,0,0,17559.4,590,0,0,0,0
"8535",2024-03-30,15,15,17450.4,585,0,0,30.327115716753,0,0,17559.4,590,0,0,0,0
"8536",2024-03-30,15,20,17276.4,584,0,0,30.327115716753,0,0,17559.4,590,0,0,0,0
"8537",2024-03-30,15,25,17552.4,584,0,0,30.327115716753,0,0,17559.4,590,0,0,0,0
"8538",2024-03-30,15,30,17062.4,582,0,0,30.327115716753,0,0,17559.4,590,0,0,0,0
"8539",2024-03-30,15,35,17557.4,582,0,0,30.327115716753,0,0,17559.4,590,0,0,0,0
"8540",2024-03-30,15,40,16847.4,576,0,0,30.327115716753,0,0,17559.4,590,0,0,0,0
"8541",2024-03-30,15,45,17559.4,579,0,0,30.327115716753,0,0,17559.4,590,0,0,0,0
"8542",2024-03-30,15,50,17027.1,578,0,0,30.327115716753,0,0,17559.4,590,0,0,0,0
"8543",2024-03-30,15,55,16757.1,580,0,0,30.327115716753,0,0,17559.4,590,0,0,0,0
"8544",2024-03-30,16,0,15622.1,574,0,0,27.9896126760563,0,0,15898.1,574,0,0,0,0
"8545",2024-03-30,16,5,15742.4,570,0,0,27.9896126760563,0,0,15898.1,574,0,0,0,0
"8546",2024-03-30,16,10,15404.4,565,0,0,27.9896126760563,0,0,15898.1,574,0,0,0,0
"8547",2024-03-30,16,15,15391.1,568,0,0,27.9896126760563,0,0,15898.1,574,0,0,0,0
"8548",2024-03-30,16,20,15354.1,571,0,0,27.9896126760563,0,0,15898.1,574,0,0,0,0
"8549",2024-03-30,16,25,15898.1,568,0,0,27.9896126760563,0,0,15898.1,574,0,0,0,0
"8550",2024-03-30,16,30,15404.1,564,0,0,27.9896126760563,0,0,15898.1,574,0,0,0,0
"8551",2024-03-30,16,35,15627.8,564,0,0,27.9896126760563,0,0,15898.1,574,0,0,0,0
"8552",2024-03-30,16,40,15111.8,566,0,0,27.9896126760563,0,0,15898.1,574,0,0,0,0
"8553",2024-03-30,16,45,15654.8,565,0,0,27.9896126760563,0,0,15898.1,574,0,0,0,0
"8554",2024-03-30,16,50,15001.8,560,0,0,27.9896126760563,0,0,15898.1,574,0,0,0,0
"8555",2024-03-30,16,55,15088.8,560,0,0,27.9896126760563,0,0,15898.1,574,0,0,0,0
"8556",2024-03-30,17,0,14238.8,556,0,0,28.0629422718808,0,0,15069.8,556,0,0,0,0
"8557",2024-03-30,17,5,13881.8,546,0,0,28.0629422718808,0,0,15069.8,556,0,0,0,0
"8558",2024-03-30,17,10,14005.8,543,0,0,28.0629422718808,0,0,15069.8,556,0,0,0,0
"8559",2024-03-30,17,15,13923.8,537,0,0,28.0629422718808,0,0,15069.8,556,0,0,0,0
"8560",2024-03-30,17,20,14200.8,537,0,0,28.0629422718808,0,0,15069.8,556,0,0,0,0
"8561",2024-03-30,17,25,15069.8,537,0,0,28.0629422718808,0,0,15069.8,556,0,0,0,0
"8562",2024-03-30,17,30,14624.1,534,0,0,28.0629422718808,0,0,15069.8,556,0,0,0,0
"8563",2024-03-30,17,35,14127.1,537,0,0,28.0629422718808,0,0,15069.8,556,0,0,0,0
"8564",2024-03-30,17,40,14516.1,539,0,0,28.0629422718808,0,0,15069.8,556,0,0,0,0
"8565",2024-03-30,17,45,13992.1,535,0,0,28.0629422718808,0,0,15069.8,556,0,0,0,0
"8566",2024-03-30,17,50,13745.1,534,0,0,28.0629422718808,0,0,15069.8,556,0,0,0,0
"8567",2024-03-30,17,55,14029.4,532,0,0,28.0629422718808,0,0,15069.8,556,0,0,0,0
"8568",2024-03-30,18,0,14049.1,535,0,0,31.1106666666667,0,0,16333.1,535,0,0,0,0
"8569",2024-03-30,18,5,14442.1,524,0,0,31.1106666666667,0,0,16333.1,535,0,0,0,0
"8570",2024-03-30,18,10,15892.1,527,0,0,31.1106666666667,0,0,16333.1,535,0,0,0,0
"8571",2024-03-30,18,15,16044.1,521,0,0,31.1106666666667,0,0,16333.1,535,0,0,0,0
"8572",2024-03-30,18,20,16314.1,527,0,0,31.1106666666667,0,0,16333.1,535,0,0,0,0
"8573",2024-03-30,18,25,16333.1,525,0,0,31.1106666666667,0,0,16333.1,535,0,0,0,0
"8574",2024-03-30,18,30,16134.1,521,0,0,31.1106666666667,0,0,16333.1,535,0,0,0,0
"8575",2024-03-30,18,35,14821.1,500,0,0,31.1106666666667,0,0,16333.1,535,0,0,0,0
"8576",2024-03-30,18,40,14455.1,496,0,0,31.1106666666667,0,0,16333.1,535,0,0,0,0
"8577",2024-03-30,18,45,13577.1,491,0,0,31.1106666666667,0,0,16333.1,535,0,0,0,0
"8578",2024-03-30,18,50,13468.1,486,0,0,31.1106666666667,0,0,16333.1,535,0,0,0,0
"8579",2024-03-30,18,55,13889.1,492,0,0,31.1106666666667,0,0,16333.1,535,0,0,0,0
"8580",2024-03-30,19,0,13836.1,490,0,0,28.5981632653061,0,0,14066.1,494,0,0,0,0
"8581",2024-03-30,19,5,14066.1,494,0,0,28.5981632653061,0,0,14066.1,494,0,0,0,0
"8582",2024-03-30,19,10,14010.1,490,0,0,28.5981632653061,0,0,14066.1,494,0,0,0,0
"8583",2024-03-30,19,15,14013.1,490,0,0,28.5981632653061,0,0,14066.1,494,0,0,0,0
"8584",2024-03-30,19,20,13248.1,483,0,0,28.5981632653061,0,0,14066.1,494,0,0,0,0
"8585",2024-03-30,19,25,13097.1,484,0,0,28.5981632653061,0,0,14066.1,494,0,0,0,0
"8586",2024-03-30,19,30,13113.1,485,0,0,28.5981632653061,0,0,14066.1,494,0,0,0,0
"8587",2024-03-30,19,35,12912.1,483,0,0,28.5981632653061,0,0,14066.1,494,0,0,0,0
"8588",2024-03-30,19,40,12766.1,483,0,0,28.5981632653061,0,0,14066.1,494,0,0,0,0
"8589",2024-03-30,19,45,12889.4,481,0,0,28.5981632653061,0,0,14066.1,494,0,0,0,0
"8590",2024-03-30,19,50,12578.4,481,0,0,28.5981632653061,0,0,14066.1,494,0,0,0,0
"8591",2024-03-30,19,55,12622.4,483,0,0,28.5981632653061,0,0,14066.1,494,0,0,0,0
"8592",2024-03-30,20,0,12423.4,484,0,0,26.5964135021097,0,0,12606.7,484,0,0,0,0
"8593",2024-03-30,20,5,10986.4,474,0,0,26.5964135021097,0,0,12606.7,484,0,0,0,0
"8594",2024-03-30,20,10,11387.4,473,0,0,26.5964135021097,0,0,12606.7,484,0,0,0,0
"8595",2024-03-30,20,15,11659.4,476,0,0,26.5964135021097,0,0,12606.7,484,0,0,0,0
"8596",2024-03-30,20,20,11432.4,472,0,0,26.5964135021097,0,0,12606.7,484,0,0,0,0
"8597",2024-03-30,20,25,12606.7,474,0,0,26.5964135021097,0,0,12606.7,484,0,0,0,0
"8598",2024-03-30,20,30,12008.7,470,0,0,26.5964135021097,0,0,12606.7,484,0,0,0,0
"8599",2024-03-30,20,35,12362.7,471,0,0,26.5964135021097,0,0,12606.7,484,0,0,0,0
"8600",2024-03-30,20,40,12001.4,467,0,0,26.5964135021097,0,0,12606.7,484,0,0,0,0
"8601",2024-03-30,20,45,11864.4,467,0,0,26.5964135021097,0,0,12606.7,484,0,0,0,0
"8602",2024-03-30,20,50,11903.4,467,0,0,26.5964135021097,0,0,12606.7,484,0,0,0,0
"8603",2024-03-30,20,55,11791.4,465,0,0,26.5964135021097,0,0,12606.7,484,0,0,0,0
"8604",2024-03-30,21,0,11769.4,464,0,0,25.8322799097065,0,0,11769.4,464,0,0,0,0
"8605",2024-03-30,21,5,10078.4,449,0,0,25.8322799097065,0,0,11769.4,464,0,0,0,0
"8606",2024-03-30,21,10,10574.4,448,0,0,25.8322799097065,0,0,11769.4,464,0,0,0,0
"8607",2024-03-30,21,15,10504.7,444,0,0,25.8322799097065,0,0,11769.4,464,0,0,0,0
"8608",2024-03-30,21,20,10449.7,441,0,0,25.8322799097065,0,0,11769.4,464,0,0,0,0
"8609",2024-03-30,21,25,10787.7,442,0,0,25.8322799097065,0,0,11769.4,464,0,0,0,0
"8610",2024-03-30,21,30,11443.7,443,0,0,25.8322799097065,0,0,11769.4,464,0,0,0,0
"8611",2024-03-30,21,35,11015.7,434,0,0,25.8322799097065,0,0,11769.4,464,0,0,0,0
"8612",2024-03-30,21,40,10635.7,429,0,0,25.8322799097065,0,0,11769.4,464,0,0,0,0
"8613",2024-03-30,21,45,10362.7,431,0,0,25.8322799097065,0,0,11769.4,464,0,0,0,0
"8614",2024-03-30,21,50,9979.7,427,0,0,25.8322799097065,0,0,11769.4,464,0,0,0,0
"8615",2024-03-30,21,55,10235.7,426,0,0,25.8322799097065,0,0,11769.4,464,0,0,0,0
"8616",2024-03-30,22,5,9838.7,425,0,0,27.6605568445476,0,0,11921.7,431,0,0,0,0
"8617",2024-03-30,22,10,10566.7,427,0,0,27.6605568445476,0,0,11921.7,431,0,0,0,0
"8618",2024-03-30,22,15,10694.7,427,0,0,27.6605568445476,0,0,11921.7,431,0,0,0,0
"8619",2024-03-30,22,20,10372.7,426,0,0,27.6605568445476,0,0,11921.7,431,0,0,0,0
"8620",2024-03-30,22,25,11243.7,429,0,0,27.6605568445476,0,0,11921.7,431,0,0,0,0
"8621",2024-03-30,22,30,11921.7,431,0,0,27.6605568445476,0,0,11921.7,431,0,0,0,0
"8622",2024-03-30,22,35,11375.7,424,0,0,27.6605568445476,0,0,11921.7,431,0,0,0,0
"8623",2024-03-30,22,40,11315.7,423,0,0,27.6605568445476,0,0,11921.7,431,0,0,0,0
"8624",2024-03-30,22,45,11665.7,426,0,0,27.6605568445476,0,0,11921.7,431,0,0,0,0
"8625",2024-03-30,22,50,11032.7,422,0,0,27.6605568445476,0,0,11921.7,431,0,0,0,0
"8626",2024-03-30,22,55,11092.7,423,0,0,27.6605568445476,0,0,11921.7,431,0,0,0,0
"8627",2024-03-30,22,0,9880.7,422,0,0,27.6605568445476,0,0,11921.7,431,0,0,0,0
"8628",2024-03-30,23,0,10470.7,420,0,0,24.9302380952381,0,0,10470.7,420,0,0,0,0
"8629",2024-03-30,23,5,9848.7,409,0,0,24.9302380952381,0,0,10470.7,420,0,0,0,0
"8630",2024-03-30,23,10,10020.7,410,0,0,24.9302380952381,0,0,10470.7,420,0,0,0,0
"8631",2024-03-30,23,15,9272.7,404,0,0,24.9302380952381,0,0,10470.7,420,0,0,0,0
"8632",2024-03-30,23,20,9591.7,405,0,0,24.9302380952381,0,0,10470.7,420,0,0,0,0
"8633",2024-03-30,23,25,9409.7,402,0,0,24.9302380952381,0,0,10470.7,420,0,0,0,0
"8634",2024-03-30,23,30,9021.7,397,0,0,24.9302380952381,0,0,10470.7,420,0,0,0,0
"8635",2024-03-30,23,35,9531.7,404,0,0,24.9302380952381,0,0,10470.7,420,0,0,0,0
"8636",2024-03-30,23,40,9198.7,402,0,0,24.9302380952381,0,0,10470.7,420,0,0,0,0
"8637",2024-03-30,23,45,9154.7,400,0,0,24.9302380952381,0,0,10470.7,420,0,0,0,0
"8638",2024-03-30,23,50,9160.7,399,0,0,24.9302380952381,0,0,10470.7,420,0,0,0,0
"8639",2024-03-30,23,55,9258.7,399,0,0,24.9302380952381,0,0,10470.7,420,0,0,0,0
"8640",2024-03-31,0,0,10372,376,0,0,27.5851063829787,0,0,10372,376,0,0,0,0
"8641",2024-03-31,0,5,9568,369,0,0,27.5851063829787,0,0,10372,376,0,0,0,0
"8642",2024-03-31,0,10,9142,367,0,0,27.5851063829787,0,0,10372,376,0,0,0,0
"8643",2024-03-31,0,15,9682,368,0,0,27.5851063829787,0,0,10372,376,0,0,0,0
"8644",2024-03-31,0,20,9682,368,0,0,27.5851063829787,0,0,10372,376,0,0,0,0
"8645",2024-03-31,0,25,9071,366,0,0,27.5851063829787,0,0,10372,376,0,0,0,0
"8646",2024-03-31,0,30,8929,365,0,0,27.5851063829787,0,0,10372,376,0,0,0,0
"8647",2024-03-31,0,35,8322,358,0,0,27.5851063829787,0,0,10372,376,0,0,0,0
"8648",2024-03-31,0,40,8366,360,0,0,27.5851063829787,0,0,10372,376,0,0,0,0
"8649",2024-03-31,0,45,8219,362,0,0,27.5851063829787,0,0,10372,376,0,0,0,0
"8650",2024-03-31,0,50,7853,358,0,0,27.5851063829787,0,0,10372,376,0,0,0,0
"8651",2024-03-31,0,55,8055,360,0,0,27.5851063829787,0,0,10372,376,0,0,0,0
"8652",2024-03-31,1,0,16847.7,739,0,0,23.0921270718232,0,0,16847.7,739,0,0,0,0
"8653",2024-03-31,1,5,16555.7,728,0,0,23.0921270718232,0,0,16847.7,739,0,0,0,0
"8654",2024-03-31,1,10,16451.7,725,0,0,23.0921270718232,0,0,16847.7,739,0,0,0,0
"8655",2024-03-31,1,15,16718.7,724,0,0,23.0921270718232,0,0,16847.7,739,0,0,0,0
"8656",2024-03-31,1,20,16547.7,724,0,0,23.0921270718232,0,0,16847.7,739,0,0,0,0
"8657",2024-03-31,1,25,15909.7,723,0,0,23.0921270718232,0,0,16847.7,739,0,0,0,0
"8658",2024-03-31,1,30,15795.7,725,0,0,23.0921270718232,0,0,16847.7,739,0,0,0,0
"8659",2024-03-31,1,35,15213.7,715,0,0,23.0921270718232,0,0,16847.7,739,0,0,0,0
"8660",2024-03-31,1,40,15202.7,714,0,0,23.0921270718232,0,0,16847.7,739,0,0,0,0
"8661",2024-03-31,1,45,15202.7,714,0,0,23.0921270718232,0,0,16847.7,739,0,0,0,0
"8662",2024-03-31,1,50,15180.7,713,0,0,23.0921270718232,0,0,16847.7,739,0,0,0,0
"8663",2024-03-31,1,55,15486.7,713,0,0,23.0921270718232,0,0,16847.7,739,0,0,0,0
"8664",2024-03-31,3,0,7818.7,361,0,0,21.7625352112676,0,0,7818.7,361,0,0,0,0
"8665",2024-03-31,3,5,7723.7,359,0,0,21.7625352112676,0,0,7818.7,361,0,0,0,0
"8666",2024-03-31,3,10,7401.7,357,0,0,21.7625352112676,0,0,7818.7,361,0,0,0,0
"8667",2024-03-31,3,15,7267.7,354,0,0,21.7625352112676,0,0,7818.7,361,0,0,0,0
"8668",2024-03-31,3,20,7267.7,354,0,0,21.7625352112676,0,0,7818.7,361,0,0,0,0
"8669",2024-03-31,3,25,7267.7,354,0,0,21.7625352112676,0,0,7818.7,361,0,0,0,0
"8670",2024-03-31,3,30,7567.7,355,0,0,21.7625352112676,0,0,7818.7,361,0,0,0,0
"8671",2024-03-31,3,35,7567.7,355,0,0,21.7625352112676,0,0,7818.7,361,0,0,0,0
"8672",2024-03-31,3,40,7545.7,354,0,0,21.7625352112676,0,0,7818.7,361,0,0,0,0
"8673",2024-03-31,3,45,7545.7,354,0,0,21.7625352112676,0,0,7818.7,361,0,0,0,0
"8674",2024-03-31,3,50,7725.7,355,0,0,21.7625352112676,0,0,7818.7,361,0,0,0,0
"8675",2024-03-31,3,55,7725.7,355,0,0,21.7625352112676,0,0,7818.7,361,0,0,0,0
"8676",2024-03-31,5,0,7725.7,355,0,0,22.2156695156695,0,0,7797.7,355,0,0,0,0
"8677",2024-03-31,5,5,7617.7,350,0,0,22.2156695156695,0,0,7797.7,355,0,0,0,0
"8678",2024-03-31,5,10,7497.7,350,0,0,22.2156695156695,0,0,7797.7,355,0,0,0,0
"8679",2024-03-31,5,15,7497.7,350,0,0,22.2156695156695,0,0,7797.7,355,0,0,0,0
"8680",2024-03-31,5,20,7497.7,350,0,0,22.2156695156695,0,0,7797.7,355,0,0,0,0
"8681",2024-03-31,5,25,7497.7,350,0,0,22.2156695156695,0,0,7797.7,355,0,0,0,0
"8682",2024-03-31,5,30,7497.7,350,0,0,22.2156695156695,0,0,7797.7,355,0,0,0,0
"8683",2024-03-31,5,35,7797.7,351,0,0,22.2156695156695,0,0,7797.7,355,0,0,0,0
"8684",2024-03-31,5,40,7797.7,351,0,0,22.2156695156695,0,0,7797.7,355,0,0,0,0
"8685",2024-03-31,5,45,7677.7,351,0,0,22.2156695156695,0,0,7797.7,355,0,0,0,0
"8686",2024-03-31,5,50,7617.7,350,0,0,22.2156695156695,0,0,7797.7,355,0,0,0,0
"8687",2024-03-31,5,55,7617.7,350,0,0,22.2156695156695,0,0,7797.7,355,0,0,0,0
"8688",2024-03-31,6,0,7737.7,350,0,0,22.5458923512748,0,0,7958.7,356,0,0,0,0
"8689",2024-03-31,6,5,7898.7,352,0,0,22.5458923512748,0,0,7958.7,356,0,0,0,0
"8690",2024-03-31,6,10,7876.7,351,0,0,22.5458923512748,0,0,7958.7,356,0,0,0,0
"8691",2024-03-31,6,15,7854.7,350,0,0,22.5458923512748,0,0,7958.7,356,0,0,0,0
"8692",2024-03-31,6,20,7876.7,351,0,0,22.5458923512748,0,0,7958.7,356,0,0,0,0
"8693",2024-03-31,6,25,7958.7,353,0,0,22.5458923512748,0,0,7958.7,356,0,0,0,0
"8694",2024-03-31,6,30,7658.7,352,0,0,22.5458923512748,0,0,7958.7,356,0,0,0,0
"8695",2024-03-31,6,35,7874.7,356,0,0,22.5458923512748,0,0,7958.7,356,0,0,0,0
"8696",2024-03-31,6,40,7552.7,354,0,0,22.5458923512748,0,0,7958.7,356,0,0,0,0
"8697",2024-03-31,6,45,7552.7,354,0,0,22.5458923512748,0,0,7958.7,356,0,0,0,0
"8698",2024-03-31,6,50,7552.7,354,0,0,22.5458923512748,0,0,7958.7,356,0,0,0,0
"8699",2024-03-31,6,55,7552.7,354,0,0,22.5458923512748,0,0,7958.7,356,0,0,0,0
"8700",2024-03-31,7,0,7552.7,354,0,0,21.3353107344633,0,0,7552.7,354,0,0,0,0
"8701",2024-03-31,7,5,7424.7,354,0,0,21.3353107344633,0,0,7552.7,354,0,0,0,0
"8702",2024-03-31,7,10,7402.7,353,0,0,21.3353107344633,0,0,7552.7,354,0,0,0,0
"8703",2024-03-31,7,15,7424.7,354,0,0,21.3353107344633,0,0,7552.7,354,0,0,0,0
"8704",2024-03-31,7,20,7424.7,354,0,0,21.3353107344633,0,0,7552.7,354,0,0,0,0
"8705",2024-03-31,7,25,7424.7,354,0,0,21.3353107344633,0,0,7552.7,354,0,0,0,0
"8706",2024-03-31,7,30,7424.7,354,0,0,21.3353107344633,0,0,7552.7,354,0,0,0,0
"8707",2024-03-31,7,35,7342.7,352,0,0,21.3353107344633,0,0,7552.7,354,0,0,0,0
"8708",2024-03-31,7,40,7364.7,353,0,0,21.3353107344633,0,0,7552.7,354,0,0,0,0
"8709",2024-03-31,7,45,7364.7,353,0,0,21.3353107344633,0,0,7552.7,354,0,0,0,0
"8710",2024-03-31,7,50,7364.7,353,0,0,21.3353107344633,0,0,7552.7,354,0,0,0,0
"8711",2024-03-31,7,55,7364.7,353,0,0,21.3353107344633,0,0,7552.7,354,0,0,0,0
"8712",2024-03-31,8,0,7364.7,353,0,0,21.7158640226629,0,0,7665.7,353,0,0,0,0
"8713",2024-03-31,8,5,7471.7,351,0,0,21.7158640226629,0,0,7665.7,353,0,0,0,0
"8714",2024-03-31,8,10,7460.7,350,0,0,21.7158640226629,0,0,7665.7,353,0,0,0,0
"8715",2024-03-31,8,15,7460.7,350,0,0,21.7158640226629,0,0,7665.7,353,0,0,0,0
"8716",2024-03-31,8,20,7482.7,351,0,0,21.7158640226629,0,0,7665.7,353,0,0,0,0
"8717",2024-03-31,8,25,7482.7,351,0,0,21.7158640226629,0,0,7665.7,353,0,0,0,0
"8718",2024-03-31,8,30,7460.7,350,0,0,21.7158640226629,0,0,7665.7,353,0,0,0,0
"8719",2024-03-31,8,35,7343.7,351,0,0,21.7158640226629,0,0,7665.7,353,0,0,0,0
"8720",2024-03-31,8,40,7343.7,351,0,0,21.7158640226629,0,0,7665.7,353,0,0,0,0
"8721",2024-03-31,8,45,7665.7,353,0,0,21.7158640226629,0,0,7665.7,353,0,0,0,0
"8722",2024-03-31,8,50,7665.7,353,0,0,21.7158640226629,0,0,7665.7,353,0,0,0,0
"8723",2024-03-31,8,55,7665.7,353,0,0,21.7158640226629,0,0,7665.7,353,0,0,0,0
"8724",2024-03-31,9,0,7665.7,353,0,0,21.857507082153,0,0,7720.7,355,0,0,0,0
"8725",2024-03-31,9,5,7720.7,355,0,0,21.857507082153,0,0,7720.7,355,0,0,0,0
"8726",2024-03-31,9,10,7720.7,355,0,0,21.857507082153,0,0,7720.7,355,0,0,0,0
"8727",2024-03-31,9,15,7687.7,353,0,0,21.857507082153,0,0,7720.7,355,0,0,0,0
"8728",2024-03-31,9,20,7665.7,352,0,0,21.857507082153,0,0,7720.7,355,0,0,0,0
"8729",2024-03-31,9,25,7665.7,352,0,0,21.857507082153,0,0,7720.7,355,0,0,0,0
"8730",2024-03-31,9,30,7715.7,353,0,0,21.857507082153,0,0,7720.7,355,0,0,0,0
"8731",2024-03-31,9,35,7487.7,348,0,0,21.857507082153,0,0,7720.7,355,0,0,0,0
"8732",2024-03-31,9,40,7487.7,348,0,0,21.857507082153,0,0,7720.7,355,0,0,0,0
"8733",2024-03-31,9,45,7559.7,350,0,0,21.857507082153,0,0,7720.7,355,0,0,0,0
"8734",2024-03-31,9,50,7313.7,346,0,0,21.857507082153,0,0,7720.7,355,0,0,0,0
"8735",2024-03-31,9,55,7302.7,345,0,0,21.857507082153,0,0,7720.7,355,0,0,0,0
"8736",2024-03-31,10,0,7924.7,348,0,0,24.3558988764045,0,0,8670.7,357,0,0,0,0
"8737",2024-03-31,10,5,7785.7,345,0,0,24.3558988764045,0,0,8670.7,357,0,0,0,0
"8738",2024-03-31,10,10,7829.7,347,0,0,24.3558988764045,0,0,8670.7,357,0,0,0,0
"8739",2024-03-31,10,15,8162.7,350,0,0,24.3558988764045,0,0,8670.7,357,0,0,0,0
"8740",2024-03-31,10,20,8162.7,350,0,0,24.3558988764045,0,0,8670.7,357,0,0,0,0
"8741",2024-03-31,10,25,8184.7,351,0,0,24.3558988764045,0,0,8670.7,357,0,0,0,0
"8742",2024-03-31,10,30,8184.7,351,0,0,24.3558988764045,0,0,8670.7,357,0,0,0,0
"8743",2024-03-31,10,35,8609.7,356,0,0,24.3558988764045,0,0,8670.7,357,0,0,0,0
"8744",2024-03-31,10,40,8620.7,356,0,0,24.3558988764045,0,0,8670.7,357,0,0,0,0
"8745",2024-03-31,10,45,8576.7,353,0,0,24.3558988764045,0,0,8670.7,357,0,0,0,0
"8746",2024-03-31,10,50,8670.7,356,0,0,24.3558988764045,0,0,8670.7,357,0,0,0,0
"8747",2024-03-31,10,55,8403.7,357,0,0,24.3558988764045,0,0,8670.7,357,0,0,0,0
"8748",2024-03-31,11,55,10014.7,394,0,0,25.4180203045685,0,0,10014.7,394,0,0,0,0
"8749",2024-03-31,11,0,8403.7,357,0,0,25.4180203045685,0,0,10014.7,394,0,0,0,0
"8750",2024-03-31,11,5,9236.7,370,0,0,25.4180203045685,0,0,10014.7,394,0,0,0,0
"8751",2024-03-31,11,10,8947.7,369,0,0,25.4180203045685,0,0,10014.7,394,0,0,0,0
"8752",2024-03-31,11,15,8753.7,367,0,0,25.4180203045685,0,0,10014.7,394,0,0,0,0
"8753",2024-03-31,11,20,8589.7,364,0,0,25.4180203045685,0,0,10014.7,394,0,0,0,0
"8754",2024-03-31,11,25,8626.7,366,0,0,25.4180203045685,0,0,10014.7,394,0,0,0,0
"8755",2024-03-31,11,30,8520.7,367,0,0,25.4180203045685,0,0,10014.7,394,0,0,0,0
"8756",2024-03-31,11,35,8000.7,372,0,0,25.4180203045685,0,0,10014.7,394,0,0,0,0
"8757",2024-03-31,11,40,8377.7,377,0,0,25.4180203045685,0,0,10014.7,394,0,0,0,0
"8758",2024-03-31,11,45,9159.7,382,0,0,25.4180203045685,0,0,10014.7,394,0,0,0,0
"8759",2024-03-31,11,50,9536.7,388,0,0,25.4180203045685,0,0,10014.7,394,0,0,0,0
"8760",2024-03-31,12,0,10377.7,396,0,0,28.4725118483412,0,0,12015.4,438,0,0,0,0
"8761",2024-03-31,12,5,11416.7,411,0,0,28.4725118483412,0,0,12015.4,438,0,0,0,0
"8762",2024-03-31,12,10,11397.4,410,0,0,28.4725118483412,0,0,12015.4,438,0,0,0,0
"8763",2024-03-31,12,15,12015.4,422,0,0,28.4725118483412,0,0,12015.4,438,0,0,0,0
"8764",2024-03-31,12,20,11437.4,420,0,0,28.4725118483412,0,0,12015.4,438,0,0,0,0
"8765",2024-03-31,12,25,11919.4,424,0,0,28.4725118483412,0,0,12015.4,438,0,0,0,0
"8766",2024-03-31,12,30,11191.7,427,0,0,28.4725118483412,0,0,12015.4,438,0,0,0,0
"8767",2024-03-31,12,35,11310.7,432,0,0,28.4725118483412,0,0,12015.4,438,0,0,0,0
"8768",2024-03-31,12,40,11420.7,438,0,0,28.4725118483412,0,0,12015.4,438,0,0,0,0
"8769",2024-03-31,12,45,10980.7,436,0,0,28.4725118483412,0,0,12015.4,438,0,0,0,0
"8770",2024-03-31,12,50,11107.7,435,0,0,28.4725118483412,0,0,12015.4,438,0,0,0,0
"8771",2024-03-31,12,55,10801.7,436,0,0,28.4725118483412,0,0,12015.4,438,0,0,0,0
"8772",2024-03-31,13,0,10610.7,437,0,0,26.686974789916,0,0,12703,477,0,0,0,0
"8773",2024-03-31,13,5,10775.7,447,0,0,26.686974789916,0,0,12703,477,0,0,0,0
"8774",2024-03-31,13,10,10814.7,452,0,0,26.686974789916,0,0,12703,477,0,0,0,0
"8775",2024-03-31,13,15,10820.7,455,0,0,26.686974789916,0,0,12703,477,0,0,0,0
"8776",2024-03-31,13,20,10831.7,458,0,0,26.686974789916,0,0,12703,477,0,0,0,0
"8777",2024-03-31,13,25,10870.7,457,0,0,26.686974789916,0,0,12703,477,0,0,0,0
"8778",2024-03-31,13,30,10908.7,459,0,0,26.686974789916,0,0,12703,477,0,0,0,0
"8779",2024-03-31,13,35,11068.7,468,0,0,26.686974789916,0,0,12703,477,0,0,0,0
"8780",2024-03-31,13,40,12050.7,477,0,0,26.686974789916,0,0,12703,477,0,0,0,0
"8781",2024-03-31,13,45,12703,476,0,0,26.686974789916,0,0,12703,477,0,0,0,0
"8782",2024-03-31,13,50,12523,476,0,0,26.686974789916,0,0,12703,477,0,0,0,0
"8783",2024-03-31,13,55,11874,474,0,0,26.686974789916,0,0,12703,477,0,0,0,0
"8784",2024-03-31,14,0,11752,471,0,0,31.3016161616162,0,0,15494.3,503,0,0,0,0
"8785",2024-03-31,14,5,13260,484,0,0,31.3016161616162,0,0,15494.3,503,0,0,0,0
"8786",2024-03-31,14,10,14555,491,0,0,31.3016161616162,0,0,15494.3,503,0,0,0,0
"8787",2024-03-31,14,15,14863,492,0,0,31.3016161616162,0,0,15494.3,503,0,0,0,0
"8788",2024-03-31,14,20,14891.3,493,0,0,31.3016161616162,0,0,15494.3,503,0,0,0,0
"8789",2024-03-31,14,25,15494.3,495,0,0,31.3016161616162,0,0,15494.3,503,0,0,0,0
"8790",2024-03-31,14,30,15242.3,492,0,0,31.3016161616162,0,0,15494.3,503,0,0,0,0
"8791",2024-03-31,14,35,14908.3,503,0,0,31.3016161616162,0,0,15494.3,503,0,0,0,0
"8792",2024-03-31,14,40,14639.3,498,0,0,31.3016161616162,0,0,15494.3,503,0,0,0,0
"8793",2024-03-31,14,45,14295.3,494,0,0,31.3016161616162,0,0,15494.3,503,0,0,0,0
"8794",2024-03-31,14,50,13964.3,498,0,0,31.3016161616162,0,0,15494.3,503,0,0,0,0
"8795",2024-03-31,14,55,13392.3,494,0,0,31.3016161616162,0,0,15494.3,503,0,0,0,0
"8796",2024-03-31,15,0,13478.3,496,0,0,28.108,0,0,13478.3,501,0,0,0,0
"8797",2024-03-31,15,5,13474.3,490,0,0,28.108,0,0,13478.3,501,0,0,0,0
"8798",2024-03-31,15,10,13394.3,495,0,0,28.108,0,0,13478.3,501,0,0,0,0
"8799",2024-03-31,15,15,12688.3,476,0,0,28.108,0,0,13478.3,501,0,0,0,0
"8800",2024-03-31,15,20,11651.3,474,0,0,28.108,0,0,13478.3,501,0,0,0,0
"8801",2024-03-31,15,25,12623.3,473,0,0,28.108,0,0,13478.3,501,0,0,0,0
"8802",2024-03-31,15,30,13351.3,475,0,0,28.108,0,0,13478.3,501,0,0,0,0
"8803",2024-03-31,15,35,13282.3,490,0,0,28.108,0,0,13478.3,501,0,0,0,0
"8804",2024-03-31,15,40,12654.3,489,0,0,28.108,0,0,13478.3,501,0,0,0,0
"8805",2024-03-31,15,45,13326.3,492,0,0,28.108,0,0,13478.3,501,0,0,0,0
"8806",2024-03-31,15,50,13155.3,496,0,0,28.108,0,0,13478.3,501,0,0,0,0
"8807",2024-03-31,15,55,13092.3,501,0,0,28.108,0,0,13478.3,501,0,0,0,0
"8808",2024-03-31,16,0,13267.3,503,0,0,28.8599229287091,0,0,14978.3,522,0,0,0,0
"8809",2024-03-31,16,5,14484.3,522,0,0,28.8599229287091,0,0,14978.3,522,0,0,0,0
"8810",2024-03-31,16,10,14634.3,519,0,0,28.8599229287091,0,0,14978.3,522,0,0,0,0
"8811",2024-03-31,16,15,14978.3,519,0,0,28.8599229287091,0,0,14978.3,522,0,0,0,0
"8812",2024-03-31,16,20,13917.3,512,0,0,28.8599229287091,0,0,14978.3,522,0,0,0,0
"8813",2024-03-31,16,25,13791.3,508,0,0,28.8599229287091,0,0,14978.3,522,0,0,0,0
"8814",2024-03-31,16,30,14205.3,508,0,0,28.8599229287091,0,0,14978.3,522,0,0,0,0
"8815",2024-03-31,16,35,14079.3,511,0,0,28.8599229287091,0,0,14978.3,522,0,0,0,0
"8816",2024-03-31,16,40,13211.3,503,0,0,28.8599229287091,0,0,14978.3,522,0,0,0,0
"8817",2024-03-31,16,45,13241.3,502,0,0,28.8599229287091,0,0,14978.3,522,0,0,0,0
"8818",2024-03-31,16,50,14485.3,510,0,0,28.8599229287091,0,0,14978.3,522,0,0,0,0
"8819",2024-03-31,16,55,13460.3,469,0,0,28.8599229287091,0,0,14978.3,522,0,0,0,0
"8820",2024-03-31,17,0,14269.3,507,0,0,29.3535294117647,0,0,14970.3,510,0,0,0,0
"8821",2024-03-31,17,5,13351.3,499,0,0,29.3535294117647,0,0,14970.3,510,0,0,0,0
"8822",2024-03-31,17,10,13200.3,493,0,0,29.3535294117647,0,0,14970.3,510,0,0,0,0
"8823",2024-03-31,17,15,13169.3,492,0,0,29.3535294117647,0,0,14970.3,510,0,0,0,0
"8824",2024-03-31,17,20,13491.3,494,0,0,29.3535294117647,0,0,14970.3,510,0,0,0,0
"8825",2024-03-31,17,25,12897.3,490,0,0,29.3535294117647,0,0,14970.3,510,0,0,0,0
"8826",2024-03-31,17,30,13452.3,493,0,0,29.3535294117647,0,0,14970.3,510,0,0,0,0
"8827",2024-03-31,17,35,13405.3,498,0,0,29.3535294117647,0,0,14970.3,510,0,0,0,0
"8828",2024-03-31,17,40,12838.3,498,0,0,29.3535294117647,0,0,14970.3,510,0,0,0,0
"8829",2024-03-31,17,45,12970.3,503,0,0,29.3535294117647,0,0,14970.3,510,0,0,0,0
"8830",2024-03-31,17,50,14115.3,505,0,0,29.3535294117647,0,0,14970.3,510,0,0,0,0
"8831",2024-03-31,17,55,14970.3,510,0,0,29.3535294117647,0,0,14970.3,510,0,0,0,0
"8832",2024-03-31,18,0,15452.3,520,0,0,30.2399613899614,0,0,15664.3,520,0,0,0,0
"8833",2024-03-31,18,5,15531.3,515,0,0,30.2399613899614,0,0,15664.3,520,0,0,0,0
"8834",2024-03-31,18,10,15664.3,518,0,0,30.2399613899614,0,0,15664.3,520,0,0,0,0
"8835",2024-03-31,18,15,15134.3,519,0,0,30.2399613899614,0,0,15664.3,520,0,0,0,0
"8836",2024-03-31,18,20,14666.3,514,0,0,30.2399613899614,0,0,15664.3,520,0,0,0,0
"8837",2024-03-31,18,25,13813.3,506,0,0,30.2399613899614,0,0,15664.3,520,0,0,0,0
"8838",2024-03-31,18,30,14014.3,504,0,0,30.2399613899614,0,0,15664.3,520,0,0,0,0
"8839",2024-03-31,18,35,13369.3,493,0,0,30.2399613899614,0,0,15664.3,520,0,0,0,0
"8840",2024-03-31,18,40,13821.3,501,0,0,30.2399613899614,0,0,15664.3,520,0,0,0,0
"8841",2024-03-31,18,45,13917.3,502,0,0,30.2399613899614,0,0,15664.3,520,0,0,0,0
"8842",2024-03-31,18,50,13839.3,501,0,0,30.2399613899614,0,0,15664.3,520,0,0,0,0
"8843",2024-03-31,18,55,13644.3,496,0,0,30.2399613899614,0,0,15664.3,520,0,0,0,0
"8844",2024-03-31,19,0,13544.3,499,0,0,29.6555093555094,0,0,14264.3,499,0,0,0,0
"8845",2024-03-31,19,5,13353.3,482,0,0,29.6555093555094,0,0,14264.3,499,0,0,0,0
"8846",2024-03-31,19,10,14264.3,481,0,0,29.6555093555094,0,0,14264.3,499,0,0,0,0
"8847",2024-03-31,19,15,13925.3,480,0,0,29.6555093555094,0,0,14264.3,499,0,0,0,0
"8848",2024-03-31,19,20,13593.3,477,0,0,29.6555093555094,0,0,14264.3,499,0,0,0,0
"8849",2024-03-31,19,25,13969.3,485,0,0,29.6555093555094,0,0,14264.3,499,0,0,0,0
"8850",2024-03-31,19,30,13820.3,485,0,0,29.6555093555094,0,0,14264.3,499,0,0,0,0
"8851",2024-03-31,19,35,12680.3,484,0,0,29.6555093555094,0,0,14264.3,499,0,0,0,0
"8852",2024-03-31,19,40,13364.3,483,0,0,29.6555093555094,0,0,14264.3,499,0,0,0,0
"8853",2024-03-31,19,45,12817.3,482,0,0,29.6555093555094,0,0,14264.3,499,0,0,0,0
"8854",2024-03-31,19,50,12335.3,478,0,0,29.6555093555094,0,0,14264.3,499,0,0,0,0
"8855",2024-03-31,19,55,12194.3,477,0,0,29.6555093555094,0,0,14264.3,499,0,0,0,0
"8856",2024-03-31,20,0,12538.3,480,0,0,28.6224789915966,0,0,13624.3,489,0,0,0,0
"8857",2024-03-31,20,5,12603.3,480,0,0,28.6224789915966,0,0,13624.3,489,0,0,0,0
"8858",2024-03-31,20,10,12903.3,481,0,0,28.6224789915966,0,0,13624.3,489,0,0,0,0
"8859",2024-03-31,20,15,12495.3,481,0,0,28.6224789915966,0,0,13624.3,489,0,0,0,0
"8860",2024-03-31,20,20,13333.3,488,0,0,28.6224789915966,0,0,13624.3,489,0,0,0,0
"8861",2024-03-31,20,25,13464.3,489,0,0,28.6224789915966,0,0,13624.3,489,0,0,0,0
"8862",2024-03-31,20,30,12926.3,482,0,0,28.6224789915966,0,0,13624.3,489,0,0,0,0
"8863",2024-03-31,20,35,13222.3,479,0,0,28.6224789915966,0,0,13624.3,489,0,0,0,0
"8864",2024-03-31,20,40,13624.3,476,0,0,28.6224789915966,0,0,13624.3,489,0,0,0,0
"8865",2024-03-31,20,45,13208.3,471,0,0,28.6224789915966,0,0,13624.3,489,0,0,0,0
"8866",2024-03-31,20,50,13314,470,0,0,28.6224789915966,0,0,13624.3,489,0,0,0,0
"8867",2024-03-31,20,55,13156,471,0,0,28.6224789915966,0,0,13624.3,489,0,0,0,0
"8868",2024-03-31,21,0,12340,467,0,0,28.5407239819005,0,0,12615,467,0,0,0,0
"8869",2024-03-31,21,5,11660,444,0,0,28.5407239819005,0,0,12615,467,0,0,0,0
"8870",2024-03-31,21,10,12004,447,0,0,28.5407239819005,0,0,12615,467,0,0,0,0
"8871",2024-03-31,21,15,12580,447,0,0,28.5407239819005,0,0,12615,467,0,0,0,0
"8872",2024-03-31,21,20,12301,444,0,0,28.5407239819005,0,0,12615,467,0,0,0,0
"8873",2024-03-31,21,25,12615,442,0,0,28.5407239819005,0,0,12615,467,0,0,0,0
"8874",2024-03-31,21,30,12206,441,0,0,28.5407239819005,0,0,12615,467,0,0,0,0
"8875",2024-03-31,21,35,11599,440,0,0,28.5407239819005,0,0,12615,467,0,0,0,0
"8876",2024-03-31,21,40,11916,441,0,0,28.5407239819005,0,0,12615,467,0,0,0,0
"8877",2024-03-31,21,45,10633,434,0,0,28.5407239819005,0,0,12615,467,0,0,0,0
"8878",2024-03-31,21,50,10017,426,0,0,28.5407239819005,0,0,12615,467,0,0,0,0
"8879",2024-03-31,21,55,9917,424,0,0,28.5407239819005,0,0,12615,467,0,0,0,0
"8880",2024-03-31,22,0,10134,422,0,0,27.4716553287982,0,0,12115,441,0,0,0,0
"8881",2024-03-31,22,5,12115,441,0,0,27.4716553287982,0,0,12115,441,0,0,0,0
"8882",2024-03-31,22,10,11602,437,0,0,27.4716553287982,0,0,12115,441,0,0,0,0
"8883",2024-03-31,22,15,11600.7,436,0,0,27.4716553287982,0,0,12115,441,0,0,0,0
"8884",2024-03-31,22,20,11611.7,435,0,0,27.4716553287982,0,0,12115,441,0,0,0,0
"8885",2024-03-31,22,25,11561.7,434,0,0,27.4716553287982,0,0,12115,441,0,0,0,0
"8886",2024-03-31,22,30,11647.7,434,0,0,27.4716553287982,0,0,12115,441,0,0,0,0
"8887",2024-03-31,22,35,11332.7,417,0,0,27.4716553287982,0,0,12115,441,0,0,0,0
"8888",2024-03-31,22,40,10988.7,414,0,0,27.4716553287982,0,0,12115,441,0,0,0,0
"8889",2024-03-31,22,45,10944.7,411,0,0,27.4716553287982,0,0,12115,441,0,0,0,0
"8890",2024-03-31,22,50,10764.7,411,0,0,27.4716553287982,0,0,12115,441,0,0,0,0
"8891",2024-03-31,22,55,10736.7,411,0,0,27.4716553287982,0,0,12115,441,0,0,0,0
"8892",2024-03-31,23,35,9914,388,0,0,26.7745358090186,0,0,10714.7,410,0,0,0,0
"8893",2024-03-31,23,40,9892,387,0,0,26.7745358090186,0,0,10714.7,410,0,0,0,0
"8894",2024-03-31,23,45,9793,382,0,0,26.7745358090186,0,0,10714.7,410,0,0,0,0
"8895",2024-03-31,23,50,9710,379,0,0,26.7745358090186,0,0,10714.7,410,0,0,0,0
"8896",2024-03-31,23,55,10094,377,0,0,26.7745358090186,0,0,10714.7,410,0,0,0,0
"8897",2024-03-31,23,0,10714.7,410,0,0,26.7745358090186,0,0,10714.7,410,0,0,0,0
"8898",2024-03-31,23,5,9638,397,0,0,26.7745358090186,0,0,10714.7,410,0,0,0,0
"8899",2024-03-31,23,10,10494,398,0,0,26.7745358090186,0,0,10714.7,410,0,0,0,0
"8900",2024-03-31,23,15,10188,394,0,0,26.7745358090186,0,0,10714.7,410,0,0,0,0
"8901",2024-03-31,23,20,10358,396,0,0,26.7745358090186,0,0,10714.7,410,0,0,0,0
"8902",2024-03-31,23,25,10194,393,0,0,26.7745358090186,0,0,10714.7,410,0,0,0,0
"8903",2024-03-31,23,30,10183,393,0,0,26.7745358090186,0,0,10714.7,410,0,0,0,0
